time,Fx,Fy,Fz,Mx,My,Mz
0.000000,0.409744175,0.012576295,3.687543918,0.055632764,0.562517469,-0.000818855
0.001000,0.338310461,0.020729669,3.698839991,0.062122536,0.556012817,-0.005060165
0.002000,0.318775640,-0.112838153,3.601719500,0.069466558,0.553936942,-0.005777395
0.003000,0.383932857,-0.162122285,3.471334333,0.072935668,0.553418627,-0.004806139
0.004000,0.432679744,-0.123537699,3.430706032,0.070008470,0.552765290,-0.008687474
0.005000,0.436453238,-0.023408695,3.551749287,0.057705268,0.546284776,-0.011359102
0.006000,0.421805075,-0.024180898,3.699349374,0.050986396,0.543440583,-0.014562001
0.007000,0.328026522,-0.052404673,3.736376964,0.059248847,0.546203975,-0.023631112
0.008000,0.296175534,-0.227726397,3.625719240,0.070374710,0.546340554,-0.027418555
0.009000,0.368509312,-0.291183037,3.480765560,0.079431624,0.545906270,-0.029485932
0.010000,0.409623009,-0.147303149,3.523773607,0.082103840,0.545420898,-0.032790200
0.011000,0.377654463,-0.111913393,3.468461655,0.080289935,0.546945437,-0.038656474
0.012000,0.356898737,-0.165199590,3.522984439,0.070167437,0.545981040,-0.040963665
0.013000,0.350576844,-0.176465764,3.500026424,0.062412210,0.547411657,-0.042089169
0.014000,0.332358007,-0.173709346,3.528158725,0.060747498,0.544133751,-0.041553663
0.015000,0.328286738,-0.151859894,3.479973115,0.062042214,0.543549088,-0.039884206
0.016000,0.307584904,-0.175464656,3.488912058,0.069709336,0.545426314,-0.041648083
0.017000,0.361316496,-0.215171757,3.487874334,0.070521018,0.548049343,-0.042289937
0.018000,0.409699212,-0.290857272,3.352977484,0.066203238,0.554370636,-0.041312251
0.019000,0.451312256,-0.228104232,3.397747145,0.063591611,0.554200573,-0.041253051
0.020000,0.428572790,-0.179031668,3.525760767,0.059441246,0.552042445,-0.042715829
0.021000,0.347621911,-0.106007266,3.454656834,0.062634697,0.551431094,-0.044399819
0.022000,0.331945040,-0.106172639,3.424630112,0.067932450,0.552988982,-0.045530313
0.023000,0.386027183,-0.145744375,3.294012101,0.065818492,0.555358824,-0.043582111
0.024000,0.424147098,-0.027331440,3.159784445,0.063091222,0.557870528,-0.044553974
0.025000,0.457529327,0.069232986,3.169902088,0.063911901,0.558564946,-0.045690147
0.026000,0.454912515,0.039850426,3.209700829,0.065193636,0.562616258,-0.050199497
0.027000,0.486670400,-0.028929792,3.252321617,0.063966253,0.562729049,-0.052559882
0.028000,0.464598286,-0.108902900,3.152840072,0.064672867,0.564442761,-0.057413183
0.029000,0.560530917,-0.158113078,3.140326734,0.058761830,0.561502357,-0.056384338
0.030000,0.604421268,-0.098973153,3.124834909,0.047631276,0.563142493,-0.056703251
0.031000,0.599027074,0.050506810,3.199867480,0.047621701,0.562130184,-0.058396741
0.032000,0.611803740,0.067373069,3.119373965,0.043991347,0.564237030,-0.058795292
0.033000,0.660146567,0.053526650,2.987900619,0.043292607,0.564137163,-0.053836302
0.034000,0.613596554,0.041619761,2.881218705,0.052298767,0.564247506,-0.056567274
0.035000,0.614657078,-0.086946563,2.895273266,0.058151423,0.561819699,-0.056946452
0.036000,0.675707059,-0.241035780,2.899190555,0.056333173,0.564146842,-0.056393527
0.037000,0.754002435,-0.135395829,2.945810523,0.052773493,0.564723352,-0.057724197
0.038000,0.766571785,-0.038003304,2.997040842,0.047461317,0.563028845,-0.061242176
0.039000,0.779096118,-0.018934497,3.006471455,0.039569848,0.558584624,-0.059906025
0.040000,0.709492823,0.042473955,2.908713644,0.037355589,0.556659583,-0.058853349
0.041000,0.641982230,0.071932093,2.867496518,0.048481143,0.554612951,-0.058441749
0.042000,0.653196768,0.060390142,2.838654836,0.053894942,0.554195888,-0.056152410
0.043000,0.690755469,0.029823407,2.801702975,0.057726241,0.552340136,-0.049848125
0.044000,0.637693168,0.088622184,2.819855248,0.058974238,0.547753798,-0.048535168
0.045000,0.605485932,-0.022937719,2.893057855,0.053295269,0.542645419,-0.048547485
0.046000,0.614391726,-0.117491664,2.892388404,0.041577849,0.540249353,-0.045984796
0.047000,0.630328445,-0.044523885,2.838916278,0.037359815,0.540817144,-0.044082816
0.048000,0.549360358,0.054512285,2.861431238,0.035629670,0.536761832,-0.044698298
0.049000,0.516792461,0.073053500,2.797398373,0.035104666,0.531709209,-0.039677827
0.050000,0.473448672,0.094326761,2.676730959,0.038547132,0.528325288,-0.034505482
0.051000,0.431818002,0.093850052,2.656922543,0.049233522,0.523618547,-0.031124430
0.052000,0.422217043,0.000640370,2.691462540,0.049455193,0.519209909,-0.027418334
0.053000,0.433270566,-0.050554630,2.704156574,0.047489257,0.516872669,-0.021791872
0.054000,0.357261931,-0.014944848,2.801695468,0.049638657,0.512265268,-0.022990183
0.055000,0.351074511,-0.084846462,2.895459361,0.045392540,0.508428749,-0.021613358
0.056000,0.388287673,-0.086124077,2.750508718,0.039295634,0.508595625,-0.018853144
0.057000,0.430988773,0.070911641,2.684846129,0.037163889,0.504950598,-0.016294306
0.058000,0.387605132,0.063147807,2.657471189,0.040415299,0.501089802,-0.015794734
0.059000,0.369101853,0.046702657,2.626636253,0.043591177,0.496107722,-0.011459152
0.060000,0.299093406,0.041988092,2.582016183,0.052647232,0.492769220,-0.008620402
0.061000,0.259337166,-0.046632035,2.596079829,0.058544461,0.485826962,-0.003338658
0.062000,0.301663161,-0.119890458,2.689590181,0.052907702,0.483017977,0.003038367
0.063000,0.365012665,-0.010845912,2.633829102,0.047352068,0.480439628,0.008195955
0.064000,0.365960436,-0.009558087,2.731683595,0.044512806,0.477177195,0.008639757
0.065000,0.381180913,-0.083659035,2.668799198,0.042386731,0.474534437,0.011411749
0.066000,0.380241843,-0.043375649,2.568351441,0.042181849,0.472029523,0.013254390
0.067000,0.384306660,0.024667270,2.504357187,0.046868500,0.466498426,0.017052779
0.068000,0.387257242,-0.029852759,2.611575753,0.047560647,0.459598783,0.021743637
0.069000,0.382085556,-0.003374590,2.548661022,0.045208840,0.458427161,0.025506219
0.070000,0.402504512,0.016284288,2.532101640,0.046092008,0.452352239,0.029987859
0.071000,0.405652953,-0.029587908,2.535886478,0.050496874,0.450839637,0.034198407
0.072000,0.381160704,-0.037252721,2.524356063,0.048366502,0.445312292,0.036132792
0.073000,0.402934054,-0.027244011,2.466590398,0.051556617,0.442513196,0.039592602
0.074000,0.430695323,-0.068075306,2.615237202,0.052737331,0.436802398,0.039940225
0.075000,0.411261417,-0.103646697,2.535066006,0.050978208,0.434758868,0.042098329
0.076000,0.427721766,-0.062781413,2.451953743,0.044675628,0.432886453,0.044753348
0.077000,0.431164673,-0.015944543,2.354292065,0.046236868,0.432134594,0.047261050
0.078000,0.373947715,-0.064383002,2.416261209,0.042525944,0.424701181,0.047818372
0.079000,0.341666935,-0.060929279,2.372093291,0.046484226,0.417730615,0.051830481
0.080000,0.318041421,-0.121001299,2.425263669,0.055408841,0.412922503,0.051719674
0.081000,0.312764961,-0.215819787,2.434520935,0.053701584,0.406855444,0.054198238
0.082000,0.328754105,-0.189046492,2.422452791,0.045273685,0.404140394,0.057186946
0.083000,0.336557442,-0.065550347,2.368558449,0.041098100,0.400238194,0.058935213
0.084000,0.305184686,-0.044846328,2.414785045,0.040033311,0.396452739,0.055319772
0.085000,0.245316115,-0.163940058,2.321792168,0.044797315,0.393274034,0.054366599
0.086000,0.173951219,-0.229777860,2.191657912,0.058080293,0.389598074,0.050834445
0.087000,0.194260805,-0.332778125,2.252996251,0.064810549,0.382841570,0.051528701
0.088000,0.221739551,-0.335929926,2.335600580,0.056791725,0.378178566,0.052381234
0.089000,0.205072865,-0.158736810,2.429775706,0.044817853,0.374515798,0.052416073
0.090000,0.190143289,-0.038079339,2.430191302,0.034018094,0.371163305,0.051111881
0.091000,0.138271163,-0.052206091,2.425696638,0.032192768,0.366144427,0.048776373
0.092000,0.065280363,-0.212637244,2.231954881,0.039586861,0.360874745,0.046438326
0.093000,0.055607715,-0.212077601,2.156875017,0.047136881,0.356138964,0.048991309
0.094000,0.063653314,-0.143400788,2.021811975,0.051911570,0.355700489,0.049059895
0.095000,0.067763317,-0.096310830,2.068094230,0.051999090,0.353459572,0.047027926
0.096000,0.059921845,-0.171188755,2.139295825,0.047932205,0.351600854,0.043054343
0.097000,0.023420981,-0.238619854,2.161615339,0.043941752,0.346777395,0.039771698
0.098000,0.022162830,-0.325289671,2.127802112,0.044478461,0.342864530,0.036175310
0.099000,0.051734494,-0.308471396,2.118335977,0.041693728,0.339055062,0.035894450
0.100000,0.061089865,-0.213144821,2.143741729,0.039782476,0.337942792,0.033308470
0.101000,0.084704376,-0.167420091,2.108340494,0.031382170,0.336990108,0.030676081
0.102000,0.085666737,-0.135964498,1.985349610,0.023806921,0.336211280,0.027058661
0.103000,0.105192254,-0.165495284,1.978575282,0.021373741,0.331566271,0.024984753
0.104000,0.106317265,-0.213312264,2.014340881,0.017010958,0.325842944,0.023177858
0.105000,0.088396557,-0.241014131,1.974600023,0.018144359,0.321949604,0.023082237
0.106000,0.060989649,-0.126220237,1.945307736,0.019739348,0.319949986,0.020096588
0.107000,0.082286874,-0.165398202,1.903094292,0.018825367,0.320212801,0.016284341
0.108000,0.118136748,-0.209864645,1.875247502,0.012244293,0.319402554,0.012088806
0.109000,0.158741431,-0.185917535,1.826458887,0.006561354,0.319978315,0.007121712
0.110000,0.195430032,-0.133178139,1.906448770,-0.002540382,0.315866203,0.001700924
0.111000,0.238644721,-0.073787537,1.914779458,-0.009503796,0.312881294,-0.003075075
0.112000,0.232967923,0.036509983,1.879520784,-0.014797541,0.308981864,-0.006506934
0.113000,0.199097171,0.073830868,1.770206719,-0.014925844,0.307311924,-0.008105393
0.114000,0.162280540,0.012275891,1.665874268,-0.013764810,0.303471673,-0.009108729
0.115000,0.193855325,-0.009673737,1.590118472,-0.012842041,0.301340166,-0.007275716
0.116000,0.214857354,-0.018114939,1.576322185,-0.015394523,0.301681665,-0.009715928
0.117000,0.209416439,-0.023146617,1.652628796,-0.019630009,0.297692783,-0.013773170
0.118000,0.213770402,-0.086161803,1.667197180,-0.026507644,0.294906636,-0.017973357
0.119000,0.222864579,-0.034000818,1.669869363,-0.036385551,0.291525775,-0.022803369
0.120000,0.220570374,0.016629308,1.625397908,-0.040868588,0.292081679,-0.027965018
0.121000,0.244204126,0.039772343,1.560609484,-0.046700185,0.287870107,-0.028597559
0.122000,0.242964074,0.084732508,1.521043017,-0.051763741,0.287247947,-0.029644060
0.123000,0.233150748,0.153567220,1.465628975,-0.049747410,0.282307402,-0.029540959
0.124000,0.210692080,0.127598660,1.500285262,-0.046219295,0.277334205,-0.029739075
0.125000,0.203524845,0.073928361,1.421469272,-0.044543395,0.272866866,-0.025943945
0.126000,0.178213310,0.057392133,1.291400221,-0.039384918,0.272298706,-0.027515767
0.127000,0.205685596,0.039440267,1.283239156,-0.035245179,0.268029064,-0.027868492
0.128000,0.253034728,0.044670890,1.239037362,-0.034085672,0.266975921,-0.027990391
0.129000,0.274624047,0.104765680,1.255927963,-0.032860029,0.264234716,-0.027205620
0.130000,0.269487620,0.144043711,1.251465601,-0.028427211,0.259607679,-0.027533618
0.131000,0.260658171,0.152672524,1.186966565,-0.024497704,0.257524691,-0.026845912
0.132000,0.255882500,0.089155433,1.166576727,-0.021350667,0.251642788,-0.024237759
0.133000,0.257771736,0.007949171,1.136973028,-0.021883339,0.245954889,-0.020332947
0.134000,0.254087073,-0.010568167,1.129653910,-0.025279245,0.239738636,-0.016868173
0.135000,0.283672517,0.022415365,1.114965917,-0.026342981,0.235698280,-0.013096227
0.136000,0.312064395,0.011265152,1.210521754,-0.028856774,0.228840097,-0.008620358
0.137000,0.291357612,0.018362182,1.151602808,-0.027146052,0.224673953,-0.003545567
0.138000,0.237432399,0.067093750,1.094005225,-0.022018047,0.220047863,0.000679907
0.139000,0.167902052,0.064264595,0.998171832,-0.018190447,0.214630155,0.006667245
0.140000,0.116952338,0.061020691,0.937479721,-0.020201469,0.210133062,0.010692835
0.141000,0.096901608,0.180505148,0.896231518,-0.023693990,0.206252782,0.013417239
0.142000,0.064633446,0.271998321,0.834788750,-0.024795242,0.203277146,0.012683902
0.143000,0.032867748,0.307780842,0.818645932,-0.023002280,0.197922268,0.011296018
0.144000,-0.000653950,0.280834769,0.733086592,-0.011523217,0.192764466,0.009609537
0.145000,-0.020698506,0.223318888,0.690874186,0.003141745,0.185875004,0.007219114
0.146000,-0.039393192,0.168651110,0.669196409,0.011716421,0.180244629,0.007153149
0.147000,-0.045473915,0.150318488,0.663539970,0.011075253,0.174486673,0.008299864
0.148000,-0.028672726,0.199995384,0.715144347,0.002786870,0.167853332,0.009599371
0.149000,-0.060002802,0.256255984,0.763850305,-0.004402639,0.160983238,0.008219335
0.150000,-0.093633286,0.225782703,0.775330086,-0.007244109,0.154081510,0.005324388
0.151000,-0.132532475,0.173605534,0.679161640,-0.001214226,0.147922916,0.003890397
0.152000,-0.152719252,0.096566214,0.533426023,0.012658507,0.143286838,0.001495591
0.153000,-0.122841164,-0.026386094,0.444252145,0.024660548,0.138704492,0.001590482
0.154000,-0.077825020,-0.092849619,0.364615277,0.030729588,0.137073626,0.002257013
0.155000,-0.019406364,-0.106954832,0.363736123,0.032680655,0.134099342,0.001445905
0.156000,0.010556903,-0.132935615,0.377963275,0.034749818,0.130786181,-0.000925920
0.157000,0.004042782,-0.161451322,0.381400102,0.040022585,0.124178387,-0.001470151
0.158000,-0.054266824,-0.160596427,0.263792240,0.054028595,0.118913995,-0.004916635
0.159000,-0.060417795,-0.164651082,0.177575521,0.065765475,0.111647685,-0.006872492
0.160000,-0.064954970,-0.129333616,0.066058295,0.071468972,0.109155538,-0.009590103
0.161000,-0.023365383,-0.043851686,0.106617856,0.069074175,0.102809190,-0.011277365
0.162000,0.010849792,-0.001055564,0.137021270,0.064217727,0.099382197,-0.013138681
0.163000,0.032151548,0.017633885,0.220357951,0.059658730,0.094002248,-0.014353394
0.164000,0.000815052,0.033925099,0.217775373,0.062738146,0.087104984,-0.016353175
0.165000,-0.012329624,0.002889547,0.195490250,0.070046916,0.079226818,-0.016952112
0.166000,-0.029751260,-0.043088185,0.073513531,0.075887875,0.073509128,-0.017149484
0.167000,-0.009623795,-0.003476548,-0.003742182,0.081706401,0.068938516,-0.017464503
0.168000,0.022413947,0.013026892,-0.009922289,0.082381527,0.065071324,-0.020035509
0.169000,0.044030156,0.007404824,-0.009507290,0.077111620,0.061655083,-0.021961142
0.170000,0.021616909,0.008783743,-0.002911119,0.074726698,0.058122906,-0.024724184
0.171000,-0.017541566,-0.008022859,-0.039690593,0.076817818,0.054117461,-0.029568135
0.172000,-0.033489053,-0.023692991,-0.126386391,0.079840184,0.048336946,-0.031914278
0.173000,-0.008349795,-0.049159745,-0.202247264,0.088983879,0.044381929,-0.034316259
0.174000,0.024435350,-0.070358010,-0.235417636,0.095338806,0.040038111,-0.035603862
0.175000,0.064302003,-0.126401967,-0.295926134,0.097528232,0.037581406,-0.036084775
0.176000,0.040944695,-0.128158625,-0.337538388,0.101346620,0.033055026,-0.037320263
0.177000,-0.020095185,-0.220746643,-0.277724927,0.108703349,0.025856194,-0.039744270
0.178000,-0.057410301,-0.286601629,-0.272475051,0.110044497,0.016274457,-0.039238307
0.179000,-0.079417031,-0.306237594,-0.295552522,0.111655514,0.009973782,-0.038506045
0.180000,-0.073888022,-0.259116753,-0.268372001,0.110263933,0.004087132,-0.039628980
0.181000,-0.042712592,-0.202417169,-0.272208319,0.106871504,0.001138974,-0.038841987
0.182000,-0.070229324,-0.141346193,-0.283612214,0.100585508,-0.002539769,-0.039308700
0.183000,-0.079745206,-0.109071441,-0.309336561,0.096437044,-0.008182508,-0.038846036
0.184000,-0.132507862,-0.079971724,-0.388391261,0.092079599,-0.014751562,-0.037002764
0.185000,-0.170264755,-0.060585495,-0.383596367,0.090834258,-0.021123664,-0.035209133
0.186000,-0.187597937,-0.047187558,-0.374718141,0.091257046,-0.025132526,-0.033424255
0.187000,-0.211786667,-0.032408505,-0.442423630,0.093076111,-0.026547041,-0.030308854
0.188000,-0.227819531,-0.014338770,-0.545811365,0.095640157,-0.028162108,-0.028886248
0.189000,-0.248187149,-0.011124467,-0.669648576,0.098558283,-0.031067455,-0.027517264
0.190000,-0.257533526,-0.042691078,-0.746912823,0.099085837,-0.035258928,-0.026745852
0.191000,-0.204950371,0.030810731,-0.669025596,0.096254763,-0.040642899,-0.024041379
0.192000,-0.183364845,0.053299671,-0.600258959,0.096260321,-0.042478150,-0.022889283
0.193000,-0.135477621,0.100217388,-0.585632751,0.095003613,-0.045027320,-0.020630616
0.194000,-0.118538531,0.122281232,-0.662883356,0.096470776,-0.047558835,-0.018450132
0.195000,-0.119103013,0.084473281,-0.770747589,0.099499582,-0.051321086,-0.014728247
0.196000,-0.098813097,0.026785645,-0.848351682,0.109787041,-0.055147327,-0.011159753
0.197000,-0.066684026,-0.112597200,-0.829263472,0.118403233,-0.059856363,-0.007963763
0.198000,0.002206684,-0.305972426,-0.763268203,0.117234686,-0.063402959,-0.003000401
0.199000,0.086349848,-0.306943746,-0.689636838,0.109926010,-0.064652143,0.000655532
0.200000,0.148221885,-0.148095979,-0.680680544,0.097147154,-0.063299846,0.002606641
0.201000,0.185399047,-0.029495554,-0.727681752,0.084685298,-0.061878733,0.003268810
0.202000,0.172280351,-0.044157538,-0.846400568,0.080764359,-0.060806086,0.003639611
0.203000,0.164025330,-0.056633252,-0.976630822,0.085653804,-0.064054968,0.004539448
0.204000,0.144454529,-0.010185384,-1.132772778,0.090314199,-0.068660088,0.008714035
0.205000,0.132325820,0.022977454,-1.085763059,0.095024641,-0.074042063,0.012541923
0.206000,0.130580115,0.019504983,-0.926978635,0.087988250,-0.079897525,0.016323745
0.207000,0.153426726,0.030943879,-0.817317869,0.073685767,-0.080429508,0.021746858
0.208000,0.143893212,0.126505784,-0.800519215,0.059718609,-0.081225698,0.025790285
0.209000,0.134894990,0.250845824,-0.845213624,0.053608220,-0.083093978,0.026751022
0.210000,0.117858015,0.369610919,-1.088735424,0.053972293,-0.083242431,0.028592059
0.211000,0.122986205,0.424738877,-1.262110976,0.063330963,-0.085010503,0.031030498
0.212000,0.084517122,0.374517803,-1.189471273,0.073031146,-0.090974753,0.032483944
0.213000,0.066169584,0.250953776,-1.076271614,0.076175334,-0.094147521,0.032805932
0.214000,0.029922530,0.077922326,-0.849723873,0.064726842,-0.098159482,0.032755500
0.215000,0.036843777,0.015789113,-0.745254463,0.046940947,-0.100826820,0.036194599
0.216000,0.019592656,0.120622294,-0.928819805,0.028058116,-0.097572456,0.036390508
0.217000,0.012485883,0.188999684,-1.218251540,0.024719917,-0.095150282,0.033038315
0.218000,0.002834432,0.082796019,-1.359277246,0.031359505,-0.095991948,0.030460541
0.219000,-0.026375163,-0.069913359,-1.356802341,0.042506154,-0.101094052,0.028852829
0.220000,-0.047070960,-0.152842150,-1.177645986,0.053604460,-0.107943096,0.026926944
0.221000,-0.002662746,-0.229396381,-0.995836776,0.043502194,-0.113567595,0.034394537
0.222000,0.036364463,-0.047530726,-1.057620429,0.024903273,-0.111151589,0.038694884
0.223000,0.049266095,0.196382746,-1.093933332,0.008639930,-0.107031611,0.038926434
0.224000,0.000319455,0.173694431,-1.152395888,0.004607577,-0.103767487,0.037444645
0.225000,-0.081684346,0.065796709,-1.279029716,0.020767245,-0.110072423,0.035041367
0.226000,-0.129628090,-0.038868293,-1.365502692,0.045115423,-0.118103892,0.034119193
0.227000,-0.077946820,-0.061214936,-1.313686757,0.055421794,-0.122228142,0.039552213
0.228000,-0.052344235,0.060744920,-1.207979928,0.044630112,-0.119399155,0.042511101
0.229000,-0.036555765,0.228233264,-1.116289917,0.020823508,-0.117936415,0.044545680
0.230000,-0.069010036,0.327763824,-1.138605874,-0.000001542,-0.117388592,0.044186593
0.231000,-0.112982330,0.247865165,-1.310934652,-0.000637839,-0.119494042,0.040429202
0.232000,-0.141786555,0.015489181,-1.300474157,0.013114494,-0.123767931,0.039609990
0.233000,-0.083880118,-0.053863763,-1.229454815,0.013138178,-0.125334516,0.042053733
0.234000,-0.082869847,0.124564903,-1.270877954,0.013184617,-0.122369930,0.042736373
0.235000,-0.010231384,0.223965053,-1.235852663,0.009177740,-0.124138154,0.043451249
0.236000,0.056850315,0.211715000,-1.206217891,-0.016987381,-0.124880792,0.046689954
0.237000,0.080177008,0.179578991,-1.348525354,-0.024572471,-0.120834452,0.045837848
0.238000,0.050335328,-0.002455230,-1.364910226,-0.010500216,-0.122900960,0.042000225
0.239000,0.039209974,-0.241447158,-1.337116658,0.006772192,-0.125813127,0.041442416
0.240000,0.059188301,-0.267843067,-1.431132520,0.019903029,-0.123808596,0.044547721
0.241000,0.138849057,-0.075626907,-1.509926833,0.022207164,-0.119875933,0.045853943
0.242000,0.219349313,0.115637735,-1.371301232,0.006322960,-0.121588438,0.046192795
0.243000,0.244196159,0.157030682,-1.355080641,-0.006959494,-0.121607992,0.045014578
0.244000,0.177854782,0.105386486,-1.402443985,-0.000915799,-0.119842015,0.040235270
0.245000,0.106168701,-0.166494004,-1.345571518,0.025142805,-0.120903688,0.034786751
0.246000,0.102667023,-0.492497704,-1.361362999,0.041497802,-0.128469742,0.033787635
0.247000,0.211495410,-0.444482028,-1.433238509,0.038032094,-0.129821785,0.035007872
0.248000,0.332521948,-0.099302807,-1.268905493,0.018644194,-0.124912946,0.033720617
0.249000,0.357020676,0.184097402,-1.142250478,-0.004246089,-0.119051489,0.031492137
0.250000,0.249839197,0.175040720,-1.286111068,-0.005354947,-0.116632922,0.029311523
0.251000,0.087036987,-0.067407881,-1.502668140,0.021518372,-0.122780591,0.025468109
0.252000,0.017596431,-0.385395595,-1.567318702,0.044838742,-0.133778998,0.025099339
0.253000,0.053233663,-0.539555175,-1.527031744,0.047004100,-0.139594802,0.028149618
0.254000,0.191884675,-0.297880086,-1.364976279,0.031075575,-0.136904937,0.028783598
0.255000,0.293707072,0.078689739,-0.993201836,-0.009997086,-0.128456034,0.024956121
0.256000,0.193793530,0.267141984,-0.978863852,-0.031587521,-0.122071681,0.019235321
0.257000,0.018517044,0.163719792,-1.371834788,-0.012207340,-0.123519134,0.013164606
0.258000,-0.159300032,-0.128635276,-1.786237556,0.037093990,-0.133930175,0.009291346
0.259000,-0.203378977,-0.404651302,-1.917968467,0.069322196,-0.142934765,0.010866229
0.260000,-0.112540687,-0.406450857,-1.842501112,0.066521899,-0.143344612,0.012156494
0.261000,0.076382668,-0.084475082,-1.399319215,0.032201338,-0.139237428,0.009695353
0.262000,0.134234106,0.182534613,-1.090884747,-0.015521200,-0.135839734,0.003744800
0.263000,0.011305937,0.229089084,-1.121932695,-0.028924508,-0.132629210,-0.001819870
0.264000,-0.159366520,0.110760010,-1.424102458,-0.001951339,-0.131157604,-0.006642257
0.265000,-0.283287096,-0.184780717,-1.649799165,0.038911725,-0.136737607,-0.007971544
0.266000,-0.253558931,-0.428130900,-1.862780032,0.062130719,-0.141892846,-0.004264924
0.267000,-0.132270015,-0.291630474,-1.885560667,0.058287102,-0.143598090,-0.002723602
0.268000,0.020881935,-0.048722602,-1.556036050,0.027170282,-0.142112919,-0.004595452
0.269000,0.048240148,0.051938938,-1.215740936,-0.010465429,-0.137825814,-0.010722401
0.270000,-0.090123724,0.024044639,-1.238736334,-0.018621562,-0.138290905,-0.018554619
0.271000,-0.216559426,-0.108968946,-1.582978308,0.007223046,-0.144151744,-0.023590883
0.272000,-0.258953179,-0.236698525,-1.939025184,0.042927161,-0.148240271,-0.023895265
0.273000,-0.176329881,-0.228835045,-2.026666553,0.062258592,-0.149564243,-0.020401733
0.274000,-0.000336584,-0.062034478,-1.924312129,0.052242938,-0.143610752,-0.016803675
0.275000,0.109573308,0.121066765,-1.668964300,0.020297211,-0.138602932,-0.016623091
0.276000,0.094870536,0.159192834,-1.497729818,-0.007898286,-0.139901843,-0.020162887
0.277000,-0.034155231,0.099711647,-1.621292660,-0.008657464,-0.146403844,-0.025268992
0.278000,-0.133853586,0.008575004,-1.909107195,0.014067932,-0.154059293,-0.027372234
0.279000,-0.113440441,-0.079745024,-2.088120652,0.039452287,-0.155082130,-0.026107347
0.280000,0.008817200,-0.048390886,-2.082393251,0.046112236,-0.152302032,-0.022812331
0.281000,0.146252121,0.099555352,-1.959969055,0.031522232,-0.147116443,-0.019848302
0.282000,0.217172827,0.195595572,-1.809598204,0.012674714,-0.145517804,-0.020579252
0.283000,0.213021052,0.218890659,-1.682133959,-0.008542542,-0.147831354,-0.023261967
0.284000,0.119580896,0.228053809,-1.767348297,-0.014323797,-0.152959202,-0.026256168
0.285000,0.026404515,0.153848549,-2.072586660,0.005733791,-0.159301551,-0.028314778
0.286000,0.050021537,0.017718403,-2.228929524,0.027013179,-0.161091191,-0.027200420
0.287000,0.152180150,-0.024517546,-2.256158030,0.039327333,-0.159573785,-0.026124838
0.288000,0.251345091,-0.001637969,-2.094276685,0.034439350,-0.159131417,-0.026669883
0.289000,0.300778750,0.014585594,-1.929486727,0.013778968,-0.161174764,-0.026309690
0.290000,0.271545378,0.074785408,-1.920276707,-0.007202075,-0.166699574,-0.025341927
0.291000,0.186477842,0.133891119,-2.037612655,-0.011868297,-0.172394811,-0.025488051
0.292000,0.128964812,0.120652565,-2.153554870,-0.004985239,-0.177477661,-0.024333994
0.293000,0.139486298,0.078748897,-2.324218259,0.009103839,-0.177778095,-0.021224476
0.294000,0.183832955,0.071171780,-2.347429428,0.015123561,-0.177844580,-0.017803865
0.295000,0.238201511,0.067263797,-2.258531795,0.007771065,-0.178248174,-0.014850458
0.296000,0.252086894,0.123352139,-2.194009989,-0.010632360,-0.181803282,-0.013404622
0.297000,0.160327275,0.188375023,-2.173539201,-0.023679371,-0.188472935,-0.014669918
0.298000,0.084997073,0.187285575,-2.206016759,-0.024170260,-0.194470266,-0.015462374
0.299000,0.018952832,0.176091543,-2.344235044,-0.014421350,-0.198944486,-0.015597652
0.300000,0.032302019,0.147187116,-2.500603809,0.002930621,-0.200998880,-0.013769560
0.301000,0.067781267,0.084407521,-2.564105347,0.011548958,-0.202517279,-0.010956980
0.302000,0.109115164,0.058531110,-2.505853114,0.006672816,-0.206822643,-0.008638506
0.303000,0.108929102,0.054462778,-2.384005395,-0.006725418,-0.213024961,-0.007566219
0.304000,0.068788153,0.129463596,-2.329678671,-0.023523901,-0.216250160,-0.007103346
0.305000,0.004586461,0.189255562,-2.373690882,-0.032781522,-0.219967821,-0.009166466
0.306000,-0.019943093,0.105851584,-2.511121367,-0.030318567,-0.223212556,-0.010092294
0.307000,-0.027226506,-0.018359164,-2.657083170,-0.019712987,-0.225802934,-0.009914171
0.308000,0.022341571,-0.099119984,-2.706161633,-0.009522177,-0.229858389,-0.008629590
0.309000,0.072429641,-0.101734061,-2.644470567,-0.010858378,-0.234303357,-0.006396669
0.310000,0.124987528,0.000671386,-2.518876306,-0.020435580,-0.237692663,-0.004486989
0.311000,0.118101718,0.062320290,-2.388990293,-0.029314032,-0.242365382,-0.005350760
0.312000,0.086781447,0.042361951,-2.382607163,-0.030492179,-0.247987338,-0.005035123
0.313000,0.055872181,0.004567396,-2.530543735,-0.023995739,-0.252640002,-0.003516516
0.314000,0.038811210,0.011041704,-2.768576206,-0.010220790,-0.256057828,0.000242584
0.315000,0.066177623,0.008143834,-2.889007583,0.001269068,-0.258164496,0.002340725
0.316000,0.135639596,0.011727530,-2.805350568,-0.000708407,-0.259058155,0.005213437
0.317000,0.185176922,0.071859957,-2.649951943,-0.011173847,-0.260381055,0.005932226
0.318000,0.161981523,0.090970839,-2.542966060,-0.020878677,-0.265064107,0.004073030
0.319000,0.129221627,0.050745889,-2.600361118,-0.025558737,-0.271820840,0.003232608
0.320000,0.101058085,0.026472283,-2.731818861,-0.022315278,-0.276809509,0.003664114
0.321000,0.124149103,-0.014960584,-2.809492696,-0.014473507,-0.280597570,0.003188351
0.322000,0.193266848,-0.026540450,-2.830171405,-0.010400860,-0.283848905,0.004318463
0.323000,0.249309911,-0.012006422,-2.772545527,-0.011205641,-0.286661515,0.006889967
0.324000,0.271845975,-0.002760979,-2.626710138,-0.016422462,-0.294018030,0.007248618
0.325000,0.255760611,-0.027348488,-2.545120255,-0.021393238,-0.301569979,0.007962379
0.326000,0.258608490,-0.086605905,-2.558242223,-0.021197206,-0.306998516,0.007981524
0.327000,0.257822128,-0.139341046,-2.566288234,-0.017115274,-0.312163111,0.006725219
0.328000,0.280785190,-0.150970785,-2.670876706,-0.014601006,-0.313458206,0.008956067
0.329000,0.299634516,-0.101900919,-2.783797304,-0.012726054,-0.313107597,0.010024457
0.330000,0.319946199,-0.080620303,-2.794950451,-0.013256448,-0.314730295,0.011866254
0.331000,0.303598794,-0.099730033,-2.721989448,-0.018428943,-0.320086375,0.014321395
0.332000,0.285251296,-0.033919963,-2.786048336,-0.018844240,-0.323765674,0.014949791
0.333000,0.262630190,-0.066347667,-2.756170960,-0.016146394,-0.328808934,0.014644687
0.334000,0.260398041,-0.148317420,-2.769492303,-0.013326259,-0.332771916,0.015912091
0.335000,0.268003665,-0.102462137,-2.837029662,-0.012842769,-0.335125577,0.017161787
0.336000,0.290419218,-0.045579617,-2.824052638,-0.007788960,-0.337654941,0.016690801
0.337000,0.300863086,-0.062027311,-2.745415610,-0.004796186,-0.343421994,0.016419376
0.338000,0.313101817,-0.078610204,-2.760708756,-0.001947168,-0.347890029,0.018259627
0.339000,0.263849685,-0.088515200,-2.792850304,0.001605085,-0.353299451,0.017477054
0.340000,0.263222748,-0.129546017,-2.758072560,0.001096251,-0.358836729,0.016979450
0.341000,0.236960736,-0.143576876,-2.745557221,-0.005190312,-0.360836612,0.016179594
0.342000,0.204610454,-0.100344861,-2.773781025,-0.007086336,-0.361413855,0.013976403
0.343000,0.221846340,-0.062020752,-2.830767627,-0.007174712,-0.362574613,0.012882945
0.344000,0.246212196,-0.073980924,-2.924109489,-0.008498772,-0.363355201,0.012201471
0.345000,0.238684551,-0.072645848,-3.018480289,-0.010736491,-0.364107979,0.012590638
0.346000,0.223709757,-0.094405945,-3.064452176,-0.009828633,-0.367374431,0.009989559
0.347000,0.237463308,-0.144674579,-2.998908110,-0.013206638,-0.371034663,0.007538137
0.348000,0.269120977,-0.102361114,-2.976773245,-0.016652953,-0.372574046,0.009395413
0.349000,0.293945580,0.002193769,-3.048252066,-0.016514205,-0.372760802,0.010342113
0.350000,0.278142815,0.027057134,-3.039813740,-0.010588839,-0.376277794,0.009349417
0.351000,0.275274245,-0.012069583,-3.068694348,-0.001700174,-0.378970225,0.009674550
0.352000,0.263148978,-0.031514732,-3.115812496,0.009417611,-0.381687830,0.010620296
0.353000,0.270609826,-0.049221024,-3.089495061,0.015873933,-0.382654888,0.009689231
0.354000,0.319125417,-0.012942314,-3.084280302,0.010585778,-0.383262565,0.011048228
0.355000,0.348738867,0.072508397,-3.123322932,0.004237616,-0.380589356,0.009034304
0.356000,0.364209901,0.069212209,-3.036024240,0.000577576,-0.381476653,0.004599453
0.357000,0.343306262,0.002455146,-3.093902208,0.000020774,-0.380242581,0.001752828
0.358000,0.337746759,-0.025990279,-3.323443578,0.007955018,-0.379332904,0.000796200
0.359000,0.333364029,-0.091810923,-3.458253886,0.015203741,-0.380545638,-0.000192352
0.360000,0.381764016,-0.122282331,-3.439743044,0.012399512,-0.381411349,-0.000785370
0.361000,0.426858671,-0.071849355,-3.377137829,0.001836019,-0.383188072,-0.001883546
0.362000,0.445711573,0.000279513,-3.329190398,-0.003868879,-0.385203681,-0.003018000
0.363000,0.441561553,0.079908679,-3.309585788,-0.007887483,-0.385278023,-0.004789760
0.364000,0.427969432,0.103939110,-3.387915829,-0.004202409,-0.386319666,-0.008242542
0.365000,0.429606070,0.082495090,-3.507128232,0.005250378,-0.388077791,-0.009590982
0.366000,0.481928535,0.096140992,-3.469045827,0.013358330,-0.389536413,-0.007144759
0.367000,0.479861266,0.131872271,-3.411478774,0.017123297,-0.391121897,-0.007148002
0.368000,0.478351230,0.133358500,-3.360917712,0.014698661,-0.392783956,-0.006294518
0.369000,0.481109897,0.173705704,-3.317989525,0.008602717,-0.393034032,-0.005501135
0.370000,0.453168605,0.227845339,-3.362094959,0.008308546,-0.392059202,-0.007324083
0.371000,0.424726061,0.208229871,-3.397780901,0.008347868,-0.392041760,-0.009076670
0.372000,0.417182628,0.161275529,-3.493566866,0.013290019,-0.390589127,-0.010175294
0.373000,0.408447145,0.139273201,-3.615255183,0.016859681,-0.389103464,-0.011344791
0.374000,0.433235709,0.123944511,-3.704517479,0.016170629,-0.387136757,-0.013178299
0.375000,0.465699967,0.112316944,-3.607684138,0.010043960,-0.387660109,-0.016830648
0.376000,0.484393591,0.130218935,-3.551931757,0.004330263,-0.389648205,-0.020183137
0.377000,0.490366237,0.121465446,-3.534623496,0.003628336,-0.392696427,-0.022452913
0.378000,0.458040313,0.116475420,-3.479088975,0.014638481,-0.397627539,-0.023426326
0.379000,0.413860089,0.029167395,-3.602129298,0.028557945,-0.399145980,-0.024941447
0.380000,0.444030966,-0.081938377,-3.576859093,0.035652730,-0.402159065,-0.023458288
0.381000,0.514828543,-0.055211881,-3.512158349,0.037776808,-0.402893006,-0.021742754
0.382000,0.540913808,0.064234936,-3.407591071,0.030460223,-0.402265594,-0.021793058
0.383000,0.534721969,0.103675357,-3.391571054,0.018612100,-0.400558112,-0.023999763
0.384000,0.493677836,0.148239052,-3.414639779,0.017527084,-0.401945751,-0.025291893
0.385000,0.458122446,0.090568185,-3.515795378,0.024306655,-0.402217538,-0.026009279
0.386000,0.441778929,-0.037070842,-3.650710862,0.027701348,-0.403254551,-0.026479342
0.387000,0.441181932,-0.056877057,-3.699750545,0.026477064,-0.406914099,-0.023832217
0.388000,0.433449595,0.050189257,-3.707861970,0.023551630,-0.407039204,-0.022773688
0.389000,0.478523571,0.118492574,-3.593160672,0.012971540,-0.408019037,-0.024267284
0.390000,0.519577875,0.218530635,-3.480383983,0.006627492,-0.406736866,-0.025539688
0.391000,0.527618711,0.270174928,-3.452148730,0.013223908,-0.408832921,-0.029390903
0.392000,0.503300907,0.155625509,-3.532587198,0.026915589,-0.414555980,-0.029797775
0.393000,0.462030208,0.038840284,-3.574951318,0.041841185,-0.420660953,-0.029901202
0.394000,0.527259636,-0.000249602,-3.515837895,0.048950915,-0.426161679,-0.026857429
0.395000,0.598127066,-0.000266889,-3.333592237,0.042354511,-0.427883740,-0.022156713
0.396000,0.618736302,0.081468323,-3.268033908,0.031168597,-0.427425463,-0.020576006
0.397000,0.548048727,0.084325987,-3.252073725,0.022406960,-0.427808228,-0.020688948
0.398000,0.524937106,0.007931716,-3.404646884,0.016560159,-0.427548948,-0.018679180
0.399000,0.517907347,-0.014845228,-3.593682670,0.020655794,-0.428614502,-0.018266366
0.400000,0.519263630,-0.034237087,-3.703708886,0.028404911,-0.429116771,-0.019722010
0.401000,0.555637206,-0.036897162,-3.632247048,0.023669931,-0.432040887,-0.019117725
0.402000,0.595160448,0.047126156,-3.641302895,0.019169228,-0.429444575,-0.018592452
0.403000,0.623223339,0.078811780,-3.589187588,0.016640850,-0.428902781,-0.019756515
0.404000,0.647972847,-0.021586534,-3.576137608,0.016128938,-0.430409787,-0.021677874
0.405000,0.621870900,-0.067609410,-3.679023860,0.021618914,-0.434436633,-0.020342578
0.406000,0.615300006,-0.093666280,-3.632407619,0.038058154,-0.441734570,-0.019337359
0.407000,0.631699329,-0.057934581,-3.554555544,0.049141975,-0.447069039,-0.016420954
0.408000,0.648294539,-0.063114715,-3.525484692,0.049489444,-0.446193117,-0.012171189
0.409000,0.678384576,-0.059884848,-3.462679377,0.034478333,-0.445628994,-0.008038109
0.410000,0.671509480,0.018996142,-3.442978870,0.017371925,-0.450310749,-0.005695160
0.411000,0.637742011,0.147499084,-3.446366050,0.008680205,-0.455949689,-0.007720999
0.412000,0.598114935,0.134799740,-3.443953436,0.011572571,-0.457681512,-0.010893552
0.413000,0.587291517,0.019382150,-3.667861371,0.024349290,-0.455973565,-0.012961575
0.414000,0.573349455,-0.065969946,-3.853420666,0.037618780,-0.453862579,-0.013481796
0.415000,0.668194086,-0.165949140,-3.902067108,0.041462803,-0.453388813,-0.011785956
0.416000,0.692337069,-0.177453162,-3.818407630,0.036512838,-0.455962486,-0.009170042
0.417000,0.715373056,-0.120926840,-3.669866558,0.026499473,-0.460000660,-0.008135864
0.418000,0.727418419,-0.107396034,-3.497997186,0.014209240,-0.464651303,-0.007251763
0.419000,0.717129824,-0.024705774,-3.547889854,0.012181994,-0.464211464,-0.004517433
0.420000,0.681097872,0.034313650,-3.702079789,0.027033466,-0.463398246,-0.002823504
0.421000,0.660410796,-0.009186219,-3.755800663,0.033755160,-0.470741791,-0.001175933
0.422000,0.647705637,-0.058609817,-3.830888402,0.032423446,-0.473454518,0.003255438
0.423000,0.663785716,-0.032302671,-3.738935562,0.029829489,-0.477529731,0.002811978
0.424000,0.684560230,-0.009738060,-3.486453291,0.024570555,-0.481052776,0.002996978
0.425000,0.648776563,-0.034358100,-3.587252949,0.016743549,-0.481130000,0.004564249
0.426000,0.641651513,0.026291354,-3.798019154,0.025134590,-0.481539236,0.005251498
0.427000,0.593783486,-0.014753862,-3.846619518,0.033228734,-0.487941335,0.005150274
0.428000,0.602010337,-0.126076285,-3.922602558,0.037456907,-0.487989494,0.008618854
0.429000,0.621401183,-0.165575334,-3.856287934,0.033651210,-0.488478601,0.010819693
0.430000,0.668378741,-0.062645878,-3.743266167,0.020930586,-0.487828446,0.013574976
0.431000,0.645205233,0.129297070,-3.699029417,0.003400231,-0.486561398,0.013863258
0.432000,0.645108052,0.210561348,-3.765890508,-0.000898324,-0.488379718,0.011676042
0.433000,0.588858876,0.090600235,-3.823964853,0.008091897,-0.492952266,0.008444940
0.434000,0.573423330,-0.056462667,-3.871750461,0.022956830,-0.497309570,0.010482414
0.435000,0.598143563,-0.091376007,-3.930248416,0.033199808,-0.499729408,0.012493255
0.436000,0.641212198,-0.034088471,-3.799586918,0.035794726,-0.500660562,0.015267765
0.437000,0.635347462,-0.005970593,-3.706328078,0.026660310,-0.503097378,0.016309627
0.438000,0.658970414,0.071022347,-3.664972773,0.017812759,-0.503837058,0.018671363
0.439000,0.613293940,0.053763852,-3.779420753,0.013732496,-0.503719980,0.016504087
0.440000,0.581897010,0.075004501,-3.883277909,0.019811314,-0.504213078,0.013963775
0.441000,0.580781603,-0.028984817,-3.907270642,0.024283631,-0.506774877,0.013730917
0.442000,0.591050684,-0.024234268,-3.976680728,0.028498817,-0.505370817,0.012725737
0.443000,0.611852043,0.029329333,-3.807235889,0.025949643,-0.507422600,0.010725352
0.444000,0.671448895,0.038172477,-3.805488510,0.015485994,-0.506696437,0.012507000
0.445000,0.666125258,-0.008981580,-3.794531370,0.008453393,-0.505587867,0.011706919
0.446000,0.679674617,-0.033351948,-3.807268255,0.007923019,-0.509039829,0.009539623
0.447000,0.639604989,-0.070471646,-3.784560155,0.007453469,-0.513059235,0.008714743
0.448000,0.638004784,-0.018331441,-3.924464387,0.008823776,-0.510425004,0.011991680
0.449000,0.673422246,0.139810402,-3.981598933,0.013610231,-0.509376515,0.015987237
0.450000,0.691189620,0.218193861,-4.023625314,0.017059628,-0.507055847,0.016481090
0.451000,0.643197830,0.066403903,-3.894605329,0.015740380,-0.511786742,0.015430337
0.452000,0.613158466,-0.015302598,-3.812615729,0.016163854,-0.516535387,0.014898818
0.453000,0.634082854,0.033436829,-3.819922817,0.013835604,-0.517936108,0.012933519
0.454000,0.689674633,0.027144668,-3.820857813,0.005221794,-0.517347257,0.013908122
0.455000,0.738217966,0.153885288,-3.841325088,-0.005611227,-0.515672550,0.014851864
0.456000,0.770283809,0.279008720,-3.809542994,-0.003282433,-0.514683345,0.014185766
0.457000,0.706332634,0.189444965,-3.681617118,0.002007958,-0.517836116,0.014388570
0.458000,0.641438180,0.125768835,-3.845950444,0.014195280,-0.516975388,0.016941839
0.459000,0.611863341,0.056735262,-4.031447127,0.022483351,-0.519023174,0.015951894
0.460000,0.617364426,0.006521396,-3.950098380,0.023009292,-0.519149618,0.015080615
0.461000,0.653669311,0.007775159,-3.788078578,0.013713746,-0.518830134,0.011318386
0.462000,0.636557971,0.040753451,-3.734076537,0.010505760,-0.515925406,0.005092680
0.463000,0.660988771,-0.087111454,-3.610799029,0.009762550,-0.516394786,0.000131067
0.464000,0.705138560,-0.156679631,-3.850891905,0.005298511,-0.511650828,0.001870583
0.465000,0.696421737,0.064743417,-3.923834178,0.005557222,-0.514161185,0.000755898
0.466000,0.657883266,0.150222128,-3.836621482,0.011090202,-0.514436960,-0.000426060
0.467000,0.618334136,0.076612224,-3.610399098,0.014591897,-0.517926762,0.000294754
0.468000,0.551629814,0.068770831,-3.723326048,0.020451156,-0.516712818,-0.000592841
0.469000,0.526948321,0.037724017,-3.796168768,0.029444059,-0.519074278,-0.003207947
0.470000,0.500908951,-0.195616449,-3.740833895,0.033091618,-0.519623865,-0.004421207
0.471000,0.550033051,-0.226634143,-3.661815575,0.021949120,-0.518863626,-0.004167963
0.472000,0.564859278,-0.051492690,-3.658472372,0.015201020,-0.513518616,-0.001916528
0.473000,0.612424683,0.040791432,-3.546222662,0.009562264,-0.511193044,0.003029242
0.474000,0.599555573,0.072327075,-3.640581919,-0.000303848,-0.507885604,0.009727127
0.475000,0.542725792,0.153480296,-3.704177494,-0.000406769,-0.508208966,0.013075822
0.476000,0.454321607,0.202189138,-3.670426058,0.006990035,-0.509332930,0.012705934
0.477000,0.419150481,0.067890345,-3.653381213,0.011496207,-0.506185759,0.010704166
0.478000,0.416203195,0.026852862,-3.762997234,0.011111216,-0.502179912,0.007157758
0.479000,0.460653027,0.017303463,-3.735454520,0.013589693,-0.499757226,-0.000560811
0.480000,0.501990305,-0.085609565,-3.501997720,0.007846578,-0.501206796,-0.005719167
0.481000,0.495092977,-0.043356594,-3.491917149,0.009478742,-0.496540948,-0.006881726
0.482000,0.506035275,0.070483017,-3.548841237,0.017747351,-0.494702821,-0.006292008
0.483000,0.551895340,0.000830274,-3.667629551,0.023664526,-0.486922836,-0.002304683
0.484000,0.613453604,-0.063055873,-3.716466315,0.023863964,-0.480024504,0.003923109
0.485000,0.651427629,-0.086577270,-3.635942021,0.029374171,-0.475187041,0.003403564
0.486000,0.659971714,-0.248335251,-3.338473266,0.024167845,-0.474915205,0.001487742
0.487000,0.705172009,-0.295950630,-3.253549660,0.017321598,-0.472896580,0.002204942
0.488000,0.720019744,-0.236301864,-3.373540311,0.014284744,-0.468381645,0.002350859
0.489000,0.679049146,-0.227656478,-3.432973814,0.009976111,-0.470369976,0.001872393
0.490000,0.686262528,-0.260687641,-3.399038638,0.011485460,-0.470380228,0.004479598
0.491000,0.682640619,-0.229737969,-3.409751695,0.013192139,-0.466699437,0.008464238
0.492000,0.650224899,-0.057809556,-3.466643077,0.021242315,-0.459604724,0.013581411
0.493000,0.670490544,-0.021138153,-3.550333737,0.024073191,-0.451792440,0.019329991
0.494000,0.694317523,-0.070662230,-3.547738819,0.015611500,-0.446415656,0.025796477
0.495000,0.649773882,-0.028129431,-3.540791294,0.008208422,-0.442848058,0.023879042
0.496000,0.649069806,-0.046696195,-3.304079619,0.008861465,-0.441589135,0.022539959
0.497000,0.632272143,-0.067178138,-3.200800095,0.001128871,-0.438392781,0.023926936
0.498000,0.628543253,0.119329751,-3.303017832,0.000503482,-0.432928808,0.026058740
0.499000,0.618351425,0.231053438,-3.318405674,-0.000355003,-0.429512539,0.026212669
0.500000,0.613210061,0.182380044,-3.269096489,0.003344958,-0.426789149,0.027109789
0.501000,0.571870907,0.146759768,-3.380636379,0.009992101,-0.422069198,0.026443357
0.502000,0.525297963,0.047092257,-3.311208013,0.021262686,-0.419349132,0.026034272
0.503000,0.553314979,-0.095286576,-3.351501747,0.013447657,-0.416593315,0.029015087
0.504000,0.594545285,-0.065088088,-3.371795407,0.002919946,-0.409183381,0.030042811
0.505000,0.602846258,-0.040390296,-3.246035088,-0.002745136,-0.406439275,0.024802272
0.506000,0.589427881,-0.173104550,-3.056071190,-0.008424521,-0.402090100,0.023802857
0.507000,0.641636905,-0.121165595,-3.159950528,-0.009282041,-0.395331186,0.022664304
0.508000,0.639240593,-0.020423664,-3.281642052,-0.002416607,-0.387786329,0.020098289
0.509000,0.607370935,-0.143463641,-3.272768301,0.001576114,-0.385295884,0.017725589
0.510000,0.650822963,-0.168357140,-3.300564513,0.003693813,-0.382162462,0.017690541
0.511000,0.677182305,-0.127255421,-3.166754900,0.007461904,-0.379531253,0.015340640
0.512000,0.618637018,-0.140546761,-3.097311279,0.009822020,-0.374118857,0.011042491
0.513000,0.632360538,-0.214257856,-3.077338991,-0.001634117,-0.370951241,0.009484964
0.514000,0.708879453,-0.073890062,-3.181267361,-0.008578486,-0.365370579,0.013981365
0.515000,0.657942267,0.071516542,-3.113965676,-0.011435147,-0.364153193,0.012936006
0.516000,0.642080445,0.172136961,-3.032284680,-0.018117758,-0.361243960,0.013101452
0.517000,0.625610253,0.215689018,-3.078029380,-0.021026871,-0.356634764,0.012372708
0.518000,0.570618312,0.203517972,-3.021907857,-0.015058724,-0.354572181,0.007757953
0.519000,0.544140136,0.044043104,-2.921360318,-0.017788775,-0.354575882,0.003817207
0.520000,0.591747864,0.022344914,-2.877340905,-0.024324817,-0.352263084,0.004308775
0.521000,0.618900634,0.063156924,-2.872975581,-0.029935909,-0.346242057,0.001501682
0.522000,0.662757831,0.149890718,-2.782032394,-0.034398578,-0.341499882,0.002912758
0.523000,0.707227394,0.229939875,-2.841060678,-0.040763399,-0.335658062,0.002063561
0.524000,0.657109358,0.290473959,-2.993953243,-0.031465743,-0.330766045,0.003902043
0.525000,0.567583442,0.213325137,-2.925967782,-0.010615295,-0.331633975,0.000077098
0.526000,0.548479622,0.006631148,-2.879216587,0.001220678,-0.328040155,0.002093636
0.527000,0.572150688,-0.052567038,-2.886675246,0.005367778,-0.322646290,0.000125138
0.528000,0.607732508,-0.082153087,-2.894872475,-0.000768059,-0.316529595,-0.002606703
0.529000,0.687704145,-0.097199596,-2.701019686,-0.021782236,-0.311738201,-0.005934462
0.530000,0.724011132,-0.034695456,-2.729097753,-0.036721525,-0.305785037,-0.009126849
0.531000,0.718559166,0.075858805,-2.664576201,-0.036604297,-0.305169520,-0.011150949
0.532000,0.637269347,0.051352404,-2.690645273,-0.029795348,-0.307056306,-0.010051024
0.533000,0.608040417,0.089775765,-2.806080356,-0.023032567,-0.308712803,-0.008080627
0.534000,0.528217580,0.077015177,-2.816498876,-0.010685090,-0.307602320,-0.008199950
0.535000,0.532875179,0.040153451,-2.652489871,-0.012037924,-0.306475994,-0.008224951
0.536000,0.547350097,0.049835523,-2.598923348,-0.019007962,-0.299031309,-0.012024898
0.537000,0.585563986,0.085746596,-2.544546177,-0.024469296,-0.296428062,-0.016450318
0.538000,0.602724313,0.071814991,-2.441190855,-0.028293565,-0.294169671,-0.017312435
0.539000,0.608024186,0.095724901,-2.569115910,-0.032492210,-0.293860720,-0.017728999
0.540000,0.587491293,0.229818777,-2.594709262,-0.026474862,-0.292857669,-0.015699877
0.541000,0.547212929,0.335413174,-2.475414543,-0.023630090,-0.291665853,-0.014532538
0.542000,0.531979581,0.355708471,-2.529488180,-0.021032874,-0.287067299,-0.011772722
0.543000,0.501732614,0.269855910,-2.515614539,-0.012954583,-0.283527857,-0.014852562
0.544000,0.457755497,0.020487755,-2.404254779,-0.010625929,-0.284561011,-0.016329490
0.545000,0.449407801,-0.013131028,-2.541493028,-0.012520383,-0.279929271,-0.018713855
0.546000,0.514856349,0.083690135,-2.576900664,-0.012000467,-0.274412737,-0.021171092
0.547000,0.551415289,0.162889332,-2.416131442,-0.019277915,-0.273081803,-0.023426025
0.548000,0.542884760,0.130741384,-2.376682646,-0.022497173,-0.270263365,-0.023058494
0.549000,0.547172284,0.117561388,-2.394576263,-0.019092532,-0.268994623,-0.023288713
0.550000,0.518398143,0.057905365,-2.385870611,-0.009529900,-0.267917238,-0.023250011
0.551000,0.519363701,-0.009840064,-2.435580809,-0.010027900,-0.267466025,-0.022130081
0.552000,0.538630414,-0.094454695,-2.329097896,-0.007670658,-0.266273575,-0.023100425
0.553000,0.572577591,-0.078164461,-2.243083369,-0.007110270,-0.265788370,-0.028218806
0.554000,0.530245891,-0.081374845,-2.132003174,-0.003522368,-0.263791447,-0.030754065
0.555000,0.515644303,-0.092429063,-2.094271013,-0.000298161,-0.261965685,-0.031775910
0.556000,0.482427730,-0.017242723,-2.309423999,0.002102089,-0.258710928,-0.028026104
0.557000,0.505070942,0.021766314,-2.341679997,-0.003341487,-0.256375879,-0.023873851
0.558000,0.496344637,0.130935559,-2.196738799,-0.007882148,-0.256141089,-0.021334997
0.559000,0.465862528,0.158054200,-2.059688700,-0.009431860,-0.254977069,-0.020971643
0.560000,0.455622766,0.079807284,-1.994583634,-0.007935086,-0.253458160,-0.021006037
0.561000,0.392921655,0.006921298,-1.982572674,-0.012743441,-0.252269614,-0.022711437
0.562000,0.364140689,0.003464903,-2.003820792,-0.016278536,-0.252399283,-0.023658168
0.563000,0.356990988,0.058074805,-2.068947548,-0.017444323,-0.250517431,-0.025222266
0.564000,0.378920272,0.088643805,-1.939236633,-0.023204953,-0.251807569,-0.025610135
0.565000,0.381212655,0.182079504,-1.919332289,-0.019619894,-0.250151373,-0.025454112
0.566000,0.372611429,0.150442205,-2.018498623,-0.005890337,-0.247237880,-0.023440994
0.567000,0.334537170,0.020626155,-2.080011868,0.004245877,-0.244596233,-0.021120801
0.568000,0.335489103,-0.085752024,-2.060705760,0.008694715,-0.243614930,-0.016435534
0.569000,0.375302163,-0.055625457,-1.872642857,0.014914623,-0.240813563,-0.017985961
0.570000,0.386013737,-0.096224198,-1.732253514,0.010764213,-0.239392961,-0.019416246
0.571000,0.394247532,-0.141938482,-1.719266324,0.001479181,-0.235062076,-0.019275723
0.572000,0.379495776,-0.037346871,-1.847728021,-0.005789261,-0.231498885,-0.020697478
0.573000,0.346703548,-0.053916668,-1.737875160,-0.008049199,-0.235345584,-0.022392844
0.574000,0.352221733,-0.111352125,-1.688325977,-0.011378026,-0.235015204,-0.018656846
0.575000,0.319250353,0.029342815,-1.794807613,-0.006345378,-0.230779448,-0.017641180
0.576000,0.277297074,0.059658605,-1.828144705,0.004250527,-0.225929842,-0.017275412
0.577000,0.278927882,-0.111378058,-1.781568190,0.009929641,-0.222103013,-0.015012247
0.578000,0.289301369,-0.183030022,-1.825693566,0.012673954,-0.218516664,-0.013985206
0.579000,0.289650064,-0.166822428,-1.702315768,0.013960999,-0.215513958,-0.013281630
0.580000,0.310825325,-0.043387021,-1.578066814,0.016201754,-0.215965132,-0.012502482
0.581000,0.322732056,-0.050706034,-1.539825087,0.007156644,-0.215738253,-0.008689822
0.582000,0.344354230,0.050898570,-1.539238202,-0.006654680,-0.213035872,-0.002545294
0.583000,0.271389543,0.215761874,-1.469452288,-0.007990991,-0.211580243,-0.004617144
0.584000,0.190116495,0.196114989,-1.316939987,-0.004672704,-0.213667250,-0.003488784
0.585000,0.188856720,0.173334445,-1.427668976,-0.002487384,-0.210938832,0.001221126
0.586000,0.157622375,0.221758006,-1.650867770,0.011607429,-0.202715651,0.001248405
0.587000,0.136082883,0.046834962,-1.586334045,0.019152662,-0.200481597,-0.002333620
0.588000,0.252729494,-0.160879358,-1.532417920,0.014460246,-0.197478339,0.001785061
0.589000,0.284575797,-0.071104389,-1.459957166,0.010735775,-0.192121053,0.000618486
0.590000,0.258180705,-0.032839681,-1.267237437,0.008228030,-0.189941166,-0.001522714
0.591000,0.303775624,-0.085945414,-1.158550173,-0.003110810,-0.188373309,0.004352061
0.592000,0.313442381,0.038330172,-1.416488736,-0.002389521,-0.178231725,0.009727787
0.593000,0.230596343,0.090313773,-1.447139650,0.007838209,-0.177050053,0.007482715
0.594000,0.229593945,-0.044527474,-1.380396480,0.013677213,-0.177348029,0.009791063
0.595000,0.253647998,-0.061385788,-1.332400742,0.020279695,-0.172769975,0.011949446
0.596000,0.233183632,-0.079182245,-1.360385185,0.023572044,-0.166867833,0.010535895
0.597000,0.190905461,-0.094374725,-1.339783774,0.018750137,-0.164063094,0.009556031
0.598000,0.221367462,-0.052803273,-1.343976242,0.014475429,-0.159308257,0.010859431
0.599000,0.262965233,-0.038238690,-1.237362756,0.013628169,-0.156616022,0.010704892
0.600000,0.271023868,-0.040480450,-1.152662751,0.012994509,-0.154170454,0.013437377
0.601000,0.277084780,-0.036540364,-1.027201748,0.014476063,-0.151596979,0.016029620
0.602000,0.275816339,0.045194139,-1.114578089,0.013019068,-0.148575003,0.021294296
0.603000,0.228423589,0.148203280,-1.079990292,0.005128209,-0.148472295,0.023262934
0.604000,0.197797033,0.255745335,-1.070505696,-0.001706437,-0.146494552,0.024790942
0.605000,0.171722948,0.240349084,-1.009604842,0.000852930,-0.143777057,0.022152416
0.606000,0.140214096,0.114764536,-0.961338073,0.005766783,-0.141371522,0.021332987
0.607000,0.164482058,-0.011977583,-0.969475243,0.006376829,-0.138991278,0.020267438
0.608000,0.201987942,-0.024113273,-1.055188671,0.008942549,-0.132092195,0.023590074
0.609000,0.202147170,0.039582836,-1.019333015,0.006186461,-0.126863410,0.023753963
0.610000,0.232998506,0.079861008,-0.970075062,-0.000897696,-0.122483646,0.024786008
0.611000,0.274196666,0.138839737,-0.893588229,-0.002217073,-0.118978224,0.026624158
0.612000,0.230256546,0.134971336,-0.848741165,0.009010262,-0.117367160,0.026395533
0.613000,0.137852976,-0.002794018,-0.839098827,0.014289817,-0.118796514,0.027576619
0.614000,0.110991121,-0.015712366,-0.936117214,0.019126541,-0.117180973,0.028671377
0.615000,0.123900412,0.038637521,-0.924352126,0.022111194,-0.112586704,0.027144502
0.616000,0.145325526,-0.098776481,-0.756784219,0.014047216,-0.110390990,0.025204891
0.617000,0.217481818,-0.111356564,-0.737312853,0.002492487,-0.106584775,0.026211193
0.618000,0.185633493,-0.060685949,-0.726224027,0.007118681,-0.101585499,0.023939246
0.619000,0.159822776,-0.139446876,-0.754649538,0.011962721,-0.099725838,0.023674745
0.620000,0.152523576,-0.209000492,-0.770069384,0.007797558,-0.099302145,0.030313550
0.621000,0.137932897,0.001884243,-0.872398527,0.008259024,-0.094842381,0.033800424
0.622000,0.115378977,0.104598643,-0.671075624,0.006278983,-0.093808645,0.033055516
0.623000,0.106159292,0.046448496,-0.502958894,-0.009419363,-0.093077377,0.035046281
0.624000,0.091894555,0.186913473,-0.544445701,-0.015072036,-0.088192061,0.035064316
0.625000,0.017718755,0.196470137,-0.570964315,-0.007919934,-0.088101346,0.030010476
0.626000,0.001936962,-0.011314923,-0.541088548,-0.005761197,-0.087749170,0.029495975
0.627000,0.059934796,-0.108427513,-0.610712896,-0.005602949,-0.086385694,0.033346731
0.628000,0.127523489,-0.000807904,-0.617610266,-0.001586520,-0.081711189,0.035400936
0.629000,0.114436369,0.031531915,-0.373133798,-0.007486911,-0.078056539,0.035052476
0.630000,0.078461050,0.044441197,-0.351184729,-0.021516307,-0.071621173,0.037501184
0.631000,0.088652222,0.123326203,-0.429329853,-0.026517808,-0.067451241,0.037601826
0.632000,0.052562908,0.135304770,-0.523897422,-0.024642091,-0.063859021,0.036226421
0.633000,0.017837127,0.044568612,-0.618109183,-0.023297696,-0.061206396,0.035571458
0.634000,0.038777093,0.025597848,-0.696149572,-0.022288522,-0.058858700,0.036320289
0.635000,0.066512199,0.045779726,-0.558633227,-0.018770455,-0.056442374,0.035753042
0.636000,0.128604206,-0.094729144,-0.387525393,-0.016644374,-0.053020217,0.032923650
0.637000,0.196322794,-0.240783456,-0.276494755,-0.019057915,-0.051562433,0.033903598
0.638000,0.192612101,-0.226469588,-0.314455183,-0.019515442,-0.050571004,0.034763170
0.639000,0.153047391,-0.148036365,-0.379819668,-0.020342867,-0.048581239,0.033522256
0.640000,0.141866678,-0.086616721,-0.380080750,-0.023764461,-0.046900943,0.032902819
0.641000,0.148676229,-0.038455503,-0.363040586,-0.024819926,-0.044563627,0.032915183
0.642000,0.157594085,-0.001955274,-0.302050126,-0.024825725,-0.042125544,0.031536571
0.643000,0.115497080,-0.023069856,-0.234926877,-0.030593237,-0.040067510,0.030311242
0.644000,0.123169529,-0.001996596,-0.269987766,-0.036966444,-0.039735986,0.030913982
0.645000,0.089300328,-0.003960611,-0.344861112,-0.039824794,-0.037737055,0.031077060
0.646000,0.139930963,0.022888116,-0.309794396,-0.040343462,-0.036099248,0.031171582
0.647000,0.155536352,0.062088095,-0.352349367,-0.040198825,-0.031369110,0.031932206
0.648000,0.158498144,0.059260731,-0.262637139,-0.031600838,-0.030567285,0.030955060
0.649000,0.101597697,-0.048285916,-0.188341834,-0.026156310,-0.032281426,0.028551674
0.650000,0.095138960,-0.103945935,-0.170596540,-0.029456448,-0.034868830,0.030797725
0.651000,0.089262483,0.007246382,-0.182183093,-0.034474909,-0.034915028,0.030467239
0.652000,0.086201945,-0.001017226,-0.102164680,-0.044227032,-0.034492770,0.030027160
0.653000,0.061397879,-0.009011296,-0.094308367,-0.056782704,-0.031980500,0.029637056
0.654000,0.028871577,0.036062472,-0.080577401,-0.058704041,-0.028864480,0.027817943
0.655000,0.003672203,0.009946214,-0.138774542,-0.059315610,-0.028387299,0.026712019
0.656000,0.032452685,-0.003421760,-0.198257681,-0.058342486,-0.026367906,0.026689699
0.657000,0.025708798,0.029587118,-0.167631513,-0.054680465,-0.025512564,0.025823085
0.658000,0.022411818,-0.017212110,-0.164396628,-0.053170686,-0.024773736,0.025706560
0.659000,0.005100591,-0.067537535,-0.133015007,-0.055522872,-0.024999682,0.026452161
0.660000,-0.011078654,-0.041958821,-0.203829694,-0.051530219,-0.022665533,0.027437582
0.661000,-0.019692621,-0.024523024,-0.139249076,-0.047847618,-0.023198451,0.026127193
0.662000,0.009226193,-0.050556839,-0.110187034,-0.045498031,-0.021048018,0.026032608
0.663000,-0.000981080,-0.014708346,-0.047020588,-0.044023442,-0.020459485,0.023549049
0.664000,-0.000875323,0.071793839,-0.025993828,-0.046919977,-0.019512224,0.022376670
0.665000,-0.013387115,0.083948960,-0.020359192,-0.054989010,-0.018887649,0.020930393
0.666000,-0.024313650,0.066422981,-0.005574860,-0.061741566,-0.019023879,0.019818955
0.667000,-0.004861373,0.036316051,0.098104640,-0.070634129,-0.019873011,0.019448367
0.668000,-0.010384511,0.053337587,0.104685043,-0.074118369,-0.018830774,0.019242550
0.669000,-0.015638536,0.016643875,0.022854005,-0.076669181,-0.017819266,0.019305874
0.670000,-0.015143281,0.039973618,-0.066627506,-0.077749130,-0.016261392,0.019898673
0.671000,-0.017927320,0.103047867,-0.043633018,-0.078757914,-0.015118083,0.019168669
0.672000,0.009589783,0.110340505,0.059653718,-0.079616160,-0.014067148,0.018518571
0.673000,0.038123779,0.186666644,0.106296696,-0.079220346,-0.013474269,0.017588191
0.674000,0.037796002,0.272115964,0.109690050,-0.075865266,-0.010492156,0.016281966
0.675000,0.025827097,0.278885359,0.054180220,-0.069608382,-0.008298286,0.015963496
0.676000,0.033424755,0.232361054,-0.048966301,-0.058054342,-0.006779720,0.014772782
0.677000,0.016441205,0.128795580,-0.131251505,-0.047574641,-0.004742356,0.012300338
0.678000,0.045051394,0.020472874,-0.070200813,-0.040302095,-0.003998698,0.009024160
0.679000,0.101684310,0.006757426,0.043424251,-0.043189841,-0.004526307,0.008300087
0.680000,0.111691832,0.083197563,0.124522255,-0.049462925,-0.002063631,0.005736065
0.681000,0.084857275,0.100744250,0.183688131,-0.058156540,-0.001717871,0.002050350
0.682000,0.087873087,0.044181646,0.179382783,-0.065049513,0.000062157,0.001371864
0.683000,0.081809559,0.009822431,0.128389554,-0.068083626,0.000750971,0.002149044
0.684000,0.084667686,0.029980387,0.168685619,-0.070927005,0.000508264,0.002458451
0.685000,0.087315848,0.053364125,0.167980431,-0.075576601,0.000224240,0.004466876
0.686000,0.093349067,0.112469443,0.193793216,-0.079460717,0.001124709,0.004007558
0.687000,0.053256556,0.146823160,0.234934555,-0.077944924,0.002064732,0.001660959
0.688000,0.010365033,0.101767151,0.183747640,-0.072530180,0.004479122,0.000096867
0.689000,-0.026967319,0.088429679,0.152817492,-0.062404136,0.005076565,-0.003072308
0.690000,-0.028058245,0.122285019,0.160435433,-0.053233653,0.005444938,-0.004387971
0.691000,-0.001662624,0.217471158,0.194919298,-0.051380518,0.007738295,-0.004372719
0.692000,0.016619635,0.346409261,0.214476836,-0.050672116,0.011754313,-0.006034265
0.693000,-0.026538496,0.357728881,0.319055267,-0.049803892,0.013164038,-0.009523342
0.694000,-0.061558400,0.301673953,0.255245874,-0.048376029,0.014350847,-0.010004589
0.695000,-0.110229367,0.240601465,0.191837682,-0.041955879,0.014324199,-0.011838860
0.696000,-0.120499414,0.125480374,0.254041351,-0.037993887,0.013404596,-0.013249503
0.697000,-0.089335581,0.042503870,0.316692676,-0.041671183,0.016154296,-0.012400000
0.698000,-0.054480983,0.067878540,0.287748888,-0.044622470,0.021743557,-0.013979567
0.699000,-0.037780219,0.065153273,0.371659490,-0.045907870,0.024603317,-0.017338918
0.700000,-0.050553873,-0.025628977,0.351440278,-0.046848214,0.027264008,-0.018787497
0.701000,-0.053862699,-0.046300918,0.258733794,-0.042633469,0.029473191,-0.019121795
0.702000,-0.051875817,-0.026586962,0.259701710,-0.030946947,0.031403811,-0.021617628
0.703000,-0.045673182,-0.108502745,0.375788143,-0.026665642,0.032205095,-0.023320237
0.704000,-0.009111657,-0.132631945,0.404290065,-0.028340299,0.035305675,-0.022139071
0.705000,0.011708513,-0.019777482,0.391030571,-0.029446516,0.038501663,-0.023991037
0.706000,-0.004613596,0.037653038,0.460898493,-0.028477280,0.039855780,-0.027235584
0.707000,-0.037304779,0.034316574,0.455097800,-0.024464405,0.042415736,-0.028942414
0.708000,-0.059041098,0.102327166,0.390954162,-0.014474902,0.044660843,-0.029200510
0.709000,-0.048233572,0.145730004,0.368449367,-0.002311655,0.047190660,-0.029742654
0.710000,-0.028073804,0.153982853,0.423515072,0.003468612,0.049501623,-0.029341050
0.711000,-0.006473377,0.194547587,0.441428665,0.002626116,0.053281318,-0.028940756
0.712000,-0.000203195,0.248566126,0.488322609,0.003601125,0.054943611,-0.029826148
0.713000,-0.022151315,0.226310435,0.519444431,0.004756240,0.057813675,-0.030327075
0.714000,-0.042434667,0.190944249,0.491810615,0.010028183,0.061130899,-0.030380198
0.715000,-0.049993358,0.153514053,0.416900403,0.020684092,0.063824669,-0.031540311
0.716000,-0.034153468,0.003428753,0.431925234,0.030945560,0.065835367,-0.032299632
0.717000,0.015434071,-0.102096236,0.462072449,0.033478631,0.068405417,-0.031360146
0.718000,0.080415901,-0.071156740,0.465360598,0.036159023,0.073679879,-0.031828666
0.719000,0.099537518,-0.110976038,0.584570411,0.037008239,0.076082934,-0.033362396
0.720000,0.087230224,-0.169952735,0.674189630,0.037404968,0.078350365,-0.033534102
0.721000,0.069043066,-0.162678392,0.710181357,0.042722353,0.079425310,-0.033436866
0.722000,0.064321658,-0.135969816,0.686375069,0.053901495,0.082902811,-0.033134019
0.723000,0.050757091,-0.119353470,0.675211155,0.058877253,0.086000102,-0.032685934
0.724000,0.057732772,-0.086538600,0.652292246,0.063662048,0.089610599,-0.031495108
0.725000,0.035849426,-0.052523633,0.623385975,0.070574564,0.091529840,-0.032509035
0.726000,0.024284990,-0.118012254,0.734617762,0.077057192,0.093075889,-0.033297842
0.727000,0.020253634,-0.197199659,0.848892030,0.076517125,0.093129636,-0.031694360
0.728000,0.021581885,-0.119319640,0.823464967,0.074893140,0.095233566,-0.028334963
0.729000,0.009488683,0.030079551,0.798873257,0.072524458,0.097008885,-0.026068201
0.730000,-0.006006720,0.122006780,0.757831526,0.070983909,0.097926990,-0.022777708
0.731000,-0.038174008,0.184697078,0.644339628,0.074764024,0.100508942,-0.020444484
0.732000,-0.099573710,0.156980931,0.633837666,0.090268667,0.103154712,-0.019924850
0.733000,-0.125632546,-0.068259565,0.774228617,0.100197600,0.103413967,-0.018211610
0.734000,-0.099457511,-0.262473755,0.858083483,0.101036041,0.103296792,-0.013712556
0.735000,-0.055230745,-0.206533201,0.853476277,0.092470703,0.107154020,-0.010143067
0.736000,0.001815695,-0.047612875,0.992987714,0.078262137,0.109051260,-0.007256422
0.737000,0.023216730,0.093913932,0.992882797,0.070746637,0.112815792,-0.005581085
0.738000,-0.020003831,0.154821281,0.846302576,0.086788466,0.118045832,-0.006789814
0.739000,-0.087458224,-0.113139902,0.767530858,0.119577885,0.119563280,-0.007990498
0.740000,-0.095386413,-0.490125405,0.737282862,0.142629975,0.119355884,-0.006903577
0.741000,-0.005903170,-0.545366910,0.814492685,0.135838093,0.121722487,-0.003539710
0.742000,0.087004934,-0.322704770,1.083241078,0.109529355,0.124620808,-0.002299386
0.743000,0.114863498,-0.038448922,1.363163111,0.079179473,0.127907289,-0.003675855
0.744000,0.075348085,0.107270176,1.313299471,0.068657873,0.129520134,-0.005445324
0.745000,-0.013776242,0.121323119,0.982056188,0.093998052,0.129949156,-0.005056920
0.746000,-0.076453684,-0.094492066,0.600349661,0.136786192,0.132143786,-0.001117252
0.747000,-0.062894817,-0.418395549,0.526597602,0.160930443,0.132159318,0.004550821
0.748000,0.009057351,-0.541645883,0.790385079,0.154752312,0.133558969,0.009206315
0.749000,0.100223017,-0.340181724,1.195224668,0.116668408,0.138430157,0.009509814
0.750000,0.124829844,-0.102185638,1.455214509,0.081579660,0.140476033,0.008763801
0.751000,0.096759829,0.075498368,1.413670694,0.067766382,0.140349222,0.011154979
0.752000,0.001159910,0.105281110,0.977493774,0.085041664,0.143492791,0.012263838
0.753000,-0.069482536,-0.018209407,0.700499920,0.118721272,0.145295035,0.015180461
0.754000,-0.076748948,-0.180789293,0.626067190,0.142165611,0.148090198,0.019830145
0.755000,-0.002862920,-0.288779302,0.860931365,0.141932242,0.149903083,0.024879929
0.756000,0.117377901,-0.242828483,1.227735951,0.119799182,0.151116787,0.027839661
0.757000,0.142732501,-0.124235648,1.575491404,0.083194453,0.150909220,0.025095114
0.758000,0.079318346,0.038525602,1.536571045,0.056585275,0.150716530,0.021020907
0.759000,-0.046486017,0.021246477,1.110358593,0.064256755,0.153884455,0.017616299
0.760000,-0.145444365,-0.154409174,0.669094054,0.105759489,0.155229304,0.014667794
0.761000,-0.053140345,-0.382261985,0.489034025,0.140930639,0.155407096,0.020358514
0.762000,0.095075713,-0.361518239,0.719292628,0.133335611,0.157241947,0.024938803
0.763000,0.230493677,-0.200224011,1.065730409,0.107932415,0.160609075,0.027054830
0.764000,0.245169284,-0.067036270,1.407253507,0.069594178,0.161507049,0.025478006
0.765000,0.106289230,-0.041570211,1.457972333,0.040524719,0.160425316,0.022647732
0.766000,-0.055529307,-0.104075202,1.087571531,0.048170865,0.157684494,0.016216407
0.767000,-0.076935307,-0.290577993,0.818319023,0.087504874,0.154318138,0.016236107
0.768000,0.073014153,-0.417201339,0.663096749,0.112274869,0.155239295,0.022797538
0.769000,0.220987136,-0.359656526,0.754696820,0.109161088,0.161680629,0.027185979
0.770000,0.282536829,-0.171731934,1.125033955,0.075195660,0.162376099,0.026201498
0.771000,0.252996157,0.031881128,1.519030856,0.032353774,0.156735125,0.025481688
0.772000,0.060915861,0.132183485,1.537109169,0.007928756,0.150893969,0.022755271
0.773000,-0.121349788,0.026862536,1.352182353,0.027465288,0.144397144,0.018433360
0.774000,-0.136165425,-0.117398491,1.025171239,0.056948981,0.143503509,0.019938968
0.775000,-0.025446402,-0.172584521,0.815217287,0.080306366,0.148698009,0.024085103
0.776000,0.130024845,-0.072899747,0.767915134,0.078683467,0.155669797,0.026218949
0.777000,0.212644628,0.128301227,0.978553074,0.054124936,0.157087288,0.024529902
0.778000,0.133264241,0.244271106,1.463479594,0.019236539,0.151024549,0.020090062
0.779000,-0.062464023,0.162637168,1.636634844,0.005508936,0.144439767,0.015036559
0.780000,-0.223695766,-0.035066706,1.422199459,0.022534716,0.139770650,0.010954848
0.781000,-0.196169789,-0.165297016,1.052111614,0.049061716,0.143020432,0.010905355
0.782000,-0.038574994,-0.161602055,0.868029594,0.063919326,0.151616216,0.012360900
0.783000,0.136867082,-0.096456128,0.976164295,0.055063764,0.158357653,0.011446483
0.784000,0.192088194,-0.039286216,1.281506245,0.031232833,0.158026403,0.007558116
0.785000,0.103521902,-0.034146486,1.496493761,0.012860019,0.153163572,0.004488109
0.786000,-0.098627823,-0.112719513,1.592275431,0.008734341,0.146156545,0.000908212
0.787000,-0.220556690,-0.224791514,1.422885416,0.021111144,0.143208828,0.000654009
0.788000,-0.148145011,-0.259945381,1.220431080,0.035215151,0.148038871,0.002490559
0.789000,0.000784591,-0.199702309,1.068307786,0.038569558,0.157284622,0.004026059
0.790000,0.072836261,-0.133631171,1.113786514,0.032442633,0.161931068,0.003548059
0.791000,0.091308785,-0.006794412,1.288801899,0.016904201,0.162339529,0.001963175
0.792000,-0.027562923,0.091552682,1.445911281,0.008252089,0.156222912,-0.001951806
0.793000,-0.176917915,0.091911137,1.553215808,0.011259970,0.151602718,-0.004819212
0.794000,-0.208212180,0.039442656,1.493447572,0.019203689,0.152753431,-0.005282114
0.795000,-0.142495600,0.036637500,1.392747740,0.026355217,0.159785057,-0.004754538
0.796000,-0.010030195,0.036147632,1.343587440,0.027033936,0.168146220,-0.004404159
0.797000,0.087634989,0.065973064,1.336939395,0.017833633,0.173137565,-0.003990783
0.798000,0.069809735,0.123910158,1.432160270,0.009978249,0.173290188,-0.004671264
0.799000,-0.013527645,0.143045683,1.588814012,0.006797728,0.171902954,-0.005814533
0.800000,-0.086794784,0.087815744,1.645109612,0.005416215,0.171874476,-0.004808813
0.801000,-0.094535262,0.058796424,1.617616223,0.008378293,0.174746932,-0.003076575
0.802000,-0.045821241,0.039927173,1.523854506,0.011285391,0.180446040,-0.002764708
0.803000,0.062601292,0.021362310,1.332598377,0.010628865,0.189827514,-0.003196688
0.804000,0.139123771,-0.001395793,1.268803875,0.010366424,0.196886700,-0.005450872
0.805000,0.164132323,-0.027352864,1.354123851,0.011731307,0.199209214,-0.008754272
0.806000,0.113467071,-0.071863715,1.536535851,0.015084298,0.199173580,-0.012589105
0.807000,0.081733251,-0.115314562,1.663173011,0.023210569,0.200131069,-0.014278092
0.808000,0.106154439,-0.119521263,1.646980816,0.028667278,0.204122930,-0.014239432
0.809000,0.190998197,-0.086895777,1.487864081,0.029575668,0.211771298,-0.012404644
0.810000,0.244295978,-0.058928399,1.436960840,0.027029636,0.218522280,-0.013043916
0.811000,0.279239387,-0.069650593,1.533082926,0.024832161,0.221919616,-0.012797511
0.812000,0.271062266,-0.051467562,1.739387380,0.022340879,0.223888656,-0.010695874
0.813000,0.212230332,0.019559265,1.850460950,0.022939222,0.226355773,-0.008979220
0.814000,0.172990057,0.063476930,1.857130041,0.022574750,0.228323225,-0.006921695
0.815000,0.177692945,0.066000280,1.731460091,0.022291787,0.232962310,-0.003366893
0.816000,0.199792501,0.069766533,1.630360958,0.023235023,0.238963417,-0.002539075
0.817000,0.241216792,0.052364431,1.612971129,0.028196611,0.246234558,-0.002011974
0.818000,0.265690924,0.008715217,1.726430912,0.032565934,0.250099894,-0.002238672
0.819000,0.262900779,-0.007140939,1.763205959,0.034966284,0.252698915,-0.001752148
0.820000,0.236164041,0.002243491,1.811629520,0.033445031,0.255106235,-0.001312011
0.821000,0.223740478,0.036473703,1.800583201,0.031789655,0.257613215,-0.000487400
0.822000,0.207893051,-0.006640983,1.839842424,0.029451150,0.261292691,-0.000138038
0.823000,0.216426025,-0.068374254,1.816344240,0.027561855,0.266407549,0.000619352
0.824000,0.234046884,-0.081421634,1.830670987,0.025582271,0.270769153,-0.000008111
0.825000,0.263971287,-0.054775010,1.841348307,0.022469822,0.274147180,0.000788691
0.826000,0.262286950,-0.026026146,1.957716333,0.020780069,0.276466267,0.000995224
0.827000,0.256074494,-0.019302718,2.011711305,0.020574223,0.279783524,0.001498791
0.828000,0.254392532,-0.029204811,2.042669375,0.021037530,0.283899244,0.003462492
0.829000,0.265937242,-0.045014892,1.980012640,0.025513405,0.288900307,0.005425920
0.830000,0.237742445,-0.082290542,1.905304787,0.033091004,0.294280670,0.005059545
0.831000,0.237562432,-0.093182000,1.895872249,0.036693058,0.297754023,0.005646969
0.832000,0.264321373,-0.076320305,1.925641771,0.039529266,0.302012759,0.006935319
0.833000,0.273750829,-0.012648928,2.001667297,0.042522238,0.307319625,0.005452222
0.834000,0.279668228,-0.020425492,2.063970529,0.041193233,0.311880899,0.004889265
0.835000,0.278645621,-0.023132262,1.968596307,0.041126464,0.316936317,0.004759463
0.836000,0.258584770,-0.048368869,1.893003622,0.045598674,0.320297293,0.003478845
0.837000,0.253648529,-0.127545442,1.957922163,0.046348161,0.322332792,0.003654332
0.838000,0.284082592,-0.146781428,2.010886057,0.042850979,0.325663886,0.006495827
0.839000,0.339488012,-0.069341488,2.053575158,0.041980602,0.329574650,0.007430753
0.840000,0.331931944,-0.044221379,2.121387237,0.040512227,0.333393475,0.005632347
0.841000,0.310553894,-0.079464542,2.092585104,0.042317162,0.336808975,0.005704106
0.842000,0.297218766,-0.125691388,1.982643256,0.050553566,0.340291347,0.004808008
0.843000,0.326996149,-0.209134324,1.992526179,0.060035832,0.344553091,0.005247544
0.844000,0.370770625,-0.261509065,2.087491891,0.058352121,0.349211034,0.006062993
0.845000,0.407021848,-0.143187260,2.070190912,0.054593578,0.354532579,0.005451964
0.846000,0.404382850,-0.061872220,2.127433302,0.053581312,0.356934035,0.001961938
0.847000,0.388801770,-0.084950585,2.130975312,0.053229566,0.359527672,0.000498021
0.848000,0.383300775,-0.137224395,2.096296704,0.056499078,0.362136160,-0.000193091
0.849000,0.399401923,-0.125920923,2.058750597,0.062464478,0.364513682,0.000627688
0.850000,0.389511837,-0.153428035,2.199124665,0.065591477,0.366711748,0.001160553
0.851000,0.405260437,-0.093316304,2.211535903,0.060488678,0.371211903,0.002586636
0.852000,0.408415369,0.027318817,2.191504163,0.059051377,0.376791212,0.001661110
0.853000,0.403191777,-0.007193606,2.123502692,0.060188787,0.381358982,-0.000316246
0.854000,0.402538818,-0.102997469,2.097897992,0.062130664,0.384481668,-0.002346921
0.855000,0.413497349,-0.124762709,2.054531197,0.068644168,0.388307254,-0.003875050
0.856000,0.439630728,-0.183881303,2.118030145,0.074975214,0.391146706,-0.004408664
0.857000,0.454678440,-0.187723748,2.172940096,0.077317720,0.395509944,-0.005672993
0.858000,0.469124116,-0.172550470,2.247091179,0.071421432,0.397290879,-0.005347597
0.859000,0.446490444,-0.176213182,2.261528941,0.064966403,0.399272413,-0.006197019
0.860000,0.437904177,-0.191966756,2.280528855,0.060583519,0.400003225,-0.006956345
0.861000,0.429364803,-0.177839043,2.329922471,0.056607717,0.402475100,-0.005591843
0.862000,0.441565808,-0.205196370,2.459665191,0.054948924,0.405203140,-0.003459286
0.863000,0.441234037,-0.197775821,2.492859944,0.052430242,0.408984454,-0.002336653
0.864000,0.443790115,-0.126359536,2.415061525,0.045961742,0.413994564,-0.002061718
0.865000,0.432125503,-0.024487248,2.363675984,0.040736842,0.417634908,-0.002056483
0.866000,0.411097209,-0.016591944,2.377416037,0.038853137,0.419612115,-0.002197917
0.867000,0.404880972,-0.044283115,2.412266136,0.041291243,0.423358402,-0.003718847
0.868000,0.398539207,-0.050477743,2.414923064,0.045636871,0.428151702,-0.004818090
0.869000,0.392257932,-0.043665075,2.403129267,0.055240871,0.431947205,-0.005053231
0.870000,0.397338646,-0.065205308,2.366649592,0.056719483,0.434920808,-0.004665688
0.871000,0.407825503,-0.024879636,2.322965327,0.050945945,0.437554965,-0.005140956
0.872000,0.423100016,0.032999143,2.418050621,0.043932898,0.438941243,-0.005629647
0.873000,0.447185279,0.046314682,2.552537274,0.040395734,0.440782165,-0.004570088
0.874000,0.428471273,0.057824109,2.615582778,0.036724037,0.445044591,-0.004879342
0.875000,0.415967053,-0.015642975,2.579265415,0.039513167,0.450007405,-0.004558664
0.876000,0.429986568,-0.127330401,2.501911682,0.036114656,0.453335703,-0.002256878
0.877000,0.488744692,-0.202753456,2.472579686,0.030210723,0.456116536,0.000694940
0.878000,0.532819114,-0.159017278,2.577413348,0.019762018,0.459432256,0.001822379
0.879000,0.551011863,-0.060301838,2.691679200,0.013397142,0.464509511,0.000621869
0.880000,0.524614033,-0.026001019,2.824672748,0.009922335,0.468658185,-0.002237915
0.881000,0.522374565,-0.004446796,2.718109167,0.016114790,0.472711153,-0.002725159
0.882000,0.481204539,-0.004108266,2.536746341,0.027117138,0.474613932,-0.003898138
0.883000,0.486464881,-0.066491316,2.423134994,0.039063216,0.477769091,-0.005092657
0.884000,0.509134468,-0.134410317,2.497031302,0.042910040,0.481962929,-0.005614304
0.885000,0.581281649,-0.092248087,2.585407865,0.039806446,0.488008700,-0.006989528
0.886000,0.613708831,-0.042587760,2.775814459,0.027018202,0.491887739,-0.009357942
0.887000,0.616051113,0.035817388,2.846957580,0.013556909,0.493008709,-0.009021726
0.888000,0.556469815,0.118060448,2.795852441,0.009466707,0.494554181,-0.008580805
0.889000,0.530658715,0.120882478,2.682333797,0.015408352,0.497587646,-0.008293426
0.890000,0.538436438,0.014309875,2.721450531,0.021767389,0.500533707,-0.006964085
0.891000,0.601455648,-0.025054134,2.770168976,0.019984959,0.504255200,-0.003756798
0.892000,0.617329082,0.000003765,2.805923558,0.012426488,0.507311757,-0.002017529
0.893000,0.600294162,0.052110301,2.956243084,-0.000531766,0.509765483,-0.003112995
0.894000,0.586921095,0.074962420,2.963195478,-0.006381515,0.512748126,-0.004849104
0.895000,0.562587719,0.085666203,2.931803594,-0.006596829,0.516432945,-0.006369800
0.896000,0.540409263,0.037838914,2.817779053,0.009165023,0.521748012,-0.010359353
0.897000,0.528656770,-0.069852472,2.721927783,0.026585002,0.525890312,-0.013249757
0.898000,0.584356609,-0.132661877,2.704493829,0.032855285,0.529522688,-0.013889147
0.899000,0.664660484,-0.045043261,2.802877109,0.030129012,0.533083622,-0.013803480
0.900000,0.675891182,0.047413319,2.981668483,0.019422206,0.536315680,-0.015469146
0.901000,0.620840384,0.100284475,3.110214682,0.010447821,0.537916458,-0.013609594
0.902000,0.518959511,0.054007080,3.034915971,0.013601920,0.540359514,-0.012509166
0.903000,0.485701491,-0.030242899,2.919472886,0.023433410,0.542111799,-0.012479111
0.904000,0.518166918,-0.126757904,2.848289073,0.028749359,0.547231936,-0.011709420
0.905000,0.592033940,-0.116229998,2.894776653,0.027316072,0.554357408,-0.010278662
0.906000,0.614652393,-0.086337010,3.029947809,0.017378053,0.559182923,-0.014525726
0.907000,0.624264630,-0.084929888,3.127774001,0.002421167,0.558834878,-0.014168752
0.908000,0.584692502,-0.057729294,3.176002516,-0.007811787,0.557316599,-0.013482424
0.909000,0.525027161,-0.020939006,3.090741086,-0.009201572,0.559623847,-0.011526795
0.910000,0.474394980,-0.008465749,3.014759777,-0.005161135,0.561563950,-0.009119116
0.911000,0.491967373,0.068954373,2.900004411,0.005109800,0.567491101,-0.007230192
0.912000,0.521290882,0.091450877,2.844642492,0.012801321,0.573502544,-0.007359824
0.913000,0.542125065,0.079137799,2.837559185,0.019788987,0.578804721,-0.008803947
0.914000,0.543567201,0.023712340,2.946353556,0.019045832,0.582203415,-0.011613625
0.915000,0.567849054,-0.014647993,3.015694230,0.016190910,0.586645349,-0.012036319
0.916000,0.580785056,-0.035611792,3.168456970,0.015485524,0.587191831,-0.013941265
0.917000,0.603642875,-0.058941704,3.206665721,0.012113332,0.590731119,-0.011074295
0.918000,0.605182914,-0.036088180,3.177591150,0.008603948,0.592616787,-0.010863013
0.919000,0.632935992,-0.010385052,3.153597502,0.007470844,0.598591796,-0.010998929
0.920000,0.659536197,-0.030267867,3.267113502,0.002226730,0.599809105,-0.009377976
0.921000,0.636284855,-0.032740596,3.236853731,-0.005598151,0.605589812,-0.006937851
0.922000,0.628215090,-0.023153415,3.160754764,-0.010201666,0.606943733,-0.006309014
0.923000,0.592940682,0.037560573,3.074205797,-0.007699952,0.611342080,-0.006389774
0.924000,0.630563653,-0.008644191,3.062832192,-0.004644977,0.614453514,-0.006260926
0.925000,0.661071058,-0.055667736,3.003512797,0.010857314,0.621116353,-0.007159268
0.926000,0.657436356,-0.218293471,2.942263608,0.028855799,0.627200934,-0.010972396
0.927000,0.716580740,-0.360380584,3.051106123,0.038725702,0.630057302,-0.010652759
0.928000,0.791031957,-0.306210604,3.154125645,0.031693839,0.631981301,-0.008988482
0.929000,0.825813840,-0.136026366,3.328610885,0.015847405,0.632945418,-0.009010281
0.930000,0.784453141,0.025447609,3.437447374,-0.003038560,0.632470264,-0.010109829
0.931000,0.752068719,0.115106242,3.374264206,-0.005036907,0.637149862,-0.008576203
0.932000,0.667850254,0.065113984,3.190782475,0.005827304,0.639948220,-0.008132912
0.933000,0.679169983,-0.092366649,3.079370031,0.020216252,0.641391796,-0.002900660
0.934000,0.698940737,-0.151391710,3.116761081,0.022018163,0.640318904,0.002410231
0.935000,0.750191196,-0.034695052,3.227280413,0.018777622,0.643930832,0.003894800
0.936000,0.749067142,0.030730182,3.354736201,0.008079729,0.646827292,0.003013209
0.937000,0.721682843,0.022357369,3.362048695,0.002655216,0.649843712,0.002510578
0.938000,0.664429455,-0.083352233,3.250145077,0.009555632,0.652036731,-0.001944005
0.939000,0.648272701,-0.225406123,3.283139244,0.017888357,0.654016907,-0.001394094
0.940000,0.676249201,-0.183805406,3.156497664,0.024805672,0.655042550,0.000487980
0.941000,0.734552275,-0.045145282,3.240861298,0.026125519,0.657658805,0.002562312
0.942000,0.767899315,0.026289047,3.300265639,0.020116890,0.659362792,0.004965386
0.943000,0.737479320,0.030366289,3.302991806,0.012646483,0.663290531,0.005702784
0.944000,0.638781167,-0.035461188,3.305859455,0.011485813,0.662203712,0.008906412
0.945000,0.623006566,-0.154821722,3.293959781,0.019010183,0.663459020,0.013365371
0.946000,0.629539777,-0.206775869,3.274548576,0.027765205,0.664279334,0.015422521
0.947000,0.657009285,-0.239726686,3.264387672,0.036485368,0.667311414,0.013730133
0.948000,0.697380422,-0.258220484,3.285031477,0.029854724,0.666344789,0.012004689
0.949000,0.740277571,-0.149300648,3.208135218,0.024572593,0.669980782,0.010146546
0.950000,0.695342233,-0.104858175,3.370311786,0.021140726,0.666875896,0.009025305
0.951000,0.678308456,-0.088586570,3.412007376,0.022980996,0.664373451,0.013269875
0.952000,0.637521491,-0.039487275,3.320877957,0.029438240,0.665694492,0.015675154
0.953000,0.608718516,-0.096200112,3.253396146,0.041023633,0.668030270,0.018258117
0.954000,0.654660132,-0.203826683,3.308843449,0.042136915,0.670317736,0.023968536
0.955000,0.702116873,-0.198661628,3.299198011,0.039746044,0.671137973,0.026073082
0.956000,0.752804336,-0.076282367,3.382237856,0.028814504,0.671048493,0.025328296
0.957000,0.715174682,0.009106540,3.413925516,0.028725441,0.670410989,0.022166809
0.958000,0.631907326,-0.062355566,3.332266788,0.029628004,0.667368865,0.019521397
0.959000,0.612152237,-0.064883410,3.185241337,0.036106340,0.670089076,0.021626986
0.960000,0.620149660,-0.062152459,3.182064654,0.046327834,0.669081174,0.022947381
0.961000,0.678678899,-0.087817184,3.234131567,0.044919761,0.668087307,0.025610904
0.962000,0.711606253,-0.022818813,3.206769867,0.040889654,0.669306035,0.026572623
0.963000,0.743282961,-0.024481493,3.257551771,0.035987727,0.670252607,0.028414530
0.964000,0.719096747,-0.072629343,3.390146140,0.032661640,0.667934211,0.027151555
0.965000,0.706697449,-0.155381535,3.384971103,0.031062328,0.663862476,0.028078295
0.966000,0.700197456,-0.120842790,3.316428741,0.036234778,0.662971318,0.029096272
0.967000,0.697536898,-0.064239740,3.310027319,0.046777464,0.661820715,0.028180648
0.968000,0.654737048,-0.082640108,3.203645760,0.055698644,0.664440804,0.024084476
0.969000,0.663772338,-0.223069381,3.091607569,0.061752683,0.665053350,0.023864417
0.970000,0.717308166,-0.326904669,3.091264685,0.051378909,0.664547346,0.023824916
0.971000,0.769503365,-0.143421633,3.211563510,0.043455399,0.658549687,0.023079185
0.972000,0.747566879,-0.048494752,3.391974140,0.036830797,0.653173488,0.021892396
0.973000,0.687314194,-0.027749338,3.468666231,0.040303338,0.650400069,0.021127710
0.974000,0.650693773,-0.183537194,3.395596166,0.049860523,0.648542574,0.021017299
0.975000,0.686361644,-0.206248400,3.165206317,0.058268618,0.648048234,0.023583092
0.976000,0.714121268,-0.200496720,3.056580793,0.062064081,0.646742866,0.026438467
0.977000,0.705361645,-0.130819686,3.306691128,0.057812857,0.642567928,0.025717614
0.978000,0.688645691,0.007716773,3.533661666,0.047783765,0.638002775,0.023699623
0.979000,0.614154087,0.014392615,3.529963948,0.052324267,0.636021223,0.020327474
0.980000,0.567114449,-0.232212528,3.520155293,0.058064947,0.629632715,0.019096630
0.981000,0.575776336,-0.303220364,3.360169830,0.052508875,0.625074995,0.023128567
0.982000,0.587203660,-0.034708485,3.145560493,0.050335417,0.626090674,0.020606788
0.983000,0.636844294,-0.000748293,3.322947477,0.053098384,0.625571450,0.016499069
0.984000,0.657868444,-0.109730446,3.507380790,0.046691958,0.620707174,0.014687169
0.985000,0.603943102,-0.096009236,3.476584118,0.044308199,0.617801302,0.014181809
0.986000,0.515774939,-0.117362234,3.421018174,0.055130705,0.611339145,0.012736179
0.987000,0.480116118,-0.219660565,3.425311757,0.065021207,0.602347613,0.015056856
0.988000,0.485877642,-0.268181562,3.353969173,0.064991022,0.598214273,0.017322845
0.989000,0.539923980,-0.128951612,3.391773269,0.063757447,0.599097808,0.018160104
0.990000,0.565197762,-0.115598380,3.537556995,0.055946925,0.594933033,0.017956929
0.991000,0.552745802,-0.128112422,3.603777124,0.048639822,0.588782824,0.021705511
0.992000,0.517237338,-0.027097182,3.566687720,0.047449232,0.584886542,0.025269883
0.993000,0.480795724,0.113527593,3.538902559,0.055976316,0.580900400,0.027162073
0.994000,0.443497047,0.011798750,3.396583335,0.065834035,0.580480956,0.026180738
0.995000,0.422688932,-0.154700770,3.330272825,0.075292168,0.579836837,0.028579107
0.996000,0.391240083,-0.291875746,3.313711556,0.081200548,0.577185218,0.024549498
0.997000,0.437968066,-0.372442957,3.461775770,0.077133095,0.572049066,0.021856412
0.998000,0.529514528,-0.251841553,3.542022063,0.063848055,0.570406937,0.017686056
0.999000,0.491510163,-0.011548808,3.638116638,0.054781921,0.567494376,0.009459687
1.000000,0.409744175,0.012576295,3.687543918,0.055632764,0.562517469,-0.000818855
1.001000,0.338310461,0.020729669,3.698839991,0.062122536,0.556012817,-0.005060165
1.002000,0.318775640,-0.112838153,3.601719500,0.069466558,0.553936942,-0.005777395
1.003000,0.383932857,-0.162122285,3.471334333,0.072935668,0.553418627,-0.004806139
1.004000,0.432679744,-0.123537699,3.430706032,0.070008470,0.552765290,-0.008687474
1.005000,0.436453238,-0.023408695,3.551749287,0.057705268,0.546284776,-0.011359102
1.006000,0.421805075,-0.024180898,3.699349374,0.050986396,0.543440583,-0.014562001
1.007000,0.328026522,-0.052404673,3.736376964,0.059248847,0.546203975,-0.023631112
1.008000,0.296175534,-0.227726397,3.625719240,0.070374710,0.546340554,-0.027418555
1.009000,0.368509312,-0.291183037,3.480765560,0.079431624,0.545906270,-0.029485932
1.010000,0.409623009,-0.147303149,3.523773607,0.082103840,0.545420898,-0.032790200
1.011000,0.377654463,-0.111913393,3.468461655,0.080289935,0.546945437,-0.038656474
1.012000,0.356898737,-0.165199590,3.522984439,0.070167437,0.545981040,-0.040963665
1.013000,0.350576844,-0.176465764,3.500026424,0.062412210,0.547411657,-0.042089169
1.014000,0.332358007,-0.173709346,3.528158725,0.060747498,0.544133751,-0.041553663
1.015000,0.328286738,-0.151859894,3.479973115,0.062042214,0.543549088,-0.039884206
1.016000,0.307584904,-0.175464656,3.488912058,0.069709336,0.545426314,-0.041648083
1.017000,0.361316496,-0.215171757,3.487874334,0.070521018,0.548049343,-0.042289937
1.018000,0.409699212,-0.290857272,3.352977484,0.066203238,0.554370636,-0.041312251
1.019000,0.451312256,-0.228104232,3.397747145,0.063591611,0.554200573,-0.041253051
1.020000,0.428572790,-0.179031668,3.525760767,0.059441246,0.552042445,-0.042715829
1.021000,0.347621911,-0.106007266,3.454656834,0.062634697,0.551431094,-0.044399819
1.022000,0.331945040,-0.106172639,3.424630112,0.067932450,0.552988982,-0.045530313
1.023000,0.386027183,-0.145744375,3.294012101,0.065818492,0.555358824,-0.043582111
1.024000,0.424147098,-0.027331440,3.159784445,0.063091222,0.557870528,-0.044553974
1.025000,0.457529327,0.069232986,3.169902088,0.063911901,0.558564946,-0.045690147
1.026000,0.454912515,0.039850426,3.209700829,0.065193636,0.562616258,-0.050199497
1.027000,0.486670400,-0.028929792,3.252321617,0.063966253,0.562729049,-0.052559882
1.028000,0.464598286,-0.108902900,3.152840072,0.064672867,0.564442761,-0.057413183
1.029000,0.560530917,-0.158113078,3.140326734,0.058761830,0.561502357,-0.056384338
1.030000,0.604421268,-0.098973153,3.124834909,0.047631276,0.563142493,-0.056703251
1.031000,0.599027074,0.050506810,3.199867480,0.047621701,0.562130184,-0.058396741
1.032000,0.611803740,0.067373069,3.119373965,0.043991347,0.564237030,-0.058795292
1.033000,0.660146567,0.053526650,2.987900619,0.043292607,0.564137163,-0.053836302
1.034000,0.613596554,0.041619761,2.881218705,0.052298767,0.564247506,-0.056567274
1.035000,0.614657078,-0.086946563,2.895273266,0.058151423,0.561819699,-0.056946452
1.036000,0.675707059,-0.241035780,2.899190555,0.056333173,0.564146842,-0.056393527
1.037000,0.754002435,-0.135395829,2.945810523,0.052773493,0.564723352,-0.057724197
1.038000,0.766571785,-0.038003304,2.997040842,0.047461317,0.563028845,-0.061242176
1.039000,0.779096118,-0.018934497,3.006471455,0.039569848,0.558584624,-0.059906025
1.040000,0.709492823,0.042473955,2.908713644,0.037355589,0.556659583,-0.058853349
1.041000,0.641982230,0.071932093,2.867496518,0.048481143,0.554612951,-0.058441749
1.042000,0.653196768,0.060390142,2.838654836,0.053894942,0.554195888,-0.056152410
1.043000,0.690755469,0.029823407,2.801702975,0.057726241,0.552340136,-0.049848125
1.044000,0.637693168,0.088622184,2.819855248,0.058974238,0.547753798,-0.048535168
1.045000,0.605485932,-0.022937719,2.893057855,0.053295269,0.542645419,-0.048547485
1.046000,0.614391726,-0.117491664,2.892388404,0.041577849,0.540249353,-0.045984796
1.047000,0.630328445,-0.044523885,2.838916278,0.037359815,0.540817144,-0.044082816
1.048000,0.549360358,0.054512285,2.861431238,0.035629670,0.536761832,-0.044698298
1.049000,0.516792461,0.073053500,2.797398373,0.035104666,0.531709209,-0.039677827
1.050000,0.473448672,0.094326761,2.676730959,0.038547132,0.528325288,-0.034505482
1.051000,0.431818002,0.093850052,2.656922543,0.049233522,0.523618547,-0.031124430
1.052000,0.422217043,0.000640370,2.691462540,0.049455193,0.519209909,-0.027418334
1.053000,0.433270566,-0.050554630,2.704156574,0.047489257,0.516872669,-0.021791872
1.054000,0.357261931,-0.014944848,2.801695468,0.049638657,0.512265268,-0.022990183
1.055000,0.351074511,-0.084846462,2.895459361,0.045392540,0.508428749,-0.021613358
1.056000,0.388287673,-0.086124077,2.750508718,0.039295634,0.508595625,-0.018853144
1.057000,0.430988773,0.070911641,2.684846129,0.037163889,0.504950598,-0.016294306
1.058000,0.387605132,0.063147807,2.657471189,0.040415299,0.501089802,-0.015794734
1.059000,0.369101853,0.046702657,2.626636253,0.043591177,0.496107722,-0.011459152
1.060000,0.299093406,0.041988092,2.582016183,0.052647232,0.492769220,-0.008620402
1.061000,0.259337166,-0.046632035,2.596079829,0.058544461,0.485826962,-0.003338658
1.062000,0.301663161,-0.119890458,2.689590181,0.052907702,0.483017977,0.003038367
1.063000,0.365012665,-0.010845912,2.633829102,0.047352068,0.480439628,0.008195955
1.064000,0.365960436,-0.009558087,2.731683595,0.044512806,0.477177195,0.008639757
1.065000,0.381180913,-0.083659035,2.668799198,0.042386731,0.474534437,0.011411749
1.066000,0.380241843,-0.043375649,2.568351441,0.042181849,0.472029523,0.013254390
1.067000,0.384306660,0.024667270,2.504357187,0.046868500,0.466498426,0.017052779
1.068000,0.387257242,-0.029852759,2.611575753,0.047560647,0.459598783,0.021743637
1.069000,0.382085556,-0.003374590,2.548661022,0.045208840,0.458427161,0.025506219
1.070000,0.402504512,0.016284288,2.532101640,0.046092008,0.452352239,0.029987859
1.071000,0.405652953,-0.029587908,2.535886478,0.050496874,0.450839637,0.034198407
1.072000,0.381160704,-0.037252721,2.524356063,0.048366502,0.445312292,0.036132792
1.073000,0.402934054,-0.027244011,2.466590398,0.051556617,0.442513196,0.039592602
1.074000,0.430695323,-0.068075306,2.615237202,0.052737331,0.436802398,0.039940225
1.075000,0.411261417,-0.103646697,2.535066006,0.050978208,0.434758868,0.042098329
1.076000,0.427721766,-0.062781413,2.451953743,0.044675628,0.432886453,0.044753348
1.077000,0.431164673,-0.015944543,2.354292065,0.046236868,0.432134594,0.047261050
1.078000,0.373947715,-0.064383002,2.416261209,0.042525944,0.424701181,0.047818372
1.079000,0.341666935,-0.060929279,2.372093291,0.046484226,0.417730615,0.051830481
1.080000,0.318041421,-0.121001299,2.425263669,0.055408841,0.412922503,0.051719674
1.081000,0.312764961,-0.215819787,2.434520935,0.053701584,0.406855444,0.054198238
1.082000,0.328754105,-0.189046492,2.422452791,0.045273685,0.404140394,0.057186946
1.083000,0.336557442,-0.065550347,2.368558449,0.041098100,0.400238194,0.058935213
1.084000,0.305184686,-0.044846328,2.414785045,0.040033311,0.396452739,0.055319772
1.085000,0.245316115,-0.163940058,2.321792168,0.044797315,0.393274034,0.054366599
1.086000,0.173951219,-0.229777860,2.191657912,0.058080293,0.389598074,0.050834445
1.087000,0.194260805,-0.332778125,2.252996251,0.064810549,0.382841570,0.051528701
1.088000,0.221739551,-0.335929926,2.335600580,0.056791725,0.378178566,0.052381234
1.089000,0.205072865,-0.158736810,2.429775706,0.044817853,0.374515798,0.052416073
1.090000,0.190143289,-0.038079339,2.430191302,0.034018094,0.371163305,0.051111881
1.091000,0.138271163,-0.052206091,2.425696638,0.032192768,0.366144427,0.048776373
1.092000,0.065280363,-0.212637244,2.231954881,0.039586861,0.360874745,0.046438326
1.093000,0.055607715,-0.212077601,2.156875017,0.047136881,0.356138964,0.048991309
1.094000,0.063653314,-0.143400788,2.021811975,0.051911570,0.355700489,0.049059895
1.095000,0.067763317,-0.096310830,2.068094230,0.051999090,0.353459572,0.047027926
1.096000,0.059921845,-0.171188755,2.139295825,0.047932205,0.351600854,0.043054343
1.097000,0.023420981,-0.238619854,2.161615339,0.043941752,0.346777395,0.039771698
1.098000,0.022162830,-0.325289671,2.127802112,0.044478461,0.342864530,0.036175310
1.099000,0.051734494,-0.308471396,2.118335977,0.041693728,0.339055062,0.035894450
1.100000,0.061089865,-0.213144821,2.143741729,0.039782476,0.337942792,0.033308470
1.101000,0.084704376,-0.167420091,2.108340494,0.031382170,0.336990108,0.030676081
1.102000,0.085666737,-0.135964498,1.985349610,0.023806921,0.336211280,0.027058661
1.103000,0.105192254,-0.165495284,1.978575282,0.021373741,0.331566271,0.024984753
1.104000,0.106317265,-0.213312264,2.014340881,0.017010958,0.325842944,0.023177858
1.105000,0.088396557,-0.241014131,1.974600023,0.018144359,0.321949604,0.023082237
1.106000,0.060989649,-0.126220237,1.945307736,0.019739348,0.319949986,0.020096588
1.107000,0.082286874,-0.165398202,1.903094292,0.018825367,0.320212801,0.016284341
1.108000,0.118136748,-0.209864645,1.875247502,0.012244293,0.319402554,0.012088806
1.109000,0.158741431,-0.185917535,1.826458887,0.006561354,0.319978315,0.007121712
1.110000,0.195430032,-0.133178139,1.906448770,-0.002540382,0.315866203,0.001700924
1.111000,0.238644721,-0.073787537,1.914779458,-0.009503796,0.312881294,-0.003075075
1.112000,0.232967923,0.036509983,1.879520784,-0.014797541,0.308981864,-0.006506934
1.113000,0.199097171,0.073830868,1.770206719,-0.014925844,0.307311924,-0.008105393
1.114000,0.162280540,0.012275891,1.665874268,-0.013764810,0.303471673,-0.009108729
1.115000,0.193855325,-0.009673737,1.590118472,-0.012842041,0.301340166,-0.007275716
1.116000,0.214857354,-0.018114939,1.576322185,-0.015394523,0.301681665,-0.009715928
1.117000,0.209416439,-0.023146617,1.652628796,-0.019630009,0.297692783,-0.013773170
1.118000,0.213770402,-0.086161803,1.667197180,-0.026507644,0.294906636,-0.017973357
1.119000,0.222864579,-0.034000818,1.669869363,-0.036385551,0.291525775,-0.022803369
1.120000,0.220570374,0.016629308,1.625397908,-0.040868588,0.292081679,-0.027965018
1.121000,0.244204126,0.039772343,1.560609484,-0.046700185,0.287870107,-0.028597559
1.122000,0.242964074,0.084732508,1.521043017,-0.051763741,0.287247947,-0.029644060
1.123000,0.233150748,0.153567220,1.465628975,-0.049747410,0.282307402,-0.029540959
1.124000,0.210692080,0.127598660,1.500285262,-0.046219295,0.277334205,-0.029739075
1.125000,0.203524845,0.073928361,1.421469272,-0.044543395,0.272866866,-0.025943945
1.126000,0.178213310,0.057392133,1.291400221,-0.039384918,0.272298706,-0.027515767
1.127000,0.205685596,0.039440267,1.283239156,-0.035245179,0.268029064,-0.027868492
1.128000,0.253034728,0.044670890,1.239037362,-0.034085672,0.266975921,-0.027990391
1.129000,0.274624047,0.104765680,1.255927963,-0.032860029,0.264234716,-0.027205620
1.130000,0.269487620,0.144043711,1.251465601,-0.028427211,0.259607679,-0.027533618
1.131000,0.260658171,0.152672524,1.186966565,-0.024497704,0.257524691,-0.026845912
1.132000,0.255882500,0.089155433,1.166576727,-0.021350667,0.251642788,-0.024237759
1.133000,0.257771736,0.007949171,1.136973028,-0.021883339,0.245954889,-0.020332947
1.134000,0.254087073,-0.010568167,1.129653910,-0.025279245,0.239738636,-0.016868173
1.135000,0.283672517,0.022415365,1.114965917,-0.026342981,0.235698280,-0.013096227
1.136000,0.312064395,0.011265152,1.210521754,-0.028856774,0.228840097,-0.008620358
1.137000,0.291357612,0.018362182,1.151602808,-0.027146052,0.224673953,-0.003545567
1.138000,0.237432399,0.067093750,1.094005225,-0.022018047,0.220047863,0.000679907
1.139000,0.167902052,0.064264595,0.998171832,-0.018190447,0.214630155,0.006667245
1.140000,0.116952338,0.061020691,0.937479721,-0.020201469,0.210133062,0.010692835
1.141000,0.096901608,0.180505148,0.896231518,-0.023693990,0.206252782,0.013417239
1.142000,0.064633446,0.271998321,0.834788750,-0.024795242,0.203277146,0.012683902
1.143000,0.032867748,0.307780842,0.818645932,-0.023002280,0.197922268,0.011296018
1.144000,-0.000653950,0.280834769,0.733086592,-0.011523217,0.192764466,0.009609537
1.145000,-0.020698506,0.223318888,0.690874186,0.003141745,0.185875004,0.007219114
1.146000,-0.039393192,0.168651110,0.669196409,0.011716421,0.180244629,0.007153149
1.147000,-0.045473915,0.150318488,0.663539970,0.011075253,0.174486673,0.008299864
1.148000,-0.028672726,0.199995384,0.715144347,0.002786870,0.167853332,0.009599371
1.149000,-0.060002802,0.256255984,0.763850305,-0.004402639,0.160983238,0.008219335
1.150000,-0.093633286,0.225782703,0.775330086,-0.007244109,0.154081510,0.005324388
1.151000,-0.132532475,0.173605534,0.679161640,-0.001214226,0.147922916,0.003890397
1.152000,-0.152719252,0.096566214,0.533426023,0.012658507,0.143286838,0.001495591
1.153000,-0.122841164,-0.026386094,0.444252145,0.024660548,0.138704492,0.001590482
1.154000,-0.077825020,-0.092849619,0.364615277,0.030729588,0.137073626,0.002257013
1.155000,-0.019406364,-0.106954832,0.363736123,0.032680655,0.134099342,0.001445905
1.156000,0.010556903,-0.132935615,0.377963275,0.034749818,0.130786181,-0.000925920
1.157000,0.004042782,-0.161451322,0.381400102,0.040022585,0.124178387,-0.001470151
1.158000,-0.054266824,-0.160596427,0.263792240,0.054028595,0.118913995,-0.004916635
1.159000,-0.060417795,-0.164651082,0.177575521,0.065765475,0.111647685,-0.006872492
1.160000,-0.064954970,-0.129333616,0.066058295,0.071468972,0.109155538,-0.009590103
1.161000,-0.023365383,-0.043851686,0.106617856,0.069074175,0.102809190,-0.011277365
1.162000,0.010849792,-0.001055564,0.137021270,0.064217727,0.099382197,-0.013138681
1.163000,0.032151548,0.017633885,0.220357951,0.059658730,0.094002248,-0.014353394
1.164000,0.000815052,0.033925099,0.217775373,0.062738146,0.087104984,-0.016353175
1.165000,-0.012329624,0.002889547,0.195490250,0.070046916,0.079226818,-0.016952112
1.166000,-0.029751260,-0.043088185,0.073513531,0.075887875,0.073509128,-0.017149484
1.167000,-0.009623795,-0.003476548,-0.003742182,0.081706401,0.068938516,-0.017464503
1.168000,0.022413947,0.013026892,-0.009922289,0.082381527,0.065071324,-0.020035509
1.169000,0.044030156,0.007404824,-0.009507290,0.077111620,0.061655083,-0.021961142
1.170000,0.021616909,0.008783743,-0.002911119,0.074726698,0.058122906,-0.024724184
1.171000,-0.017541566,-0.008022859,-0.039690593,0.076817818,0.054117461,-0.029568135
1.172000,-0.033489053,-0.023692991,-0.126386391,0.079840184,0.048336946,-0.031914278
1.173000,-0.008349795,-0.049159745,-0.202247264,0.088983879,0.044381929,-0.034316259
1.174000,0.024435350,-0.070358010,-0.235417636,0.095338806,0.040038111,-0.035603862
1.175000,0.064302003,-0.126401967,-0.295926134,0.097528232,0.037581406,-0.036084775
1.176000,0.040944695,-0.128158625,-0.337538388,0.101346620,0.033055026,-0.037320263
1.177000,-0.020095185,-0.220746643,-0.277724927,0.108703349,0.025856194,-0.039744270
1.178000,-0.057410301,-0.286601629,-0.272475051,0.110044497,0.016274457,-0.039238307
1.179000,-0.079417031,-0.306237594,-0.295552522,0.111655514,0.009973782,-0.038506045
1.180000,-0.073888022,-0.259116753,-0.268372001,0.110263933,0.004087132,-0.039628980
1.181000,-0.042712592,-0.202417169,-0.272208319,0.106871504,0.001138974,-0.038841987
1.182000,-0.070229324,-0.141346193,-0.283612214,0.100585508,-0.002539769,-0.039308700
1.183000,-0.079745206,-0.109071441,-0.309336561,0.096437044,-0.008182508,-0.038846036
1.184000,-0.132507862,-0.079971724,-0.388391261,0.092079599,-0.014751562,-0.037002764
1.185000,-0.170264755,-0.060585495,-0.383596367,0.090834258,-0.021123664,-0.035209133
1.186000,-0.187597937,-0.047187558,-0.374718141,0.091257046,-0.025132526,-0.033424255
1.187000,-0.211786667,-0.032408505,-0.442423630,0.093076111,-0.026547041,-0.030308854
1.188000,-0.227819531,-0.014338770,-0.545811365,0.095640157,-0.028162108,-0.028886248
1.189000,-0.248187149,-0.011124467,-0.669648576,0.098558283,-0.031067455,-0.027517264
1.190000,-0.257533526,-0.042691078,-0.746912823,0.099085837,-0.035258928,-0.026745852
1.191000,-0.204950371,0.030810731,-0.669025596,0.096254763,-0.040642899,-0.024041379
1.192000,-0.183364845,0.053299671,-0.600258959,0.096260321,-0.042478150,-0.022889283
1.193000,-0.135477621,0.100217388,-0.585632751,0.095003613,-0.045027320,-0.020630616
1.194000,-0.118538531,0.122281232,-0.662883356,0.096470776,-0.047558835,-0.018450132
1.195000,-0.119103013,0.084473281,-0.770747589,0.099499582,-0.051321086,-0.014728247
1.196000,-0.098813097,0.026785645,-0.848351682,0.109787041,-0.055147327,-0.011159753
1.197000,-0.066684026,-0.112597200,-0.829263472,0.118403233,-0.059856363,-0.007963763
1.198000,0.002206684,-0.305972426,-0.763268203,0.117234686,-0.063402959,-0.003000401
1.199000,0.086349848,-0.306943746,-0.689636838,0.109926010,-0.064652143,0.000655532
1.200000,0.148221885,-0.148095979,-0.680680544,0.097147154,-0.063299846,0.002606641
1.201000,0.185399047,-0.029495554,-0.727681752,0.084685298,-0.061878733,0.003268810
1.202000,0.172280351,-0.044157538,-0.846400568,0.080764359,-0.060806086,0.003639611
1.203000,0.164025330,-0.056633252,-0.976630822,0.085653804,-0.064054968,0.004539448
1.204000,0.144454529,-0.010185384,-1.132772778,0.090314199,-0.068660088,0.008714035
1.205000,0.132325820,0.022977454,-1.085763059,0.095024641,-0.074042063,0.012541923
1.206000,0.130580115,0.019504983,-0.926978635,0.087988250,-0.079897525,0.016323745
1.207000,0.153426726,0.030943879,-0.817317869,0.073685767,-0.080429508,0.021746858
1.208000,0.143893212,0.126505784,-0.800519215,0.059718609,-0.081225698,0.025790285
1.209000,0.134894990,0.250845824,-0.845213624,0.053608220,-0.083093978,0.026751022
1.210000,0.117858015,0.369610919,-1.088735424,0.053972293,-0.083242431,0.028592059
1.211000,0.122986205,0.424738877,-1.262110976,0.063330963,-0.085010503,0.031030498
1.212000,0.084517122,0.374517803,-1.189471273,0.073031146,-0.090974753,0.032483944
1.213000,0.066169584,0.250953776,-1.076271614,0.076175334,-0.094147521,0.032805932
1.214000,0.029922530,0.077922326,-0.849723873,0.064726842,-0.098159482,0.032755500
1.215000,0.036843777,0.015789113,-0.745254463,0.046940947,-0.100826820,0.036194599
1.216000,0.019592656,0.120622294,-0.928819805,0.028058116,-0.097572456,0.036390508
1.217000,0.012485883,0.188999684,-1.218251540,0.024719917,-0.095150282,0.033038315
1.218000,0.002834432,0.082796019,-1.359277246,0.031359505,-0.095991948,0.030460541
1.219000,-0.026375163,-0.069913359,-1.356802341,0.042506154,-0.101094052,0.028852829
1.220000,-0.047070960,-0.152842150,-1.177645986,0.053604460,-0.107943096,0.026926944
1.221000,-0.002662746,-0.229396381,-0.995836776,0.043502194,-0.113567595,0.034394537
1.222000,0.036364463,-0.047530726,-1.057620429,0.024903273,-0.111151589,0.038694884
1.223000,0.049266095,0.196382746,-1.093933332,0.008639930,-0.107031611,0.038926434
1.224000,0.000319455,0.173694431,-1.152395888,0.004607577,-0.103767487,0.037444645
1.225000,-0.081684346,0.065796709,-1.279029716,0.020767245,-0.110072423,0.035041367
1.226000,-0.129628090,-0.038868293,-1.365502692,0.045115423,-0.118103892,0.034119193
1.227000,-0.077946820,-0.061214936,-1.313686757,0.055421794,-0.122228142,0.039552213
1.228000,-0.052344235,0.060744920,-1.207979928,0.044630112,-0.119399155,0.042511101
1.229000,-0.036555765,0.228233264,-1.116289917,0.020823508,-0.117936415,0.044545680
1.230000,-0.069010036,0.327763824,-1.138605874,-0.000001542,-0.117388592,0.044186593
1.231000,-0.112982330,0.247865165,-1.310934652,-0.000637839,-0.119494042,0.040429202
1.232000,-0.141786555,0.015489181,-1.300474157,0.013114494,-0.123767931,0.039609990
1.233000,-0.083880118,-0.053863763,-1.229454815,0.013138178,-0.125334516,0.042053733
1.234000,-0.082869847,0.124564903,-1.270877954,0.013184617,-0.122369930,0.042736373
1.235000,-0.010231384,0.223965053,-1.235852663,0.009177740,-0.124138154,0.043451249
1.236000,0.056850315,0.211715000,-1.206217891,-0.016987381,-0.124880792,0.046689954
1.237000,0.080177008,0.179578991,-1.348525354,-0.024572471,-0.120834452,0.045837848
1.238000,0.050335328,-0.002455230,-1.364910226,-0.010500216,-0.122900960,0.042000225
1.239000,0.039209974,-0.241447158,-1.337116658,0.006772192,-0.125813127,0.041442416
1.240000,0.059188301,-0.267843067,-1.431132520,0.019903029,-0.123808596,0.044547721
1.241000,0.138849057,-0.075626907,-1.509926833,0.022207164,-0.119875933,0.045853943
1.242000,0.219349313,0.115637735,-1.371301232,0.006322960,-0.121588438,0.046192795
1.243000,0.244196159,0.157030682,-1.355080641,-0.006959494,-0.121607992,0.045014578
1.244000,0.177854782,0.105386486,-1.402443985,-0.000915799,-0.119842015,0.040235270
1.245000,0.106168701,-0.166494004,-1.345571518,0.025142805,-0.120903688,0.034786751
1.246000,0.102667023,-0.492497704,-1.361362999,0.041497802,-0.128469742,0.033787635
1.247000,0.211495410,-0.444482028,-1.433238509,0.038032094,-0.129821785,0.035007872
1.248000,0.332521948,-0.099302807,-1.268905493,0.018644194,-0.124912946,0.033720617
1.249000,0.357020676,0.184097402,-1.142250478,-0.004246089,-0.119051489,0.031492137
1.250000,0.249839197,0.175040720,-1.286111068,-0.005354947,-0.116632922,0.029311523
1.251000,0.087036987,-0.067407881,-1.502668140,0.021518372,-0.122780591,0.025468109
1.252000,0.017596431,-0.385395595,-1.567318702,0.044838742,-0.133778998,0.025099339
1.253000,0.053233663,-0.539555175,-1.527031744,0.047004100,-0.139594802,0.028149618
1.254000,0.191884675,-0.297880086,-1.364976279,0.031075575,-0.136904937,0.028783598
1.255000,0.293707072,0.078689739,-0.993201836,-0.009997086,-0.128456034,0.024956121
1.256000,0.193793530,0.267141984,-0.978863852,-0.031587521,-0.122071681,0.019235321
1.257000,0.018517044,0.163719792,-1.371834788,-0.012207340,-0.123519134,0.013164606
1.258000,-0.159300032,-0.128635276,-1.786237556,0.037093990,-0.133930175,0.009291346
1.259000,-0.203378977,-0.404651302,-1.917968467,0.069322196,-0.142934765,0.010866229
1.260000,-0.112540687,-0.406450857,-1.842501112,0.066521899,-0.143344612,0.012156494
1.261000,0.076382668,-0.084475082,-1.399319215,0.032201338,-0.139237428,0.009695353
1.262000,0.134234106,0.182534613,-1.090884747,-0.015521200,-0.135839734,0.003744800
1.263000,0.011305937,0.229089084,-1.121932695,-0.028924508,-0.132629210,-0.001819870
1.264000,-0.159366520,0.110760010,-1.424102458,-0.001951339,-0.131157604,-0.006642257
1.265000,-0.283287096,-0.184780717,-1.649799165,0.038911725,-0.136737607,-0.007971544
1.266000,-0.253558931,-0.428130900,-1.862780032,0.062130719,-0.141892846,-0.004264924
1.267000,-0.132270015,-0.291630474,-1.885560667,0.058287102,-0.143598090,-0.002723602
1.268000,0.020881935,-0.048722602,-1.556036050,0.027170282,-0.142112919,-0.004595452
1.269000,0.048240148,0.051938938,-1.215740936,-0.010465429,-0.137825814,-0.010722401
1.270000,-0.090123724,0.024044639,-1.238736334,-0.018621562,-0.138290905,-0.018554619
1.271000,-0.216559426,-0.108968946,-1.582978308,0.007223046,-0.144151744,-0.023590883
1.272000,-0.258953179,-0.236698525,-1.939025184,0.042927161,-0.148240271,-0.023895265
1.273000,-0.176329881,-0.228835045,-2.026666553,0.062258592,-0.149564243,-0.020401733
1.274000,-0.000336584,-0.062034478,-1.924312129,0.052242938,-0.143610752,-0.016803675
1.275000,0.109573308,0.121066765,-1.668964300,0.020297211,-0.138602932,-0.016623091
1.276000,0.094870536,0.159192834,-1.497729818,-0.007898286,-0.139901843,-0.020162887
1.277000,-0.034155231,0.099711647,-1.621292660,-0.008657464,-0.146403844,-0.025268992
1.278000,-0.133853586,0.008575004,-1.909107195,0.014067932,-0.154059293,-0.027372234
1.279000,-0.113440441,-0.079745024,-2.088120652,0.039452287,-0.155082130,-0.026107347
1.280000,0.008817200,-0.048390886,-2.082393251,0.046112236,-0.152302032,-0.022812331
1.281000,0.146252121,0.099555352,-1.959969055,0.031522232,-0.147116443,-0.019848302
1.282000,0.217172827,0.195595572,-1.809598204,0.012674714,-0.145517804,-0.020579252
1.283000,0.213021052,0.218890659,-1.682133959,-0.008542542,-0.147831354,-0.023261967
1.284000,0.119580896,0.228053809,-1.767348297,-0.014323797,-0.152959202,-0.026256168
1.285000,0.026404515,0.153848549,-2.072586660,0.005733791,-0.159301551,-0.028314778
1.286000,0.050021537,0.017718403,-2.228929524,0.027013179,-0.161091191,-0.027200420
1.287000,0.152180150,-0.024517546,-2.256158030,0.039327333,-0.159573785,-0.026124838
1.288000,0.251345091,-0.001637969,-2.094276685,0.034439350,-0.159131417,-0.026669883
1.289000,0.300778750,0.014585594,-1.929486727,0.013778968,-0.161174764,-0.026309690
1.290000,0.271545378,0.074785408,-1.920276707,-0.007202075,-0.166699574,-0.025341927
1.291000,0.186477842,0.133891119,-2.037612655,-0.011868297,-0.172394811,-0.025488051
1.292000,0.128964812,0.120652565,-2.153554870,-0.004985239,-0.177477661,-0.024333994
1.293000,0.139486298,0.078748897,-2.324218259,0.009103839,-0.177778095,-0.021224476
1.294000,0.183832955,0.071171780,-2.347429428,0.015123561,-0.177844580,-0.017803865
1.295000,0.238201511,0.067263797,-2.258531795,0.007771065,-0.178248174,-0.014850458
1.296000,0.252086894,0.123352139,-2.194009989,-0.010632360,-0.181803282,-0.013404622
1.297000,0.160327275,0.188375023,-2.173539201,-0.023679371,-0.188472935,-0.014669918
1.298000,0.084997073,0.187285575,-2.206016759,-0.024170260,-0.194470266,-0.015462374
1.299000,0.018952832,0.176091543,-2.344235044,-0.014421350,-0.198944486,-0.015597652
1.300000,0.032302019,0.147187116,-2.500603809,0.002930621,-0.200998880,-0.013769560
1.301000,0.067781267,0.084407521,-2.564105347,0.011548958,-0.202517279,-0.010956980
1.302000,0.109115164,0.058531110,-2.505853114,0.006672816,-0.206822643,-0.008638506
1.303000,0.108929102,0.054462778,-2.384005395,-0.006725418,-0.213024961,-0.007566219
1.304000,0.068788153,0.129463596,-2.329678671,-0.023523901,-0.216250160,-0.007103346
1.305000,0.004586461,0.189255562,-2.373690882,-0.032781522,-0.219967821,-0.009166466
1.306000,-0.019943093,0.105851584,-2.511121367,-0.030318567,-0.223212556,-0.010092294
1.307000,-0.027226506,-0.018359164,-2.657083170,-0.019712987,-0.225802934,-0.009914171
1.308000,0.022341571,-0.099119984,-2.706161633,-0.009522177,-0.229858389,-0.008629590
1.309000,0.072429641,-0.101734061,-2.644470567,-0.010858378,-0.234303357,-0.006396669
1.310000,0.124987528,0.000671386,-2.518876306,-0.020435580,-0.237692663,-0.004486989
1.311000,0.118101718,0.062320290,-2.388990293,-0.029314032,-0.242365382,-0.005350760
1.312000,0.086781447,0.042361951,-2.382607163,-0.030492179,-0.247987338,-0.005035123
1.313000,0.055872181,0.004567396,-2.530543735,-0.023995739,-0.252640002,-0.003516516
1.314000,0.038811210,0.011041704,-2.768576206,-0.010220790,-0.256057828,0.000242584
1.315000,0.066177623,0.008143834,-2.889007583,0.001269068,-0.258164496,0.002340725
1.316000,0.135639596,0.011727530,-2.805350568,-0.000708407,-0.259058155,0.005213437
1.317000,0.185176922,0.071859957,-2.649951943,-0.011173847,-0.260381055,0.005932226
1.318000,0.161981523,0.090970839,-2.542966060,-0.020878677,-0.265064107,0.004073030
1.319000,0.129221627,0.050745889,-2.600361118,-0.025558737,-0.271820840,0.003232608
1.320000,0.101058085,0.026472283,-2.731818861,-0.022315278,-0.276809509,0.003664114
1.321000,0.124149103,-0.014960584,-2.809492696,-0.014473507,-0.280597570,0.003188351
1.322000,0.193266848,-0.026540450,-2.830171405,-0.010400860,-0.283848905,0.004318463
1.323000,0.249309911,-0.012006422,-2.772545527,-0.011205641,-0.286661515,0.006889967
1.324000,0.271845975,-0.002760979,-2.626710138,-0.016422462,-0.294018030,0.007248618
1.325000,0.255760611,-0.027348488,-2.545120255,-0.021393238,-0.301569979,0.007962379
1.326000,0.258608490,-0.086605905,-2.558242223,-0.021197206,-0.306998516,0.007981524
1.327000,0.257822128,-0.139341046,-2.566288234,-0.017115274,-0.312163111,0.006725219
1.328000,0.280785190,-0.150970785,-2.670876706,-0.014601006,-0.313458206,0.008956067
1.329000,0.299634516,-0.101900919,-2.783797304,-0.012726054,-0.313107597,0.010024457
1.330000,0.319946199,-0.080620303,-2.794950451,-0.013256448,-0.314730295,0.011866254
1.331000,0.303598794,-0.099730033,-2.721989448,-0.018428943,-0.320086375,0.014321395
1.332000,0.285251296,-0.033919963,-2.786048336,-0.018844240,-0.323765674,0.014949791
1.333000,0.262630190,-0.066347667,-2.756170960,-0.016146394,-0.328808934,0.014644687
1.334000,0.260398041,-0.148317420,-2.769492303,-0.013326259,-0.332771916,0.015912091
1.335000,0.268003665,-0.102462137,-2.837029662,-0.012842769,-0.335125577,0.017161787
1.336000,0.290419218,-0.045579617,-2.824052638,-0.007788960,-0.337654941,0.016690801
1.337000,0.300863086,-0.062027311,-2.745415610,-0.004796186,-0.343421994,0.016419376
1.338000,0.313101817,-0.078610204,-2.760708756,-0.001947168,-0.347890029,0.018259627
1.339000,0.263849685,-0.088515200,-2.792850304,0.001605085,-0.353299451,0.017477054
1.340000,0.263222748,-0.129546017,-2.758072560,0.001096251,-0.358836729,0.016979450
1.341000,0.236960736,-0.143576876,-2.745557221,-0.005190312,-0.360836612,0.016179594
1.342000,0.204610454,-0.100344861,-2.773781025,-0.007086336,-0.361413855,0.013976403
1.343000,0.221846340,-0.062020752,-2.830767627,-0.007174712,-0.362574613,0.012882945
1.344000,0.246212196,-0.073980924,-2.924109489,-0.008498772,-0.363355201,0.012201471
1.345000,0.238684551,-0.072645848,-3.018480289,-0.010736491,-0.364107979,0.012590638
1.346000,0.223709757,-0.094405945,-3.064452176,-0.009828633,-0.367374431,0.009989559
1.347000,0.237463308,-0.144674579,-2.998908110,-0.013206638,-0.371034663,0.007538137
1.348000,0.269120977,-0.102361114,-2.976773245,-0.016652953,-0.372574046,0.009395413
1.349000,0.293945580,0.002193769,-3.048252066,-0.016514205,-0.372760802,0.010342113
1.350000,0.278142815,0.027057134,-3.039813740,-0.010588839,-0.376277794,0.009349417
1.351000,0.275274245,-0.012069583,-3.068694348,-0.001700174,-0.378970225,0.009674550
1.352000,0.263148978,-0.031514732,-3.115812496,0.009417611,-0.381687830,0.010620296
1.353000,0.270609826,-0.049221024,-3.089495061,0.015873933,-0.382654888,0.009689231
1.354000,0.319125417,-0.012942314,-3.084280302,0.010585778,-0.383262565,0.011048228
1.355000,0.348738867,0.072508397,-3.123322932,0.004237616,-0.380589356,0.009034304
1.356000,0.364209901,0.069212209,-3.036024240,0.000577576,-0.381476653,0.004599453
1.357000,0.343306262,0.002455146,-3.093902208,0.000020774,-0.380242581,0.001752828
1.358000,0.337746759,-0.025990279,-3.323443578,0.007955018,-0.379332904,0.000796200
1.359000,0.333364029,-0.091810923,-3.458253886,0.015203741,-0.380545638,-0.000192352
1.360000,0.381764016,-0.122282331,-3.439743044,0.012399512,-0.381411349,-0.000785370
1.361000,0.426858671,-0.071849355,-3.377137829,0.001836019,-0.383188072,-0.001883546
1.362000,0.445711573,0.000279513,-3.329190398,-0.003868879,-0.385203681,-0.003018000
1.363000,0.441561553,0.079908679,-3.309585788,-0.007887483,-0.385278023,-0.004789760
1.364000,0.427969432,0.103939110,-3.387915829,-0.004202409,-0.386319666,-0.008242542
1.365000,0.429606070,0.082495090,-3.507128232,0.005250378,-0.388077791,-0.009590982
1.366000,0.481928535,0.096140992,-3.469045827,0.013358330,-0.389536413,-0.007144759
1.367000,0.479861266,0.131872271,-3.411478774,0.017123297,-0.391121897,-0.007148002
1.368000,0.478351230,0.133358500,-3.360917712,0.014698661,-0.392783956,-0.006294518
1.369000,0.481109897,0.173705704,-3.317989525,0.008602717,-0.393034032,-0.005501135
1.370000,0.453168605,0.227845339,-3.362094959,0.008308546,-0.392059202,-0.007324083
1.371000,0.424726061,0.208229871,-3.397780901,0.008347868,-0.392041760,-0.009076670
1.372000,0.417182628,0.161275529,-3.493566866,0.013290019,-0.390589127,-0.010175294
1.373000,0.408447145,0.139273201,-3.615255183,0.016859681,-0.389103464,-0.011344791
1.374000,0.433235709,0.123944511,-3.704517479,0.016170629,-0.387136757,-0.013178299
1.375000,0.465699967,0.112316944,-3.607684138,0.010043960,-0.387660109,-0.016830648
1.376000,0.484393591,0.130218935,-3.551931757,0.004330263,-0.389648205,-0.020183137
1.377000,0.490366237,0.121465446,-3.534623496,0.003628336,-0.392696427,-0.022452913
1.378000,0.458040313,0.116475420,-3.479088975,0.014638481,-0.397627539,-0.023426326
1.379000,0.413860089,0.029167395,-3.602129298,0.028557945,-0.399145980,-0.024941447
1.380000,0.444030966,-0.081938377,-3.576859093,0.035652730,-0.402159065,-0.023458288
1.381000,0.514828543,-0.055211881,-3.512158349,0.037776808,-0.402893006,-0.021742754
1.382000,0.540913808,0.064234936,-3.407591071,0.030460223,-0.402265594,-0.021793058
1.383000,0.534721969,0.103675357,-3.391571054,0.018612100,-0.400558112,-0.023999763
1.384000,0.493677836,0.148239052,-3.414639779,0.017527084,-0.401945751,-0.025291893
1.385000,0.458122446,0.090568185,-3.515795378,0.024306655,-0.402217538,-0.026009279
1.386000,0.441778929,-0.037070842,-3.650710862,0.027701348,-0.403254551,-0.026479342
1.387000,0.441181932,-0.056877057,-3.699750545,0.026477064,-0.406914099,-0.023832217
1.388000,0.433449595,0.050189257,-3.707861970,0.023551630,-0.407039204,-0.022773688
1.389000,0.478523571,0.118492574,-3.593160672,0.012971540,-0.408019037,-0.024267284
1.390000,0.519577875,0.218530635,-3.480383983,0.006627492,-0.406736866,-0.025539688
1.391000,0.527618711,0.270174928,-3.452148730,0.013223908,-0.408832921,-0.029390903
1.392000,0.503300907,0.155625509,-3.532587198,0.026915589,-0.414555980,-0.029797775
1.393000,0.462030208,0.038840284,-3.574951318,0.041841185,-0.420660953,-0.029901202
1.394000,0.527259636,-0.000249602,-3.515837895,0.048950915,-0.426161679,-0.026857429
1.395000,0.598127066,-0.000266889,-3.333592237,0.042354511,-0.427883740,-0.022156713
1.396000,0.618736302,0.081468323,-3.268033908,0.031168597,-0.427425463,-0.020576006
1.397000,0.548048727,0.084325987,-3.252073725,0.022406960,-0.427808228,-0.020688948
1.398000,0.524937106,0.007931716,-3.404646884,0.016560159,-0.427548948,-0.018679180
1.399000,0.517907347,-0.014845228,-3.593682670,0.020655794,-0.428614502,-0.018266366
1.400000,0.519263630,-0.034237087,-3.703708886,0.028404911,-0.429116771,-0.019722010
1.401000,0.555637206,-0.036897162,-3.632247048,0.023669931,-0.432040887,-0.019117725
1.402000,0.595160448,0.047126156,-3.641302895,0.019169228,-0.429444575,-0.018592452
1.403000,0.623223339,0.078811780,-3.589187588,0.016640850,-0.428902781,-0.019756515
1.404000,0.647972847,-0.021586534,-3.576137608,0.016128938,-0.430409787,-0.021677874
1.405000,0.621870900,-0.067609410,-3.679023860,0.021618914,-0.434436633,-0.020342578
1.406000,0.615300006,-0.093666280,-3.632407619,0.038058154,-0.441734570,-0.019337359
1.407000,0.631699329,-0.057934581,-3.554555544,0.049141975,-0.447069039,-0.016420954
1.408000,0.648294539,-0.063114715,-3.525484692,0.049489444,-0.446193117,-0.012171189
1.409000,0.678384576,-0.059884848,-3.462679377,0.034478333,-0.445628994,-0.008038109
1.410000,0.671509480,0.018996142,-3.442978870,0.017371925,-0.450310749,-0.005695160
1.411000,0.637742011,0.147499084,-3.446366050,0.008680205,-0.455949689,-0.007720999
1.412000,0.598114935,0.134799740,-3.443953436,0.011572571,-0.457681512,-0.010893552
1.413000,0.587291517,0.019382150,-3.667861371,0.024349290,-0.455973565,-0.012961575
1.414000,0.573349455,-0.065969946,-3.853420666,0.037618780,-0.453862579,-0.013481796
1.415000,0.668194086,-0.165949140,-3.902067108,0.041462803,-0.453388813,-0.011785956
1.416000,0.692337069,-0.177453162,-3.818407630,0.036512838,-0.455962486,-0.009170042
1.417000,0.715373056,-0.120926840,-3.669866558,0.026499473,-0.460000660,-0.008135864
1.418000,0.727418419,-0.107396034,-3.497997186,0.014209240,-0.464651303,-0.007251763
1.419000,0.717129824,-0.024705774,-3.547889854,0.012181994,-0.464211464,-0.004517433
1.420000,0.681097872,0.034313650,-3.702079789,0.027033466,-0.463398246,-0.002823504
1.421000,0.660410796,-0.009186219,-3.755800663,0.033755160,-0.470741791,-0.001175933
1.422000,0.647705637,-0.058609817,-3.830888402,0.032423446,-0.473454518,0.003255438
1.423000,0.663785716,-0.032302671,-3.738935562,0.029829489,-0.477529731,0.002811978
1.424000,0.684560230,-0.009738060,-3.486453291,0.024570555,-0.481052776,0.002996978
1.425000,0.648776563,-0.034358100,-3.587252949,0.016743549,-0.481130000,0.004564249
1.426000,0.641651513,0.026291354,-3.798019154,0.025134590,-0.481539236,0.005251498
1.427000,0.593783486,-0.014753862,-3.846619518,0.033228734,-0.487941335,0.005150274
1.428000,0.602010337,-0.126076285,-3.922602558,0.037456907,-0.487989494,0.008618854
1.429000,0.621401183,-0.165575334,-3.856287934,0.033651210,-0.488478601,0.010819693
1.430000,0.668378741,-0.062645878,-3.743266167,0.020930586,-0.487828446,0.013574976
1.431000,0.645205233,0.129297070,-3.699029417,0.003400231,-0.486561398,0.013863258
1.432000,0.645108052,0.210561348,-3.765890508,-0.000898324,-0.488379718,0.011676042
1.433000,0.588858876,0.090600235,-3.823964853,0.008091897,-0.492952266,0.008444940
1.434000,0.573423330,-0.056462667,-3.871750461,0.022956830,-0.497309570,0.010482414
1.435000,0.598143563,-0.091376007,-3.930248416,0.033199808,-0.499729408,0.012493255
1.436000,0.641212198,-0.034088471,-3.799586918,0.035794726,-0.500660562,0.015267765
1.437000,0.635347462,-0.005970593,-3.706328078,0.026660310,-0.503097378,0.016309627
1.438000,0.658970414,0.071022347,-3.664972773,0.017812759,-0.503837058,0.018671363
1.439000,0.613293940,0.053763852,-3.779420753,0.013732496,-0.503719980,0.016504087
1.440000,0.581897010,0.075004501,-3.883277909,0.019811314,-0.504213078,0.013963775
1.441000,0.580781603,-0.028984817,-3.907270642,0.024283631,-0.506774877,0.013730917
1.442000,0.591050684,-0.024234268,-3.976680728,0.028498817,-0.505370817,0.012725737
1.443000,0.611852043,0.029329333,-3.807235889,0.025949643,-0.507422600,0.010725352
1.444000,0.671448895,0.038172477,-3.805488510,0.015485994,-0.506696437,0.012507000
1.445000,0.666125258,-0.008981580,-3.794531370,0.008453393,-0.505587867,0.011706919
1.446000,0.679674617,-0.033351948,-3.807268255,0.007923019,-0.509039829,0.009539623
1.447000,0.639604989,-0.070471646,-3.784560155,0.007453469,-0.513059235,0.008714743
1.448000,0.638004784,-0.018331441,-3.924464387,0.008823776,-0.510425004,0.011991680
1.449000,0.673422246,0.139810402,-3.981598933,0.013610231,-0.509376515,0.015987237
1.450000,0.691189620,0.218193861,-4.023625314,0.017059628,-0.507055847,0.016481090
1.451000,0.643197830,0.066403903,-3.894605329,0.015740380,-0.511786742,0.015430337
1.452000,0.613158466,-0.015302598,-3.812615729,0.016163854,-0.516535387,0.014898818
1.453000,0.634082854,0.033436829,-3.819922817,0.013835604,-0.517936108,0.012933519
1.454000,0.689674633,0.027144668,-3.820857813,0.005221794,-0.517347257,0.013908122
1.455000,0.738217966,0.153885288,-3.841325088,-0.005611227,-0.515672550,0.014851864
1.456000,0.770283809,0.279008720,-3.809542994,-0.003282433,-0.514683345,0.014185766
1.457000,0.706332634,0.189444965,-3.681617118,0.002007958,-0.517836116,0.014388570
1.458000,0.641438180,0.125768835,-3.845950444,0.014195280,-0.516975388,0.016941839
1.459000,0.611863341,0.056735262,-4.031447127,0.022483351,-0.519023174,0.015951894
1.460000,0.617364426,0.006521396,-3.950098380,0.023009292,-0.519149618,0.015080615
1.461000,0.653669311,0.007775159,-3.788078578,0.013713746,-0.518830134,0.011318386
1.462000,0.636557971,0.040753451,-3.734076537,0.010505760,-0.515925406,0.005092680
1.463000,0.660988771,-0.087111454,-3.610799029,0.009762550,-0.516394786,0.000131067
1.464000,0.705138560,-0.156679631,-3.850891905,0.005298511,-0.511650828,0.001870583
1.465000,0.696421737,0.064743417,-3.923834178,0.005557222,-0.514161185,0.000755898
1.466000,0.657883266,0.150222128,-3.836621482,0.011090202,-0.514436960,-0.000426060
1.467000,0.618334136,0.076612224,-3.610399098,0.014591897,-0.517926762,0.000294754
1.468000,0.551629814,0.068770831,-3.723326048,0.020451156,-0.516712818,-0.000592841
1.469000,0.526948321,0.037724017,-3.796168768,0.029444059,-0.519074278,-0.003207947
1.470000,0.500908951,-0.195616449,-3.740833895,0.033091618,-0.519623865,-0.004421207
1.471000,0.550033051,-0.226634143,-3.661815575,0.021949120,-0.518863626,-0.004167963
1.472000,0.564859278,-0.051492690,-3.658472372,0.015201020,-0.513518616,-0.001916528
1.473000,0.612424683,0.040791432,-3.546222662,0.009562264,-0.511193044,0.003029242
1.474000,0.599555573,0.072327075,-3.640581919,-0.000303848,-0.507885604,0.009727127
1.475000,0.542725792,0.153480296,-3.704177494,-0.000406769,-0.508208966,0.013075822
1.476000,0.454321607,0.202189138,-3.670426058,0.006990035,-0.509332930,0.012705934
1.477000,0.419150481,0.067890345,-3.653381213,0.011496207,-0.506185759,0.010704166
1.478000,0.416203195,0.026852862,-3.762997234,0.011111216,-0.502179912,0.007157758
1.479000,0.460653027,0.017303463,-3.735454520,0.013589693,-0.499757226,-0.000560811
1.480000,0.501990305,-0.085609565,-3.501997720,0.007846578,-0.501206796,-0.005719167
1.481000,0.495092977,-0.043356594,-3.491917149,0.009478742,-0.496540948,-0.006881726
1.482000,0.506035275,0.070483017,-3.548841237,0.017747351,-0.494702821,-0.006292008
1.483000,0.551895340,0.000830274,-3.667629551,0.023664526,-0.486922836,-0.002304683
1.484000,0.613453604,-0.063055873,-3.716466315,0.023863964,-0.480024504,0.003923109
1.485000,0.651427629,-0.086577270,-3.635942021,0.029374171,-0.475187041,0.003403564
1.486000,0.659971714,-0.248335251,-3.338473266,0.024167845,-0.474915205,0.001487742
1.487000,0.705172009,-0.295950630,-3.253549660,0.017321598,-0.472896580,0.002204942
1.488000,0.720019744,-0.236301864,-3.373540311,0.014284744,-0.468381645,0.002350859
1.489000,0.679049146,-0.227656478,-3.432973814,0.009976111,-0.470369976,0.001872393
1.490000,0.686262528,-0.260687641,-3.399038638,0.011485460,-0.470380228,0.004479598
1.491000,0.682640619,-0.229737969,-3.409751695,0.013192139,-0.466699437,0.008464238
1.492000,0.650224899,-0.057809556,-3.466643077,0.021242315,-0.459604724,0.013581411
1.493000,0.670490544,-0.021138153,-3.550333737,0.024073191,-0.451792440,0.019329991
1.494000,0.694317523,-0.070662230,-3.547738819,0.015611500,-0.446415656,0.025796477
1.495000,0.649773882,-0.028129431,-3.540791294,0.008208422,-0.442848058,0.023879042
1.496000,0.649069806,-0.046696195,-3.304079619,0.008861465,-0.441589135,0.022539959
1.497000,0.632272143,-0.067178138,-3.200800095,0.001128871,-0.438392781,0.023926936
1.498000,0.628543253,0.119329751,-3.303017832,0.000503482,-0.432928808,0.026058740
1.499000,0.618351425,0.231053438,-3.318405674,-0.000355003,-0.429512539,0.026212669
1.500000,0.613210061,0.182380044,-3.269096489,0.003344958,-0.426789149,0.027109789
1.501000,0.571870907,0.146759768,-3.380636379,0.009992101,-0.422069198,0.026443357
1.502000,0.525297963,0.047092257,-3.311208013,0.021262686,-0.419349132,0.026034272
1.503000,0.553314979,-0.095286576,-3.351501747,0.013447657,-0.416593315,0.029015087
1.504000,0.594545285,-0.065088088,-3.371795407,0.002919946,-0.409183381,0.030042811
1.505000,0.602846258,-0.040390296,-3.246035088,-0.002745136,-0.406439275,0.024802272
1.506000,0.589427881,-0.173104550,-3.056071190,-0.008424521,-0.402090100,0.023802857
1.507000,0.641636905,-0.121165595,-3.159950528,-0.009282041,-0.395331186,0.022664304
1.508000,0.639240593,-0.020423664,-3.281642052,-0.002416607,-0.387786329,0.020098289
1.509000,0.607370935,-0.143463641,-3.272768301,0.001576114,-0.385295884,0.017725589
1.510000,0.650822963,-0.168357140,-3.300564513,0.003693813,-0.382162462,0.017690541
1.511000,0.677182305,-0.127255421,-3.166754900,0.007461904,-0.379531253,0.015340640
1.512000,0.618637018,-0.140546761,-3.097311279,0.009822020,-0.374118857,0.011042491
1.513000,0.632360538,-0.214257856,-3.077338991,-0.001634117,-0.370951241,0.009484964
1.514000,0.708879453,-0.073890062,-3.181267361,-0.008578486,-0.365370579,0.013981365
1.515000,0.657942267,0.071516542,-3.113965676,-0.011435147,-0.364153193,0.012936006
1.516000,0.642080445,0.172136961,-3.032284680,-0.018117758,-0.361243960,0.013101452
1.517000,0.625610253,0.215689018,-3.078029380,-0.021026871,-0.356634764,0.012372708
1.518000,0.570618312,0.203517972,-3.021907857,-0.015058724,-0.354572181,0.007757953
1.519000,0.544140136,0.044043104,-2.921360318,-0.017788775,-0.354575882,0.003817207
1.520000,0.591747864,0.022344914,-2.877340905,-0.024324817,-0.352263084,0.004308775
1.521000,0.618900634,0.063156924,-2.872975581,-0.029935909,-0.346242057,0.001501682
1.522000,0.662757831,0.149890718,-2.782032394,-0.034398578,-0.341499882,0.002912758
1.523000,0.707227394,0.229939875,-2.841060678,-0.040763399,-0.335658062,0.002063561
1.524000,0.657109358,0.290473959,-2.993953243,-0.031465743,-0.330766045,0.003902043
1.525000,0.567583442,0.213325137,-2.925967782,-0.010615295,-0.331633975,0.000077098
1.526000,0.548479622,0.006631148,-2.879216587,0.001220678,-0.328040155,0.002093636
1.527000,0.572150688,-0.052567038,-2.886675246,0.005367778,-0.322646290,0.000125138
1.528000,0.607732508,-0.082153087,-2.894872475,-0.000768059,-0.316529595,-0.002606703
1.529000,0.687704145,-0.097199596,-2.701019686,-0.021782236,-0.311738201,-0.005934462
1.530000,0.724011132,-0.034695456,-2.729097753,-0.036721525,-0.305785037,-0.009126849
1.531000,0.718559166,0.075858805,-2.664576201,-0.036604297,-0.305169520,-0.011150949
1.532000,0.637269347,0.051352404,-2.690645273,-0.029795348,-0.307056306,-0.010051024
1.533000,0.608040417,0.089775765,-2.806080356,-0.023032567,-0.308712803,-0.008080627
1.534000,0.528217580,0.077015177,-2.816498876,-0.010685090,-0.307602320,-0.008199950
1.535000,0.532875179,0.040153451,-2.652489871,-0.012037924,-0.306475994,-0.008224951
1.536000,0.547350097,0.049835523,-2.598923348,-0.019007962,-0.299031309,-0.012024898
1.537000,0.585563986,0.085746596,-2.544546177,-0.024469296,-0.296428062,-0.016450318
1.538000,0.602724313,0.071814991,-2.441190855,-0.028293565,-0.294169671,-0.017312435
1.539000,0.608024186,0.095724901,-2.569115910,-0.032492210,-0.293860720,-0.017728999
1.540000,0.587491293,0.229818777,-2.594709262,-0.026474862,-0.292857669,-0.015699877
1.541000,0.547212929,0.335413174,-2.475414543,-0.023630090,-0.291665853,-0.014532538
1.542000,0.531979581,0.355708471,-2.529488180,-0.021032874,-0.287067299,-0.011772722
1.543000,0.501732614,0.269855910,-2.515614539,-0.012954583,-0.283527857,-0.014852562
1.544000,0.457755497,0.020487755,-2.404254779,-0.010625929,-0.284561011,-0.016329490
1.545000,0.449407801,-0.013131028,-2.541493028,-0.012520383,-0.279929271,-0.018713855
1.546000,0.514856349,0.083690135,-2.576900664,-0.012000467,-0.274412737,-0.021171092
1.547000,0.551415289,0.162889332,-2.416131442,-0.019277915,-0.273081803,-0.023426025
1.548000,0.542884760,0.130741384,-2.376682646,-0.022497173,-0.270263365,-0.023058494
1.549000,0.547172284,0.117561388,-2.394576263,-0.019092532,-0.268994623,-0.023288713
1.550000,0.518398143,0.057905365,-2.385870611,-0.009529900,-0.267917238,-0.023250011
1.551000,0.519363701,-0.009840064,-2.435580809,-0.010027900,-0.267466025,-0.022130081
1.552000,0.538630414,-0.094454695,-2.329097896,-0.007670658,-0.266273575,-0.023100425
1.553000,0.572577591,-0.078164461,-2.243083369,-0.007110270,-0.265788370,-0.028218806
1.554000,0.530245891,-0.081374845,-2.132003174,-0.003522368,-0.263791447,-0.030754065
1.555000,0.515644303,-0.092429063,-2.094271013,-0.000298161,-0.261965685,-0.031775910
1.556000,0.482427730,-0.017242723,-2.309423999,0.002102089,-0.258710928,-0.028026104
1.557000,0.505070942,0.021766314,-2.341679997,-0.003341487,-0.256375879,-0.023873851
1.558000,0.496344637,0.130935559,-2.196738799,-0.007882148,-0.256141089,-0.021334997
1.559000,0.465862528,0.158054200,-2.059688700,-0.009431860,-0.254977069,-0.020971643
1.560000,0.455622766,0.079807284,-1.994583634,-0.007935086,-0.253458160,-0.021006037
1.561000,0.392921655,0.006921298,-1.982572674,-0.012743441,-0.252269614,-0.022711437
1.562000,0.364140689,0.003464903,-2.003820792,-0.016278536,-0.252399283,-0.023658168
1.563000,0.356990988,0.058074805,-2.068947548,-0.017444323,-0.250517431,-0.025222266
1.564000,0.378920272,0.088643805,-1.939236633,-0.023204953,-0.251807569,-0.025610135
1.565000,0.381212655,0.182079504,-1.919332289,-0.019619894,-0.250151373,-0.025454112
1.566000,0.372611429,0.150442205,-2.018498623,-0.005890337,-0.247237880,-0.023440994
1.567000,0.334537170,0.020626155,-2.080011868,0.004245877,-0.244596233,-0.021120801
1.568000,0.335489103,-0.085752024,-2.060705760,0.008694715,-0.243614930,-0.016435534
1.569000,0.375302163,-0.055625457,-1.872642857,0.014914623,-0.240813563,-0.017985961
1.570000,0.386013737,-0.096224198,-1.732253514,0.010764213,-0.239392961,-0.019416246
1.571000,0.394247532,-0.141938482,-1.719266324,0.001479181,-0.235062076,-0.019275723
1.572000,0.379495776,-0.037346871,-1.847728021,-0.005789261,-0.231498885,-0.020697478
1.573000,0.346703548,-0.053916668,-1.737875160,-0.008049199,-0.235345584,-0.022392844
1.574000,0.352221733,-0.111352125,-1.688325977,-0.011378026,-0.235015204,-0.018656846
1.575000,0.319250353,0.029342815,-1.794807613,-0.006345378,-0.230779448,-0.017641180
1.576000,0.277297074,0.059658605,-1.828144705,0.004250527,-0.225929842,-0.017275412
1.577000,0.278927882,-0.111378058,-1.781568190,0.009929641,-0.222103013,-0.015012247
1.578000,0.289301369,-0.183030022,-1.825693566,0.012673954,-0.218516664,-0.013985206
1.579000,0.289650064,-0.166822428,-1.702315768,0.013960999,-0.215513958,-0.013281630
1.580000,0.310825325,-0.043387021,-1.578066814,0.016201754,-0.215965132,-0.012502482
1.581000,0.322732056,-0.050706034,-1.539825087,0.007156644,-0.215738253,-0.008689822
1.582000,0.344354230,0.050898570,-1.539238202,-0.006654680,-0.213035872,-0.002545294
1.583000,0.271389543,0.215761874,-1.469452288,-0.007990991,-0.211580243,-0.004617144
1.584000,0.190116495,0.196114989,-1.316939987,-0.004672704,-0.213667250,-0.003488784
1.585000,0.188856720,0.173334445,-1.427668976,-0.002487384,-0.210938832,0.001221126
1.586000,0.157622375,0.221758006,-1.650867770,0.011607429,-0.202715651,0.001248405
1.587000,0.136082883,0.046834962,-1.586334045,0.019152662,-0.200481597,-0.002333620
1.588000,0.252729494,-0.160879358,-1.532417920,0.014460246,-0.197478339,0.001785061
1.589000,0.284575797,-0.071104389,-1.459957166,0.010735775,-0.192121053,0.000618486
1.590000,0.258180705,-0.032839681,-1.267237437,0.008228030,-0.189941166,-0.001522714
1.591000,0.303775624,-0.085945414,-1.158550173,-0.003110810,-0.188373309,0.004352061
1.592000,0.313442381,0.038330172,-1.416488736,-0.002389521,-0.178231725,0.009727787
1.593000,0.230596343,0.090313773,-1.447139650,0.007838209,-0.177050053,0.007482715
1.594000,0.229593945,-0.044527474,-1.380396480,0.013677213,-0.177348029,0.009791063
1.595000,0.253647998,-0.061385788,-1.332400742,0.020279695,-0.172769975,0.011949446
1.596000,0.233183632,-0.079182245,-1.360385185,0.023572044,-0.166867833,0.010535895
1.597000,0.190905461,-0.094374725,-1.339783774,0.018750137,-0.164063094,0.009556031
1.598000,0.221367462,-0.052803273,-1.343976242,0.014475429,-0.159308257,0.010859431
1.599000,0.262965233,-0.038238690,-1.237362756,0.013628169,-0.156616022,0.010704892
1.600000,0.271023868,-0.040480450,-1.152662751,0.012994509,-0.154170454,0.013437377
1.601000,0.277084780,-0.036540364,-1.027201748,0.014476063,-0.151596979,0.016029620
1.602000,0.275816339,0.045194139,-1.114578089,0.013019068,-0.148575003,0.021294296
1.603000,0.228423589,0.148203280,-1.079990292,0.005128209,-0.148472295,0.023262934
1.604000,0.197797033,0.255745335,-1.070505696,-0.001706437,-0.146494552,0.024790942
1.605000,0.171722948,0.240349084,-1.009604842,0.000852930,-0.143777057,0.022152416
1.606000,0.140214096,0.114764536,-0.961338073,0.005766783,-0.141371522,0.021332987
1.607000,0.164482058,-0.011977583,-0.969475243,0.006376829,-0.138991278,0.020267438
1.608000,0.201987942,-0.024113273,-1.055188671,0.008942549,-0.132092195,0.023590074
1.609000,0.202147170,0.039582836,-1.019333015,0.006186461,-0.126863410,0.023753963
1.610000,0.232998506,0.079861008,-0.970075062,-0.000897696,-0.122483646,0.024786008
1.611000,0.274196666,0.138839737,-0.893588229,-0.002217073,-0.118978224,0.026624158
1.612000,0.230256546,0.134971336,-0.848741165,0.009010262,-0.117367160,0.026395533
1.613000,0.137852976,-0.002794018,-0.839098827,0.014289817,-0.118796514,0.027576619
1.614000,0.110991121,-0.015712366,-0.936117214,0.019126541,-0.117180973,0.028671377
1.615000,0.123900412,0.038637521,-0.924352126,0.022111194,-0.112586704,0.027144502
1.616000,0.145325526,-0.098776481,-0.756784219,0.014047216,-0.110390990,0.025204891
1.617000,0.217481818,-0.111356564,-0.737312853,0.002492487,-0.106584775,0.026211193
1.618000,0.185633493,-0.060685949,-0.726224027,0.007118681,-0.101585499,0.023939246
1.619000,0.159822776,-0.139446876,-0.754649538,0.011962721,-0.099725838,0.023674745
1.620000,0.152523576,-0.209000492,-0.770069384,0.007797558,-0.099302145,0.030313550
1.621000,0.137932897,0.001884243,-0.872398527,0.008259024,-0.094842381,0.033800424
1.622000,0.115378977,0.104598643,-0.671075624,0.006278983,-0.093808645,0.033055516
1.623000,0.106159292,0.046448496,-0.502958894,-0.009419363,-0.093077377,0.035046281
1.624000,0.091894555,0.186913473,-0.544445701,-0.015072036,-0.088192061,0.035064316
1.625000,0.017718755,0.196470137,-0.570964315,-0.007919934,-0.088101346,0.030010476
1.626000,0.001936962,-0.011314923,-0.541088548,-0.005761197,-0.087749170,0.029495975
1.627000,0.059934796,-0.108427513,-0.610712896,-0.005602949,-0.086385694,0.033346731
1.628000,0.127523489,-0.000807904,-0.617610266,-0.001586520,-0.081711189,0.035400936
1.629000,0.114436369,0.031531915,-0.373133798,-0.007486911,-0.078056539,0.035052476
1.630000,0.078461050,0.044441197,-0.351184729,-0.021516307,-0.071621173,0.037501184
1.631000,0.088652222,0.123326203,-0.429329853,-0.026517808,-0.067451241,0.037601826
1.632000,0.052562908,0.135304770,-0.523897422,-0.024642091,-0.063859021,0.036226421
1.633000,0.017837127,0.044568612,-0.618109183,-0.023297696,-0.061206396,0.035571458
1.634000,0.038777093,0.025597848,-0.696149572,-0.022288522,-0.058858700,0.036320289
1.635000,0.066512199,0.045779726,-0.558633227,-0.018770455,-0.056442374,0.035753042
1.636000,0.128604206,-0.094729144,-0.387525393,-0.016644374,-0.053020217,0.032923650
1.637000,0.196322794,-0.240783456,-0.276494755,-0.019057915,-0.051562433,0.033903598
1.638000,0.192612101,-0.226469588,-0.314455183,-0.019515442,-0.050571004,0.034763170
1.639000,0.153047391,-0.148036365,-0.379819668,-0.020342867,-0.048581239,0.033522256
1.640000,0.141866678,-0.086616721,-0.380080750,-0.023764461,-0.046900943,0.032902819
1.641000,0.148676229,-0.038455503,-0.363040586,-0.024819926,-0.044563627,0.032915183
1.642000,0.157594085,-0.001955274,-0.302050126,-0.024825725,-0.042125544,0.031536571
1.643000,0.115497080,-0.023069856,-0.234926877,-0.030593237,-0.040067510,0.030311242
1.644000,0.123169529,-0.001996596,-0.269987766,-0.036966444,-0.039735986,0.030913982
1.645000,0.089300328,-0.003960611,-0.344861112,-0.039824794,-0.037737055,0.031077060
1.646000,0.139930963,0.022888116,-0.309794396,-0.040343462,-0.036099248,0.031171582
1.647000,0.155536352,0.062088095,-0.352349367,-0.040198825,-0.031369110,0.031932206
1.648000,0.158498144,0.059260731,-0.262637139,-0.031600838,-0.030567285,0.030955060
1.649000,0.101597697,-0.048285916,-0.188341834,-0.026156310,-0.032281426,0.028551674
1.650000,0.095138960,-0.103945935,-0.170596540,-0.029456448,-0.034868830,0.030797725
1.651000,0.089262483,0.007246382,-0.182183093,-0.034474909,-0.034915028,0.030467239
1.652000,0.086201945,-0.001017226,-0.102164680,-0.044227032,-0.034492770,0.030027160
1.653000,0.061397879,-0.009011296,-0.094308367,-0.056782704,-0.031980500,0.029637056
1.654000,0.028871577,0.036062472,-0.080577401,-0.058704041,-0.028864480,0.027817943
1.655000,0.003672203,0.009946214,-0.138774542,-0.059315610,-0.028387299,0.026712019
1.656000,0.032452685,-0.003421760,-0.198257681,-0.058342486,-0.026367906,0.026689699
1.657000,0.025708798,0.029587118,-0.167631513,-0.054680465,-0.025512564,0.025823085
1.658000,0.022411818,-0.017212110,-0.164396628,-0.053170686,-0.024773736,0.025706560
1.659000,0.005100591,-0.067537535,-0.133015007,-0.055522872,-0.024999682,0.026452161
1.660000,-0.011078654,-0.041958821,-0.203829694,-0.051530219,-0.022665533,0.027437582
1.661000,-0.019692621,-0.024523024,-0.139249076,-0.047847618,-0.023198451,0.026127193
1.662000,0.009226193,-0.050556839,-0.110187034,-0.045498031,-0.021048018,0.026032608
1.663000,-0.000981080,-0.014708346,-0.047020588,-0.044023442,-0.020459485,0.023549049
1.664000,-0.000875323,0.071793839,-0.025993828,-0.046919977,-0.019512224,0.022376670
1.665000,-0.013387115,0.083948960,-0.020359192,-0.054989010,-0.018887649,0.020930393
1.666000,-0.024313650,0.066422981,-0.005574860,-0.061741566,-0.019023879,0.019818955
1.667000,-0.004861373,0.036316051,0.098104640,-0.070634129,-0.019873011,0.019448367
1.668000,-0.010384511,0.053337587,0.104685043,-0.074118369,-0.018830774,0.019242550
1.669000,-0.015638536,0.016643875,0.022854005,-0.076669181,-0.017819266,0.019305874
1.670000,-0.015143281,0.039973618,-0.066627506,-0.077749130,-0.016261392,0.019898673
1.671000,-0.017927320,0.103047867,-0.043633018,-0.078757914,-0.015118083,0.019168669
1.672000,0.009589783,0.110340505,0.059653718,-0.079616160,-0.014067148,0.018518571
1.673000,0.038123779,0.186666644,0.106296696,-0.079220346,-0.013474269,0.017588191
1.674000,0.037796002,0.272115964,0.109690050,-0.075865266,-0.010492156,0.016281966
1.675000,0.025827097,0.278885359,0.054180220,-0.069608382,-0.008298286,0.015963496
1.676000,0.033424755,0.232361054,-0.048966301,-0.058054342,-0.006779720,0.014772782
1.677000,0.016441205,0.128795580,-0.131251505,-0.047574641,-0.004742356,0.012300338
1.678000,0.045051394,0.020472874,-0.070200813,-0.040302095,-0.003998698,0.009024160
1.679000,0.101684310,0.006757426,0.043424251,-0.043189841,-0.004526307,0.008300087
1.680000,0.111691832,0.083197563,0.124522255,-0.049462925,-0.002063631,0.005736065
1.681000,0.084857275,0.100744250,0.183688131,-0.058156540,-0.001717871,0.002050350
1.682000,0.087873087,0.044181646,0.179382783,-0.065049513,0.000062157,0.001371864
1.683000,0.081809559,0.009822431,0.128389554,-0.068083626,0.000750971,0.002149044
1.684000,0.084667686,0.029980387,0.168685619,-0.070927005,0.000508264,0.002458451
1.685000,0.087315848,0.053364125,0.167980431,-0.075576601,0.000224240,0.004466876
1.686000,0.093349067,0.112469443,0.193793216,-0.079460717,0.001124709,0.004007558
1.687000,0.053256556,0.146823160,0.234934555,-0.077944924,0.002064732,0.001660959
1.688000,0.010365033,0.101767151,0.183747640,-0.072530180,0.004479122,0.000096867
1.689000,-0.026967319,0.088429679,0.152817492,-0.062404136,0.005076565,-0.003072308
1.690000,-0.028058245,0.122285019,0.160435433,-0.053233653,0.005444938,-0.004387971
1.691000,-0.001662624,0.217471158,0.194919298,-0.051380518,0.007738295,-0.004372719
1.692000,0.016619635,0.346409261,0.214476836,-0.050672116,0.011754313,-0.006034265
1.693000,-0.026538496,0.357728881,0.319055267,-0.049803892,0.013164038,-0.009523342
1.694000,-0.061558400,0.301673953,0.255245874,-0.048376029,0.014350847,-0.010004589
1.695000,-0.110229367,0.240601465,0.191837682,-0.041955879,0.014324199,-0.011838860
1.696000,-0.120499414,0.125480374,0.254041351,-0.037993887,0.013404596,-0.013249503
1.697000,-0.089335581,0.042503870,0.316692676,-0.041671183,0.016154296,-0.012400000
1.698000,-0.054480983,0.067878540,0.287748888,-0.044622470,0.021743557,-0.013979567
1.699000,-0.037780219,0.065153273,0.371659490,-0.045907870,0.024603317,-0.017338918
1.700000,-0.050553873,-0.025628977,0.351440278,-0.046848214,0.027264008,-0.018787497
1.701000,-0.053862699,-0.046300918,0.258733794,-0.042633469,0.029473191,-0.019121795
1.702000,-0.051875817,-0.026586962,0.259701710,-0.030946947,0.031403811,-0.021617628
1.703000,-0.045673182,-0.108502745,0.375788143,-0.026665642,0.032205095,-0.023320237
1.704000,-0.009111657,-0.132631945,0.404290065,-0.028340299,0.035305675,-0.022139071
1.705000,0.011708513,-0.019777482,0.391030571,-0.029446516,0.038501663,-0.023991037
1.706000,-0.004613596,0.037653038,0.460898493,-0.028477280,0.039855780,-0.027235584
1.707000,-0.037304779,0.034316574,0.455097800,-0.024464405,0.042415736,-0.028942414
1.708000,-0.059041098,0.102327166,0.390954162,-0.014474902,0.044660843,-0.029200510
1.709000,-0.048233572,0.145730004,0.368449367,-0.002311655,0.047190660,-0.029742654
1.710000,-0.028073804,0.153982853,0.423515072,0.003468612,0.049501623,-0.029341050
1.711000,-0.006473377,0.194547587,0.441428665,0.002626116,0.053281318,-0.028940756
1.712000,-0.000203195,0.248566126,0.488322609,0.003601125,0.054943611,-0.029826148
1.713000,-0.022151315,0.226310435,0.519444431,0.004756240,0.057813675,-0.030327075
1.714000,-0.042434667,0.190944249,0.491810615,0.010028183,0.061130899,-0.030380198
1.715000,-0.049993358,0.153514053,0.416900403,0.020684092,0.063824669,-0.031540311
1.716000,-0.034153468,0.003428753,0.431925234,0.030945560,0.065835367,-0.032299632
1.717000,0.015434071,-0.102096236,0.462072449,0.033478631,0.068405417,-0.031360146
1.718000,0.080415901,-0.071156740,0.465360598,0.036159023,0.073679879,-0.031828666
1.719000,0.099537518,-0.110976038,0.584570411,0.037008239,0.076082934,-0.033362396
1.720000,0.087230224,-0.169952735,0.674189630,0.037404968,0.078350365,-0.033534102
1.721000,0.069043066,-0.162678392,0.710181357,0.042722353,0.079425310,-0.033436866
1.722000,0.064321658,-0.135969816,0.686375069,0.053901495,0.082902811,-0.033134019
1.723000,0.050757091,-0.119353470,0.675211155,0.058877253,0.086000102,-0.032685934
1.724000,0.057732772,-0.086538600,0.652292246,0.063662048,0.089610599,-0.031495108
1.725000,0.035849426,-0.052523633,0.623385975,0.070574564,0.091529840,-0.032509035
1.726000,0.024284990,-0.118012254,0.734617762,0.077057192,0.093075889,-0.033297842
1.727000,0.020253634,-0.197199659,0.848892030,0.076517125,0.093129636,-0.031694360
1.728000,0.021581885,-0.119319640,0.823464967,0.074893140,0.095233566,-0.028334963
1.729000,0.009488683,0.030079551,0.798873257,0.072524458,0.097008885,-0.026068201
1.730000,-0.006006720,0.122006780,0.757831526,0.070983909,0.097926990,-0.022777708
1.731000,-0.038174008,0.184697078,0.644339628,0.074764024,0.100508942,-0.020444484
1.732000,-0.099573710,0.156980931,0.633837666,0.090268667,0.103154712,-0.019924850
1.733000,-0.125632546,-0.068259565,0.774228617,0.100197600,0.103413967,-0.018211610
1.734000,-0.099457511,-0.262473755,0.858083483,0.101036041,0.103296792,-0.013712556
1.735000,-0.055230745,-0.206533201,0.853476277,0.092470703,0.107154020,-0.010143067
1.736000,0.001815695,-0.047612875,0.992987714,0.078262137,0.109051260,-0.007256422
1.737000,0.023216730,0.093913932,0.992882797,0.070746637,0.112815792,-0.005581085
1.738000,-0.020003831,0.154821281,0.846302576,0.086788466,0.118045832,-0.006789814
1.739000,-0.087458224,-0.113139902,0.767530858,0.119577885,0.119563280,-0.007990498
1.740000,-0.095386413,-0.490125405,0.737282862,0.142629975,0.119355884,-0.006903577
1.741000,-0.005903170,-0.545366910,0.814492685,0.135838093,0.121722487,-0.003539710
1.742000,0.087004934,-0.322704770,1.083241078,0.109529355,0.124620808,-0.002299386
1.743000,0.114863498,-0.038448922,1.363163111,0.079179473,0.127907289,-0.003675855
1.744000,0.075348085,0.107270176,1.313299471,0.068657873,0.129520134,-0.005445324
1.745000,-0.013776242,0.121323119,0.982056188,0.093998052,0.129949156,-0.005056920
1.746000,-0.076453684,-0.094492066,0.600349661,0.136786192,0.132143786,-0.001117252
1.747000,-0.062894817,-0.418395549,0.526597602,0.160930443,0.132159318,0.004550821
1.748000,0.009057351,-0.541645883,0.790385079,0.154752312,0.133558969,0.009206315
1.749000,0.100223017,-0.340181724,1.195224668,0.116668408,0.138430157,0.009509814
1.750000,0.124829844,-0.102185638,1.455214509,0.081579660,0.140476033,0.008763801
1.751000,0.096759829,0.075498368,1.413670694,0.067766382,0.140349222,0.011154979
1.752000,0.001159910,0.105281110,0.977493774,0.085041664,0.143492791,0.012263838
1.753000,-0.069482536,-0.018209407,0.700499920,0.118721272,0.145295035,0.015180461
1.754000,-0.076748948,-0.180789293,0.626067190,0.142165611,0.148090198,0.019830145
1.755000,-0.002862920,-0.288779302,0.860931365,0.141932242,0.149903083,0.024879929
1.756000,0.117377901,-0.242828483,1.227735951,0.119799182,0.151116787,0.027839661
1.757000,0.142732501,-0.124235648,1.575491404,0.083194453,0.150909220,0.025095114
1.758000,0.079318346,0.038525602,1.536571045,0.056585275,0.150716530,0.021020907
1.759000,-0.046486017,0.021246477,1.110358593,0.064256755,0.153884455,0.017616299
1.760000,-0.145444365,-0.154409174,0.669094054,0.105759489,0.155229304,0.014667794
1.761000,-0.053140345,-0.382261985,0.489034025,0.140930639,0.155407096,0.020358514
1.762000,0.095075713,-0.361518239,0.719292628,0.133335611,0.157241947,0.024938803
1.763000,0.230493677,-0.200224011,1.065730409,0.107932415,0.160609075,0.027054830
1.764000,0.245169284,-0.067036270,1.407253507,0.069594178,0.161507049,0.025478006
1.765000,0.106289230,-0.041570211,1.457972333,0.040524719,0.160425316,0.022647732
1.766000,-0.055529307,-0.104075202,1.087571531,0.048170865,0.157684494,0.016216407
1.767000,-0.076935307,-0.290577993,0.818319023,0.087504874,0.154318138,0.016236107
1.768000,0.073014153,-0.417201339,0.663096749,0.112274869,0.155239295,0.022797538
1.769000,0.220987136,-0.359656526,0.754696820,0.109161088,0.161680629,0.027185979
1.770000,0.282536829,-0.171731934,1.125033955,0.075195660,0.162376099,0.026201498
1.771000,0.252996157,0.031881128,1.519030856,0.032353774,0.156735125,0.025481688
1.772000,0.060915861,0.132183485,1.537109169,0.007928756,0.150893969,0.022755271
1.773000,-0.121349788,0.026862536,1.352182353,0.027465288,0.144397144,0.018433360
1.774000,-0.136165425,-0.117398491,1.025171239,0.056948981,0.143503509,0.019938968
1.775000,-0.025446402,-0.172584521,0.815217287,0.080306366,0.148698009,0.024085103
1.776000,0.130024845,-0.072899747,0.767915134,0.078683467,0.155669797,0.026218949
1.777000,0.212644628,0.128301227,0.978553074,0.054124936,0.157087288,0.024529902
1.778000,0.133264241,0.244271106,1.463479594,0.019236539,0.151024549,0.020090062
1.779000,-0.062464023,0.162637168,1.636634844,0.005508936,0.144439767,0.015036559
1.780000,-0.223695766,-0.035066706,1.422199459,0.022534716,0.139770650,0.010954848
1.781000,-0.196169789,-0.165297016,1.052111614,0.049061716,0.143020432,0.010905355
1.782000,-0.038574994,-0.161602055,0.868029594,0.063919326,0.151616216,0.012360900
1.783000,0.136867082,-0.096456128,0.976164295,0.055063764,0.158357653,0.011446483
1.784000,0.192088194,-0.039286216,1.281506245,0.031232833,0.158026403,0.007558116
1.785000,0.103521902,-0.034146486,1.496493761,0.012860019,0.153163572,0.004488109
1.786000,-0.098627823,-0.112719513,1.592275431,0.008734341,0.146156545,0.000908212
1.787000,-0.220556690,-0.224791514,1.422885416,0.021111144,0.143208828,0.000654009
1.788000,-0.148145011,-0.259945381,1.220431080,0.035215151,0.148038871,0.002490559
1.789000,0.000784591,-0.199702309,1.068307786,0.038569558,0.157284622,0.004026059
1.790000,0.072836261,-0.133631171,1.113786514,0.032442633,0.161931068,0.003548059
1.791000,0.091308785,-0.006794412,1.288801899,0.016904201,0.162339529,0.001963175
1.792000,-0.027562923,0.091552682,1.445911281,0.008252089,0.156222912,-0.001951806
1.793000,-0.176917915,0.091911137,1.553215808,0.011259970,0.151602718,-0.004819212
1.794000,-0.208212180,0.039442656,1.493447572,0.019203689,0.152753431,-0.005282114
1.795000,-0.142495600,0.036637500,1.392747740,0.026355217,0.159785057,-0.004754538
1.796000,-0.010030195,0.036147632,1.343587440,0.027033936,0.168146220,-0.004404159
1.797000,0.087634989,0.065973064,1.336939395,0.017833633,0.173137565,-0.003990783
1.798000,0.069809735,0.123910158,1.432160270,0.009978249,0.173290188,-0.004671264
1.799000,-0.013527645,0.143045683,1.588814012,0.006797728,0.171902954,-0.005814533
1.800000,-0.086794784,0.087815744,1.645109612,0.005416215,0.171874476,-0.004808813
1.801000,-0.094535262,0.058796424,1.617616223,0.008378293,0.174746932,-0.003076575
1.802000,-0.045821241,0.039927173,1.523854506,0.011285391,0.180446040,-0.002764708
1.803000,0.062601292,0.021362310,1.332598377,0.010628865,0.189827514,-0.003196688
1.804000,0.139123771,-0.001395793,1.268803875,0.010366424,0.196886700,-0.005450872
1.805000,0.164132323,-0.027352864,1.354123851,0.011731307,0.199209214,-0.008754272
1.806000,0.113467071,-0.071863715,1.536535851,0.015084298,0.199173580,-0.012589105
1.807000,0.081733251,-0.115314562,1.663173011,0.023210569,0.200131069,-0.014278092
1.808000,0.106154439,-0.119521263,1.646980816,0.028667278,0.204122930,-0.014239432
1.809000,0.190998197,-0.086895777,1.487864081,0.029575668,0.211771298,-0.012404644
1.810000,0.244295978,-0.058928399,1.436960840,0.027029636,0.218522280,-0.013043916
1.811000,0.279239387,-0.069650593,1.533082926,0.024832161,0.221919616,-0.012797511
1.812000,0.271062266,-0.051467562,1.739387380,0.022340879,0.223888656,-0.010695874
1.813000,0.212230332,0.019559265,1.850460950,0.022939222,0.226355773,-0.008979220
1.814000,0.172990057,0.063476930,1.857130041,0.022574750,0.228323225,-0.006921695
1.815000,0.177692945,0.066000280,1.731460091,0.022291787,0.232962310,-0.003366893
1.816000,0.199792501,0.069766533,1.630360958,0.023235023,0.238963417,-0.002539075
1.817000,0.241216792,0.052364431,1.612971129,0.028196611,0.246234558,-0.002011974
1.818000,0.265690924,0.008715217,1.726430912,0.032565934,0.250099894,-0.002238672
1.819000,0.262900779,-0.007140939,1.763205959,0.034966284,0.252698915,-0.001752148
1.820000,0.236164041,0.002243491,1.811629520,0.033445031,0.255106235,-0.001312011
1.821000,0.223740478,0.036473703,1.800583201,0.031789655,0.257613215,-0.000487400
1.822000,0.207893051,-0.006640983,1.839842424,0.029451150,0.261292691,-0.000138038
1.823000,0.216426025,-0.068374254,1.816344240,0.027561855,0.266407549,0.000619352
1.824000,0.234046884,-0.081421634,1.830670987,0.025582271,0.270769153,-0.000008111
1.825000,0.263971287,-0.054775010,1.841348307,0.022469822,0.274147180,0.000788691
1.826000,0.262286950,-0.026026146,1.957716333,0.020780069,0.276466267,0.000995224
1.827000,0.256074494,-0.019302718,2.011711305,0.020574223,0.279783524,0.001498791
1.828000,0.254392532,-0.029204811,2.042669375,0.021037530,0.283899244,0.003462492
1.829000,0.265937242,-0.045014892,1.980012640,0.025513405,0.288900307,0.005425920
1.830000,0.237742445,-0.082290542,1.905304787,0.033091004,0.294280670,0.005059545
1.831000,0.237562432,-0.093182000,1.895872249,0.036693058,0.297754023,0.005646969
1.832000,0.264321373,-0.076320305,1.925641771,0.039529266,0.302012759,0.006935319
1.833000,0.273750829,-0.012648928,2.001667297,0.042522238,0.307319625,0.005452222
1.834000,0.279668228,-0.020425492,2.063970529,0.041193233,0.311880899,0.004889265
1.835000,0.278645621,-0.023132262,1.968596307,0.041126464,0.316936317,0.004759463
1.836000,0.258584770,-0.048368869,1.893003622,0.045598674,0.320297293,0.003478845
1.837000,0.253648529,-0.127545442,1.957922163,0.046348161,0.322332792,0.003654332
1.838000,0.284082592,-0.146781428,2.010886057,0.042850979,0.325663886,0.006495827
1.839000,0.339488012,-0.069341488,2.053575158,0.041980602,0.329574650,0.007430753
1.840000,0.331931944,-0.044221379,2.121387237,0.040512227,0.333393475,0.005632347
1.841000,0.310553894,-0.079464542,2.092585104,0.042317162,0.336808975,0.005704106
1.842000,0.297218766,-0.125691388,1.982643256,0.050553566,0.340291347,0.004808008
1.843000,0.326996149,-0.209134324,1.992526179,0.060035832,0.344553091,0.005247544
1.844000,0.370770625,-0.261509065,2.087491891,0.058352121,0.349211034,0.006062993
1.845000,0.407021848,-0.143187260,2.070190912,0.054593578,0.354532579,0.005451964
1.846000,0.404382850,-0.061872220,2.127433302,0.053581312,0.356934035,0.001961938
1.847000,0.388801770,-0.084950585,2.130975312,0.053229566,0.359527672,0.000498021
1.848000,0.383300775,-0.137224395,2.096296704,0.056499078,0.362136160,-0.000193091
1.849000,0.399401923,-0.125920923,2.058750597,0.062464478,0.364513682,0.000627688
1.850000,0.389511837,-0.153428035,2.199124665,0.065591477,0.366711748,0.001160553
1.851000,0.405260437,-0.093316304,2.211535903,0.060488678,0.371211903,0.002586636
1.852000,0.408415369,0.027318817,2.191504163,0.059051377,0.376791212,0.001661110
1.853000,0.403191777,-0.007193606,2.123502692,0.060188787,0.381358982,-0.000316246
1.854000,0.402538818,-0.102997469,2.097897992,0.062130664,0.384481668,-0.002346921
1.855000,0.413497349,-0.124762709,2.054531197,0.068644168,0.388307254,-0.003875050
1.856000,0.439630728,-0.183881303,2.118030145,0.074975214,0.391146706,-0.004408664
1.857000,0.454678440,-0.187723748,2.172940096,0.077317720,0.395509944,-0.005672993
1.858000,0.469124116,-0.172550470,2.247091179,0.071421432,0.397290879,-0.005347597
1.859000,0.446490444,-0.176213182,2.261528941,0.064966403,0.399272413,-0.006197019
1.860000,0.437904177,-0.191966756,2.280528855,0.060583519,0.400003225,-0.006956345
1.861000,0.429364803,-0.177839043,2.329922471,0.056607717,0.402475100,-0.005591843
1.862000,0.441565808,-0.205196370,2.459665191,0.054948924,0.405203140,-0.003459286
1.863000,0.441234037,-0.197775821,2.492859944,0.052430242,0.408984454,-0.002336653
1.864000,0.443790115,-0.126359536,2.415061525,0.045961742,0.413994564,-0.002061718
1.865000,0.432125503,-0.024487248,2.363675984,0.040736842,0.417634908,-0.002056483
1.866000,0.411097209,-0.016591944,2.377416037,0.038853137,0.419612115,-0.002197917
1.867000,0.404880972,-0.044283115,2.412266136,0.041291243,0.423358402,-0.003718847
1.868000,0.398539207,-0.050477743,2.414923064,0.045636871,0.428151702,-0.004818090
1.869000,0.392257932,-0.043665075,2.403129267,0.055240871,0.431947205,-0.005053231
1.870000,0.397338646,-0.065205308,2.366649592,0.056719483,0.434920808,-0.004665688
1.871000,0.407825503,-0.024879636,2.322965327,0.050945945,0.437554965,-0.005140956
1.872000,0.423100016,0.032999143,2.418050621,0.043932898,0.438941243,-0.005629647
1.873000,0.447185279,0.046314682,2.552537274,0.040395734,0.440782165,-0.004570088
1.874000,0.428471273,0.057824109,2.615582778,0.036724037,0.445044591,-0.004879342
1.875000,0.415967053,-0.015642975,2.579265415,0.039513167,0.450007405,-0.004558664
1.876000,0.429986568,-0.127330401,2.501911682,0.036114656,0.453335703,-0.002256878
1.877000,0.488744692,-0.202753456,2.472579686,0.030210723,0.456116536,0.000694940
1.878000,0.532819114,-0.159017278,2.577413348,0.019762018,0.459432256,0.001822379
1.879000,0.551011863,-0.060301838,2.691679200,0.013397142,0.464509511,0.000621869
1.880000,0.524614033,-0.026001019,2.824672748,0.009922335,0.468658185,-0.002237915
1.881000,0.522374565,-0.004446796,2.718109167,0.016114790,0.472711153,-0.002725159
1.882000,0.481204539,-0.004108266,2.536746341,0.027117138,0.474613932,-0.003898138
1.883000,0.486464881,-0.066491316,2.423134994,0.039063216,0.477769091,-0.005092657
1.884000,0.509134468,-0.134410317,2.497031302,0.042910040,0.481962929,-0.005614304
1.885000,0.581281649,-0.092248087,2.585407865,0.039806446,0.488008700,-0.006989528
1.886000,0.613708831,-0.042587760,2.775814459,0.027018202,0.491887739,-0.009357942
1.887000,0.616051113,0.035817388,2.846957580,0.013556909,0.493008709,-0.009021726
1.888000,0.556469815,0.118060448,2.795852441,0.009466707,0.494554181,-0.008580805
1.889000,0.530658715,0.120882478,2.682333797,0.015408352,0.497587646,-0.008293426
1.890000,0.538436438,0.014309875,2.721450531,0.021767389,0.500533707,-0.006964085
1.891000,0.601455648,-0.025054134,2.770168976,0.019984959,0.504255200,-0.003756798
1.892000,0.617329082,0.000003765,2.805923558,0.012426488,0.507311757,-0.002017529
1.893000,0.600294162,0.052110301,2.956243084,-0.000531766,0.509765483,-0.003112995
1.894000,0.586921095,0.074962420,2.963195478,-0.006381515,0.512748126,-0.004849104
1.895000,0.562587719,0.085666203,2.931803594,-0.006596829,0.516432945,-0.006369800
1.896000,0.540409263,0.037838914,2.817779053,0.009165023,0.521748012,-0.010359353
1.897000,0.528656770,-0.069852472,2.721927783,0.026585002,0.525890312,-0.013249757
1.898000,0.584356609,-0.132661877,2.704493829,0.032855285,0.529522688,-0.013889147
1.899000,0.664660484,-0.045043261,2.802877109,0.030129012,0.533083622,-0.013803480
1.900000,0.675891182,0.047413319,2.981668483,0.019422206,0.536315680,-0.015469146
1.901000,0.620840384,0.100284475,3.110214682,0.010447821,0.537916458,-0.013609594
1.902000,0.518959511,0.054007080,3.034915971,0.013601920,0.540359514,-0.012509166
1.903000,0.485701491,-0.030242899,2.919472886,0.023433410,0.542111799,-0.012479111
1.904000,0.518166918,-0.126757904,2.848289073,0.028749359,0.547231936,-0.011709420
1.905000,0.592033940,-0.116229998,2.894776653,0.027316072,0.554357408,-0.010278662
1.906000,0.614652393,-0.086337010,3.029947809,0.017378053,0.559182923,-0.014525726
1.907000,0.624264630,-0.084929888,3.127774001,0.002421167,0.558834878,-0.014168752
1.908000,0.584692502,-0.057729294,3.176002516,-0.007811787,0.557316599,-0.013482424
1.909000,0.525027161,-0.020939006,3.090741086,-0.009201572,0.559623847,-0.011526795
1.910000,0.474394980,-0.008465749,3.014759777,-0.005161135,0.561563950,-0.009119116
1.911000,0.491967373,0.068954373,2.900004411,0.005109800,0.567491101,-0.007230192
1.912000,0.521290882,0.091450877,2.844642492,0.012801321,0.573502544,-0.007359824
1.913000,0.542125065,0.079137799,2.837559185,0.019788987,0.578804721,-0.008803947
1.914000,0.543567201,0.023712340,2.946353556,0.019045832,0.582203415,-0.011613625
1.915000,0.567849054,-0.014647993,3.015694230,0.016190910,0.586645349,-0.012036319
1.916000,0.580785056,-0.035611792,3.168456970,0.015485524,0.587191831,-0.013941265
1.917000,0.603642875,-0.058941704,3.206665721,0.012113332,0.590731119,-0.011074295
1.918000,0.605182914,-0.036088180,3.177591150,0.008603948,0.592616787,-0.010863013
1.919000,0.632935992,-0.010385052,3.153597502,0.007470844,0.598591796,-0.010998929
1.920000,0.659536197,-0.030267867,3.267113502,0.002226730,0.599809105,-0.009377976
1.921000,0.636284855,-0.032740596,3.236853731,-0.005598151,0.605589812,-0.006937851
1.922000,0.628215090,-0.023153415,3.160754764,-0.010201666,0.606943733,-0.006309014
1.923000,0.592940682,0.037560573,3.074205797,-0.007699952,0.611342080,-0.006389774
1.924000,0.630563653,-0.008644191,3.062832192,-0.004644977,0.614453514,-0.006260926
1.925000,0.661071058,-0.055667736,3.003512797,0.010857314,0.621116353,-0.007159268
1.926000,0.657436356,-0.218293471,2.942263608,0.028855799,0.627200934,-0.010972396
1.927000,0.716580740,-0.360380584,3.051106123,0.038725702,0.630057302,-0.010652759
1.928000,0.791031957,-0.306210604,3.154125645,0.031693839,0.631981301,-0.008988482
1.929000,0.825813840,-0.136026366,3.328610885,0.015847405,0.632945418,-0.009010281
1.930000,0.784453141,0.025447609,3.437447374,-0.003038560,0.632470264,-0.010109829
1.931000,0.752068719,0.115106242,3.374264206,-0.005036907,0.637149862,-0.008576203
1.932000,0.667850254,0.065113984,3.190782475,0.005827304,0.639948220,-0.008132912
1.933000,0.679169983,-0.092366649,3.079370031,0.020216252,0.641391796,-0.002900660
1.934000,0.698940737,-0.151391710,3.116761081,0.022018163,0.640318904,0.002410231
1.935000,0.750191196,-0.034695052,3.227280413,0.018777622,0.643930832,0.003894800
1.936000,0.749067142,0.030730182,3.354736201,0.008079729,0.646827292,0.003013209
1.937000,0.721682843,0.022357369,3.362048695,0.002655216,0.649843712,0.002510578
1.938000,0.664429455,-0.083352233,3.250145077,0.009555632,0.652036731,-0.001944005
1.939000,0.648272701,-0.225406123,3.283139244,0.017888357,0.654016907,-0.001394094
1.940000,0.676249201,-0.183805406,3.156497664,0.024805672,0.655042550,0.000487980
1.941000,0.734552275,-0.045145282,3.240861298,0.026125519,0.657658805,0.002562312
1.942000,0.767899315,0.026289047,3.300265639,0.020116890,0.659362792,0.004965386
1.943000,0.737479320,0.030366289,3.302991806,0.012646483,0.663290531,0.005702784
1.944000,0.638781167,-0.035461188,3.305859455,0.011485813,0.662203712,0.008906412
1.945000,0.623006566,-0.154821722,3.293959781,0.019010183,0.663459020,0.013365371
1.946000,0.629539777,-0.206775869,3.274548576,0.027765205,0.664279334,0.015422521
1.947000,0.657009285,-0.239726686,3.264387672,0.036485368,0.667311414,0.013730133
1.948000,0.697380422,-0.258220484,3.285031477,0.029854724,0.666344789,0.012004689
1.949000,0.740277571,-0.149300648,3.208135218,0.024572593,0.669980782,0.010146546
1.950000,0.695342233,-0.104858175,3.370311786,0.021140726,0.666875896,0.009025305
1.951000,0.678308456,-0.088586570,3.412007376,0.022980996,0.664373451,0.013269875
1.952000,0.637521491,-0.039487275,3.320877957,0.029438240,0.665694492,0.015675154
1.953000,0.608718516,-0.096200112,3.253396146,0.041023633,0.668030270,0.018258117
1.954000,0.654660132,-0.203826683,3.308843449,0.042136915,0.670317736,0.023968536
1.955000,0.702116873,-0.198661628,3.299198011,0.039746044,0.671137973,0.026073082
1.956000,0.752804336,-0.076282367,3.382237856,0.028814504,0.671048493,0.025328296
1.957000,0.715174682,0.009106540,3.413925516,0.028725441,0.670410989,0.022166809
1.958000,0.631907326,-0.062355566,3.332266788,0.029628004,0.667368865,0.019521397
1.959000,0.612152237,-0.064883410,3.185241337,0.036106340,0.670089076,0.021626986
1.960000,0.620149660,-0.062152459,3.182064654,0.046327834,0.669081174,0.022947381
1.961000,0.678678899,-0.087817184,3.234131567,0.044919761,0.668087307,0.025610904
1.962000,0.711606253,-0.022818813,3.206769867,0.040889654,0.669306035,0.026572623
1.963000,0.743282961,-0.024481493,3.257551771,0.035987727,0.670252607,0.028414530
1.964000,0.719096747,-0.072629343,3.390146140,0.032661640,0.667934211,0.027151555
1.965000,0.706697449,-0.155381535,3.384971103,0.031062328,0.663862476,0.028078295
1.966000,0.700197456,-0.120842790,3.316428741,0.036234778,0.662971318,0.029096272
1.967000,0.697536898,-0.064239740,3.310027319,0.046777464,0.661820715,0.028180648
1.968000,0.654737048,-0.082640108,3.203645760,0.055698644,0.664440804,0.024084476
1.969000,0.663772338,-0.223069381,3.091607569,0.061752683,0.665053350,0.023864417
1.970000,0.717308166,-0.326904669,3.091264685,0.051378909,0.664547346,0.023824916
1.971000,0.769503365,-0.143421633,3.211563510,0.043455399,0.658549687,0.023079185
1.972000,0.747566879,-0.048494752,3.391974140,0.036830797,0.653173488,0.021892396
1.973000,0.687314194,-0.027749338,3.468666231,0.040303338,0.650400069,0.021127710
1.974000,0.650693773,-0.183537194,3.395596166,0.049860523,0.648542574,0.021017299
1.975000,0.686361644,-0.206248400,3.165206317,0.058268618,0.648048234,0.023583092
1.976000,0.714121268,-0.200496720,3.056580793,0.062064081,0.646742866,0.026438467
1.977000,0.705361645,-0.130819686,3.306691128,0.057812857,0.642567928,0.025717614
1.978000,0.688645691,0.007716773,3.533661666,0.047783765,0.638002775,0.023699623
1.979000,0.614154087,0.014392615,3.529963948,0.052324267,0.636021223,0.020327474
1.980000,0.567114449,-0.232212528,3.520155293,0.058064947,0.629632715,0.019096630
1.981000,0.575776336,-0.303220364,3.360169830,0.052508875,0.625074995,0.023128567
1.982000,0.587203660,-0.034708485,3.145560493,0.050335417,0.626090674,0.020606788
1.983000,0.636844294,-0.000748293,3.322947477,0.053098384,0.625571450,0.016499069
1.984000,0.657868444,-0.109730446,3.507380790,0.046691958,0.620707174,0.014687169
1.985000,0.603943102,-0.096009236,3.476584118,0.044308199,0.617801302,0.014181809
1.986000,0.515774939,-0.117362234,3.421018174,0.055130705,0.611339145,0.012736179
1.987000,0.480116118,-0.219660565,3.425311757,0.065021207,0.602347613,0.015056856
1.988000,0.485877642,-0.268181562,3.353969173,0.064991022,0.598214273,0.017322845
1.989000,0.539923980,-0.128951612,3.391773269,0.063757447,0.599097808,0.018160104
1.990000,0.565197762,-0.115598380,3.537556995,0.055946925,0.594933033,0.017956929
1.991000,0.552745802,-0.128112422,3.603777124,0.048639822,0.588782824,0.021705511
1.992000,0.517237338,-0.027097182,3.566687720,0.047449232,0.584886542,0.025269883
1.993000,0.480795724,0.113527593,3.538902559,0.055976316,0.580900400,0.027162073
1.994000,0.443497047,0.011798750,3.396583335,0.065834035,0.580480956,0.026180738
1.995000,0.422688932,-0.154700770,3.330272825,0.075292168,0.579836837,0.028579107
1.996000,0.391240083,-0.291875746,3.313711556,0.081200548,0.577185218,0.024549498
1.997000,0.437968066,-0.372442957,3.461775770,0.077133095,0.572049066,0.021856412
1.998000,0.529514528,-0.251841553,3.542022063,0.063848055,0.570406937,0.017686056
1.999000,0.491510163,-0.011548808,3.638116638,0.054781921,0.567494376,0.009459687
2.000000,0.409744175,0.012576295,3.687543918,0.055632764,0.562517469,-0.000818855
2.001000,0.338310461,0.020729669,3.698839991,0.062122536,0.556012817,-0.005060165
2.002000,0.318775640,-0.112838153,3.601719500,0.069466558,0.553936942,-0.005777395
2.003000,0.383932857,-0.162122285,3.471334333,0.072935668,0.553418627,-0.004806139
2.004000,0.432679744,-0.123537699,3.430706032,0.070008470,0.552765290,-0.008687474
2.005000,0.436453238,-0.023408695,3.551749287,0.057705268,0.546284776,-0.011359102
2.006000,0.421805075,-0.024180898,3.699349374,0.050986396,0.543440583,-0.014562001
2.007000,0.328026522,-0.052404673,3.736376964,0.059248847,0.546203975,-0.023631112
2.008000,0.296175534,-0.227726397,3.625719240,0.070374710,0.546340554,-0.027418555
2.009000,0.368509312,-0.291183037,3.480765560,0.079431624,0.545906270,-0.029485932
2.010000,0.409623009,-0.147303149,3.523773607,0.082103840,0.545420898,-0.032790200
2.011000,0.377654463,-0.111913393,3.468461655,0.080289935,0.546945437,-0.038656474
2.012000,0.356898737,-0.165199590,3.522984439,0.070167437,0.545981040,-0.040963665
2.013000,0.350576844,-0.176465764,3.500026424,0.062412210,0.547411657,-0.042089169
2.014000,0.332358007,-0.173709346,3.528158725,0.060747498,0.544133751,-0.041553663
2.015000,0.328286738,-0.151859894,3.479973115,0.062042214,0.543549088,-0.039884206
2.016000,0.307584904,-0.175464656,3.488912058,0.069709336,0.545426314,-0.041648083
2.017000,0.361316496,-0.215171757,3.487874334,0.070521018,0.548049343,-0.042289937
2.018000,0.409699212,-0.290857272,3.352977484,0.066203238,0.554370636,-0.041312251
2.019000,0.451312256,-0.228104232,3.397747145,0.063591611,0.554200573,-0.041253051
2.020000,0.428572790,-0.179031668,3.525760767,0.059441246,0.552042445,-0.042715829
2.021000,0.347621911,-0.106007266,3.454656834,0.062634697,0.551431094,-0.044399819
2.022000,0.331945040,-0.106172639,3.424630112,0.067932450,0.552988982,-0.045530313
2.023000,0.386027183,-0.145744375,3.294012101,0.065818492,0.555358824,-0.043582111
2.024000,0.424147098,-0.027331440,3.159784445,0.063091222,0.557870528,-0.044553974
2.025000,0.457529327,0.069232986,3.169902088,0.063911901,0.558564946,-0.045690147
2.026000,0.454912515,0.039850426,3.209700829,0.065193636,0.562616258,-0.050199497
2.027000,0.486670400,-0.028929792,3.252321617,0.063966253,0.562729049,-0.052559882
2.028000,0.464598286,-0.108902900,3.152840072,0.064672867,0.564442761,-0.057413183
2.029000,0.560530917,-0.158113078,3.140326734,0.058761830,0.561502357,-0.056384338
2.030000,0.604421268,-0.098973153,3.124834909,0.047631276,0.563142493,-0.056703251
2.031000,0.599027074,0.050506810,3.199867480,0.047621701,0.562130184,-0.058396741
2.032000,0.611803740,0.067373069,3.119373965,0.043991347,0.564237030,-0.058795292
2.033000,0.660146567,0.053526650,2.987900619,0.043292607,0.564137163,-0.053836302
2.034000,0.613596554,0.041619761,2.881218705,0.052298767,0.564247506,-0.056567274
2.035000,0.614657078,-0.086946563,2.895273266,0.058151423,0.561819699,-0.056946452
2.036000,0.675707059,-0.241035780,2.899190555,0.056333173,0.564146842,-0.056393527
2.037000,0.754002435,-0.135395829,2.945810523,0.052773493,0.564723352,-0.057724197
2.038000,0.766571785,-0.038003304,2.997040842,0.047461317,0.563028845,-0.061242176
2.039000,0.779096118,-0.018934497,3.006471455,0.039569848,0.558584624,-0.059906025
2.040000,0.709492823,0.042473955,2.908713644,0.037355589,0.556659583,-0.058853349
2.041000,0.641982230,0.071932093,2.867496518,0.048481143,0.554612951,-0.058441749
2.042000,0.653196768,0.060390142,2.838654836,0.053894942,0.554195888,-0.056152410
2.043000,0.690755469,0.029823407,2.801702975,0.057726241,0.552340136,-0.049848125
2.044000,0.637693168,0.088622184,2.819855248,0.058974238,0.547753798,-0.048535168
2.045000,0.605485932,-0.022937719,2.893057855,0.053295269,0.542645419,-0.048547485
2.046000,0.614391726,-0.117491664,2.892388404,0.041577849,0.540249353,-0.045984796
2.047000,0.630328445,-0.044523885,2.838916278,0.037359815,0.540817144,-0.044082816
2.048000,0.549360358,0.054512285,2.861431238,0.035629670,0.536761832,-0.044698298
2.049000,0.516792461,0.073053500,2.797398373,0.035104666,0.531709209,-0.039677827
2.050000,0.473448672,0.094326761,2.676730959,0.038547132,0.528325288,-0.034505482
2.051000,0.431818002,0.093850052,2.656922543,0.049233522,0.523618547,-0.031124430
2.052000,0.422217043,0.000640370,2.691462540,0.049455193,0.519209909,-0.027418334
2.053000,0.433270566,-0.050554630,2.704156574,0.047489257,0.516872669,-0.021791872
2.054000,0.357261931,-0.014944848,2.801695468,0.049638657,0.512265268,-0.022990183
2.055000,0.351074511,-0.084846462,2.895459361,0.045392540,0.508428749,-0.021613358
2.056000,0.388287673,-0.086124077,2.750508718,0.039295634,0.508595625,-0.018853144
2.057000,0.430988773,0.070911641,2.684846129,0.037163889,0.504950598,-0.016294306
2.058000,0.387605132,0.063147807,2.657471189,0.040415299,0.501089802,-0.015794734
2.059000,0.369101853,0.046702657,2.626636253,0.043591177,0.496107722,-0.011459152
2.060000,0.299093406,0.041988092,2.582016183,0.052647232,0.492769220,-0.008620402
2.061000,0.259337166,-0.046632035,2.596079829,0.058544461,0.485826962,-0.003338658
2.062000,0.301663161,-0.119890458,2.689590181,0.052907702,0.483017977,0.003038367
2.063000,0.365012665,-0.010845912,2.633829102,0.047352068,0.480439628,0.008195955
2.064000,0.365960436,-0.009558087,2.731683595,0.044512806,0.477177195,0.008639757
2.065000,0.381180913,-0.083659035,2.668799198,0.042386731,0.474534437,0.011411749
2.066000,0.380241843,-0.043375649,2.568351441,0.042181849,0.472029523,0.013254390
2.067000,0.384306660,0.024667270,2.504357187,0.046868500,0.466498426,0.017052779
2.068000,0.387257242,-0.029852759,2.611575753,0.047560647,0.459598783,0.021743637
2.069000,0.382085556,-0.003374590,2.548661022,0.045208840,0.458427161,0.025506219
2.070000,0.402504512,0.016284288,2.532101640,0.046092008,0.452352239,0.029987859
2.071000,0.405652953,-0.029587908,2.535886478,0.050496874,0.450839637,0.034198407
2.072000,0.381160704,-0.037252721,2.524356063,0.048366502,0.445312292,0.036132792
2.073000,0.402934054,-0.027244011,2.466590398,0.051556617,0.442513196,0.039592602
2.074000,0.430695323,-0.068075306,2.615237202,0.052737331,0.436802398,0.039940225
2.075000,0.411261417,-0.103646697,2.535066006,0.050978208,0.434758868,0.042098329
2.076000,0.427721766,-0.062781413,2.451953743,0.044675628,0.432886453,0.044753348
2.077000,0.431164673,-0.015944543,2.354292065,0.046236868,0.432134594,0.047261050
2.078000,0.373947715,-0.064383002,2.416261209,0.042525944,0.424701181,0.047818372
2.079000,0.341666935,-0.060929279,2.372093291,0.046484226,0.417730615,0.051830481
2.080000,0.318041421,-0.121001299,2.425263669,0.055408841,0.412922503,0.051719674
2.081000,0.312764961,-0.215819787,2.434520935,0.053701584,0.406855444,0.054198238
2.082000,0.328754105,-0.189046492,2.422452791,0.045273685,0.404140394,0.057186946
2.083000,0.336557442,-0.065550347,2.368558449,0.041098100,0.400238194,0.058935213
2.084000,0.305184686,-0.044846328,2.414785045,0.040033311,0.396452739,0.055319772
2.085000,0.245316115,-0.163940058,2.321792168,0.044797315,0.393274034,0.054366599
2.086000,0.173951219,-0.229777860,2.191657912,0.058080293,0.389598074,0.050834445
2.087000,0.194260805,-0.332778125,2.252996251,0.064810549,0.382841570,0.051528701
2.088000,0.221739551,-0.335929926,2.335600580,0.056791725,0.378178566,0.052381234
2.089000,0.205072865,-0.158736810,2.429775706,0.044817853,0.374515798,0.052416073
2.090000,0.190143289,-0.038079339,2.430191302,0.034018094,0.371163305,0.051111881
2.091000,0.138271163,-0.052206091,2.425696638,0.032192768,0.366144427,0.048776373
2.092000,0.065280363,-0.212637244,2.231954881,0.039586861,0.360874745,0.046438326
2.093000,0.055607715,-0.212077601,2.156875017,0.047136881,0.356138964,0.048991309
2.094000,0.063653314,-0.143400788,2.021811975,0.051911570,0.355700489,0.049059895
2.095000,0.067763317,-0.096310830,2.068094230,0.051999090,0.353459572,0.047027926
2.096000,0.059921845,-0.171188755,2.139295825,0.047932205,0.351600854,0.043054343
2.097000,0.023420981,-0.238619854,2.161615339,0.043941752,0.346777395,0.039771698
2.098000,0.022162830,-0.325289671,2.127802112,0.044478461,0.342864530,0.036175310
2.099000,0.051734494,-0.308471396,2.118335977,0.041693728,0.339055062,0.035894450
2.100000,0.061089865,-0.213144821,2.143741729,0.039782476,0.337942792,0.033308470
2.101000,0.084704376,-0.167420091,2.108340494,0.031382170,0.336990108,0.030676081
2.102000,0.085666737,-0.135964498,1.985349610,0.023806921,0.336211280,0.027058661
2.103000,0.105192254,-0.165495284,1.978575282,0.021373741,0.331566271,0.024984753
2.104000,0.106317265,-0.213312264,2.014340881,0.017010958,0.325842944,0.023177858
2.105000,0.088396557,-0.241014131,1.974600023,0.018144359,0.321949604,0.023082237
2.106000,0.060989649,-0.126220237,1.945307736,0.019739348,0.319949986,0.020096588
2.107000,0.082286874,-0.165398202,1.903094292,0.018825367,0.320212801,0.016284341
2.108000,0.118136748,-0.209864645,1.875247502,0.012244293,0.319402554,0.012088806
2.109000,0.158741431,-0.185917535,1.826458887,0.006561354,0.319978315,0.007121712
2.110000,0.195430032,-0.133178139,1.906448770,-0.002540382,0.315866203,0.001700924
2.111000,0.238644721,-0.073787537,1.914779458,-0.009503796,0.312881294,-0.003075075
2.112000,0.232967923,0.036509983,1.879520784,-0.014797541,0.308981864,-0.006506934
2.113000,0.199097171,0.073830868,1.770206719,-0.014925844,0.307311924,-0.008105393
2.114000,0.162280540,0.012275891,1.665874268,-0.013764810,0.303471673,-0.009108729
2.115000,0.193855325,-0.009673737,1.590118472,-0.012842041,0.301340166,-0.007275716
2.116000,0.214857354,-0.018114939,1.576322185,-0.015394523,0.301681665,-0.009715928
2.117000,0.209416439,-0.023146617,1.652628796,-0.019630009,0.297692783,-0.013773170
2.118000,0.213770402,-0.086161803,1.667197180,-0.026507644,0.294906636,-0.017973357
2.119000,0.222864579,-0.034000818,1.669869363,-0.036385551,0.291525775,-0.022803369
2.120000,0.220570374,0.016629308,1.625397908,-0.040868588,0.292081679,-0.027965018
2.121000,0.244204126,0.039772343,1.560609484,-0.046700185,0.287870107,-0.028597559
2.122000,0.242964074,0.084732508,1.521043017,-0.051763741,0.287247947,-0.029644060
2.123000,0.233150748,0.153567220,1.465628975,-0.049747410,0.282307402,-0.029540959
2.124000,0.210692080,0.127598660,1.500285262,-0.046219295,0.277334205,-0.029739075
2.125000,0.203524845,0.073928361,1.421469272,-0.044543395,0.272866866,-0.025943945
2.126000,0.178213310,0.057392133,1.291400221,-0.039384918,0.272298706,-0.027515767
2.127000,0.205685596,0.039440267,1.283239156,-0.035245179,0.268029064,-0.027868492
2.128000,0.253034728,0.044670890,1.239037362,-0.034085672,0.266975921,-0.027990391
2.129000,0.274624047,0.104765680,1.255927963,-0.032860029,0.264234716,-0.027205620
2.130000,0.269487620,0.144043711,1.251465601,-0.028427211,0.259607679,-0.027533618
2.131000,0.260658171,0.152672524,1.186966565,-0.024497704,0.257524691,-0.026845912
2.132000,0.255882500,0.089155433,1.166576727,-0.021350667,0.251642788,-0.024237759
2.133000,0.257771736,0.007949171,1.136973028,-0.021883339,0.245954889,-0.020332947
2.134000,0.254087073,-0.010568167,1.129653910,-0.025279245,0.239738636,-0.016868173
2.135000,0.283672517,0.022415365,1.114965917,-0.026342981,0.235698280,-0.013096227
2.136000,0.312064395,0.011265152,1.210521754,-0.028856774,0.228840097,-0.008620358
2.137000,0.291357612,0.018362182,1.151602808,-0.027146052,0.224673953,-0.003545567
2.138000,0.237432399,0.067093750,1.094005225,-0.022018047,0.220047863,0.000679907
2.139000,0.167902052,0.064264595,0.998171832,-0.018190447,0.214630155,0.006667245
2.140000,0.116952338,0.061020691,0.937479721,-0.020201469,0.210133062,0.010692835
2.141000,0.096901608,0.180505148,0.896231518,-0.023693990,0.206252782,0.013417239
2.142000,0.064633446,0.271998321,0.834788750,-0.024795242,0.203277146,0.012683902
2.143000,0.032867748,0.307780842,0.818645932,-0.023002280,0.197922268,0.011296018
2.144000,-0.000653950,0.280834769,0.733086592,-0.011523217,0.192764466,0.009609537
2.145000,-0.020698506,0.223318888,0.690874186,0.003141745,0.185875004,0.007219114
2.146000,-0.039393192,0.168651110,0.669196409,0.011716421,0.180244629,0.007153149
2.147000,-0.045473915,0.150318488,0.663539970,0.011075253,0.174486673,0.008299864
2.148000,-0.028672726,0.199995384,0.715144347,0.002786870,0.167853332,0.009599371
2.149000,-0.060002802,0.256255984,0.763850305,-0.004402639,0.160983238,0.008219335
2.150000,-0.093633286,0.225782703,0.775330086,-0.007244109,0.154081510,0.005324388
2.151000,-0.132532475,0.173605534,0.679161640,-0.001214226,0.147922916,0.003890397
2.152000,-0.152719252,0.096566214,0.533426023,0.012658507,0.143286838,0.001495591
2.153000,-0.122841164,-0.026386094,0.444252145,0.024660548,0.138704492,0.001590482
2.154000,-0.077825020,-0.092849619,0.364615277,0.030729588,0.137073626,0.002257013
2.155000,-0.019406364,-0.106954832,0.363736123,0.032680655,0.134099342,0.001445905
2.156000,0.010556903,-0.132935615,0.377963275,0.034749818,0.130786181,-0.000925920
2.157000,0.004042782,-0.161451322,0.381400102,0.040022585,0.124178387,-0.001470151
2.158000,-0.054266824,-0.160596427,0.263792240,0.054028595,0.118913995,-0.004916635
2.159000,-0.060417795,-0.164651082,0.177575521,0.065765475,0.111647685,-0.006872492
2.160000,-0.064954970,-0.129333616,0.066058295,0.071468972,0.109155538,-0.009590103
2.161000,-0.023365383,-0.043851686,0.106617856,0.069074175,0.102809190,-0.011277365
2.162000,0.010849792,-0.001055564,0.137021270,0.064217727,0.099382197,-0.013138681
2.163000,0.032151548,0.017633885,0.220357951,0.059658730,0.094002248,-0.014353394
2.164000,0.000815052,0.033925099,0.217775373,0.062738146,0.087104984,-0.016353175
2.165000,-0.012329624,0.002889547,0.195490250,0.070046916,0.079226818,-0.016952112
2.166000,-0.029751260,-0.043088185,0.073513531,0.075887875,0.073509128,-0.017149484
2.167000,-0.009623795,-0.003476548,-0.003742182,0.081706401,0.068938516,-0.017464503
2.168000,0.022413947,0.013026892,-0.009922289,0.082381527,0.065071324,-0.020035509
2.169000,0.044030156,0.007404824,-0.009507290,0.077111620,0.061655083,-0.021961142
2.170000,0.021616909,0.008783743,-0.002911119,0.074726698,0.058122906,-0.024724184
2.171000,-0.017541566,-0.008022859,-0.039690593,0.076817818,0.054117461,-0.029568135
2.172000,-0.033489053,-0.023692991,-0.126386391,0.079840184,0.048336946,-0.031914278
2.173000,-0.008349795,-0.049159745,-0.202247264,0.088983879,0.044381929,-0.034316259
2.174000,0.024435350,-0.070358010,-0.235417636,0.095338806,0.040038111,-0.035603862
2.175000,0.064302003,-0.126401967,-0.295926134,0.097528232,0.037581406,-0.036084775
2.176000,0.040944695,-0.128158625,-0.337538388,0.101346620,0.033055026,-0.037320263
2.177000,-0.020095185,-0.220746643,-0.277724927,0.108703349,0.025856194,-0.039744270
2.178000,-0.057410301,-0.286601629,-0.272475051,0.110044497,0.016274457,-0.039238307
2.179000,-0.079417031,-0.306237594,-0.295552522,0.111655514,0.009973782,-0.038506045
2.180000,-0.073888022,-0.259116753,-0.268372001,0.110263933,0.004087132,-0.039628980
2.181000,-0.042712592,-0.202417169,-0.272208319,0.106871504,0.001138974,-0.038841987
2.182000,-0.070229324,-0.141346193,-0.283612214,0.100585508,-0.002539769,-0.039308700
2.183000,-0.079745206,-0.109071441,-0.309336561,0.096437044,-0.008182508,-0.038846036
2.184000,-0.132507862,-0.079971724,-0.388391261,0.092079599,-0.014751562,-0.037002764
2.185000,-0.170264755,-0.060585495,-0.383596367,0.090834258,-0.021123664,-0.035209133
2.186000,-0.187597937,-0.047187558,-0.374718141,0.091257046,-0.025132526,-0.033424255
2.187000,-0.211786667,-0.032408505,-0.442423630,0.093076111,-0.026547041,-0.030308854
2.188000,-0.227819531,-0.014338770,-0.545811365,0.095640157,-0.028162108,-0.028886248
2.189000,-0.248187149,-0.011124467,-0.669648576,0.098558283,-0.031067455,-0.027517264
2.190000,-0.257533526,-0.042691078,-0.746912823,0.099085837,-0.035258928,-0.026745852
2.191000,-0.204950371,0.030810731,-0.669025596,0.096254763,-0.040642899,-0.024041379
2.192000,-0.183364845,0.053299671,-0.600258959,0.096260321,-0.042478150,-0.022889283
2.193000,-0.135477621,0.100217388,-0.585632751,0.095003613,-0.045027320,-0.020630616
2.194000,-0.118538531,0.122281232,-0.662883356,0.096470776,-0.047558835,-0.018450132
2.195000,-0.119103013,0.084473281,-0.770747589,0.099499582,-0.051321086,-0.014728247
2.196000,-0.098813097,0.026785645,-0.848351682,0.109787041,-0.055147327,-0.011159753
2.197000,-0.066684026,-0.112597200,-0.829263472,0.118403233,-0.059856363,-0.007963763
2.198000,0.002206684,-0.305972426,-0.763268203,0.117234686,-0.063402959,-0.003000401
2.199000,0.086349848,-0.306943746,-0.689636838,0.109926010,-0.064652143,0.000655532
2.200000,0.148221885,-0.148095979,-0.680680544,0.097147154,-0.063299846,0.002606641
2.201000,0.185399047,-0.029495554,-0.727681752,0.084685298,-0.061878733,0.003268810
2.202000,0.172280351,-0.044157538,-0.846400568,0.080764359,-0.060806086,0.003639611
2.203000,0.164025330,-0.056633252,-0.976630822,0.085653804,-0.064054968,0.004539448
2.204000,0.144454529,-0.010185384,-1.132772778,0.090314199,-0.068660088,0.008714035
2.205000,0.132325820,0.022977454,-1.085763059,0.095024641,-0.074042063,0.012541923
2.206000,0.130580115,0.019504983,-0.926978635,0.087988250,-0.079897525,0.016323745
2.207000,0.153426726,0.030943879,-0.817317869,0.073685767,-0.080429508,0.021746858
2.208000,0.143893212,0.126505784,-0.800519215,0.059718609,-0.081225698,0.025790285
2.209000,0.134894990,0.250845824,-0.845213624,0.053608220,-0.083093978,0.026751022
2.210000,0.117858015,0.369610919,-1.088735424,0.053972293,-0.083242431,0.028592059
2.211000,0.122986205,0.424738877,-1.262110976,0.063330963,-0.085010503,0.031030498
2.212000,0.084517122,0.374517803,-1.189471273,0.073031146,-0.090974753,0.032483944
2.213000,0.066169584,0.250953776,-1.076271614,0.076175334,-0.094147521,0.032805932
2.214000,0.029922530,0.077922326,-0.849723873,0.064726842,-0.098159482,0.032755500
2.215000,0.036843777,0.015789113,-0.745254463,0.046940947,-0.100826820,0.036194599
2.216000,0.019592656,0.120622294,-0.928819805,0.028058116,-0.097572456,0.036390508
2.217000,0.012485883,0.188999684,-1.218251540,0.024719917,-0.095150282,0.033038315
2.218000,0.002834432,0.082796019,-1.359277246,0.031359505,-0.095991948,0.030460541
2.219000,-0.026375163,-0.069913359,-1.356802341,0.042506154,-0.101094052,0.028852829
2.220000,-0.047070960,-0.152842150,-1.177645986,0.053604460,-0.107943096,0.026926944
2.221000,-0.002662746,-0.229396381,-0.995836776,0.043502194,-0.113567595,0.034394537
2.222000,0.036364463,-0.047530726,-1.057620429,0.024903273,-0.111151589,0.038694884
2.223000,0.049266095,0.196382746,-1.093933332,0.008639930,-0.107031611,0.038926434
2.224000,0.000319455,0.173694431,-1.152395888,0.004607577,-0.103767487,0.037444645
2.225000,-0.081684346,0.065796709,-1.279029716,0.020767245,-0.110072423,0.035041367
2.226000,-0.129628090,-0.038868293,-1.365502692,0.045115423,-0.118103892,0.034119193
2.227000,-0.077946820,-0.061214936,-1.313686757,0.055421794,-0.122228142,0.039552213
2.228000,-0.052344235,0.060744920,-1.207979928,0.044630112,-0.119399155,0.042511101
2.229000,-0.036555765,0.228233264,-1.116289917,0.020823508,-0.117936415,0.044545680
2.230000,-0.069010036,0.327763824,-1.138605874,-0.000001542,-0.117388592,0.044186593
2.231000,-0.112982330,0.247865165,-1.310934652,-0.000637839,-0.119494042,0.040429202
2.232000,-0.141786555,0.015489181,-1.300474157,0.013114494,-0.123767931,0.039609990
2.233000,-0.083880118,-0.053863763,-1.229454815,0.013138178,-0.125334516,0.042053733
2.234000,-0.082869847,0.124564903,-1.270877954,0.013184617,-0.122369930,0.042736373
2.235000,-0.010231384,0.223965053,-1.235852663,0.009177740,-0.124138154,0.043451249
2.236000,0.056850315,0.211715000,-1.206217891,-0.016987381,-0.124880792,0.046689954
2.237000,0.080177008,0.179578991,-1.348525354,-0.024572471,-0.120834452,0.045837848
2.238000,0.050335328,-0.002455230,-1.364910226,-0.010500216,-0.122900960,0.042000225
2.239000,0.039209974,-0.241447158,-1.337116658,0.006772192,-0.125813127,0.041442416
2.240000,0.059188301,-0.267843067,-1.431132520,0.019903029,-0.123808596,0.044547721
2.241000,0.138849057,-0.075626907,-1.509926833,0.022207164,-0.119875933,0.045853943
2.242000,0.219349313,0.115637735,-1.371301232,0.006322960,-0.121588438,0.046192795
2.243000,0.244196159,0.157030682,-1.355080641,-0.006959494,-0.121607992,0.045014578
2.244000,0.177854782,0.105386486,-1.402443985,-0.000915799,-0.119842015,0.040235270
2.245000,0.106168701,-0.166494004,-1.345571518,0.025142805,-0.120903688,0.034786751
2.246000,0.102667023,-0.492497704,-1.361362999,0.041497802,-0.128469742,0.033787635
2.247000,0.211495410,-0.444482028,-1.433238509,0.038032094,-0.129821785,0.035007872
2.248000,0.332521948,-0.099302807,-1.268905493,0.018644194,-0.124912946,0.033720617
2.249000,0.357020676,0.184097402,-1.142250478,-0.004246089,-0.119051489,0.031492137
2.250000,0.249839197,0.175040720,-1.286111068,-0.005354947,-0.116632922,0.029311523
2.251000,0.087036987,-0.067407881,-1.502668140,0.021518372,-0.122780591,0.025468109
2.252000,0.017596431,-0.385395595,-1.567318702,0.044838742,-0.133778998,0.025099339
2.253000,0.053233663,-0.539555175,-1.527031744,0.047004100,-0.139594802,0.028149618
2.254000,0.191884675,-0.297880086,-1.364976279,0.031075575,-0.136904937,0.028783598
2.255000,0.293707072,0.078689739,-0.993201836,-0.009997086,-0.128456034,0.024956121
2.256000,0.193793530,0.267141984,-0.978863852,-0.031587521,-0.122071681,0.019235321
2.257000,0.018517044,0.163719792,-1.371834788,-0.012207340,-0.123519134,0.013164606
2.258000,-0.159300032,-0.128635276,-1.786237556,0.037093990,-0.133930175,0.009291346
2.259000,-0.203378977,-0.404651302,-1.917968467,0.069322196,-0.142934765,0.010866229
2.260000,-0.112540687,-0.406450857,-1.842501112,0.066521899,-0.143344612,0.012156494
2.261000,0.076382668,-0.084475082,-1.399319215,0.032201338,-0.139237428,0.009695353
2.262000,0.134234106,0.182534613,-1.090884747,-0.015521200,-0.135839734,0.003744800
2.263000,0.011305937,0.229089084,-1.121932695,-0.028924508,-0.132629210,-0.001819870
2.264000,-0.159366520,0.110760010,-1.424102458,-0.001951339,-0.131157604,-0.006642257
2.265000,-0.283287096,-0.184780717,-1.649799165,0.038911725,-0.136737607,-0.007971544
2.266000,-0.253558931,-0.428130900,-1.862780032,0.062130719,-0.141892846,-0.004264924
2.267000,-0.132270015,-0.291630474,-1.885560667,0.058287102,-0.143598090,-0.002723602
2.268000,0.020881935,-0.048722602,-1.556036050,0.027170282,-0.142112919,-0.004595452
2.269000,0.048240148,0.051938938,-1.215740936,-0.010465429,-0.137825814,-0.010722401
2.270000,-0.090123724,0.024044639,-1.238736334,-0.018621562,-0.138290905,-0.018554619
2.271000,-0.216559426,-0.108968946,-1.582978308,0.007223046,-0.144151744,-0.023590883
2.272000,-0.258953179,-0.236698525,-1.939025184,0.042927161,-0.148240271,-0.023895265
2.273000,-0.176329881,-0.228835045,-2.026666553,0.062258592,-0.149564243,-0.020401733
2.274000,-0.000336584,-0.062034478,-1.924312129,0.052242938,-0.143610752,-0.016803675
2.275000,0.109573308,0.121066765,-1.668964300,0.020297211,-0.138602932,-0.016623091
2.276000,0.094870536,0.159192834,-1.497729818,-0.007898286,-0.139901843,-0.020162887
2.277000,-0.034155231,0.099711647,-1.621292660,-0.008657464,-0.146403844,-0.025268992
2.278000,-0.133853586,0.008575004,-1.909107195,0.014067932,-0.154059293,-0.027372234
2.279000,-0.113440441,-0.079745024,-2.088120652,0.039452287,-0.155082130,-0.026107347
2.280000,0.008817200,-0.048390886,-2.082393251,0.046112236,-0.152302032,-0.022812331
2.281000,0.146252121,0.099555352,-1.959969055,0.031522232,-0.147116443,-0.019848302
2.282000,0.217172827,0.195595572,-1.809598204,0.012674714,-0.145517804,-0.020579252
2.283000,0.213021052,0.218890659,-1.682133959,-0.008542542,-0.147831354,-0.023261967
2.284000,0.119580896,0.228053809,-1.767348297,-0.014323797,-0.152959202,-0.026256168
2.285000,0.026404515,0.153848549,-2.072586660,0.005733791,-0.159301551,-0.028314778
2.286000,0.050021537,0.017718403,-2.228929524,0.027013179,-0.161091191,-0.027200420
2.287000,0.152180150,-0.024517546,-2.256158030,0.039327333,-0.159573785,-0.026124838
2.288000,0.251345091,-0.001637969,-2.094276685,0.034439350,-0.159131417,-0.026669883
2.289000,0.300778750,0.014585594,-1.929486727,0.013778968,-0.161174764,-0.026309690
2.290000,0.271545378,0.074785408,-1.920276707,-0.007202075,-0.166699574,-0.025341927
2.291000,0.186477842,0.133891119,-2.037612655,-0.011868297,-0.172394811,-0.025488051
2.292000,0.128964812,0.120652565,-2.153554870,-0.004985239,-0.177477661,-0.024333994
2.293000,0.139486298,0.078748897,-2.324218259,0.009103839,-0.177778095,-0.021224476
2.294000,0.183832955,0.071171780,-2.347429428,0.015123561,-0.177844580,-0.017803865
2.295000,0.238201511,0.067263797,-2.258531795,0.007771065,-0.178248174,-0.014850458
2.296000,0.252086894,0.123352139,-2.194009989,-0.010632360,-0.181803282,-0.013404622
2.297000,0.160327275,0.188375023,-2.173539201,-0.023679371,-0.188472935,-0.014669918
2.298000,0.084997073,0.187285575,-2.206016759,-0.024170260,-0.194470266,-0.015462374
2.299000,0.018952832,0.176091543,-2.344235044,-0.014421350,-0.198944486,-0.015597652
2.300000,0.032302019,0.147187116,-2.500603809,0.002930621,-0.200998880,-0.013769560
2.301000,0.067781267,0.084407521,-2.564105347,0.011548958,-0.202517279,-0.010956980
2.302000,0.109115164,0.058531110,-2.505853114,0.006672816,-0.206822643,-0.008638506
2.303000,0.108929102,0.054462778,-2.384005395,-0.006725418,-0.213024961,-0.007566219
2.304000,0.068788153,0.129463596,-2.329678671,-0.023523901,-0.216250160,-0.007103346
2.305000,0.004586461,0.189255562,-2.373690882,-0.032781522,-0.219967821,-0.009166466
2.306000,-0.019943093,0.105851584,-2.511121367,-0.030318567,-0.223212556,-0.010092294
2.307000,-0.027226506,-0.018359164,-2.657083170,-0.019712987,-0.225802934,-0.009914171
2.308000,0.022341571,-0.099119984,-2.706161633,-0.009522177,-0.229858389,-0.008629590
2.309000,0.072429641,-0.101734061,-2.644470567,-0.010858378,-0.234303357,-0.006396669
2.310000,0.124987528,0.000671386,-2.518876306,-0.020435580,-0.237692663,-0.004486989
2.311000,0.118101718,0.062320290,-2.388990293,-0.029314032,-0.242365382,-0.005350760
2.312000,0.086781447,0.042361951,-2.382607163,-0.030492179,-0.247987338,-0.005035123
2.313000,0.055872181,0.004567396,-2.530543735,-0.023995739,-0.252640002,-0.003516516
2.314000,0.038811210,0.011041704,-2.768576206,-0.010220790,-0.256057828,0.000242584
2.315000,0.066177623,0.008143834,-2.889007583,0.001269068,-0.258164496,0.002340725
2.316000,0.135639596,0.011727530,-2.805350568,-0.000708407,-0.259058155,0.005213437
2.317000,0.185176922,0.071859957,-2.649951943,-0.011173847,-0.260381055,0.005932226
2.318000,0.161981523,0.090970839,-2.542966060,-0.020878677,-0.265064107,0.004073030
2.319000,0.129221627,0.050745889,-2.600361118,-0.025558737,-0.271820840,0.003232608
2.320000,0.101058085,0.026472283,-2.731818861,-0.022315278,-0.276809509,0.003664114
2.321000,0.124149103,-0.014960584,-2.809492696,-0.014473507,-0.280597570,0.003188351
2.322000,0.193266848,-0.026540450,-2.830171405,-0.010400860,-0.283848905,0.004318463
2.323000,0.249309911,-0.012006422,-2.772545527,-0.011205641,-0.286661515,0.006889967
2.324000,0.271845975,-0.002760979,-2.626710138,-0.016422462,-0.294018030,0.007248618
2.325000,0.255760611,-0.027348488,-2.545120255,-0.021393238,-0.301569979,0.007962379
2.326000,0.258608490,-0.086605905,-2.558242223,-0.021197206,-0.306998516,0.007981524
2.327000,0.257822128,-0.139341046,-2.566288234,-0.017115274,-0.312163111,0.006725219
2.328000,0.280785190,-0.150970785,-2.670876706,-0.014601006,-0.313458206,0.008956067
2.329000,0.299634516,-0.101900919,-2.783797304,-0.012726054,-0.313107597,0.010024457
2.330000,0.319946199,-0.080620303,-2.794950451,-0.013256448,-0.314730295,0.011866254
2.331000,0.303598794,-0.099730033,-2.721989448,-0.018428943,-0.320086375,0.014321395
2.332000,0.285251296,-0.033919963,-2.786048336,-0.018844240,-0.323765674,0.014949791
2.333000,0.262630190,-0.066347667,-2.756170960,-0.016146394,-0.328808934,0.014644687
2.334000,0.260398041,-0.148317420,-2.769492303,-0.013326259,-0.332771916,0.015912091
2.335000,0.268003665,-0.102462137,-2.837029662,-0.012842769,-0.335125577,0.017161787
2.336000,0.290419218,-0.045579617,-2.824052638,-0.007788960,-0.337654941,0.016690801
2.337000,0.300863086,-0.062027311,-2.745415610,-0.004796186,-0.343421994,0.016419376
2.338000,0.313101817,-0.078610204,-2.760708756,-0.001947168,-0.347890029,0.018259627
2.339000,0.263849685,-0.088515200,-2.792850304,0.001605085,-0.353299451,0.017477054
2.340000,0.263222748,-0.129546017,-2.758072560,0.001096251,-0.358836729,0.016979450
2.341000,0.236960736,-0.143576876,-2.745557221,-0.005190312,-0.360836612,0.016179594
2.342000,0.204610454,-0.100344861,-2.773781025,-0.007086336,-0.361413855,0.013976403
2.343000,0.221846340,-0.062020752,-2.830767627,-0.007174712,-0.362574613,0.012882945
2.344000,0.246212196,-0.073980924,-2.924109489,-0.008498772,-0.363355201,0.012201471
2.345000,0.238684551,-0.072645848,-3.018480289,-0.010736491,-0.364107979,0.012590638
2.346000,0.223709757,-0.094405945,-3.064452176,-0.009828633,-0.367374431,0.009989559
2.347000,0.237463308,-0.144674579,-2.998908110,-0.013206638,-0.371034663,0.007538137
2.348000,0.269120977,-0.102361114,-2.976773245,-0.016652953,-0.372574046,0.009395413
2.349000,0.293945580,0.002193769,-3.048252066,-0.016514205,-0.372760802,0.010342113
2.350000,0.278142815,0.027057134,-3.039813740,-0.010588839,-0.376277794,0.009349417
2.351000,0.275274245,-0.012069583,-3.068694348,-0.001700174,-0.378970225,0.009674550
2.352000,0.263148978,-0.031514732,-3.115812496,0.009417611,-0.381687830,0.010620296
2.353000,0.270609826,-0.049221024,-3.089495061,0.015873933,-0.382654888,0.009689231
2.354000,0.319125417,-0.012942314,-3.084280302,0.010585778,-0.383262565,0.011048228
2.355000,0.348738867,0.072508397,-3.123322932,0.004237616,-0.380589356,0.009034304
2.356000,0.364209901,0.069212209,-3.036024240,0.000577576,-0.381476653,0.004599453
2.357000,0.343306262,0.002455146,-3.093902208,0.000020774,-0.380242581,0.001752828
2.358000,0.337746759,-0.025990279,-3.323443578,0.007955018,-0.379332904,0.000796200
2.359000,0.333364029,-0.091810923,-3.458253886,0.015203741,-0.380545638,-0.000192352
2.360000,0.381764016,-0.122282331,-3.439743044,0.012399512,-0.381411349,-0.000785370
2.361000,0.426858671,-0.071849355,-3.377137829,0.001836019,-0.383188072,-0.001883546
2.362000,0.445711573,0.000279513,-3.329190398,-0.003868879,-0.385203681,-0.003018000
2.363000,0.441561553,0.079908679,-3.309585788,-0.007887483,-0.385278023,-0.004789760
2.364000,0.427969432,0.103939110,-3.387915829,-0.004202409,-0.386319666,-0.008242542
2.365000,0.429606070,0.082495090,-3.507128232,0.005250378,-0.388077791,-0.009590982
2.366000,0.481928535,0.096140992,-3.469045827,0.013358330,-0.389536413,-0.007144759
2.367000,0.479861266,0.131872271,-3.411478774,0.017123297,-0.391121897,-0.007148002
2.368000,0.478351230,0.133358500,-3.360917712,0.014698661,-0.392783956,-0.006294518
2.369000,0.481109897,0.173705704,-3.317989525,0.008602717,-0.393034032,-0.005501135
2.370000,0.453168605,0.227845339,-3.362094959,0.008308546,-0.392059202,-0.007324083
2.371000,0.424726061,0.208229871,-3.397780901,0.008347868,-0.392041760,-0.009076670
2.372000,0.417182628,0.161275529,-3.493566866,0.013290019,-0.390589127,-0.010175294
2.373000,0.408447145,0.139273201,-3.615255183,0.016859681,-0.389103464,-0.011344791
2.374000,0.433235709,0.123944511,-3.704517479,0.016170629,-0.387136757,-0.013178299
2.375000,0.465699967,0.112316944,-3.607684138,0.010043960,-0.387660109,-0.016830648
2.376000,0.484393591,0.130218935,-3.551931757,0.004330263,-0.389648205,-0.020183137
2.377000,0.490366237,0.121465446,-3.534623496,0.003628336,-0.392696427,-0.022452913
2.378000,0.458040313,0.116475420,-3.479088975,0.014638481,-0.397627539,-0.023426326
2.379000,0.413860089,0.029167395,-3.602129298,0.028557945,-0.399145980,-0.024941447
2.380000,0.444030966,-0.081938377,-3.576859093,0.035652730,-0.402159065,-0.023458288
2.381000,0.514828543,-0.055211881,-3.512158349,0.037776808,-0.402893006,-0.021742754
2.382000,0.540913808,0.064234936,-3.407591071,0.030460223,-0.402265594,-0.021793058
2.383000,0.534721969,0.103675357,-3.391571054,0.018612100,-0.400558112,-0.023999763
2.384000,0.493677836,0.148239052,-3.414639779,0.017527084,-0.401945751,-0.025291893
2.385000,0.458122446,0.090568185,-3.515795378,0.024306655,-0.402217538,-0.026009279
2.386000,0.441778929,-0.037070842,-3.650710862,0.027701348,-0.403254551,-0.026479342
2.387000,0.441181932,-0.056877057,-3.699750545,0.026477064,-0.406914099,-0.023832217
2.388000,0.433449595,0.050189257,-3.707861970,0.023551630,-0.407039204,-0.022773688
2.389000,0.478523571,0.118492574,-3.593160672,0.012971540,-0.408019037,-0.024267284
2.390000,0.519577875,0.218530635,-3.480383983,0.006627492,-0.406736866,-0.025539688
2.391000,0.527618711,0.270174928,-3.452148730,0.013223908,-0.408832921,-0.029390903
2.392000,0.503300907,0.155625509,-3.532587198,0.026915589,-0.414555980,-0.029797775
2.393000,0.462030208,0.038840284,-3.574951318,0.041841185,-0.420660953,-0.029901202
2.394000,0.527259636,-0.000249602,-3.515837895,0.048950915,-0.426161679,-0.026857429
2.395000,0.598127066,-0.000266889,-3.333592237,0.042354511,-0.427883740,-0.022156713
2.396000,0.618736302,0.081468323,-3.268033908,0.031168597,-0.427425463,-0.020576006
2.397000,0.548048727,0.084325987,-3.252073725,0.022406960,-0.427808228,-0.020688948
2.398000,0.524937106,0.007931716,-3.404646884,0.016560159,-0.427548948,-0.018679180
2.399000,0.517907347,-0.014845228,-3.593682670,0.020655794,-0.428614502,-0.018266366
2.400000,0.519263630,-0.034237087,-3.703708886,0.028404911,-0.429116771,-0.019722010
2.401000,0.555637206,-0.036897162,-3.632247048,0.023669931,-0.432040887,-0.019117725
2.402000,0.595160448,0.047126156,-3.641302895,0.019169228,-0.429444575,-0.018592452
2.403000,0.623223339,0.078811780,-3.589187588,0.016640850,-0.428902781,-0.019756515
2.404000,0.647972847,-0.021586534,-3.576137608,0.016128938,-0.430409787,-0.021677874
2.405000,0.621870900,-0.067609410,-3.679023860,0.021618914,-0.434436633,-0.020342578
2.406000,0.615300006,-0.093666280,-3.632407619,0.038058154,-0.441734570,-0.019337359
2.407000,0.631699329,-0.057934581,-3.554555544,0.049141975,-0.447069039,-0.016420954
2.408000,0.648294539,-0.063114715,-3.525484692,0.049489444,-0.446193117,-0.012171189
2.409000,0.678384576,-0.059884848,-3.462679377,0.034478333,-0.445628994,-0.008038109
2.410000,0.671509480,0.018996142,-3.442978870,0.017371925,-0.450310749,-0.005695160
2.411000,0.637742011,0.147499084,-3.446366050,0.008680205,-0.455949689,-0.007720999
2.412000,0.598114935,0.134799740,-3.443953436,0.011572571,-0.457681512,-0.010893552
2.413000,0.587291517,0.019382150,-3.667861371,0.024349290,-0.455973565,-0.012961575
2.414000,0.573349455,-0.065969946,-3.853420666,0.037618780,-0.453862579,-0.013481796
2.415000,0.668194086,-0.165949140,-3.902067108,0.041462803,-0.453388813,-0.011785956
2.416000,0.692337069,-0.177453162,-3.818407630,0.036512838,-0.455962486,-0.009170042
2.417000,0.715373056,-0.120926840,-3.669866558,0.026499473,-0.460000660,-0.008135864
2.418000,0.727418419,-0.107396034,-3.497997186,0.014209240,-0.464651303,-0.007251763
2.419000,0.717129824,-0.024705774,-3.547889854,0.012181994,-0.464211464,-0.004517433
2.420000,0.681097872,0.034313650,-3.702079789,0.027033466,-0.463398246,-0.002823504
2.421000,0.660410796,-0.009186219,-3.755800663,0.033755160,-0.470741791,-0.001175933
2.422000,0.647705637,-0.058609817,-3.830888402,0.032423446,-0.473454518,0.003255438
2.423000,0.663785716,-0.032302671,-3.738935562,0.029829489,-0.477529731,0.002811978
2.424000,0.684560230,-0.009738060,-3.486453291,0.024570555,-0.481052776,0.002996978
2.425000,0.648776563,-0.034358100,-3.587252949,0.016743549,-0.481130000,0.004564249
2.426000,0.641651513,0.026291354,-3.798019154,0.025134590,-0.481539236,0.005251498
2.427000,0.593783486,-0.014753862,-3.846619518,0.033228734,-0.487941335,0.005150274
2.428000,0.602010337,-0.126076285,-3.922602558,0.037456907,-0.487989494,0.008618854
2.429000,0.621401183,-0.165575334,-3.856287934,0.033651210,-0.488478601,0.010819693
2.430000,0.668378741,-0.062645878,-3.743266167,0.020930586,-0.487828446,0.013574976
2.431000,0.645205233,0.129297070,-3.699029417,0.003400231,-0.486561398,0.013863258
2.432000,0.645108052,0.210561348,-3.765890508,-0.000898324,-0.488379718,0.011676042
2.433000,0.588858876,0.090600235,-3.823964853,0.008091897,-0.492952266,0.008444940
2.434000,0.573423330,-0.056462667,-3.871750461,0.022956830,-0.497309570,0.010482414
2.435000,0.598143563,-0.091376007,-3.930248416,0.033199808,-0.499729408,0.012493255
2.436000,0.641212198,-0.034088471,-3.799586918,0.035794726,-0.500660562,0.015267765
2.437000,0.635347462,-0.005970593,-3.706328078,0.026660310,-0.503097378,0.016309627
2.438000,0.658970414,0.071022347,-3.664972773,0.017812759,-0.503837058,0.018671363
2.439000,0.613293940,0.053763852,-3.779420753,0.013732496,-0.503719980,0.016504087
2.440000,0.581897010,0.075004501,-3.883277909,0.019811314,-0.504213078,0.013963775
2.441000,0.580781603,-0.028984817,-3.907270642,0.024283631,-0.506774877,0.013730917
2.442000,0.591050684,-0.024234268,-3.976680728,0.028498817,-0.505370817,0.012725737
2.443000,0.611852043,0.029329333,-3.807235889,0.025949643,-0.507422600,0.010725352
2.444000,0.671448895,0.038172477,-3.805488510,0.015485994,-0.506696437,0.012507000
2.445000,0.666125258,-0.008981580,-3.794531370,0.008453393,-0.505587867,0.011706919
2.446000,0.679674617,-0.033351948,-3.807268255,0.007923019,-0.509039829,0.009539623
2.447000,0.639604989,-0.070471646,-3.784560155,0.007453469,-0.513059235,0.008714743
2.448000,0.638004784,-0.018331441,-3.924464387,0.008823776,-0.510425004,0.011991680
2.449000,0.673422246,0.139810402,-3.981598933,0.013610231,-0.509376515,0.015987237
2.450000,0.691189620,0.218193861,-4.023625314,0.017059628,-0.507055847,0.016481090
2.451000,0.643197830,0.066403903,-3.894605329,0.015740380,-0.511786742,0.015430337
2.452000,0.613158466,-0.015302598,-3.812615729,0.016163854,-0.516535387,0.014898818
2.453000,0.634082854,0.033436829,-3.819922817,0.013835604,-0.517936108,0.012933519
2.454000,0.689674633,0.027144668,-3.820857813,0.005221794,-0.517347257,0.013908122
2.455000,0.738217966,0.153885288,-3.841325088,-0.005611227,-0.515672550,0.014851864
2.456000,0.770283809,0.279008720,-3.809542994,-0.003282433,-0.514683345,0.014185766
2.457000,0.706332634,0.189444965,-3.681617118,0.002007958,-0.517836116,0.014388570
2.458000,0.641438180,0.125768835,-3.845950444,0.014195280,-0.516975388,0.016941839
2.459000,0.611863341,0.056735262,-4.031447127,0.022483351,-0.519023174,0.015951894
2.460000,0.617364426,0.006521396,-3.950098380,0.023009292,-0.519149618,0.015080615
2.461000,0.653669311,0.007775159,-3.788078578,0.013713746,-0.518830134,0.011318386
2.462000,0.636557971,0.040753451,-3.734076537,0.010505760,-0.515925406,0.005092680
2.463000,0.660988771,-0.087111454,-3.610799029,0.009762550,-0.516394786,0.000131067
2.464000,0.705138560,-0.156679631,-3.850891905,0.005298511,-0.511650828,0.001870583
2.465000,0.696421737,0.064743417,-3.923834178,0.005557222,-0.514161185,0.000755898
2.466000,0.657883266,0.150222128,-3.836621482,0.011090202,-0.514436960,-0.000426060
2.467000,0.618334136,0.076612224,-3.610399098,0.014591897,-0.517926762,0.000294754
2.468000,0.551629814,0.068770831,-3.723326048,0.020451156,-0.516712818,-0.000592841
2.469000,0.526948321,0.037724017,-3.796168768,0.029444059,-0.519074278,-0.003207947
2.470000,0.500908951,-0.195616449,-3.740833895,0.033091618,-0.519623865,-0.004421207
2.471000,0.550033051,-0.226634143,-3.661815575,0.021949120,-0.518863626,-0.004167963
2.472000,0.564859278,-0.051492690,-3.658472372,0.015201020,-0.513518616,-0.001916528
2.473000,0.612424683,0.040791432,-3.546222662,0.009562264,-0.511193044,0.003029242
2.474000,0.599555573,0.072327075,-3.640581919,-0.000303848,-0.507885604,0.009727127
2.475000,0.542725792,0.153480296,-3.704177494,-0.000406769,-0.508208966,0.013075822
2.476000,0.454321607,0.202189138,-3.670426058,0.006990035,-0.509332930,0.012705934
2.477000,0.419150481,0.067890345,-3.653381213,0.011496207,-0.506185759,0.010704166
2.478000,0.416203195,0.026852862,-3.762997234,0.011111216,-0.502179912,0.007157758
2.479000,0.460653027,0.017303463,-3.735454520,0.013589693,-0.499757226,-0.000560811
2.480000,0.501990305,-0.085609565,-3.501997720,0.007846578,-0.501206796,-0.005719167
2.481000,0.495092977,-0.043356594,-3.491917149,0.009478742,-0.496540948,-0.006881726
2.482000,0.506035275,0.070483017,-3.548841237,0.017747351,-0.494702821,-0.006292008
2.483000,0.551895340,0.000830274,-3.667629551,0.023664526,-0.486922836,-0.002304683
2.484000,0.613453604,-0.063055873,-3.716466315,0.023863964,-0.480024504,0.003923109
2.485000,0.651427629,-0.086577270,-3.635942021,0.029374171,-0.475187041,0.003403564
2.486000,0.659971714,-0.248335251,-3.338473266,0.024167845,-0.474915205,0.001487742
2.487000,0.705172009,-0.295950630,-3.253549660,0.017321598,-0.472896580,0.002204942
2.488000,0.720019744,-0.236301864,-3.373540311,0.014284744,-0.468381645,0.002350859
2.489000,0.679049146,-0.227656478,-3.432973814,0.009976111,-0.470369976,0.001872393
2.490000,0.686262528,-0.260687641,-3.399038638,0.011485460,-0.470380228,0.004479598
2.491000,0.682640619,-0.229737969,-3.409751695,0.013192139,-0.466699437,0.008464238
2.492000,0.650224899,-0.057809556,-3.466643077,0.021242315,-0.459604724,0.013581411
2.493000,0.670490544,-0.021138153,-3.550333737,0.024073191,-0.451792440,0.019329991
2.494000,0.694317523,-0.070662230,-3.547738819,0.015611500,-0.446415656,0.025796477
2.495000,0.649773882,-0.028129431,-3.540791294,0.008208422,-0.442848058,0.023879042
2.496000,0.649069806,-0.046696195,-3.304079619,0.008861465,-0.441589135,0.022539959
2.497000,0.632272143,-0.067178138,-3.200800095,0.001128871,-0.438392781,0.023926936
2.498000,0.628543253,0.119329751,-3.303017832,0.000503482,-0.432928808,0.026058740
2.499000,0.618351425,0.231053438,-3.318405674,-0.000355003,-0.429512539,0.026212669
2.500000,0.613210061,0.182380044,-3.269096489,0.003344958,-0.426789149,0.027109789
2.501000,0.571870907,0.146759768,-3.380636379,0.009992101,-0.422069198,0.026443357
2.502000,0.525297963,0.047092257,-3.311208013,0.021262686,-0.419349132,0.026034272
2.503000,0.553314979,-0.095286576,-3.351501747,0.013447657,-0.416593315,0.029015087
2.504000,0.594545285,-0.065088088,-3.371795407,0.002919946,-0.409183381,0.030042811
2.505000,0.602846258,-0.040390296,-3.246035088,-0.002745136,-0.406439275,0.024802272
2.506000,0.589427881,-0.173104550,-3.056071190,-0.008424521,-0.402090100,0.023802857
2.507000,0.641636905,-0.121165595,-3.159950528,-0.009282041,-0.395331186,0.022664304
2.508000,0.639240593,-0.020423664,-3.281642052,-0.002416607,-0.387786329,0.020098289
2.509000,0.607370935,-0.143463641,-3.272768301,0.001576114,-0.385295884,0.017725589
2.510000,0.650822963,-0.168357140,-3.300564513,0.003693813,-0.382162462,0.017690541
2.511000,0.677182305,-0.127255421,-3.166754900,0.007461904,-0.379531253,0.015340640
2.512000,0.618637018,-0.140546761,-3.097311279,0.009822020,-0.374118857,0.011042491
2.513000,0.632360538,-0.214257856,-3.077338991,-0.001634117,-0.370951241,0.009484964
2.514000,0.708879453,-0.073890062,-3.181267361,-0.008578486,-0.365370579,0.013981365
2.515000,0.657942267,0.071516542,-3.113965676,-0.011435147,-0.364153193,0.012936006
2.516000,0.642080445,0.172136961,-3.032284680,-0.018117758,-0.361243960,0.013101452
2.517000,0.625610253,0.215689018,-3.078029380,-0.021026871,-0.356634764,0.012372708
2.518000,0.570618312,0.203517972,-3.021907857,-0.015058724,-0.354572181,0.007757953
2.519000,0.544140136,0.044043104,-2.921360318,-0.017788775,-0.354575882,0.003817207
2.520000,0.591747864,0.022344914,-2.877340905,-0.024324817,-0.352263084,0.004308775
2.521000,0.618900634,0.063156924,-2.872975581,-0.029935909,-0.346242057,0.001501682
2.522000,0.662757831,0.149890718,-2.782032394,-0.034398578,-0.341499882,0.002912758
2.523000,0.707227394,0.229939875,-2.841060678,-0.040763399,-0.335658062,0.002063561
2.524000,0.657109358,0.290473959,-2.993953243,-0.031465743,-0.330766045,0.003902043
2.525000,0.567583442,0.213325137,-2.925967782,-0.010615295,-0.331633975,0.000077098
2.526000,0.548479622,0.006631148,-2.879216587,0.001220678,-0.328040155,0.002093636
2.527000,0.572150688,-0.052567038,-2.886675246,0.005367778,-0.322646290,0.000125138
2.528000,0.607732508,-0.082153087,-2.894872475,-0.000768059,-0.316529595,-0.002606703
2.529000,0.687704145,-0.097199596,-2.701019686,-0.021782236,-0.311738201,-0.005934462
2.530000,0.724011132,-0.034695456,-2.729097753,-0.036721525,-0.305785037,-0.009126849
2.531000,0.718559166,0.075858805,-2.664576201,-0.036604297,-0.305169520,-0.011150949
2.532000,0.637269347,0.051352404,-2.690645273,-0.029795348,-0.307056306,-0.010051024
2.533000,0.608040417,0.089775765,-2.806080356,-0.023032567,-0.308712803,-0.008080627
2.534000,0.528217580,0.077015177,-2.816498876,-0.010685090,-0.307602320,-0.008199950
2.535000,0.532875179,0.040153451,-2.652489871,-0.012037924,-0.306475994,-0.008224951
2.536000,0.547350097,0.049835523,-2.598923348,-0.019007962,-0.299031309,-0.012024898
2.537000,0.585563986,0.085746596,-2.544546177,-0.024469296,-0.296428062,-0.016450318
2.538000,0.602724313,0.071814991,-2.441190855,-0.028293565,-0.294169671,-0.017312435
2.539000,0.608024186,0.095724901,-2.569115910,-0.032492210,-0.293860720,-0.017728999
2.540000,0.587491293,0.229818777,-2.594709262,-0.026474862,-0.292857669,-0.015699877
2.541000,0.547212929,0.335413174,-2.475414543,-0.023630090,-0.291665853,-0.014532538
2.542000,0.531979581,0.355708471,-2.529488180,-0.021032874,-0.287067299,-0.011772722
2.543000,0.501732614,0.269855910,-2.515614539,-0.012954583,-0.283527857,-0.014852562
2.544000,0.457755497,0.020487755,-2.404254779,-0.010625929,-0.284561011,-0.016329490
2.545000,0.449407801,-0.013131028,-2.541493028,-0.012520383,-0.279929271,-0.018713855
2.546000,0.514856349,0.083690135,-2.576900664,-0.012000467,-0.274412737,-0.021171092
2.547000,0.551415289,0.162889332,-2.416131442,-0.019277915,-0.273081803,-0.023426025
2.548000,0.542884760,0.130741384,-2.376682646,-0.022497173,-0.270263365,-0.023058494
2.549000,0.547172284,0.117561388,-2.394576263,-0.019092532,-0.268994623,-0.023288713
2.550000,0.518398143,0.057905365,-2.385870611,-0.009529900,-0.267917238,-0.023250011
2.551000,0.519363701,-0.009840064,-2.435580809,-0.010027900,-0.267466025,-0.022130081
2.552000,0.538630414,-0.094454695,-2.329097896,-0.007670658,-0.266273575,-0.023100425
2.553000,0.572577591,-0.078164461,-2.243083369,-0.007110270,-0.265788370,-0.028218806
2.554000,0.530245891,-0.081374845,-2.132003174,-0.003522368,-0.263791447,-0.030754065
2.555000,0.515644303,-0.092429063,-2.094271013,-0.000298161,-0.261965685,-0.031775910
2.556000,0.482427730,-0.017242723,-2.309423999,0.002102089,-0.258710928,-0.028026104
2.557000,0.505070942,0.021766314,-2.341679997,-0.003341487,-0.256375879,-0.023873851
2.558000,0.496344637,0.130935559,-2.196738799,-0.007882148,-0.256141089,-0.021334997
2.559000,0.465862528,0.158054200,-2.059688700,-0.009431860,-0.254977069,-0.020971643
2.560000,0.455622766,0.079807284,-1.994583634,-0.007935086,-0.253458160,-0.021006037
2.561000,0.392921655,0.006921298,-1.982572674,-0.012743441,-0.252269614,-0.022711437
2.562000,0.364140689,0.003464903,-2.003820792,-0.016278536,-0.252399283,-0.023658168
2.563000,0.356990988,0.058074805,-2.068947548,-0.017444323,-0.250517431,-0.025222266
2.564000,0.378920272,0.088643805,-1.939236633,-0.023204953,-0.251807569,-0.025610135
2.565000,0.381212655,0.182079504,-1.919332289,-0.019619894,-0.250151373,-0.025454112
2.566000,0.372611429,0.150442205,-2.018498623,-0.005890337,-0.247237880,-0.023440994
2.567000,0.334537170,0.020626155,-2.080011868,0.004245877,-0.244596233,-0.021120801
2.568000,0.335489103,-0.085752024,-2.060705760,0.008694715,-0.243614930,-0.016435534
2.569000,0.375302163,-0.055625457,-1.872642857,0.014914623,-0.240813563,-0.017985961
2.570000,0.386013737,-0.096224198,-1.732253514,0.010764213,-0.239392961,-0.019416246
2.571000,0.394247532,-0.141938482,-1.719266324,0.001479181,-0.235062076,-0.019275723
2.572000,0.379495776,-0.037346871,-1.847728021,-0.005789261,-0.231498885,-0.020697478
2.573000,0.346703548,-0.053916668,-1.737875160,-0.008049199,-0.235345584,-0.022392844
2.574000,0.352221733,-0.111352125,-1.688325977,-0.011378026,-0.235015204,-0.018656846
2.575000,0.319250353,0.029342815,-1.794807613,-0.006345378,-0.230779448,-0.017641180
2.576000,0.277297074,0.059658605,-1.828144705,0.004250527,-0.225929842,-0.017275412
2.577000,0.278927882,-0.111378058,-1.781568190,0.009929641,-0.222103013,-0.015012247
2.578000,0.289301369,-0.183030022,-1.825693566,0.012673954,-0.218516664,-0.013985206
2.579000,0.289650064,-0.166822428,-1.702315768,0.013960999,-0.215513958,-0.013281630
2.580000,0.310825325,-0.043387021,-1.578066814,0.016201754,-0.215965132,-0.012502482
2.581000,0.322732056,-0.050706034,-1.539825087,0.007156644,-0.215738253,-0.008689822
2.582000,0.344354230,0.050898570,-1.539238202,-0.006654680,-0.213035872,-0.002545294
2.583000,0.271389543,0.215761874,-1.469452288,-0.007990991,-0.211580243,-0.004617144
2.584000,0.190116495,0.196114989,-1.316939987,-0.004672704,-0.213667250,-0.003488784
2.585000,0.188856720,0.173334445,-1.427668976,-0.002487384,-0.210938832,0.001221126
2.586000,0.157622375,0.221758006,-1.650867770,0.011607429,-0.202715651,0.001248405
2.587000,0.136082883,0.046834962,-1.586334045,0.019152662,-0.200481597,-0.002333620
2.588000,0.252729494,-0.160879358,-1.532417920,0.014460246,-0.197478339,0.001785061
2.589000,0.284575797,-0.071104389,-1.459957166,0.010735775,-0.192121053,0.000618486
2.590000,0.258180705,-0.032839681,-1.267237437,0.008228030,-0.189941166,-0.001522714
2.591000,0.303775624,-0.085945414,-1.158550173,-0.003110810,-0.188373309,0.004352061
2.592000,0.313442381,0.038330172,-1.416488736,-0.002389521,-0.178231725,0.009727787
2.593000,0.230596343,0.090313773,-1.447139650,0.007838209,-0.177050053,0.007482715
2.594000,0.229593945,-0.044527474,-1.380396480,0.013677213,-0.177348029,0.009791063
2.595000,0.253647998,-0.061385788,-1.332400742,0.020279695,-0.172769975,0.011949446
2.596000,0.233183632,-0.079182245,-1.360385185,0.023572044,-0.166867833,0.010535895
2.597000,0.190905461,-0.094374725,-1.339783774,0.018750137,-0.164063094,0.009556031
2.598000,0.221367462,-0.052803273,-1.343976242,0.014475429,-0.159308257,0.010859431
2.599000,0.262965233,-0.038238690,-1.237362756,0.013628169,-0.156616022,0.010704892
2.600000,0.271023868,-0.040480450,-1.152662751,0.012994509,-0.154170454,0.013437377
2.601000,0.277084780,-0.036540364,-1.027201748,0.014476063,-0.151596979,0.016029620
2.602000,0.275816339,0.045194139,-1.114578089,0.013019068,-0.148575003,0.021294296
2.603000,0.228423589,0.148203280,-1.079990292,0.005128209,-0.148472295,0.023262934
2.604000,0.197797033,0.255745335,-1.070505696,-0.001706437,-0.146494552,0.024790942
2.605000,0.171722948,0.240349084,-1.009604842,0.000852930,-0.143777057,0.022152416
2.606000,0.140214096,0.114764536,-0.961338073,0.005766783,-0.141371522,0.021332987
2.607000,0.164482058,-0.011977583,-0.969475243,0.006376829,-0.138991278,0.020267438
2.608000,0.201987942,-0.024113273,-1.055188671,0.008942549,-0.132092195,0.023590074
2.609000,0.202147170,0.039582836,-1.019333015,0.006186461,-0.126863410,0.023753963
2.610000,0.232998506,0.079861008,-0.970075062,-0.000897696,-0.122483646,0.024786008
2.611000,0.274196666,0.138839737,-0.893588229,-0.002217073,-0.118978224,0.026624158
2.612000,0.230256546,0.134971336,-0.848741165,0.009010262,-0.117367160,0.026395533
2.613000,0.137852976,-0.002794018,-0.839098827,0.014289817,-0.118796514,0.027576619
2.614000,0.110991121,-0.015712366,-0.936117214,0.019126541,-0.117180973,0.028671377
2.615000,0.123900412,0.038637521,-0.924352126,0.022111194,-0.112586704,0.027144502
2.616000,0.145325526,-0.098776481,-0.756784219,0.014047216,-0.110390990,0.025204891
2.617000,0.217481818,-0.111356564,-0.737312853,0.002492487,-0.106584775,0.026211193
2.618000,0.185633493,-0.060685949,-0.726224027,0.007118681,-0.101585499,0.023939246
2.619000,0.159822776,-0.139446876,-0.754649538,0.011962721,-0.099725838,0.023674745
2.620000,0.152523576,-0.209000492,-0.770069384,0.007797558,-0.099302145,0.030313550
2.621000,0.137932897,0.001884243,-0.872398527,0.008259024,-0.094842381,0.033800424
2.622000,0.115378977,0.104598643,-0.671075624,0.006278983,-0.093808645,0.033055516
2.623000,0.106159292,0.046448496,-0.502958894,-0.009419363,-0.093077377,0.035046281
2.624000,0.091894555,0.186913473,-0.544445701,-0.015072036,-0.088192061,0.035064316
2.625000,0.017718755,0.196470137,-0.570964315,-0.007919934,-0.088101346,0.030010476
2.626000,0.001936962,-0.011314923,-0.541088548,-0.005761197,-0.087749170,0.029495975
2.627000,0.059934796,-0.108427513,-0.610712896,-0.005602949,-0.086385694,0.033346731
2.628000,0.127523489,-0.000807904,-0.617610266,-0.001586520,-0.081711189,0.035400936
2.629000,0.114436369,0.031531915,-0.373133798,-0.007486911,-0.078056539,0.035052476
2.630000,0.078461050,0.044441197,-0.351184729,-0.021516307,-0.071621173,0.037501184
2.631000,0.088652222,0.123326203,-0.429329853,-0.026517808,-0.067451241,0.037601826
2.632000,0.052562908,0.135304770,-0.523897422,-0.024642091,-0.063859021,0.036226421
2.633000,0.017837127,0.044568612,-0.618109183,-0.023297696,-0.061206396,0.035571458
2.634000,0.038777093,0.025597848,-0.696149572,-0.022288522,-0.058858700,0.036320289
2.635000,0.066512199,0.045779726,-0.558633227,-0.018770455,-0.056442374,0.035753042
2.636000,0.128604206,-0.094729144,-0.387525393,-0.016644374,-0.053020217,0.032923650
2.637000,0.196322794,-0.240783456,-0.276494755,-0.019057915,-0.051562433,0.033903598
2.638000,0.192612101,-0.226469588,-0.314455183,-0.019515442,-0.050571004,0.034763170
2.639000,0.153047391,-0.148036365,-0.379819668,-0.020342867,-0.048581239,0.033522256
2.640000,0.141866678,-0.086616721,-0.380080750,-0.023764461,-0.046900943,0.032902819
2.641000,0.148676229,-0.038455503,-0.363040586,-0.024819926,-0.044563627,0.032915183
2.642000,0.157594085,-0.001955274,-0.302050126,-0.024825725,-0.042125544,0.031536571
2.643000,0.115497080,-0.023069856,-0.234926877,-0.030593237,-0.040067510,0.030311242
2.644000,0.123169529,-0.001996596,-0.269987766,-0.036966444,-0.039735986,0.030913982
2.645000,0.089300328,-0.003960611,-0.344861112,-0.039824794,-0.037737055,0.031077060
2.646000,0.139930963,0.022888116,-0.309794396,-0.040343462,-0.036099248,0.031171582
2.647000,0.155536352,0.062088095,-0.352349367,-0.040198825,-0.031369110,0.031932206
2.648000,0.158498144,0.059260731,-0.262637139,-0.031600838,-0.030567285,0.030955060
2.649000,0.101597697,-0.048285916,-0.188341834,-0.026156310,-0.032281426,0.028551674
2.650000,0.095138960,-0.103945935,-0.170596540,-0.029456448,-0.034868830,0.030797725
2.651000,0.089262483,0.007246382,-0.182183093,-0.034474909,-0.034915028,0.030467239
2.652000,0.086201945,-0.001017226,-0.102164680,-0.044227032,-0.034492770,0.030027160
2.653000,0.061397879,-0.009011296,-0.094308367,-0.056782704,-0.031980500,0.029637056
2.654000,0.028871577,0.036062472,-0.080577401,-0.058704041,-0.028864480,0.027817943
2.655000,0.003672203,0.009946214,-0.138774542,-0.059315610,-0.028387299,0.026712019
2.656000,0.032452685,-0.003421760,-0.198257681,-0.058342486,-0.026367906,0.026689699
2.657000,0.025708798,0.029587118,-0.167631513,-0.054680465,-0.025512564,0.025823085
2.658000,0.022411818,-0.017212110,-0.164396628,-0.053170686,-0.024773736,0.025706560
2.659000,0.005100591,-0.067537535,-0.133015007,-0.055522872,-0.024999682,0.026452161
2.660000,-0.011078654,-0.041958821,-0.203829694,-0.051530219,-0.022665533,0.027437582
2.661000,-0.019692621,-0.024523024,-0.139249076,-0.047847618,-0.023198451,0.026127193
2.662000,0.009226193,-0.050556839,-0.110187034,-0.045498031,-0.021048018,0.026032608
2.663000,-0.000981080,-0.014708346,-0.047020588,-0.044023442,-0.020459485,0.023549049
2.664000,-0.000875323,0.071793839,-0.025993828,-0.046919977,-0.019512224,0.022376670
2.665000,-0.013387115,0.083948960,-0.020359192,-0.054989010,-0.018887649,0.020930393
2.666000,-0.024313650,0.066422981,-0.005574860,-0.061741566,-0.019023879,0.019818955
2.667000,-0.004861373,0.036316051,0.098104640,-0.070634129,-0.019873011,0.019448367
2.668000,-0.010384511,0.053337587,0.104685043,-0.074118369,-0.018830774,0.019242550
2.669000,-0.015638536,0.016643875,0.022854005,-0.076669181,-0.017819266,0.019305874
2.670000,-0.015143281,0.039973618,-0.066627506,-0.077749130,-0.016261392,0.019898673
2.671000,-0.017927320,0.103047867,-0.043633018,-0.078757914,-0.015118083,0.019168669
2.672000,0.009589783,0.110340505,0.059653718,-0.079616160,-0.014067148,0.018518571
2.673000,0.038123779,0.186666644,0.106296696,-0.079220346,-0.013474269,0.017588191
2.674000,0.037796002,0.272115964,0.109690050,-0.075865266,-0.010492156,0.016281966
2.675000,0.025827097,0.278885359,0.054180220,-0.069608382,-0.008298286,0.015963496
2.676000,0.033424755,0.232361054,-0.048966301,-0.058054342,-0.006779720,0.014772782
2.677000,0.016441205,0.128795580,-0.131251505,-0.047574641,-0.004742356,0.012300338
2.678000,0.045051394,0.020472874,-0.070200813,-0.040302095,-0.003998698,0.009024160
2.679000,0.101684310,0.006757426,0.043424251,-0.043189841,-0.004526307,0.008300087
2.680000,0.111691832,0.083197563,0.124522255,-0.049462925,-0.002063631,0.005736065
2.681000,0.084857275,0.100744250,0.183688131,-0.058156540,-0.001717871,0.002050350
2.682000,0.087873087,0.044181646,0.179382783,-0.065049513,0.000062157,0.001371864
2.683000,0.081809559,0.009822431,0.128389554,-0.068083626,0.000750971,0.002149044
2.684000,0.084667686,0.029980387,0.168685619,-0.070927005,0.000508264,0.002458451
2.685000,0.087315848,0.053364125,0.167980431,-0.075576601,0.000224240,0.004466876
2.686000,0.093349067,0.112469443,0.193793216,-0.079460717,0.001124709,0.004007558
2.687000,0.053256556,0.146823160,0.234934555,-0.077944924,0.002064732,0.001660959
2.688000,0.010365033,0.101767151,0.183747640,-0.072530180,0.004479122,0.000096867
2.689000,-0.026967319,0.088429679,0.152817492,-0.062404136,0.005076565,-0.003072308
2.690000,-0.028058245,0.122285019,0.160435433,-0.053233653,0.005444938,-0.004387971
2.691000,-0.001662624,0.217471158,0.194919298,-0.051380518,0.007738295,-0.004372719
2.692000,0.016619635,0.346409261,0.214476836,-0.050672116,0.011754313,-0.006034265
2.693000,-0.026538496,0.357728881,0.319055267,-0.049803892,0.013164038,-0.009523342
2.694000,-0.061558400,0.301673953,0.255245874,-0.048376029,0.014350847,-0.010004589
2.695000,-0.110229367,0.240601465,0.191837682,-0.041955879,0.014324199,-0.011838860
2.696000,-0.120499414,0.125480374,0.254041351,-0.037993887,0.013404596,-0.013249503
2.697000,-0.089335581,0.042503870,0.316692676,-0.041671183,0.016154296,-0.012400000
2.698000,-0.054480983,0.067878540,0.287748888,-0.044622470,0.021743557,-0.013979567
2.699000,-0.037780219,0.065153273,0.371659490,-0.045907870,0.024603317,-0.017338918
2.700000,-0.050553873,-0.025628977,0.351440278,-0.046848214,0.027264008,-0.018787497
2.701000,-0.053862699,-0.046300918,0.258733794,-0.042633469,0.029473191,-0.019121795
2.702000,-0.051875817,-0.026586962,0.259701710,-0.030946947,0.031403811,-0.021617628
2.703000,-0.045673182,-0.108502745,0.375788143,-0.026665642,0.032205095,-0.023320237
2.704000,-0.009111657,-0.132631945,0.404290065,-0.028340299,0.035305675,-0.022139071
2.705000,0.011708513,-0.019777482,0.391030571,-0.029446516,0.038501663,-0.023991037
2.706000,-0.004613596,0.037653038,0.460898493,-0.028477280,0.039855780,-0.027235584
2.707000,-0.037304779,0.034316574,0.455097800,-0.024464405,0.042415736,-0.028942414
2.708000,-0.059041098,0.102327166,0.390954162,-0.014474902,0.044660843,-0.029200510
2.709000,-0.048233572,0.145730004,0.368449367,-0.002311655,0.047190660,-0.029742654
2.710000,-0.028073804,0.153982853,0.423515072,0.003468612,0.049501623,-0.029341050
2.711000,-0.006473377,0.194547587,0.441428665,0.002626116,0.053281318,-0.028940756
2.712000,-0.000203195,0.248566126,0.488322609,0.003601125,0.054943611,-0.029826148
2.713000,-0.022151315,0.226310435,0.519444431,0.004756240,0.057813675,-0.030327075
2.714000,-0.042434667,0.190944249,0.491810615,0.010028183,0.061130899,-0.030380198
2.715000,-0.049993358,0.153514053,0.416900403,0.020684092,0.063824669,-0.031540311
2.716000,-0.034153468,0.003428753,0.431925234,0.030945560,0.065835367,-0.032299632
2.717000,0.015434071,-0.102096236,0.462072449,0.033478631,0.068405417,-0.031360146
2.718000,0.080415901,-0.071156740,0.465360598,0.036159023,0.073679879,-0.031828666
2.719000,0.099537518,-0.110976038,0.584570411,0.037008239,0.076082934,-0.033362396
2.720000,0.087230224,-0.169952735,0.674189630,0.037404968,0.078350365,-0.033534102
2.721000,0.069043066,-0.162678392,0.710181357,0.042722353,0.079425310,-0.033436866
2.722000,0.064321658,-0.135969816,0.686375069,0.053901495,0.082902811,-0.033134019
2.723000,0.050757091,-0.119353470,0.675211155,0.058877253,0.086000102,-0.032685934
2.724000,0.057732772,-0.086538600,0.652292246,0.063662048,0.089610599,-0.031495108
2.725000,0.035849426,-0.052523633,0.623385975,0.070574564,0.091529840,-0.032509035
2.726000,0.024284990,-0.118012254,0.734617762,0.077057192,0.093075889,-0.033297842
2.727000,0.020253634,-0.197199659,0.848892030,0.076517125,0.093129636,-0.031694360
2.728000,0.021581885,-0.119319640,0.823464967,0.074893140,0.095233566,-0.028334963
2.729000,0.009488683,0.030079551,0.798873257,0.072524458,0.097008885,-0.026068201
2.730000,-0.006006720,0.122006780,0.757831526,0.070983909,0.097926990,-0.022777708
2.731000,-0.038174008,0.184697078,0.644339628,0.074764024,0.100508942,-0.020444484
2.732000,-0.099573710,0.156980931,0.633837666,0.090268667,0.103154712,-0.019924850
2.733000,-0.125632546,-0.068259565,0.774228617,0.100197600,0.103413967,-0.018211610
2.734000,-0.099457511,-0.262473755,0.858083483,0.101036041,0.103296792,-0.013712556
2.735000,-0.055230745,-0.206533201,0.853476277,0.092470703,0.107154020,-0.010143067
2.736000,0.001815695,-0.047612875,0.992987714,0.078262137,0.109051260,-0.007256422
2.737000,0.023216730,0.093913932,0.992882797,0.070746637,0.112815792,-0.005581085
2.738000,-0.020003831,0.154821281,0.846302576,0.086788466,0.118045832,-0.006789814
2.739000,-0.087458224,-0.113139902,0.767530858,0.119577885,0.119563280,-0.007990498
2.740000,-0.095386413,-0.490125405,0.737282862,0.142629975,0.119355884,-0.006903577
2.741000,-0.005903170,-0.545366910,0.814492685,0.135838093,0.121722487,-0.003539710
2.742000,0.087004934,-0.322704770,1.083241078,0.109529355,0.124620808,-0.002299386
2.743000,0.114863498,-0.038448922,1.363163111,0.079179473,0.127907289,-0.003675855
2.744000,0.075348085,0.107270176,1.313299471,0.068657873,0.129520134,-0.005445324
2.745000,-0.013776242,0.121323119,0.982056188,0.093998052,0.129949156,-0.005056920
2.746000,-0.076453684,-0.094492066,0.600349661,0.136786192,0.132143786,-0.001117252
2.747000,-0.062894817,-0.418395549,0.526597602,0.160930443,0.132159318,0.004550821
2.748000,0.009057351,-0.541645883,0.790385079,0.154752312,0.133558969,0.009206315
2.749000,0.100223017,-0.340181724,1.195224668,0.116668408,0.138430157,0.009509814
2.750000,0.124829844,-0.102185638,1.455214509,0.081579660,0.140476033,0.008763801
2.751000,0.096759829,0.075498368,1.413670694,0.067766382,0.140349222,0.011154979
2.752000,0.001159910,0.105281110,0.977493774,0.085041664,0.143492791,0.012263838
2.753000,-0.069482536,-0.018209407,0.700499920,0.118721272,0.145295035,0.015180461
2.754000,-0.076748948,-0.180789293,0.626067190,0.142165611,0.148090198,0.019830145
2.755000,-0.002862920,-0.288779302,0.860931365,0.141932242,0.149903083,0.024879929
2.756000,0.117377901,-0.242828483,1.227735951,0.119799182,0.151116787,0.027839661
2.757000,0.142732501,-0.124235648,1.575491404,0.083194453,0.150909220,0.025095114
2.758000,0.079318346,0.038525602,1.536571045,0.056585275,0.150716530,0.021020907
2.759000,-0.046486017,0.021246477,1.110358593,0.064256755,0.153884455,0.017616299
2.760000,-0.145444365,-0.154409174,0.669094054,0.105759489,0.155229304,0.014667794
2.761000,-0.053140345,-0.382261985,0.489034025,0.140930639,0.155407096,0.020358514
2.762000,0.095075713,-0.361518239,0.719292628,0.133335611,0.157241947,0.024938803
2.763000,0.230493677,-0.200224011,1.065730409,0.107932415,0.160609075,0.027054830
2.764000,0.245169284,-0.067036270,1.407253507,0.069594178,0.161507049,0.025478006
2.765000,0.106289230,-0.041570211,1.457972333,0.040524719,0.160425316,0.022647732
2.766000,-0.055529307,-0.104075202,1.087571531,0.048170865,0.157684494,0.016216407
2.767000,-0.076935307,-0.290577993,0.818319023,0.087504874,0.154318138,0.016236107
2.768000,0.073014153,-0.417201339,0.663096749,0.112274869,0.155239295,0.022797538
2.769000,0.220987136,-0.359656526,0.754696820,0.109161088,0.161680629,0.027185979
2.770000,0.282536829,-0.171731934,1.125033955,0.075195660,0.162376099,0.026201498
2.771000,0.252996157,0.031881128,1.519030856,0.032353774,0.156735125,0.025481688
2.772000,0.060915861,0.132183485,1.537109169,0.007928756,0.150893969,0.022755271
2.773000,-0.121349788,0.026862536,1.352182353,0.027465288,0.144397144,0.018433360
2.774000,-0.136165425,-0.117398491,1.025171239,0.056948981,0.143503509,0.019938968
2.775000,-0.025446402,-0.172584521,0.815217287,0.080306366,0.148698009,0.024085103
2.776000,0.130024845,-0.072899747,0.767915134,0.078683467,0.155669797,0.026218949
2.777000,0.212644628,0.128301227,0.978553074,0.054124936,0.157087288,0.024529902
2.778000,0.133264241,0.244271106,1.463479594,0.019236539,0.151024549,0.020090062
2.779000,-0.062464023,0.162637168,1.636634844,0.005508936,0.144439767,0.015036559
2.780000,-0.223695766,-0.035066706,1.422199459,0.022534716,0.139770650,0.010954848
2.781000,-0.196169789,-0.165297016,1.052111614,0.049061716,0.143020432,0.010905355
2.782000,-0.038574994,-0.161602055,0.868029594,0.063919326,0.151616216,0.012360900
2.783000,0.136867082,-0.096456128,0.976164295,0.055063764,0.158357653,0.011446483
2.784000,0.192088194,-0.039286216,1.281506245,0.031232833,0.158026403,0.007558116
2.785000,0.103521902,-0.034146486,1.496493761,0.012860019,0.153163572,0.004488109
2.786000,-0.098627823,-0.112719513,1.592275431,0.008734341,0.146156545,0.000908212
2.787000,-0.220556690,-0.224791514,1.422885416,0.021111144,0.143208828,0.000654009
2.788000,-0.148145011,-0.259945381,1.220431080,0.035215151,0.148038871,0.002490559
2.789000,0.000784591,-0.199702309,1.068307786,0.038569558,0.157284622,0.004026059
2.790000,0.072836261,-0.133631171,1.113786514,0.032442633,0.161931068,0.003548059
2.791000,0.091308785,-0.006794412,1.288801899,0.016904201,0.162339529,0.001963175
2.792000,-0.027562923,0.091552682,1.445911281,0.008252089,0.156222912,-0.001951806
2.793000,-0.176917915,0.091911137,1.553215808,0.011259970,0.151602718,-0.004819212
2.794000,-0.208212180,0.039442656,1.493447572,0.019203689,0.152753431,-0.005282114
2.795000,-0.142495600,0.036637500,1.392747740,0.026355217,0.159785057,-0.004754538
2.796000,-0.010030195,0.036147632,1.343587440,0.027033936,0.168146220,-0.004404159
2.797000,0.087634989,0.065973064,1.336939395,0.017833633,0.173137565,-0.003990783
2.798000,0.069809735,0.123910158,1.432160270,0.009978249,0.173290188,-0.004671264
2.799000,-0.013527645,0.143045683,1.588814012,0.006797728,0.171902954,-0.005814533
2.800000,-0.086794784,0.087815744,1.645109612,0.005416215,0.171874476,-0.004808813
2.801000,-0.094535262,0.058796424,1.617616223,0.008378293,0.174746932,-0.003076575
2.802000,-0.045821241,0.039927173,1.523854506,0.011285391,0.180446040,-0.002764708
2.803000,0.062601292,0.021362310,1.332598377,0.010628865,0.189827514,-0.003196688
2.804000,0.139123771,-0.001395793,1.268803875,0.010366424,0.196886700,-0.005450872
2.805000,0.164132323,-0.027352864,1.354123851,0.011731307,0.199209214,-0.008754272
2.806000,0.113467071,-0.071863715,1.536535851,0.015084298,0.199173580,-0.012589105
2.807000,0.081733251,-0.115314562,1.663173011,0.023210569,0.200131069,-0.014278092
2.808000,0.106154439,-0.119521263,1.646980816,0.028667278,0.204122930,-0.014239432
2.809000,0.190998197,-0.086895777,1.487864081,0.029575668,0.211771298,-0.012404644
2.810000,0.244295978,-0.058928399,1.436960840,0.027029636,0.218522280,-0.013043916
2.811000,0.279239387,-0.069650593,1.533082926,0.024832161,0.221919616,-0.012797511
2.812000,0.271062266,-0.051467562,1.739387380,0.022340879,0.223888656,-0.010695874
2.813000,0.212230332,0.019559265,1.850460950,0.022939222,0.226355773,-0.008979220
2.814000,0.172990057,0.063476930,1.857130041,0.022574750,0.228323225,-0.006921695
2.815000,0.177692945,0.066000280,1.731460091,0.022291787,0.232962310,-0.003366893
2.816000,0.199792501,0.069766533,1.630360958,0.023235023,0.238963417,-0.002539075
2.817000,0.241216792,0.052364431,1.612971129,0.028196611,0.246234558,-0.002011974
2.818000,0.265690924,0.008715217,1.726430912,0.032565934,0.250099894,-0.002238672
2.819000,0.262900779,-0.007140939,1.763205959,0.034966284,0.252698915,-0.001752148
2.820000,0.236164041,0.002243491,1.811629520,0.033445031,0.255106235,-0.001312011
2.821000,0.223740478,0.036473703,1.800583201,0.031789655,0.257613215,-0.000487400
2.822000,0.207893051,-0.006640983,1.839842424,0.029451150,0.261292691,-0.000138038
2.823000,0.216426025,-0.068374254,1.816344240,0.027561855,0.266407549,0.000619352
2.824000,0.234046884,-0.081421634,1.830670987,0.025582271,0.270769153,-0.000008111
2.825000,0.263971287,-0.054775010,1.841348307,0.022469822,0.274147180,0.000788691
2.826000,0.262286950,-0.026026146,1.957716333,0.020780069,0.276466267,0.000995224
2.827000,0.256074494,-0.019302718,2.011711305,0.020574223,0.279783524,0.001498791
2.828000,0.254392532,-0.029204811,2.042669375,0.021037530,0.283899244,0.003462492
2.829000,0.265937242,-0.045014892,1.980012640,0.025513405,0.288900307,0.005425920
2.830000,0.237742445,-0.082290542,1.905304787,0.033091004,0.294280670,0.005059545
2.831000,0.237562432,-0.093182000,1.895872249,0.036693058,0.297754023,0.005646969
2.832000,0.264321373,-0.076320305,1.925641771,0.039529266,0.302012759,0.006935319
2.833000,0.273750829,-0.012648928,2.001667297,0.042522238,0.307319625,0.005452222
2.834000,0.279668228,-0.020425492,2.063970529,0.041193233,0.311880899,0.004889265
2.835000,0.278645621,-0.023132262,1.968596307,0.041126464,0.316936317,0.004759463
2.836000,0.258584770,-0.048368869,1.893003622,0.045598674,0.320297293,0.003478845
2.837000,0.253648529,-0.127545442,1.957922163,0.046348161,0.322332792,0.003654332
2.838000,0.284082592,-0.146781428,2.010886057,0.042850979,0.325663886,0.006495827
2.839000,0.339488012,-0.069341488,2.053575158,0.041980602,0.329574650,0.007430753
2.840000,0.331931944,-0.044221379,2.121387237,0.040512227,0.333393475,0.005632347
2.841000,0.310553894,-0.079464542,2.092585104,0.042317162,0.336808975,0.005704106
2.842000,0.297218766,-0.125691388,1.982643256,0.050553566,0.340291347,0.004808008
2.843000,0.326996149,-0.209134324,1.992526179,0.060035832,0.344553091,0.005247544
2.844000,0.370770625,-0.261509065,2.087491891,0.058352121,0.349211034,0.006062993
2.845000,0.407021848,-0.143187260,2.070190912,0.054593578,0.354532579,0.005451964
2.846000,0.404382850,-0.061872220,2.127433302,0.053581312,0.356934035,0.001961938
2.847000,0.388801770,-0.084950585,2.130975312,0.053229566,0.359527672,0.000498021
2.848000,0.383300775,-0.137224395,2.096296704,0.056499078,0.362136160,-0.000193091
2.849000,0.399401923,-0.125920923,2.058750597,0.062464478,0.364513682,0.000627688
2.850000,0.389511837,-0.153428035,2.199124665,0.065591477,0.366711748,0.001160553
2.851000,0.405260437,-0.093316304,2.211535903,0.060488678,0.371211903,0.002586636
2.852000,0.408415369,0.027318817,2.191504163,0.059051377,0.376791212,0.001661110
2.853000,0.403191777,-0.007193606,2.123502692,0.060188787,0.381358982,-0.000316246
2.854000,0.402538818,-0.102997469,2.097897992,0.062130664,0.384481668,-0.002346921
2.855000,0.413497349,-0.124762709,2.054531197,0.068644168,0.388307254,-0.003875050
2.856000,0.439630728,-0.183881303,2.118030145,0.074975214,0.391146706,-0.004408664
2.857000,0.454678440,-0.187723748,2.172940096,0.077317720,0.395509944,-0.005672993
2.858000,0.469124116,-0.172550470,2.247091179,0.071421432,0.397290879,-0.005347597
2.859000,0.446490444,-0.176213182,2.261528941,0.064966403,0.399272413,-0.006197019
2.860000,0.437904177,-0.191966756,2.280528855,0.060583519,0.400003225,-0.006956345
2.861000,0.429364803,-0.177839043,2.329922471,0.056607717,0.402475100,-0.005591843
2.862000,0.441565808,-0.205196370,2.459665191,0.054948924,0.405203140,-0.003459286
2.863000,0.441234037,-0.197775821,2.492859944,0.052430242,0.408984454,-0.002336653
2.864000,0.443790115,-0.126359536,2.415061525,0.045961742,0.413994564,-0.002061718
2.865000,0.432125503,-0.024487248,2.363675984,0.040736842,0.417634908,-0.002056483
2.866000,0.411097209,-0.016591944,2.377416037,0.038853137,0.419612115,-0.002197917
2.867000,0.404880972,-0.044283115,2.412266136,0.041291243,0.423358402,-0.003718847
2.868000,0.398539207,-0.050477743,2.414923064,0.045636871,0.428151702,-0.004818090
2.869000,0.392257932,-0.043665075,2.403129267,0.055240871,0.431947205,-0.005053231
2.870000,0.397338646,-0.065205308,2.366649592,0.056719483,0.434920808,-0.004665688
2.871000,0.407825503,-0.024879636,2.322965327,0.050945945,0.437554965,-0.005140956
2.872000,0.423100016,0.032999143,2.418050621,0.043932898,0.438941243,-0.005629647
2.873000,0.447185279,0.046314682,2.552537274,0.040395734,0.440782165,-0.004570088
2.874000,0.428471273,0.057824109,2.615582778,0.036724037,0.445044591,-0.004879342
2.875000,0.415967053,-0.015642975,2.579265415,0.039513167,0.450007405,-0.004558664
2.876000,0.429986568,-0.127330401,2.501911682,0.036114656,0.453335703,-0.002256878
2.877000,0.488744692,-0.202753456,2.472579686,0.030210723,0.456116536,0.000694940
2.878000,0.532819114,-0.159017278,2.577413348,0.019762018,0.459432256,0.001822379
2.879000,0.551011863,-0.060301838,2.691679200,0.013397142,0.464509511,0.000621869
2.880000,0.524614033,-0.026001019,2.824672748,0.009922335,0.468658185,-0.002237915
2.881000,0.522374565,-0.004446796,2.718109167,0.016114790,0.472711153,-0.002725159
2.882000,0.481204539,-0.004108266,2.536746341,0.027117138,0.474613932,-0.003898138
2.883000,0.486464881,-0.066491316,2.423134994,0.039063216,0.477769091,-0.005092657
2.884000,0.509134468,-0.134410317,2.497031302,0.042910040,0.481962929,-0.005614304
2.885000,0.581281649,-0.092248087,2.585407865,0.039806446,0.488008700,-0.006989528
2.886000,0.613708831,-0.042587760,2.775814459,0.027018202,0.491887739,-0.009357942
2.887000,0.616051113,0.035817388,2.846957580,0.013556909,0.493008709,-0.009021726
2.888000,0.556469815,0.118060448,2.795852441,0.009466707,0.494554181,-0.008580805
2.889000,0.530658715,0.120882478,2.682333797,0.015408352,0.497587646,-0.008293426
2.890000,0.538436438,0.014309875,2.721450531,0.021767389,0.500533707,-0.006964085
2.891000,0.601455648,-0.025054134,2.770168976,0.019984959,0.504255200,-0.003756798
2.892000,0.617329082,0.000003765,2.805923558,0.012426488,0.507311757,-0.002017529
2.893000,0.600294162,0.052110301,2.956243084,-0.000531766,0.509765483,-0.003112995
2.894000,0.586921095,0.074962420,2.963195478,-0.006381515,0.512748126,-0.004849104
2.895000,0.562587719,0.085666203,2.931803594,-0.006596829,0.516432945,-0.006369800
2.896000,0.540409263,0.037838914,2.817779053,0.009165023,0.521748012,-0.010359353
2.897000,0.528656770,-0.069852472,2.721927783,0.026585002,0.525890312,-0.013249757
2.898000,0.584356609,-0.132661877,2.704493829,0.032855285,0.529522688,-0.013889147
2.899000,0.664660484,-0.045043261,2.802877109,0.030129012,0.533083622,-0.013803480
2.900000,0.675891182,0.047413319,2.981668483,0.019422206,0.536315680,-0.015469146
2.901000,0.620840384,0.100284475,3.110214682,0.010447821,0.537916458,-0.013609594
2.902000,0.518959511,0.054007080,3.034915971,0.013601920,0.540359514,-0.012509166
2.903000,0.485701491,-0.030242899,2.919472886,0.023433410,0.542111799,-0.012479111
2.904000,0.518166918,-0.126757904,2.848289073,0.028749359,0.547231936,-0.011709420
2.905000,0.592033940,-0.116229998,2.894776653,0.027316072,0.554357408,-0.010278662
2.906000,0.614652393,-0.086337010,3.029947809,0.017378053,0.559182923,-0.014525726
2.907000,0.624264630,-0.084929888,3.127774001,0.002421167,0.558834878,-0.014168752
2.908000,0.584692502,-0.057729294,3.176002516,-0.007811787,0.557316599,-0.013482424
2.909000,0.525027161,-0.020939006,3.090741086,-0.009201572,0.559623847,-0.011526795
2.910000,0.474394980,-0.008465749,3.014759777,-0.005161135,0.561563950,-0.009119116
2.911000,0.491967373,0.068954373,2.900004411,0.005109800,0.567491101,-0.007230192
2.912000,0.521290882,0.091450877,2.844642492,0.012801321,0.573502544,-0.007359824
2.913000,0.542125065,0.079137799,2.837559185,0.019788987,0.578804721,-0.008803947
2.914000,0.543567201,0.023712340,2.946353556,0.019045832,0.582203415,-0.011613625
2.915000,0.567849054,-0.014647993,3.015694230,0.016190910,0.586645349,-0.012036319
2.916000,0.580785056,-0.035611792,3.168456970,0.015485524,0.587191831,-0.013941265
2.917000,0.603642875,-0.058941704,3.206665721,0.012113332,0.590731119,-0.011074295
2.918000,0.605182914,-0.036088180,3.177591150,0.008603948,0.592616787,-0.010863013
2.919000,0.632935992,-0.010385052,3.153597502,0.007470844,0.598591796,-0.010998929
2.920000,0.659536197,-0.030267867,3.267113502,0.002226730,0.599809105,-0.009377976
2.921000,0.636284855,-0.032740596,3.236853731,-0.005598151,0.605589812,-0.006937851
2.922000,0.628215090,-0.023153415,3.160754764,-0.010201666,0.606943733,-0.006309014
2.923000,0.592940682,0.037560573,3.074205797,-0.007699952,0.611342080,-0.006389774
2.924000,0.630563653,-0.008644191,3.062832192,-0.004644977,0.614453514,-0.006260926
2.925000,0.661071058,-0.055667736,3.003512797,0.010857314,0.621116353,-0.007159268
2.926000,0.657436356,-0.218293471,2.942263608,0.028855799,0.627200934,-0.010972396
2.927000,0.716580740,-0.360380584,3.051106123,0.038725702,0.630057302,-0.010652759
2.928000,0.791031957,-0.306210604,3.154125645,0.031693839,0.631981301,-0.008988482
2.929000,0.825813840,-0.136026366,3.328610885,0.015847405,0.632945418,-0.009010281
2.930000,0.784453141,0.025447609,3.437447374,-0.003038560,0.632470264,-0.010109829
2.931000,0.752068719,0.115106242,3.374264206,-0.005036907,0.637149862,-0.008576203
2.932000,0.667850254,0.065113984,3.190782475,0.005827304,0.639948220,-0.008132912
2.933000,0.679169983,-0.092366649,3.079370031,0.020216252,0.641391796,-0.002900660
2.934000,0.698940737,-0.151391710,3.116761081,0.022018163,0.640318904,0.002410231
2.935000,0.750191196,-0.034695052,3.227280413,0.018777622,0.643930832,0.003894800
2.936000,0.749067142,0.030730182,3.354736201,0.008079729,0.646827292,0.003013209
2.937000,0.721682843,0.022357369,3.362048695,0.002655216,0.649843712,0.002510578
2.938000,0.664429455,-0.083352233,3.250145077,0.009555632,0.652036731,-0.001944005
2.939000,0.648272701,-0.225406123,3.283139244,0.017888357,0.654016907,-0.001394094
2.940000,0.676249201,-0.183805406,3.156497664,0.024805672,0.655042550,0.000487980
2.941000,0.734552275,-0.045145282,3.240861298,0.026125519,0.657658805,0.002562312
2.942000,0.767899315,0.026289047,3.300265639,0.020116890,0.659362792,0.004965386
2.943000,0.737479320,0.030366289,3.302991806,0.012646483,0.663290531,0.005702784
2.944000,0.638781167,-0.035461188,3.305859455,0.011485813,0.662203712,0.008906412
2.945000,0.623006566,-0.154821722,3.293959781,0.019010183,0.663459020,0.013365371
2.946000,0.629539777,-0.206775869,3.274548576,0.027765205,0.664279334,0.015422521
2.947000,0.657009285,-0.239726686,3.264387672,0.036485368,0.667311414,0.013730133
2.948000,0.697380422,-0.258220484,3.285031477,0.029854724,0.666344789,0.012004689
2.949000,0.740277571,-0.149300648,3.208135218,0.024572593,0.669980782,0.010146546
2.950000,0.695342233,-0.104858175,3.370311786,0.021140726,0.666875896,0.009025305
2.951000,0.678308456,-0.088586570,3.412007376,0.022980996,0.664373451,0.013269875
2.952000,0.637521491,-0.039487275,3.320877957,0.029438240,0.665694492,0.015675154
2.953000,0.608718516,-0.096200112,3.253396146,0.041023633,0.668030270,0.018258117
2.954000,0.654660132,-0.203826683,3.308843449,0.042136915,0.670317736,0.023968536
2.955000,0.702116873,-0.198661628,3.299198011,0.039746044,0.671137973,0.026073082
2.956000,0.752804336,-0.076282367,3.382237856,0.028814504,0.671048493,0.025328296
2.957000,0.715174682,0.009106540,3.413925516,0.028725441,0.670410989,0.022166809
2.958000,0.631907326,-0.062355566,3.332266788,0.029628004,0.667368865,0.019521397
2.959000,0.612152237,-0.064883410,3.185241337,0.036106340,0.670089076,0.021626986
2.960000,0.620149660,-0.062152459,3.182064654,0.046327834,0.669081174,0.022947381
2.961000,0.678678899,-0.087817184,3.234131567,0.044919761,0.668087307,0.025610904
2.962000,0.711606253,-0.022818813,3.206769867,0.040889654,0.669306035,0.026572623
2.963000,0.743282961,-0.024481493,3.257551771,0.035987727,0.670252607,0.028414530
2.964000,0.719096747,-0.072629343,3.390146140,0.032661640,0.667934211,0.027151555
2.965000,0.706697449,-0.155381535,3.384971103,0.031062328,0.663862476,0.028078295
2.966000,0.700197456,-0.120842790,3.316428741,0.036234778,0.662971318,0.029096272
2.967000,0.697536898,-0.064239740,3.310027319,0.046777464,0.661820715,0.028180648
2.968000,0.654737048,-0.082640108,3.203645760,0.055698644,0.664440804,0.024084476
2.969000,0.663772338,-0.223069381,3.091607569,0.061752683,0.665053350,0.023864417
2.970000,0.717308166,-0.326904669,3.091264685,0.051378909,0.664547346,0.023824916
2.971000,0.769503365,-0.143421633,3.211563510,0.043455399,0.658549687,0.023079185
2.972000,0.747566879,-0.048494752,3.391974140,0.036830797,0.653173488,0.021892396
2.973000,0.687314194,-0.027749338,3.468666231,0.040303338,0.650400069,0.021127710
2.974000,0.650693773,-0.183537194,3.395596166,0.049860523,0.648542574,0.021017299
2.975000,0.686361644,-0.206248400,3.165206317,0.058268618,0.648048234,0.023583092
2.976000,0.714121268,-0.200496720,3.056580793,0.062064081,0.646742866,0.026438467
2.977000,0.705361645,-0.130819686,3.306691128,0.057812857,0.642567928,0.025717614
2.978000,0.688645691,0.007716773,3.533661666,0.047783765,0.638002775,0.023699623
2.979000,0.614154087,0.014392615,3.529963948,0.052324267,0.636021223,0.020327474
2.980000,0.567114449,-0.232212528,3.520155293,0.058064947,0.629632715,0.019096630
2.981000,0.575776336,-0.303220364,3.360169830,0.052508875,0.625074995,0.023128567
2.982000,0.587203660,-0.034708485,3.145560493,0.050335417,0.626090674,0.020606788
2.983000,0.636844294,-0.000748293,3.322947477,0.053098384,0.625571450,0.016499069
2.984000,0.657868444,-0.109730446,3.507380790,0.046691958,0.620707174,0.014687169
2.985000,0.603943102,-0.096009236,3.476584118,0.044308199,0.617801302,0.014181809
2.986000,0.515774939,-0.117362234,3.421018174,0.055130705,0.611339145,0.012736179
2.987000,0.480116118,-0.219660565,3.425311757,0.065021207,0.602347613,0.015056856
2.988000,0.485877642,-0.268181562,3.353969173,0.064991022,0.598214273,0.017322845
2.989000,0.539923980,-0.128951612,3.391773269,0.063757447,0.599097808,0.018160104
2.990000,0.565197762,-0.115598380,3.537556995,0.055946925,0.594933033,0.017956929
2.991000,0.552745802,-0.128112422,3.603777124,0.048639822,0.588782824,0.021705511
2.992000,0.517237338,-0.027097182,3.566687720,0.047449232,0.584886542,0.025269883
2.993000,0.480795724,0.113527593,3.538902559,0.055976316,0.580900400,0.027162073
2.994000,0.443497047,0.011798750,3.396583335,0.065834035,0.580480956,0.026180738
2.995000,0.422688932,-0.154700770,3.330272825,0.075292168,0.579836837,0.028579107
2.996000,0.391240083,-0.291875746,3.313711556,0.081200548,0.577185218,0.024549498
2.997000,0.437968066,-0.372442957,3.461775770,0.077133095,0.572049066,0.021856412
2.998000,0.529514528,-0.251841553,3.542022063,0.063848055,0.570406937,0.017686056
2.999000,0.491510163,-0.011548808,3.638116638,0.054781921,0.567494376,0.009459687
3.000000,0.409744175,0.012576295,3.687543918,0.055632764,0.562517469,-0.000818855
3.001000,0.338310461,0.020729669,3.698839991,0.062122536,0.556012817,-0.005060165
3.002000,0.318775640,-0.112838153,3.601719500,0.069466558,0.553936942,-0.005777395
3.003000,0.383932857,-0.162122285,3.471334333,0.072935668,0.553418627,-0.004806139
3.004000,0.432679744,-0.123537699,3.430706032,0.070008470,0.552765290,-0.008687474
3.005000,0.436453238,-0.023408695,3.551749287,0.057705268,0.546284776,-0.011359102
3.006000,0.421805075,-0.024180898,3.699349374,0.050986396,0.543440583,-0.014562001
3.007000,0.328026522,-0.052404673,3.736376964,0.059248847,0.546203975,-0.023631112
3.008000,0.296175534,-0.227726397,3.625719240,0.070374710,0.546340554,-0.027418555
3.009000,0.368509312,-0.291183037,3.480765560,0.079431624,0.545906270,-0.029485932
3.010000,0.409623009,-0.147303149,3.523773607,0.082103840,0.545420898,-0.032790200
3.011000,0.377654463,-0.111913393,3.468461655,0.080289935,0.546945437,-0.038656474
3.012000,0.356898737,-0.165199590,3.522984439,0.070167437,0.545981040,-0.040963665
3.013000,0.350576844,-0.176465764,3.500026424,0.062412210,0.547411657,-0.042089169
3.014000,0.332358007,-0.173709346,3.528158725,0.060747498,0.544133751,-0.041553663
3.015000,0.328286738,-0.151859894,3.479973115,0.062042214,0.543549088,-0.039884206
3.016000,0.307584904,-0.175464656,3.488912058,0.069709336,0.545426314,-0.041648083
3.017000,0.361316496,-0.215171757,3.487874334,0.070521018,0.548049343,-0.042289937
3.018000,0.409699212,-0.290857272,3.352977484,0.066203238,0.554370636,-0.041312251
3.019000,0.451312256,-0.228104232,3.397747145,0.063591611,0.554200573,-0.041253051
3.020000,0.428572790,-0.179031668,3.525760767,0.059441246,0.552042445,-0.042715829
3.021000,0.347621911,-0.106007266,3.454656834,0.062634697,0.551431094,-0.044399819
3.022000,0.331945040,-0.106172639,3.424630112,0.067932450,0.552988982,-0.045530313
3.023000,0.386027183,-0.145744375,3.294012101,0.065818492,0.555358824,-0.043582111
3.024000,0.424147098,-0.027331440,3.159784445,0.063091222,0.557870528,-0.044553974
3.025000,0.457529327,0.069232986,3.169902088,0.063911901,0.558564946,-0.045690147
3.026000,0.454912515,0.039850426,3.209700829,0.065193636,0.562616258,-0.050199497
3.027000,0.486670400,-0.028929792,3.252321617,0.063966253,0.562729049,-0.052559882
3.028000,0.464598286,-0.108902900,3.152840072,0.064672867,0.564442761,-0.057413183
3.029000,0.560530917,-0.158113078,3.140326734,0.058761830,0.561502357,-0.056384338
3.030000,0.604421268,-0.098973153,3.124834909,0.047631276,0.563142493,-0.056703251
3.031000,0.599027074,0.050506810,3.199867480,0.047621701,0.562130184,-0.058396741
3.032000,0.611803740,0.067373069,3.119373965,0.043991347,0.564237030,-0.058795292
3.033000,0.660146567,0.053526650,2.987900619,0.043292607,0.564137163,-0.053836302
3.034000,0.613596554,0.041619761,2.881218705,0.052298767,0.564247506,-0.056567274
3.035000,0.614657078,-0.086946563,2.895273266,0.058151423,0.561819699,-0.056946452
3.036000,0.675707059,-0.241035780,2.899190555,0.056333173,0.564146842,-0.056393527
3.037000,0.754002435,-0.135395829,2.945810523,0.052773493,0.564723352,-0.057724197
3.038000,0.766571785,-0.038003304,2.997040842,0.047461317,0.563028845,-0.061242176
3.039000,0.779096118,-0.018934497,3.006471455,0.039569848,0.558584624,-0.059906025
3.040000,0.709492823,0.042473955,2.908713644,0.037355589,0.556659583,-0.058853349
3.041000,0.641982230,0.071932093,2.867496518,0.048481143,0.554612951,-0.058441749
3.042000,0.653196768,0.060390142,2.838654836,0.053894942,0.554195888,-0.056152410
3.043000,0.690755469,0.029823407,2.801702975,0.057726241,0.552340136,-0.049848125
3.044000,0.637693168,0.088622184,2.819855248,0.058974238,0.547753798,-0.048535168
3.045000,0.605485932,-0.022937719,2.893057855,0.053295269,0.542645419,-0.048547485
3.046000,0.614391726,-0.117491664,2.892388404,0.041577849,0.540249353,-0.045984796
3.047000,0.630328445,-0.044523885,2.838916278,0.037359815,0.540817144,-0.044082816
3.048000,0.549360358,0.054512285,2.861431238,0.035629670,0.536761832,-0.044698298
3.049000,0.516792461,0.073053500,2.797398373,0.035104666,0.531709209,-0.039677827
3.050000,0.473448672,0.094326761,2.676730959,0.038547132,0.528325288,-0.034505482
3.051000,0.431818002,0.093850052,2.656922543,0.049233522,0.523618547,-0.031124430
3.052000,0.422217043,0.000640370,2.691462540,0.049455193,0.519209909,-0.027418334
3.053000,0.433270566,-0.050554630,2.704156574,0.047489257,0.516872669,-0.021791872
3.054000,0.357261931,-0.014944848,2.801695468,0.049638657,0.512265268,-0.022990183
3.055000,0.351074511,-0.084846462,2.895459361,0.045392540,0.508428749,-0.021613358
3.056000,0.388287673,-0.086124077,2.750508718,0.039295634,0.508595625,-0.018853144
3.057000,0.430988773,0.070911641,2.684846129,0.037163889,0.504950598,-0.016294306
3.058000,0.387605132,0.063147807,2.657471189,0.040415299,0.501089802,-0.015794734
3.059000,0.369101853,0.046702657,2.626636253,0.043591177,0.496107722,-0.011459152
3.060000,0.299093406,0.041988092,2.582016183,0.052647232,0.492769220,-0.008620402
3.061000,0.259337166,-0.046632035,2.596079829,0.058544461,0.485826962,-0.003338658
3.062000,0.301663161,-0.119890458,2.689590181,0.052907702,0.483017977,0.003038367
3.063000,0.365012665,-0.010845912,2.633829102,0.047352068,0.480439628,0.008195955
3.064000,0.365960436,-0.009558087,2.731683595,0.044512806,0.477177195,0.008639757
3.065000,0.381180913,-0.083659035,2.668799198,0.042386731,0.474534437,0.011411749
3.066000,0.380241843,-0.043375649,2.568351441,0.042181849,0.472029523,0.013254390
3.067000,0.384306660,0.024667270,2.504357187,0.046868500,0.466498426,0.017052779
3.068000,0.387257242,-0.029852759,2.611575753,0.047560647,0.459598783,0.021743637
3.069000,0.382085556,-0.003374590,2.548661022,0.045208840,0.458427161,0.025506219
3.070000,0.402504512,0.016284288,2.532101640,0.046092008,0.452352239,0.029987859
3.071000,0.405652953,-0.029587908,2.535886478,0.050496874,0.450839637,0.034198407
3.072000,0.381160704,-0.037252721,2.524356063,0.048366502,0.445312292,0.036132792
3.073000,0.402934054,-0.027244011,2.466590398,0.051556617,0.442513196,0.039592602
3.074000,0.430695323,-0.068075306,2.615237202,0.052737331,0.436802398,0.039940225
3.075000,0.411261417,-0.103646697,2.535066006,0.050978208,0.434758868,0.042098329
3.076000,0.427721766,-0.062781413,2.451953743,0.044675628,0.432886453,0.044753348
3.077000,0.431164673,-0.015944543,2.354292065,0.046236868,0.432134594,0.047261050
3.078000,0.373947715,-0.064383002,2.416261209,0.042525944,0.424701181,0.047818372
3.079000,0.341666935,-0.060929279,2.372093291,0.046484226,0.417730615,0.051830481
3.080000,0.318041421,-0.121001299,2.425263669,0.055408841,0.412922503,0.051719674
3.081000,0.312764961,-0.215819787,2.434520935,0.053701584,0.406855444,0.054198238
3.082000,0.328754105,-0.189046492,2.422452791,0.045273685,0.404140394,0.057186946
3.083000,0.336557442,-0.065550347,2.368558449,0.041098100,0.400238194,0.058935213
3.084000,0.305184686,-0.044846328,2.414785045,0.040033311,0.396452739,0.055319772
3.085000,0.245316115,-0.163940058,2.321792168,0.044797315,0.393274034,0.054366599
3.086000,0.173951219,-0.229777860,2.191657912,0.058080293,0.389598074,0.050834445
3.087000,0.194260805,-0.332778125,2.252996251,0.064810549,0.382841570,0.051528701
3.088000,0.221739551,-0.335929926,2.335600580,0.056791725,0.378178566,0.052381234
3.089000,0.205072865,-0.158736810,2.429775706,0.044817853,0.374515798,0.052416073
3.090000,0.190143289,-0.038079339,2.430191302,0.034018094,0.371163305,0.051111881
3.091000,0.138271163,-0.052206091,2.425696638,0.032192768,0.366144427,0.048776373
3.092000,0.065280363,-0.212637244,2.231954881,0.039586861,0.360874745,0.046438326
3.093000,0.055607715,-0.212077601,2.156875017,0.047136881,0.356138964,0.048991309
3.094000,0.063653314,-0.143400788,2.021811975,0.051911570,0.355700489,0.049059895
3.095000,0.067763317,-0.096310830,2.068094230,0.051999090,0.353459572,0.047027926
3.096000,0.059921845,-0.171188755,2.139295825,0.047932205,0.351600854,0.043054343
3.097000,0.023420981,-0.238619854,2.161615339,0.043941752,0.346777395,0.039771698
3.098000,0.022162830,-0.325289671,2.127802112,0.044478461,0.342864530,0.036175310
3.099000,0.051734494,-0.308471396,2.118335977,0.041693728,0.339055062,0.035894450
3.100000,0.061089865,-0.213144821,2.143741729,0.039782476,0.337942792,0.033308470
3.101000,0.084704376,-0.167420091,2.108340494,0.031382170,0.336990108,0.030676081
3.102000,0.085666737,-0.135964498,1.985349610,0.023806921,0.336211280,0.027058661
3.103000,0.105192254,-0.165495284,1.978575282,0.021373741,0.331566271,0.024984753
3.104000,0.106317265,-0.213312264,2.014340881,0.017010958,0.325842944,0.023177858
3.105000,0.088396557,-0.241014131,1.974600023,0.018144359,0.321949604,0.023082237
3.106000,0.060989649,-0.126220237,1.945307736,0.019739348,0.319949986,0.020096588
3.107000,0.082286874,-0.165398202,1.903094292,0.018825367,0.320212801,0.016284341
3.108000,0.118136748,-0.209864645,1.875247502,0.012244293,0.319402554,0.012088806
3.109000,0.158741431,-0.185917535,1.826458887,0.006561354,0.319978315,0.007121712
3.110000,0.195430032,-0.133178139,1.906448770,-0.002540382,0.315866203,0.001700924
3.111000,0.238644721,-0.073787537,1.914779458,-0.009503796,0.312881294,-0.003075075
3.112000,0.232967923,0.036509983,1.879520784,-0.014797541,0.308981864,-0.006506934
3.113000,0.199097171,0.073830868,1.770206719,-0.014925844,0.307311924,-0.008105393
3.114000,0.162280540,0.012275891,1.665874268,-0.013764810,0.303471673,-0.009108729
3.115000,0.193855325,-0.009673737,1.590118472,-0.012842041,0.301340166,-0.007275716
3.116000,0.214857354,-0.018114939,1.576322185,-0.015394523,0.301681665,-0.009715928
3.117000,0.209416439,-0.023146617,1.652628796,-0.019630009,0.297692783,-0.013773170
3.118000,0.213770402,-0.086161803,1.667197180,-0.026507644,0.294906636,-0.017973357
3.119000,0.222864579,-0.034000818,1.669869363,-0.036385551,0.291525775,-0.022803369
3.120000,0.220570374,0.016629308,1.625397908,-0.040868588,0.292081679,-0.027965018
3.121000,0.244204126,0.039772343,1.560609484,-0.046700185,0.287870107,-0.028597559
3.122000,0.242964074,0.084732508,1.521043017,-0.051763741,0.287247947,-0.029644060
3.123000,0.233150748,0.153567220,1.465628975,-0.049747410,0.282307402,-0.029540959
3.124000,0.210692080,0.127598660,1.500285262,-0.046219295,0.277334205,-0.029739075
3.125000,0.203524845,0.073928361,1.421469272,-0.044543395,0.272866866,-0.025943945
3.126000,0.178213310,0.057392133,1.291400221,-0.039384918,0.272298706,-0.027515767
3.127000,0.205685596,0.039440267,1.283239156,-0.035245179,0.268029064,-0.027868492
3.128000,0.253034728,0.044670890,1.239037362,-0.034085672,0.266975921,-0.027990391
3.129000,0.274624047,0.104765680,1.255927963,-0.032860029,0.264234716,-0.027205620
3.130000,0.269487620,0.144043711,1.251465601,-0.028427211,0.259607679,-0.027533618
3.131000,0.260658171,0.152672524,1.186966565,-0.024497704,0.257524691,-0.026845912
3.132000,0.255882500,0.089155433,1.166576727,-0.021350667,0.251642788,-0.024237759
3.133000,0.257771736,0.007949171,1.136973028,-0.021883339,0.245954889,-0.020332947
3.134000,0.254087073,-0.010568167,1.129653910,-0.025279245,0.239738636,-0.016868173
3.135000,0.283672517,0.022415365,1.114965917,-0.026342981,0.235698280,-0.013096227
3.136000,0.312064395,0.011265152,1.210521754,-0.028856774,0.228840097,-0.008620358
3.137000,0.291357612,0.018362182,1.151602808,-0.027146052,0.224673953,-0.003545567
3.138000,0.237432399,0.067093750,1.094005225,-0.022018047,0.220047863,0.000679907
3.139000,0.167902052,0.064264595,0.998171832,-0.018190447,0.214630155,0.006667245
3.140000,0.116952338,0.061020691,0.937479721,-0.020201469,0.210133062,0.010692835
3.141000,0.096901608,0.180505148,0.896231518,-0.023693990,0.206252782,0.013417239
3.142000,0.064633446,0.271998321,0.834788750,-0.024795242,0.203277146,0.012683902
3.143000,0.032867748,0.307780842,0.818645932,-0.023002280,0.197922268,0.011296018
3.144000,-0.000653950,0.280834769,0.733086592,-0.011523217,0.192764466,0.009609537
3.145000,-0.020698506,0.223318888,0.690874186,0.003141745,0.185875004,0.007219114
3.146000,-0.039393192,0.168651110,0.669196409,0.011716421,0.180244629,0.007153149
3.147000,-0.045473915,0.150318488,0.663539970,0.011075253,0.174486673,0.008299864
3.148000,-0.028672726,0.199995384,0.715144347,0.002786870,0.167853332,0.009599371
3.149000,-0.060002802,0.256255984,0.763850305,-0.004402639,0.160983238,0.008219335
3.150000,-0.093633286,0.225782703,0.775330086,-0.007244109,0.154081510,0.005324388
3.151000,-0.132532475,0.173605534,0.679161640,-0.001214226,0.147922916,0.003890397
3.152000,-0.152719252,0.096566214,0.533426023,0.012658507,0.143286838,0.001495591
3.153000,-0.122841164,-0.026386094,0.444252145,0.024660548,0.138704492,0.001590482
3.154000,-0.077825020,-0.092849619,0.364615277,0.030729588,0.137073626,0.002257013
3.155000,-0.019406364,-0.106954832,0.363736123,0.032680655,0.134099342,0.001445905
3.156000,0.010556903,-0.132935615,0.377963275,0.034749818,0.130786181,-0.000925920
3.157000,0.004042782,-0.161451322,0.381400102,0.040022585,0.124178387,-0.001470151
3.158000,-0.054266824,-0.160596427,0.263792240,0.054028595,0.118913995,-0.004916635
3.159000,-0.060417795,-0.164651082,0.177575521,0.065765475,0.111647685,-0.006872492
3.160000,-0.064954970,-0.129333616,0.066058295,0.071468972,0.109155538,-0.009590103
3.161000,-0.023365383,-0.043851686,0.106617856,0.069074175,0.102809190,-0.011277365
3.162000,0.010849792,-0.001055564,0.137021270,0.064217727,0.099382197,-0.013138681
3.163000,0.032151548,0.017633885,0.220357951,0.059658730,0.094002248,-0.014353394
3.164000,0.000815052,0.033925099,0.217775373,0.062738146,0.087104984,-0.016353175
3.165000,-0.012329624,0.002889547,0.195490250,0.070046916,0.079226818,-0.016952112
3.166000,-0.029751260,-0.043088185,0.073513531,0.075887875,0.073509128,-0.017149484
3.167000,-0.009623795,-0.003476548,-0.003742182,0.081706401,0.068938516,-0.017464503
3.168000,0.022413947,0.013026892,-0.009922289,0.082381527,0.065071324,-0.020035509
3.169000,0.044030156,0.007404824,-0.009507290,0.077111620,0.061655083,-0.021961142
3.170000,0.021616909,0.008783743,-0.002911119,0.074726698,0.058122906,-0.024724184
3.171000,-0.017541566,-0.008022859,-0.039690593,0.076817818,0.054117461,-0.029568135
3.172000,-0.033489053,-0.023692991,-0.126386391,0.079840184,0.048336946,-0.031914278
3.173000,-0.008349795,-0.049159745,-0.202247264,0.088983879,0.044381929,-0.034316259
3.174000,0.024435350,-0.070358010,-0.235417636,0.095338806,0.040038111,-0.035603862
3.175000,0.064302003,-0.126401967,-0.295926134,0.097528232,0.037581406,-0.036084775
3.176000,0.040944695,-0.128158625,-0.337538388,0.101346620,0.033055026,-0.037320263
3.177000,-0.020095185,-0.220746643,-0.277724927,0.108703349,0.025856194,-0.039744270
3.178000,-0.057410301,-0.286601629,-0.272475051,0.110044497,0.016274457,-0.039238307
3.179000,-0.079417031,-0.306237594,-0.295552522,0.111655514,0.009973782,-0.038506045
3.180000,-0.073888022,-0.259116753,-0.268372001,0.110263933,0.004087132,-0.039628980
3.181000,-0.042712592,-0.202417169,-0.272208319,0.106871504,0.001138974,-0.038841987
3.182000,-0.070229324,-0.141346193,-0.283612214,0.100585508,-0.002539769,-0.039308700
3.183000,-0.079745206,-0.109071441,-0.309336561,0.096437044,-0.008182508,-0.038846036
3.184000,-0.132507862,-0.079971724,-0.388391261,0.092079599,-0.014751562,-0.037002764
3.185000,-0.170264755,-0.060585495,-0.383596367,0.090834258,-0.021123664,-0.035209133
3.186000,-0.187597937,-0.047187558,-0.374718141,0.091257046,-0.025132526,-0.033424255
3.187000,-0.211786667,-0.032408505,-0.442423630,0.093076111,-0.026547041,-0.030308854
3.188000,-0.227819531,-0.014338770,-0.545811365,0.095640157,-0.028162108,-0.028886248
3.189000,-0.248187149,-0.011124467,-0.669648576,0.098558283,-0.031067455,-0.027517264
3.190000,-0.257533526,-0.042691078,-0.746912823,0.099085837,-0.035258928,-0.026745852
3.191000,-0.204950371,0.030810731,-0.669025596,0.096254763,-0.040642899,-0.024041379
3.192000,-0.183364845,0.053299671,-0.600258959,0.096260321,-0.042478150,-0.022889283
3.193000,-0.135477621,0.100217388,-0.585632751,0.095003613,-0.045027320,-0.020630616
3.194000,-0.118538531,0.122281232,-0.662883356,0.096470776,-0.047558835,-0.018450132
3.195000,-0.119103013,0.084473281,-0.770747589,0.099499582,-0.051321086,-0.014728247
3.196000,-0.098813097,0.026785645,-0.848351682,0.109787041,-0.055147327,-0.011159753
3.197000,-0.066684026,-0.112597200,-0.829263472,0.118403233,-0.059856363,-0.007963763
3.198000,0.002206684,-0.305972426,-0.763268203,0.117234686,-0.063402959,-0.003000401
3.199000,0.086349848,-0.306943746,-0.689636838,0.109926010,-0.064652143,0.000655532
3.200000,0.148221885,-0.148095979,-0.680680544,0.097147154,-0.063299846,0.002606641
3.201000,0.185399047,-0.029495554,-0.727681752,0.084685298,-0.061878733,0.003268810
3.202000,0.172280351,-0.044157538,-0.846400568,0.080764359,-0.060806086,0.003639611
3.203000,0.164025330,-0.056633252,-0.976630822,0.085653804,-0.064054968,0.004539448
3.204000,0.144454529,-0.010185384,-1.132772778,0.090314199,-0.068660088,0.008714035
3.205000,0.132325820,0.022977454,-1.085763059,0.095024641,-0.074042063,0.012541923
3.206000,0.130580115,0.019504983,-0.926978635,0.087988250,-0.079897525,0.016323745
3.207000,0.153426726,0.030943879,-0.817317869,0.073685767,-0.080429508,0.021746858
3.208000,0.143893212,0.126505784,-0.800519215,0.059718609,-0.081225698,0.025790285
3.209000,0.134894990,0.250845824,-0.845213624,0.053608220,-0.083093978,0.026751022
3.210000,0.117858015,0.369610919,-1.088735424,0.053972293,-0.083242431,0.028592059
3.211000,0.122986205,0.424738877,-1.262110976,0.063330963,-0.085010503,0.031030498
3.212000,0.084517122,0.374517803,-1.189471273,0.073031146,-0.090974753,0.032483944
3.213000,0.066169584,0.250953776,-1.076271614,0.076175334,-0.094147521,0.032805932
3.214000,0.029922530,0.077922326,-0.849723873,0.064726842,-0.098159482,0.032755500
3.215000,0.036843777,0.015789113,-0.745254463,0.046940947,-0.100826820,0.036194599
3.216000,0.019592656,0.120622294,-0.928819805,0.028058116,-0.097572456,0.036390508
3.217000,0.012485883,0.188999684,-1.218251540,0.024719917,-0.095150282,0.033038315
3.218000,0.002834432,0.082796019,-1.359277246,0.031359505,-0.095991948,0.030460541
3.219000,-0.026375163,-0.069913359,-1.356802341,0.042506154,-0.101094052,0.028852829
3.220000,-0.047070960,-0.152842150,-1.177645986,0.053604460,-0.107943096,0.026926944
3.221000,-0.002662746,-0.229396381,-0.995836776,0.043502194,-0.113567595,0.034394537
3.222000,0.036364463,-0.047530726,-1.057620429,0.024903273,-0.111151589,0.038694884
3.223000,0.049266095,0.196382746,-1.093933332,0.008639930,-0.107031611,0.038926434
3.224000,0.000319455,0.173694431,-1.152395888,0.004607577,-0.103767487,0.037444645
3.225000,-0.081684346,0.065796709,-1.279029716,0.020767245,-0.110072423,0.035041367
3.226000,-0.129628090,-0.038868293,-1.365502692,0.045115423,-0.118103892,0.034119193
3.227000,-0.077946820,-0.061214936,-1.313686757,0.055421794,-0.122228142,0.039552213
3.228000,-0.052344235,0.060744920,-1.207979928,0.044630112,-0.119399155,0.042511101
3.229000,-0.036555765,0.228233264,-1.116289917,0.020823508,-0.117936415,0.044545680
3.230000,-0.069010036,0.327763824,-1.138605874,-0.000001542,-0.117388592,0.044186593
3.231000,-0.112982330,0.247865165,-1.310934652,-0.000637839,-0.119494042,0.040429202
3.232000,-0.141786555,0.015489181,-1.300474157,0.013114494,-0.123767931,0.039609990
3.233000,-0.083880118,-0.053863763,-1.229454815,0.013138178,-0.125334516,0.042053733
3.234000,-0.082869847,0.124564903,-1.270877954,0.013184617,-0.122369930,0.042736373
3.235000,-0.010231384,0.223965053,-1.235852663,0.009177740,-0.124138154,0.043451249
3.236000,0.056850315,0.211715000,-1.206217891,-0.016987381,-0.124880792,0.046689954
3.237000,0.080177008,0.179578991,-1.348525354,-0.024572471,-0.120834452,0.045837848
3.238000,0.050335328,-0.002455230,-1.364910226,-0.010500216,-0.122900960,0.042000225
3.239000,0.039209974,-0.241447158,-1.337116658,0.006772192,-0.125813127,0.041442416
3.240000,0.059188301,-0.267843067,-1.431132520,0.019903029,-0.123808596,0.044547721
3.241000,0.138849057,-0.075626907,-1.509926833,0.022207164,-0.119875933,0.045853943
3.242000,0.219349313,0.115637735,-1.371301232,0.006322960,-0.121588438,0.046192795
3.243000,0.244196159,0.157030682,-1.355080641,-0.006959494,-0.121607992,0.045014578
3.244000,0.177854782,0.105386486,-1.402443985,-0.000915799,-0.119842015,0.040235270
3.245000,0.106168701,-0.166494004,-1.345571518,0.025142805,-0.120903688,0.034786751
3.246000,0.102667023,-0.492497704,-1.361362999,0.041497802,-0.128469742,0.033787635
3.247000,0.211495410,-0.444482028,-1.433238509,0.038032094,-0.129821785,0.035007872
3.248000,0.332521948,-0.099302807,-1.268905493,0.018644194,-0.124912946,0.033720617
3.249000,0.357020676,0.184097402,-1.142250478,-0.004246089,-0.119051489,0.031492137
3.250000,0.249839197,0.175040720,-1.286111068,-0.005354947,-0.116632922,0.029311523
3.251000,0.087036987,-0.067407881,-1.502668140,0.021518372,-0.122780591,0.025468109
3.252000,0.017596431,-0.385395595,-1.567318702,0.044838742,-0.133778998,0.025099339
3.253000,0.053233663,-0.539555175,-1.527031744,0.047004100,-0.139594802,0.028149618
3.254000,0.191884675,-0.297880086,-1.364976279,0.031075575,-0.136904937,0.028783598
3.255000,0.293707072,0.078689739,-0.993201836,-0.009997086,-0.128456034,0.024956121
3.256000,0.193793530,0.267141984,-0.978863852,-0.031587521,-0.122071681,0.019235321
3.257000,0.018517044,0.163719792,-1.371834788,-0.012207340,-0.123519134,0.013164606
3.258000,-0.159300032,-0.128635276,-1.786237556,0.037093990,-0.133930175,0.009291346
3.259000,-0.203378977,-0.404651302,-1.917968467,0.069322196,-0.142934765,0.010866229
3.260000,-0.112540687,-0.406450857,-1.842501112,0.066521899,-0.143344612,0.012156494
3.261000,0.076382668,-0.084475082,-1.399319215,0.032201338,-0.139237428,0.009695353
3.262000,0.134234106,0.182534613,-1.090884747,-0.015521200,-0.135839734,0.003744800
3.263000,0.011305937,0.229089084,-1.121932695,-0.028924508,-0.132629210,-0.001819870
3.264000,-0.159366520,0.110760010,-1.424102458,-0.001951339,-0.131157604,-0.006642257
3.265000,-0.283287096,-0.184780717,-1.649799165,0.038911725,-0.136737607,-0.007971544
3.266000,-0.253558931,-0.428130900,-1.862780032,0.062130719,-0.141892846,-0.004264924
3.267000,-0.132270015,-0.291630474,-1.885560667,0.058287102,-0.143598090,-0.002723602
3.268000,0.020881935,-0.048722602,-1.556036050,0.027170282,-0.142112919,-0.004595452
3.269000,0.048240148,0.051938938,-1.215740936,-0.010465429,-0.137825814,-0.010722401
3.270000,-0.090123724,0.024044639,-1.238736334,-0.018621562,-0.138290905,-0.018554619
3.271000,-0.216559426,-0.108968946,-1.582978308,0.007223046,-0.144151744,-0.023590883
3.272000,-0.258953179,-0.236698525,-1.939025184,0.042927161,-0.148240271,-0.023895265
3.273000,-0.176329881,-0.228835045,-2.026666553,0.062258592,-0.149564243,-0.020401733
3.274000,-0.000336584,-0.062034478,-1.924312129,0.052242938,-0.143610752,-0.016803675
3.275000,0.109573308,0.121066765,-1.668964300,0.020297211,-0.138602932,-0.016623091
3.276000,0.094870536,0.159192834,-1.497729818,-0.007898286,-0.139901843,-0.020162887
3.277000,-0.034155231,0.099711647,-1.621292660,-0.008657464,-0.146403844,-0.025268992
3.278000,-0.133853586,0.008575004,-1.909107195,0.014067932,-0.154059293,-0.027372234
3.279000,-0.113440441,-0.079745024,-2.088120652,0.039452287,-0.155082130,-0.026107347
3.280000,0.008817200,-0.048390886,-2.082393251,0.046112236,-0.152302032,-0.022812331
3.281000,0.146252121,0.099555352,-1.959969055,0.031522232,-0.147116443,-0.019848302
3.282000,0.217172827,0.195595572,-1.809598204,0.012674714,-0.145517804,-0.020579252
3.283000,0.213021052,0.218890659,-1.682133959,-0.008542542,-0.147831354,-0.023261967
3.284000,0.119580896,0.228053809,-1.767348297,-0.014323797,-0.152959202,-0.026256168
3.285000,0.026404515,0.153848549,-2.072586660,0.005733791,-0.159301551,-0.028314778
3.286000,0.050021537,0.017718403,-2.228929524,0.027013179,-0.161091191,-0.027200420
3.287000,0.152180150,-0.024517546,-2.256158030,0.039327333,-0.159573785,-0.026124838
3.288000,0.251345091,-0.001637969,-2.094276685,0.034439350,-0.159131417,-0.026669883
3.289000,0.300778750,0.014585594,-1.929486727,0.013778968,-0.161174764,-0.026309690
3.290000,0.271545378,0.074785408,-1.920276707,-0.007202075,-0.166699574,-0.025341927
3.291000,0.186477842,0.133891119,-2.037612655,-0.011868297,-0.172394811,-0.025488051
3.292000,0.128964812,0.120652565,-2.153554870,-0.004985239,-0.177477661,-0.024333994
3.293000,0.139486298,0.078748897,-2.324218259,0.009103839,-0.177778095,-0.021224476
3.294000,0.183832955,0.071171780,-2.347429428,0.015123561,-0.177844580,-0.017803865
3.295000,0.238201511,0.067263797,-2.258531795,0.007771065,-0.178248174,-0.014850458
3.296000,0.252086894,0.123352139,-2.194009989,-0.010632360,-0.181803282,-0.013404622
3.297000,0.160327275,0.188375023,-2.173539201,-0.023679371,-0.188472935,-0.014669918
3.298000,0.084997073,0.187285575,-2.206016759,-0.024170260,-0.194470266,-0.015462374
3.299000,0.018952832,0.176091543,-2.344235044,-0.014421350,-0.198944486,-0.015597652
3.300000,0.032302019,0.147187116,-2.500603809,0.002930621,-0.200998880,-0.013769560
3.301000,0.067781267,0.084407521,-2.564105347,0.011548958,-0.202517279,-0.010956980
3.302000,0.109115164,0.058531110,-2.505853114,0.006672816,-0.206822643,-0.008638506
3.303000,0.108929102,0.054462778,-2.384005395,-0.006725418,-0.213024961,-0.007566219
3.304000,0.068788153,0.129463596,-2.329678671,-0.023523901,-0.216250160,-0.007103346
3.305000,0.004586461,0.189255562,-2.373690882,-0.032781522,-0.219967821,-0.009166466
3.306000,-0.019943093,0.105851584,-2.511121367,-0.030318567,-0.223212556,-0.010092294
3.307000,-0.027226506,-0.018359164,-2.657083170,-0.019712987,-0.225802934,-0.009914171
3.308000,0.022341571,-0.099119984,-2.706161633,-0.009522177,-0.229858389,-0.008629590
3.309000,0.072429641,-0.101734061,-2.644470567,-0.010858378,-0.234303357,-0.006396669
3.310000,0.124987528,0.000671386,-2.518876306,-0.020435580,-0.237692663,-0.004486989
3.311000,0.118101718,0.062320290,-2.388990293,-0.029314032,-0.242365382,-0.005350760
3.312000,0.086781447,0.042361951,-2.382607163,-0.030492179,-0.247987338,-0.005035123
3.313000,0.055872181,0.004567396,-2.530543735,-0.023995739,-0.252640002,-0.003516516
3.314000,0.038811210,0.011041704,-2.768576206,-0.010220790,-0.256057828,0.000242584
3.315000,0.066177623,0.008143834,-2.889007583,0.001269068,-0.258164496,0.002340725
3.316000,0.135639596,0.011727530,-2.805350568,-0.000708407,-0.259058155,0.005213437
3.317000,0.185176922,0.071859957,-2.649951943,-0.011173847,-0.260381055,0.005932226
3.318000,0.161981523,0.090970839,-2.542966060,-0.020878677,-0.265064107,0.004073030
3.319000,0.129221627,0.050745889,-2.600361118,-0.025558737,-0.271820840,0.003232608
3.320000,0.101058085,0.026472283,-2.731818861,-0.022315278,-0.276809509,0.003664114
3.321000,0.124149103,-0.014960584,-2.809492696,-0.014473507,-0.280597570,0.003188351
3.322000,0.193266848,-0.026540450,-2.830171405,-0.010400860,-0.283848905,0.004318463
3.323000,0.249309911,-0.012006422,-2.772545527,-0.011205641,-0.286661515,0.006889967
3.324000,0.271845975,-0.002760979,-2.626710138,-0.016422462,-0.294018030,0.007248618
3.325000,0.255760611,-0.027348488,-2.545120255,-0.021393238,-0.301569979,0.007962379
3.326000,0.258608490,-0.086605905,-2.558242223,-0.021197206,-0.306998516,0.007981524
3.327000,0.257822128,-0.139341046,-2.566288234,-0.017115274,-0.312163111,0.006725219
3.328000,0.280785190,-0.150970785,-2.670876706,-0.014601006,-0.313458206,0.008956067
3.329000,0.299634516,-0.101900919,-2.783797304,-0.012726054,-0.313107597,0.010024457
3.330000,0.319946199,-0.080620303,-2.794950451,-0.013256448,-0.314730295,0.011866254
3.331000,0.303598794,-0.099730033,-2.721989448,-0.018428943,-0.320086375,0.014321395
3.332000,0.285251296,-0.033919963,-2.786048336,-0.018844240,-0.323765674,0.014949791
3.333000,0.262630190,-0.066347667,-2.756170960,-0.016146394,-0.328808934,0.014644687
3.334000,0.260398041,-0.148317420,-2.769492303,-0.013326259,-0.332771916,0.015912091
3.335000,0.268003665,-0.102462137,-2.837029662,-0.012842769,-0.335125577,0.017161787
3.336000,0.290419218,-0.045579617,-2.824052638,-0.007788960,-0.337654941,0.016690801
3.337000,0.300863086,-0.062027311,-2.745415610,-0.004796186,-0.343421994,0.016419376
3.338000,0.313101817,-0.078610204,-2.760708756,-0.001947168,-0.347890029,0.018259627
3.339000,0.263849685,-0.088515200,-2.792850304,0.001605085,-0.353299451,0.017477054
3.340000,0.263222748,-0.129546017,-2.758072560,0.001096251,-0.358836729,0.016979450
3.341000,0.236960736,-0.143576876,-2.745557221,-0.005190312,-0.360836612,0.016179594
3.342000,0.204610454,-0.100344861,-2.773781025,-0.007086336,-0.361413855,0.013976403
3.343000,0.221846340,-0.062020752,-2.830767627,-0.007174712,-0.362574613,0.012882945
3.344000,0.246212196,-0.073980924,-2.924109489,-0.008498772,-0.363355201,0.012201471
3.345000,0.238684551,-0.072645848,-3.018480289,-0.010736491,-0.364107979,0.012590638
3.346000,0.223709757,-0.094405945,-3.064452176,-0.009828633,-0.367374431,0.009989559
3.347000,0.237463308,-0.144674579,-2.998908110,-0.013206638,-0.371034663,0.007538137
3.348000,0.269120977,-0.102361114,-2.976773245,-0.016652953,-0.372574046,0.009395413
3.349000,0.293945580,0.002193769,-3.048252066,-0.016514205,-0.372760802,0.010342113
3.350000,0.278142815,0.027057134,-3.039813740,-0.010588839,-0.376277794,0.009349417
3.351000,0.275274245,-0.012069583,-3.068694348,-0.001700174,-0.378970225,0.009674550
3.352000,0.263148978,-0.031514732,-3.115812496,0.009417611,-0.381687830,0.010620296
3.353000,0.270609826,-0.049221024,-3.089495061,0.015873933,-0.382654888,0.009689231
3.354000,0.319125417,-0.012942314,-3.084280302,0.010585778,-0.383262565,0.011048228
3.355000,0.348738867,0.072508397,-3.123322932,0.004237616,-0.380589356,0.009034304
3.356000,0.364209901,0.069212209,-3.036024240,0.000577576,-0.381476653,0.004599453
3.357000,0.343306262,0.002455146,-3.093902208,0.000020774,-0.380242581,0.001752828
3.358000,0.337746759,-0.025990279,-3.323443578,0.007955018,-0.379332904,0.000796200
3.359000,0.333364029,-0.091810923,-3.458253886,0.015203741,-0.380545638,-0.000192352
3.360000,0.381764016,-0.122282331,-3.439743044,0.012399512,-0.381411349,-0.000785370
3.361000,0.426858671,-0.071849355,-3.377137829,0.001836019,-0.383188072,-0.001883546
3.362000,0.445711573,0.000279513,-3.329190398,-0.003868879,-0.385203681,-0.003018000
3.363000,0.441561553,0.079908679,-3.309585788,-0.007887483,-0.385278023,-0.004789760
3.364000,0.427969432,0.103939110,-3.387915829,-0.004202409,-0.386319666,-0.008242542
3.365000,0.429606070,0.082495090,-3.507128232,0.005250378,-0.388077791,-0.009590982
3.366000,0.481928535,0.096140992,-3.469045827,0.013358330,-0.389536413,-0.007144759
3.367000,0.479861266,0.131872271,-3.411478774,0.017123297,-0.391121897,-0.007148002
3.368000,0.478351230,0.133358500,-3.360917712,0.014698661,-0.392783956,-0.006294518
3.369000,0.481109897,0.173705704,-3.317989525,0.008602717,-0.393034032,-0.005501135
3.370000,0.453168605,0.227845339,-3.362094959,0.008308546,-0.392059202,-0.007324083
3.371000,0.424726061,0.208229871,-3.397780901,0.008347868,-0.392041760,-0.009076670
3.372000,0.417182628,0.161275529,-3.493566866,0.013290019,-0.390589127,-0.010175294
3.373000,0.408447145,0.139273201,-3.615255183,0.016859681,-0.389103464,-0.011344791
3.374000,0.433235709,0.123944511,-3.704517479,0.016170629,-0.387136757,-0.013178299
3.375000,0.465699967,0.112316944,-3.607684138,0.010043960,-0.387660109,-0.016830648
3.376000,0.484393591,0.130218935,-3.551931757,0.004330263,-0.389648205,-0.020183137
3.377000,0.490366237,0.121465446,-3.534623496,0.003628336,-0.392696427,-0.022452913
3.378000,0.458040313,0.116475420,-3.479088975,0.014638481,-0.397627539,-0.023426326
3.379000,0.413860089,0.029167395,-3.602129298,0.028557945,-0.399145980,-0.024941447
3.380000,0.444030966,-0.081938377,-3.576859093,0.035652730,-0.402159065,-0.023458288
3.381000,0.514828543,-0.055211881,-3.512158349,0.037776808,-0.402893006,-0.021742754
3.382000,0.540913808,0.064234936,-3.407591071,0.030460223,-0.402265594,-0.021793058
3.383000,0.534721969,0.103675357,-3.391571054,0.018612100,-0.400558112,-0.023999763
3.384000,0.493677836,0.148239052,-3.414639779,0.017527084,-0.401945751,-0.025291893
3.385000,0.458122446,0.090568185,-3.515795378,0.024306655,-0.402217538,-0.026009279
3.386000,0.441778929,-0.037070842,-3.650710862,0.027701348,-0.403254551,-0.026479342
3.387000,0.441181932,-0.056877057,-3.699750545,0.026477064,-0.406914099,-0.023832217
3.388000,0.433449595,0.050189257,-3.707861970,0.023551630,-0.407039204,-0.022773688
3.389000,0.478523571,0.118492574,-3.593160672,0.012971540,-0.408019037,-0.024267284
3.390000,0.519577875,0.218530635,-3.480383983,0.006627492,-0.406736866,-0.025539688
3.391000,0.527618711,0.270174928,-3.452148730,0.013223908,-0.408832921,-0.029390903
3.392000,0.503300907,0.155625509,-3.532587198,0.026915589,-0.414555980,-0.029797775
3.393000,0.462030208,0.038840284,-3.574951318,0.041841185,-0.420660953,-0.029901202
3.394000,0.527259636,-0.000249602,-3.515837895,0.048950915,-0.426161679,-0.026857429
3.395000,0.598127066,-0.000266889,-3.333592237,0.042354511,-0.427883740,-0.022156713
3.396000,0.618736302,0.081468323,-3.268033908,0.031168597,-0.427425463,-0.020576006
3.397000,0.548048727,0.084325987,-3.252073725,0.022406960,-0.427808228,-0.020688948
3.398000,0.524937106,0.007931716,-3.404646884,0.016560159,-0.427548948,-0.018679180
3.399000,0.517907347,-0.014845228,-3.593682670,0.020655794,-0.428614502,-0.018266366
3.400000,0.519263630,-0.034237087,-3.703708886,0.028404911,-0.429116771,-0.019722010
3.401000,0.555637206,-0.036897162,-3.632247048,0.023669931,-0.432040887,-0.019117725
3.402000,0.595160448,0.047126156,-3.641302895,0.019169228,-0.429444575,-0.018592452
3.403000,0.623223339,0.078811780,-3.589187588,0.016640850,-0.428902781,-0.019756515
3.404000,0.647972847,-0.021586534,-3.576137608,0.016128938,-0.430409787,-0.021677874
3.405000,0.621870900,-0.067609410,-3.679023860,0.021618914,-0.434436633,-0.020342578
3.406000,0.615300006,-0.093666280,-3.632407619,0.038058154,-0.441734570,-0.019337359
3.407000,0.631699329,-0.057934581,-3.554555544,0.049141975,-0.447069039,-0.016420954
3.408000,0.648294539,-0.063114715,-3.525484692,0.049489444,-0.446193117,-0.012171189
3.409000,0.678384576,-0.059884848,-3.462679377,0.034478333,-0.445628994,-0.008038109
3.410000,0.671509480,0.018996142,-3.442978870,0.017371925,-0.450310749,-0.005695160
3.411000,0.637742011,0.147499084,-3.446366050,0.008680205,-0.455949689,-0.007720999
3.412000,0.598114935,0.134799740,-3.443953436,0.011572571,-0.457681512,-0.010893552
3.413000,0.587291517,0.019382150,-3.667861371,0.024349290,-0.455973565,-0.012961575
3.414000,0.573349455,-0.065969946,-3.853420666,0.037618780,-0.453862579,-0.013481796
3.415000,0.668194086,-0.165949140,-3.902067108,0.041462803,-0.453388813,-0.011785956
3.416000,0.692337069,-0.177453162,-3.818407630,0.036512838,-0.455962486,-0.009170042
3.417000,0.715373056,-0.120926840,-3.669866558,0.026499473,-0.460000660,-0.008135864
3.418000,0.727418419,-0.107396034,-3.497997186,0.014209240,-0.464651303,-0.007251763
3.419000,0.717129824,-0.024705774,-3.547889854,0.012181994,-0.464211464,-0.004517433
3.420000,0.681097872,0.034313650,-3.702079789,0.027033466,-0.463398246,-0.002823504
3.421000,0.660410796,-0.009186219,-3.755800663,0.033755160,-0.470741791,-0.001175933
3.422000,0.647705637,-0.058609817,-3.830888402,0.032423446,-0.473454518,0.003255438
3.423000,0.663785716,-0.032302671,-3.738935562,0.029829489,-0.477529731,0.002811978
3.424000,0.684560230,-0.009738060,-3.486453291,0.024570555,-0.481052776,0.002996978
3.425000,0.648776563,-0.034358100,-3.587252949,0.016743549,-0.481130000,0.004564249
3.426000,0.641651513,0.026291354,-3.798019154,0.025134590,-0.481539236,0.005251498
3.427000,0.593783486,-0.014753862,-3.846619518,0.033228734,-0.487941335,0.005150274
3.428000,0.602010337,-0.126076285,-3.922602558,0.037456907,-0.487989494,0.008618854
3.429000,0.621401183,-0.165575334,-3.856287934,0.033651210,-0.488478601,0.010819693
3.430000,0.668378741,-0.062645878,-3.743266167,0.020930586,-0.487828446,0.013574976
3.431000,0.645205233,0.129297070,-3.699029417,0.003400231,-0.486561398,0.013863258
3.432000,0.645108052,0.210561348,-3.765890508,-0.000898324,-0.488379718,0.011676042
3.433000,0.588858876,0.090600235,-3.823964853,0.008091897,-0.492952266,0.008444940
3.434000,0.573423330,-0.056462667,-3.871750461,0.022956830,-0.497309570,0.010482414
3.435000,0.598143563,-0.091376007,-3.930248416,0.033199808,-0.499729408,0.012493255
3.436000,0.641212198,-0.034088471,-3.799586918,0.035794726,-0.500660562,0.015267765
3.437000,0.635347462,-0.005970593,-3.706328078,0.026660310,-0.503097378,0.016309627
3.438000,0.658970414,0.071022347,-3.664972773,0.017812759,-0.503837058,0.018671363
3.439000,0.613293940,0.053763852,-3.779420753,0.013732496,-0.503719980,0.016504087
3.440000,0.581897010,0.075004501,-3.883277909,0.019811314,-0.504213078,0.013963775
3.441000,0.580781603,-0.028984817,-3.907270642,0.024283631,-0.506774877,0.013730917
3.442000,0.591050684,-0.024234268,-3.976680728,0.028498817,-0.505370817,0.012725737
3.443000,0.611852043,0.029329333,-3.807235889,0.025949643,-0.507422600,0.010725352
3.444000,0.671448895,0.038172477,-3.805488510,0.015485994,-0.506696437,0.012507000
3.445000,0.666125258,-0.008981580,-3.794531370,0.008453393,-0.505587867,0.011706919
3.446000,0.679674617,-0.033351948,-3.807268255,0.007923019,-0.509039829,0.009539623
3.447000,0.639604989,-0.070471646,-3.784560155,0.007453469,-0.513059235,0.008714743
3.448000,0.638004784,-0.018331441,-3.924464387,0.008823776,-0.510425004,0.011991680
3.449000,0.673422246,0.139810402,-3.981598933,0.013610231,-0.509376515,0.015987237
3.450000,0.691189620,0.218193861,-4.023625314,0.017059628,-0.507055847,0.016481090
3.451000,0.643197830,0.066403903,-3.894605329,0.015740380,-0.511786742,0.015430337
3.452000,0.613158466,-0.015302598,-3.812615729,0.016163854,-0.516535387,0.014898818
3.453000,0.634082854,0.033436829,-3.819922817,0.013835604,-0.517936108,0.012933519
3.454000,0.689674633,0.027144668,-3.820857813,0.005221794,-0.517347257,0.013908122
3.455000,0.738217966,0.153885288,-3.841325088,-0.005611227,-0.515672550,0.014851864
3.456000,0.770283809,0.279008720,-3.809542994,-0.003282433,-0.514683345,0.014185766
3.457000,0.706332634,0.189444965,-3.681617118,0.002007958,-0.517836116,0.014388570
3.458000,0.641438180,0.125768835,-3.845950444,0.014195280,-0.516975388,0.016941839
3.459000,0.611863341,0.056735262,-4.031447127,0.022483351,-0.519023174,0.015951894
3.460000,0.617364426,0.006521396,-3.950098380,0.023009292,-0.519149618,0.015080615
3.461000,0.653669311,0.007775159,-3.788078578,0.013713746,-0.518830134,0.011318386
3.462000,0.636557971,0.040753451,-3.734076537,0.010505760,-0.515925406,0.005092680
3.463000,0.660988771,-0.087111454,-3.610799029,0.009762550,-0.516394786,0.000131067
3.464000,0.705138560,-0.156679631,-3.850891905,0.005298511,-0.511650828,0.001870583
3.465000,0.696421737,0.064743417,-3.923834178,0.005557222,-0.514161185,0.000755898
3.466000,0.657883266,0.150222128,-3.836621482,0.011090202,-0.514436960,-0.000426060
3.467000,0.618334136,0.076612224,-3.610399098,0.014591897,-0.517926762,0.000294754
3.468000,0.551629814,0.068770831,-3.723326048,0.020451156,-0.516712818,-0.000592841
3.469000,0.526948321,0.037724017,-3.796168768,0.029444059,-0.519074278,-0.003207947
3.470000,0.500908951,-0.195616449,-3.740833895,0.033091618,-0.519623865,-0.004421207
3.471000,0.550033051,-0.226634143,-3.661815575,0.021949120,-0.518863626,-0.004167963
3.472000,0.564859278,-0.051492690,-3.658472372,0.015201020,-0.513518616,-0.001916528
3.473000,0.612424683,0.040791432,-3.546222662,0.009562264,-0.511193044,0.003029242
3.474000,0.599555573,0.072327075,-3.640581919,-0.000303848,-0.507885604,0.009727127
3.475000,0.542725792,0.153480296,-3.704177494,-0.000406769,-0.508208966,0.013075822
3.476000,0.454321607,0.202189138,-3.670426058,0.006990035,-0.509332930,0.012705934
3.477000,0.419150481,0.067890345,-3.653381213,0.011496207,-0.506185759,0.010704166
3.478000,0.416203195,0.026852862,-3.762997234,0.011111216,-0.502179912,0.007157758
3.479000,0.460653027,0.017303463,-3.735454520,0.013589693,-0.499757226,-0.000560811
3.480000,0.501990305,-0.085609565,-3.501997720,0.007846578,-0.501206796,-0.005719167
3.481000,0.495092977,-0.043356594,-3.491917149,0.009478742,-0.496540948,-0.006881726
3.482000,0.506035275,0.070483017,-3.548841237,0.017747351,-0.494702821,-0.006292008
3.483000,0.551895340,0.000830274,-3.667629551,0.023664526,-0.486922836,-0.002304683
3.484000,0.613453604,-0.063055873,-3.716466315,0.023863964,-0.480024504,0.003923109
3.485000,0.651427629,-0.086577270,-3.635942021,0.029374171,-0.475187041,0.003403564
3.486000,0.659971714,-0.248335251,-3.338473266,0.024167845,-0.474915205,0.001487742
3.487000,0.705172009,-0.295950630,-3.253549660,0.017321598,-0.472896580,0.002204942
3.488000,0.720019744,-0.236301864,-3.373540311,0.014284744,-0.468381645,0.002350859
3.489000,0.679049146,-0.227656478,-3.432973814,0.009976111,-0.470369976,0.001872393
3.490000,0.686262528,-0.260687641,-3.399038638,0.011485460,-0.470380228,0.004479598
3.491000,0.682640619,-0.229737969,-3.409751695,0.013192139,-0.466699437,0.008464238
3.492000,0.650224899,-0.057809556,-3.466643077,0.021242315,-0.459604724,0.013581411
3.493000,0.670490544,-0.021138153,-3.550333737,0.024073191,-0.451792440,0.019329991
3.494000,0.694317523,-0.070662230,-3.547738819,0.015611500,-0.446415656,0.025796477
3.495000,0.649773882,-0.028129431,-3.540791294,0.008208422,-0.442848058,0.023879042
3.496000,0.649069806,-0.046696195,-3.304079619,0.008861465,-0.441589135,0.022539959
3.497000,0.632272143,-0.067178138,-3.200800095,0.001128871,-0.438392781,0.023926936
3.498000,0.628543253,0.119329751,-3.303017832,0.000503482,-0.432928808,0.026058740
3.499000,0.618351425,0.231053438,-3.318405674,-0.000355003,-0.429512539,0.026212669
3.500000,0.613210061,0.182380044,-3.269096489,0.003344958,-0.426789149,0.027109789
3.501000,0.571870907,0.146759768,-3.380636379,0.009992101,-0.422069198,0.026443357
3.502000,0.525297963,0.047092257,-3.311208013,0.021262686,-0.419349132,0.026034272
3.503000,0.553314979,-0.095286576,-3.351501747,0.013447657,-0.416593315,0.029015087
3.504000,0.594545285,-0.065088088,-3.371795407,0.002919946,-0.409183381,0.030042811
3.505000,0.602846258,-0.040390296,-3.246035088,-0.002745136,-0.406439275,0.024802272
3.506000,0.589427881,-0.173104550,-3.056071190,-0.008424521,-0.402090100,0.023802857
3.507000,0.641636905,-0.121165595,-3.159950528,-0.009282041,-0.395331186,0.022664304
3.508000,0.639240593,-0.020423664,-3.281642052,-0.002416607,-0.387786329,0.020098289
3.509000,0.607370935,-0.143463641,-3.272768301,0.001576114,-0.385295884,0.017725589
3.510000,0.650822963,-0.168357140,-3.300564513,0.003693813,-0.382162462,0.017690541
3.511000,0.677182305,-0.127255421,-3.166754900,0.007461904,-0.379531253,0.015340640
3.512000,0.618637018,-0.140546761,-3.097311279,0.009822020,-0.374118857,0.011042491
3.513000,0.632360538,-0.214257856,-3.077338991,-0.001634117,-0.370951241,0.009484964
3.514000,0.708879453,-0.073890062,-3.181267361,-0.008578486,-0.365370579,0.013981365
3.515000,0.657942267,0.071516542,-3.113965676,-0.011435147,-0.364153193,0.012936006
3.516000,0.642080445,0.172136961,-3.032284680,-0.018117758,-0.361243960,0.013101452
3.517000,0.625610253,0.215689018,-3.078029380,-0.021026871,-0.356634764,0.012372708
3.518000,0.570618312,0.203517972,-3.021907857,-0.015058724,-0.354572181,0.007757953
3.519000,0.544140136,0.044043104,-2.921360318,-0.017788775,-0.354575882,0.003817207
3.520000,0.591747864,0.022344914,-2.877340905,-0.024324817,-0.352263084,0.004308775
3.521000,0.618900634,0.063156924,-2.872975581,-0.029935909,-0.346242057,0.001501682
3.522000,0.662757831,0.149890718,-2.782032394,-0.034398578,-0.341499882,0.002912758
3.523000,0.707227394,0.229939875,-2.841060678,-0.040763399,-0.335658062,0.002063561
3.524000,0.657109358,0.290473959,-2.993953243,-0.031465743,-0.330766045,0.003902043
3.525000,0.567583442,0.213325137,-2.925967782,-0.010615295,-0.331633975,0.000077098
3.526000,0.548479622,0.006631148,-2.879216587,0.001220678,-0.328040155,0.002093636
3.527000,0.572150688,-0.052567038,-2.886675246,0.005367778,-0.322646290,0.000125138
3.528000,0.607732508,-0.082153087,-2.894872475,-0.000768059,-0.316529595,-0.002606703
3.529000,0.687704145,-0.097199596,-2.701019686,-0.021782236,-0.311738201,-0.005934462
3.530000,0.724011132,-0.034695456,-2.729097753,-0.036721525,-0.305785037,-0.009126849
3.531000,0.718559166,0.075858805,-2.664576201,-0.036604297,-0.305169520,-0.011150949
3.532000,0.637269347,0.051352404,-2.690645273,-0.029795348,-0.307056306,-0.010051024
3.533000,0.608040417,0.089775765,-2.806080356,-0.023032567,-0.308712803,-0.008080627
3.534000,0.528217580,0.077015177,-2.816498876,-0.010685090,-0.307602320,-0.008199950
3.535000,0.532875179,0.040153451,-2.652489871,-0.012037924,-0.306475994,-0.008224951
3.536000,0.547350097,0.049835523,-2.598923348,-0.019007962,-0.299031309,-0.012024898
3.537000,0.585563986,0.085746596,-2.544546177,-0.024469296,-0.296428062,-0.016450318
3.538000,0.602724313,0.071814991,-2.441190855,-0.028293565,-0.294169671,-0.017312435
3.539000,0.608024186,0.095724901,-2.569115910,-0.032492210,-0.293860720,-0.017728999
3.540000,0.587491293,0.229818777,-2.594709262,-0.026474862,-0.292857669,-0.015699877
3.541000,0.547212929,0.335413174,-2.475414543,-0.023630090,-0.291665853,-0.014532538
3.542000,0.531979581,0.355708471,-2.529488180,-0.021032874,-0.287067299,-0.011772722
3.543000,0.501732614,0.269855910,-2.515614539,-0.012954583,-0.283527857,-0.014852562
3.544000,0.457755497,0.020487755,-2.404254779,-0.010625929,-0.284561011,-0.016329490
3.545000,0.449407801,-0.013131028,-2.541493028,-0.012520383,-0.279929271,-0.018713855
3.546000,0.514856349,0.083690135,-2.576900664,-0.012000467,-0.274412737,-0.021171092
3.547000,0.551415289,0.162889332,-2.416131442,-0.019277915,-0.273081803,-0.023426025
3.548000,0.542884760,0.130741384,-2.376682646,-0.022497173,-0.270263365,-0.023058494
3.549000,0.547172284,0.117561388,-2.394576263,-0.019092532,-0.268994623,-0.023288713
3.550000,0.518398143,0.057905365,-2.385870611,-0.009529900,-0.267917238,-0.023250011
3.551000,0.519363701,-0.009840064,-2.435580809,-0.010027900,-0.267466025,-0.022130081
3.552000,0.538630414,-0.094454695,-2.329097896,-0.007670658,-0.266273575,-0.023100425
3.553000,0.572577591,-0.078164461,-2.243083369,-0.007110270,-0.265788370,-0.028218806
3.554000,0.530245891,-0.081374845,-2.132003174,-0.003522368,-0.263791447,-0.030754065
3.555000,0.515644303,-0.092429063,-2.094271013,-0.000298161,-0.261965685,-0.031775910
3.556000,0.482427730,-0.017242723,-2.309423999,0.002102089,-0.258710928,-0.028026104
3.557000,0.505070942,0.021766314,-2.341679997,-0.003341487,-0.256375879,-0.023873851
3.558000,0.496344637,0.130935559,-2.196738799,-0.007882148,-0.256141089,-0.021334997
3.559000,0.465862528,0.158054200,-2.059688700,-0.009431860,-0.254977069,-0.020971643
3.560000,0.455622766,0.079807284,-1.994583634,-0.007935086,-0.253458160,-0.021006037
3.561000,0.392921655,0.006921298,-1.982572674,-0.012743441,-0.252269614,-0.022711437
3.562000,0.364140689,0.003464903,-2.003820792,-0.016278536,-0.252399283,-0.023658168
3.563000,0.356990988,0.058074805,-2.068947548,-0.017444323,-0.250517431,-0.025222266
3.564000,0.378920272,0.088643805,-1.939236633,-0.023204953,-0.251807569,-0.025610135
3.565000,0.381212655,0.182079504,-1.919332289,-0.019619894,-0.250151373,-0.025454112
3.566000,0.372611429,0.150442205,-2.018498623,-0.005890337,-0.247237880,-0.023440994
3.567000,0.334537170,0.020626155,-2.080011868,0.004245877,-0.244596233,-0.021120801
3.568000,0.335489103,-0.085752024,-2.060705760,0.008694715,-0.243614930,-0.016435534
3.569000,0.375302163,-0.055625457,-1.872642857,0.014914623,-0.240813563,-0.017985961
3.570000,0.386013737,-0.096224198,-1.732253514,0.010764213,-0.239392961,-0.019416246
3.571000,0.394247532,-0.141938482,-1.719266324,0.001479181,-0.235062076,-0.019275723
3.572000,0.379495776,-0.037346871,-1.847728021,-0.005789261,-0.231498885,-0.020697478
3.573000,0.346703548,-0.053916668,-1.737875160,-0.008049199,-0.235345584,-0.022392844
3.574000,0.352221733,-0.111352125,-1.688325977,-0.011378026,-0.235015204,-0.018656846
3.575000,0.319250353,0.029342815,-1.794807613,-0.006345378,-0.230779448,-0.017641180
3.576000,0.277297074,0.059658605,-1.828144705,0.004250527,-0.225929842,-0.017275412
3.577000,0.278927882,-0.111378058,-1.781568190,0.009929641,-0.222103013,-0.015012247
3.578000,0.289301369,-0.183030022,-1.825693566,0.012673954,-0.218516664,-0.013985206
3.579000,0.289650064,-0.166822428,-1.702315768,0.013960999,-0.215513958,-0.013281630
3.580000,0.310825325,-0.043387021,-1.578066814,0.016201754,-0.215965132,-0.012502482
3.581000,0.322732056,-0.050706034,-1.539825087,0.007156644,-0.215738253,-0.008689822
3.582000,0.344354230,0.050898570,-1.539238202,-0.006654680,-0.213035872,-0.002545294
3.583000,0.271389543,0.215761874,-1.469452288,-0.007990991,-0.211580243,-0.004617144
3.584000,0.190116495,0.196114989,-1.316939987,-0.004672704,-0.213667250,-0.003488784
3.585000,0.188856720,0.173334445,-1.427668976,-0.002487384,-0.210938832,0.001221126
3.586000,0.157622375,0.221758006,-1.650867770,0.011607429,-0.202715651,0.001248405
3.587000,0.136082883,0.046834962,-1.586334045,0.019152662,-0.200481597,-0.002333620
3.588000,0.252729494,-0.160879358,-1.532417920,0.014460246,-0.197478339,0.001785061
3.589000,0.284575797,-0.071104389,-1.459957166,0.010735775,-0.192121053,0.000618486
3.590000,0.258180705,-0.032839681,-1.267237437,0.008228030,-0.189941166,-0.001522714
3.591000,0.303775624,-0.085945414,-1.158550173,-0.003110810,-0.188373309,0.004352061
3.592000,0.313442381,0.038330172,-1.416488736,-0.002389521,-0.178231725,0.009727787
3.593000,0.230596343,0.090313773,-1.447139650,0.007838209,-0.177050053,0.007482715
3.594000,0.229593945,-0.044527474,-1.380396480,0.013677213,-0.177348029,0.009791063
3.595000,0.253647998,-0.061385788,-1.332400742,0.020279695,-0.172769975,0.011949446
3.596000,0.233183632,-0.079182245,-1.360385185,0.023572044,-0.166867833,0.010535895
3.597000,0.190905461,-0.094374725,-1.339783774,0.018750137,-0.164063094,0.009556031
3.598000,0.221367462,-0.052803273,-1.343976242,0.014475429,-0.159308257,0.010859431
3.599000,0.262965233,-0.038238690,-1.237362756,0.013628169,-0.156616022,0.010704892
3.600000,0.271023868,-0.040480450,-1.152662751,0.012994509,-0.154170454,0.013437377
3.601000,0.277084780,-0.036540364,-1.027201748,0.014476063,-0.151596979,0.016029620
3.602000,0.275816339,0.045194139,-1.114578089,0.013019068,-0.148575003,0.021294296
3.603000,0.228423589,0.148203280,-1.079990292,0.005128209,-0.148472295,0.023262934
3.604000,0.197797033,0.255745335,-1.070505696,-0.001706437,-0.146494552,0.024790942
3.605000,0.171722948,0.240349084,-1.009604842,0.000852930,-0.143777057,0.022152416
3.606000,0.140214096,0.114764536,-0.961338073,0.005766783,-0.141371522,0.021332987
3.607000,0.164482058,-0.011977583,-0.969475243,0.006376829,-0.138991278,0.020267438
3.608000,0.201987942,-0.024113273,-1.055188671,0.008942549,-0.132092195,0.023590074
3.609000,0.202147170,0.039582836,-1.019333015,0.006186461,-0.126863410,0.023753963
3.610000,0.232998506,0.079861008,-0.970075062,-0.000897696,-0.122483646,0.024786008
3.611000,0.274196666,0.138839737,-0.893588229,-0.002217073,-0.118978224,0.026624158
3.612000,0.230256546,0.134971336,-0.848741165,0.009010262,-0.117367160,0.026395533
3.613000,0.137852976,-0.002794018,-0.839098827,0.014289817,-0.118796514,0.027576619
3.614000,0.110991121,-0.015712366,-0.936117214,0.019126541,-0.117180973,0.028671377
3.615000,0.123900412,0.038637521,-0.924352126,0.022111194,-0.112586704,0.027144502
3.616000,0.145325526,-0.098776481,-0.756784219,0.014047216,-0.110390990,0.025204891
3.617000,0.217481818,-0.111356564,-0.737312853,0.002492487,-0.106584775,0.026211193
3.618000,0.185633493,-0.060685949,-0.726224027,0.007118681,-0.101585499,0.023939246
3.619000,0.159822776,-0.139446876,-0.754649538,0.011962721,-0.099725838,0.023674745
3.620000,0.152523576,-0.209000492,-0.770069384,0.007797558,-0.099302145,0.030313550
3.621000,0.137932897,0.001884243,-0.872398527,0.008259024,-0.094842381,0.033800424
3.622000,0.115378977,0.104598643,-0.671075624,0.006278983,-0.093808645,0.033055516
3.623000,0.106159292,0.046448496,-0.502958894,-0.009419363,-0.093077377,0.035046281
3.624000,0.091894555,0.186913473,-0.544445701,-0.015072036,-0.088192061,0.035064316
3.625000,0.017718755,0.196470137,-0.570964315,-0.007919934,-0.088101346,0.030010476
3.626000,0.001936962,-0.011314923,-0.541088548,-0.005761197,-0.087749170,0.029495975
3.627000,0.059934796,-0.108427513,-0.610712896,-0.005602949,-0.086385694,0.033346731
3.628000,0.127523489,-0.000807904,-0.617610266,-0.001586520,-0.081711189,0.035400936
3.629000,0.114436369,0.031531915,-0.373133798,-0.007486911,-0.078056539,0.035052476
3.630000,0.078461050,0.044441197,-0.351184729,-0.021516307,-0.071621173,0.037501184
3.631000,0.088652222,0.123326203,-0.429329853,-0.026517808,-0.067451241,0.037601826
3.632000,0.052562908,0.135304770,-0.523897422,-0.024642091,-0.063859021,0.036226421
3.633000,0.017837127,0.044568612,-0.618109183,-0.023297696,-0.061206396,0.035571458
3.634000,0.038777093,0.025597848,-0.696149572,-0.022288522,-0.058858700,0.036320289
3.635000,0.066512199,0.045779726,-0.558633227,-0.018770455,-0.056442374,0.035753042
3.636000,0.128604206,-0.094729144,-0.387525393,-0.016644374,-0.053020217,0.032923650
3.637000,0.196322794,-0.240783456,-0.276494755,-0.019057915,-0.051562433,0.033903598
3.638000,0.192612101,-0.226469588,-0.314455183,-0.019515442,-0.050571004,0.034763170
3.639000,0.153047391,-0.148036365,-0.379819668,-0.020342867,-0.048581239,0.033522256
3.640000,0.141866678,-0.086616721,-0.380080750,-0.023764461,-0.046900943,0.032902819
3.641000,0.148676229,-0.038455503,-0.363040586,-0.024819926,-0.044563627,0.032915183
3.642000,0.157594085,-0.001955274,-0.302050126,-0.024825725,-0.042125544,0.031536571
3.643000,0.115497080,-0.023069856,-0.234926877,-0.030593237,-0.040067510,0.030311242
3.644000,0.123169529,-0.001996596,-0.269987766,-0.036966444,-0.039735986,0.030913982
3.645000,0.089300328,-0.003960611,-0.344861112,-0.039824794,-0.037737055,0.031077060
3.646000,0.139930963,0.022888116,-0.309794396,-0.040343462,-0.036099248,0.031171582
3.647000,0.155536352,0.062088095,-0.352349367,-0.040198825,-0.031369110,0.031932206
3.648000,0.158498144,0.059260731,-0.262637139,-0.031600838,-0.030567285,0.030955060
3.649000,0.101597697,-0.048285916,-0.188341834,-0.026156310,-0.032281426,0.028551674
3.650000,0.095138960,-0.103945935,-0.170596540,-0.029456448,-0.034868830,0.030797725
3.651000,0.089262483,0.007246382,-0.182183093,-0.034474909,-0.034915028,0.030467239
3.652000,0.086201945,-0.001017226,-0.102164680,-0.044227032,-0.034492770,0.030027160
3.653000,0.061397879,-0.009011296,-0.094308367,-0.056782704,-0.031980500,0.029637056
3.654000,0.028871577,0.036062472,-0.080577401,-0.058704041,-0.028864480,0.027817943
3.655000,0.003672203,0.009946214,-0.138774542,-0.059315610,-0.028387299,0.026712019
3.656000,0.032452685,-0.003421760,-0.198257681,-0.058342486,-0.026367906,0.026689699
3.657000,0.025708798,0.029587118,-0.167631513,-0.054680465,-0.025512564,0.025823085
3.658000,0.022411818,-0.017212110,-0.164396628,-0.053170686,-0.024773736,0.025706560
3.659000,0.005100591,-0.067537535,-0.133015007,-0.055522872,-0.024999682,0.026452161
3.660000,-0.011078654,-0.041958821,-0.203829694,-0.051530219,-0.022665533,0.027437582
3.661000,-0.019692621,-0.024523024,-0.139249076,-0.047847618,-0.023198451,0.026127193
3.662000,0.009226193,-0.050556839,-0.110187034,-0.045498031,-0.021048018,0.026032608
3.663000,-0.000981080,-0.014708346,-0.047020588,-0.044023442,-0.020459485,0.023549049
3.664000,-0.000875323,0.071793839,-0.025993828,-0.046919977,-0.019512224,0.022376670
3.665000,-0.013387115,0.083948960,-0.020359192,-0.054989010,-0.018887649,0.020930393
3.666000,-0.024313650,0.066422981,-0.005574860,-0.061741566,-0.019023879,0.019818955
3.667000,-0.004861373,0.036316051,0.098104640,-0.070634129,-0.019873011,0.019448367
3.668000,-0.010384511,0.053337587,0.104685043,-0.074118369,-0.018830774,0.019242550
3.669000,-0.015638536,0.016643875,0.022854005,-0.076669181,-0.017819266,0.019305874
3.670000,-0.015143281,0.039973618,-0.066627506,-0.077749130,-0.016261392,0.019898673
3.671000,-0.017927320,0.103047867,-0.043633018,-0.078757914,-0.015118083,0.019168669
3.672000,0.009589783,0.110340505,0.059653718,-0.079616160,-0.014067148,0.018518571
3.673000,0.038123779,0.186666644,0.106296696,-0.079220346,-0.013474269,0.017588191
3.674000,0.037796002,0.272115964,0.109690050,-0.075865266,-0.010492156,0.016281966
3.675000,0.025827097,0.278885359,0.054180220,-0.069608382,-0.008298286,0.015963496
3.676000,0.033424755,0.232361054,-0.048966301,-0.058054342,-0.006779720,0.014772782
3.677000,0.016441205,0.128795580,-0.131251505,-0.047574641,-0.004742356,0.012300338
3.678000,0.045051394,0.020472874,-0.070200813,-0.040302095,-0.003998698,0.009024160
3.679000,0.101684310,0.006757426,0.043424251,-0.043189841,-0.004526307,0.008300087
3.680000,0.111691832,0.083197563,0.124522255,-0.049462925,-0.002063631,0.005736065
3.681000,0.084857275,0.100744250,0.183688131,-0.058156540,-0.001717871,0.002050350
3.682000,0.087873087,0.044181646,0.179382783,-0.065049513,0.000062157,0.001371864
3.683000,0.081809559,0.009822431,0.128389554,-0.068083626,0.000750971,0.002149044
3.684000,0.084667686,0.029980387,0.168685619,-0.070927005,0.000508264,0.002458451
3.685000,0.087315848,0.053364125,0.167980431,-0.075576601,0.000224240,0.004466876
3.686000,0.093349067,0.112469443,0.193793216,-0.079460717,0.001124709,0.004007558
3.687000,0.053256556,0.146823160,0.234934555,-0.077944924,0.002064732,0.001660959
3.688000,0.010365033,0.101767151,0.183747640,-0.072530180,0.004479122,0.000096867
3.689000,-0.026967319,0.088429679,0.152817492,-0.062404136,0.005076565,-0.003072308
3.690000,-0.028058245,0.122285019,0.160435433,-0.053233653,0.005444938,-0.004387971
3.691000,-0.001662624,0.217471158,0.194919298,-0.051380518,0.007738295,-0.004372719
3.692000,0.016619635,0.346409261,0.214476836,-0.050672116,0.011754313,-0.006034265
3.693000,-0.026538496,0.357728881,0.319055267,-0.049803892,0.013164038,-0.009523342
3.694000,-0.061558400,0.301673953,0.255245874,-0.048376029,0.014350847,-0.010004589
3.695000,-0.110229367,0.240601465,0.191837682,-0.041955879,0.014324199,-0.011838860
3.696000,-0.120499414,0.125480374,0.254041351,-0.037993887,0.013404596,-0.013249503
3.697000,-0.089335581,0.042503870,0.316692676,-0.041671183,0.016154296,-0.012400000
3.698000,-0.054480983,0.067878540,0.287748888,-0.044622470,0.021743557,-0.013979567
3.699000,-0.037780219,0.065153273,0.371659490,-0.045907870,0.024603317,-0.017338918
3.700000,-0.050553873,-0.025628977,0.351440278,-0.046848214,0.027264008,-0.018787497
3.701000,-0.053862699,-0.046300918,0.258733794,-0.042633469,0.029473191,-0.019121795
3.702000,-0.051875817,-0.026586962,0.259701710,-0.030946947,0.031403811,-0.021617628
3.703000,-0.045673182,-0.108502745,0.375788143,-0.026665642,0.032205095,-0.023320237
3.704000,-0.009111657,-0.132631945,0.404290065,-0.028340299,0.035305675,-0.022139071
3.705000,0.011708513,-0.019777482,0.391030571,-0.029446516,0.038501663,-0.023991037
3.706000,-0.004613596,0.037653038,0.460898493,-0.028477280,0.039855780,-0.027235584
3.707000,-0.037304779,0.034316574,0.455097800,-0.024464405,0.042415736,-0.028942414
3.708000,-0.059041098,0.102327166,0.390954162,-0.014474902,0.044660843,-0.029200510
3.709000,-0.048233572,0.145730004,0.368449367,-0.002311655,0.047190660,-0.029742654
3.710000,-0.028073804,0.153982853,0.423515072,0.003468612,0.049501623,-0.029341050
3.711000,-0.006473377,0.194547587,0.441428665,0.002626116,0.053281318,-0.028940756
3.712000,-0.000203195,0.248566126,0.488322609,0.003601125,0.054943611,-0.029826148
3.713000,-0.022151315,0.226310435,0.519444431,0.004756240,0.057813675,-0.030327075
3.714000,-0.042434667,0.190944249,0.491810615,0.010028183,0.061130899,-0.030380198
3.715000,-0.049993358,0.153514053,0.416900403,0.020684092,0.063824669,-0.031540311
3.716000,-0.034153468,0.003428753,0.431925234,0.030945560,0.065835367,-0.032299632
3.717000,0.015434071,-0.102096236,0.462072449,0.033478631,0.068405417,-0.031360146
3.718000,0.080415901,-0.071156740,0.465360598,0.036159023,0.073679879,-0.031828666
3.719000,0.099537518,-0.110976038,0.584570411,0.037008239,0.076082934,-0.033362396
3.720000,0.087230224,-0.169952735,0.674189630,0.037404968,0.078350365,-0.033534102
3.721000,0.069043066,-0.162678392,0.710181357,0.042722353,0.079425310,-0.033436866
3.722000,0.064321658,-0.135969816,0.686375069,0.053901495,0.082902811,-0.033134019
3.723000,0.050757091,-0.119353470,0.675211155,0.058877253,0.086000102,-0.032685934
3.724000,0.057732772,-0.086538600,0.652292246,0.063662048,0.089610599,-0.031495108
3.725000,0.035849426,-0.052523633,0.623385975,0.070574564,0.091529840,-0.032509035
3.726000,0.024284990,-0.118012254,0.734617762,0.077057192,0.093075889,-0.033297842
3.727000,0.020253634,-0.197199659,0.848892030,0.076517125,0.093129636,-0.031694360
3.728000,0.021581885,-0.119319640,0.823464967,0.074893140,0.095233566,-0.028334963
3.729000,0.009488683,0.030079551,0.798873257,0.072524458,0.097008885,-0.026068201
3.730000,-0.006006720,0.122006780,0.757831526,0.070983909,0.097926990,-0.022777708
3.731000,-0.038174008,0.184697078,0.644339628,0.074764024,0.100508942,-0.020444484
3.732000,-0.099573710,0.156980931,0.633837666,0.090268667,0.103154712,-0.019924850
3.733000,-0.125632546,-0.068259565,0.774228617,0.100197600,0.103413967,-0.018211610
3.734000,-0.099457511,-0.262473755,0.858083483,0.101036041,0.103296792,-0.013712556
3.735000,-0.055230745,-0.206533201,0.853476277,0.092470703,0.107154020,-0.010143067
3.736000,0.001815695,-0.047612875,0.992987714,0.078262137,0.109051260,-0.007256422
3.737000,0.023216730,0.093913932,0.992882797,0.070746637,0.112815792,-0.005581085
3.738000,-0.020003831,0.154821281,0.846302576,0.086788466,0.118045832,-0.006789814
3.739000,-0.087458224,-0.113139902,0.767530858,0.119577885,0.119563280,-0.007990498
3.740000,-0.095386413,-0.490125405,0.737282862,0.142629975,0.119355884,-0.006903577
3.741000,-0.005903170,-0.545366910,0.814492685,0.135838093,0.121722487,-0.003539710
3.742000,0.087004934,-0.322704770,1.083241078,0.109529355,0.124620808,-0.002299386
3.743000,0.114863498,-0.038448922,1.363163111,0.079179473,0.127907289,-0.003675855
3.744000,0.075348085,0.107270176,1.313299471,0.068657873,0.129520134,-0.005445324
3.745000,-0.013776242,0.121323119,0.982056188,0.093998052,0.129949156,-0.005056920
3.746000,-0.076453684,-0.094492066,0.600349661,0.136786192,0.132143786,-0.001117252
3.747000,-0.062894817,-0.418395549,0.526597602,0.160930443,0.132159318,0.004550821
3.748000,0.009057351,-0.541645883,0.790385079,0.154752312,0.133558969,0.009206315
3.749000,0.100223017,-0.340181724,1.195224668,0.116668408,0.138430157,0.009509814
3.750000,0.124829844,-0.102185638,1.455214509,0.081579660,0.140476033,0.008763801
3.751000,0.096759829,0.075498368,1.413670694,0.067766382,0.140349222,0.011154979
3.752000,0.001159910,0.105281110,0.977493774,0.085041664,0.143492791,0.012263838
3.753000,-0.069482536,-0.018209407,0.700499920,0.118721272,0.145295035,0.015180461
3.754000,-0.076748948,-0.180789293,0.626067190,0.142165611,0.148090198,0.019830145
3.755000,-0.002862920,-0.288779302,0.860931365,0.141932242,0.149903083,0.024879929
3.756000,0.117377901,-0.242828483,1.227735951,0.119799182,0.151116787,0.027839661
3.757000,0.142732501,-0.124235648,1.575491404,0.083194453,0.150909220,0.025095114
3.758000,0.079318346,0.038525602,1.536571045,0.056585275,0.150716530,0.021020907
3.759000,-0.046486017,0.021246477,1.110358593,0.064256755,0.153884455,0.017616299
3.760000,-0.145444365,-0.154409174,0.669094054,0.105759489,0.155229304,0.014667794
3.761000,-0.053140345,-0.382261985,0.489034025,0.140930639,0.155407096,0.020358514
3.762000,0.095075713,-0.361518239,0.719292628,0.133335611,0.157241947,0.024938803
3.763000,0.230493677,-0.200224011,1.065730409,0.107932415,0.160609075,0.027054830
3.764000,0.245169284,-0.067036270,1.407253507,0.069594178,0.161507049,0.025478006
3.765000,0.106289230,-0.041570211,1.457972333,0.040524719,0.160425316,0.022647732
3.766000,-0.055529307,-0.104075202,1.087571531,0.048170865,0.157684494,0.016216407
3.767000,-0.076935307,-0.290577993,0.818319023,0.087504874,0.154318138,0.016236107
3.768000,0.073014153,-0.417201339,0.663096749,0.112274869,0.155239295,0.022797538
3.769000,0.220987136,-0.359656526,0.754696820,0.109161088,0.161680629,0.027185979
3.770000,0.282536829,-0.171731934,1.125033955,0.075195660,0.162376099,0.026201498
3.771000,0.252996157,0.031881128,1.519030856,0.032353774,0.156735125,0.025481688
3.772000,0.060915861,0.132183485,1.537109169,0.007928756,0.150893969,0.022755271
3.773000,-0.121349788,0.026862536,1.352182353,0.027465288,0.144397144,0.018433360
3.774000,-0.136165425,-0.117398491,1.025171239,0.056948981,0.143503509,0.019938968
3.775000,-0.025446402,-0.172584521,0.815217287,0.080306366,0.148698009,0.024085103
3.776000,0.130024845,-0.072899747,0.767915134,0.078683467,0.155669797,0.026218949
3.777000,0.212644628,0.128301227,0.978553074,0.054124936,0.157087288,0.024529902
3.778000,0.133264241,0.244271106,1.463479594,0.019236539,0.151024549,0.020090062
3.779000,-0.062464023,0.162637168,1.636634844,0.005508936,0.144439767,0.015036559
3.780000,-0.223695766,-0.035066706,1.422199459,0.022534716,0.139770650,0.010954848
3.781000,-0.196169789,-0.165297016,1.052111614,0.049061716,0.143020432,0.010905355
3.782000,-0.038574994,-0.161602055,0.868029594,0.063919326,0.151616216,0.012360900
3.783000,0.136867082,-0.096456128,0.976164295,0.055063764,0.158357653,0.011446483
3.784000,0.192088194,-0.039286216,1.281506245,0.031232833,0.158026403,0.007558116
3.785000,0.103521902,-0.034146486,1.496493761,0.012860019,0.153163572,0.004488109
3.786000,-0.098627823,-0.112719513,1.592275431,0.008734341,0.146156545,0.000908212
3.787000,-0.220556690,-0.224791514,1.422885416,0.021111144,0.143208828,0.000654009
3.788000,-0.148145011,-0.259945381,1.220431080,0.035215151,0.148038871,0.002490559
3.789000,0.000784591,-0.199702309,1.068307786,0.038569558,0.157284622,0.004026059
3.790000,0.072836261,-0.133631171,1.113786514,0.032442633,0.161931068,0.003548059
3.791000,0.091308785,-0.006794412,1.288801899,0.016904201,0.162339529,0.001963175
3.792000,-0.027562923,0.091552682,1.445911281,0.008252089,0.156222912,-0.001951806
3.793000,-0.176917915,0.091911137,1.553215808,0.011259970,0.151602718,-0.004819212
3.794000,-0.208212180,0.039442656,1.493447572,0.019203689,0.152753431,-0.005282114
3.795000,-0.142495600,0.036637500,1.392747740,0.026355217,0.159785057,-0.004754538
3.796000,-0.010030195,0.036147632,1.343587440,0.027033936,0.168146220,-0.004404159
3.797000,0.087634989,0.065973064,1.336939395,0.017833633,0.173137565,-0.003990783
3.798000,0.069809735,0.123910158,1.432160270,0.009978249,0.173290188,-0.004671264
3.799000,-0.013527645,0.143045683,1.588814012,0.006797728,0.171902954,-0.005814533
3.800000,-0.086794784,0.087815744,1.645109612,0.005416215,0.171874476,-0.004808813
3.801000,-0.094535262,0.058796424,1.617616223,0.008378293,0.174746932,-0.003076575
3.802000,-0.045821241,0.039927173,1.523854506,0.011285391,0.180446040,-0.002764708
3.803000,0.062601292,0.021362310,1.332598377,0.010628865,0.189827514,-0.003196688
3.804000,0.139123771,-0.001395793,1.268803875,0.010366424,0.196886700,-0.005450872
3.805000,0.164132323,-0.027352864,1.354123851,0.011731307,0.199209214,-0.008754272
3.806000,0.113467071,-0.071863715,1.536535851,0.015084298,0.199173580,-0.012589105
3.807000,0.081733251,-0.115314562,1.663173011,0.023210569,0.200131069,-0.014278092
3.808000,0.106154439,-0.119521263,1.646980816,0.028667278,0.204122930,-0.014239432
3.809000,0.190998197,-0.086895777,1.487864081,0.029575668,0.211771298,-0.012404644
3.810000,0.244295978,-0.058928399,1.436960840,0.027029636,0.218522280,-0.013043916
3.811000,0.279239387,-0.069650593,1.533082926,0.024832161,0.221919616,-0.012797511
3.812000,0.271062266,-0.051467562,1.739387380,0.022340879,0.223888656,-0.010695874
3.813000,0.212230332,0.019559265,1.850460950,0.022939222,0.226355773,-0.008979220
3.814000,0.172990057,0.063476930,1.857130041,0.022574750,0.228323225,-0.006921695
3.815000,0.177692945,0.066000280,1.731460091,0.022291787,0.232962310,-0.003366893
3.816000,0.199792501,0.069766533,1.630360958,0.023235023,0.238963417,-0.002539075
3.817000,0.241216792,0.052364431,1.612971129,0.028196611,0.246234558,-0.002011974
3.818000,0.265690924,0.008715217,1.726430912,0.032565934,0.250099894,-0.002238672
3.819000,0.262900779,-0.007140939,1.763205959,0.034966284,0.252698915,-0.001752148
3.820000,0.236164041,0.002243491,1.811629520,0.033445031,0.255106235,-0.001312011
3.821000,0.223740478,0.036473703,1.800583201,0.031789655,0.257613215,-0.000487400
3.822000,0.207893051,-0.006640983,1.839842424,0.029451150,0.261292691,-0.000138038
3.823000,0.216426025,-0.068374254,1.816344240,0.027561855,0.266407549,0.000619352
3.824000,0.234046884,-0.081421634,1.830670987,0.025582271,0.270769153,-0.000008111
3.825000,0.263971287,-0.054775010,1.841348307,0.022469822,0.274147180,0.000788691
3.826000,0.262286950,-0.026026146,1.957716333,0.020780069,0.276466267,0.000995224
3.827000,0.256074494,-0.019302718,2.011711305,0.020574223,0.279783524,0.001498791
3.828000,0.254392532,-0.029204811,2.042669375,0.021037530,0.283899244,0.003462492
3.829000,0.265937242,-0.045014892,1.980012640,0.025513405,0.288900307,0.005425920
3.830000,0.237742445,-0.082290542,1.905304787,0.033091004,0.294280670,0.005059545
3.831000,0.237562432,-0.093182000,1.895872249,0.036693058,0.297754023,0.005646969
3.832000,0.264321373,-0.076320305,1.925641771,0.039529266,0.302012759,0.006935319
3.833000,0.273750829,-0.012648928,2.001667297,0.042522238,0.307319625,0.005452222
3.834000,0.279668228,-0.020425492,2.063970529,0.041193233,0.311880899,0.004889265
3.835000,0.278645621,-0.023132262,1.968596307,0.041126464,0.316936317,0.004759463
3.836000,0.258584770,-0.048368869,1.893003622,0.045598674,0.320297293,0.003478845
3.837000,0.253648529,-0.127545442,1.957922163,0.046348161,0.322332792,0.003654332
3.838000,0.284082592,-0.146781428,2.010886057,0.042850979,0.325663886,0.006495827
3.839000,0.339488012,-0.069341488,2.053575158,0.041980602,0.329574650,0.007430753
3.840000,0.331931944,-0.044221379,2.121387237,0.040512227,0.333393475,0.005632347
3.841000,0.310553894,-0.079464542,2.092585104,0.042317162,0.336808975,0.005704106
3.842000,0.297218766,-0.125691388,1.982643256,0.050553566,0.340291347,0.004808008
3.843000,0.326996149,-0.209134324,1.992526179,0.060035832,0.344553091,0.005247544
3.844000,0.370770625,-0.261509065,2.087491891,0.058352121,0.349211034,0.006062993
3.845000,0.407021848,-0.143187260,2.070190912,0.054593578,0.354532579,0.005451964
3.846000,0.404382850,-0.061872220,2.127433302,0.053581312,0.356934035,0.001961938
3.847000,0.388801770,-0.084950585,2.130975312,0.053229566,0.359527672,0.000498021
3.848000,0.383300775,-0.137224395,2.096296704,0.056499078,0.362136160,-0.000193091
3.849000,0.399401923,-0.125920923,2.058750597,0.062464478,0.364513682,0.000627688
3.850000,0.389511837,-0.153428035,2.199124665,0.065591477,0.366711748,0.001160553
3.851000,0.405260437,-0.093316304,2.211535903,0.060488678,0.371211903,0.002586636
3.852000,0.408415369,0.027318817,2.191504163,0.059051377,0.376791212,0.001661110
3.853000,0.403191777,-0.007193606,2.123502692,0.060188787,0.381358982,-0.000316246
3.854000,0.402538818,-0.102997469,2.097897992,0.062130664,0.384481668,-0.002346921
3.855000,0.413497349,-0.124762709,2.054531197,0.068644168,0.388307254,-0.003875050
3.856000,0.439630728,-0.183881303,2.118030145,0.074975214,0.391146706,-0.004408664
3.857000,0.454678440,-0.187723748,2.172940096,0.077317720,0.395509944,-0.005672993
3.858000,0.469124116,-0.172550470,2.247091179,0.071421432,0.397290879,-0.005347597
3.859000,0.446490444,-0.176213182,2.261528941,0.064966403,0.399272413,-0.006197019
3.860000,0.437904177,-0.191966756,2.280528855,0.060583519,0.400003225,-0.006956345
3.861000,0.429364803,-0.177839043,2.329922471,0.056607717,0.402475100,-0.005591843
3.862000,0.441565808,-0.205196370,2.459665191,0.054948924,0.405203140,-0.003459286
3.863000,0.441234037,-0.197775821,2.492859944,0.052430242,0.408984454,-0.002336653
3.864000,0.443790115,-0.126359536,2.415061525,0.045961742,0.413994564,-0.002061718
3.865000,0.432125503,-0.024487248,2.363675984,0.040736842,0.417634908,-0.002056483
3.866000,0.411097209,-0.016591944,2.377416037,0.038853137,0.419612115,-0.002197917
3.867000,0.404880972,-0.044283115,2.412266136,0.041291243,0.423358402,-0.003718847
3.868000,0.398539207,-0.050477743,2.414923064,0.045636871,0.428151702,-0.004818090
3.869000,0.392257932,-0.043665075,2.403129267,0.055240871,0.431947205,-0.005053231
3.870000,0.397338646,-0.065205308,2.366649592,0.056719483,0.434920808,-0.004665688
3.871000,0.407825503,-0.024879636,2.322965327,0.050945945,0.437554965,-0.005140956
3.872000,0.423100016,0.032999143,2.418050621,0.043932898,0.438941243,-0.005629647
3.873000,0.447185279,0.046314682,2.552537274,0.040395734,0.440782165,-0.004570088
3.874000,0.428471273,0.057824109,2.615582778,0.036724037,0.445044591,-0.004879342
3.875000,0.415967053,-0.015642975,2.579265415,0.039513167,0.450007405,-0.004558664
3.876000,0.429986568,-0.127330401,2.501911682,0.036114656,0.453335703,-0.002256878
3.877000,0.488744692,-0.202753456,2.472579686,0.030210723,0.456116536,0.000694940
3.878000,0.532819114,-0.159017278,2.577413348,0.019762018,0.459432256,0.001822379
3.879000,0.551011863,-0.060301838,2.691679200,0.013397142,0.464509511,0.000621869
3.880000,0.524614033,-0.026001019,2.824672748,0.009922335,0.468658185,-0.002237915
3.881000,0.522374565,-0.004446796,2.718109167,0.016114790,0.472711153,-0.002725159
3.882000,0.481204539,-0.004108266,2.536746341,0.027117138,0.474613932,-0.003898138
3.883000,0.486464881,-0.066491316,2.423134994,0.039063216,0.477769091,-0.005092657
3.884000,0.509134468,-0.134410317,2.497031302,0.042910040,0.481962929,-0.005614304
3.885000,0.581281649,-0.092248087,2.585407865,0.039806446,0.488008700,-0.006989528
3.886000,0.613708831,-0.042587760,2.775814459,0.027018202,0.491887739,-0.009357942
3.887000,0.616051113,0.035817388,2.846957580,0.013556909,0.493008709,-0.009021726
3.888000,0.556469815,0.118060448,2.795852441,0.009466707,0.494554181,-0.008580805
3.889000,0.530658715,0.120882478,2.682333797,0.015408352,0.497587646,-0.008293426
3.890000,0.538436438,0.014309875,2.721450531,0.021767389,0.500533707,-0.006964085
3.891000,0.601455648,-0.025054134,2.770168976,0.019984959,0.504255200,-0.003756798
3.892000,0.617329082,0.000003765,2.805923558,0.012426488,0.507311757,-0.002017529
3.893000,0.600294162,0.052110301,2.956243084,-0.000531766,0.509765483,-0.003112995
3.894000,0.586921095,0.074962420,2.963195478,-0.006381515,0.512748126,-0.004849104
3.895000,0.562587719,0.085666203,2.931803594,-0.006596829,0.516432945,-0.006369800
3.896000,0.540409263,0.037838914,2.817779053,0.009165023,0.521748012,-0.010359353
3.897000,0.528656770,-0.069852472,2.721927783,0.026585002,0.525890312,-0.013249757
3.898000,0.584356609,-0.132661877,2.704493829,0.032855285,0.529522688,-0.013889147
3.899000,0.664660484,-0.045043261,2.802877109,0.030129012,0.533083622,-0.013803480
3.900000,0.675891182,0.047413319,2.981668483,0.019422206,0.536315680,-0.015469146
3.901000,0.620840384,0.100284475,3.110214682,0.010447821,0.537916458,-0.013609594
3.902000,0.518959511,0.054007080,3.034915971,0.013601920,0.540359514,-0.012509166
3.903000,0.485701491,-0.030242899,2.919472886,0.023433410,0.542111799,-0.012479111
3.904000,0.518166918,-0.126757904,2.848289073,0.028749359,0.547231936,-0.011709420
3.905000,0.592033940,-0.116229998,2.894776653,0.027316072,0.554357408,-0.010278662
3.906000,0.614652393,-0.086337010,3.029947809,0.017378053,0.559182923,-0.014525726
3.907000,0.624264630,-0.084929888,3.127774001,0.002421167,0.558834878,-0.014168752
3.908000,0.584692502,-0.057729294,3.176002516,-0.007811787,0.557316599,-0.013482424
3.909000,0.525027161,-0.020939006,3.090741086,-0.009201572,0.559623847,-0.011526795
3.910000,0.474394980,-0.008465749,3.014759777,-0.005161135,0.561563950,-0.009119116
3.911000,0.491967373,0.068954373,2.900004411,0.005109800,0.567491101,-0.007230192
3.912000,0.521290882,0.091450877,2.844642492,0.012801321,0.573502544,-0.007359824
3.913000,0.542125065,0.079137799,2.837559185,0.019788987,0.578804721,-0.008803947
3.914000,0.543567201,0.023712340,2.946353556,0.019045832,0.582203415,-0.011613625
3.915000,0.567849054,-0.014647993,3.015694230,0.016190910,0.586645349,-0.012036319
3.916000,0.580785056,-0.035611792,3.168456970,0.015485524,0.587191831,-0.013941265
3.917000,0.603642875,-0.058941704,3.206665721,0.012113332,0.590731119,-0.011074295
3.918000,0.605182914,-0.036088180,3.177591150,0.008603948,0.592616787,-0.010863013
3.919000,0.632935992,-0.010385052,3.153597502,0.007470844,0.598591796,-0.010998929
3.920000,0.659536197,-0.030267867,3.267113502,0.002226730,0.599809105,-0.009377976
3.921000,0.636284855,-0.032740596,3.236853731,-0.005598151,0.605589812,-0.006937851
3.922000,0.628215090,-0.023153415,3.160754764,-0.010201666,0.606943733,-0.006309014
3.923000,0.592940682,0.037560573,3.074205797,-0.007699952,0.611342080,-0.006389774
3.924000,0.630563653,-0.008644191,3.062832192,-0.004644977,0.614453514,-0.006260926
3.925000,0.661071058,-0.055667736,3.003512797,0.010857314,0.621116353,-0.007159268
3.926000,0.657436356,-0.218293471,2.942263608,0.028855799,0.627200934,-0.010972396
3.927000,0.716580740,-0.360380584,3.051106123,0.038725702,0.630057302,-0.010652759
3.928000,0.791031957,-0.306210604,3.154125645,0.031693839,0.631981301,-0.008988482
3.929000,0.825813840,-0.136026366,3.328610885,0.015847405,0.632945418,-0.009010281
3.930000,0.784453141,0.025447609,3.437447374,-0.003038560,0.632470264,-0.010109829
3.931000,0.752068719,0.115106242,3.374264206,-0.005036907,0.637149862,-0.008576203
3.932000,0.667850254,0.065113984,3.190782475,0.005827304,0.639948220,-0.008132912
3.933000,0.679169983,-0.092366649,3.079370031,0.020216252,0.641391796,-0.002900660
3.934000,0.698940737,-0.151391710,3.116761081,0.022018163,0.640318904,0.002410231
3.935000,0.750191196,-0.034695052,3.227280413,0.018777622,0.643930832,0.003894800
3.936000,0.749067142,0.030730182,3.354736201,0.008079729,0.646827292,0.003013209
3.937000,0.721682843,0.022357369,3.362048695,0.002655216,0.649843712,0.002510578
3.938000,0.664429455,-0.083352233,3.250145077,0.009555632,0.652036731,-0.001944005
3.939000,0.648272701,-0.225406123,3.283139244,0.017888357,0.654016907,-0.001394094
3.940000,0.676249201,-0.183805406,3.156497664,0.024805672,0.655042550,0.000487980
3.941000,0.734552275,-0.045145282,3.240861298,0.026125519,0.657658805,0.002562312
3.942000,0.767899315,0.026289047,3.300265639,0.020116890,0.659362792,0.004965386
3.943000,0.737479320,0.030366289,3.302991806,0.012646483,0.663290531,0.005702784
3.944000,0.638781167,-0.035461188,3.305859455,0.011485813,0.662203712,0.008906412
3.945000,0.623006566,-0.154821722,3.293959781,0.019010183,0.663459020,0.013365371
3.946000,0.629539777,-0.206775869,3.274548576,0.027765205,0.664279334,0.015422521
3.947000,0.657009285,-0.239726686,3.264387672,0.036485368,0.667311414,0.013730133
3.948000,0.697380422,-0.258220484,3.285031477,0.029854724,0.666344789,0.012004689
3.949000,0.740277571,-0.149300648,3.208135218,0.024572593,0.669980782,0.010146546
3.950000,0.695342233,-0.104858175,3.370311786,0.021140726,0.666875896,0.009025305
3.951000,0.678308456,-0.088586570,3.412007376,0.022980996,0.664373451,0.013269875
3.952000,0.637521491,-0.039487275,3.320877957,0.029438240,0.665694492,0.015675154
3.953000,0.608718516,-0.096200112,3.253396146,0.041023633,0.668030270,0.018258117
3.954000,0.654660132,-0.203826683,3.308843449,0.042136915,0.670317736,0.023968536
3.955000,0.702116873,-0.198661628,3.299198011,0.039746044,0.671137973,0.026073082
3.956000,0.752804336,-0.076282367,3.382237856,0.028814504,0.671048493,0.025328296
3.957000,0.715174682,0.009106540,3.413925516,0.028725441,0.670410989,0.022166809
3.958000,0.631907326,-0.062355566,3.332266788,0.029628004,0.667368865,0.019521397
3.959000,0.612152237,-0.064883410,3.185241337,0.036106340,0.670089076,0.021626986
3.960000,0.620149660,-0.062152459,3.182064654,0.046327834,0.669081174,0.022947381
3.961000,0.678678899,-0.087817184,3.234131567,0.044919761,0.668087307,0.025610904
3.962000,0.711606253,-0.022818813,3.206769867,0.040889654,0.669306035,0.026572623
3.963000,0.743282961,-0.024481493,3.257551771,0.035987727,0.670252607,0.028414530
3.964000,0.719096747,-0.072629343,3.390146140,0.032661640,0.667934211,0.027151555
3.965000,0.706697449,-0.155381535,3.384971103,0.031062328,0.663862476,0.028078295
3.966000,0.700197456,-0.120842790,3.316428741,0.036234778,0.662971318,0.029096272
3.967000,0.697536898,-0.064239740,3.310027319,0.046777464,0.661820715,0.028180648
3.968000,0.654737048,-0.082640108,3.203645760,0.055698644,0.664440804,0.024084476
3.969000,0.663772338,-0.223069381,3.091607569,0.061752683,0.665053350,0.023864417
3.970000,0.717308166,-0.326904669,3.091264685,0.051378909,0.664547346,0.023824916
3.971000,0.769503365,-0.143421633,3.211563510,0.043455399,0.658549687,0.023079185
3.972000,0.747566879,-0.048494752,3.391974140,0.036830797,0.653173488,0.021892396
3.973000,0.687314194,-0.027749338,3.468666231,0.040303338,0.650400069,0.021127710
3.974000,0.650693773,-0.183537194,3.395596166,0.049860523,0.648542574,0.021017299
3.975000,0.686361644,-0.206248400,3.165206317,0.058268618,0.648048234,0.023583092
3.976000,0.714121268,-0.200496720,3.056580793,0.062064081,0.646742866,0.026438467
3.977000,0.705361645,-0.130819686,3.306691128,0.057812857,0.642567928,0.025717614
3.978000,0.688645691,0.007716773,3.533661666,0.047783765,0.638002775,0.023699623
3.979000,0.614154087,0.014392615,3.529963948,0.052324267,0.636021223,0.020327474
3.980000,0.567114449,-0.232212528,3.520155293,0.058064947,0.629632715,0.019096630
3.981000,0.575776336,-0.303220364,3.360169830,0.052508875,0.625074995,0.023128567
3.982000,0.587203660,-0.034708485,3.145560493,0.050335417,0.626090674,0.020606788
3.983000,0.636844294,-0.000748293,3.322947477,0.053098384,0.625571450,0.016499069
3.984000,0.657868444,-0.109730446,3.507380790,0.046691958,0.620707174,0.014687169
3.985000,0.603943102,-0.096009236,3.476584118,0.044308199,0.617801302,0.014181809
3.986000,0.515774939,-0.117362234,3.421018174,0.055130705,0.611339145,0.012736179
3.987000,0.480116118,-0.219660565,3.425311757,0.065021207,0.602347613,0.015056856
3.988000,0.485877642,-0.268181562,3.353969173,0.064991022,0.598214273,0.017322845
3.989000,0.539923980,-0.128951612,3.391773269,0.063757447,0.599097808,0.018160104
3.990000,0.565197762,-0.115598380,3.537556995,0.055946925,0.594933033,0.017956929
3.991000,0.552745802,-0.128112422,3.603777124,0.048639822,0.588782824,0.021705511
3.992000,0.517237338,-0.027097182,3.566687720,0.047449232,0.584886542,0.025269883
3.993000,0.480795724,0.113527593,3.538902559,0.055976316,0.580900400,0.027162073
3.994000,0.443497047,0.011798750,3.396583335,0.065834035,0.580480956,0.026180738
3.995000,0.422688932,-0.154700770,3.330272825,0.075292168,0.579836837,0.028579107
3.996000,0.391240083,-0.291875746,3.313711556,0.081200548,0.577185218,0.024549498
3.997000,0.437968066,-0.372442957,3.461775770,0.077133095,0.572049066,0.021856412
3.998000,0.529514528,-0.251841553,3.542022063,0.063848055,0.570406937,0.017686056
3.999000,0.491510163,-0.011548808,3.638116638,0.054781921,0.567494376,0.009459687
4.000000,0.409744175,0.012576295,3.687543918,0.055632764,0.562517469,-0.000818855
4.001000,0.338310461,0.020729669,3.698839991,0.062122536,0.556012817,-0.005060165
4.002000,0.318775640,-0.112838153,3.601719500,0.069466558,0.553936942,-0.005777395
4.003000,0.383932857,-0.162122285,3.471334333,0.072935668,0.553418627,-0.004806139
4.004000,0.432679744,-0.123537699,3.430706032,0.070008470,0.552765290,-0.008687474
4.005000,0.436453238,-0.023408695,3.551749287,0.057705268,0.546284776,-0.011359102
4.006000,0.421805075,-0.024180898,3.699349374,0.050986396,0.543440583,-0.014562001
4.007000,0.328026522,-0.052404673,3.736376964,0.059248847,0.546203975,-0.023631112
4.008000,0.296175534,-0.227726397,3.625719240,0.070374710,0.546340554,-0.027418555
4.009000,0.368509312,-0.291183037,3.480765560,0.079431624,0.545906270,-0.029485932
4.010000,0.409623009,-0.147303149,3.523773607,0.082103840,0.545420898,-0.032790200
4.011000,0.377654463,-0.111913393,3.468461655,0.080289935,0.546945437,-0.038656474
4.012000,0.356898737,-0.165199590,3.522984439,0.070167437,0.545981040,-0.040963665
4.013000,0.350576844,-0.176465764,3.500026424,0.062412210,0.547411657,-0.042089169
4.014000,0.332358007,-0.173709346,3.528158725,0.060747498,0.544133751,-0.041553663
4.015000,0.328286738,-0.151859894,3.479973115,0.062042214,0.543549088,-0.039884206
4.016000,0.307584904,-0.175464656,3.488912058,0.069709336,0.545426314,-0.041648083
4.017000,0.361316496,-0.215171757,3.487874334,0.070521018,0.548049343,-0.042289937
4.018000,0.409699212,-0.290857272,3.352977484,0.066203238,0.554370636,-0.041312251
4.019000,0.451312256,-0.228104232,3.397747145,0.063591611,0.554200573,-0.041253051
4.020000,0.428572790,-0.179031668,3.525760767,0.059441246,0.552042445,-0.042715829
4.021000,0.347621911,-0.106007266,3.454656834,0.062634697,0.551431094,-0.044399819
4.022000,0.331945040,-0.106172639,3.424630112,0.067932450,0.552988982,-0.045530313
4.023000,0.386027183,-0.145744375,3.294012101,0.065818492,0.555358824,-0.043582111
4.024000,0.424147098,-0.027331440,3.159784445,0.063091222,0.557870528,-0.044553974
4.025000,0.457529327,0.069232986,3.169902088,0.063911901,0.558564946,-0.045690147
4.026000,0.454912515,0.039850426,3.209700829,0.065193636,0.562616258,-0.050199497
4.027000,0.486670400,-0.028929792,3.252321617,0.063966253,0.562729049,-0.052559882
4.028000,0.464598286,-0.108902900,3.152840072,0.064672867,0.564442761,-0.057413183
4.029000,0.560530917,-0.158113078,3.140326734,0.058761830,0.561502357,-0.056384338
4.030000,0.604421268,-0.098973153,3.124834909,0.047631276,0.563142493,-0.056703251
4.031000,0.599027074,0.050506810,3.199867480,0.047621701,0.562130184,-0.058396741
4.032000,0.611803740,0.067373069,3.119373965,0.043991347,0.564237030,-0.058795292
4.033000,0.660146567,0.053526650,2.987900619,0.043292607,0.564137163,-0.053836302
4.034000,0.613596554,0.041619761,2.881218705,0.052298767,0.564247506,-0.056567274
4.035000,0.614657078,-0.086946563,2.895273266,0.058151423,0.561819699,-0.056946452
4.036000,0.675707059,-0.241035780,2.899190555,0.056333173,0.564146842,-0.056393527
4.037000,0.754002435,-0.135395829,2.945810523,0.052773493,0.564723352,-0.057724197
4.038000,0.766571785,-0.038003304,2.997040842,0.047461317,0.563028845,-0.061242176
4.039000,0.779096118,-0.018934497,3.006471455,0.039569848,0.558584624,-0.059906025
4.040000,0.709492823,0.042473955,2.908713644,0.037355589,0.556659583,-0.058853349
4.041000,0.641982230,0.071932093,2.867496518,0.048481143,0.554612951,-0.058441749
4.042000,0.653196768,0.060390142,2.838654836,0.053894942,0.554195888,-0.056152410
4.043000,0.690755469,0.029823407,2.801702975,0.057726241,0.552340136,-0.049848125
4.044000,0.637693168,0.088622184,2.819855248,0.058974238,0.547753798,-0.048535168
4.045000,0.605485932,-0.022937719,2.893057855,0.053295269,0.542645419,-0.048547485
4.046000,0.614391726,-0.117491664,2.892388404,0.041577849,0.540249353,-0.045984796
4.047000,0.630328445,-0.044523885,2.838916278,0.037359815,0.540817144,-0.044082816
4.048000,0.549360358,0.054512285,2.861431238,0.035629670,0.536761832,-0.044698298
4.049000,0.516792461,0.073053500,2.797398373,0.035104666,0.531709209,-0.039677827
4.050000,0.473448672,0.094326761,2.676730959,0.038547132,0.528325288,-0.034505482
4.051000,0.431818002,0.093850052,2.656922543,0.049233522,0.523618547,-0.031124430
4.052000,0.422217043,0.000640370,2.691462540,0.049455193,0.519209909,-0.027418334
4.053000,0.433270566,-0.050554630,2.704156574,0.047489257,0.516872669,-0.021791872
4.054000,0.357261931,-0.014944848,2.801695468,0.049638657,0.512265268,-0.022990183
4.055000,0.351074511,-0.084846462,2.895459361,0.045392540,0.508428749,-0.021613358
4.056000,0.388287673,-0.086124077,2.750508718,0.039295634,0.508595625,-0.018853144
4.057000,0.430988773,0.070911641,2.684846129,0.037163889,0.504950598,-0.016294306
4.058000,0.387605132,0.063147807,2.657471189,0.040415299,0.501089802,-0.015794734
4.059000,0.369101853,0.046702657,2.626636253,0.043591177,0.496107722,-0.011459152
4.060000,0.299093406,0.041988092,2.582016183,0.052647232,0.492769220,-0.008620402
4.061000,0.259337166,-0.046632035,2.596079829,0.058544461,0.485826962,-0.003338658
4.062000,0.301663161,-0.119890458,2.689590181,0.052907702,0.483017977,0.003038367
4.063000,0.365012665,-0.010845912,2.633829102,0.047352068,0.480439628,0.008195955
4.064000,0.365960436,-0.009558087,2.731683595,0.044512806,0.477177195,0.008639757
4.065000,0.381180913,-0.083659035,2.668799198,0.042386731,0.474534437,0.011411749
4.066000,0.380241843,-0.043375649,2.568351441,0.042181849,0.472029523,0.013254390
4.067000,0.384306660,0.024667270,2.504357187,0.046868500,0.466498426,0.017052779
4.068000,0.387257242,-0.029852759,2.611575753,0.047560647,0.459598783,0.021743637
4.069000,0.382085556,-0.003374590,2.548661022,0.045208840,0.458427161,0.025506219
4.070000,0.402504512,0.016284288,2.532101640,0.046092008,0.452352239,0.029987859
4.071000,0.405652953,-0.029587908,2.535886478,0.050496874,0.450839637,0.034198407
4.072000,0.381160704,-0.037252721,2.524356063,0.048366502,0.445312292,0.036132792
4.073000,0.402934054,-0.027244011,2.466590398,0.051556617,0.442513196,0.039592602
4.074000,0.430695323,-0.068075306,2.615237202,0.052737331,0.436802398,0.039940225
4.075000,0.411261417,-0.103646697,2.535066006,0.050978208,0.434758868,0.042098329
4.076000,0.427721766,-0.062781413,2.451953743,0.044675628,0.432886453,0.044753348
4.077000,0.431164673,-0.015944543,2.354292065,0.046236868,0.432134594,0.047261050
4.078000,0.373947715,-0.064383002,2.416261209,0.042525944,0.424701181,0.047818372
4.079000,0.341666935,-0.060929279,2.372093291,0.046484226,0.417730615,0.051830481
4.080000,0.318041421,-0.121001299,2.425263669,0.055408841,0.412922503,0.051719674
4.081000,0.312764961,-0.215819787,2.434520935,0.053701584,0.406855444,0.054198238
4.082000,0.328754105,-0.189046492,2.422452791,0.045273685,0.404140394,0.057186946
4.083000,0.336557442,-0.065550347,2.368558449,0.041098100,0.400238194,0.058935213
4.084000,0.305184686,-0.044846328,2.414785045,0.040033311,0.396452739,0.055319772
4.085000,0.245316115,-0.163940058,2.321792168,0.044797315,0.393274034,0.054366599
4.086000,0.173951219,-0.229777860,2.191657912,0.058080293,0.389598074,0.050834445
4.087000,0.194260805,-0.332778125,2.252996251,0.064810549,0.382841570,0.051528701
4.088000,0.221739551,-0.335929926,2.335600580,0.056791725,0.378178566,0.052381234
4.089000,0.205072865,-0.158736810,2.429775706,0.044817853,0.374515798,0.052416073
4.090000,0.190143289,-0.038079339,2.430191302,0.034018094,0.371163305,0.051111881
4.091000,0.138271163,-0.052206091,2.425696638,0.032192768,0.366144427,0.048776373
4.092000,0.065280363,-0.212637244,2.231954881,0.039586861,0.360874745,0.046438326
4.093000,0.055607715,-0.212077601,2.156875017,0.047136881,0.356138964,0.048991309
4.094000,0.063653314,-0.143400788,2.021811975,0.051911570,0.355700489,0.049059895
4.095000,0.067763317,-0.096310830,2.068094230,0.051999090,0.353459572,0.047027926
4.096000,0.059921845,-0.171188755,2.139295825,0.047932205,0.351600854,0.043054343
4.097000,0.023420981,-0.238619854,2.161615339,0.043941752,0.346777395,0.039771698
4.098000,0.022162830,-0.325289671,2.127802112,0.044478461,0.342864530,0.036175310
4.099000,0.051734494,-0.308471396,2.118335977,0.041693728,0.339055062,0.035894450
4.100000,0.061089865,-0.213144821,2.143741729,0.039782476,0.337942792,0.033308470
4.101000,0.084704376,-0.167420091,2.108340494,0.031382170,0.336990108,0.030676081
4.102000,0.085666737,-0.135964498,1.985349610,0.023806921,0.336211280,0.027058661
4.103000,0.105192254,-0.165495284,1.978575282,0.021373741,0.331566271,0.024984753
4.104000,0.106317265,-0.213312264,2.014340881,0.017010958,0.325842944,0.023177858
4.105000,0.088396557,-0.241014131,1.974600023,0.018144359,0.321949604,0.023082237
4.106000,0.060989649,-0.126220237,1.945307736,0.019739348,0.319949986,0.020096588
4.107000,0.082286874,-0.165398202,1.903094292,0.018825367,0.320212801,0.016284341
4.108000,0.118136748,-0.209864645,1.875247502,0.012244293,0.319402554,0.012088806
4.109000,0.158741431,-0.185917535,1.826458887,0.006561354,0.319978315,0.007121712
4.110000,0.195430032,-0.133178139,1.906448770,-0.002540382,0.315866203,0.001700924
4.111000,0.238644721,-0.073787537,1.914779458,-0.009503796,0.312881294,-0.003075075
4.112000,0.232967923,0.036509983,1.879520784,-0.014797541,0.308981864,-0.006506934
4.113000,0.199097171,0.073830868,1.770206719,-0.014925844,0.307311924,-0.008105393
4.114000,0.162280540,0.012275891,1.665874268,-0.013764810,0.303471673,-0.009108729
4.115000,0.193855325,-0.009673737,1.590118472,-0.012842041,0.301340166,-0.007275716
4.116000,0.214857354,-0.018114939,1.576322185,-0.015394523,0.301681665,-0.009715928
4.117000,0.209416439,-0.023146617,1.652628796,-0.019630009,0.297692783,-0.013773170
4.118000,0.213770402,-0.086161803,1.667197180,-0.026507644,0.294906636,-0.017973357
4.119000,0.222864579,-0.034000818,1.669869363,-0.036385551,0.291525775,-0.022803369
4.120000,0.220570374,0.016629308,1.625397908,-0.040868588,0.292081679,-0.027965018
4.121000,0.244204126,0.039772343,1.560609484,-0.046700185,0.287870107,-0.028597559
4.122000,0.242964074,0.084732508,1.521043017,-0.051763741,0.287247947,-0.029644060
4.123000,0.233150748,0.153567220,1.465628975,-0.049747410,0.282307402,-0.029540959
4.124000,0.210692080,0.127598660,1.500285262,-0.046219295,0.277334205,-0.029739075
4.125000,0.203524845,0.073928361,1.421469272,-0.044543395,0.272866866,-0.025943945
4.126000,0.178213310,0.057392133,1.291400221,-0.039384918,0.272298706,-0.027515767
4.127000,0.205685596,0.039440267,1.283239156,-0.035245179,0.268029064,-0.027868492
4.128000,0.253034728,0.044670890,1.239037362,-0.034085672,0.266975921,-0.027990391
4.129000,0.274624047,0.104765680,1.255927963,-0.032860029,0.264234716,-0.027205620
4.130000,0.269487620,0.144043711,1.251465601,-0.028427211,0.259607679,-0.027533618
4.131000,0.260658171,0.152672524,1.186966565,-0.024497704,0.257524691,-0.026845912
4.132000,0.255882500,0.089155433,1.166576727,-0.021350667,0.251642788,-0.024237759
4.133000,0.257771736,0.007949171,1.136973028,-0.021883339,0.245954889,-0.020332947
4.134000,0.254087073,-0.010568167,1.129653910,-0.025279245,0.239738636,-0.016868173
4.135000,0.283672517,0.022415365,1.114965917,-0.026342981,0.235698280,-0.013096227
4.136000,0.312064395,0.011265152,1.210521754,-0.028856774,0.228840097,-0.008620358
4.137000,0.291357612,0.018362182,1.151602808,-0.027146052,0.224673953,-0.003545567
4.138000,0.237432399,0.067093750,1.094005225,-0.022018047,0.220047863,0.000679907
4.139000,0.167902052,0.064264595,0.998171832,-0.018190447,0.214630155,0.006667245
4.140000,0.116952338,0.061020691,0.937479721,-0.020201469,0.210133062,0.010692835
4.141000,0.096901608,0.180505148,0.896231518,-0.023693990,0.206252782,0.013417239
4.142000,0.064633446,0.271998321,0.834788750,-0.024795242,0.203277146,0.012683902
4.143000,0.032867748,0.307780842,0.818645932,-0.023002280,0.197922268,0.011296018
4.144000,-0.000653950,0.280834769,0.733086592,-0.011523217,0.192764466,0.009609537
4.145000,-0.020698506,0.223318888,0.690874186,0.003141745,0.185875004,0.007219114
4.146000,-0.039393192,0.168651110,0.669196409,0.011716421,0.180244629,0.007153149
4.147000,-0.045473915,0.150318488,0.663539970,0.011075253,0.174486673,0.008299864
4.148000,-0.028672726,0.199995384,0.715144347,0.002786870,0.167853332,0.009599371
4.149000,-0.060002802,0.256255984,0.763850305,-0.004402639,0.160983238,0.008219335
4.150000,-0.093633286,0.225782703,0.775330086,-0.007244109,0.154081510,0.005324388
4.151000,-0.132532475,0.173605534,0.679161640,-0.001214226,0.147922916,0.003890397
4.152000,-0.152719252,0.096566214,0.533426023,0.012658507,0.143286838,0.001495591
4.153000,-0.122841164,-0.026386094,0.444252145,0.024660548,0.138704492,0.001590482
4.154000,-0.077825020,-0.092849619,0.364615277,0.030729588,0.137073626,0.002257013
4.155000,-0.019406364,-0.106954832,0.363736123,0.032680655,0.134099342,0.001445905
4.156000,0.010556903,-0.132935615,0.377963275,0.034749818,0.130786181,-0.000925920
4.157000,0.004042782,-0.161451322,0.381400102,0.040022585,0.124178387,-0.001470151
4.158000,-0.054266824,-0.160596427,0.263792240,0.054028595,0.118913995,-0.004916635
4.159000,-0.060417795,-0.164651082,0.177575521,0.065765475,0.111647685,-0.006872492
4.160000,-0.064954970,-0.129333616,0.066058295,0.071468972,0.109155538,-0.009590103
4.161000,-0.023365383,-0.043851686,0.106617856,0.069074175,0.102809190,-0.011277365
4.162000,0.010849792,-0.001055564,0.137021270,0.064217727,0.099382197,-0.013138681
4.163000,0.032151548,0.017633885,0.220357951,0.059658730,0.094002248,-0.014353394
4.164000,0.000815052,0.033925099,0.217775373,0.062738146,0.087104984,-0.016353175
4.165000,-0.012329624,0.002889547,0.195490250,0.070046916,0.079226818,-0.016952112
4.166000,-0.029751260,-0.043088185,0.073513531,0.075887875,0.073509128,-0.017149484
4.167000,-0.009623795,-0.003476548,-0.003742182,0.081706401,0.068938516,-0.017464503
4.168000,0.022413947,0.013026892,-0.009922289,0.082381527,0.065071324,-0.020035509
4.169000,0.044030156,0.007404824,-0.009507290,0.077111620,0.061655083,-0.021961142
4.170000,0.021616909,0.008783743,-0.002911119,0.074726698,0.058122906,-0.024724184
4.171000,-0.017541566,-0.008022859,-0.039690593,0.076817818,0.054117461,-0.029568135
4.172000,-0.033489053,-0.023692991,-0.126386391,0.079840184,0.048336946,-0.031914278
4.173000,-0.008349795,-0.049159745,-0.202247264,0.088983879,0.044381929,-0.034316259
4.174000,0.024435350,-0.070358010,-0.235417636,0.095338806,0.040038111,-0.035603862
4.175000,0.064302003,-0.126401967,-0.295926134,0.097528232,0.037581406,-0.036084775
4.176000,0.040944695,-0.128158625,-0.337538388,0.101346620,0.033055026,-0.037320263
4.177000,-0.020095185,-0.220746643,-0.277724927,0.108703349,0.025856194,-0.039744270
4.178000,-0.057410301,-0.286601629,-0.272475051,0.110044497,0.016274457,-0.039238307
4.179000,-0.079417031,-0.306237594,-0.295552522,0.111655514,0.009973782,-0.038506045
4.180000,-0.073888022,-0.259116753,-0.268372001,0.110263933,0.004087132,-0.039628980
4.181000,-0.042712592,-0.202417169,-0.272208319,0.106871504,0.001138974,-0.038841987
4.182000,-0.070229324,-0.141346193,-0.283612214,0.100585508,-0.002539769,-0.039308700
4.183000,-0.079745206,-0.109071441,-0.309336561,0.096437044,-0.008182508,-0.038846036
4.184000,-0.132507862,-0.079971724,-0.388391261,0.092079599,-0.014751562,-0.037002764
4.185000,-0.170264755,-0.060585495,-0.383596367,0.090834258,-0.021123664,-0.035209133
4.186000,-0.187597937,-0.047187558,-0.374718141,0.091257046,-0.025132526,-0.033424255
4.187000,-0.211786667,-0.032408505,-0.442423630,0.093076111,-0.026547041,-0.030308854
4.188000,-0.227819531,-0.014338770,-0.545811365,0.095640157,-0.028162108,-0.028886248
4.189000,-0.248187149,-0.011124467,-0.669648576,0.098558283,-0.031067455,-0.027517264
4.190000,-0.257533526,-0.042691078,-0.746912823,0.099085837,-0.035258928,-0.026745852
4.191000,-0.204950371,0.030810731,-0.669025596,0.096254763,-0.040642899,-0.024041379
4.192000,-0.183364845,0.053299671,-0.600258959,0.096260321,-0.042478150,-0.022889283
4.193000,-0.135477621,0.100217388,-0.585632751,0.095003613,-0.045027320,-0.020630616
4.194000,-0.118538531,0.122281232,-0.662883356,0.096470776,-0.047558835,-0.018450132
4.195000,-0.119103013,0.084473281,-0.770747589,0.099499582,-0.051321086,-0.014728247
4.196000,-0.098813097,0.026785645,-0.848351682,0.109787041,-0.055147327,-0.011159753
4.197000,-0.066684026,-0.112597200,-0.829263472,0.118403233,-0.059856363,-0.007963763
4.198000,0.002206684,-0.305972426,-0.763268203,0.117234686,-0.063402959,-0.003000401
4.199000,0.086349848,-0.306943746,-0.689636838,0.109926010,-0.064652143,0.000655532
4.200000,0.148221885,-0.148095979,-0.680680544,0.097147154,-0.063299846,0.002606641
4.201000,0.185399047,-0.029495554,-0.727681752,0.084685298,-0.061878733,0.003268810
4.202000,0.172280351,-0.044157538,-0.846400568,0.080764359,-0.060806086,0.003639611
4.203000,0.164025330,-0.056633252,-0.976630822,0.085653804,-0.064054968,0.004539448
4.204000,0.144454529,-0.010185384,-1.132772778,0.090314199,-0.068660088,0.008714035
4.205000,0.132325820,0.022977454,-1.085763059,0.095024641,-0.074042063,0.012541923
4.206000,0.130580115,0.019504983,-0.926978635,0.087988250,-0.079897525,0.016323745
4.207000,0.153426726,0.030943879,-0.817317869,0.073685767,-0.080429508,0.021746858
4.208000,0.143893212,0.126505784,-0.800519215,0.059718609,-0.081225698,0.025790285
4.209000,0.134894990,0.250845824,-0.845213624,0.053608220,-0.083093978,0.026751022
4.210000,0.117858015,0.369610919,-1.088735424,0.053972293,-0.083242431,0.028592059
4.211000,0.122986205,0.424738877,-1.262110976,0.063330963,-0.085010503,0.031030498
4.212000,0.084517122,0.374517803,-1.189471273,0.073031146,-0.090974753,0.032483944
4.213000,0.066169584,0.250953776,-1.076271614,0.076175334,-0.094147521,0.032805932
4.214000,0.029922530,0.077922326,-0.849723873,0.064726842,-0.098159482,0.032755500
4.215000,0.036843777,0.015789113,-0.745254463,0.046940947,-0.100826820,0.036194599
4.216000,0.019592656,0.120622294,-0.928819805,0.028058116,-0.097572456,0.036390508
4.217000,0.012485883,0.188999684,-1.218251540,0.024719917,-0.095150282,0.033038315
4.218000,0.002834432,0.082796019,-1.359277246,0.031359505,-0.095991948,0.030460541
4.219000,-0.026375163,-0.069913359,-1.356802341,0.042506154,-0.101094052,0.028852829
4.220000,-0.047070960,-0.152842150,-1.177645986,0.053604460,-0.107943096,0.026926944
4.221000,-0.002662746,-0.229396381,-0.995836776,0.043502194,-0.113567595,0.034394537
4.222000,0.036364463,-0.047530726,-1.057620429,0.024903273,-0.111151589,0.038694884
4.223000,0.049266095,0.196382746,-1.093933332,0.008639930,-0.107031611,0.038926434
4.224000,0.000319455,0.173694431,-1.152395888,0.004607577,-0.103767487,0.037444645
4.225000,-0.081684346,0.065796709,-1.279029716,0.020767245,-0.110072423,0.035041367
4.226000,-0.129628090,-0.038868293,-1.365502692,0.045115423,-0.118103892,0.034119193
4.227000,-0.077946820,-0.061214936,-1.313686757,0.055421794,-0.122228142,0.039552213
4.228000,-0.052344235,0.060744920,-1.207979928,0.044630112,-0.119399155,0.042511101
4.229000,-0.036555765,0.228233264,-1.116289917,0.020823508,-0.117936415,0.044545680
4.230000,-0.069010036,0.327763824,-1.138605874,-0.000001542,-0.117388592,0.044186593
4.231000,-0.112982330,0.247865165,-1.310934652,-0.000637839,-0.119494042,0.040429202
4.232000,-0.141786555,0.015489181,-1.300474157,0.013114494,-0.123767931,0.039609990
4.233000,-0.083880118,-0.053863763,-1.229454815,0.013138178,-0.125334516,0.042053733
4.234000,-0.082869847,0.124564903,-1.270877954,0.013184617,-0.122369930,0.042736373
4.235000,-0.010231384,0.223965053,-1.235852663,0.009177740,-0.124138154,0.043451249
4.236000,0.056850315,0.211715000,-1.206217891,-0.016987381,-0.124880792,0.046689954
4.237000,0.080177008,0.179578991,-1.348525354,-0.024572471,-0.120834452,0.045837848
4.238000,0.050335328,-0.002455230,-1.364910226,-0.010500216,-0.122900960,0.042000225
4.239000,0.039209974,-0.241447158,-1.337116658,0.006772192,-0.125813127,0.041442416
4.240000,0.059188301,-0.267843067,-1.431132520,0.019903029,-0.123808596,0.044547721
4.241000,0.138849057,-0.075626907,-1.509926833,0.022207164,-0.119875933,0.045853943
4.242000,0.219349313,0.115637735,-1.371301232,0.006322960,-0.121588438,0.046192795
4.243000,0.244196159,0.157030682,-1.355080641,-0.006959494,-0.121607992,0.045014578
4.244000,0.177854782,0.105386486,-1.402443985,-0.000915799,-0.119842015,0.040235270
4.245000,0.106168701,-0.166494004,-1.345571518,0.025142805,-0.120903688,0.034786751
4.246000,0.102667023,-0.492497704,-1.361362999,0.041497802,-0.128469742,0.033787635
4.247000,0.211495410,-0.444482028,-1.433238509,0.038032094,-0.129821785,0.035007872
4.248000,0.332521948,-0.099302807,-1.268905493,0.018644194,-0.124912946,0.033720617
4.249000,0.357020676,0.184097402,-1.142250478,-0.004246089,-0.119051489,0.031492137
4.250000,0.249839197,0.175040720,-1.286111068,-0.005354947,-0.116632922,0.029311523
4.251000,0.087036987,-0.067407881,-1.502668140,0.021518372,-0.122780591,0.025468109
4.252000,0.017596431,-0.385395595,-1.567318702,0.044838742,-0.133778998,0.025099339
4.253000,0.053233663,-0.539555175,-1.527031744,0.047004100,-0.139594802,0.028149618
4.254000,0.191884675,-0.297880086,-1.364976279,0.031075575,-0.136904937,0.028783598
4.255000,0.293707072,0.078689739,-0.993201836,-0.009997086,-0.128456034,0.024956121
4.256000,0.193793530,0.267141984,-0.978863852,-0.031587521,-0.122071681,0.019235321
4.257000,0.018517044,0.163719792,-1.371834788,-0.012207340,-0.123519134,0.013164606
4.258000,-0.159300032,-0.128635276,-1.786237556,0.037093990,-0.133930175,0.009291346
4.259000,-0.203378977,-0.404651302,-1.917968467,0.069322196,-0.142934765,0.010866229
4.260000,-0.112540687,-0.406450857,-1.842501112,0.066521899,-0.143344612,0.012156494
4.261000,0.076382668,-0.084475082,-1.399319215,0.032201338,-0.139237428,0.009695353
4.262000,0.134234106,0.182534613,-1.090884747,-0.015521200,-0.135839734,0.003744800
4.263000,0.011305937,0.229089084,-1.121932695,-0.028924508,-0.132629210,-0.001819870
4.264000,-0.159366520,0.110760010,-1.424102458,-0.001951339,-0.131157604,-0.006642257
4.265000,-0.283287096,-0.184780717,-1.649799165,0.038911725,-0.136737607,-0.007971544
4.266000,-0.253558931,-0.428130900,-1.862780032,0.062130719,-0.141892846,-0.004264924
4.267000,-0.132270015,-0.291630474,-1.885560667,0.058287102,-0.143598090,-0.002723602
4.268000,0.020881935,-0.048722602,-1.556036050,0.027170282,-0.142112919,-0.004595452
4.269000,0.048240148,0.051938938,-1.215740936,-0.010465429,-0.137825814,-0.010722401
4.270000,-0.090123724,0.024044639,-1.238736334,-0.018621562,-0.138290905,-0.018554619
4.271000,-0.216559426,-0.108968946,-1.582978308,0.007223046,-0.144151744,-0.023590883
4.272000,-0.258953179,-0.236698525,-1.939025184,0.042927161,-0.148240271,-0.023895265
4.273000,-0.176329881,-0.228835045,-2.026666553,0.062258592,-0.149564243,-0.020401733
4.274000,-0.000336584,-0.062034478,-1.924312129,0.052242938,-0.143610752,-0.016803675
4.275000,0.109573308,0.121066765,-1.668964300,0.020297211,-0.138602932,-0.016623091
4.276000,0.094870536,0.159192834,-1.497729818,-0.007898286,-0.139901843,-0.020162887
4.277000,-0.034155231,0.099711647,-1.621292660,-0.008657464,-0.146403844,-0.025268992
4.278000,-0.133853586,0.008575004,-1.909107195,0.014067932,-0.154059293,-0.027372234
4.279000,-0.113440441,-0.079745024,-2.088120652,0.039452287,-0.155082130,-0.026107347
4.280000,0.008817200,-0.048390886,-2.082393251,0.046112236,-0.152302032,-0.022812331
4.281000,0.146252121,0.099555352,-1.959969055,0.031522232,-0.147116443,-0.019848302
4.282000,0.217172827,0.195595572,-1.809598204,0.012674714,-0.145517804,-0.020579252
4.283000,0.213021052,0.218890659,-1.682133959,-0.008542542,-0.147831354,-0.023261967
4.284000,0.119580896,0.228053809,-1.767348297,-0.014323797,-0.152959202,-0.026256168
4.285000,0.026404515,0.153848549,-2.072586660,0.005733791,-0.159301551,-0.028314778
4.286000,0.050021537,0.017718403,-2.228929524,0.027013179,-0.161091191,-0.027200420
4.287000,0.152180150,-0.024517546,-2.256158030,0.039327333,-0.159573785,-0.026124838
4.288000,0.251345091,-0.001637969,-2.094276685,0.034439350,-0.159131417,-0.026669883
4.289000,0.300778750,0.014585594,-1.929486727,0.013778968,-0.161174764,-0.026309690
4.290000,0.271545378,0.074785408,-1.920276707,-0.007202075,-0.166699574,-0.025341927
4.291000,0.186477842,0.133891119,-2.037612655,-0.011868297,-0.172394811,-0.025488051
4.292000,0.128964812,0.120652565,-2.153554870,-0.004985239,-0.177477661,-0.024333994
4.293000,0.139486298,0.078748897,-2.324218259,0.009103839,-0.177778095,-0.021224476
4.294000,0.183832955,0.071171780,-2.347429428,0.015123561,-0.177844580,-0.017803865
4.295000,0.238201511,0.067263797,-2.258531795,0.007771065,-0.178248174,-0.014850458
4.296000,0.252086894,0.123352139,-2.194009989,-0.010632360,-0.181803282,-0.013404622
4.297000,0.160327275,0.188375023,-2.173539201,-0.023679371,-0.188472935,-0.014669918
4.298000,0.084997073,0.187285575,-2.206016759,-0.024170260,-0.194470266,-0.015462374
4.299000,0.018952832,0.176091543,-2.344235044,-0.014421350,-0.198944486,-0.015597652
4.300000,0.032302019,0.147187116,-2.500603809,0.002930621,-0.200998880,-0.013769560
4.301000,0.067781267,0.084407521,-2.564105347,0.011548958,-0.202517279,-0.010956980
4.302000,0.109115164,0.058531110,-2.505853114,0.006672816,-0.206822643,-0.008638506
4.303000,0.108929102,0.054462778,-2.384005395,-0.006725418,-0.213024961,-0.007566219
4.304000,0.068788153,0.129463596,-2.329678671,-0.023523901,-0.216250160,-0.007103346
4.305000,0.004586461,0.189255562,-2.373690882,-0.032781522,-0.219967821,-0.009166466
4.306000,-0.019943093,0.105851584,-2.511121367,-0.030318567,-0.223212556,-0.010092294
4.307000,-0.027226506,-0.018359164,-2.657083170,-0.019712987,-0.225802934,-0.009914171
4.308000,0.022341571,-0.099119984,-2.706161633,-0.009522177,-0.229858389,-0.008629590
4.309000,0.072429641,-0.101734061,-2.644470567,-0.010858378,-0.234303357,-0.006396669
4.310000,0.124987528,0.000671386,-2.518876306,-0.020435580,-0.237692663,-0.004486989
4.311000,0.118101718,0.062320290,-2.388990293,-0.029314032,-0.242365382,-0.005350760
4.312000,0.086781447,0.042361951,-2.382607163,-0.030492179,-0.247987338,-0.005035123
4.313000,0.055872181,0.004567396,-2.530543735,-0.023995739,-0.252640002,-0.003516516
4.314000,0.038811210,0.011041704,-2.768576206,-0.010220790,-0.256057828,0.000242584
4.315000,0.066177623,0.008143834,-2.889007583,0.001269068,-0.258164496,0.002340725
4.316000,0.135639596,0.011727530,-2.805350568,-0.000708407,-0.259058155,0.005213437
4.317000,0.185176922,0.071859957,-2.649951943,-0.011173847,-0.260381055,0.005932226
4.318000,0.161981523,0.090970839,-2.542966060,-0.020878677,-0.265064107,0.004073030
4.319000,0.129221627,0.050745889,-2.600361118,-0.025558737,-0.271820840,0.003232608
4.320000,0.101058085,0.026472283,-2.731818861,-0.022315278,-0.276809509,0.003664114
4.321000,0.124149103,-0.014960584,-2.809492696,-0.014473507,-0.280597570,0.003188351
4.322000,0.193266848,-0.026540450,-2.830171405,-0.010400860,-0.283848905,0.004318463
4.323000,0.249309911,-0.012006422,-2.772545527,-0.011205641,-0.286661515,0.006889967
4.324000,0.271845975,-0.002760979,-2.626710138,-0.016422462,-0.294018030,0.007248618
4.325000,0.255760611,-0.027348488,-2.545120255,-0.021393238,-0.301569979,0.007962379
4.326000,0.258608490,-0.086605905,-2.558242223,-0.021197206,-0.306998516,0.007981524
4.327000,0.257822128,-0.139341046,-2.566288234,-0.017115274,-0.312163111,0.006725219
4.328000,0.280785190,-0.150970785,-2.670876706,-0.014601006,-0.313458206,0.008956067
4.329000,0.299634516,-0.101900919,-2.783797304,-0.012726054,-0.313107597,0.010024457
4.330000,0.319946199,-0.080620303,-2.794950451,-0.013256448,-0.314730295,0.011866254
4.331000,0.303598794,-0.099730033,-2.721989448,-0.018428943,-0.320086375,0.014321395
4.332000,0.285251296,-0.033919963,-2.786048336,-0.018844240,-0.323765674,0.014949791
4.333000,0.262630190,-0.066347667,-2.756170960,-0.016146394,-0.328808934,0.014644687
4.334000,0.260398041,-0.148317420,-2.769492303,-0.013326259,-0.332771916,0.015912091
4.335000,0.268003665,-0.102462137,-2.837029662,-0.012842769,-0.335125577,0.017161787
4.336000,0.290419218,-0.045579617,-2.824052638,-0.007788960,-0.337654941,0.016690801
4.337000,0.300863086,-0.062027311,-2.745415610,-0.004796186,-0.343421994,0.016419376
4.338000,0.313101817,-0.078610204,-2.760708756,-0.001947168,-0.347890029,0.018259627
4.339000,0.263849685,-0.088515200,-2.792850304,0.001605085,-0.353299451,0.017477054
4.340000,0.263222748,-0.129546017,-2.758072560,0.001096251,-0.358836729,0.016979450
4.341000,0.236960736,-0.143576876,-2.745557221,-0.005190312,-0.360836612,0.016179594
4.342000,0.204610454,-0.100344861,-2.773781025,-0.007086336,-0.361413855,0.013976403
4.343000,0.221846340,-0.062020752,-2.830767627,-0.007174712,-0.362574613,0.012882945
4.344000,0.246212196,-0.073980924,-2.924109489,-0.008498772,-0.363355201,0.012201471
4.345000,0.238684551,-0.072645848,-3.018480289,-0.010736491,-0.364107979,0.012590638
4.346000,0.223709757,-0.094405945,-3.064452176,-0.009828633,-0.367374431,0.009989559
4.347000,0.237463308,-0.144674579,-2.998908110,-0.013206638,-0.371034663,0.007538137
4.348000,0.269120977,-0.102361114,-2.976773245,-0.016652953,-0.372574046,0.009395413
4.349000,0.293945580,0.002193769,-3.048252066,-0.016514205,-0.372760802,0.010342113
4.350000,0.278142815,0.027057134,-3.039813740,-0.010588839,-0.376277794,0.009349417
4.351000,0.275274245,-0.012069583,-3.068694348,-0.001700174,-0.378970225,0.009674550
4.352000,0.263148978,-0.031514732,-3.115812496,0.009417611,-0.381687830,0.010620296
4.353000,0.270609826,-0.049221024,-3.089495061,0.015873933,-0.382654888,0.009689231
4.354000,0.319125417,-0.012942314,-3.084280302,0.010585778,-0.383262565,0.011048228
4.355000,0.348738867,0.072508397,-3.123322932,0.004237616,-0.380589356,0.009034304
4.356000,0.364209901,0.069212209,-3.036024240,0.000577576,-0.381476653,0.004599453
4.357000,0.343306262,0.002455146,-3.093902208,0.000020774,-0.380242581,0.001752828
4.358000,0.337746759,-0.025990279,-3.323443578,0.007955018,-0.379332904,0.000796200
4.359000,0.333364029,-0.091810923,-3.458253886,0.015203741,-0.380545638,-0.000192352
4.360000,0.381764016,-0.122282331,-3.439743044,0.012399512,-0.381411349,-0.000785370
4.361000,0.426858671,-0.071849355,-3.377137829,0.001836019,-0.383188072,-0.001883546
4.362000,0.445711573,0.000279513,-3.329190398,-0.003868879,-0.385203681,-0.003018000
4.363000,0.441561553,0.079908679,-3.309585788,-0.007887483,-0.385278023,-0.004789760
4.364000,0.427969432,0.103939110,-3.387915829,-0.004202409,-0.386319666,-0.008242542
4.365000,0.429606070,0.082495090,-3.507128232,0.005250378,-0.388077791,-0.009590982
4.366000,0.481928535,0.096140992,-3.469045827,0.013358330,-0.389536413,-0.007144759
4.367000,0.479861266,0.131872271,-3.411478774,0.017123297,-0.391121897,-0.007148002
4.368000,0.478351230,0.133358500,-3.360917712,0.014698661,-0.392783956,-0.006294518
4.369000,0.481109897,0.173705704,-3.317989525,0.008602717,-0.393034032,-0.005501135
4.370000,0.453168605,0.227845339,-3.362094959,0.008308546,-0.392059202,-0.007324083
4.371000,0.424726061,0.208229871,-3.397780901,0.008347868,-0.392041760,-0.009076670
4.372000,0.417182628,0.161275529,-3.493566866,0.013290019,-0.390589127,-0.010175294
4.373000,0.408447145,0.139273201,-3.615255183,0.016859681,-0.389103464,-0.011344791
4.374000,0.433235709,0.123944511,-3.704517479,0.016170629,-0.387136757,-0.013178299
4.375000,0.465699967,0.112316944,-3.607684138,0.010043960,-0.387660109,-0.016830648
4.376000,0.484393591,0.130218935,-3.551931757,0.004330263,-0.389648205,-0.020183137
4.377000,0.490366237,0.121465446,-3.534623496,0.003628336,-0.392696427,-0.022452913
4.378000,0.458040313,0.116475420,-3.479088975,0.014638481,-0.397627539,-0.023426326
4.379000,0.413860089,0.029167395,-3.602129298,0.028557945,-0.399145980,-0.024941447
4.380000,0.444030966,-0.081938377,-3.576859093,0.035652730,-0.402159065,-0.023458288
4.381000,0.514828543,-0.055211881,-3.512158349,0.037776808,-0.402893006,-0.021742754
4.382000,0.540913808,0.064234936,-3.407591071,0.030460223,-0.402265594,-0.021793058
4.383000,0.534721969,0.103675357,-3.391571054,0.018612100,-0.400558112,-0.023999763
4.384000,0.493677836,0.148239052,-3.414639779,0.017527084,-0.401945751,-0.025291893
4.385000,0.458122446,0.090568185,-3.515795378,0.024306655,-0.402217538,-0.026009279
4.386000,0.441778929,-0.037070842,-3.650710862,0.027701348,-0.403254551,-0.026479342
4.387000,0.441181932,-0.056877057,-3.699750545,0.026477064,-0.406914099,-0.023832217
4.388000,0.433449595,0.050189257,-3.707861970,0.023551630,-0.407039204,-0.022773688
4.389000,0.478523571,0.118492574,-3.593160672,0.012971540,-0.408019037,-0.024267284
4.390000,0.519577875,0.218530635,-3.480383983,0.006627492,-0.406736866,-0.025539688
4.391000,0.527618711,0.270174928,-3.452148730,0.013223908,-0.408832921,-0.029390903
4.392000,0.503300907,0.155625509,-3.532587198,0.026915589,-0.414555980,-0.029797775
4.393000,0.462030208,0.038840284,-3.574951318,0.041841185,-0.420660953,-0.029901202
4.394000,0.527259636,-0.000249602,-3.515837895,0.048950915,-0.426161679,-0.026857429
4.395000,0.598127066,-0.000266889,-3.333592237,0.042354511,-0.427883740,-0.022156713
4.396000,0.618736302,0.081468323,-3.268033908,0.031168597,-0.427425463,-0.020576006
4.397000,0.548048727,0.084325987,-3.252073725,0.022406960,-0.427808228,-0.020688948
4.398000,0.524937106,0.007931716,-3.404646884,0.016560159,-0.427548948,-0.018679180
4.399000,0.517907347,-0.014845228,-3.593682670,0.020655794,-0.428614502,-0.018266366
4.400000,0.519263630,-0.034237087,-3.703708886,0.028404911,-0.429116771,-0.019722010
4.401000,0.555637206,-0.036897162,-3.632247048,0.023669931,-0.432040887,-0.019117725
4.402000,0.595160448,0.047126156,-3.641302895,0.019169228,-0.429444575,-0.018592452
4.403000,0.623223339,0.078811780,-3.589187588,0.016640850,-0.428902781,-0.019756515
4.404000,0.647972847,-0.021586534,-3.576137608,0.016128938,-0.430409787,-0.021677874
4.405000,0.621870900,-0.067609410,-3.679023860,0.021618914,-0.434436633,-0.020342578
4.406000,0.615300006,-0.093666280,-3.632407619,0.038058154,-0.441734570,-0.019337359
4.407000,0.631699329,-0.057934581,-3.554555544,0.049141975,-0.447069039,-0.016420954
4.408000,0.648294539,-0.063114715,-3.525484692,0.049489444,-0.446193117,-0.012171189
4.409000,0.678384576,-0.059884848,-3.462679377,0.034478333,-0.445628994,-0.008038109
4.410000,0.671509480,0.018996142,-3.442978870,0.017371925,-0.450310749,-0.005695160
4.411000,0.637742011,0.147499084,-3.446366050,0.008680205,-0.455949689,-0.007720999
4.412000,0.598114935,0.134799740,-3.443953436,0.011572571,-0.457681512,-0.010893552
4.413000,0.587291517,0.019382150,-3.667861371,0.024349290,-0.455973565,-0.012961575
4.414000,0.573349455,-0.065969946,-3.853420666,0.037618780,-0.453862579,-0.013481796
4.415000,0.668194086,-0.165949140,-3.902067108,0.041462803,-0.453388813,-0.011785956
4.416000,0.692337069,-0.177453162,-3.818407630,0.036512838,-0.455962486,-0.009170042
4.417000,0.715373056,-0.120926840,-3.669866558,0.026499473,-0.460000660,-0.008135864
4.418000,0.727418419,-0.107396034,-3.497997186,0.014209240,-0.464651303,-0.007251763
4.419000,0.717129824,-0.024705774,-3.547889854,0.012181994,-0.464211464,-0.004517433
4.420000,0.681097872,0.034313650,-3.702079789,0.027033466,-0.463398246,-0.002823504
4.421000,0.660410796,-0.009186219,-3.755800663,0.033755160,-0.470741791,-0.001175933
4.422000,0.647705637,-0.058609817,-3.830888402,0.032423446,-0.473454518,0.003255438
4.423000,0.663785716,-0.032302671,-3.738935562,0.029829489,-0.477529731,0.002811978
4.424000,0.684560230,-0.009738060,-3.486453291,0.024570555,-0.481052776,0.002996978
4.425000,0.648776563,-0.034358100,-3.587252949,0.016743549,-0.481130000,0.004564249
4.426000,0.641651513,0.026291354,-3.798019154,0.025134590,-0.481539236,0.005251498
4.427000,0.593783486,-0.014753862,-3.846619518,0.033228734,-0.487941335,0.005150274
4.428000,0.602010337,-0.126076285,-3.922602558,0.037456907,-0.487989494,0.008618854
4.429000,0.621401183,-0.165575334,-3.856287934,0.033651210,-0.488478601,0.010819693
4.430000,0.668378741,-0.062645878,-3.743266167,0.020930586,-0.487828446,0.013574976
4.431000,0.645205233,0.129297070,-3.699029417,0.003400231,-0.486561398,0.013863258
4.432000,0.645108052,0.210561348,-3.765890508,-0.000898324,-0.488379718,0.011676042
4.433000,0.588858876,0.090600235,-3.823964853,0.008091897,-0.492952266,0.008444940
4.434000,0.573423330,-0.056462667,-3.871750461,0.022956830,-0.497309570,0.010482414
4.435000,0.598143563,-0.091376007,-3.930248416,0.033199808,-0.499729408,0.012493255
4.436000,0.641212198,-0.034088471,-3.799586918,0.035794726,-0.500660562,0.015267765
4.437000,0.635347462,-0.005970593,-3.706328078,0.026660310,-0.503097378,0.016309627
4.438000,0.658970414,0.071022347,-3.664972773,0.017812759,-0.503837058,0.018671363
4.439000,0.613293940,0.053763852,-3.779420753,0.013732496,-0.503719980,0.016504087
4.440000,0.581897010,0.075004501,-3.883277909,0.019811314,-0.504213078,0.013963775
4.441000,0.580781603,-0.028984817,-3.907270642,0.024283631,-0.506774877,0.013730917
4.442000,0.591050684,-0.024234268,-3.976680728,0.028498817,-0.505370817,0.012725737
4.443000,0.611852043,0.029329333,-3.807235889,0.025949643,-0.507422600,0.010725352
4.444000,0.671448895,0.038172477,-3.805488510,0.015485994,-0.506696437,0.012507000
4.445000,0.666125258,-0.008981580,-3.794531370,0.008453393,-0.505587867,0.011706919
4.446000,0.679674617,-0.033351948,-3.807268255,0.007923019,-0.509039829,0.009539623
4.447000,0.639604989,-0.070471646,-3.784560155,0.007453469,-0.513059235,0.008714743
4.448000,0.638004784,-0.018331441,-3.924464387,0.008823776,-0.510425004,0.011991680
4.449000,0.673422246,0.139810402,-3.981598933,0.013610231,-0.509376515,0.015987237
4.450000,0.691189620,0.218193861,-4.023625314,0.017059628,-0.507055847,0.016481090
4.451000,0.643197830,0.066403903,-3.894605329,0.015740380,-0.511786742,0.015430337
4.452000,0.613158466,-0.015302598,-3.812615729,0.016163854,-0.516535387,0.014898818
4.453000,0.634082854,0.033436829,-3.819922817,0.013835604,-0.517936108,0.012933519
4.454000,0.689674633,0.027144668,-3.820857813,0.005221794,-0.517347257,0.013908122
4.455000,0.738217966,0.153885288,-3.841325088,-0.005611227,-0.515672550,0.014851864
4.456000,0.770283809,0.279008720,-3.809542994,-0.003282433,-0.514683345,0.014185766
4.457000,0.706332634,0.189444965,-3.681617118,0.002007958,-0.517836116,0.014388570
4.458000,0.641438180,0.125768835,-3.845950444,0.014195280,-0.516975388,0.016941839
4.459000,0.611863341,0.056735262,-4.031447127,0.022483351,-0.519023174,0.015951894
4.460000,0.617364426,0.006521396,-3.950098380,0.023009292,-0.519149618,0.015080615
4.461000,0.653669311,0.007775159,-3.788078578,0.013713746,-0.518830134,0.011318386
4.462000,0.636557971,0.040753451,-3.734076537,0.010505760,-0.515925406,0.005092680
4.463000,0.660988771,-0.087111454,-3.610799029,0.009762550,-0.516394786,0.000131067
4.464000,0.705138560,-0.156679631,-3.850891905,0.005298511,-0.511650828,0.001870583
4.465000,0.696421737,0.064743417,-3.923834178,0.005557222,-0.514161185,0.000755898
4.466000,0.657883266,0.150222128,-3.836621482,0.011090202,-0.514436960,-0.000426060
4.467000,0.618334136,0.076612224,-3.610399098,0.014591897,-0.517926762,0.000294754
4.468000,0.551629814,0.068770831,-3.723326048,0.020451156,-0.516712818,-0.000592841
4.469000,0.526948321,0.037724017,-3.796168768,0.029444059,-0.519074278,-0.003207947
4.470000,0.500908951,-0.195616449,-3.740833895,0.033091618,-0.519623865,-0.004421207
4.471000,0.550033051,-0.226634143,-3.661815575,0.021949120,-0.518863626,-0.004167963
4.472000,0.564859278,-0.051492690,-3.658472372,0.015201020,-0.513518616,-0.001916528
4.473000,0.612424683,0.040791432,-3.546222662,0.009562264,-0.511193044,0.003029242
4.474000,0.599555573,0.072327075,-3.640581919,-0.000303848,-0.507885604,0.009727127
4.475000,0.542725792,0.153480296,-3.704177494,-0.000406769,-0.508208966,0.013075822
4.476000,0.454321607,0.202189138,-3.670426058,0.006990035,-0.509332930,0.012705934
4.477000,0.419150481,0.067890345,-3.653381213,0.011496207,-0.506185759,0.010704166
4.478000,0.416203195,0.026852862,-3.762997234,0.011111216,-0.502179912,0.007157758
4.479000,0.460653027,0.017303463,-3.735454520,0.013589693,-0.499757226,-0.000560811
4.480000,0.501990305,-0.085609565,-3.501997720,0.007846578,-0.501206796,-0.005719167
4.481000,0.495092977,-0.043356594,-3.491917149,0.009478742,-0.496540948,-0.006881726
4.482000,0.506035275,0.070483017,-3.548841237,0.017747351,-0.494702821,-0.006292008
4.483000,0.551895340,0.000830274,-3.667629551,0.023664526,-0.486922836,-0.002304683
4.484000,0.613453604,-0.063055873,-3.716466315,0.023863964,-0.480024504,0.003923109
4.485000,0.651427629,-0.086577270,-3.635942021,0.029374171,-0.475187041,0.003403564
4.486000,0.659971714,-0.248335251,-3.338473266,0.024167845,-0.474915205,0.001487742
4.487000,0.705172009,-0.295950630,-3.253549660,0.017321598,-0.472896580,0.002204942
4.488000,0.720019744,-0.236301864,-3.373540311,0.014284744,-0.468381645,0.002350859
4.489000,0.679049146,-0.227656478,-3.432973814,0.009976111,-0.470369976,0.001872393
4.490000,0.686262528,-0.260687641,-3.399038638,0.011485460,-0.470380228,0.004479598
4.491000,0.682640619,-0.229737969,-3.409751695,0.013192139,-0.466699437,0.008464238
4.492000,0.650224899,-0.057809556,-3.466643077,0.021242315,-0.459604724,0.013581411
4.493000,0.670490544,-0.021138153,-3.550333737,0.024073191,-0.451792440,0.019329991
4.494000,0.694317523,-0.070662230,-3.547738819,0.015611500,-0.446415656,0.025796477
4.495000,0.649773882,-0.028129431,-3.540791294,0.008208422,-0.442848058,0.023879042
4.496000,0.649069806,-0.046696195,-3.304079619,0.008861465,-0.441589135,0.022539959
4.497000,0.632272143,-0.067178138,-3.200800095,0.001128871,-0.438392781,0.023926936
4.498000,0.628543253,0.119329751,-3.303017832,0.000503482,-0.432928808,0.026058740
4.499000,0.618351425,0.231053438,-3.318405674,-0.000355003,-0.429512539,0.026212669
4.500000,0.613210061,0.182380044,-3.269096489,0.003344958,-0.426789149,0.027109789
4.501000,0.571870907,0.146759768,-3.380636379,0.009992101,-0.422069198,0.026443357
4.502000,0.525297963,0.047092257,-3.311208013,0.021262686,-0.419349132,0.026034272
4.503000,0.553314979,-0.095286576,-3.351501747,0.013447657,-0.416593315,0.029015087
4.504000,0.594545285,-0.065088088,-3.371795407,0.002919946,-0.409183381,0.030042811
4.505000,0.602846258,-0.040390296,-3.246035088,-0.002745136,-0.406439275,0.024802272
4.506000,0.589427881,-0.173104550,-3.056071190,-0.008424521,-0.402090100,0.023802857
4.507000,0.641636905,-0.121165595,-3.159950528,-0.009282041,-0.395331186,0.022664304
4.508000,0.639240593,-0.020423664,-3.281642052,-0.002416607,-0.387786329,0.020098289
4.509000,0.607370935,-0.143463641,-3.272768301,0.001576114,-0.385295884,0.017725589
4.510000,0.650822963,-0.168357140,-3.300564513,0.003693813,-0.382162462,0.017690541
4.511000,0.677182305,-0.127255421,-3.166754900,0.007461904,-0.379531253,0.015340640
4.512000,0.618637018,-0.140546761,-3.097311279,0.009822020,-0.374118857,0.011042491
4.513000,0.632360538,-0.214257856,-3.077338991,-0.001634117,-0.370951241,0.009484964
4.514000,0.708879453,-0.073890062,-3.181267361,-0.008578486,-0.365370579,0.013981365
4.515000,0.657942267,0.071516542,-3.113965676,-0.011435147,-0.364153193,0.012936006
4.516000,0.642080445,0.172136961,-3.032284680,-0.018117758,-0.361243960,0.013101452
4.517000,0.625610253,0.215689018,-3.078029380,-0.021026871,-0.356634764,0.012372708
4.518000,0.570618312,0.203517972,-3.021907857,-0.015058724,-0.354572181,0.007757953
4.519000,0.544140136,0.044043104,-2.921360318,-0.017788775,-0.354575882,0.003817207
4.520000,0.591747864,0.022344914,-2.877340905,-0.024324817,-0.352263084,0.004308775
4.521000,0.618900634,0.063156924,-2.872975581,-0.029935909,-0.346242057,0.001501682
4.522000,0.662757831,0.149890718,-2.782032394,-0.034398578,-0.341499882,0.002912758
4.523000,0.707227394,0.229939875,-2.841060678,-0.040763399,-0.335658062,0.002063561
4.524000,0.657109358,0.290473959,-2.993953243,-0.031465743,-0.330766045,0.003902043
4.525000,0.567583442,0.213325137,-2.925967782,-0.010615295,-0.331633975,0.000077098
4.526000,0.548479622,0.006631148,-2.879216587,0.001220678,-0.328040155,0.002093636
4.527000,0.572150688,-0.052567038,-2.886675246,0.005367778,-0.322646290,0.000125138
4.528000,0.607732508,-0.082153087,-2.894872475,-0.000768059,-0.316529595,-0.002606703
4.529000,0.687704145,-0.097199596,-2.701019686,-0.021782236,-0.311738201,-0.005934462
4.530000,0.724011132,-0.034695456,-2.729097753,-0.036721525,-0.305785037,-0.009126849
4.531000,0.718559166,0.075858805,-2.664576201,-0.036604297,-0.305169520,-0.011150949
4.532000,0.637269347,0.051352404,-2.690645273,-0.029795348,-0.307056306,-0.010051024
4.533000,0.608040417,0.089775765,-2.806080356,-0.023032567,-0.308712803,-0.008080627
4.534000,0.528217580,0.077015177,-2.816498876,-0.010685090,-0.307602320,-0.008199950
4.535000,0.532875179,0.040153451,-2.652489871,-0.012037924,-0.306475994,-0.008224951
4.536000,0.547350097,0.049835523,-2.598923348,-0.019007962,-0.299031309,-0.012024898
4.537000,0.585563986,0.085746596,-2.544546177,-0.024469296,-0.296428062,-0.016450318
4.538000,0.602724313,0.071814991,-2.441190855,-0.028293565,-0.294169671,-0.017312435
4.539000,0.608024186,0.095724901,-2.569115910,-0.032492210,-0.293860720,-0.017728999
4.540000,0.587491293,0.229818777,-2.594709262,-0.026474862,-0.292857669,-0.015699877
4.541000,0.547212929,0.335413174,-2.475414543,-0.023630090,-0.291665853,-0.014532538
4.542000,0.531979581,0.355708471,-2.529488180,-0.021032874,-0.287067299,-0.011772722
4.543000,0.501732614,0.269855910,-2.515614539,-0.012954583,-0.283527857,-0.014852562
4.544000,0.457755497,0.020487755,-2.404254779,-0.010625929,-0.284561011,-0.016329490
4.545000,0.449407801,-0.013131028,-2.541493028,-0.012520383,-0.279929271,-0.018713855
4.546000,0.514856349,0.083690135,-2.576900664,-0.012000467,-0.274412737,-0.021171092
4.547000,0.551415289,0.162889332,-2.416131442,-0.019277915,-0.273081803,-0.023426025
4.548000,0.542884760,0.130741384,-2.376682646,-0.022497173,-0.270263365,-0.023058494
4.549000,0.547172284,0.117561388,-2.394576263,-0.019092532,-0.268994623,-0.023288713
4.550000,0.518398143,0.057905365,-2.385870611,-0.009529900,-0.267917238,-0.023250011
4.551000,0.519363701,-0.009840064,-2.435580809,-0.010027900,-0.267466025,-0.022130081
4.552000,0.538630414,-0.094454695,-2.329097896,-0.007670658,-0.266273575,-0.023100425
4.553000,0.572577591,-0.078164461,-2.243083369,-0.007110270,-0.265788370,-0.028218806
4.554000,0.530245891,-0.081374845,-2.132003174,-0.003522368,-0.263791447,-0.030754065
4.555000,0.515644303,-0.092429063,-2.094271013,-0.000298161,-0.261965685,-0.031775910
4.556000,0.482427730,-0.017242723,-2.309423999,0.002102089,-0.258710928,-0.028026104
4.557000,0.505070942,0.021766314,-2.341679997,-0.003341487,-0.256375879,-0.023873851
4.558000,0.496344637,0.130935559,-2.196738799,-0.007882148,-0.256141089,-0.021334997
4.559000,0.465862528,0.158054200,-2.059688700,-0.009431860,-0.254977069,-0.020971643
4.560000,0.455622766,0.079807284,-1.994583634,-0.007935086,-0.253458160,-0.021006037
4.561000,0.392921655,0.006921298,-1.982572674,-0.012743441,-0.252269614,-0.022711437
4.562000,0.364140689,0.003464903,-2.003820792,-0.016278536,-0.252399283,-0.023658168
4.563000,0.356990988,0.058074805,-2.068947548,-0.017444323,-0.250517431,-0.025222266
4.564000,0.378920272,0.088643805,-1.939236633,-0.023204953,-0.251807569,-0.025610135
4.565000,0.381212655,0.182079504,-1.919332289,-0.019619894,-0.250151373,-0.025454112
4.566000,0.372611429,0.150442205,-2.018498623,-0.005890337,-0.247237880,-0.023440994
4.567000,0.334537170,0.020626155,-2.080011868,0.004245877,-0.244596233,-0.021120801
4.568000,0.335489103,-0.085752024,-2.060705760,0.008694715,-0.243614930,-0.016435534
4.569000,0.375302163,-0.055625457,-1.872642857,0.014914623,-0.240813563,-0.017985961
4.570000,0.386013737,-0.096224198,-1.732253514,0.010764213,-0.239392961,-0.019416246
4.571000,0.394247532,-0.141938482,-1.719266324,0.001479181,-0.235062076,-0.019275723
4.572000,0.379495776,-0.037346871,-1.847728021,-0.005789261,-0.231498885,-0.020697478
4.573000,0.346703548,-0.053916668,-1.737875160,-0.008049199,-0.235345584,-0.022392844
4.574000,0.352221733,-0.111352125,-1.688325977,-0.011378026,-0.235015204,-0.018656846
4.575000,0.319250353,0.029342815,-1.794807613,-0.006345378,-0.230779448,-0.017641180
4.576000,0.277297074,0.059658605,-1.828144705,0.004250527,-0.225929842,-0.017275412
4.577000,0.278927882,-0.111378058,-1.781568190,0.009929641,-0.222103013,-0.015012247
4.578000,0.289301369,-0.183030022,-1.825693566,0.012673954,-0.218516664,-0.013985206
4.579000,0.289650064,-0.166822428,-1.702315768,0.013960999,-0.215513958,-0.013281630
4.580000,0.310825325,-0.043387021,-1.578066814,0.016201754,-0.215965132,-0.012502482
4.581000,0.322732056,-0.050706034,-1.539825087,0.007156644,-0.215738253,-0.008689822
4.582000,0.344354230,0.050898570,-1.539238202,-0.006654680,-0.213035872,-0.002545294
4.583000,0.271389543,0.215761874,-1.469452288,-0.007990991,-0.211580243,-0.004617144
4.584000,0.190116495,0.196114989,-1.316939987,-0.004672704,-0.213667250,-0.003488784
4.585000,0.188856720,0.173334445,-1.427668976,-0.002487384,-0.210938832,0.001221126
4.586000,0.157622375,0.221758006,-1.650867770,0.011607429,-0.202715651,0.001248405
4.587000,0.136082883,0.046834962,-1.586334045,0.019152662,-0.200481597,-0.002333620
4.588000,0.252729494,-0.160879358,-1.532417920,0.014460246,-0.197478339,0.001785061
4.589000,0.284575797,-0.071104389,-1.459957166,0.010735775,-0.192121053,0.000618486
4.590000,0.258180705,-0.032839681,-1.267237437,0.008228030,-0.189941166,-0.001522714
4.591000,0.303775624,-0.085945414,-1.158550173,-0.003110810,-0.188373309,0.004352061
4.592000,0.313442381,0.038330172,-1.416488736,-0.002389521,-0.178231725,0.009727787
4.593000,0.230596343,0.090313773,-1.447139650,0.007838209,-0.177050053,0.007482715
4.594000,0.229593945,-0.044527474,-1.380396480,0.013677213,-0.177348029,0.009791063
4.595000,0.253647998,-0.061385788,-1.332400742,0.020279695,-0.172769975,0.011949446
4.596000,0.233183632,-0.079182245,-1.360385185,0.023572044,-0.166867833,0.010535895
4.597000,0.190905461,-0.094374725,-1.339783774,0.018750137,-0.164063094,0.009556031
4.598000,0.221367462,-0.052803273,-1.343976242,0.014475429,-0.159308257,0.010859431
4.599000,0.262965233,-0.038238690,-1.237362756,0.013628169,-0.156616022,0.010704892
4.600000,0.271023868,-0.040480450,-1.152662751,0.012994509,-0.154170454,0.013437377
4.601000,0.277084780,-0.036540364,-1.027201748,0.014476063,-0.151596979,0.016029620
4.602000,0.275816339,0.045194139,-1.114578089,0.013019068,-0.148575003,0.021294296
4.603000,0.228423589,0.148203280,-1.079990292,0.005128209,-0.148472295,0.023262934
4.604000,0.197797033,0.255745335,-1.070505696,-0.001706437,-0.146494552,0.024790942
4.605000,0.171722948,0.240349084,-1.009604842,0.000852930,-0.143777057,0.022152416
4.606000,0.140214096,0.114764536,-0.961338073,0.005766783,-0.141371522,0.021332987
4.607000,0.164482058,-0.011977583,-0.969475243,0.006376829,-0.138991278,0.020267438
4.608000,0.201987942,-0.024113273,-1.055188671,0.008942549,-0.132092195,0.023590074
4.609000,0.202147170,0.039582836,-1.019333015,0.006186461,-0.126863410,0.023753963
4.610000,0.232998506,0.079861008,-0.970075062,-0.000897696,-0.122483646,0.024786008
4.611000,0.274196666,0.138839737,-0.893588229,-0.002217073,-0.118978224,0.026624158
4.612000,0.230256546,0.134971336,-0.848741165,0.009010262,-0.117367160,0.026395533
4.613000,0.137852976,-0.002794018,-0.839098827,0.014289817,-0.118796514,0.027576619
4.614000,0.110991121,-0.015712366,-0.936117214,0.019126541,-0.117180973,0.028671377
4.615000,0.123900412,0.038637521,-0.924352126,0.022111194,-0.112586704,0.027144502
4.616000,0.145325526,-0.098776481,-0.756784219,0.014047216,-0.110390990,0.025204891
4.617000,0.217481818,-0.111356564,-0.737312853,0.002492487,-0.106584775,0.026211193
4.618000,0.185633493,-0.060685949,-0.726224027,0.007118681,-0.101585499,0.023939246
4.619000,0.159822776,-0.139446876,-0.754649538,0.011962721,-0.099725838,0.023674745
4.620000,0.152523576,-0.209000492,-0.770069384,0.007797558,-0.099302145,0.030313550
4.621000,0.137932897,0.001884243,-0.872398527,0.008259024,-0.094842381,0.033800424
4.622000,0.115378977,0.104598643,-0.671075624,0.006278983,-0.093808645,0.033055516
4.623000,0.106159292,0.046448496,-0.502958894,-0.009419363,-0.093077377,0.035046281
4.624000,0.091894555,0.186913473,-0.544445701,-0.015072036,-0.088192061,0.035064316
4.625000,0.017718755,0.196470137,-0.570964315,-0.007919934,-0.088101346,0.030010476
4.626000,0.001936962,-0.011314923,-0.541088548,-0.005761197,-0.087749170,0.029495975
4.627000,0.059934796,-0.108427513,-0.610712896,-0.005602949,-0.086385694,0.033346731
4.628000,0.127523489,-0.000807904,-0.617610266,-0.001586520,-0.081711189,0.035400936
4.629000,0.114436369,0.031531915,-0.373133798,-0.007486911,-0.078056539,0.035052476
4.630000,0.078461050,0.044441197,-0.351184729,-0.021516307,-0.071621173,0.037501184
4.631000,0.088652222,0.123326203,-0.429329853,-0.026517808,-0.067451241,0.037601826
4.632000,0.052562908,0.135304770,-0.523897422,-0.024642091,-0.063859021,0.036226421
4.633000,0.017837127,0.044568612,-0.618109183,-0.023297696,-0.061206396,0.035571458
4.634000,0.038777093,0.025597848,-0.696149572,-0.022288522,-0.058858700,0.036320289
4.635000,0.066512199,0.045779726,-0.558633227,-0.018770455,-0.056442374,0.035753042
4.636000,0.128604206,-0.094729144,-0.387525393,-0.016644374,-0.053020217,0.032923650
4.637000,0.196322794,-0.240783456,-0.276494755,-0.019057915,-0.051562433,0.033903598
4.638000,0.192612101,-0.226469588,-0.314455183,-0.019515442,-0.050571004,0.034763170
4.639000,0.153047391,-0.148036365,-0.379819668,-0.020342867,-0.048581239,0.033522256
4.640000,0.141866678,-0.086616721,-0.380080750,-0.023764461,-0.046900943,0.032902819
4.641000,0.148676229,-0.038455503,-0.363040586,-0.024819926,-0.044563627,0.032915183
4.642000,0.157594085,-0.001955274,-0.302050126,-0.024825725,-0.042125544,0.031536571
4.643000,0.115497080,-0.023069856,-0.234926877,-0.030593237,-0.040067510,0.030311242
4.644000,0.123169529,-0.001996596,-0.269987766,-0.036966444,-0.039735986,0.030913982
4.645000,0.089300328,-0.003960611,-0.344861112,-0.039824794,-0.037737055,0.031077060
4.646000,0.139930963,0.022888116,-0.309794396,-0.040343462,-0.036099248,0.031171582
4.647000,0.155536352,0.062088095,-0.352349367,-0.040198825,-0.031369110,0.031932206
4.648000,0.158498144,0.059260731,-0.262637139,-0.031600838,-0.030567285,0.030955060
4.649000,0.101597697,-0.048285916,-0.188341834,-0.026156310,-0.032281426,0.028551674
4.650000,0.095138960,-0.103945935,-0.170596540,-0.029456448,-0.034868830,0.030797725
4.651000,0.089262483,0.007246382,-0.182183093,-0.034474909,-0.034915028,0.030467239
4.652000,0.086201945,-0.001017226,-0.102164680,-0.044227032,-0.034492770,0.030027160
4.653000,0.061397879,-0.009011296,-0.094308367,-0.056782704,-0.031980500,0.029637056
4.654000,0.028871577,0.036062472,-0.080577401,-0.058704041,-0.028864480,0.027817943
4.655000,0.003672203,0.009946214,-0.138774542,-0.059315610,-0.028387299,0.026712019
4.656000,0.032452685,-0.003421760,-0.198257681,-0.058342486,-0.026367906,0.026689699
4.657000,0.025708798,0.029587118,-0.167631513,-0.054680465,-0.025512564,0.025823085
4.658000,0.022411818,-0.017212110,-0.164396628,-0.053170686,-0.024773736,0.025706560
4.659000,0.005100591,-0.067537535,-0.133015007,-0.055522872,-0.024999682,0.026452161
4.660000,-0.011078654,-0.041958821,-0.203829694,-0.051530219,-0.022665533,0.027437582
4.661000,-0.019692621,-0.024523024,-0.139249076,-0.047847618,-0.023198451,0.026127193
4.662000,0.009226193,-0.050556839,-0.110187034,-0.045498031,-0.021048018,0.026032608
4.663000,-0.000981080,-0.014708346,-0.047020588,-0.044023442,-0.020459485,0.023549049
4.664000,-0.000875323,0.071793839,-0.025993828,-0.046919977,-0.019512224,0.022376670
4.665000,-0.013387115,0.083948960,-0.020359192,-0.054989010,-0.018887649,0.020930393
4.666000,-0.024313650,0.066422981,-0.005574860,-0.061741566,-0.019023879,0.019818955
4.667000,-0.004861373,0.036316051,0.098104640,-0.070634129,-0.019873011,0.019448367
4.668000,-0.010384511,0.053337587,0.104685043,-0.074118369,-0.018830774,0.019242550
4.669000,-0.015638536,0.016643875,0.022854005,-0.076669181,-0.017819266,0.019305874
4.670000,-0.015143281,0.039973618,-0.066627506,-0.077749130,-0.016261392,0.019898673
4.671000,-0.017927320,0.103047867,-0.043633018,-0.078757914,-0.015118083,0.019168669
4.672000,0.009589783,0.110340505,0.059653718,-0.079616160,-0.014067148,0.018518571
4.673000,0.038123779,0.186666644,0.106296696,-0.079220346,-0.013474269,0.017588191
4.674000,0.037796002,0.272115964,0.109690050,-0.075865266,-0.010492156,0.016281966
4.675000,0.025827097,0.278885359,0.054180220,-0.069608382,-0.008298286,0.015963496
4.676000,0.033424755,0.232361054,-0.048966301,-0.058054342,-0.006779720,0.014772782
4.677000,0.016441205,0.128795580,-0.131251505,-0.047574641,-0.004742356,0.012300338
4.678000,0.045051394,0.020472874,-0.070200813,-0.040302095,-0.003998698,0.009024160
4.679000,0.101684310,0.006757426,0.043424251,-0.043189841,-0.004526307,0.008300087
4.680000,0.111691832,0.083197563,0.124522255,-0.049462925,-0.002063631,0.005736065
4.681000,0.084857275,0.100744250,0.183688131,-0.058156540,-0.001717871,0.002050350
4.682000,0.087873087,0.044181646,0.179382783,-0.065049513,0.000062157,0.001371864
4.683000,0.081809559,0.009822431,0.128389554,-0.068083626,0.000750971,0.002149044
4.684000,0.084667686,0.029980387,0.168685619,-0.070927005,0.000508264,0.002458451
4.685000,0.087315848,0.053364125,0.167980431,-0.075576601,0.000224240,0.004466876
4.686000,0.093349067,0.112469443,0.193793216,-0.079460717,0.001124709,0.004007558
4.687000,0.053256556,0.146823160,0.234934555,-0.077944924,0.002064732,0.001660959
4.688000,0.010365033,0.101767151,0.183747640,-0.072530180,0.004479122,0.000096867
4.689000,-0.026967319,0.088429679,0.152817492,-0.062404136,0.005076565,-0.003072308
4.690000,-0.028058245,0.122285019,0.160435433,-0.053233653,0.005444938,-0.004387971
4.691000,-0.001662624,0.217471158,0.194919298,-0.051380518,0.007738295,-0.004372719
4.692000,0.016619635,0.346409261,0.214476836,-0.050672116,0.011754313,-0.006034265
4.693000,-0.026538496,0.357728881,0.319055267,-0.049803892,0.013164038,-0.009523342
4.694000,-0.061558400,0.301673953,0.255245874,-0.048376029,0.014350847,-0.010004589
4.695000,-0.110229367,0.240601465,0.191837682,-0.041955879,0.014324199,-0.011838860
4.696000,-0.120499414,0.125480374,0.254041351,-0.037993887,0.013404596,-0.013249503
4.697000,-0.089335581,0.042503870,0.316692676,-0.041671183,0.016154296,-0.012400000
4.698000,-0.054480983,0.067878540,0.287748888,-0.044622470,0.021743557,-0.013979567
4.699000,-0.037780219,0.065153273,0.371659490,-0.045907870,0.024603317,-0.017338918
4.700000,-0.050553873,-0.025628977,0.351440278,-0.046848214,0.027264008,-0.018787497
4.701000,-0.053862699,-0.046300918,0.258733794,-0.042633469,0.029473191,-0.019121795
4.702000,-0.051875817,-0.026586962,0.259701710,-0.030946947,0.031403811,-0.021617628
4.703000,-0.045673182,-0.108502745,0.375788143,-0.026665642,0.032205095,-0.023320237
4.704000,-0.009111657,-0.132631945,0.404290065,-0.028340299,0.035305675,-0.022139071
4.705000,0.011708513,-0.019777482,0.391030571,-0.029446516,0.038501663,-0.023991037
4.706000,-0.004613596,0.037653038,0.460898493,-0.028477280,0.039855780,-0.027235584
4.707000,-0.037304779,0.034316574,0.455097800,-0.024464405,0.042415736,-0.028942414
4.708000,-0.059041098,0.102327166,0.390954162,-0.014474902,0.044660843,-0.029200510
4.709000,-0.048233572,0.145730004,0.368449367,-0.002311655,0.047190660,-0.029742654
4.710000,-0.028073804,0.153982853,0.423515072,0.003468612,0.049501623,-0.029341050
4.711000,-0.006473377,0.194547587,0.441428665,0.002626116,0.053281318,-0.028940756
4.712000,-0.000203195,0.248566126,0.488322609,0.003601125,0.054943611,-0.029826148
4.713000,-0.022151315,0.226310435,0.519444431,0.004756240,0.057813675,-0.030327075
4.714000,-0.042434667,0.190944249,0.491810615,0.010028183,0.061130899,-0.030380198
4.715000,-0.049993358,0.153514053,0.416900403,0.020684092,0.063824669,-0.031540311
4.716000,-0.034153468,0.003428753,0.431925234,0.030945560,0.065835367,-0.032299632
4.717000,0.015434071,-0.102096236,0.462072449,0.033478631,0.068405417,-0.031360146
4.718000,0.080415901,-0.071156740,0.465360598,0.036159023,0.073679879,-0.031828666
4.719000,0.099537518,-0.110976038,0.584570411,0.037008239,0.076082934,-0.033362396
4.720000,0.087230224,-0.169952735,0.674189630,0.037404968,0.078350365,-0.033534102
4.721000,0.069043066,-0.162678392,0.710181357,0.042722353,0.079425310,-0.033436866
4.722000,0.064321658,-0.135969816,0.686375069,0.053901495,0.082902811,-0.033134019
4.723000,0.050757091,-0.119353470,0.675211155,0.058877253,0.086000102,-0.032685934
4.724000,0.057732772,-0.086538600,0.652292246,0.063662048,0.089610599,-0.031495108
4.725000,0.035849426,-0.052523633,0.623385975,0.070574564,0.091529840,-0.032509035
4.726000,0.024284990,-0.118012254,0.734617762,0.077057192,0.093075889,-0.033297842
4.727000,0.020253634,-0.197199659,0.848892030,0.076517125,0.093129636,-0.031694360
4.728000,0.021581885,-0.119319640,0.823464967,0.074893140,0.095233566,-0.028334963
4.729000,0.009488683,0.030079551,0.798873257,0.072524458,0.097008885,-0.026068201
4.730000,-0.006006720,0.122006780,0.757831526,0.070983909,0.097926990,-0.022777708
4.731000,-0.038174008,0.184697078,0.644339628,0.074764024,0.100508942,-0.020444484
4.732000,-0.099573710,0.156980931,0.633837666,0.090268667,0.103154712,-0.019924850
4.733000,-0.125632546,-0.068259565,0.774228617,0.100197600,0.103413967,-0.018211610
4.734000,-0.099457511,-0.262473755,0.858083483,0.101036041,0.103296792,-0.013712556
4.735000,-0.055230745,-0.206533201,0.853476277,0.092470703,0.107154020,-0.010143067
4.736000,0.001815695,-0.047612875,0.992987714,0.078262137,0.109051260,-0.007256422
4.737000,0.023216730,0.093913932,0.992882797,0.070746637,0.112815792,-0.005581085
4.738000,-0.020003831,0.154821281,0.846302576,0.086788466,0.118045832,-0.006789814
4.739000,-0.087458224,-0.113139902,0.767530858,0.119577885,0.119563280,-0.007990498
4.740000,-0.095386413,-0.490125405,0.737282862,0.142629975,0.119355884,-0.006903577
4.741000,-0.005903170,-0.545366910,0.814492685,0.135838093,0.121722487,-0.003539710
4.742000,0.087004934,-0.322704770,1.083241078,0.109529355,0.124620808,-0.002299386
4.743000,0.114863498,-0.038448922,1.363163111,0.079179473,0.127907289,-0.003675855
4.744000,0.075348085,0.107270176,1.313299471,0.068657873,0.129520134,-0.005445324
4.745000,-0.013776242,0.121323119,0.982056188,0.093998052,0.129949156,-0.005056920
4.746000,-0.076453684,-0.094492066,0.600349661,0.136786192,0.132143786,-0.001117252
4.747000,-0.062894817,-0.418395549,0.526597602,0.160930443,0.132159318,0.004550821
4.748000,0.009057351,-0.541645883,0.790385079,0.154752312,0.133558969,0.009206315
4.749000,0.100223017,-0.340181724,1.195224668,0.116668408,0.138430157,0.009509814
4.750000,0.124829844,-0.102185638,1.455214509,0.081579660,0.140476033,0.008763801
4.751000,0.096759829,0.075498368,1.413670694,0.067766382,0.140349222,0.011154979
4.752000,0.001159910,0.105281110,0.977493774,0.085041664,0.143492791,0.012263838
4.753000,-0.069482536,-0.018209407,0.700499920,0.118721272,0.145295035,0.015180461
4.754000,-0.076748948,-0.180789293,0.626067190,0.142165611,0.148090198,0.019830145
4.755000,-0.002862920,-0.288779302,0.860931365,0.141932242,0.149903083,0.024879929
4.756000,0.117377901,-0.242828483,1.227735951,0.119799182,0.151116787,0.027839661
4.757000,0.142732501,-0.124235648,1.575491404,0.083194453,0.150909220,0.025095114
4.758000,0.079318346,0.038525602,1.536571045,0.056585275,0.150716530,0.021020907
4.759000,-0.046486017,0.021246477,1.110358593,0.064256755,0.153884455,0.017616299
4.760000,-0.145444365,-0.154409174,0.669094054,0.105759489,0.155229304,0.014667794
4.761000,-0.053140345,-0.382261985,0.489034025,0.140930639,0.155407096,0.020358514
4.762000,0.095075713,-0.361518239,0.719292628,0.133335611,0.157241947,0.024938803
4.763000,0.230493677,-0.200224011,1.065730409,0.107932415,0.160609075,0.027054830
4.764000,0.245169284,-0.067036270,1.407253507,0.069594178,0.161507049,0.025478006
4.765000,0.106289230,-0.041570211,1.457972333,0.040524719,0.160425316,0.022647732
4.766000,-0.055529307,-0.104075202,1.087571531,0.048170865,0.157684494,0.016216407
4.767000,-0.076935307,-0.290577993,0.818319023,0.087504874,0.154318138,0.016236107
4.768000,0.073014153,-0.417201339,0.663096749,0.112274869,0.155239295,0.022797538
4.769000,0.220987136,-0.359656526,0.754696820,0.109161088,0.161680629,0.027185979
4.770000,0.282536829,-0.171731934,1.125033955,0.075195660,0.162376099,0.026201498
4.771000,0.252996157,0.031881128,1.519030856,0.032353774,0.156735125,0.025481688
4.772000,0.060915861,0.132183485,1.537109169,0.007928756,0.150893969,0.022755271
4.773000,-0.121349788,0.026862536,1.352182353,0.027465288,0.144397144,0.018433360
4.774000,-0.136165425,-0.117398491,1.025171239,0.056948981,0.143503509,0.019938968
4.775000,-0.025446402,-0.172584521,0.815217287,0.080306366,0.148698009,0.024085103
4.776000,0.130024845,-0.072899747,0.767915134,0.078683467,0.155669797,0.026218949
4.777000,0.212644628,0.128301227,0.978553074,0.054124936,0.157087288,0.024529902
4.778000,0.133264241,0.244271106,1.463479594,0.019236539,0.151024549,0.020090062
4.779000,-0.062464023,0.162637168,1.636634844,0.005508936,0.144439767,0.015036559
4.780000,-0.223695766,-0.035066706,1.422199459,0.022534716,0.139770650,0.010954848
4.781000,-0.196169789,-0.165297016,1.052111614,0.049061716,0.143020432,0.010905355
4.782000,-0.038574994,-0.161602055,0.868029594,0.063919326,0.151616216,0.012360900
4.783000,0.136867082,-0.096456128,0.976164295,0.055063764,0.158357653,0.011446483
4.784000,0.192088194,-0.039286216,1.281506245,0.031232833,0.158026403,0.007558116
4.785000,0.103521902,-0.034146486,1.496493761,0.012860019,0.153163572,0.004488109
4.786000,-0.098627823,-0.112719513,1.592275431,0.008734341,0.146156545,0.000908212
4.787000,-0.220556690,-0.224791514,1.422885416,0.021111144,0.143208828,0.000654009
4.788000,-0.148145011,-0.259945381,1.220431080,0.035215151,0.148038871,0.002490559
4.789000,0.000784591,-0.199702309,1.068307786,0.038569558,0.157284622,0.004026059
4.790000,0.072836261,-0.133631171,1.113786514,0.032442633,0.161931068,0.003548059
4.791000,0.091308785,-0.006794412,1.288801899,0.016904201,0.162339529,0.001963175
4.792000,-0.027562923,0.091552682,1.445911281,0.008252089,0.156222912,-0.001951806
4.793000,-0.176917915,0.091911137,1.553215808,0.011259970,0.151602718,-0.004819212
4.794000,-0.208212180,0.039442656,1.493447572,0.019203689,0.152753431,-0.005282114
4.795000,-0.142495600,0.036637500,1.392747740,0.026355217,0.159785057,-0.004754538
4.796000,-0.010030195,0.036147632,1.343587440,0.027033936,0.168146220,-0.004404159
4.797000,0.087634989,0.065973064,1.336939395,0.017833633,0.173137565,-0.003990783
4.798000,0.069809735,0.123910158,1.432160270,0.009978249,0.173290188,-0.004671264
4.799000,-0.013527645,0.143045683,1.588814012,0.006797728,0.171902954,-0.005814533
4.800000,-0.086794784,0.087815744,1.645109612,0.005416215,0.171874476,-0.004808813
4.801000,-0.094535262,0.058796424,1.617616223,0.008378293,0.174746932,-0.003076575
4.802000,-0.045821241,0.039927173,1.523854506,0.011285391,0.180446040,-0.002764708
4.803000,0.062601292,0.021362310,1.332598377,0.010628865,0.189827514,-0.003196688
4.804000,0.139123771,-0.001395793,1.268803875,0.010366424,0.196886700,-0.005450872
4.805000,0.164132323,-0.027352864,1.354123851,0.011731307,0.199209214,-0.008754272
4.806000,0.113467071,-0.071863715,1.536535851,0.015084298,0.199173580,-0.012589105
4.807000,0.081733251,-0.115314562,1.663173011,0.023210569,0.200131069,-0.014278092
4.808000,0.106154439,-0.119521263,1.646980816,0.028667278,0.204122930,-0.014239432
4.809000,0.190998197,-0.086895777,1.487864081,0.029575668,0.211771298,-0.012404644
4.810000,0.244295978,-0.058928399,1.436960840,0.027029636,0.218522280,-0.013043916
4.811000,0.279239387,-0.069650593,1.533082926,0.024832161,0.221919616,-0.012797511
4.812000,0.271062266,-0.051467562,1.739387380,0.022340879,0.223888656,-0.010695874
4.813000,0.212230332,0.019559265,1.850460950,0.022939222,0.226355773,-0.008979220
4.814000,0.172990057,0.063476930,1.857130041,0.022574750,0.228323225,-0.006921695
4.815000,0.177692945,0.066000280,1.731460091,0.022291787,0.232962310,-0.003366893
4.816000,0.199792501,0.069766533,1.630360958,0.023235023,0.238963417,-0.002539075
4.817000,0.241216792,0.052364431,1.612971129,0.028196611,0.246234558,-0.002011974
4.818000,0.265690924,0.008715217,1.726430912,0.032565934,0.250099894,-0.002238672
4.819000,0.262900779,-0.007140939,1.763205959,0.034966284,0.252698915,-0.001752148
4.820000,0.236164041,0.002243491,1.811629520,0.033445031,0.255106235,-0.001312011
4.821000,0.223740478,0.036473703,1.800583201,0.031789655,0.257613215,-0.000487400
4.822000,0.207893051,-0.006640983,1.839842424,0.029451150,0.261292691,-0.000138038
4.823000,0.216426025,-0.068374254,1.816344240,0.027561855,0.266407549,0.000619352
4.824000,0.234046884,-0.081421634,1.830670987,0.025582271,0.270769153,-0.000008111
4.825000,0.263971287,-0.054775010,1.841348307,0.022469822,0.274147180,0.000788691
4.826000,0.262286950,-0.026026146,1.957716333,0.020780069,0.276466267,0.000995224
4.827000,0.256074494,-0.019302718,2.011711305,0.020574223,0.279783524,0.001498791
4.828000,0.254392532,-0.029204811,2.042669375,0.021037530,0.283899244,0.003462492
4.829000,0.265937242,-0.045014892,1.980012640,0.025513405,0.288900307,0.005425920
4.830000,0.237742445,-0.082290542,1.905304787,0.033091004,0.294280670,0.005059545
4.831000,0.237562432,-0.093182000,1.895872249,0.036693058,0.297754023,0.005646969
4.832000,0.264321373,-0.076320305,1.925641771,0.039529266,0.302012759,0.006935319
4.833000,0.273750829,-0.012648928,2.001667297,0.042522238,0.307319625,0.005452222
4.834000,0.279668228,-0.020425492,2.063970529,0.041193233,0.311880899,0.004889265
4.835000,0.278645621,-0.023132262,1.968596307,0.041126464,0.316936317,0.004759463
4.836000,0.258584770,-0.048368869,1.893003622,0.045598674,0.320297293,0.003478845
4.837000,0.253648529,-0.127545442,1.957922163,0.046348161,0.322332792,0.003654332
4.838000,0.284082592,-0.146781428,2.010886057,0.042850979,0.325663886,0.006495827
4.839000,0.339488012,-0.069341488,2.053575158,0.041980602,0.329574650,0.007430753
4.840000,0.331931944,-0.044221379,2.121387237,0.040512227,0.333393475,0.005632347
4.841000,0.310553894,-0.079464542,2.092585104,0.042317162,0.336808975,0.005704106
4.842000,0.297218766,-0.125691388,1.982643256,0.050553566,0.340291347,0.004808008
4.843000,0.326996149,-0.209134324,1.992526179,0.060035832,0.344553091,0.005247544
4.844000,0.370770625,-0.261509065,2.087491891,0.058352121,0.349211034,0.006062993
4.845000,0.407021848,-0.143187260,2.070190912,0.054593578,0.354532579,0.005451964
4.846000,0.404382850,-0.061872220,2.127433302,0.053581312,0.356934035,0.001961938
4.847000,0.388801770,-0.084950585,2.130975312,0.053229566,0.359527672,0.000498021
4.848000,0.383300775,-0.137224395,2.096296704,0.056499078,0.362136160,-0.000193091
4.849000,0.399401923,-0.125920923,2.058750597,0.062464478,0.364513682,0.000627688
4.850000,0.389511837,-0.153428035,2.199124665,0.065591477,0.366711748,0.001160553
4.851000,0.405260437,-0.093316304,2.211535903,0.060488678,0.371211903,0.002586636
4.852000,0.408415369,0.027318817,2.191504163,0.059051377,0.376791212,0.001661110
4.853000,0.403191777,-0.007193606,2.123502692,0.060188787,0.381358982,-0.000316246
4.854000,0.402538818,-0.102997469,2.097897992,0.062130664,0.384481668,-0.002346921
4.855000,0.413497349,-0.124762709,2.054531197,0.068644168,0.388307254,-0.003875050
4.856000,0.439630728,-0.183881303,2.118030145,0.074975214,0.391146706,-0.004408664
4.857000,0.454678440,-0.187723748,2.172940096,0.077317720,0.395509944,-0.005672993
4.858000,0.469124116,-0.172550470,2.247091179,0.071421432,0.397290879,-0.005347597
4.859000,0.446490444,-0.176213182,2.261528941,0.064966403,0.399272413,-0.006197019
4.860000,0.437904177,-0.191966756,2.280528855,0.060583519,0.400003225,-0.006956345
4.861000,0.429364803,-0.177839043,2.329922471,0.056607717,0.402475100,-0.005591843
4.862000,0.441565808,-0.205196370,2.459665191,0.054948924,0.405203140,-0.003459286
4.863000,0.441234037,-0.197775821,2.492859944,0.052430242,0.408984454,-0.002336653
4.864000,0.443790115,-0.126359536,2.415061525,0.045961742,0.413994564,-0.002061718
4.865000,0.432125503,-0.024487248,2.363675984,0.040736842,0.417634908,-0.002056483
4.866000,0.411097209,-0.016591944,2.377416037,0.038853137,0.419612115,-0.002197917
4.867000,0.404880972,-0.044283115,2.412266136,0.041291243,0.423358402,-0.003718847
4.868000,0.398539207,-0.050477743,2.414923064,0.045636871,0.428151702,-0.004818090
4.869000,0.392257932,-0.043665075,2.403129267,0.055240871,0.431947205,-0.005053231
4.870000,0.397338646,-0.065205308,2.366649592,0.056719483,0.434920808,-0.004665688
4.871000,0.407825503,-0.024879636,2.322965327,0.050945945,0.437554965,-0.005140956
4.872000,0.423100016,0.032999143,2.418050621,0.043932898,0.438941243,-0.005629647
4.873000,0.447185279,0.046314682,2.552537274,0.040395734,0.440782165,-0.004570088
4.874000,0.428471273,0.057824109,2.615582778,0.036724037,0.445044591,-0.004879342
4.875000,0.415967053,-0.015642975,2.579265415,0.039513167,0.450007405,-0.004558664
4.876000,0.429986568,-0.127330401,2.501911682,0.036114656,0.453335703,-0.002256878
4.877000,0.488744692,-0.202753456,2.472579686,0.030210723,0.456116536,0.000694940
4.878000,0.532819114,-0.159017278,2.577413348,0.019762018,0.459432256,0.001822379
4.879000,0.551011863,-0.060301838,2.691679200,0.013397142,0.464509511,0.000621869
4.880000,0.524614033,-0.026001019,2.824672748,0.009922335,0.468658185,-0.002237915
4.881000,0.522374565,-0.004446796,2.718109167,0.016114790,0.472711153,-0.002725159
4.882000,0.481204539,-0.004108266,2.536746341,0.027117138,0.474613932,-0.003898138
4.883000,0.486464881,-0.066491316,2.423134994,0.039063216,0.477769091,-0.005092657
4.884000,0.509134468,-0.134410317,2.497031302,0.042910040,0.481962929,-0.005614304
4.885000,0.581281649,-0.092248087,2.585407865,0.039806446,0.488008700,-0.006989528
4.886000,0.613708831,-0.042587760,2.775814459,0.027018202,0.491887739,-0.009357942
4.887000,0.616051113,0.035817388,2.846957580,0.013556909,0.493008709,-0.009021726
4.888000,0.556469815,0.118060448,2.795852441,0.009466707,0.494554181,-0.008580805
4.889000,0.530658715,0.120882478,2.682333797,0.015408352,0.497587646,-0.008293426
4.890000,0.538436438,0.014309875,2.721450531,0.021767389,0.500533707,-0.006964085
4.891000,0.601455648,-0.025054134,2.770168976,0.019984959,0.504255200,-0.003756798
4.892000,0.617329082,0.000003765,2.805923558,0.012426488,0.507311757,-0.002017529
4.893000,0.600294162,0.052110301,2.956243084,-0.000531766,0.509765483,-0.003112995
4.894000,0.586921095,0.074962420,2.963195478,-0.006381515,0.512748126,-0.004849104
4.895000,0.562587719,0.085666203,2.931803594,-0.006596829,0.516432945,-0.006369800
4.896000,0.540409263,0.037838914,2.817779053,0.009165023,0.521748012,-0.010359353
4.897000,0.528656770,-0.069852472,2.721927783,0.026585002,0.525890312,-0.013249757
4.898000,0.584356609,-0.132661877,2.704493829,0.032855285,0.529522688,-0.013889147
4.899000,0.664660484,-0.045043261,2.802877109,0.030129012,0.533083622,-0.013803480
4.900000,0.675891182,0.047413319,2.981668483,0.019422206,0.536315680,-0.015469146
4.901000,0.620840384,0.100284475,3.110214682,0.010447821,0.537916458,-0.013609594
4.902000,0.518959511,0.054007080,3.034915971,0.013601920,0.540359514,-0.012509166
4.903000,0.485701491,-0.030242899,2.919472886,0.023433410,0.542111799,-0.012479111
4.904000,0.518166918,-0.126757904,2.848289073,0.028749359,0.547231936,-0.011709420
4.905000,0.592033940,-0.116229998,2.894776653,0.027316072,0.554357408,-0.010278662
4.906000,0.614652393,-0.086337010,3.029947809,0.017378053,0.559182923,-0.014525726
4.907000,0.624264630,-0.084929888,3.127774001,0.002421167,0.558834878,-0.014168752
4.908000,0.584692502,-0.057729294,3.176002516,-0.007811787,0.557316599,-0.013482424
4.909000,0.525027161,-0.020939006,3.090741086,-0.009201572,0.559623847,-0.011526795
4.910000,0.474394980,-0.008465749,3.014759777,-0.005161135,0.561563950,-0.009119116
4.911000,0.491967373,0.068954373,2.900004411,0.005109800,0.567491101,-0.007230192
4.912000,0.521290882,0.091450877,2.844642492,0.012801321,0.573502544,-0.007359824
4.913000,0.542125065,0.079137799,2.837559185,0.019788987,0.578804721,-0.008803947
4.914000,0.543567201,0.023712340,2.946353556,0.019045832,0.582203415,-0.011613625
4.915000,0.567849054,-0.014647993,3.015694230,0.016190910,0.586645349,-0.012036319
4.916000,0.580785056,-0.035611792,3.168456970,0.015485524,0.587191831,-0.013941265
4.917000,0.603642875,-0.058941704,3.206665721,0.012113332,0.590731119,-0.011074295
4.918000,0.605182914,-0.036088180,3.177591150,0.008603948,0.592616787,-0.010863013
4.919000,0.632935992,-0.010385052,3.153597502,0.007470844,0.598591796,-0.010998929
4.920000,0.659536197,-0.030267867,3.267113502,0.002226730,0.599809105,-0.009377976
4.921000,0.636284855,-0.032740596,3.236853731,-0.005598151,0.605589812,-0.006937851
4.922000,0.628215090,-0.023153415,3.160754764,-0.010201666,0.606943733,-0.006309014
4.923000,0.592940682,0.037560573,3.074205797,-0.007699952,0.611342080,-0.006389774
4.924000,0.630563653,-0.008644191,3.062832192,-0.004644977,0.614453514,-0.006260926
4.925000,0.661071058,-0.055667736,3.003512797,0.010857314,0.621116353,-0.007159268
4.926000,0.657436356,-0.218293471,2.942263608,0.028855799,0.627200934,-0.010972396
4.927000,0.716580740,-0.360380584,3.051106123,0.038725702,0.630057302,-0.010652759
4.928000,0.791031957,-0.306210604,3.154125645,0.031693839,0.631981301,-0.008988482
4.929000,0.825813840,-0.136026366,3.328610885,0.015847405,0.632945418,-0.009010281
4.930000,0.784453141,0.025447609,3.437447374,-0.003038560,0.632470264,-0.010109829
4.931000,0.752068719,0.115106242,3.374264206,-0.005036907,0.637149862,-0.008576203
4.932000,0.667850254,0.065113984,3.190782475,0.005827304,0.639948220,-0.008132912
4.933000,0.679169983,-0.092366649,3.079370031,0.020216252,0.641391796,-0.002900660
4.934000,0.698940737,-0.151391710,3.116761081,0.022018163,0.640318904,0.002410231
4.935000,0.750191196,-0.034695052,3.227280413,0.018777622,0.643930832,0.003894800
4.936000,0.749067142,0.030730182,3.354736201,0.008079729,0.646827292,0.003013209
4.937000,0.721682843,0.022357369,3.362048695,0.002655216,0.649843712,0.002510578
4.938000,0.664429455,-0.083352233,3.250145077,0.009555632,0.652036731,-0.001944005
4.939000,0.648272701,-0.225406123,3.283139244,0.017888357,0.654016907,-0.001394094
4.940000,0.676249201,-0.183805406,3.156497664,0.024805672,0.655042550,0.000487980
4.941000,0.734552275,-0.045145282,3.240861298,0.026125519,0.657658805,0.002562312
4.942000,0.767899315,0.026289047,3.300265639,0.020116890,0.659362792,0.004965386
4.943000,0.737479320,0.030366289,3.302991806,0.012646483,0.663290531,0.005702784
4.944000,0.638781167,-0.035461188,3.305859455,0.011485813,0.662203712,0.008906412
4.945000,0.623006566,-0.154821722,3.293959781,0.019010183,0.663459020,0.013365371
4.946000,0.629539777,-0.206775869,3.274548576,0.027765205,0.664279334,0.015422521
4.947000,0.657009285,-0.239726686,3.264387672,0.036485368,0.667311414,0.013730133
4.948000,0.697380422,-0.258220484,3.285031477,0.029854724,0.666344789,0.012004689
4.949000,0.740277571,-0.149300648,3.208135218,0.024572593,0.669980782,0.010146546
4.950000,0.695342233,-0.104858175,3.370311786,0.021140726,0.666875896,0.009025305
4.951000,0.678308456,-0.088586570,3.412007376,0.022980996,0.664373451,0.013269875
4.952000,0.637521491,-0.039487275,3.320877957,0.029438240,0.665694492,0.015675154
4.953000,0.608718516,-0.096200112,3.253396146,0.041023633,0.668030270,0.018258117
4.954000,0.654660132,-0.203826683,3.308843449,0.042136915,0.670317736,0.023968536
4.955000,0.702116873,-0.198661628,3.299198011,0.039746044,0.671137973,0.026073082
4.956000,0.752804336,-0.076282367,3.382237856,0.028814504,0.671048493,0.025328296
4.957000,0.715174682,0.009106540,3.413925516,0.028725441,0.670410989,0.022166809
4.958000,0.631907326,-0.062355566,3.332266788,0.029628004,0.667368865,0.019521397
4.959000,0.612152237,-0.064883410,3.185241337,0.036106340,0.670089076,0.021626986
4.960000,0.620149660,-0.062152459,3.182064654,0.046327834,0.669081174,0.022947381
4.961000,0.678678899,-0.087817184,3.234131567,0.044919761,0.668087307,0.025610904
4.962000,0.711606253,-0.022818813,3.206769867,0.040889654,0.669306035,0.026572623
4.963000,0.743282961,-0.024481493,3.257551771,0.035987727,0.670252607,0.028414530
4.964000,0.719096747,-0.072629343,3.390146140,0.032661640,0.667934211,0.027151555
4.965000,0.706697449,-0.155381535,3.384971103,0.031062328,0.663862476,0.028078295
4.966000,0.700197456,-0.120842790,3.316428741,0.036234778,0.662971318,0.029096272
4.967000,0.697536898,-0.064239740,3.310027319,0.046777464,0.661820715,0.028180648
4.968000,0.654737048,-0.082640108,3.203645760,0.055698644,0.664440804,0.024084476
4.969000,0.663772338,-0.223069381,3.091607569,0.061752683,0.665053350,0.023864417
4.970000,0.717308166,-0.326904669,3.091264685,0.051378909,0.664547346,0.023824916
4.971000,0.769503365,-0.143421633,3.211563510,0.043455399,0.658549687,0.023079185
4.972000,0.747566879,-0.048494752,3.391974140,0.036830797,0.653173488,0.021892396
4.973000,0.687314194,-0.027749338,3.468666231,0.040303338,0.650400069,0.021127710
4.974000,0.650693773,-0.183537194,3.395596166,0.049860523,0.648542574,0.021017299
4.975000,0.686361644,-0.206248400,3.165206317,0.058268618,0.648048234,0.023583092
4.976000,0.714121268,-0.200496720,3.056580793,0.062064081,0.646742866,0.026438467
4.977000,0.705361645,-0.130819686,3.306691128,0.057812857,0.642567928,0.025717614
4.978000,0.688645691,0.007716773,3.533661666,0.047783765,0.638002775,0.023699623
4.979000,0.614154087,0.014392615,3.529963948,0.052324267,0.636021223,0.020327474
4.980000,0.567114449,-0.232212528,3.520155293,0.058064947,0.629632715,0.019096630
4.981000,0.575776336,-0.303220364,3.360169830,0.052508875,0.625074995,0.023128567
4.982000,0.587203660,-0.034708485,3.145560493,0.050335417,0.626090674,0.020606788
4.983000,0.636844294,-0.000748293,3.322947477,0.053098384,0.625571450,0.016499069
4.984000,0.657868444,-0.109730446,3.507380790,0.046691958,0.620707174,0.014687169
4.985000,0.603943102,-0.096009236,3.476584118,0.044308199,0.617801302,0.014181809
4.986000,0.515774939,-0.117362234,3.421018174,0.055130705,0.611339145,0.012736179
4.987000,0.480116118,-0.219660565,3.425311757,0.065021207,0.602347613,0.015056856
4.988000,0.485877642,-0.268181562,3.353969173,0.064991022,0.598214273,0.017322845
4.989000,0.539923980,-0.128951612,3.391773269,0.063757447,0.599097808,0.018160104
4.990000,0.565197762,-0.115598380,3.537556995,0.055946925,0.594933033,0.017956929
4.991000,0.552745802,-0.128112422,3.603777124,0.048639822,0.588782824,0.021705511
4.992000,0.517237338,-0.027097182,3.566687720,0.047449232,0.584886542,0.025269883
4.993000,0.480795724,0.113527593,3.538902559,0.055976316,0.580900400,0.027162073
4.994000,0.443497047,0.011798750,3.396583335,0.065834035,0.580480956,0.026180738
4.995000,0.422688932,-0.154700770,3.330272825,0.075292168,0.579836837,0.028579107
4.996000,0.391240083,-0.291875746,3.313711556,0.081200548,0.577185218,0.024549498
4.997000,0.437968066,-0.372442957,3.461775770,0.077133095,0.572049066,0.021856412
4.998000,0.529514528,-0.251841553,3.542022063,0.063848055,0.570406937,0.017686056
4.999000,0.491510163,-0.011548808,3.638116638,0.054781921,0.567494376,0.009459687
5.000000,0.409744175,0.012576295,3.687543918,0.055632764,0.562517469,-0.000818855
5.001000,0.338310461,0.020729669,3.698839991,0.062122536,0.556012817,-0.005060165
5.002000,0.318775640,-0.112838153,3.601719500,0.069466558,0.553936942,-0.005777395
5.003000,0.383932857,-0.162122285,3.471334333,0.072935668,0.553418627,-0.004806139
5.004000,0.432679744,-0.123537699,3.430706032,0.070008470,0.552765290,-0.008687474
5.005000,0.436453238,-0.023408695,3.551749287,0.057705268,0.546284776,-0.011359102
5.006000,0.421805075,-0.024180898,3.699349374,0.050986396,0.543440583,-0.014562001
5.007000,0.328026522,-0.052404673,3.736376964,0.059248847,0.546203975,-0.023631112
5.008000,0.296175534,-0.227726397,3.625719240,0.070374710,0.546340554,-0.027418555
5.009000,0.368509312,-0.291183037,3.480765560,0.079431624,0.545906270,-0.029485932
5.010000,0.409623009,-0.147303149,3.523773607,0.082103840,0.545420898,-0.032790200
5.011000,0.377654463,-0.111913393,3.468461655,0.080289935,0.546945437,-0.038656474
5.012000,0.356898737,-0.165199590,3.522984439,0.070167437,0.545981040,-0.040963665
5.013000,0.350576844,-0.176465764,3.500026424,0.062412210,0.547411657,-0.042089169
5.014000,0.332358007,-0.173709346,3.528158725,0.060747498,0.544133751,-0.041553663
5.015000,0.328286738,-0.151859894,3.479973115,0.062042214,0.543549088,-0.039884206
5.016000,0.307584904,-0.175464656,3.488912058,0.069709336,0.545426314,-0.041648083
5.017000,0.361316496,-0.215171757,3.487874334,0.070521018,0.548049343,-0.042289937
5.018000,0.409699212,-0.290857272,3.352977484,0.066203238,0.554370636,-0.041312251
5.019000,0.451312256,-0.228104232,3.397747145,0.063591611,0.554200573,-0.041253051
5.020000,0.428572790,-0.179031668,3.525760767,0.059441246,0.552042445,-0.042715829
5.021000,0.347621911,-0.106007266,3.454656834,0.062634697,0.551431094,-0.044399819
5.022000,0.331945040,-0.106172639,3.424630112,0.067932450,0.552988982,-0.045530313
5.023000,0.386027183,-0.145744375,3.294012101,0.065818492,0.555358824,-0.043582111
5.024000,0.424147098,-0.027331440,3.159784445,0.063091222,0.557870528,-0.044553974
5.025000,0.457529327,0.069232986,3.169902088,0.063911901,0.558564946,-0.045690147
5.026000,0.454912515,0.039850426,3.209700829,0.065193636,0.562616258,-0.050199497
5.027000,0.486670400,-0.028929792,3.252321617,0.063966253,0.562729049,-0.052559882
5.028000,0.464598286,-0.108902900,3.152840072,0.064672867,0.564442761,-0.057413183
5.029000,0.560530917,-0.158113078,3.140326734,0.058761830,0.561502357,-0.056384338
5.030000,0.604421268,-0.098973153,3.124834909,0.047631276,0.563142493,-0.056703251
5.031000,0.599027074,0.050506810,3.199867480,0.047621701,0.562130184,-0.058396741
5.032000,0.611803740,0.067373069,3.119373965,0.043991347,0.564237030,-0.058795292
5.033000,0.660146567,0.053526650,2.987900619,0.043292607,0.564137163,-0.053836302
5.034000,0.613596554,0.041619761,2.881218705,0.052298767,0.564247506,-0.056567274
5.035000,0.614657078,-0.086946563,2.895273266,0.058151423,0.561819699,-0.056946452
5.036000,0.675707059,-0.241035780,2.899190555,0.056333173,0.564146842,-0.056393527
5.037000,0.754002435,-0.135395829,2.945810523,0.052773493,0.564723352,-0.057724197
5.038000,0.766571785,-0.038003304,2.997040842,0.047461317,0.563028845,-0.061242176
5.039000,0.779096118,-0.018934497,3.006471455,0.039569848,0.558584624,-0.059906025
5.040000,0.709492823,0.042473955,2.908713644,0.037355589,0.556659583,-0.058853349
5.041000,0.641982230,0.071932093,2.867496518,0.048481143,0.554612951,-0.058441749
5.042000,0.653196768,0.060390142,2.838654836,0.053894942,0.554195888,-0.056152410
5.043000,0.690755469,0.029823407,2.801702975,0.057726241,0.552340136,-0.049848125
5.044000,0.637693168,0.088622184,2.819855248,0.058974238,0.547753798,-0.048535168
5.045000,0.605485932,-0.022937719,2.893057855,0.053295269,0.542645419,-0.048547485
5.046000,0.614391726,-0.117491664,2.892388404,0.041577849,0.540249353,-0.045984796
5.047000,0.630328445,-0.044523885,2.838916278,0.037359815,0.540817144,-0.044082816
5.048000,0.549360358,0.054512285,2.861431238,0.035629670,0.536761832,-0.044698298
5.049000,0.516792461,0.073053500,2.797398373,0.035104666,0.531709209,-0.039677827
5.050000,0.473448672,0.094326761,2.676730959,0.038547132,0.528325288,-0.034505482
5.051000,0.431818002,0.093850052,2.656922543,0.049233522,0.523618547,-0.031124430
5.052000,0.422217043,0.000640370,2.691462540,0.049455193,0.519209909,-0.027418334
5.053000,0.433270566,-0.050554630,2.704156574,0.047489257,0.516872669,-0.021791872
5.054000,0.357261931,-0.014944848,2.801695468,0.049638657,0.512265268,-0.022990183
5.055000,0.351074511,-0.084846462,2.895459361,0.045392540,0.508428749,-0.021613358
5.056000,0.388287673,-0.086124077,2.750508718,0.039295634,0.508595625,-0.018853144
5.057000,0.430988773,0.070911641,2.684846129,0.037163889,0.504950598,-0.016294306
5.058000,0.387605132,0.063147807,2.657471189,0.040415299,0.501089802,-0.015794734
5.059000,0.369101853,0.046702657,2.626636253,0.043591177,0.496107722,-0.011459152
5.060000,0.299093406,0.041988092,2.582016183,0.052647232,0.492769220,-0.008620402
5.061000,0.259337166,-0.046632035,2.596079829,0.058544461,0.485826962,-0.003338658
5.062000,0.301663161,-0.119890458,2.689590181,0.052907702,0.483017977,0.003038367
5.063000,0.365012665,-0.010845912,2.633829102,0.047352068,0.480439628,0.008195955
5.064000,0.365960436,-0.009558087,2.731683595,0.044512806,0.477177195,0.008639757
5.065000,0.381180913,-0.083659035,2.668799198,0.042386731,0.474534437,0.011411749
5.066000,0.380241843,-0.043375649,2.568351441,0.042181849,0.472029523,0.013254390
5.067000,0.384306660,0.024667270,2.504357187,0.046868500,0.466498426,0.017052779
5.068000,0.387257242,-0.029852759,2.611575753,0.047560647,0.459598783,0.021743637
5.069000,0.382085556,-0.003374590,2.548661022,0.045208840,0.458427161,0.025506219
5.070000,0.402504512,0.016284288,2.532101640,0.046092008,0.452352239,0.029987859
5.071000,0.405652953,-0.029587908,2.535886478,0.050496874,0.450839637,0.034198407
5.072000,0.381160704,-0.037252721,2.524356063,0.048366502,0.445312292,0.036132792
5.073000,0.402934054,-0.027244011,2.466590398,0.051556617,0.442513196,0.039592602
5.074000,0.430695323,-0.068075306,2.615237202,0.052737331,0.436802398,0.039940225
5.075000,0.411261417,-0.103646697,2.535066006,0.050978208,0.434758868,0.042098329
5.076000,0.427721766,-0.062781413,2.451953743,0.044675628,0.432886453,0.044753348
5.077000,0.431164673,-0.015944543,2.354292065,0.046236868,0.432134594,0.047261050
5.078000,0.373947715,-0.064383002,2.416261209,0.042525944,0.424701181,0.047818372
5.079000,0.341666935,-0.060929279,2.372093291,0.046484226,0.417730615,0.051830481
5.080000,0.318041421,-0.121001299,2.425263669,0.055408841,0.412922503,0.051719674
5.081000,0.312764961,-0.215819787,2.434520935,0.053701584,0.406855444,0.054198238
5.082000,0.328754105,-0.189046492,2.422452791,0.045273685,0.404140394,0.057186946
5.083000,0.336557442,-0.065550347,2.368558449,0.041098100,0.400238194,0.058935213
5.084000,0.305184686,-0.044846328,2.414785045,0.040033311,0.396452739,0.055319772
5.085000,0.245316115,-0.163940058,2.321792168,0.044797315,0.393274034,0.054366599
5.086000,0.173951219,-0.229777860,2.191657912,0.058080293,0.389598074,0.050834445
5.087000,0.194260805,-0.332778125,2.252996251,0.064810549,0.382841570,0.051528701
5.088000,0.221739551,-0.335929926,2.335600580,0.056791725,0.378178566,0.052381234
5.089000,0.205072865,-0.158736810,2.429775706,0.044817853,0.374515798,0.052416073
5.090000,0.190143289,-0.038079339,2.430191302,0.034018094,0.371163305,0.051111881
5.091000,0.138271163,-0.052206091,2.425696638,0.032192768,0.366144427,0.048776373
5.092000,0.065280363,-0.212637244,2.231954881,0.039586861,0.360874745,0.046438326
5.093000,0.055607715,-0.212077601,2.156875017,0.047136881,0.356138964,0.048991309
5.094000,0.063653314,-0.143400788,2.021811975,0.051911570,0.355700489,0.049059895
5.095000,0.067763317,-0.096310830,2.068094230,0.051999090,0.353459572,0.047027926
5.096000,0.059921845,-0.171188755,2.139295825,0.047932205,0.351600854,0.043054343
5.097000,0.023420981,-0.238619854,2.161615339,0.043941752,0.346777395,0.039771698
5.098000,0.022162830,-0.325289671,2.127802112,0.044478461,0.342864530,0.036175310
5.099000,0.051734494,-0.308471396,2.118335977,0.041693728,0.339055062,0.035894450
5.100000,0.061089865,-0.213144821,2.143741729,0.039782476,0.337942792,0.033308470
5.101000,0.084704376,-0.167420091,2.108340494,0.031382170,0.336990108,0.030676081
5.102000,0.085666737,-0.135964498,1.985349610,0.023806921,0.336211280,0.027058661
5.103000,0.105192254,-0.165495284,1.978575282,0.021373741,0.331566271,0.024984753
5.104000,0.106317265,-0.213312264,2.014340881,0.017010958,0.325842944,0.023177858
5.105000,0.088396557,-0.241014131,1.974600023,0.018144359,0.321949604,0.023082237
5.106000,0.060989649,-0.126220237,1.945307736,0.019739348,0.319949986,0.020096588
5.107000,0.082286874,-0.165398202,1.903094292,0.018825367,0.320212801,0.016284341
5.108000,0.118136748,-0.209864645,1.875247502,0.012244293,0.319402554,0.012088806
5.109000,0.158741431,-0.185917535,1.826458887,0.006561354,0.319978315,0.007121712
5.110000,0.195430032,-0.133178139,1.906448770,-0.002540382,0.315866203,0.001700924
5.111000,0.238644721,-0.073787537,1.914779458,-0.009503796,0.312881294,-0.003075075
5.112000,0.232967923,0.036509983,1.879520784,-0.014797541,0.308981864,-0.006506934
5.113000,0.199097171,0.073830868,1.770206719,-0.014925844,0.307311924,-0.008105393
5.114000,0.162280540,0.012275891,1.665874268,-0.013764810,0.303471673,-0.009108729
5.115000,0.193855325,-0.009673737,1.590118472,-0.012842041,0.301340166,-0.007275716
5.116000,0.214857354,-0.018114939,1.576322185,-0.015394523,0.301681665,-0.009715928
5.117000,0.209416439,-0.023146617,1.652628796,-0.019630009,0.297692783,-0.013773170
5.118000,0.213770402,-0.086161803,1.667197180,-0.026507644,0.294906636,-0.017973357
5.119000,0.222864579,-0.034000818,1.669869363,-0.036385551,0.291525775,-0.022803369
5.120000,0.220570374,0.016629308,1.625397908,-0.040868588,0.292081679,-0.027965018
5.121000,0.244204126,0.039772343,1.560609484,-0.046700185,0.287870107,-0.028597559
5.122000,0.242964074,0.084732508,1.521043017,-0.051763741,0.287247947,-0.029644060
5.123000,0.233150748,0.153567220,1.465628975,-0.049747410,0.282307402,-0.029540959
5.124000,0.210692080,0.127598660,1.500285262,-0.046219295,0.277334205,-0.029739075
5.125000,0.203524845,0.073928361,1.421469272,-0.044543395,0.272866866,-0.025943945
5.126000,0.178213310,0.057392133,1.291400221,-0.039384918,0.272298706,-0.027515767
5.127000,0.205685596,0.039440267,1.283239156,-0.035245179,0.268029064,-0.027868492
5.128000,0.253034728,0.044670890,1.239037362,-0.034085672,0.266975921,-0.027990391
5.129000,0.274624047,0.104765680,1.255927963,-0.032860029,0.264234716,-0.027205620
5.130000,0.269487620,0.144043711,1.251465601,-0.028427211,0.259607679,-0.027533618
5.131000,0.260658171,0.152672524,1.186966565,-0.024497704,0.257524691,-0.026845912
5.132000,0.255882500,0.089155433,1.166576727,-0.021350667,0.251642788,-0.024237759
5.133000,0.257771736,0.007949171,1.136973028,-0.021883339,0.245954889,-0.020332947
5.134000,0.254087073,-0.010568167,1.129653910,-0.025279245,0.239738636,-0.016868173
5.135000,0.283672517,0.022415365,1.114965917,-0.026342981,0.235698280,-0.013096227
5.136000,0.312064395,0.011265152,1.210521754,-0.028856774,0.228840097,-0.008620358
5.137000,0.291357612,0.018362182,1.151602808,-0.027146052,0.224673953,-0.003545567
5.138000,0.237432399,0.067093750,1.094005225,-0.022018047,0.220047863,0.000679907
5.139000,0.167902052,0.064264595,0.998171832,-0.018190447,0.214630155,0.006667245
5.140000,0.116952338,0.061020691,0.937479721,-0.020201469,0.210133062,0.010692835
5.141000,0.096901608,0.180505148,0.896231518,-0.023693990,0.206252782,0.013417239
5.142000,0.064633446,0.271998321,0.834788750,-0.024795242,0.203277146,0.012683902
5.143000,0.032867748,0.307780842,0.818645932,-0.023002280,0.197922268,0.011296018
5.144000,-0.000653950,0.280834769,0.733086592,-0.011523217,0.192764466,0.009609537
5.145000,-0.020698506,0.223318888,0.690874186,0.003141745,0.185875004,0.007219114
5.146000,-0.039393192,0.168651110,0.669196409,0.011716421,0.180244629,0.007153149
5.147000,-0.045473915,0.150318488,0.663539970,0.011075253,0.174486673,0.008299864
5.148000,-0.028672726,0.199995384,0.715144347,0.002786870,0.167853332,0.009599371
5.149000,-0.060002802,0.256255984,0.763850305,-0.004402639,0.160983238,0.008219335
5.150000,-0.093633286,0.225782703,0.775330086,-0.007244109,0.154081510,0.005324388
5.151000,-0.132532475,0.173605534,0.679161640,-0.001214226,0.147922916,0.003890397
5.152000,-0.152719252,0.096566214,0.533426023,0.012658507,0.143286838,0.001495591
5.153000,-0.122841164,-0.026386094,0.444252145,0.024660548,0.138704492,0.001590482
5.154000,-0.077825020,-0.092849619,0.364615277,0.030729588,0.137073626,0.002257013
5.155000,-0.019406364,-0.106954832,0.363736123,0.032680655,0.134099342,0.001445905
5.156000,0.010556903,-0.132935615,0.377963275,0.034749818,0.130786181,-0.000925920
5.157000,0.004042782,-0.161451322,0.381400102,0.040022585,0.124178387,-0.001470151
5.158000,-0.054266824,-0.160596427,0.263792240,0.054028595,0.118913995,-0.004916635
5.159000,-0.060417795,-0.164651082,0.177575521,0.065765475,0.111647685,-0.006872492
5.160000,-0.064954970,-0.129333616,0.066058295,0.071468972,0.109155538,-0.009590103
5.161000,-0.023365383,-0.043851686,0.106617856,0.069074175,0.102809190,-0.011277365
5.162000,0.010849792,-0.001055564,0.137021270,0.064217727,0.099382197,-0.013138681
5.163000,0.032151548,0.017633885,0.220357951,0.059658730,0.094002248,-0.014353394
5.164000,0.000815052,0.033925099,0.217775373,0.062738146,0.087104984,-0.016353175
5.165000,-0.012329624,0.002889547,0.195490250,0.070046916,0.079226818,-0.016952112
5.166000,-0.029751260,-0.043088185,0.073513531,0.075887875,0.073509128,-0.017149484
5.167000,-0.009623795,-0.003476548,-0.003742182,0.081706401,0.068938516,-0.017464503
5.168000,0.022413947,0.013026892,-0.009922289,0.082381527,0.065071324,-0.020035509
5.169000,0.044030156,0.007404824,-0.009507290,0.077111620,0.061655083,-0.021961142
5.170000,0.021616909,0.008783743,-0.002911119,0.074726698,0.058122906,-0.024724184
5.171000,-0.017541566,-0.008022859,-0.039690593,0.076817818,0.054117461,-0.029568135
5.172000,-0.033489053,-0.023692991,-0.126386391,0.079840184,0.048336946,-0.031914278
5.173000,-0.008349795,-0.049159745,-0.202247264,0.088983879,0.044381929,-0.034316259
5.174000,0.024435350,-0.070358010,-0.235417636,0.095338806,0.040038111,-0.035603862
5.175000,0.064302003,-0.126401967,-0.295926134,0.097528232,0.037581406,-0.036084775
5.176000,0.040944695,-0.128158625,-0.337538388,0.101346620,0.033055026,-0.037320263
5.177000,-0.020095185,-0.220746643,-0.277724927,0.108703349,0.025856194,-0.039744270
5.178000,-0.057410301,-0.286601629,-0.272475051,0.110044497,0.016274457,-0.039238307
5.179000,-0.079417031,-0.306237594,-0.295552522,0.111655514,0.009973782,-0.038506045
5.180000,-0.073888022,-0.259116753,-0.268372001,0.110263933,0.004087132,-0.039628980
5.181000,-0.042712592,-0.202417169,-0.272208319,0.106871504,0.001138974,-0.038841987
5.182000,-0.070229324,-0.141346193,-0.283612214,0.100585508,-0.002539769,-0.039308700
5.183000,-0.079745206,-0.109071441,-0.309336561,0.096437044,-0.008182508,-0.038846036
5.184000,-0.132507862,-0.079971724,-0.388391261,0.092079599,-0.014751562,-0.037002764
5.185000,-0.170264755,-0.060585495,-0.383596367,0.090834258,-0.021123664,-0.035209133
5.186000,-0.187597937,-0.047187558,-0.374718141,0.091257046,-0.025132526,-0.033424255
5.187000,-0.211786667,-0.032408505,-0.442423630,0.093076111,-0.026547041,-0.030308854
5.188000,-0.227819531,-0.014338770,-0.545811365,0.095640157,-0.028162108,-0.028886248
5.189000,-0.248187149,-0.011124467,-0.669648576,0.098558283,-0.031067455,-0.027517264
5.190000,-0.257533526,-0.042691078,-0.746912823,0.099085837,-0.035258928,-0.026745852
5.191000,-0.204950371,0.030810731,-0.669025596,0.096254763,-0.040642899,-0.024041379
5.192000,-0.183364845,0.053299671,-0.600258959,0.096260321,-0.042478150,-0.022889283
5.193000,-0.135477621,0.100217388,-0.585632751,0.095003613,-0.045027320,-0.020630616
5.194000,-0.118538531,0.122281232,-0.662883356,0.096470776,-0.047558835,-0.018450132
5.195000,-0.119103013,0.084473281,-0.770747589,0.099499582,-0.051321086,-0.014728247
5.196000,-0.098813097,0.026785645,-0.848351682,0.109787041,-0.055147327,-0.011159753
5.197000,-0.066684026,-0.112597200,-0.829263472,0.118403233,-0.059856363,-0.007963763
5.198000,0.002206684,-0.305972426,-0.763268203,0.117234686,-0.063402959,-0.003000401
5.199000,0.086349848,-0.306943746,-0.689636838,0.109926010,-0.064652143,0.000655532
5.200000,0.148221885,-0.148095979,-0.680680544,0.097147154,-0.063299846,0.002606641
5.201000,0.185399047,-0.029495554,-0.727681752,0.084685298,-0.061878733,0.003268810
5.202000,0.172280351,-0.044157538,-0.846400568,0.080764359,-0.060806086,0.003639611
5.203000,0.164025330,-0.056633252,-0.976630822,0.085653804,-0.064054968,0.004539448
5.204000,0.144454529,-0.010185384,-1.132772778,0.090314199,-0.068660088,0.008714035
5.205000,0.132325820,0.022977454,-1.085763059,0.095024641,-0.074042063,0.012541923
5.206000,0.130580115,0.019504983,-0.926978635,0.087988250,-0.079897525,0.016323745
5.207000,0.153426726,0.030943879,-0.817317869,0.073685767,-0.080429508,0.021746858
5.208000,0.143893212,0.126505784,-0.800519215,0.059718609,-0.081225698,0.025790285
5.209000,0.134894990,0.250845824,-0.845213624,0.053608220,-0.083093978,0.026751022
5.210000,0.117858015,0.369610919,-1.088735424,0.053972293,-0.083242431,0.028592059
5.211000,0.122986205,0.424738877,-1.262110976,0.063330963,-0.085010503,0.031030498
5.212000,0.084517122,0.374517803,-1.189471273,0.073031146,-0.090974753,0.032483944
5.213000,0.066169584,0.250953776,-1.076271614,0.076175334,-0.094147521,0.032805932
5.214000,0.029922530,0.077922326,-0.849723873,0.064726842,-0.098159482,0.032755500
5.215000,0.036843777,0.015789113,-0.745254463,0.046940947,-0.100826820,0.036194599
5.216000,0.019592656,0.120622294,-0.928819805,0.028058116,-0.097572456,0.036390508
5.217000,0.012485883,0.188999684,-1.218251540,0.024719917,-0.095150282,0.033038315
5.218000,0.002834432,0.082796019,-1.359277246,0.031359505,-0.095991948,0.030460541
5.219000,-0.026375163,-0.069913359,-1.356802341,0.042506154,-0.101094052,0.028852829
5.220000,-0.047070960,-0.152842150,-1.177645986,0.053604460,-0.107943096,0.026926944
5.221000,-0.002662746,-0.229396381,-0.995836776,0.043502194,-0.113567595,0.034394537
5.222000,0.036364463,-0.047530726,-1.057620429,0.024903273,-0.111151589,0.038694884
5.223000,0.049266095,0.196382746,-1.093933332,0.008639930,-0.107031611,0.038926434
5.224000,0.000319455,0.173694431,-1.152395888,0.004607577,-0.103767487,0.037444645
5.225000,-0.081684346,0.065796709,-1.279029716,0.020767245,-0.110072423,0.035041367
5.226000,-0.129628090,-0.038868293,-1.365502692,0.045115423,-0.118103892,0.034119193
5.227000,-0.077946820,-0.061214936,-1.313686757,0.055421794,-0.122228142,0.039552213
5.228000,-0.052344235,0.060744920,-1.207979928,0.044630112,-0.119399155,0.042511101
5.229000,-0.036555765,0.228233264,-1.116289917,0.020823508,-0.117936415,0.044545680
5.230000,-0.069010036,0.327763824,-1.138605874,-0.000001542,-0.117388592,0.044186593
5.231000,-0.112982330,0.247865165,-1.310934652,-0.000637839,-0.119494042,0.040429202
5.232000,-0.141786555,0.015489181,-1.300474157,0.013114494,-0.123767931,0.039609990
5.233000,-0.083880118,-0.053863763,-1.229454815,0.013138178,-0.125334516,0.042053733
5.234000,-0.082869847,0.124564903,-1.270877954,0.013184617,-0.122369930,0.042736373
5.235000,-0.010231384,0.223965053,-1.235852663,0.009177740,-0.124138154,0.043451249
5.236000,0.056850315,0.211715000,-1.206217891,-0.016987381,-0.124880792,0.046689954
5.237000,0.080177008,0.179578991,-1.348525354,-0.024572471,-0.120834452,0.045837848
5.238000,0.050335328,-0.002455230,-1.364910226,-0.010500216,-0.122900960,0.042000225
5.239000,0.039209974,-0.241447158,-1.337116658,0.006772192,-0.125813127,0.041442416
5.240000,0.059188301,-0.267843067,-1.431132520,0.019903029,-0.123808596,0.044547721
5.241000,0.138849057,-0.075626907,-1.509926833,0.022207164,-0.119875933,0.045853943
5.242000,0.219349313,0.115637735,-1.371301232,0.006322960,-0.121588438,0.046192795
5.243000,0.244196159,0.157030682,-1.355080641,-0.006959494,-0.121607992,0.045014578
5.244000,0.177854782,0.105386486,-1.402443985,-0.000915799,-0.119842015,0.040235270
5.245000,0.106168701,-0.166494004,-1.345571518,0.025142805,-0.120903688,0.034786751
5.246000,0.102667023,-0.492497704,-1.361362999,0.041497802,-0.128469742,0.033787635
5.247000,0.211495410,-0.444482028,-1.433238509,0.038032094,-0.129821785,0.035007872
5.248000,0.332521948,-0.099302807,-1.268905493,0.018644194,-0.124912946,0.033720617
5.249000,0.357020676,0.184097402,-1.142250478,-0.004246089,-0.119051489,0.031492137
5.250000,0.249839197,0.175040720,-1.286111068,-0.005354947,-0.116632922,0.029311523
5.251000,0.087036987,-0.067407881,-1.502668140,0.021518372,-0.122780591,0.025468109
5.252000,0.017596431,-0.385395595,-1.567318702,0.044838742,-0.133778998,0.025099339
5.253000,0.053233663,-0.539555175,-1.527031744,0.047004100,-0.139594802,0.028149618
5.254000,0.191884675,-0.297880086,-1.364976279,0.031075575,-0.136904937,0.028783598
5.255000,0.293707072,0.078689739,-0.993201836,-0.009997086,-0.128456034,0.024956121
5.256000,0.193793530,0.267141984,-0.978863852,-0.031587521,-0.122071681,0.019235321
5.257000,0.018517044,0.163719792,-1.371834788,-0.012207340,-0.123519134,0.013164606
5.258000,-0.159300032,-0.128635276,-1.786237556,0.037093990,-0.133930175,0.009291346
5.259000,-0.203378977,-0.404651302,-1.917968467,0.069322196,-0.142934765,0.010866229
5.260000,-0.112540687,-0.406450857,-1.842501112,0.066521899,-0.143344612,0.012156494
5.261000,0.076382668,-0.084475082,-1.399319215,0.032201338,-0.139237428,0.009695353
5.262000,0.134234106,0.182534613,-1.090884747,-0.015521200,-0.135839734,0.003744800
5.263000,0.011305937,0.229089084,-1.121932695,-0.028924508,-0.132629210,-0.001819870
5.264000,-0.159366520,0.110760010,-1.424102458,-0.001951339,-0.131157604,-0.006642257
5.265000,-0.283287096,-0.184780717,-1.649799165,0.038911725,-0.136737607,-0.007971544
5.266000,-0.253558931,-0.428130900,-1.862780032,0.062130719,-0.141892846,-0.004264924
5.267000,-0.132270015,-0.291630474,-1.885560667,0.058287102,-0.143598090,-0.002723602
5.268000,0.020881935,-0.048722602,-1.556036050,0.027170282,-0.142112919,-0.004595452
5.269000,0.048240148,0.051938938,-1.215740936,-0.010465429,-0.137825814,-0.010722401
5.270000,-0.090123724,0.024044639,-1.238736334,-0.018621562,-0.138290905,-0.018554619
5.271000,-0.216559426,-0.108968946,-1.582978308,0.007223046,-0.144151744,-0.023590883
5.272000,-0.258953179,-0.236698525,-1.939025184,0.042927161,-0.148240271,-0.023895265
5.273000,-0.176329881,-0.228835045,-2.026666553,0.062258592,-0.149564243,-0.020401733
5.274000,-0.000336584,-0.062034478,-1.924312129,0.052242938,-0.143610752,-0.016803675
5.275000,0.109573308,0.121066765,-1.668964300,0.020297211,-0.138602932,-0.016623091
5.276000,0.094870536,0.159192834,-1.497729818,-0.007898286,-0.139901843,-0.020162887
5.277000,-0.034155231,0.099711647,-1.621292660,-0.008657464,-0.146403844,-0.025268992
5.278000,-0.133853586,0.008575004,-1.909107195,0.014067932,-0.154059293,-0.027372234
5.279000,-0.113440441,-0.079745024,-2.088120652,0.039452287,-0.155082130,-0.026107347
5.280000,0.008817200,-0.048390886,-2.082393251,0.046112236,-0.152302032,-0.022812331
5.281000,0.146252121,0.099555352,-1.959969055,0.031522232,-0.147116443,-0.019848302
5.282000,0.217172827,0.195595572,-1.809598204,0.012674714,-0.145517804,-0.020579252
5.283000,0.213021052,0.218890659,-1.682133959,-0.008542542,-0.147831354,-0.023261967
5.284000,0.119580896,0.228053809,-1.767348297,-0.014323797,-0.152959202,-0.026256168
5.285000,0.026404515,0.153848549,-2.072586660,0.005733791,-0.159301551,-0.028314778
5.286000,0.050021537,0.017718403,-2.228929524,0.027013179,-0.161091191,-0.027200420
5.287000,0.152180150,-0.024517546,-2.256158030,0.039327333,-0.159573785,-0.026124838
5.288000,0.251345091,-0.001637969,-2.094276685,0.034439350,-0.159131417,-0.026669883
5.289000,0.300778750,0.014585594,-1.929486727,0.013778968,-0.161174764,-0.026309690
5.290000,0.271545378,0.074785408,-1.920276707,-0.007202075,-0.166699574,-0.025341927
5.291000,0.186477842,0.133891119,-2.037612655,-0.011868297,-0.172394811,-0.025488051
5.292000,0.128964812,0.120652565,-2.153554870,-0.004985239,-0.177477661,-0.024333994
5.293000,0.139486298,0.078748897,-2.324218259,0.009103839,-0.177778095,-0.021224476
5.294000,0.183832955,0.071171780,-2.347429428,0.015123561,-0.177844580,-0.017803865
5.295000,0.238201511,0.067263797,-2.258531795,0.007771065,-0.178248174,-0.014850458
5.296000,0.252086894,0.123352139,-2.194009989,-0.010632360,-0.181803282,-0.013404622
5.297000,0.160327275,0.188375023,-2.173539201,-0.023679371,-0.188472935,-0.014669918
5.298000,0.084997073,0.187285575,-2.206016759,-0.024170260,-0.194470266,-0.015462374
5.299000,0.018952832,0.176091543,-2.344235044,-0.014421350,-0.198944486,-0.015597652
5.300000,0.032302019,0.147187116,-2.500603809,0.002930621,-0.200998880,-0.013769560
5.301000,0.067781267,0.084407521,-2.564105347,0.011548958,-0.202517279,-0.010956980
5.302000,0.109115164,0.058531110,-2.505853114,0.006672816,-0.206822643,-0.008638506
5.303000,0.108929102,0.054462778,-2.384005395,-0.006725418,-0.213024961,-0.007566219
5.304000,0.068788153,0.129463596,-2.329678671,-0.023523901,-0.216250160,-0.007103346
5.305000,0.004586461,0.189255562,-2.373690882,-0.032781522,-0.219967821,-0.009166466
5.306000,-0.019943093,0.105851584,-2.511121367,-0.030318567,-0.223212556,-0.010092294
5.307000,-0.027226506,-0.018359164,-2.657083170,-0.019712987,-0.225802934,-0.009914171
5.308000,0.022341571,-0.099119984,-2.706161633,-0.009522177,-0.229858389,-0.008629590
5.309000,0.072429641,-0.101734061,-2.644470567,-0.010858378,-0.234303357,-0.006396669
5.310000,0.124987528,0.000671386,-2.518876306,-0.020435580,-0.237692663,-0.004486989
5.311000,0.118101718,0.062320290,-2.388990293,-0.029314032,-0.242365382,-0.005350760
5.312000,0.086781447,0.042361951,-2.382607163,-0.030492179,-0.247987338,-0.005035123
5.313000,0.055872181,0.004567396,-2.530543735,-0.023995739,-0.252640002,-0.003516516
5.314000,0.038811210,0.011041704,-2.768576206,-0.010220790,-0.256057828,0.000242584
5.315000,0.066177623,0.008143834,-2.889007583,0.001269068,-0.258164496,0.002340725
5.316000,0.135639596,0.011727530,-2.805350568,-0.000708407,-0.259058155,0.005213437
5.317000,0.185176922,0.071859957,-2.649951943,-0.011173847,-0.260381055,0.005932226
5.318000,0.161981523,0.090970839,-2.542966060,-0.020878677,-0.265064107,0.004073030
5.319000,0.129221627,0.050745889,-2.600361118,-0.025558737,-0.271820840,0.003232608
5.320000,0.101058085,0.026472283,-2.731818861,-0.022315278,-0.276809509,0.003664114
5.321000,0.124149103,-0.014960584,-2.809492696,-0.014473507,-0.280597570,0.003188351
5.322000,0.193266848,-0.026540450,-2.830171405,-0.010400860,-0.283848905,0.004318463
5.323000,0.249309911,-0.012006422,-2.772545527,-0.011205641,-0.286661515,0.006889967
5.324000,0.271845975,-0.002760979,-2.626710138,-0.016422462,-0.294018030,0.007248618
5.325000,0.255760611,-0.027348488,-2.545120255,-0.021393238,-0.301569979,0.007962379
5.326000,0.258608490,-0.086605905,-2.558242223,-0.021197206,-0.306998516,0.007981524
5.327000,0.257822128,-0.139341046,-2.566288234,-0.017115274,-0.312163111,0.006725219
5.328000,0.280785190,-0.150970785,-2.670876706,-0.014601006,-0.313458206,0.008956067
5.329000,0.299634516,-0.101900919,-2.783797304,-0.012726054,-0.313107597,0.010024457
5.330000,0.319946199,-0.080620303,-2.794950451,-0.013256448,-0.314730295,0.011866254
5.331000,0.303598794,-0.099730033,-2.721989448,-0.018428943,-0.320086375,0.014321395
5.332000,0.285251296,-0.033919963,-2.786048336,-0.018844240,-0.323765674,0.014949791
5.333000,0.262630190,-0.066347667,-2.756170960,-0.016146394,-0.328808934,0.014644687
5.334000,0.260398041,-0.148317420,-2.769492303,-0.013326259,-0.332771916,0.015912091
5.335000,0.268003665,-0.102462137,-2.837029662,-0.012842769,-0.335125577,0.017161787
5.336000,0.290419218,-0.045579617,-2.824052638,-0.007788960,-0.337654941,0.016690801
5.337000,0.300863086,-0.062027311,-2.745415610,-0.004796186,-0.343421994,0.016419376
5.338000,0.313101817,-0.078610204,-2.760708756,-0.001947168,-0.347890029,0.018259627
5.339000,0.263849685,-0.088515200,-2.792850304,0.001605085,-0.353299451,0.017477054
5.340000,0.263222748,-0.129546017,-2.758072560,0.001096251,-0.358836729,0.016979450
5.341000,0.236960736,-0.143576876,-2.745557221,-0.005190312,-0.360836612,0.016179594
5.342000,0.204610454,-0.100344861,-2.773781025,-0.007086336,-0.361413855,0.013976403
5.343000,0.221846340,-0.062020752,-2.830767627,-0.007174712,-0.362574613,0.012882945
5.344000,0.246212196,-0.073980924,-2.924109489,-0.008498772,-0.363355201,0.012201471
5.345000,0.238684551,-0.072645848,-3.018480289,-0.010736491,-0.364107979,0.012590638
5.346000,0.223709757,-0.094405945,-3.064452176,-0.009828633,-0.367374431,0.009989559
5.347000,0.237463308,-0.144674579,-2.998908110,-0.013206638,-0.371034663,0.007538137
5.348000,0.269120977,-0.102361114,-2.976773245,-0.016652953,-0.372574046,0.009395413
5.349000,0.293945580,0.002193769,-3.048252066,-0.016514205,-0.372760802,0.010342113
5.350000,0.278142815,0.027057134,-3.039813740,-0.010588839,-0.376277794,0.009349417
5.351000,0.275274245,-0.012069583,-3.068694348,-0.001700174,-0.378970225,0.009674550
5.352000,0.263148978,-0.031514732,-3.115812496,0.009417611,-0.381687830,0.010620296
5.353000,0.270609826,-0.049221024,-3.089495061,0.015873933,-0.382654888,0.009689231
5.354000,0.319125417,-0.012942314,-3.084280302,0.010585778,-0.383262565,0.011048228
5.355000,0.348738867,0.072508397,-3.123322932,0.004237616,-0.380589356,0.009034304
5.356000,0.364209901,0.069212209,-3.036024240,0.000577576,-0.381476653,0.004599453
5.357000,0.343306262,0.002455146,-3.093902208,0.000020774,-0.380242581,0.001752828
5.358000,0.337746759,-0.025990279,-3.323443578,0.007955018,-0.379332904,0.000796200
5.359000,0.333364029,-0.091810923,-3.458253886,0.015203741,-0.380545638,-0.000192352
5.360000,0.381764016,-0.122282331,-3.439743044,0.012399512,-0.381411349,-0.000785370
5.361000,0.426858671,-0.071849355,-3.377137829,0.001836019,-0.383188072,-0.001883546
5.362000,0.445711573,0.000279513,-3.329190398,-0.003868879,-0.385203681,-0.003018000
5.363000,0.441561553,0.079908679,-3.309585788,-0.007887483,-0.385278023,-0.004789760
5.364000,0.427969432,0.103939110,-3.387915829,-0.004202409,-0.386319666,-0.008242542
5.365000,0.429606070,0.082495090,-3.507128232,0.005250378,-0.388077791,-0.009590982
5.366000,0.481928535,0.096140992,-3.469045827,0.013358330,-0.389536413,-0.007144759
5.367000,0.479861266,0.131872271,-3.411478774,0.017123297,-0.391121897,-0.007148002
5.368000,0.478351230,0.133358500,-3.360917712,0.014698661,-0.392783956,-0.006294518
5.369000,0.481109897,0.173705704,-3.317989525,0.008602717,-0.393034032,-0.005501135
5.370000,0.453168605,0.227845339,-3.362094959,0.008308546,-0.392059202,-0.007324083
5.371000,0.424726061,0.208229871,-3.397780901,0.008347868,-0.392041760,-0.009076670
5.372000,0.417182628,0.161275529,-3.493566866,0.013290019,-0.390589127,-0.010175294
5.373000,0.408447145,0.139273201,-3.615255183,0.016859681,-0.389103464,-0.011344791
5.374000,0.433235709,0.123944511,-3.704517479,0.016170629,-0.387136757,-0.013178299
5.375000,0.465699967,0.112316944,-3.607684138,0.010043960,-0.387660109,-0.016830648
5.376000,0.484393591,0.130218935,-3.551931757,0.004330263,-0.389648205,-0.020183137
5.377000,0.490366237,0.121465446,-3.534623496,0.003628336,-0.392696427,-0.022452913
5.378000,0.458040313,0.116475420,-3.479088975,0.014638481,-0.397627539,-0.023426326
5.379000,0.413860089,0.029167395,-3.602129298,0.028557945,-0.399145980,-0.024941447
5.380000,0.444030966,-0.081938377,-3.576859093,0.035652730,-0.402159065,-0.023458288
5.381000,0.514828543,-0.055211881,-3.512158349,0.037776808,-0.402893006,-0.021742754
5.382000,0.540913808,0.064234936,-3.407591071,0.030460223,-0.402265594,-0.021793058
5.383000,0.534721969,0.103675357,-3.391571054,0.018612100,-0.400558112,-0.023999763
5.384000,0.493677836,0.148239052,-3.414639779,0.017527084,-0.401945751,-0.025291893
5.385000,0.458122446,0.090568185,-3.515795378,0.024306655,-0.402217538,-0.026009279
5.386000,0.441778929,-0.037070842,-3.650710862,0.027701348,-0.403254551,-0.026479342
5.387000,0.441181932,-0.056877057,-3.699750545,0.026477064,-0.406914099,-0.023832217
5.388000,0.433449595,0.050189257,-3.707861970,0.023551630,-0.407039204,-0.022773688
5.389000,0.478523571,0.118492574,-3.593160672,0.012971540,-0.408019037,-0.024267284
5.390000,0.519577875,0.218530635,-3.480383983,0.006627492,-0.406736866,-0.025539688
5.391000,0.527618711,0.270174928,-3.452148730,0.013223908,-0.408832921,-0.029390903
5.392000,0.503300907,0.155625509,-3.532587198,0.026915589,-0.414555980,-0.029797775
5.393000,0.462030208,0.038840284,-3.574951318,0.041841185,-0.420660953,-0.029901202
5.394000,0.527259636,-0.000249602,-3.515837895,0.048950915,-0.426161679,-0.026857429
5.395000,0.598127066,-0.000266889,-3.333592237,0.042354511,-0.427883740,-0.022156713
5.396000,0.618736302,0.081468323,-3.268033908,0.031168597,-0.427425463,-0.020576006
5.397000,0.548048727,0.084325987,-3.252073725,0.022406960,-0.427808228,-0.020688948
5.398000,0.524937106,0.007931716,-3.404646884,0.016560159,-0.427548948,-0.018679180
5.399000,0.517907347,-0.014845228,-3.593682670,0.020655794,-0.428614502,-0.018266366
5.400000,0.519263630,-0.034237087,-3.703708886,0.028404911,-0.429116771,-0.019722010
5.401000,0.555637206,-0.036897162,-3.632247048,0.023669931,-0.432040887,-0.019117725
5.402000,0.595160448,0.047126156,-3.641302895,0.019169228,-0.429444575,-0.018592452
5.403000,0.623223339,0.078811780,-3.589187588,0.016640850,-0.428902781,-0.019756515
5.404000,0.647972847,-0.021586534,-3.576137608,0.016128938,-0.430409787,-0.021677874
5.405000,0.621870900,-0.067609410,-3.679023860,0.021618914,-0.434436633,-0.020342578
5.406000,0.615300006,-0.093666280,-3.632407619,0.038058154,-0.441734570,-0.019337359
5.407000,0.631699329,-0.057934581,-3.554555544,0.049141975,-0.447069039,-0.016420954
5.408000,0.648294539,-0.063114715,-3.525484692,0.049489444,-0.446193117,-0.012171189
5.409000,0.678384576,-0.059884848,-3.462679377,0.034478333,-0.445628994,-0.008038109
5.410000,0.671509480,0.018996142,-3.442978870,0.017371925,-0.450310749,-0.005695160
5.411000,0.637742011,0.147499084,-3.446366050,0.008680205,-0.455949689,-0.007720999
5.412000,0.598114935,0.134799740,-3.443953436,0.011572571,-0.457681512,-0.010893552
5.413000,0.587291517,0.019382150,-3.667861371,0.024349290,-0.455973565,-0.012961575
5.414000,0.573349455,-0.065969946,-3.853420666,0.037618780,-0.453862579,-0.013481796
5.415000,0.668194086,-0.165949140,-3.902067108,0.041462803,-0.453388813,-0.011785956
5.416000,0.692337069,-0.177453162,-3.818407630,0.036512838,-0.455962486,-0.009170042
5.417000,0.715373056,-0.120926840,-3.669866558,0.026499473,-0.460000660,-0.008135864
5.418000,0.727418419,-0.107396034,-3.497997186,0.014209240,-0.464651303,-0.007251763
5.419000,0.717129824,-0.024705774,-3.547889854,0.012181994,-0.464211464,-0.004517433
5.420000,0.681097872,0.034313650,-3.702079789,0.027033466,-0.463398246,-0.002823504
5.421000,0.660410796,-0.009186219,-3.755800663,0.033755160,-0.470741791,-0.001175933
5.422000,0.647705637,-0.058609817,-3.830888402,0.032423446,-0.473454518,0.003255438
5.423000,0.663785716,-0.032302671,-3.738935562,0.029829489,-0.477529731,0.002811978
5.424000,0.684560230,-0.009738060,-3.486453291,0.024570555,-0.481052776,0.002996978
5.425000,0.648776563,-0.034358100,-3.587252949,0.016743549,-0.481130000,0.004564249
5.426000,0.641651513,0.026291354,-3.798019154,0.025134590,-0.481539236,0.005251498
5.427000,0.593783486,-0.014753862,-3.846619518,0.033228734,-0.487941335,0.005150274
5.428000,0.602010337,-0.126076285,-3.922602558,0.037456907,-0.487989494,0.008618854
5.429000,0.621401183,-0.165575334,-3.856287934,0.033651210,-0.488478601,0.010819693
5.430000,0.668378741,-0.062645878,-3.743266167,0.020930586,-0.487828446,0.013574976
5.431000,0.645205233,0.129297070,-3.699029417,0.003400231,-0.486561398,0.013863258
5.432000,0.645108052,0.210561348,-3.765890508,-0.000898324,-0.488379718,0.011676042
5.433000,0.588858876,0.090600235,-3.823964853,0.008091897,-0.492952266,0.008444940
5.434000,0.573423330,-0.056462667,-3.871750461,0.022956830,-0.497309570,0.010482414
5.435000,0.598143563,-0.091376007,-3.930248416,0.033199808,-0.499729408,0.012493255
5.436000,0.641212198,-0.034088471,-3.799586918,0.035794726,-0.500660562,0.015267765
5.437000,0.635347462,-0.005970593,-3.706328078,0.026660310,-0.503097378,0.016309627
5.438000,0.658970414,0.071022347,-3.664972773,0.017812759,-0.503837058,0.018671363
5.439000,0.613293940,0.053763852,-3.779420753,0.013732496,-0.503719980,0.016504087
5.440000,0.581897010,0.075004501,-3.883277909,0.019811314,-0.504213078,0.013963775
5.441000,0.580781603,-0.028984817,-3.907270642,0.024283631,-0.506774877,0.013730917
5.442000,0.591050684,-0.024234268,-3.976680728,0.028498817,-0.505370817,0.012725737
5.443000,0.611852043,0.029329333,-3.807235889,0.025949643,-0.507422600,0.010725352
5.444000,0.671448895,0.038172477,-3.805488510,0.015485994,-0.506696437,0.012507000
5.445000,0.666125258,-0.008981580,-3.794531370,0.008453393,-0.505587867,0.011706919
5.446000,0.679674617,-0.033351948,-3.807268255,0.007923019,-0.509039829,0.009539623
5.447000,0.639604989,-0.070471646,-3.784560155,0.007453469,-0.513059235,0.008714743
5.448000,0.638004784,-0.018331441,-3.924464387,0.008823776,-0.510425004,0.011991680
5.449000,0.673422246,0.139810402,-3.981598933,0.013610231,-0.509376515,0.015987237
5.450000,0.691189620,0.218193861,-4.023625314,0.017059628,-0.507055847,0.016481090
5.451000,0.643197830,0.066403903,-3.894605329,0.015740380,-0.511786742,0.015430337
5.452000,0.613158466,-0.015302598,-3.812615729,0.016163854,-0.516535387,0.014898818
5.453000,0.634082854,0.033436829,-3.819922817,0.013835604,-0.517936108,0.012933519
5.454000,0.689674633,0.027144668,-3.820857813,0.005221794,-0.517347257,0.013908122
5.455000,0.738217966,0.153885288,-3.841325088,-0.005611227,-0.515672550,0.014851864
5.456000,0.770283809,0.279008720,-3.809542994,-0.003282433,-0.514683345,0.014185766
5.457000,0.706332634,0.189444965,-3.681617118,0.002007958,-0.517836116,0.014388570
5.458000,0.641438180,0.125768835,-3.845950444,0.014195280,-0.516975388,0.016941839
5.459000,0.611863341,0.056735262,-4.031447127,0.022483351,-0.519023174,0.015951894
5.460000,0.617364426,0.006521396,-3.950098380,0.023009292,-0.519149618,0.015080615
5.461000,0.653669311,0.007775159,-3.788078578,0.013713746,-0.518830134,0.011318386
5.462000,0.636557971,0.040753451,-3.734076537,0.010505760,-0.515925406,0.005092680
5.463000,0.660988771,-0.087111454,-3.610799029,0.009762550,-0.516394786,0.000131067
5.464000,0.705138560,-0.156679631,-3.850891905,0.005298511,-0.511650828,0.001870583
5.465000,0.696421737,0.064743417,-3.923834178,0.005557222,-0.514161185,0.000755898
5.466000,0.657883266,0.150222128,-3.836621482,0.011090202,-0.514436960,-0.000426060
5.467000,0.618334136,0.076612224,-3.610399098,0.014591897,-0.517926762,0.000294754
5.468000,0.551629814,0.068770831,-3.723326048,0.020451156,-0.516712818,-0.000592841
5.469000,0.526948321,0.037724017,-3.796168768,0.029444059,-0.519074278,-0.003207947
5.470000,0.500908951,-0.195616449,-3.740833895,0.033091618,-0.519623865,-0.004421207
5.471000,0.550033051,-0.226634143,-3.661815575,0.021949120,-0.518863626,-0.004167963
5.472000,0.564859278,-0.051492690,-3.658472372,0.015201020,-0.513518616,-0.001916528
5.473000,0.612424683,0.040791432,-3.546222662,0.009562264,-0.511193044,0.003029242
5.474000,0.599555573,0.072327075,-3.640581919,-0.000303848,-0.507885604,0.009727127
5.475000,0.542725792,0.153480296,-3.704177494,-0.000406769,-0.508208966,0.013075822
5.476000,0.454321607,0.202189138,-3.670426058,0.006990035,-0.509332930,0.012705934
5.477000,0.419150481,0.067890345,-3.653381213,0.011496207,-0.506185759,0.010704166
5.478000,0.416203195,0.026852862,-3.762997234,0.011111216,-0.502179912,0.007157758
5.479000,0.460653027,0.017303463,-3.735454520,0.013589693,-0.499757226,-0.000560811
5.480000,0.501990305,-0.085609565,-3.501997720,0.007846578,-0.501206796,-0.005719167
5.481000,0.495092977,-0.043356594,-3.491917149,0.009478742,-0.496540948,-0.006881726
5.482000,0.506035275,0.070483017,-3.548841237,0.017747351,-0.494702821,-0.006292008
5.483000,0.551895340,0.000830274,-3.667629551,0.023664526,-0.486922836,-0.002304683
5.484000,0.613453604,-0.063055873,-3.716466315,0.023863964,-0.480024504,0.003923109
5.485000,0.651427629,-0.086577270,-3.635942021,0.029374171,-0.475187041,0.003403564
5.486000,0.659971714,-0.248335251,-3.338473266,0.024167845,-0.474915205,0.001487742
5.487000,0.705172009,-0.295950630,-3.253549660,0.017321598,-0.472896580,0.002204942
5.488000,0.720019744,-0.236301864,-3.373540311,0.014284744,-0.468381645,0.002350859
5.489000,0.679049146,-0.227656478,-3.432973814,0.009976111,-0.470369976,0.001872393
5.490000,0.686262528,-0.260687641,-3.399038638,0.011485460,-0.470380228,0.004479598
5.491000,0.682640619,-0.229737969,-3.409751695,0.013192139,-0.466699437,0.008464238
5.492000,0.650224899,-0.057809556,-3.466643077,0.021242315,-0.459604724,0.013581411
5.493000,0.670490544,-0.021138153,-3.550333737,0.024073191,-0.451792440,0.019329991
5.494000,0.694317523,-0.070662230,-3.547738819,0.015611500,-0.446415656,0.025796477
5.495000,0.649773882,-0.028129431,-3.540791294,0.008208422,-0.442848058,0.023879042
5.496000,0.649069806,-0.046696195,-3.304079619,0.008861465,-0.441589135,0.022539959
5.497000,0.632272143,-0.067178138,-3.200800095,0.001128871,-0.438392781,0.023926936
5.498000,0.628543253,0.119329751,-3.303017832,0.000503482,-0.432928808,0.026058740
5.499000,0.618351425,0.231053438,-3.318405674,-0.000355003,-0.429512539,0.026212669
5.500000,0.613210061,0.182380044,-3.269096489,0.003344958,-0.426789149,0.027109789
5.501000,0.571870907,0.146759768,-3.380636379,0.009992101,-0.422069198,0.026443357
5.502000,0.525297963,0.047092257,-3.311208013,0.021262686,-0.419349132,0.026034272
5.503000,0.553314979,-0.095286576,-3.351501747,0.013447657,-0.416593315,0.029015087
5.504000,0.594545285,-0.065088088,-3.371795407,0.002919946,-0.409183381,0.030042811
5.505000,0.602846258,-0.040390296,-3.246035088,-0.002745136,-0.406439275,0.024802272
5.506000,0.589427881,-0.173104550,-3.056071190,-0.008424521,-0.402090100,0.023802857
5.507000,0.641636905,-0.121165595,-3.159950528,-0.009282041,-0.395331186,0.022664304
5.508000,0.639240593,-0.020423664,-3.281642052,-0.002416607,-0.387786329,0.020098289
5.509000,0.607370935,-0.143463641,-3.272768301,0.001576114,-0.385295884,0.017725589
5.510000,0.650822963,-0.168357140,-3.300564513,0.003693813,-0.382162462,0.017690541
5.511000,0.677182305,-0.127255421,-3.166754900,0.007461904,-0.379531253,0.015340640
5.512000,0.618637018,-0.140546761,-3.097311279,0.009822020,-0.374118857,0.011042491
5.513000,0.632360538,-0.214257856,-3.077338991,-0.001634117,-0.370951241,0.009484964
5.514000,0.708879453,-0.073890062,-3.181267361,-0.008578486,-0.365370579,0.013981365
5.515000,0.657942267,0.071516542,-3.113965676,-0.011435147,-0.364153193,0.012936006
5.516000,0.642080445,0.172136961,-3.032284680,-0.018117758,-0.361243960,0.013101452
5.517000,0.625610253,0.215689018,-3.078029380,-0.021026871,-0.356634764,0.012372708
5.518000,0.570618312,0.203517972,-3.021907857,-0.015058724,-0.354572181,0.007757953
5.519000,0.544140136,0.044043104,-2.921360318,-0.017788775,-0.354575882,0.003817207
5.520000,0.591747864,0.022344914,-2.877340905,-0.024324817,-0.352263084,0.004308775
5.521000,0.618900634,0.063156924,-2.872975581,-0.029935909,-0.346242057,0.001501682
5.522000,0.662757831,0.149890718,-2.782032394,-0.034398578,-0.341499882,0.002912758
5.523000,0.707227394,0.229939875,-2.841060678,-0.040763399,-0.335658062,0.002063561
5.524000,0.657109358,0.290473959,-2.993953243,-0.031465743,-0.330766045,0.003902043
5.525000,0.567583442,0.213325137,-2.925967782,-0.010615295,-0.331633975,0.000077098
5.526000,0.548479622,0.006631148,-2.879216587,0.001220678,-0.328040155,0.002093636
5.527000,0.572150688,-0.052567038,-2.886675246,0.005367778,-0.322646290,0.000125138
5.528000,0.607732508,-0.082153087,-2.894872475,-0.000768059,-0.316529595,-0.002606703
5.529000,0.687704145,-0.097199596,-2.701019686,-0.021782236,-0.311738201,-0.005934462
5.530000,0.724011132,-0.034695456,-2.729097753,-0.036721525,-0.305785037,-0.009126849
5.531000,0.718559166,0.075858805,-2.664576201,-0.036604297,-0.305169520,-0.011150949
5.532000,0.637269347,0.051352404,-2.690645273,-0.029795348,-0.307056306,-0.010051024
5.533000,0.608040417,0.089775765,-2.806080356,-0.023032567,-0.308712803,-0.008080627
5.534000,0.528217580,0.077015177,-2.816498876,-0.010685090,-0.307602320,-0.008199950
5.535000,0.532875179,0.040153451,-2.652489871,-0.012037924,-0.306475994,-0.008224951
5.536000,0.547350097,0.049835523,-2.598923348,-0.019007962,-0.299031309,-0.012024898
5.537000,0.585563986,0.085746596,-2.544546177,-0.024469296,-0.296428062,-0.016450318
5.538000,0.602724313,0.071814991,-2.441190855,-0.028293565,-0.294169671,-0.017312435
5.539000,0.608024186,0.095724901,-2.569115910,-0.032492210,-0.293860720,-0.017728999
5.540000,0.587491293,0.229818777,-2.594709262,-0.026474862,-0.292857669,-0.015699877
5.541000,0.547212929,0.335413174,-2.475414543,-0.023630090,-0.291665853,-0.014532538
5.542000,0.531979581,0.355708471,-2.529488180,-0.021032874,-0.287067299,-0.011772722
5.543000,0.501732614,0.269855910,-2.515614539,-0.012954583,-0.283527857,-0.014852562
5.544000,0.457755497,0.020487755,-2.404254779,-0.010625929,-0.284561011,-0.016329490
5.545000,0.449407801,-0.013131028,-2.541493028,-0.012520383,-0.279929271,-0.018713855
5.546000,0.514856349,0.083690135,-2.576900664,-0.012000467,-0.274412737,-0.021171092
5.547000,0.551415289,0.162889332,-2.416131442,-0.019277915,-0.273081803,-0.023426025
5.548000,0.542884760,0.130741384,-2.376682646,-0.022497173,-0.270263365,-0.023058494
5.549000,0.547172284,0.117561388,-2.394576263,-0.019092532,-0.268994623,-0.023288713
5.550000,0.518398143,0.057905365,-2.385870611,-0.009529900,-0.267917238,-0.023250011
5.551000,0.519363701,-0.009840064,-2.435580809,-0.010027900,-0.267466025,-0.022130081
5.552000,0.538630414,-0.094454695,-2.329097896,-0.007670658,-0.266273575,-0.023100425
5.553000,0.572577591,-0.078164461,-2.243083369,-0.007110270,-0.265788370,-0.028218806
5.554000,0.530245891,-0.081374845,-2.132003174,-0.003522368,-0.263791447,-0.030754065
5.555000,0.515644303,-0.092429063,-2.094271013,-0.000298161,-0.261965685,-0.031775910
5.556000,0.482427730,-0.017242723,-2.309423999,0.002102089,-0.258710928,-0.028026104
5.557000,0.505070942,0.021766314,-2.341679997,-0.003341487,-0.256375879,-0.023873851
5.558000,0.496344637,0.130935559,-2.196738799,-0.007882148,-0.256141089,-0.021334997
5.559000,0.465862528,0.158054200,-2.059688700,-0.009431860,-0.254977069,-0.020971643
5.560000,0.455622766,0.079807284,-1.994583634,-0.007935086,-0.253458160,-0.021006037
5.561000,0.392921655,0.006921298,-1.982572674,-0.012743441,-0.252269614,-0.022711437
5.562000,0.364140689,0.003464903,-2.003820792,-0.016278536,-0.252399283,-0.023658168
5.563000,0.356990988,0.058074805,-2.068947548,-0.017444323,-0.250517431,-0.025222266
5.564000,0.378920272,0.088643805,-1.939236633,-0.023204953,-0.251807569,-0.025610135
5.565000,0.381212655,0.182079504,-1.919332289,-0.019619894,-0.250151373,-0.025454112
5.566000,0.372611429,0.150442205,-2.018498623,-0.005890337,-0.247237880,-0.023440994
5.567000,0.334537170,0.020626155,-2.080011868,0.004245877,-0.244596233,-0.021120801
5.568000,0.335489103,-0.085752024,-2.060705760,0.008694715,-0.243614930,-0.016435534
5.569000,0.375302163,-0.055625457,-1.872642857,0.014914623,-0.240813563,-0.017985961
5.570000,0.386013737,-0.096224198,-1.732253514,0.010764213,-0.239392961,-0.019416246
5.571000,0.394247532,-0.141938482,-1.719266324,0.001479181,-0.235062076,-0.019275723
5.572000,0.379495776,-0.037346871,-1.847728021,-0.005789261,-0.231498885,-0.020697478
5.573000,0.346703548,-0.053916668,-1.737875160,-0.008049199,-0.235345584,-0.022392844
5.574000,0.352221733,-0.111352125,-1.688325977,-0.011378026,-0.235015204,-0.018656846
5.575000,0.319250353,0.029342815,-1.794807613,-0.006345378,-0.230779448,-0.017641180
5.576000,0.277297074,0.059658605,-1.828144705,0.004250527,-0.225929842,-0.017275412
5.577000,0.278927882,-0.111378058,-1.781568190,0.009929641,-0.222103013,-0.015012247
5.578000,0.289301369,-0.183030022,-1.825693566,0.012673954,-0.218516664,-0.013985206
5.579000,0.289650064,-0.166822428,-1.702315768,0.013960999,-0.215513958,-0.013281630
5.580000,0.310825325,-0.043387021,-1.578066814,0.016201754,-0.215965132,-0.012502482
5.581000,0.322732056,-0.050706034,-1.539825087,0.007156644,-0.215738253,-0.008689822
5.582000,0.344354230,0.050898570,-1.539238202,-0.006654680,-0.213035872,-0.002545294
5.583000,0.271389543,0.215761874,-1.469452288,-0.007990991,-0.211580243,-0.004617144
5.584000,0.190116495,0.196114989,-1.316939987,-0.004672704,-0.213667250,-0.003488784
5.585000,0.188856720,0.173334445,-1.427668976,-0.002487384,-0.210938832,0.001221126
5.586000,0.157622375,0.221758006,-1.650867770,0.011607429,-0.202715651,0.001248405
5.587000,0.136082883,0.046834962,-1.586334045,0.019152662,-0.200481597,-0.002333620
5.588000,0.252729494,-0.160879358,-1.532417920,0.014460246,-0.197478339,0.001785061
5.589000,0.284575797,-0.071104389,-1.459957166,0.010735775,-0.192121053,0.000618486
5.590000,0.258180705,-0.032839681,-1.267237437,0.008228030,-0.189941166,-0.001522714
5.591000,0.303775624,-0.085945414,-1.158550173,-0.003110810,-0.188373309,0.004352061
5.592000,0.313442381,0.038330172,-1.416488736,-0.002389521,-0.178231725,0.009727787
5.593000,0.230596343,0.090313773,-1.447139650,0.007838209,-0.177050053,0.007482715
5.594000,0.229593945,-0.044527474,-1.380396480,0.013677213,-0.177348029,0.009791063
5.595000,0.253647998,-0.061385788,-1.332400742,0.020279695,-0.172769975,0.011949446
5.596000,0.233183632,-0.079182245,-1.360385185,0.023572044,-0.166867833,0.010535895
5.597000,0.190905461,-0.094374725,-1.339783774,0.018750137,-0.164063094,0.009556031
5.598000,0.221367462,-0.052803273,-1.343976242,0.014475429,-0.159308257,0.010859431
5.599000,0.262965233,-0.038238690,-1.237362756,0.013628169,-0.156616022,0.010704892
5.600000,0.271023868,-0.040480450,-1.152662751,0.012994509,-0.154170454,0.013437377
5.601000,0.277084780,-0.036540364,-1.027201748,0.014476063,-0.151596979,0.016029620
5.602000,0.275816339,0.045194139,-1.114578089,0.013019068,-0.148575003,0.021294296
5.603000,0.228423589,0.148203280,-1.079990292,0.005128209,-0.148472295,0.023262934
5.604000,0.197797033,0.255745335,-1.070505696,-0.001706437,-0.146494552,0.024790942
5.605000,0.171722948,0.240349084,-1.009604842,0.000852930,-0.143777057,0.022152416
5.606000,0.140214096,0.114764536,-0.961338073,0.005766783,-0.141371522,0.021332987
5.607000,0.164482058,-0.011977583,-0.969475243,0.006376829,-0.138991278,0.020267438
5.608000,0.201987942,-0.024113273,-1.055188671,0.008942549,-0.132092195,0.023590074
5.609000,0.202147170,0.039582836,-1.019333015,0.006186461,-0.126863410,0.023753963
5.610000,0.232998506,0.079861008,-0.970075062,-0.000897696,-0.122483646,0.024786008
5.611000,0.274196666,0.138839737,-0.893588229,-0.002217073,-0.118978224,0.026624158
5.612000,0.230256546,0.134971336,-0.848741165,0.009010262,-0.117367160,0.026395533
5.613000,0.137852976,-0.002794018,-0.839098827,0.014289817,-0.118796514,0.027576619
5.614000,0.110991121,-0.015712366,-0.936117214,0.019126541,-0.117180973,0.028671377
5.615000,0.123900412,0.038637521,-0.924352126,0.022111194,-0.112586704,0.027144502
5.616000,0.145325526,-0.098776481,-0.756784219,0.014047216,-0.110390990,0.025204891
5.617000,0.217481818,-0.111356564,-0.737312853,0.002492487,-0.106584775,0.026211193
5.618000,0.185633493,-0.060685949,-0.726224027,0.007118681,-0.101585499,0.023939246
5.619000,0.159822776,-0.139446876,-0.754649538,0.011962721,-0.099725838,0.023674745
5.620000,0.152523576,-0.209000492,-0.770069384,0.007797558,-0.099302145,0.030313550
5.621000,0.137932897,0.001884243,-0.872398527,0.008259024,-0.094842381,0.033800424
5.622000,0.115378977,0.104598643,-0.671075624,0.006278983,-0.093808645,0.033055516
5.623000,0.106159292,0.046448496,-0.502958894,-0.009419363,-0.093077377,0.035046281
5.624000,0.091894555,0.186913473,-0.544445701,-0.015072036,-0.088192061,0.035064316
5.625000,0.017718755,0.196470137,-0.570964315,-0.007919934,-0.088101346,0.030010476
5.626000,0.001936962,-0.011314923,-0.541088548,-0.005761197,-0.087749170,0.029495975
5.627000,0.059934796,-0.108427513,-0.610712896,-0.005602949,-0.086385694,0.033346731
5.628000,0.127523489,-0.000807904,-0.617610266,-0.001586520,-0.081711189,0.035400936
5.629000,0.114436369,0.031531915,-0.373133798,-0.007486911,-0.078056539,0.035052476
5.630000,0.078461050,0.044441197,-0.351184729,-0.021516307,-0.071621173,0.037501184
5.631000,0.088652222,0.123326203,-0.429329853,-0.026517808,-0.067451241,0.037601826
5.632000,0.052562908,0.135304770,-0.523897422,-0.024642091,-0.063859021,0.036226421
5.633000,0.017837127,0.044568612,-0.618109183,-0.023297696,-0.061206396,0.035571458
5.634000,0.038777093,0.025597848,-0.696149572,-0.022288522,-0.058858700,0.036320289
5.635000,0.066512199,0.045779726,-0.558633227,-0.018770455,-0.056442374,0.035753042
5.636000,0.128604206,-0.094729144,-0.387525393,-0.016644374,-0.053020217,0.032923650
5.637000,0.196322794,-0.240783456,-0.276494755,-0.019057915,-0.051562433,0.033903598
5.638000,0.192612101,-0.226469588,-0.314455183,-0.019515442,-0.050571004,0.034763170
5.639000,0.153047391,-0.148036365,-0.379819668,-0.020342867,-0.048581239,0.033522256
5.640000,0.141866678,-0.086616721,-0.380080750,-0.023764461,-0.046900943,0.032902819
5.641000,0.148676229,-0.038455503,-0.363040586,-0.024819926,-0.044563627,0.032915183
5.642000,0.157594085,-0.001955274,-0.302050126,-0.024825725,-0.042125544,0.031536571
5.643000,0.115497080,-0.023069856,-0.234926877,-0.030593237,-0.040067510,0.030311242
5.644000,0.123169529,-0.001996596,-0.269987766,-0.036966444,-0.039735986,0.030913982
5.645000,0.089300328,-0.003960611,-0.344861112,-0.039824794,-0.037737055,0.031077060
5.646000,0.139930963,0.022888116,-0.309794396,-0.040343462,-0.036099248,0.031171582
5.647000,0.155536352,0.062088095,-0.352349367,-0.040198825,-0.031369110,0.031932206
5.648000,0.158498144,0.059260731,-0.262637139,-0.031600838,-0.030567285,0.030955060
5.649000,0.101597697,-0.048285916,-0.188341834,-0.026156310,-0.032281426,0.028551674
5.650000,0.095138960,-0.103945935,-0.170596540,-0.029456448,-0.034868830,0.030797725
5.651000,0.089262483,0.007246382,-0.182183093,-0.034474909,-0.034915028,0.030467239
5.652000,0.086201945,-0.001017226,-0.102164680,-0.044227032,-0.034492770,0.030027160
5.653000,0.061397879,-0.009011296,-0.094308367,-0.056782704,-0.031980500,0.029637056
5.654000,0.028871577,0.036062472,-0.080577401,-0.058704041,-0.028864480,0.027817943
5.655000,0.003672203,0.009946214,-0.138774542,-0.059315610,-0.028387299,0.026712019
5.656000,0.032452685,-0.003421760,-0.198257681,-0.058342486,-0.026367906,0.026689699
5.657000,0.025708798,0.029587118,-0.167631513,-0.054680465,-0.025512564,0.025823085
5.658000,0.022411818,-0.017212110,-0.164396628,-0.053170686,-0.024773736,0.025706560
5.659000,0.005100591,-0.067537535,-0.133015007,-0.055522872,-0.024999682,0.026452161
5.660000,-0.011078654,-0.041958821,-0.203829694,-0.051530219,-0.022665533,0.027437582
5.661000,-0.019692621,-0.024523024,-0.139249076,-0.047847618,-0.023198451,0.026127193
5.662000,0.009226193,-0.050556839,-0.110187034,-0.045498031,-0.021048018,0.026032608
5.663000,-0.000981080,-0.014708346,-0.047020588,-0.044023442,-0.020459485,0.023549049
5.664000,-0.000875323,0.071793839,-0.025993828,-0.046919977,-0.019512224,0.022376670
5.665000,-0.013387115,0.083948960,-0.020359192,-0.054989010,-0.018887649,0.020930393
5.666000,-0.024313650,0.066422981,-0.005574860,-0.061741566,-0.019023879,0.019818955
5.667000,-0.004861373,0.036316051,0.098104640,-0.070634129,-0.019873011,0.019448367
5.668000,-0.010384511,0.053337587,0.104685043,-0.074118369,-0.018830774,0.019242550
5.669000,-0.015638536,0.016643875,0.022854005,-0.076669181,-0.017819266,0.019305874
5.670000,-0.015143281,0.039973618,-0.066627506,-0.077749130,-0.016261392,0.019898673
5.671000,-0.017927320,0.103047867,-0.043633018,-0.078757914,-0.015118083,0.019168669
5.672000,0.009589783,0.110340505,0.059653718,-0.079616160,-0.014067148,0.018518571
5.673000,0.038123779,0.186666644,0.106296696,-0.079220346,-0.013474269,0.017588191
5.674000,0.037796002,0.272115964,0.109690050,-0.075865266,-0.010492156,0.016281966
5.675000,0.025827097,0.278885359,0.054180220,-0.069608382,-0.008298286,0.015963496
5.676000,0.033424755,0.232361054,-0.048966301,-0.058054342,-0.006779720,0.014772782
5.677000,0.016441205,0.128795580,-0.131251505,-0.047574641,-0.004742356,0.012300338
5.678000,0.045051394,0.020472874,-0.070200813,-0.040302095,-0.003998698,0.009024160
5.679000,0.101684310,0.006757426,0.043424251,-0.043189841,-0.004526307,0.008300087
5.680000,0.111691832,0.083197563,0.124522255,-0.049462925,-0.002063631,0.005736065
5.681000,0.084857275,0.100744250,0.183688131,-0.058156540,-0.001717871,0.002050350
5.682000,0.087873087,0.044181646,0.179382783,-0.065049513,0.000062157,0.001371864
5.683000,0.081809559,0.009822431,0.128389554,-0.068083626,0.000750971,0.002149044
5.684000,0.084667686,0.029980387,0.168685619,-0.070927005,0.000508264,0.002458451
5.685000,0.087315848,0.053364125,0.167980431,-0.075576601,0.000224240,0.004466876
5.686000,0.093349067,0.112469443,0.193793216,-0.079460717,0.001124709,0.004007558
5.687000,0.053256556,0.146823160,0.234934555,-0.077944924,0.002064732,0.001660959
5.688000,0.010365033,0.101767151,0.183747640,-0.072530180,0.004479122,0.000096867
5.689000,-0.026967319,0.088429679,0.152817492,-0.062404136,0.005076565,-0.003072308
5.690000,-0.028058245,0.122285019,0.160435433,-0.053233653,0.005444938,-0.004387971
5.691000,-0.001662624,0.217471158,0.194919298,-0.051380518,0.007738295,-0.004372719
5.692000,0.016619635,0.346409261,0.214476836,-0.050672116,0.011754313,-0.006034265
5.693000,-0.026538496,0.357728881,0.319055267,-0.049803892,0.013164038,-0.009523342
5.694000,-0.061558400,0.301673953,0.255245874,-0.048376029,0.014350847,-0.010004589
5.695000,-0.110229367,0.240601465,0.191837682,-0.041955879,0.014324199,-0.011838860
5.696000,-0.120499414,0.125480374,0.254041351,-0.037993887,0.013404596,-0.013249503
5.697000,-0.089335581,0.042503870,0.316692676,-0.041671183,0.016154296,-0.012400000
5.698000,-0.054480983,0.067878540,0.287748888,-0.044622470,0.021743557,-0.013979567
5.699000,-0.037780219,0.065153273,0.371659490,-0.045907870,0.024603317,-0.017338918
5.700000,-0.050553873,-0.025628977,0.351440278,-0.046848214,0.027264008,-0.018787497
5.701000,-0.053862699,-0.046300918,0.258733794,-0.042633469,0.029473191,-0.019121795
5.702000,-0.051875817,-0.026586962,0.259701710,-0.030946947,0.031403811,-0.021617628
5.703000,-0.045673182,-0.108502745,0.375788143,-0.026665642,0.032205095,-0.023320237
5.704000,-0.009111657,-0.132631945,0.404290065,-0.028340299,0.035305675,-0.022139071
5.705000,0.011708513,-0.019777482,0.391030571,-0.029446516,0.038501663,-0.023991037
5.706000,-0.004613596,0.037653038,0.460898493,-0.028477280,0.039855780,-0.027235584
5.707000,-0.037304779,0.034316574,0.455097800,-0.024464405,0.042415736,-0.028942414
5.708000,-0.059041098,0.102327166,0.390954162,-0.014474902,0.044660843,-0.029200510
5.709000,-0.048233572,0.145730004,0.368449367,-0.002311655,0.047190660,-0.029742654
5.710000,-0.028073804,0.153982853,0.423515072,0.003468612,0.049501623,-0.029341050
5.711000,-0.006473377,0.194547587,0.441428665,0.002626116,0.053281318,-0.028940756
5.712000,-0.000203195,0.248566126,0.488322609,0.003601125,0.054943611,-0.029826148
5.713000,-0.022151315,0.226310435,0.519444431,0.004756240,0.057813675,-0.030327075
5.714000,-0.042434667,0.190944249,0.491810615,0.010028183,0.061130899,-0.030380198
5.715000,-0.049993358,0.153514053,0.416900403,0.020684092,0.063824669,-0.031540311
5.716000,-0.034153468,0.003428753,0.431925234,0.030945560,0.065835367,-0.032299632
5.717000,0.015434071,-0.102096236,0.462072449,0.033478631,0.068405417,-0.031360146
5.718000,0.080415901,-0.071156740,0.465360598,0.036159023,0.073679879,-0.031828666
5.719000,0.099537518,-0.110976038,0.584570411,0.037008239,0.076082934,-0.033362396
5.720000,0.087230224,-0.169952735,0.674189630,0.037404968,0.078350365,-0.033534102
5.721000,0.069043066,-0.162678392,0.710181357,0.042722353,0.079425310,-0.033436866
5.722000,0.064321658,-0.135969816,0.686375069,0.053901495,0.082902811,-0.033134019
5.723000,0.050757091,-0.119353470,0.675211155,0.058877253,0.086000102,-0.032685934
5.724000,0.057732772,-0.086538600,0.652292246,0.063662048,0.089610599,-0.031495108
5.725000,0.035849426,-0.052523633,0.623385975,0.070574564,0.091529840,-0.032509035
5.726000,0.024284990,-0.118012254,0.734617762,0.077057192,0.093075889,-0.033297842
5.727000,0.020253634,-0.197199659,0.848892030,0.076517125,0.093129636,-0.031694360
5.728000,0.021581885,-0.119319640,0.823464967,0.074893140,0.095233566,-0.028334963
5.729000,0.009488683,0.030079551,0.798873257,0.072524458,0.097008885,-0.026068201
5.730000,-0.006006720,0.122006780,0.757831526,0.070983909,0.097926990,-0.022777708
5.731000,-0.038174008,0.184697078,0.644339628,0.074764024,0.100508942,-0.020444484
5.732000,-0.099573710,0.156980931,0.633837666,0.090268667,0.103154712,-0.019924850
5.733000,-0.125632546,-0.068259565,0.774228617,0.100197600,0.103413967,-0.018211610
5.734000,-0.099457511,-0.262473755,0.858083483,0.101036041,0.103296792,-0.013712556
5.735000,-0.055230745,-0.206533201,0.853476277,0.092470703,0.107154020,-0.010143067
5.736000,0.001815695,-0.047612875,0.992987714,0.078262137,0.109051260,-0.007256422
5.737000,0.023216730,0.093913932,0.992882797,0.070746637,0.112815792,-0.005581085
5.738000,-0.020003831,0.154821281,0.846302576,0.086788466,0.118045832,-0.006789814
5.739000,-0.087458224,-0.113139902,0.767530858,0.119577885,0.119563280,-0.007990498
5.740000,-0.095386413,-0.490125405,0.737282862,0.142629975,0.119355884,-0.006903577
5.741000,-0.005903170,-0.545366910,0.814492685,0.135838093,0.121722487,-0.003539710
5.742000,0.087004934,-0.322704770,1.083241078,0.109529355,0.124620808,-0.002299386
5.743000,0.114863498,-0.038448922,1.363163111,0.079179473,0.127907289,-0.003675855
5.744000,0.075348085,0.107270176,1.313299471,0.068657873,0.129520134,-0.005445324
5.745000,-0.013776242,0.121323119,0.982056188,0.093998052,0.129949156,-0.005056920
5.746000,-0.076453684,-0.094492066,0.600349661,0.136786192,0.132143786,-0.001117252
5.747000,-0.062894817,-0.418395549,0.526597602,0.160930443,0.132159318,0.004550821
5.748000,0.009057351,-0.541645883,0.790385079,0.154752312,0.133558969,0.009206315
5.749000,0.100223017,-0.340181724,1.195224668,0.116668408,0.138430157,0.009509814
5.750000,0.124829844,-0.102185638,1.455214509,0.081579660,0.140476033,0.008763801
5.751000,0.096759829,0.075498368,1.413670694,0.067766382,0.140349222,0.011154979
5.752000,0.001159910,0.105281110,0.977493774,0.085041664,0.143492791,0.012263838
5.753000,-0.069482536,-0.018209407,0.700499920,0.118721272,0.145295035,0.015180461
5.754000,-0.076748948,-0.180789293,0.626067190,0.142165611,0.148090198,0.019830145
5.755000,-0.002862920,-0.288779302,0.860931365,0.141932242,0.149903083,0.024879929
5.756000,0.117377901,-0.242828483,1.227735951,0.119799182,0.151116787,0.027839661
5.757000,0.142732501,-0.124235648,1.575491404,0.083194453,0.150909220,0.025095114
5.758000,0.079318346,0.038525602,1.536571045,0.056585275,0.150716530,0.021020907
5.759000,-0.046486017,0.021246477,1.110358593,0.064256755,0.153884455,0.017616299
5.760000,-0.145444365,-0.154409174,0.669094054,0.105759489,0.155229304,0.014667794
5.761000,-0.053140345,-0.382261985,0.489034025,0.140930639,0.155407096,0.020358514
5.762000,0.095075713,-0.361518239,0.719292628,0.133335611,0.157241947,0.024938803
5.763000,0.230493677,-0.200224011,1.065730409,0.107932415,0.160609075,0.027054830
5.764000,0.245169284,-0.067036270,1.407253507,0.069594178,0.161507049,0.025478006
5.765000,0.106289230,-0.041570211,1.457972333,0.040524719,0.160425316,0.022647732
5.766000,-0.055529307,-0.104075202,1.087571531,0.048170865,0.157684494,0.016216407
5.767000,-0.076935307,-0.290577993,0.818319023,0.087504874,0.154318138,0.016236107
5.768000,0.073014153,-0.417201339,0.663096749,0.112274869,0.155239295,0.022797538
5.769000,0.220987136,-0.359656526,0.754696820,0.109161088,0.161680629,0.027185979
5.770000,0.282536829,-0.171731934,1.125033955,0.075195660,0.162376099,0.026201498
5.771000,0.252996157,0.031881128,1.519030856,0.032353774,0.156735125,0.025481688
5.772000,0.060915861,0.132183485,1.537109169,0.007928756,0.150893969,0.022755271
5.773000,-0.121349788,0.026862536,1.352182353,0.027465288,0.144397144,0.018433360
5.774000,-0.136165425,-0.117398491,1.025171239,0.056948981,0.143503509,0.019938968
5.775000,-0.025446402,-0.172584521,0.815217287,0.080306366,0.148698009,0.024085103
5.776000,0.130024845,-0.072899747,0.767915134,0.078683467,0.155669797,0.026218949
5.777000,0.212644628,0.128301227,0.978553074,0.054124936,0.157087288,0.024529902
5.778000,0.133264241,0.244271106,1.463479594,0.019236539,0.151024549,0.020090062
5.779000,-0.062464023,0.162637168,1.636634844,0.005508936,0.144439767,0.015036559
5.780000,-0.223695766,-0.035066706,1.422199459,0.022534716,0.139770650,0.010954848
5.781000,-0.196169789,-0.165297016,1.052111614,0.049061716,0.143020432,0.010905355
5.782000,-0.038574994,-0.161602055,0.868029594,0.063919326,0.151616216,0.012360900
5.783000,0.136867082,-0.096456128,0.976164295,0.055063764,0.158357653,0.011446483
5.784000,0.192088194,-0.039286216,1.281506245,0.031232833,0.158026403,0.007558116
5.785000,0.103521902,-0.034146486,1.496493761,0.012860019,0.153163572,0.004488109
5.786000,-0.098627823,-0.112719513,1.592275431,0.008734341,0.146156545,0.000908212
5.787000,-0.220556690,-0.224791514,1.422885416,0.021111144,0.143208828,0.000654009
5.788000,-0.148145011,-0.259945381,1.220431080,0.035215151,0.148038871,0.002490559
5.789000,0.000784591,-0.199702309,1.068307786,0.038569558,0.157284622,0.004026059
5.790000,0.072836261,-0.133631171,1.113786514,0.032442633,0.161931068,0.003548059
5.791000,0.091308785,-0.006794412,1.288801899,0.016904201,0.162339529,0.001963175
5.792000,-0.027562923,0.091552682,1.445911281,0.008252089,0.156222912,-0.001951806
5.793000,-0.176917915,0.091911137,1.553215808,0.011259970,0.151602718,-0.004819212
5.794000,-0.208212180,0.039442656,1.493447572,0.019203689,0.152753431,-0.005282114
5.795000,-0.142495600,0.036637500,1.392747740,0.026355217,0.159785057,-0.004754538
5.796000,-0.010030195,0.036147632,1.343587440,0.027033936,0.168146220,-0.004404159
5.797000,0.087634989,0.065973064,1.336939395,0.017833633,0.173137565,-0.003990783
5.798000,0.069809735,0.123910158,1.432160270,0.009978249,0.173290188,-0.004671264
5.799000,-0.013527645,0.143045683,1.588814012,0.006797728,0.171902954,-0.005814533
5.800000,-0.086794784,0.087815744,1.645109612,0.005416215,0.171874476,-0.004808813
5.801000,-0.094535262,0.058796424,1.617616223,0.008378293,0.174746932,-0.003076575
5.802000,-0.045821241,0.039927173,1.523854506,0.011285391,0.180446040,-0.002764708
5.803000,0.062601292,0.021362310,1.332598377,0.010628865,0.189827514,-0.003196688
5.804000,0.139123771,-0.001395793,1.268803875,0.010366424,0.196886700,-0.005450872
5.805000,0.164132323,-0.027352864,1.354123851,0.011731307,0.199209214,-0.008754272
5.806000,0.113467071,-0.071863715,1.536535851,0.015084298,0.199173580,-0.012589105
5.807000,0.081733251,-0.115314562,1.663173011,0.023210569,0.200131069,-0.014278092
5.808000,0.106154439,-0.119521263,1.646980816,0.028667278,0.204122930,-0.014239432
5.809000,0.190998197,-0.086895777,1.487864081,0.029575668,0.211771298,-0.012404644
5.810000,0.244295978,-0.058928399,1.436960840,0.027029636,0.218522280,-0.013043916
5.811000,0.279239387,-0.069650593,1.533082926,0.024832161,0.221919616,-0.012797511
5.812000,0.271062266,-0.051467562,1.739387380,0.022340879,0.223888656,-0.010695874
5.813000,0.212230332,0.019559265,1.850460950,0.022939222,0.226355773,-0.008979220
5.814000,0.172990057,0.063476930,1.857130041,0.022574750,0.228323225,-0.006921695
5.815000,0.177692945,0.066000280,1.731460091,0.022291787,0.232962310,-0.003366893
5.816000,0.199792501,0.069766533,1.630360958,0.023235023,0.238963417,-0.002539075
5.817000,0.241216792,0.052364431,1.612971129,0.028196611,0.246234558,-0.002011974
5.818000,0.265690924,0.008715217,1.726430912,0.032565934,0.250099894,-0.002238672
5.819000,0.262900779,-0.007140939,1.763205959,0.034966284,0.252698915,-0.001752148
5.820000,0.236164041,0.002243491,1.811629520,0.033445031,0.255106235,-0.001312011
5.821000,0.223740478,0.036473703,1.800583201,0.031789655,0.257613215,-0.000487400
5.822000,0.207893051,-0.006640983,1.839842424,0.029451150,0.261292691,-0.000138038
5.823000,0.216426025,-0.068374254,1.816344240,0.027561855,0.266407549,0.000619352
5.824000,0.234046884,-0.081421634,1.830670987,0.025582271,0.270769153,-0.000008111
5.825000,0.263971287,-0.054775010,1.841348307,0.022469822,0.274147180,0.000788691
5.826000,0.262286950,-0.026026146,1.957716333,0.020780069,0.276466267,0.000995224
5.827000,0.256074494,-0.019302718,2.011711305,0.020574223,0.279783524,0.001498791
5.828000,0.254392532,-0.029204811,2.042669375,0.021037530,0.283899244,0.003462492
5.829000,0.265937242,-0.045014892,1.980012640,0.025513405,0.288900307,0.005425920
5.830000,0.237742445,-0.082290542,1.905304787,0.033091004,0.294280670,0.005059545
5.831000,0.237562432,-0.093182000,1.895872249,0.036693058,0.297754023,0.005646969
5.832000,0.264321373,-0.076320305,1.925641771,0.039529266,0.302012759,0.006935319
5.833000,0.273750829,-0.012648928,2.001667297,0.042522238,0.307319625,0.005452222
5.834000,0.279668228,-0.020425492,2.063970529,0.041193233,0.311880899,0.004889265
5.835000,0.278645621,-0.023132262,1.968596307,0.041126464,0.316936317,0.004759463
5.836000,0.258584770,-0.048368869,1.893003622,0.045598674,0.320297293,0.003478845
5.837000,0.253648529,-0.127545442,1.957922163,0.046348161,0.322332792,0.003654332
5.838000,0.284082592,-0.146781428,2.010886057,0.042850979,0.325663886,0.006495827
5.839000,0.339488012,-0.069341488,2.053575158,0.041980602,0.329574650,0.007430753
5.840000,0.331931944,-0.044221379,2.121387237,0.040512227,0.333393475,0.005632347
5.841000,0.310553894,-0.079464542,2.092585104,0.042317162,0.336808975,0.005704106
5.842000,0.297218766,-0.125691388,1.982643256,0.050553566,0.340291347,0.004808008
5.843000,0.326996149,-0.209134324,1.992526179,0.060035832,0.344553091,0.005247544
5.844000,0.370770625,-0.261509065,2.087491891,0.058352121,0.349211034,0.006062993
5.845000,0.407021848,-0.143187260,2.070190912,0.054593578,0.354532579,0.005451964
5.846000,0.404382850,-0.061872220,2.127433302,0.053581312,0.356934035,0.001961938
5.847000,0.388801770,-0.084950585,2.130975312,0.053229566,0.359527672,0.000498021
5.848000,0.383300775,-0.137224395,2.096296704,0.056499078,0.362136160,-0.000193091
5.849000,0.399401923,-0.125920923,2.058750597,0.062464478,0.364513682,0.000627688
5.850000,0.389511837,-0.153428035,2.199124665,0.065591477,0.366711748,0.001160553
5.851000,0.405260437,-0.093316304,2.211535903,0.060488678,0.371211903,0.002586636
5.852000,0.408415369,0.027318817,2.191504163,0.059051377,0.376791212,0.001661110
5.853000,0.403191777,-0.007193606,2.123502692,0.060188787,0.381358982,-0.000316246
5.854000,0.402538818,-0.102997469,2.097897992,0.062130664,0.384481668,-0.002346921
5.855000,0.413497349,-0.124762709,2.054531197,0.068644168,0.388307254,-0.003875050
5.856000,0.439630728,-0.183881303,2.118030145,0.074975214,0.391146706,-0.004408664
5.857000,0.454678440,-0.187723748,2.172940096,0.077317720,0.395509944,-0.005672993
5.858000,0.469124116,-0.172550470,2.247091179,0.071421432,0.397290879,-0.005347597
5.859000,0.446490444,-0.176213182,2.261528941,0.064966403,0.399272413,-0.006197019
5.860000,0.437904177,-0.191966756,2.280528855,0.060583519,0.400003225,-0.006956345
5.861000,0.429364803,-0.177839043,2.329922471,0.056607717,0.402475100,-0.005591843
5.862000,0.441565808,-0.205196370,2.459665191,0.054948924,0.405203140,-0.003459286
5.863000,0.441234037,-0.197775821,2.492859944,0.052430242,0.408984454,-0.002336653
5.864000,0.443790115,-0.126359536,2.415061525,0.045961742,0.413994564,-0.002061718
5.865000,0.432125503,-0.024487248,2.363675984,0.040736842,0.417634908,-0.002056483
5.866000,0.411097209,-0.016591944,2.377416037,0.038853137,0.419612115,-0.002197917
5.867000,0.404880972,-0.044283115,2.412266136,0.041291243,0.423358402,-0.003718847
5.868000,0.398539207,-0.050477743,2.414923064,0.045636871,0.428151702,-0.004818090
5.869000,0.392257932,-0.043665075,2.403129267,0.055240871,0.431947205,-0.005053231
5.870000,0.397338646,-0.065205308,2.366649592,0.056719483,0.434920808,-0.004665688
5.871000,0.407825503,-0.024879636,2.322965327,0.050945945,0.437554965,-0.005140956
5.872000,0.423100016,0.032999143,2.418050621,0.043932898,0.438941243,-0.005629647
5.873000,0.447185279,0.046314682,2.552537274,0.040395734,0.440782165,-0.004570088
5.874000,0.428471273,0.057824109,2.615582778,0.036724037,0.445044591,-0.004879342
5.875000,0.415967053,-0.015642975,2.579265415,0.039513167,0.450007405,-0.004558664
5.876000,0.429986568,-0.127330401,2.501911682,0.036114656,0.453335703,-0.002256878
5.877000,0.488744692,-0.202753456,2.472579686,0.030210723,0.456116536,0.000694940
5.878000,0.532819114,-0.159017278,2.577413348,0.019762018,0.459432256,0.001822379
5.879000,0.551011863,-0.060301838,2.691679200,0.013397142,0.464509511,0.000621869
5.880000,0.524614033,-0.026001019,2.824672748,0.009922335,0.468658185,-0.002237915
5.881000,0.522374565,-0.004446796,2.718109167,0.016114790,0.472711153,-0.002725159
5.882000,0.481204539,-0.004108266,2.536746341,0.027117138,0.474613932,-0.003898138
5.883000,0.486464881,-0.066491316,2.423134994,0.039063216,0.477769091,-0.005092657
5.884000,0.509134468,-0.134410317,2.497031302,0.042910040,0.481962929,-0.005614304
5.885000,0.581281649,-0.092248087,2.585407865,0.039806446,0.488008700,-0.006989528
5.886000,0.613708831,-0.042587760,2.775814459,0.027018202,0.491887739,-0.009357942
5.887000,0.616051113,0.035817388,2.846957580,0.013556909,0.493008709,-0.009021726
5.888000,0.556469815,0.118060448,2.795852441,0.009466707,0.494554181,-0.008580805
5.889000,0.530658715,0.120882478,2.682333797,0.015408352,0.497587646,-0.008293426
5.890000,0.538436438,0.014309875,2.721450531,0.021767389,0.500533707,-0.006964085
5.891000,0.601455648,-0.025054134,2.770168976,0.019984959,0.504255200,-0.003756798
5.892000,0.617329082,0.000003765,2.805923558,0.012426488,0.507311757,-0.002017529
5.893000,0.600294162,0.052110301,2.956243084,-0.000531766,0.509765483,-0.003112995
5.894000,0.586921095,0.074962420,2.963195478,-0.006381515,0.512748126,-0.004849104
5.895000,0.562587719,0.085666203,2.931803594,-0.006596829,0.516432945,-0.006369800
5.896000,0.540409263,0.037838914,2.817779053,0.009165023,0.521748012,-0.010359353
5.897000,0.528656770,-0.069852472,2.721927783,0.026585002,0.525890312,-0.013249757
5.898000,0.584356609,-0.132661877,2.704493829,0.032855285,0.529522688,-0.013889147
5.899000,0.664660484,-0.045043261,2.802877109,0.030129012,0.533083622,-0.013803480
5.900000,0.675891182,0.047413319,2.981668483,0.019422206,0.536315680,-0.015469146
5.901000,0.620840384,0.100284475,3.110214682,0.010447821,0.537916458,-0.013609594
5.902000,0.518959511,0.054007080,3.034915971,0.013601920,0.540359514,-0.012509166
5.903000,0.485701491,-0.030242899,2.919472886,0.023433410,0.542111799,-0.012479111
5.904000,0.518166918,-0.126757904,2.848289073,0.028749359,0.547231936,-0.011709420
5.905000,0.592033940,-0.116229998,2.894776653,0.027316072,0.554357408,-0.010278662
5.906000,0.614652393,-0.086337010,3.029947809,0.017378053,0.559182923,-0.014525726
5.907000,0.624264630,-0.084929888,3.127774001,0.002421167,0.558834878,-0.014168752
5.908000,0.584692502,-0.057729294,3.176002516,-0.007811787,0.557316599,-0.013482424
5.909000,0.525027161,-0.020939006,3.090741086,-0.009201572,0.559623847,-0.011526795
5.910000,0.474394980,-0.008465749,3.014759777,-0.005161135,0.561563950,-0.009119116
5.911000,0.491967373,0.068954373,2.900004411,0.005109800,0.567491101,-0.007230192
5.912000,0.521290882,0.091450877,2.844642492,0.012801321,0.573502544,-0.007359824
5.913000,0.542125065,0.079137799,2.837559185,0.019788987,0.578804721,-0.008803947
5.914000,0.543567201,0.023712340,2.946353556,0.019045832,0.582203415,-0.011613625
5.915000,0.567849054,-0.014647993,3.015694230,0.016190910,0.586645349,-0.012036319
5.916000,0.580785056,-0.035611792,3.168456970,0.015485524,0.587191831,-0.013941265
5.917000,0.603642875,-0.058941704,3.206665721,0.012113332,0.590731119,-0.011074295
5.918000,0.605182914,-0.036088180,3.177591150,0.008603948,0.592616787,-0.010863013
5.919000,0.632935992,-0.010385052,3.153597502,0.007470844,0.598591796,-0.010998929
5.920000,0.659536197,-0.030267867,3.267113502,0.002226730,0.599809105,-0.009377976
5.921000,0.636284855,-0.032740596,3.236853731,-0.005598151,0.605589812,-0.006937851
5.922000,0.628215090,-0.023153415,3.160754764,-0.010201666,0.606943733,-0.006309014
5.923000,0.592940682,0.037560573,3.074205797,-0.007699952,0.611342080,-0.006389774
5.924000,0.630563653,-0.008644191,3.062832192,-0.004644977,0.614453514,-0.006260926
5.925000,0.661071058,-0.055667736,3.003512797,0.010857314,0.621116353,-0.007159268
5.926000,0.657436356,-0.218293471,2.942263608,0.028855799,0.627200934,-0.010972396
5.927000,0.716580740,-0.360380584,3.051106123,0.038725702,0.630057302,-0.010652759
5.928000,0.791031957,-0.306210604,3.154125645,0.031693839,0.631981301,-0.008988482
5.929000,0.825813840,-0.136026366,3.328610885,0.015847405,0.632945418,-0.009010281
5.930000,0.784453141,0.025447609,3.437447374,-0.003038560,0.632470264,-0.010109829
5.931000,0.752068719,0.115106242,3.374264206,-0.005036907,0.637149862,-0.008576203
5.932000,0.667850254,0.065113984,3.190782475,0.005827304,0.639948220,-0.008132912
5.933000,0.679169983,-0.092366649,3.079370031,0.020216252,0.641391796,-0.002900660
5.934000,0.698940737,-0.151391710,3.116761081,0.022018163,0.640318904,0.002410231
5.935000,0.750191196,-0.034695052,3.227280413,0.018777622,0.643930832,0.003894800
5.936000,0.749067142,0.030730182,3.354736201,0.008079729,0.646827292,0.003013209
5.937000,0.721682843,0.022357369,3.362048695,0.002655216,0.649843712,0.002510578
5.938000,0.664429455,-0.083352233,3.250145077,0.009555632,0.652036731,-0.001944005
5.939000,0.648272701,-0.225406123,3.283139244,0.017888357,0.654016907,-0.001394094
5.940000,0.676249201,-0.183805406,3.156497664,0.024805672,0.655042550,0.000487980
5.941000,0.734552275,-0.045145282,3.240861298,0.026125519,0.657658805,0.002562312
5.942000,0.767899315,0.026289047,3.300265639,0.020116890,0.659362792,0.004965386
5.943000,0.737479320,0.030366289,3.302991806,0.012646483,0.663290531,0.005702784
5.944000,0.638781167,-0.035461188,3.305859455,0.011485813,0.662203712,0.008906412
5.945000,0.623006566,-0.154821722,3.293959781,0.019010183,0.663459020,0.013365371
5.946000,0.629539777,-0.206775869,3.274548576,0.027765205,0.664279334,0.015422521
5.947000,0.657009285,-0.239726686,3.264387672,0.036485368,0.667311414,0.013730133
5.948000,0.697380422,-0.258220484,3.285031477,0.029854724,0.666344789,0.012004689
5.949000,0.740277571,-0.149300648,3.208135218,0.024572593,0.669980782,0.010146546
5.950000,0.695342233,-0.104858175,3.370311786,0.021140726,0.666875896,0.009025305
5.951000,0.678308456,-0.088586570,3.412007376,0.022980996,0.664373451,0.013269875
5.952000,0.637521491,-0.039487275,3.320877957,0.029438240,0.665694492,0.015675154
5.953000,0.608718516,-0.096200112,3.253396146,0.041023633,0.668030270,0.018258117
5.954000,0.654660132,-0.203826683,3.308843449,0.042136915,0.670317736,0.023968536
5.955000,0.702116873,-0.198661628,3.299198011,0.039746044,0.671137973,0.026073082
5.956000,0.752804336,-0.076282367,3.382237856,0.028814504,0.671048493,0.025328296
5.957000,0.715174682,0.009106540,3.413925516,0.028725441,0.670410989,0.022166809
5.958000,0.631907326,-0.062355566,3.332266788,0.029628004,0.667368865,0.019521397
5.959000,0.612152237,-0.064883410,3.185241337,0.036106340,0.670089076,0.021626986
5.960000,0.620149660,-0.062152459,3.182064654,0.046327834,0.669081174,0.022947381
5.961000,0.678678899,-0.087817184,3.234131567,0.044919761,0.668087307,0.025610904
5.962000,0.711606253,-0.022818813,3.206769867,0.040889654,0.669306035,0.026572623
5.963000,0.743282961,-0.024481493,3.257551771,0.035987727,0.670252607,0.028414530
5.964000,0.719096747,-0.072629343,3.390146140,0.032661640,0.667934211,0.027151555
5.965000,0.706697449,-0.155381535,3.384971103,0.031062328,0.663862476,0.028078295
5.966000,0.700197456,-0.120842790,3.316428741,0.036234778,0.662971318,0.029096272
5.967000,0.697536898,-0.064239740,3.310027319,0.046777464,0.661820715,0.028180648
5.968000,0.654737048,-0.082640108,3.203645760,0.055698644,0.664440804,0.024084476
5.969000,0.663772338,-0.223069381,3.091607569,0.061752683,0.665053350,0.023864417
5.970000,0.717308166,-0.326904669,3.091264685,0.051378909,0.664547346,0.023824916
5.971000,0.769503365,-0.143421633,3.211563510,0.043455399,0.658549687,0.023079185
5.972000,0.747566879,-0.048494752,3.391974140,0.036830797,0.653173488,0.021892396
5.973000,0.687314194,-0.027749338,3.468666231,0.040303338,0.650400069,0.021127710
5.974000,0.650693773,-0.183537194,3.395596166,0.049860523,0.648542574,0.021017299
5.975000,0.686361644,-0.206248400,3.165206317,0.058268618,0.648048234,0.023583092
5.976000,0.714121268,-0.200496720,3.056580793,0.062064081,0.646742866,0.026438467
5.977000,0.705361645,-0.130819686,3.306691128,0.057812857,0.642567928,0.025717614
5.978000,0.688645691,0.007716773,3.533661666,0.047783765,0.638002775,0.023699623
5.979000,0.614154087,0.014392615,3.529963948,0.052324267,0.636021223,0.020327474
5.980000,0.567114449,-0.232212528,3.520155293,0.058064947,0.629632715,0.019096630
5.981000,0.575776336,-0.303220364,3.360169830,0.052508875,0.625074995,0.023128567
5.982000,0.587203660,-0.034708485,3.145560493,0.050335417,0.626090674,0.020606788
5.983000,0.636844294,-0.000748293,3.322947477,0.053098384,0.625571450,0.016499069
5.984000,0.657868444,-0.109730446,3.507380790,0.046691958,0.620707174,0.014687169
5.985000,0.603943102,-0.096009236,3.476584118,0.044308199,0.617801302,0.014181809
5.986000,0.515774939,-0.117362234,3.421018174,0.055130705,0.611339145,0.012736179
5.987000,0.480116118,-0.219660565,3.425311757,0.065021207,0.602347613,0.015056856
5.988000,0.485877642,-0.268181562,3.353969173,0.064991022,0.598214273,0.017322845
5.989000,0.539923980,-0.128951612,3.391773269,0.063757447,0.599097808,0.018160104
5.990000,0.565197762,-0.115598380,3.537556995,0.055946925,0.594933033,0.017956929
5.991000,0.552745802,-0.128112422,3.603777124,0.048639822,0.588782824,0.021705511
5.992000,0.517237338,-0.027097182,3.566687720,0.047449232,0.584886542,0.025269883
5.993000,0.480795724,0.113527593,3.538902559,0.055976316,0.580900400,0.027162073
5.994000,0.443497047,0.011798750,3.396583335,0.065834035,0.580480956,0.026180738
5.995000,0.422688932,-0.154700770,3.330272825,0.075292168,0.579836837,0.028579107
5.996000,0.391240083,-0.291875746,3.313711556,0.081200548,0.577185218,0.024549498
5.997000,0.437968066,-0.372442957,3.461775770,0.077133095,0.572049066,0.021856412
5.998000,0.529514528,-0.251841553,3.542022063,0.063848055,0.570406937,0.017686056
5.999000,0.491510163,-0.011548808,3.638116638,0.054781921,0.567494376,0.009459687
6.000000,0.409744175,0.012576295,3.687543918,0.055632764,0.562517469,-0.000818855
6.001000,0.338310461,0.020729669,3.698839991,0.062122536,0.556012817,-0.005060165
6.002000,0.318775640,-0.112838153,3.601719500,0.069466558,0.553936942,-0.005777395
6.003000,0.383932857,-0.162122285,3.471334333,0.072935668,0.553418627,-0.004806139
6.004000,0.432679744,-0.123537699,3.430706032,0.070008470,0.552765290,-0.008687474
6.005000,0.436453238,-0.023408695,3.551749287,0.057705268,0.546284776,-0.011359102
6.006000,0.421805075,-0.024180898,3.699349374,0.050986396,0.543440583,-0.014562001
6.007000,0.328026522,-0.052404673,3.736376964,0.059248847,0.546203975,-0.023631112
6.008000,0.296175534,-0.227726397,3.625719240,0.070374710,0.546340554,-0.027418555
6.009000,0.368509312,-0.291183037,3.480765560,0.079431624,0.545906270,-0.029485932
6.010000,0.409623009,-0.147303149,3.523773607,0.082103840,0.545420898,-0.032790200
6.011000,0.377654463,-0.111913393,3.468461655,0.080289935,0.546945437,-0.038656474
6.012000,0.356898737,-0.165199590,3.522984439,0.070167437,0.545981040,-0.040963665
6.013000,0.350576844,-0.176465764,3.500026424,0.062412210,0.547411657,-0.042089169
6.014000,0.332358007,-0.173709346,3.528158725,0.060747498,0.544133751,-0.041553663
6.015000,0.328286738,-0.151859894,3.479973115,0.062042214,0.543549088,-0.039884206
6.016000,0.307584904,-0.175464656,3.488912058,0.069709336,0.545426314,-0.041648083
6.017000,0.361316496,-0.215171757,3.487874334,0.070521018,0.548049343,-0.042289937
6.018000,0.409699212,-0.290857272,3.352977484,0.066203238,0.554370636,-0.041312251
6.019000,0.451312256,-0.228104232,3.397747145,0.063591611,0.554200573,-0.041253051
6.020000,0.428572790,-0.179031668,3.525760767,0.059441246,0.552042445,-0.042715829
6.021000,0.347621911,-0.106007266,3.454656834,0.062634697,0.551431094,-0.044399819
6.022000,0.331945040,-0.106172639,3.424630112,0.067932450,0.552988982,-0.045530313
6.023000,0.386027183,-0.145744375,3.294012101,0.065818492,0.555358824,-0.043582111
6.024000,0.424147098,-0.027331440,3.159784445,0.063091222,0.557870528,-0.044553974
6.025000,0.457529327,0.069232986,3.169902088,0.063911901,0.558564946,-0.045690147
6.026000,0.454912515,0.039850426,3.209700829,0.065193636,0.562616258,-0.050199497
6.027000,0.486670400,-0.028929792,3.252321617,0.063966253,0.562729049,-0.052559882
6.028000,0.464598286,-0.108902900,3.152840072,0.064672867,0.564442761,-0.057413183
6.029000,0.560530917,-0.158113078,3.140326734,0.058761830,0.561502357,-0.056384338
6.030000,0.604421268,-0.098973153,3.124834909,0.047631276,0.563142493,-0.056703251
6.031000,0.599027074,0.050506810,3.199867480,0.047621701,0.562130184,-0.058396741
6.032000,0.611803740,0.067373069,3.119373965,0.043991347,0.564237030,-0.058795292
6.033000,0.660146567,0.053526650,2.987900619,0.043292607,0.564137163,-0.053836302
6.034000,0.613596554,0.041619761,2.881218705,0.052298767,0.564247506,-0.056567274
6.035000,0.614657078,-0.086946563,2.895273266,0.058151423,0.561819699,-0.056946452
6.036000,0.675707059,-0.241035780,2.899190555,0.056333173,0.564146842,-0.056393527
6.037000,0.754002435,-0.135395829,2.945810523,0.052773493,0.564723352,-0.057724197
6.038000,0.766571785,-0.038003304,2.997040842,0.047461317,0.563028845,-0.061242176
6.039000,0.779096118,-0.018934497,3.006471455,0.039569848,0.558584624,-0.059906025
6.040000,0.709492823,0.042473955,2.908713644,0.037355589,0.556659583,-0.058853349
6.041000,0.641982230,0.071932093,2.867496518,0.048481143,0.554612951,-0.058441749
6.042000,0.653196768,0.060390142,2.838654836,0.053894942,0.554195888,-0.056152410
6.043000,0.690755469,0.029823407,2.801702975,0.057726241,0.552340136,-0.049848125
6.044000,0.637693168,0.088622184,2.819855248,0.058974238,0.547753798,-0.048535168
6.045000,0.605485932,-0.022937719,2.893057855,0.053295269,0.542645419,-0.048547485
6.046000,0.614391726,-0.117491664,2.892388404,0.041577849,0.540249353,-0.045984796
6.047000,0.630328445,-0.044523885,2.838916278,0.037359815,0.540817144,-0.044082816
6.048000,0.549360358,0.054512285,2.861431238,0.035629670,0.536761832,-0.044698298
6.049000,0.516792461,0.073053500,2.797398373,0.035104666,0.531709209,-0.039677827
6.050000,0.473448672,0.094326761,2.676730959,0.038547132,0.528325288,-0.034505482
6.051000,0.431818002,0.093850052,2.656922543,0.049233522,0.523618547,-0.031124430
6.052000,0.422217043,0.000640370,2.691462540,0.049455193,0.519209909,-0.027418334
6.053000,0.433270566,-0.050554630,2.704156574,0.047489257,0.516872669,-0.021791872
6.054000,0.357261931,-0.014944848,2.801695468,0.049638657,0.512265268,-0.022990183
6.055000,0.351074511,-0.084846462,2.895459361,0.045392540,0.508428749,-0.021613358
6.056000,0.388287673,-0.086124077,2.750508718,0.039295634,0.508595625,-0.018853144
6.057000,0.430988773,0.070911641,2.684846129,0.037163889,0.504950598,-0.016294306
6.058000,0.387605132,0.063147807,2.657471189,0.040415299,0.501089802,-0.015794734
6.059000,0.369101853,0.046702657,2.626636253,0.043591177,0.496107722,-0.011459152
6.060000,0.299093406,0.041988092,2.582016183,0.052647232,0.492769220,-0.008620402
6.061000,0.259337166,-0.046632035,2.596079829,0.058544461,0.485826962,-0.003338658
6.062000,0.301663161,-0.119890458,2.689590181,0.052907702,0.483017977,0.003038367
6.063000,0.365012665,-0.010845912,2.633829102,0.047352068,0.480439628,0.008195955
6.064000,0.365960436,-0.009558087,2.731683595,0.044512806,0.477177195,0.008639757
6.065000,0.381180913,-0.083659035,2.668799198,0.042386731,0.474534437,0.011411749
6.066000,0.380241843,-0.043375649,2.568351441,0.042181849,0.472029523,0.013254390
6.067000,0.384306660,0.024667270,2.504357187,0.046868500,0.466498426,0.017052779
6.068000,0.387257242,-0.029852759,2.611575753,0.047560647,0.459598783,0.021743637
6.069000,0.382085556,-0.003374590,2.548661022,0.045208840,0.458427161,0.025506219
6.070000,0.402504512,0.016284288,2.532101640,0.046092008,0.452352239,0.029987859
6.071000,0.405652953,-0.029587908,2.535886478,0.050496874,0.450839637,0.034198407
6.072000,0.381160704,-0.037252721,2.524356063,0.048366502,0.445312292,0.036132792
6.073000,0.402934054,-0.027244011,2.466590398,0.051556617,0.442513196,0.039592602
6.074000,0.430695323,-0.068075306,2.615237202,0.052737331,0.436802398,0.039940225
6.075000,0.411261417,-0.103646697,2.535066006,0.050978208,0.434758868,0.042098329
6.076000,0.427721766,-0.062781413,2.451953743,0.044675628,0.432886453,0.044753348
6.077000,0.431164673,-0.015944543,2.354292065,0.046236868,0.432134594,0.047261050
6.078000,0.373947715,-0.064383002,2.416261209,0.042525944,0.424701181,0.047818372
6.079000,0.341666935,-0.060929279,2.372093291,0.046484226,0.417730615,0.051830481
6.080000,0.318041421,-0.121001299,2.425263669,0.055408841,0.412922503,0.051719674
6.081000,0.312764961,-0.215819787,2.434520935,0.053701584,0.406855444,0.054198238
6.082000,0.328754105,-0.189046492,2.422452791,0.045273685,0.404140394,0.057186946
6.083000,0.336557442,-0.065550347,2.368558449,0.041098100,0.400238194,0.058935213
6.084000,0.305184686,-0.044846328,2.414785045,0.040033311,0.396452739,0.055319772
6.085000,0.245316115,-0.163940058,2.321792168,0.044797315,0.393274034,0.054366599
6.086000,0.173951219,-0.229777860,2.191657912,0.058080293,0.389598074,0.050834445
6.087000,0.194260805,-0.332778125,2.252996251,0.064810549,0.382841570,0.051528701
6.088000,0.221739551,-0.335929926,2.335600580,0.056791725,0.378178566,0.052381234
6.089000,0.205072865,-0.158736810,2.429775706,0.044817853,0.374515798,0.052416073
6.090000,0.190143289,-0.038079339,2.430191302,0.034018094,0.371163305,0.051111881
6.091000,0.138271163,-0.052206091,2.425696638,0.032192768,0.366144427,0.048776373
6.092000,0.065280363,-0.212637244,2.231954881,0.039586861,0.360874745,0.046438326
6.093000,0.055607715,-0.212077601,2.156875017,0.047136881,0.356138964,0.048991309
6.094000,0.063653314,-0.143400788,2.021811975,0.051911570,0.355700489,0.049059895
6.095000,0.067763317,-0.096310830,2.068094230,0.051999090,0.353459572,0.047027926
6.096000,0.059921845,-0.171188755,2.139295825,0.047932205,0.351600854,0.043054343
6.097000,0.023420981,-0.238619854,2.161615339,0.043941752,0.346777395,0.039771698
6.098000,0.022162830,-0.325289671,2.127802112,0.044478461,0.342864530,0.036175310
6.099000,0.051734494,-0.308471396,2.118335977,0.041693728,0.339055062,0.035894450
6.100000,0.061089865,-0.213144821,2.143741729,0.039782476,0.337942792,0.033308470
6.101000,0.084704376,-0.167420091,2.108340494,0.031382170,0.336990108,0.030676081
6.102000,0.085666737,-0.135964498,1.985349610,0.023806921,0.336211280,0.027058661
6.103000,0.105192254,-0.165495284,1.978575282,0.021373741,0.331566271,0.024984753
6.104000,0.106317265,-0.213312264,2.014340881,0.017010958,0.325842944,0.023177858
6.105000,0.088396557,-0.241014131,1.974600023,0.018144359,0.321949604,0.023082237
6.106000,0.060989649,-0.126220237,1.945307736,0.019739348,0.319949986,0.020096588
6.107000,0.082286874,-0.165398202,1.903094292,0.018825367,0.320212801,0.016284341
6.108000,0.118136748,-0.209864645,1.875247502,0.012244293,0.319402554,0.012088806
6.109000,0.158741431,-0.185917535,1.826458887,0.006561354,0.319978315,0.007121712
6.110000,0.195430032,-0.133178139,1.906448770,-0.002540382,0.315866203,0.001700924
6.111000,0.238644721,-0.073787537,1.914779458,-0.009503796,0.312881294,-0.003075075
6.112000,0.232967923,0.036509983,1.879520784,-0.014797541,0.308981864,-0.006506934
6.113000,0.199097171,0.073830868,1.770206719,-0.014925844,0.307311924,-0.008105393
6.114000,0.162280540,0.012275891,1.665874268,-0.013764810,0.303471673,-0.009108729
6.115000,0.193855325,-0.009673737,1.590118472,-0.012842041,0.301340166,-0.007275716
6.116000,0.214857354,-0.018114939,1.576322185,-0.015394523,0.301681665,-0.009715928
6.117000,0.209416439,-0.023146617,1.652628796,-0.019630009,0.297692783,-0.013773170
6.118000,0.213770402,-0.086161803,1.667197180,-0.026507644,0.294906636,-0.017973357
6.119000,0.222864579,-0.034000818,1.669869363,-0.036385551,0.291525775,-0.022803369
6.120000,0.220570374,0.016629308,1.625397908,-0.040868588,0.292081679,-0.027965018
6.121000,0.244204126,0.039772343,1.560609484,-0.046700185,0.287870107,-0.028597559
6.122000,0.242964074,0.084732508,1.521043017,-0.051763741,0.287247947,-0.029644060
6.123000,0.233150748,0.153567220,1.465628975,-0.049747410,0.282307402,-0.029540959
6.124000,0.210692080,0.127598660,1.500285262,-0.046219295,0.277334205,-0.029739075
6.125000,0.203524845,0.073928361,1.421469272,-0.044543395,0.272866866,-0.025943945
6.126000,0.178213310,0.057392133,1.291400221,-0.039384918,0.272298706,-0.027515767
6.127000,0.205685596,0.039440267,1.283239156,-0.035245179,0.268029064,-0.027868492
6.128000,0.253034728,0.044670890,1.239037362,-0.034085672,0.266975921,-0.027990391
6.129000,0.274624047,0.104765680,1.255927963,-0.032860029,0.264234716,-0.027205620
6.130000,0.269487620,0.144043711,1.251465601,-0.028427211,0.259607679,-0.027533618
6.131000,0.260658171,0.152672524,1.186966565,-0.024497704,0.257524691,-0.026845912
6.132000,0.255882500,0.089155433,1.166576727,-0.021350667,0.251642788,-0.024237759
6.133000,0.257771736,0.007949171,1.136973028,-0.021883339,0.245954889,-0.020332947
6.134000,0.254087073,-0.010568167,1.129653910,-0.025279245,0.239738636,-0.016868173
6.135000,0.283672517,0.022415365,1.114965917,-0.026342981,0.235698280,-0.013096227
6.136000,0.312064395,0.011265152,1.210521754,-0.028856774,0.228840097,-0.008620358
6.137000,0.291357612,0.018362182,1.151602808,-0.027146052,0.224673953,-0.003545567
6.138000,0.237432399,0.067093750,1.094005225,-0.022018047,0.220047863,0.000679907
6.139000,0.167902052,0.064264595,0.998171832,-0.018190447,0.214630155,0.006667245
6.140000,0.116952338,0.061020691,0.937479721,-0.020201469,0.210133062,0.010692835
6.141000,0.096901608,0.180505148,0.896231518,-0.023693990,0.206252782,0.013417239
6.142000,0.064633446,0.271998321,0.834788750,-0.024795242,0.203277146,0.012683902
6.143000,0.032867748,0.307780842,0.818645932,-0.023002280,0.197922268,0.011296018
6.144000,-0.000653950,0.280834769,0.733086592,-0.011523217,0.192764466,0.009609537
6.145000,-0.020698506,0.223318888,0.690874186,0.003141745,0.185875004,0.007219114
6.146000,-0.039393192,0.168651110,0.669196409,0.011716421,0.180244629,0.007153149
6.147000,-0.045473915,0.150318488,0.663539970,0.011075253,0.174486673,0.008299864
6.148000,-0.028672726,0.199995384,0.715144347,0.002786870,0.167853332,0.009599371
6.149000,-0.060002802,0.256255984,0.763850305,-0.004402639,0.160983238,0.008219335
6.150000,-0.093633286,0.225782703,0.775330086,-0.007244109,0.154081510,0.005324388
6.151000,-0.132532475,0.173605534,0.679161640,-0.001214226,0.147922916,0.003890397
6.152000,-0.152719252,0.096566214,0.533426023,0.012658507,0.143286838,0.001495591
6.153000,-0.122841164,-0.026386094,0.444252145,0.024660548,0.138704492,0.001590482
6.154000,-0.077825020,-0.092849619,0.364615277,0.030729588,0.137073626,0.002257013
6.155000,-0.019406364,-0.106954832,0.363736123,0.032680655,0.134099342,0.001445905
6.156000,0.010556903,-0.132935615,0.377963275,0.034749818,0.130786181,-0.000925920
6.157000,0.004042782,-0.161451322,0.381400102,0.040022585,0.124178387,-0.001470151
6.158000,-0.054266824,-0.160596427,0.263792240,0.054028595,0.118913995,-0.004916635
6.159000,-0.060417795,-0.164651082,0.177575521,0.065765475,0.111647685,-0.006872492
6.160000,-0.064954970,-0.129333616,0.066058295,0.071468972,0.109155538,-0.009590103
6.161000,-0.023365383,-0.043851686,0.106617856,0.069074175,0.102809190,-0.011277365
6.162000,0.010849792,-0.001055564,0.137021270,0.064217727,0.099382197,-0.013138681
6.163000,0.032151548,0.017633885,0.220357951,0.059658730,0.094002248,-0.014353394
6.164000,0.000815052,0.033925099,0.217775373,0.062738146,0.087104984,-0.016353175
6.165000,-0.012329624,0.002889547,0.195490250,0.070046916,0.079226818,-0.016952112
6.166000,-0.029751260,-0.043088185,0.073513531,0.075887875,0.073509128,-0.017149484
6.167000,-0.009623795,-0.003476548,-0.003742182,0.081706401,0.068938516,-0.017464503
6.168000,0.022413947,0.013026892,-0.009922289,0.082381527,0.065071324,-0.020035509
6.169000,0.044030156,0.007404824,-0.009507290,0.077111620,0.061655083,-0.021961142
6.170000,0.021616909,0.008783743,-0.002911119,0.074726698,0.058122906,-0.024724184
6.171000,-0.017541566,-0.008022859,-0.039690593,0.076817818,0.054117461,-0.029568135
6.172000,-0.033489053,-0.023692991,-0.126386391,0.079840184,0.048336946,-0.031914278
6.173000,-0.008349795,-0.049159745,-0.202247264,0.088983879,0.044381929,-0.034316259
6.174000,0.024435350,-0.070358010,-0.235417636,0.095338806,0.040038111,-0.035603862
6.175000,0.064302003,-0.126401967,-0.295926134,0.097528232,0.037581406,-0.036084775
6.176000,0.040944695,-0.128158625,-0.337538388,0.101346620,0.033055026,-0.037320263
6.177000,-0.020095185,-0.220746643,-0.277724927,0.108703349,0.025856194,-0.039744270
6.178000,-0.057410301,-0.286601629,-0.272475051,0.110044497,0.016274457,-0.039238307
6.179000,-0.079417031,-0.306237594,-0.295552522,0.111655514,0.009973782,-0.038506045
6.180000,-0.073888022,-0.259116753,-0.268372001,0.110263933,0.004087132,-0.039628980
6.181000,-0.042712592,-0.202417169,-0.272208319,0.106871504,0.001138974,-0.038841987
6.182000,-0.070229324,-0.141346193,-0.283612214,0.100585508,-0.002539769,-0.039308700
6.183000,-0.079745206,-0.109071441,-0.309336561,0.096437044,-0.008182508,-0.038846036
6.184000,-0.132507862,-0.079971724,-0.388391261,0.092079599,-0.014751562,-0.037002764
6.185000,-0.170264755,-0.060585495,-0.383596367,0.090834258,-0.021123664,-0.035209133
6.186000,-0.187597937,-0.047187558,-0.374718141,0.091257046,-0.025132526,-0.033424255
6.187000,-0.211786667,-0.032408505,-0.442423630,0.093076111,-0.026547041,-0.030308854
6.188000,-0.227819531,-0.014338770,-0.545811365,0.095640157,-0.028162108,-0.028886248
6.189000,-0.248187149,-0.011124467,-0.669648576,0.098558283,-0.031067455,-0.027517264
6.190000,-0.257533526,-0.042691078,-0.746912823,0.099085837,-0.035258928,-0.026745852
6.191000,-0.204950371,0.030810731,-0.669025596,0.096254763,-0.040642899,-0.024041379
6.192000,-0.183364845,0.053299671,-0.600258959,0.096260321,-0.042478150,-0.022889283
6.193000,-0.135477621,0.100217388,-0.585632751,0.095003613,-0.045027320,-0.020630616
6.194000,-0.118538531,0.122281232,-0.662883356,0.096470776,-0.047558835,-0.018450132
6.195000,-0.119103013,0.084473281,-0.770747589,0.099499582,-0.051321086,-0.014728247
6.196000,-0.098813097,0.026785645,-0.848351682,0.109787041,-0.055147327,-0.011159753
6.197000,-0.066684026,-0.112597200,-0.829263472,0.118403233,-0.059856363,-0.007963763
6.198000,0.002206684,-0.305972426,-0.763268203,0.117234686,-0.063402959,-0.003000401
6.199000,0.086349848,-0.306943746,-0.689636838,0.109926010,-0.064652143,0.000655532
6.200000,0.148221885,-0.148095979,-0.680680544,0.097147154,-0.063299846,0.002606641
6.201000,0.185399047,-0.029495554,-0.727681752,0.084685298,-0.061878733,0.003268810
6.202000,0.172280351,-0.044157538,-0.846400568,0.080764359,-0.060806086,0.003639611
6.203000,0.164025330,-0.056633252,-0.976630822,0.085653804,-0.064054968,0.004539448
6.204000,0.144454529,-0.010185384,-1.132772778,0.090314199,-0.068660088,0.008714035
6.205000,0.132325820,0.022977454,-1.085763059,0.095024641,-0.074042063,0.012541923
6.206000,0.130580115,0.019504983,-0.926978635,0.087988250,-0.079897525,0.016323745
6.207000,0.153426726,0.030943879,-0.817317869,0.073685767,-0.080429508,0.021746858
6.208000,0.143893212,0.126505784,-0.800519215,0.059718609,-0.081225698,0.025790285
6.209000,0.134894990,0.250845824,-0.845213624,0.053608220,-0.083093978,0.026751022
6.210000,0.117858015,0.369610919,-1.088735424,0.053972293,-0.083242431,0.028592059
6.211000,0.122986205,0.424738877,-1.262110976,0.063330963,-0.085010503,0.031030498
6.212000,0.084517122,0.374517803,-1.189471273,0.073031146,-0.090974753,0.032483944
6.213000,0.066169584,0.250953776,-1.076271614,0.076175334,-0.094147521,0.032805932
6.214000,0.029922530,0.077922326,-0.849723873,0.064726842,-0.098159482,0.032755500
6.215000,0.036843777,0.015789113,-0.745254463,0.046940947,-0.100826820,0.036194599
6.216000,0.019592656,0.120622294,-0.928819805,0.028058116,-0.097572456,0.036390508
6.217000,0.012485883,0.188999684,-1.218251540,0.024719917,-0.095150282,0.033038315
6.218000,0.002834432,0.082796019,-1.359277246,0.031359505,-0.095991948,0.030460541
6.219000,-0.026375163,-0.069913359,-1.356802341,0.042506154,-0.101094052,0.028852829
6.220000,-0.047070960,-0.152842150,-1.177645986,0.053604460,-0.107943096,0.026926944
6.221000,-0.002662746,-0.229396381,-0.995836776,0.043502194,-0.113567595,0.034394537
6.222000,0.036364463,-0.047530726,-1.057620429,0.024903273,-0.111151589,0.038694884
6.223000,0.049266095,0.196382746,-1.093933332,0.008639930,-0.107031611,0.038926434
6.224000,0.000319455,0.173694431,-1.152395888,0.004607577,-0.103767487,0.037444645
6.225000,-0.081684346,0.065796709,-1.279029716,0.020767245,-0.110072423,0.035041367
6.226000,-0.129628090,-0.038868293,-1.365502692,0.045115423,-0.118103892,0.034119193
6.227000,-0.077946820,-0.061214936,-1.313686757,0.055421794,-0.122228142,0.039552213
6.228000,-0.052344235,0.060744920,-1.207979928,0.044630112,-0.119399155,0.042511101
6.229000,-0.036555765,0.228233264,-1.116289917,0.020823508,-0.117936415,0.044545680
6.230000,-0.069010036,0.327763824,-1.138605874,-0.000001542,-0.117388592,0.044186593
6.231000,-0.112982330,0.247865165,-1.310934652,-0.000637839,-0.119494042,0.040429202
6.232000,-0.141786555,0.015489181,-1.300474157,0.013114494,-0.123767931,0.039609990
6.233000,-0.083880118,-0.053863763,-1.229454815,0.013138178,-0.125334516,0.042053733
6.234000,-0.082869847,0.124564903,-1.270877954,0.013184617,-0.122369930,0.042736373
6.235000,-0.010231384,0.223965053,-1.235852663,0.009177740,-0.124138154,0.043451249
6.236000,0.056850315,0.211715000,-1.206217891,-0.016987381,-0.124880792,0.046689954
6.237000,0.080177008,0.179578991,-1.348525354,-0.024572471,-0.120834452,0.045837848
6.238000,0.050335328,-0.002455230,-1.364910226,-0.010500216,-0.122900960,0.042000225
6.239000,0.039209974,-0.241447158,-1.337116658,0.006772192,-0.125813127,0.041442416
6.240000,0.059188301,-0.267843067,-1.431132520,0.019903029,-0.123808596,0.044547721
6.241000,0.138849057,-0.075626907,-1.509926833,0.022207164,-0.119875933,0.045853943
6.242000,0.219349313,0.115637735,-1.371301232,0.006322960,-0.121588438,0.046192795
6.243000,0.244196159,0.157030682,-1.355080641,-0.006959494,-0.121607992,0.045014578
6.244000,0.177854782,0.105386486,-1.402443985,-0.000915799,-0.119842015,0.040235270
6.245000,0.106168701,-0.166494004,-1.345571518,0.025142805,-0.120903688,0.034786751
6.246000,0.102667023,-0.492497704,-1.361362999,0.041497802,-0.128469742,0.033787635
6.247000,0.211495410,-0.444482028,-1.433238509,0.038032094,-0.129821785,0.035007872
6.248000,0.332521948,-0.099302807,-1.268905493,0.018644194,-0.124912946,0.033720617
6.249000,0.357020676,0.184097402,-1.142250478,-0.004246089,-0.119051489,0.031492137
6.250000,0.249839197,0.175040720,-1.286111068,-0.005354947,-0.116632922,0.029311523
6.251000,0.087036987,-0.067407881,-1.502668140,0.021518372,-0.122780591,0.025468109
6.252000,0.017596431,-0.385395595,-1.567318702,0.044838742,-0.133778998,0.025099339
6.253000,0.053233663,-0.539555175,-1.527031744,0.047004100,-0.139594802,0.028149618
6.254000,0.191884675,-0.297880086,-1.364976279,0.031075575,-0.136904937,0.028783598
6.255000,0.293707072,0.078689739,-0.993201836,-0.009997086,-0.128456034,0.024956121
6.256000,0.193793530,0.267141984,-0.978863852,-0.031587521,-0.122071681,0.019235321
6.257000,0.018517044,0.163719792,-1.371834788,-0.012207340,-0.123519134,0.013164606
6.258000,-0.159300032,-0.128635276,-1.786237556,0.037093990,-0.133930175,0.009291346
6.259000,-0.203378977,-0.404651302,-1.917968467,0.069322196,-0.142934765,0.010866229
6.260000,-0.112540687,-0.406450857,-1.842501112,0.066521899,-0.143344612,0.012156494
6.261000,0.076382668,-0.084475082,-1.399319215,0.032201338,-0.139237428,0.009695353
6.262000,0.134234106,0.182534613,-1.090884747,-0.015521200,-0.135839734,0.003744800
6.263000,0.011305937,0.229089084,-1.121932695,-0.028924508,-0.132629210,-0.001819870
6.264000,-0.159366520,0.110760010,-1.424102458,-0.001951339,-0.131157604,-0.006642257
6.265000,-0.283287096,-0.184780717,-1.649799165,0.038911725,-0.136737607,-0.007971544
6.266000,-0.253558931,-0.428130900,-1.862780032,0.062130719,-0.141892846,-0.004264924
6.267000,-0.132270015,-0.291630474,-1.885560667,0.058287102,-0.143598090,-0.002723602
6.268000,0.020881935,-0.048722602,-1.556036050,0.027170282,-0.142112919,-0.004595452
6.269000,0.048240148,0.051938938,-1.215740936,-0.010465429,-0.137825814,-0.010722401
6.270000,-0.090123724,0.024044639,-1.238736334,-0.018621562,-0.138290905,-0.018554619
6.271000,-0.216559426,-0.108968946,-1.582978308,0.007223046,-0.144151744,-0.023590883
6.272000,-0.258953179,-0.236698525,-1.939025184,0.042927161,-0.148240271,-0.023895265
6.273000,-0.176329881,-0.228835045,-2.026666553,0.062258592,-0.149564243,-0.020401733
6.274000,-0.000336584,-0.062034478,-1.924312129,0.052242938,-0.143610752,-0.016803675
6.275000,0.109573308,0.121066765,-1.668964300,0.020297211,-0.138602932,-0.016623091
6.276000,0.094870536,0.159192834,-1.497729818,-0.007898286,-0.139901843,-0.020162887
6.277000,-0.034155231,0.099711647,-1.621292660,-0.008657464,-0.146403844,-0.025268992
6.278000,-0.133853586,0.008575004,-1.909107195,0.014067932,-0.154059293,-0.027372234
6.279000,-0.113440441,-0.079745024,-2.088120652,0.039452287,-0.155082130,-0.026107347
6.280000,0.008817200,-0.048390886,-2.082393251,0.046112236,-0.152302032,-0.022812331
6.281000,0.146252121,0.099555352,-1.959969055,0.031522232,-0.147116443,-0.019848302
6.282000,0.217172827,0.195595572,-1.809598204,0.012674714,-0.145517804,-0.020579252
6.283000,0.213021052,0.218890659,-1.682133959,-0.008542542,-0.147831354,-0.023261967
6.284000,0.119580896,0.228053809,-1.767348297,-0.014323797,-0.152959202,-0.026256168
6.285000,0.026404515,0.153848549,-2.072586660,0.005733791,-0.159301551,-0.028314778
6.286000,0.050021537,0.017718403,-2.228929524,0.027013179,-0.161091191,-0.027200420
6.287000,0.152180150,-0.024517546,-2.256158030,0.039327333,-0.159573785,-0.026124838
6.288000,0.251345091,-0.001637969,-2.094276685,0.034439350,-0.159131417,-0.026669883
6.289000,0.300778750,0.014585594,-1.929486727,0.013778968,-0.161174764,-0.026309690
6.290000,0.271545378,0.074785408,-1.920276707,-0.007202075,-0.166699574,-0.025341927
6.291000,0.186477842,0.133891119,-2.037612655,-0.011868297,-0.172394811,-0.025488051
6.292000,0.128964812,0.120652565,-2.153554870,-0.004985239,-0.177477661,-0.024333994
6.293000,0.139486298,0.078748897,-2.324218259,0.009103839,-0.177778095,-0.021224476
6.294000,0.183832955,0.071171780,-2.347429428,0.015123561,-0.177844580,-0.017803865
6.295000,0.238201511,0.067263797,-2.258531795,0.007771065,-0.178248174,-0.014850458
6.296000,0.252086894,0.123352139,-2.194009989,-0.010632360,-0.181803282,-0.013404622
6.297000,0.160327275,0.188375023,-2.173539201,-0.023679371,-0.188472935,-0.014669918
6.298000,0.084997073,0.187285575,-2.206016759,-0.024170260,-0.194470266,-0.015462374
6.299000,0.018952832,0.176091543,-2.344235044,-0.014421350,-0.198944486,-0.015597652
6.300000,0.032302019,0.147187116,-2.500603809,0.002930621,-0.200998880,-0.013769560
6.301000,0.067781267,0.084407521,-2.564105347,0.011548958,-0.202517279,-0.010956980
6.302000,0.109115164,0.058531110,-2.505853114,0.006672816,-0.206822643,-0.008638506
6.303000,0.108929102,0.054462778,-2.384005395,-0.006725418,-0.213024961,-0.007566219
6.304000,0.068788153,0.129463596,-2.329678671,-0.023523901,-0.216250160,-0.007103346
6.305000,0.004586461,0.189255562,-2.373690882,-0.032781522,-0.219967821,-0.009166466
6.306000,-0.019943093,0.105851584,-2.511121367,-0.030318567,-0.223212556,-0.010092294
6.307000,-0.027226506,-0.018359164,-2.657083170,-0.019712987,-0.225802934,-0.009914171
6.308000,0.022341571,-0.099119984,-2.706161633,-0.009522177,-0.229858389,-0.008629590
6.309000,0.072429641,-0.101734061,-2.644470567,-0.010858378,-0.234303357,-0.006396669
6.310000,0.124987528,0.000671386,-2.518876306,-0.020435580,-0.237692663,-0.004486989
6.311000,0.118101718,0.062320290,-2.388990293,-0.029314032,-0.242365382,-0.005350760
6.312000,0.086781447,0.042361951,-2.382607163,-0.030492179,-0.247987338,-0.005035123
6.313000,0.055872181,0.004567396,-2.530543735,-0.023995739,-0.252640002,-0.003516516
6.314000,0.038811210,0.011041704,-2.768576206,-0.010220790,-0.256057828,0.000242584
6.315000,0.066177623,0.008143834,-2.889007583,0.001269068,-0.258164496,0.002340725
6.316000,0.135639596,0.011727530,-2.805350568,-0.000708407,-0.259058155,0.005213437
6.317000,0.185176922,0.071859957,-2.649951943,-0.011173847,-0.260381055,0.005932226
6.318000,0.161981523,0.090970839,-2.542966060,-0.020878677,-0.265064107,0.004073030
6.319000,0.129221627,0.050745889,-2.600361118,-0.025558737,-0.271820840,0.003232608
6.320000,0.101058085,0.026472283,-2.731818861,-0.022315278,-0.276809509,0.003664114
6.321000,0.124149103,-0.014960584,-2.809492696,-0.014473507,-0.280597570,0.003188351
6.322000,0.193266848,-0.026540450,-2.830171405,-0.010400860,-0.283848905,0.004318463
6.323000,0.249309911,-0.012006422,-2.772545527,-0.011205641,-0.286661515,0.006889967
6.324000,0.271845975,-0.002760979,-2.626710138,-0.016422462,-0.294018030,0.007248618
6.325000,0.255760611,-0.027348488,-2.545120255,-0.021393238,-0.301569979,0.007962379
6.326000,0.258608490,-0.086605905,-2.558242223,-0.021197206,-0.306998516,0.007981524
6.327000,0.257822128,-0.139341046,-2.566288234,-0.017115274,-0.312163111,0.006725219
6.328000,0.280785190,-0.150970785,-2.670876706,-0.014601006,-0.313458206,0.008956067
6.329000,0.299634516,-0.101900919,-2.783797304,-0.012726054,-0.313107597,0.010024457
6.330000,0.319946199,-0.080620303,-2.794950451,-0.013256448,-0.314730295,0.011866254
6.331000,0.303598794,-0.099730033,-2.721989448,-0.018428943,-0.320086375,0.014321395
6.332000,0.285251296,-0.033919963,-2.786048336,-0.018844240,-0.323765674,0.014949791
6.333000,0.262630190,-0.066347667,-2.756170960,-0.016146394,-0.328808934,0.014644687
6.334000,0.260398041,-0.148317420,-2.769492303,-0.013326259,-0.332771916,0.015912091
6.335000,0.268003665,-0.102462137,-2.837029662,-0.012842769,-0.335125577,0.017161787
6.336000,0.290419218,-0.045579617,-2.824052638,-0.007788960,-0.337654941,0.016690801
6.337000,0.300863086,-0.062027311,-2.745415610,-0.004796186,-0.343421994,0.016419376
6.338000,0.313101817,-0.078610204,-2.760708756,-0.001947168,-0.347890029,0.018259627
6.339000,0.263849685,-0.088515200,-2.792850304,0.001605085,-0.353299451,0.017477054
6.340000,0.263222748,-0.129546017,-2.758072560,0.001096251,-0.358836729,0.016979450
6.341000,0.236960736,-0.143576876,-2.745557221,-0.005190312,-0.360836612,0.016179594
6.342000,0.204610454,-0.100344861,-2.773781025,-0.007086336,-0.361413855,0.013976403
6.343000,0.221846340,-0.062020752,-2.830767627,-0.007174712,-0.362574613,0.012882945
6.344000,0.246212196,-0.073980924,-2.924109489,-0.008498772,-0.363355201,0.012201471
6.345000,0.238684551,-0.072645848,-3.018480289,-0.010736491,-0.364107979,0.012590638
6.346000,0.223709757,-0.094405945,-3.064452176,-0.009828633,-0.367374431,0.009989559
6.347000,0.237463308,-0.144674579,-2.998908110,-0.013206638,-0.371034663,0.007538137
6.348000,0.269120977,-0.102361114,-2.976773245,-0.016652953,-0.372574046,0.009395413
6.349000,0.293945580,0.002193769,-3.048252066,-0.016514205,-0.372760802,0.010342113
6.350000,0.278142815,0.027057134,-3.039813740,-0.010588839,-0.376277794,0.009349417
6.351000,0.275274245,-0.012069583,-3.068694348,-0.001700174,-0.378970225,0.009674550
6.352000,0.263148978,-0.031514732,-3.115812496,0.009417611,-0.381687830,0.010620296
6.353000,0.270609826,-0.049221024,-3.089495061,0.015873933,-0.382654888,0.009689231
6.354000,0.319125417,-0.012942314,-3.084280302,0.010585778,-0.383262565,0.011048228
6.355000,0.348738867,0.072508397,-3.123322932,0.004237616,-0.380589356,0.009034304
6.356000,0.364209901,0.069212209,-3.036024240,0.000577576,-0.381476653,0.004599453
6.357000,0.343306262,0.002455146,-3.093902208,0.000020774,-0.380242581,0.001752828
6.358000,0.337746759,-0.025990279,-3.323443578,0.007955018,-0.379332904,0.000796200
6.359000,0.333364029,-0.091810923,-3.458253886,0.015203741,-0.380545638,-0.000192352
6.360000,0.381764016,-0.122282331,-3.439743044,0.012399512,-0.381411349,-0.000785370
6.361000,0.426858671,-0.071849355,-3.377137829,0.001836019,-0.383188072,-0.001883546
6.362000,0.445711573,0.000279513,-3.329190398,-0.003868879,-0.385203681,-0.003018000
6.363000,0.441561553,0.079908679,-3.309585788,-0.007887483,-0.385278023,-0.004789760
6.364000,0.427969432,0.103939110,-3.387915829,-0.004202409,-0.386319666,-0.008242542
6.365000,0.429606070,0.082495090,-3.507128232,0.005250378,-0.388077791,-0.009590982
6.366000,0.481928535,0.096140992,-3.469045827,0.013358330,-0.389536413,-0.007144759
6.367000,0.479861266,0.131872271,-3.411478774,0.017123297,-0.391121897,-0.007148002
6.368000,0.478351230,0.133358500,-3.360917712,0.014698661,-0.392783956,-0.006294518
6.369000,0.481109897,0.173705704,-3.317989525,0.008602717,-0.393034032,-0.005501135
6.370000,0.453168605,0.227845339,-3.362094959,0.008308546,-0.392059202,-0.007324083
6.371000,0.424726061,0.208229871,-3.397780901,0.008347868,-0.392041760,-0.009076670
6.372000,0.417182628,0.161275529,-3.493566866,0.013290019,-0.390589127,-0.010175294
6.373000,0.408447145,0.139273201,-3.615255183,0.016859681,-0.389103464,-0.011344791
6.374000,0.433235709,0.123944511,-3.704517479,0.016170629,-0.387136757,-0.013178299
6.375000,0.465699967,0.112316944,-3.607684138,0.010043960,-0.387660109,-0.016830648
6.376000,0.484393591,0.130218935,-3.551931757,0.004330263,-0.389648205,-0.020183137
6.377000,0.490366237,0.121465446,-3.534623496,0.003628336,-0.392696427,-0.022452913
6.378000,0.458040313,0.116475420,-3.479088975,0.014638481,-0.397627539,-0.023426326
6.379000,0.413860089,0.029167395,-3.602129298,0.028557945,-0.399145980,-0.024941447
6.380000,0.444030966,-0.081938377,-3.576859093,0.035652730,-0.402159065,-0.023458288
6.381000,0.514828543,-0.055211881,-3.512158349,0.037776808,-0.402893006,-0.021742754
6.382000,0.540913808,0.064234936,-3.407591071,0.030460223,-0.402265594,-0.021793058
6.383000,0.534721969,0.103675357,-3.391571054,0.018612100,-0.400558112,-0.023999763
6.384000,0.493677836,0.148239052,-3.414639779,0.017527084,-0.401945751,-0.025291893
6.385000,0.458122446,0.090568185,-3.515795378,0.024306655,-0.402217538,-0.026009279
6.386000,0.441778929,-0.037070842,-3.650710862,0.027701348,-0.403254551,-0.026479342
6.387000,0.441181932,-0.056877057,-3.699750545,0.026477064,-0.406914099,-0.023832217
6.388000,0.433449595,0.050189257,-3.707861970,0.023551630,-0.407039204,-0.022773688
6.389000,0.478523571,0.118492574,-3.593160672,0.012971540,-0.408019037,-0.024267284
6.390000,0.519577875,0.218530635,-3.480383983,0.006627492,-0.406736866,-0.025539688
6.391000,0.527618711,0.270174928,-3.452148730,0.013223908,-0.408832921,-0.029390903
6.392000,0.503300907,0.155625509,-3.532587198,0.026915589,-0.414555980,-0.029797775
6.393000,0.462030208,0.038840284,-3.574951318,0.041841185,-0.420660953,-0.029901202
6.394000,0.527259636,-0.000249602,-3.515837895,0.048950915,-0.426161679,-0.026857429
6.395000,0.598127066,-0.000266889,-3.333592237,0.042354511,-0.427883740,-0.022156713
6.396000,0.618736302,0.081468323,-3.268033908,0.031168597,-0.427425463,-0.020576006
6.397000,0.548048727,0.084325987,-3.252073725,0.022406960,-0.427808228,-0.020688948
6.398000,0.524937106,0.007931716,-3.404646884,0.016560159,-0.427548948,-0.018679180
6.399000,0.517907347,-0.014845228,-3.593682670,0.020655794,-0.428614502,-0.018266366
6.400000,0.519263630,-0.034237087,-3.703708886,0.028404911,-0.429116771,-0.019722010
6.401000,0.555637206,-0.036897162,-3.632247048,0.023669931,-0.432040887,-0.019117725
6.402000,0.595160448,0.047126156,-3.641302895,0.019169228,-0.429444575,-0.018592452
6.403000,0.623223339,0.078811780,-3.589187588,0.016640850,-0.428902781,-0.019756515
6.404000,0.647972847,-0.021586534,-3.576137608,0.016128938,-0.430409787,-0.021677874
6.405000,0.621870900,-0.067609410,-3.679023860,0.021618914,-0.434436633,-0.020342578
6.406000,0.615300006,-0.093666280,-3.632407619,0.038058154,-0.441734570,-0.019337359
6.407000,0.631699329,-0.057934581,-3.554555544,0.049141975,-0.447069039,-0.016420954
6.408000,0.648294539,-0.063114715,-3.525484692,0.049489444,-0.446193117,-0.012171189
6.409000,0.678384576,-0.059884848,-3.462679377,0.034478333,-0.445628994,-0.008038109
6.410000,0.671509480,0.018996142,-3.442978870,0.017371925,-0.450310749,-0.005695160
6.411000,0.637742011,0.147499084,-3.446366050,0.008680205,-0.455949689,-0.007720999
6.412000,0.598114935,0.134799740,-3.443953436,0.011572571,-0.457681512,-0.010893552
6.413000,0.587291517,0.019382150,-3.667861371,0.024349290,-0.455973565,-0.012961575
6.414000,0.573349455,-0.065969946,-3.853420666,0.037618780,-0.453862579,-0.013481796
6.415000,0.668194086,-0.165949140,-3.902067108,0.041462803,-0.453388813,-0.011785956
6.416000,0.692337069,-0.177453162,-3.818407630,0.036512838,-0.455962486,-0.009170042
6.417000,0.715373056,-0.120926840,-3.669866558,0.026499473,-0.460000660,-0.008135864
6.418000,0.727418419,-0.107396034,-3.497997186,0.014209240,-0.464651303,-0.007251763
6.419000,0.717129824,-0.024705774,-3.547889854,0.012181994,-0.464211464,-0.004517433
6.420000,0.681097872,0.034313650,-3.702079789,0.027033466,-0.463398246,-0.002823504
6.421000,0.660410796,-0.009186219,-3.755800663,0.033755160,-0.470741791,-0.001175933
6.422000,0.647705637,-0.058609817,-3.830888402,0.032423446,-0.473454518,0.003255438
6.423000,0.663785716,-0.032302671,-3.738935562,0.029829489,-0.477529731,0.002811978
6.424000,0.684560230,-0.009738060,-3.486453291,0.024570555,-0.481052776,0.002996978
6.425000,0.648776563,-0.034358100,-3.587252949,0.016743549,-0.481130000,0.004564249
6.426000,0.641651513,0.026291354,-3.798019154,0.025134590,-0.481539236,0.005251498
6.427000,0.593783486,-0.014753862,-3.846619518,0.033228734,-0.487941335,0.005150274
6.428000,0.602010337,-0.126076285,-3.922602558,0.037456907,-0.487989494,0.008618854
6.429000,0.621401183,-0.165575334,-3.856287934,0.033651210,-0.488478601,0.010819693
6.430000,0.668378741,-0.062645878,-3.743266167,0.020930586,-0.487828446,0.013574976
6.431000,0.645205233,0.129297070,-3.699029417,0.003400231,-0.486561398,0.013863258
6.432000,0.645108052,0.210561348,-3.765890508,-0.000898324,-0.488379718,0.011676042
6.433000,0.588858876,0.090600235,-3.823964853,0.008091897,-0.492952266,0.008444940
6.434000,0.573423330,-0.056462667,-3.871750461,0.022956830,-0.497309570,0.010482414
6.435000,0.598143563,-0.091376007,-3.930248416,0.033199808,-0.499729408,0.012493255
6.436000,0.641212198,-0.034088471,-3.799586918,0.035794726,-0.500660562,0.015267765
6.437000,0.635347462,-0.005970593,-3.706328078,0.026660310,-0.503097378,0.016309627
6.438000,0.658970414,0.071022347,-3.664972773,0.017812759,-0.503837058,0.018671363
6.439000,0.613293940,0.053763852,-3.779420753,0.013732496,-0.503719980,0.016504087
6.440000,0.581897010,0.075004501,-3.883277909,0.019811314,-0.504213078,0.013963775
6.441000,0.580781603,-0.028984817,-3.907270642,0.024283631,-0.506774877,0.013730917
6.442000,0.591050684,-0.024234268,-3.976680728,0.028498817,-0.505370817,0.012725737
6.443000,0.611852043,0.029329333,-3.807235889,0.025949643,-0.507422600,0.010725352
6.444000,0.671448895,0.038172477,-3.805488510,0.015485994,-0.506696437,0.012507000
6.445000,0.666125258,-0.008981580,-3.794531370,0.008453393,-0.505587867,0.011706919
6.446000,0.679674617,-0.033351948,-3.807268255,0.007923019,-0.509039829,0.009539623
6.447000,0.639604989,-0.070471646,-3.784560155,0.007453469,-0.513059235,0.008714743
6.448000,0.638004784,-0.018331441,-3.924464387,0.008823776,-0.510425004,0.011991680
6.449000,0.673422246,0.139810402,-3.981598933,0.013610231,-0.509376515,0.015987237
6.450000,0.691189620,0.218193861,-4.023625314,0.017059628,-0.507055847,0.016481090
6.451000,0.643197830,0.066403903,-3.894605329,0.015740380,-0.511786742,0.015430337
6.452000,0.613158466,-0.015302598,-3.812615729,0.016163854,-0.516535387,0.014898818
6.453000,0.634082854,0.033436829,-3.819922817,0.013835604,-0.517936108,0.012933519
6.454000,0.689674633,0.027144668,-3.820857813,0.005221794,-0.517347257,0.013908122
6.455000,0.738217966,0.153885288,-3.841325088,-0.005611227,-0.515672550,0.014851864
6.456000,0.770283809,0.279008720,-3.809542994,-0.003282433,-0.514683345,0.014185766
6.457000,0.706332634,0.189444965,-3.681617118,0.002007958,-0.517836116,0.014388570
6.458000,0.641438180,0.125768835,-3.845950444,0.014195280,-0.516975388,0.016941839
6.459000,0.611863341,0.056735262,-4.031447127,0.022483351,-0.519023174,0.015951894
6.460000,0.617364426,0.006521396,-3.950098380,0.023009292,-0.519149618,0.015080615
6.461000,0.653669311,0.007775159,-3.788078578,0.013713746,-0.518830134,0.011318386
6.462000,0.636557971,0.040753451,-3.734076537,0.010505760,-0.515925406,0.005092680
6.463000,0.660988771,-0.087111454,-3.610799029,0.009762550,-0.516394786,0.000131067
6.464000,0.705138560,-0.156679631,-3.850891905,0.005298511,-0.511650828,0.001870583
6.465000,0.696421737,0.064743417,-3.923834178,0.005557222,-0.514161185,0.000755898
6.466000,0.657883266,0.150222128,-3.836621482,0.011090202,-0.514436960,-0.000426060
6.467000,0.618334136,0.076612224,-3.610399098,0.014591897,-0.517926762,0.000294754
6.468000,0.551629814,0.068770831,-3.723326048,0.020451156,-0.516712818,-0.000592841
6.469000,0.526948321,0.037724017,-3.796168768,0.029444059,-0.519074278,-0.003207947
6.470000,0.500908951,-0.195616449,-3.740833895,0.033091618,-0.519623865,-0.004421207
6.471000,0.550033051,-0.226634143,-3.661815575,0.021949120,-0.518863626,-0.004167963
6.472000,0.564859278,-0.051492690,-3.658472372,0.015201020,-0.513518616,-0.001916528
6.473000,0.612424683,0.040791432,-3.546222662,0.009562264,-0.511193044,0.003029242
6.474000,0.599555573,0.072327075,-3.640581919,-0.000303848,-0.507885604,0.009727127
6.475000,0.542725792,0.153480296,-3.704177494,-0.000406769,-0.508208966,0.013075822
6.476000,0.454321607,0.202189138,-3.670426058,0.006990035,-0.509332930,0.012705934
6.477000,0.419150481,0.067890345,-3.653381213,0.011496207,-0.506185759,0.010704166
6.478000,0.416203195,0.026852862,-3.762997234,0.011111216,-0.502179912,0.007157758
6.479000,0.460653027,0.017303463,-3.735454520,0.013589693,-0.499757226,-0.000560811
6.480000,0.501990305,-0.085609565,-3.501997720,0.007846578,-0.501206796,-0.005719167
6.481000,0.495092977,-0.043356594,-3.491917149,0.009478742,-0.496540948,-0.006881726
6.482000,0.506035275,0.070483017,-3.548841237,0.017747351,-0.494702821,-0.006292008
6.483000,0.551895340,0.000830274,-3.667629551,0.023664526,-0.486922836,-0.002304683
6.484000,0.613453604,-0.063055873,-3.716466315,0.023863964,-0.480024504,0.003923109
6.485000,0.651427629,-0.086577270,-3.635942021,0.029374171,-0.475187041,0.003403564
6.486000,0.659971714,-0.248335251,-3.338473266,0.024167845,-0.474915205,0.001487742
6.487000,0.705172009,-0.295950630,-3.253549660,0.017321598,-0.472896580,0.002204942
6.488000,0.720019744,-0.236301864,-3.373540311,0.014284744,-0.468381645,0.002350859
6.489000,0.679049146,-0.227656478,-3.432973814,0.009976111,-0.470369976,0.001872393
6.490000,0.686262528,-0.260687641,-3.399038638,0.011485460,-0.470380228,0.004479598
6.491000,0.682640619,-0.229737969,-3.409751695,0.013192139,-0.466699437,0.008464238
6.492000,0.650224899,-0.057809556,-3.466643077,0.021242315,-0.459604724,0.013581411
6.493000,0.670490544,-0.021138153,-3.550333737,0.024073191,-0.451792440,0.019329991
6.494000,0.694317523,-0.070662230,-3.547738819,0.015611500,-0.446415656,0.025796477
6.495000,0.649773882,-0.028129431,-3.540791294,0.008208422,-0.442848058,0.023879042
6.496000,0.649069806,-0.046696195,-3.304079619,0.008861465,-0.441589135,0.022539959
6.497000,0.632272143,-0.067178138,-3.200800095,0.001128871,-0.438392781,0.023926936
6.498000,0.628543253,0.119329751,-3.303017832,0.000503482,-0.432928808,0.026058740
6.499000,0.618351425,0.231053438,-3.318405674,-0.000355003,-0.429512539,0.026212669
6.500000,0.613210061,0.182380044,-3.269096489,0.003344958,-0.426789149,0.027109789
6.501000,0.571870907,0.146759768,-3.380636379,0.009992101,-0.422069198,0.026443357
6.502000,0.525297963,0.047092257,-3.311208013,0.021262686,-0.419349132,0.026034272
6.503000,0.553314979,-0.095286576,-3.351501747,0.013447657,-0.416593315,0.029015087
6.504000,0.594545285,-0.065088088,-3.371795407,0.002919946,-0.409183381,0.030042811
6.505000,0.602846258,-0.040390296,-3.246035088,-0.002745136,-0.406439275,0.024802272
6.506000,0.589427881,-0.173104550,-3.056071190,-0.008424521,-0.402090100,0.023802857
6.507000,0.641636905,-0.121165595,-3.159950528,-0.009282041,-0.395331186,0.022664304
6.508000,0.639240593,-0.020423664,-3.281642052,-0.002416607,-0.387786329,0.020098289
6.509000,0.607370935,-0.143463641,-3.272768301,0.001576114,-0.385295884,0.017725589
6.510000,0.650822963,-0.168357140,-3.300564513,0.003693813,-0.382162462,0.017690541
6.511000,0.677182305,-0.127255421,-3.166754900,0.007461904,-0.379531253,0.015340640
6.512000,0.618637018,-0.140546761,-3.097311279,0.009822020,-0.374118857,0.011042491
6.513000,0.632360538,-0.214257856,-3.077338991,-0.001634117,-0.370951241,0.009484964
6.514000,0.708879453,-0.073890062,-3.181267361,-0.008578486,-0.365370579,0.013981365
6.515000,0.657942267,0.071516542,-3.113965676,-0.011435147,-0.364153193,0.012936006
6.516000,0.642080445,0.172136961,-3.032284680,-0.018117758,-0.361243960,0.013101452
6.517000,0.625610253,0.215689018,-3.078029380,-0.021026871,-0.356634764,0.012372708
6.518000,0.570618312,0.203517972,-3.021907857,-0.015058724,-0.354572181,0.007757953
6.519000,0.544140136,0.044043104,-2.921360318,-0.017788775,-0.354575882,0.003817207
6.520000,0.591747864,0.022344914,-2.877340905,-0.024324817,-0.352263084,0.004308775
6.521000,0.618900634,0.063156924,-2.872975581,-0.029935909,-0.346242057,0.001501682
6.522000,0.662757831,0.149890718,-2.782032394,-0.034398578,-0.341499882,0.002912758
6.523000,0.707227394,0.229939875,-2.841060678,-0.040763399,-0.335658062,0.002063561
6.524000,0.657109358,0.290473959,-2.993953243,-0.031465743,-0.330766045,0.003902043
6.525000,0.567583442,0.213325137,-2.925967782,-0.010615295,-0.331633975,0.000077098
6.526000,0.548479622,0.006631148,-2.879216587,0.001220678,-0.328040155,0.002093636
6.527000,0.572150688,-0.052567038,-2.886675246,0.005367778,-0.322646290,0.000125138
6.528000,0.607732508,-0.082153087,-2.894872475,-0.000768059,-0.316529595,-0.002606703
6.529000,0.687704145,-0.097199596,-2.701019686,-0.021782236,-0.311738201,-0.005934462
6.530000,0.724011132,-0.034695456,-2.729097753,-0.036721525,-0.305785037,-0.009126849
6.531000,0.718559166,0.075858805,-2.664576201,-0.036604297,-0.305169520,-0.011150949
6.532000,0.637269347,0.051352404,-2.690645273,-0.029795348,-0.307056306,-0.010051024
6.533000,0.608040417,0.089775765,-2.806080356,-0.023032567,-0.308712803,-0.008080627
6.534000,0.528217580,0.077015177,-2.816498876,-0.010685090,-0.307602320,-0.008199950
6.535000,0.532875179,0.040153451,-2.652489871,-0.012037924,-0.306475994,-0.008224951
6.536000,0.547350097,0.049835523,-2.598923348,-0.019007962,-0.299031309,-0.012024898
6.537000,0.585563986,0.085746596,-2.544546177,-0.024469296,-0.296428062,-0.016450318
6.538000,0.602724313,0.071814991,-2.441190855,-0.028293565,-0.294169671,-0.017312435
6.539000,0.608024186,0.095724901,-2.569115910,-0.032492210,-0.293860720,-0.017728999
6.540000,0.587491293,0.229818777,-2.594709262,-0.026474862,-0.292857669,-0.015699877
6.541000,0.547212929,0.335413174,-2.475414543,-0.023630090,-0.291665853,-0.014532538
6.542000,0.531979581,0.355708471,-2.529488180,-0.021032874,-0.287067299,-0.011772722
6.543000,0.501732614,0.269855910,-2.515614539,-0.012954583,-0.283527857,-0.014852562
6.544000,0.457755497,0.020487755,-2.404254779,-0.010625929,-0.284561011,-0.016329490
6.545000,0.449407801,-0.013131028,-2.541493028,-0.012520383,-0.279929271,-0.018713855
6.546000,0.514856349,0.083690135,-2.576900664,-0.012000467,-0.274412737,-0.021171092
6.547000,0.551415289,0.162889332,-2.416131442,-0.019277915,-0.273081803,-0.023426025
6.548000,0.542884760,0.130741384,-2.376682646,-0.022497173,-0.270263365,-0.023058494
6.549000,0.547172284,0.117561388,-2.394576263,-0.019092532,-0.268994623,-0.023288713
6.550000,0.518398143,0.057905365,-2.385870611,-0.009529900,-0.267917238,-0.023250011
6.551000,0.519363701,-0.009840064,-2.435580809,-0.010027900,-0.267466025,-0.022130081
6.552000,0.538630414,-0.094454695,-2.329097896,-0.007670658,-0.266273575,-0.023100425
6.553000,0.572577591,-0.078164461,-2.243083369,-0.007110270,-0.265788370,-0.028218806
6.554000,0.530245891,-0.081374845,-2.132003174,-0.003522368,-0.263791447,-0.030754065
6.555000,0.515644303,-0.092429063,-2.094271013,-0.000298161,-0.261965685,-0.031775910
6.556000,0.482427730,-0.017242723,-2.309423999,0.002102089,-0.258710928,-0.028026104
6.557000,0.505070942,0.021766314,-2.341679997,-0.003341487,-0.256375879,-0.023873851
6.558000,0.496344637,0.130935559,-2.196738799,-0.007882148,-0.256141089,-0.021334997
6.559000,0.465862528,0.158054200,-2.059688700,-0.009431860,-0.254977069,-0.020971643
6.560000,0.455622766,0.079807284,-1.994583634,-0.007935086,-0.253458160,-0.021006037
6.561000,0.392921655,0.006921298,-1.982572674,-0.012743441,-0.252269614,-0.022711437
6.562000,0.364140689,0.003464903,-2.003820792,-0.016278536,-0.252399283,-0.023658168
6.563000,0.356990988,0.058074805,-2.068947548,-0.017444323,-0.250517431,-0.025222266
6.564000,0.378920272,0.088643805,-1.939236633,-0.023204953,-0.251807569,-0.025610135
6.565000,0.381212655,0.182079504,-1.919332289,-0.019619894,-0.250151373,-0.025454112
6.566000,0.372611429,0.150442205,-2.018498623,-0.005890337,-0.247237880,-0.023440994
6.567000,0.334537170,0.020626155,-2.080011868,0.004245877,-0.244596233,-0.021120801
6.568000,0.335489103,-0.085752024,-2.060705760,0.008694715,-0.243614930,-0.016435534
6.569000,0.375302163,-0.055625457,-1.872642857,0.014914623,-0.240813563,-0.017985961
6.570000,0.386013737,-0.096224198,-1.732253514,0.010764213,-0.239392961,-0.019416246
6.571000,0.394247532,-0.141938482,-1.719266324,0.001479181,-0.235062076,-0.019275723
6.572000,0.379495776,-0.037346871,-1.847728021,-0.005789261,-0.231498885,-0.020697478
6.573000,0.346703548,-0.053916668,-1.737875160,-0.008049199,-0.235345584,-0.022392844
6.574000,0.352221733,-0.111352125,-1.688325977,-0.011378026,-0.235015204,-0.018656846
6.575000,0.319250353,0.029342815,-1.794807613,-0.006345378,-0.230779448,-0.017641180
6.576000,0.277297074,0.059658605,-1.828144705,0.004250527,-0.225929842,-0.017275412
6.577000,0.278927882,-0.111378058,-1.781568190,0.009929641,-0.222103013,-0.015012247
6.578000,0.289301369,-0.183030022,-1.825693566,0.012673954,-0.218516664,-0.013985206
6.579000,0.289650064,-0.166822428,-1.702315768,0.013960999,-0.215513958,-0.013281630
6.580000,0.310825325,-0.043387021,-1.578066814,0.016201754,-0.215965132,-0.012502482
6.581000,0.322732056,-0.050706034,-1.539825087,0.007156644,-0.215738253,-0.008689822
6.582000,0.344354230,0.050898570,-1.539238202,-0.006654680,-0.213035872,-0.002545294
6.583000,0.271389543,0.215761874,-1.469452288,-0.007990991,-0.211580243,-0.004617144
6.584000,0.190116495,0.196114989,-1.316939987,-0.004672704,-0.213667250,-0.003488784
6.585000,0.188856720,0.173334445,-1.427668976,-0.002487384,-0.210938832,0.001221126
6.586000,0.157622375,0.221758006,-1.650867770,0.011607429,-0.202715651,0.001248405
6.587000,0.136082883,0.046834962,-1.586334045,0.019152662,-0.200481597,-0.002333620
6.588000,0.252729494,-0.160879358,-1.532417920,0.014460246,-0.197478339,0.001785061
6.589000,0.284575797,-0.071104389,-1.459957166,0.010735775,-0.192121053,0.000618486
6.590000,0.258180705,-0.032839681,-1.267237437,0.008228030,-0.189941166,-0.001522714
6.591000,0.303775624,-0.085945414,-1.158550173,-0.003110810,-0.188373309,0.004352061
6.592000,0.313442381,0.038330172,-1.416488736,-0.002389521,-0.178231725,0.009727787
6.593000,0.230596343,0.090313773,-1.447139650,0.007838209,-0.177050053,0.007482715
6.594000,0.229593945,-0.044527474,-1.380396480,0.013677213,-0.177348029,0.009791063
6.595000,0.253647998,-0.061385788,-1.332400742,0.020279695,-0.172769975,0.011949446
6.596000,0.233183632,-0.079182245,-1.360385185,0.023572044,-0.166867833,0.010535895
6.597000,0.190905461,-0.094374725,-1.339783774,0.018750137,-0.164063094,0.009556031
6.598000,0.221367462,-0.052803273,-1.343976242,0.014475429,-0.159308257,0.010859431
6.599000,0.262965233,-0.038238690,-1.237362756,0.013628169,-0.156616022,0.010704892
6.600000,0.271023868,-0.040480450,-1.152662751,0.012994509,-0.154170454,0.013437377
6.601000,0.277084780,-0.036540364,-1.027201748,0.014476063,-0.151596979,0.016029620
6.602000,0.275816339,0.045194139,-1.114578089,0.013019068,-0.148575003,0.021294296
6.603000,0.228423589,0.148203280,-1.079990292,0.005128209,-0.148472295,0.023262934
6.604000,0.197797033,0.255745335,-1.070505696,-0.001706437,-0.146494552,0.024790942
6.605000,0.171722948,0.240349084,-1.009604842,0.000852930,-0.143777057,0.022152416
6.606000,0.140214096,0.114764536,-0.961338073,0.005766783,-0.141371522,0.021332987
6.607000,0.164482058,-0.011977583,-0.969475243,0.006376829,-0.138991278,0.020267438
6.608000,0.201987942,-0.024113273,-1.055188671,0.008942549,-0.132092195,0.023590074
6.609000,0.202147170,0.039582836,-1.019333015,0.006186461,-0.126863410,0.023753963
6.610000,0.232998506,0.079861008,-0.970075062,-0.000897696,-0.122483646,0.024786008
6.611000,0.274196666,0.138839737,-0.893588229,-0.002217073,-0.118978224,0.026624158
6.612000,0.230256546,0.134971336,-0.848741165,0.009010262,-0.117367160,0.026395533
6.613000,0.137852976,-0.002794018,-0.839098827,0.014289817,-0.118796514,0.027576619
6.614000,0.110991121,-0.015712366,-0.936117214,0.019126541,-0.117180973,0.028671377
6.615000,0.123900412,0.038637521,-0.924352126,0.022111194,-0.112586704,0.027144502
6.616000,0.145325526,-0.098776481,-0.756784219,0.014047216,-0.110390990,0.025204891
6.617000,0.217481818,-0.111356564,-0.737312853,0.002492487,-0.106584775,0.026211193
6.618000,0.185633493,-0.060685949,-0.726224027,0.007118681,-0.101585499,0.023939246
6.619000,0.159822776,-0.139446876,-0.754649538,0.011962721,-0.099725838,0.023674745
6.620000,0.152523576,-0.209000492,-0.770069384,0.007797558,-0.099302145,0.030313550
6.621000,0.137932897,0.001884243,-0.872398527,0.008259024,-0.094842381,0.033800424
6.622000,0.115378977,0.104598643,-0.671075624,0.006278983,-0.093808645,0.033055516
6.623000,0.106159292,0.046448496,-0.502958894,-0.009419363,-0.093077377,0.035046281
6.624000,0.091894555,0.186913473,-0.544445701,-0.015072036,-0.088192061,0.035064316
6.625000,0.017718755,0.196470137,-0.570964315,-0.007919934,-0.088101346,0.030010476
6.626000,0.001936962,-0.011314923,-0.541088548,-0.005761197,-0.087749170,0.029495975
6.627000,0.059934796,-0.108427513,-0.610712896,-0.005602949,-0.086385694,0.033346731
6.628000,0.127523489,-0.000807904,-0.617610266,-0.001586520,-0.081711189,0.035400936
6.629000,0.114436369,0.031531915,-0.373133798,-0.007486911,-0.078056539,0.035052476
6.630000,0.078461050,0.044441197,-0.351184729,-0.021516307,-0.071621173,0.037501184
6.631000,0.088652222,0.123326203,-0.429329853,-0.026517808,-0.067451241,0.037601826
6.632000,0.052562908,0.135304770,-0.523897422,-0.024642091,-0.063859021,0.036226421
6.633000,0.017837127,0.044568612,-0.618109183,-0.023297696,-0.061206396,0.035571458
6.634000,0.038777093,0.025597848,-0.696149572,-0.022288522,-0.058858700,0.036320289
6.635000,0.066512199,0.045779726,-0.558633227,-0.018770455,-0.056442374,0.035753042
6.636000,0.128604206,-0.094729144,-0.387525393,-0.016644374,-0.053020217,0.032923650
6.637000,0.196322794,-0.240783456,-0.276494755,-0.019057915,-0.051562433,0.033903598
6.638000,0.192612101,-0.226469588,-0.314455183,-0.019515442,-0.050571004,0.034763170
6.639000,0.153047391,-0.148036365,-0.379819668,-0.020342867,-0.048581239,0.033522256
6.640000,0.141866678,-0.086616721,-0.380080750,-0.023764461,-0.046900943,0.032902819
6.641000,0.148676229,-0.038455503,-0.363040586,-0.024819926,-0.044563627,0.032915183
6.642000,0.157594085,-0.001955274,-0.302050126,-0.024825725,-0.042125544,0.031536571
6.643000,0.115497080,-0.023069856,-0.234926877,-0.030593237,-0.040067510,0.030311242
6.644000,0.123169529,-0.001996596,-0.269987766,-0.036966444,-0.039735986,0.030913982
6.645000,0.089300328,-0.003960611,-0.344861112,-0.039824794,-0.037737055,0.031077060
6.646000,0.139930963,0.022888116,-0.309794396,-0.040343462,-0.036099248,0.031171582
6.647000,0.155536352,0.062088095,-0.352349367,-0.040198825,-0.031369110,0.031932206
6.648000,0.158498144,0.059260731,-0.262637139,-0.031600838,-0.030567285,0.030955060
6.649000,0.101597697,-0.048285916,-0.188341834,-0.026156310,-0.032281426,0.028551674
6.650000,0.095138960,-0.103945935,-0.170596540,-0.029456448,-0.034868830,0.030797725
6.651000,0.089262483,0.007246382,-0.182183093,-0.034474909,-0.034915028,0.030467239
6.652000,0.086201945,-0.001017226,-0.102164680,-0.044227032,-0.034492770,0.030027160
6.653000,0.061397879,-0.009011296,-0.094308367,-0.056782704,-0.031980500,0.029637056
6.654000,0.028871577,0.036062472,-0.080577401,-0.058704041,-0.028864480,0.027817943
6.655000,0.003672203,0.009946214,-0.138774542,-0.059315610,-0.028387299,0.026712019
6.656000,0.032452685,-0.003421760,-0.198257681,-0.058342486,-0.026367906,0.026689699
6.657000,0.025708798,0.029587118,-0.167631513,-0.054680465,-0.025512564,0.025823085
6.658000,0.022411818,-0.017212110,-0.164396628,-0.053170686,-0.024773736,0.025706560
6.659000,0.005100591,-0.067537535,-0.133015007,-0.055522872,-0.024999682,0.026452161
6.660000,-0.011078654,-0.041958821,-0.203829694,-0.051530219,-0.022665533,0.027437582
6.661000,-0.019692621,-0.024523024,-0.139249076,-0.047847618,-0.023198451,0.026127193
6.662000,0.009226193,-0.050556839,-0.110187034,-0.045498031,-0.021048018,0.026032608
6.663000,-0.000981080,-0.014708346,-0.047020588,-0.044023442,-0.020459485,0.023549049
6.664000,-0.000875323,0.071793839,-0.025993828,-0.046919977,-0.019512224,0.022376670
6.665000,-0.013387115,0.083948960,-0.020359192,-0.054989010,-0.018887649,0.020930393
6.666000,-0.024313650,0.066422981,-0.005574860,-0.061741566,-0.019023879,0.019818955
6.667000,-0.004861373,0.036316051,0.098104640,-0.070634129,-0.019873011,0.019448367
6.668000,-0.010384511,0.053337587,0.104685043,-0.074118369,-0.018830774,0.019242550
6.669000,-0.015638536,0.016643875,0.022854005,-0.076669181,-0.017819266,0.019305874
6.670000,-0.015143281,0.039973618,-0.066627506,-0.077749130,-0.016261392,0.019898673
6.671000,-0.017927320,0.103047867,-0.043633018,-0.078757914,-0.015118083,0.019168669
6.672000,0.009589783,0.110340505,0.059653718,-0.079616160,-0.014067148,0.018518571
6.673000,0.038123779,0.186666644,0.106296696,-0.079220346,-0.013474269,0.017588191
6.674000,0.037796002,0.272115964,0.109690050,-0.075865266,-0.010492156,0.016281966
6.675000,0.025827097,0.278885359,0.054180220,-0.069608382,-0.008298286,0.015963496
6.676000,0.033424755,0.232361054,-0.048966301,-0.058054342,-0.006779720,0.014772782
6.677000,0.016441205,0.128795580,-0.131251505,-0.047574641,-0.004742356,0.012300338
6.678000,0.045051394,0.020472874,-0.070200813,-0.040302095,-0.003998698,0.009024160
6.679000,0.101684310,0.006757426,0.043424251,-0.043189841,-0.004526307,0.008300087
6.680000,0.111691832,0.083197563,0.124522255,-0.049462925,-0.002063631,0.005736065
6.681000,0.084857275,0.100744250,0.183688131,-0.058156540,-0.001717871,0.002050350
6.682000,0.087873087,0.044181646,0.179382783,-0.065049513,0.000062157,0.001371864
6.683000,0.081809559,0.009822431,0.128389554,-0.068083626,0.000750971,0.002149044
6.684000,0.084667686,0.029980387,0.168685619,-0.070927005,0.000508264,0.002458451
6.685000,0.087315848,0.053364125,0.167980431,-0.075576601,0.000224240,0.004466876
6.686000,0.093349067,0.112469443,0.193793216,-0.079460717,0.001124709,0.004007558
6.687000,0.053256556,0.146823160,0.234934555,-0.077944924,0.002064732,0.001660959
6.688000,0.010365033,0.101767151,0.183747640,-0.072530180,0.004479122,0.000096867
6.689000,-0.026967319,0.088429679,0.152817492,-0.062404136,0.005076565,-0.003072308
6.690000,-0.028058245,0.122285019,0.160435433,-0.053233653,0.005444938,-0.004387971
6.691000,-0.001662624,0.217471158,0.194919298,-0.051380518,0.007738295,-0.004372719
6.692000,0.016619635,0.346409261,0.214476836,-0.050672116,0.011754313,-0.006034265
6.693000,-0.026538496,0.357728881,0.319055267,-0.049803892,0.013164038,-0.009523342
6.694000,-0.061558400,0.301673953,0.255245874,-0.048376029,0.014350847,-0.010004589
6.695000,-0.110229367,0.240601465,0.191837682,-0.041955879,0.014324199,-0.011838860
6.696000,-0.120499414,0.125480374,0.254041351,-0.037993887,0.013404596,-0.013249503
6.697000,-0.089335581,0.042503870,0.316692676,-0.041671183,0.016154296,-0.012400000
6.698000,-0.054480983,0.067878540,0.287748888,-0.044622470,0.021743557,-0.013979567
6.699000,-0.037780219,0.065153273,0.371659490,-0.045907870,0.024603317,-0.017338918
6.700000,-0.050553873,-0.025628977,0.351440278,-0.046848214,0.027264008,-0.018787497
6.701000,-0.053862699,-0.046300918,0.258733794,-0.042633469,0.029473191,-0.019121795
6.702000,-0.051875817,-0.026586962,0.259701710,-0.030946947,0.031403811,-0.021617628
6.703000,-0.045673182,-0.108502745,0.375788143,-0.026665642,0.032205095,-0.023320237
6.704000,-0.009111657,-0.132631945,0.404290065,-0.028340299,0.035305675,-0.022139071
6.705000,0.011708513,-0.019777482,0.391030571,-0.029446516,0.038501663,-0.023991037
6.706000,-0.004613596,0.037653038,0.460898493,-0.028477280,0.039855780,-0.027235584
6.707000,-0.037304779,0.034316574,0.455097800,-0.024464405,0.042415736,-0.028942414
6.708000,-0.059041098,0.102327166,0.390954162,-0.014474902,0.044660843,-0.029200510
6.709000,-0.048233572,0.145730004,0.368449367,-0.002311655,0.047190660,-0.029742654
6.710000,-0.028073804,0.153982853,0.423515072,0.003468612,0.049501623,-0.029341050
6.711000,-0.006473377,0.194547587,0.441428665,0.002626116,0.053281318,-0.028940756
6.712000,-0.000203195,0.248566126,0.488322609,0.003601125,0.054943611,-0.029826148
6.713000,-0.022151315,0.226310435,0.519444431,0.004756240,0.057813675,-0.030327075
6.714000,-0.042434667,0.190944249,0.491810615,0.010028183,0.061130899,-0.030380198
6.715000,-0.049993358,0.153514053,0.416900403,0.020684092,0.063824669,-0.031540311
6.716000,-0.034153468,0.003428753,0.431925234,0.030945560,0.065835367,-0.032299632
6.717000,0.015434071,-0.102096236,0.462072449,0.033478631,0.068405417,-0.031360146
6.718000,0.080415901,-0.071156740,0.465360598,0.036159023,0.073679879,-0.031828666
6.719000,0.099537518,-0.110976038,0.584570411,0.037008239,0.076082934,-0.033362396
6.720000,0.087230224,-0.169952735,0.674189630,0.037404968,0.078350365,-0.033534102
6.721000,0.069043066,-0.162678392,0.710181357,0.042722353,0.079425310,-0.033436866
6.722000,0.064321658,-0.135969816,0.686375069,0.053901495,0.082902811,-0.033134019
6.723000,0.050757091,-0.119353470,0.675211155,0.058877253,0.086000102,-0.032685934
6.724000,0.057732772,-0.086538600,0.652292246,0.063662048,0.089610599,-0.031495108
6.725000,0.035849426,-0.052523633,0.623385975,0.070574564,0.091529840,-0.032509035
6.726000,0.024284990,-0.118012254,0.734617762,0.077057192,0.093075889,-0.033297842
6.727000,0.020253634,-0.197199659,0.848892030,0.076517125,0.093129636,-0.031694360
6.728000,0.021581885,-0.119319640,0.823464967,0.074893140,0.095233566,-0.028334963
6.729000,0.009488683,0.030079551,0.798873257,0.072524458,0.097008885,-0.026068201
6.730000,-0.006006720,0.122006780,0.757831526,0.070983909,0.097926990,-0.022777708
6.731000,-0.038174008,0.184697078,0.644339628,0.074764024,0.100508942,-0.020444484
6.732000,-0.099573710,0.156980931,0.633837666,0.090268667,0.103154712,-0.019924850
6.733000,-0.125632546,-0.068259565,0.774228617,0.100197600,0.103413967,-0.018211610
6.734000,-0.099457511,-0.262473755,0.858083483,0.101036041,0.103296792,-0.013712556
6.735000,-0.055230745,-0.206533201,0.853476277,0.092470703,0.107154020,-0.010143067
6.736000,0.001815695,-0.047612875,0.992987714,0.078262137,0.109051260,-0.007256422
6.737000,0.023216730,0.093913932,0.992882797,0.070746637,0.112815792,-0.005581085
6.738000,-0.020003831,0.154821281,0.846302576,0.086788466,0.118045832,-0.006789814
6.739000,-0.087458224,-0.113139902,0.767530858,0.119577885,0.119563280,-0.007990498
6.740000,-0.095386413,-0.490125405,0.737282862,0.142629975,0.119355884,-0.006903577
6.741000,-0.005903170,-0.545366910,0.814492685,0.135838093,0.121722487,-0.003539710
6.742000,0.087004934,-0.322704770,1.083241078,0.109529355,0.124620808,-0.002299386
6.743000,0.114863498,-0.038448922,1.363163111,0.079179473,0.127907289,-0.003675855
6.744000,0.075348085,0.107270176,1.313299471,0.068657873,0.129520134,-0.005445324
6.745000,-0.013776242,0.121323119,0.982056188,0.093998052,0.129949156,-0.005056920
6.746000,-0.076453684,-0.094492066,0.600349661,0.136786192,0.132143786,-0.001117252
6.747000,-0.062894817,-0.418395549,0.526597602,0.160930443,0.132159318,0.004550821
6.748000,0.009057351,-0.541645883,0.790385079,0.154752312,0.133558969,0.009206315
6.749000,0.100223017,-0.340181724,1.195224668,0.116668408,0.138430157,0.009509814
6.750000,0.124829844,-0.102185638,1.455214509,0.081579660,0.140476033,0.008763801
6.751000,0.096759829,0.075498368,1.413670694,0.067766382,0.140349222,0.011154979
6.752000,0.001159910,0.105281110,0.977493774,0.085041664,0.143492791,0.012263838
6.753000,-0.069482536,-0.018209407,0.700499920,0.118721272,0.145295035,0.015180461
6.754000,-0.076748948,-0.180789293,0.626067190,0.142165611,0.148090198,0.019830145
6.755000,-0.002862920,-0.288779302,0.860931365,0.141932242,0.149903083,0.024879929
6.756000,0.117377901,-0.242828483,1.227735951,0.119799182,0.151116787,0.027839661
6.757000,0.142732501,-0.124235648,1.575491404,0.083194453,0.150909220,0.025095114
6.758000,0.079318346,0.038525602,1.536571045,0.056585275,0.150716530,0.021020907
6.759000,-0.046486017,0.021246477,1.110358593,0.064256755,0.153884455,0.017616299
6.760000,-0.145444365,-0.154409174,0.669094054,0.105759489,0.155229304,0.014667794
6.761000,-0.053140345,-0.382261985,0.489034025,0.140930639,0.155407096,0.020358514
6.762000,0.095075713,-0.361518239,0.719292628,0.133335611,0.157241947,0.024938803
6.763000,0.230493677,-0.200224011,1.065730409,0.107932415,0.160609075,0.027054830
6.764000,0.245169284,-0.067036270,1.407253507,0.069594178,0.161507049,0.025478006
6.765000,0.106289230,-0.041570211,1.457972333,0.040524719,0.160425316,0.022647732
6.766000,-0.055529307,-0.104075202,1.087571531,0.048170865,0.157684494,0.016216407
6.767000,-0.076935307,-0.290577993,0.818319023,0.087504874,0.154318138,0.016236107
6.768000,0.073014153,-0.417201339,0.663096749,0.112274869,0.155239295,0.022797538
6.769000,0.220987136,-0.359656526,0.754696820,0.109161088,0.161680629,0.027185979
6.770000,0.282536829,-0.171731934,1.125033955,0.075195660,0.162376099,0.026201498
6.771000,0.252996157,0.031881128,1.519030856,0.032353774,0.156735125,0.025481688
6.772000,0.060915861,0.132183485,1.537109169,0.007928756,0.150893969,0.022755271
6.773000,-0.121349788,0.026862536,1.352182353,0.027465288,0.144397144,0.018433360
6.774000,-0.136165425,-0.117398491,1.025171239,0.056948981,0.143503509,0.019938968
6.775000,-0.025446402,-0.172584521,0.815217287,0.080306366,0.148698009,0.024085103
6.776000,0.130024845,-0.072899747,0.767915134,0.078683467,0.155669797,0.026218949
6.777000,0.212644628,0.128301227,0.978553074,0.054124936,0.157087288,0.024529902
6.778000,0.133264241,0.244271106,1.463479594,0.019236539,0.151024549,0.020090062
6.779000,-0.062464023,0.162637168,1.636634844,0.005508936,0.144439767,0.015036559
6.780000,-0.223695766,-0.035066706,1.422199459,0.022534716,0.139770650,0.010954848
6.781000,-0.196169789,-0.165297016,1.052111614,0.049061716,0.143020432,0.010905355
6.782000,-0.038574994,-0.161602055,0.868029594,0.063919326,0.151616216,0.012360900
6.783000,0.136867082,-0.096456128,0.976164295,0.055063764,0.158357653,0.011446483
6.784000,0.192088194,-0.039286216,1.281506245,0.031232833,0.158026403,0.007558116
6.785000,0.103521902,-0.034146486,1.496493761,0.012860019,0.153163572,0.004488109
6.786000,-0.098627823,-0.112719513,1.592275431,0.008734341,0.146156545,0.000908212
6.787000,-0.220556690,-0.224791514,1.422885416,0.021111144,0.143208828,0.000654009
6.788000,-0.148145011,-0.259945381,1.220431080,0.035215151,0.148038871,0.002490559
6.789000,0.000784591,-0.199702309,1.068307786,0.038569558,0.157284622,0.004026059
6.790000,0.072836261,-0.133631171,1.113786514,0.032442633,0.161931068,0.003548059
6.791000,0.091308785,-0.006794412,1.288801899,0.016904201,0.162339529,0.001963175
6.792000,-0.027562923,0.091552682,1.445911281,0.008252089,0.156222912,-0.001951806
6.793000,-0.176917915,0.091911137,1.553215808,0.011259970,0.151602718,-0.004819212
6.794000,-0.208212180,0.039442656,1.493447572,0.019203689,0.152753431,-0.005282114
6.795000,-0.142495600,0.036637500,1.392747740,0.026355217,0.159785057,-0.004754538
6.796000,-0.010030195,0.036147632,1.343587440,0.027033936,0.168146220,-0.004404159
6.797000,0.087634989,0.065973064,1.336939395,0.017833633,0.173137565,-0.003990783
6.798000,0.069809735,0.123910158,1.432160270,0.009978249,0.173290188,-0.004671264
6.799000,-0.013527645,0.143045683,1.588814012,0.006797728,0.171902954,-0.005814533
6.800000,-0.086794784,0.087815744,1.645109612,0.005416215,0.171874476,-0.004808813
6.801000,-0.094535262,0.058796424,1.617616223,0.008378293,0.174746932,-0.003076575
6.802000,-0.045821241,0.039927173,1.523854506,0.011285391,0.180446040,-0.002764708
6.803000,0.062601292,0.021362310,1.332598377,0.010628865,0.189827514,-0.003196688
6.804000,0.139123771,-0.001395793,1.268803875,0.010366424,0.196886700,-0.005450872
6.805000,0.164132323,-0.027352864,1.354123851,0.011731307,0.199209214,-0.008754272
6.806000,0.113467071,-0.071863715,1.536535851,0.015084298,0.199173580,-0.012589105
6.807000,0.081733251,-0.115314562,1.663173011,0.023210569,0.200131069,-0.014278092
6.808000,0.106154439,-0.119521263,1.646980816,0.028667278,0.204122930,-0.014239432
6.809000,0.190998197,-0.086895777,1.487864081,0.029575668,0.211771298,-0.012404644
6.810000,0.244295978,-0.058928399,1.436960840,0.027029636,0.218522280,-0.013043916
6.811000,0.279239387,-0.069650593,1.533082926,0.024832161,0.221919616,-0.012797511
6.812000,0.271062266,-0.051467562,1.739387380,0.022340879,0.223888656,-0.010695874
6.813000,0.212230332,0.019559265,1.850460950,0.022939222,0.226355773,-0.008979220
6.814000,0.172990057,0.063476930,1.857130041,0.022574750,0.228323225,-0.006921695
6.815000,0.177692945,0.066000280,1.731460091,0.022291787,0.232962310,-0.003366893
6.816000,0.199792501,0.069766533,1.630360958,0.023235023,0.238963417,-0.002539075
6.817000,0.241216792,0.052364431,1.612971129,0.028196611,0.246234558,-0.002011974
6.818000,0.265690924,0.008715217,1.726430912,0.032565934,0.250099894,-0.002238672
6.819000,0.262900779,-0.007140939,1.763205959,0.034966284,0.252698915,-0.001752148
6.820000,0.236164041,0.002243491,1.811629520,0.033445031,0.255106235,-0.001312011
6.821000,0.223740478,0.036473703,1.800583201,0.031789655,0.257613215,-0.000487400
6.822000,0.207893051,-0.006640983,1.839842424,0.029451150,0.261292691,-0.000138038
6.823000,0.216426025,-0.068374254,1.816344240,0.027561855,0.266407549,0.000619352
6.824000,0.234046884,-0.081421634,1.830670987,0.025582271,0.270769153,-0.000008111
6.825000,0.263971287,-0.054775010,1.841348307,0.022469822,0.274147180,0.000788691
6.826000,0.262286950,-0.026026146,1.957716333,0.020780069,0.276466267,0.000995224
6.827000,0.256074494,-0.019302718,2.011711305,0.020574223,0.279783524,0.001498791
6.828000,0.254392532,-0.029204811,2.042669375,0.021037530,0.283899244,0.003462492
6.829000,0.265937242,-0.045014892,1.980012640,0.025513405,0.288900307,0.005425920
6.830000,0.237742445,-0.082290542,1.905304787,0.033091004,0.294280670,0.005059545
6.831000,0.237562432,-0.093182000,1.895872249,0.036693058,0.297754023,0.005646969
6.832000,0.264321373,-0.076320305,1.925641771,0.039529266,0.302012759,0.006935319
6.833000,0.273750829,-0.012648928,2.001667297,0.042522238,0.307319625,0.005452222
6.834000,0.279668228,-0.020425492,2.063970529,0.041193233,0.311880899,0.004889265
6.835000,0.278645621,-0.023132262,1.968596307,0.041126464,0.316936317,0.004759463
6.836000,0.258584770,-0.048368869,1.893003622,0.045598674,0.320297293,0.003478845
6.837000,0.253648529,-0.127545442,1.957922163,0.046348161,0.322332792,0.003654332
6.838000,0.284082592,-0.146781428,2.010886057,0.042850979,0.325663886,0.006495827
6.839000,0.339488012,-0.069341488,2.053575158,0.041980602,0.329574650,0.007430753
6.840000,0.331931944,-0.044221379,2.121387237,0.040512227,0.333393475,0.005632347
6.841000,0.310553894,-0.079464542,2.092585104,0.042317162,0.336808975,0.005704106
6.842000,0.297218766,-0.125691388,1.982643256,0.050553566,0.340291347,0.004808008
6.843000,0.326996149,-0.209134324,1.992526179,0.060035832,0.344553091,0.005247544
6.844000,0.370770625,-0.261509065,2.087491891,0.058352121,0.349211034,0.006062993
6.845000,0.407021848,-0.143187260,2.070190912,0.054593578,0.354532579,0.005451964
6.846000,0.404382850,-0.061872220,2.127433302,0.053581312,0.356934035,0.001961938
6.847000,0.388801770,-0.084950585,2.130975312,0.053229566,0.359527672,0.000498021
6.848000,0.383300775,-0.137224395,2.096296704,0.056499078,0.362136160,-0.000193091
6.849000,0.399401923,-0.125920923,2.058750597,0.062464478,0.364513682,0.000627688
6.850000,0.389511837,-0.153428035,2.199124665,0.065591477,0.366711748,0.001160553
6.851000,0.405260437,-0.093316304,2.211535903,0.060488678,0.371211903,0.002586636
6.852000,0.408415369,0.027318817,2.191504163,0.059051377,0.376791212,0.001661110
6.853000,0.403191777,-0.007193606,2.123502692,0.060188787,0.381358982,-0.000316246
6.854000,0.402538818,-0.102997469,2.097897992,0.062130664,0.384481668,-0.002346921
6.855000,0.413497349,-0.124762709,2.054531197,0.068644168,0.388307254,-0.003875050
6.856000,0.439630728,-0.183881303,2.118030145,0.074975214,0.391146706,-0.004408664
6.857000,0.454678440,-0.187723748,2.172940096,0.077317720,0.395509944,-0.005672993
6.858000,0.469124116,-0.172550470,2.247091179,0.071421432,0.397290879,-0.005347597
6.859000,0.446490444,-0.176213182,2.261528941,0.064966403,0.399272413,-0.006197019
6.860000,0.437904177,-0.191966756,2.280528855,0.060583519,0.400003225,-0.006956345
6.861000,0.429364803,-0.177839043,2.329922471,0.056607717,0.402475100,-0.005591843
6.862000,0.441565808,-0.205196370,2.459665191,0.054948924,0.405203140,-0.003459286
6.863000,0.441234037,-0.197775821,2.492859944,0.052430242,0.408984454,-0.002336653
6.864000,0.443790115,-0.126359536,2.415061525,0.045961742,0.413994564,-0.002061718
6.865000,0.432125503,-0.024487248,2.363675984,0.040736842,0.417634908,-0.002056483
6.866000,0.411097209,-0.016591944,2.377416037,0.038853137,0.419612115,-0.002197917
6.867000,0.404880972,-0.044283115,2.412266136,0.041291243,0.423358402,-0.003718847
6.868000,0.398539207,-0.050477743,2.414923064,0.045636871,0.428151702,-0.004818090
6.869000,0.392257932,-0.043665075,2.403129267,0.055240871,0.431947205,-0.005053231
6.870000,0.397338646,-0.065205308,2.366649592,0.056719483,0.434920808,-0.004665688
6.871000,0.407825503,-0.024879636,2.322965327,0.050945945,0.437554965,-0.005140956
6.872000,0.423100016,0.032999143,2.418050621,0.043932898,0.438941243,-0.005629647
6.873000,0.447185279,0.046314682,2.552537274,0.040395734,0.440782165,-0.004570088
6.874000,0.428471273,0.057824109,2.615582778,0.036724037,0.445044591,-0.004879342
6.875000,0.415967053,-0.015642975,2.579265415,0.039513167,0.450007405,-0.004558664
6.876000,0.429986568,-0.127330401,2.501911682,0.036114656,0.453335703,-0.002256878
6.877000,0.488744692,-0.202753456,2.472579686,0.030210723,0.456116536,0.000694940
6.878000,0.532819114,-0.159017278,2.577413348,0.019762018,0.459432256,0.001822379
6.879000,0.551011863,-0.060301838,2.691679200,0.013397142,0.464509511,0.000621869
6.880000,0.524614033,-0.026001019,2.824672748,0.009922335,0.468658185,-0.002237915
6.881000,0.522374565,-0.004446796,2.718109167,0.016114790,0.472711153,-0.002725159
6.882000,0.481204539,-0.004108266,2.536746341,0.027117138,0.474613932,-0.003898138
6.883000,0.486464881,-0.066491316,2.423134994,0.039063216,0.477769091,-0.005092657
6.884000,0.509134468,-0.134410317,2.497031302,0.042910040,0.481962929,-0.005614304
6.885000,0.581281649,-0.092248087,2.585407865,0.039806446,0.488008700,-0.006989528
6.886000,0.613708831,-0.042587760,2.775814459,0.027018202,0.491887739,-0.009357942
6.887000,0.616051113,0.035817388,2.846957580,0.013556909,0.493008709,-0.009021726
6.888000,0.556469815,0.118060448,2.795852441,0.009466707,0.494554181,-0.008580805
6.889000,0.530658715,0.120882478,2.682333797,0.015408352,0.497587646,-0.008293426
6.890000,0.538436438,0.014309875,2.721450531,0.021767389,0.500533707,-0.006964085
6.891000,0.601455648,-0.025054134,2.770168976,0.019984959,0.504255200,-0.003756798
6.892000,0.617329082,0.000003765,2.805923558,0.012426488,0.507311757,-0.002017529
6.893000,0.600294162,0.052110301,2.956243084,-0.000531766,0.509765483,-0.003112995
6.894000,0.586921095,0.074962420,2.963195478,-0.006381515,0.512748126,-0.004849104
6.895000,0.562587719,0.085666203,2.931803594,-0.006596829,0.516432945,-0.006369800
6.896000,0.540409263,0.037838914,2.817779053,0.009165023,0.521748012,-0.010359353
6.897000,0.528656770,-0.069852472,2.721927783,0.026585002,0.525890312,-0.013249757
6.898000,0.584356609,-0.132661877,2.704493829,0.032855285,0.529522688,-0.013889147
6.899000,0.664660484,-0.045043261,2.802877109,0.030129012,0.533083622,-0.013803480
6.900000,0.675891182,0.047413319,2.981668483,0.019422206,0.536315680,-0.015469146
6.901000,0.620840384,0.100284475,3.110214682,0.010447821,0.537916458,-0.013609594
6.902000,0.518959511,0.054007080,3.034915971,0.013601920,0.540359514,-0.012509166
6.903000,0.485701491,-0.030242899,2.919472886,0.023433410,0.542111799,-0.012479111
6.904000,0.518166918,-0.126757904,2.848289073,0.028749359,0.547231936,-0.011709420
6.905000,0.592033940,-0.116229998,2.894776653,0.027316072,0.554357408,-0.010278662
6.906000,0.614652393,-0.086337010,3.029947809,0.017378053,0.559182923,-0.014525726
6.907000,0.624264630,-0.084929888,3.127774001,0.002421167,0.558834878,-0.014168752
6.908000,0.584692502,-0.057729294,3.176002516,-0.007811787,0.557316599,-0.013482424
6.909000,0.525027161,-0.020939006,3.090741086,-0.009201572,0.559623847,-0.011526795
6.910000,0.474394980,-0.008465749,3.014759777,-0.005161135,0.561563950,-0.009119116
6.911000,0.491967373,0.068954373,2.900004411,0.005109800,0.567491101,-0.007230192
6.912000,0.521290882,0.091450877,2.844642492,0.012801321,0.573502544,-0.007359824
6.913000,0.542125065,0.079137799,2.837559185,0.019788987,0.578804721,-0.008803947
6.914000,0.543567201,0.023712340,2.946353556,0.019045832,0.582203415,-0.011613625
6.915000,0.567849054,-0.014647993,3.015694230,0.016190910,0.586645349,-0.012036319
6.916000,0.580785056,-0.035611792,3.168456970,0.015485524,0.587191831,-0.013941265
6.917000,0.603642875,-0.058941704,3.206665721,0.012113332,0.590731119,-0.011074295
6.918000,0.605182914,-0.036088180,3.177591150,0.008603948,0.592616787,-0.010863013
6.919000,0.632935992,-0.010385052,3.153597502,0.007470844,0.598591796,-0.010998929
6.920000,0.659536197,-0.030267867,3.267113502,0.002226730,0.599809105,-0.009377976
6.921000,0.636284855,-0.032740596,3.236853731,-0.005598151,0.605589812,-0.006937851
6.922000,0.628215090,-0.023153415,3.160754764,-0.010201666,0.606943733,-0.006309014
6.923000,0.592940682,0.037560573,3.074205797,-0.007699952,0.611342080,-0.006389774
6.924000,0.630563653,-0.008644191,3.062832192,-0.004644977,0.614453514,-0.006260926
6.925000,0.661071058,-0.055667736,3.003512797,0.010857314,0.621116353,-0.007159268
6.926000,0.657436356,-0.218293471,2.942263608,0.028855799,0.627200934,-0.010972396
6.927000,0.716580740,-0.360380584,3.051106123,0.038725702,0.630057302,-0.010652759
6.928000,0.791031957,-0.306210604,3.154125645,0.031693839,0.631981301,-0.008988482
6.929000,0.825813840,-0.136026366,3.328610885,0.015847405,0.632945418,-0.009010281
6.930000,0.784453141,0.025447609,3.437447374,-0.003038560,0.632470264,-0.010109829
6.931000,0.752068719,0.115106242,3.374264206,-0.005036907,0.637149862,-0.008576203
6.932000,0.667850254,0.065113984,3.190782475,0.005827304,0.639948220,-0.008132912
6.933000,0.679169983,-0.092366649,3.079370031,0.020216252,0.641391796,-0.002900660
6.934000,0.698940737,-0.151391710,3.116761081,0.022018163,0.640318904,0.002410231
6.935000,0.750191196,-0.034695052,3.227280413,0.018777622,0.643930832,0.003894800
6.936000,0.749067142,0.030730182,3.354736201,0.008079729,0.646827292,0.003013209
6.937000,0.721682843,0.022357369,3.362048695,0.002655216,0.649843712,0.002510578
6.938000,0.664429455,-0.083352233,3.250145077,0.009555632,0.652036731,-0.001944005
6.939000,0.648272701,-0.225406123,3.283139244,0.017888357,0.654016907,-0.001394094
6.940000,0.676249201,-0.183805406,3.156497664,0.024805672,0.655042550,0.000487980
6.941000,0.734552275,-0.045145282,3.240861298,0.026125519,0.657658805,0.002562312
6.942000,0.767899315,0.026289047,3.300265639,0.020116890,0.659362792,0.004965386
6.943000,0.737479320,0.030366289,3.302991806,0.012646483,0.663290531,0.005702784
6.944000,0.638781167,-0.035461188,3.305859455,0.011485813,0.662203712,0.008906412
6.945000,0.623006566,-0.154821722,3.293959781,0.019010183,0.663459020,0.013365371
6.946000,0.629539777,-0.206775869,3.274548576,0.027765205,0.664279334,0.015422521
6.947000,0.657009285,-0.239726686,3.264387672,0.036485368,0.667311414,0.013730133
6.948000,0.697380422,-0.258220484,3.285031477,0.029854724,0.666344789,0.012004689
6.949000,0.740277571,-0.149300648,3.208135218,0.024572593,0.669980782,0.010146546
6.950000,0.695342233,-0.104858175,3.370311786,0.021140726,0.666875896,0.009025305
6.951000,0.678308456,-0.088586570,3.412007376,0.022980996,0.664373451,0.013269875
6.952000,0.637521491,-0.039487275,3.320877957,0.029438240,0.665694492,0.015675154
6.953000,0.608718516,-0.096200112,3.253396146,0.041023633,0.668030270,0.018258117
6.954000,0.654660132,-0.203826683,3.308843449,0.042136915,0.670317736,0.023968536
6.955000,0.702116873,-0.198661628,3.299198011,0.039746044,0.671137973,0.026073082
6.956000,0.752804336,-0.076282367,3.382237856,0.028814504,0.671048493,0.025328296
6.957000,0.715174682,0.009106540,3.413925516,0.028725441,0.670410989,0.022166809
6.958000,0.631907326,-0.062355566,3.332266788,0.029628004,0.667368865,0.019521397
6.959000,0.612152237,-0.064883410,3.185241337,0.036106340,0.670089076,0.021626986
6.960000,0.620149660,-0.062152459,3.182064654,0.046327834,0.669081174,0.022947381
6.961000,0.678678899,-0.087817184,3.234131567,0.044919761,0.668087307,0.025610904
6.962000,0.711606253,-0.022818813,3.206769867,0.040889654,0.669306035,0.026572623
6.963000,0.743282961,-0.024481493,3.257551771,0.035987727,0.670252607,0.028414530
6.964000,0.719096747,-0.072629343,3.390146140,0.032661640,0.667934211,0.027151555
6.965000,0.706697449,-0.155381535,3.384971103,0.031062328,0.663862476,0.028078295
6.966000,0.700197456,-0.120842790,3.316428741,0.036234778,0.662971318,0.029096272
6.967000,0.697536898,-0.064239740,3.310027319,0.046777464,0.661820715,0.028180648
6.968000,0.654737048,-0.082640108,3.203645760,0.055698644,0.664440804,0.024084476
6.969000,0.663772338,-0.223069381,3.091607569,0.061752683,0.665053350,0.023864417
6.970000,0.717308166,-0.326904669,3.091264685,0.051378909,0.664547346,0.023824916
6.971000,0.769503365,-0.143421633,3.211563510,0.043455399,0.658549687,0.023079185
6.972000,0.747566879,-0.048494752,3.391974140,0.036830797,0.653173488,0.021892396
6.973000,0.687314194,-0.027749338,3.468666231,0.040303338,0.650400069,0.021127710
6.974000,0.650693773,-0.183537194,3.395596166,0.049860523,0.648542574,0.021017299
6.975000,0.686361644,-0.206248400,3.165206317,0.058268618,0.648048234,0.023583092
6.976000,0.714121268,-0.200496720,3.056580793,0.062064081,0.646742866,0.026438467
6.977000,0.705361645,-0.130819686,3.306691128,0.057812857,0.642567928,0.025717614
6.978000,0.688645691,0.007716773,3.533661666,0.047783765,0.638002775,0.023699623
6.979000,0.614154087,0.014392615,3.529963948,0.052324267,0.636021223,0.020327474
6.980000,0.567114449,-0.232212528,3.520155293,0.058064947,0.629632715,0.019096630
6.981000,0.575776336,-0.303220364,3.360169830,0.052508875,0.625074995,0.023128567
6.982000,0.587203660,-0.034708485,3.145560493,0.050335417,0.626090674,0.020606788
6.983000,0.636844294,-0.000748293,3.322947477,0.053098384,0.625571450,0.016499069
6.984000,0.657868444,-0.109730446,3.507380790,0.046691958,0.620707174,0.014687169
6.985000,0.603943102,-0.096009236,3.476584118,0.044308199,0.617801302,0.014181809
6.986000,0.515774939,-0.117362234,3.421018174,0.055130705,0.611339145,0.012736179
6.987000,0.480116118,-0.219660565,3.425311757,0.065021207,0.602347613,0.015056856
6.988000,0.485877642,-0.268181562,3.353969173,0.064991022,0.598214273,0.017322845
6.989000,0.539923980,-0.128951612,3.391773269,0.063757447,0.599097808,0.018160104
6.990000,0.565197762,-0.115598380,3.537556995,0.055946925,0.594933033,0.017956929
6.991000,0.552745802,-0.128112422,3.603777124,0.048639822,0.588782824,0.021705511
6.992000,0.517237338,-0.027097182,3.566687720,0.047449232,0.584886542,0.025269883
6.993000,0.480795724,0.113527593,3.538902559,0.055976316,0.580900400,0.027162073
6.994000,0.443497047,0.011798750,3.396583335,0.065834035,0.580480956,0.026180738
6.995000,0.422688932,-0.154700770,3.330272825,0.075292168,0.579836837,0.028579107
6.996000,0.391240083,-0.291875746,3.313711556,0.081200548,0.577185218,0.024549498
6.997000,0.437968066,-0.372442957,3.461775770,0.077133095,0.572049066,0.021856412
6.998000,0.529514528,-0.251841553,3.542022063,0.063848055,0.570406937,0.017686056
6.999000,0.491510163,-0.011548808,3.638116638,0.054781921,0.567494376,0.009459687
7.000000,0.409744175,0.012576295,3.687543918,0.055632764,0.562517469,-0.000818855
7.001000,0.338310461,0.020729669,3.698839991,0.062122536,0.556012817,-0.005060165
7.002000,0.318775640,-0.112838153,3.601719500,0.069466558,0.553936942,-0.005777395
7.003000,0.383932857,-0.162122285,3.471334333,0.072935668,0.553418627,-0.004806139
7.004000,0.432679744,-0.123537699,3.430706032,0.070008470,0.552765290,-0.008687474
7.005000,0.436453238,-0.023408695,3.551749287,0.057705268,0.546284776,-0.011359102
7.006000,0.421805075,-0.024180898,3.699349374,0.050986396,0.543440583,-0.014562001
7.007000,0.328026522,-0.052404673,3.736376964,0.059248847,0.546203975,-0.023631112
7.008000,0.296175534,-0.227726397,3.625719240,0.070374710,0.546340554,-0.027418555
7.009000,0.368509312,-0.291183037,3.480765560,0.079431624,0.545906270,-0.029485932
7.010000,0.409623009,-0.147303149,3.523773607,0.082103840,0.545420898,-0.032790200
7.011000,0.377654463,-0.111913393,3.468461655,0.080289935,0.546945437,-0.038656474
7.012000,0.356898737,-0.165199590,3.522984439,0.070167437,0.545981040,-0.040963665
7.013000,0.350576844,-0.176465764,3.500026424,0.062412210,0.547411657,-0.042089169
7.014000,0.332358007,-0.173709346,3.528158725,0.060747498,0.544133751,-0.041553663
7.015000,0.328286738,-0.151859894,3.479973115,0.062042214,0.543549088,-0.039884206
7.016000,0.307584904,-0.175464656,3.488912058,0.069709336,0.545426314,-0.041648083
7.017000,0.361316496,-0.215171757,3.487874334,0.070521018,0.548049343,-0.042289937
7.018000,0.409699212,-0.290857272,3.352977484,0.066203238,0.554370636,-0.041312251
7.019000,0.451312256,-0.228104232,3.397747145,0.063591611,0.554200573,-0.041253051
7.020000,0.428572790,-0.179031668,3.525760767,0.059441246,0.552042445,-0.042715829
7.021000,0.347621911,-0.106007266,3.454656834,0.062634697,0.551431094,-0.044399819
7.022000,0.331945040,-0.106172639,3.424630112,0.067932450,0.552988982,-0.045530313
7.023000,0.386027183,-0.145744375,3.294012101,0.065818492,0.555358824,-0.043582111
7.024000,0.424147098,-0.027331440,3.159784445,0.063091222,0.557870528,-0.044553974
7.025000,0.457529327,0.069232986,3.169902088,0.063911901,0.558564946,-0.045690147
7.026000,0.454912515,0.039850426,3.209700829,0.065193636,0.562616258,-0.050199497
7.027000,0.486670400,-0.028929792,3.252321617,0.063966253,0.562729049,-0.052559882
7.028000,0.464598286,-0.108902900,3.152840072,0.064672867,0.564442761,-0.057413183
7.029000,0.560530917,-0.158113078,3.140326734,0.058761830,0.561502357,-0.056384338
7.030000,0.604421268,-0.098973153,3.124834909,0.047631276,0.563142493,-0.056703251
7.031000,0.599027074,0.050506810,3.199867480,0.047621701,0.562130184,-0.058396741
7.032000,0.611803740,0.067373069,3.119373965,0.043991347,0.564237030,-0.058795292
7.033000,0.660146567,0.053526650,2.987900619,0.043292607,0.564137163,-0.053836302
7.034000,0.613596554,0.041619761,2.881218705,0.052298767,0.564247506,-0.056567274
7.035000,0.614657078,-0.086946563,2.895273266,0.058151423,0.561819699,-0.056946452
7.036000,0.675707059,-0.241035780,2.899190555,0.056333173,0.564146842,-0.056393527
7.037000,0.754002435,-0.135395829,2.945810523,0.052773493,0.564723352,-0.057724197
7.038000,0.766571785,-0.038003304,2.997040842,0.047461317,0.563028845,-0.061242176
7.039000,0.779096118,-0.018934497,3.006471455,0.039569848,0.558584624,-0.059906025
7.040000,0.709492823,0.042473955,2.908713644,0.037355589,0.556659583,-0.058853349
7.041000,0.641982230,0.071932093,2.867496518,0.048481143,0.554612951,-0.058441749
7.042000,0.653196768,0.060390142,2.838654836,0.053894942,0.554195888,-0.056152410
7.043000,0.690755469,0.029823407,2.801702975,0.057726241,0.552340136,-0.049848125
7.044000,0.637693168,0.088622184,2.819855248,0.058974238,0.547753798,-0.048535168
7.045000,0.605485932,-0.022937719,2.893057855,0.053295269,0.542645419,-0.048547485
7.046000,0.614391726,-0.117491664,2.892388404,0.041577849,0.540249353,-0.045984796
7.047000,0.630328445,-0.044523885,2.838916278,0.037359815,0.540817144,-0.044082816
7.048000,0.549360358,0.054512285,2.861431238,0.035629670,0.536761832,-0.044698298
7.049000,0.516792461,0.073053500,2.797398373,0.035104666,0.531709209,-0.039677827
7.050000,0.473448672,0.094326761,2.676730959,0.038547132,0.528325288,-0.034505482
7.051000,0.431818002,0.093850052,2.656922543,0.049233522,0.523618547,-0.031124430
7.052000,0.422217043,0.000640370,2.691462540,0.049455193,0.519209909,-0.027418334
7.053000,0.433270566,-0.050554630,2.704156574,0.047489257,0.516872669,-0.021791872
7.054000,0.357261931,-0.014944848,2.801695468,0.049638657,0.512265268,-0.022990183
7.055000,0.351074511,-0.084846462,2.895459361,0.045392540,0.508428749,-0.021613358
7.056000,0.388287673,-0.086124077,2.750508718,0.039295634,0.508595625,-0.018853144
7.057000,0.430988773,0.070911641,2.684846129,0.037163889,0.504950598,-0.016294306
7.058000,0.387605132,0.063147807,2.657471189,0.040415299,0.501089802,-0.015794734
7.059000,0.369101853,0.046702657,2.626636253,0.043591177,0.496107722,-0.011459152
7.060000,0.299093406,0.041988092,2.582016183,0.052647232,0.492769220,-0.008620402
7.061000,0.259337166,-0.046632035,2.596079829,0.058544461,0.485826962,-0.003338658
7.062000,0.301663161,-0.119890458,2.689590181,0.052907702,0.483017977,0.003038367
7.063000,0.365012665,-0.010845912,2.633829102,0.047352068,0.480439628,0.008195955
7.064000,0.365960436,-0.009558087,2.731683595,0.044512806,0.477177195,0.008639757
7.065000,0.381180913,-0.083659035,2.668799198,0.042386731,0.474534437,0.011411749
7.066000,0.380241843,-0.043375649,2.568351441,0.042181849,0.472029523,0.013254390
7.067000,0.384306660,0.024667270,2.504357187,0.046868500,0.466498426,0.017052779
7.068000,0.387257242,-0.029852759,2.611575753,0.047560647,0.459598783,0.021743637
7.069000,0.382085556,-0.003374590,2.548661022,0.045208840,0.458427161,0.025506219
7.070000,0.402504512,0.016284288,2.532101640,0.046092008,0.452352239,0.029987859
7.071000,0.405652953,-0.029587908,2.535886478,0.050496874,0.450839637,0.034198407
7.072000,0.381160704,-0.037252721,2.524356063,0.048366502,0.445312292,0.036132792
7.073000,0.402934054,-0.027244011,2.466590398,0.051556617,0.442513196,0.039592602
7.074000,0.430695323,-0.068075306,2.615237202,0.052737331,0.436802398,0.039940225
7.075000,0.411261417,-0.103646697,2.535066006,0.050978208,0.434758868,0.042098329
7.076000,0.427721766,-0.062781413,2.451953743,0.044675628,0.432886453,0.044753348
7.077000,0.431164673,-0.015944543,2.354292065,0.046236868,0.432134594,0.047261050
7.078000,0.373947715,-0.064383002,2.416261209,0.042525944,0.424701181,0.047818372
7.079000,0.341666935,-0.060929279,2.372093291,0.046484226,0.417730615,0.051830481
7.080000,0.318041421,-0.121001299,2.425263669,0.055408841,0.412922503,0.051719674
7.081000,0.312764961,-0.215819787,2.434520935,0.053701584,0.406855444,0.054198238
7.082000,0.328754105,-0.189046492,2.422452791,0.045273685,0.404140394,0.057186946
7.083000,0.336557442,-0.065550347,2.368558449,0.041098100,0.400238194,0.058935213
7.084000,0.305184686,-0.044846328,2.414785045,0.040033311,0.396452739,0.055319772
7.085000,0.245316115,-0.163940058,2.321792168,0.044797315,0.393274034,0.054366599
7.086000,0.173951219,-0.229777860,2.191657912,0.058080293,0.389598074,0.050834445
7.087000,0.194260805,-0.332778125,2.252996251,0.064810549,0.382841570,0.051528701
7.088000,0.221739551,-0.335929926,2.335600580,0.056791725,0.378178566,0.052381234
7.089000,0.205072865,-0.158736810,2.429775706,0.044817853,0.374515798,0.052416073
7.090000,0.190143289,-0.038079339,2.430191302,0.034018094,0.371163305,0.051111881
7.091000,0.138271163,-0.052206091,2.425696638,0.032192768,0.366144427,0.048776373
7.092000,0.065280363,-0.212637244,2.231954881,0.039586861,0.360874745,0.046438326
7.093000,0.055607715,-0.212077601,2.156875017,0.047136881,0.356138964,0.048991309
7.094000,0.063653314,-0.143400788,2.021811975,0.051911570,0.355700489,0.049059895
7.095000,0.067763317,-0.096310830,2.068094230,0.051999090,0.353459572,0.047027926
7.096000,0.059921845,-0.171188755,2.139295825,0.047932205,0.351600854,0.043054343
7.097000,0.023420981,-0.238619854,2.161615339,0.043941752,0.346777395,0.039771698
7.098000,0.022162830,-0.325289671,2.127802112,0.044478461,0.342864530,0.036175310
7.099000,0.051734494,-0.308471396,2.118335977,0.041693728,0.339055062,0.035894450
7.100000,0.061089865,-0.213144821,2.143741729,0.039782476,0.337942792,0.033308470
7.101000,0.084704376,-0.167420091,2.108340494,0.031382170,0.336990108,0.030676081
7.102000,0.085666737,-0.135964498,1.985349610,0.023806921,0.336211280,0.027058661
7.103000,0.105192254,-0.165495284,1.978575282,0.021373741,0.331566271,0.024984753
7.104000,0.106317265,-0.213312264,2.014340881,0.017010958,0.325842944,0.023177858
7.105000,0.088396557,-0.241014131,1.974600023,0.018144359,0.321949604,0.023082237
7.106000,0.060989649,-0.126220237,1.945307736,0.019739348,0.319949986,0.020096588
7.107000,0.082286874,-0.165398202,1.903094292,0.018825367,0.320212801,0.016284341
7.108000,0.118136748,-0.209864645,1.875247502,0.012244293,0.319402554,0.012088806
7.109000,0.158741431,-0.185917535,1.826458887,0.006561354,0.319978315,0.007121712
7.110000,0.195430032,-0.133178139,1.906448770,-0.002540382,0.315866203,0.001700924
7.111000,0.238644721,-0.073787537,1.914779458,-0.009503796,0.312881294,-0.003075075
7.112000,0.232967923,0.036509983,1.879520784,-0.014797541,0.308981864,-0.006506934
7.113000,0.199097171,0.073830868,1.770206719,-0.014925844,0.307311924,-0.008105393
7.114000,0.162280540,0.012275891,1.665874268,-0.013764810,0.303471673,-0.009108729
7.115000,0.193855325,-0.009673737,1.590118472,-0.012842041,0.301340166,-0.007275716
7.116000,0.214857354,-0.018114939,1.576322185,-0.015394523,0.301681665,-0.009715928
7.117000,0.209416439,-0.023146617,1.652628796,-0.019630009,0.297692783,-0.013773170
7.118000,0.213770402,-0.086161803,1.667197180,-0.026507644,0.294906636,-0.017973357
7.119000,0.222864579,-0.034000818,1.669869363,-0.036385551,0.291525775,-0.022803369
7.120000,0.220570374,0.016629308,1.625397908,-0.040868588,0.292081679,-0.027965018
7.121000,0.244204126,0.039772343,1.560609484,-0.046700185,0.287870107,-0.028597559
7.122000,0.242964074,0.084732508,1.521043017,-0.051763741,0.287247947,-0.029644060
7.123000,0.233150748,0.153567220,1.465628975,-0.049747410,0.282307402,-0.029540959
7.124000,0.210692080,0.127598660,1.500285262,-0.046219295,0.277334205,-0.029739075
7.125000,0.203524845,0.073928361,1.421469272,-0.044543395,0.272866866,-0.025943945
7.126000,0.178213310,0.057392133,1.291400221,-0.039384918,0.272298706,-0.027515767
7.127000,0.205685596,0.039440267,1.283239156,-0.035245179,0.268029064,-0.027868492
7.128000,0.253034728,0.044670890,1.239037362,-0.034085672,0.266975921,-0.027990391
7.129000,0.274624047,0.104765680,1.255927963,-0.032860029,0.264234716,-0.027205620
7.130000,0.269487620,0.144043711,1.251465601,-0.028427211,0.259607679,-0.027533618
7.131000,0.260658171,0.152672524,1.186966565,-0.024497704,0.257524691,-0.026845912
7.132000,0.255882500,0.089155433,1.166576727,-0.021350667,0.251642788,-0.024237759
7.133000,0.257771736,0.007949171,1.136973028,-0.021883339,0.245954889,-0.020332947
7.134000,0.254087073,-0.010568167,1.129653910,-0.025279245,0.239738636,-0.016868173
7.135000,0.283672517,0.022415365,1.114965917,-0.026342981,0.235698280,-0.013096227
7.136000,0.312064395,0.011265152,1.210521754,-0.028856774,0.228840097,-0.008620358
7.137000,0.291357612,0.018362182,1.151602808,-0.027146052,0.224673953,-0.003545567
7.138000,0.237432399,0.067093750,1.094005225,-0.022018047,0.220047863,0.000679907
7.139000,0.167902052,0.064264595,0.998171832,-0.018190447,0.214630155,0.006667245
7.140000,0.116952338,0.061020691,0.937479721,-0.020201469,0.210133062,0.010692835
7.141000,0.096901608,0.180505148,0.896231518,-0.023693990,0.206252782,0.013417239
7.142000,0.064633446,0.271998321,0.834788750,-0.024795242,0.203277146,0.012683902
7.143000,0.032867748,0.307780842,0.818645932,-0.023002280,0.197922268,0.011296018
7.144000,-0.000653950,0.280834769,0.733086592,-0.011523217,0.192764466,0.009609537
7.145000,-0.020698506,0.223318888,0.690874186,0.003141745,0.185875004,0.007219114
7.146000,-0.039393192,0.168651110,0.669196409,0.011716421,0.180244629,0.007153149
7.147000,-0.045473915,0.150318488,0.663539970,0.011075253,0.174486673,0.008299864
7.148000,-0.028672726,0.199995384,0.715144347,0.002786870,0.167853332,0.009599371
7.149000,-0.060002802,0.256255984,0.763850305,-0.004402639,0.160983238,0.008219335
7.150000,-0.093633286,0.225782703,0.775330086,-0.007244109,0.154081510,0.005324388
7.151000,-0.132532475,0.173605534,0.679161640,-0.001214226,0.147922916,0.003890397
7.152000,-0.152719252,0.096566214,0.533426023,0.012658507,0.143286838,0.001495591
7.153000,-0.122841164,-0.026386094,0.444252145,0.024660548,0.138704492,0.001590482
7.154000,-0.077825020,-0.092849619,0.364615277,0.030729588,0.137073626,0.002257013
7.155000,-0.019406364,-0.106954832,0.363736123,0.032680655,0.134099342,0.001445905
7.156000,0.010556903,-0.132935615,0.377963275,0.034749818,0.130786181,-0.000925920
7.157000,0.004042782,-0.161451322,0.381400102,0.040022585,0.124178387,-0.001470151
7.158000,-0.054266824,-0.160596427,0.263792240,0.054028595,0.118913995,-0.004916635
7.159000,-0.060417795,-0.164651082,0.177575521,0.065765475,0.111647685,-0.006872492
7.160000,-0.064954970,-0.129333616,0.066058295,0.071468972,0.109155538,-0.009590103
7.161000,-0.023365383,-0.043851686,0.106617856,0.069074175,0.102809190,-0.011277365
7.162000,0.010849792,-0.001055564,0.137021270,0.064217727,0.099382197,-0.013138681
7.163000,0.032151548,0.017633885,0.220357951,0.059658730,0.094002248,-0.014353394
7.164000,0.000815052,0.033925099,0.217775373,0.062738146,0.087104984,-0.016353175
7.165000,-0.012329624,0.002889547,0.195490250,0.070046916,0.079226818,-0.016952112
7.166000,-0.029751260,-0.043088185,0.073513531,0.075887875,0.073509128,-0.017149484
7.167000,-0.009623795,-0.003476548,-0.003742182,0.081706401,0.068938516,-0.017464503
7.168000,0.022413947,0.013026892,-0.009922289,0.082381527,0.065071324,-0.020035509
7.169000,0.044030156,0.007404824,-0.009507290,0.077111620,0.061655083,-0.021961142
7.170000,0.021616909,0.008783743,-0.002911119,0.074726698,0.058122906,-0.024724184
7.171000,-0.017541566,-0.008022859,-0.039690593,0.076817818,0.054117461,-0.029568135
7.172000,-0.033489053,-0.023692991,-0.126386391,0.079840184,0.048336946,-0.031914278
7.173000,-0.008349795,-0.049159745,-0.202247264,0.088983879,0.044381929,-0.034316259
7.174000,0.024435350,-0.070358010,-0.235417636,0.095338806,0.040038111,-0.035603862
7.175000,0.064302003,-0.126401967,-0.295926134,0.097528232,0.037581406,-0.036084775
7.176000,0.040944695,-0.128158625,-0.337538388,0.101346620,0.033055026,-0.037320263
7.177000,-0.020095185,-0.220746643,-0.277724927,0.108703349,0.025856194,-0.039744270
7.178000,-0.057410301,-0.286601629,-0.272475051,0.110044497,0.016274457,-0.039238307
7.179000,-0.079417031,-0.306237594,-0.295552522,0.111655514,0.009973782,-0.038506045
7.180000,-0.073888022,-0.259116753,-0.268372001,0.110263933,0.004087132,-0.039628980
7.181000,-0.042712592,-0.202417169,-0.272208319,0.106871504,0.001138974,-0.038841987
7.182000,-0.070229324,-0.141346193,-0.283612214,0.100585508,-0.002539769,-0.039308700
7.183000,-0.079745206,-0.109071441,-0.309336561,0.096437044,-0.008182508,-0.038846036
7.184000,-0.132507862,-0.079971724,-0.388391261,0.092079599,-0.014751562,-0.037002764
7.185000,-0.170264755,-0.060585495,-0.383596367,0.090834258,-0.021123664,-0.035209133
7.186000,-0.187597937,-0.047187558,-0.374718141,0.091257046,-0.025132526,-0.033424255
7.187000,-0.211786667,-0.032408505,-0.442423630,0.093076111,-0.026547041,-0.030308854
7.188000,-0.227819531,-0.014338770,-0.545811365,0.095640157,-0.028162108,-0.028886248
7.189000,-0.248187149,-0.011124467,-0.669648576,0.098558283,-0.031067455,-0.027517264
7.190000,-0.257533526,-0.042691078,-0.746912823,0.099085837,-0.035258928,-0.026745852
7.191000,-0.204950371,0.030810731,-0.669025596,0.096254763,-0.040642899,-0.024041379
7.192000,-0.183364845,0.053299671,-0.600258959,0.096260321,-0.042478150,-0.022889283
7.193000,-0.135477621,0.100217388,-0.585632751,0.095003613,-0.045027320,-0.020630616
7.194000,-0.118538531,0.122281232,-0.662883356,0.096470776,-0.047558835,-0.018450132
7.195000,-0.119103013,0.084473281,-0.770747589,0.099499582,-0.051321086,-0.014728247
7.196000,-0.098813097,0.026785645,-0.848351682,0.109787041,-0.055147327,-0.011159753
7.197000,-0.066684026,-0.112597200,-0.829263472,0.118403233,-0.059856363,-0.007963763
7.198000,0.002206684,-0.305972426,-0.763268203,0.117234686,-0.063402959,-0.003000401
7.199000,0.086349848,-0.306943746,-0.689636838,0.109926010,-0.064652143,0.000655532
7.200000,0.148221885,-0.148095979,-0.680680544,0.097147154,-0.063299846,0.002606641
7.201000,0.185399047,-0.029495554,-0.727681752,0.084685298,-0.061878733,0.003268810
7.202000,0.172280351,-0.044157538,-0.846400568,0.080764359,-0.060806086,0.003639611
7.203000,0.164025330,-0.056633252,-0.976630822,0.085653804,-0.064054968,0.004539448
7.204000,0.144454529,-0.010185384,-1.132772778,0.090314199,-0.068660088,0.008714035
7.205000,0.132325820,0.022977454,-1.085763059,0.095024641,-0.074042063,0.012541923
7.206000,0.130580115,0.019504983,-0.926978635,0.087988250,-0.079897525,0.016323745
7.207000,0.153426726,0.030943879,-0.817317869,0.073685767,-0.080429508,0.021746858
7.208000,0.143893212,0.126505784,-0.800519215,0.059718609,-0.081225698,0.025790285
7.209000,0.134894990,0.250845824,-0.845213624,0.053608220,-0.083093978,0.026751022
7.210000,0.117858015,0.369610919,-1.088735424,0.053972293,-0.083242431,0.028592059
7.211000,0.122986205,0.424738877,-1.262110976,0.063330963,-0.085010503,0.031030498
7.212000,0.084517122,0.374517803,-1.189471273,0.073031146,-0.090974753,0.032483944
7.213000,0.066169584,0.250953776,-1.076271614,0.076175334,-0.094147521,0.032805932
7.214000,0.029922530,0.077922326,-0.849723873,0.064726842,-0.098159482,0.032755500
7.215000,0.036843777,0.015789113,-0.745254463,0.046940947,-0.100826820,0.036194599
7.216000,0.019592656,0.120622294,-0.928819805,0.028058116,-0.097572456,0.036390508
7.217000,0.012485883,0.188999684,-1.218251540,0.024719917,-0.095150282,0.033038315
7.218000,0.002834432,0.082796019,-1.359277246,0.031359505,-0.095991948,0.030460541
7.219000,-0.026375163,-0.069913359,-1.356802341,0.042506154,-0.101094052,0.028852829
7.220000,-0.047070960,-0.152842150,-1.177645986,0.053604460,-0.107943096,0.026926944
7.221000,-0.002662746,-0.229396381,-0.995836776,0.043502194,-0.113567595,0.034394537
7.222000,0.036364463,-0.047530726,-1.057620429,0.024903273,-0.111151589,0.038694884
7.223000,0.049266095,0.196382746,-1.093933332,0.008639930,-0.107031611,0.038926434
7.224000,0.000319455,0.173694431,-1.152395888,0.004607577,-0.103767487,0.037444645
7.225000,-0.081684346,0.065796709,-1.279029716,0.020767245,-0.110072423,0.035041367
7.226000,-0.129628090,-0.038868293,-1.365502692,0.045115423,-0.118103892,0.034119193
7.227000,-0.077946820,-0.061214936,-1.313686757,0.055421794,-0.122228142,0.039552213
7.228000,-0.052344235,0.060744920,-1.207979928,0.044630112,-0.119399155,0.042511101
7.229000,-0.036555765,0.228233264,-1.116289917,0.020823508,-0.117936415,0.044545680
7.230000,-0.069010036,0.327763824,-1.138605874,-0.000001542,-0.117388592,0.044186593
7.231000,-0.112982330,0.247865165,-1.310934652,-0.000637839,-0.119494042,0.040429202
7.232000,-0.141786555,0.015489181,-1.300474157,0.013114494,-0.123767931,0.039609990
7.233000,-0.083880118,-0.053863763,-1.229454815,0.013138178,-0.125334516,0.042053733
7.234000,-0.082869847,0.124564903,-1.270877954,0.013184617,-0.122369930,0.042736373
7.235000,-0.010231384,0.223965053,-1.235852663,0.009177740,-0.124138154,0.043451249
7.236000,0.056850315,0.211715000,-1.206217891,-0.016987381,-0.124880792,0.046689954
7.237000,0.080177008,0.179578991,-1.348525354,-0.024572471,-0.120834452,0.045837848
7.238000,0.050335328,-0.002455230,-1.364910226,-0.010500216,-0.122900960,0.042000225
7.239000,0.039209974,-0.241447158,-1.337116658,0.006772192,-0.125813127,0.041442416
7.240000,0.059188301,-0.267843067,-1.431132520,0.019903029,-0.123808596,0.044547721
7.241000,0.138849057,-0.075626907,-1.509926833,0.022207164,-0.119875933,0.045853943
7.242000,0.219349313,0.115637735,-1.371301232,0.006322960,-0.121588438,0.046192795
7.243000,0.244196159,0.157030682,-1.355080641,-0.006959494,-0.121607992,0.045014578
7.244000,0.177854782,0.105386486,-1.402443985,-0.000915799,-0.119842015,0.040235270
7.245000,0.106168701,-0.166494004,-1.345571518,0.025142805,-0.120903688,0.034786751
7.246000,0.102667023,-0.492497704,-1.361362999,0.041497802,-0.128469742,0.033787635
7.247000,0.211495410,-0.444482028,-1.433238509,0.038032094,-0.129821785,0.035007872
7.248000,0.332521948,-0.099302807,-1.268905493,0.018644194,-0.124912946,0.033720617
7.249000,0.357020676,0.184097402,-1.142250478,-0.004246089,-0.119051489,0.031492137
7.250000,0.249839197,0.175040720,-1.286111068,-0.005354947,-0.116632922,0.029311523
7.251000,0.087036987,-0.067407881,-1.502668140,0.021518372,-0.122780591,0.025468109
7.252000,0.017596431,-0.385395595,-1.567318702,0.044838742,-0.133778998,0.025099339
7.253000,0.053233663,-0.539555175,-1.527031744,0.047004100,-0.139594802,0.028149618
7.254000,0.191884675,-0.297880086,-1.364976279,0.031075575,-0.136904937,0.028783598
7.255000,0.293707072,0.078689739,-0.993201836,-0.009997086,-0.128456034,0.024956121
7.256000,0.193793530,0.267141984,-0.978863852,-0.031587521,-0.122071681,0.019235321
7.257000,0.018517044,0.163719792,-1.371834788,-0.012207340,-0.123519134,0.013164606
7.258000,-0.159300032,-0.128635276,-1.786237556,0.037093990,-0.133930175,0.009291346
7.259000,-0.203378977,-0.404651302,-1.917968467,0.069322196,-0.142934765,0.010866229
7.260000,-0.112540687,-0.406450857,-1.842501112,0.066521899,-0.143344612,0.012156494
7.261000,0.076382668,-0.084475082,-1.399319215,0.032201338,-0.139237428,0.009695353
7.262000,0.134234106,0.182534613,-1.090884747,-0.015521200,-0.135839734,0.003744800
7.263000,0.011305937,0.229089084,-1.121932695,-0.028924508,-0.132629210,-0.001819870
7.264000,-0.159366520,0.110760010,-1.424102458,-0.001951339,-0.131157604,-0.006642257
7.265000,-0.283287096,-0.184780717,-1.649799165,0.038911725,-0.136737607,-0.007971544
7.266000,-0.253558931,-0.428130900,-1.862780032,0.062130719,-0.141892846,-0.004264924
7.267000,-0.132270015,-0.291630474,-1.885560667,0.058287102,-0.143598090,-0.002723602
7.268000,0.020881935,-0.048722602,-1.556036050,0.027170282,-0.142112919,-0.004595452
7.269000,0.048240148,0.051938938,-1.215740936,-0.010465429,-0.137825814,-0.010722401
7.270000,-0.090123724,0.024044639,-1.238736334,-0.018621562,-0.138290905,-0.018554619
7.271000,-0.216559426,-0.108968946,-1.582978308,0.007223046,-0.144151744,-0.023590883
7.272000,-0.258953179,-0.236698525,-1.939025184,0.042927161,-0.148240271,-0.023895265
7.273000,-0.176329881,-0.228835045,-2.026666553,0.062258592,-0.149564243,-0.020401733
7.274000,-0.000336584,-0.062034478,-1.924312129,0.052242938,-0.143610752,-0.016803675
7.275000,0.109573308,0.121066765,-1.668964300,0.020297211,-0.138602932,-0.016623091
7.276000,0.094870536,0.159192834,-1.497729818,-0.007898286,-0.139901843,-0.020162887
7.277000,-0.034155231,0.099711647,-1.621292660,-0.008657464,-0.146403844,-0.025268992
7.278000,-0.133853586,0.008575004,-1.909107195,0.014067932,-0.154059293,-0.027372234
7.279000,-0.113440441,-0.079745024,-2.088120652,0.039452287,-0.155082130,-0.026107347
7.280000,0.008817200,-0.048390886,-2.082393251,0.046112236,-0.152302032,-0.022812331
7.281000,0.146252121,0.099555352,-1.959969055,0.031522232,-0.147116443,-0.019848302
7.282000,0.217172827,0.195595572,-1.809598204,0.012674714,-0.145517804,-0.020579252
7.283000,0.213021052,0.218890659,-1.682133959,-0.008542542,-0.147831354,-0.023261967
7.284000,0.119580896,0.228053809,-1.767348297,-0.014323797,-0.152959202,-0.026256168
7.285000,0.026404515,0.153848549,-2.072586660,0.005733791,-0.159301551,-0.028314778
7.286000,0.050021537,0.017718403,-2.228929524,0.027013179,-0.161091191,-0.027200420
7.287000,0.152180150,-0.024517546,-2.256158030,0.039327333,-0.159573785,-0.026124838
7.288000,0.251345091,-0.001637969,-2.094276685,0.034439350,-0.159131417,-0.026669883
7.289000,0.300778750,0.014585594,-1.929486727,0.013778968,-0.161174764,-0.026309690
7.290000,0.271545378,0.074785408,-1.920276707,-0.007202075,-0.166699574,-0.025341927
7.291000,0.186477842,0.133891119,-2.037612655,-0.011868297,-0.172394811,-0.025488051
7.292000,0.128964812,0.120652565,-2.153554870,-0.004985239,-0.177477661,-0.024333994
7.293000,0.139486298,0.078748897,-2.324218259,0.009103839,-0.177778095,-0.021224476
7.294000,0.183832955,0.071171780,-2.347429428,0.015123561,-0.177844580,-0.017803865
7.295000,0.238201511,0.067263797,-2.258531795,0.007771065,-0.178248174,-0.014850458
7.296000,0.252086894,0.123352139,-2.194009989,-0.010632360,-0.181803282,-0.013404622
7.297000,0.160327275,0.188375023,-2.173539201,-0.023679371,-0.188472935,-0.014669918
7.298000,0.084997073,0.187285575,-2.206016759,-0.024170260,-0.194470266,-0.015462374
7.299000,0.018952832,0.176091543,-2.344235044,-0.014421350,-0.198944486,-0.015597652
7.300000,0.032302019,0.147187116,-2.500603809,0.002930621,-0.200998880,-0.013769560
7.301000,0.067781267,0.084407521,-2.564105347,0.011548958,-0.202517279,-0.010956980
7.302000,0.109115164,0.058531110,-2.505853114,0.006672816,-0.206822643,-0.008638506
7.303000,0.108929102,0.054462778,-2.384005395,-0.006725418,-0.213024961,-0.007566219
7.304000,0.068788153,0.129463596,-2.329678671,-0.023523901,-0.216250160,-0.007103346
7.305000,0.004586461,0.189255562,-2.373690882,-0.032781522,-0.219967821,-0.009166466
7.306000,-0.019943093,0.105851584,-2.511121367,-0.030318567,-0.223212556,-0.010092294
7.307000,-0.027226506,-0.018359164,-2.657083170,-0.019712987,-0.225802934,-0.009914171
7.308000,0.022341571,-0.099119984,-2.706161633,-0.009522177,-0.229858389,-0.008629590
7.309000,0.072429641,-0.101734061,-2.644470567,-0.010858378,-0.234303357,-0.006396669
7.310000,0.124987528,0.000671386,-2.518876306,-0.020435580,-0.237692663,-0.004486989
7.311000,0.118101718,0.062320290,-2.388990293,-0.029314032,-0.242365382,-0.005350760
7.312000,0.086781447,0.042361951,-2.382607163,-0.030492179,-0.247987338,-0.005035123
7.313000,0.055872181,0.004567396,-2.530543735,-0.023995739,-0.252640002,-0.003516516
7.314000,0.038811210,0.011041704,-2.768576206,-0.010220790,-0.256057828,0.000242584
7.315000,0.066177623,0.008143834,-2.889007583,0.001269068,-0.258164496,0.002340725
7.316000,0.135639596,0.011727530,-2.805350568,-0.000708407,-0.259058155,0.005213437
7.317000,0.185176922,0.071859957,-2.649951943,-0.011173847,-0.260381055,0.005932226
7.318000,0.161981523,0.090970839,-2.542966060,-0.020878677,-0.265064107,0.004073030
7.319000,0.129221627,0.050745889,-2.600361118,-0.025558737,-0.271820840,0.003232608
7.320000,0.101058085,0.026472283,-2.731818861,-0.022315278,-0.276809509,0.003664114
7.321000,0.124149103,-0.014960584,-2.809492696,-0.014473507,-0.280597570,0.003188351
7.322000,0.193266848,-0.026540450,-2.830171405,-0.010400860,-0.283848905,0.004318463
7.323000,0.249309911,-0.012006422,-2.772545527,-0.011205641,-0.286661515,0.006889967
7.324000,0.271845975,-0.002760979,-2.626710138,-0.016422462,-0.294018030,0.007248618
7.325000,0.255760611,-0.027348488,-2.545120255,-0.021393238,-0.301569979,0.007962379
7.326000,0.258608490,-0.086605905,-2.558242223,-0.021197206,-0.306998516,0.007981524
7.327000,0.257822128,-0.139341046,-2.566288234,-0.017115274,-0.312163111,0.006725219
7.328000,0.280785190,-0.150970785,-2.670876706,-0.014601006,-0.313458206,0.008956067
7.329000,0.299634516,-0.101900919,-2.783797304,-0.012726054,-0.313107597,0.010024457
7.330000,0.319946199,-0.080620303,-2.794950451,-0.013256448,-0.314730295,0.011866254
7.331000,0.303598794,-0.099730033,-2.721989448,-0.018428943,-0.320086375,0.014321395
7.332000,0.285251296,-0.033919963,-2.786048336,-0.018844240,-0.323765674,0.014949791
7.333000,0.262630190,-0.066347667,-2.756170960,-0.016146394,-0.328808934,0.014644687
7.334000,0.260398041,-0.148317420,-2.769492303,-0.013326259,-0.332771916,0.015912091
7.335000,0.268003665,-0.102462137,-2.837029662,-0.012842769,-0.335125577,0.017161787
7.336000,0.290419218,-0.045579617,-2.824052638,-0.007788960,-0.337654941,0.016690801
7.337000,0.300863086,-0.062027311,-2.745415610,-0.004796186,-0.343421994,0.016419376
7.338000,0.313101817,-0.078610204,-2.760708756,-0.001947168,-0.347890029,0.018259627
7.339000,0.263849685,-0.088515200,-2.792850304,0.001605085,-0.353299451,0.017477054
7.340000,0.263222748,-0.129546017,-2.758072560,0.001096251,-0.358836729,0.016979450
7.341000,0.236960736,-0.143576876,-2.745557221,-0.005190312,-0.360836612,0.016179594
7.342000,0.204610454,-0.100344861,-2.773781025,-0.007086336,-0.361413855,0.013976403
7.343000,0.221846340,-0.062020752,-2.830767627,-0.007174712,-0.362574613,0.012882945
7.344000,0.246212196,-0.073980924,-2.924109489,-0.008498772,-0.363355201,0.012201471
7.345000,0.238684551,-0.072645848,-3.018480289,-0.010736491,-0.364107979,0.012590638
7.346000,0.223709757,-0.094405945,-3.064452176,-0.009828633,-0.367374431,0.009989559
7.347000,0.237463308,-0.144674579,-2.998908110,-0.013206638,-0.371034663,0.007538137
7.348000,0.269120977,-0.102361114,-2.976773245,-0.016652953,-0.372574046,0.009395413
7.349000,0.293945580,0.002193769,-3.048252066,-0.016514205,-0.372760802,0.010342113
7.350000,0.278142815,0.027057134,-3.039813740,-0.010588839,-0.376277794,0.009349417
7.351000,0.275274245,-0.012069583,-3.068694348,-0.001700174,-0.378970225,0.009674550
7.352000,0.263148978,-0.031514732,-3.115812496,0.009417611,-0.381687830,0.010620296
7.353000,0.270609826,-0.049221024,-3.089495061,0.015873933,-0.382654888,0.009689231
7.354000,0.319125417,-0.012942314,-3.084280302,0.010585778,-0.383262565,0.011048228
7.355000,0.348738867,0.072508397,-3.123322932,0.004237616,-0.380589356,0.009034304
7.356000,0.364209901,0.069212209,-3.036024240,0.000577576,-0.381476653,0.004599453
7.357000,0.343306262,0.002455146,-3.093902208,0.000020774,-0.380242581,0.001752828
7.358000,0.337746759,-0.025990279,-3.323443578,0.007955018,-0.379332904,0.000796200
7.359000,0.333364029,-0.091810923,-3.458253886,0.015203741,-0.380545638,-0.000192352
7.360000,0.381764016,-0.122282331,-3.439743044,0.012399512,-0.381411349,-0.000785370
7.361000,0.426858671,-0.071849355,-3.377137829,0.001836019,-0.383188072,-0.001883546
7.362000,0.445711573,0.000279513,-3.329190398,-0.003868879,-0.385203681,-0.003018000
7.363000,0.441561553,0.079908679,-3.309585788,-0.007887483,-0.385278023,-0.004789760
7.364000,0.427969432,0.103939110,-3.387915829,-0.004202409,-0.386319666,-0.008242542
7.365000,0.429606070,0.082495090,-3.507128232,0.005250378,-0.388077791,-0.009590982
7.366000,0.481928535,0.096140992,-3.469045827,0.013358330,-0.389536413,-0.007144759
7.367000,0.479861266,0.131872271,-3.411478774,0.017123297,-0.391121897,-0.007148002
7.368000,0.478351230,0.133358500,-3.360917712,0.014698661,-0.392783956,-0.006294518
7.369000,0.481109897,0.173705704,-3.317989525,0.008602717,-0.393034032,-0.005501135
7.370000,0.453168605,0.227845339,-3.362094959,0.008308546,-0.392059202,-0.007324083
7.371000,0.424726061,0.208229871,-3.397780901,0.008347868,-0.392041760,-0.009076670
7.372000,0.417182628,0.161275529,-3.493566866,0.013290019,-0.390589127,-0.010175294
7.373000,0.408447145,0.139273201,-3.615255183,0.016859681,-0.389103464,-0.011344791
7.374000,0.433235709,0.123944511,-3.704517479,0.016170629,-0.387136757,-0.013178299
7.375000,0.465699967,0.112316944,-3.607684138,0.010043960,-0.387660109,-0.016830648
7.376000,0.484393591,0.130218935,-3.551931757,0.004330263,-0.389648205,-0.020183137
7.377000,0.490366237,0.121465446,-3.534623496,0.003628336,-0.392696427,-0.022452913
7.378000,0.458040313,0.116475420,-3.479088975,0.014638481,-0.397627539,-0.023426326
7.379000,0.413860089,0.029167395,-3.602129298,0.028557945,-0.399145980,-0.024941447
7.380000,0.444030966,-0.081938377,-3.576859093,0.035652730,-0.402159065,-0.023458288
7.381000,0.514828543,-0.055211881,-3.512158349,0.037776808,-0.402893006,-0.021742754
7.382000,0.540913808,0.064234936,-3.407591071,0.030460223,-0.402265594,-0.021793058
7.383000,0.534721969,0.103675357,-3.391571054,0.018612100,-0.400558112,-0.023999763
7.384000,0.493677836,0.148239052,-3.414639779,0.017527084,-0.401945751,-0.025291893
7.385000,0.458122446,0.090568185,-3.515795378,0.024306655,-0.402217538,-0.026009279
7.386000,0.441778929,-0.037070842,-3.650710862,0.027701348,-0.403254551,-0.026479342
7.387000,0.441181932,-0.056877057,-3.699750545,0.026477064,-0.406914099,-0.023832217
7.388000,0.433449595,0.050189257,-3.707861970,0.023551630,-0.407039204,-0.022773688
7.389000,0.478523571,0.118492574,-3.593160672,0.012971540,-0.408019037,-0.024267284
7.390000,0.519577875,0.218530635,-3.480383983,0.006627492,-0.406736866,-0.025539688
7.391000,0.527618711,0.270174928,-3.452148730,0.013223908,-0.408832921,-0.029390903
7.392000,0.503300907,0.155625509,-3.532587198,0.026915589,-0.414555980,-0.029797775
7.393000,0.462030208,0.038840284,-3.574951318,0.041841185,-0.420660953,-0.029901202
7.394000,0.527259636,-0.000249602,-3.515837895,0.048950915,-0.426161679,-0.026857429
7.395000,0.598127066,-0.000266889,-3.333592237,0.042354511,-0.427883740,-0.022156713
7.396000,0.618736302,0.081468323,-3.268033908,0.031168597,-0.427425463,-0.020576006
7.397000,0.548048727,0.084325987,-3.252073725,0.022406960,-0.427808228,-0.020688948
7.398000,0.524937106,0.007931716,-3.404646884,0.016560159,-0.427548948,-0.018679180
7.399000,0.517907347,-0.014845228,-3.593682670,0.020655794,-0.428614502,-0.018266366
7.400000,0.519263630,-0.034237087,-3.703708886,0.028404911,-0.429116771,-0.019722010
7.401000,0.555637206,-0.036897162,-3.632247048,0.023669931,-0.432040887,-0.019117725
7.402000,0.595160448,0.047126156,-3.641302895,0.019169228,-0.429444575,-0.018592452
7.403000,0.623223339,0.078811780,-3.589187588,0.016640850,-0.428902781,-0.019756515
7.404000,0.647972847,-0.021586534,-3.576137608,0.016128938,-0.430409787,-0.021677874
7.405000,0.621870900,-0.067609410,-3.679023860,0.021618914,-0.434436633,-0.020342578
7.406000,0.615300006,-0.093666280,-3.632407619,0.038058154,-0.441734570,-0.019337359
7.407000,0.631699329,-0.057934581,-3.554555544,0.049141975,-0.447069039,-0.016420954
7.408000,0.648294539,-0.063114715,-3.525484692,0.049489444,-0.446193117,-0.012171189
7.409000,0.678384576,-0.059884848,-3.462679377,0.034478333,-0.445628994,-0.008038109
7.410000,0.671509480,0.018996142,-3.442978870,0.017371925,-0.450310749,-0.005695160
7.411000,0.637742011,0.147499084,-3.446366050,0.008680205,-0.455949689,-0.007720999
7.412000,0.598114935,0.134799740,-3.443953436,0.011572571,-0.457681512,-0.010893552
7.413000,0.587291517,0.019382150,-3.667861371,0.024349290,-0.455973565,-0.012961575
7.414000,0.573349455,-0.065969946,-3.853420666,0.037618780,-0.453862579,-0.013481796
7.415000,0.668194086,-0.165949140,-3.902067108,0.041462803,-0.453388813,-0.011785956
7.416000,0.692337069,-0.177453162,-3.818407630,0.036512838,-0.455962486,-0.009170042
7.417000,0.715373056,-0.120926840,-3.669866558,0.026499473,-0.460000660,-0.008135864
7.418000,0.727418419,-0.107396034,-3.497997186,0.014209240,-0.464651303,-0.007251763
7.419000,0.717129824,-0.024705774,-3.547889854,0.012181994,-0.464211464,-0.004517433
7.420000,0.681097872,0.034313650,-3.702079789,0.027033466,-0.463398246,-0.002823504
7.421000,0.660410796,-0.009186219,-3.755800663,0.033755160,-0.470741791,-0.001175933
7.422000,0.647705637,-0.058609817,-3.830888402,0.032423446,-0.473454518,0.003255438
7.423000,0.663785716,-0.032302671,-3.738935562,0.029829489,-0.477529731,0.002811978
7.424000,0.684560230,-0.009738060,-3.486453291,0.024570555,-0.481052776,0.002996978
7.425000,0.648776563,-0.034358100,-3.587252949,0.016743549,-0.481130000,0.004564249
7.426000,0.641651513,0.026291354,-3.798019154,0.025134590,-0.481539236,0.005251498
7.427000,0.593783486,-0.014753862,-3.846619518,0.033228734,-0.487941335,0.005150274
7.428000,0.602010337,-0.126076285,-3.922602558,0.037456907,-0.487989494,0.008618854
7.429000,0.621401183,-0.165575334,-3.856287934,0.033651210,-0.488478601,0.010819693
7.430000,0.668378741,-0.062645878,-3.743266167,0.020930586,-0.487828446,0.013574976
7.431000,0.645205233,0.129297070,-3.699029417,0.003400231,-0.486561398,0.013863258
7.432000,0.645108052,0.210561348,-3.765890508,-0.000898324,-0.488379718,0.011676042
7.433000,0.588858876,0.090600235,-3.823964853,0.008091897,-0.492952266,0.008444940
7.434000,0.573423330,-0.056462667,-3.871750461,0.022956830,-0.497309570,0.010482414
7.435000,0.598143563,-0.091376007,-3.930248416,0.033199808,-0.499729408,0.012493255
7.436000,0.641212198,-0.034088471,-3.799586918,0.035794726,-0.500660562,0.015267765
7.437000,0.635347462,-0.005970593,-3.706328078,0.026660310,-0.503097378,0.016309627
7.438000,0.658970414,0.071022347,-3.664972773,0.017812759,-0.503837058,0.018671363
7.439000,0.613293940,0.053763852,-3.779420753,0.013732496,-0.503719980,0.016504087
7.440000,0.581897010,0.075004501,-3.883277909,0.019811314,-0.504213078,0.013963775
7.441000,0.580781603,-0.028984817,-3.907270642,0.024283631,-0.506774877,0.013730917
7.442000,0.591050684,-0.024234268,-3.976680728,0.028498817,-0.505370817,0.012725737
7.443000,0.611852043,0.029329333,-3.807235889,0.025949643,-0.507422600,0.010725352
7.444000,0.671448895,0.038172477,-3.805488510,0.015485994,-0.506696437,0.012507000
7.445000,0.666125258,-0.008981580,-3.794531370,0.008453393,-0.505587867,0.011706919
7.446000,0.679674617,-0.033351948,-3.807268255,0.007923019,-0.509039829,0.009539623
7.447000,0.639604989,-0.070471646,-3.784560155,0.007453469,-0.513059235,0.008714743
7.448000,0.638004784,-0.018331441,-3.924464387,0.008823776,-0.510425004,0.011991680
7.449000,0.673422246,0.139810402,-3.981598933,0.013610231,-0.509376515,0.015987237
7.450000,0.691189620,0.218193861,-4.023625314,0.017059628,-0.507055847,0.016481090
7.451000,0.643197830,0.066403903,-3.894605329,0.015740380,-0.511786742,0.015430337
7.452000,0.613158466,-0.015302598,-3.812615729,0.016163854,-0.516535387,0.014898818
7.453000,0.634082854,0.033436829,-3.819922817,0.013835604,-0.517936108,0.012933519
7.454000,0.689674633,0.027144668,-3.820857813,0.005221794,-0.517347257,0.013908122
7.455000,0.738217966,0.153885288,-3.841325088,-0.005611227,-0.515672550,0.014851864
7.456000,0.770283809,0.279008720,-3.809542994,-0.003282433,-0.514683345,0.014185766
7.457000,0.706332634,0.189444965,-3.681617118,0.002007958,-0.517836116,0.014388570
7.458000,0.641438180,0.125768835,-3.845950444,0.014195280,-0.516975388,0.016941839
7.459000,0.611863341,0.056735262,-4.031447127,0.022483351,-0.519023174,0.015951894
7.460000,0.617364426,0.006521396,-3.950098380,0.023009292,-0.519149618,0.015080615
7.461000,0.653669311,0.007775159,-3.788078578,0.013713746,-0.518830134,0.011318386
7.462000,0.636557971,0.040753451,-3.734076537,0.010505760,-0.515925406,0.005092680
7.463000,0.660988771,-0.087111454,-3.610799029,0.009762550,-0.516394786,0.000131067
7.464000,0.705138560,-0.156679631,-3.850891905,0.005298511,-0.511650828,0.001870583
7.465000,0.696421737,0.064743417,-3.923834178,0.005557222,-0.514161185,0.000755898
7.466000,0.657883266,0.150222128,-3.836621482,0.011090202,-0.514436960,-0.000426060
7.467000,0.618334136,0.076612224,-3.610399098,0.014591897,-0.517926762,0.000294754
7.468000,0.551629814,0.068770831,-3.723326048,0.020451156,-0.516712818,-0.000592841
7.469000,0.526948321,0.037724017,-3.796168768,0.029444059,-0.519074278,-0.003207947
7.470000,0.500908951,-0.195616449,-3.740833895,0.033091618,-0.519623865,-0.004421207
7.471000,0.550033051,-0.226634143,-3.661815575,0.021949120,-0.518863626,-0.004167963
7.472000,0.564859278,-0.051492690,-3.658472372,0.015201020,-0.513518616,-0.001916528
7.473000,0.612424683,0.040791432,-3.546222662,0.009562264,-0.511193044,0.003029242
7.474000,0.599555573,0.072327075,-3.640581919,-0.000303848,-0.507885604,0.009727127
7.475000,0.542725792,0.153480296,-3.704177494,-0.000406769,-0.508208966,0.013075822
7.476000,0.454321607,0.202189138,-3.670426058,0.006990035,-0.509332930,0.012705934
7.477000,0.419150481,0.067890345,-3.653381213,0.011496207,-0.506185759,0.010704166
7.478000,0.416203195,0.026852862,-3.762997234,0.011111216,-0.502179912,0.007157758
7.479000,0.460653027,0.017303463,-3.735454520,0.013589693,-0.499757226,-0.000560811
7.480000,0.501990305,-0.085609565,-3.501997720,0.007846578,-0.501206796,-0.005719167
7.481000,0.495092977,-0.043356594,-3.491917149,0.009478742,-0.496540948,-0.006881726
7.482000,0.506035275,0.070483017,-3.548841237,0.017747351,-0.494702821,-0.006292008
7.483000,0.551895340,0.000830274,-3.667629551,0.023664526,-0.486922836,-0.002304683
7.484000,0.613453604,-0.063055873,-3.716466315,0.023863964,-0.480024504,0.003923109
7.485000,0.651427629,-0.086577270,-3.635942021,0.029374171,-0.475187041,0.003403564
7.486000,0.659971714,-0.248335251,-3.338473266,0.024167845,-0.474915205,0.001487742
7.487000,0.705172009,-0.295950630,-3.253549660,0.017321598,-0.472896580,0.002204942
7.488000,0.720019744,-0.236301864,-3.373540311,0.014284744,-0.468381645,0.002350859
7.489000,0.679049146,-0.227656478,-3.432973814,0.009976111,-0.470369976,0.001872393
7.490000,0.686262528,-0.260687641,-3.399038638,0.011485460,-0.470380228,0.004479598
7.491000,0.682640619,-0.229737969,-3.409751695,0.013192139,-0.466699437,0.008464238
7.492000,0.650224899,-0.057809556,-3.466643077,0.021242315,-0.459604724,0.013581411
7.493000,0.670490544,-0.021138153,-3.550333737,0.024073191,-0.451792440,0.019329991
7.494000,0.694317523,-0.070662230,-3.547738819,0.015611500,-0.446415656,0.025796477
7.495000,0.649773882,-0.028129431,-3.540791294,0.008208422,-0.442848058,0.023879042
7.496000,0.649069806,-0.046696195,-3.304079619,0.008861465,-0.441589135,0.022539959
7.497000,0.632272143,-0.067178138,-3.200800095,0.001128871,-0.438392781,0.023926936
7.498000,0.628543253,0.119329751,-3.303017832,0.000503482,-0.432928808,0.026058740
7.499000,0.618351425,0.231053438,-3.318405674,-0.000355003,-0.429512539,0.026212669
7.500000,0.613210061,0.182380044,-3.269096489,0.003344958,-0.426789149,0.027109789
7.501000,0.571870907,0.146759768,-3.380636379,0.009992101,-0.422069198,0.026443357
7.502000,0.525297963,0.047092257,-3.311208013,0.021262686,-0.419349132,0.026034272
7.503000,0.553314979,-0.095286576,-3.351501747,0.013447657,-0.416593315,0.029015087
7.504000,0.594545285,-0.065088088,-3.371795407,0.002919946,-0.409183381,0.030042811
7.505000,0.602846258,-0.040390296,-3.246035088,-0.002745136,-0.406439275,0.024802272
7.506000,0.589427881,-0.173104550,-3.056071190,-0.008424521,-0.402090100,0.023802857
7.507000,0.641636905,-0.121165595,-3.159950528,-0.009282041,-0.395331186,0.022664304
7.508000,0.639240593,-0.020423664,-3.281642052,-0.002416607,-0.387786329,0.020098289
7.509000,0.607370935,-0.143463641,-3.272768301,0.001576114,-0.385295884,0.017725589
7.510000,0.650822963,-0.168357140,-3.300564513,0.003693813,-0.382162462,0.017690541
7.511000,0.677182305,-0.127255421,-3.166754900,0.007461904,-0.379531253,0.015340640
7.512000,0.618637018,-0.140546761,-3.097311279,0.009822020,-0.374118857,0.011042491
7.513000,0.632360538,-0.214257856,-3.077338991,-0.001634117,-0.370951241,0.009484964
7.514000,0.708879453,-0.073890062,-3.181267361,-0.008578486,-0.365370579,0.013981365
7.515000,0.657942267,0.071516542,-3.113965676,-0.011435147,-0.364153193,0.012936006
7.516000,0.642080445,0.172136961,-3.032284680,-0.018117758,-0.361243960,0.013101452
7.517000,0.625610253,0.215689018,-3.078029380,-0.021026871,-0.356634764,0.012372708
7.518000,0.570618312,0.203517972,-3.021907857,-0.015058724,-0.354572181,0.007757953
7.519000,0.544140136,0.044043104,-2.921360318,-0.017788775,-0.354575882,0.003817207
7.520000,0.591747864,0.022344914,-2.877340905,-0.024324817,-0.352263084,0.004308775
7.521000,0.618900634,0.063156924,-2.872975581,-0.029935909,-0.346242057,0.001501682
7.522000,0.662757831,0.149890718,-2.782032394,-0.034398578,-0.341499882,0.002912758
7.523000,0.707227394,0.229939875,-2.841060678,-0.040763399,-0.335658062,0.002063561
7.524000,0.657109358,0.290473959,-2.993953243,-0.031465743,-0.330766045,0.003902043
7.525000,0.567583442,0.213325137,-2.925967782,-0.010615295,-0.331633975,0.000077098
7.526000,0.548479622,0.006631148,-2.879216587,0.001220678,-0.328040155,0.002093636
7.527000,0.572150688,-0.052567038,-2.886675246,0.005367778,-0.322646290,0.000125138
7.528000,0.607732508,-0.082153087,-2.894872475,-0.000768059,-0.316529595,-0.002606703
7.529000,0.687704145,-0.097199596,-2.701019686,-0.021782236,-0.311738201,-0.005934462
7.530000,0.724011132,-0.034695456,-2.729097753,-0.036721525,-0.305785037,-0.009126849
7.531000,0.718559166,0.075858805,-2.664576201,-0.036604297,-0.305169520,-0.011150949
7.532000,0.637269347,0.051352404,-2.690645273,-0.029795348,-0.307056306,-0.010051024
7.533000,0.608040417,0.089775765,-2.806080356,-0.023032567,-0.308712803,-0.008080627
7.534000,0.528217580,0.077015177,-2.816498876,-0.010685090,-0.307602320,-0.008199950
7.535000,0.532875179,0.040153451,-2.652489871,-0.012037924,-0.306475994,-0.008224951
7.536000,0.547350097,0.049835523,-2.598923348,-0.019007962,-0.299031309,-0.012024898
7.537000,0.585563986,0.085746596,-2.544546177,-0.024469296,-0.296428062,-0.016450318
7.538000,0.602724313,0.071814991,-2.441190855,-0.028293565,-0.294169671,-0.017312435
7.539000,0.608024186,0.095724901,-2.569115910,-0.032492210,-0.293860720,-0.017728999
7.540000,0.587491293,0.229818777,-2.594709262,-0.026474862,-0.292857669,-0.015699877
7.541000,0.547212929,0.335413174,-2.475414543,-0.023630090,-0.291665853,-0.014532538
7.542000,0.531979581,0.355708471,-2.529488180,-0.021032874,-0.287067299,-0.011772722
7.543000,0.501732614,0.269855910,-2.515614539,-0.012954583,-0.283527857,-0.014852562
7.544000,0.457755497,0.020487755,-2.404254779,-0.010625929,-0.284561011,-0.016329490
7.545000,0.449407801,-0.013131028,-2.541493028,-0.012520383,-0.279929271,-0.018713855
7.546000,0.514856349,0.083690135,-2.576900664,-0.012000467,-0.274412737,-0.021171092
7.547000,0.551415289,0.162889332,-2.416131442,-0.019277915,-0.273081803,-0.023426025
7.548000,0.542884760,0.130741384,-2.376682646,-0.022497173,-0.270263365,-0.023058494
7.549000,0.547172284,0.117561388,-2.394576263,-0.019092532,-0.268994623,-0.023288713
7.550000,0.518398143,0.057905365,-2.385870611,-0.009529900,-0.267917238,-0.023250011
7.551000,0.519363701,-0.009840064,-2.435580809,-0.010027900,-0.267466025,-0.022130081
7.552000,0.538630414,-0.094454695,-2.329097896,-0.007670658,-0.266273575,-0.023100425
7.553000,0.572577591,-0.078164461,-2.243083369,-0.007110270,-0.265788370,-0.028218806
7.554000,0.530245891,-0.081374845,-2.132003174,-0.003522368,-0.263791447,-0.030754065
7.555000,0.515644303,-0.092429063,-2.094271013,-0.000298161,-0.261965685,-0.031775910
7.556000,0.482427730,-0.017242723,-2.309423999,0.002102089,-0.258710928,-0.028026104
7.557000,0.505070942,0.021766314,-2.341679997,-0.003341487,-0.256375879,-0.023873851
7.558000,0.496344637,0.130935559,-2.196738799,-0.007882148,-0.256141089,-0.021334997
7.559000,0.465862528,0.158054200,-2.059688700,-0.009431860,-0.254977069,-0.020971643
7.560000,0.455622766,0.079807284,-1.994583634,-0.007935086,-0.253458160,-0.021006037
7.561000,0.392921655,0.006921298,-1.982572674,-0.012743441,-0.252269614,-0.022711437
7.562000,0.364140689,0.003464903,-2.003820792,-0.016278536,-0.252399283,-0.023658168
7.563000,0.356990988,0.058074805,-2.068947548,-0.017444323,-0.250517431,-0.025222266
7.564000,0.378920272,0.088643805,-1.939236633,-0.023204953,-0.251807569,-0.025610135
7.565000,0.381212655,0.182079504,-1.919332289,-0.019619894,-0.250151373,-0.025454112
7.566000,0.372611429,0.150442205,-2.018498623,-0.005890337,-0.247237880,-0.023440994
7.567000,0.334537170,0.020626155,-2.080011868,0.004245877,-0.244596233,-0.021120801
7.568000,0.335489103,-0.085752024,-2.060705760,0.008694715,-0.243614930,-0.016435534
7.569000,0.375302163,-0.055625457,-1.872642857,0.014914623,-0.240813563,-0.017985961
7.570000,0.386013737,-0.096224198,-1.732253514,0.010764213,-0.239392961,-0.019416246
7.571000,0.394247532,-0.141938482,-1.719266324,0.001479181,-0.235062076,-0.019275723
7.572000,0.379495776,-0.037346871,-1.847728021,-0.005789261,-0.231498885,-0.020697478
7.573000,0.346703548,-0.053916668,-1.737875160,-0.008049199,-0.235345584,-0.022392844
7.574000,0.352221733,-0.111352125,-1.688325977,-0.011378026,-0.235015204,-0.018656846
7.575000,0.319250353,0.029342815,-1.794807613,-0.006345378,-0.230779448,-0.017641180
7.576000,0.277297074,0.059658605,-1.828144705,0.004250527,-0.225929842,-0.017275412
7.577000,0.278927882,-0.111378058,-1.781568190,0.009929641,-0.222103013,-0.015012247
7.578000,0.289301369,-0.183030022,-1.825693566,0.012673954,-0.218516664,-0.013985206
7.579000,0.289650064,-0.166822428,-1.702315768,0.013960999,-0.215513958,-0.013281630
7.580000,0.310825325,-0.043387021,-1.578066814,0.016201754,-0.215965132,-0.012502482
7.581000,0.322732056,-0.050706034,-1.539825087,0.007156644,-0.215738253,-0.008689822
7.582000,0.344354230,0.050898570,-1.539238202,-0.006654680,-0.213035872,-0.002545294
7.583000,0.271389543,0.215761874,-1.469452288,-0.007990991,-0.211580243,-0.004617144
7.584000,0.190116495,0.196114989,-1.316939987,-0.004672704,-0.213667250,-0.003488784
7.585000,0.188856720,0.173334445,-1.427668976,-0.002487384,-0.210938832,0.001221126
7.586000,0.157622375,0.221758006,-1.650867770,0.011607429,-0.202715651,0.001248405
7.587000,0.136082883,0.046834962,-1.586334045,0.019152662,-0.200481597,-0.002333620
7.588000,0.252729494,-0.160879358,-1.532417920,0.014460246,-0.197478339,0.001785061
7.589000,0.284575797,-0.071104389,-1.459957166,0.010735775,-0.192121053,0.000618486
7.590000,0.258180705,-0.032839681,-1.267237437,0.008228030,-0.189941166,-0.001522714
7.591000,0.303775624,-0.085945414,-1.158550173,-0.003110810,-0.188373309,0.004352061
7.592000,0.313442381,0.038330172,-1.416488736,-0.002389521,-0.178231725,0.009727787
7.593000,0.230596343,0.090313773,-1.447139650,0.007838209,-0.177050053,0.007482715
7.594000,0.229593945,-0.044527474,-1.380396480,0.013677213,-0.177348029,0.009791063
7.595000,0.253647998,-0.061385788,-1.332400742,0.020279695,-0.172769975,0.011949446
7.596000,0.233183632,-0.079182245,-1.360385185,0.023572044,-0.166867833,0.010535895
7.597000,0.190905461,-0.094374725,-1.339783774,0.018750137,-0.164063094,0.009556031
7.598000,0.221367462,-0.052803273,-1.343976242,0.014475429,-0.159308257,0.010859431
7.599000,0.262965233,-0.038238690,-1.237362756,0.013628169,-0.156616022,0.010704892
7.600000,0.271023868,-0.040480450,-1.152662751,0.012994509,-0.154170454,0.013437377
7.601000,0.277084780,-0.036540364,-1.027201748,0.014476063,-0.151596979,0.016029620
7.602000,0.275816339,0.045194139,-1.114578089,0.013019068,-0.148575003,0.021294296
7.603000,0.228423589,0.148203280,-1.079990292,0.005128209,-0.148472295,0.023262934
7.604000,0.197797033,0.255745335,-1.070505696,-0.001706437,-0.146494552,0.024790942
7.605000,0.171722948,0.240349084,-1.009604842,0.000852930,-0.143777057,0.022152416
7.606000,0.140214096,0.114764536,-0.961338073,0.005766783,-0.141371522,0.021332987
7.607000,0.164482058,-0.011977583,-0.969475243,0.006376829,-0.138991278,0.020267438
7.608000,0.201987942,-0.024113273,-1.055188671,0.008942549,-0.132092195,0.023590074
7.609000,0.202147170,0.039582836,-1.019333015,0.006186461,-0.126863410,0.023753963
7.610000,0.232998506,0.079861008,-0.970075062,-0.000897696,-0.122483646,0.024786008
7.611000,0.274196666,0.138839737,-0.893588229,-0.002217073,-0.118978224,0.026624158
7.612000,0.230256546,0.134971336,-0.848741165,0.009010262,-0.117367160,0.026395533
7.613000,0.137852976,-0.002794018,-0.839098827,0.014289817,-0.118796514,0.027576619
7.614000,0.110991121,-0.015712366,-0.936117214,0.019126541,-0.117180973,0.028671377
7.615000,0.123900412,0.038637521,-0.924352126,0.022111194,-0.112586704,0.027144502
7.616000,0.145325526,-0.098776481,-0.756784219,0.014047216,-0.110390990,0.025204891
7.617000,0.217481818,-0.111356564,-0.737312853,0.002492487,-0.106584775,0.026211193
7.618000,0.185633493,-0.060685949,-0.726224027,0.007118681,-0.101585499,0.023939246
7.619000,0.159822776,-0.139446876,-0.754649538,0.011962721,-0.099725838,0.023674745
7.620000,0.152523576,-0.209000492,-0.770069384,0.007797558,-0.099302145,0.030313550
7.621000,0.137932897,0.001884243,-0.872398527,0.008259024,-0.094842381,0.033800424
7.622000,0.115378977,0.104598643,-0.671075624,0.006278983,-0.093808645,0.033055516
7.623000,0.106159292,0.046448496,-0.502958894,-0.009419363,-0.093077377,0.035046281
7.624000,0.091894555,0.186913473,-0.544445701,-0.015072036,-0.088192061,0.035064316
7.625000,0.017718755,0.196470137,-0.570964315,-0.007919934,-0.088101346,0.030010476
7.626000,0.001936962,-0.011314923,-0.541088548,-0.005761197,-0.087749170,0.029495975
7.627000,0.059934796,-0.108427513,-0.610712896,-0.005602949,-0.086385694,0.033346731
7.628000,0.127523489,-0.000807904,-0.617610266,-0.001586520,-0.081711189,0.035400936
7.629000,0.114436369,0.031531915,-0.373133798,-0.007486911,-0.078056539,0.035052476
7.630000,0.078461050,0.044441197,-0.351184729,-0.021516307,-0.071621173,0.037501184
7.631000,0.088652222,0.123326203,-0.429329853,-0.026517808,-0.067451241,0.037601826
7.632000,0.052562908,0.135304770,-0.523897422,-0.024642091,-0.063859021,0.036226421
7.633000,0.017837127,0.044568612,-0.618109183,-0.023297696,-0.061206396,0.035571458
7.634000,0.038777093,0.025597848,-0.696149572,-0.022288522,-0.058858700,0.036320289
7.635000,0.066512199,0.045779726,-0.558633227,-0.018770455,-0.056442374,0.035753042
7.636000,0.128604206,-0.094729144,-0.387525393,-0.016644374,-0.053020217,0.032923650
7.637000,0.196322794,-0.240783456,-0.276494755,-0.019057915,-0.051562433,0.033903598
7.638000,0.192612101,-0.226469588,-0.314455183,-0.019515442,-0.050571004,0.034763170
7.639000,0.153047391,-0.148036365,-0.379819668,-0.020342867,-0.048581239,0.033522256
7.640000,0.141866678,-0.086616721,-0.380080750,-0.023764461,-0.046900943,0.032902819
7.641000,0.148676229,-0.038455503,-0.363040586,-0.024819926,-0.044563627,0.032915183
7.642000,0.157594085,-0.001955274,-0.302050126,-0.024825725,-0.042125544,0.031536571
7.643000,0.115497080,-0.023069856,-0.234926877,-0.030593237,-0.040067510,0.030311242
7.644000,0.123169529,-0.001996596,-0.269987766,-0.036966444,-0.039735986,0.030913982
7.645000,0.089300328,-0.003960611,-0.344861112,-0.039824794,-0.037737055,0.031077060
7.646000,0.139930963,0.022888116,-0.309794396,-0.040343462,-0.036099248,0.031171582
7.647000,0.155536352,0.062088095,-0.352349367,-0.040198825,-0.031369110,0.031932206
7.648000,0.158498144,0.059260731,-0.262637139,-0.031600838,-0.030567285,0.030955060
7.649000,0.101597697,-0.048285916,-0.188341834,-0.026156310,-0.032281426,0.028551674
7.650000,0.095138960,-0.103945935,-0.170596540,-0.029456448,-0.034868830,0.030797725
7.651000,0.089262483,0.007246382,-0.182183093,-0.034474909,-0.034915028,0.030467239
7.652000,0.086201945,-0.001017226,-0.102164680,-0.044227032,-0.034492770,0.030027160
7.653000,0.061397879,-0.009011296,-0.094308367,-0.056782704,-0.031980500,0.029637056
7.654000,0.028871577,0.036062472,-0.080577401,-0.058704041,-0.028864480,0.027817943
7.655000,0.003672203,0.009946214,-0.138774542,-0.059315610,-0.028387299,0.026712019
7.656000,0.032452685,-0.003421760,-0.198257681,-0.058342486,-0.026367906,0.026689699
7.657000,0.025708798,0.029587118,-0.167631513,-0.054680465,-0.025512564,0.025823085
7.658000,0.022411818,-0.017212110,-0.164396628,-0.053170686,-0.024773736,0.025706560
7.659000,0.005100591,-0.067537535,-0.133015007,-0.055522872,-0.024999682,0.026452161
7.660000,-0.011078654,-0.041958821,-0.203829694,-0.051530219,-0.022665533,0.027437582
7.661000,-0.019692621,-0.024523024,-0.139249076,-0.047847618,-0.023198451,0.026127193
7.662000,0.009226193,-0.050556839,-0.110187034,-0.045498031,-0.021048018,0.026032608
7.663000,-0.000981080,-0.014708346,-0.047020588,-0.044023442,-0.020459485,0.023549049
7.664000,-0.000875323,0.071793839,-0.025993828,-0.046919977,-0.019512224,0.022376670
7.665000,-0.013387115,0.083948960,-0.020359192,-0.054989010,-0.018887649,0.020930393
7.666000,-0.024313650,0.066422981,-0.005574860,-0.061741566,-0.019023879,0.019818955
7.667000,-0.004861373,0.036316051,0.098104640,-0.070634129,-0.019873011,0.019448367
7.668000,-0.010384511,0.053337587,0.104685043,-0.074118369,-0.018830774,0.019242550
7.669000,-0.015638536,0.016643875,0.022854005,-0.076669181,-0.017819266,0.019305874
7.670000,-0.015143281,0.039973618,-0.066627506,-0.077749130,-0.016261392,0.019898673
7.671000,-0.017927320,0.103047867,-0.043633018,-0.078757914,-0.015118083,0.019168669
7.672000,0.009589783,0.110340505,0.059653718,-0.079616160,-0.014067148,0.018518571
7.673000,0.038123779,0.186666644,0.106296696,-0.079220346,-0.013474269,0.017588191
7.674000,0.037796002,0.272115964,0.109690050,-0.075865266,-0.010492156,0.016281966
7.675000,0.025827097,0.278885359,0.054180220,-0.069608382,-0.008298286,0.015963496
7.676000,0.033424755,0.232361054,-0.048966301,-0.058054342,-0.006779720,0.014772782
7.677000,0.016441205,0.128795580,-0.131251505,-0.047574641,-0.004742356,0.012300338
7.678000,0.045051394,0.020472874,-0.070200813,-0.040302095,-0.003998698,0.009024160
7.679000,0.101684310,0.006757426,0.043424251,-0.043189841,-0.004526307,0.008300087
7.680000,0.111691832,0.083197563,0.124522255,-0.049462925,-0.002063631,0.005736065
7.681000,0.084857275,0.100744250,0.183688131,-0.058156540,-0.001717871,0.002050350
7.682000,0.087873087,0.044181646,0.179382783,-0.065049513,0.000062157,0.001371864
7.683000,0.081809559,0.009822431,0.128389554,-0.068083626,0.000750971,0.002149044
7.684000,0.084667686,0.029980387,0.168685619,-0.070927005,0.000508264,0.002458451
7.685000,0.087315848,0.053364125,0.167980431,-0.075576601,0.000224240,0.004466876
7.686000,0.093349067,0.112469443,0.193793216,-0.079460717,0.001124709,0.004007558
7.687000,0.053256556,0.146823160,0.234934555,-0.077944924,0.002064732,0.001660959
7.688000,0.010365033,0.101767151,0.183747640,-0.072530180,0.004479122,0.000096867
7.689000,-0.026967319,0.088429679,0.152817492,-0.062404136,0.005076565,-0.003072308
7.690000,-0.028058245,0.122285019,0.160435433,-0.053233653,0.005444938,-0.004387971
7.691000,-0.001662624,0.217471158,0.194919298,-0.051380518,0.007738295,-0.004372719
7.692000,0.016619635,0.346409261,0.214476836,-0.050672116,0.011754313,-0.006034265
7.693000,-0.026538496,0.357728881,0.319055267,-0.049803892,0.013164038,-0.009523342
7.694000,-0.061558400,0.301673953,0.255245874,-0.048376029,0.014350847,-0.010004589
7.695000,-0.110229367,0.240601465,0.191837682,-0.041955879,0.014324199,-0.011838860
7.696000,-0.120499414,0.125480374,0.254041351,-0.037993887,0.013404596,-0.013249503
7.697000,-0.089335581,0.042503870,0.316692676,-0.041671183,0.016154296,-0.012400000
7.698000,-0.054480983,0.067878540,0.287748888,-0.044622470,0.021743557,-0.013979567
7.699000,-0.037780219,0.065153273,0.371659490,-0.045907870,0.024603317,-0.017338918
7.700000,-0.050553873,-0.025628977,0.351440278,-0.046848214,0.027264008,-0.018787497
7.701000,-0.053862699,-0.046300918,0.258733794,-0.042633469,0.029473191,-0.019121795
7.702000,-0.051875817,-0.026586962,0.259701710,-0.030946947,0.031403811,-0.021617628
7.703000,-0.045673182,-0.108502745,0.375788143,-0.026665642,0.032205095,-0.023320237
7.704000,-0.009111657,-0.132631945,0.404290065,-0.028340299,0.035305675,-0.022139071
7.705000,0.011708513,-0.019777482,0.391030571,-0.029446516,0.038501663,-0.023991037
7.706000,-0.004613596,0.037653038,0.460898493,-0.028477280,0.039855780,-0.027235584
7.707000,-0.037304779,0.034316574,0.455097800,-0.024464405,0.042415736,-0.028942414
7.708000,-0.059041098,0.102327166,0.390954162,-0.014474902,0.044660843,-0.029200510
7.709000,-0.048233572,0.145730004,0.368449367,-0.002311655,0.047190660,-0.029742654
7.710000,-0.028073804,0.153982853,0.423515072,0.003468612,0.049501623,-0.029341050
7.711000,-0.006473377,0.194547587,0.441428665,0.002626116,0.053281318,-0.028940756
7.712000,-0.000203195,0.248566126,0.488322609,0.003601125,0.054943611,-0.029826148
7.713000,-0.022151315,0.226310435,0.519444431,0.004756240,0.057813675,-0.030327075
7.714000,-0.042434667,0.190944249,0.491810615,0.010028183,0.061130899,-0.030380198
7.715000,-0.049993358,0.153514053,0.416900403,0.020684092,0.063824669,-0.031540311
7.716000,-0.034153468,0.003428753,0.431925234,0.030945560,0.065835367,-0.032299632
7.717000,0.015434071,-0.102096236,0.462072449,0.033478631,0.068405417,-0.031360146
7.718000,0.080415901,-0.071156740,0.465360598,0.036159023,0.073679879,-0.031828666
7.719000,0.099537518,-0.110976038,0.584570411,0.037008239,0.076082934,-0.033362396
7.720000,0.087230224,-0.169952735,0.674189630,0.037404968,0.078350365,-0.033534102
7.721000,0.069043066,-0.162678392,0.710181357,0.042722353,0.079425310,-0.033436866
7.722000,0.064321658,-0.135969816,0.686375069,0.053901495,0.082902811,-0.033134019
7.723000,0.050757091,-0.119353470,0.675211155,0.058877253,0.086000102,-0.032685934
7.724000,0.057732772,-0.086538600,0.652292246,0.063662048,0.089610599,-0.031495108
7.725000,0.035849426,-0.052523633,0.623385975,0.070574564,0.091529840,-0.032509035
7.726000,0.024284990,-0.118012254,0.734617762,0.077057192,0.093075889,-0.033297842
7.727000,0.020253634,-0.197199659,0.848892030,0.076517125,0.093129636,-0.031694360
7.728000,0.021581885,-0.119319640,0.823464967,0.074893140,0.095233566,-0.028334963
7.729000,0.009488683,0.030079551,0.798873257,0.072524458,0.097008885,-0.026068201
7.730000,-0.006006720,0.122006780,0.757831526,0.070983909,0.097926990,-0.022777708
7.731000,-0.038174008,0.184697078,0.644339628,0.074764024,0.100508942,-0.020444484
7.732000,-0.099573710,0.156980931,0.633837666,0.090268667,0.103154712,-0.019924850
7.733000,-0.125632546,-0.068259565,0.774228617,0.100197600,0.103413967,-0.018211610
7.734000,-0.099457511,-0.262473755,0.858083483,0.101036041,0.103296792,-0.013712556
7.735000,-0.055230745,-0.206533201,0.853476277,0.092470703,0.107154020,-0.010143067
7.736000,0.001815695,-0.047612875,0.992987714,0.078262137,0.109051260,-0.007256422
7.737000,0.023216730,0.093913932,0.992882797,0.070746637,0.112815792,-0.005581085
7.738000,-0.020003831,0.154821281,0.846302576,0.086788466,0.118045832,-0.006789814
7.739000,-0.087458224,-0.113139902,0.767530858,0.119577885,0.119563280,-0.007990498
7.740000,-0.095386413,-0.490125405,0.737282862,0.142629975,0.119355884,-0.006903577
7.741000,-0.005903170,-0.545366910,0.814492685,0.135838093,0.121722487,-0.003539710
7.742000,0.087004934,-0.322704770,1.083241078,0.109529355,0.124620808,-0.002299386
7.743000,0.114863498,-0.038448922,1.363163111,0.079179473,0.127907289,-0.003675855
7.744000,0.075348085,0.107270176,1.313299471,0.068657873,0.129520134,-0.005445324
7.745000,-0.013776242,0.121323119,0.982056188,0.093998052,0.129949156,-0.005056920
7.746000,-0.076453684,-0.094492066,0.600349661,0.136786192,0.132143786,-0.001117252
7.747000,-0.062894817,-0.418395549,0.526597602,0.160930443,0.132159318,0.004550821
7.748000,0.009057351,-0.541645883,0.790385079,0.154752312,0.133558969,0.009206315
7.749000,0.100223017,-0.340181724,1.195224668,0.116668408,0.138430157,0.009509814
7.750000,0.124829844,-0.102185638,1.455214509,0.081579660,0.140476033,0.008763801
7.751000,0.096759829,0.075498368,1.413670694,0.067766382,0.140349222,0.011154979
7.752000,0.001159910,0.105281110,0.977493774,0.085041664,0.143492791,0.012263838
7.753000,-0.069482536,-0.018209407,0.700499920,0.118721272,0.145295035,0.015180461
7.754000,-0.076748948,-0.180789293,0.626067190,0.142165611,0.148090198,0.019830145
7.755000,-0.002862920,-0.288779302,0.860931365,0.141932242,0.149903083,0.024879929
7.756000,0.117377901,-0.242828483,1.227735951,0.119799182,0.151116787,0.027839661
7.757000,0.142732501,-0.124235648,1.575491404,0.083194453,0.150909220,0.025095114
7.758000,0.079318346,0.038525602,1.536571045,0.056585275,0.150716530,0.021020907
7.759000,-0.046486017,0.021246477,1.110358593,0.064256755,0.153884455,0.017616299
7.760000,-0.145444365,-0.154409174,0.669094054,0.105759489,0.155229304,0.014667794
7.761000,-0.053140345,-0.382261985,0.489034025,0.140930639,0.155407096,0.020358514
7.762000,0.095075713,-0.361518239,0.719292628,0.133335611,0.157241947,0.024938803
7.763000,0.230493677,-0.200224011,1.065730409,0.107932415,0.160609075,0.027054830
7.764000,0.245169284,-0.067036270,1.407253507,0.069594178,0.161507049,0.025478006
7.765000,0.106289230,-0.041570211,1.457972333,0.040524719,0.160425316,0.022647732
7.766000,-0.055529307,-0.104075202,1.087571531,0.048170865,0.157684494,0.016216407
7.767000,-0.076935307,-0.290577993,0.818319023,0.087504874,0.154318138,0.016236107
7.768000,0.073014153,-0.417201339,0.663096749,0.112274869,0.155239295,0.022797538
7.769000,0.220987136,-0.359656526,0.754696820,0.109161088,0.161680629,0.027185979
7.770000,0.282536829,-0.171731934,1.125033955,0.075195660,0.162376099,0.026201498
7.771000,0.252996157,0.031881128,1.519030856,0.032353774,0.156735125,0.025481688
7.772000,0.060915861,0.132183485,1.537109169,0.007928756,0.150893969,0.022755271
7.773000,-0.121349788,0.026862536,1.352182353,0.027465288,0.144397144,0.018433360
7.774000,-0.136165425,-0.117398491,1.025171239,0.056948981,0.143503509,0.019938968
7.775000,-0.025446402,-0.172584521,0.815217287,0.080306366,0.148698009,0.024085103
7.776000,0.130024845,-0.072899747,0.767915134,0.078683467,0.155669797,0.026218949
7.777000,0.212644628,0.128301227,0.978553074,0.054124936,0.157087288,0.024529902
7.778000,0.133264241,0.244271106,1.463479594,0.019236539,0.151024549,0.020090062
7.779000,-0.062464023,0.162637168,1.636634844,0.005508936,0.144439767,0.015036559
7.780000,-0.223695766,-0.035066706,1.422199459,0.022534716,0.139770650,0.010954848
7.781000,-0.196169789,-0.165297016,1.052111614,0.049061716,0.143020432,0.010905355
7.782000,-0.038574994,-0.161602055,0.868029594,0.063919326,0.151616216,0.012360900
7.783000,0.136867082,-0.096456128,0.976164295,0.055063764,0.158357653,0.011446483
7.784000,0.192088194,-0.039286216,1.281506245,0.031232833,0.158026403,0.007558116
7.785000,0.103521902,-0.034146486,1.496493761,0.012860019,0.153163572,0.004488109
7.786000,-0.098627823,-0.112719513,1.592275431,0.008734341,0.146156545,0.000908212
7.787000,-0.220556690,-0.224791514,1.422885416,0.021111144,0.143208828,0.000654009
7.788000,-0.148145011,-0.259945381,1.220431080,0.035215151,0.148038871,0.002490559
7.789000,0.000784591,-0.199702309,1.068307786,0.038569558,0.157284622,0.004026059
7.790000,0.072836261,-0.133631171,1.113786514,0.032442633,0.161931068,0.003548059
7.791000,0.091308785,-0.006794412,1.288801899,0.016904201,0.162339529,0.001963175
7.792000,-0.027562923,0.091552682,1.445911281,0.008252089,0.156222912,-0.001951806
7.793000,-0.176917915,0.091911137,1.553215808,0.011259970,0.151602718,-0.004819212
7.794000,-0.208212180,0.039442656,1.493447572,0.019203689,0.152753431,-0.005282114
7.795000,-0.142495600,0.036637500,1.392747740,0.026355217,0.159785057,-0.004754538
7.796000,-0.010030195,0.036147632,1.343587440,0.027033936,0.168146220,-0.004404159
7.797000,0.087634989,0.065973064,1.336939395,0.017833633,0.173137565,-0.003990783
7.798000,0.069809735,0.123910158,1.432160270,0.009978249,0.173290188,-0.004671264
7.799000,-0.013527645,0.143045683,1.588814012,0.006797728,0.171902954,-0.005814533
7.800000,-0.086794784,0.087815744,1.645109612,0.005416215,0.171874476,-0.004808813
7.801000,-0.094535262,0.058796424,1.617616223,0.008378293,0.174746932,-0.003076575
7.802000,-0.045821241,0.039927173,1.523854506,0.011285391,0.180446040,-0.002764708
7.803000,0.062601292,0.021362310,1.332598377,0.010628865,0.189827514,-0.003196688
7.804000,0.139123771,-0.001395793,1.268803875,0.010366424,0.196886700,-0.005450872
7.805000,0.164132323,-0.027352864,1.354123851,0.011731307,0.199209214,-0.008754272
7.806000,0.113467071,-0.071863715,1.536535851,0.015084298,0.199173580,-0.012589105
7.807000,0.081733251,-0.115314562,1.663173011,0.023210569,0.200131069,-0.014278092
7.808000,0.106154439,-0.119521263,1.646980816,0.028667278,0.204122930,-0.014239432
7.809000,0.190998197,-0.086895777,1.487864081,0.029575668,0.211771298,-0.012404644
7.810000,0.244295978,-0.058928399,1.436960840,0.027029636,0.218522280,-0.013043916
7.811000,0.279239387,-0.069650593,1.533082926,0.024832161,0.221919616,-0.012797511
7.812000,0.271062266,-0.051467562,1.739387380,0.022340879,0.223888656,-0.010695874
7.813000,0.212230332,0.019559265,1.850460950,0.022939222,0.226355773,-0.008979220
7.814000,0.172990057,0.063476930,1.857130041,0.022574750,0.228323225,-0.006921695
7.815000,0.177692945,0.066000280,1.731460091,0.022291787,0.232962310,-0.003366893
7.816000,0.199792501,0.069766533,1.630360958,0.023235023,0.238963417,-0.002539075
7.817000,0.241216792,0.052364431,1.612971129,0.028196611,0.246234558,-0.002011974
7.818000,0.265690924,0.008715217,1.726430912,0.032565934,0.250099894,-0.002238672
7.819000,0.262900779,-0.007140939,1.763205959,0.034966284,0.252698915,-0.001752148
7.820000,0.236164041,0.002243491,1.811629520,0.033445031,0.255106235,-0.001312011
7.821000,0.223740478,0.036473703,1.800583201,0.031789655,0.257613215,-0.000487400
7.822000,0.207893051,-0.006640983,1.839842424,0.029451150,0.261292691,-0.000138038
7.823000,0.216426025,-0.068374254,1.816344240,0.027561855,0.266407549,0.000619352
7.824000,0.234046884,-0.081421634,1.830670987,0.025582271,0.270769153,-0.000008111
7.825000,0.263971287,-0.054775010,1.841348307,0.022469822,0.274147180,0.000788691
7.826000,0.262286950,-0.026026146,1.957716333,0.020780069,0.276466267,0.000995224
7.827000,0.256074494,-0.019302718,2.011711305,0.020574223,0.279783524,0.001498791
7.828000,0.254392532,-0.029204811,2.042669375,0.021037530,0.283899244,0.003462492
7.829000,0.265937242,-0.045014892,1.980012640,0.025513405,0.288900307,0.005425920
7.830000,0.237742445,-0.082290542,1.905304787,0.033091004,0.294280670,0.005059545
7.831000,0.237562432,-0.093182000,1.895872249,0.036693058,0.297754023,0.005646969
7.832000,0.264321373,-0.076320305,1.925641771,0.039529266,0.302012759,0.006935319
7.833000,0.273750829,-0.012648928,2.001667297,0.042522238,0.307319625,0.005452222
7.834000,0.279668228,-0.020425492,2.063970529,0.041193233,0.311880899,0.004889265
7.835000,0.278645621,-0.023132262,1.968596307,0.041126464,0.316936317,0.004759463
7.836000,0.258584770,-0.048368869,1.893003622,0.045598674,0.320297293,0.003478845
7.837000,0.253648529,-0.127545442,1.957922163,0.046348161,0.322332792,0.003654332
7.838000,0.284082592,-0.146781428,2.010886057,0.042850979,0.325663886,0.006495827
7.839000,0.339488012,-0.069341488,2.053575158,0.041980602,0.329574650,0.007430753
7.840000,0.331931944,-0.044221379,2.121387237,0.040512227,0.333393475,0.005632347
7.841000,0.310553894,-0.079464542,2.092585104,0.042317162,0.336808975,0.005704106
7.842000,0.297218766,-0.125691388,1.982643256,0.050553566,0.340291347,0.004808008
7.843000,0.326996149,-0.209134324,1.992526179,0.060035832,0.344553091,0.005247544
7.844000,0.370770625,-0.261509065,2.087491891,0.058352121,0.349211034,0.006062993
7.845000,0.407021848,-0.143187260,2.070190912,0.054593578,0.354532579,0.005451964
7.846000,0.404382850,-0.061872220,2.127433302,0.053581312,0.356934035,0.001961938
7.847000,0.388801770,-0.084950585,2.130975312,0.053229566,0.359527672,0.000498021
7.848000,0.383300775,-0.137224395,2.096296704,0.056499078,0.362136160,-0.000193091
7.849000,0.399401923,-0.125920923,2.058750597,0.062464478,0.364513682,0.000627688
7.850000,0.389511837,-0.153428035,2.199124665,0.065591477,0.366711748,0.001160553
7.851000,0.405260437,-0.093316304,2.211535903,0.060488678,0.371211903,0.002586636
7.852000,0.408415369,0.027318817,2.191504163,0.059051377,0.376791212,0.001661110
7.853000,0.403191777,-0.007193606,2.123502692,0.060188787,0.381358982,-0.000316246
7.854000,0.402538818,-0.102997469,2.097897992,0.062130664,0.384481668,-0.002346921
7.855000,0.413497349,-0.124762709,2.054531197,0.068644168,0.388307254,-0.003875050
7.856000,0.439630728,-0.183881303,2.118030145,0.074975214,0.391146706,-0.004408664
7.857000,0.454678440,-0.187723748,2.172940096,0.077317720,0.395509944,-0.005672993
7.858000,0.469124116,-0.172550470,2.247091179,0.071421432,0.397290879,-0.005347597
7.859000,0.446490444,-0.176213182,2.261528941,0.064966403,0.399272413,-0.006197019
7.860000,0.437904177,-0.191966756,2.280528855,0.060583519,0.400003225,-0.006956345
7.861000,0.429364803,-0.177839043,2.329922471,0.056607717,0.402475100,-0.005591843
7.862000,0.441565808,-0.205196370,2.459665191,0.054948924,0.405203140,-0.003459286
7.863000,0.441234037,-0.197775821,2.492859944,0.052430242,0.408984454,-0.002336653
7.864000,0.443790115,-0.126359536,2.415061525,0.045961742,0.413994564,-0.002061718
7.865000,0.432125503,-0.024487248,2.363675984,0.040736842,0.417634908,-0.002056483
7.866000,0.411097209,-0.016591944,2.377416037,0.038853137,0.419612115,-0.002197917
7.867000,0.404880972,-0.044283115,2.412266136,0.041291243,0.423358402,-0.003718847
7.868000,0.398539207,-0.050477743,2.414923064,0.045636871,0.428151702,-0.004818090
7.869000,0.392257932,-0.043665075,2.403129267,0.055240871,0.431947205,-0.005053231
7.870000,0.397338646,-0.065205308,2.366649592,0.056719483,0.434920808,-0.004665688
7.871000,0.407825503,-0.024879636,2.322965327,0.050945945,0.437554965,-0.005140956
7.872000,0.423100016,0.032999143,2.418050621,0.043932898,0.438941243,-0.005629647
7.873000,0.447185279,0.046314682,2.552537274,0.040395734,0.440782165,-0.004570088
7.874000,0.428471273,0.057824109,2.615582778,0.036724037,0.445044591,-0.004879342
7.875000,0.415967053,-0.015642975,2.579265415,0.039513167,0.450007405,-0.004558664
7.876000,0.429986568,-0.127330401,2.501911682,0.036114656,0.453335703,-0.002256878
7.877000,0.488744692,-0.202753456,2.472579686,0.030210723,0.456116536,0.000694940
7.878000,0.532819114,-0.159017278,2.577413348,0.019762018,0.459432256,0.001822379
7.879000,0.551011863,-0.060301838,2.691679200,0.013397142,0.464509511,0.000621869
7.880000,0.524614033,-0.026001019,2.824672748,0.009922335,0.468658185,-0.002237915
7.881000,0.522374565,-0.004446796,2.718109167,0.016114790,0.472711153,-0.002725159
7.882000,0.481204539,-0.004108266,2.536746341,0.027117138,0.474613932,-0.003898138
7.883000,0.486464881,-0.066491316,2.423134994,0.039063216,0.477769091,-0.005092657
7.884000,0.509134468,-0.134410317,2.497031302,0.042910040,0.481962929,-0.005614304
7.885000,0.581281649,-0.092248087,2.585407865,0.039806446,0.488008700,-0.006989528
7.886000,0.613708831,-0.042587760,2.775814459,0.027018202,0.491887739,-0.009357942
7.887000,0.616051113,0.035817388,2.846957580,0.013556909,0.493008709,-0.009021726
7.888000,0.556469815,0.118060448,2.795852441,0.009466707,0.494554181,-0.008580805
7.889000,0.530658715,0.120882478,2.682333797,0.015408352,0.497587646,-0.008293426
7.890000,0.538436438,0.014309875,2.721450531,0.021767389,0.500533707,-0.006964085
7.891000,0.601455648,-0.025054134,2.770168976,0.019984959,0.504255200,-0.003756798
7.892000,0.617329082,0.000003765,2.805923558,0.012426488,0.507311757,-0.002017529
7.893000,0.600294162,0.052110301,2.956243084,-0.000531766,0.509765483,-0.003112995
7.894000,0.586921095,0.074962420,2.963195478,-0.006381515,0.512748126,-0.004849104
7.895000,0.562587719,0.085666203,2.931803594,-0.006596829,0.516432945,-0.006369800
7.896000,0.540409263,0.037838914,2.817779053,0.009165023,0.521748012,-0.010359353
7.897000,0.528656770,-0.069852472,2.721927783,0.026585002,0.525890312,-0.013249757
7.898000,0.584356609,-0.132661877,2.704493829,0.032855285,0.529522688,-0.013889147
7.899000,0.664660484,-0.045043261,2.802877109,0.030129012,0.533083622,-0.013803480
7.900000,0.675891182,0.047413319,2.981668483,0.019422206,0.536315680,-0.015469146
7.901000,0.620840384,0.100284475,3.110214682,0.010447821,0.537916458,-0.013609594
7.902000,0.518959511,0.054007080,3.034915971,0.013601920,0.540359514,-0.012509166
7.903000,0.485701491,-0.030242899,2.919472886,0.023433410,0.542111799,-0.012479111
7.904000,0.518166918,-0.126757904,2.848289073,0.028749359,0.547231936,-0.011709420
7.905000,0.592033940,-0.116229998,2.894776653,0.027316072,0.554357408,-0.010278662
7.906000,0.614652393,-0.086337010,3.029947809,0.017378053,0.559182923,-0.014525726
7.907000,0.624264630,-0.084929888,3.127774001,0.002421167,0.558834878,-0.014168752
7.908000,0.584692502,-0.057729294,3.176002516,-0.007811787,0.557316599,-0.013482424
7.909000,0.525027161,-0.020939006,3.090741086,-0.009201572,0.559623847,-0.011526795
7.910000,0.474394980,-0.008465749,3.014759777,-0.005161135,0.561563950,-0.009119116
7.911000,0.491967373,0.068954373,2.900004411,0.005109800,0.567491101,-0.007230192
7.912000,0.521290882,0.091450877,2.844642492,0.012801321,0.573502544,-0.007359824
7.913000,0.542125065,0.079137799,2.837559185,0.019788987,0.578804721,-0.008803947
7.914000,0.543567201,0.023712340,2.946353556,0.019045832,0.582203415,-0.011613625
7.915000,0.567849054,-0.014647993,3.015694230,0.016190910,0.586645349,-0.012036319
7.916000,0.580785056,-0.035611792,3.168456970,0.015485524,0.587191831,-0.013941265
7.917000,0.603642875,-0.058941704,3.206665721,0.012113332,0.590731119,-0.011074295
7.918000,0.605182914,-0.036088180,3.177591150,0.008603948,0.592616787,-0.010863013
7.919000,0.632935992,-0.010385052,3.153597502,0.007470844,0.598591796,-0.010998929
7.920000,0.659536197,-0.030267867,3.267113502,0.002226730,0.599809105,-0.009377976
7.921000,0.636284855,-0.032740596,3.236853731,-0.005598151,0.605589812,-0.006937851
7.922000,0.628215090,-0.023153415,3.160754764,-0.010201666,0.606943733,-0.006309014
7.923000,0.592940682,0.037560573,3.074205797,-0.007699952,0.611342080,-0.006389774
7.924000,0.630563653,-0.008644191,3.062832192,-0.004644977,0.614453514,-0.006260926
7.925000,0.661071058,-0.055667736,3.003512797,0.010857314,0.621116353,-0.007159268
7.926000,0.657436356,-0.218293471,2.942263608,0.028855799,0.627200934,-0.010972396
7.927000,0.716580740,-0.360380584,3.051106123,0.038725702,0.630057302,-0.010652759
7.928000,0.791031957,-0.306210604,3.154125645,0.031693839,0.631981301,-0.008988482
7.929000,0.825813840,-0.136026366,3.328610885,0.015847405,0.632945418,-0.009010281
7.930000,0.784453141,0.025447609,3.437447374,-0.003038560,0.632470264,-0.010109829
7.931000,0.752068719,0.115106242,3.374264206,-0.005036907,0.637149862,-0.008576203
7.932000,0.667850254,0.065113984,3.190782475,0.005827304,0.639948220,-0.008132912
7.933000,0.679169983,-0.092366649,3.079370031,0.020216252,0.641391796,-0.002900660
7.934000,0.698940737,-0.151391710,3.116761081,0.022018163,0.640318904,0.002410231
7.935000,0.750191196,-0.034695052,3.227280413,0.018777622,0.643930832,0.003894800
7.936000,0.749067142,0.030730182,3.354736201,0.008079729,0.646827292,0.003013209
7.937000,0.721682843,0.022357369,3.362048695,0.002655216,0.649843712,0.002510578
7.938000,0.664429455,-0.083352233,3.250145077,0.009555632,0.652036731,-0.001944005
7.939000,0.648272701,-0.225406123,3.283139244,0.017888357,0.654016907,-0.001394094
7.940000,0.676249201,-0.183805406,3.156497664,0.024805672,0.655042550,0.000487980
7.941000,0.734552275,-0.045145282,3.240861298,0.026125519,0.657658805,0.002562312
7.942000,0.767899315,0.026289047,3.300265639,0.020116890,0.659362792,0.004965386
7.943000,0.737479320,0.030366289,3.302991806,0.012646483,0.663290531,0.005702784
7.944000,0.638781167,-0.035461188,3.305859455,0.011485813,0.662203712,0.008906412
7.945000,0.623006566,-0.154821722,3.293959781,0.019010183,0.663459020,0.013365371
7.946000,0.629539777,-0.206775869,3.274548576,0.027765205,0.664279334,0.015422521
7.947000,0.657009285,-0.239726686,3.264387672,0.036485368,0.667311414,0.013730133
7.948000,0.697380422,-0.258220484,3.285031477,0.029854724,0.666344789,0.012004689
7.949000,0.740277571,-0.149300648,3.208135218,0.024572593,0.669980782,0.010146546
7.950000,0.695342233,-0.104858175,3.370311786,0.021140726,0.666875896,0.009025305
7.951000,0.678308456,-0.088586570,3.412007376,0.022980996,0.664373451,0.013269875
7.952000,0.637521491,-0.039487275,3.320877957,0.029438240,0.665694492,0.015675154
7.953000,0.608718516,-0.096200112,3.253396146,0.041023633,0.668030270,0.018258117
7.954000,0.654660132,-0.203826683,3.308843449,0.042136915,0.670317736,0.023968536
7.955000,0.702116873,-0.198661628,3.299198011,0.039746044,0.671137973,0.026073082
7.956000,0.752804336,-0.076282367,3.382237856,0.028814504,0.671048493,0.025328296
7.957000,0.715174682,0.009106540,3.413925516,0.028725441,0.670410989,0.022166809
7.958000,0.631907326,-0.062355566,3.332266788,0.029628004,0.667368865,0.019521397
7.959000,0.612152237,-0.064883410,3.185241337,0.036106340,0.670089076,0.021626986
7.960000,0.620149660,-0.062152459,3.182064654,0.046327834,0.669081174,0.022947381
7.961000,0.678678899,-0.087817184,3.234131567,0.044919761,0.668087307,0.025610904
7.962000,0.711606253,-0.022818813,3.206769867,0.040889654,0.669306035,0.026572623
7.963000,0.743282961,-0.024481493,3.257551771,0.035987727,0.670252607,0.028414530
7.964000,0.719096747,-0.072629343,3.390146140,0.032661640,0.667934211,0.027151555
7.965000,0.706697449,-0.155381535,3.384971103,0.031062328,0.663862476,0.028078295
7.966000,0.700197456,-0.120842790,3.316428741,0.036234778,0.662971318,0.029096272
7.967000,0.697536898,-0.064239740,3.310027319,0.046777464,0.661820715,0.028180648
7.968000,0.654737048,-0.082640108,3.203645760,0.055698644,0.664440804,0.024084476
7.969000,0.663772338,-0.223069381,3.091607569,0.061752683,0.665053350,0.023864417
7.970000,0.717308166,-0.326904669,3.091264685,0.051378909,0.664547346,0.023824916
7.971000,0.769503365,-0.143421633,3.211563510,0.043455399,0.658549687,0.023079185
7.972000,0.747566879,-0.048494752,3.391974140,0.036830797,0.653173488,0.021892396
7.973000,0.687314194,-0.027749338,3.468666231,0.040303338,0.650400069,0.021127710
7.974000,0.650693773,-0.183537194,3.395596166,0.049860523,0.648542574,0.021017299
7.975000,0.686361644,-0.206248400,3.165206317,0.058268618,0.648048234,0.023583092
7.976000,0.714121268,-0.200496720,3.056580793,0.062064081,0.646742866,0.026438467
7.977000,0.705361645,-0.130819686,3.306691128,0.057812857,0.642567928,0.025717614
7.978000,0.688645691,0.007716773,3.533661666,0.047783765,0.638002775,0.023699623
7.979000,0.614154087,0.014392615,3.529963948,0.052324267,0.636021223,0.020327474
7.980000,0.567114449,-0.232212528,3.520155293,0.058064947,0.629632715,0.019096630
7.981000,0.575776336,-0.303220364,3.360169830,0.052508875,0.625074995,0.023128567
7.982000,0.587203660,-0.034708485,3.145560493,0.050335417,0.626090674,0.020606788
7.983000,0.636844294,-0.000748293,3.322947477,0.053098384,0.625571450,0.016499069
7.984000,0.657868444,-0.109730446,3.507380790,0.046691958,0.620707174,0.014687169
7.985000,0.603943102,-0.096009236,3.476584118,0.044308199,0.617801302,0.014181809
7.986000,0.515774939,-0.117362234,3.421018174,0.055130705,0.611339145,0.012736179
7.987000,0.480116118,-0.219660565,3.425311757,0.065021207,0.602347613,0.015056856
7.988000,0.485877642,-0.268181562,3.353969173,0.064991022,0.598214273,0.017322845
7.989000,0.539923980,-0.128951612,3.391773269,0.063757447,0.599097808,0.018160104
7.990000,0.565197762,-0.115598380,3.537556995,0.055946925,0.594933033,0.017956929
7.991000,0.552745802,-0.128112422,3.603777124,0.048639822,0.588782824,0.021705511
7.992000,0.517237338,-0.027097182,3.566687720,0.047449232,0.584886542,0.025269883
7.993000,0.480795724,0.113527593,3.538902559,0.055976316,0.580900400,0.027162073
7.994000,0.443497047,0.011798750,3.396583335,0.065834035,0.580480956,0.026180738
7.995000,0.422688932,-0.154700770,3.330272825,0.075292168,0.579836837,0.028579107
7.996000,0.391240083,-0.291875746,3.313711556,0.081200548,0.577185218,0.024549498
7.997000,0.437968066,-0.372442957,3.461775770,0.077133095,0.572049066,0.021856412
7.998000,0.529514528,-0.251841553,3.542022063,0.063848055,0.570406937,0.017686056
7.999000,0.491510163,-0.011548808,3.638116638,0.054781921,0.567494376,0.009459687
8.000000,0.409744175,0.012576295,3.687543918,0.055632764,0.562517469,-0.000818855
8.001000,0.338310461,0.020729669,3.698839991,0.062122536,0.556012817,-0.005060165
8.002000,0.318775640,-0.112838153,3.601719500,0.069466558,0.553936942,-0.005777395
8.003000,0.383932857,-0.162122285,3.471334333,0.072935668,0.553418627,-0.004806139
8.004000,0.432679744,-0.123537699,3.430706032,0.070008470,0.552765290,-0.008687474
8.005000,0.436453238,-0.023408695,3.551749287,0.057705268,0.546284776,-0.011359102
8.006000,0.421805075,-0.024180898,3.699349374,0.050986396,0.543440583,-0.014562001
8.007000,0.328026522,-0.052404673,3.736376964,0.059248847,0.546203975,-0.023631112
8.008000,0.296175534,-0.227726397,3.625719240,0.070374710,0.546340554,-0.027418555
8.009000,0.368509312,-0.291183037,3.480765560,0.079431624,0.545906270,-0.029485932
8.010000,0.409623009,-0.147303149,3.523773607,0.082103840,0.545420898,-0.032790200
8.011000,0.377654463,-0.111913393,3.468461655,0.080289935,0.546945437,-0.038656474
8.012000,0.356898737,-0.165199590,3.522984439,0.070167437,0.545981040,-0.040963665
8.013000,0.350576844,-0.176465764,3.500026424,0.062412210,0.547411657,-0.042089169
8.014000,0.332358007,-0.173709346,3.528158725,0.060747498,0.544133751,-0.041553663
8.015000,0.328286738,-0.151859894,3.479973115,0.062042214,0.543549088,-0.039884206
8.016000,0.307584904,-0.175464656,3.488912058,0.069709336,0.545426314,-0.041648083
8.017000,0.361316496,-0.215171757,3.487874334,0.070521018,0.548049343,-0.042289937
8.018000,0.409699212,-0.290857272,3.352977484,0.066203238,0.554370636,-0.041312251
8.019000,0.451312256,-0.228104232,3.397747145,0.063591611,0.554200573,-0.041253051
8.020000,0.428572790,-0.179031668,3.525760767,0.059441246,0.552042445,-0.042715829
8.021000,0.347621911,-0.106007266,3.454656834,0.062634697,0.551431094,-0.044399819
8.022000,0.331945040,-0.106172639,3.424630112,0.067932450,0.552988982,-0.045530313
8.023000,0.386027183,-0.145744375,3.294012101,0.065818492,0.555358824,-0.043582111
8.024000,0.424147098,-0.027331440,3.159784445,0.063091222,0.557870528,-0.044553974
8.025000,0.457529327,0.069232986,3.169902088,0.063911901,0.558564946,-0.045690147
8.026000,0.454912515,0.039850426,3.209700829,0.065193636,0.562616258,-0.050199497
8.027000,0.486670400,-0.028929792,3.252321617,0.063966253,0.562729049,-0.052559882
8.028000,0.464598286,-0.108902900,3.152840072,0.064672867,0.564442761,-0.057413183
8.029000,0.560530917,-0.158113078,3.140326734,0.058761830,0.561502357,-0.056384338
8.030000,0.604421268,-0.098973153,3.124834909,0.047631276,0.563142493,-0.056703251
8.031000,0.599027074,0.050506810,3.199867480,0.047621701,0.562130184,-0.058396741
8.032000,0.611803740,0.067373069,3.119373965,0.043991347,0.564237030,-0.058795292
8.033000,0.660146567,0.053526650,2.987900619,0.043292607,0.564137163,-0.053836302
8.034000,0.613596554,0.041619761,2.881218705,0.052298767,0.564247506,-0.056567274
8.035000,0.614657078,-0.086946563,2.895273266,0.058151423,0.561819699,-0.056946452
8.036000,0.675707059,-0.241035780,2.899190555,0.056333173,0.564146842,-0.056393527
8.037000,0.754002435,-0.135395829,2.945810523,0.052773493,0.564723352,-0.057724197
8.038000,0.766571785,-0.038003304,2.997040842,0.047461317,0.563028845,-0.061242176
8.039000,0.779096118,-0.018934497,3.006471455,0.039569848,0.558584624,-0.059906025
8.040000,0.709492823,0.042473955,2.908713644,0.037355589,0.556659583,-0.058853349
8.041000,0.641982230,0.071932093,2.867496518,0.048481143,0.554612951,-0.058441749
8.042000,0.653196768,0.060390142,2.838654836,0.053894942,0.554195888,-0.056152410
8.043000,0.690755469,0.029823407,2.801702975,0.057726241,0.552340136,-0.049848125
8.044000,0.637693168,0.088622184,2.819855248,0.058974238,0.547753798,-0.048535168
8.045000,0.605485932,-0.022937719,2.893057855,0.053295269,0.542645419,-0.048547485
8.046000,0.614391726,-0.117491664,2.892388404,0.041577849,0.540249353,-0.045984796
8.047000,0.630328445,-0.044523885,2.838916278,0.037359815,0.540817144,-0.044082816
8.048000,0.549360358,0.054512285,2.861431238,0.035629670,0.536761832,-0.044698298
8.049000,0.516792461,0.073053500,2.797398373,0.035104666,0.531709209,-0.039677827
8.050000,0.473448672,0.094326761,2.676730959,0.038547132,0.528325288,-0.034505482
8.051000,0.431818002,0.093850052,2.656922543,0.049233522,0.523618547,-0.031124430
8.052000,0.422217043,0.000640370,2.691462540,0.049455193,0.519209909,-0.027418334
8.053000,0.433270566,-0.050554630,2.704156574,0.047489257,0.516872669,-0.021791872
8.054000,0.357261931,-0.014944848,2.801695468,0.049638657,0.512265268,-0.022990183
8.055000,0.351074511,-0.084846462,2.895459361,0.045392540,0.508428749,-0.021613358
8.056000,0.388287673,-0.086124077,2.750508718,0.039295634,0.508595625,-0.018853144
8.057000,0.430988773,0.070911641,2.684846129,0.037163889,0.504950598,-0.016294306
8.058000,0.387605132,0.063147807,2.657471189,0.040415299,0.501089802,-0.015794734
8.059000,0.369101853,0.046702657,2.626636253,0.043591177,0.496107722,-0.011459152
8.060000,0.299093406,0.041988092,2.582016183,0.052647232,0.492769220,-0.008620402
8.061000,0.259337166,-0.046632035,2.596079829,0.058544461,0.485826962,-0.003338658
8.062000,0.301663161,-0.119890458,2.689590181,0.052907702,0.483017977,0.003038367
8.063000,0.365012665,-0.010845912,2.633829102,0.047352068,0.480439628,0.008195955
8.064000,0.365960436,-0.009558087,2.731683595,0.044512806,0.477177195,0.008639757
8.065000,0.381180913,-0.083659035,2.668799198,0.042386731,0.474534437,0.011411749
8.066000,0.380241843,-0.043375649,2.568351441,0.042181849,0.472029523,0.013254390
8.067000,0.384306660,0.024667270,2.504357187,0.046868500,0.466498426,0.017052779
8.068000,0.387257242,-0.029852759,2.611575753,0.047560647,0.459598783,0.021743637
8.069000,0.382085556,-0.003374590,2.548661022,0.045208840,0.458427161,0.025506219
8.070000,0.402504512,0.016284288,2.532101640,0.046092008,0.452352239,0.029987859
8.071000,0.405652953,-0.029587908,2.535886478,0.050496874,0.450839637,0.034198407
8.072000,0.381160704,-0.037252721,2.524356063,0.048366502,0.445312292,0.036132792
8.073000,0.402934054,-0.027244011,2.466590398,0.051556617,0.442513196,0.039592602
8.074000,0.430695323,-0.068075306,2.615237202,0.052737331,0.436802398,0.039940225
8.075000,0.411261417,-0.103646697,2.535066006,0.050978208,0.434758868,0.042098329
8.076000,0.427721766,-0.062781413,2.451953743,0.044675628,0.432886453,0.044753348
8.077000,0.431164673,-0.015944543,2.354292065,0.046236868,0.432134594,0.047261050
8.078000,0.373947715,-0.064383002,2.416261209,0.042525944,0.424701181,0.047818372
8.079000,0.341666935,-0.060929279,2.372093291,0.046484226,0.417730615,0.051830481
8.080000,0.318041421,-0.121001299,2.425263669,0.055408841,0.412922503,0.051719674
8.081000,0.312764961,-0.215819787,2.434520935,0.053701584,0.406855444,0.054198238
8.082000,0.328754105,-0.189046492,2.422452791,0.045273685,0.404140394,0.057186946
8.083000,0.336557442,-0.065550347,2.368558449,0.041098100,0.400238194,0.058935213
8.084000,0.305184686,-0.044846328,2.414785045,0.040033311,0.396452739,0.055319772
8.085000,0.245316115,-0.163940058,2.321792168,0.044797315,0.393274034,0.054366599
8.086000,0.173951219,-0.229777860,2.191657912,0.058080293,0.389598074,0.050834445
8.087000,0.194260805,-0.332778125,2.252996251,0.064810549,0.382841570,0.051528701
8.088000,0.221739551,-0.335929926,2.335600580,0.056791725,0.378178566,0.052381234
8.089000,0.205072865,-0.158736810,2.429775706,0.044817853,0.374515798,0.052416073
8.090000,0.190143289,-0.038079339,2.430191302,0.034018094,0.371163305,0.051111881
8.091000,0.138271163,-0.052206091,2.425696638,0.032192768,0.366144427,0.048776373
8.092000,0.065280363,-0.212637244,2.231954881,0.039586861,0.360874745,0.046438326
8.093000,0.055607715,-0.212077601,2.156875017,0.047136881,0.356138964,0.048991309
8.094000,0.063653314,-0.143400788,2.021811975,0.051911570,0.355700489,0.049059895
8.095000,0.067763317,-0.096310830,2.068094230,0.051999090,0.353459572,0.047027926
8.096000,0.059921845,-0.171188755,2.139295825,0.047932205,0.351600854,0.043054343
8.097000,0.023420981,-0.238619854,2.161615339,0.043941752,0.346777395,0.039771698
8.098000,0.022162830,-0.325289671,2.127802112,0.044478461,0.342864530,0.036175310
8.099000,0.051734494,-0.308471396,2.118335977,0.041693728,0.339055062,0.035894450
8.100000,0.061089865,-0.213144821,2.143741729,0.039782476,0.337942792,0.033308470
8.101000,0.084704376,-0.167420091,2.108340494,0.031382170,0.336990108,0.030676081
8.102000,0.085666737,-0.135964498,1.985349610,0.023806921,0.336211280,0.027058661
8.103000,0.105192254,-0.165495284,1.978575282,0.021373741,0.331566271,0.024984753
8.104000,0.106317265,-0.213312264,2.014340881,0.017010958,0.325842944,0.023177858
8.105000,0.088396557,-0.241014131,1.974600023,0.018144359,0.321949604,0.023082237
8.106000,0.060989649,-0.126220237,1.945307736,0.019739348,0.319949986,0.020096588
8.107000,0.082286874,-0.165398202,1.903094292,0.018825367,0.320212801,0.016284341
8.108000,0.118136748,-0.209864645,1.875247502,0.012244293,0.319402554,0.012088806
8.109000,0.158741431,-0.185917535,1.826458887,0.006561354,0.319978315,0.007121712
8.110000,0.195430032,-0.133178139,1.906448770,-0.002540382,0.315866203,0.001700924
8.111000,0.238644721,-0.073787537,1.914779458,-0.009503796,0.312881294,-0.003075075
8.112000,0.232967923,0.036509983,1.879520784,-0.014797541,0.308981864,-0.006506934
8.113000,0.199097171,0.073830868,1.770206719,-0.014925844,0.307311924,-0.008105393
8.114000,0.162280540,0.012275891,1.665874268,-0.013764810,0.303471673,-0.009108729
8.115000,0.193855325,-0.009673737,1.590118472,-0.012842041,0.301340166,-0.007275716
8.116000,0.214857354,-0.018114939,1.576322185,-0.015394523,0.301681665,-0.009715928
8.117000,0.209416439,-0.023146617,1.652628796,-0.019630009,0.297692783,-0.013773170
8.118000,0.213770402,-0.086161803,1.667197180,-0.026507644,0.294906636,-0.017973357
8.119000,0.222864579,-0.034000818,1.669869363,-0.036385551,0.291525775,-0.022803369
8.120000,0.220570374,0.016629308,1.625397908,-0.040868588,0.292081679,-0.027965018
8.121000,0.244204126,0.039772343,1.560609484,-0.046700185,0.287870107,-0.028597559
8.122000,0.242964074,0.084732508,1.521043017,-0.051763741,0.287247947,-0.029644060
8.123000,0.233150748,0.153567220,1.465628975,-0.049747410,0.282307402,-0.029540959
8.124000,0.210692080,0.127598660,1.500285262,-0.046219295,0.277334205,-0.029739075
8.125000,0.203524845,0.073928361,1.421469272,-0.044543395,0.272866866,-0.025943945
8.126000,0.178213310,0.057392133,1.291400221,-0.039384918,0.272298706,-0.027515767
8.127000,0.205685596,0.039440267,1.283239156,-0.035245179,0.268029064,-0.027868492
8.128000,0.253034728,0.044670890,1.239037362,-0.034085672,0.266975921,-0.027990391
8.129000,0.274624047,0.104765680,1.255927963,-0.032860029,0.264234716,-0.027205620
8.130000,0.269487620,0.144043711,1.251465601,-0.028427211,0.259607679,-0.027533618
8.131000,0.260658171,0.152672524,1.186966565,-0.024497704,0.257524691,-0.026845912
8.132000,0.255882500,0.089155433,1.166576727,-0.021350667,0.251642788,-0.024237759
8.133000,0.257771736,0.007949171,1.136973028,-0.021883339,0.245954889,-0.020332947
8.134000,0.254087073,-0.010568167,1.129653910,-0.025279245,0.239738636,-0.016868173
8.135000,0.283672517,0.022415365,1.114965917,-0.026342981,0.235698280,-0.013096227
8.136000,0.312064395,0.011265152,1.210521754,-0.028856774,0.228840097,-0.008620358
8.137000,0.291357612,0.018362182,1.151602808,-0.027146052,0.224673953,-0.003545567
8.138000,0.237432399,0.067093750,1.094005225,-0.022018047,0.220047863,0.000679907
8.139000,0.167902052,0.064264595,0.998171832,-0.018190447,0.214630155,0.006667245
8.140000,0.116952338,0.061020691,0.937479721,-0.020201469,0.210133062,0.010692835
8.141000,0.096901608,0.180505148,0.896231518,-0.023693990,0.206252782,0.013417239
8.142000,0.064633446,0.271998321,0.834788750,-0.024795242,0.203277146,0.012683902
8.143000,0.032867748,0.307780842,0.818645932,-0.023002280,0.197922268,0.011296018
8.144000,-0.000653950,0.280834769,0.733086592,-0.011523217,0.192764466,0.009609537
8.145000,-0.020698506,0.223318888,0.690874186,0.003141745,0.185875004,0.007219114
8.146000,-0.039393192,0.168651110,0.669196409,0.011716421,0.180244629,0.007153149
8.147000,-0.045473915,0.150318488,0.663539970,0.011075253,0.174486673,0.008299864
8.148000,-0.028672726,0.199995384,0.715144347,0.002786870,0.167853332,0.009599371
8.149000,-0.060002802,0.256255984,0.763850305,-0.004402639,0.160983238,0.008219335
8.150000,-0.093633286,0.225782703,0.775330086,-0.007244109,0.154081510,0.005324388
8.151000,-0.132532475,0.173605534,0.679161640,-0.001214226,0.147922916,0.003890397
8.152000,-0.152719252,0.096566214,0.533426023,0.012658507,0.143286838,0.001495591
8.153000,-0.122841164,-0.026386094,0.444252145,0.024660548,0.138704492,0.001590482
8.154000,-0.077825020,-0.092849619,0.364615277,0.030729588,0.137073626,0.002257013
8.155000,-0.019406364,-0.106954832,0.363736123,0.032680655,0.134099342,0.001445905
8.156000,0.010556903,-0.132935615,0.377963275,0.034749818,0.130786181,-0.000925920
8.157000,0.004042782,-0.161451322,0.381400102,0.040022585,0.124178387,-0.001470151
8.158000,-0.054266824,-0.160596427,0.263792240,0.054028595,0.118913995,-0.004916635
8.159000,-0.060417795,-0.164651082,0.177575521,0.065765475,0.111647685,-0.006872492
8.160000,-0.064954970,-0.129333616,0.066058295,0.071468972,0.109155538,-0.009590103
8.161000,-0.023365383,-0.043851686,0.106617856,0.069074175,0.102809190,-0.011277365
8.162000,0.010849792,-0.001055564,0.137021270,0.064217727,0.099382197,-0.013138681
8.163000,0.032151548,0.017633885,0.220357951,0.059658730,0.094002248,-0.014353394
8.164000,0.000815052,0.033925099,0.217775373,0.062738146,0.087104984,-0.016353175
8.165000,-0.012329624,0.002889547,0.195490250,0.070046916,0.079226818,-0.016952112
8.166000,-0.029751260,-0.043088185,0.073513531,0.075887875,0.073509128,-0.017149484
8.167000,-0.009623795,-0.003476548,-0.003742182,0.081706401,0.068938516,-0.017464503
8.168000,0.022413947,0.013026892,-0.009922289,0.082381527,0.065071324,-0.020035509
8.169000,0.044030156,0.007404824,-0.009507290,0.077111620,0.061655083,-0.021961142
8.170000,0.021616909,0.008783743,-0.002911119,0.074726698,0.058122906,-0.024724184
8.171000,-0.017541566,-0.008022859,-0.039690593,0.076817818,0.054117461,-0.029568135
8.172000,-0.033489053,-0.023692991,-0.126386391,0.079840184,0.048336946,-0.031914278
8.173000,-0.008349795,-0.049159745,-0.202247264,0.088983879,0.044381929,-0.034316259
8.174000,0.024435350,-0.070358010,-0.235417636,0.095338806,0.040038111,-0.035603862
8.175000,0.064302003,-0.126401967,-0.295926134,0.097528232,0.037581406,-0.036084775
8.176000,0.040944695,-0.128158625,-0.337538388,0.101346620,0.033055026,-0.037320263
8.177000,-0.020095185,-0.220746643,-0.277724927,0.108703349,0.025856194,-0.039744270
8.178000,-0.057410301,-0.286601629,-0.272475051,0.110044497,0.016274457,-0.039238307
8.179000,-0.079417031,-0.306237594,-0.295552522,0.111655514,0.009973782,-0.038506045
8.180000,-0.073888022,-0.259116753,-0.268372001,0.110263933,0.004087132,-0.039628980
8.181000,-0.042712592,-0.202417169,-0.272208319,0.106871504,0.001138974,-0.038841987
8.182000,-0.070229324,-0.141346193,-0.283612214,0.100585508,-0.002539769,-0.039308700
8.183000,-0.079745206,-0.109071441,-0.309336561,0.096437044,-0.008182508,-0.038846036
8.184000,-0.132507862,-0.079971724,-0.388391261,0.092079599,-0.014751562,-0.037002764
8.185000,-0.170264755,-0.060585495,-0.383596367,0.090834258,-0.021123664,-0.035209133
8.186000,-0.187597937,-0.047187558,-0.374718141,0.091257046,-0.025132526,-0.033424255
8.187000,-0.211786667,-0.032408505,-0.442423630,0.093076111,-0.026547041,-0.030308854
8.188000,-0.227819531,-0.014338770,-0.545811365,0.095640157,-0.028162108,-0.028886248
8.189000,-0.248187149,-0.011124467,-0.669648576,0.098558283,-0.031067455,-0.027517264
8.190000,-0.257533526,-0.042691078,-0.746912823,0.099085837,-0.035258928,-0.026745852
8.191000,-0.204950371,0.030810731,-0.669025596,0.096254763,-0.040642899,-0.024041379
8.192000,-0.183364845,0.053299671,-0.600258959,0.096260321,-0.042478150,-0.022889283
8.193000,-0.135477621,0.100217388,-0.585632751,0.095003613,-0.045027320,-0.020630616
8.194000,-0.118538531,0.122281232,-0.662883356,0.096470776,-0.047558835,-0.018450132
8.195000,-0.119103013,0.084473281,-0.770747589,0.099499582,-0.051321086,-0.014728247
8.196000,-0.098813097,0.026785645,-0.848351682,0.109787041,-0.055147327,-0.011159753
8.197000,-0.066684026,-0.112597200,-0.829263472,0.118403233,-0.059856363,-0.007963763
8.198000,0.002206684,-0.305972426,-0.763268203,0.117234686,-0.063402959,-0.003000401
8.199000,0.086349848,-0.306943746,-0.689636838,0.109926010,-0.064652143,0.000655532
8.200000,0.148221885,-0.148095979,-0.680680544,0.097147154,-0.063299846,0.002606641
8.201000,0.185399047,-0.029495554,-0.727681752,0.084685298,-0.061878733,0.003268810
8.202000,0.172280351,-0.044157538,-0.846400568,0.080764359,-0.060806086,0.003639611
8.203000,0.164025330,-0.056633252,-0.976630822,0.085653804,-0.064054968,0.004539448
8.204000,0.144454529,-0.010185384,-1.132772778,0.090314199,-0.068660088,0.008714035
8.205000,0.132325820,0.022977454,-1.085763059,0.095024641,-0.074042063,0.012541923
8.206000,0.130580115,0.019504983,-0.926978635,0.087988250,-0.079897525,0.016323745
8.207000,0.153426726,0.030943879,-0.817317869,0.073685767,-0.080429508,0.021746858
8.208000,0.143893212,0.126505784,-0.800519215,0.059718609,-0.081225698,0.025790285
8.209000,0.134894990,0.250845824,-0.845213624,0.053608220,-0.083093978,0.026751022
8.210000,0.117858015,0.369610919,-1.088735424,0.053972293,-0.083242431,0.028592059
8.211000,0.122986205,0.424738877,-1.262110976,0.063330963,-0.085010503,0.031030498
8.212000,0.084517122,0.374517803,-1.189471273,0.073031146,-0.090974753,0.032483944
8.213000,0.066169584,0.250953776,-1.076271614,0.076175334,-0.094147521,0.032805932
8.214000,0.029922530,0.077922326,-0.849723873,0.064726842,-0.098159482,0.032755500
8.215000,0.036843777,0.015789113,-0.745254463,0.046940947,-0.100826820,0.036194599
8.216000,0.019592656,0.120622294,-0.928819805,0.028058116,-0.097572456,0.036390508
8.217000,0.012485883,0.188999684,-1.218251540,0.024719917,-0.095150282,0.033038315
8.218000,0.002834432,0.082796019,-1.359277246,0.031359505,-0.095991948,0.030460541
8.219000,-0.026375163,-0.069913359,-1.356802341,0.042506154,-0.101094052,0.028852829
8.220000,-0.047070960,-0.152842150,-1.177645986,0.053604460,-0.107943096,0.026926944
8.221000,-0.002662746,-0.229396381,-0.995836776,0.043502194,-0.113567595,0.034394537
8.222000,0.036364463,-0.047530726,-1.057620429,0.024903273,-0.111151589,0.038694884
8.223000,0.049266095,0.196382746,-1.093933332,0.008639930,-0.107031611,0.038926434
8.224000,0.000319455,0.173694431,-1.152395888,0.004607577,-0.103767487,0.037444645
8.225000,-0.081684346,0.065796709,-1.279029716,0.020767245,-0.110072423,0.035041367
8.226000,-0.129628090,-0.038868293,-1.365502692,0.045115423,-0.118103892,0.034119193
8.227000,-0.077946820,-0.061214936,-1.313686757,0.055421794,-0.122228142,0.039552213
8.228000,-0.052344235,0.060744920,-1.207979928,0.044630112,-0.119399155,0.042511101
8.229000,-0.036555765,0.228233264,-1.116289917,0.020823508,-0.117936415,0.044545680
8.230000,-0.069010036,0.327763824,-1.138605874,-0.000001542,-0.117388592,0.044186593
8.231000,-0.112982330,0.247865165,-1.310934652,-0.000637839,-0.119494042,0.040429202
8.232000,-0.141786555,0.015489181,-1.300474157,0.013114494,-0.123767931,0.039609990
8.233000,-0.083880118,-0.053863763,-1.229454815,0.013138178,-0.125334516,0.042053733
8.234000,-0.082869847,0.124564903,-1.270877954,0.013184617,-0.122369930,0.042736373
8.235000,-0.010231384,0.223965053,-1.235852663,0.009177740,-0.124138154,0.043451249
8.236000,0.056850315,0.211715000,-1.206217891,-0.016987381,-0.124880792,0.046689954
8.237000,0.080177008,0.179578991,-1.348525354,-0.024572471,-0.120834452,0.045837848
8.238000,0.050335328,-0.002455230,-1.364910226,-0.010500216,-0.122900960,0.042000225
8.239000,0.039209974,-0.241447158,-1.337116658,0.006772192,-0.125813127,0.041442416
8.240000,0.059188301,-0.267843067,-1.431132520,0.019903029,-0.123808596,0.044547721
8.241000,0.138849057,-0.075626907,-1.509926833,0.022207164,-0.119875933,0.045853943
8.242000,0.219349313,0.115637735,-1.371301232,0.006322960,-0.121588438,0.046192795
8.243000,0.244196159,0.157030682,-1.355080641,-0.006959494,-0.121607992,0.045014578
8.244000,0.177854782,0.105386486,-1.402443985,-0.000915799,-0.119842015,0.040235270
8.245000,0.106168701,-0.166494004,-1.345571518,0.025142805,-0.120903688,0.034786751
8.246000,0.102667023,-0.492497704,-1.361362999,0.041497802,-0.128469742,0.033787635
8.247000,0.211495410,-0.444482028,-1.433238509,0.038032094,-0.129821785,0.035007872
8.248000,0.332521948,-0.099302807,-1.268905493,0.018644194,-0.124912946,0.033720617
8.249000,0.357020676,0.184097402,-1.142250478,-0.004246089,-0.119051489,0.031492137
8.250000,0.249839197,0.175040720,-1.286111068,-0.005354947,-0.116632922,0.029311523
8.251000,0.087036987,-0.067407881,-1.502668140,0.021518372,-0.122780591,0.025468109
8.252000,0.017596431,-0.385395595,-1.567318702,0.044838742,-0.133778998,0.025099339
8.253000,0.053233663,-0.539555175,-1.527031744,0.047004100,-0.139594802,0.028149618
8.254000,0.191884675,-0.297880086,-1.364976279,0.031075575,-0.136904937,0.028783598
8.255000,0.293707072,0.078689739,-0.993201836,-0.009997086,-0.128456034,0.024956121
8.256000,0.193793530,0.267141984,-0.978863852,-0.031587521,-0.122071681,0.019235321
8.257000,0.018517044,0.163719792,-1.371834788,-0.012207340,-0.123519134,0.013164606
8.258000,-0.159300032,-0.128635276,-1.786237556,0.037093990,-0.133930175,0.009291346
8.259000,-0.203378977,-0.404651302,-1.917968467,0.069322196,-0.142934765,0.010866229
8.260000,-0.112540687,-0.406450857,-1.842501112,0.066521899,-0.143344612,0.012156494
8.261000,0.076382668,-0.084475082,-1.399319215,0.032201338,-0.139237428,0.009695353
8.262000,0.134234106,0.182534613,-1.090884747,-0.015521200,-0.135839734,0.003744800
8.263000,0.011305937,0.229089084,-1.121932695,-0.028924508,-0.132629210,-0.001819870
8.264000,-0.159366520,0.110760010,-1.424102458,-0.001951339,-0.131157604,-0.006642257
8.265000,-0.283287096,-0.184780717,-1.649799165,0.038911725,-0.136737607,-0.007971544
8.266000,-0.253558931,-0.428130900,-1.862780032,0.062130719,-0.141892846,-0.004264924
8.267000,-0.132270015,-0.291630474,-1.885560667,0.058287102,-0.143598090,-0.002723602
8.268000,0.020881935,-0.048722602,-1.556036050,0.027170282,-0.142112919,-0.004595452
8.269000,0.048240148,0.051938938,-1.215740936,-0.010465429,-0.137825814,-0.010722401
8.270000,-0.090123724,0.024044639,-1.238736334,-0.018621562,-0.138290905,-0.018554619
8.271000,-0.216559426,-0.108968946,-1.582978308,0.007223046,-0.144151744,-0.023590883
8.272000,-0.258953179,-0.236698525,-1.939025184,0.042927161,-0.148240271,-0.023895265
8.273000,-0.176329881,-0.228835045,-2.026666553,0.062258592,-0.149564243,-0.020401733
8.274000,-0.000336584,-0.062034478,-1.924312129,0.052242938,-0.143610752,-0.016803675
8.275000,0.109573308,0.121066765,-1.668964300,0.020297211,-0.138602932,-0.016623091
8.276000,0.094870536,0.159192834,-1.497729818,-0.007898286,-0.139901843,-0.020162887
8.277000,-0.034155231,0.099711647,-1.621292660,-0.008657464,-0.146403844,-0.025268992
8.278000,-0.133853586,0.008575004,-1.909107195,0.014067932,-0.154059293,-0.027372234
8.279000,-0.113440441,-0.079745024,-2.088120652,0.039452287,-0.155082130,-0.026107347
8.280000,0.008817200,-0.048390886,-2.082393251,0.046112236,-0.152302032,-0.022812331
8.281000,0.146252121,0.099555352,-1.959969055,0.031522232,-0.147116443,-0.019848302
8.282000,0.217172827,0.195595572,-1.809598204,0.012674714,-0.145517804,-0.020579252
8.283000,0.213021052,0.218890659,-1.682133959,-0.008542542,-0.147831354,-0.023261967
8.284000,0.119580896,0.228053809,-1.767348297,-0.014323797,-0.152959202,-0.026256168
8.285000,0.026404515,0.153848549,-2.072586660,0.005733791,-0.159301551,-0.028314778
8.286000,0.050021537,0.017718403,-2.228929524,0.027013179,-0.161091191,-0.027200420
8.287000,0.152180150,-0.024517546,-2.256158030,0.039327333,-0.159573785,-0.026124838
8.288000,0.251345091,-0.001637969,-2.094276685,0.034439350,-0.159131417,-0.026669883
8.289000,0.300778750,0.014585594,-1.929486727,0.013778968,-0.161174764,-0.026309690
8.290000,0.271545378,0.074785408,-1.920276707,-0.007202075,-0.166699574,-0.025341927
8.291000,0.186477842,0.133891119,-2.037612655,-0.011868297,-0.172394811,-0.025488051
8.292000,0.128964812,0.120652565,-2.153554870,-0.004985239,-0.177477661,-0.024333994
8.293000,0.139486298,0.078748897,-2.324218259,0.009103839,-0.177778095,-0.021224476
8.294000,0.183832955,0.071171780,-2.347429428,0.015123561,-0.177844580,-0.017803865
8.295000,0.238201511,0.067263797,-2.258531795,0.007771065,-0.178248174,-0.014850458
8.296000,0.252086894,0.123352139,-2.194009989,-0.010632360,-0.181803282,-0.013404622
8.297000,0.160327275,0.188375023,-2.173539201,-0.023679371,-0.188472935,-0.014669918
8.298000,0.084997073,0.187285575,-2.206016759,-0.024170260,-0.194470266,-0.015462374
8.299000,0.018952832,0.176091543,-2.344235044,-0.014421350,-0.198944486,-0.015597652
8.300000,0.032302019,0.147187116,-2.500603809,0.002930621,-0.200998880,-0.013769560
8.301000,0.067781267,0.084407521,-2.564105347,0.011548958,-0.202517279,-0.010956980
8.302000,0.109115164,0.058531110,-2.505853114,0.006672816,-0.206822643,-0.008638506
8.303000,0.108929102,0.054462778,-2.384005395,-0.006725418,-0.213024961,-0.007566219
8.304000,0.068788153,0.129463596,-2.329678671,-0.023523901,-0.216250160,-0.007103346
8.305000,0.004586461,0.189255562,-2.373690882,-0.032781522,-0.219967821,-0.009166466
8.306000,-0.019943093,0.105851584,-2.511121367,-0.030318567,-0.223212556,-0.010092294
8.307000,-0.027226506,-0.018359164,-2.657083170,-0.019712987,-0.225802934,-0.009914171
8.308000,0.022341571,-0.099119984,-2.706161633,-0.009522177,-0.229858389,-0.008629590
8.309000,0.072429641,-0.101734061,-2.644470567,-0.010858378,-0.234303357,-0.006396669
8.310000,0.124987528,0.000671386,-2.518876306,-0.020435580,-0.237692663,-0.004486989
8.311000,0.118101718,0.062320290,-2.388990293,-0.029314032,-0.242365382,-0.005350760
8.312000,0.086781447,0.042361951,-2.382607163,-0.030492179,-0.247987338,-0.005035123
8.313000,0.055872181,0.004567396,-2.530543735,-0.023995739,-0.252640002,-0.003516516
8.314000,0.038811210,0.011041704,-2.768576206,-0.010220790,-0.256057828,0.000242584
8.315000,0.066177623,0.008143834,-2.889007583,0.001269068,-0.258164496,0.002340725
8.316000,0.135639596,0.011727530,-2.805350568,-0.000708407,-0.259058155,0.005213437
8.317000,0.185176922,0.071859957,-2.649951943,-0.011173847,-0.260381055,0.005932226
8.318000,0.161981523,0.090970839,-2.542966060,-0.020878677,-0.265064107,0.004073030
8.319000,0.129221627,0.050745889,-2.600361118,-0.025558737,-0.271820840,0.003232608
8.320000,0.101058085,0.026472283,-2.731818861,-0.022315278,-0.276809509,0.003664114
8.321000,0.124149103,-0.014960584,-2.809492696,-0.014473507,-0.280597570,0.003188351
8.322000,0.193266848,-0.026540450,-2.830171405,-0.010400860,-0.283848905,0.004318463
8.323000,0.249309911,-0.012006422,-2.772545527,-0.011205641,-0.286661515,0.006889967
8.324000,0.271845975,-0.002760979,-2.626710138,-0.016422462,-0.294018030,0.007248618
8.325000,0.255760611,-0.027348488,-2.545120255,-0.021393238,-0.301569979,0.007962379
8.326000,0.258608490,-0.086605905,-2.558242223,-0.021197206,-0.306998516,0.007981524
8.327000,0.257822128,-0.139341046,-2.566288234,-0.017115274,-0.312163111,0.006725219
8.328000,0.280785190,-0.150970785,-2.670876706,-0.014601006,-0.313458206,0.008956067
8.329000,0.299634516,-0.101900919,-2.783797304,-0.012726054,-0.313107597,0.010024457
8.330000,0.319946199,-0.080620303,-2.794950451,-0.013256448,-0.314730295,0.011866254
8.331000,0.303598794,-0.099730033,-2.721989448,-0.018428943,-0.320086375,0.014321395
8.332000,0.285251296,-0.033919963,-2.786048336,-0.018844240,-0.323765674,0.014949791
8.333000,0.262630190,-0.066347667,-2.756170960,-0.016146394,-0.328808934,0.014644687
8.334000,0.260398041,-0.148317420,-2.769492303,-0.013326259,-0.332771916,0.015912091
8.335000,0.268003665,-0.102462137,-2.837029662,-0.012842769,-0.335125577,0.017161787
8.336000,0.290419218,-0.045579617,-2.824052638,-0.007788960,-0.337654941,0.016690801
8.337000,0.300863086,-0.062027311,-2.745415610,-0.004796186,-0.343421994,0.016419376
8.338000,0.313101817,-0.078610204,-2.760708756,-0.001947168,-0.347890029,0.018259627
8.339000,0.263849685,-0.088515200,-2.792850304,0.001605085,-0.353299451,0.017477054
8.340000,0.263222748,-0.129546017,-2.758072560,0.001096251,-0.358836729,0.016979450
8.341000,0.236960736,-0.143576876,-2.745557221,-0.005190312,-0.360836612,0.016179594
8.342000,0.204610454,-0.100344861,-2.773781025,-0.007086336,-0.361413855,0.013976403
8.343000,0.221846340,-0.062020752,-2.830767627,-0.007174712,-0.362574613,0.012882945
8.344000,0.246212196,-0.073980924,-2.924109489,-0.008498772,-0.363355201,0.012201471
8.345000,0.238684551,-0.072645848,-3.018480289,-0.010736491,-0.364107979,0.012590638
8.346000,0.223709757,-0.094405945,-3.064452176,-0.009828633,-0.367374431,0.009989559
8.347000,0.237463308,-0.144674579,-2.998908110,-0.013206638,-0.371034663,0.007538137
8.348000,0.269120977,-0.102361114,-2.976773245,-0.016652953,-0.372574046,0.009395413
8.349000,0.293945580,0.002193769,-3.048252066,-0.016514205,-0.372760802,0.010342113
8.350000,0.278142815,0.027057134,-3.039813740,-0.010588839,-0.376277794,0.009349417
8.351000,0.275274245,-0.012069583,-3.068694348,-0.001700174,-0.378970225,0.009674550
8.352000,0.263148978,-0.031514732,-3.115812496,0.009417611,-0.381687830,0.010620296
8.353000,0.270609826,-0.049221024,-3.089495061,0.015873933,-0.382654888,0.009689231
8.354000,0.319125417,-0.012942314,-3.084280302,0.010585778,-0.383262565,0.011048228
8.355000,0.348738867,0.072508397,-3.123322932,0.004237616,-0.380589356,0.009034304
8.356000,0.364209901,0.069212209,-3.036024240,0.000577576,-0.381476653,0.004599453
8.357000,0.343306262,0.002455146,-3.093902208,0.000020774,-0.380242581,0.001752828
8.358000,0.337746759,-0.025990279,-3.323443578,0.007955018,-0.379332904,0.000796200
8.359000,0.333364029,-0.091810923,-3.458253886,0.015203741,-0.380545638,-0.000192352
8.360000,0.381764016,-0.122282331,-3.439743044,0.012399512,-0.381411349,-0.000785370
8.361000,0.426858671,-0.071849355,-3.377137829,0.001836019,-0.383188072,-0.001883546
8.362000,0.445711573,0.000279513,-3.329190398,-0.003868879,-0.385203681,-0.003018000
8.363000,0.441561553,0.079908679,-3.309585788,-0.007887483,-0.385278023,-0.004789760
8.364000,0.427969432,0.103939110,-3.387915829,-0.004202409,-0.386319666,-0.008242542
8.365000,0.429606070,0.082495090,-3.507128232,0.005250378,-0.388077791,-0.009590982
8.366000,0.481928535,0.096140992,-3.469045827,0.013358330,-0.389536413,-0.007144759
8.367000,0.479861266,0.131872271,-3.411478774,0.017123297,-0.391121897,-0.007148002
8.368000,0.478351230,0.133358500,-3.360917712,0.014698661,-0.392783956,-0.006294518
8.369000,0.481109897,0.173705704,-3.317989525,0.008602717,-0.393034032,-0.005501135
8.370000,0.453168605,0.227845339,-3.362094959,0.008308546,-0.392059202,-0.007324083
8.371000,0.424726061,0.208229871,-3.397780901,0.008347868,-0.392041760,-0.009076670
8.372000,0.417182628,0.161275529,-3.493566866,0.013290019,-0.390589127,-0.010175294
8.373000,0.408447145,0.139273201,-3.615255183,0.016859681,-0.389103464,-0.011344791
8.374000,0.433235709,0.123944511,-3.704517479,0.016170629,-0.387136757,-0.013178299
8.375000,0.465699967,0.112316944,-3.607684138,0.010043960,-0.387660109,-0.016830648
8.376000,0.484393591,0.130218935,-3.551931757,0.004330263,-0.389648205,-0.020183137
8.377000,0.490366237,0.121465446,-3.534623496,0.003628336,-0.392696427,-0.022452913
8.378000,0.458040313,0.116475420,-3.479088975,0.014638481,-0.397627539,-0.023426326
8.379000,0.413860089,0.029167395,-3.602129298,0.028557945,-0.399145980,-0.024941447
8.380000,0.444030966,-0.081938377,-3.576859093,0.035652730,-0.402159065,-0.023458288
8.381000,0.514828543,-0.055211881,-3.512158349,0.037776808,-0.402893006,-0.021742754
8.382000,0.540913808,0.064234936,-3.407591071,0.030460223,-0.402265594,-0.021793058
8.383000,0.534721969,0.103675357,-3.391571054,0.018612100,-0.400558112,-0.023999763
8.384000,0.493677836,0.148239052,-3.414639779,0.017527084,-0.401945751,-0.025291893
8.385000,0.458122446,0.090568185,-3.515795378,0.024306655,-0.402217538,-0.026009279
8.386000,0.441778929,-0.037070842,-3.650710862,0.027701348,-0.403254551,-0.026479342
8.387000,0.441181932,-0.056877057,-3.699750545,0.026477064,-0.406914099,-0.023832217
8.388000,0.433449595,0.050189257,-3.707861970,0.023551630,-0.407039204,-0.022773688
8.389000,0.478523571,0.118492574,-3.593160672,0.012971540,-0.408019037,-0.024267284
8.390000,0.519577875,0.218530635,-3.480383983,0.006627492,-0.406736866,-0.025539688
8.391000,0.527618711,0.270174928,-3.452148730,0.013223908,-0.408832921,-0.029390903
8.392000,0.503300907,0.155625509,-3.532587198,0.026915589,-0.414555980,-0.029797775
8.393000,0.462030208,0.038840284,-3.574951318,0.041841185,-0.420660953,-0.029901202
8.394000,0.527259636,-0.000249602,-3.515837895,0.048950915,-0.426161679,-0.026857429
8.395000,0.598127066,-0.000266889,-3.333592237,0.042354511,-0.427883740,-0.022156713
8.396000,0.618736302,0.081468323,-3.268033908,0.031168597,-0.427425463,-0.020576006
8.397000,0.548048727,0.084325987,-3.252073725,0.022406960,-0.427808228,-0.020688948
8.398000,0.524937106,0.007931716,-3.404646884,0.016560159,-0.427548948,-0.018679180
8.399000,0.517907347,-0.014845228,-3.593682670,0.020655794,-0.428614502,-0.018266366
8.400000,0.519263630,-0.034237087,-3.703708886,0.028404911,-0.429116771,-0.019722010
8.401000,0.555637206,-0.036897162,-3.632247048,0.023669931,-0.432040887,-0.019117725
8.402000,0.595160448,0.047126156,-3.641302895,0.019169228,-0.429444575,-0.018592452
8.403000,0.623223339,0.078811780,-3.589187588,0.016640850,-0.428902781,-0.019756515
8.404000,0.647972847,-0.021586534,-3.576137608,0.016128938,-0.430409787,-0.021677874
8.405000,0.621870900,-0.067609410,-3.679023860,0.021618914,-0.434436633,-0.020342578
8.406000,0.615300006,-0.093666280,-3.632407619,0.038058154,-0.441734570,-0.019337359
8.407000,0.631699329,-0.057934581,-3.554555544,0.049141975,-0.447069039,-0.016420954
8.408000,0.648294539,-0.063114715,-3.525484692,0.049489444,-0.446193117,-0.012171189
8.409000,0.678384576,-0.059884848,-3.462679377,0.034478333,-0.445628994,-0.008038109
8.410000,0.671509480,0.018996142,-3.442978870,0.017371925,-0.450310749,-0.005695160
8.411000,0.637742011,0.147499084,-3.446366050,0.008680205,-0.455949689,-0.007720999
8.412000,0.598114935,0.134799740,-3.443953436,0.011572571,-0.457681512,-0.010893552
8.413000,0.587291517,0.019382150,-3.667861371,0.024349290,-0.455973565,-0.012961575
8.414000,0.573349455,-0.065969946,-3.853420666,0.037618780,-0.453862579,-0.013481796
8.415000,0.668194086,-0.165949140,-3.902067108,0.041462803,-0.453388813,-0.011785956
8.416000,0.692337069,-0.177453162,-3.818407630,0.036512838,-0.455962486,-0.009170042
8.417000,0.715373056,-0.120926840,-3.669866558,0.026499473,-0.460000660,-0.008135864
8.418000,0.727418419,-0.107396034,-3.497997186,0.014209240,-0.464651303,-0.007251763
8.419000,0.717129824,-0.024705774,-3.547889854,0.012181994,-0.464211464,-0.004517433
8.420000,0.681097872,0.034313650,-3.702079789,0.027033466,-0.463398246,-0.002823504
8.421000,0.660410796,-0.009186219,-3.755800663,0.033755160,-0.470741791,-0.001175933
8.422000,0.647705637,-0.058609817,-3.830888402,0.032423446,-0.473454518,0.003255438
8.423000,0.663785716,-0.032302671,-3.738935562,0.029829489,-0.477529731,0.002811978
8.424000,0.684560230,-0.009738060,-3.486453291,0.024570555,-0.481052776,0.002996978
8.425000,0.648776563,-0.034358100,-3.587252949,0.016743549,-0.481130000,0.004564249
8.426000,0.641651513,0.026291354,-3.798019154,0.025134590,-0.481539236,0.005251498
8.427000,0.593783486,-0.014753862,-3.846619518,0.033228734,-0.487941335,0.005150274
8.428000,0.602010337,-0.126076285,-3.922602558,0.037456907,-0.487989494,0.008618854
8.429000,0.621401183,-0.165575334,-3.856287934,0.033651210,-0.488478601,0.010819693
8.430000,0.668378741,-0.062645878,-3.743266167,0.020930586,-0.487828446,0.013574976
8.431000,0.645205233,0.129297070,-3.699029417,0.003400231,-0.486561398,0.013863258
8.432000,0.645108052,0.210561348,-3.765890508,-0.000898324,-0.488379718,0.011676042
8.433000,0.588858876,0.090600235,-3.823964853,0.008091897,-0.492952266,0.008444940
8.434000,0.573423330,-0.056462667,-3.871750461,0.022956830,-0.497309570,0.010482414
8.435000,0.598143563,-0.091376007,-3.930248416,0.033199808,-0.499729408,0.012493255
8.436000,0.641212198,-0.034088471,-3.799586918,0.035794726,-0.500660562,0.015267765
8.437000,0.635347462,-0.005970593,-3.706328078,0.026660310,-0.503097378,0.016309627
8.438000,0.658970414,0.071022347,-3.664972773,0.017812759,-0.503837058,0.018671363
8.439000,0.613293940,0.053763852,-3.779420753,0.013732496,-0.503719980,0.016504087
8.440000,0.581897010,0.075004501,-3.883277909,0.019811314,-0.504213078,0.013963775
8.441000,0.580781603,-0.028984817,-3.907270642,0.024283631,-0.506774877,0.013730917
8.442000,0.591050684,-0.024234268,-3.976680728,0.028498817,-0.505370817,0.012725737
8.443000,0.611852043,0.029329333,-3.807235889,0.025949643,-0.507422600,0.010725352
8.444000,0.671448895,0.038172477,-3.805488510,0.015485994,-0.506696437,0.012507000
8.445000,0.666125258,-0.008981580,-3.794531370,0.008453393,-0.505587867,0.011706919
8.446000,0.679674617,-0.033351948,-3.807268255,0.007923019,-0.509039829,0.009539623
8.447000,0.639604989,-0.070471646,-3.784560155,0.007453469,-0.513059235,0.008714743
8.448000,0.638004784,-0.018331441,-3.924464387,0.008823776,-0.510425004,0.011991680
8.449000,0.673422246,0.139810402,-3.981598933,0.013610231,-0.509376515,0.015987237
8.450000,0.691189620,0.218193861,-4.023625314,0.017059628,-0.507055847,0.016481090
8.451000,0.643197830,0.066403903,-3.894605329,0.015740380,-0.511786742,0.015430337
8.452000,0.613158466,-0.015302598,-3.812615729,0.016163854,-0.516535387,0.014898818
8.453000,0.634082854,0.033436829,-3.819922817,0.013835604,-0.517936108,0.012933519
8.454000,0.689674633,0.027144668,-3.820857813,0.005221794,-0.517347257,0.013908122
8.455000,0.738217966,0.153885288,-3.841325088,-0.005611227,-0.515672550,0.014851864
8.456000,0.770283809,0.279008720,-3.809542994,-0.003282433,-0.514683345,0.014185766
8.457000,0.706332634,0.189444965,-3.681617118,0.002007958,-0.517836116,0.014388570
8.458000,0.641438180,0.125768835,-3.845950444,0.014195280,-0.516975388,0.016941839
8.459000,0.611863341,0.056735262,-4.031447127,0.022483351,-0.519023174,0.015951894
8.460000,0.617364426,0.006521396,-3.950098380,0.023009292,-0.519149618,0.015080615
8.461000,0.653669311,0.007775159,-3.788078578,0.013713746,-0.518830134,0.011318386
8.462000,0.636557971,0.040753451,-3.734076537,0.010505760,-0.515925406,0.005092680
8.463000,0.660988771,-0.087111454,-3.610799029,0.009762550,-0.516394786,0.000131067
8.464000,0.705138560,-0.156679631,-3.850891905,0.005298511,-0.511650828,0.001870583
8.465000,0.696421737,0.064743417,-3.923834178,0.005557222,-0.514161185,0.000755898
8.466000,0.657883266,0.150222128,-3.836621482,0.011090202,-0.514436960,-0.000426060
8.467000,0.618334136,0.076612224,-3.610399098,0.014591897,-0.517926762,0.000294754
8.468000,0.551629814,0.068770831,-3.723326048,0.020451156,-0.516712818,-0.000592841
8.469000,0.526948321,0.037724017,-3.796168768,0.029444059,-0.519074278,-0.003207947
8.470000,0.500908951,-0.195616449,-3.740833895,0.033091618,-0.519623865,-0.004421207
8.471000,0.550033051,-0.226634143,-3.661815575,0.021949120,-0.518863626,-0.004167963
8.472000,0.564859278,-0.051492690,-3.658472372,0.015201020,-0.513518616,-0.001916528
8.473000,0.612424683,0.040791432,-3.546222662,0.009562264,-0.511193044,0.003029242
8.474000,0.599555573,0.072327075,-3.640581919,-0.000303848,-0.507885604,0.009727127
8.475000,0.542725792,0.153480296,-3.704177494,-0.000406769,-0.508208966,0.013075822
8.476000,0.454321607,0.202189138,-3.670426058,0.006990035,-0.509332930,0.012705934
8.477000,0.419150481,0.067890345,-3.653381213,0.011496207,-0.506185759,0.010704166
8.478000,0.416203195,0.026852862,-3.762997234,0.011111216,-0.502179912,0.007157758
8.479000,0.460653027,0.017303463,-3.735454520,0.013589693,-0.499757226,-0.000560811
8.480000,0.501990305,-0.085609565,-3.501997720,0.007846578,-0.501206796,-0.005719167
8.481000,0.495092977,-0.043356594,-3.491917149,0.009478742,-0.496540948,-0.006881726
8.482000,0.506035275,0.070483017,-3.548841237,0.017747351,-0.494702821,-0.006292008
8.483000,0.551895340,0.000830274,-3.667629551,0.023664526,-0.486922836,-0.002304683
8.484000,0.613453604,-0.063055873,-3.716466315,0.023863964,-0.480024504,0.003923109
8.485000,0.651427629,-0.086577270,-3.635942021,0.029374171,-0.475187041,0.003403564
8.486000,0.659971714,-0.248335251,-3.338473266,0.024167845,-0.474915205,0.001487742
8.487000,0.705172009,-0.295950630,-3.253549660,0.017321598,-0.472896580,0.002204942
8.488000,0.720019744,-0.236301864,-3.373540311,0.014284744,-0.468381645,0.002350859
8.489000,0.679049146,-0.227656478,-3.432973814,0.009976111,-0.470369976,0.001872393
8.490000,0.686262528,-0.260687641,-3.399038638,0.011485460,-0.470380228,0.004479598
8.491000,0.682640619,-0.229737969,-3.409751695,0.013192139,-0.466699437,0.008464238
8.492000,0.650224899,-0.057809556,-3.466643077,0.021242315,-0.459604724,0.013581411
8.493000,0.670490544,-0.021138153,-3.550333737,0.024073191,-0.451792440,0.019329991
8.494000,0.694317523,-0.070662230,-3.547738819,0.015611500,-0.446415656,0.025796477
8.495000,0.649773882,-0.028129431,-3.540791294,0.008208422,-0.442848058,0.023879042
8.496000,0.649069806,-0.046696195,-3.304079619,0.008861465,-0.441589135,0.022539959
8.497000,0.632272143,-0.067178138,-3.200800095,0.001128871,-0.438392781,0.023926936
8.498000,0.628543253,0.119329751,-3.303017832,0.000503482,-0.432928808,0.026058740
8.499000,0.618351425,0.231053438,-3.318405674,-0.000355003,-0.429512539,0.026212669
8.500000,0.613210061,0.182380044,-3.269096489,0.003344958,-0.426789149,0.027109789
8.501000,0.571870907,0.146759768,-3.380636379,0.009992101,-0.422069198,0.026443357
8.502000,0.525297963,0.047092257,-3.311208013,0.021262686,-0.419349132,0.026034272
8.503000,0.553314979,-0.095286576,-3.351501747,0.013447657,-0.416593315,0.029015087
8.504000,0.594545285,-0.065088088,-3.371795407,0.002919946,-0.409183381,0.030042811
8.505000,0.602846258,-0.040390296,-3.246035088,-0.002745136,-0.406439275,0.024802272
8.506000,0.589427881,-0.173104550,-3.056071190,-0.008424521,-0.402090100,0.023802857
8.507000,0.641636905,-0.121165595,-3.159950528,-0.009282041,-0.395331186,0.022664304
8.508000,0.639240593,-0.020423664,-3.281642052,-0.002416607,-0.387786329,0.020098289
8.509000,0.607370935,-0.143463641,-3.272768301,0.001576114,-0.385295884,0.017725589
8.510000,0.650822963,-0.168357140,-3.300564513,0.003693813,-0.382162462,0.017690541
8.511000,0.677182305,-0.127255421,-3.166754900,0.007461904,-0.379531253,0.015340640
8.512000,0.618637018,-0.140546761,-3.097311279,0.009822020,-0.374118857,0.011042491
8.513000,0.632360538,-0.214257856,-3.077338991,-0.001634117,-0.370951241,0.009484964
8.514000,0.708879453,-0.073890062,-3.181267361,-0.008578486,-0.365370579,0.013981365
8.515000,0.657942267,0.071516542,-3.113965676,-0.011435147,-0.364153193,0.012936006
8.516000,0.642080445,0.172136961,-3.032284680,-0.018117758,-0.361243960,0.013101452
8.517000,0.625610253,0.215689018,-3.078029380,-0.021026871,-0.356634764,0.012372708
8.518000,0.570618312,0.203517972,-3.021907857,-0.015058724,-0.354572181,0.007757953
8.519000,0.544140136,0.044043104,-2.921360318,-0.017788775,-0.354575882,0.003817207
8.520000,0.591747864,0.022344914,-2.877340905,-0.024324817,-0.352263084,0.004308775
8.521000,0.618900634,0.063156924,-2.872975581,-0.029935909,-0.346242057,0.001501682
8.522000,0.662757831,0.149890718,-2.782032394,-0.034398578,-0.341499882,0.002912758
8.523000,0.707227394,0.229939875,-2.841060678,-0.040763399,-0.335658062,0.002063561
8.524000,0.657109358,0.290473959,-2.993953243,-0.031465743,-0.330766045,0.003902043
8.525000,0.567583442,0.213325137,-2.925967782,-0.010615295,-0.331633975,0.000077098
8.526000,0.548479622,0.006631148,-2.879216587,0.001220678,-0.328040155,0.002093636
8.527000,0.572150688,-0.052567038,-2.886675246,0.005367778,-0.322646290,0.000125138
8.528000,0.607732508,-0.082153087,-2.894872475,-0.000768059,-0.316529595,-0.002606703
8.529000,0.687704145,-0.097199596,-2.701019686,-0.021782236,-0.311738201,-0.005934462
8.530000,0.724011132,-0.034695456,-2.729097753,-0.036721525,-0.305785037,-0.009126849
8.531000,0.718559166,0.075858805,-2.664576201,-0.036604297,-0.305169520,-0.011150949
8.532000,0.637269347,0.051352404,-2.690645273,-0.029795348,-0.307056306,-0.010051024
8.533000,0.608040417,0.089775765,-2.806080356,-0.023032567,-0.308712803,-0.008080627
8.534000,0.528217580,0.077015177,-2.816498876,-0.010685090,-0.307602320,-0.008199950
8.535000,0.532875179,0.040153451,-2.652489871,-0.012037924,-0.306475994,-0.008224951
8.536000,0.547350097,0.049835523,-2.598923348,-0.019007962,-0.299031309,-0.012024898
8.537000,0.585563986,0.085746596,-2.544546177,-0.024469296,-0.296428062,-0.016450318
8.538000,0.602724313,0.071814991,-2.441190855,-0.028293565,-0.294169671,-0.017312435
8.539000,0.608024186,0.095724901,-2.569115910,-0.032492210,-0.293860720,-0.017728999
8.540000,0.587491293,0.229818777,-2.594709262,-0.026474862,-0.292857669,-0.015699877
8.541000,0.547212929,0.335413174,-2.475414543,-0.023630090,-0.291665853,-0.014532538
8.542000,0.531979581,0.355708471,-2.529488180,-0.021032874,-0.287067299,-0.011772722
8.543000,0.501732614,0.269855910,-2.515614539,-0.012954583,-0.283527857,-0.014852562
8.544000,0.457755497,0.020487755,-2.404254779,-0.010625929,-0.284561011,-0.016329490
8.545000,0.449407801,-0.013131028,-2.541493028,-0.012520383,-0.279929271,-0.018713855
8.546000,0.514856349,0.083690135,-2.576900664,-0.012000467,-0.274412737,-0.021171092
8.547000,0.551415289,0.162889332,-2.416131442,-0.019277915,-0.273081803,-0.023426025
8.548000,0.542884760,0.130741384,-2.376682646,-0.022497173,-0.270263365,-0.023058494
8.549000,0.547172284,0.117561388,-2.394576263,-0.019092532,-0.268994623,-0.023288713
8.550000,0.518398143,0.057905365,-2.385870611,-0.009529900,-0.267917238,-0.023250011
8.551000,0.519363701,-0.009840064,-2.435580809,-0.010027900,-0.267466025,-0.022130081
8.552000,0.538630414,-0.094454695,-2.329097896,-0.007670658,-0.266273575,-0.023100425
8.553000,0.572577591,-0.078164461,-2.243083369,-0.007110270,-0.265788370,-0.028218806
8.554000,0.530245891,-0.081374845,-2.132003174,-0.003522368,-0.263791447,-0.030754065
8.555000,0.515644303,-0.092429063,-2.094271013,-0.000298161,-0.261965685,-0.031775910
8.556000,0.482427730,-0.017242723,-2.309423999,0.002102089,-0.258710928,-0.028026104
8.557000,0.505070942,0.021766314,-2.341679997,-0.003341487,-0.256375879,-0.023873851
8.558000,0.496344637,0.130935559,-2.196738799,-0.007882148,-0.256141089,-0.021334997
8.559000,0.465862528,0.158054200,-2.059688700,-0.009431860,-0.254977069,-0.020971643
8.560000,0.455622766,0.079807284,-1.994583634,-0.007935086,-0.253458160,-0.021006037
8.561000,0.392921655,0.006921298,-1.982572674,-0.012743441,-0.252269614,-0.022711437
8.562000,0.364140689,0.003464903,-2.003820792,-0.016278536,-0.252399283,-0.023658168
8.563000,0.356990988,0.058074805,-2.068947548,-0.017444323,-0.250517431,-0.025222266
8.564000,0.378920272,0.088643805,-1.939236633,-0.023204953,-0.251807569,-0.025610135
8.565000,0.381212655,0.182079504,-1.919332289,-0.019619894,-0.250151373,-0.025454112
8.566000,0.372611429,0.150442205,-2.018498623,-0.005890337,-0.247237880,-0.023440994
8.567000,0.334537170,0.020626155,-2.080011868,0.004245877,-0.244596233,-0.021120801
8.568000,0.335489103,-0.085752024,-2.060705760,0.008694715,-0.243614930,-0.016435534
8.569000,0.375302163,-0.055625457,-1.872642857,0.014914623,-0.240813563,-0.017985961
8.570000,0.386013737,-0.096224198,-1.732253514,0.010764213,-0.239392961,-0.019416246
8.571000,0.394247532,-0.141938482,-1.719266324,0.001479181,-0.235062076,-0.019275723
8.572000,0.379495776,-0.037346871,-1.847728021,-0.005789261,-0.231498885,-0.020697478
8.573000,0.346703548,-0.053916668,-1.737875160,-0.008049199,-0.235345584,-0.022392844
8.574000,0.352221733,-0.111352125,-1.688325977,-0.011378026,-0.235015204,-0.018656846
8.575000,0.319250353,0.029342815,-1.794807613,-0.006345378,-0.230779448,-0.017641180
8.576000,0.277297074,0.059658605,-1.828144705,0.004250527,-0.225929842,-0.017275412
8.577000,0.278927882,-0.111378058,-1.781568190,0.009929641,-0.222103013,-0.015012247
8.578000,0.289301369,-0.183030022,-1.825693566,0.012673954,-0.218516664,-0.013985206
8.579000,0.289650064,-0.166822428,-1.702315768,0.013960999,-0.215513958,-0.013281630
8.580000,0.310825325,-0.043387021,-1.578066814,0.016201754,-0.215965132,-0.012502482
8.581000,0.322732056,-0.050706034,-1.539825087,0.007156644,-0.215738253,-0.008689822
8.582000,0.344354230,0.050898570,-1.539238202,-0.006654680,-0.213035872,-0.002545294
8.583000,0.271389543,0.215761874,-1.469452288,-0.007990991,-0.211580243,-0.004617144
8.584000,0.190116495,0.196114989,-1.316939987,-0.004672704,-0.213667250,-0.003488784
8.585000,0.188856720,0.173334445,-1.427668976,-0.002487384,-0.210938832,0.001221126
8.586000,0.157622375,0.221758006,-1.650867770,0.011607429,-0.202715651,0.001248405
8.587000,0.136082883,0.046834962,-1.586334045,0.019152662,-0.200481597,-0.002333620
8.588000,0.252729494,-0.160879358,-1.532417920,0.014460246,-0.197478339,0.001785061
8.589000,0.284575797,-0.071104389,-1.459957166,0.010735775,-0.192121053,0.000618486
8.590000,0.258180705,-0.032839681,-1.267237437,0.008228030,-0.189941166,-0.001522714
8.591000,0.303775624,-0.085945414,-1.158550173,-0.003110810,-0.188373309,0.004352061
8.592000,0.313442381,0.038330172,-1.416488736,-0.002389521,-0.178231725,0.009727787
8.593000,0.230596343,0.090313773,-1.447139650,0.007838209,-0.177050053,0.007482715
8.594000,0.229593945,-0.044527474,-1.380396480,0.013677213,-0.177348029,0.009791063
8.595000,0.253647998,-0.061385788,-1.332400742,0.020279695,-0.172769975,0.011949446
8.596000,0.233183632,-0.079182245,-1.360385185,0.023572044,-0.166867833,0.010535895
8.597000,0.190905461,-0.094374725,-1.339783774,0.018750137,-0.164063094,0.009556031
8.598000,0.221367462,-0.052803273,-1.343976242,0.014475429,-0.159308257,0.010859431
8.599000,0.262965233,-0.038238690,-1.237362756,0.013628169,-0.156616022,0.010704892
8.600000,0.271023868,-0.040480450,-1.152662751,0.012994509,-0.154170454,0.013437377
8.601000,0.277084780,-0.036540364,-1.027201748,0.014476063,-0.151596979,0.016029620
8.602000,0.275816339,0.045194139,-1.114578089,0.013019068,-0.148575003,0.021294296
8.603000,0.228423589,0.148203280,-1.079990292,0.005128209,-0.148472295,0.023262934
8.604000,0.197797033,0.255745335,-1.070505696,-0.001706437,-0.146494552,0.024790942
8.605000,0.171722948,0.240349084,-1.009604842,0.000852930,-0.143777057,0.022152416
8.606000,0.140214096,0.114764536,-0.961338073,0.005766783,-0.141371522,0.021332987
8.607000,0.164482058,-0.011977583,-0.969475243,0.006376829,-0.138991278,0.020267438
8.608000,0.201987942,-0.024113273,-1.055188671,0.008942549,-0.132092195,0.023590074
8.609000,0.202147170,0.039582836,-1.019333015,0.006186461,-0.126863410,0.023753963
8.610000,0.232998506,0.079861008,-0.970075062,-0.000897696,-0.122483646,0.024786008
8.611000,0.274196666,0.138839737,-0.893588229,-0.002217073,-0.118978224,0.026624158
8.612000,0.230256546,0.134971336,-0.848741165,0.009010262,-0.117367160,0.026395533
8.613000,0.137852976,-0.002794018,-0.839098827,0.014289817,-0.118796514,0.027576619
8.614000,0.110991121,-0.015712366,-0.936117214,0.019126541,-0.117180973,0.028671377
8.615000,0.123900412,0.038637521,-0.924352126,0.022111194,-0.112586704,0.027144502
8.616000,0.145325526,-0.098776481,-0.756784219,0.014047216,-0.110390990,0.025204891
8.617000,0.217481818,-0.111356564,-0.737312853,0.002492487,-0.106584775,0.026211193
8.618000,0.185633493,-0.060685949,-0.726224027,0.007118681,-0.101585499,0.023939246
8.619000,0.159822776,-0.139446876,-0.754649538,0.011962721,-0.099725838,0.023674745
8.620000,0.152523576,-0.209000492,-0.770069384,0.007797558,-0.099302145,0.030313550
8.621000,0.137932897,0.001884243,-0.872398527,0.008259024,-0.094842381,0.033800424
8.622000,0.115378977,0.104598643,-0.671075624,0.006278983,-0.093808645,0.033055516
8.623000,0.106159292,0.046448496,-0.502958894,-0.009419363,-0.093077377,0.035046281
8.624000,0.091894555,0.186913473,-0.544445701,-0.015072036,-0.088192061,0.035064316
8.625000,0.017718755,0.196470137,-0.570964315,-0.007919934,-0.088101346,0.030010476
8.626000,0.001936962,-0.011314923,-0.541088548,-0.005761197,-0.087749170,0.029495975
8.627000,0.059934796,-0.108427513,-0.610712896,-0.005602949,-0.086385694,0.033346731
8.628000,0.127523489,-0.000807904,-0.617610266,-0.001586520,-0.081711189,0.035400936
8.629000,0.114436369,0.031531915,-0.373133798,-0.007486911,-0.078056539,0.035052476
8.630000,0.078461050,0.044441197,-0.351184729,-0.021516307,-0.071621173,0.037501184
8.631000,0.088652222,0.123326203,-0.429329853,-0.026517808,-0.067451241,0.037601826
8.632000,0.052562908,0.135304770,-0.523897422,-0.024642091,-0.063859021,0.036226421
8.633000,0.017837127,0.044568612,-0.618109183,-0.023297696,-0.061206396,0.035571458
8.634000,0.038777093,0.025597848,-0.696149572,-0.022288522,-0.058858700,0.036320289
8.635000,0.066512199,0.045779726,-0.558633227,-0.018770455,-0.056442374,0.035753042
8.636000,0.128604206,-0.094729144,-0.387525393,-0.016644374,-0.053020217,0.032923650
8.637000,0.196322794,-0.240783456,-0.276494755,-0.019057915,-0.051562433,0.033903598
8.638000,0.192612101,-0.226469588,-0.314455183,-0.019515442,-0.050571004,0.034763170
8.639000,0.153047391,-0.148036365,-0.379819668,-0.020342867,-0.048581239,0.033522256
8.640000,0.141866678,-0.086616721,-0.380080750,-0.023764461,-0.046900943,0.032902819
8.641000,0.148676229,-0.038455503,-0.363040586,-0.024819926,-0.044563627,0.032915183
8.642000,0.157594085,-0.001955274,-0.302050126,-0.024825725,-0.042125544,0.031536571
8.643000,0.115497080,-0.023069856,-0.234926877,-0.030593237,-0.040067510,0.030311242
8.644000,0.123169529,-0.001996596,-0.269987766,-0.036966444,-0.039735986,0.030913982
8.645000,0.089300328,-0.003960611,-0.344861112,-0.039824794,-0.037737055,0.031077060
8.646000,0.139930963,0.022888116,-0.309794396,-0.040343462,-0.036099248,0.031171582
8.647000,0.155536352,0.062088095,-0.352349367,-0.040198825,-0.031369110,0.031932206
8.648000,0.158498144,0.059260731,-0.262637139,-0.031600838,-0.030567285,0.030955060
8.649000,0.101597697,-0.048285916,-0.188341834,-0.026156310,-0.032281426,0.028551674
8.650000,0.095138960,-0.103945935,-0.170596540,-0.029456448,-0.034868830,0.030797725
8.651000,0.089262483,0.007246382,-0.182183093,-0.034474909,-0.034915028,0.030467239
8.652000,0.086201945,-0.001017226,-0.102164680,-0.044227032,-0.034492770,0.030027160
8.653000,0.061397879,-0.009011296,-0.094308367,-0.056782704,-0.031980500,0.029637056
8.654000,0.028871577,0.036062472,-0.080577401,-0.058704041,-0.028864480,0.027817943
8.655000,0.003672203,0.009946214,-0.138774542,-0.059315610,-0.028387299,0.026712019
8.656000,0.032452685,-0.003421760,-0.198257681,-0.058342486,-0.026367906,0.026689699
8.657000,0.025708798,0.029587118,-0.167631513,-0.054680465,-0.025512564,0.025823085
8.658000,0.022411818,-0.017212110,-0.164396628,-0.053170686,-0.024773736,0.025706560
8.659000,0.005100591,-0.067537535,-0.133015007,-0.055522872,-0.024999682,0.026452161
8.660000,-0.011078654,-0.041958821,-0.203829694,-0.051530219,-0.022665533,0.027437582
8.661000,-0.019692621,-0.024523024,-0.139249076,-0.047847618,-0.023198451,0.026127193
8.662000,0.009226193,-0.050556839,-0.110187034,-0.045498031,-0.021048018,0.026032608
8.663000,-0.000981080,-0.014708346,-0.047020588,-0.044023442,-0.020459485,0.023549049
8.664000,-0.000875323,0.071793839,-0.025993828,-0.046919977,-0.019512224,0.022376670
8.665000,-0.013387115,0.083948960,-0.020359192,-0.054989010,-0.018887649,0.020930393
8.666000,-0.024313650,0.066422981,-0.005574860,-0.061741566,-0.019023879,0.019818955
8.667000,-0.004861373,0.036316051,0.098104640,-0.070634129,-0.019873011,0.019448367
8.668000,-0.010384511,0.053337587,0.104685043,-0.074118369,-0.018830774,0.019242550
8.669000,-0.015638536,0.016643875,0.022854005,-0.076669181,-0.017819266,0.019305874
8.670000,-0.015143281,0.039973618,-0.066627506,-0.077749130,-0.016261392,0.019898673
8.671000,-0.017927320,0.103047867,-0.043633018,-0.078757914,-0.015118083,0.019168669
8.672000,0.009589783,0.110340505,0.059653718,-0.079616160,-0.014067148,0.018518571
8.673000,0.038123779,0.186666644,0.106296696,-0.079220346,-0.013474269,0.017588191
8.674000,0.037796002,0.272115964,0.109690050,-0.075865266,-0.010492156,0.016281966
8.675000,0.025827097,0.278885359,0.054180220,-0.069608382,-0.008298286,0.015963496
8.676000,0.033424755,0.232361054,-0.048966301,-0.058054342,-0.006779720,0.014772782
8.677000,0.016441205,0.128795580,-0.131251505,-0.047574641,-0.004742356,0.012300338
8.678000,0.045051394,0.020472874,-0.070200813,-0.040302095,-0.003998698,0.009024160
8.679000,0.101684310,0.006757426,0.043424251,-0.043189841,-0.004526307,0.008300087
8.680000,0.111691832,0.083197563,0.124522255,-0.049462925,-0.002063631,0.005736065
8.681000,0.084857275,0.100744250,0.183688131,-0.058156540,-0.001717871,0.002050350
8.682000,0.087873087,0.044181646,0.179382783,-0.065049513,0.000062157,0.001371864
8.683000,0.081809559,0.009822431,0.128389554,-0.068083626,0.000750971,0.002149044
8.684000,0.084667686,0.029980387,0.168685619,-0.070927005,0.000508264,0.002458451
8.685000,0.087315848,0.053364125,0.167980431,-0.075576601,0.000224240,0.004466876
8.686000,0.093349067,0.112469443,0.193793216,-0.079460717,0.001124709,0.004007558
8.687000,0.053256556,0.146823160,0.234934555,-0.077944924,0.002064732,0.001660959
8.688000,0.010365033,0.101767151,0.183747640,-0.072530180,0.004479122,0.000096867
8.689000,-0.026967319,0.088429679,0.152817492,-0.062404136,0.005076565,-0.003072308
8.690000,-0.028058245,0.122285019,0.160435433,-0.053233653,0.005444938,-0.004387971
8.691000,-0.001662624,0.217471158,0.194919298,-0.051380518,0.007738295,-0.004372719
8.692000,0.016619635,0.346409261,0.214476836,-0.050672116,0.011754313,-0.006034265
8.693000,-0.026538496,0.357728881,0.319055267,-0.049803892,0.013164038,-0.009523342
8.694000,-0.061558400,0.301673953,0.255245874,-0.048376029,0.014350847,-0.010004589
8.695000,-0.110229367,0.240601465,0.191837682,-0.041955879,0.014324199,-0.011838860
8.696000,-0.120499414,0.125480374,0.254041351,-0.037993887,0.013404596,-0.013249503
8.697000,-0.089335581,0.042503870,0.316692676,-0.041671183,0.016154296,-0.012400000
8.698000,-0.054480983,0.067878540,0.287748888,-0.044622470,0.021743557,-0.013979567
8.699000,-0.037780219,0.065153273,0.371659490,-0.045907870,0.024603317,-0.017338918
8.700000,-0.050553873,-0.025628977,0.351440278,-0.046848214,0.027264008,-0.018787497
8.701000,-0.053862699,-0.046300918,0.258733794,-0.042633469,0.029473191,-0.019121795
8.702000,-0.051875817,-0.026586962,0.259701710,-0.030946947,0.031403811,-0.021617628
8.703000,-0.045673182,-0.108502745,0.375788143,-0.026665642,0.032205095,-0.023320237
8.704000,-0.009111657,-0.132631945,0.404290065,-0.028340299,0.035305675,-0.022139071
8.705000,0.011708513,-0.019777482,0.391030571,-0.029446516,0.038501663,-0.023991037
8.706000,-0.004613596,0.037653038,0.460898493,-0.028477280,0.039855780,-0.027235584
8.707000,-0.037304779,0.034316574,0.455097800,-0.024464405,0.042415736,-0.028942414
8.708000,-0.059041098,0.102327166,0.390954162,-0.014474902,0.044660843,-0.029200510
8.709000,-0.048233572,0.145730004,0.368449367,-0.002311655,0.047190660,-0.029742654
8.710000,-0.028073804,0.153982853,0.423515072,0.003468612,0.049501623,-0.029341050
8.711000,-0.006473377,0.194547587,0.441428665,0.002626116,0.053281318,-0.028940756
8.712000,-0.000203195,0.248566126,0.488322609,0.003601125,0.054943611,-0.029826148
8.713000,-0.022151315,0.226310435,0.519444431,0.004756240,0.057813675,-0.030327075
8.714000,-0.042434667,0.190944249,0.491810615,0.010028183,0.061130899,-0.030380198
8.715000,-0.049993358,0.153514053,0.416900403,0.020684092,0.063824669,-0.031540311
8.716000,-0.034153468,0.003428753,0.431925234,0.030945560,0.065835367,-0.032299632
8.717000,0.015434071,-0.102096236,0.462072449,0.033478631,0.068405417,-0.031360146
8.718000,0.080415901,-0.071156740,0.465360598,0.036159023,0.073679879,-0.031828666
8.719000,0.099537518,-0.110976038,0.584570411,0.037008239,0.076082934,-0.033362396
8.720000,0.087230224,-0.169952735,0.674189630,0.037404968,0.078350365,-0.033534102
8.721000,0.069043066,-0.162678392,0.710181357,0.042722353,0.079425310,-0.033436866
8.722000,0.064321658,-0.135969816,0.686375069,0.053901495,0.082902811,-0.033134019
8.723000,0.050757091,-0.119353470,0.675211155,0.058877253,0.086000102,-0.032685934
8.724000,0.057732772,-0.086538600,0.652292246,0.063662048,0.089610599,-0.031495108
8.725000,0.035849426,-0.052523633,0.623385975,0.070574564,0.091529840,-0.032509035
8.726000,0.024284990,-0.118012254,0.734617762,0.077057192,0.093075889,-0.033297842
8.727000,0.020253634,-0.197199659,0.848892030,0.076517125,0.093129636,-0.031694360
8.728000,0.021581885,-0.119319640,0.823464967,0.074893140,0.095233566,-0.028334963
8.729000,0.009488683,0.030079551,0.798873257,0.072524458,0.097008885,-0.026068201
8.730000,-0.006006720,0.122006780,0.757831526,0.070983909,0.097926990,-0.022777708
8.731000,-0.038174008,0.184697078,0.644339628,0.074764024,0.100508942,-0.020444484
8.732000,-0.099573710,0.156980931,0.633837666,0.090268667,0.103154712,-0.019924850
8.733000,-0.125632546,-0.068259565,0.774228617,0.100197600,0.103413967,-0.018211610
8.734000,-0.099457511,-0.262473755,0.858083483,0.101036041,0.103296792,-0.013712556
8.735000,-0.055230745,-0.206533201,0.853476277,0.092470703,0.107154020,-0.010143067
8.736000,0.001815695,-0.047612875,0.992987714,0.078262137,0.109051260,-0.007256422
8.737000,0.023216730,0.093913932,0.992882797,0.070746637,0.112815792,-0.005581085
8.738000,-0.020003831,0.154821281,0.846302576,0.086788466,0.118045832,-0.006789814
8.739000,-0.087458224,-0.113139902,0.767530858,0.119577885,0.119563280,-0.007990498
8.740000,-0.095386413,-0.490125405,0.737282862,0.142629975,0.119355884,-0.006903577
8.741000,-0.005903170,-0.545366910,0.814492685,0.135838093,0.121722487,-0.003539710
8.742000,0.087004934,-0.322704770,1.083241078,0.109529355,0.124620808,-0.002299386
8.743000,0.114863498,-0.038448922,1.363163111,0.079179473,0.127907289,-0.003675855
8.744000,0.075348085,0.107270176,1.313299471,0.068657873,0.129520134,-0.005445324
8.745000,-0.013776242,0.121323119,0.982056188,0.093998052,0.129949156,-0.005056920
8.746000,-0.076453684,-0.094492066,0.600349661,0.136786192,0.132143786,-0.001117252
8.747000,-0.062894817,-0.418395549,0.526597602,0.160930443,0.132159318,0.004550821
8.748000,0.009057351,-0.541645883,0.790385079,0.154752312,0.133558969,0.009206315
8.749000,0.100223017,-0.340181724,1.195224668,0.116668408,0.138430157,0.009509814
8.750000,0.124829844,-0.102185638,1.455214509,0.081579660,0.140476033,0.008763801
8.751000,0.096759829,0.075498368,1.413670694,0.067766382,0.140349222,0.011154979
8.752000,0.001159910,0.105281110,0.977493774,0.085041664,0.143492791,0.012263838
8.753000,-0.069482536,-0.018209407,0.700499920,0.118721272,0.145295035,0.015180461
8.754000,-0.076748948,-0.180789293,0.626067190,0.142165611,0.148090198,0.019830145
8.755000,-0.002862920,-0.288779302,0.860931365,0.141932242,0.149903083,0.024879929
8.756000,0.117377901,-0.242828483,1.227735951,0.119799182,0.151116787,0.027839661
8.757000,0.142732501,-0.124235648,1.575491404,0.083194453,0.150909220,0.025095114
8.758000,0.079318346,0.038525602,1.536571045,0.056585275,0.150716530,0.021020907
8.759000,-0.046486017,0.021246477,1.110358593,0.064256755,0.153884455,0.017616299
8.760000,-0.145444365,-0.154409174,0.669094054,0.105759489,0.155229304,0.014667794
8.761000,-0.053140345,-0.382261985,0.489034025,0.140930639,0.155407096,0.020358514
8.762000,0.095075713,-0.361518239,0.719292628,0.133335611,0.157241947,0.024938803
8.763000,0.230493677,-0.200224011,1.065730409,0.107932415,0.160609075,0.027054830
8.764000,0.245169284,-0.067036270,1.407253507,0.069594178,0.161507049,0.025478006
8.765000,0.106289230,-0.041570211,1.457972333,0.040524719,0.160425316,0.022647732
8.766000,-0.055529307,-0.104075202,1.087571531,0.048170865,0.157684494,0.016216407
8.767000,-0.076935307,-0.290577993,0.818319023,0.087504874,0.154318138,0.016236107
8.768000,0.073014153,-0.417201339,0.663096749,0.112274869,0.155239295,0.022797538
8.769000,0.220987136,-0.359656526,0.754696820,0.109161088,0.161680629,0.027185979
8.770000,0.282536829,-0.171731934,1.125033955,0.075195660,0.162376099,0.026201498
8.771000,0.252996157,0.031881128,1.519030856,0.032353774,0.156735125,0.025481688
8.772000,0.060915861,0.132183485,1.537109169,0.007928756,0.150893969,0.022755271
8.773000,-0.121349788,0.026862536,1.352182353,0.027465288,0.144397144,0.018433360
8.774000,-0.136165425,-0.117398491,1.025171239,0.056948981,0.143503509,0.019938968
8.775000,-0.025446402,-0.172584521,0.815217287,0.080306366,0.148698009,0.024085103
8.776000,0.130024845,-0.072899747,0.767915134,0.078683467,0.155669797,0.026218949
8.777000,0.212644628,0.128301227,0.978553074,0.054124936,0.157087288,0.024529902
8.778000,0.133264241,0.244271106,1.463479594,0.019236539,0.151024549,0.020090062
8.779000,-0.062464023,0.162637168,1.636634844,0.005508936,0.144439767,0.015036559
8.780000,-0.223695766,-0.035066706,1.422199459,0.022534716,0.139770650,0.010954848
8.781000,-0.196169789,-0.165297016,1.052111614,0.049061716,0.143020432,0.010905355
8.782000,-0.038574994,-0.161602055,0.868029594,0.063919326,0.151616216,0.012360900
8.783000,0.136867082,-0.096456128,0.976164295,0.055063764,0.158357653,0.011446483
8.784000,0.192088194,-0.039286216,1.281506245,0.031232833,0.158026403,0.007558116
8.785000,0.103521902,-0.034146486,1.496493761,0.012860019,0.153163572,0.004488109
8.786000,-0.098627823,-0.112719513,1.592275431,0.008734341,0.146156545,0.000908212
8.787000,-0.220556690,-0.224791514,1.422885416,0.021111144,0.143208828,0.000654009
8.788000,-0.148145011,-0.259945381,1.220431080,0.035215151,0.148038871,0.002490559
8.789000,0.000784591,-0.199702309,1.068307786,0.038569558,0.157284622,0.004026059
8.790000,0.072836261,-0.133631171,1.113786514,0.032442633,0.161931068,0.003548059
8.791000,0.091308785,-0.006794412,1.288801899,0.016904201,0.162339529,0.001963175
8.792000,-0.027562923,0.091552682,1.445911281,0.008252089,0.156222912,-0.001951806
8.793000,-0.176917915,0.091911137,1.553215808,0.011259970,0.151602718,-0.004819212
8.794000,-0.208212180,0.039442656,1.493447572,0.019203689,0.152753431,-0.005282114
8.795000,-0.142495600,0.036637500,1.392747740,0.026355217,0.159785057,-0.004754538
8.796000,-0.010030195,0.036147632,1.343587440,0.027033936,0.168146220,-0.004404159
8.797000,0.087634989,0.065973064,1.336939395,0.017833633,0.173137565,-0.003990783
8.798000,0.069809735,0.123910158,1.432160270,0.009978249,0.173290188,-0.004671264
8.799000,-0.013527645,0.143045683,1.588814012,0.006797728,0.171902954,-0.005814533
8.800000,-0.086794784,0.087815744,1.645109612,0.005416215,0.171874476,-0.004808813
8.801000,-0.094535262,0.058796424,1.617616223,0.008378293,0.174746932,-0.003076575
8.802000,-0.045821241,0.039927173,1.523854506,0.011285391,0.180446040,-0.002764708
8.803000,0.062601292,0.021362310,1.332598377,0.010628865,0.189827514,-0.003196688
8.804000,0.139123771,-0.001395793,1.268803875,0.010366424,0.196886700,-0.005450872
8.805000,0.164132323,-0.027352864,1.354123851,0.011731307,0.199209214,-0.008754272
8.806000,0.113467071,-0.071863715,1.536535851,0.015084298,0.199173580,-0.012589105
8.807000,0.081733251,-0.115314562,1.663173011,0.023210569,0.200131069,-0.014278092
8.808000,0.106154439,-0.119521263,1.646980816,0.028667278,0.204122930,-0.014239432
8.809000,0.190998197,-0.086895777,1.487864081,0.029575668,0.211771298,-0.012404644
8.810000,0.244295978,-0.058928399,1.436960840,0.027029636,0.218522280,-0.013043916
8.811000,0.279239387,-0.069650593,1.533082926,0.024832161,0.221919616,-0.012797511
8.812000,0.271062266,-0.051467562,1.739387380,0.022340879,0.223888656,-0.010695874
8.813000,0.212230332,0.019559265,1.850460950,0.022939222,0.226355773,-0.008979220
8.814000,0.172990057,0.063476930,1.857130041,0.022574750,0.228323225,-0.006921695
8.815000,0.177692945,0.066000280,1.731460091,0.022291787,0.232962310,-0.003366893
8.816000,0.199792501,0.069766533,1.630360958,0.023235023,0.238963417,-0.002539075
8.817000,0.241216792,0.052364431,1.612971129,0.028196611,0.246234558,-0.002011974
8.818000,0.265690924,0.008715217,1.726430912,0.032565934,0.250099894,-0.002238672
8.819000,0.262900779,-0.007140939,1.763205959,0.034966284,0.252698915,-0.001752148
8.820000,0.236164041,0.002243491,1.811629520,0.033445031,0.255106235,-0.001312011
8.821000,0.223740478,0.036473703,1.800583201,0.031789655,0.257613215,-0.000487400
8.822000,0.207893051,-0.006640983,1.839842424,0.029451150,0.261292691,-0.000138038
8.823000,0.216426025,-0.068374254,1.816344240,0.027561855,0.266407549,0.000619352
8.824000,0.234046884,-0.081421634,1.830670987,0.025582271,0.270769153,-0.000008111
8.825000,0.263971287,-0.054775010,1.841348307,0.022469822,0.274147180,0.000788691
8.826000,0.262286950,-0.026026146,1.957716333,0.020780069,0.276466267,0.000995224
8.827000,0.256074494,-0.019302718,2.011711305,0.020574223,0.279783524,0.001498791
8.828000,0.254392532,-0.029204811,2.042669375,0.021037530,0.283899244,0.003462492
8.829000,0.265937242,-0.045014892,1.980012640,0.025513405,0.288900307,0.005425920
8.830000,0.237742445,-0.082290542,1.905304787,0.033091004,0.294280670,0.005059545
8.831000,0.237562432,-0.093182000,1.895872249,0.036693058,0.297754023,0.005646969
8.832000,0.264321373,-0.076320305,1.925641771,0.039529266,0.302012759,0.006935319
8.833000,0.273750829,-0.012648928,2.001667297,0.042522238,0.307319625,0.005452222
8.834000,0.279668228,-0.020425492,2.063970529,0.041193233,0.311880899,0.004889265
8.835000,0.278645621,-0.023132262,1.968596307,0.041126464,0.316936317,0.004759463
8.836000,0.258584770,-0.048368869,1.893003622,0.045598674,0.320297293,0.003478845
8.837000,0.253648529,-0.127545442,1.957922163,0.046348161,0.322332792,0.003654332
8.838000,0.284082592,-0.146781428,2.010886057,0.042850979,0.325663886,0.006495827
8.839000,0.339488012,-0.069341488,2.053575158,0.041980602,0.329574650,0.007430753
8.840000,0.331931944,-0.044221379,2.121387237,0.040512227,0.333393475,0.005632347
8.841000,0.310553894,-0.079464542,2.092585104,0.042317162,0.336808975,0.005704106
8.842000,0.297218766,-0.125691388,1.982643256,0.050553566,0.340291347,0.004808008
8.843000,0.326996149,-0.209134324,1.992526179,0.060035832,0.344553091,0.005247544
8.844000,0.370770625,-0.261509065,2.087491891,0.058352121,0.349211034,0.006062993
8.845000,0.407021848,-0.143187260,2.070190912,0.054593578,0.354532579,0.005451964
8.846000,0.404382850,-0.061872220,2.127433302,0.053581312,0.356934035,0.001961938
8.847000,0.388801770,-0.084950585,2.130975312,0.053229566,0.359527672,0.000498021
8.848000,0.383300775,-0.137224395,2.096296704,0.056499078,0.362136160,-0.000193091
8.849000,0.399401923,-0.125920923,2.058750597,0.062464478,0.364513682,0.000627688
8.850000,0.389511837,-0.153428035,2.199124665,0.065591477,0.366711748,0.001160553
8.851000,0.405260437,-0.093316304,2.211535903,0.060488678,0.371211903,0.002586636
8.852000,0.408415369,0.027318817,2.191504163,0.059051377,0.376791212,0.001661110
8.853000,0.403191777,-0.007193606,2.123502692,0.060188787,0.381358982,-0.000316246
8.854000,0.402538818,-0.102997469,2.097897992,0.062130664,0.384481668,-0.002346921
8.855000,0.413497349,-0.124762709,2.054531197,0.068644168,0.388307254,-0.003875050
8.856000,0.439630728,-0.183881303,2.118030145,0.074975214,0.391146706,-0.004408664
8.857000,0.454678440,-0.187723748,2.172940096,0.077317720,0.395509944,-0.005672993
8.858000,0.469124116,-0.172550470,2.247091179,0.071421432,0.397290879,-0.005347597
8.859000,0.446490444,-0.176213182,2.261528941,0.064966403,0.399272413,-0.006197019
8.860000,0.437904177,-0.191966756,2.280528855,0.060583519,0.400003225,-0.006956345
8.861000,0.429364803,-0.177839043,2.329922471,0.056607717,0.402475100,-0.005591843
8.862000,0.441565808,-0.205196370,2.459665191,0.054948924,0.405203140,-0.003459286
8.863000,0.441234037,-0.197775821,2.492859944,0.052430242,0.408984454,-0.002336653
8.864000,0.443790115,-0.126359536,2.415061525,0.045961742,0.413994564,-0.002061718
8.865000,0.432125503,-0.024487248,2.363675984,0.040736842,0.417634908,-0.002056483
8.866000,0.411097209,-0.016591944,2.377416037,0.038853137,0.419612115,-0.002197917
8.867000,0.404880972,-0.044283115,2.412266136,0.041291243,0.423358402,-0.003718847
8.868000,0.398539207,-0.050477743,2.414923064,0.045636871,0.428151702,-0.004818090
8.869000,0.392257932,-0.043665075,2.403129267,0.055240871,0.431947205,-0.005053231
8.870000,0.397338646,-0.065205308,2.366649592,0.056719483,0.434920808,-0.004665688
8.871000,0.407825503,-0.024879636,2.322965327,0.050945945,0.437554965,-0.005140956
8.872000,0.423100016,0.032999143,2.418050621,0.043932898,0.438941243,-0.005629647
8.873000,0.447185279,0.046314682,2.552537274,0.040395734,0.440782165,-0.004570088
8.874000,0.428471273,0.057824109,2.615582778,0.036724037,0.445044591,-0.004879342
8.875000,0.415967053,-0.015642975,2.579265415,0.039513167,0.450007405,-0.004558664
8.876000,0.429986568,-0.127330401,2.501911682,0.036114656,0.453335703,-0.002256878
8.877000,0.488744692,-0.202753456,2.472579686,0.030210723,0.456116536,0.000694940
8.878000,0.532819114,-0.159017278,2.577413348,0.019762018,0.459432256,0.001822379
8.879000,0.551011863,-0.060301838,2.691679200,0.013397142,0.464509511,0.000621869
8.880000,0.524614033,-0.026001019,2.824672748,0.009922335,0.468658185,-0.002237915
8.881000,0.522374565,-0.004446796,2.718109167,0.016114790,0.472711153,-0.002725159
8.882000,0.481204539,-0.004108266,2.536746341,0.027117138,0.474613932,-0.003898138
8.883000,0.486464881,-0.066491316,2.423134994,0.039063216,0.477769091,-0.005092657
8.884000,0.509134468,-0.134410317,2.497031302,0.042910040,0.481962929,-0.005614304
8.885000,0.581281649,-0.092248087,2.585407865,0.039806446,0.488008700,-0.006989528
8.886000,0.613708831,-0.042587760,2.775814459,0.027018202,0.491887739,-0.009357942
8.887000,0.616051113,0.035817388,2.846957580,0.013556909,0.493008709,-0.009021726
8.888000,0.556469815,0.118060448,2.795852441,0.009466707,0.494554181,-0.008580805
8.889000,0.530658715,0.120882478,2.682333797,0.015408352,0.497587646,-0.008293426
8.890000,0.538436438,0.014309875,2.721450531,0.021767389,0.500533707,-0.006964085
8.891000,0.601455648,-0.025054134,2.770168976,0.019984959,0.504255200,-0.003756798
8.892000,0.617329082,0.000003765,2.805923558,0.012426488,0.507311757,-0.002017529
8.893000,0.600294162,0.052110301,2.956243084,-0.000531766,0.509765483,-0.003112995
8.894000,0.586921095,0.074962420,2.963195478,-0.006381515,0.512748126,-0.004849104
8.895000,0.562587719,0.085666203,2.931803594,-0.006596829,0.516432945,-0.006369800
8.896000,0.540409263,0.037838914,2.817779053,0.009165023,0.521748012,-0.010359353
8.897000,0.528656770,-0.069852472,2.721927783,0.026585002,0.525890312,-0.013249757
8.898000,0.584356609,-0.132661877,2.704493829,0.032855285,0.529522688,-0.013889147
8.899000,0.664660484,-0.045043261,2.802877109,0.030129012,0.533083622,-0.013803480
8.900000,0.675891182,0.047413319,2.981668483,0.019422206,0.536315680,-0.015469146
8.901000,0.620840384,0.100284475,3.110214682,0.010447821,0.537916458,-0.013609594
8.902000,0.518959511,0.054007080,3.034915971,0.013601920,0.540359514,-0.012509166
8.903000,0.485701491,-0.030242899,2.919472886,0.023433410,0.542111799,-0.012479111
8.904000,0.518166918,-0.126757904,2.848289073,0.028749359,0.547231936,-0.011709420
8.905000,0.592033940,-0.116229998,2.894776653,0.027316072,0.554357408,-0.010278662
8.906000,0.614652393,-0.086337010,3.029947809,0.017378053,0.559182923,-0.014525726
8.907000,0.624264630,-0.084929888,3.127774001,0.002421167,0.558834878,-0.014168752
8.908000,0.584692502,-0.057729294,3.176002516,-0.007811787,0.557316599,-0.013482424
8.909000,0.525027161,-0.020939006,3.090741086,-0.009201572,0.559623847,-0.011526795
8.910000,0.474394980,-0.008465749,3.014759777,-0.005161135,0.561563950,-0.009119116
8.911000,0.491967373,0.068954373,2.900004411,0.005109800,0.567491101,-0.007230192
8.912000,0.521290882,0.091450877,2.844642492,0.012801321,0.573502544,-0.007359824
8.913000,0.542125065,0.079137799,2.837559185,0.019788987,0.578804721,-0.008803947
8.914000,0.543567201,0.023712340,2.946353556,0.019045832,0.582203415,-0.011613625
8.915000,0.567849054,-0.014647993,3.015694230,0.016190910,0.586645349,-0.012036319
8.916000,0.580785056,-0.035611792,3.168456970,0.015485524,0.587191831,-0.013941265
8.917000,0.603642875,-0.058941704,3.206665721,0.012113332,0.590731119,-0.011074295
8.918000,0.605182914,-0.036088180,3.177591150,0.008603948,0.592616787,-0.010863013
8.919000,0.632935992,-0.010385052,3.153597502,0.007470844,0.598591796,-0.010998929
8.920000,0.659536197,-0.030267867,3.267113502,0.002226730,0.599809105,-0.009377976
8.921000,0.636284855,-0.032740596,3.236853731,-0.005598151,0.605589812,-0.006937851
8.922000,0.628215090,-0.023153415,3.160754764,-0.010201666,0.606943733,-0.006309014
8.923000,0.592940682,0.037560573,3.074205797,-0.007699952,0.611342080,-0.006389774
8.924000,0.630563653,-0.008644191,3.062832192,-0.004644977,0.614453514,-0.006260926
8.925000,0.661071058,-0.055667736,3.003512797,0.010857314,0.621116353,-0.007159268
8.926000,0.657436356,-0.218293471,2.942263608,0.028855799,0.627200934,-0.010972396
8.927000,0.716580740,-0.360380584,3.051106123,0.038725702,0.630057302,-0.010652759
8.928000,0.791031957,-0.306210604,3.154125645,0.031693839,0.631981301,-0.008988482
8.929000,0.825813840,-0.136026366,3.328610885,0.015847405,0.632945418,-0.009010281
8.930000,0.784453141,0.025447609,3.437447374,-0.003038560,0.632470264,-0.010109829
8.931000,0.752068719,0.115106242,3.374264206,-0.005036907,0.637149862,-0.008576203
8.932000,0.667850254,0.065113984,3.190782475,0.005827304,0.639948220,-0.008132912
8.933000,0.679169983,-0.092366649,3.079370031,0.020216252,0.641391796,-0.002900660
8.934000,0.698940737,-0.151391710,3.116761081,0.022018163,0.640318904,0.002410231
8.935000,0.750191196,-0.034695052,3.227280413,0.018777622,0.643930832,0.003894800
8.936000,0.749067142,0.030730182,3.354736201,0.008079729,0.646827292,0.003013209
8.937000,0.721682843,0.022357369,3.362048695,0.002655216,0.649843712,0.002510578
8.938000,0.664429455,-0.083352233,3.250145077,0.009555632,0.652036731,-0.001944005
8.939000,0.648272701,-0.225406123,3.283139244,0.017888357,0.654016907,-0.001394094
8.940000,0.676249201,-0.183805406,3.156497664,0.024805672,0.655042550,0.000487980
8.941000,0.734552275,-0.045145282,3.240861298,0.026125519,0.657658805,0.002562312
8.942000,0.767899315,0.026289047,3.300265639,0.020116890,0.659362792,0.004965386
8.943000,0.737479320,0.030366289,3.302991806,0.012646483,0.663290531,0.005702784
8.944000,0.638781167,-0.035461188,3.305859455,0.011485813,0.662203712,0.008906412
8.945000,0.623006566,-0.154821722,3.293959781,0.019010183,0.663459020,0.013365371
8.946000,0.629539777,-0.206775869,3.274548576,0.027765205,0.664279334,0.015422521
8.947000,0.657009285,-0.239726686,3.264387672,0.036485368,0.667311414,0.013730133
8.948000,0.697380422,-0.258220484,3.285031477,0.029854724,0.666344789,0.012004689
8.949000,0.740277571,-0.149300648,3.208135218,0.024572593,0.669980782,0.010146546
8.950000,0.695342233,-0.104858175,3.370311786,0.021140726,0.666875896,0.009025305
8.951000,0.678308456,-0.088586570,3.412007376,0.022980996,0.664373451,0.013269875
8.952000,0.637521491,-0.039487275,3.320877957,0.029438240,0.665694492,0.015675154
8.953000,0.608718516,-0.096200112,3.253396146,0.041023633,0.668030270,0.018258117
8.954000,0.654660132,-0.203826683,3.308843449,0.042136915,0.670317736,0.023968536
8.955000,0.702116873,-0.198661628,3.299198011,0.039746044,0.671137973,0.026073082
8.956000,0.752804336,-0.076282367,3.382237856,0.028814504,0.671048493,0.025328296
8.957000,0.715174682,0.009106540,3.413925516,0.028725441,0.670410989,0.022166809
8.958000,0.631907326,-0.062355566,3.332266788,0.029628004,0.667368865,0.019521397
8.959000,0.612152237,-0.064883410,3.185241337,0.036106340,0.670089076,0.021626986
8.960000,0.620149660,-0.062152459,3.182064654,0.046327834,0.669081174,0.022947381
8.961000,0.678678899,-0.087817184,3.234131567,0.044919761,0.668087307,0.025610904
8.962000,0.711606253,-0.022818813,3.206769867,0.040889654,0.669306035,0.026572623
8.963000,0.743282961,-0.024481493,3.257551771,0.035987727,0.670252607,0.028414530
8.964000,0.719096747,-0.072629343,3.390146140,0.032661640,0.667934211,0.027151555
8.965000,0.706697449,-0.155381535,3.384971103,0.031062328,0.663862476,0.028078295
8.966000,0.700197456,-0.120842790,3.316428741,0.036234778,0.662971318,0.029096272
8.967000,0.697536898,-0.064239740,3.310027319,0.046777464,0.661820715,0.028180648
8.968000,0.654737048,-0.082640108,3.203645760,0.055698644,0.664440804,0.024084476
8.969000,0.663772338,-0.223069381,3.091607569,0.061752683,0.665053350,0.023864417
8.970000,0.717308166,-0.326904669,3.091264685,0.051378909,0.664547346,0.023824916
8.971000,0.769503365,-0.143421633,3.211563510,0.043455399,0.658549687,0.023079185
8.972000,0.747566879,-0.048494752,3.391974140,0.036830797,0.653173488,0.021892396
8.973000,0.687314194,-0.027749338,3.468666231,0.040303338,0.650400069,0.021127710
8.974000,0.650693773,-0.183537194,3.395596166,0.049860523,0.648542574,0.021017299
8.975000,0.686361644,-0.206248400,3.165206317,0.058268618,0.648048234,0.023583092
8.976000,0.714121268,-0.200496720,3.056580793,0.062064081,0.646742866,0.026438467
8.977000,0.705361645,-0.130819686,3.306691128,0.057812857,0.642567928,0.025717614
8.978000,0.688645691,0.007716773,3.533661666,0.047783765,0.638002775,0.023699623
8.979000,0.614154087,0.014392615,3.529963948,0.052324267,0.636021223,0.020327474
8.980000,0.567114449,-0.232212528,3.520155293,0.058064947,0.629632715,0.019096630
8.981000,0.575776336,-0.303220364,3.360169830,0.052508875,0.625074995,0.023128567
8.982000,0.587203660,-0.034708485,3.145560493,0.050335417,0.626090674,0.020606788
8.983000,0.636844294,-0.000748293,3.322947477,0.053098384,0.625571450,0.016499069
8.984000,0.657868444,-0.109730446,3.507380790,0.046691958,0.620707174,0.014687169
8.985000,0.603943102,-0.096009236,3.476584118,0.044308199,0.617801302,0.014181809
8.986000,0.515774939,-0.117362234,3.421018174,0.055130705,0.611339145,0.012736179
8.987000,0.480116118,-0.219660565,3.425311757,0.065021207,0.602347613,0.015056856
8.988000,0.485877642,-0.268181562,3.353969173,0.064991022,0.598214273,0.017322845
8.989000,0.539923980,-0.128951612,3.391773269,0.063757447,0.599097808,0.018160104
8.990000,0.565197762,-0.115598380,3.537556995,0.055946925,0.594933033,0.017956929
8.991000,0.552745802,-0.128112422,3.603777124,0.048639822,0.588782824,0.021705511
8.992000,0.517237338,-0.027097182,3.566687720,0.047449232,0.584886542,0.025269883
8.993000,0.480795724,0.113527593,3.538902559,0.055976316,0.580900400,0.027162073
8.994000,0.443497047,0.011798750,3.396583335,0.065834035,0.580480956,0.026180738
8.995000,0.422688932,-0.154700770,3.330272825,0.075292168,0.579836837,0.028579107
8.996000,0.391240083,-0.291875746,3.313711556,0.081200548,0.577185218,0.024549498
8.997000,0.437968066,-0.372442957,3.461775770,0.077133095,0.572049066,0.021856412
8.998000,0.529514528,-0.251841553,3.542022063,0.063848055,0.570406937,0.017686056
8.999000,0.491510163,-0.011548808,3.638116638,0.054781921,0.567494376,0.009459687
9.000000,0.409744175,0.012576295,3.687543918,0.055632764,0.562517469,-0.000818855
9.001000,0.338310461,0.020729669,3.698839991,0.062122536,0.556012817,-0.005060165
9.002000,0.318775640,-0.112838153,3.601719500,0.069466558,0.553936942,-0.005777395
9.003000,0.383932857,-0.162122285,3.471334333,0.072935668,0.553418627,-0.004806139
9.004000,0.432679744,-0.123537699,3.430706032,0.070008470,0.552765290,-0.008687474
9.005000,0.436453238,-0.023408695,3.551749287,0.057705268,0.546284776,-0.011359102
9.006000,0.421805075,-0.024180898,3.699349374,0.050986396,0.543440583,-0.014562001
9.007000,0.328026522,-0.052404673,3.736376964,0.059248847,0.546203975,-0.023631112
9.008000,0.296175534,-0.227726397,3.625719240,0.070374710,0.546340554,-0.027418555
9.009000,0.368509312,-0.291183037,3.480765560,0.079431624,0.545906270,-0.029485932
9.010000,0.409623009,-0.147303149,3.523773607,0.082103840,0.545420898,-0.032790200
9.011000,0.377654463,-0.111913393,3.468461655,0.080289935,0.546945437,-0.038656474
9.012000,0.356898737,-0.165199590,3.522984439,0.070167437,0.545981040,-0.040963665
9.013000,0.350576844,-0.176465764,3.500026424,0.062412210,0.547411657,-0.042089169
9.014000,0.332358007,-0.173709346,3.528158725,0.060747498,0.544133751,-0.041553663
9.015000,0.328286738,-0.151859894,3.479973115,0.062042214,0.543549088,-0.039884206
9.016000,0.307584904,-0.175464656,3.488912058,0.069709336,0.545426314,-0.041648083
9.017000,0.361316496,-0.215171757,3.487874334,0.070521018,0.548049343,-0.042289937
9.018000,0.409699212,-0.290857272,3.352977484,0.066203238,0.554370636,-0.041312251
9.019000,0.451312256,-0.228104232,3.397747145,0.063591611,0.554200573,-0.041253051
9.020000,0.428572790,-0.179031668,3.525760767,0.059441246,0.552042445,-0.042715829
9.021000,0.347621911,-0.106007266,3.454656834,0.062634697,0.551431094,-0.044399819
9.022000,0.331945040,-0.106172639,3.424630112,0.067932450,0.552988982,-0.045530313
9.023000,0.386027183,-0.145744375,3.294012101,0.065818492,0.555358824,-0.043582111
9.024000,0.424147098,-0.027331440,3.159784445,0.063091222,0.557870528,-0.044553974
9.025000,0.457529327,0.069232986,3.169902088,0.063911901,0.558564946,-0.045690147
9.026000,0.454912515,0.039850426,3.209700829,0.065193636,0.562616258,-0.050199497
9.027000,0.486670400,-0.028929792,3.252321617,0.063966253,0.562729049,-0.052559882
9.028000,0.464598286,-0.108902900,3.152840072,0.064672867,0.564442761,-0.057413183
9.029000,0.560530917,-0.158113078,3.140326734,0.058761830,0.561502357,-0.056384338
9.030000,0.604421268,-0.098973153,3.124834909,0.047631276,0.563142493,-0.056703251
9.031000,0.599027074,0.050506810,3.199867480,0.047621701,0.562130184,-0.058396741
9.032000,0.611803740,0.067373069,3.119373965,0.043991347,0.564237030,-0.058795292
9.033000,0.660146567,0.053526650,2.987900619,0.043292607,0.564137163,-0.053836302
9.034000,0.613596554,0.041619761,2.881218705,0.052298767,0.564247506,-0.056567274
9.035000,0.614657078,-0.086946563,2.895273266,0.058151423,0.561819699,-0.056946452
9.036000,0.675707059,-0.241035780,2.899190555,0.056333173,0.564146842,-0.056393527
9.037000,0.754002435,-0.135395829,2.945810523,0.052773493,0.564723352,-0.057724197
9.038000,0.766571785,-0.038003304,2.997040842,0.047461317,0.563028845,-0.061242176
9.039000,0.779096118,-0.018934497,3.006471455,0.039569848,0.558584624,-0.059906025
9.040000,0.709492823,0.042473955,2.908713644,0.037355589,0.556659583,-0.058853349
9.041000,0.641982230,0.071932093,2.867496518,0.048481143,0.554612951,-0.058441749
9.042000,0.653196768,0.060390142,2.838654836,0.053894942,0.554195888,-0.056152410
9.043000,0.690755469,0.029823407,2.801702975,0.057726241,0.552340136,-0.049848125
9.044000,0.637693168,0.088622184,2.819855248,0.058974238,0.547753798,-0.048535168
9.045000,0.605485932,-0.022937719,2.893057855,0.053295269,0.542645419,-0.048547485
9.046000,0.614391726,-0.117491664,2.892388404,0.041577849,0.540249353,-0.045984796
9.047000,0.630328445,-0.044523885,2.838916278,0.037359815,0.540817144,-0.044082816
9.048000,0.549360358,0.054512285,2.861431238,0.035629670,0.536761832,-0.044698298
9.049000,0.516792461,0.073053500,2.797398373,0.035104666,0.531709209,-0.039677827
9.050000,0.473448672,0.094326761,2.676730959,0.038547132,0.528325288,-0.034505482
9.051000,0.431818002,0.093850052,2.656922543,0.049233522,0.523618547,-0.031124430
9.052000,0.422217043,0.000640370,2.691462540,0.049455193,0.519209909,-0.027418334
9.053000,0.433270566,-0.050554630,2.704156574,0.047489257,0.516872669,-0.021791872
9.054000,0.357261931,-0.014944848,2.801695468,0.049638657,0.512265268,-0.022990183
9.055000,0.351074511,-0.084846462,2.895459361,0.045392540,0.508428749,-0.021613358
9.056000,0.388287673,-0.086124077,2.750508718,0.039295634,0.508595625,-0.018853144
9.057000,0.430988773,0.070911641,2.684846129,0.037163889,0.504950598,-0.016294306
9.058000,0.387605132,0.063147807,2.657471189,0.040415299,0.501089802,-0.015794734
9.059000,0.369101853,0.046702657,2.626636253,0.043591177,0.496107722,-0.011459152
9.060000,0.299093406,0.041988092,2.582016183,0.052647232,0.492769220,-0.008620402
9.061000,0.259337166,-0.046632035,2.596079829,0.058544461,0.485826962,-0.003338658
9.062000,0.301663161,-0.119890458,2.689590181,0.052907702,0.483017977,0.003038367
9.063000,0.365012665,-0.010845912,2.633829102,0.047352068,0.480439628,0.008195955
9.064000,0.365960436,-0.009558087,2.731683595,0.044512806,0.477177195,0.008639757
9.065000,0.381180913,-0.083659035,2.668799198,0.042386731,0.474534437,0.011411749
9.066000,0.380241843,-0.043375649,2.568351441,0.042181849,0.472029523,0.013254390
9.067000,0.384306660,0.024667270,2.504357187,0.046868500,0.466498426,0.017052779
9.068000,0.387257242,-0.029852759,2.611575753,0.047560647,0.459598783,0.021743637
9.069000,0.382085556,-0.003374590,2.548661022,0.045208840,0.458427161,0.025506219
9.070000,0.402504512,0.016284288,2.532101640,0.046092008,0.452352239,0.029987859
9.071000,0.405652953,-0.029587908,2.535886478,0.050496874,0.450839637,0.034198407
9.072000,0.381160704,-0.037252721,2.524356063,0.048366502,0.445312292,0.036132792
9.073000,0.402934054,-0.027244011,2.466590398,0.051556617,0.442513196,0.039592602
9.074000,0.430695323,-0.068075306,2.615237202,0.052737331,0.436802398,0.039940225
9.075000,0.411261417,-0.103646697,2.535066006,0.050978208,0.434758868,0.042098329
9.076000,0.427721766,-0.062781413,2.451953743,0.044675628,0.432886453,0.044753348
9.077000,0.431164673,-0.015944543,2.354292065,0.046236868,0.432134594,0.047261050
9.078000,0.373947715,-0.064383002,2.416261209,0.042525944,0.424701181,0.047818372
9.079000,0.341666935,-0.060929279,2.372093291,0.046484226,0.417730615,0.051830481
9.080000,0.318041421,-0.121001299,2.425263669,0.055408841,0.412922503,0.051719674
9.081000,0.312764961,-0.215819787,2.434520935,0.053701584,0.406855444,0.054198238
9.082000,0.328754105,-0.189046492,2.422452791,0.045273685,0.404140394,0.057186946
9.083000,0.336557442,-0.065550347,2.368558449,0.041098100,0.400238194,0.058935213
9.084000,0.305184686,-0.044846328,2.414785045,0.040033311,0.396452739,0.055319772
9.085000,0.245316115,-0.163940058,2.321792168,0.044797315,0.393274034,0.054366599
9.086000,0.173951219,-0.229777860,2.191657912,0.058080293,0.389598074,0.050834445
9.087000,0.194260805,-0.332778125,2.252996251,0.064810549,0.382841570,0.051528701
9.088000,0.221739551,-0.335929926,2.335600580,0.056791725,0.378178566,0.052381234
9.089000,0.205072865,-0.158736810,2.429775706,0.044817853,0.374515798,0.052416073
9.090000,0.190143289,-0.038079339,2.430191302,0.034018094,0.371163305,0.051111881
9.091000,0.138271163,-0.052206091,2.425696638,0.032192768,0.366144427,0.048776373
9.092000,0.065280363,-0.212637244,2.231954881,0.039586861,0.360874745,0.046438326
9.093000,0.055607715,-0.212077601,2.156875017,0.047136881,0.356138964,0.048991309
9.094000,0.063653314,-0.143400788,2.021811975,0.051911570,0.355700489,0.049059895
9.095000,0.067763317,-0.096310830,2.068094230,0.051999090,0.353459572,0.047027926
9.096000,0.059921845,-0.171188755,2.139295825,0.047932205,0.351600854,0.043054343
9.097000,0.023420981,-0.238619854,2.161615339,0.043941752,0.346777395,0.039771698
9.098000,0.022162830,-0.325289671,2.127802112,0.044478461,0.342864530,0.036175310
9.099000,0.051734494,-0.308471396,2.118335977,0.041693728,0.339055062,0.035894450
9.100000,0.061089865,-0.213144821,2.143741729,0.039782476,0.337942792,0.033308470
9.101000,0.084704376,-0.167420091,2.108340494,0.031382170,0.336990108,0.030676081
9.102000,0.085666737,-0.135964498,1.985349610,0.023806921,0.336211280,0.027058661
9.103000,0.105192254,-0.165495284,1.978575282,0.021373741,0.331566271,0.024984753
9.104000,0.106317265,-0.213312264,2.014340881,0.017010958,0.325842944,0.023177858
9.105000,0.088396557,-0.241014131,1.974600023,0.018144359,0.321949604,0.023082237
9.106000,0.060989649,-0.126220237,1.945307736,0.019739348,0.319949986,0.020096588
9.107000,0.082286874,-0.165398202,1.903094292,0.018825367,0.320212801,0.016284341
9.108000,0.118136748,-0.209864645,1.875247502,0.012244293,0.319402554,0.012088806
9.109000,0.158741431,-0.185917535,1.826458887,0.006561354,0.319978315,0.007121712
9.110000,0.195430032,-0.133178139,1.906448770,-0.002540382,0.315866203,0.001700924
9.111000,0.238644721,-0.073787537,1.914779458,-0.009503796,0.312881294,-0.003075075
9.112000,0.232967923,0.036509983,1.879520784,-0.014797541,0.308981864,-0.006506934
9.113000,0.199097171,0.073830868,1.770206719,-0.014925844,0.307311924,-0.008105393
9.114000,0.162280540,0.012275891,1.665874268,-0.013764810,0.303471673,-0.009108729
9.115000,0.193855325,-0.009673737,1.590118472,-0.012842041,0.301340166,-0.007275716
9.116000,0.214857354,-0.018114939,1.576322185,-0.015394523,0.301681665,-0.009715928
9.117000,0.209416439,-0.023146617,1.652628796,-0.019630009,0.297692783,-0.013773170
9.118000,0.213770402,-0.086161803,1.667197180,-0.026507644,0.294906636,-0.017973357
9.119000,0.222864579,-0.034000818,1.669869363,-0.036385551,0.291525775,-0.022803369
9.120000,0.220570374,0.016629308,1.625397908,-0.040868588,0.292081679,-0.027965018
9.121000,0.244204126,0.039772343,1.560609484,-0.046700185,0.287870107,-0.028597559
9.122000,0.242964074,0.084732508,1.521043017,-0.051763741,0.287247947,-0.029644060
9.123000,0.233150748,0.153567220,1.465628975,-0.049747410,0.282307402,-0.029540959
9.124000,0.210692080,0.127598660,1.500285262,-0.046219295,0.277334205,-0.029739075
9.125000,0.203524845,0.073928361,1.421469272,-0.044543395,0.272866866,-0.025943945
9.126000,0.178213310,0.057392133,1.291400221,-0.039384918,0.272298706,-0.027515767
9.127000,0.205685596,0.039440267,1.283239156,-0.035245179,0.268029064,-0.027868492
9.128000,0.253034728,0.044670890,1.239037362,-0.034085672,0.266975921,-0.027990391
9.129000,0.274624047,0.104765680,1.255927963,-0.032860029,0.264234716,-0.027205620
9.130000,0.269487620,0.144043711,1.251465601,-0.028427211,0.259607679,-0.027533618
9.131000,0.260658171,0.152672524,1.186966565,-0.024497704,0.257524691,-0.026845912
9.132000,0.255882500,0.089155433,1.166576727,-0.021350667,0.251642788,-0.024237759
9.133000,0.257771736,0.007949171,1.136973028,-0.021883339,0.245954889,-0.020332947
9.134000,0.254087073,-0.010568167,1.129653910,-0.025279245,0.239738636,-0.016868173
9.135000,0.283672517,0.022415365,1.114965917,-0.026342981,0.235698280,-0.013096227
9.136000,0.312064395,0.011265152,1.210521754,-0.028856774,0.228840097,-0.008620358
9.137000,0.291357612,0.018362182,1.151602808,-0.027146052,0.224673953,-0.003545567
9.138000,0.237432399,0.067093750,1.094005225,-0.022018047,0.220047863,0.000679907
9.139000,0.167902052,0.064264595,0.998171832,-0.018190447,0.214630155,0.006667245
9.140000,0.116952338,0.061020691,0.937479721,-0.020201469,0.210133062,0.010692835
9.141000,0.096901608,0.180505148,0.896231518,-0.023693990,0.206252782,0.013417239
9.142000,0.064633446,0.271998321,0.834788750,-0.024795242,0.203277146,0.012683902
9.143000,0.032867748,0.307780842,0.818645932,-0.023002280,0.197922268,0.011296018
9.144000,-0.000653950,0.280834769,0.733086592,-0.011523217,0.192764466,0.009609537
9.145000,-0.020698506,0.223318888,0.690874186,0.003141745,0.185875004,0.007219114
9.146000,-0.039393192,0.168651110,0.669196409,0.011716421,0.180244629,0.007153149
9.147000,-0.045473915,0.150318488,0.663539970,0.011075253,0.174486673,0.008299864
9.148000,-0.028672726,0.199995384,0.715144347,0.002786870,0.167853332,0.009599371
9.149000,-0.060002802,0.256255984,0.763850305,-0.004402639,0.160983238,0.008219335
9.150000,-0.093633286,0.225782703,0.775330086,-0.007244109,0.154081510,0.005324388
9.151000,-0.132532475,0.173605534,0.679161640,-0.001214226,0.147922916,0.003890397
9.152000,-0.152719252,0.096566214,0.533426023,0.012658507,0.143286838,0.001495591
9.153000,-0.122841164,-0.026386094,0.444252145,0.024660548,0.138704492,0.001590482
9.154000,-0.077825020,-0.092849619,0.364615277,0.030729588,0.137073626,0.002257013
9.155000,-0.019406364,-0.106954832,0.363736123,0.032680655,0.134099342,0.001445905
9.156000,0.010556903,-0.132935615,0.377963275,0.034749818,0.130786181,-0.000925920
9.157000,0.004042782,-0.161451322,0.381400102,0.040022585,0.124178387,-0.001470151
9.158000,-0.054266824,-0.160596427,0.263792240,0.054028595,0.118913995,-0.004916635
9.159000,-0.060417795,-0.164651082,0.177575521,0.065765475,0.111647685,-0.006872492
9.160000,-0.064954970,-0.129333616,0.066058295,0.071468972,0.109155538,-0.009590103
9.161000,-0.023365383,-0.043851686,0.106617856,0.069074175,0.102809190,-0.011277365
9.162000,0.010849792,-0.001055564,0.137021270,0.064217727,0.099382197,-0.013138681
9.163000,0.032151548,0.017633885,0.220357951,0.059658730,0.094002248,-0.014353394
9.164000,0.000815052,0.033925099,0.217775373,0.062738146,0.087104984,-0.016353175
9.165000,-0.012329624,0.002889547,0.195490250,0.070046916,0.079226818,-0.016952112
9.166000,-0.029751260,-0.043088185,0.073513531,0.075887875,0.073509128,-0.017149484
9.167000,-0.009623795,-0.003476548,-0.003742182,0.081706401,0.068938516,-0.017464503
9.168000,0.022413947,0.013026892,-0.009922289,0.082381527,0.065071324,-0.020035509
9.169000,0.044030156,0.007404824,-0.009507290,0.077111620,0.061655083,-0.021961142
9.170000,0.021616909,0.008783743,-0.002911119,0.074726698,0.058122906,-0.024724184
9.171000,-0.017541566,-0.008022859,-0.039690593,0.076817818,0.054117461,-0.029568135
9.172000,-0.033489053,-0.023692991,-0.126386391,0.079840184,0.048336946,-0.031914278
9.173000,-0.008349795,-0.049159745,-0.202247264,0.088983879,0.044381929,-0.034316259
9.174000,0.024435350,-0.070358010,-0.235417636,0.095338806,0.040038111,-0.035603862
9.175000,0.064302003,-0.126401967,-0.295926134,0.097528232,0.037581406,-0.036084775
9.176000,0.040944695,-0.128158625,-0.337538388,0.101346620,0.033055026,-0.037320263
9.177000,-0.020095185,-0.220746643,-0.277724927,0.108703349,0.025856194,-0.039744270
9.178000,-0.057410301,-0.286601629,-0.272475051,0.110044497,0.016274457,-0.039238307
9.179000,-0.079417031,-0.306237594,-0.295552522,0.111655514,0.009973782,-0.038506045
9.180000,-0.073888022,-0.259116753,-0.268372001,0.110263933,0.004087132,-0.039628980
9.181000,-0.042712592,-0.202417169,-0.272208319,0.106871504,0.001138974,-0.038841987
9.182000,-0.070229324,-0.141346193,-0.283612214,0.100585508,-0.002539769,-0.039308700
9.183000,-0.079745206,-0.109071441,-0.309336561,0.096437044,-0.008182508,-0.038846036
9.184000,-0.132507862,-0.079971724,-0.388391261,0.092079599,-0.014751562,-0.037002764
9.185000,-0.170264755,-0.060585495,-0.383596367,0.090834258,-0.021123664,-0.035209133
9.186000,-0.187597937,-0.047187558,-0.374718141,0.091257046,-0.025132526,-0.033424255
9.187000,-0.211786667,-0.032408505,-0.442423630,0.093076111,-0.026547041,-0.030308854
9.188000,-0.227819531,-0.014338770,-0.545811365,0.095640157,-0.028162108,-0.028886248
9.189000,-0.248187149,-0.011124467,-0.669648576,0.098558283,-0.031067455,-0.027517264
9.190000,-0.257533526,-0.042691078,-0.746912823,0.099085837,-0.035258928,-0.026745852
9.191000,-0.204950371,0.030810731,-0.669025596,0.096254763,-0.040642899,-0.024041379
9.192000,-0.183364845,0.053299671,-0.600258959,0.096260321,-0.042478150,-0.022889283
9.193000,-0.135477621,0.100217388,-0.585632751,0.095003613,-0.045027320,-0.020630616
9.194000,-0.118538531,0.122281232,-0.662883356,0.096470776,-0.047558835,-0.018450132
9.195000,-0.119103013,0.084473281,-0.770747589,0.099499582,-0.051321086,-0.014728247
9.196000,-0.098813097,0.026785645,-0.848351682,0.109787041,-0.055147327,-0.011159753
9.197000,-0.066684026,-0.112597200,-0.829263472,0.118403233,-0.059856363,-0.007963763
9.198000,0.002206684,-0.305972426,-0.763268203,0.117234686,-0.063402959,-0.003000401
9.199000,0.086349848,-0.306943746,-0.689636838,0.109926010,-0.064652143,0.000655532
9.200000,0.148221885,-0.148095979,-0.680680544,0.097147154,-0.063299846,0.002606641
9.201000,0.185399047,-0.029495554,-0.727681752,0.084685298,-0.061878733,0.003268810
9.202000,0.172280351,-0.044157538,-0.846400568,0.080764359,-0.060806086,0.003639611
9.203000,0.164025330,-0.056633252,-0.976630822,0.085653804,-0.064054968,0.004539448
9.204000,0.144454529,-0.010185384,-1.132772778,0.090314199,-0.068660088,0.008714035
9.205000,0.132325820,0.022977454,-1.085763059,0.095024641,-0.074042063,0.012541923
9.206000,0.130580115,0.019504983,-0.926978635,0.087988250,-0.079897525,0.016323745
9.207000,0.153426726,0.030943879,-0.817317869,0.073685767,-0.080429508,0.021746858
9.208000,0.143893212,0.126505784,-0.800519215,0.059718609,-0.081225698,0.025790285
9.209000,0.134894990,0.250845824,-0.845213624,0.053608220,-0.083093978,0.026751022
9.210000,0.117858015,0.369610919,-1.088735424,0.053972293,-0.083242431,0.028592059
9.211000,0.122986205,0.424738877,-1.262110976,0.063330963,-0.085010503,0.031030498
9.212000,0.084517122,0.374517803,-1.189471273,0.073031146,-0.090974753,0.032483944
9.213000,0.066169584,0.250953776,-1.076271614,0.076175334,-0.094147521,0.032805932
9.214000,0.029922530,0.077922326,-0.849723873,0.064726842,-0.098159482,0.032755500
9.215000,0.036843777,0.015789113,-0.745254463,0.046940947,-0.100826820,0.036194599
9.216000,0.019592656,0.120622294,-0.928819805,0.028058116,-0.097572456,0.036390508
9.217000,0.012485883,0.188999684,-1.218251540,0.024719917,-0.095150282,0.033038315
9.218000,0.002834432,0.082796019,-1.359277246,0.031359505,-0.095991948,0.030460541
9.219000,-0.026375163,-0.069913359,-1.356802341,0.042506154,-0.101094052,0.028852829
9.220000,-0.047070960,-0.152842150,-1.177645986,0.053604460,-0.107943096,0.026926944
9.221000,-0.002662746,-0.229396381,-0.995836776,0.043502194,-0.113567595,0.034394537
9.222000,0.036364463,-0.047530726,-1.057620429,0.024903273,-0.111151589,0.038694884
9.223000,0.049266095,0.196382746,-1.093933332,0.008639930,-0.107031611,0.038926434
9.224000,0.000319455,0.173694431,-1.152395888,0.004607577,-0.103767487,0.037444645
9.225000,-0.081684346,0.065796709,-1.279029716,0.020767245,-0.110072423,0.035041367
9.226000,-0.129628090,-0.038868293,-1.365502692,0.045115423,-0.118103892,0.034119193
9.227000,-0.077946820,-0.061214936,-1.313686757,0.055421794,-0.122228142,0.039552213
9.228000,-0.052344235,0.060744920,-1.207979928,0.044630112,-0.119399155,0.042511101
9.229000,-0.036555765,0.228233264,-1.116289917,0.020823508,-0.117936415,0.044545680
9.230000,-0.069010036,0.327763824,-1.138605874,-0.000001542,-0.117388592,0.044186593
9.231000,-0.112982330,0.247865165,-1.310934652,-0.000637839,-0.119494042,0.040429202
9.232000,-0.141786555,0.015489181,-1.300474157,0.013114494,-0.123767931,0.039609990
9.233000,-0.083880118,-0.053863763,-1.229454815,0.013138178,-0.125334516,0.042053733
9.234000,-0.082869847,0.124564903,-1.270877954,0.013184617,-0.122369930,0.042736373
9.235000,-0.010231384,0.223965053,-1.235852663,0.009177740,-0.124138154,0.043451249
9.236000,0.056850315,0.211715000,-1.206217891,-0.016987381,-0.124880792,0.046689954
9.237000,0.080177008,0.179578991,-1.348525354,-0.024572471,-0.120834452,0.045837848
9.238000,0.050335328,-0.002455230,-1.364910226,-0.010500216,-0.122900960,0.042000225
9.239000,0.039209974,-0.241447158,-1.337116658,0.006772192,-0.125813127,0.041442416
9.240000,0.059188301,-0.267843067,-1.431132520,0.019903029,-0.123808596,0.044547721
9.241000,0.138849057,-0.075626907,-1.509926833,0.022207164,-0.119875933,0.045853943
9.242000,0.219349313,0.115637735,-1.371301232,0.006322960,-0.121588438,0.046192795
9.243000,0.244196159,0.157030682,-1.355080641,-0.006959494,-0.121607992,0.045014578
9.244000,0.177854782,0.105386486,-1.402443985,-0.000915799,-0.119842015,0.040235270
9.245000,0.106168701,-0.166494004,-1.345571518,0.025142805,-0.120903688,0.034786751
9.246000,0.102667023,-0.492497704,-1.361362999,0.041497802,-0.128469742,0.033787635
9.247000,0.211495410,-0.444482028,-1.433238509,0.038032094,-0.129821785,0.035007872
9.248000,0.332521948,-0.099302807,-1.268905493,0.018644194,-0.124912946,0.033720617
9.249000,0.357020676,0.184097402,-1.142250478,-0.004246089,-0.119051489,0.031492137
9.250000,0.249839197,0.175040720,-1.286111068,-0.005354947,-0.116632922,0.029311523
9.251000,0.087036987,-0.067407881,-1.502668140,0.021518372,-0.122780591,0.025468109
9.252000,0.017596431,-0.385395595,-1.567318702,0.044838742,-0.133778998,0.025099339
9.253000,0.053233663,-0.539555175,-1.527031744,0.047004100,-0.139594802,0.028149618
9.254000,0.191884675,-0.297880086,-1.364976279,0.031075575,-0.136904937,0.028783598
9.255000,0.293707072,0.078689739,-0.993201836,-0.009997086,-0.128456034,0.024956121
9.256000,0.193793530,0.267141984,-0.978863852,-0.031587521,-0.122071681,0.019235321
9.257000,0.018517044,0.163719792,-1.371834788,-0.012207340,-0.123519134,0.013164606
9.258000,-0.159300032,-0.128635276,-1.786237556,0.037093990,-0.133930175,0.009291346
9.259000,-0.203378977,-0.404651302,-1.917968467,0.069322196,-0.142934765,0.010866229
9.260000,-0.112540687,-0.406450857,-1.842501112,0.066521899,-0.143344612,0.012156494
9.261000,0.076382668,-0.084475082,-1.399319215,0.032201338,-0.139237428,0.009695353
9.262000,0.134234106,0.182534613,-1.090884747,-0.015521200,-0.135839734,0.003744800
9.263000,0.011305937,0.229089084,-1.121932695,-0.028924508,-0.132629210,-0.001819870
9.264000,-0.159366520,0.110760010,-1.424102458,-0.001951339,-0.131157604,-0.006642257
9.265000,-0.283287096,-0.184780717,-1.649799165,0.038911725,-0.136737607,-0.007971544
9.266000,-0.253558931,-0.428130900,-1.862780032,0.062130719,-0.141892846,-0.004264924
9.267000,-0.132270015,-0.291630474,-1.885560667,0.058287102,-0.143598090,-0.002723602
9.268000,0.020881935,-0.048722602,-1.556036050,0.027170282,-0.142112919,-0.004595452
9.269000,0.048240148,0.051938938,-1.215740936,-0.010465429,-0.137825814,-0.010722401
9.270000,-0.090123724,0.024044639,-1.238736334,-0.018621562,-0.138290905,-0.018554619
9.271000,-0.216559426,-0.108968946,-1.582978308,0.007223046,-0.144151744,-0.023590883
9.272000,-0.258953179,-0.236698525,-1.939025184,0.042927161,-0.148240271,-0.023895265
9.273000,-0.176329881,-0.228835045,-2.026666553,0.062258592,-0.149564243,-0.020401733
9.274000,-0.000336584,-0.062034478,-1.924312129,0.052242938,-0.143610752,-0.016803675
9.275000,0.109573308,0.121066765,-1.668964300,0.020297211,-0.138602932,-0.016623091
9.276000,0.094870536,0.159192834,-1.497729818,-0.007898286,-0.139901843,-0.020162887
9.277000,-0.034155231,0.099711647,-1.621292660,-0.008657464,-0.146403844,-0.025268992
9.278000,-0.133853586,0.008575004,-1.909107195,0.014067932,-0.154059293,-0.027372234
9.279000,-0.113440441,-0.079745024,-2.088120652,0.039452287,-0.155082130,-0.026107347
9.280000,0.008817200,-0.048390886,-2.082393251,0.046112236,-0.152302032,-0.022812331
9.281000,0.146252121,0.099555352,-1.959969055,0.031522232,-0.147116443,-0.019848302
9.282000,0.217172827,0.195595572,-1.809598204,0.012674714,-0.145517804,-0.020579252
9.283000,0.213021052,0.218890659,-1.682133959,-0.008542542,-0.147831354,-0.023261967
9.284000,0.119580896,0.228053809,-1.767348297,-0.014323797,-0.152959202,-0.026256168
9.285000,0.026404515,0.153848549,-2.072586660,0.005733791,-0.159301551,-0.028314778
9.286000,0.050021537,0.017718403,-2.228929524,0.027013179,-0.161091191,-0.027200420
9.287000,0.152180150,-0.024517546,-2.256158030,0.039327333,-0.159573785,-0.026124838
9.288000,0.251345091,-0.001637969,-2.094276685,0.034439350,-0.159131417,-0.026669883
9.289000,0.300778750,0.014585594,-1.929486727,0.013778968,-0.161174764,-0.026309690
9.290000,0.271545378,0.074785408,-1.920276707,-0.007202075,-0.166699574,-0.025341927
9.291000,0.186477842,0.133891119,-2.037612655,-0.011868297,-0.172394811,-0.025488051
9.292000,0.128964812,0.120652565,-2.153554870,-0.004985239,-0.177477661,-0.024333994
9.293000,0.139486298,0.078748897,-2.324218259,0.009103839,-0.177778095,-0.021224476
9.294000,0.183832955,0.071171780,-2.347429428,0.015123561,-0.177844580,-0.017803865
9.295000,0.238201511,0.067263797,-2.258531795,0.007771065,-0.178248174,-0.014850458
9.296000,0.252086894,0.123352139,-2.194009989,-0.010632360,-0.181803282,-0.013404622
9.297000,0.160327275,0.188375023,-2.173539201,-0.023679371,-0.188472935,-0.014669918
9.298000,0.084997073,0.187285575,-2.206016759,-0.024170260,-0.194470266,-0.015462374
9.299000,0.018952832,0.176091543,-2.344235044,-0.014421350,-0.198944486,-0.015597652
9.300000,0.032302019,0.147187116,-2.500603809,0.002930621,-0.200998880,-0.013769560
9.301000,0.067781267,0.084407521,-2.564105347,0.011548958,-0.202517279,-0.010956980
9.302000,0.109115164,0.058531110,-2.505853114,0.006672816,-0.206822643,-0.008638506
9.303000,0.108929102,0.054462778,-2.384005395,-0.006725418,-0.213024961,-0.007566219
9.304000,0.068788153,0.129463596,-2.329678671,-0.023523901,-0.216250160,-0.007103346
9.305000,0.004586461,0.189255562,-2.373690882,-0.032781522,-0.219967821,-0.009166466
9.306000,-0.019943093,0.105851584,-2.511121367,-0.030318567,-0.223212556,-0.010092294
9.307000,-0.027226506,-0.018359164,-2.657083170,-0.019712987,-0.225802934,-0.009914171
9.308000,0.022341571,-0.099119984,-2.706161633,-0.009522177,-0.229858389,-0.008629590
9.309000,0.072429641,-0.101734061,-2.644470567,-0.010858378,-0.234303357,-0.006396669
9.310000,0.124987528,0.000671386,-2.518876306,-0.020435580,-0.237692663,-0.004486989
9.311000,0.118101718,0.062320290,-2.388990293,-0.029314032,-0.242365382,-0.005350760
9.312000,0.086781447,0.042361951,-2.382607163,-0.030492179,-0.247987338,-0.005035123
9.313000,0.055872181,0.004567396,-2.530543735,-0.023995739,-0.252640002,-0.003516516
9.314000,0.038811210,0.011041704,-2.768576206,-0.010220790,-0.256057828,0.000242584
9.315000,0.066177623,0.008143834,-2.889007583,0.001269068,-0.258164496,0.002340725
9.316000,0.135639596,0.011727530,-2.805350568,-0.000708407,-0.259058155,0.005213437
9.317000,0.185176922,0.071859957,-2.649951943,-0.011173847,-0.260381055,0.005932226
9.318000,0.161981523,0.090970839,-2.542966060,-0.020878677,-0.265064107,0.004073030
9.319000,0.129221627,0.050745889,-2.600361118,-0.025558737,-0.271820840,0.003232608
9.320000,0.101058085,0.026472283,-2.731818861,-0.022315278,-0.276809509,0.003664114
9.321000,0.124149103,-0.014960584,-2.809492696,-0.014473507,-0.280597570,0.003188351
9.322000,0.193266848,-0.026540450,-2.830171405,-0.010400860,-0.283848905,0.004318463
9.323000,0.249309911,-0.012006422,-2.772545527,-0.011205641,-0.286661515,0.006889967
9.324000,0.271845975,-0.002760979,-2.626710138,-0.016422462,-0.294018030,0.007248618
9.325000,0.255760611,-0.027348488,-2.545120255,-0.021393238,-0.301569979,0.007962379
9.326000,0.258608490,-0.086605905,-2.558242223,-0.021197206,-0.306998516,0.007981524
9.327000,0.257822128,-0.139341046,-2.566288234,-0.017115274,-0.312163111,0.006725219
9.328000,0.280785190,-0.150970785,-2.670876706,-0.014601006,-0.313458206,0.008956067
9.329000,0.299634516,-0.101900919,-2.783797304,-0.012726054,-0.313107597,0.010024457
9.330000,0.319946199,-0.080620303,-2.794950451,-0.013256448,-0.314730295,0.011866254
9.331000,0.303598794,-0.099730033,-2.721989448,-0.018428943,-0.320086375,0.014321395
9.332000,0.285251296,-0.033919963,-2.786048336,-0.018844240,-0.323765674,0.014949791
9.333000,0.262630190,-0.066347667,-2.756170960,-0.016146394,-0.328808934,0.014644687
9.334000,0.260398041,-0.148317420,-2.769492303,-0.013326259,-0.332771916,0.015912091
9.335000,0.268003665,-0.102462137,-2.837029662,-0.012842769,-0.335125577,0.017161787
9.336000,0.290419218,-0.045579617,-2.824052638,-0.007788960,-0.337654941,0.016690801
9.337000,0.300863086,-0.062027311,-2.745415610,-0.004796186,-0.343421994,0.016419376
9.338000,0.313101817,-0.078610204,-2.760708756,-0.001947168,-0.347890029,0.018259627
9.339000,0.263849685,-0.088515200,-2.792850304,0.001605085,-0.353299451,0.017477054
9.340000,0.263222748,-0.129546017,-2.758072560,0.001096251,-0.358836729,0.016979450
9.341000,0.236960736,-0.143576876,-2.745557221,-0.005190312,-0.360836612,0.016179594
9.342000,0.204610454,-0.100344861,-2.773781025,-0.007086336,-0.361413855,0.013976403
9.343000,0.221846340,-0.062020752,-2.830767627,-0.007174712,-0.362574613,0.012882945
9.344000,0.246212196,-0.073980924,-2.924109489,-0.008498772,-0.363355201,0.012201471
9.345000,0.238684551,-0.072645848,-3.018480289,-0.010736491,-0.364107979,0.012590638
9.346000,0.223709757,-0.094405945,-3.064452176,-0.009828633,-0.367374431,0.009989559
9.347000,0.237463308,-0.144674579,-2.998908110,-0.013206638,-0.371034663,0.007538137
9.348000,0.269120977,-0.102361114,-2.976773245,-0.016652953,-0.372574046,0.009395413
9.349000,0.293945580,0.002193769,-3.048252066,-0.016514205,-0.372760802,0.010342113
9.350000,0.278142815,0.027057134,-3.039813740,-0.010588839,-0.376277794,0.009349417
9.351000,0.275274245,-0.012069583,-3.068694348,-0.001700174,-0.378970225,0.009674550
9.352000,0.263148978,-0.031514732,-3.115812496,0.009417611,-0.381687830,0.010620296
9.353000,0.270609826,-0.049221024,-3.089495061,0.015873933,-0.382654888,0.009689231
9.354000,0.319125417,-0.012942314,-3.084280302,0.010585778,-0.383262565,0.011048228
9.355000,0.348738867,0.072508397,-3.123322932,0.004237616,-0.380589356,0.009034304
9.356000,0.364209901,0.069212209,-3.036024240,0.000577576,-0.381476653,0.004599453
9.357000,0.343306262,0.002455146,-3.093902208,0.000020774,-0.380242581,0.001752828
9.358000,0.337746759,-0.025990279,-3.323443578,0.007955018,-0.379332904,0.000796200
9.359000,0.333364029,-0.091810923,-3.458253886,0.015203741,-0.380545638,-0.000192352
9.360000,0.381764016,-0.122282331,-3.439743044,0.012399512,-0.381411349,-0.000785370
9.361000,0.426858671,-0.071849355,-3.377137829,0.001836019,-0.383188072,-0.001883546
9.362000,0.445711573,0.000279513,-3.329190398,-0.003868879,-0.385203681,-0.003018000
9.363000,0.441561553,0.079908679,-3.309585788,-0.007887483,-0.385278023,-0.004789760
9.364000,0.427969432,0.103939110,-3.387915829,-0.004202409,-0.386319666,-0.008242542
9.365000,0.429606070,0.082495090,-3.507128232,0.005250378,-0.388077791,-0.009590982
9.366000,0.481928535,0.096140992,-3.469045827,0.013358330,-0.389536413,-0.007144759
9.367000,0.479861266,0.131872271,-3.411478774,0.017123297,-0.391121897,-0.007148002
9.368000,0.478351230,0.133358500,-3.360917712,0.014698661,-0.392783956,-0.006294518
9.369000,0.481109897,0.173705704,-3.317989525,0.008602717,-0.393034032,-0.005501135
9.370000,0.453168605,0.227845339,-3.362094959,0.008308546,-0.392059202,-0.007324083
9.371000,0.424726061,0.208229871,-3.397780901,0.008347868,-0.392041760,-0.009076670
9.372000,0.417182628,0.161275529,-3.493566866,0.013290019,-0.390589127,-0.010175294
9.373000,0.408447145,0.139273201,-3.615255183,0.016859681,-0.389103464,-0.011344791
9.374000,0.433235709,0.123944511,-3.704517479,0.016170629,-0.387136757,-0.013178299
9.375000,0.465699967,0.112316944,-3.607684138,0.010043960,-0.387660109,-0.016830648
9.376000,0.484393591,0.130218935,-3.551931757,0.004330263,-0.389648205,-0.020183137
9.377000,0.490366237,0.121465446,-3.534623496,0.003628336,-0.392696427,-0.022452913
9.378000,0.458040313,0.116475420,-3.479088975,0.014638481,-0.397627539,-0.023426326
9.379000,0.413860089,0.029167395,-3.602129298,0.028557945,-0.399145980,-0.024941447
9.380000,0.444030966,-0.081938377,-3.576859093,0.035652730,-0.402159065,-0.023458288
9.381000,0.514828543,-0.055211881,-3.512158349,0.037776808,-0.402893006,-0.021742754
9.382000,0.540913808,0.064234936,-3.407591071,0.030460223,-0.402265594,-0.021793058
9.383000,0.534721969,0.103675357,-3.391571054,0.018612100,-0.400558112,-0.023999763
9.384000,0.493677836,0.148239052,-3.414639779,0.017527084,-0.401945751,-0.025291893
9.385000,0.458122446,0.090568185,-3.515795378,0.024306655,-0.402217538,-0.026009279
9.386000,0.441778929,-0.037070842,-3.650710862,0.027701348,-0.403254551,-0.026479342
9.387000,0.441181932,-0.056877057,-3.699750545,0.026477064,-0.406914099,-0.023832217
9.388000,0.433449595,0.050189257,-3.707861970,0.023551630,-0.407039204,-0.022773688
9.389000,0.478523571,0.118492574,-3.593160672,0.012971540,-0.408019037,-0.024267284
9.390000,0.519577875,0.218530635,-3.480383983,0.006627492,-0.406736866,-0.025539688
9.391000,0.527618711,0.270174928,-3.452148730,0.013223908,-0.408832921,-0.029390903
9.392000,0.503300907,0.155625509,-3.532587198,0.026915589,-0.414555980,-0.029797775
9.393000,0.462030208,0.038840284,-3.574951318,0.041841185,-0.420660953,-0.029901202
9.394000,0.527259636,-0.000249602,-3.515837895,0.048950915,-0.426161679,-0.026857429
9.395000,0.598127066,-0.000266889,-3.333592237,0.042354511,-0.427883740,-0.022156713
9.396000,0.618736302,0.081468323,-3.268033908,0.031168597,-0.427425463,-0.020576006
9.397000,0.548048727,0.084325987,-3.252073725,0.022406960,-0.427808228,-0.020688948
9.398000,0.524937106,0.007931716,-3.404646884,0.016560159,-0.427548948,-0.018679180
9.399000,0.517907347,-0.014845228,-3.593682670,0.020655794,-0.428614502,-0.018266366
9.400000,0.519263630,-0.034237087,-3.703708886,0.028404911,-0.429116771,-0.019722010
9.401000,0.555637206,-0.036897162,-3.632247048,0.023669931,-0.432040887,-0.019117725
9.402000,0.595160448,0.047126156,-3.641302895,0.019169228,-0.429444575,-0.018592452
9.403000,0.623223339,0.078811780,-3.589187588,0.016640850,-0.428902781,-0.019756515
9.404000,0.647972847,-0.021586534,-3.576137608,0.016128938,-0.430409787,-0.021677874
9.405000,0.621870900,-0.067609410,-3.679023860,0.021618914,-0.434436633,-0.020342578
9.406000,0.615300006,-0.093666280,-3.632407619,0.038058154,-0.441734570,-0.019337359
9.407000,0.631699329,-0.057934581,-3.554555544,0.049141975,-0.447069039,-0.016420954
9.408000,0.648294539,-0.063114715,-3.525484692,0.049489444,-0.446193117,-0.012171189
9.409000,0.678384576,-0.059884848,-3.462679377,0.034478333,-0.445628994,-0.008038109
9.410000,0.671509480,0.018996142,-3.442978870,0.017371925,-0.450310749,-0.005695160
9.411000,0.637742011,0.147499084,-3.446366050,0.008680205,-0.455949689,-0.007720999
9.412000,0.598114935,0.134799740,-3.443953436,0.011572571,-0.457681512,-0.010893552
9.413000,0.587291517,0.019382150,-3.667861371,0.024349290,-0.455973565,-0.012961575
9.414000,0.573349455,-0.065969946,-3.853420666,0.037618780,-0.453862579,-0.013481796
9.415000,0.668194086,-0.165949140,-3.902067108,0.041462803,-0.453388813,-0.011785956
9.416000,0.692337069,-0.177453162,-3.818407630,0.036512838,-0.455962486,-0.009170042
9.417000,0.715373056,-0.120926840,-3.669866558,0.026499473,-0.460000660,-0.008135864
9.418000,0.727418419,-0.107396034,-3.497997186,0.014209240,-0.464651303,-0.007251763
9.419000,0.717129824,-0.024705774,-3.547889854,0.012181994,-0.464211464,-0.004517433
9.420000,0.681097872,0.034313650,-3.702079789,0.027033466,-0.463398246,-0.002823504
9.421000,0.660410796,-0.009186219,-3.755800663,0.033755160,-0.470741791,-0.001175933
9.422000,0.647705637,-0.058609817,-3.830888402,0.032423446,-0.473454518,0.003255438
9.423000,0.663785716,-0.032302671,-3.738935562,0.029829489,-0.477529731,0.002811978
9.424000,0.684560230,-0.009738060,-3.486453291,0.024570555,-0.481052776,0.002996978
9.425000,0.648776563,-0.034358100,-3.587252949,0.016743549,-0.481130000,0.004564249
9.426000,0.641651513,0.026291354,-3.798019154,0.025134590,-0.481539236,0.005251498
9.427000,0.593783486,-0.014753862,-3.846619518,0.033228734,-0.487941335,0.005150274
9.428000,0.602010337,-0.126076285,-3.922602558,0.037456907,-0.487989494,0.008618854
9.429000,0.621401183,-0.165575334,-3.856287934,0.033651210,-0.488478601,0.010819693
9.430000,0.668378741,-0.062645878,-3.743266167,0.020930586,-0.487828446,0.013574976
9.431000,0.645205233,0.129297070,-3.699029417,0.003400231,-0.486561398,0.013863258
9.432000,0.645108052,0.210561348,-3.765890508,-0.000898324,-0.488379718,0.011676042
9.433000,0.588858876,0.090600235,-3.823964853,0.008091897,-0.492952266,0.008444940
9.434000,0.573423330,-0.056462667,-3.871750461,0.022956830,-0.497309570,0.010482414
9.435000,0.598143563,-0.091376007,-3.930248416,0.033199808,-0.499729408,0.012493255
9.436000,0.641212198,-0.034088471,-3.799586918,0.035794726,-0.500660562,0.015267765
9.437000,0.635347462,-0.005970593,-3.706328078,0.026660310,-0.503097378,0.016309627
9.438000,0.658970414,0.071022347,-3.664972773,0.017812759,-0.503837058,0.018671363
9.439000,0.613293940,0.053763852,-3.779420753,0.013732496,-0.503719980,0.016504087
9.440000,0.581897010,0.075004501,-3.883277909,0.019811314,-0.504213078,0.013963775
9.441000,0.580781603,-0.028984817,-3.907270642,0.024283631,-0.506774877,0.013730917
9.442000,0.591050684,-0.024234268,-3.976680728,0.028498817,-0.505370817,0.012725737
9.443000,0.611852043,0.029329333,-3.807235889,0.025949643,-0.507422600,0.010725352
9.444000,0.671448895,0.038172477,-3.805488510,0.015485994,-0.506696437,0.012507000
9.445000,0.666125258,-0.008981580,-3.794531370,0.008453393,-0.505587867,0.011706919
9.446000,0.679674617,-0.033351948,-3.807268255,0.007923019,-0.509039829,0.009539623
9.447000,0.639604989,-0.070471646,-3.784560155,0.007453469,-0.513059235,0.008714743
9.448000,0.638004784,-0.018331441,-3.924464387,0.008823776,-0.510425004,0.011991680
9.449000,0.673422246,0.139810402,-3.981598933,0.013610231,-0.509376515,0.015987237
9.450000,0.691189620,0.218193861,-4.023625314,0.017059628,-0.507055847,0.016481090
9.451000,0.643197830,0.066403903,-3.894605329,0.015740380,-0.511786742,0.015430337
9.452000,0.613158466,-0.015302598,-3.812615729,0.016163854,-0.516535387,0.014898818
9.453000,0.634082854,0.033436829,-3.819922817,0.013835604,-0.517936108,0.012933519
9.454000,0.689674633,0.027144668,-3.820857813,0.005221794,-0.517347257,0.013908122
9.455000,0.738217966,0.153885288,-3.841325088,-0.005611227,-0.515672550,0.014851864
9.456000,0.770283809,0.279008720,-3.809542994,-0.003282433,-0.514683345,0.014185766
9.457000,0.706332634,0.189444965,-3.681617118,0.002007958,-0.517836116,0.014388570
9.458000,0.641438180,0.125768835,-3.845950444,0.014195280,-0.516975388,0.016941839
9.459000,0.611863341,0.056735262,-4.031447127,0.022483351,-0.519023174,0.015951894
9.460000,0.617364426,0.006521396,-3.950098380,0.023009292,-0.519149618,0.015080615
9.461000,0.653669311,0.007775159,-3.788078578,0.013713746,-0.518830134,0.011318386
9.462000,0.636557971,0.040753451,-3.734076537,0.010505760,-0.515925406,0.005092680
9.463000,0.660988771,-0.087111454,-3.610799029,0.009762550,-0.516394786,0.000131067
9.464000,0.705138560,-0.156679631,-3.850891905,0.005298511,-0.511650828,0.001870583
9.465000,0.696421737,0.064743417,-3.923834178,0.005557222,-0.514161185,0.000755898
9.466000,0.657883266,0.150222128,-3.836621482,0.011090202,-0.514436960,-0.000426060
9.467000,0.618334136,0.076612224,-3.610399098,0.014591897,-0.517926762,0.000294754
9.468000,0.551629814,0.068770831,-3.723326048,0.020451156,-0.516712818,-0.000592841
9.469000,0.526948321,0.037724017,-3.796168768,0.029444059,-0.519074278,-0.003207947
9.470000,0.500908951,-0.195616449,-3.740833895,0.033091618,-0.519623865,-0.004421207
9.471000,0.550033051,-0.226634143,-3.661815575,0.021949120,-0.518863626,-0.004167963
9.472000,0.564859278,-0.051492690,-3.658472372,0.015201020,-0.513518616,-0.001916528
9.473000,0.612424683,0.040791432,-3.546222662,0.009562264,-0.511193044,0.003029242
9.474000,0.599555573,0.072327075,-3.640581919,-0.000303848,-0.507885604,0.009727127
9.475000,0.542725792,0.153480296,-3.704177494,-0.000406769,-0.508208966,0.013075822
9.476000,0.454321607,0.202189138,-3.670426058,0.006990035,-0.509332930,0.012705934
9.477000,0.419150481,0.067890345,-3.653381213,0.011496207,-0.506185759,0.010704166
9.478000,0.416203195,0.026852862,-3.762997234,0.011111216,-0.502179912,0.007157758
9.479000,0.460653027,0.017303463,-3.735454520,0.013589693,-0.499757226,-0.000560811
9.480000,0.501990305,-0.085609565,-3.501997720,0.007846578,-0.501206796,-0.005719167
9.481000,0.495092977,-0.043356594,-3.491917149,0.009478742,-0.496540948,-0.006881726
9.482000,0.506035275,0.070483017,-3.548841237,0.017747351,-0.494702821,-0.006292008
9.483000,0.551895340,0.000830274,-3.667629551,0.023664526,-0.486922836,-0.002304683
9.484000,0.613453604,-0.063055873,-3.716466315,0.023863964,-0.480024504,0.003923109
9.485000,0.651427629,-0.086577270,-3.635942021,0.029374171,-0.475187041,0.003403564
9.486000,0.659971714,-0.248335251,-3.338473266,0.024167845,-0.474915205,0.001487742
9.487000,0.705172009,-0.295950630,-3.253549660,0.017321598,-0.472896580,0.002204942
9.488000,0.720019744,-0.236301864,-3.373540311,0.014284744,-0.468381645,0.002350859
9.489000,0.679049146,-0.227656478,-3.432973814,0.009976111,-0.470369976,0.001872393
9.490000,0.686262528,-0.260687641,-3.399038638,0.011485460,-0.470380228,0.004479598
9.491000,0.682640619,-0.229737969,-3.409751695,0.013192139,-0.466699437,0.008464238
9.492000,0.650224899,-0.057809556,-3.466643077,0.021242315,-0.459604724,0.013581411
9.493000,0.670490544,-0.021138153,-3.550333737,0.024073191,-0.451792440,0.019329991
9.494000,0.694317523,-0.070662230,-3.547738819,0.015611500,-0.446415656,0.025796477
9.495000,0.649773882,-0.028129431,-3.540791294,0.008208422,-0.442848058,0.023879042
9.496000,0.649069806,-0.046696195,-3.304079619,0.008861465,-0.441589135,0.022539959
9.497000,0.632272143,-0.067178138,-3.200800095,0.001128871,-0.438392781,0.023926936
9.498000,0.628543253,0.119329751,-3.303017832,0.000503482,-0.432928808,0.026058740
9.499000,0.618351425,0.231053438,-3.318405674,-0.000355003,-0.429512539,0.026212669
9.500000,0.613210061,0.182380044,-3.269096489,0.003344958,-0.426789149,0.027109789
9.501000,0.571870907,0.146759768,-3.380636379,0.009992101,-0.422069198,0.026443357
9.502000,0.525297963,0.047092257,-3.311208013,0.021262686,-0.419349132,0.026034272
9.503000,0.553314979,-0.095286576,-3.351501747,0.013447657,-0.416593315,0.029015087
9.504000,0.594545285,-0.065088088,-3.371795407,0.002919946,-0.409183381,0.030042811
9.505000,0.602846258,-0.040390296,-3.246035088,-0.002745136,-0.406439275,0.024802272
9.506000,0.589427881,-0.173104550,-3.056071190,-0.008424521,-0.402090100,0.023802857
9.507000,0.641636905,-0.121165595,-3.159950528,-0.009282041,-0.395331186,0.022664304
9.508000,0.639240593,-0.020423664,-3.281642052,-0.002416607,-0.387786329,0.020098289
9.509000,0.607370935,-0.143463641,-3.272768301,0.001576114,-0.385295884,0.017725589
9.510000,0.650822963,-0.168357140,-3.300564513,0.003693813,-0.382162462,0.017690541
9.511000,0.677182305,-0.127255421,-3.166754900,0.007461904,-0.379531253,0.015340640
9.512000,0.618637018,-0.140546761,-3.097311279,0.009822020,-0.374118857,0.011042491
9.513000,0.632360538,-0.214257856,-3.077338991,-0.001634117,-0.370951241,0.009484964
9.514000,0.708879453,-0.073890062,-3.181267361,-0.008578486,-0.365370579,0.013981365
9.515000,0.657942267,0.071516542,-3.113965676,-0.011435147,-0.364153193,0.012936006
9.516000,0.642080445,0.172136961,-3.032284680,-0.018117758,-0.361243960,0.013101452
9.517000,0.625610253,0.215689018,-3.078029380,-0.021026871,-0.356634764,0.012372708
9.518000,0.570618312,0.203517972,-3.021907857,-0.015058724,-0.354572181,0.007757953
9.519000,0.544140136,0.044043104,-2.921360318,-0.017788775,-0.354575882,0.003817207
9.520000,0.591747864,0.022344914,-2.877340905,-0.024324817,-0.352263084,0.004308775
9.521000,0.618900634,0.063156924,-2.872975581,-0.029935909,-0.346242057,0.001501682
9.522000,0.662757831,0.149890718,-2.782032394,-0.034398578,-0.341499882,0.002912758
9.523000,0.707227394,0.229939875,-2.841060678,-0.040763399,-0.335658062,0.002063561
9.524000,0.657109358,0.290473959,-2.993953243,-0.031465743,-0.330766045,0.003902043
9.525000,0.567583442,0.213325137,-2.925967782,-0.010615295,-0.331633975,0.000077098
9.526000,0.548479622,0.006631148,-2.879216587,0.001220678,-0.328040155,0.002093636
9.527000,0.572150688,-0.052567038,-2.886675246,0.005367778,-0.322646290,0.000125138
9.528000,0.607732508,-0.082153087,-2.894872475,-0.000768059,-0.316529595,-0.002606703
9.529000,0.687704145,-0.097199596,-2.701019686,-0.021782236,-0.311738201,-0.005934462
9.530000,0.724011132,-0.034695456,-2.729097753,-0.036721525,-0.305785037,-0.009126849
9.531000,0.718559166,0.075858805,-2.664576201,-0.036604297,-0.305169520,-0.011150949
9.532000,0.637269347,0.051352404,-2.690645273,-0.029795348,-0.307056306,-0.010051024
9.533000,0.608040417,0.089775765,-2.806080356,-0.023032567,-0.308712803,-0.008080627
9.534000,0.528217580,0.077015177,-2.816498876,-0.010685090,-0.307602320,-0.008199950
9.535000,0.532875179,0.040153451,-2.652489871,-0.012037924,-0.306475994,-0.008224951
9.536000,0.547350097,0.049835523,-2.598923348,-0.019007962,-0.299031309,-0.012024898
9.537000,0.585563986,0.085746596,-2.544546177,-0.024469296,-0.296428062,-0.016450318
9.538000,0.602724313,0.071814991,-2.441190855,-0.028293565,-0.294169671,-0.017312435
9.539000,0.608024186,0.095724901,-2.569115910,-0.032492210,-0.293860720,-0.017728999
9.540000,0.587491293,0.229818777,-2.594709262,-0.026474862,-0.292857669,-0.015699877
9.541000,0.547212929,0.335413174,-2.475414543,-0.023630090,-0.291665853,-0.014532538
9.542000,0.531979581,0.355708471,-2.529488180,-0.021032874,-0.287067299,-0.011772722
9.543000,0.501732614,0.269855910,-2.515614539,-0.012954583,-0.283527857,-0.014852562
9.544000,0.457755497,0.020487755,-2.404254779,-0.010625929,-0.284561011,-0.016329490
9.545000,0.449407801,-0.013131028,-2.541493028,-0.012520383,-0.279929271,-0.018713855
9.546000,0.514856349,0.083690135,-2.576900664,-0.012000467,-0.274412737,-0.021171092
9.547000,0.551415289,0.162889332,-2.416131442,-0.019277915,-0.273081803,-0.023426025
9.548000,0.542884760,0.130741384,-2.376682646,-0.022497173,-0.270263365,-0.023058494
9.549000,0.547172284,0.117561388,-2.394576263,-0.019092532,-0.268994623,-0.023288713
9.550000,0.518398143,0.057905365,-2.385870611,-0.009529900,-0.267917238,-0.023250011
9.551000,0.519363701,-0.009840064,-2.435580809,-0.010027900,-0.267466025,-0.022130081
9.552000,0.538630414,-0.094454695,-2.329097896,-0.007670658,-0.266273575,-0.023100425
9.553000,0.572577591,-0.078164461,-2.243083369,-0.007110270,-0.265788370,-0.028218806
9.554000,0.530245891,-0.081374845,-2.132003174,-0.003522368,-0.263791447,-0.030754065
9.555000,0.515644303,-0.092429063,-2.094271013,-0.000298161,-0.261965685,-0.031775910
9.556000,0.482427730,-0.017242723,-2.309423999,0.002102089,-0.258710928,-0.028026104
9.557000,0.505070942,0.021766314,-2.341679997,-0.003341487,-0.256375879,-0.023873851
9.558000,0.496344637,0.130935559,-2.196738799,-0.007882148,-0.256141089,-0.021334997
9.559000,0.465862528,0.158054200,-2.059688700,-0.009431860,-0.254977069,-0.020971643
9.560000,0.455622766,0.079807284,-1.994583634,-0.007935086,-0.253458160,-0.021006037
9.561000,0.392921655,0.006921298,-1.982572674,-0.012743441,-0.252269614,-0.022711437
9.562000,0.364140689,0.003464903,-2.003820792,-0.016278536,-0.252399283,-0.023658168
9.563000,0.356990988,0.058074805,-2.068947548,-0.017444323,-0.250517431,-0.025222266
9.564000,0.378920272,0.088643805,-1.939236633,-0.023204953,-0.251807569,-0.025610135
9.565000,0.381212655,0.182079504,-1.919332289,-0.019619894,-0.250151373,-0.025454112
9.566000,0.372611429,0.150442205,-2.018498623,-0.005890337,-0.247237880,-0.023440994
9.567000,0.334537170,0.020626155,-2.080011868,0.004245877,-0.244596233,-0.021120801
9.568000,0.335489103,-0.085752024,-2.060705760,0.008694715,-0.243614930,-0.016435534
9.569000,0.375302163,-0.055625457,-1.872642857,0.014914623,-0.240813563,-0.017985961
9.570000,0.386013737,-0.096224198,-1.732253514,0.010764213,-0.239392961,-0.019416246
9.571000,0.394247532,-0.141938482,-1.719266324,0.001479181,-0.235062076,-0.019275723
9.572000,0.379495776,-0.037346871,-1.847728021,-0.005789261,-0.231498885,-0.020697478
9.573000,0.346703548,-0.053916668,-1.737875160,-0.008049199,-0.235345584,-0.022392844
9.574000,0.352221733,-0.111352125,-1.688325977,-0.011378026,-0.235015204,-0.018656846
9.575000,0.319250353,0.029342815,-1.794807613,-0.006345378,-0.230779448,-0.017641180
9.576000,0.277297074,0.059658605,-1.828144705,0.004250527,-0.225929842,-0.017275412
9.577000,0.278927882,-0.111378058,-1.781568190,0.009929641,-0.222103013,-0.015012247
9.578000,0.289301369,-0.183030022,-1.825693566,0.012673954,-0.218516664,-0.013985206
9.579000,0.289650064,-0.166822428,-1.702315768,0.013960999,-0.215513958,-0.013281630
9.580000,0.310825325,-0.043387021,-1.578066814,0.016201754,-0.215965132,-0.012502482
9.581000,0.322732056,-0.050706034,-1.539825087,0.007156644,-0.215738253,-0.008689822
9.582000,0.344354230,0.050898570,-1.539238202,-0.006654680,-0.213035872,-0.002545294
9.583000,0.271389543,0.215761874,-1.469452288,-0.007990991,-0.211580243,-0.004617144
9.584000,0.190116495,0.196114989,-1.316939987,-0.004672704,-0.213667250,-0.003488784
9.585000,0.188856720,0.173334445,-1.427668976,-0.002487384,-0.210938832,0.001221126
9.586000,0.157622375,0.221758006,-1.650867770,0.011607429,-0.202715651,0.001248405
9.587000,0.136082883,0.046834962,-1.586334045,0.019152662,-0.200481597,-0.002333620
9.588000,0.252729494,-0.160879358,-1.532417920,0.014460246,-0.197478339,0.001785061
9.589000,0.284575797,-0.071104389,-1.459957166,0.010735775,-0.192121053,0.000618486
9.590000,0.258180705,-0.032839681,-1.267237437,0.008228030,-0.189941166,-0.001522714
9.591000,0.303775624,-0.085945414,-1.158550173,-0.003110810,-0.188373309,0.004352061
9.592000,0.313442381,0.038330172,-1.416488736,-0.002389521,-0.178231725,0.009727787
9.593000,0.230596343,0.090313773,-1.447139650,0.007838209,-0.177050053,0.007482715
9.594000,0.229593945,-0.044527474,-1.380396480,0.013677213,-0.177348029,0.009791063
9.595000,0.253647998,-0.061385788,-1.332400742,0.020279695,-0.172769975,0.011949446
9.596000,0.233183632,-0.079182245,-1.360385185,0.023572044,-0.166867833,0.010535895
9.597000,0.190905461,-0.094374725,-1.339783774,0.018750137,-0.164063094,0.009556031
9.598000,0.221367462,-0.052803273,-1.343976242,0.014475429,-0.159308257,0.010859431
9.599000,0.262965233,-0.038238690,-1.237362756,0.013628169,-0.156616022,0.010704892
9.600000,0.271023868,-0.040480450,-1.152662751,0.012994509,-0.154170454,0.013437377
9.601000,0.277084780,-0.036540364,-1.027201748,0.014476063,-0.151596979,0.016029620
9.602000,0.275816339,0.045194139,-1.114578089,0.013019068,-0.148575003,0.021294296
9.603000,0.228423589,0.148203280,-1.079990292,0.005128209,-0.148472295,0.023262934
9.604000,0.197797033,0.255745335,-1.070505696,-0.001706437,-0.146494552,0.024790942
9.605000,0.171722948,0.240349084,-1.009604842,0.000852930,-0.143777057,0.022152416
9.606000,0.140214096,0.114764536,-0.961338073,0.005766783,-0.141371522,0.021332987
9.607000,0.164482058,-0.011977583,-0.969475243,0.006376829,-0.138991278,0.020267438
9.608000,0.201987942,-0.024113273,-1.055188671,0.008942549,-0.132092195,0.023590074
9.609000,0.202147170,0.039582836,-1.019333015,0.006186461,-0.126863410,0.023753963
9.610000,0.232998506,0.079861008,-0.970075062,-0.000897696,-0.122483646,0.024786008
9.611000,0.274196666,0.138839737,-0.893588229,-0.002217073,-0.118978224,0.026624158
9.612000,0.230256546,0.134971336,-0.848741165,0.009010262,-0.117367160,0.026395533
9.613000,0.137852976,-0.002794018,-0.839098827,0.014289817,-0.118796514,0.027576619
9.614000,0.110991121,-0.015712366,-0.936117214,0.019126541,-0.117180973,0.028671377
9.615000,0.123900412,0.038637521,-0.924352126,0.022111194,-0.112586704,0.027144502
9.616000,0.145325526,-0.098776481,-0.756784219,0.014047216,-0.110390990,0.025204891
9.617000,0.217481818,-0.111356564,-0.737312853,0.002492487,-0.106584775,0.026211193
9.618000,0.185633493,-0.060685949,-0.726224027,0.007118681,-0.101585499,0.023939246
9.619000,0.159822776,-0.139446876,-0.754649538,0.011962721,-0.099725838,0.023674745
9.620000,0.152523576,-0.209000492,-0.770069384,0.007797558,-0.099302145,0.030313550
9.621000,0.137932897,0.001884243,-0.872398527,0.008259024,-0.094842381,0.033800424
9.622000,0.115378977,0.104598643,-0.671075624,0.006278983,-0.093808645,0.033055516
9.623000,0.106159292,0.046448496,-0.502958894,-0.009419363,-0.093077377,0.035046281
9.624000,0.091894555,0.186913473,-0.544445701,-0.015072036,-0.088192061,0.035064316
9.625000,0.017718755,0.196470137,-0.570964315,-0.007919934,-0.088101346,0.030010476
9.626000,0.001936962,-0.011314923,-0.541088548,-0.005761197,-0.087749170,0.029495975
9.627000,0.059934796,-0.108427513,-0.610712896,-0.005602949,-0.086385694,0.033346731
9.628000,0.127523489,-0.000807904,-0.617610266,-0.001586520,-0.081711189,0.035400936
9.629000,0.114436369,0.031531915,-0.373133798,-0.007486911,-0.078056539,0.035052476
9.630000,0.078461050,0.044441197,-0.351184729,-0.021516307,-0.071621173,0.037501184
9.631000,0.088652222,0.123326203,-0.429329853,-0.026517808,-0.067451241,0.037601826
9.632000,0.052562908,0.135304770,-0.523897422,-0.024642091,-0.063859021,0.036226421
9.633000,0.017837127,0.044568612,-0.618109183,-0.023297696,-0.061206396,0.035571458
9.634000,0.038777093,0.025597848,-0.696149572,-0.022288522,-0.058858700,0.036320289
9.635000,0.066512199,0.045779726,-0.558633227,-0.018770455,-0.056442374,0.035753042
9.636000,0.128604206,-0.094729144,-0.387525393,-0.016644374,-0.053020217,0.032923650
9.637000,0.196322794,-0.240783456,-0.276494755,-0.019057915,-0.051562433,0.033903598
9.638000,0.192612101,-0.226469588,-0.314455183,-0.019515442,-0.050571004,0.034763170
9.639000,0.153047391,-0.148036365,-0.379819668,-0.020342867,-0.048581239,0.033522256
9.640000,0.141866678,-0.086616721,-0.380080750,-0.023764461,-0.046900943,0.032902819
9.641000,0.148676229,-0.038455503,-0.363040586,-0.024819926,-0.044563627,0.032915183
9.642000,0.157594085,-0.001955274,-0.302050126,-0.024825725,-0.042125544,0.031536571
9.643000,0.115497080,-0.023069856,-0.234926877,-0.030593237,-0.040067510,0.030311242
9.644000,0.123169529,-0.001996596,-0.269987766,-0.036966444,-0.039735986,0.030913982
9.645000,0.089300328,-0.003960611,-0.344861112,-0.039824794,-0.037737055,0.031077060
9.646000,0.139930963,0.022888116,-0.309794396,-0.040343462,-0.036099248,0.031171582
9.647000,0.155536352,0.062088095,-0.352349367,-0.040198825,-0.031369110,0.031932206
9.648000,0.158498144,0.059260731,-0.262637139,-0.031600838,-0.030567285,0.030955060
9.649000,0.101597697,-0.048285916,-0.188341834,-0.026156310,-0.032281426,0.028551674
9.650000,0.095138960,-0.103945935,-0.170596540,-0.029456448,-0.034868830,0.030797725
9.651000,0.089262483,0.007246382,-0.182183093,-0.034474909,-0.034915028,0.030467239
9.652000,0.086201945,-0.001017226,-0.102164680,-0.044227032,-0.034492770,0.030027160
9.653000,0.061397879,-0.009011296,-0.094308367,-0.056782704,-0.031980500,0.029637056
9.654000,0.028871577,0.036062472,-0.080577401,-0.058704041,-0.028864480,0.027817943
9.655000,0.003672203,0.009946214,-0.138774542,-0.059315610,-0.028387299,0.026712019
9.656000,0.032452685,-0.003421760,-0.198257681,-0.058342486,-0.026367906,0.026689699
9.657000,0.025708798,0.029587118,-0.167631513,-0.054680465,-0.025512564,0.025823085
9.658000,0.022411818,-0.017212110,-0.164396628,-0.053170686,-0.024773736,0.025706560
9.659000,0.005100591,-0.067537535,-0.133015007,-0.055522872,-0.024999682,0.026452161
9.660000,-0.011078654,-0.041958821,-0.203829694,-0.051530219,-0.022665533,0.027437582
9.661000,-0.019692621,-0.024523024,-0.139249076,-0.047847618,-0.023198451,0.026127193
9.662000,0.009226193,-0.050556839,-0.110187034,-0.045498031,-0.021048018,0.026032608
9.663000,-0.000981080,-0.014708346,-0.047020588,-0.044023442,-0.020459485,0.023549049
9.664000,-0.000875323,0.071793839,-0.025993828,-0.046919977,-0.019512224,0.022376670
9.665000,-0.013387115,0.083948960,-0.020359192,-0.054989010,-0.018887649,0.020930393
9.666000,-0.024313650,0.066422981,-0.005574860,-0.061741566,-0.019023879,0.019818955
9.667000,-0.004861373,0.036316051,0.098104640,-0.070634129,-0.019873011,0.019448367
9.668000,-0.010384511,0.053337587,0.104685043,-0.074118369,-0.018830774,0.019242550
9.669000,-0.015638536,0.016643875,0.022854005,-0.076669181,-0.017819266,0.019305874
9.670000,-0.015143281,0.039973618,-0.066627506,-0.077749130,-0.016261392,0.019898673
9.671000,-0.017927320,0.103047867,-0.043633018,-0.078757914,-0.015118083,0.019168669
9.672000,0.009589783,0.110340505,0.059653718,-0.079616160,-0.014067148,0.018518571
9.673000,0.038123779,0.186666644,0.106296696,-0.079220346,-0.013474269,0.017588191
9.674000,0.037796002,0.272115964,0.109690050,-0.075865266,-0.010492156,0.016281966
9.675000,0.025827097,0.278885359,0.054180220,-0.069608382,-0.008298286,0.015963496
9.676000,0.033424755,0.232361054,-0.048966301,-0.058054342,-0.006779720,0.014772782
9.677000,0.016441205,0.128795580,-0.131251505,-0.047574641,-0.004742356,0.012300338
9.678000,0.045051394,0.020472874,-0.070200813,-0.040302095,-0.003998698,0.009024160
9.679000,0.101684310,0.006757426,0.043424251,-0.043189841,-0.004526307,0.008300087
9.680000,0.111691832,0.083197563,0.124522255,-0.049462925,-0.002063631,0.005736065
9.681000,0.084857275,0.100744250,0.183688131,-0.058156540,-0.001717871,0.002050350
9.682000,0.087873087,0.044181646,0.179382783,-0.065049513,0.000062157,0.001371864
9.683000,0.081809559,0.009822431,0.128389554,-0.068083626,0.000750971,0.002149044
9.684000,0.084667686,0.029980387,0.168685619,-0.070927005,0.000508264,0.002458451
9.685000,0.087315848,0.053364125,0.167980431,-0.075576601,0.000224240,0.004466876
9.686000,0.093349067,0.112469443,0.193793216,-0.079460717,0.001124709,0.004007558
9.687000,0.053256556,0.146823160,0.234934555,-0.077944924,0.002064732,0.001660959
9.688000,0.010365033,0.101767151,0.183747640,-0.072530180,0.004479122,0.000096867
9.689000,-0.026967319,0.088429679,0.152817492,-0.062404136,0.005076565,-0.003072308
9.690000,-0.028058245,0.122285019,0.160435433,-0.053233653,0.005444938,-0.004387971
9.691000,-0.001662624,0.217471158,0.194919298,-0.051380518,0.007738295,-0.004372719
9.692000,0.016619635,0.346409261,0.214476836,-0.050672116,0.011754313,-0.006034265
9.693000,-0.026538496,0.357728881,0.319055267,-0.049803892,0.013164038,-0.009523342
9.694000,-0.061558400,0.301673953,0.255245874,-0.048376029,0.014350847,-0.010004589
9.695000,-0.110229367,0.240601465,0.191837682,-0.041955879,0.014324199,-0.011838860
9.696000,-0.120499414,0.125480374,0.254041351,-0.037993887,0.013404596,-0.013249503
9.697000,-0.089335581,0.042503870,0.316692676,-0.041671183,0.016154296,-0.012400000
9.698000,-0.054480983,0.067878540,0.287748888,-0.044622470,0.021743557,-0.013979567
9.699000,-0.037780219,0.065153273,0.371659490,-0.045907870,0.024603317,-0.017338918
9.700000,-0.050553873,-0.025628977,0.351440278,-0.046848214,0.027264008,-0.018787497
9.701000,-0.053862699,-0.046300918,0.258733794,-0.042633469,0.029473191,-0.019121795
9.702000,-0.051875817,-0.026586962,0.259701710,-0.030946947,0.031403811,-0.021617628
9.703000,-0.045673182,-0.108502745,0.375788143,-0.026665642,0.032205095,-0.023320237
9.704000,-0.009111657,-0.132631945,0.404290065,-0.028340299,0.035305675,-0.022139071
9.705000,0.011708513,-0.019777482,0.391030571,-0.029446516,0.038501663,-0.023991037
9.706000,-0.004613596,0.037653038,0.460898493,-0.028477280,0.039855780,-0.027235584
9.707000,-0.037304779,0.034316574,0.455097800,-0.024464405,0.042415736,-0.028942414
9.708000,-0.059041098,0.102327166,0.390954162,-0.014474902,0.044660843,-0.029200510
9.709000,-0.048233572,0.145730004,0.368449367,-0.002311655,0.047190660,-0.029742654
9.710000,-0.028073804,0.153982853,0.423515072,0.003468612,0.049501623,-0.029341050
9.711000,-0.006473377,0.194547587,0.441428665,0.002626116,0.053281318,-0.028940756
9.712000,-0.000203195,0.248566126,0.488322609,0.003601125,0.054943611,-0.029826148
9.713000,-0.022151315,0.226310435,0.519444431,0.004756240,0.057813675,-0.030327075
9.714000,-0.042434667,0.190944249,0.491810615,0.010028183,0.061130899,-0.030380198
9.715000,-0.049993358,0.153514053,0.416900403,0.020684092,0.063824669,-0.031540311
9.716000,-0.034153468,0.003428753,0.431925234,0.030945560,0.065835367,-0.032299632
9.717000,0.015434071,-0.102096236,0.462072449,0.033478631,0.068405417,-0.031360146
9.718000,0.080415901,-0.071156740,0.465360598,0.036159023,0.073679879,-0.031828666
9.719000,0.099537518,-0.110976038,0.584570411,0.037008239,0.076082934,-0.033362396
9.720000,0.087230224,-0.169952735,0.674189630,0.037404968,0.078350365,-0.033534102
9.721000,0.069043066,-0.162678392,0.710181357,0.042722353,0.079425310,-0.033436866
9.722000,0.064321658,-0.135969816,0.686375069,0.053901495,0.082902811,-0.033134019
9.723000,0.050757091,-0.119353470,0.675211155,0.058877253,0.086000102,-0.032685934
9.724000,0.057732772,-0.086538600,0.652292246,0.063662048,0.089610599,-0.031495108
9.725000,0.035849426,-0.052523633,0.623385975,0.070574564,0.091529840,-0.032509035
9.726000,0.024284990,-0.118012254,0.734617762,0.077057192,0.093075889,-0.033297842
9.727000,0.020253634,-0.197199659,0.848892030,0.076517125,0.093129636,-0.031694360
9.728000,0.021581885,-0.119319640,0.823464967,0.074893140,0.095233566,-0.028334963
9.729000,0.009488683,0.030079551,0.798873257,0.072524458,0.097008885,-0.026068201
9.730000,-0.006006720,0.122006780,0.757831526,0.070983909,0.097926990,-0.022777708
9.731000,-0.038174008,0.184697078,0.644339628,0.074764024,0.100508942,-0.020444484
9.732000,-0.099573710,0.156980931,0.633837666,0.090268667,0.103154712,-0.019924850
9.733000,-0.125632546,-0.068259565,0.774228617,0.100197600,0.103413967,-0.018211610
9.734000,-0.099457511,-0.262473755,0.858083483,0.101036041,0.103296792,-0.013712556
9.735000,-0.055230745,-0.206533201,0.853476277,0.092470703,0.107154020,-0.010143067
9.736000,0.001815695,-0.047612875,0.992987714,0.078262137,0.109051260,-0.007256422
9.737000,0.023216730,0.093913932,0.992882797,0.070746637,0.112815792,-0.005581085
9.738000,-0.020003831,0.154821281,0.846302576,0.086788466,0.118045832,-0.006789814
9.739000,-0.087458224,-0.113139902,0.767530858,0.119577885,0.119563280,-0.007990498
9.740000,-0.095386413,-0.490125405,0.737282862,0.142629975,0.119355884,-0.006903577
9.741000,-0.005903170,-0.545366910,0.814492685,0.135838093,0.121722487,-0.003539710
9.742000,0.087004934,-0.322704770,1.083241078,0.109529355,0.124620808,-0.002299386
9.743000,0.114863498,-0.038448922,1.363163111,0.079179473,0.127907289,-0.003675855
9.744000,0.075348085,0.107270176,1.313299471,0.068657873,0.129520134,-0.005445324
9.745000,-0.013776242,0.121323119,0.982056188,0.093998052,0.129949156,-0.005056920
9.746000,-0.076453684,-0.094492066,0.600349661,0.136786192,0.132143786,-0.001117252
9.747000,-0.062894817,-0.418395549,0.526597602,0.160930443,0.132159318,0.004550821
9.748000,0.009057351,-0.541645883,0.790385079,0.154752312,0.133558969,0.009206315
9.749000,0.100223017,-0.340181724,1.195224668,0.116668408,0.138430157,0.009509814
9.750000,0.124829844,-0.102185638,1.455214509,0.081579660,0.140476033,0.008763801
9.751000,0.096759829,0.075498368,1.413670694,0.067766382,0.140349222,0.011154979
9.752000,0.001159910,0.105281110,0.977493774,0.085041664,0.143492791,0.012263838
9.753000,-0.069482536,-0.018209407,0.700499920,0.118721272,0.145295035,0.015180461
9.754000,-0.076748948,-0.180789293,0.626067190,0.142165611,0.148090198,0.019830145
9.755000,-0.002862920,-0.288779302,0.860931365,0.141932242,0.149903083,0.024879929
9.756000,0.117377901,-0.242828483,1.227735951,0.119799182,0.151116787,0.027839661
9.757000,0.142732501,-0.124235648,1.575491404,0.083194453,0.150909220,0.025095114
9.758000,0.079318346,0.038525602,1.536571045,0.056585275,0.150716530,0.021020907
9.759000,-0.046486017,0.021246477,1.110358593,0.064256755,0.153884455,0.017616299
9.760000,-0.145444365,-0.154409174,0.669094054,0.105759489,0.155229304,0.014667794
9.761000,-0.053140345,-0.382261985,0.489034025,0.140930639,0.155407096,0.020358514
9.762000,0.095075713,-0.361518239,0.719292628,0.133335611,0.157241947,0.024938803
9.763000,0.230493677,-0.200224011,1.065730409,0.107932415,0.160609075,0.027054830
9.764000,0.245169284,-0.067036270,1.407253507,0.069594178,0.161507049,0.025478006
9.765000,0.106289230,-0.041570211,1.457972333,0.040524719,0.160425316,0.022647732
9.766000,-0.055529307,-0.104075202,1.087571531,0.048170865,0.157684494,0.016216407
9.767000,-0.076935307,-0.290577993,0.818319023,0.087504874,0.154318138,0.016236107
9.768000,0.073014153,-0.417201339,0.663096749,0.112274869,0.155239295,0.022797538
9.769000,0.220987136,-0.359656526,0.754696820,0.109161088,0.161680629,0.027185979
9.770000,0.282536829,-0.171731934,1.125033955,0.075195660,0.162376099,0.026201498
9.771000,0.252996157,0.031881128,1.519030856,0.032353774,0.156735125,0.025481688
9.772000,0.060915861,0.132183485,1.537109169,0.007928756,0.150893969,0.022755271
9.773000,-0.121349788,0.026862536,1.352182353,0.027465288,0.144397144,0.018433360
9.774000,-0.136165425,-0.117398491,1.025171239,0.056948981,0.143503509,0.019938968
9.775000,-0.025446402,-0.172584521,0.815217287,0.080306366,0.148698009,0.024085103
9.776000,0.130024845,-0.072899747,0.767915134,0.078683467,0.155669797,0.026218949
9.777000,0.212644628,0.128301227,0.978553074,0.054124936,0.157087288,0.024529902
9.778000,0.133264241,0.244271106,1.463479594,0.019236539,0.151024549,0.020090062
9.779000,-0.062464023,0.162637168,1.636634844,0.005508936,0.144439767,0.015036559
9.780000,-0.223695766,-0.035066706,1.422199459,0.022534716,0.139770650,0.010954848
9.781000,-0.196169789,-0.165297016,1.052111614,0.049061716,0.143020432,0.010905355
9.782000,-0.038574994,-0.161602055,0.868029594,0.063919326,0.151616216,0.012360900
9.783000,0.136867082,-0.096456128,0.976164295,0.055063764,0.158357653,0.011446483
9.784000,0.192088194,-0.039286216,1.281506245,0.031232833,0.158026403,0.007558116
9.785000,0.103521902,-0.034146486,1.496493761,0.012860019,0.153163572,0.004488109
9.786000,-0.098627823,-0.112719513,1.592275431,0.008734341,0.146156545,0.000908212
9.787000,-0.220556690,-0.224791514,1.422885416,0.021111144,0.143208828,0.000654009
9.788000,-0.148145011,-0.259945381,1.220431080,0.035215151,0.148038871,0.002490559
9.789000,0.000784591,-0.199702309,1.068307786,0.038569558,0.157284622,0.004026059
9.790000,0.072836261,-0.133631171,1.113786514,0.032442633,0.161931068,0.003548059
9.791000,0.091308785,-0.006794412,1.288801899,0.016904201,0.162339529,0.001963175
9.792000,-0.027562923,0.091552682,1.445911281,0.008252089,0.156222912,-0.001951806
9.793000,-0.176917915,0.091911137,1.553215808,0.011259970,0.151602718,-0.004819212
9.794000,-0.208212180,0.039442656,1.493447572,0.019203689,0.152753431,-0.005282114
9.795000,-0.142495600,0.036637500,1.392747740,0.026355217,0.159785057,-0.004754538
9.796000,-0.010030195,0.036147632,1.343587440,0.027033936,0.168146220,-0.004404159
9.797000,0.087634989,0.065973064,1.336939395,0.017833633,0.173137565,-0.003990783
9.798000,0.069809735,0.123910158,1.432160270,0.009978249,0.173290188,-0.004671264
9.799000,-0.013527645,0.143045683,1.588814012,0.006797728,0.171902954,-0.005814533
9.800000,-0.086794784,0.087815744,1.645109612,0.005416215,0.171874476,-0.004808813
9.801000,-0.094535262,0.058796424,1.617616223,0.008378293,0.174746932,-0.003076575
9.802000,-0.045821241,0.039927173,1.523854506,0.011285391,0.180446040,-0.002764708
9.803000,0.062601292,0.021362310,1.332598377,0.010628865,0.189827514,-0.003196688
9.804000,0.139123771,-0.001395793,1.268803875,0.010366424,0.196886700,-0.005450872
9.805000,0.164132323,-0.027352864,1.354123851,0.011731307,0.199209214,-0.008754272
9.806000,0.113467071,-0.071863715,1.536535851,0.015084298,0.199173580,-0.012589105
9.807000,0.081733251,-0.115314562,1.663173011,0.023210569,0.200131069,-0.014278092
9.808000,0.106154439,-0.119521263,1.646980816,0.028667278,0.204122930,-0.014239432
9.809000,0.190998197,-0.086895777,1.487864081,0.029575668,0.211771298,-0.012404644
9.810000,0.244295978,-0.058928399,1.436960840,0.027029636,0.218522280,-0.013043916
9.811000,0.279239387,-0.069650593,1.533082926,0.024832161,0.221919616,-0.012797511
9.812000,0.271062266,-0.051467562,1.739387380,0.022340879,0.223888656,-0.010695874
9.813000,0.212230332,0.019559265,1.850460950,0.022939222,0.226355773,-0.008979220
9.814000,0.172990057,0.063476930,1.857130041,0.022574750,0.228323225,-0.006921695
9.815000,0.177692945,0.066000280,1.731460091,0.022291787,0.232962310,-0.003366893
9.816000,0.199792501,0.069766533,1.630360958,0.023235023,0.238963417,-0.002539075
9.817000,0.241216792,0.052364431,1.612971129,0.028196611,0.246234558,-0.002011974
9.818000,0.265690924,0.008715217,1.726430912,0.032565934,0.250099894,-0.002238672
9.819000,0.262900779,-0.007140939,1.763205959,0.034966284,0.252698915,-0.001752148
9.820000,0.236164041,0.002243491,1.811629520,0.033445031,0.255106235,-0.001312011
9.821000,0.223740478,0.036473703,1.800583201,0.031789655,0.257613215,-0.000487400
9.822000,0.207893051,-0.006640983,1.839842424,0.029451150,0.261292691,-0.000138038
9.823000,0.216426025,-0.068374254,1.816344240,0.027561855,0.266407549,0.000619352
9.824000,0.234046884,-0.081421634,1.830670987,0.025582271,0.270769153,-0.000008111
9.825000,0.263971287,-0.054775010,1.841348307,0.022469822,0.274147180,0.000788691
9.826000,0.262286950,-0.026026146,1.957716333,0.020780069,0.276466267,0.000995224
9.827000,0.256074494,-0.019302718,2.011711305,0.020574223,0.279783524,0.001498791
9.828000,0.254392532,-0.029204811,2.042669375,0.021037530,0.283899244,0.003462492
9.829000,0.265937242,-0.045014892,1.980012640,0.025513405,0.288900307,0.005425920
9.830000,0.237742445,-0.082290542,1.905304787,0.033091004,0.294280670,0.005059545
9.831000,0.237562432,-0.093182000,1.895872249,0.036693058,0.297754023,0.005646969
9.832000,0.264321373,-0.076320305,1.925641771,0.039529266,0.302012759,0.006935319
9.833000,0.273750829,-0.012648928,2.001667297,0.042522238,0.307319625,0.005452222
9.834000,0.279668228,-0.020425492,2.063970529,0.041193233,0.311880899,0.004889265
9.835000,0.278645621,-0.023132262,1.968596307,0.041126464,0.316936317,0.004759463
9.836000,0.258584770,-0.048368869,1.893003622,0.045598674,0.320297293,0.003478845
9.837000,0.253648529,-0.127545442,1.957922163,0.046348161,0.322332792,0.003654332
9.838000,0.284082592,-0.146781428,2.010886057,0.042850979,0.325663886,0.006495827
9.839000,0.339488012,-0.069341488,2.053575158,0.041980602,0.329574650,0.007430753
9.840000,0.331931944,-0.044221379,2.121387237,0.040512227,0.333393475,0.005632347
9.841000,0.310553894,-0.079464542,2.092585104,0.042317162,0.336808975,0.005704106
9.842000,0.297218766,-0.125691388,1.982643256,0.050553566,0.340291347,0.004808008
9.843000,0.326996149,-0.209134324,1.992526179,0.060035832,0.344553091,0.005247544
9.844000,0.370770625,-0.261509065,2.087491891,0.058352121,0.349211034,0.006062993
9.845000,0.407021848,-0.143187260,2.070190912,0.054593578,0.354532579,0.005451964
9.846000,0.404382850,-0.061872220,2.127433302,0.053581312,0.356934035,0.001961938
9.847000,0.388801770,-0.084950585,2.130975312,0.053229566,0.359527672,0.000498021
9.848000,0.383300775,-0.137224395,2.096296704,0.056499078,0.362136160,-0.000193091
9.849000,0.399401923,-0.125920923,2.058750597,0.062464478,0.364513682,0.000627688
9.850000,0.389511837,-0.153428035,2.199124665,0.065591477,0.366711748,0.001160553
9.851000,0.405260437,-0.093316304,2.211535903,0.060488678,0.371211903,0.002586636
9.852000,0.408415369,0.027318817,2.191504163,0.059051377,0.376791212,0.001661110
9.853000,0.403191777,-0.007193606,2.123502692,0.060188787,0.381358982,-0.000316246
9.854000,0.402538818,-0.102997469,2.097897992,0.062130664,0.384481668,-0.002346921
9.855000,0.413497349,-0.124762709,2.054531197,0.068644168,0.388307254,-0.003875050
9.856000,0.439630728,-0.183881303,2.118030145,0.074975214,0.391146706,-0.004408664
9.857000,0.454678440,-0.187723748,2.172940096,0.077317720,0.395509944,-0.005672993
9.858000,0.469124116,-0.172550470,2.247091179,0.071421432,0.397290879,-0.005347597
9.859000,0.446490444,-0.176213182,2.261528941,0.064966403,0.399272413,-0.006197019
9.860000,0.437904177,-0.191966756,2.280528855,0.060583519,0.400003225,-0.006956345
9.861000,0.429364803,-0.177839043,2.329922471,0.056607717,0.402475100,-0.005591843
9.862000,0.441565808,-0.205196370,2.459665191,0.054948924,0.405203140,-0.003459286
9.863000,0.441234037,-0.197775821,2.492859944,0.052430242,0.408984454,-0.002336653
9.864000,0.443790115,-0.126359536,2.415061525,0.045961742,0.413994564,-0.002061718
9.865000,0.432125503,-0.024487248,2.363675984,0.040736842,0.417634908,-0.002056483
9.866000,0.411097209,-0.016591944,2.377416037,0.038853137,0.419612115,-0.002197917
9.867000,0.404880972,-0.044283115,2.412266136,0.041291243,0.423358402,-0.003718847
9.868000,0.398539207,-0.050477743,2.414923064,0.045636871,0.428151702,-0.004818090
9.869000,0.392257932,-0.043665075,2.403129267,0.055240871,0.431947205,-0.005053231
9.870000,0.397338646,-0.065205308,2.366649592,0.056719483,0.434920808,-0.004665688
9.871000,0.407825503,-0.024879636,2.322965327,0.050945945,0.437554965,-0.005140956
9.872000,0.423100016,0.032999143,2.418050621,0.043932898,0.438941243,-0.005629647
9.873000,0.447185279,0.046314682,2.552537274,0.040395734,0.440782165,-0.004570088
9.874000,0.428471273,0.057824109,2.615582778,0.036724037,0.445044591,-0.004879342
9.875000,0.415967053,-0.015642975,2.579265415,0.039513167,0.450007405,-0.004558664
9.876000,0.429986568,-0.127330401,2.501911682,0.036114656,0.453335703,-0.002256878
9.877000,0.488744692,-0.202753456,2.472579686,0.030210723,0.456116536,0.000694940
9.878000,0.532819114,-0.159017278,2.577413348,0.019762018,0.459432256,0.001822379
9.879000,0.551011863,-0.060301838,2.691679200,0.013397142,0.464509511,0.000621869
9.880000,0.524614033,-0.026001019,2.824672748,0.009922335,0.468658185,-0.002237915
9.881000,0.522374565,-0.004446796,2.718109167,0.016114790,0.472711153,-0.002725159
9.882000,0.481204539,-0.004108266,2.536746341,0.027117138,0.474613932,-0.003898138
9.883000,0.486464881,-0.066491316,2.423134994,0.039063216,0.477769091,-0.005092657
9.884000,0.509134468,-0.134410317,2.497031302,0.042910040,0.481962929,-0.005614304
9.885000,0.581281649,-0.092248087,2.585407865,0.039806446,0.488008700,-0.006989528
9.886000,0.613708831,-0.042587760,2.775814459,0.027018202,0.491887739,-0.009357942
9.887000,0.616051113,0.035817388,2.846957580,0.013556909,0.493008709,-0.009021726
9.888000,0.556469815,0.118060448,2.795852441,0.009466707,0.494554181,-0.008580805
9.889000,0.530658715,0.120882478,2.682333797,0.015408352,0.497587646,-0.008293426
9.890000,0.538436438,0.014309875,2.721450531,0.021767389,0.500533707,-0.006964085
9.891000,0.601455648,-0.025054134,2.770168976,0.019984959,0.504255200,-0.003756798
9.892000,0.617329082,0.000003765,2.805923558,0.012426488,0.507311757,-0.002017529
9.893000,0.600294162,0.052110301,2.956243084,-0.000531766,0.509765483,-0.003112995
9.894000,0.586921095,0.074962420,2.963195478,-0.006381515,0.512748126,-0.004849104
9.895000,0.562587719,0.085666203,2.931803594,-0.006596829,0.516432945,-0.006369800
9.896000,0.540409263,0.037838914,2.817779053,0.009165023,0.521748012,-0.010359353
9.897000,0.528656770,-0.069852472,2.721927783,0.026585002,0.525890312,-0.013249757
9.898000,0.584356609,-0.132661877,2.704493829,0.032855285,0.529522688,-0.013889147
9.899000,0.664660484,-0.045043261,2.802877109,0.030129012,0.533083622,-0.013803480
9.900000,0.675891182,0.047413319,2.981668483,0.019422206,0.536315680,-0.015469146
9.901000,0.620840384,0.100284475,3.110214682,0.010447821,0.537916458,-0.013609594
9.902000,0.518959511,0.054007080,3.034915971,0.013601920,0.540359514,-0.012509166
9.903000,0.485701491,-0.030242899,2.919472886,0.023433410,0.542111799,-0.012479111
9.904000,0.518166918,-0.126757904,2.848289073,0.028749359,0.547231936,-0.011709420
9.905000,0.592033940,-0.116229998,2.894776653,0.027316072,0.554357408,-0.010278662
9.906000,0.614652393,-0.086337010,3.029947809,0.017378053,0.559182923,-0.014525726
9.907000,0.624264630,-0.084929888,3.127774001,0.002421167,0.558834878,-0.014168752
9.908000,0.584692502,-0.057729294,3.176002516,-0.007811787,0.557316599,-0.013482424
9.909000,0.525027161,-0.020939006,3.090741086,-0.009201572,0.559623847,-0.011526795
9.910000,0.474394980,-0.008465749,3.014759777,-0.005161135,0.561563950,-0.009119116
9.911000,0.491967373,0.068954373,2.900004411,0.005109800,0.567491101,-0.007230192
9.912000,0.521290882,0.091450877,2.844642492,0.012801321,0.573502544,-0.007359824
9.913000,0.542125065,0.079137799,2.837559185,0.019788987,0.578804721,-0.008803947
9.914000,0.543567201,0.023712340,2.946353556,0.019045832,0.582203415,-0.011613625
9.915000,0.567849054,-0.014647993,3.015694230,0.016190910,0.586645349,-0.012036319
9.916000,0.580785056,-0.035611792,3.168456970,0.015485524,0.587191831,-0.013941265
9.917000,0.603642875,-0.058941704,3.206665721,0.012113332,0.590731119,-0.011074295
9.918000,0.605182914,-0.036088180,3.177591150,0.008603948,0.592616787,-0.010863013
9.919000,0.632935992,-0.010385052,3.153597502,0.007470844,0.598591796,-0.010998929
9.920000,0.659536197,-0.030267867,3.267113502,0.002226730,0.599809105,-0.009377976
9.921000,0.636284855,-0.032740596,3.236853731,-0.005598151,0.605589812,-0.006937851
9.922000,0.628215090,-0.023153415,3.160754764,-0.010201666,0.606943733,-0.006309014
9.923000,0.592940682,0.037560573,3.074205797,-0.007699952,0.611342080,-0.006389774
9.924000,0.630563653,-0.008644191,3.062832192,-0.004644977,0.614453514,-0.006260926
9.925000,0.661071058,-0.055667736,3.003512797,0.010857314,0.621116353,-0.007159268
9.926000,0.657436356,-0.218293471,2.942263608,0.028855799,0.627200934,-0.010972396
9.927000,0.716580740,-0.360380584,3.051106123,0.038725702,0.630057302,-0.010652759
9.928000,0.791031957,-0.306210604,3.154125645,0.031693839,0.631981301,-0.008988482
9.929000,0.825813840,-0.136026366,3.328610885,0.015847405,0.632945418,-0.009010281
9.930000,0.784453141,0.025447609,3.437447374,-0.003038560,0.632470264,-0.010109829
9.931000,0.752068719,0.115106242,3.374264206,-0.005036907,0.637149862,-0.008576203
9.932000,0.667850254,0.065113984,3.190782475,0.005827304,0.639948220,-0.008132912
9.933000,0.679169983,-0.092366649,3.079370031,0.020216252,0.641391796,-0.002900660
9.934000,0.698940737,-0.151391710,3.116761081,0.022018163,0.640318904,0.002410231
9.935000,0.750191196,-0.034695052,3.227280413,0.018777622,0.643930832,0.003894800
9.936000,0.749067142,0.030730182,3.354736201,0.008079729,0.646827292,0.003013209
9.937000,0.721682843,0.022357369,3.362048695,0.002655216,0.649843712,0.002510578
9.938000,0.664429455,-0.083352233,3.250145077,0.009555632,0.652036731,-0.001944005
9.939000,0.648272701,-0.225406123,3.283139244,0.017888357,0.654016907,-0.001394094
9.940000,0.676249201,-0.183805406,3.156497664,0.024805672,0.655042550,0.000487980
9.941000,0.734552275,-0.045145282,3.240861298,0.026125519,0.657658805,0.002562312
9.942000,0.767899315,0.026289047,3.300265639,0.020116890,0.659362792,0.004965386
9.943000,0.737479320,0.030366289,3.302991806,0.012646483,0.663290531,0.005702784
9.944000,0.638781167,-0.035461188,3.305859455,0.011485813,0.662203712,0.008906412
9.945000,0.623006566,-0.154821722,3.293959781,0.019010183,0.663459020,0.013365371
9.946000,0.629539777,-0.206775869,3.274548576,0.027765205,0.664279334,0.015422521
9.947000,0.657009285,-0.239726686,3.264387672,0.036485368,0.667311414,0.013730133
9.948000,0.697380422,-0.258220484,3.285031477,0.029854724,0.666344789,0.012004689
9.949000,0.740277571,-0.149300648,3.208135218,0.024572593,0.669980782,0.010146546
9.950000,0.695342233,-0.104858175,3.370311786,0.021140726,0.666875896,0.009025305
9.951000,0.678308456,-0.088586570,3.412007376,0.022980996,0.664373451,0.013269875
9.952000,0.637521491,-0.039487275,3.320877957,0.029438240,0.665694492,0.015675154
9.953000,0.608718516,-0.096200112,3.253396146,0.041023633,0.668030270,0.018258117
9.954000,0.654660132,-0.203826683,3.308843449,0.042136915,0.670317736,0.023968536
9.955000,0.702116873,-0.198661628,3.299198011,0.039746044,0.671137973,0.026073082
9.956000,0.752804336,-0.076282367,3.382237856,0.028814504,0.671048493,0.025328296
9.957000,0.715174682,0.009106540,3.413925516,0.028725441,0.670410989,0.022166809
9.958000,0.631907326,-0.062355566,3.332266788,0.029628004,0.667368865,0.019521397
9.959000,0.612152237,-0.064883410,3.185241337,0.036106340,0.670089076,0.021626986
9.960000,0.620149660,-0.062152459,3.182064654,0.046327834,0.669081174,0.022947381
9.961000,0.678678899,-0.087817184,3.234131567,0.044919761,0.668087307,0.025610904
9.962000,0.711606253,-0.022818813,3.206769867,0.040889654,0.669306035,0.026572623
9.963000,0.743282961,-0.024481493,3.257551771,0.035987727,0.670252607,0.028414530
9.964000,0.719096747,-0.072629343,3.390146140,0.032661640,0.667934211,0.027151555
9.965000,0.706697449,-0.155381535,3.384971103,0.031062328,0.663862476,0.028078295
9.966000,0.700197456,-0.120842790,3.316428741,0.036234778,0.662971318,0.029096272
9.967000,0.697536898,-0.064239740,3.310027319,0.046777464,0.661820715,0.028180648
9.968000,0.654737048,-0.082640108,3.203645760,0.055698644,0.664440804,0.024084476
9.969000,0.663772338,-0.223069381,3.091607569,0.061752683,0.665053350,0.023864417
9.970000,0.717308166,-0.326904669,3.091264685,0.051378909,0.664547346,0.023824916
9.971000,0.769503365,-0.143421633,3.211563510,0.043455399,0.658549687,0.023079185
9.972000,0.747566879,-0.048494752,3.391974140,0.036830797,0.653173488,0.021892396
9.973000,0.687314194,-0.027749338,3.468666231,0.040303338,0.650400069,0.021127710
9.974000,0.650693773,-0.183537194,3.395596166,0.049860523,0.648542574,0.021017299
9.975000,0.686361644,-0.206248400,3.165206317,0.058268618,0.648048234,0.023583092
9.976000,0.714121268,-0.200496720,3.056580793,0.062064081,0.646742866,0.026438467
9.977000,0.705361645,-0.130819686,3.306691128,0.057812857,0.642567928,0.025717614
9.978000,0.688645691,0.007716773,3.533661666,0.047783765,0.638002775,0.023699623
9.979000,0.614154087,0.014392615,3.529963948,0.052324267,0.636021223,0.020327474
9.980000,0.567114449,-0.232212528,3.520155293,0.058064947,0.629632715,0.019096630
9.981000,0.575776336,-0.303220364,3.360169830,0.052508875,0.625074995,0.023128567
9.982000,0.587203660,-0.034708485,3.145560493,0.050335417,0.626090674,0.020606788
9.983000,0.636844294,-0.000748293,3.322947477,0.053098384,0.625571450,0.016499069
9.984000,0.657868444,-0.109730446,3.507380790,0.046691958,0.620707174,0.014687169
9.985000,0.603943102,-0.096009236,3.476584118,0.044308199,0.617801302,0.014181809
9.986000,0.515774939,-0.117362234,3.421018174,0.055130705,0.611339145,0.012736179
9.987000,0.480116118,-0.219660565,3.425311757,0.065021207,0.602347613,0.015056856
9.988000,0.485877642,-0.268181562,3.353969173,0.064991022,0.598214273,0.017322845
9.989000,0.539923980,-0.128951612,3.391773269,0.063757447,0.599097808,0.018160104
9.990000,0.565197762,-0.115598380,3.537556995,0.055946925,0.594933033,0.017956929
9.991000,0.552745802,-0.128112422,3.603777124,0.048639822,0.588782824,0.021705511
9.992000,0.517237338,-0.027097182,3.566687720,0.047449232,0.584886542,0.025269883
9.993000,0.480795724,0.113527593,3.538902559,0.055976316,0.580900400,0.027162073
9.994000,0.443497047,0.011798750,3.396583335,0.065834035,0.580480956,0.026180738
9.995000,0.422688932,-0.154700770,3.330272825,0.075292168,0.579836837,0.028579107
9.996000,0.391240083,-0.291875746,3.313711556,0.081200548,0.577185218,0.024549498
9.997000,0.437968066,-0.372442957,3.461775770,0.077133095,0.572049066,0.021856412
9.998000,0.529514528,-0.251841553,3.542022063,0.063848055,0.570406937,0.017686056
9.999000,0.491510163,-0.011548808,3.638116638,0.054781921,0.567494376,0.009459687
10.000000,0.409744175,0.012576295,3.687543918,0.055632764,0.562517469,-0.000818855
