time,Fx,Fy,Fz,Mx,My,Mz
0.000000,11.446133759,-2.422771258,10.470212838,0.211013899,3.746796031,0.024991166
0.001000,10.770104392,-2.750103683,10.977503863,0.232232226,3.753385489,0.018070526
0.002000,9.968632417,-2.704511618,11.165293904,0.231229366,3.755345289,0.012129048
0.003000,9.254446949,-2.231837534,11.436630393,0.211629478,3.750733513,0.014218387
0.004000,8.425139257,-1.718466589,11.602554641,0.202620997,3.742153933,0.021805912
0.005000,7.513802570,-1.176412437,11.939272781,0.190150270,3.729810969,0.037214730
0.006000,6.758008340,-0.469535890,12.255706714,0.165007076,3.723099021,0.056929134
0.007000,6.074126067,0.339714943,12.140138975,0.128572257,3.719367360,0.071563914
0.008000,5.521113782,0.860960183,12.075937198,0.101003678,3.713339643,0.087751726
0.009000,5.046871791,1.096986644,12.032122724,0.080102344,3.706149711,0.100124167
0.010000,4.785715847,1.291954785,12.144190178,0.069289148,3.695816266,0.103251759
0.011000,4.618616658,1.357986077,12.300543071,0.061127247,3.691016315,0.107934813
0.012000,4.565963140,1.265947785,12.229460444,0.073591474,3.688648297,0.114476588
0.013000,4.703432375,0.960381398,11.943161541,0.093370955,3.695452429,0.125846180
0.014000,5.063421029,0.498084519,11.811837284,0.106440917,3.699757080,0.135884589
0.015000,5.591089592,0.068425621,11.927610295,0.121498074,3.704104574,0.149527775
0.016000,6.210555699,-0.327135136,11.780326423,0.154334714,3.715983830,0.168960116
0.017000,6.902141359,-0.815883400,11.961699669,0.205274892,3.733517174,0.188134864
0.018000,7.415857864,-1.332091447,12.078191922,0.247229804,3.748188254,0.205125463
0.019000,8.073890180,-1.690198450,12.120774024,0.270254271,3.758396446,0.202223070
0.020000,8.695694433,-2.084635013,12.326969022,0.281806651,3.763498108,0.174284965
0.021000,9.293722843,-2.077832283,13.009895462,0.260599858,3.763805040,0.134018703
0.022000,9.894690638,-1.850760517,13.681260120,0.237040928,3.763493379,0.071599584
0.023000,10.350163520,-1.378243151,13.990071352,0.206456691,3.755955534,-0.000304217
0.024000,10.742648482,-0.729089542,13.865466924,0.171741605,3.739709904,-0.051790682
0.025000,11.096996727,-0.023763460,13.596276110,0.124884168,3.725500264,-0.081503865
0.026000,11.024105417,0.630661409,13.519405121,0.103011253,3.711575047,-0.090217247
0.027000,10.849217671,0.963811469,13.752526924,0.098078440,3.694853183,-0.080779001
0.028000,10.683630168,1.000268777,13.631318222,0.102018857,3.675077920,-0.061662415
0.029000,10.343968709,0.776836923,13.494193056,0.106517091,3.650866769,-0.046525331
0.030000,9.936837995,0.396138263,13.355178413,0.112927082,3.602776293,-0.036758867
0.031000,9.324992400,-0.024931985,13.624495088,0.116357249,3.547124831,-0.038488961
0.032000,8.672024913,-0.278477355,13.882159404,0.119660005,3.486580682,-0.041503494
0.033000,7.696247186,-0.608720296,14.187658251,0.124601954,3.428374002,-0.055113637
0.034000,6.688657390,-0.927065363,13.870232089,0.135159164,3.355888479,-0.071586111
0.035000,5.738714656,-1.074064685,13.482130523,0.156523641,3.275436557,-0.091412668
0.036000,5.010333549,-1.202237186,13.338905874,0.179220467,3.194415574,-0.111795141
0.037000,4.354632074,-1.371925938,13.604734743,0.193324810,3.108311617,-0.133046634
0.038000,3.798695813,-1.371136162,13.929530743,0.215966774,3.027768663,-0.162612613
0.039000,3.461102020,-1.355533098,13.914104302,0.235043129,2.967318960,-0.191271586
0.040000,3.364545187,-1.240501065,13.337363925,0.240314141,2.924284834,-0.209431150
0.041000,3.441872631,-1.011096154,13.087548915,0.248240068,2.886200695,-0.235026431
0.042000,3.619660672,-0.765870064,13.165153744,0.251776883,2.851138783,-0.251854655
0.043000,3.751692405,-0.544378264,13.345964548,0.240620912,2.813835993,-0.255359930
0.044000,3.871710601,-0.271494339,13.335069058,0.224204416,2.773949970,-0.255969600
0.045000,3.953407012,0.012033266,13.067988601,0.202092369,2.730608015,-0.249303514
0.046000,4.098097153,0.365156986,12.675996323,0.174994362,2.685131385,-0.236780869
0.047000,4.161270478,0.640377612,12.401448523,0.173500295,2.640138444,-0.235590680
0.048000,4.358945159,0.488077909,12.379291432,0.183530910,2.592577415,-0.229862874
0.049000,4.601876748,0.183312911,12.299844874,0.186039260,2.549745453,-0.228295667
0.050000,4.881975763,-0.012079309,11.852551210,0.194055258,2.508648635,-0.236328137
0.051000,5.113695324,-0.384447701,11.255646899,0.194642842,2.465768606,-0.240144307
0.052000,5.395022722,-0.788366365,10.808646219,0.213043452,2.418885919,-0.244783351
0.053000,5.535192630,-1.092406050,10.740483908,0.246702857,2.369307829,-0.254635643
0.054000,5.584869047,-1.467530848,10.620719675,0.284149469,2.316403846,-0.265497923
0.055000,5.622002577,-1.805764078,10.344220641,0.300388355,2.259443097,-0.274631878
0.056000,5.709226627,-1.858991073,10.026127052,0.310689711,2.206142656,-0.285494963
0.057000,5.740096780,-1.778555521,9.805578415,0.307560947,2.146816354,-0.292432781
0.058000,5.690152269,-1.603493258,9.602809201,0.300201721,2.090047141,-0.295580794
0.059000,5.594219219,-1.239267409,9.542822418,0.298978480,2.023501243,-0.295301447
0.060000,5.317472287,-1.064990110,9.459819285,0.306102259,1.954006256,-0.294123217
0.061000,4.941433151,-1.055359153,9.489161005,0.302528825,1.873338224,-0.290163257
0.062000,4.590641799,-0.976715884,9.419233405,0.289442769,1.806121132,-0.283044412
0.063000,4.216576972,-0.686148345,9.155066915,0.267130904,1.740103698,-0.275410841
0.064000,3.766738471,-0.467768069,8.854863753,0.260053020,1.672449474,-0.262256359
0.065000,3.226978166,-0.271515547,8.718235189,0.267544933,1.594262044,-0.242349566
0.066000,2.779676898,-0.199052900,8.471692152,0.287238933,1.524973340,-0.224406155
0.067000,2.323956471,-0.233957773,8.289887743,0.286792850,1.452548683,-0.210422236
0.068000,2.034437006,-0.265782105,8.078129154,0.279899754,1.385777193,-0.201513457
0.069000,1.720596905,-0.066954939,7.804650071,0.274173861,1.317924082,-0.195891321
0.070000,1.477141272,0.024133232,7.692951059,0.282374808,1.258028940,-0.194137904
0.071000,1.245083606,0.066273697,7.564177947,0.285638877,1.196897081,-0.188699076
0.072000,1.082405807,0.050517589,7.355562736,0.301336795,1.140016287,-0.184533822
0.073000,0.934814774,0.011927372,7.191996205,0.311088048,1.081823042,-0.185064897
0.074000,0.917812965,-0.088457323,7.029951337,0.315911820,1.028118396,-0.187483847
0.075000,0.986694075,0.000641569,6.736577946,0.310968406,0.981103556,-0.191117711
0.076000,1.042013005,-0.104508308,6.404867594,0.312431731,0.943375886,-0.193484383
0.077000,1.102344344,-0.243018957,6.135836859,0.309209879,0.903638672,-0.195382222
0.078000,1.262802948,-0.412045227,5.859031142,0.309188335,0.852770941,-0.195595205
0.079000,1.299842093,-0.418008854,5.836759771,0.319951007,0.809898246,-0.194942646
0.080000,1.340666508,-0.530052029,5.763696249,0.328629172,0.770830927,-0.195984848
0.081000,1.463706244,-0.568570892,5.473295367,0.328726541,0.734614713,-0.192918136
0.082000,1.541393658,-0.494606827,5.148331203,0.327142047,0.702007843,-0.189928426
0.083000,1.513558043,-0.421053818,4.955286951,0.322198314,0.663499118,-0.189214905
0.084000,1.494081747,-0.426205153,4.870279061,0.318403062,0.623615049,-0.186343870
0.085000,1.502779366,-0.285319894,4.924336976,0.311685633,0.584830900,-0.178827946
0.086000,1.457818409,-0.164643902,4.837095925,0.308330287,0.548009712,-0.174700080
0.087000,1.389428836,-0.076826415,4.711568001,0.305510106,0.514199352,-0.168667231
0.088000,1.360101533,-0.043263780,4.560385894,0.299388122,0.480996242,-0.160657932
0.089000,1.320963699,0.076594015,4.398166847,0.286486115,0.449929881,-0.151014134
0.090000,1.308317104,0.181185110,4.424294502,0.274409923,0.420179411,-0.140938097
0.091000,1.214777247,0.279818543,4.416400355,0.262235753,0.394082658,-0.134868888
0.092000,1.046849169,0.438781801,4.377563040,0.249023599,0.370592821,-0.126020876
0.093000,0.919499138,0.674464300,4.212365106,0.237059017,0.350520374,-0.117108197
0.094000,0.811411542,0.842718725,3.955277896,0.229139813,0.337178238,-0.108705902
0.095000,0.685329165,0.929288489,3.690740857,0.225210472,0.325665322,-0.101179477
0.096000,0.578779756,0.814834837,3.570747730,0.222870812,0.315714543,-0.096730999
0.097000,0.591403903,0.690004406,3.483520376,0.215343727,0.305968712,-0.090294904
0.098000,0.606287203,0.585979866,3.378953103,0.211909696,0.300698793,-0.085364061
0.099000,0.651727799,0.452354833,3.250689125,0.203720486,0.296613057,-0.079123168
0.100000,0.677935706,0.189510960,3.095005851,0.206380394,0.294026046,-0.072179072
0.101000,0.675949007,-0.012676357,2.981252750,0.213525459,0.290383267,-0.064314628
0.102000,0.707773571,-0.200279319,2.885480456,0.227936235,0.286335783,-0.049714143
0.103000,0.790778436,-0.359050430,2.739043619,0.237952469,0.281193813,-0.030694360
0.104000,0.863442759,-0.425913485,2.662761326,0.239910721,0.275637193,-0.012564290
0.105000,0.883822833,-0.432203285,2.701838041,0.231844719,0.272090434,0.001031413
0.106000,0.866899758,-0.532905460,2.720575749,0.218431536,0.268554963,0.006495738
0.107000,0.814483528,-0.678785098,2.677509394,0.196173183,0.263957155,0.004311711
0.108000,0.807324829,-0.694413482,2.503108668,0.174558598,0.261397961,-0.001477848
0.109000,0.833273933,-0.578103565,2.367314016,0.154721265,0.259292863,-0.009869994
0.110000,0.914073011,-0.462337036,2.260361777,0.141153358,0.259466993,-0.017418137
0.111000,1.080970259,-0.353566829,2.114123729,0.134059826,0.261508090,-0.019196248
0.112000,1.286266242,-0.308664450,1.989001844,0.132554610,0.262005238,-0.008257123
0.113000,1.399118085,-0.300185158,1.828752155,0.127830540,0.258352559,0.010340996
0.114000,1.455321538,-0.159500066,1.675129888,0.117133247,0.252941697,0.035012171
0.115000,1.507467475,0.115675829,1.570878454,0.098346942,0.247243360,0.064394384
0.116000,1.549064340,0.442079348,1.510935179,0.083879999,0.242058757,0.091584048
0.117000,1.508231090,0.670792698,1.429131738,0.077189170,0.238888515,0.112888971
0.118000,1.445229672,0.717744831,1.250170196,0.079206341,0.235340805,0.128056461
0.119000,1.383435613,0.614092409,1.042893054,0.085196507,0.230097085,0.143712634
0.120000,1.325474496,0.417196588,0.898989734,0.089681572,0.223317745,0.152695567
0.121000,1.353830310,0.205765239,0.907010637,0.089522332,0.214974838,0.155546625
0.122000,1.355167789,0.076967176,0.905111131,0.083491622,0.209296715,0.156295763
0.123000,1.324543932,0.084090664,0.694915123,0.082016794,0.209237172,0.154028742
0.124000,1.268638038,-0.065663861,0.468223633,0.092760748,0.207893560,0.146079943
0.125000,1.200853777,-0.287942683,0.186418079,0.114580620,0.203609363,0.133937219
0.126000,1.116579781,-0.545131710,0.058327751,0.148243398,0.198473720,0.119114239
0.127000,1.023076347,-0.666762837,-0.023315778,0.179314653,0.193352998,0.104176687
0.128000,0.948216343,-0.660482763,-0.198981838,0.204527461,0.191322029,0.086110236
0.129000,0.819664346,-0.602104105,-0.421068580,0.221270964,0.191899110,0.064782461
0.130000,0.733953270,-0.751846254,-0.521313539,0.237362292,0.187327106,0.042992362
0.131000,0.682627387,-0.982790457,-0.590991390,0.252922181,0.179479797,0.028780871
0.132000,0.586605970,-1.092721725,-0.657599376,0.271621443,0.172439339,0.021654512
0.133000,0.476360548,-1.060217905,-0.626887391,0.282827776,0.165145212,0.017290916
0.134000,0.367873954,-0.932262365,-0.639346245,0.274652587,0.162014222,0.016641549
0.135000,0.272580579,-0.686356983,-0.725334435,0.258487611,0.161938222,0.014786172
0.136000,0.180960633,-0.502227283,-0.717614745,0.244337016,0.160572011,0.008303096
0.137000,0.030297496,-0.387272410,-0.685842417,0.238423494,0.152753217,-0.002061939
0.138000,-0.157508349,-0.310007259,-0.850950826,0.243349821,0.144117660,-0.013573712
0.139000,-0.322198307,-0.254398865,-1.126840234,0.256301949,0.135574441,-0.022115958
0.140000,-0.480498037,-0.160146300,-1.341558457,0.264057904,0.128625404,-0.028349748
0.141000,-0.532515073,-0.050461559,-1.446259835,0.269022507,0.125700112,-0.031260211
0.142000,-0.511980163,0.086472897,-1.485960993,0.267671103,0.128608328,-0.031866493
0.143000,-0.498241411,0.172532351,-1.466516481,0.264362346,0.132816659,-0.035999404
0.144000,-0.532820675,0.173700388,-1.539250195,0.265712805,0.136690081,-0.042541324
0.145000,-0.599728339,0.105827250,-1.778232257,0.274252390,0.137811215,-0.046765589
0.146000,-0.678240069,0.046333846,-2.084983056,0.282858912,0.137442953,-0.050753412
0.147000,-0.706841823,0.003820738,-2.333341505,0.285291603,0.139095390,-0.051712376
0.148000,-0.683944156,0.008414854,-2.436810076,0.278361294,0.141462921,-0.049936711
0.149000,-0.673941078,0.023086074,-2.457095557,0.270621183,0.146380118,-0.048039487
0.150000,-0.709128162,-0.018165502,-2.484083914,0.267549405,0.150027712,-0.047690420
0.151000,-0.739742506,-0.231556943,-2.527807827,0.269733578,0.151887593,-0.047735251
0.152000,-0.749977116,-0.440553193,-2.632138530,0.270947053,0.154712945,-0.049012348
0.153000,-0.713709695,-0.424290439,-2.785498609,0.272356476,0.159757284,-0.052680740
0.154000,-0.597439968,-0.359411526,-2.812883975,0.266222218,0.166184227,-0.056579527
0.155000,-0.476024422,-0.303347719,-2.719249487,0.254348857,0.173786394,-0.058583995
0.156000,-0.368757016,-0.127984378,-2.702656430,0.241066945,0.182390352,-0.061641431
0.157000,-0.301485958,0.047340093,-2.697515578,0.238056384,0.190482571,-0.064171350
0.158000,-0.283840403,0.153397683,-2.794859769,0.239807485,0.196828635,-0.065724710
0.159000,-0.246986925,0.208516789,-2.971279533,0.242508289,0.204924783,-0.067502821
0.160000,-0.168690039,0.390446208,-3.185665260,0.237647137,0.213541057,-0.067898850
0.161000,-0.057050594,0.629841341,-3.300792651,0.228781567,0.224031556,-0.069993807
0.162000,0.031481856,0.854855591,-3.325504181,0.211970321,0.232054740,-0.072461003
0.163000,0.098858381,1.016406377,-3.460585089,0.202885972,0.243542290,-0.076397185
0.164000,0.138766651,1.079859596,-3.617016181,0.199949824,0.252577092,-0.082436437
0.165000,0.201924028,1.018718338,-3.805651680,0.206822255,0.261860184,-0.088418709
0.166000,0.278663754,0.841428987,-4.016216475,0.210454050,0.269730045,-0.094971807
0.167000,0.417048831,0.736243283,-4.142697782,0.209029929,0.279645545,-0.100588598
0.168000,0.537554703,0.647975871,-4.097490284,0.200352846,0.287212160,-0.110497778
0.169000,0.658027676,0.504205677,-4.012780471,0.191478406,0.292205041,-0.118849913
0.170000,0.787220819,0.320871036,-3.944955800,0.181224252,0.293936985,-0.124373717
0.171000,0.896443501,0.190425634,-3.960638267,0.176925386,0.293627743,-0.126123378
0.172000,0.942347728,0.161950350,-4.071714242,0.173761051,0.293538293,-0.121896301
0.173000,0.973932309,0.283425446,-4.193212027,0.171043594,0.295538314,-0.111962687
0.174000,0.992817603,0.371900349,-4.312214274,0.169900112,0.295375766,-0.098520741
0.175000,1.023896595,0.434197857,-4.420749756,0.170532392,0.294573119,-0.081551946
0.176000,0.985344274,0.503743239,-4.440249270,0.173734757,0.289523521,-0.067175898
0.177000,0.967614810,0.503313413,-4.511480129,0.186031989,0.282598918,-0.054805944
0.178000,0.943126460,0.410734087,-4.409467158,0.194216281,0.270586519,-0.045060087
0.179000,0.986623881,0.381005662,-4.359742975,0.193088387,0.262149351,-0.038437539
0.180000,1.086754748,0.471473041,-4.260766170,0.184552883,0.246770637,-0.032535073
0.181000,1.136040598,0.484420203,-4.104754836,0.173177923,0.232859171,-0.025604863
0.182000,1.170808945,0.465465255,-3.999390993,0.152896718,0.216339234,-0.015226680
0.183000,1.256140745,0.602577290,-4.013878619,0.133594312,0.202190130,-0.004156047
0.184000,1.237095509,0.710751333,-4.013251048,0.120829601,0.177718030,0.003914402
0.185000,1.123435006,0.548843824,-4.113931614,0.116598057,0.154989595,0.010391169
0.186000,1.113912468,0.402008067,-4.422515254,0.110646027,0.132553951,0.019462973
0.187000,1.199509701,0.368824525,-4.731702852,0.112251319,0.113194679,0.028011050
0.188000,1.280571730,0.278177964,-4.778096394,0.103744242,0.093529870,0.033497794
0.189000,1.495117289,0.185958112,-4.778906821,0.098445682,0.076954567,0.044656424
0.190000,1.715094931,0.179512508,-4.895758265,0.105886013,0.059996093,0.056063457
0.191000,1.831711990,-0.001304473,-5.078682107,0.116547695,0.037906041,0.069233051
0.192000,1.957741493,-0.133478192,-5.302394696,0.124352749,0.005311539,0.087714505
0.193000,2.067863968,-0.023506815,-5.634594429,0.141442587,-0.024681871,0.105836087
0.194000,2.099653746,-0.070839956,-5.606180665,0.151410731,-0.060655443,0.114699429
0.195000,2.165853689,-0.244475776,-5.515726831,0.155106742,-0.097297830,0.123659120
0.196000,2.111660726,-0.046088768,-5.519157426,0.156861656,-0.139433987,0.129545265
0.197000,2.109945083,0.260006289,-5.695988689,0.156711308,-0.184378502,0.132398185
0.198000,2.082824595,0.260534229,-5.796676371,0.158649204,-0.231424503,0.139696176
0.199000,2.054228815,0.229166523,-5.954229615,0.166891249,-0.277225839,0.143803016
0.200000,2.035269774,0.157864794,-6.267326420,0.179453691,-0.317171870,0.142038421
0.201000,2.004765073,-0.035867073,-6.439890020,0.190607448,-0.361345558,0.136132468
0.202000,2.026586023,-0.079603650,-6.554811026,0.183728914,-0.409273345,0.125839132
0.203000,2.074744556,0.043477577,-6.907365410,0.174596198,-0.455868442,0.112577195
0.204000,2.116278558,-0.007658082,-7.170548381,0.164690932,-0.504163509,0.097599242
0.205000,2.122889128,-0.340673288,-7.349103224,0.167713747,-0.557995984,0.081846270
0.206000,2.251842463,-0.393935208,-7.666225014,0.161146155,-0.613230944,0.079037087
0.207000,2.367081510,-0.118712138,-8.122019602,0.162513320,-0.659585719,0.081621350
0.208000,2.432166068,0.086655739,-8.408287802,0.154375719,-0.708892866,0.082647579
0.209000,2.523549237,0.087559924,-8.522346848,0.147509116,-0.760303239,0.083047572
0.210000,2.637238205,0.144625175,-8.578374818,0.135327305,-0.819166221,0.089192281
0.211000,2.673283545,-0.018736449,-8.648511798,0.143089408,-0.873864658,0.086513897
0.212000,2.789234749,-0.166800031,-8.749394413,0.139858257,-0.934568136,0.082691560
0.213000,2.931769615,-0.049457282,-9.075169695,0.135971771,-0.991593893,0.082881035
0.214000,2.918093286,0.096532869,-9.382281002,0.132476994,-1.053539314,0.077841460
0.215000,2.785632679,-0.126309405,-9.228061099,0.130890175,-1.138485174,0.067303304
0.216000,2.649732322,-0.189179900,-9.641890532,0.126320878,-1.217166524,0.065891762
0.217000,2.684934385,-0.120649417,-9.940456225,0.131350443,-1.277660272,0.068168804
0.218000,3.047964847,0.008089584,-10.405111541,0.119654908,-1.311159692,0.069221658
0.219000,3.559415991,0.130231097,-10.547493107,0.092812757,-1.346467513,0.071517543
0.220000,3.937941654,0.245150634,-10.850398958,0.062490099,-1.392357625,0.072721809
0.221000,4.149751625,0.158309137,-11.067158406,0.035237316,-1.452952317,0.065005451
0.222000,4.218612921,0.247602653,-11.507419789,0.008609444,-1.521981570,0.062420895
0.223000,4.219399525,0.398269101,-11.811244874,0.004974347,-1.588923679,0.060487290
0.224000,4.231006002,0.464769925,-11.978605312,0.006041004,-1.656134207,0.060460139
0.225000,4.315541541,0.332497601,-12.100847911,0.012535421,-1.715390961,0.062047174
0.226000,4.440485738,0.399225337,-12.308396215,0.004884038,-1.769771523,0.070433625
0.227000,4.591048363,0.518889852,-12.760718308,-0.003184304,-1.823580290,0.078119922
0.228000,4.649835660,0.789461236,-13.154848148,-0.025095242,-1.886543022,0.089404013
0.229000,4.701342671,0.834368642,-13.416744932,-0.026055416,-1.939711895,0.098803223
0.230000,4.659675770,0.760126454,-13.683087427,-0.020294672,-1.990674143,0.100728421
0.231000,4.749067757,0.577591654,-13.664555768,-0.017438983,-2.038548419,0.112227315
0.232000,4.903418800,0.659751304,-13.826251286,-0.035332285,-2.088542750,0.125683466
0.233000,5.046546151,0.852750839,-13.889985963,-0.048745180,-2.138628394,0.134822526
0.234000,5.083805464,0.971952532,-13.901935910,-0.074648826,-2.182286426,0.137781564
0.235000,5.074150045,0.755960662,-14.120862322,-0.081191947,-2.215660977,0.136119855
0.236000,4.788471490,0.313313066,-14.562405830,-0.081089203,-2.259672620,0.121659386
0.237000,4.203215711,-0.295398571,-14.965379120,-0.064880230,-2.314629904,0.101926707
0.238000,3.498172615,-0.801924801,-14.972415622,-0.064067397,-2.386602435,0.086665559
0.239000,2.627149402,-1.137913990,-14.888041678,-0.057959384,-2.464186942,0.071429608
0.240000,1.659279725,-1.361920397,-14.830836969,-0.047753428,-2.539614864,0.054766161
0.241000,0.660313459,-1.811019157,-15.005712153,-0.006887117,-2.602898443,0.033208603
0.242000,-0.246498039,-2.214906672,-14.977752764,0.025898936,-2.665335545,0.020142694
0.243000,-0.932259873,-2.279839777,-14.917750140,0.041318254,-2.727595815,0.025268022
0.244000,-1.387991806,-2.002455444,-14.717680121,0.031662360,-2.776984628,0.041018897
0.245000,-1.899903096,-1.572290123,-14.464467666,0.017335668,-2.817270948,0.051051377
0.246000,-2.243993979,-0.902019954,-14.382011521,0.003251551,-2.849734056,0.055360574
0.247000,-2.448006411,-0.450950093,-14.640342392,0.005497146,-2.869721996,0.055065251
0.248000,-2.215203338,0.112699249,-14.736991175,-0.008269861,-2.887284562,0.064697523
0.249000,-1.597277830,0.769443074,-14.978340357,-0.033589477,-2.885199241,0.086134605
0.250000,-0.793077053,1.374640603,-15.028060529,-0.062315295,-2.863902009,0.101982813
0.251000,0.196581996,1.585276484,-14.993047492,-0.078244728,-2.827746648,0.115944657
0.252000,1.293650053,1.665077254,-15.087842108,-0.097135003,-2.785550876,0.123791206
0.253000,2.426339155,1.731065191,-15.577492144,-0.107915939,-2.737376369,0.132387649
0.254000,3.618152512,1.438360538,-15.802543340,-0.119898549,-2.691043394,0.133064704
0.255000,4.828272792,1.001848033,-15.969370761,-0.121020394,-2.642113178,0.127988499
0.256000,6.032451271,0.485046422,-15.921780300,-0.116311974,-2.583457367,0.125167877
0.257000,7.104754612,-0.263782872,-16.080807105,-0.084881567,-2.527360541,0.116710405
0.258000,7.869361331,-1.174188201,-15.996083264,-0.047462557,-2.479506917,0.103495561
0.259000,8.566561226,-1.948970018,-16.019287354,-0.005738797,-2.438477036,0.093214284
0.260000,9.174978305,-2.502402339,-16.010742265,0.031880900,-2.393320070,0.088733587
0.261000,9.572745266,-2.984293936,-15.933452828,0.077684033,-2.343051204,0.081575502
0.262000,9.791648418,-3.269876302,-15.757985729,0.108581770,-2.299457527,0.070715634
0.263000,9.760988443,-3.374364455,-15.447971379,0.129176065,-2.270017075,0.060670114
0.264000,9.543760327,-3.184618182,-15.133350895,0.108134395,-2.249846930,0.065736096
0.265000,9.126311212,-2.683518608,-14.816860575,0.072504566,-2.241158271,0.074799705
0.266000,8.332016183,-1.868487612,-14.501061524,0.036456183,-2.235950059,0.085019187
0.267000,7.383480120,-1.101144297,-14.243319464,0.017519941,-2.232719022,0.095638529
0.268000,6.372138416,-0.545530321,-14.197366679,-0.005544340,-2.231250315,0.105164217
0.269000,5.204771758,-0.081986407,-14.262025584,-0.031661821,-2.224119485,0.111452715
0.270000,4.262937272,0.165000698,-14.249750935,-0.078085698,-2.210882332,0.118057397
0.271000,3.481272026,0.263961724,-13.905567747,-0.119169087,-2.195449931,0.115917380
0.272000,2.594436520,0.548910737,-13.718217829,-0.142126148,-2.177837553,0.104925515
0.273000,1.759365112,0.566757525,-13.537258263,-0.145354003,-2.165917298,0.090610556
0.274000,1.014786789,0.480502828,-13.646508640,-0.152281253,-2.147327454,0.078393919
0.275000,0.366064905,0.236392919,-13.709003137,-0.154299737,-2.120691227,0.064768705
0.276000,-0.047517551,-0.070273240,-13.359198555,-0.156319154,-2.092672180,0.050446874
0.277000,-0.270057845,-0.281292491,-13.061844680,-0.153003141,-2.052063492,0.040720064
0.278000,-0.525349664,-0.521424732,-13.218117002,-0.130243104,-2.002458362,0.026651359
0.279000,-0.641966761,-0.829090526,-13.559035889,-0.102825519,-1.939580676,0.010428392
0.280000,-0.314174463,-1.210784930,-13.480470963,-0.080287500,-1.867754585,0.001607399
0.281000,0.232942275,-1.416137704,-13.175521262,-0.064370564,-1.789649424,-0.001670210
0.282000,0.823951787,-1.417153105,-12.590751300,-0.056083295,-1.712777768,-0.003928212
0.283000,1.411160393,-1.166359723,-12.456968335,-0.051800349,-1.625158501,-0.001108511
0.284000,1.944490073,-1.162831686,-12.381858799,-0.044967769,-1.525167048,-0.005528162
0.285000,2.567325700,-1.143797565,-12.467107781,-0.041004747,-1.428972887,-0.008924494
0.286000,3.147175374,-0.870729987,-12.440723788,-0.064671068,-1.328358506,-0.004255056
0.287000,3.618649173,-0.439660466,-12.094429232,-0.091312266,-1.239439744,-0.008497791
0.288000,4.068168723,-0.037495547,-11.728926456,-0.117623582,-1.146153448,-0.017866918
0.289000,4.356852372,0.119076364,-11.527253116,-0.120161754,-1.056720603,-0.026193730
0.290000,4.477034421,0.144554625,-11.498229844,-0.125496327,-0.978298304,-0.039425060
0.291000,4.572814543,0.266941119,-11.312813721,-0.115889757,-0.906011685,-0.049625960
0.292000,4.555320999,0.293267927,-11.130682797,-0.108539889,-0.839294032,-0.062757239
0.293000,4.568394774,0.328914823,-10.652292430,-0.105075850,-0.775419215,-0.070350146
0.294000,4.575239496,0.550194453,-10.397266669,-0.117131745,-0.719231524,-0.071382968
0.295000,4.418260731,0.793581300,-10.189761505,-0.113553344,-0.649958258,-0.082498723
0.296000,4.086683599,0.735881748,-9.867411240,-0.102736687,-0.587573124,-0.101464574
0.297000,3.838416695,0.595517002,-9.677233044,-0.095354076,-0.531414917,-0.112221864
0.298000,3.638649051,0.701478389,-9.584176915,-0.085135943,-0.476237293,-0.116768698
0.299000,3.542821776,0.976011718,-9.320842126,-0.080050821,-0.407809438,-0.122923739
0.300000,3.398297326,1.059238377,-8.976796220,-0.087505854,-0.337030825,-0.134624611
0.301000,3.247827639,0.893027998,-8.546144497,-0.094229596,-0.269014838,-0.148076066
0.302000,3.090880885,0.776669911,-8.073214797,-0.088688441,-0.210940979,-0.156680015
0.303000,2.922848751,0.744377786,-7.827427072,-0.077701683,-0.151566694,-0.163109222
0.304000,2.681720076,0.874511671,-7.612552744,-0.065882899,-0.090678660,-0.173861112
0.305000,2.474130203,0.759809709,-7.388904192,-0.048603043,-0.026249419,-0.188569966
0.306000,2.263468629,0.453725106,-7.241274429,-0.037597771,0.032303238,-0.197773690
0.307000,2.143731618,0.292194276,-7.061092517,-0.023165690,0.090765841,-0.208708637
0.308000,2.093537850,0.253252813,-6.832871506,-0.025443932,0.152178818,-0.216660045
0.309000,2.105913405,0.409002450,-6.484293826,-0.033990605,0.219764137,-0.219634308
0.310000,2.084317204,0.499627420,-6.207919775,-0.039092312,0.277017762,-0.224307466
0.311000,2.036316172,0.354317675,-6.007399877,-0.029951128,0.338819604,-0.230420675
0.312000,1.999726021,0.199913750,-5.689184891,-0.024796230,0.397620384,-0.234927183
0.313000,2.022405081,0.188065864,-5.592784937,-0.015170737,0.460025130,-0.237406730
0.314000,2.022767505,0.317016635,-5.293363724,-0.017790608,0.518159230,-0.243831309
0.315000,2.097345617,0.350047184,-5.072817935,-0.016472947,0.565259291,-0.250005164
0.316000,2.120548035,0.282920792,-4.740610387,-0.028359148,0.607759575,-0.255299007
0.317000,2.179294421,0.306746964,-4.560529542,-0.025819390,0.649378747,-0.261623990
0.318000,2.210154825,0.370097688,-4.383430752,-0.025801387,0.684838502,-0.265085976
0.319000,2.242756211,0.408518991,-4.366737861,-0.019795810,0.722909107,-0.264852428
0.320000,2.373918037,0.399260773,-4.245069628,-0.015391687,0.763276220,-0.261960712
0.321000,2.598634381,0.381539501,-3.936784442,-0.017127302,0.803718327,-0.257476787
0.322000,2.731298568,0.471104937,-3.771072456,-0.030192043,0.841757975,-0.253368216
0.323000,2.857737353,0.534014656,-3.548080461,-0.037591695,0.875663638,-0.253168253
0.324000,2.967589948,0.554710894,-3.443532991,-0.050717390,0.900596728,-0.249713330
0.325000,3.024323442,0.560556504,-3.411957024,-0.041232336,0.925860955,-0.251773400
0.326000,3.109922748,0.389233571,-3.226783336,-0.028724222,0.948268656,-0.255394838
0.327000,3.321308828,0.163573502,-3.130268164,-0.019252694,0.971331230,-0.252478961
0.328000,3.551652381,0.268587441,-3.198627814,-0.016927751,0.997587526,-0.248203842
0.329000,3.757464935,0.452784661,-3.251358957,-0.013455968,1.018509707,-0.247677950
0.330000,3.878066081,0.392896018,-3.133542085,-0.015071415,1.034182081,-0.245736550
0.331000,4.017123196,0.176104754,-2.960836396,-0.006690902,1.046538498,-0.242271448
0.332000,4.150375158,-0.078990945,-2.856891864,0.011523887,1.060284809,-0.238024722
0.333000,4.287857038,-0.203317022,-2.629867273,0.026502868,1.069887981,-0.233018550
0.334000,4.459464952,-0.202832486,-2.555871780,0.027222952,1.077251596,-0.224688156
0.335000,4.687019111,-0.113083763,-2.536153097,0.020212909,1.082850963,-0.218410601
0.336000,4.775281747,0.028612245,-2.494225924,0.003412367,1.085824251,-0.214552844
0.337000,4.842406992,0.034341178,-2.461878687,0.002982572,1.082761435,-0.212081495
0.338000,4.816315290,-0.105786497,-2.291174240,0.012164892,1.073064904,-0.209201081
0.339000,4.798221133,-0.163125386,-2.164512725,0.022517700,1.057386017,-0.202137893
0.340000,4.853496952,-0.172442285,-2.030745432,0.026519032,1.047053879,-0.193483738
0.341000,4.958357951,-0.047780833,-1.883003824,0.019603048,1.034637838,-0.185413556
0.342000,5.010974927,0.111963240,-1.780091732,-0.001191648,1.019567152,-0.180753810
0.343000,5.008543735,0.241184663,-1.703978354,-0.017670454,1.000625669,-0.178449315
0.344000,4.886842497,0.351082868,-1.709287843,-0.015233891,0.979888361,-0.175867804
0.345000,4.754310579,0.337338596,-1.669593713,0.002043079,0.960307243,-0.172849663
0.346000,4.632148029,0.206555319,-1.545585160,0.012861755,0.933981686,-0.165795768
0.347000,4.550349552,0.149120143,-1.397627919,0.010928287,0.906401686,-0.153985324
0.348000,4.450516994,0.198774366,-1.265253031,-0.006152937,0.879523421,-0.140981211
0.349000,4.299719109,0.348026290,-1.250157004,-0.028634795,0.852803450,-0.130447732
0.350000,4.058914755,0.397143085,-1.157842845,-0.042106622,0.822667693,-0.122966452
0.351000,3.715628646,0.316416932,-1.093804161,-0.039163692,0.783593320,-0.112471596
0.352000,3.372817302,0.215672462,-0.948767480,-0.026285376,0.741989232,-0.102111375
0.353000,3.057227407,0.202865552,-0.975315698,-0.014001438,0.700828592,-0.090196468
0.354000,2.745706291,0.190476535,-0.904034709,-0.013021416,0.661423623,-0.080833496
0.355000,2.396298228,0.116483115,-0.870419817,-0.021838997,0.617759869,-0.071438352
0.356000,2.098619974,0.105026717,-0.852950240,-0.037281986,0.575446736,-0.063981514
0.357000,1.795166843,0.145840536,-0.650848781,-0.038235001,0.535015905,-0.059765662
0.358000,1.503538736,0.087137209,-0.383211109,-0.038768247,0.488906652,-0.054508770
0.359000,1.154108542,0.125364735,-0.188875559,-0.037129012,0.436992263,-0.043766973
0.360000,0.798534722,0.308475162,-0.116651046,-0.037409763,0.384269845,-0.029305530
0.361000,0.537995657,0.459068152,-0.034248690,-0.041102600,0.341829073,-0.014014814
0.362000,0.333323192,0.477748860,-0.013334737,-0.052557540,0.308331443,0.001382263
0.363000,0.150274299,0.507317792,0.084003949,-0.063464704,0.273918471,0.015140281
0.364000,-0.059703039,0.544802257,0.219555389,-0.068793340,0.238472399,0.028996687
0.365000,-0.288620516,0.457758711,0.300049133,-0.072418949,0.198040381,0.043240133
0.366000,-0.416322372,0.380503364,0.264814186,-0.077961093,0.156614156,0.060369248
0.367000,-0.468064502,0.416889682,0.220100700,-0.086842288,0.114602298,0.079674934
0.368000,-0.505438574,0.497683599,0.186797091,-0.100023295,0.075750759,0.098198478
0.369000,-0.531877355,0.495750911,0.201894293,-0.113485785,0.038614402,0.113893036
0.370000,-0.554223849,0.515325450,0.267978126,-0.128410056,-0.001731449,0.129924044
0.371000,-0.613231859,0.492338299,0.258509259,-0.135788216,-0.043095719,0.141880070
0.372000,-0.648443753,0.429203553,0.214954622,-0.141448857,-0.085528306,0.152163197
0.373000,-0.636808799,0.403942784,0.129123003,-0.146149645,-0.123978246,0.159377463
0.374000,-0.571038300,0.465263419,0.035741636,-0.147982143,-0.162336951,0.164631253
0.375000,-0.474608690,0.514205757,-0.025653746,-0.144748823,-0.195622657,0.168684791
0.376000,-0.434414855,0.508411909,-0.168546202,-0.137449218,-0.223230926,0.172091612
0.377000,-0.373565248,0.506537058,-0.145032090,-0.128816066,-0.247729425,0.176633548
0.378000,-0.249375363,0.497262323,-0.034467726,-0.114411675,-0.272277698,0.192195617
0.379000,-0.242310310,0.574469175,-0.075150635,-0.099356138,-0.285933624,0.206606000
0.380000,-0.149746569,0.601629631,-0.184979957,-0.086605967,-0.289163935,0.215504232
0.381000,-0.011781882,0.485709017,-0.147229910,-0.080989128,-0.295095898,0.221166648
0.382000,0.069815524,0.341956639,-0.095434810,-0.077411915,-0.305934975,0.224522335
0.383000,0.127359062,0.250792547,0.073584966,-0.075086466,-0.320795502,0.223350017
0.384000,0.158976109,0.295647981,0.426204298,-0.079936161,-0.341786723,0.217923143
0.385000,0.154850978,0.427115078,0.686035670,-0.080086439,-0.358985041,0.210245539
0.386000,0.160782501,0.446266120,0.643463183,-0.072438192,-0.367990281,0.202813212
0.387000,0.154129105,0.355791386,0.451361713,-0.055398406,-0.374439831,0.195286660
0.388000,0.204704154,0.062837493,0.379381531,-0.037194398,-0.389614158,0.189248348
0.389000,0.319788330,-0.147194540,0.428291728,-0.023977466,-0.405962906,0.187481162
0.390000,0.335062937,-0.046232068,0.701762543,-0.015603857,-0.422008065,0.180745129
0.391000,0.311195842,0.059415087,0.954120206,-0.009778750,-0.437004467,0.166625930
0.392000,0.256247010,-0.017706326,1.224508678,-0.003111791,-0.452741918,0.155799673
0.393000,0.197258293,-0.172728270,1.220172242,0.005128855,-0.467225221,0.148284719
0.394000,0.122344286,-0.219289733,1.102309953,0.017382446,-0.481391514,0.140610756
0.395000,0.050196333,-0.273634358,1.154890809,0.024177118,-0.497816613,0.135276056
0.396000,0.024184567,-0.283245376,1.314004303,0.021448612,-0.509328812,0.132527061
0.397000,-0.022130584,-0.213159086,1.414548970,0.014069872,-0.516054771,0.129065870
0.398000,-0.099254463,-0.193520937,1.669412787,0.004874098,-0.525791805,0.123447529
0.399000,-0.228313727,-0.286864453,1.901286359,-0.001983785,-0.537428311,0.118782924
0.400000,-0.359194061,-0.364894282,2.106587481,-0.003364955,-0.547888528,0.114237094
0.401000,-0.453711267,-0.358674148,2.094641076,-0.008427894,-0.556201353,0.110030140
0.402000,-0.542549706,-0.336853686,2.127579916,-0.013085810,-0.560077276,0.106068879
0.403000,-0.623086886,-0.335175341,2.156029513,-0.019720509,-0.559396685,0.104125700
0.404000,-0.715343879,-0.295663274,2.266739587,-0.021827421,-0.559140040,0.100835265
0.405000,-0.857510464,-0.331833414,2.386467059,-0.022953472,-0.561206296,0.096254572
0.406000,-1.041129805,-0.440688259,2.468776568,-0.020788480,-0.563924997,0.090148249
0.407000,-1.204287697,-0.489092446,2.523912478,-0.016469440,-0.565397914,0.084242482
0.408000,-1.345457045,-0.534862100,2.446308569,-0.010395382,-0.559824480,0.076237901
0.409000,-1.433187846,-0.584240790,2.372526725,-0.007529134,-0.552378664,0.067190425
0.410000,-1.451782809,-0.638795265,2.368164332,-0.004169693,-0.540424407,0.058106088
0.411000,-1.530779274,-0.669072073,2.420059944,-0.004924591,-0.529247917,0.047229583
0.412000,-1.606278148,-0.808523180,2.566808502,-0.003427193,-0.523015772,0.035575537
0.413000,-1.691864344,-0.913699655,2.709262222,-0.006475647,-0.518992308,0.027996084
0.414000,-1.752531553,-0.887646354,2.786063573,-0.006716938,-0.514474133,0.020140382
0.415000,-1.818465802,-0.855744744,2.912434795,-0.010140280,-0.508615479,0.010828239
0.416000,-1.870955026,-0.853443201,2.959896454,-0.008322073,-0.500532202,0.005448665
0.417000,-1.937492173,-0.855929558,3.006506973,-0.005897152,-0.494007165,0.001593027
0.418000,-1.976119662,-0.915694301,3.086295888,0.002548776,-0.488114193,-0.003692729
0.419000,-2.014982308,-0.959641202,3.238925981,0.005264406,-0.483413394,-0.007120645
0.420000,-1.978596241,-0.849266370,3.412273574,0.000545987,-0.472406264,-0.008661944
0.421000,-1.928701037,-0.696002354,3.608562287,-0.007404408,-0.458789352,-0.014380235
0.422000,-1.842338429,-0.602606432,3.759909299,-0.013077039,-0.441516033,-0.020457534
0.423000,-1.781367094,-0.489041463,3.790176550,-0.019110635,-0.418752421,-0.025719376
0.424000,-1.705760014,-0.395197515,3.759378973,-0.020460388,-0.393154508,-0.034569644
0.425000,-1.605405601,-0.263855684,3.556124338,-0.024884921,-0.360742631,-0.038529523
0.426000,-1.439684085,-0.139650853,3.467090491,-0.028537595,-0.321780533,-0.040181242
0.427000,-1.247378533,0.023484710,3.513981440,-0.033077141,-0.286540155,-0.044391804
0.428000,-1.053460508,0.000720949,3.636187018,-0.029515616,-0.248796300,-0.049236271
0.429000,-0.971512977,-0.087324937,3.675276545,-0.027850705,-0.210707715,-0.053038437
0.430000,-0.856689608,-0.160632197,3.562524510,-0.024827772,-0.174859302,-0.060342634
0.431000,-0.712016460,-0.045473298,3.440416133,-0.026975578,-0.133516258,-0.069372289
0.432000,-0.545416249,0.021828976,3.482358658,-0.029680120,-0.083891806,-0.077277619
0.433000,-0.312721863,0.145399454,3.522337221,-0.033499904,-0.028553023,-0.085596481
0.434000,-0.082921104,0.147247313,3.411531685,-0.025867745,0.028633996,-0.090514485
0.435000,0.090432647,0.130041326,3.332758636,-0.021590294,0.075440929,-0.091686600
0.436000,0.227972284,0.046580923,3.176311751,-0.010447461,0.126830130,-0.091884936
0.437000,0.425258465,-0.033548309,3.287573127,-0.006137875,0.180746081,-0.090736602
0.438000,0.604827322,-0.099093580,3.547292195,-0.006712621,0.235460173,-0.090739237
0.439000,0.858894960,-0.037498560,3.919524321,-0.020827056,0.290742306,-0.086867832
0.440000,1.087561873,0.172688158,3.933171782,-0.035216359,0.351234906,-0.087280247
0.441000,1.140622137,0.333412935,3.830022538,-0.043024777,0.403602942,-0.091870441
0.442000,1.171027919,0.271083441,3.691221550,-0.037539525,0.458130927,-0.092795395
0.443000,1.204541162,0.156334754,3.678484729,-0.031299341,0.509486889,-0.088196420
0.444000,1.316107620,0.246797182,3.707119625,-0.028464212,0.572278392,-0.085410424
0.445000,1.437643758,0.376169002,3.941233592,-0.038903484,0.638026906,-0.083439549
0.446000,1.560956991,0.465867548,4.069950583,-0.060191080,0.698789742,-0.082043852
0.447000,1.646808620,0.651277965,4.045325610,-0.081279864,0.751928919,-0.083419509
0.448000,1.689195416,0.667462654,4.000060959,-0.071850453,0.806587816,-0.092949914
0.449000,1.682592339,0.433015177,4.236181091,-0.058499328,0.854601981,-0.097690201
0.450000,1.860954053,0.236559485,4.282165334,-0.041524408,0.907146233,-0.101610407
0.451000,1.958466284,0.348790589,4.492302922,-0.033718586,0.956570591,-0.105242708
0.452000,2.088670924,0.335205995,4.771693576,-0.036915622,1.005033637,-0.108461539
0.453000,2.119968681,0.404958394,4.932835872,-0.059163958,1.056565885,-0.107170084
0.454000,2.214128253,0.490268063,4.975833109,-0.070286888,1.106231794,-0.105672723
0.455000,2.201352441,0.468479805,5.159935707,-0.062550217,1.157205452,-0.102452126
0.456000,2.297566997,0.460594655,5.376940607,-0.047533340,1.213007316,-0.098425149
0.457000,2.370543685,0.403815543,5.539574619,-0.033901793,1.266983428,-0.095681488
0.458000,2.435354422,0.161803653,5.822670694,-0.019094377,1.321401616,-0.093110775
0.459000,2.538953091,0.128345179,6.098556498,-0.028475136,1.377086487,-0.092080863
0.460000,2.623853610,0.267446693,6.122528737,-0.037096001,1.424651328,-0.094885926
0.461000,2.597328012,0.367423474,6.277645105,-0.047225161,1.475108150,-0.097464181
0.462000,2.507614240,0.348733095,6.329222672,-0.050577991,1.527466139,-0.106788859
0.463000,2.438252372,0.384781109,6.446040326,-0.038329724,1.574063893,-0.114733352
0.464000,2.336853167,0.350188237,6.631359718,-0.010747158,1.621520368,-0.117796378
0.465000,2.334593002,0.317511478,6.748382558,-0.004373297,1.675861423,-0.117518160
0.466000,2.501588155,0.409077787,6.768652685,-0.011369924,1.729825778,-0.112360704
0.467000,2.568483993,0.575286402,6.966662785,-0.025094031,1.789633621,-0.110738398
0.468000,2.520242143,0.550675919,7.265909654,-0.031264178,1.845664655,-0.110864790
0.469000,2.505041857,0.413138864,7.604772571,-0.033449703,1.893362378,-0.107107628
0.470000,2.489158504,0.202602103,7.827065738,-0.015293256,1.937741823,-0.104560397
0.471000,2.576227935,-0.077392506,8.033926503,0.005281795,1.980437867,-0.096131592
0.472000,2.694248222,-0.294979225,8.199953505,0.008691431,2.026428959,-0.083518573
0.473000,2.859259280,-0.195255201,8.199870366,0.006087516,2.070486153,-0.074924700
0.474000,2.913980056,-0.207839495,8.478233343,0.013734356,2.114194038,-0.067635071
0.475000,2.920165405,-0.325226746,8.763754981,0.013235307,2.156830145,-0.056812679
0.476000,2.952334208,-0.443271450,8.992470815,0.022788641,2.194255377,-0.044919908
0.477000,3.000162289,-0.469931344,9.170952835,0.039510677,2.240338848,-0.033337273
0.478000,3.017263219,-0.543655427,9.403023356,0.059974913,2.297854073,-0.021213672
0.479000,3.140845863,-0.565991922,9.241788256,0.073985968,2.355453692,-0.009488069
0.480000,3.180381058,-0.698061878,9.056176865,0.090587555,2.419058203,-0.003109227
0.481000,3.259668361,-0.820113064,8.821386561,0.100924443,2.482747722,0.007070138
0.482000,3.334032434,-0.922790446,8.798881996,0.109984092,2.539365981,0.011838965
0.483000,3.371890641,-1.095609125,9.041376668,0.126710663,2.592379091,0.013809683
0.484000,3.566948130,-1.159727877,9.522373654,0.129158379,2.648607425,0.020041222
0.485000,3.786360114,-0.856349412,9.787921153,0.137403084,2.712445998,0.024751114
0.486000,4.002164466,-0.548717814,9.805891796,0.152436952,2.771829884,0.028625906
0.487000,4.801701503,-0.205814884,9.452763117,0.143832219,2.841514213,0.043210050
0.488000,5.969957529,0.373064445,9.465539231,0.116577544,2.950668731,0.050287799
0.489000,7.116489894,0.869880811,10.168309475,0.091349254,3.046664479,0.051290791
0.490000,8.199720149,0.986183197,10.489610851,0.058346677,3.143388903,0.056667075
0.491000,8.966083494,1.102230236,10.082949467,0.049145719,3.231891909,0.050209427
0.492000,9.901810019,0.912404406,9.921794792,0.063974921,3.318027845,0.040361304
0.493000,10.859631032,0.431121564,9.940308547,0.066169724,3.410499134,0.041117813
0.494000,11.514028383,0.070447543,9.972436074,0.084888967,3.491822176,0.034263597
0.495000,11.908444650,-0.250448961,10.264471374,0.106045893,3.552173033,0.028295985
0.496000,12.100776173,-0.835668681,10.251430786,0.130925580,3.609762342,0.025727262
0.497000,12.212511937,-1.379896620,10.210761783,0.144741388,3.667230065,0.021652267
0.498000,12.184218508,-1.886096530,10.142712153,0.155576959,3.707897963,0.020919541
0.499000,11.887948338,-2.196480172,10.307674841,0.176174410,3.737752240,0.019121441
0.500000,11.446133759,-2.422771258,10.470212838,0.211013899,3.746796031,0.024991166
0.501000,10.770104392,-2.750103683,10.977503863,0.232232226,3.753385489,0.018070526
0.502000,9.968632417,-2.704511618,11.165293904,0.231229366,3.755345289,0.012129048
0.503000,9.254446949,-2.231837534,11.436630393,0.211629478,3.750733513,0.014218387
0.504000,8.425139257,-1.718466589,11.602554641,0.202620997,3.742153933,0.021805912
0.505000,7.513802570,-1.176412437,11.939272781,0.190150270,3.729810969,0.037214730
0.506000,6.758008340,-0.469535890,12.255706714,0.165007076,3.723099021,0.056929134
0.507000,6.074126067,0.339714943,12.140138975,0.128572257,3.719367360,0.071563914
0.508000,5.521113782,0.860960183,12.075937198,0.101003678,3.713339643,0.087751726
0.509000,5.046871791,1.096986644,12.032122724,0.080102344,3.706149711,0.100124167
0.510000,4.785715847,1.291954785,12.144190178,0.069289148,3.695816266,0.103251759
0.511000,4.618616658,1.357986077,12.300543071,0.061127247,3.691016315,0.107934813
0.512000,4.565963140,1.265947785,12.229460444,0.073591474,3.688648297,0.114476588
0.513000,4.703432375,0.960381398,11.943161541,0.093370955,3.695452429,0.125846180
0.514000,5.063421029,0.498084519,11.811837284,0.106440917,3.699757080,0.135884589
0.515000,5.591089592,0.068425621,11.927610295,0.121498074,3.704104574,0.149527775
0.516000,6.210555699,-0.327135136,11.780326423,0.154334714,3.715983830,0.168960116
0.517000,6.902141359,-0.815883400,11.961699669,0.205274892,3.733517174,0.188134864
0.518000,7.415857864,-1.332091447,12.078191922,0.247229804,3.748188254,0.205125463
0.519000,8.073890180,-1.690198450,12.120774024,0.270254271,3.758396446,0.202223070
0.520000,8.695694433,-2.084635013,12.326969022,0.281806651,3.763498108,0.174284965
0.521000,9.293722843,-2.077832283,13.009895462,0.260599858,3.763805040,0.134018703
0.522000,9.894690638,-1.850760517,13.681260120,0.237040928,3.763493379,0.071599584
0.523000,10.350163520,-1.378243151,13.990071352,0.206456691,3.755955534,-0.000304217
0.524000,10.742648482,-0.729089542,13.865466924,0.171741605,3.739709904,-0.051790682
0.525000,11.096996727,-0.023763460,13.596276110,0.124884168,3.725500264,-0.081503865
0.526000,11.024105417,0.630661409,13.519405121,0.103011253,3.711575047,-0.090217247
0.527000,10.849217671,0.963811469,13.752526924,0.098078440,3.694853183,-0.080779001
0.528000,10.683630168,1.000268777,13.631318222,0.102018857,3.675077920,-0.061662415
0.529000,10.343968709,0.776836923,13.494193056,0.106517091,3.650866769,-0.046525331
0.530000,9.936837995,0.396138263,13.355178413,0.112927082,3.602776293,-0.036758867
0.531000,9.324992400,-0.024931985,13.624495088,0.116357249,3.547124831,-0.038488961
0.532000,8.672024913,-0.278477355,13.882159404,0.119660005,3.486580682,-0.041503494
0.533000,7.696247186,-0.608720296,14.187658251,0.124601954,3.428374002,-0.055113637
0.534000,6.688657390,-0.927065363,13.870232089,0.135159164,3.355888479,-0.071586111
0.535000,5.738714656,-1.074064685,13.482130523,0.156523641,3.275436557,-0.091412668
0.536000,5.010333549,-1.202237186,13.338905874,0.179220467,3.194415574,-0.111795141
0.537000,4.354632074,-1.371925938,13.604734743,0.193324810,3.108311617,-0.133046634
0.538000,3.798695813,-1.371136162,13.929530743,0.215966774,3.027768663,-0.162612613
0.539000,3.461102020,-1.355533098,13.914104302,0.235043129,2.967318960,-0.191271586
0.540000,3.364545187,-1.240501065,13.337363925,0.240314141,2.924284834,-0.209431150
0.541000,3.441872631,-1.011096154,13.087548915,0.248240068,2.886200695,-0.235026431
0.542000,3.619660672,-0.765870064,13.165153744,0.251776883,2.851138783,-0.251854655
0.543000,3.751692405,-0.544378264,13.345964548,0.240620912,2.813835993,-0.255359930
0.544000,3.871710601,-0.271494339,13.335069058,0.224204416,2.773949970,-0.255969600
0.545000,3.953407012,0.012033266,13.067988601,0.202092369,2.730608015,-0.249303514
0.546000,4.098097153,0.365156986,12.675996323,0.174994362,2.685131385,-0.236780869
0.547000,4.161270478,0.640377612,12.401448523,0.173500295,2.640138444,-0.235590680
0.548000,4.358945159,0.488077909,12.379291432,0.183530910,2.592577415,-0.229862874
0.549000,4.601876748,0.183312911,12.299844874,0.186039260,2.549745453,-0.228295667
0.550000,4.881975763,-0.012079309,11.852551210,0.194055258,2.508648635,-0.236328137
0.551000,5.113695324,-0.384447701,11.255646899,0.194642842,2.465768606,-0.240144307
0.552000,5.395022722,-0.788366365,10.808646219,0.213043452,2.418885919,-0.244783351
0.553000,5.535192630,-1.092406050,10.740483908,0.246702857,2.369307829,-0.254635643
0.554000,5.584869047,-1.467530848,10.620719675,0.284149469,2.316403846,-0.265497923
0.555000,5.622002577,-1.805764078,10.344220641,0.300388355,2.259443097,-0.274631878
0.556000,5.709226627,-1.858991073,10.026127052,0.310689711,2.206142656,-0.285494963
0.557000,5.740096780,-1.778555521,9.805578415,0.307560947,2.146816354,-0.292432781
0.558000,5.690152269,-1.603493258,9.602809201,0.300201721,2.090047141,-0.295580794
0.559000,5.594219219,-1.239267409,9.542822418,0.298978480,2.023501243,-0.295301447
0.560000,5.317472287,-1.064990110,9.459819285,0.306102259,1.954006256,-0.294123217
0.561000,4.941433151,-1.055359153,9.489161005,0.302528825,1.873338224,-0.290163257
0.562000,4.590641799,-0.976715884,9.419233405,0.289442769,1.806121132,-0.283044412
0.563000,4.216576972,-0.686148345,9.155066915,0.267130904,1.740103698,-0.275410841
0.564000,3.766738471,-0.467768069,8.854863753,0.260053020,1.672449474,-0.262256359
0.565000,3.226978166,-0.271515547,8.718235189,0.267544933,1.594262044,-0.242349566
0.566000,2.779676898,-0.199052900,8.471692152,0.287238933,1.524973340,-0.224406155
0.567000,2.323956471,-0.233957773,8.289887743,0.286792850,1.452548683,-0.210422236
0.568000,2.034437006,-0.265782105,8.078129154,0.279899754,1.385777193,-0.201513457
0.569000,1.720596905,-0.066954939,7.804650071,0.274173861,1.317924082,-0.195891321
0.570000,1.477141272,0.024133232,7.692951059,0.282374808,1.258028940,-0.194137904
0.571000,1.245083606,0.066273697,7.564177947,0.285638877,1.196897081,-0.188699076
0.572000,1.082405807,0.050517589,7.355562736,0.301336795,1.140016287,-0.184533822
0.573000,0.934814774,0.011927372,7.191996205,0.311088048,1.081823042,-0.185064897
0.574000,0.917812965,-0.088457323,7.029951337,0.315911820,1.028118396,-0.187483847
0.575000,0.986694075,0.000641569,6.736577946,0.310968406,0.981103556,-0.191117711
0.576000,1.042013005,-0.104508308,6.404867594,0.312431731,0.943375886,-0.193484383
0.577000,1.102344344,-0.243018957,6.135836859,0.309209879,0.903638672,-0.195382222
0.578000,1.262802948,-0.412045227,5.859031142,0.309188335,0.852770941,-0.195595205
0.579000,1.299842093,-0.418008854,5.836759771,0.319951007,0.809898246,-0.194942646
0.580000,1.340666508,-0.530052029,5.763696249,0.328629172,0.770830927,-0.195984848
0.581000,1.463706244,-0.568570892,5.473295367,0.328726541,0.734614713,-0.192918136
0.582000,1.541393658,-0.494606827,5.148331203,0.327142047,0.702007843,-0.189928426
0.583000,1.513558043,-0.421053818,4.955286951,0.322198314,0.663499118,-0.189214905
0.584000,1.494081747,-0.426205153,4.870279061,0.318403062,0.623615049,-0.186343870
0.585000,1.502779366,-0.285319894,4.924336976,0.311685633,0.584830900,-0.178827946
0.586000,1.457818409,-0.164643902,4.837095925,0.308330287,0.548009712,-0.174700080
0.587000,1.389428836,-0.076826415,4.711568001,0.305510106,0.514199352,-0.168667231
0.588000,1.360101533,-0.043263780,4.560385894,0.299388122,0.480996242,-0.160657932
0.589000,1.320963699,0.076594015,4.398166847,0.286486115,0.449929881,-0.151014134
0.590000,1.308317104,0.181185110,4.424294502,0.274409923,0.420179411,-0.140938097
0.591000,1.214777247,0.279818543,4.416400355,0.262235753,0.394082658,-0.134868888
0.592000,1.046849169,0.438781801,4.377563040,0.249023599,0.370592821,-0.126020876
0.593000,0.919499138,0.674464300,4.212365106,0.237059017,0.350520374,-0.117108197
0.594000,0.811411542,0.842718725,3.955277896,0.229139813,0.337178238,-0.108705902
0.595000,0.685329165,0.929288489,3.690740857,0.225210472,0.325665322,-0.101179477
0.596000,0.578779756,0.814834837,3.570747730,0.222870812,0.315714543,-0.096730999
0.597000,0.591403903,0.690004406,3.483520376,0.215343727,0.305968712,-0.090294904
0.598000,0.606287203,0.585979866,3.378953103,0.211909696,0.300698793,-0.085364061
0.599000,0.651727799,0.452354833,3.250689125,0.203720486,0.296613057,-0.079123168
0.600000,0.677935706,0.189510960,3.095005851,0.206380394,0.294026046,-0.072179072
0.601000,0.675949007,-0.012676357,2.981252750,0.213525459,0.290383267,-0.064314628
0.602000,0.707773571,-0.200279319,2.885480456,0.227936235,0.286335783,-0.049714143
0.603000,0.790778436,-0.359050430,2.739043619,0.237952469,0.281193813,-0.030694360
0.604000,0.863442759,-0.425913485,2.662761326,0.239910721,0.275637193,-0.012564290
0.605000,0.883822833,-0.432203285,2.701838041,0.231844719,0.272090434,0.001031413
0.606000,0.866899758,-0.532905460,2.720575749,0.218431536,0.268554963,0.006495738
0.607000,0.814483528,-0.678785098,2.677509394,0.196173183,0.263957155,0.004311711
0.608000,0.807324829,-0.694413482,2.503108668,0.174558598,0.261397961,-0.001477848
0.609000,0.833273933,-0.578103565,2.367314016,0.154721265,0.259292863,-0.009869994
0.610000,0.914073011,-0.462337036,2.260361777,0.141153358,0.259466993,-0.017418137
0.611000,1.080970259,-0.353566829,2.114123729,0.134059826,0.261508090,-0.019196248
0.612000,1.286266242,-0.308664450,1.989001844,0.132554610,0.262005238,-0.008257123
0.613000,1.399118085,-0.300185158,1.828752155,0.127830540,0.258352559,0.010340996
0.614000,1.455321538,-0.159500066,1.675129888,0.117133247,0.252941697,0.035012171
0.615000,1.507467475,0.115675829,1.570878454,0.098346942,0.247243360,0.064394384
0.616000,1.549064340,0.442079348,1.510935179,0.083879999,0.242058757,0.091584048
0.617000,1.508231090,0.670792698,1.429131738,0.077189170,0.238888515,0.112888971
0.618000,1.445229672,0.717744831,1.250170196,0.079206341,0.235340805,0.128056461
0.619000,1.383435613,0.614092409,1.042893054,0.085196507,0.230097085,0.143712634
0.620000,1.325474496,0.417196588,0.898989734,0.089681572,0.223317745,0.152695567
0.621000,1.353830310,0.205765239,0.907010637,0.089522332,0.214974838,0.155546625
0.622000,1.355167789,0.076967176,0.905111131,0.083491622,0.209296715,0.156295763
0.623000,1.324543932,0.084090664,0.694915123,0.082016794,0.209237172,0.154028742
0.624000,1.268638038,-0.065663861,0.468223633,0.092760748,0.207893560,0.146079943
0.625000,1.200853777,-0.287942683,0.186418079,0.114580620,0.203609363,0.133937219
0.626000,1.116579781,-0.545131710,0.058327751,0.148243398,0.198473720,0.119114239
0.627000,1.023076347,-0.666762837,-0.023315778,0.179314653,0.193352998,0.104176687
0.628000,0.948216343,-0.660482763,-0.198981838,0.204527461,0.191322029,0.086110236
0.629000,0.819664346,-0.602104105,-0.421068580,0.221270964,0.191899110,0.064782461
0.630000,0.733953270,-0.751846254,-0.521313539,0.237362292,0.187327106,0.042992362
0.631000,0.682627387,-0.982790457,-0.590991390,0.252922181,0.179479797,0.028780871
0.632000,0.586605970,-1.092721725,-0.657599376,0.271621443,0.172439339,0.021654512
0.633000,0.476360548,-1.060217905,-0.626887391,0.282827776,0.165145212,0.017290916
0.634000,0.367873954,-0.932262365,-0.639346245,0.274652587,0.162014222,0.016641549
0.635000,0.272580579,-0.686356983,-0.725334435,0.258487611,0.161938222,0.014786172
0.636000,0.180960633,-0.502227283,-0.717614745,0.244337016,0.160572011,0.008303096
0.637000,0.030297496,-0.387272410,-0.685842417,0.238423494,0.152753217,-0.002061939
0.638000,-0.157508349,-0.310007259,-0.850950826,0.243349821,0.144117660,-0.013573712
0.639000,-0.322198307,-0.254398865,-1.126840234,0.256301949,0.135574441,-0.022115958
0.640000,-0.480498037,-0.160146300,-1.341558457,0.264057904,0.128625404,-0.028349748
0.641000,-0.532515073,-0.050461559,-1.446259835,0.269022507,0.125700112,-0.031260211
0.642000,-0.511980163,0.086472897,-1.485960993,0.267671103,0.128608328,-0.031866493
0.643000,-0.498241411,0.172532351,-1.466516481,0.264362346,0.132816659,-0.035999404
0.644000,-0.532820675,0.173700388,-1.539250195,0.265712805,0.136690081,-0.042541324
0.645000,-0.599728339,0.105827250,-1.778232257,0.274252390,0.137811215,-0.046765589
0.646000,-0.678240069,0.046333846,-2.084983056,0.282858912,0.137442953,-0.050753412
0.647000,-0.706841823,0.003820738,-2.333341505,0.285291603,0.139095390,-0.051712376
0.648000,-0.683944156,0.008414854,-2.436810076,0.278361294,0.141462921,-0.049936711
0.649000,-0.673941078,0.023086074,-2.457095557,0.270621183,0.146380118,-0.048039487
0.650000,-0.709128162,-0.018165502,-2.484083914,0.267549405,0.150027712,-0.047690420
0.651000,-0.739742506,-0.231556943,-2.527807827,0.269733578,0.151887593,-0.047735251
0.652000,-0.749977116,-0.440553193,-2.632138530,0.270947053,0.154712945,-0.049012348
0.653000,-0.713709695,-0.424290439,-2.785498609,0.272356476,0.159757284,-0.052680740
0.654000,-0.597439968,-0.359411526,-2.812883975,0.266222218,0.166184227,-0.056579527
0.655000,-0.476024422,-0.303347719,-2.719249487,0.254348857,0.173786394,-0.058583995
0.656000,-0.368757016,-0.127984378,-2.702656430,0.241066945,0.182390352,-0.061641431
0.657000,-0.301485958,0.047340093,-2.697515578,0.238056384,0.190482571,-0.064171350
0.658000,-0.283840403,0.153397683,-2.794859769,0.239807485,0.196828635,-0.065724710
0.659000,-0.246986925,0.208516789,-2.971279533,0.242508289,0.204924783,-0.067502821
0.660000,-0.168690039,0.390446208,-3.185665260,0.237647137,0.213541057,-0.067898850
0.661000,-0.057050594,0.629841341,-3.300792651,0.228781567,0.224031556,-0.069993807
0.662000,0.031481856,0.854855591,-3.325504181,0.211970321,0.232054740,-0.072461003
0.663000,0.098858381,1.016406377,-3.460585089,0.202885972,0.243542290,-0.076397185
0.664000,0.138766651,1.079859596,-3.617016181,0.199949824,0.252577092,-0.082436437
0.665000,0.201924028,1.018718338,-3.805651680,0.206822255,0.261860184,-0.088418709
0.666000,0.278663754,0.841428987,-4.016216475,0.210454050,0.269730045,-0.094971807
0.667000,0.417048831,0.736243283,-4.142697782,0.209029929,0.279645545,-0.100588598
0.668000,0.537554703,0.647975871,-4.097490284,0.200352846,0.287212160,-0.110497778
0.669000,0.658027676,0.504205677,-4.012780471,0.191478406,0.292205041,-0.118849913
0.670000,0.787220819,0.320871036,-3.944955800,0.181224252,0.293936985,-0.124373717
0.671000,0.896443501,0.190425634,-3.960638267,0.176925386,0.293627743,-0.126123378
0.672000,0.942347728,0.161950350,-4.071714242,0.173761051,0.293538293,-0.121896301
0.673000,0.973932309,0.283425446,-4.193212027,0.171043594,0.295538314,-0.111962687
0.674000,0.992817603,0.371900349,-4.312214274,0.169900112,0.295375766,-0.098520741
0.675000,1.023896595,0.434197857,-4.420749756,0.170532392,0.294573119,-0.081551946
0.676000,0.985344274,0.503743239,-4.440249270,0.173734757,0.289523521,-0.067175898
0.677000,0.967614810,0.503313413,-4.511480129,0.186031989,0.282598918,-0.054805944
0.678000,0.943126460,0.410734087,-4.409467158,0.194216281,0.270586519,-0.045060087
0.679000,0.986623881,0.381005662,-4.359742975,0.193088387,0.262149351,-0.038437539
0.680000,1.086754748,0.471473041,-4.260766170,0.184552883,0.246770637,-0.032535073
0.681000,1.136040598,0.484420203,-4.104754836,0.173177923,0.232859171,-0.025604863
0.682000,1.170808945,0.465465255,-3.999390993,0.152896718,0.216339234,-0.015226680
0.683000,1.256140745,0.602577290,-4.013878619,0.133594312,0.202190130,-0.004156047
0.684000,1.237095509,0.710751333,-4.013251048,0.120829601,0.177718030,0.003914402
0.685000,1.123435006,0.548843824,-4.113931614,0.116598057,0.154989595,0.010391169
0.686000,1.113912468,0.402008067,-4.422515254,0.110646027,0.132553951,0.019462973
0.687000,1.199509701,0.368824525,-4.731702852,0.112251319,0.113194679,0.028011050
0.688000,1.280571730,0.278177964,-4.778096394,0.103744242,0.093529870,0.033497794
0.689000,1.495117289,0.185958112,-4.778906821,0.098445682,0.076954567,0.044656424
0.690000,1.715094931,0.179512508,-4.895758265,0.105886013,0.059996093,0.056063457
0.691000,1.831711990,-0.001304473,-5.078682107,0.116547695,0.037906041,0.069233051
0.692000,1.957741493,-0.133478192,-5.302394696,0.124352749,0.005311539,0.087714505
0.693000,2.067863968,-0.023506815,-5.634594429,0.141442587,-0.024681871,0.105836087
0.694000,2.099653746,-0.070839956,-5.606180665,0.151410731,-0.060655443,0.114699429
0.695000,2.165853689,-0.244475776,-5.515726831,0.155106742,-0.097297830,0.123659120
0.696000,2.111660726,-0.046088768,-5.519157426,0.156861656,-0.139433987,0.129545265
0.697000,2.109945083,0.260006289,-5.695988689,0.156711308,-0.184378502,0.132398185
0.698000,2.082824595,0.260534229,-5.796676371,0.158649204,-0.231424503,0.139696176
0.699000,2.054228815,0.229166523,-5.954229615,0.166891249,-0.277225839,0.143803016
0.700000,2.035269774,0.157864794,-6.267326420,0.179453691,-0.317171870,0.142038421
0.701000,2.004765073,-0.035867073,-6.439890020,0.190607448,-0.361345558,0.136132468
0.702000,2.026586023,-0.079603650,-6.554811026,0.183728914,-0.409273345,0.125839132
0.703000,2.074744556,0.043477577,-6.907365410,0.174596198,-0.455868442,0.112577195
0.704000,2.116278558,-0.007658082,-7.170548381,0.164690932,-0.504163509,0.097599242
0.705000,2.122889128,-0.340673288,-7.349103224,0.167713747,-0.557995984,0.081846270
0.706000,2.251842463,-0.393935208,-7.666225014,0.161146155,-0.613230944,0.079037087
0.707000,2.367081510,-0.118712138,-8.122019602,0.162513320,-0.659585719,0.081621350
0.708000,2.432166068,0.086655739,-8.408287802,0.154375719,-0.708892866,0.082647579
0.709000,2.523549237,0.087559924,-8.522346848,0.147509116,-0.760303239,0.083047572
0.710000,2.637238205,0.144625175,-8.578374818,0.135327305,-0.819166221,0.089192281
0.711000,2.673283545,-0.018736449,-8.648511798,0.143089408,-0.873864658,0.086513897
0.712000,2.789234749,-0.166800031,-8.749394413,0.139858257,-0.934568136,0.082691560
0.713000,2.931769615,-0.049457282,-9.075169695,0.135971771,-0.991593893,0.082881035
0.714000,2.918093286,0.096532869,-9.382281002,0.132476994,-1.053539314,0.077841460
0.715000,2.785632679,-0.126309405,-9.228061099,0.130890175,-1.138485174,0.067303304
0.716000,2.649732322,-0.189179900,-9.641890532,0.126320878,-1.217166524,0.065891762
0.717000,2.684934385,-0.120649417,-9.940456225,0.131350443,-1.277660272,0.068168804
0.718000,3.047964847,0.008089584,-10.405111541,0.119654908,-1.311159692,0.069221658
0.719000,3.559415991,0.130231097,-10.547493107,0.092812757,-1.346467513,0.071517543
0.720000,3.937941654,0.245150634,-10.850398958,0.062490099,-1.392357625,0.072721809
0.721000,4.149751625,0.158309137,-11.067158406,0.035237316,-1.452952317,0.065005451
0.722000,4.218612921,0.247602653,-11.507419789,0.008609444,-1.521981570,0.062420895
0.723000,4.219399525,0.398269101,-11.811244874,0.004974347,-1.588923679,0.060487290
0.724000,4.231006002,0.464769925,-11.978605312,0.006041004,-1.656134207,0.060460139
0.725000,4.315541541,0.332497601,-12.100847911,0.012535421,-1.715390961,0.062047174
0.726000,4.440485738,0.399225337,-12.308396215,0.004884038,-1.769771523,0.070433625
0.727000,4.591048363,0.518889852,-12.760718308,-0.003184304,-1.823580290,0.078119922
0.728000,4.649835660,0.789461236,-13.154848148,-0.025095242,-1.886543022,0.089404013
0.729000,4.701342671,0.834368642,-13.416744932,-0.026055416,-1.939711895,0.098803223
0.730000,4.659675770,0.760126454,-13.683087427,-0.020294672,-1.990674143,0.100728421
0.731000,4.749067757,0.577591654,-13.664555768,-0.017438983,-2.038548419,0.112227315
0.732000,4.903418800,0.659751304,-13.826251286,-0.035332285,-2.088542750,0.125683466
0.733000,5.046546151,0.852750839,-13.889985963,-0.048745180,-2.138628394,0.134822526
0.734000,5.083805464,0.971952532,-13.901935910,-0.074648826,-2.182286426,0.137781564
0.735000,5.074150045,0.755960662,-14.120862322,-0.081191947,-2.215660977,0.136119855
0.736000,4.788471490,0.313313066,-14.562405830,-0.081089203,-2.259672620,0.121659386
0.737000,4.203215711,-0.295398571,-14.965379120,-0.064880230,-2.314629904,0.101926707
0.738000,3.498172615,-0.801924801,-14.972415622,-0.064067397,-2.386602435,0.086665559
0.739000,2.627149402,-1.137913990,-14.888041678,-0.057959384,-2.464186942,0.071429608
0.740000,1.659279725,-1.361920397,-14.830836969,-0.047753428,-2.539614864,0.054766161
0.741000,0.660313459,-1.811019157,-15.005712153,-0.006887117,-2.602898443,0.033208603
0.742000,-0.246498039,-2.214906672,-14.977752764,0.025898936,-2.665335545,0.020142694
0.743000,-0.932259873,-2.279839777,-14.917750140,0.041318254,-2.727595815,0.025268022
0.744000,-1.387991806,-2.002455444,-14.717680121,0.031662360,-2.776984628,0.041018897
0.745000,-1.899903096,-1.572290123,-14.464467666,0.017335668,-2.817270948,0.051051377
0.746000,-2.243993979,-0.902019954,-14.382011521,0.003251551,-2.849734056,0.055360574
0.747000,-2.448006411,-0.450950093,-14.640342392,0.005497146,-2.869721996,0.055065251
0.748000,-2.215203338,0.112699249,-14.736991175,-0.008269861,-2.887284562,0.064697523
0.749000,-1.597277830,0.769443074,-14.978340357,-0.033589477,-2.885199241,0.086134605
0.750000,-0.793077053,1.374640603,-15.028060529,-0.062315295,-2.863902009,0.101982813
0.751000,0.196581996,1.585276484,-14.993047492,-0.078244728,-2.827746648,0.115944657
0.752000,1.293650053,1.665077254,-15.087842108,-0.097135003,-2.785550876,0.123791206
0.753000,2.426339155,1.731065191,-15.577492144,-0.107915939,-2.737376369,0.132387649
0.754000,3.618152512,1.438360538,-15.802543340,-0.119898549,-2.691043394,0.133064704
0.755000,4.828272792,1.001848033,-15.969370761,-0.121020394,-2.642113178,0.127988499
0.756000,6.032451271,0.485046422,-15.921780300,-0.116311974,-2.583457367,0.125167877
0.757000,7.104754612,-0.263782872,-16.080807105,-0.084881567,-2.527360541,0.116710405
0.758000,7.869361331,-1.174188201,-15.996083264,-0.047462557,-2.479506917,0.103495561
0.759000,8.566561226,-1.948970018,-16.019287354,-0.005738797,-2.438477036,0.093214284
0.760000,9.174978305,-2.502402339,-16.010742265,0.031880900,-2.393320070,0.088733587
0.761000,9.572745266,-2.984293936,-15.933452828,0.077684033,-2.343051204,0.081575502
0.762000,9.791648418,-3.269876302,-15.757985729,0.108581770,-2.299457527,0.070715634
0.763000,9.760988443,-3.374364455,-15.447971379,0.129176065,-2.270017075,0.060670114
0.764000,9.543760327,-3.184618182,-15.133350895,0.108134395,-2.249846930,0.065736096
0.765000,9.126311212,-2.683518608,-14.816860575,0.072504566,-2.241158271,0.074799705
0.766000,8.332016183,-1.868487612,-14.501061524,0.036456183,-2.235950059,0.085019187
0.767000,7.383480120,-1.101144297,-14.243319464,0.017519941,-2.232719022,0.095638529
0.768000,6.372138416,-0.545530321,-14.197366679,-0.005544340,-2.231250315,0.105164217
0.769000,5.204771758,-0.081986407,-14.262025584,-0.031661821,-2.224119485,0.111452715
0.770000,4.262937272,0.165000698,-14.249750935,-0.078085698,-2.210882332,0.118057397
0.771000,3.481272026,0.263961724,-13.905567747,-0.119169087,-2.195449931,0.115917380
0.772000,2.594436520,0.548910737,-13.718217829,-0.142126148,-2.177837553,0.104925515
0.773000,1.759365112,0.566757525,-13.537258263,-0.145354003,-2.165917298,0.090610556
0.774000,1.014786789,0.480502828,-13.646508640,-0.152281253,-2.147327454,0.078393919
0.775000,0.366064905,0.236392919,-13.709003137,-0.154299737,-2.120691227,0.064768705
0.776000,-0.047517551,-0.070273240,-13.359198555,-0.156319154,-2.092672180,0.050446874
0.777000,-0.270057845,-0.281292491,-13.061844680,-0.153003141,-2.052063492,0.040720064
0.778000,-0.525349664,-0.521424732,-13.218117002,-0.130243104,-2.002458362,0.026651359
0.779000,-0.641966761,-0.829090526,-13.559035889,-0.102825519,-1.939580676,0.010428392
0.780000,-0.314174463,-1.210784930,-13.480470963,-0.080287500,-1.867754585,0.001607399
0.781000,0.232942275,-1.416137704,-13.175521262,-0.064370564,-1.789649424,-0.001670210
0.782000,0.823951787,-1.417153105,-12.590751300,-0.056083295,-1.712777768,-0.003928212
0.783000,1.411160393,-1.166359723,-12.456968335,-0.051800349,-1.625158501,-0.001108511
0.784000,1.944490073,-1.162831686,-12.381858799,-0.044967769,-1.525167048,-0.005528162
0.785000,2.567325700,-1.143797565,-12.467107781,-0.041004747,-1.428972887,-0.008924494
0.786000,3.147175374,-0.870729987,-12.440723788,-0.064671068,-1.328358506,-0.004255056
0.787000,3.618649173,-0.439660466,-12.094429232,-0.091312266,-1.239439744,-0.008497791
0.788000,4.068168723,-0.037495547,-11.728926456,-0.117623582,-1.146153448,-0.017866918
0.789000,4.356852372,0.119076364,-11.527253116,-0.120161754,-1.056720603,-0.026193730
0.790000,4.477034421,0.144554625,-11.498229844,-0.125496327,-0.978298304,-0.039425060
0.791000,4.572814543,0.266941119,-11.312813721,-0.115889757,-0.906011685,-0.049625960
0.792000,4.555320999,0.293267927,-11.130682797,-0.108539889,-0.839294032,-0.062757239
0.793000,4.568394774,0.328914823,-10.652292430,-0.105075850,-0.775419215,-0.070350146
0.794000,4.575239496,0.550194453,-10.397266669,-0.117131745,-0.719231524,-0.071382968
0.795000,4.418260731,0.793581300,-10.189761505,-0.113553344,-0.649958258,-0.082498723
0.796000,4.086683599,0.735881748,-9.867411240,-0.102736687,-0.587573124,-0.101464574
0.797000,3.838416695,0.595517002,-9.677233044,-0.095354076,-0.531414917,-0.112221864
0.798000,3.638649051,0.701478389,-9.584176915,-0.085135943,-0.476237293,-0.116768698
0.799000,3.542821776,0.976011718,-9.320842126,-0.080050821,-0.407809438,-0.122923739
0.800000,3.398297326,1.059238377,-8.976796220,-0.087505854,-0.337030825,-0.134624611
0.801000,3.247827639,0.893027998,-8.546144497,-0.094229596,-0.269014838,-0.148076066
0.802000,3.090880885,0.776669911,-8.073214797,-0.088688441,-0.210940979,-0.156680015
0.803000,2.922848751,0.744377786,-7.827427072,-0.077701683,-0.151566694,-0.163109222
0.804000,2.681720076,0.874511671,-7.612552744,-0.065882899,-0.090678660,-0.173861112
0.805000,2.474130203,0.759809709,-7.388904192,-0.048603043,-0.026249419,-0.188569966
0.806000,2.263468629,0.453725106,-7.241274429,-0.037597771,0.032303238,-0.197773690
0.807000,2.143731618,0.292194276,-7.061092517,-0.023165690,0.090765841,-0.208708637
0.808000,2.093537850,0.253252813,-6.832871506,-0.025443932,0.152178818,-0.216660045
0.809000,2.105913405,0.409002450,-6.484293826,-0.033990605,0.219764137,-0.219634308
0.810000,2.084317204,0.499627420,-6.207919775,-0.039092312,0.277017762,-0.224307466
0.811000,2.036316172,0.354317675,-6.007399877,-0.029951128,0.338819604,-0.230420675
0.812000,1.999726021,0.199913750,-5.689184891,-0.024796230,0.397620384,-0.234927183
0.813000,2.022405081,0.188065864,-5.592784937,-0.015170737,0.460025130,-0.237406730
0.814000,2.022767505,0.317016635,-5.293363724,-0.017790608,0.518159230,-0.243831309
0.815000,2.097345617,0.350047184,-5.072817935,-0.016472947,0.565259291,-0.250005164
0.816000,2.120548035,0.282920792,-4.740610387,-0.028359148,0.607759575,-0.255299007
0.817000,2.179294421,0.306746964,-4.560529542,-0.025819390,0.649378747,-0.261623990
0.818000,2.210154825,0.370097688,-4.383430752,-0.025801387,0.684838502,-0.265085976
0.819000,2.242756211,0.408518991,-4.366737861,-0.019795810,0.722909107,-0.264852428
0.820000,2.373918037,0.399260773,-4.245069628,-0.015391687,0.763276220,-0.261960712
0.821000,2.598634381,0.381539501,-3.936784442,-0.017127302,0.803718327,-0.257476787
0.822000,2.731298568,0.471104937,-3.771072456,-0.030192043,0.841757975,-0.253368216
0.823000,2.857737353,0.534014656,-3.548080461,-0.037591695,0.875663638,-0.253168253
0.824000,2.967589948,0.554710894,-3.443532991,-0.050717390,0.900596728,-0.249713330
0.825000,3.024323442,0.560556504,-3.411957024,-0.041232336,0.925860955,-0.251773400
0.826000,3.109922748,0.389233571,-3.226783336,-0.028724222,0.948268656,-0.255394838
0.827000,3.321308828,0.163573502,-3.130268164,-0.019252694,0.971331230,-0.252478961
0.828000,3.551652381,0.268587441,-3.198627814,-0.016927751,0.997587526,-0.248203842
0.829000,3.757464935,0.452784661,-3.251358957,-0.013455968,1.018509707,-0.247677950
0.830000,3.878066081,0.392896018,-3.133542085,-0.015071415,1.034182081,-0.245736550
0.831000,4.017123196,0.176104754,-2.960836396,-0.006690902,1.046538498,-0.242271448
0.832000,4.150375158,-0.078990945,-2.856891864,0.011523887,1.060284809,-0.238024722
0.833000,4.287857038,-0.203317022,-2.629867273,0.026502868,1.069887981,-0.233018550
0.834000,4.459464952,-0.202832486,-2.555871780,0.027222952,1.077251596,-0.224688156
0.835000,4.687019111,-0.113083763,-2.536153097,0.020212909,1.082850963,-0.218410601
0.836000,4.775281747,0.028612245,-2.494225924,0.003412367,1.085824251,-0.214552844
0.837000,4.842406992,0.034341178,-2.461878687,0.002982572,1.082761435,-0.212081495
0.838000,4.816315290,-0.105786497,-2.291174240,0.012164892,1.073064904,-0.209201081
0.839000,4.798221133,-0.163125386,-2.164512725,0.022517700,1.057386017,-0.202137893
0.840000,4.853496952,-0.172442285,-2.030745432,0.026519032,1.047053879,-0.193483738
0.841000,4.958357951,-0.047780833,-1.883003824,0.019603048,1.034637838,-0.185413556
0.842000,5.010974927,0.111963240,-1.780091732,-0.001191648,1.019567152,-0.180753810
0.843000,5.008543735,0.241184663,-1.703978354,-0.017670454,1.000625669,-0.178449315
0.844000,4.886842497,0.351082868,-1.709287843,-0.015233891,0.979888361,-0.175867804
0.845000,4.754310579,0.337338596,-1.669593713,0.002043079,0.960307243,-0.172849663
0.846000,4.632148029,0.206555319,-1.545585160,0.012861755,0.933981686,-0.165795768
0.847000,4.550349552,0.149120143,-1.397627919,0.010928287,0.906401686,-0.153985324
0.848000,4.450516994,0.198774366,-1.265253031,-0.006152937,0.879523421,-0.140981211
0.849000,4.299719109,0.348026290,-1.250157004,-0.028634795,0.852803450,-0.130447732
0.850000,4.058914755,0.397143085,-1.157842845,-0.042106622,0.822667693,-0.122966452
0.851000,3.715628646,0.316416932,-1.093804161,-0.039163692,0.783593320,-0.112471596
0.852000,3.372817302,0.215672462,-0.948767480,-0.026285376,0.741989232,-0.102111375
0.853000,3.057227407,0.202865552,-0.975315698,-0.014001438,0.700828592,-0.090196468
0.854000,2.745706291,0.190476535,-0.904034709,-0.013021416,0.661423623,-0.080833496
0.855000,2.396298228,0.116483115,-0.870419817,-0.021838997,0.617759869,-0.071438352
0.856000,2.098619974,0.105026717,-0.852950240,-0.037281986,0.575446736,-0.063981514
0.857000,1.795166843,0.145840536,-0.650848781,-0.038235001,0.535015905,-0.059765662
0.858000,1.503538736,0.087137209,-0.383211109,-0.038768247,0.488906652,-0.054508770
0.859000,1.154108542,0.125364735,-0.188875559,-0.037129012,0.436992263,-0.043766973
0.860000,0.798534722,0.308475162,-0.116651046,-0.037409763,0.384269845,-0.029305530
0.861000,0.537995657,0.459068152,-0.034248690,-0.041102600,0.341829073,-0.014014814
0.862000,0.333323192,0.477748860,-0.013334737,-0.052557540,0.308331443,0.001382263
0.863000,0.150274299,0.507317792,0.084003949,-0.063464704,0.273918471,0.015140281
0.864000,-0.059703039,0.544802257,0.219555389,-0.068793340,0.238472399,0.028996687
0.865000,-0.288620516,0.457758711,0.300049133,-0.072418949,0.198040381,0.043240133
0.866000,-0.416322372,0.380503364,0.264814186,-0.077961093,0.156614156,0.060369248
0.867000,-0.468064502,0.416889682,0.220100700,-0.086842288,0.114602298,0.079674934
0.868000,-0.505438574,0.497683599,0.186797091,-0.100023295,0.075750759,0.098198478
0.869000,-0.531877355,0.495750911,0.201894293,-0.113485785,0.038614402,0.113893036
0.870000,-0.554223849,0.515325450,0.267978126,-0.128410056,-0.001731449,0.129924044
0.871000,-0.613231859,0.492338299,0.258509259,-0.135788216,-0.043095719,0.141880070
0.872000,-0.648443753,0.429203553,0.214954622,-0.141448857,-0.085528306,0.152163197
0.873000,-0.636808799,0.403942784,0.129123003,-0.146149645,-0.123978246,0.159377463
0.874000,-0.571038300,0.465263419,0.035741636,-0.147982143,-0.162336951,0.164631253
0.875000,-0.474608690,0.514205757,-0.025653746,-0.144748823,-0.195622657,0.168684791
0.876000,-0.434414855,0.508411909,-0.168546202,-0.137449218,-0.223230926,0.172091612
0.877000,-0.373565248,0.506537058,-0.145032090,-0.128816066,-0.247729425,0.176633548
0.878000,-0.249375363,0.497262323,-0.034467726,-0.114411675,-0.272277698,0.192195617
0.879000,-0.242310310,0.574469175,-0.075150635,-0.099356138,-0.285933624,0.206606000
0.880000,-0.149746569,0.601629631,-0.184979957,-0.086605967,-0.289163935,0.215504232
0.881000,-0.011781882,0.485709017,-0.147229910,-0.080989128,-0.295095898,0.221166648
0.882000,0.069815524,0.341956639,-0.095434810,-0.077411915,-0.305934975,0.224522335
0.883000,0.127359062,0.250792547,0.073584966,-0.075086466,-0.320795502,0.223350017
0.884000,0.158976109,0.295647981,0.426204298,-0.079936161,-0.341786723,0.217923143
0.885000,0.154850978,0.427115078,0.686035670,-0.080086439,-0.358985041,0.210245539
0.886000,0.160782501,0.446266120,0.643463183,-0.072438192,-0.367990281,0.202813212
0.887000,0.154129105,0.355791386,0.451361713,-0.055398406,-0.374439831,0.195286660
0.888000,0.204704154,0.062837493,0.379381531,-0.037194398,-0.389614158,0.189248348
0.889000,0.319788330,-0.147194540,0.428291728,-0.023977466,-0.405962906,0.187481162
0.890000,0.335062937,-0.046232068,0.701762543,-0.015603857,-0.422008065,0.180745129
0.891000,0.311195842,0.059415087,0.954120206,-0.009778750,-0.437004467,0.166625930
0.892000,0.256247010,-0.017706326,1.224508678,-0.003111791,-0.452741918,0.155799673
0.893000,0.197258293,-0.172728270,1.220172242,0.005128855,-0.467225221,0.148284719
0.894000,0.122344286,-0.219289733,1.102309953,0.017382446,-0.481391514,0.140610756
0.895000,0.050196333,-0.273634358,1.154890809,0.024177118,-0.497816613,0.135276056
0.896000,0.024184567,-0.283245376,1.314004303,0.021448612,-0.509328812,0.132527061
0.897000,-0.022130584,-0.213159086,1.414548970,0.014069872,-0.516054771,0.129065870
0.898000,-0.099254463,-0.193520937,1.669412787,0.004874098,-0.525791805,0.123447529
0.899000,-0.228313727,-0.286864453,1.901286359,-0.001983785,-0.537428311,0.118782924
0.900000,-0.359194061,-0.364894282,2.106587481,-0.003364955,-0.547888528,0.114237094
0.901000,-0.453711267,-0.358674148,2.094641076,-0.008427894,-0.556201353,0.110030140
0.902000,-0.542549706,-0.336853686,2.127579916,-0.013085810,-0.560077276,0.106068879
0.903000,-0.623086886,-0.335175341,2.156029513,-0.019720509,-0.559396685,0.104125700
0.904000,-0.715343879,-0.295663274,2.266739587,-0.021827421,-0.559140040,0.100835265
0.905000,-0.857510464,-0.331833414,2.386467059,-0.022953472,-0.561206296,0.096254572
0.906000,-1.041129805,-0.440688259,2.468776568,-0.020788480,-0.563924997,0.090148249
0.907000,-1.204287697,-0.489092446,2.523912478,-0.016469440,-0.565397914,0.084242482
0.908000,-1.345457045,-0.534862100,2.446308569,-0.010395382,-0.559824480,0.076237901
0.909000,-1.433187846,-0.584240790,2.372526725,-0.007529134,-0.552378664,0.067190425
0.910000,-1.451782809,-0.638795265,2.368164332,-0.004169693,-0.540424407,0.058106088
0.911000,-1.530779274,-0.669072073,2.420059944,-0.004924591,-0.529247917,0.047229583
0.912000,-1.606278148,-0.808523180,2.566808502,-0.003427193,-0.523015772,0.035575537
0.913000,-1.691864344,-0.913699655,2.709262222,-0.006475647,-0.518992308,0.027996084
0.914000,-1.752531553,-0.887646354,2.786063573,-0.006716938,-0.514474133,0.020140382
0.915000,-1.818465802,-0.855744744,2.912434795,-0.010140280,-0.508615479,0.010828239
0.916000,-1.870955026,-0.853443201,2.959896454,-0.008322073,-0.500532202,0.005448665
0.917000,-1.937492173,-0.855929558,3.006506973,-0.005897152,-0.494007165,0.001593027
0.918000,-1.976119662,-0.915694301,3.086295888,0.002548776,-0.488114193,-0.003692729
0.919000,-2.014982308,-0.959641202,3.238925981,0.005264406,-0.483413394,-0.007120645
0.920000,-1.978596241,-0.849266370,3.412273574,0.000545987,-0.472406264,-0.008661944
0.921000,-1.928701037,-0.696002354,3.608562287,-0.007404408,-0.458789352,-0.014380235
0.922000,-1.842338429,-0.602606432,3.759909299,-0.013077039,-0.441516033,-0.020457534
0.923000,-1.781367094,-0.489041463,3.790176550,-0.019110635,-0.418752421,-0.025719376
0.924000,-1.705760014,-0.395197515,3.759378973,-0.020460388,-0.393154508,-0.034569644
0.925000,-1.605405601,-0.263855684,3.556124338,-0.024884921,-0.360742631,-0.038529523
0.926000,-1.439684085,-0.139650853,3.467090491,-0.028537595,-0.321780533,-0.040181242
0.927000,-1.247378533,0.023484710,3.513981440,-0.033077141,-0.286540155,-0.044391804
0.928000,-1.053460508,0.000720949,3.636187018,-0.029515616,-0.248796300,-0.049236271
0.929000,-0.971512977,-0.087324937,3.675276545,-0.027850705,-0.210707715,-0.053038437
0.930000,-0.856689608,-0.160632197,3.562524510,-0.024827772,-0.174859302,-0.060342634
0.931000,-0.712016460,-0.045473298,3.440416133,-0.026975578,-0.133516258,-0.069372289
0.932000,-0.545416249,0.021828976,3.482358658,-0.029680120,-0.083891806,-0.077277619
0.933000,-0.312721863,0.145399454,3.522337221,-0.033499904,-0.028553023,-0.085596481
0.934000,-0.082921104,0.147247313,3.411531685,-0.025867745,0.028633996,-0.090514485
0.935000,0.090432647,0.130041326,3.332758636,-0.021590294,0.075440929,-0.091686600
0.936000,0.227972284,0.046580923,3.176311751,-0.010447461,0.126830130,-0.091884936
0.937000,0.425258465,-0.033548309,3.287573127,-0.006137875,0.180746081,-0.090736602
0.938000,0.604827322,-0.099093580,3.547292195,-0.006712621,0.235460173,-0.090739237
0.939000,0.858894960,-0.037498560,3.919524321,-0.020827056,0.290742306,-0.086867832
0.940000,1.087561873,0.172688158,3.933171782,-0.035216359,0.351234906,-0.087280247
0.941000,1.140622137,0.333412935,3.830022538,-0.043024777,0.403602942,-0.091870441
0.942000,1.171027919,0.271083441,3.691221550,-0.037539525,0.458130927,-0.092795395
0.943000,1.204541162,0.156334754,3.678484729,-0.031299341,0.509486889,-0.088196420
0.944000,1.316107620,0.246797182,3.707119625,-0.028464212,0.572278392,-0.085410424
0.945000,1.437643758,0.376169002,3.941233592,-0.038903484,0.638026906,-0.083439549
0.946000,1.560956991,0.465867548,4.069950583,-0.060191080,0.698789742,-0.082043852
0.947000,1.646808620,0.651277965,4.045325610,-0.081279864,0.751928919,-0.083419509
0.948000,1.689195416,0.667462654,4.000060959,-0.071850453,0.806587816,-0.092949914
0.949000,1.682592339,0.433015177,4.236181091,-0.058499328,0.854601981,-0.097690201
0.950000,1.860954053,0.236559485,4.282165334,-0.041524408,0.907146233,-0.101610407
0.951000,1.958466284,0.348790589,4.492302922,-0.033718586,0.956570591,-0.105242708
0.952000,2.088670924,0.335205995,4.771693576,-0.036915622,1.005033637,-0.108461539
0.953000,2.119968681,0.404958394,4.932835872,-0.059163958,1.056565885,-0.107170084
0.954000,2.214128253,0.490268063,4.975833109,-0.070286888,1.106231794,-0.105672723
0.955000,2.201352441,0.468479805,5.159935707,-0.062550217,1.157205452,-0.102452126
0.956000,2.297566997,0.460594655,5.376940607,-0.047533340,1.213007316,-0.098425149
0.957000,2.370543685,0.403815543,5.539574619,-0.033901793,1.266983428,-0.095681488
0.958000,2.435354422,0.161803653,5.822670694,-0.019094377,1.321401616,-0.093110775
0.959000,2.538953091,0.128345179,6.098556498,-0.028475136,1.377086487,-0.092080863
0.960000,2.623853610,0.267446693,6.122528737,-0.037096001,1.424651328,-0.094885926
0.961000,2.597328012,0.367423474,6.277645105,-0.047225161,1.475108150,-0.097464181
0.962000,2.507614240,0.348733095,6.329222672,-0.050577991,1.527466139,-0.106788859
0.963000,2.438252372,0.384781109,6.446040326,-0.038329724,1.574063893,-0.114733352
0.964000,2.336853167,0.350188237,6.631359718,-0.010747158,1.621520368,-0.117796378
0.965000,2.334593002,0.317511478,6.748382558,-0.004373297,1.675861423,-0.117518160
0.966000,2.501588155,0.409077787,6.768652685,-0.011369924,1.729825778,-0.112360704
0.967000,2.568483993,0.575286402,6.966662785,-0.025094031,1.789633621,-0.110738398
0.968000,2.520242143,0.550675919,7.265909654,-0.031264178,1.845664655,-0.110864790
0.969000,2.505041857,0.413138864,7.604772571,-0.033449703,1.893362378,-0.107107628
0.970000,2.489158504,0.202602103,7.827065738,-0.015293256,1.937741823,-0.104560397
0.971000,2.576227935,-0.077392506,8.033926503,0.005281795,1.980437867,-0.096131592
0.972000,2.694248222,-0.294979225,8.199953505,0.008691431,2.026428959,-0.083518573
0.973000,2.859259280,-0.195255201,8.199870366,0.006087516,2.070486153,-0.074924700
0.974000,2.913980056,-0.207839495,8.478233343,0.013734356,2.114194038,-0.067635071
0.975000,2.920165405,-0.325226746,8.763754981,0.013235307,2.156830145,-0.056812679
0.976000,2.952334208,-0.443271450,8.992470815,0.022788641,2.194255377,-0.044919908
0.977000,3.000162289,-0.469931344,9.170952835,0.039510677,2.240338848,-0.033337273
0.978000,3.017263219,-0.543655427,9.403023356,0.059974913,2.297854073,-0.021213672
0.979000,3.140845863,-0.565991922,9.241788256,0.073985968,2.355453692,-0.009488069
0.980000,3.180381058,-0.698061878,9.056176865,0.090587555,2.419058203,-0.003109227
0.981000,3.259668361,-0.820113064,8.821386561,0.100924443,2.482747722,0.007070138
0.982000,3.334032434,-0.922790446,8.798881996,0.109984092,2.539365981,0.011838965
0.983000,3.371890641,-1.095609125,9.041376668,0.126710663,2.592379091,0.013809683
0.984000,3.566948130,-1.159727877,9.522373654,0.129158379,2.648607425,0.020041222
0.985000,3.786360114,-0.856349412,9.787921153,0.137403084,2.712445998,0.024751114
0.986000,4.002164466,-0.548717814,9.805891796,0.152436952,2.771829884,0.028625906
0.987000,4.801701503,-0.205814884,9.452763117,0.143832219,2.841514213,0.043210050
0.988000,5.969957529,0.373064445,9.465539231,0.116577544,2.950668731,0.050287799
0.989000,7.116489894,0.869880811,10.168309475,0.091349254,3.046664479,0.051290791
0.990000,8.199720149,0.986183197,10.489610851,0.058346677,3.143388903,0.056667075
0.991000,8.966083494,1.102230236,10.082949467,0.049145719,3.231891909,0.050209427
0.992000,9.901810019,0.912404406,9.921794792,0.063974921,3.318027845,0.040361304
0.993000,10.859631032,0.431121564,9.940308547,0.066169724,3.410499134,0.041117813
0.994000,11.514028383,0.070447543,9.972436074,0.084888967,3.491822176,0.034263597
0.995000,11.908444650,-0.250448961,10.264471374,0.106045893,3.552173033,0.028295985
0.996000,12.100776173,-0.835668681,10.251430786,0.130925580,3.609762342,0.025727262
0.997000,12.212511937,-1.379896620,10.210761783,0.144741388,3.667230065,0.021652267
0.998000,12.184218508,-1.886096530,10.142712153,0.155576959,3.707897963,0.020919541
0.999000,11.887948338,-2.196480172,10.307674841,0.176174410,3.737752240,0.019121441
1.000000,11.446133759,-2.422771258,10.470212838,0.211013899,3.746796031,0.024991166
1.001000,10.770104392,-2.750103683,10.977503863,0.232232226,3.753385489,0.018070526
1.002000,9.968632417,-2.704511618,11.165293904,0.231229366,3.755345289,0.012129048
1.003000,9.254446949,-2.231837534,11.436630393,0.211629478,3.750733513,0.014218387
1.004000,8.425139257,-1.718466589,11.602554641,0.202620997,3.742153933,0.021805912
1.005000,7.513802570,-1.176412437,11.939272781,0.190150270,3.729810969,0.037214730
1.006000,6.758008340,-0.469535890,12.255706714,0.165007076,3.723099021,0.056929134
1.007000,6.074126067,0.339714943,12.140138975,0.128572257,3.719367360,0.071563914
1.008000,5.521113782,0.860960183,12.075937198,0.101003678,3.713339643,0.087751726
1.009000,5.046871791,1.096986644,12.032122724,0.080102344,3.706149711,0.100124167
1.010000,4.785715847,1.291954785,12.144190178,0.069289148,3.695816266,0.103251759
1.011000,4.618616658,1.357986077,12.300543071,0.061127247,3.691016315,0.107934813
1.012000,4.565963140,1.265947785,12.229460444,0.073591474,3.688648297,0.114476588
1.013000,4.703432375,0.960381398,11.943161541,0.093370955,3.695452429,0.125846180
1.014000,5.063421029,0.498084519,11.811837284,0.106440917,3.699757080,0.135884589
1.015000,5.591089592,0.068425621,11.927610295,0.121498074,3.704104574,0.149527775
1.016000,6.210555699,-0.327135136,11.780326423,0.154334714,3.715983830,0.168960116
1.017000,6.902141359,-0.815883400,11.961699669,0.205274892,3.733517174,0.188134864
1.018000,7.415857864,-1.332091447,12.078191922,0.247229804,3.748188254,0.205125463
1.019000,8.073890180,-1.690198450,12.120774024,0.270254271,3.758396446,0.202223070
1.020000,8.695694433,-2.084635013,12.326969022,0.281806651,3.763498108,0.174284965
1.021000,9.293722843,-2.077832283,13.009895462,0.260599858,3.763805040,0.134018703
1.022000,9.894690638,-1.850760517,13.681260120,0.237040928,3.763493379,0.071599584
1.023000,10.350163520,-1.378243151,13.990071352,0.206456691,3.755955534,-0.000304217
1.024000,10.742648482,-0.729089542,13.865466924,0.171741605,3.739709904,-0.051790682
1.025000,11.096996727,-0.023763460,13.596276110,0.124884168,3.725500264,-0.081503865
1.026000,11.024105417,0.630661409,13.519405121,0.103011253,3.711575047,-0.090217247
1.027000,10.849217671,0.963811469,13.752526924,0.098078440,3.694853183,-0.080779001
1.028000,10.683630168,1.000268777,13.631318222,0.102018857,3.675077920,-0.061662415
1.029000,10.343968709,0.776836923,13.494193056,0.106517091,3.650866769,-0.046525331
1.030000,9.936837995,0.396138263,13.355178413,0.112927082,3.602776293,-0.036758867
1.031000,9.324992400,-0.024931985,13.624495088,0.116357249,3.547124831,-0.038488961
1.032000,8.672024913,-0.278477355,13.882159404,0.119660005,3.486580682,-0.041503494
1.033000,7.696247186,-0.608720296,14.187658251,0.124601954,3.428374002,-0.055113637
1.034000,6.688657390,-0.927065363,13.870232089,0.135159164,3.355888479,-0.071586111
1.035000,5.738714656,-1.074064685,13.482130523,0.156523641,3.275436557,-0.091412668
1.036000,5.010333549,-1.202237186,13.338905874,0.179220467,3.194415574,-0.111795141
1.037000,4.354632074,-1.371925938,13.604734743,0.193324810,3.108311617,-0.133046634
1.038000,3.798695813,-1.371136162,13.929530743,0.215966774,3.027768663,-0.162612613
1.039000,3.461102020,-1.355533098,13.914104302,0.235043129,2.967318960,-0.191271586
1.040000,3.364545187,-1.240501065,13.337363925,0.240314141,2.924284834,-0.209431150
1.041000,3.441872631,-1.011096154,13.087548915,0.248240068,2.886200695,-0.235026431
1.042000,3.619660672,-0.765870064,13.165153744,0.251776883,2.851138783,-0.251854655
1.043000,3.751692405,-0.544378264,13.345964548,0.240620912,2.813835993,-0.255359930
1.044000,3.871710601,-0.271494339,13.335069058,0.224204416,2.773949970,-0.255969600
1.045000,3.953407012,0.012033266,13.067988601,0.202092369,2.730608015,-0.249303514
1.046000,4.098097153,0.365156986,12.675996323,0.174994362,2.685131385,-0.236780869
1.047000,4.161270478,0.640377612,12.401448523,0.173500295,2.640138444,-0.235590680
1.048000,4.358945159,0.488077909,12.379291432,0.183530910,2.592577415,-0.229862874
1.049000,4.601876748,0.183312911,12.299844874,0.186039260,2.549745453,-0.228295667
1.050000,4.881975763,-0.012079309,11.852551210,0.194055258,2.508648635,-0.236328137
1.051000,5.113695324,-0.384447701,11.255646899,0.194642842,2.465768606,-0.240144307
1.052000,5.395022722,-0.788366365,10.808646219,0.213043452,2.418885919,-0.244783351
1.053000,5.535192630,-1.092406050,10.740483908,0.246702857,2.369307829,-0.254635643
1.054000,5.584869047,-1.467530848,10.620719675,0.284149469,2.316403846,-0.265497923
1.055000,5.622002577,-1.805764078,10.344220641,0.300388355,2.259443097,-0.274631878
1.056000,5.709226627,-1.858991073,10.026127052,0.310689711,2.206142656,-0.285494963
1.057000,5.740096780,-1.778555521,9.805578415,0.307560947,2.146816354,-0.292432781
1.058000,5.690152269,-1.603493258,9.602809201,0.300201721,2.090047141,-0.295580794
1.059000,5.594219219,-1.239267409,9.542822418,0.298978480,2.023501243,-0.295301447
1.060000,5.317472287,-1.064990110,9.459819285,0.306102259,1.954006256,-0.294123217
1.061000,4.941433151,-1.055359153,9.489161005,0.302528825,1.873338224,-0.290163257
1.062000,4.590641799,-0.976715884,9.419233405,0.289442769,1.806121132,-0.283044412
1.063000,4.216576972,-0.686148345,9.155066915,0.267130904,1.740103698,-0.275410841
1.064000,3.766738471,-0.467768069,8.854863753,0.260053020,1.672449474,-0.262256359
1.065000,3.226978166,-0.271515547,8.718235189,0.267544933,1.594262044,-0.242349566
1.066000,2.779676898,-0.199052900,8.471692152,0.287238933,1.524973340,-0.224406155
1.067000,2.323956471,-0.233957773,8.289887743,0.286792850,1.452548683,-0.210422236
1.068000,2.034437006,-0.265782105,8.078129154,0.279899754,1.385777193,-0.201513457
1.069000,1.720596905,-0.066954939,7.804650071,0.274173861,1.317924082,-0.195891321
1.070000,1.477141272,0.024133232,7.692951059,0.282374808,1.258028940,-0.194137904
1.071000,1.245083606,0.066273697,7.564177947,0.285638877,1.196897081,-0.188699076
1.072000,1.082405807,0.050517589,7.355562736,0.301336795,1.140016287,-0.184533822
1.073000,0.934814774,0.011927372,7.191996205,0.311088048,1.081823042,-0.185064897
1.074000,0.917812965,-0.088457323,7.029951337,0.315911820,1.028118396,-0.187483847
1.075000,0.986694075,0.000641569,6.736577946,0.310968406,0.981103556,-0.191117711
1.076000,1.042013005,-0.104508308,6.404867594,0.312431731,0.943375886,-0.193484383
1.077000,1.102344344,-0.243018957,6.135836859,0.309209879,0.903638672,-0.195382222
1.078000,1.262802948,-0.412045227,5.859031142,0.309188335,0.852770941,-0.195595205
1.079000,1.299842093,-0.418008854,5.836759771,0.319951007,0.809898246,-0.194942646
1.080000,1.340666508,-0.530052029,5.763696249,0.328629172,0.770830927,-0.195984848
1.081000,1.463706244,-0.568570892,5.473295367,0.328726541,0.734614713,-0.192918136
1.082000,1.541393658,-0.494606827,5.148331203,0.327142047,0.702007843,-0.189928426
1.083000,1.513558043,-0.421053818,4.955286951,0.322198314,0.663499118,-0.189214905
1.084000,1.494081747,-0.426205153,4.870279061,0.318403062,0.623615049,-0.186343870
1.085000,1.502779366,-0.285319894,4.924336976,0.311685633,0.584830900,-0.178827946
1.086000,1.457818409,-0.164643902,4.837095925,0.308330287,0.548009712,-0.174700080
1.087000,1.389428836,-0.076826415,4.711568001,0.305510106,0.514199352,-0.168667231
1.088000,1.360101533,-0.043263780,4.560385894,0.299388122,0.480996242,-0.160657932
1.089000,1.320963699,0.076594015,4.398166847,0.286486115,0.449929881,-0.151014134
1.090000,1.308317104,0.181185110,4.424294502,0.274409923,0.420179411,-0.140938097
1.091000,1.214777247,0.279818543,4.416400355,0.262235753,0.394082658,-0.134868888
1.092000,1.046849169,0.438781801,4.377563040,0.249023599,0.370592821,-0.126020876
1.093000,0.919499138,0.674464300,4.212365106,0.237059017,0.350520374,-0.117108197
1.094000,0.811411542,0.842718725,3.955277896,0.229139813,0.337178238,-0.108705902
1.095000,0.685329165,0.929288489,3.690740857,0.225210472,0.325665322,-0.101179477
1.096000,0.578779756,0.814834837,3.570747730,0.222870812,0.315714543,-0.096730999
1.097000,0.591403903,0.690004406,3.483520376,0.215343727,0.305968712,-0.090294904
1.098000,0.606287203,0.585979866,3.378953103,0.211909696,0.300698793,-0.085364061
1.099000,0.651727799,0.452354833,3.250689125,0.203720486,0.296613057,-0.079123168
1.100000,0.677935706,0.189510960,3.095005851,0.206380394,0.294026046,-0.072179072
1.101000,0.675949007,-0.012676357,2.981252750,0.213525459,0.290383267,-0.064314628
1.102000,0.707773571,-0.200279319,2.885480456,0.227936235,0.286335783,-0.049714143
1.103000,0.790778436,-0.359050430,2.739043619,0.237952469,0.281193813,-0.030694360
1.104000,0.863442759,-0.425913485,2.662761326,0.239910721,0.275637193,-0.012564290
1.105000,0.883822833,-0.432203285,2.701838041,0.231844719,0.272090434,0.001031413
1.106000,0.866899758,-0.532905460,2.720575749,0.218431536,0.268554963,0.006495738
1.107000,0.814483528,-0.678785098,2.677509394,0.196173183,0.263957155,0.004311711
1.108000,0.807324829,-0.694413482,2.503108668,0.174558598,0.261397961,-0.001477848
1.109000,0.833273933,-0.578103565,2.367314016,0.154721265,0.259292863,-0.009869994
1.110000,0.914073011,-0.462337036,2.260361777,0.141153358,0.259466993,-0.017418137
1.111000,1.080970259,-0.353566829,2.114123729,0.134059826,0.261508090,-0.019196248
1.112000,1.286266242,-0.308664450,1.989001844,0.132554610,0.262005238,-0.008257123
1.113000,1.399118085,-0.300185158,1.828752155,0.127830540,0.258352559,0.010340996
1.114000,1.455321538,-0.159500066,1.675129888,0.117133247,0.252941697,0.035012171
1.115000,1.507467475,0.115675829,1.570878454,0.098346942,0.247243360,0.064394384
1.116000,1.549064340,0.442079348,1.510935179,0.083879999,0.242058757,0.091584048
1.117000,1.508231090,0.670792698,1.429131738,0.077189170,0.238888515,0.112888971
1.118000,1.445229672,0.717744831,1.250170196,0.079206341,0.235340805,0.128056461
1.119000,1.383435613,0.614092409,1.042893054,0.085196507,0.230097085,0.143712634
1.120000,1.325474496,0.417196588,0.898989734,0.089681572,0.223317745,0.152695567
1.121000,1.353830310,0.205765239,0.907010637,0.089522332,0.214974838,0.155546625
1.122000,1.355167789,0.076967176,0.905111131,0.083491622,0.209296715,0.156295763
1.123000,1.324543932,0.084090664,0.694915123,0.082016794,0.209237172,0.154028742
1.124000,1.268638038,-0.065663861,0.468223633,0.092760748,0.207893560,0.146079943
1.125000,1.200853777,-0.287942683,0.186418079,0.114580620,0.203609363,0.133937219
1.126000,1.116579781,-0.545131710,0.058327751,0.148243398,0.198473720,0.119114239
1.127000,1.023076347,-0.666762837,-0.023315778,0.179314653,0.193352998,0.104176687
1.128000,0.948216343,-0.660482763,-0.198981838,0.204527461,0.191322029,0.086110236
1.129000,0.819664346,-0.602104105,-0.421068580,0.221270964,0.191899110,0.064782461
1.130000,0.733953270,-0.751846254,-0.521313539,0.237362292,0.187327106,0.042992362
1.131000,0.682627387,-0.982790457,-0.590991390,0.252922181,0.179479797,0.028780871
1.132000,0.586605970,-1.092721725,-0.657599376,0.271621443,0.172439339,0.021654512
1.133000,0.476360548,-1.060217905,-0.626887391,0.282827776,0.165145212,0.017290916
1.134000,0.367873954,-0.932262365,-0.639346245,0.274652587,0.162014222,0.016641549
1.135000,0.272580579,-0.686356983,-0.725334435,0.258487611,0.161938222,0.014786172
1.136000,0.180960633,-0.502227283,-0.717614745,0.244337016,0.160572011,0.008303096
1.137000,0.030297496,-0.387272410,-0.685842417,0.238423494,0.152753217,-0.002061939
1.138000,-0.157508349,-0.310007259,-0.850950826,0.243349821,0.144117660,-0.013573712
1.139000,-0.322198307,-0.254398865,-1.126840234,0.256301949,0.135574441,-0.022115958
1.140000,-0.480498037,-0.160146300,-1.341558457,0.264057904,0.128625404,-0.028349748
1.141000,-0.532515073,-0.050461559,-1.446259835,0.269022507,0.125700112,-0.031260211
1.142000,-0.511980163,0.086472897,-1.485960993,0.267671103,0.128608328,-0.031866493
1.143000,-0.498241411,0.172532351,-1.466516481,0.264362346,0.132816659,-0.035999404
1.144000,-0.532820675,0.173700388,-1.539250195,0.265712805,0.136690081,-0.042541324
1.145000,-0.599728339,0.105827250,-1.778232257,0.274252390,0.137811215,-0.046765589
1.146000,-0.678240069,0.046333846,-2.084983056,0.282858912,0.137442953,-0.050753412
1.147000,-0.706841823,0.003820738,-2.333341505,0.285291603,0.139095390,-0.051712376
1.148000,-0.683944156,0.008414854,-2.436810076,0.278361294,0.141462921,-0.049936711
1.149000,-0.673941078,0.023086074,-2.457095557,0.270621183,0.146380118,-0.048039487
1.150000,-0.709128162,-0.018165502,-2.484083914,0.267549405,0.150027712,-0.047690420
1.151000,-0.739742506,-0.231556943,-2.527807827,0.269733578,0.151887593,-0.047735251
1.152000,-0.749977116,-0.440553193,-2.632138530,0.270947053,0.154712945,-0.049012348
1.153000,-0.713709695,-0.424290439,-2.785498609,0.272356476,0.159757284,-0.052680740
1.154000,-0.597439968,-0.359411526,-2.812883975,0.266222218,0.166184227,-0.056579527
1.155000,-0.476024422,-0.303347719,-2.719249487,0.254348857,0.173786394,-0.058583995
1.156000,-0.368757016,-0.127984378,-2.702656430,0.241066945,0.182390352,-0.061641431
1.157000,-0.301485958,0.047340093,-2.697515578,0.238056384,0.190482571,-0.064171350
1.158000,-0.283840403,0.153397683,-2.794859769,0.239807485,0.196828635,-0.065724710
1.159000,-0.246986925,0.208516789,-2.971279533,0.242508289,0.204924783,-0.067502821
1.160000,-0.168690039,0.390446208,-3.185665260,0.237647137,0.213541057,-0.067898850
1.161000,-0.057050594,0.629841341,-3.300792651,0.228781567,0.224031556,-0.069993807
1.162000,0.031481856,0.854855591,-3.325504181,0.211970321,0.232054740,-0.072461003
1.163000,0.098858381,1.016406377,-3.460585089,0.202885972,0.243542290,-0.076397185
1.164000,0.138766651,1.079859596,-3.617016181,0.199949824,0.252577092,-0.082436437
1.165000,0.201924028,1.018718338,-3.805651680,0.206822255,0.261860184,-0.088418709
1.166000,0.278663754,0.841428987,-4.016216475,0.210454050,0.269730045,-0.094971807
1.167000,0.417048831,0.736243283,-4.142697782,0.209029929,0.279645545,-0.100588598
1.168000,0.537554703,0.647975871,-4.097490284,0.200352846,0.287212160,-0.110497778
1.169000,0.658027676,0.504205677,-4.012780471,0.191478406,0.292205041,-0.118849913
1.170000,0.787220819,0.320871036,-3.944955800,0.181224252,0.293936985,-0.124373717
1.171000,0.896443501,0.190425634,-3.960638267,0.176925386,0.293627743,-0.126123378
1.172000,0.942347728,0.161950350,-4.071714242,0.173761051,0.293538293,-0.121896301
1.173000,0.973932309,0.283425446,-4.193212027,0.171043594,0.295538314,-0.111962687
1.174000,0.992817603,0.371900349,-4.312214274,0.169900112,0.295375766,-0.098520741
1.175000,1.023896595,0.434197857,-4.420749756,0.170532392,0.294573119,-0.081551946
1.176000,0.985344274,0.503743239,-4.440249270,0.173734757,0.289523521,-0.067175898
1.177000,0.967614810,0.503313413,-4.511480129,0.186031989,0.282598918,-0.054805944
1.178000,0.943126460,0.410734087,-4.409467158,0.194216281,0.270586519,-0.045060087
1.179000,0.986623881,0.381005662,-4.359742975,0.193088387,0.262149351,-0.038437539
1.180000,1.086754748,0.471473041,-4.260766170,0.184552883,0.246770637,-0.032535073
1.181000,1.136040598,0.484420203,-4.104754836,0.173177923,0.232859171,-0.025604863
1.182000,1.170808945,0.465465255,-3.999390993,0.152896718,0.216339234,-0.015226680
1.183000,1.256140745,0.602577290,-4.013878619,0.133594312,0.202190130,-0.004156047
1.184000,1.237095509,0.710751333,-4.013251048,0.120829601,0.177718030,0.003914402
1.185000,1.123435006,0.548843824,-4.113931614,0.116598057,0.154989595,0.010391169
1.186000,1.113912468,0.402008067,-4.422515254,0.110646027,0.132553951,0.019462973
1.187000,1.199509701,0.368824525,-4.731702852,0.112251319,0.113194679,0.028011050
1.188000,1.280571730,0.278177964,-4.778096394,0.103744242,0.093529870,0.033497794
1.189000,1.495117289,0.185958112,-4.778906821,0.098445682,0.076954567,0.044656424
1.190000,1.715094931,0.179512508,-4.895758265,0.105886013,0.059996093,0.056063457
1.191000,1.831711990,-0.001304473,-5.078682107,0.116547695,0.037906041,0.069233051
1.192000,1.957741493,-0.133478192,-5.302394696,0.124352749,0.005311539,0.087714505
1.193000,2.067863968,-0.023506815,-5.634594429,0.141442587,-0.024681871,0.105836087
1.194000,2.099653746,-0.070839956,-5.606180665,0.151410731,-0.060655443,0.114699429
1.195000,2.165853689,-0.244475776,-5.515726831,0.155106742,-0.097297830,0.123659120
1.196000,2.111660726,-0.046088768,-5.519157426,0.156861656,-0.139433987,0.129545265
1.197000,2.109945083,0.260006289,-5.695988689,0.156711308,-0.184378502,0.132398185
1.198000,2.082824595,0.260534229,-5.796676371,0.158649204,-0.231424503,0.139696176
1.199000,2.054228815,0.229166523,-5.954229615,0.166891249,-0.277225839,0.143803016
1.200000,2.035269774,0.157864794,-6.267326420,0.179453691,-0.317171870,0.142038421
1.201000,2.004765073,-0.035867073,-6.439890020,0.190607448,-0.361345558,0.136132468
1.202000,2.026586023,-0.079603650,-6.554811026,0.183728914,-0.409273345,0.125839132
1.203000,2.074744556,0.043477577,-6.907365410,0.174596198,-0.455868442,0.112577195
1.204000,2.116278558,-0.007658082,-7.170548381,0.164690932,-0.504163509,0.097599242
1.205000,2.122889128,-0.340673288,-7.349103224,0.167713747,-0.557995984,0.081846270
1.206000,2.251842463,-0.393935208,-7.666225014,0.161146155,-0.613230944,0.079037087
1.207000,2.367081510,-0.118712138,-8.122019602,0.162513320,-0.659585719,0.081621350
1.208000,2.432166068,0.086655739,-8.408287802,0.154375719,-0.708892866,0.082647579
1.209000,2.523549237,0.087559924,-8.522346848,0.147509116,-0.760303239,0.083047572
1.210000,2.637238205,0.144625175,-8.578374818,0.135327305,-0.819166221,0.089192281
1.211000,2.673283545,-0.018736449,-8.648511798,0.143089408,-0.873864658,0.086513897
1.212000,2.789234749,-0.166800031,-8.749394413,0.139858257,-0.934568136,0.082691560
1.213000,2.931769615,-0.049457282,-9.075169695,0.135971771,-0.991593893,0.082881035
1.214000,2.918093286,0.096532869,-9.382281002,0.132476994,-1.053539314,0.077841460
1.215000,2.785632679,-0.126309405,-9.228061099,0.130890175,-1.138485174,0.067303304
1.216000,2.649732322,-0.189179900,-9.641890532,0.126320878,-1.217166524,0.065891762
1.217000,2.684934385,-0.120649417,-9.940456225,0.131350443,-1.277660272,0.068168804
1.218000,3.047964847,0.008089584,-10.405111541,0.119654908,-1.311159692,0.069221658
1.219000,3.559415991,0.130231097,-10.547493107,0.092812757,-1.346467513,0.071517543
1.220000,3.937941654,0.245150634,-10.850398958,0.062490099,-1.392357625,0.072721809
1.221000,4.149751625,0.158309137,-11.067158406,0.035237316,-1.452952317,0.065005451
1.222000,4.218612921,0.247602653,-11.507419789,0.008609444,-1.521981570,0.062420895
1.223000,4.219399525,0.398269101,-11.811244874,0.004974347,-1.588923679,0.060487290
1.224000,4.231006002,0.464769925,-11.978605312,0.006041004,-1.656134207,0.060460139
1.225000,4.315541541,0.332497601,-12.100847911,0.012535421,-1.715390961,0.062047174
1.226000,4.440485738,0.399225337,-12.308396215,0.004884038,-1.769771523,0.070433625
1.227000,4.591048363,0.518889852,-12.760718308,-0.003184304,-1.823580290,0.078119922
1.228000,4.649835660,0.789461236,-13.154848148,-0.025095242,-1.886543022,0.089404013
1.229000,4.701342671,0.834368642,-13.416744932,-0.026055416,-1.939711895,0.098803223
1.230000,4.659675770,0.760126454,-13.683087427,-0.020294672,-1.990674143,0.100728421
1.231000,4.749067757,0.577591654,-13.664555768,-0.017438983,-2.038548419,0.112227315
1.232000,4.903418800,0.659751304,-13.826251286,-0.035332285,-2.088542750,0.125683466
1.233000,5.046546151,0.852750839,-13.889985963,-0.048745180,-2.138628394,0.134822526
1.234000,5.083805464,0.971952532,-13.901935910,-0.074648826,-2.182286426,0.137781564
1.235000,5.074150045,0.755960662,-14.120862322,-0.081191947,-2.215660977,0.136119855
1.236000,4.788471490,0.313313066,-14.562405830,-0.081089203,-2.259672620,0.121659386
1.237000,4.203215711,-0.295398571,-14.965379120,-0.064880230,-2.314629904,0.101926707
1.238000,3.498172615,-0.801924801,-14.972415622,-0.064067397,-2.386602435,0.086665559
1.239000,2.627149402,-1.137913990,-14.888041678,-0.057959384,-2.464186942,0.071429608
1.240000,1.659279725,-1.361920397,-14.830836969,-0.047753428,-2.539614864,0.054766161
1.241000,0.660313459,-1.811019157,-15.005712153,-0.006887117,-2.602898443,0.033208603
1.242000,-0.246498039,-2.214906672,-14.977752764,0.025898936,-2.665335545,0.020142694
1.243000,-0.932259873,-2.279839777,-14.917750140,0.041318254,-2.727595815,0.025268022
1.244000,-1.387991806,-2.002455444,-14.717680121,0.031662360,-2.776984628,0.041018897
1.245000,-1.899903096,-1.572290123,-14.464467666,0.017335668,-2.817270948,0.051051377
1.246000,-2.243993979,-0.902019954,-14.382011521,0.003251551,-2.849734056,0.055360574
1.247000,-2.448006411,-0.450950093,-14.640342392,0.005497146,-2.869721996,0.055065251
1.248000,-2.215203338,0.112699249,-14.736991175,-0.008269861,-2.887284562,0.064697523
1.249000,-1.597277830,0.769443074,-14.978340357,-0.033589477,-2.885199241,0.086134605
1.250000,-0.793077053,1.374640603,-15.028060529,-0.062315295,-2.863902009,0.101982813
1.251000,0.196581996,1.585276484,-14.993047492,-0.078244728,-2.827746648,0.115944657
1.252000,1.293650053,1.665077254,-15.087842108,-0.097135003,-2.785550876,0.123791206
1.253000,2.426339155,1.731065191,-15.577492144,-0.107915939,-2.737376369,0.132387649
1.254000,3.618152512,1.438360538,-15.802543340,-0.119898549,-2.691043394,0.133064704
1.255000,4.828272792,1.001848033,-15.969370761,-0.121020394,-2.642113178,0.127988499
1.256000,6.032451271,0.485046422,-15.921780300,-0.116311974,-2.583457367,0.125167877
1.257000,7.104754612,-0.263782872,-16.080807105,-0.084881567,-2.527360541,0.116710405
1.258000,7.869361331,-1.174188201,-15.996083264,-0.047462557,-2.479506917,0.103495561
1.259000,8.566561226,-1.948970018,-16.019287354,-0.005738797,-2.438477036,0.093214284
1.260000,9.174978305,-2.502402339,-16.010742265,0.031880900,-2.393320070,0.088733587
1.261000,9.572745266,-2.984293936,-15.933452828,0.077684033,-2.343051204,0.081575502
1.262000,9.791648418,-3.269876302,-15.757985729,0.108581770,-2.299457527,0.070715634
1.263000,9.760988443,-3.374364455,-15.447971379,0.129176065,-2.270017075,0.060670114
1.264000,9.543760327,-3.184618182,-15.133350895,0.108134395,-2.249846930,0.065736096
1.265000,9.126311212,-2.683518608,-14.816860575,0.072504566,-2.241158271,0.074799705
1.266000,8.332016183,-1.868487612,-14.501061524,0.036456183,-2.235950059,0.085019187
1.267000,7.383480120,-1.101144297,-14.243319464,0.017519941,-2.232719022,0.095638529
1.268000,6.372138416,-0.545530321,-14.197366679,-0.005544340,-2.231250315,0.105164217
1.269000,5.204771758,-0.081986407,-14.262025584,-0.031661821,-2.224119485,0.111452715
1.270000,4.262937272,0.165000698,-14.249750935,-0.078085698,-2.210882332,0.118057397
1.271000,3.481272026,0.263961724,-13.905567747,-0.119169087,-2.195449931,0.115917380
1.272000,2.594436520,0.548910737,-13.718217829,-0.142126148,-2.177837553,0.104925515
1.273000,1.759365112,0.566757525,-13.537258263,-0.145354003,-2.165917298,0.090610556
1.274000,1.014786789,0.480502828,-13.646508640,-0.152281253,-2.147327454,0.078393919
1.275000,0.366064905,0.236392919,-13.709003137,-0.154299737,-2.120691227,0.064768705
1.276000,-0.047517551,-0.070273240,-13.359198555,-0.156319154,-2.092672180,0.050446874
1.277000,-0.270057845,-0.281292491,-13.061844680,-0.153003141,-2.052063492,0.040720064
1.278000,-0.525349664,-0.521424732,-13.218117002,-0.130243104,-2.002458362,0.026651359
1.279000,-0.641966761,-0.829090526,-13.559035889,-0.102825519,-1.939580676,0.010428392
1.280000,-0.314174463,-1.210784930,-13.480470963,-0.080287500,-1.867754585,0.001607399
1.281000,0.232942275,-1.416137704,-13.175521262,-0.064370564,-1.789649424,-0.001670210
1.282000,0.823951787,-1.417153105,-12.590751300,-0.056083295,-1.712777768,-0.003928212
1.283000,1.411160393,-1.166359723,-12.456968335,-0.051800349,-1.625158501,-0.001108511
1.284000,1.944490073,-1.162831686,-12.381858799,-0.044967769,-1.525167048,-0.005528162
1.285000,2.567325700,-1.143797565,-12.467107781,-0.041004747,-1.428972887,-0.008924494
1.286000,3.147175374,-0.870729987,-12.440723788,-0.064671068,-1.328358506,-0.004255056
1.287000,3.618649173,-0.439660466,-12.094429232,-0.091312266,-1.239439744,-0.008497791
1.288000,4.068168723,-0.037495547,-11.728926456,-0.117623582,-1.146153448,-0.017866918
1.289000,4.356852372,0.119076364,-11.527253116,-0.120161754,-1.056720603,-0.026193730
1.290000,4.477034421,0.144554625,-11.498229844,-0.125496327,-0.978298304,-0.039425060
1.291000,4.572814543,0.266941119,-11.312813721,-0.115889757,-0.906011685,-0.049625960
1.292000,4.555320999,0.293267927,-11.130682797,-0.108539889,-0.839294032,-0.062757239
1.293000,4.568394774,0.328914823,-10.652292430,-0.105075850,-0.775419215,-0.070350146
1.294000,4.575239496,0.550194453,-10.397266669,-0.117131745,-0.719231524,-0.071382968
1.295000,4.418260731,0.793581300,-10.189761505,-0.113553344,-0.649958258,-0.082498723
1.296000,4.086683599,0.735881748,-9.867411240,-0.102736687,-0.587573124,-0.101464574
1.297000,3.838416695,0.595517002,-9.677233044,-0.095354076,-0.531414917,-0.112221864
1.298000,3.638649051,0.701478389,-9.584176915,-0.085135943,-0.476237293,-0.116768698
1.299000,3.542821776,0.976011718,-9.320842126,-0.080050821,-0.407809438,-0.122923739
1.300000,3.398297326,1.059238377,-8.976796220,-0.087505854,-0.337030825,-0.134624611
1.301000,3.247827639,0.893027998,-8.546144497,-0.094229596,-0.269014838,-0.148076066
1.302000,3.090880885,0.776669911,-8.073214797,-0.088688441,-0.210940979,-0.156680015
1.303000,2.922848751,0.744377786,-7.827427072,-0.077701683,-0.151566694,-0.163109222
1.304000,2.681720076,0.874511671,-7.612552744,-0.065882899,-0.090678660,-0.173861112
1.305000,2.474130203,0.759809709,-7.388904192,-0.048603043,-0.026249419,-0.188569966
1.306000,2.263468629,0.453725106,-7.241274429,-0.037597771,0.032303238,-0.197773690
1.307000,2.143731618,0.292194276,-7.061092517,-0.023165690,0.090765841,-0.208708637
1.308000,2.093537850,0.253252813,-6.832871506,-0.025443932,0.152178818,-0.216660045
1.309000,2.105913405,0.409002450,-6.484293826,-0.033990605,0.219764137,-0.219634308
1.310000,2.084317204,0.499627420,-6.207919775,-0.039092312,0.277017762,-0.224307466
1.311000,2.036316172,0.354317675,-6.007399877,-0.029951128,0.338819604,-0.230420675
1.312000,1.999726021,0.199913750,-5.689184891,-0.024796230,0.397620384,-0.234927183
1.313000,2.022405081,0.188065864,-5.592784937,-0.015170737,0.460025130,-0.237406730
1.314000,2.022767505,0.317016635,-5.293363724,-0.017790608,0.518159230,-0.243831309
1.315000,2.097345617,0.350047184,-5.072817935,-0.016472947,0.565259291,-0.250005164
1.316000,2.120548035,0.282920792,-4.740610387,-0.028359148,0.607759575,-0.255299007
1.317000,2.179294421,0.306746964,-4.560529542,-0.025819390,0.649378747,-0.261623990
1.318000,2.210154825,0.370097688,-4.383430752,-0.025801387,0.684838502,-0.265085976
1.319000,2.242756211,0.408518991,-4.366737861,-0.019795810,0.722909107,-0.264852428
1.320000,2.373918037,0.399260773,-4.245069628,-0.015391687,0.763276220,-0.261960712
1.321000,2.598634381,0.381539501,-3.936784442,-0.017127302,0.803718327,-0.257476787
1.322000,2.731298568,0.471104937,-3.771072456,-0.030192043,0.841757975,-0.253368216
1.323000,2.857737353,0.534014656,-3.548080461,-0.037591695,0.875663638,-0.253168253
1.324000,2.967589948,0.554710894,-3.443532991,-0.050717390,0.900596728,-0.249713330
1.325000,3.024323442,0.560556504,-3.411957024,-0.041232336,0.925860955,-0.251773400
1.326000,3.109922748,0.389233571,-3.226783336,-0.028724222,0.948268656,-0.255394838
1.327000,3.321308828,0.163573502,-3.130268164,-0.019252694,0.971331230,-0.252478961
1.328000,3.551652381,0.268587441,-3.198627814,-0.016927751,0.997587526,-0.248203842
1.329000,3.757464935,0.452784661,-3.251358957,-0.013455968,1.018509707,-0.247677950
1.330000,3.878066081,0.392896018,-3.133542085,-0.015071415,1.034182081,-0.245736550
1.331000,4.017123196,0.176104754,-2.960836396,-0.006690902,1.046538498,-0.242271448
1.332000,4.150375158,-0.078990945,-2.856891864,0.011523887,1.060284809,-0.238024722
1.333000,4.287857038,-0.203317022,-2.629867273,0.026502868,1.069887981,-0.233018550
1.334000,4.459464952,-0.202832486,-2.555871780,0.027222952,1.077251596,-0.224688156
1.335000,4.687019111,-0.113083763,-2.536153097,0.020212909,1.082850963,-0.218410601
1.336000,4.775281747,0.028612245,-2.494225924,0.003412367,1.085824251,-0.214552844
1.337000,4.842406992,0.034341178,-2.461878687,0.002982572,1.082761435,-0.212081495
1.338000,4.816315290,-0.105786497,-2.291174240,0.012164892,1.073064904,-0.209201081
1.339000,4.798221133,-0.163125386,-2.164512725,0.022517700,1.057386017,-0.202137893
1.340000,4.853496952,-0.172442285,-2.030745432,0.026519032,1.047053879,-0.193483738
1.341000,4.958357951,-0.047780833,-1.883003824,0.019603048,1.034637838,-0.185413556
1.342000,5.010974927,0.111963240,-1.780091732,-0.001191648,1.019567152,-0.180753810
1.343000,5.008543735,0.241184663,-1.703978354,-0.017670454,1.000625669,-0.178449315
1.344000,4.886842497,0.351082868,-1.709287843,-0.015233891,0.979888361,-0.175867804
1.345000,4.754310579,0.337338596,-1.669593713,0.002043079,0.960307243,-0.172849663
1.346000,4.632148029,0.206555319,-1.545585160,0.012861755,0.933981686,-0.165795768
1.347000,4.550349552,0.149120143,-1.397627919,0.010928287,0.906401686,-0.153985324
1.348000,4.450516994,0.198774366,-1.265253031,-0.006152937,0.879523421,-0.140981211
1.349000,4.299719109,0.348026290,-1.250157004,-0.028634795,0.852803450,-0.130447732
1.350000,4.058914755,0.397143085,-1.157842845,-0.042106622,0.822667693,-0.122966452
1.351000,3.715628646,0.316416932,-1.093804161,-0.039163692,0.783593320,-0.112471596
1.352000,3.372817302,0.215672462,-0.948767480,-0.026285376,0.741989232,-0.102111375
1.353000,3.057227407,0.202865552,-0.975315698,-0.014001438,0.700828592,-0.090196468
1.354000,2.745706291,0.190476535,-0.904034709,-0.013021416,0.661423623,-0.080833496
1.355000,2.396298228,0.116483115,-0.870419817,-0.021838997,0.617759869,-0.071438352
1.356000,2.098619974,0.105026717,-0.852950240,-0.037281986,0.575446736,-0.063981514
1.357000,1.795166843,0.145840536,-0.650848781,-0.038235001,0.535015905,-0.059765662
1.358000,1.503538736,0.087137209,-0.383211109,-0.038768247,0.488906652,-0.054508770
1.359000,1.154108542,0.125364735,-0.188875559,-0.037129012,0.436992263,-0.043766973
1.360000,0.798534722,0.308475162,-0.116651046,-0.037409763,0.384269845,-0.029305530
1.361000,0.537995657,0.459068152,-0.034248690,-0.041102600,0.341829073,-0.014014814
1.362000,0.333323192,0.477748860,-0.013334737,-0.052557540,0.308331443,0.001382263
1.363000,0.150274299,0.507317792,0.084003949,-0.063464704,0.273918471,0.015140281
1.364000,-0.059703039,0.544802257,0.219555389,-0.068793340,0.238472399,0.028996687
1.365000,-0.288620516,0.457758711,0.300049133,-0.072418949,0.198040381,0.043240133
1.366000,-0.416322372,0.380503364,0.264814186,-0.077961093,0.156614156,0.060369248
1.367000,-0.468064502,0.416889682,0.220100700,-0.086842288,0.114602298,0.079674934
1.368000,-0.505438574,0.497683599,0.186797091,-0.100023295,0.075750759,0.098198478
1.369000,-0.531877355,0.495750911,0.201894293,-0.113485785,0.038614402,0.113893036
1.370000,-0.554223849,0.515325450,0.267978126,-0.128410056,-0.001731449,0.129924044
1.371000,-0.613231859,0.492338299,0.258509259,-0.135788216,-0.043095719,0.141880070
1.372000,-0.648443753,0.429203553,0.214954622,-0.141448857,-0.085528306,0.152163197
1.373000,-0.636808799,0.403942784,0.129123003,-0.146149645,-0.123978246,0.159377463
1.374000,-0.571038300,0.465263419,0.035741636,-0.147982143,-0.162336951,0.164631253
1.375000,-0.474608690,0.514205757,-0.025653746,-0.144748823,-0.195622657,0.168684791
1.376000,-0.434414855,0.508411909,-0.168546202,-0.137449218,-0.223230926,0.172091612
1.377000,-0.373565248,0.506537058,-0.145032090,-0.128816066,-0.247729425,0.176633548
1.378000,-0.249375363,0.497262323,-0.034467726,-0.114411675,-0.272277698,0.192195617
1.379000,-0.242310310,0.574469175,-0.075150635,-0.099356138,-0.285933624,0.206606000
1.380000,-0.149746569,0.601629631,-0.184979957,-0.086605967,-0.289163935,0.215504232
1.381000,-0.011781882,0.485709017,-0.147229910,-0.080989128,-0.295095898,0.221166648
1.382000,0.069815524,0.341956639,-0.095434810,-0.077411915,-0.305934975,0.224522335
1.383000,0.127359062,0.250792547,0.073584966,-0.075086466,-0.320795502,0.223350017
1.384000,0.158976109,0.295647981,0.426204298,-0.079936161,-0.341786723,0.217923143
1.385000,0.154850978,0.427115078,0.686035670,-0.080086439,-0.358985041,0.210245539
1.386000,0.160782501,0.446266120,0.643463183,-0.072438192,-0.367990281,0.202813212
1.387000,0.154129105,0.355791386,0.451361713,-0.055398406,-0.374439831,0.195286660
1.388000,0.204704154,0.062837493,0.379381531,-0.037194398,-0.389614158,0.189248348
1.389000,0.319788330,-0.147194540,0.428291728,-0.023977466,-0.405962906,0.187481162
1.390000,0.335062937,-0.046232068,0.701762543,-0.015603857,-0.422008065,0.180745129
1.391000,0.311195842,0.059415087,0.954120206,-0.009778750,-0.437004467,0.166625930
1.392000,0.256247010,-0.017706326,1.224508678,-0.003111791,-0.452741918,0.155799673
1.393000,0.197258293,-0.172728270,1.220172242,0.005128855,-0.467225221,0.148284719
1.394000,0.122344286,-0.219289733,1.102309953,0.017382446,-0.481391514,0.140610756
1.395000,0.050196333,-0.273634358,1.154890809,0.024177118,-0.497816613,0.135276056
1.396000,0.024184567,-0.283245376,1.314004303,0.021448612,-0.509328812,0.132527061
1.397000,-0.022130584,-0.213159086,1.414548970,0.014069872,-0.516054771,0.129065870
1.398000,-0.099254463,-0.193520937,1.669412787,0.004874098,-0.525791805,0.123447529
1.399000,-0.228313727,-0.286864453,1.901286359,-0.001983785,-0.537428311,0.118782924
1.400000,-0.359194061,-0.364894282,2.106587481,-0.003364955,-0.547888528,0.114237094
1.401000,-0.453711267,-0.358674148,2.094641076,-0.008427894,-0.556201353,0.110030140
1.402000,-0.542549706,-0.336853686,2.127579916,-0.013085810,-0.560077276,0.106068879
1.403000,-0.623086886,-0.335175341,2.156029513,-0.019720509,-0.559396685,0.104125700
1.404000,-0.715343879,-0.295663274,2.266739587,-0.021827421,-0.559140040,0.100835265
1.405000,-0.857510464,-0.331833414,2.386467059,-0.022953472,-0.561206296,0.096254572
1.406000,-1.041129805,-0.440688259,2.468776568,-0.020788480,-0.563924997,0.090148249
1.407000,-1.204287697,-0.489092446,2.523912478,-0.016469440,-0.565397914,0.084242482
1.408000,-1.345457045,-0.534862100,2.446308569,-0.010395382,-0.559824480,0.076237901
1.409000,-1.433187846,-0.584240790,2.372526725,-0.007529134,-0.552378664,0.067190425
1.410000,-1.451782809,-0.638795265,2.368164332,-0.004169693,-0.540424407,0.058106088
1.411000,-1.530779274,-0.669072073,2.420059944,-0.004924591,-0.529247917,0.047229583
1.412000,-1.606278148,-0.808523180,2.566808502,-0.003427193,-0.523015772,0.035575537
1.413000,-1.691864344,-0.913699655,2.709262222,-0.006475647,-0.518992308,0.027996084
1.414000,-1.752531553,-0.887646354,2.786063573,-0.006716938,-0.514474133,0.020140382
1.415000,-1.818465802,-0.855744744,2.912434795,-0.010140280,-0.508615479,0.010828239
1.416000,-1.870955026,-0.853443201,2.959896454,-0.008322073,-0.500532202,0.005448665
1.417000,-1.937492173,-0.855929558,3.006506973,-0.005897152,-0.494007165,0.001593027
1.418000,-1.976119662,-0.915694301,3.086295888,0.002548776,-0.488114193,-0.003692729
1.419000,-2.014982308,-0.959641202,3.238925981,0.005264406,-0.483413394,-0.007120645
1.420000,-1.978596241,-0.849266370,3.412273574,0.000545987,-0.472406264,-0.008661944
1.421000,-1.928701037,-0.696002354,3.608562287,-0.007404408,-0.458789352,-0.014380235
1.422000,-1.842338429,-0.602606432,3.759909299,-0.013077039,-0.441516033,-0.020457534
1.423000,-1.781367094,-0.489041463,3.790176550,-0.019110635,-0.418752421,-0.025719376
1.424000,-1.705760014,-0.395197515,3.759378973,-0.020460388,-0.393154508,-0.034569644
1.425000,-1.605405601,-0.263855684,3.556124338,-0.024884921,-0.360742631,-0.038529523
1.426000,-1.439684085,-0.139650853,3.467090491,-0.028537595,-0.321780533,-0.040181242
1.427000,-1.247378533,0.023484710,3.513981440,-0.033077141,-0.286540155,-0.044391804
1.428000,-1.053460508,0.000720949,3.636187018,-0.029515616,-0.248796300,-0.049236271
1.429000,-0.971512977,-0.087324937,3.675276545,-0.027850705,-0.210707715,-0.053038437
1.430000,-0.856689608,-0.160632197,3.562524510,-0.024827772,-0.174859302,-0.060342634
1.431000,-0.712016460,-0.045473298,3.440416133,-0.026975578,-0.133516258,-0.069372289
1.432000,-0.545416249,0.021828976,3.482358658,-0.029680120,-0.083891806,-0.077277619
1.433000,-0.312721863,0.145399454,3.522337221,-0.033499904,-0.028553023,-0.085596481
1.434000,-0.082921104,0.147247313,3.411531685,-0.025867745,0.028633996,-0.090514485
1.435000,0.090432647,0.130041326,3.332758636,-0.021590294,0.075440929,-0.091686600
1.436000,0.227972284,0.046580923,3.176311751,-0.010447461,0.126830130,-0.091884936
1.437000,0.425258465,-0.033548309,3.287573127,-0.006137875,0.180746081,-0.090736602
1.438000,0.604827322,-0.099093580,3.547292195,-0.006712621,0.235460173,-0.090739237
1.439000,0.858894960,-0.037498560,3.919524321,-0.020827056,0.290742306,-0.086867832
1.440000,1.087561873,0.172688158,3.933171782,-0.035216359,0.351234906,-0.087280247
1.441000,1.140622137,0.333412935,3.830022538,-0.043024777,0.403602942,-0.091870441
1.442000,1.171027919,0.271083441,3.691221550,-0.037539525,0.458130927,-0.092795395
1.443000,1.204541162,0.156334754,3.678484729,-0.031299341,0.509486889,-0.088196420
1.444000,1.316107620,0.246797182,3.707119625,-0.028464212,0.572278392,-0.085410424
1.445000,1.437643758,0.376169002,3.941233592,-0.038903484,0.638026906,-0.083439549
1.446000,1.560956991,0.465867548,4.069950583,-0.060191080,0.698789742,-0.082043852
1.447000,1.646808620,0.651277965,4.045325610,-0.081279864,0.751928919,-0.083419509
1.448000,1.689195416,0.667462654,4.000060959,-0.071850453,0.806587816,-0.092949914
1.449000,1.682592339,0.433015177,4.236181091,-0.058499328,0.854601981,-0.097690201
1.450000,1.860954053,0.236559485,4.282165334,-0.041524408,0.907146233,-0.101610407
1.451000,1.958466284,0.348790589,4.492302922,-0.033718586,0.956570591,-0.105242708
1.452000,2.088670924,0.335205995,4.771693576,-0.036915622,1.005033637,-0.108461539
1.453000,2.119968681,0.404958394,4.932835872,-0.059163958,1.056565885,-0.107170084
1.454000,2.214128253,0.490268063,4.975833109,-0.070286888,1.106231794,-0.105672723
1.455000,2.201352441,0.468479805,5.159935707,-0.062550217,1.157205452,-0.102452126
1.456000,2.297566997,0.460594655,5.376940607,-0.047533340,1.213007316,-0.098425149
1.457000,2.370543685,0.403815543,5.539574619,-0.033901793,1.266983428,-0.095681488
1.458000,2.435354422,0.161803653,5.822670694,-0.019094377,1.321401616,-0.093110775
1.459000,2.538953091,0.128345179,6.098556498,-0.028475136,1.377086487,-0.092080863
1.460000,2.623853610,0.267446693,6.122528737,-0.037096001,1.424651328,-0.094885926
1.461000,2.597328012,0.367423474,6.277645105,-0.047225161,1.475108150,-0.097464181
1.462000,2.507614240,0.348733095,6.329222672,-0.050577991,1.527466139,-0.106788859
1.463000,2.438252372,0.384781109,6.446040326,-0.038329724,1.574063893,-0.114733352
1.464000,2.336853167,0.350188237,6.631359718,-0.010747158,1.621520368,-0.117796378
1.465000,2.334593002,0.317511478,6.748382558,-0.004373297,1.675861423,-0.117518160
1.466000,2.501588155,0.409077787,6.768652685,-0.011369924,1.729825778,-0.112360704
1.467000,2.568483993,0.575286402,6.966662785,-0.025094031,1.789633621,-0.110738398
1.468000,2.520242143,0.550675919,7.265909654,-0.031264178,1.845664655,-0.110864790
1.469000,2.505041857,0.413138864,7.604772571,-0.033449703,1.893362378,-0.107107628
1.470000,2.489158504,0.202602103,7.827065738,-0.015293256,1.937741823,-0.104560397
1.471000,2.576227935,-0.077392506,8.033926503,0.005281795,1.980437867,-0.096131592
1.472000,2.694248222,-0.294979225,8.199953505,0.008691431,2.026428959,-0.083518573
1.473000,2.859259280,-0.195255201,8.199870366,0.006087516,2.070486153,-0.074924700
1.474000,2.913980056,-0.207839495,8.478233343,0.013734356,2.114194038,-0.067635071
1.475000,2.920165405,-0.325226746,8.763754981,0.013235307,2.156830145,-0.056812679
1.476000,2.952334208,-0.443271450,8.992470815,0.022788641,2.194255377,-0.044919908
1.477000,3.000162289,-0.469931344,9.170952835,0.039510677,2.240338848,-0.033337273
1.478000,3.017263219,-0.543655427,9.403023356,0.059974913,2.297854073,-0.021213672
1.479000,3.140845863,-0.565991922,9.241788256,0.073985968,2.355453692,-0.009488069
1.480000,3.180381058,-0.698061878,9.056176865,0.090587555,2.419058203,-0.003109227
1.481000,3.259668361,-0.820113064,8.821386561,0.100924443,2.482747722,0.007070138
1.482000,3.334032434,-0.922790446,8.798881996,0.109984092,2.539365981,0.011838965
1.483000,3.371890641,-1.095609125,9.041376668,0.126710663,2.592379091,0.013809683
1.484000,3.566948130,-1.159727877,9.522373654,0.129158379,2.648607425,0.020041222
1.485000,3.786360114,-0.856349412,9.787921153,0.137403084,2.712445998,0.024751114
1.486000,4.002164466,-0.548717814,9.805891796,0.152436952,2.771829884,0.028625906
1.487000,4.801701503,-0.205814884,9.452763117,0.143832219,2.841514213,0.043210050
1.488000,5.969957529,0.373064445,9.465539231,0.116577544,2.950668731,0.050287799
1.489000,7.116489894,0.869880811,10.168309475,0.091349254,3.046664479,0.051290791
1.490000,8.199720149,0.986183197,10.489610851,0.058346677,3.143388903,0.056667075
1.491000,8.966083494,1.102230236,10.082949467,0.049145719,3.231891909,0.050209427
1.492000,9.901810019,0.912404406,9.921794792,0.063974921,3.318027845,0.040361304
1.493000,10.859631032,0.431121564,9.940308547,0.066169724,3.410499134,0.041117813
1.494000,11.514028383,0.070447543,9.972436074,0.084888967,3.491822176,0.034263597
1.495000,11.908444650,-0.250448961,10.264471374,0.106045893,3.552173033,0.028295985
1.496000,12.100776173,-0.835668681,10.251430786,0.130925580,3.609762342,0.025727262
1.497000,12.212511937,-1.379896620,10.210761783,0.144741388,3.667230065,0.021652267
1.498000,12.184218508,-1.886096530,10.142712153,0.155576959,3.707897963,0.020919541
1.499000,11.887948338,-2.196480172,10.307674841,0.176174410,3.737752240,0.019121441
1.500000,11.446133759,-2.422771258,10.470212838,0.211013899,3.746796031,0.024991166
1.501000,10.770104392,-2.750103683,10.977503863,0.232232226,3.753385489,0.018070526
1.502000,9.968632417,-2.704511618,11.165293904,0.231229366,3.755345289,0.012129048
1.503000,9.254446949,-2.231837534,11.436630393,0.211629478,3.750733513,0.014218387
1.504000,8.425139257,-1.718466589,11.602554641,0.202620997,3.742153933,0.021805912
1.505000,7.513802570,-1.176412437,11.939272781,0.190150270,3.729810969,0.037214730
1.506000,6.758008340,-0.469535890,12.255706714,0.165007076,3.723099021,0.056929134
1.507000,6.074126067,0.339714943,12.140138975,0.128572257,3.719367360,0.071563914
1.508000,5.521113782,0.860960183,12.075937198,0.101003678,3.713339643,0.087751726
1.509000,5.046871791,1.096986644,12.032122724,0.080102344,3.706149711,0.100124167
1.510000,4.785715847,1.291954785,12.144190178,0.069289148,3.695816266,0.103251759
1.511000,4.618616658,1.357986077,12.300543071,0.061127247,3.691016315,0.107934813
1.512000,4.565963140,1.265947785,12.229460444,0.073591474,3.688648297,0.114476588
1.513000,4.703432375,0.960381398,11.943161541,0.093370955,3.695452429,0.125846180
1.514000,5.063421029,0.498084519,11.811837284,0.106440917,3.699757080,0.135884589
1.515000,5.591089592,0.068425621,11.927610295,0.121498074,3.704104574,0.149527775
1.516000,6.210555699,-0.327135136,11.780326423,0.154334714,3.715983830,0.168960116
1.517000,6.902141359,-0.815883400,11.961699669,0.205274892,3.733517174,0.188134864
1.518000,7.415857864,-1.332091447,12.078191922,0.247229804,3.748188254,0.205125463
1.519000,8.073890180,-1.690198450,12.120774024,0.270254271,3.758396446,0.202223070
1.520000,8.695694433,-2.084635013,12.326969022,0.281806651,3.763498108,0.174284965
1.521000,9.293722843,-2.077832283,13.009895462,0.260599858,3.763805040,0.134018703
1.522000,9.894690638,-1.850760517,13.681260120,0.237040928,3.763493379,0.071599584
1.523000,10.350163520,-1.378243151,13.990071352,0.206456691,3.755955534,-0.000304217
1.524000,10.742648482,-0.729089542,13.865466924,0.171741605,3.739709904,-0.051790682
1.525000,11.096996727,-0.023763460,13.596276110,0.124884168,3.725500264,-0.081503865
1.526000,11.024105417,0.630661409,13.519405121,0.103011253,3.711575047,-0.090217247
1.527000,10.849217671,0.963811469,13.752526924,0.098078440,3.694853183,-0.080779001
1.528000,10.683630168,1.000268777,13.631318222,0.102018857,3.675077920,-0.061662415
1.529000,10.343968709,0.776836923,13.494193056,0.106517091,3.650866769,-0.046525331
1.530000,9.936837995,0.396138263,13.355178413,0.112927082,3.602776293,-0.036758867
1.531000,9.324992400,-0.024931985,13.624495088,0.116357249,3.547124831,-0.038488961
1.532000,8.672024913,-0.278477355,13.882159404,0.119660005,3.486580682,-0.041503494
1.533000,7.696247186,-0.608720296,14.187658251,0.124601954,3.428374002,-0.055113637
1.534000,6.688657390,-0.927065363,13.870232089,0.135159164,3.355888479,-0.071586111
1.535000,5.738714656,-1.074064685,13.482130523,0.156523641,3.275436557,-0.091412668
1.536000,5.010333549,-1.202237186,13.338905874,0.179220467,3.194415574,-0.111795141
1.537000,4.354632074,-1.371925938,13.604734743,0.193324810,3.108311617,-0.133046634
1.538000,3.798695813,-1.371136162,13.929530743,0.215966774,3.027768663,-0.162612613
1.539000,3.461102020,-1.355533098,13.914104302,0.235043129,2.967318960,-0.191271586
1.540000,3.364545187,-1.240501065,13.337363925,0.240314141,2.924284834,-0.209431150
1.541000,3.441872631,-1.011096154,13.087548915,0.248240068,2.886200695,-0.235026431
1.542000,3.619660672,-0.765870064,13.165153744,0.251776883,2.851138783,-0.251854655
1.543000,3.751692405,-0.544378264,13.345964548,0.240620912,2.813835993,-0.255359930
1.544000,3.871710601,-0.271494339,13.335069058,0.224204416,2.773949970,-0.255969600
1.545000,3.953407012,0.012033266,13.067988601,0.202092369,2.730608015,-0.249303514
1.546000,4.098097153,0.365156986,12.675996323,0.174994362,2.685131385,-0.236780869
1.547000,4.161270478,0.640377612,12.401448523,0.173500295,2.640138444,-0.235590680
1.548000,4.358945159,0.488077909,12.379291432,0.183530910,2.592577415,-0.229862874
1.549000,4.601876748,0.183312911,12.299844874,0.186039260,2.549745453,-0.228295667
1.550000,4.881975763,-0.012079309,11.852551210,0.194055258,2.508648635,-0.236328137
1.551000,5.113695324,-0.384447701,11.255646899,0.194642842,2.465768606,-0.240144307
1.552000,5.395022722,-0.788366365,10.808646219,0.213043452,2.418885919,-0.244783351
1.553000,5.535192630,-1.092406050,10.740483908,0.246702857,2.369307829,-0.254635643
1.554000,5.584869047,-1.467530848,10.620719675,0.284149469,2.316403846,-0.265497923
1.555000,5.622002577,-1.805764078,10.344220641,0.300388355,2.259443097,-0.274631878
1.556000,5.709226627,-1.858991073,10.026127052,0.310689711,2.206142656,-0.285494963
1.557000,5.740096780,-1.778555521,9.805578415,0.307560947,2.146816354,-0.292432781
1.558000,5.690152269,-1.603493258,9.602809201,0.300201721,2.090047141,-0.295580794
1.559000,5.594219219,-1.239267409,9.542822418,0.298978480,2.023501243,-0.295301447
1.560000,5.317472287,-1.064990110,9.459819285,0.306102259,1.954006256,-0.294123217
1.561000,4.941433151,-1.055359153,9.489161005,0.302528825,1.873338224,-0.290163257
1.562000,4.590641799,-0.976715884,9.419233405,0.289442769,1.806121132,-0.283044412
1.563000,4.216576972,-0.686148345,9.155066915,0.267130904,1.740103698,-0.275410841
1.564000,3.766738471,-0.467768069,8.854863753,0.260053020,1.672449474,-0.262256359
1.565000,3.226978166,-0.271515547,8.718235189,0.267544933,1.594262044,-0.242349566
1.566000,2.779676898,-0.199052900,8.471692152,0.287238933,1.524973340,-0.224406155
1.567000,2.323956471,-0.233957773,8.289887743,0.286792850,1.452548683,-0.210422236
1.568000,2.034437006,-0.265782105,8.078129154,0.279899754,1.385777193,-0.201513457
1.569000,1.720596905,-0.066954939,7.804650071,0.274173861,1.317924082,-0.195891321
1.570000,1.477141272,0.024133232,7.692951059,0.282374808,1.258028940,-0.194137904
1.571000,1.245083606,0.066273697,7.564177947,0.285638877,1.196897081,-0.188699076
1.572000,1.082405807,0.050517589,7.355562736,0.301336795,1.140016287,-0.184533822
1.573000,0.934814774,0.011927372,7.191996205,0.311088048,1.081823042,-0.185064897
1.574000,0.917812965,-0.088457323,7.029951337,0.315911820,1.028118396,-0.187483847
1.575000,0.986694075,0.000641569,6.736577946,0.310968406,0.981103556,-0.191117711
1.576000,1.042013005,-0.104508308,6.404867594,0.312431731,0.943375886,-0.193484383
1.577000,1.102344344,-0.243018957,6.135836859,0.309209879,0.903638672,-0.195382222
1.578000,1.262802948,-0.412045227,5.859031142,0.309188335,0.852770941,-0.195595205
1.579000,1.299842093,-0.418008854,5.836759771,0.319951007,0.809898246,-0.194942646
1.580000,1.340666508,-0.530052029,5.763696249,0.328629172,0.770830927,-0.195984848
1.581000,1.463706244,-0.568570892,5.473295367,0.328726541,0.734614713,-0.192918136
1.582000,1.541393658,-0.494606827,5.148331203,0.327142047,0.702007843,-0.189928426
1.583000,1.513558043,-0.421053818,4.955286951,0.322198314,0.663499118,-0.189214905
1.584000,1.494081747,-0.426205153,4.870279061,0.318403062,0.623615049,-0.186343870
1.585000,1.502779366,-0.285319894,4.924336976,0.311685633,0.584830900,-0.178827946
1.586000,1.457818409,-0.164643902,4.837095925,0.308330287,0.548009712,-0.174700080
1.587000,1.389428836,-0.076826415,4.711568001,0.305510106,0.514199352,-0.168667231
1.588000,1.360101533,-0.043263780,4.560385894,0.299388122,0.480996242,-0.160657932
1.589000,1.320963699,0.076594015,4.398166847,0.286486115,0.449929881,-0.151014134
1.590000,1.308317104,0.181185110,4.424294502,0.274409923,0.420179411,-0.140938097
1.591000,1.214777247,0.279818543,4.416400355,0.262235753,0.394082658,-0.134868888
1.592000,1.046849169,0.438781801,4.377563040,0.249023599,0.370592821,-0.126020876
1.593000,0.919499138,0.674464300,4.212365106,0.237059017,0.350520374,-0.117108197
1.594000,0.811411542,0.842718725,3.955277896,0.229139813,0.337178238,-0.108705902
1.595000,0.685329165,0.929288489,3.690740857,0.225210472,0.325665322,-0.101179477
1.596000,0.578779756,0.814834837,3.570747730,0.222870812,0.315714543,-0.096730999
1.597000,0.591403903,0.690004406,3.483520376,0.215343727,0.305968712,-0.090294904
1.598000,0.606287203,0.585979866,3.378953103,0.211909696,0.300698793,-0.085364061
1.599000,0.651727799,0.452354833,3.250689125,0.203720486,0.296613057,-0.079123168
1.600000,0.677935706,0.189510960,3.095005851,0.206380394,0.294026046,-0.072179072
1.601000,0.675949007,-0.012676357,2.981252750,0.213525459,0.290383267,-0.064314628
1.602000,0.707773571,-0.200279319,2.885480456,0.227936235,0.286335783,-0.049714143
1.603000,0.790778436,-0.359050430,2.739043619,0.237952469,0.281193813,-0.030694360
1.604000,0.863442759,-0.425913485,2.662761326,0.239910721,0.275637193,-0.012564290
1.605000,0.883822833,-0.432203285,2.701838041,0.231844719,0.272090434,0.001031413
1.606000,0.866899758,-0.532905460,2.720575749,0.218431536,0.268554963,0.006495738
1.607000,0.814483528,-0.678785098,2.677509394,0.196173183,0.263957155,0.004311711
1.608000,0.807324829,-0.694413482,2.503108668,0.174558598,0.261397961,-0.001477848
1.609000,0.833273933,-0.578103565,2.367314016,0.154721265,0.259292863,-0.009869994
1.610000,0.914073011,-0.462337036,2.260361777,0.141153358,0.259466993,-0.017418137
1.611000,1.080970259,-0.353566829,2.114123729,0.134059826,0.261508090,-0.019196248
1.612000,1.286266242,-0.308664450,1.989001844,0.132554610,0.262005238,-0.008257123
1.613000,1.399118085,-0.300185158,1.828752155,0.127830540,0.258352559,0.010340996
1.614000,1.455321538,-0.159500066,1.675129888,0.117133247,0.252941697,0.035012171
1.615000,1.507467475,0.115675829,1.570878454,0.098346942,0.247243360,0.064394384
1.616000,1.549064340,0.442079348,1.510935179,0.083879999,0.242058757,0.091584048
1.617000,1.508231090,0.670792698,1.429131738,0.077189170,0.238888515,0.112888971
1.618000,1.445229672,0.717744831,1.250170196,0.079206341,0.235340805,0.128056461
1.619000,1.383435613,0.614092409,1.042893054,0.085196507,0.230097085,0.143712634
1.620000,1.325474496,0.417196588,0.898989734,0.089681572,0.223317745,0.152695567
1.621000,1.353830310,0.205765239,0.907010637,0.089522332,0.214974838,0.155546625
1.622000,1.355167789,0.076967176,0.905111131,0.083491622,0.209296715,0.156295763
1.623000,1.324543932,0.084090664,0.694915123,0.082016794,0.209237172,0.154028742
1.624000,1.268638038,-0.065663861,0.468223633,0.092760748,0.207893560,0.146079943
1.625000,1.200853777,-0.287942683,0.186418079,0.114580620,0.203609363,0.133937219
1.626000,1.116579781,-0.545131710,0.058327751,0.148243398,0.198473720,0.119114239
1.627000,1.023076347,-0.666762837,-0.023315778,0.179314653,0.193352998,0.104176687
1.628000,0.948216343,-0.660482763,-0.198981838,0.204527461,0.191322029,0.086110236
1.629000,0.819664346,-0.602104105,-0.421068580,0.221270964,0.191899110,0.064782461
1.630000,0.733953270,-0.751846254,-0.521313539,0.237362292,0.187327106,0.042992362
1.631000,0.682627387,-0.982790457,-0.590991390,0.252922181,0.179479797,0.028780871
1.632000,0.586605970,-1.092721725,-0.657599376,0.271621443,0.172439339,0.021654512
1.633000,0.476360548,-1.060217905,-0.626887391,0.282827776,0.165145212,0.017290916
1.634000,0.367873954,-0.932262365,-0.639346245,0.274652587,0.162014222,0.016641549
1.635000,0.272580579,-0.686356983,-0.725334435,0.258487611,0.161938222,0.014786172
1.636000,0.180960633,-0.502227283,-0.717614745,0.244337016,0.160572011,0.008303096
1.637000,0.030297496,-0.387272410,-0.685842417,0.238423494,0.152753217,-0.002061939
1.638000,-0.157508349,-0.310007259,-0.850950826,0.243349821,0.144117660,-0.013573712
1.639000,-0.322198307,-0.254398865,-1.126840234,0.256301949,0.135574441,-0.022115958
1.640000,-0.480498037,-0.160146300,-1.341558457,0.264057904,0.128625404,-0.028349748
1.641000,-0.532515073,-0.050461559,-1.446259835,0.269022507,0.125700112,-0.031260211
1.642000,-0.511980163,0.086472897,-1.485960993,0.267671103,0.128608328,-0.031866493
1.643000,-0.498241411,0.172532351,-1.466516481,0.264362346,0.132816659,-0.035999404
1.644000,-0.532820675,0.173700388,-1.539250195,0.265712805,0.136690081,-0.042541324
1.645000,-0.599728339,0.105827250,-1.778232257,0.274252390,0.137811215,-0.046765589
1.646000,-0.678240069,0.046333846,-2.084983056,0.282858912,0.137442953,-0.050753412
1.647000,-0.706841823,0.003820738,-2.333341505,0.285291603,0.139095390,-0.051712376
1.648000,-0.683944156,0.008414854,-2.436810076,0.278361294,0.141462921,-0.049936711
1.649000,-0.673941078,0.023086074,-2.457095557,0.270621183,0.146380118,-0.048039487
1.650000,-0.709128162,-0.018165502,-2.484083914,0.267549405,0.150027712,-0.047690420
1.651000,-0.739742506,-0.231556943,-2.527807827,0.269733578,0.151887593,-0.047735251
1.652000,-0.749977116,-0.440553193,-2.632138530,0.270947053,0.154712945,-0.049012348
1.653000,-0.713709695,-0.424290439,-2.785498609,0.272356476,0.159757284,-0.052680740
1.654000,-0.597439968,-0.359411526,-2.812883975,0.266222218,0.166184227,-0.056579527
1.655000,-0.476024422,-0.303347719,-2.719249487,0.254348857,0.173786394,-0.058583995
1.656000,-0.368757016,-0.127984378,-2.702656430,0.241066945,0.182390352,-0.061641431
1.657000,-0.301485958,0.047340093,-2.697515578,0.238056384,0.190482571,-0.064171350
1.658000,-0.283840403,0.153397683,-2.794859769,0.239807485,0.196828635,-0.065724710
1.659000,-0.246986925,0.208516789,-2.971279533,0.242508289,0.204924783,-0.067502821
1.660000,-0.168690039,0.390446208,-3.185665260,0.237647137,0.213541057,-0.067898850
1.661000,-0.057050594,0.629841341,-3.300792651,0.228781567,0.224031556,-0.069993807
1.662000,0.031481856,0.854855591,-3.325504181,0.211970321,0.232054740,-0.072461003
1.663000,0.098858381,1.016406377,-3.460585089,0.202885972,0.243542290,-0.076397185
1.664000,0.138766651,1.079859596,-3.617016181,0.199949824,0.252577092,-0.082436437
1.665000,0.201924028,1.018718338,-3.805651680,0.206822255,0.261860184,-0.088418709
1.666000,0.278663754,0.841428987,-4.016216475,0.210454050,0.269730045,-0.094971807
1.667000,0.417048831,0.736243283,-4.142697782,0.209029929,0.279645545,-0.100588598
1.668000,0.537554703,0.647975871,-4.097490284,0.200352846,0.287212160,-0.110497778
1.669000,0.658027676,0.504205677,-4.012780471,0.191478406,0.292205041,-0.118849913
1.670000,0.787220819,0.320871036,-3.944955800,0.181224252,0.293936985,-0.124373717
1.671000,0.896443501,0.190425634,-3.960638267,0.176925386,0.293627743,-0.126123378
1.672000,0.942347728,0.161950350,-4.071714242,0.173761051,0.293538293,-0.121896301
1.673000,0.973932309,0.283425446,-4.193212027,0.171043594,0.295538314,-0.111962687
1.674000,0.992817603,0.371900349,-4.312214274,0.169900112,0.295375766,-0.098520741
1.675000,1.023896595,0.434197857,-4.420749756,0.170532392,0.294573119,-0.081551946
1.676000,0.985344274,0.503743239,-4.440249270,0.173734757,0.289523521,-0.067175898
1.677000,0.967614810,0.503313413,-4.511480129,0.186031989,0.282598918,-0.054805944
1.678000,0.943126460,0.410734087,-4.409467158,0.194216281,0.270586519,-0.045060087
1.679000,0.986623881,0.381005662,-4.359742975,0.193088387,0.262149351,-0.038437539
1.680000,1.086754748,0.471473041,-4.260766170,0.184552883,0.246770637,-0.032535073
1.681000,1.136040598,0.484420203,-4.104754836,0.173177923,0.232859171,-0.025604863
1.682000,1.170808945,0.465465255,-3.999390993,0.152896718,0.216339234,-0.015226680
1.683000,1.256140745,0.602577290,-4.013878619,0.133594312,0.202190130,-0.004156047
1.684000,1.237095509,0.710751333,-4.013251048,0.120829601,0.177718030,0.003914402
1.685000,1.123435006,0.548843824,-4.113931614,0.116598057,0.154989595,0.010391169
1.686000,1.113912468,0.402008067,-4.422515254,0.110646027,0.132553951,0.019462973
1.687000,1.199509701,0.368824525,-4.731702852,0.112251319,0.113194679,0.028011050
1.688000,1.280571730,0.278177964,-4.778096394,0.103744242,0.093529870,0.033497794
1.689000,1.495117289,0.185958112,-4.778906821,0.098445682,0.076954567,0.044656424
1.690000,1.715094931,0.179512508,-4.895758265,0.105886013,0.059996093,0.056063457
1.691000,1.831711990,-0.001304473,-5.078682107,0.116547695,0.037906041,0.069233051
1.692000,1.957741493,-0.133478192,-5.302394696,0.124352749,0.005311539,0.087714505
1.693000,2.067863968,-0.023506815,-5.634594429,0.141442587,-0.024681871,0.105836087
1.694000,2.099653746,-0.070839956,-5.606180665,0.151410731,-0.060655443,0.114699429
1.695000,2.165853689,-0.244475776,-5.515726831,0.155106742,-0.097297830,0.123659120
1.696000,2.111660726,-0.046088768,-5.519157426,0.156861656,-0.139433987,0.129545265
1.697000,2.109945083,0.260006289,-5.695988689,0.156711308,-0.184378502,0.132398185
1.698000,2.082824595,0.260534229,-5.796676371,0.158649204,-0.231424503,0.139696176
1.699000,2.054228815,0.229166523,-5.954229615,0.166891249,-0.277225839,0.143803016
1.700000,2.035269774,0.157864794,-6.267326420,0.179453691,-0.317171870,0.142038421
1.701000,2.004765073,-0.035867073,-6.439890020,0.190607448,-0.361345558,0.136132468
1.702000,2.026586023,-0.079603650,-6.554811026,0.183728914,-0.409273345,0.125839132
1.703000,2.074744556,0.043477577,-6.907365410,0.174596198,-0.455868442,0.112577195
1.704000,2.116278558,-0.007658082,-7.170548381,0.164690932,-0.504163509,0.097599242
1.705000,2.122889128,-0.340673288,-7.349103224,0.167713747,-0.557995984,0.081846270
1.706000,2.251842463,-0.393935208,-7.666225014,0.161146155,-0.613230944,0.079037087
1.707000,2.367081510,-0.118712138,-8.122019602,0.162513320,-0.659585719,0.081621350
1.708000,2.432166068,0.086655739,-8.408287802,0.154375719,-0.708892866,0.082647579
1.709000,2.523549237,0.087559924,-8.522346848,0.147509116,-0.760303239,0.083047572
1.710000,2.637238205,0.144625175,-8.578374818,0.135327305,-0.819166221,0.089192281
1.711000,2.673283545,-0.018736449,-8.648511798,0.143089408,-0.873864658,0.086513897
1.712000,2.789234749,-0.166800031,-8.749394413,0.139858257,-0.934568136,0.082691560
1.713000,2.931769615,-0.049457282,-9.075169695,0.135971771,-0.991593893,0.082881035
1.714000,2.918093286,0.096532869,-9.382281002,0.132476994,-1.053539314,0.077841460
1.715000,2.785632679,-0.126309405,-9.228061099,0.130890175,-1.138485174,0.067303304
1.716000,2.649732322,-0.189179900,-9.641890532,0.126320878,-1.217166524,0.065891762
1.717000,2.684934385,-0.120649417,-9.940456225,0.131350443,-1.277660272,0.068168804
1.718000,3.047964847,0.008089584,-10.405111541,0.119654908,-1.311159692,0.069221658
1.719000,3.559415991,0.130231097,-10.547493107,0.092812757,-1.346467513,0.071517543
1.720000,3.937941654,0.245150634,-10.850398958,0.062490099,-1.392357625,0.072721809
1.721000,4.149751625,0.158309137,-11.067158406,0.035237316,-1.452952317,0.065005451
1.722000,4.218612921,0.247602653,-11.507419789,0.008609444,-1.521981570,0.062420895
1.723000,4.219399525,0.398269101,-11.811244874,0.004974347,-1.588923679,0.060487290
1.724000,4.231006002,0.464769925,-11.978605312,0.006041004,-1.656134207,0.060460139
1.725000,4.315541541,0.332497601,-12.100847911,0.012535421,-1.715390961,0.062047174
1.726000,4.440485738,0.399225337,-12.308396215,0.004884038,-1.769771523,0.070433625
1.727000,4.591048363,0.518889852,-12.760718308,-0.003184304,-1.823580290,0.078119922
1.728000,4.649835660,0.789461236,-13.154848148,-0.025095242,-1.886543022,0.089404013
1.729000,4.701342671,0.834368642,-13.416744932,-0.026055416,-1.939711895,0.098803223
1.730000,4.659675770,0.760126454,-13.683087427,-0.020294672,-1.990674143,0.100728421
1.731000,4.749067757,0.577591654,-13.664555768,-0.017438983,-2.038548419,0.112227315
1.732000,4.903418800,0.659751304,-13.826251286,-0.035332285,-2.088542750,0.125683466
1.733000,5.046546151,0.852750839,-13.889985963,-0.048745180,-2.138628394,0.134822526
1.734000,5.083805464,0.971952532,-13.901935910,-0.074648826,-2.182286426,0.137781564
1.735000,5.074150045,0.755960662,-14.120862322,-0.081191947,-2.215660977,0.136119855
1.736000,4.788471490,0.313313066,-14.562405830,-0.081089203,-2.259672620,0.121659386
1.737000,4.203215711,-0.295398571,-14.965379120,-0.064880230,-2.314629904,0.101926707
1.738000,3.498172615,-0.801924801,-14.972415622,-0.064067397,-2.386602435,0.086665559
1.739000,2.627149402,-1.137913990,-14.888041678,-0.057959384,-2.464186942,0.071429608
1.740000,1.659279725,-1.361920397,-14.830836969,-0.047753428,-2.539614864,0.054766161
1.741000,0.660313459,-1.811019157,-15.005712153,-0.006887117,-2.602898443,0.033208603
1.742000,-0.246498039,-2.214906672,-14.977752764,0.025898936,-2.665335545,0.020142694
1.743000,-0.932259873,-2.279839777,-14.917750140,0.041318254,-2.727595815,0.025268022
1.744000,-1.387991806,-2.002455444,-14.717680121,0.031662360,-2.776984628,0.041018897
1.745000,-1.899903096,-1.572290123,-14.464467666,0.017335668,-2.817270948,0.051051377
1.746000,-2.243993979,-0.902019954,-14.382011521,0.003251551,-2.849734056,0.055360574
1.747000,-2.448006411,-0.450950093,-14.640342392,0.005497146,-2.869721996,0.055065251
1.748000,-2.215203338,0.112699249,-14.736991175,-0.008269861,-2.887284562,0.064697523
1.749000,-1.597277830,0.769443074,-14.978340357,-0.033589477,-2.885199241,0.086134605
1.750000,-0.793077053,1.374640603,-15.028060529,-0.062315295,-2.863902009,0.101982813
1.751000,0.196581996,1.585276484,-14.993047492,-0.078244728,-2.827746648,0.115944657
1.752000,1.293650053,1.665077254,-15.087842108,-0.097135003,-2.785550876,0.123791206
1.753000,2.426339155,1.731065191,-15.577492144,-0.107915939,-2.737376369,0.132387649
1.754000,3.618152512,1.438360538,-15.802543340,-0.119898549,-2.691043394,0.133064704
1.755000,4.828272792,1.001848033,-15.969370761,-0.121020394,-2.642113178,0.127988499
1.756000,6.032451271,0.485046422,-15.921780300,-0.116311974,-2.583457367,0.125167877
1.757000,7.104754612,-0.263782872,-16.080807105,-0.084881567,-2.527360541,0.116710405
1.758000,7.869361331,-1.174188201,-15.996083264,-0.047462557,-2.479506917,0.103495561
1.759000,8.566561226,-1.948970018,-16.019287354,-0.005738797,-2.438477036,0.093214284
1.760000,9.174978305,-2.502402339,-16.010742265,0.031880900,-2.393320070,0.088733587
1.761000,9.572745266,-2.984293936,-15.933452828,0.077684033,-2.343051204,0.081575502
1.762000,9.791648418,-3.269876302,-15.757985729,0.108581770,-2.299457527,0.070715634
1.763000,9.760988443,-3.374364455,-15.447971379,0.129176065,-2.270017075,0.060670114
1.764000,9.543760327,-3.184618182,-15.133350895,0.108134395,-2.249846930,0.065736096
1.765000,9.126311212,-2.683518608,-14.816860575,0.072504566,-2.241158271,0.074799705
1.766000,8.332016183,-1.868487612,-14.501061524,0.036456183,-2.235950059,0.085019187
1.767000,7.383480120,-1.101144297,-14.243319464,0.017519941,-2.232719022,0.095638529
1.768000,6.372138416,-0.545530321,-14.197366679,-0.005544340,-2.231250315,0.105164217
1.769000,5.204771758,-0.081986407,-14.262025584,-0.031661821,-2.224119485,0.111452715
1.770000,4.262937272,0.165000698,-14.249750935,-0.078085698,-2.210882332,0.118057397
1.771000,3.481272026,0.263961724,-13.905567747,-0.119169087,-2.195449931,0.115917380
1.772000,2.594436520,0.548910737,-13.718217829,-0.142126148,-2.177837553,0.104925515
1.773000,1.759365112,0.566757525,-13.537258263,-0.145354003,-2.165917298,0.090610556
1.774000,1.014786789,0.480502828,-13.646508640,-0.152281253,-2.147327454,0.078393919
1.775000,0.366064905,0.236392919,-13.709003137,-0.154299737,-2.120691227,0.064768705
1.776000,-0.047517551,-0.070273240,-13.359198555,-0.156319154,-2.092672180,0.050446874
1.777000,-0.270057845,-0.281292491,-13.061844680,-0.153003141,-2.052063492,0.040720064
1.778000,-0.525349664,-0.521424732,-13.218117002,-0.130243104,-2.002458362,0.026651359
1.779000,-0.641966761,-0.829090526,-13.559035889,-0.102825519,-1.939580676,0.010428392
1.780000,-0.314174463,-1.210784930,-13.480470963,-0.080287500,-1.867754585,0.001607399
1.781000,0.232942275,-1.416137704,-13.175521262,-0.064370564,-1.789649424,-0.001670210
1.782000,0.823951787,-1.417153105,-12.590751300,-0.056083295,-1.712777768,-0.003928212
1.783000,1.411160393,-1.166359723,-12.456968335,-0.051800349,-1.625158501,-0.001108511
1.784000,1.944490073,-1.162831686,-12.381858799,-0.044967769,-1.525167048,-0.005528162
1.785000,2.567325700,-1.143797565,-12.467107781,-0.041004747,-1.428972887,-0.008924494
1.786000,3.147175374,-0.870729987,-12.440723788,-0.064671068,-1.328358506,-0.004255056
1.787000,3.618649173,-0.439660466,-12.094429232,-0.091312266,-1.239439744,-0.008497791
1.788000,4.068168723,-0.037495547,-11.728926456,-0.117623582,-1.146153448,-0.017866918
1.789000,4.356852372,0.119076364,-11.527253116,-0.120161754,-1.056720603,-0.026193730
1.790000,4.477034421,0.144554625,-11.498229844,-0.125496327,-0.978298304,-0.039425060
1.791000,4.572814543,0.266941119,-11.312813721,-0.115889757,-0.906011685,-0.049625960
1.792000,4.555320999,0.293267927,-11.130682797,-0.108539889,-0.839294032,-0.062757239
1.793000,4.568394774,0.328914823,-10.652292430,-0.105075850,-0.775419215,-0.070350146
1.794000,4.575239496,0.550194453,-10.397266669,-0.117131745,-0.719231524,-0.071382968
1.795000,4.418260731,0.793581300,-10.189761505,-0.113553344,-0.649958258,-0.082498723
1.796000,4.086683599,0.735881748,-9.867411240,-0.102736687,-0.587573124,-0.101464574
1.797000,3.838416695,0.595517002,-9.677233044,-0.095354076,-0.531414917,-0.112221864
1.798000,3.638649051,0.701478389,-9.584176915,-0.085135943,-0.476237293,-0.116768698
1.799000,3.542821776,0.976011718,-9.320842126,-0.080050821,-0.407809438,-0.122923739
1.800000,3.398297326,1.059238377,-8.976796220,-0.087505854,-0.337030825,-0.134624611
1.801000,3.247827639,0.893027998,-8.546144497,-0.094229596,-0.269014838,-0.148076066
1.802000,3.090880885,0.776669911,-8.073214797,-0.088688441,-0.210940979,-0.156680015
1.803000,2.922848751,0.744377786,-7.827427072,-0.077701683,-0.151566694,-0.163109222
1.804000,2.681720076,0.874511671,-7.612552744,-0.065882899,-0.090678660,-0.173861112
1.805000,2.474130203,0.759809709,-7.388904192,-0.048603043,-0.026249419,-0.188569966
1.806000,2.263468629,0.453725106,-7.241274429,-0.037597771,0.032303238,-0.197773690
1.807000,2.143731618,0.292194276,-7.061092517,-0.023165690,0.090765841,-0.208708637
1.808000,2.093537850,0.253252813,-6.832871506,-0.025443932,0.152178818,-0.216660045
1.809000,2.105913405,0.409002450,-6.484293826,-0.033990605,0.219764137,-0.219634308
1.810000,2.084317204,0.499627420,-6.207919775,-0.039092312,0.277017762,-0.224307466
1.811000,2.036316172,0.354317675,-6.007399877,-0.029951128,0.338819604,-0.230420675
1.812000,1.999726021,0.199913750,-5.689184891,-0.024796230,0.397620384,-0.234927183
1.813000,2.022405081,0.188065864,-5.592784937,-0.015170737,0.460025130,-0.237406730
1.814000,2.022767505,0.317016635,-5.293363724,-0.017790608,0.518159230,-0.243831309
1.815000,2.097345617,0.350047184,-5.072817935,-0.016472947,0.565259291,-0.250005164
1.816000,2.120548035,0.282920792,-4.740610387,-0.028359148,0.607759575,-0.255299007
1.817000,2.179294421,0.306746964,-4.560529542,-0.025819390,0.649378747,-0.261623990
1.818000,2.210154825,0.370097688,-4.383430752,-0.025801387,0.684838502,-0.265085976
1.819000,2.242756211,0.408518991,-4.366737861,-0.019795810,0.722909107,-0.264852428
1.820000,2.373918037,0.399260773,-4.245069628,-0.015391687,0.763276220,-0.261960712
1.821000,2.598634381,0.381539501,-3.936784442,-0.017127302,0.803718327,-0.257476787
1.822000,2.731298568,0.471104937,-3.771072456,-0.030192043,0.841757975,-0.253368216
1.823000,2.857737353,0.534014656,-3.548080461,-0.037591695,0.875663638,-0.253168253
1.824000,2.967589948,0.554710894,-3.443532991,-0.050717390,0.900596728,-0.249713330
1.825000,3.024323442,0.560556504,-3.411957024,-0.041232336,0.925860955,-0.251773400
1.826000,3.109922748,0.389233571,-3.226783336,-0.028724222,0.948268656,-0.255394838
1.827000,3.321308828,0.163573502,-3.130268164,-0.019252694,0.971331230,-0.252478961
1.828000,3.551652381,0.268587441,-3.198627814,-0.016927751,0.997587526,-0.248203842
1.829000,3.757464935,0.452784661,-3.251358957,-0.013455968,1.018509707,-0.247677950
1.830000,3.878066081,0.392896018,-3.133542085,-0.015071415,1.034182081,-0.245736550
1.831000,4.017123196,0.176104754,-2.960836396,-0.006690902,1.046538498,-0.242271448
1.832000,4.150375158,-0.078990945,-2.856891864,0.011523887,1.060284809,-0.238024722
1.833000,4.287857038,-0.203317022,-2.629867273,0.026502868,1.069887981,-0.233018550
1.834000,4.459464952,-0.202832486,-2.555871780,0.027222952,1.077251596,-0.224688156
1.835000,4.687019111,-0.113083763,-2.536153097,0.020212909,1.082850963,-0.218410601
1.836000,4.775281747,0.028612245,-2.494225924,0.003412367,1.085824251,-0.214552844
1.837000,4.842406992,0.034341178,-2.461878687,0.002982572,1.082761435,-0.212081495
1.838000,4.816315290,-0.105786497,-2.291174240,0.012164892,1.073064904,-0.209201081
1.839000,4.798221133,-0.163125386,-2.164512725,0.022517700,1.057386017,-0.202137893
1.840000,4.853496952,-0.172442285,-2.030745432,0.026519032,1.047053879,-0.193483738
1.841000,4.958357951,-0.047780833,-1.883003824,0.019603048,1.034637838,-0.185413556
1.842000,5.010974927,0.111963240,-1.780091732,-0.001191648,1.019567152,-0.180753810
1.843000,5.008543735,0.241184663,-1.703978354,-0.017670454,1.000625669,-0.178449315
1.844000,4.886842497,0.351082868,-1.709287843,-0.015233891,0.979888361,-0.175867804
1.845000,4.754310579,0.337338596,-1.669593713,0.002043079,0.960307243,-0.172849663
1.846000,4.632148029,0.206555319,-1.545585160,0.012861755,0.933981686,-0.165795768
1.847000,4.550349552,0.149120143,-1.397627919,0.010928287,0.906401686,-0.153985324
1.848000,4.450516994,0.198774366,-1.265253031,-0.006152937,0.879523421,-0.140981211
1.849000,4.299719109,0.348026290,-1.250157004,-0.028634795,0.852803450,-0.130447732
1.850000,4.058914755,0.397143085,-1.157842845,-0.042106622,0.822667693,-0.122966452
1.851000,3.715628646,0.316416932,-1.093804161,-0.039163692,0.783593320,-0.112471596
1.852000,3.372817302,0.215672462,-0.948767480,-0.026285376,0.741989232,-0.102111375
1.853000,3.057227407,0.202865552,-0.975315698,-0.014001438,0.700828592,-0.090196468
1.854000,2.745706291,0.190476535,-0.904034709,-0.013021416,0.661423623,-0.080833496
1.855000,2.396298228,0.116483115,-0.870419817,-0.021838997,0.617759869,-0.071438352
1.856000,2.098619974,0.105026717,-0.852950240,-0.037281986,0.575446736,-0.063981514
1.857000,1.795166843,0.145840536,-0.650848781,-0.038235001,0.535015905,-0.059765662
1.858000,1.503538736,0.087137209,-0.383211109,-0.038768247,0.488906652,-0.054508770
1.859000,1.154108542,0.125364735,-0.188875559,-0.037129012,0.436992263,-0.043766973
1.860000,0.798534722,0.308475162,-0.116651046,-0.037409763,0.384269845,-0.029305530
1.861000,0.537995657,0.459068152,-0.034248690,-0.041102600,0.341829073,-0.014014814
1.862000,0.333323192,0.477748860,-0.013334737,-0.052557540,0.308331443,0.001382263
1.863000,0.150274299,0.507317792,0.084003949,-0.063464704,0.273918471,0.015140281
1.864000,-0.059703039,0.544802257,0.219555389,-0.068793340,0.238472399,0.028996687
1.865000,-0.288620516,0.457758711,0.300049133,-0.072418949,0.198040381,0.043240133
1.866000,-0.416322372,0.380503364,0.264814186,-0.077961093,0.156614156,0.060369248
1.867000,-0.468064502,0.416889682,0.220100700,-0.086842288,0.114602298,0.079674934
1.868000,-0.505438574,0.497683599,0.186797091,-0.100023295,0.075750759,0.098198478
1.869000,-0.531877355,0.495750911,0.201894293,-0.113485785,0.038614402,0.113893036
1.870000,-0.554223849,0.515325450,0.267978126,-0.128410056,-0.001731449,0.129924044
1.871000,-0.613231859,0.492338299,0.258509259,-0.135788216,-0.043095719,0.141880070
1.872000,-0.648443753,0.429203553,0.214954622,-0.141448857,-0.085528306,0.152163197
1.873000,-0.636808799,0.403942784,0.129123003,-0.146149645,-0.123978246,0.159377463
1.874000,-0.571038300,0.465263419,0.035741636,-0.147982143,-0.162336951,0.164631253
1.875000,-0.474608690,0.514205757,-0.025653746,-0.144748823,-0.195622657,0.168684791
1.876000,-0.434414855,0.508411909,-0.168546202,-0.137449218,-0.223230926,0.172091612
1.877000,-0.373565248,0.506537058,-0.145032090,-0.128816066,-0.247729425,0.176633548
1.878000,-0.249375363,0.497262323,-0.034467726,-0.114411675,-0.272277698,0.192195617
1.879000,-0.242310310,0.574469175,-0.075150635,-0.099356138,-0.285933624,0.206606000
1.880000,-0.149746569,0.601629631,-0.184979957,-0.086605967,-0.289163935,0.215504232
1.881000,-0.011781882,0.485709017,-0.147229910,-0.080989128,-0.295095898,0.221166648
1.882000,0.069815524,0.341956639,-0.095434810,-0.077411915,-0.305934975,0.224522335
1.883000,0.127359062,0.250792547,0.073584966,-0.075086466,-0.320795502,0.223350017
1.884000,0.158976109,0.295647981,0.426204298,-0.079936161,-0.341786723,0.217923143
1.885000,0.154850978,0.427115078,0.686035670,-0.080086439,-0.358985041,0.210245539
1.886000,0.160782501,0.446266120,0.643463183,-0.072438192,-0.367990281,0.202813212
1.887000,0.154129105,0.355791386,0.451361713,-0.055398406,-0.374439831,0.195286660
1.888000,0.204704154,0.062837493,0.379381531,-0.037194398,-0.389614158,0.189248348
1.889000,0.319788330,-0.147194540,0.428291728,-0.023977466,-0.405962906,0.187481162
1.890000,0.335062937,-0.046232068,0.701762543,-0.015603857,-0.422008065,0.180745129
1.891000,0.311195842,0.059415087,0.954120206,-0.009778750,-0.437004467,0.166625930
1.892000,0.256247010,-0.017706326,1.224508678,-0.003111791,-0.452741918,0.155799673
1.893000,0.197258293,-0.172728270,1.220172242,0.005128855,-0.467225221,0.148284719
1.894000,0.122344286,-0.219289733,1.102309953,0.017382446,-0.481391514,0.140610756
1.895000,0.050196333,-0.273634358,1.154890809,0.024177118,-0.497816613,0.135276056
1.896000,0.024184567,-0.283245376,1.314004303,0.021448612,-0.509328812,0.132527061
1.897000,-0.022130584,-0.213159086,1.414548970,0.014069872,-0.516054771,0.129065870
1.898000,-0.099254463,-0.193520937,1.669412787,0.004874098,-0.525791805,0.123447529
1.899000,-0.228313727,-0.286864453,1.901286359,-0.001983785,-0.537428311,0.118782924
1.900000,-0.359194061,-0.364894282,2.106587481,-0.003364955,-0.547888528,0.114237094
1.901000,-0.453711267,-0.358674148,2.094641076,-0.008427894,-0.556201353,0.110030140
1.902000,-0.542549706,-0.336853686,2.127579916,-0.013085810,-0.560077276,0.106068879
1.903000,-0.623086886,-0.335175341,2.156029513,-0.019720509,-0.559396685,0.104125700
1.904000,-0.715343879,-0.295663274,2.266739587,-0.021827421,-0.559140040,0.100835265
1.905000,-0.857510464,-0.331833414,2.386467059,-0.022953472,-0.561206296,0.096254572
1.906000,-1.041129805,-0.440688259,2.468776568,-0.020788480,-0.563924997,0.090148249
1.907000,-1.204287697,-0.489092446,2.523912478,-0.016469440,-0.565397914,0.084242482
1.908000,-1.345457045,-0.534862100,2.446308569,-0.010395382,-0.559824480,0.076237901
1.909000,-1.433187846,-0.584240790,2.372526725,-0.007529134,-0.552378664,0.067190425
1.910000,-1.451782809,-0.638795265,2.368164332,-0.004169693,-0.540424407,0.058106088
1.911000,-1.530779274,-0.669072073,2.420059944,-0.004924591,-0.529247917,0.047229583
1.912000,-1.606278148,-0.808523180,2.566808502,-0.003427193,-0.523015772,0.035575537
1.913000,-1.691864344,-0.913699655,2.709262222,-0.006475647,-0.518992308,0.027996084
1.914000,-1.752531553,-0.887646354,2.786063573,-0.006716938,-0.514474133,0.020140382
1.915000,-1.818465802,-0.855744744,2.912434795,-0.010140280,-0.508615479,0.010828239
1.916000,-1.870955026,-0.853443201,2.959896454,-0.008322073,-0.500532202,0.005448665
1.917000,-1.937492173,-0.855929558,3.006506973,-0.005897152,-0.494007165,0.001593027
1.918000,-1.976119662,-0.915694301,3.086295888,0.002548776,-0.488114193,-0.003692729
1.919000,-2.014982308,-0.959641202,3.238925981,0.005264406,-0.483413394,-0.007120645
1.920000,-1.978596241,-0.849266370,3.412273574,0.000545987,-0.472406264,-0.008661944
1.921000,-1.928701037,-0.696002354,3.608562287,-0.007404408,-0.458789352,-0.014380235
1.922000,-1.842338429,-0.602606432,3.759909299,-0.013077039,-0.441516033,-0.020457534
1.923000,-1.781367094,-0.489041463,3.790176550,-0.019110635,-0.418752421,-0.025719376
1.924000,-1.705760014,-0.395197515,3.759378973,-0.020460388,-0.393154508,-0.034569644
1.925000,-1.605405601,-0.263855684,3.556124338,-0.024884921,-0.360742631,-0.038529523
1.926000,-1.439684085,-0.139650853,3.467090491,-0.028537595,-0.321780533,-0.040181242
1.927000,-1.247378533,0.023484710,3.513981440,-0.033077141,-0.286540155,-0.044391804
1.928000,-1.053460508,0.000720949,3.636187018,-0.029515616,-0.248796300,-0.049236271
1.929000,-0.971512977,-0.087324937,3.675276545,-0.027850705,-0.210707715,-0.053038437
1.930000,-0.856689608,-0.160632197,3.562524510,-0.024827772,-0.174859302,-0.060342634
1.931000,-0.712016460,-0.045473298,3.440416133,-0.026975578,-0.133516258,-0.069372289
1.932000,-0.545416249,0.021828976,3.482358658,-0.029680120,-0.083891806,-0.077277619
1.933000,-0.312721863,0.145399454,3.522337221,-0.033499904,-0.028553023,-0.085596481
1.934000,-0.082921104,0.147247313,3.411531685,-0.025867745,0.028633996,-0.090514485
1.935000,0.090432647,0.130041326,3.332758636,-0.021590294,0.075440929,-0.091686600
1.936000,0.227972284,0.046580923,3.176311751,-0.010447461,0.126830130,-0.091884936
1.937000,0.425258465,-0.033548309,3.287573127,-0.006137875,0.180746081,-0.090736602
1.938000,0.604827322,-0.099093580,3.547292195,-0.006712621,0.235460173,-0.090739237
1.939000,0.858894960,-0.037498560,3.919524321,-0.020827056,0.290742306,-0.086867832
1.940000,1.087561873,0.172688158,3.933171782,-0.035216359,0.351234906,-0.087280247
1.941000,1.140622137,0.333412935,3.830022538,-0.043024777,0.403602942,-0.091870441
1.942000,1.171027919,0.271083441,3.691221550,-0.037539525,0.458130927,-0.092795395
1.943000,1.204541162,0.156334754,3.678484729,-0.031299341,0.509486889,-0.088196420
1.944000,1.316107620,0.246797182,3.707119625,-0.028464212,0.572278392,-0.085410424
1.945000,1.437643758,0.376169002,3.941233592,-0.038903484,0.638026906,-0.083439549
1.946000,1.560956991,0.465867548,4.069950583,-0.060191080,0.698789742,-0.082043852
1.947000,1.646808620,0.651277965,4.045325610,-0.081279864,0.751928919,-0.083419509
1.948000,1.689195416,0.667462654,4.000060959,-0.071850453,0.806587816,-0.092949914
1.949000,1.682592339,0.433015177,4.236181091,-0.058499328,0.854601981,-0.097690201
1.950000,1.860954053,0.236559485,4.282165334,-0.041524408,0.907146233,-0.101610407
1.951000,1.958466284,0.348790589,4.492302922,-0.033718586,0.956570591,-0.105242708
1.952000,2.088670924,0.335205995,4.771693576,-0.036915622,1.005033637,-0.108461539
1.953000,2.119968681,0.404958394,4.932835872,-0.059163958,1.056565885,-0.107170084
1.954000,2.214128253,0.490268063,4.975833109,-0.070286888,1.106231794,-0.105672723
1.955000,2.201352441,0.468479805,5.159935707,-0.062550217,1.157205452,-0.102452126
1.956000,2.297566997,0.460594655,5.376940607,-0.047533340,1.213007316,-0.098425149
1.957000,2.370543685,0.403815543,5.539574619,-0.033901793,1.266983428,-0.095681488
1.958000,2.435354422,0.161803653,5.822670694,-0.019094377,1.321401616,-0.093110775
1.959000,2.538953091,0.128345179,6.098556498,-0.028475136,1.377086487,-0.092080863
1.960000,2.623853610,0.267446693,6.122528737,-0.037096001,1.424651328,-0.094885926
1.961000,2.597328012,0.367423474,6.277645105,-0.047225161,1.475108150,-0.097464181
1.962000,2.507614240,0.348733095,6.329222672,-0.050577991,1.527466139,-0.106788859
1.963000,2.438252372,0.384781109,6.446040326,-0.038329724,1.574063893,-0.114733352
1.964000,2.336853167,0.350188237,6.631359718,-0.010747158,1.621520368,-0.117796378
1.965000,2.334593002,0.317511478,6.748382558,-0.004373297,1.675861423,-0.117518160
1.966000,2.501588155,0.409077787,6.768652685,-0.011369924,1.729825778,-0.112360704
1.967000,2.568483993,0.575286402,6.966662785,-0.025094031,1.789633621,-0.110738398
1.968000,2.520242143,0.550675919,7.265909654,-0.031264178,1.845664655,-0.110864790
1.969000,2.505041857,0.413138864,7.604772571,-0.033449703,1.893362378,-0.107107628
1.970000,2.489158504,0.202602103,7.827065738,-0.015293256,1.937741823,-0.104560397
1.971000,2.576227935,-0.077392506,8.033926503,0.005281795,1.980437867,-0.096131592
1.972000,2.694248222,-0.294979225,8.199953505,0.008691431,2.026428959,-0.083518573
1.973000,2.859259280,-0.195255201,8.199870366,0.006087516,2.070486153,-0.074924700
1.974000,2.913980056,-0.207839495,8.478233343,0.013734356,2.114194038,-0.067635071
1.975000,2.920165405,-0.325226746,8.763754981,0.013235307,2.156830145,-0.056812679
1.976000,2.952334208,-0.443271450,8.992470815,0.022788641,2.194255377,-0.044919908
1.977000,3.000162289,-0.469931344,9.170952835,0.039510677,2.240338848,-0.033337273
1.978000,3.017263219,-0.543655427,9.403023356,0.059974913,2.297854073,-0.021213672
1.979000,3.140845863,-0.565991922,9.241788256,0.073985968,2.355453692,-0.009488069
1.980000,3.180381058,-0.698061878,9.056176865,0.090587555,2.419058203,-0.003109227
1.981000,3.259668361,-0.820113064,8.821386561,0.100924443,2.482747722,0.007070138
1.982000,3.334032434,-0.922790446,8.798881996,0.109984092,2.539365981,0.011838965
1.983000,3.371890641,-1.095609125,9.041376668,0.126710663,2.592379091,0.013809683
1.984000,3.566948130,-1.159727877,9.522373654,0.129158379,2.648607425,0.020041222
1.985000,3.786360114,-0.856349412,9.787921153,0.137403084,2.712445998,0.024751114
1.986000,4.002164466,-0.548717814,9.805891796,0.152436952,2.771829884,0.028625906
1.987000,4.801701503,-0.205814884,9.452763117,0.143832219,2.841514213,0.043210050
1.988000,5.969957529,0.373064445,9.465539231,0.116577544,2.950668731,0.050287799
1.989000,7.116489894,0.869880811,10.168309475,0.091349254,3.046664479,0.051290791
1.990000,8.199720149,0.986183197,10.489610851,0.058346677,3.143388903,0.056667075
1.991000,8.966083494,1.102230236,10.082949467,0.049145719,3.231891909,0.050209427
1.992000,9.901810019,0.912404406,9.921794792,0.063974921,3.318027845,0.040361304
1.993000,10.859631032,0.431121564,9.940308547,0.066169724,3.410499134,0.041117813
1.994000,11.514028383,0.070447543,9.972436074,0.084888967,3.491822176,0.034263597
1.995000,11.908444650,-0.250448961,10.264471374,0.106045893,3.552173033,0.028295985
1.996000,12.100776173,-0.835668681,10.251430786,0.130925580,3.609762342,0.025727262
1.997000,12.212511937,-1.379896620,10.210761783,0.144741388,3.667230065,0.021652267
1.998000,12.184218508,-1.886096530,10.142712153,0.155576959,3.707897963,0.020919541
1.999000,11.887948338,-2.196480172,10.307674841,0.176174410,3.737752240,0.019121441
2.000000,11.446133759,-2.422771258,10.470212838,0.211013899,3.746796031,0.024991166
2.001000,10.770104392,-2.750103683,10.977503863,0.232232226,3.753385489,0.018070526
2.002000,9.968632417,-2.704511618,11.165293904,0.231229366,3.755345289,0.012129048
2.003000,9.254446949,-2.231837534,11.436630393,0.211629478,3.750733513,0.014218387
2.004000,8.425139257,-1.718466589,11.602554641,0.202620997,3.742153933,0.021805912
2.005000,7.513802570,-1.176412437,11.939272781,0.190150270,3.729810969,0.037214730
2.006000,6.758008340,-0.469535890,12.255706714,0.165007076,3.723099021,0.056929134
2.007000,6.074126067,0.339714943,12.140138975,0.128572257,3.719367360,0.071563914
2.008000,5.521113782,0.860960183,12.075937198,0.101003678,3.713339643,0.087751726
2.009000,5.046871791,1.096986644,12.032122724,0.080102344,3.706149711,0.100124167
2.010000,4.785715847,1.291954785,12.144190178,0.069289148,3.695816266,0.103251759
2.011000,4.618616658,1.357986077,12.300543071,0.061127247,3.691016315,0.107934813
2.012000,4.565963140,1.265947785,12.229460444,0.073591474,3.688648297,0.114476588
2.013000,4.703432375,0.960381398,11.943161541,0.093370955,3.695452429,0.125846180
2.014000,5.063421029,0.498084519,11.811837284,0.106440917,3.699757080,0.135884589
2.015000,5.591089592,0.068425621,11.927610295,0.121498074,3.704104574,0.149527775
2.016000,6.210555699,-0.327135136,11.780326423,0.154334714,3.715983830,0.168960116
2.017000,6.902141359,-0.815883400,11.961699669,0.205274892,3.733517174,0.188134864
2.018000,7.415857864,-1.332091447,12.078191922,0.247229804,3.748188254,0.205125463
2.019000,8.073890180,-1.690198450,12.120774024,0.270254271,3.758396446,0.202223070
2.020000,8.695694433,-2.084635013,12.326969022,0.281806651,3.763498108,0.174284965
2.021000,9.293722843,-2.077832283,13.009895462,0.260599858,3.763805040,0.134018703
2.022000,9.894690638,-1.850760517,13.681260120,0.237040928,3.763493379,0.071599584
2.023000,10.350163520,-1.378243151,13.990071352,0.206456691,3.755955534,-0.000304217
2.024000,10.742648482,-0.729089542,13.865466924,0.171741605,3.739709904,-0.051790682
2.025000,11.096996727,-0.023763460,13.596276110,0.124884168,3.725500264,-0.081503865
2.026000,11.024105417,0.630661409,13.519405121,0.103011253,3.711575047,-0.090217247
2.027000,10.849217671,0.963811469,13.752526924,0.098078440,3.694853183,-0.080779001
2.028000,10.683630168,1.000268777,13.631318222,0.102018857,3.675077920,-0.061662415
2.029000,10.343968709,0.776836923,13.494193056,0.106517091,3.650866769,-0.046525331
2.030000,9.936837995,0.396138263,13.355178413,0.112927082,3.602776293,-0.036758867
2.031000,9.324992400,-0.024931985,13.624495088,0.116357249,3.547124831,-0.038488961
2.032000,8.672024913,-0.278477355,13.882159404,0.119660005,3.486580682,-0.041503494
2.033000,7.696247186,-0.608720296,14.187658251,0.124601954,3.428374002,-0.055113637
2.034000,6.688657390,-0.927065363,13.870232089,0.135159164,3.355888479,-0.071586111
2.035000,5.738714656,-1.074064685,13.482130523,0.156523641,3.275436557,-0.091412668
2.036000,5.010333549,-1.202237186,13.338905874,0.179220467,3.194415574,-0.111795141
2.037000,4.354632074,-1.371925938,13.604734743,0.193324810,3.108311617,-0.133046634
2.038000,3.798695813,-1.371136162,13.929530743,0.215966774,3.027768663,-0.162612613
2.039000,3.461102020,-1.355533098,13.914104302,0.235043129,2.967318960,-0.191271586
2.040000,3.364545187,-1.240501065,13.337363925,0.240314141,2.924284834,-0.209431150
2.041000,3.441872631,-1.011096154,13.087548915,0.248240068,2.886200695,-0.235026431
2.042000,3.619660672,-0.765870064,13.165153744,0.251776883,2.851138783,-0.251854655
2.043000,3.751692405,-0.544378264,13.345964548,0.240620912,2.813835993,-0.255359930
2.044000,3.871710601,-0.271494339,13.335069058,0.224204416,2.773949970,-0.255969600
2.045000,3.953407012,0.012033266,13.067988601,0.202092369,2.730608015,-0.249303514
2.046000,4.098097153,0.365156986,12.675996323,0.174994362,2.685131385,-0.236780869
2.047000,4.161270478,0.640377612,12.401448523,0.173500295,2.640138444,-0.235590680
2.048000,4.358945159,0.488077909,12.379291432,0.183530910,2.592577415,-0.229862874
2.049000,4.601876748,0.183312911,12.299844874,0.186039260,2.549745453,-0.228295667
2.050000,4.881975763,-0.012079309,11.852551210,0.194055258,2.508648635,-0.236328137
2.051000,5.113695324,-0.384447701,11.255646899,0.194642842,2.465768606,-0.240144307
2.052000,5.395022722,-0.788366365,10.808646219,0.213043452,2.418885919,-0.244783351
2.053000,5.535192630,-1.092406050,10.740483908,0.246702857,2.369307829,-0.254635643
2.054000,5.584869047,-1.467530848,10.620719675,0.284149469,2.316403846,-0.265497923
2.055000,5.622002577,-1.805764078,10.344220641,0.300388355,2.259443097,-0.274631878
2.056000,5.709226627,-1.858991073,10.026127052,0.310689711,2.206142656,-0.285494963
2.057000,5.740096780,-1.778555521,9.805578415,0.307560947,2.146816354,-0.292432781
2.058000,5.690152269,-1.603493258,9.602809201,0.300201721,2.090047141,-0.295580794
2.059000,5.594219219,-1.239267409,9.542822418,0.298978480,2.023501243,-0.295301447
2.060000,5.317472287,-1.064990110,9.459819285,0.306102259,1.954006256,-0.294123217
2.061000,4.941433151,-1.055359153,9.489161005,0.302528825,1.873338224,-0.290163257
2.062000,4.590641799,-0.976715884,9.419233405,0.289442769,1.806121132,-0.283044412
2.063000,4.216576972,-0.686148345,9.155066915,0.267130904,1.740103698,-0.275410841
2.064000,3.766738471,-0.467768069,8.854863753,0.260053020,1.672449474,-0.262256359
2.065000,3.226978166,-0.271515547,8.718235189,0.267544933,1.594262044,-0.242349566
2.066000,2.779676898,-0.199052900,8.471692152,0.287238933,1.524973340,-0.224406155
2.067000,2.323956471,-0.233957773,8.289887743,0.286792850,1.452548683,-0.210422236
2.068000,2.034437006,-0.265782105,8.078129154,0.279899754,1.385777193,-0.201513457
2.069000,1.720596905,-0.066954939,7.804650071,0.274173861,1.317924082,-0.195891321
2.070000,1.477141272,0.024133232,7.692951059,0.282374808,1.258028940,-0.194137904
2.071000,1.245083606,0.066273697,7.564177947,0.285638877,1.196897081,-0.188699076
2.072000,1.082405807,0.050517589,7.355562736,0.301336795,1.140016287,-0.184533822
2.073000,0.934814774,0.011927372,7.191996205,0.311088048,1.081823042,-0.185064897
2.074000,0.917812965,-0.088457323,7.029951337,0.315911820,1.028118396,-0.187483847
2.075000,0.986694075,0.000641569,6.736577946,0.310968406,0.981103556,-0.191117711
2.076000,1.042013005,-0.104508308,6.404867594,0.312431731,0.943375886,-0.193484383
2.077000,1.102344344,-0.243018957,6.135836859,0.309209879,0.903638672,-0.195382222
2.078000,1.262802948,-0.412045227,5.859031142,0.309188335,0.852770941,-0.195595205
2.079000,1.299842093,-0.418008854,5.836759771,0.319951007,0.809898246,-0.194942646
2.080000,1.340666508,-0.530052029,5.763696249,0.328629172,0.770830927,-0.195984848
2.081000,1.463706244,-0.568570892,5.473295367,0.328726541,0.734614713,-0.192918136
2.082000,1.541393658,-0.494606827,5.148331203,0.327142047,0.702007843,-0.189928426
2.083000,1.513558043,-0.421053818,4.955286951,0.322198314,0.663499118,-0.189214905
2.084000,1.494081747,-0.426205153,4.870279061,0.318403062,0.623615049,-0.186343870
2.085000,1.502779366,-0.285319894,4.924336976,0.311685633,0.584830900,-0.178827946
2.086000,1.457818409,-0.164643902,4.837095925,0.308330287,0.548009712,-0.174700080
2.087000,1.389428836,-0.076826415,4.711568001,0.305510106,0.514199352,-0.168667231
2.088000,1.360101533,-0.043263780,4.560385894,0.299388122,0.480996242,-0.160657932
2.089000,1.320963699,0.076594015,4.398166847,0.286486115,0.449929881,-0.151014134
2.090000,1.308317104,0.181185110,4.424294502,0.274409923,0.420179411,-0.140938097
2.091000,1.214777247,0.279818543,4.416400355,0.262235753,0.394082658,-0.134868888
2.092000,1.046849169,0.438781801,4.377563040,0.249023599,0.370592821,-0.126020876
2.093000,0.919499138,0.674464300,4.212365106,0.237059017,0.350520374,-0.117108197
2.094000,0.811411542,0.842718725,3.955277896,0.229139813,0.337178238,-0.108705902
2.095000,0.685329165,0.929288489,3.690740857,0.225210472,0.325665322,-0.101179477
2.096000,0.578779756,0.814834837,3.570747730,0.222870812,0.315714543,-0.096730999
2.097000,0.591403903,0.690004406,3.483520376,0.215343727,0.305968712,-0.090294904
2.098000,0.606287203,0.585979866,3.378953103,0.211909696,0.300698793,-0.085364061
2.099000,0.651727799,0.452354833,3.250689125,0.203720486,0.296613057,-0.079123168
2.100000,0.677935706,0.189510960,3.095005851,0.206380394,0.294026046,-0.072179072
2.101000,0.675949007,-0.012676357,2.981252750,0.213525459,0.290383267,-0.064314628
2.102000,0.707773571,-0.200279319,2.885480456,0.227936235,0.286335783,-0.049714143
2.103000,0.790778436,-0.359050430,2.739043619,0.237952469,0.281193813,-0.030694360
2.104000,0.863442759,-0.425913485,2.662761326,0.239910721,0.275637193,-0.012564290
2.105000,0.883822833,-0.432203285,2.701838041,0.231844719,0.272090434,0.001031413
2.106000,0.866899758,-0.532905460,2.720575749,0.218431536,0.268554963,0.006495738
2.107000,0.814483528,-0.678785098,2.677509394,0.196173183,0.263957155,0.004311711
2.108000,0.807324829,-0.694413482,2.503108668,0.174558598,0.261397961,-0.001477848
2.109000,0.833273933,-0.578103565,2.367314016,0.154721265,0.259292863,-0.009869994
2.110000,0.914073011,-0.462337036,2.260361777,0.141153358,0.259466993,-0.017418137
2.111000,1.080970259,-0.353566829,2.114123729,0.134059826,0.261508090,-0.019196248
2.112000,1.286266242,-0.308664450,1.989001844,0.132554610,0.262005238,-0.008257123
2.113000,1.399118085,-0.300185158,1.828752155,0.127830540,0.258352559,0.010340996
2.114000,1.455321538,-0.159500066,1.675129888,0.117133247,0.252941697,0.035012171
2.115000,1.507467475,0.115675829,1.570878454,0.098346942,0.247243360,0.064394384
2.116000,1.549064340,0.442079348,1.510935179,0.083879999,0.242058757,0.091584048
2.117000,1.508231090,0.670792698,1.429131738,0.077189170,0.238888515,0.112888971
2.118000,1.445229672,0.717744831,1.250170196,0.079206341,0.235340805,0.128056461
2.119000,1.383435613,0.614092409,1.042893054,0.085196507,0.230097085,0.143712634
2.120000,1.325474496,0.417196588,0.898989734,0.089681572,0.223317745,0.152695567
2.121000,1.353830310,0.205765239,0.907010637,0.089522332,0.214974838,0.155546625
2.122000,1.355167789,0.076967176,0.905111131,0.083491622,0.209296715,0.156295763
2.123000,1.324543932,0.084090664,0.694915123,0.082016794,0.209237172,0.154028742
2.124000,1.268638038,-0.065663861,0.468223633,0.092760748,0.207893560,0.146079943
2.125000,1.200853777,-0.287942683,0.186418079,0.114580620,0.203609363,0.133937219
2.126000,1.116579781,-0.545131710,0.058327751,0.148243398,0.198473720,0.119114239
2.127000,1.023076347,-0.666762837,-0.023315778,0.179314653,0.193352998,0.104176687
2.128000,0.948216343,-0.660482763,-0.198981838,0.204527461,0.191322029,0.086110236
2.129000,0.819664346,-0.602104105,-0.421068580,0.221270964,0.191899110,0.064782461
2.130000,0.733953270,-0.751846254,-0.521313539,0.237362292,0.187327106,0.042992362
2.131000,0.682627387,-0.982790457,-0.590991390,0.252922181,0.179479797,0.028780871
2.132000,0.586605970,-1.092721725,-0.657599376,0.271621443,0.172439339,0.021654512
2.133000,0.476360548,-1.060217905,-0.626887391,0.282827776,0.165145212,0.017290916
2.134000,0.367873954,-0.932262365,-0.639346245,0.274652587,0.162014222,0.016641549
2.135000,0.272580579,-0.686356983,-0.725334435,0.258487611,0.161938222,0.014786172
2.136000,0.180960633,-0.502227283,-0.717614745,0.244337016,0.160572011,0.008303096
2.137000,0.030297496,-0.387272410,-0.685842417,0.238423494,0.152753217,-0.002061939
2.138000,-0.157508349,-0.310007259,-0.850950826,0.243349821,0.144117660,-0.013573712
2.139000,-0.322198307,-0.254398865,-1.126840234,0.256301949,0.135574441,-0.022115958
2.140000,-0.480498037,-0.160146300,-1.341558457,0.264057904,0.128625404,-0.028349748
2.141000,-0.532515073,-0.050461559,-1.446259835,0.269022507,0.125700112,-0.031260211
2.142000,-0.511980163,0.086472897,-1.485960993,0.267671103,0.128608328,-0.031866493
2.143000,-0.498241411,0.172532351,-1.466516481,0.264362346,0.132816659,-0.035999404
2.144000,-0.532820675,0.173700388,-1.539250195,0.265712805,0.136690081,-0.042541324
2.145000,-0.599728339,0.105827250,-1.778232257,0.274252390,0.137811215,-0.046765589
2.146000,-0.678240069,0.046333846,-2.084983056,0.282858912,0.137442953,-0.050753412
2.147000,-0.706841823,0.003820738,-2.333341505,0.285291603,0.139095390,-0.051712376
2.148000,-0.683944156,0.008414854,-2.436810076,0.278361294,0.141462921,-0.049936711
2.149000,-0.673941078,0.023086074,-2.457095557,0.270621183,0.146380118,-0.048039487
2.150000,-0.709128162,-0.018165502,-2.484083914,0.267549405,0.150027712,-0.047690420
2.151000,-0.739742506,-0.231556943,-2.527807827,0.269733578,0.151887593,-0.047735251
2.152000,-0.749977116,-0.440553193,-2.632138530,0.270947053,0.154712945,-0.049012348
2.153000,-0.713709695,-0.424290439,-2.785498609,0.272356476,0.159757284,-0.052680740
2.154000,-0.597439968,-0.359411526,-2.812883975,0.266222218,0.166184227,-0.056579527
2.155000,-0.476024422,-0.303347719,-2.719249487,0.254348857,0.173786394,-0.058583995
2.156000,-0.368757016,-0.127984378,-2.702656430,0.241066945,0.182390352,-0.061641431
2.157000,-0.301485958,0.047340093,-2.697515578,0.238056384,0.190482571,-0.064171350
2.158000,-0.283840403,0.153397683,-2.794859769,0.239807485,0.196828635,-0.065724710
2.159000,-0.246986925,0.208516789,-2.971279533,0.242508289,0.204924783,-0.067502821
2.160000,-0.168690039,0.390446208,-3.185665260,0.237647137,0.213541057,-0.067898850
2.161000,-0.057050594,0.629841341,-3.300792651,0.228781567,0.224031556,-0.069993807
2.162000,0.031481856,0.854855591,-3.325504181,0.211970321,0.232054740,-0.072461003
2.163000,0.098858381,1.016406377,-3.460585089,0.202885972,0.243542290,-0.076397185
2.164000,0.138766651,1.079859596,-3.617016181,0.199949824,0.252577092,-0.082436437
2.165000,0.201924028,1.018718338,-3.805651680,0.206822255,0.261860184,-0.088418709
2.166000,0.278663754,0.841428987,-4.016216475,0.210454050,0.269730045,-0.094971807
2.167000,0.417048831,0.736243283,-4.142697782,0.209029929,0.279645545,-0.100588598
2.168000,0.537554703,0.647975871,-4.097490284,0.200352846,0.287212160,-0.110497778
2.169000,0.658027676,0.504205677,-4.012780471,0.191478406,0.292205041,-0.118849913
2.170000,0.787220819,0.320871036,-3.944955800,0.181224252,0.293936985,-0.124373717
2.171000,0.896443501,0.190425634,-3.960638267,0.176925386,0.293627743,-0.126123378
2.172000,0.942347728,0.161950350,-4.071714242,0.173761051,0.293538293,-0.121896301
2.173000,0.973932309,0.283425446,-4.193212027,0.171043594,0.295538314,-0.111962687
2.174000,0.992817603,0.371900349,-4.312214274,0.169900112,0.295375766,-0.098520741
2.175000,1.023896595,0.434197857,-4.420749756,0.170532392,0.294573119,-0.081551946
2.176000,0.985344274,0.503743239,-4.440249270,0.173734757,0.289523521,-0.067175898
2.177000,0.967614810,0.503313413,-4.511480129,0.186031989,0.282598918,-0.054805944
2.178000,0.943126460,0.410734087,-4.409467158,0.194216281,0.270586519,-0.045060087
2.179000,0.986623881,0.381005662,-4.359742975,0.193088387,0.262149351,-0.038437539
2.180000,1.086754748,0.471473041,-4.260766170,0.184552883,0.246770637,-0.032535073
2.181000,1.136040598,0.484420203,-4.104754836,0.173177923,0.232859171,-0.025604863
2.182000,1.170808945,0.465465255,-3.999390993,0.152896718,0.216339234,-0.015226680
2.183000,1.256140745,0.602577290,-4.013878619,0.133594312,0.202190130,-0.004156047
2.184000,1.237095509,0.710751333,-4.013251048,0.120829601,0.177718030,0.003914402
2.185000,1.123435006,0.548843824,-4.113931614,0.116598057,0.154989595,0.010391169
2.186000,1.113912468,0.402008067,-4.422515254,0.110646027,0.132553951,0.019462973
2.187000,1.199509701,0.368824525,-4.731702852,0.112251319,0.113194679,0.028011050
2.188000,1.280571730,0.278177964,-4.778096394,0.103744242,0.093529870,0.033497794
2.189000,1.495117289,0.185958112,-4.778906821,0.098445682,0.076954567,0.044656424
2.190000,1.715094931,0.179512508,-4.895758265,0.105886013,0.059996093,0.056063457
2.191000,1.831711990,-0.001304473,-5.078682107,0.116547695,0.037906041,0.069233051
2.192000,1.957741493,-0.133478192,-5.302394696,0.124352749,0.005311539,0.087714505
2.193000,2.067863968,-0.023506815,-5.634594429,0.141442587,-0.024681871,0.105836087
2.194000,2.099653746,-0.070839956,-5.606180665,0.151410731,-0.060655443,0.114699429
2.195000,2.165853689,-0.244475776,-5.515726831,0.155106742,-0.097297830,0.123659120
2.196000,2.111660726,-0.046088768,-5.519157426,0.156861656,-0.139433987,0.129545265
2.197000,2.109945083,0.260006289,-5.695988689,0.156711308,-0.184378502,0.132398185
2.198000,2.082824595,0.260534229,-5.796676371,0.158649204,-0.231424503,0.139696176
2.199000,2.054228815,0.229166523,-5.954229615,0.166891249,-0.277225839,0.143803016
2.200000,2.035269774,0.157864794,-6.267326420,0.179453691,-0.317171870,0.142038421
2.201000,2.004765073,-0.035867073,-6.439890020,0.190607448,-0.361345558,0.136132468
2.202000,2.026586023,-0.079603650,-6.554811026,0.183728914,-0.409273345,0.125839132
2.203000,2.074744556,0.043477577,-6.907365410,0.174596198,-0.455868442,0.112577195
2.204000,2.116278558,-0.007658082,-7.170548381,0.164690932,-0.504163509,0.097599242
2.205000,2.122889128,-0.340673288,-7.349103224,0.167713747,-0.557995984,0.081846270
2.206000,2.251842463,-0.393935208,-7.666225014,0.161146155,-0.613230944,0.079037087
2.207000,2.367081510,-0.118712138,-8.122019602,0.162513320,-0.659585719,0.081621350
2.208000,2.432166068,0.086655739,-8.408287802,0.154375719,-0.708892866,0.082647579
2.209000,2.523549237,0.087559924,-8.522346848,0.147509116,-0.760303239,0.083047572
2.210000,2.637238205,0.144625175,-8.578374818,0.135327305,-0.819166221,0.089192281
2.211000,2.673283545,-0.018736449,-8.648511798,0.143089408,-0.873864658,0.086513897
2.212000,2.789234749,-0.166800031,-8.749394413,0.139858257,-0.934568136,0.082691560
2.213000,2.931769615,-0.049457282,-9.075169695,0.135971771,-0.991593893,0.082881035
2.214000,2.918093286,0.096532869,-9.382281002,0.132476994,-1.053539314,0.077841460
2.215000,2.785632679,-0.126309405,-9.228061099,0.130890175,-1.138485174,0.067303304
2.216000,2.649732322,-0.189179900,-9.641890532,0.126320878,-1.217166524,0.065891762
2.217000,2.684934385,-0.120649417,-9.940456225,0.131350443,-1.277660272,0.068168804
2.218000,3.047964847,0.008089584,-10.405111541,0.119654908,-1.311159692,0.069221658
2.219000,3.559415991,0.130231097,-10.547493107,0.092812757,-1.346467513,0.071517543
2.220000,3.937941654,0.245150634,-10.850398958,0.062490099,-1.392357625,0.072721809
2.221000,4.149751625,0.158309137,-11.067158406,0.035237316,-1.452952317,0.065005451
2.222000,4.218612921,0.247602653,-11.507419789,0.008609444,-1.521981570,0.062420895
2.223000,4.219399525,0.398269101,-11.811244874,0.004974347,-1.588923679,0.060487290
2.224000,4.231006002,0.464769925,-11.978605312,0.006041004,-1.656134207,0.060460139
2.225000,4.315541541,0.332497601,-12.100847911,0.012535421,-1.715390961,0.062047174
2.226000,4.440485738,0.399225337,-12.308396215,0.004884038,-1.769771523,0.070433625
2.227000,4.591048363,0.518889852,-12.760718308,-0.003184304,-1.823580290,0.078119922
2.228000,4.649835660,0.789461236,-13.154848148,-0.025095242,-1.886543022,0.089404013
2.229000,4.701342671,0.834368642,-13.416744932,-0.026055416,-1.939711895,0.098803223
2.230000,4.659675770,0.760126454,-13.683087427,-0.020294672,-1.990674143,0.100728421
2.231000,4.749067757,0.577591654,-13.664555768,-0.017438983,-2.038548419,0.112227315
2.232000,4.903418800,0.659751304,-13.826251286,-0.035332285,-2.088542750,0.125683466
2.233000,5.046546151,0.852750839,-13.889985963,-0.048745180,-2.138628394,0.134822526
2.234000,5.083805464,0.971952532,-13.901935910,-0.074648826,-2.182286426,0.137781564
2.235000,5.074150045,0.755960662,-14.120862322,-0.081191947,-2.215660977,0.136119855
2.236000,4.788471490,0.313313066,-14.562405830,-0.081089203,-2.259672620,0.121659386
2.237000,4.203215711,-0.295398571,-14.965379120,-0.064880230,-2.314629904,0.101926707
2.238000,3.498172615,-0.801924801,-14.972415622,-0.064067397,-2.386602435,0.086665559
2.239000,2.627149402,-1.137913990,-14.888041678,-0.057959384,-2.464186942,0.071429608
2.240000,1.659279725,-1.361920397,-14.830836969,-0.047753428,-2.539614864,0.054766161
2.241000,0.660313459,-1.811019157,-15.005712153,-0.006887117,-2.602898443,0.033208603
2.242000,-0.246498039,-2.214906672,-14.977752764,0.025898936,-2.665335545,0.020142694
2.243000,-0.932259873,-2.279839777,-14.917750140,0.041318254,-2.727595815,0.025268022
2.244000,-1.387991806,-2.002455444,-14.717680121,0.031662360,-2.776984628,0.041018897
2.245000,-1.899903096,-1.572290123,-14.464467666,0.017335668,-2.817270948,0.051051377
2.246000,-2.243993979,-0.902019954,-14.382011521,0.003251551,-2.849734056,0.055360574
2.247000,-2.448006411,-0.450950093,-14.640342392,0.005497146,-2.869721996,0.055065251
2.248000,-2.215203338,0.112699249,-14.736991175,-0.008269861,-2.887284562,0.064697523
2.249000,-1.597277830,0.769443074,-14.978340357,-0.033589477,-2.885199241,0.086134605
2.250000,-0.793077053,1.374640603,-15.028060529,-0.062315295,-2.863902009,0.101982813
2.251000,0.196581996,1.585276484,-14.993047492,-0.078244728,-2.827746648,0.115944657
2.252000,1.293650053,1.665077254,-15.087842108,-0.097135003,-2.785550876,0.123791206
2.253000,2.426339155,1.731065191,-15.577492144,-0.107915939,-2.737376369,0.132387649
2.254000,3.618152512,1.438360538,-15.802543340,-0.119898549,-2.691043394,0.133064704
2.255000,4.828272792,1.001848033,-15.969370761,-0.121020394,-2.642113178,0.127988499
2.256000,6.032451271,0.485046422,-15.921780300,-0.116311974,-2.583457367,0.125167877
2.257000,7.104754612,-0.263782872,-16.080807105,-0.084881567,-2.527360541,0.116710405
2.258000,7.869361331,-1.174188201,-15.996083264,-0.047462557,-2.479506917,0.103495561
2.259000,8.566561226,-1.948970018,-16.019287354,-0.005738797,-2.438477036,0.093214284
2.260000,9.174978305,-2.502402339,-16.010742265,0.031880900,-2.393320070,0.088733587
2.261000,9.572745266,-2.984293936,-15.933452828,0.077684033,-2.343051204,0.081575502
2.262000,9.791648418,-3.269876302,-15.757985729,0.108581770,-2.299457527,0.070715634
2.263000,9.760988443,-3.374364455,-15.447971379,0.129176065,-2.270017075,0.060670114
2.264000,9.543760327,-3.184618182,-15.133350895,0.108134395,-2.249846930,0.065736096
2.265000,9.126311212,-2.683518608,-14.816860575,0.072504566,-2.241158271,0.074799705
2.266000,8.332016183,-1.868487612,-14.501061524,0.036456183,-2.235950059,0.085019187
2.267000,7.383480120,-1.101144297,-14.243319464,0.017519941,-2.232719022,0.095638529
2.268000,6.372138416,-0.545530321,-14.197366679,-0.005544340,-2.231250315,0.105164217
2.269000,5.204771758,-0.081986407,-14.262025584,-0.031661821,-2.224119485,0.111452715
2.270000,4.262937272,0.165000698,-14.249750935,-0.078085698,-2.210882332,0.118057397
2.271000,3.481272026,0.263961724,-13.905567747,-0.119169087,-2.195449931,0.115917380
2.272000,2.594436520,0.548910737,-13.718217829,-0.142126148,-2.177837553,0.104925515
2.273000,1.759365112,0.566757525,-13.537258263,-0.145354003,-2.165917298,0.090610556
2.274000,1.014786789,0.480502828,-13.646508640,-0.152281253,-2.147327454,0.078393919
2.275000,0.366064905,0.236392919,-13.709003137,-0.154299737,-2.120691227,0.064768705
2.276000,-0.047517551,-0.070273240,-13.359198555,-0.156319154,-2.092672180,0.050446874
2.277000,-0.270057845,-0.281292491,-13.061844680,-0.153003141,-2.052063492,0.040720064
2.278000,-0.525349664,-0.521424732,-13.218117002,-0.130243104,-2.002458362,0.026651359
2.279000,-0.641966761,-0.829090526,-13.559035889,-0.102825519,-1.939580676,0.010428392
2.280000,-0.314174463,-1.210784930,-13.480470963,-0.080287500,-1.867754585,0.001607399
2.281000,0.232942275,-1.416137704,-13.175521262,-0.064370564,-1.789649424,-0.001670210
2.282000,0.823951787,-1.417153105,-12.590751300,-0.056083295,-1.712777768,-0.003928212
2.283000,1.411160393,-1.166359723,-12.456968335,-0.051800349,-1.625158501,-0.001108511
2.284000,1.944490073,-1.162831686,-12.381858799,-0.044967769,-1.525167048,-0.005528162
2.285000,2.567325700,-1.143797565,-12.467107781,-0.041004747,-1.428972887,-0.008924494
2.286000,3.147175374,-0.870729987,-12.440723788,-0.064671068,-1.328358506,-0.004255056
2.287000,3.618649173,-0.439660466,-12.094429232,-0.091312266,-1.239439744,-0.008497791
2.288000,4.068168723,-0.037495547,-11.728926456,-0.117623582,-1.146153448,-0.017866918
2.289000,4.356852372,0.119076364,-11.527253116,-0.120161754,-1.056720603,-0.026193730
2.290000,4.477034421,0.144554625,-11.498229844,-0.125496327,-0.978298304,-0.039425060
2.291000,4.572814543,0.266941119,-11.312813721,-0.115889757,-0.906011685,-0.049625960
2.292000,4.555320999,0.293267927,-11.130682797,-0.108539889,-0.839294032,-0.062757239
2.293000,4.568394774,0.328914823,-10.652292430,-0.105075850,-0.775419215,-0.070350146
2.294000,4.575239496,0.550194453,-10.397266669,-0.117131745,-0.719231524,-0.071382968
2.295000,4.418260731,0.793581300,-10.189761505,-0.113553344,-0.649958258,-0.082498723
2.296000,4.086683599,0.735881748,-9.867411240,-0.102736687,-0.587573124,-0.101464574
2.297000,3.838416695,0.595517002,-9.677233044,-0.095354076,-0.531414917,-0.112221864
2.298000,3.638649051,0.701478389,-9.584176915,-0.085135943,-0.476237293,-0.116768698
2.299000,3.542821776,0.976011718,-9.320842126,-0.080050821,-0.407809438,-0.122923739
2.300000,3.398297326,1.059238377,-8.976796220,-0.087505854,-0.337030825,-0.134624611
2.301000,3.247827639,0.893027998,-8.546144497,-0.094229596,-0.269014838,-0.148076066
2.302000,3.090880885,0.776669911,-8.073214797,-0.088688441,-0.210940979,-0.156680015
2.303000,2.922848751,0.744377786,-7.827427072,-0.077701683,-0.151566694,-0.163109222
2.304000,2.681720076,0.874511671,-7.612552744,-0.065882899,-0.090678660,-0.173861112
2.305000,2.474130203,0.759809709,-7.388904192,-0.048603043,-0.026249419,-0.188569966
2.306000,2.263468629,0.453725106,-7.241274429,-0.037597771,0.032303238,-0.197773690
2.307000,2.143731618,0.292194276,-7.061092517,-0.023165690,0.090765841,-0.208708637
2.308000,2.093537850,0.253252813,-6.832871506,-0.025443932,0.152178818,-0.216660045
2.309000,2.105913405,0.409002450,-6.484293826,-0.033990605,0.219764137,-0.219634308
2.310000,2.084317204,0.499627420,-6.207919775,-0.039092312,0.277017762,-0.224307466
2.311000,2.036316172,0.354317675,-6.007399877,-0.029951128,0.338819604,-0.230420675
2.312000,1.999726021,0.199913750,-5.689184891,-0.024796230,0.397620384,-0.234927183
2.313000,2.022405081,0.188065864,-5.592784937,-0.015170737,0.460025130,-0.237406730
2.314000,2.022767505,0.317016635,-5.293363724,-0.017790608,0.518159230,-0.243831309
2.315000,2.097345617,0.350047184,-5.072817935,-0.016472947,0.565259291,-0.250005164
2.316000,2.120548035,0.282920792,-4.740610387,-0.028359148,0.607759575,-0.255299007
2.317000,2.179294421,0.306746964,-4.560529542,-0.025819390,0.649378747,-0.261623990
2.318000,2.210154825,0.370097688,-4.383430752,-0.025801387,0.684838502,-0.265085976
2.319000,2.242756211,0.408518991,-4.366737861,-0.019795810,0.722909107,-0.264852428
2.320000,2.373918037,0.399260773,-4.245069628,-0.015391687,0.763276220,-0.261960712
2.321000,2.598634381,0.381539501,-3.936784442,-0.017127302,0.803718327,-0.257476787
2.322000,2.731298568,0.471104937,-3.771072456,-0.030192043,0.841757975,-0.253368216
2.323000,2.857737353,0.534014656,-3.548080461,-0.037591695,0.875663638,-0.253168253
2.324000,2.967589948,0.554710894,-3.443532991,-0.050717390,0.900596728,-0.249713330
2.325000,3.024323442,0.560556504,-3.411957024,-0.041232336,0.925860955,-0.251773400
2.326000,3.109922748,0.389233571,-3.226783336,-0.028724222,0.948268656,-0.255394838
2.327000,3.321308828,0.163573502,-3.130268164,-0.019252694,0.971331230,-0.252478961
2.328000,3.551652381,0.268587441,-3.198627814,-0.016927751,0.997587526,-0.248203842
2.329000,3.757464935,0.452784661,-3.251358957,-0.013455968,1.018509707,-0.247677950
2.330000,3.878066081,0.392896018,-3.133542085,-0.015071415,1.034182081,-0.245736550
2.331000,4.017123196,0.176104754,-2.960836396,-0.006690902,1.046538498,-0.242271448
2.332000,4.150375158,-0.078990945,-2.856891864,0.011523887,1.060284809,-0.238024722
2.333000,4.287857038,-0.203317022,-2.629867273,0.026502868,1.069887981,-0.233018550
2.334000,4.459464952,-0.202832486,-2.555871780,0.027222952,1.077251596,-0.224688156
2.335000,4.687019111,-0.113083763,-2.536153097,0.020212909,1.082850963,-0.218410601
2.336000,4.775281747,0.028612245,-2.494225924,0.003412367,1.085824251,-0.214552844
2.337000,4.842406992,0.034341178,-2.461878687,0.002982572,1.082761435,-0.212081495
2.338000,4.816315290,-0.105786497,-2.291174240,0.012164892,1.073064904,-0.209201081
2.339000,4.798221133,-0.163125386,-2.164512725,0.022517700,1.057386017,-0.202137893
2.340000,4.853496952,-0.172442285,-2.030745432,0.026519032,1.047053879,-0.193483738
2.341000,4.958357951,-0.047780833,-1.883003824,0.019603048,1.034637838,-0.185413556
2.342000,5.010974927,0.111963240,-1.780091732,-0.001191648,1.019567152,-0.180753810
2.343000,5.008543735,0.241184663,-1.703978354,-0.017670454,1.000625669,-0.178449315
2.344000,4.886842497,0.351082868,-1.709287843,-0.015233891,0.979888361,-0.175867804
2.345000,4.754310579,0.337338596,-1.669593713,0.002043079,0.960307243,-0.172849663
2.346000,4.632148029,0.206555319,-1.545585160,0.012861755,0.933981686,-0.165795768
2.347000,4.550349552,0.149120143,-1.397627919,0.010928287,0.906401686,-0.153985324
2.348000,4.450516994,0.198774366,-1.265253031,-0.006152937,0.879523421,-0.140981211
2.349000,4.299719109,0.348026290,-1.250157004,-0.028634795,0.852803450,-0.130447732
2.350000,4.058914755,0.397143085,-1.157842845,-0.042106622,0.822667693,-0.122966452
2.351000,3.715628646,0.316416932,-1.093804161,-0.039163692,0.783593320,-0.112471596
2.352000,3.372817302,0.215672462,-0.948767480,-0.026285376,0.741989232,-0.102111375
2.353000,3.057227407,0.202865552,-0.975315698,-0.014001438,0.700828592,-0.090196468
2.354000,2.745706291,0.190476535,-0.904034709,-0.013021416,0.661423623,-0.080833496
2.355000,2.396298228,0.116483115,-0.870419817,-0.021838997,0.617759869,-0.071438352
2.356000,2.098619974,0.105026717,-0.852950240,-0.037281986,0.575446736,-0.063981514
2.357000,1.795166843,0.145840536,-0.650848781,-0.038235001,0.535015905,-0.059765662
2.358000,1.503538736,0.087137209,-0.383211109,-0.038768247,0.488906652,-0.054508770
2.359000,1.154108542,0.125364735,-0.188875559,-0.037129012,0.436992263,-0.043766973
2.360000,0.798534722,0.308475162,-0.116651046,-0.037409763,0.384269845,-0.029305530
2.361000,0.537995657,0.459068152,-0.034248690,-0.041102600,0.341829073,-0.014014814
2.362000,0.333323192,0.477748860,-0.013334737,-0.052557540,0.308331443,0.001382263
2.363000,0.150274299,0.507317792,0.084003949,-0.063464704,0.273918471,0.015140281
2.364000,-0.059703039,0.544802257,0.219555389,-0.068793340,0.238472399,0.028996687
2.365000,-0.288620516,0.457758711,0.300049133,-0.072418949,0.198040381,0.043240133
2.366000,-0.416322372,0.380503364,0.264814186,-0.077961093,0.156614156,0.060369248
2.367000,-0.468064502,0.416889682,0.220100700,-0.086842288,0.114602298,0.079674934
2.368000,-0.505438574,0.497683599,0.186797091,-0.100023295,0.075750759,0.098198478
2.369000,-0.531877355,0.495750911,0.201894293,-0.113485785,0.038614402,0.113893036
2.370000,-0.554223849,0.515325450,0.267978126,-0.128410056,-0.001731449,0.129924044
2.371000,-0.613231859,0.492338299,0.258509259,-0.135788216,-0.043095719,0.141880070
2.372000,-0.648443753,0.429203553,0.214954622,-0.141448857,-0.085528306,0.152163197
2.373000,-0.636808799,0.403942784,0.129123003,-0.146149645,-0.123978246,0.159377463
2.374000,-0.571038300,0.465263419,0.035741636,-0.147982143,-0.162336951,0.164631253
2.375000,-0.474608690,0.514205757,-0.025653746,-0.144748823,-0.195622657,0.168684791
2.376000,-0.434414855,0.508411909,-0.168546202,-0.137449218,-0.223230926,0.172091612
2.377000,-0.373565248,0.506537058,-0.145032090,-0.128816066,-0.247729425,0.176633548
2.378000,-0.249375363,0.497262323,-0.034467726,-0.114411675,-0.272277698,0.192195617
2.379000,-0.242310310,0.574469175,-0.075150635,-0.099356138,-0.285933624,0.206606000
2.380000,-0.149746569,0.601629631,-0.184979957,-0.086605967,-0.289163935,0.215504232
2.381000,-0.011781882,0.485709017,-0.147229910,-0.080989128,-0.295095898,0.221166648
2.382000,0.069815524,0.341956639,-0.095434810,-0.077411915,-0.305934975,0.224522335
2.383000,0.127359062,0.250792547,0.073584966,-0.075086466,-0.320795502,0.223350017
2.384000,0.158976109,0.295647981,0.426204298,-0.079936161,-0.341786723,0.217923143
2.385000,0.154850978,0.427115078,0.686035670,-0.080086439,-0.358985041,0.210245539
2.386000,0.160782501,0.446266120,0.643463183,-0.072438192,-0.367990281,0.202813212
2.387000,0.154129105,0.355791386,0.451361713,-0.055398406,-0.374439831,0.195286660
2.388000,0.204704154,0.062837493,0.379381531,-0.037194398,-0.389614158,0.189248348
2.389000,0.319788330,-0.147194540,0.428291728,-0.023977466,-0.405962906,0.187481162
2.390000,0.335062937,-0.046232068,0.701762543,-0.015603857,-0.422008065,0.180745129
2.391000,0.311195842,0.059415087,0.954120206,-0.009778750,-0.437004467,0.166625930
2.392000,0.256247010,-0.017706326,1.224508678,-0.003111791,-0.452741918,0.155799673
2.393000,0.197258293,-0.172728270,1.220172242,0.005128855,-0.467225221,0.148284719
2.394000,0.122344286,-0.219289733,1.102309953,0.017382446,-0.481391514,0.140610756
2.395000,0.050196333,-0.273634358,1.154890809,0.024177118,-0.497816613,0.135276056
2.396000,0.024184567,-0.283245376,1.314004303,0.021448612,-0.509328812,0.132527061
2.397000,-0.022130584,-0.213159086,1.414548970,0.014069872,-0.516054771,0.129065870
2.398000,-0.099254463,-0.193520937,1.669412787,0.004874098,-0.525791805,0.123447529
2.399000,-0.228313727,-0.286864453,1.901286359,-0.001983785,-0.537428311,0.118782924
2.400000,-0.359194061,-0.364894282,2.106587481,-0.003364955,-0.547888528,0.114237094
2.401000,-0.453711267,-0.358674148,2.094641076,-0.008427894,-0.556201353,0.110030140
2.402000,-0.542549706,-0.336853686,2.127579916,-0.013085810,-0.560077276,0.106068879
2.403000,-0.623086886,-0.335175341,2.156029513,-0.019720509,-0.559396685,0.104125700
2.404000,-0.715343879,-0.295663274,2.266739587,-0.021827421,-0.559140040,0.100835265
2.405000,-0.857510464,-0.331833414,2.386467059,-0.022953472,-0.561206296,0.096254572
2.406000,-1.041129805,-0.440688259,2.468776568,-0.020788480,-0.563924997,0.090148249
2.407000,-1.204287697,-0.489092446,2.523912478,-0.016469440,-0.565397914,0.084242482
2.408000,-1.345457045,-0.534862100,2.446308569,-0.010395382,-0.559824480,0.076237901
2.409000,-1.433187846,-0.584240790,2.372526725,-0.007529134,-0.552378664,0.067190425
2.410000,-1.451782809,-0.638795265,2.368164332,-0.004169693,-0.540424407,0.058106088
2.411000,-1.530779274,-0.669072073,2.420059944,-0.004924591,-0.529247917,0.047229583
2.412000,-1.606278148,-0.808523180,2.566808502,-0.003427193,-0.523015772,0.035575537
2.413000,-1.691864344,-0.913699655,2.709262222,-0.006475647,-0.518992308,0.027996084
2.414000,-1.752531553,-0.887646354,2.786063573,-0.006716938,-0.514474133,0.020140382
2.415000,-1.818465802,-0.855744744,2.912434795,-0.010140280,-0.508615479,0.010828239
2.416000,-1.870955026,-0.853443201,2.959896454,-0.008322073,-0.500532202,0.005448665
2.417000,-1.937492173,-0.855929558,3.006506973,-0.005897152,-0.494007165,0.001593027
2.418000,-1.976119662,-0.915694301,3.086295888,0.002548776,-0.488114193,-0.003692729
2.419000,-2.014982308,-0.959641202,3.238925981,0.005264406,-0.483413394,-0.007120645
2.420000,-1.978596241,-0.849266370,3.412273574,0.000545987,-0.472406264,-0.008661944
2.421000,-1.928701037,-0.696002354,3.608562287,-0.007404408,-0.458789352,-0.014380235
2.422000,-1.842338429,-0.602606432,3.759909299,-0.013077039,-0.441516033,-0.020457534
2.423000,-1.781367094,-0.489041463,3.790176550,-0.019110635,-0.418752421,-0.025719376
2.424000,-1.705760014,-0.395197515,3.759378973,-0.020460388,-0.393154508,-0.034569644
2.425000,-1.605405601,-0.263855684,3.556124338,-0.024884921,-0.360742631,-0.038529523
2.426000,-1.439684085,-0.139650853,3.467090491,-0.028537595,-0.321780533,-0.040181242
2.427000,-1.247378533,0.023484710,3.513981440,-0.033077141,-0.286540155,-0.044391804
2.428000,-1.053460508,0.000720949,3.636187018,-0.029515616,-0.248796300,-0.049236271
2.429000,-0.971512977,-0.087324937,3.675276545,-0.027850705,-0.210707715,-0.053038437
2.430000,-0.856689608,-0.160632197,3.562524510,-0.024827772,-0.174859302,-0.060342634
2.431000,-0.712016460,-0.045473298,3.440416133,-0.026975578,-0.133516258,-0.069372289
2.432000,-0.545416249,0.021828976,3.482358658,-0.029680120,-0.083891806,-0.077277619
2.433000,-0.312721863,0.145399454,3.522337221,-0.033499904,-0.028553023,-0.085596481
2.434000,-0.082921104,0.147247313,3.411531685,-0.025867745,0.028633996,-0.090514485
2.435000,0.090432647,0.130041326,3.332758636,-0.021590294,0.075440929,-0.091686600
2.436000,0.227972284,0.046580923,3.176311751,-0.010447461,0.126830130,-0.091884936
2.437000,0.425258465,-0.033548309,3.287573127,-0.006137875,0.180746081,-0.090736602
2.438000,0.604827322,-0.099093580,3.547292195,-0.006712621,0.235460173,-0.090739237
2.439000,0.858894960,-0.037498560,3.919524321,-0.020827056,0.290742306,-0.086867832
2.440000,1.087561873,0.172688158,3.933171782,-0.035216359,0.351234906,-0.087280247
2.441000,1.140622137,0.333412935,3.830022538,-0.043024777,0.403602942,-0.091870441
2.442000,1.171027919,0.271083441,3.691221550,-0.037539525,0.458130927,-0.092795395
2.443000,1.204541162,0.156334754,3.678484729,-0.031299341,0.509486889,-0.088196420
2.444000,1.316107620,0.246797182,3.707119625,-0.028464212,0.572278392,-0.085410424
2.445000,1.437643758,0.376169002,3.941233592,-0.038903484,0.638026906,-0.083439549
2.446000,1.560956991,0.465867548,4.069950583,-0.060191080,0.698789742,-0.082043852
2.447000,1.646808620,0.651277965,4.045325610,-0.081279864,0.751928919,-0.083419509
2.448000,1.689195416,0.667462654,4.000060959,-0.071850453,0.806587816,-0.092949914
2.449000,1.682592339,0.433015177,4.236181091,-0.058499328,0.854601981,-0.097690201
2.450000,1.860954053,0.236559485,4.282165334,-0.041524408,0.907146233,-0.101610407
2.451000,1.958466284,0.348790589,4.492302922,-0.033718586,0.956570591,-0.105242708
2.452000,2.088670924,0.335205995,4.771693576,-0.036915622,1.005033637,-0.108461539
2.453000,2.119968681,0.404958394,4.932835872,-0.059163958,1.056565885,-0.107170084
2.454000,2.214128253,0.490268063,4.975833109,-0.070286888,1.106231794,-0.105672723
2.455000,2.201352441,0.468479805,5.159935707,-0.062550217,1.157205452,-0.102452126
2.456000,2.297566997,0.460594655,5.376940607,-0.047533340,1.213007316,-0.098425149
2.457000,2.370543685,0.403815543,5.539574619,-0.033901793,1.266983428,-0.095681488
2.458000,2.435354422,0.161803653,5.822670694,-0.019094377,1.321401616,-0.093110775
2.459000,2.538953091,0.128345179,6.098556498,-0.028475136,1.377086487,-0.092080863
2.460000,2.623853610,0.267446693,6.122528737,-0.037096001,1.424651328,-0.094885926
2.461000,2.597328012,0.367423474,6.277645105,-0.047225161,1.475108150,-0.097464181
2.462000,2.507614240,0.348733095,6.329222672,-0.050577991,1.527466139,-0.106788859
2.463000,2.438252372,0.384781109,6.446040326,-0.038329724,1.574063893,-0.114733352
2.464000,2.336853167,0.350188237,6.631359718,-0.010747158,1.621520368,-0.117796378
2.465000,2.334593002,0.317511478,6.748382558,-0.004373297,1.675861423,-0.117518160
2.466000,2.501588155,0.409077787,6.768652685,-0.011369924,1.729825778,-0.112360704
2.467000,2.568483993,0.575286402,6.966662785,-0.025094031,1.789633621,-0.110738398
2.468000,2.520242143,0.550675919,7.265909654,-0.031264178,1.845664655,-0.110864790
2.469000,2.505041857,0.413138864,7.604772571,-0.033449703,1.893362378,-0.107107628
2.470000,2.489158504,0.202602103,7.827065738,-0.015293256,1.937741823,-0.104560397
2.471000,2.576227935,-0.077392506,8.033926503,0.005281795,1.980437867,-0.096131592
2.472000,2.694248222,-0.294979225,8.199953505,0.008691431,2.026428959,-0.083518573
2.473000,2.859259280,-0.195255201,8.199870366,0.006087516,2.070486153,-0.074924700
2.474000,2.913980056,-0.207839495,8.478233343,0.013734356,2.114194038,-0.067635071
2.475000,2.920165405,-0.325226746,8.763754981,0.013235307,2.156830145,-0.056812679
2.476000,2.952334208,-0.443271450,8.992470815,0.022788641,2.194255377,-0.044919908
2.477000,3.000162289,-0.469931344,9.170952835,0.039510677,2.240338848,-0.033337273
2.478000,3.017263219,-0.543655427,9.403023356,0.059974913,2.297854073,-0.021213672
2.479000,3.140845863,-0.565991922,9.241788256,0.073985968,2.355453692,-0.009488069
2.480000,3.180381058,-0.698061878,9.056176865,0.090587555,2.419058203,-0.003109227
2.481000,3.259668361,-0.820113064,8.821386561,0.100924443,2.482747722,0.007070138
2.482000,3.334032434,-0.922790446,8.798881996,0.109984092,2.539365981,0.011838965
2.483000,3.371890641,-1.095609125,9.041376668,0.126710663,2.592379091,0.013809683
2.484000,3.566948130,-1.159727877,9.522373654,0.129158379,2.648607425,0.020041222
2.485000,3.786360114,-0.856349412,9.787921153,0.137403084,2.712445998,0.024751114
2.486000,4.002164466,-0.548717814,9.805891796,0.152436952,2.771829884,0.028625906
2.487000,4.801701503,-0.205814884,9.452763117,0.143832219,2.841514213,0.043210050
2.488000,5.969957529,0.373064445,9.465539231,0.116577544,2.950668731,0.050287799
2.489000,7.116489894,0.869880811,10.168309475,0.091349254,3.046664479,0.051290791
2.490000,8.199720149,0.986183197,10.489610851,0.058346677,3.143388903,0.056667075
2.491000,8.966083494,1.102230236,10.082949467,0.049145719,3.231891909,0.050209427
2.492000,9.901810019,0.912404406,9.921794792,0.063974921,3.318027845,0.040361304
2.493000,10.859631032,0.431121564,9.940308547,0.066169724,3.410499134,0.041117813
2.494000,11.514028383,0.070447543,9.972436074,0.084888967,3.491822176,0.034263597
2.495000,11.908444650,-0.250448961,10.264471374,0.106045893,3.552173033,0.028295985
2.496000,12.100776173,-0.835668681,10.251430786,0.130925580,3.609762342,0.025727262
2.497000,12.212511937,-1.379896620,10.210761783,0.144741388,3.667230065,0.021652267
2.498000,12.184218508,-1.886096530,10.142712153,0.155576959,3.707897963,0.020919541
2.499000,11.887948338,-2.196480172,10.307674841,0.176174410,3.737752240,0.019121441
2.500000,11.446133759,-2.422771258,10.470212838,0.211013899,3.746796031,0.024991166
2.501000,10.770104392,-2.750103683,10.977503863,0.232232226,3.753385489,0.018070526
2.502000,9.968632417,-2.704511618,11.165293904,0.231229366,3.755345289,0.012129048
2.503000,9.254446949,-2.231837534,11.436630393,0.211629478,3.750733513,0.014218387
2.504000,8.425139257,-1.718466589,11.602554641,0.202620997,3.742153933,0.021805912
2.505000,7.513802570,-1.176412437,11.939272781,0.190150270,3.729810969,0.037214730
2.506000,6.758008340,-0.469535890,12.255706714,0.165007076,3.723099021,0.056929134
2.507000,6.074126067,0.339714943,12.140138975,0.128572257,3.719367360,0.071563914
2.508000,5.521113782,0.860960183,12.075937198,0.101003678,3.713339643,0.087751726
2.509000,5.046871791,1.096986644,12.032122724,0.080102344,3.706149711,0.100124167
2.510000,4.785715847,1.291954785,12.144190178,0.069289148,3.695816266,0.103251759
2.511000,4.618616658,1.357986077,12.300543071,0.061127247,3.691016315,0.107934813
2.512000,4.565963140,1.265947785,12.229460444,0.073591474,3.688648297,0.114476588
2.513000,4.703432375,0.960381398,11.943161541,0.093370955,3.695452429,0.125846180
2.514000,5.063421029,0.498084519,11.811837284,0.106440917,3.699757080,0.135884589
2.515000,5.591089592,0.068425621,11.927610295,0.121498074,3.704104574,0.149527775
2.516000,6.210555699,-0.327135136,11.780326423,0.154334714,3.715983830,0.168960116
2.517000,6.902141359,-0.815883400,11.961699669,0.205274892,3.733517174,0.188134864
2.518000,7.415857864,-1.332091447,12.078191922,0.247229804,3.748188254,0.205125463
2.519000,8.073890180,-1.690198450,12.120774024,0.270254271,3.758396446,0.202223070
2.520000,8.695694433,-2.084635013,12.326969022,0.281806651,3.763498108,0.174284965
2.521000,9.293722843,-2.077832283,13.009895462,0.260599858,3.763805040,0.134018703
2.522000,9.894690638,-1.850760517,13.681260120,0.237040928,3.763493379,0.071599584
2.523000,10.350163520,-1.378243151,13.990071352,0.206456691,3.755955534,-0.000304217
2.524000,10.742648482,-0.729089542,13.865466924,0.171741605,3.739709904,-0.051790682
2.525000,11.096996727,-0.023763460,13.596276110,0.124884168,3.725500264,-0.081503865
2.526000,11.024105417,0.630661409,13.519405121,0.103011253,3.711575047,-0.090217247
2.527000,10.849217671,0.963811469,13.752526924,0.098078440,3.694853183,-0.080779001
2.528000,10.683630168,1.000268777,13.631318222,0.102018857,3.675077920,-0.061662415
2.529000,10.343968709,0.776836923,13.494193056,0.106517091,3.650866769,-0.046525331
2.530000,9.936837995,0.396138263,13.355178413,0.112927082,3.602776293,-0.036758867
2.531000,9.324992400,-0.024931985,13.624495088,0.116357249,3.547124831,-0.038488961
2.532000,8.672024913,-0.278477355,13.882159404,0.119660005,3.486580682,-0.041503494
2.533000,7.696247186,-0.608720296,14.187658251,0.124601954,3.428374002,-0.055113637
2.534000,6.688657390,-0.927065363,13.870232089,0.135159164,3.355888479,-0.071586111
2.535000,5.738714656,-1.074064685,13.482130523,0.156523641,3.275436557,-0.091412668
2.536000,5.010333549,-1.202237186,13.338905874,0.179220467,3.194415574,-0.111795141
2.537000,4.354632074,-1.371925938,13.604734743,0.193324810,3.108311617,-0.133046634
2.538000,3.798695813,-1.371136162,13.929530743,0.215966774,3.027768663,-0.162612613
2.539000,3.461102020,-1.355533098,13.914104302,0.235043129,2.967318960,-0.191271586
2.540000,3.364545187,-1.240501065,13.337363925,0.240314141,2.924284834,-0.209431150
2.541000,3.441872631,-1.011096154,13.087548915,0.248240068,2.886200695,-0.235026431
2.542000,3.619660672,-0.765870064,13.165153744,0.251776883,2.851138783,-0.251854655
2.543000,3.751692405,-0.544378264,13.345964548,0.240620912,2.813835993,-0.255359930
2.544000,3.871710601,-0.271494339,13.335069058,0.224204416,2.773949970,-0.255969600
2.545000,3.953407012,0.012033266,13.067988601,0.202092369,2.730608015,-0.249303514
2.546000,4.098097153,0.365156986,12.675996323,0.174994362,2.685131385,-0.236780869
2.547000,4.161270478,0.640377612,12.401448523,0.173500295,2.640138444,-0.235590680
2.548000,4.358945159,0.488077909,12.379291432,0.183530910,2.592577415,-0.229862874
2.549000,4.601876748,0.183312911,12.299844874,0.186039260,2.549745453,-0.228295667
2.550000,4.881975763,-0.012079309,11.852551210,0.194055258,2.508648635,-0.236328137
2.551000,5.113695324,-0.384447701,11.255646899,0.194642842,2.465768606,-0.240144307
2.552000,5.395022722,-0.788366365,10.808646219,0.213043452,2.418885919,-0.244783351
2.553000,5.535192630,-1.092406050,10.740483908,0.246702857,2.369307829,-0.254635643
2.554000,5.584869047,-1.467530848,10.620719675,0.284149469,2.316403846,-0.265497923
2.555000,5.622002577,-1.805764078,10.344220641,0.300388355,2.259443097,-0.274631878
2.556000,5.709226627,-1.858991073,10.026127052,0.310689711,2.206142656,-0.285494963
2.557000,5.740096780,-1.778555521,9.805578415,0.307560947,2.146816354,-0.292432781
2.558000,5.690152269,-1.603493258,9.602809201,0.300201721,2.090047141,-0.295580794
2.559000,5.594219219,-1.239267409,9.542822418,0.298978480,2.023501243,-0.295301447
2.560000,5.317472287,-1.064990110,9.459819285,0.306102259,1.954006256,-0.294123217
2.561000,4.941433151,-1.055359153,9.489161005,0.302528825,1.873338224,-0.290163257
2.562000,4.590641799,-0.976715884,9.419233405,0.289442769,1.806121132,-0.283044412
2.563000,4.216576972,-0.686148345,9.155066915,0.267130904,1.740103698,-0.275410841
2.564000,3.766738471,-0.467768069,8.854863753,0.260053020,1.672449474,-0.262256359
2.565000,3.226978166,-0.271515547,8.718235189,0.267544933,1.594262044,-0.242349566
2.566000,2.779676898,-0.199052900,8.471692152,0.287238933,1.524973340,-0.224406155
2.567000,2.323956471,-0.233957773,8.289887743,0.286792850,1.452548683,-0.210422236
2.568000,2.034437006,-0.265782105,8.078129154,0.279899754,1.385777193,-0.201513457
2.569000,1.720596905,-0.066954939,7.804650071,0.274173861,1.317924082,-0.195891321
2.570000,1.477141272,0.024133232,7.692951059,0.282374808,1.258028940,-0.194137904
2.571000,1.245083606,0.066273697,7.564177947,0.285638877,1.196897081,-0.188699076
2.572000,1.082405807,0.050517589,7.355562736,0.301336795,1.140016287,-0.184533822
2.573000,0.934814774,0.011927372,7.191996205,0.311088048,1.081823042,-0.185064897
2.574000,0.917812965,-0.088457323,7.029951337,0.315911820,1.028118396,-0.187483847
2.575000,0.986694075,0.000641569,6.736577946,0.310968406,0.981103556,-0.191117711
2.576000,1.042013005,-0.104508308,6.404867594,0.312431731,0.943375886,-0.193484383
2.577000,1.102344344,-0.243018957,6.135836859,0.309209879,0.903638672,-0.195382222
2.578000,1.262802948,-0.412045227,5.859031142,0.309188335,0.852770941,-0.195595205
2.579000,1.299842093,-0.418008854,5.836759771,0.319951007,0.809898246,-0.194942646
2.580000,1.340666508,-0.530052029,5.763696249,0.328629172,0.770830927,-0.195984848
2.581000,1.463706244,-0.568570892,5.473295367,0.328726541,0.734614713,-0.192918136
2.582000,1.541393658,-0.494606827,5.148331203,0.327142047,0.702007843,-0.189928426
2.583000,1.513558043,-0.421053818,4.955286951,0.322198314,0.663499118,-0.189214905
2.584000,1.494081747,-0.426205153,4.870279061,0.318403062,0.623615049,-0.186343870
2.585000,1.502779366,-0.285319894,4.924336976,0.311685633,0.584830900,-0.178827946
2.586000,1.457818409,-0.164643902,4.837095925,0.308330287,0.548009712,-0.174700080
2.587000,1.389428836,-0.076826415,4.711568001,0.305510106,0.514199352,-0.168667231
2.588000,1.360101533,-0.043263780,4.560385894,0.299388122,0.480996242,-0.160657932
2.589000,1.320963699,0.076594015,4.398166847,0.286486115,0.449929881,-0.151014134
2.590000,1.308317104,0.181185110,4.424294502,0.274409923,0.420179411,-0.140938097
2.591000,1.214777247,0.279818543,4.416400355,0.262235753,0.394082658,-0.134868888
2.592000,1.046849169,0.438781801,4.377563040,0.249023599,0.370592821,-0.126020876
2.593000,0.919499138,0.674464300,4.212365106,0.237059017,0.350520374,-0.117108197
2.594000,0.811411542,0.842718725,3.955277896,0.229139813,0.337178238,-0.108705902
2.595000,0.685329165,0.929288489,3.690740857,0.225210472,0.325665322,-0.101179477
2.596000,0.578779756,0.814834837,3.570747730,0.222870812,0.315714543,-0.096730999
2.597000,0.591403903,0.690004406,3.483520376,0.215343727,0.305968712,-0.090294904
2.598000,0.606287203,0.585979866,3.378953103,0.211909696,0.300698793,-0.085364061
2.599000,0.651727799,0.452354833,3.250689125,0.203720486,0.296613057,-0.079123168
2.600000,0.677935706,0.189510960,3.095005851,0.206380394,0.294026046,-0.072179072
2.601000,0.675949007,-0.012676357,2.981252750,0.213525459,0.290383267,-0.064314628
2.602000,0.707773571,-0.200279319,2.885480456,0.227936235,0.286335783,-0.049714143
2.603000,0.790778436,-0.359050430,2.739043619,0.237952469,0.281193813,-0.030694360
2.604000,0.863442759,-0.425913485,2.662761326,0.239910721,0.275637193,-0.012564290
2.605000,0.883822833,-0.432203285,2.701838041,0.231844719,0.272090434,0.001031413
2.606000,0.866899758,-0.532905460,2.720575749,0.218431536,0.268554963,0.006495738
2.607000,0.814483528,-0.678785098,2.677509394,0.196173183,0.263957155,0.004311711
2.608000,0.807324829,-0.694413482,2.503108668,0.174558598,0.261397961,-0.001477848
2.609000,0.833273933,-0.578103565,2.367314016,0.154721265,0.259292863,-0.009869994
2.610000,0.914073011,-0.462337036,2.260361777,0.141153358,0.259466993,-0.017418137
2.611000,1.080970259,-0.353566829,2.114123729,0.134059826,0.261508090,-0.019196248
2.612000,1.286266242,-0.308664450,1.989001844,0.132554610,0.262005238,-0.008257123
2.613000,1.399118085,-0.300185158,1.828752155,0.127830540,0.258352559,0.010340996
2.614000,1.455321538,-0.159500066,1.675129888,0.117133247,0.252941697,0.035012171
2.615000,1.507467475,0.115675829,1.570878454,0.098346942,0.247243360,0.064394384
2.616000,1.549064340,0.442079348,1.510935179,0.083879999,0.242058757,0.091584048
2.617000,1.508231090,0.670792698,1.429131738,0.077189170,0.238888515,0.112888971
2.618000,1.445229672,0.717744831,1.250170196,0.079206341,0.235340805,0.128056461
2.619000,1.383435613,0.614092409,1.042893054,0.085196507,0.230097085,0.143712634
2.620000,1.325474496,0.417196588,0.898989734,0.089681572,0.223317745,0.152695567
2.621000,1.353830310,0.205765239,0.907010637,0.089522332,0.214974838,0.155546625
2.622000,1.355167789,0.076967176,0.905111131,0.083491622,0.209296715,0.156295763
2.623000,1.324543932,0.084090664,0.694915123,0.082016794,0.209237172,0.154028742
2.624000,1.268638038,-0.065663861,0.468223633,0.092760748,0.207893560,0.146079943
2.625000,1.200853777,-0.287942683,0.186418079,0.114580620,0.203609363,0.133937219
2.626000,1.116579781,-0.545131710,0.058327751,0.148243398,0.198473720,0.119114239
2.627000,1.023076347,-0.666762837,-0.023315778,0.179314653,0.193352998,0.104176687
2.628000,0.948216343,-0.660482763,-0.198981838,0.204527461,0.191322029,0.086110236
2.629000,0.819664346,-0.602104105,-0.421068580,0.221270964,0.191899110,0.064782461
2.630000,0.733953270,-0.751846254,-0.521313539,0.237362292,0.187327106,0.042992362
2.631000,0.682627387,-0.982790457,-0.590991390,0.252922181,0.179479797,0.028780871
2.632000,0.586605970,-1.092721725,-0.657599376,0.271621443,0.172439339,0.021654512
2.633000,0.476360548,-1.060217905,-0.626887391,0.282827776,0.165145212,0.017290916
2.634000,0.367873954,-0.932262365,-0.639346245,0.274652587,0.162014222,0.016641549
2.635000,0.272580579,-0.686356983,-0.725334435,0.258487611,0.161938222,0.014786172
2.636000,0.180960633,-0.502227283,-0.717614745,0.244337016,0.160572011,0.008303096
2.637000,0.030297496,-0.387272410,-0.685842417,0.238423494,0.152753217,-0.002061939
2.638000,-0.157508349,-0.310007259,-0.850950826,0.243349821,0.144117660,-0.013573712
2.639000,-0.322198307,-0.254398865,-1.126840234,0.256301949,0.135574441,-0.022115958
2.640000,-0.480498037,-0.160146300,-1.341558457,0.264057904,0.128625404,-0.028349748
2.641000,-0.532515073,-0.050461559,-1.446259835,0.269022507,0.125700112,-0.031260211
2.642000,-0.511980163,0.086472897,-1.485960993,0.267671103,0.128608328,-0.031866493
2.643000,-0.498241411,0.172532351,-1.466516481,0.264362346,0.132816659,-0.035999404
2.644000,-0.532820675,0.173700388,-1.539250195,0.265712805,0.136690081,-0.042541324
2.645000,-0.599728339,0.105827250,-1.778232257,0.274252390,0.137811215,-0.046765589
2.646000,-0.678240069,0.046333846,-2.084983056,0.282858912,0.137442953,-0.050753412
2.647000,-0.706841823,0.003820738,-2.333341505,0.285291603,0.139095390,-0.051712376
2.648000,-0.683944156,0.008414854,-2.436810076,0.278361294,0.141462921,-0.049936711
2.649000,-0.673941078,0.023086074,-2.457095557,0.270621183,0.146380118,-0.048039487
2.650000,-0.709128162,-0.018165502,-2.484083914,0.267549405,0.150027712,-0.047690420
2.651000,-0.739742506,-0.231556943,-2.527807827,0.269733578,0.151887593,-0.047735251
2.652000,-0.749977116,-0.440553193,-2.632138530,0.270947053,0.154712945,-0.049012348
2.653000,-0.713709695,-0.424290439,-2.785498609,0.272356476,0.159757284,-0.052680740
2.654000,-0.597439968,-0.359411526,-2.812883975,0.266222218,0.166184227,-0.056579527
2.655000,-0.476024422,-0.303347719,-2.719249487,0.254348857,0.173786394,-0.058583995
2.656000,-0.368757016,-0.127984378,-2.702656430,0.241066945,0.182390352,-0.061641431
2.657000,-0.301485958,0.047340093,-2.697515578,0.238056384,0.190482571,-0.064171350
2.658000,-0.283840403,0.153397683,-2.794859769,0.239807485,0.196828635,-0.065724710
2.659000,-0.246986925,0.208516789,-2.971279533,0.242508289,0.204924783,-0.067502821
2.660000,-0.168690039,0.390446208,-3.185665260,0.237647137,0.213541057,-0.067898850
2.661000,-0.057050594,0.629841341,-3.300792651,0.228781567,0.224031556,-0.069993807
2.662000,0.031481856,0.854855591,-3.325504181,0.211970321,0.232054740,-0.072461003
2.663000,0.098858381,1.016406377,-3.460585089,0.202885972,0.243542290,-0.076397185
2.664000,0.138766651,1.079859596,-3.617016181,0.199949824,0.252577092,-0.082436437
2.665000,0.201924028,1.018718338,-3.805651680,0.206822255,0.261860184,-0.088418709
2.666000,0.278663754,0.841428987,-4.016216475,0.210454050,0.269730045,-0.094971807
2.667000,0.417048831,0.736243283,-4.142697782,0.209029929,0.279645545,-0.100588598
2.668000,0.537554703,0.647975871,-4.097490284,0.200352846,0.287212160,-0.110497778
2.669000,0.658027676,0.504205677,-4.012780471,0.191478406,0.292205041,-0.118849913
2.670000,0.787220819,0.320871036,-3.944955800,0.181224252,0.293936985,-0.124373717
2.671000,0.896443501,0.190425634,-3.960638267,0.176925386,0.293627743,-0.126123378
2.672000,0.942347728,0.161950350,-4.071714242,0.173761051,0.293538293,-0.121896301
2.673000,0.973932309,0.283425446,-4.193212027,0.171043594,0.295538314,-0.111962687
2.674000,0.992817603,0.371900349,-4.312214274,0.169900112,0.295375766,-0.098520741
2.675000,1.023896595,0.434197857,-4.420749756,0.170532392,0.294573119,-0.081551946
2.676000,0.985344274,0.503743239,-4.440249270,0.173734757,0.289523521,-0.067175898
2.677000,0.967614810,0.503313413,-4.511480129,0.186031989,0.282598918,-0.054805944
2.678000,0.943126460,0.410734087,-4.409467158,0.194216281,0.270586519,-0.045060087
2.679000,0.986623881,0.381005662,-4.359742975,0.193088387,0.262149351,-0.038437539
2.680000,1.086754748,0.471473041,-4.260766170,0.184552883,0.246770637,-0.032535073
2.681000,1.136040598,0.484420203,-4.104754836,0.173177923,0.232859171,-0.025604863
2.682000,1.170808945,0.465465255,-3.999390993,0.152896718,0.216339234,-0.015226680
2.683000,1.256140745,0.602577290,-4.013878619,0.133594312,0.202190130,-0.004156047
2.684000,1.237095509,0.710751333,-4.013251048,0.120829601,0.177718030,0.003914402
2.685000,1.123435006,0.548843824,-4.113931614,0.116598057,0.154989595,0.010391169
2.686000,1.113912468,0.402008067,-4.422515254,0.110646027,0.132553951,0.019462973
2.687000,1.199509701,0.368824525,-4.731702852,0.112251319,0.113194679,0.028011050
2.688000,1.280571730,0.278177964,-4.778096394,0.103744242,0.093529870,0.033497794
2.689000,1.495117289,0.185958112,-4.778906821,0.098445682,0.076954567,0.044656424
2.690000,1.715094931,0.179512508,-4.895758265,0.105886013,0.059996093,0.056063457
2.691000,1.831711990,-0.001304473,-5.078682107,0.116547695,0.037906041,0.069233051
2.692000,1.957741493,-0.133478192,-5.302394696,0.124352749,0.005311539,0.087714505
2.693000,2.067863968,-0.023506815,-5.634594429,0.141442587,-0.024681871,0.105836087
2.694000,2.099653746,-0.070839956,-5.606180665,0.151410731,-0.060655443,0.114699429
2.695000,2.165853689,-0.244475776,-5.515726831,0.155106742,-0.097297830,0.123659120
2.696000,2.111660726,-0.046088768,-5.519157426,0.156861656,-0.139433987,0.129545265
2.697000,2.109945083,0.260006289,-5.695988689,0.156711308,-0.184378502,0.132398185
2.698000,2.082824595,0.260534229,-5.796676371,0.158649204,-0.231424503,0.139696176
2.699000,2.054228815,0.229166523,-5.954229615,0.166891249,-0.277225839,0.143803016
2.700000,2.035269774,0.157864794,-6.267326420,0.179453691,-0.317171870,0.142038421
2.701000,2.004765073,-0.035867073,-6.439890020,0.190607448,-0.361345558,0.136132468
2.702000,2.026586023,-0.079603650,-6.554811026,0.183728914,-0.409273345,0.125839132
2.703000,2.074744556,0.043477577,-6.907365410,0.174596198,-0.455868442,0.112577195
2.704000,2.116278558,-0.007658082,-7.170548381,0.164690932,-0.504163509,0.097599242
2.705000,2.122889128,-0.340673288,-7.349103224,0.167713747,-0.557995984,0.081846270
2.706000,2.251842463,-0.393935208,-7.666225014,0.161146155,-0.613230944,0.079037087
2.707000,2.367081510,-0.118712138,-8.122019602,0.162513320,-0.659585719,0.081621350
2.708000,2.432166068,0.086655739,-8.408287802,0.154375719,-0.708892866,0.082647579
2.709000,2.523549237,0.087559924,-8.522346848,0.147509116,-0.760303239,0.083047572
2.710000,2.637238205,0.144625175,-8.578374818,0.135327305,-0.819166221,0.089192281
2.711000,2.673283545,-0.018736449,-8.648511798,0.143089408,-0.873864658,0.086513897
2.712000,2.789234749,-0.166800031,-8.749394413,0.139858257,-0.934568136,0.082691560
2.713000,2.931769615,-0.049457282,-9.075169695,0.135971771,-0.991593893,0.082881035
2.714000,2.918093286,0.096532869,-9.382281002,0.132476994,-1.053539314,0.077841460
2.715000,2.785632679,-0.126309405,-9.228061099,0.130890175,-1.138485174,0.067303304
2.716000,2.649732322,-0.189179900,-9.641890532,0.126320878,-1.217166524,0.065891762
2.717000,2.684934385,-0.120649417,-9.940456225,0.131350443,-1.277660272,0.068168804
2.718000,3.047964847,0.008089584,-10.405111541,0.119654908,-1.311159692,0.069221658
2.719000,3.559415991,0.130231097,-10.547493107,0.092812757,-1.346467513,0.071517543
2.720000,3.937941654,0.245150634,-10.850398958,0.062490099,-1.392357625,0.072721809
2.721000,4.149751625,0.158309137,-11.067158406,0.035237316,-1.452952317,0.065005451
2.722000,4.218612921,0.247602653,-11.507419789,0.008609444,-1.521981570,0.062420895
2.723000,4.219399525,0.398269101,-11.811244874,0.004974347,-1.588923679,0.060487290
2.724000,4.231006002,0.464769925,-11.978605312,0.006041004,-1.656134207,0.060460139
2.725000,4.315541541,0.332497601,-12.100847911,0.012535421,-1.715390961,0.062047174
2.726000,4.440485738,0.399225337,-12.308396215,0.004884038,-1.769771523,0.070433625
2.727000,4.591048363,0.518889852,-12.760718308,-0.003184304,-1.823580290,0.078119922
2.728000,4.649835660,0.789461236,-13.154848148,-0.025095242,-1.886543022,0.089404013
2.729000,4.701342671,0.834368642,-13.416744932,-0.026055416,-1.939711895,0.098803223
2.730000,4.659675770,0.760126454,-13.683087427,-0.020294672,-1.990674143,0.100728421
2.731000,4.749067757,0.577591654,-13.664555768,-0.017438983,-2.038548419,0.112227315
2.732000,4.903418800,0.659751304,-13.826251286,-0.035332285,-2.088542750,0.125683466
2.733000,5.046546151,0.852750839,-13.889985963,-0.048745180,-2.138628394,0.134822526
2.734000,5.083805464,0.971952532,-13.901935910,-0.074648826,-2.182286426,0.137781564
2.735000,5.074150045,0.755960662,-14.120862322,-0.081191947,-2.215660977,0.136119855
2.736000,4.788471490,0.313313066,-14.562405830,-0.081089203,-2.259672620,0.121659386
2.737000,4.203215711,-0.295398571,-14.965379120,-0.064880230,-2.314629904,0.101926707
2.738000,3.498172615,-0.801924801,-14.972415622,-0.064067397,-2.386602435,0.086665559
2.739000,2.627149402,-1.137913990,-14.888041678,-0.057959384,-2.464186942,0.071429608
2.740000,1.659279725,-1.361920397,-14.830836969,-0.047753428,-2.539614864,0.054766161
2.741000,0.660313459,-1.811019157,-15.005712153,-0.006887117,-2.602898443,0.033208603
2.742000,-0.246498039,-2.214906672,-14.977752764,0.025898936,-2.665335545,0.020142694
2.743000,-0.932259873,-2.279839777,-14.917750140,0.041318254,-2.727595815,0.025268022
2.744000,-1.387991806,-2.002455444,-14.717680121,0.031662360,-2.776984628,0.041018897
2.745000,-1.899903096,-1.572290123,-14.464467666,0.017335668,-2.817270948,0.051051377
2.746000,-2.243993979,-0.902019954,-14.382011521,0.003251551,-2.849734056,0.055360574
2.747000,-2.448006411,-0.450950093,-14.640342392,0.005497146,-2.869721996,0.055065251
2.748000,-2.215203338,0.112699249,-14.736991175,-0.008269861,-2.887284562,0.064697523
2.749000,-1.597277830,0.769443074,-14.978340357,-0.033589477,-2.885199241,0.086134605
2.750000,-0.793077053,1.374640603,-15.028060529,-0.062315295,-2.863902009,0.101982813
2.751000,0.196581996,1.585276484,-14.993047492,-0.078244728,-2.827746648,0.115944657
2.752000,1.293650053,1.665077254,-15.087842108,-0.097135003,-2.785550876,0.123791206
2.753000,2.426339155,1.731065191,-15.577492144,-0.107915939,-2.737376369,0.132387649
2.754000,3.618152512,1.438360538,-15.802543340,-0.119898549,-2.691043394,0.133064704
2.755000,4.828272792,1.001848033,-15.969370761,-0.121020394,-2.642113178,0.127988499
2.756000,6.032451271,0.485046422,-15.921780300,-0.116311974,-2.583457367,0.125167877
2.757000,7.104754612,-0.263782872,-16.080807105,-0.084881567,-2.527360541,0.116710405
2.758000,7.869361331,-1.174188201,-15.996083264,-0.047462557,-2.479506917,0.103495561
2.759000,8.566561226,-1.948970018,-16.019287354,-0.005738797,-2.438477036,0.093214284
2.760000,9.174978305,-2.502402339,-16.010742265,0.031880900,-2.393320070,0.088733587
2.761000,9.572745266,-2.984293936,-15.933452828,0.077684033,-2.343051204,0.081575502
2.762000,9.791648418,-3.269876302,-15.757985729,0.108581770,-2.299457527,0.070715634
2.763000,9.760988443,-3.374364455,-15.447971379,0.129176065,-2.270017075,0.060670114
2.764000,9.543760327,-3.184618182,-15.133350895,0.108134395,-2.249846930,0.065736096
2.765000,9.126311212,-2.683518608,-14.816860575,0.072504566,-2.241158271,0.074799705
2.766000,8.332016183,-1.868487612,-14.501061524,0.036456183,-2.235950059,0.085019187
2.767000,7.383480120,-1.101144297,-14.243319464,0.017519941,-2.232719022,0.095638529
2.768000,6.372138416,-0.545530321,-14.197366679,-0.005544340,-2.231250315,0.105164217
2.769000,5.204771758,-0.081986407,-14.262025584,-0.031661821,-2.224119485,0.111452715
2.770000,4.262937272,0.165000698,-14.249750935,-0.078085698,-2.210882332,0.118057397
2.771000,3.481272026,0.263961724,-13.905567747,-0.119169087,-2.195449931,0.115917380
2.772000,2.594436520,0.548910737,-13.718217829,-0.142126148,-2.177837553,0.104925515
2.773000,1.759365112,0.566757525,-13.537258263,-0.145354003,-2.165917298,0.090610556
2.774000,1.014786789,0.480502828,-13.646508640,-0.152281253,-2.147327454,0.078393919
2.775000,0.366064905,0.236392919,-13.709003137,-0.154299737,-2.120691227,0.064768705
2.776000,-0.047517551,-0.070273240,-13.359198555,-0.156319154,-2.092672180,0.050446874
2.777000,-0.270057845,-0.281292491,-13.061844680,-0.153003141,-2.052063492,0.040720064
2.778000,-0.525349664,-0.521424732,-13.218117002,-0.130243104,-2.002458362,0.026651359
2.779000,-0.641966761,-0.829090526,-13.559035889,-0.102825519,-1.939580676,0.010428392
2.780000,-0.314174463,-1.210784930,-13.480470963,-0.080287500,-1.867754585,0.001607399
2.781000,0.232942275,-1.416137704,-13.175521262,-0.064370564,-1.789649424,-0.001670210
2.782000,0.823951787,-1.417153105,-12.590751300,-0.056083295,-1.712777768,-0.003928212
2.783000,1.411160393,-1.166359723,-12.456968335,-0.051800349,-1.625158501,-0.001108511
2.784000,1.944490073,-1.162831686,-12.381858799,-0.044967769,-1.525167048,-0.005528162
2.785000,2.567325700,-1.143797565,-12.467107781,-0.041004747,-1.428972887,-0.008924494
2.786000,3.147175374,-0.870729987,-12.440723788,-0.064671068,-1.328358506,-0.004255056
2.787000,3.618649173,-0.439660466,-12.094429232,-0.091312266,-1.239439744,-0.008497791
2.788000,4.068168723,-0.037495547,-11.728926456,-0.117623582,-1.146153448,-0.017866918
2.789000,4.356852372,0.119076364,-11.527253116,-0.120161754,-1.056720603,-0.026193730
2.790000,4.477034421,0.144554625,-11.498229844,-0.125496327,-0.978298304,-0.039425060
2.791000,4.572814543,0.266941119,-11.312813721,-0.115889757,-0.906011685,-0.049625960
2.792000,4.555320999,0.293267927,-11.130682797,-0.108539889,-0.839294032,-0.062757239
2.793000,4.568394774,0.328914823,-10.652292430,-0.105075850,-0.775419215,-0.070350146
2.794000,4.575239496,0.550194453,-10.397266669,-0.117131745,-0.719231524,-0.071382968
2.795000,4.418260731,0.793581300,-10.189761505,-0.113553344,-0.649958258,-0.082498723
2.796000,4.086683599,0.735881748,-9.867411240,-0.102736687,-0.587573124,-0.101464574
2.797000,3.838416695,0.595517002,-9.677233044,-0.095354076,-0.531414917,-0.112221864
2.798000,3.638649051,0.701478389,-9.584176915,-0.085135943,-0.476237293,-0.116768698
2.799000,3.542821776,0.976011718,-9.320842126,-0.080050821,-0.407809438,-0.122923739
2.800000,3.398297326,1.059238377,-8.976796220,-0.087505854,-0.337030825,-0.134624611
2.801000,3.247827639,0.893027998,-8.546144497,-0.094229596,-0.269014838,-0.148076066
2.802000,3.090880885,0.776669911,-8.073214797,-0.088688441,-0.210940979,-0.156680015
2.803000,2.922848751,0.744377786,-7.827427072,-0.077701683,-0.151566694,-0.163109222
2.804000,2.681720076,0.874511671,-7.612552744,-0.065882899,-0.090678660,-0.173861112
2.805000,2.474130203,0.759809709,-7.388904192,-0.048603043,-0.026249419,-0.188569966
2.806000,2.263468629,0.453725106,-7.241274429,-0.037597771,0.032303238,-0.197773690
2.807000,2.143731618,0.292194276,-7.061092517,-0.023165690,0.090765841,-0.208708637
2.808000,2.093537850,0.253252813,-6.832871506,-0.025443932,0.152178818,-0.216660045
2.809000,2.105913405,0.409002450,-6.484293826,-0.033990605,0.219764137,-0.219634308
2.810000,2.084317204,0.499627420,-6.207919775,-0.039092312,0.277017762,-0.224307466
2.811000,2.036316172,0.354317675,-6.007399877,-0.029951128,0.338819604,-0.230420675
2.812000,1.999726021,0.199913750,-5.689184891,-0.024796230,0.397620384,-0.234927183
2.813000,2.022405081,0.188065864,-5.592784937,-0.015170737,0.460025130,-0.237406730
2.814000,2.022767505,0.317016635,-5.293363724,-0.017790608,0.518159230,-0.243831309
2.815000,2.097345617,0.350047184,-5.072817935,-0.016472947,0.565259291,-0.250005164
2.816000,2.120548035,0.282920792,-4.740610387,-0.028359148,0.607759575,-0.255299007
2.817000,2.179294421,0.306746964,-4.560529542,-0.025819390,0.649378747,-0.261623990
2.818000,2.210154825,0.370097688,-4.383430752,-0.025801387,0.684838502,-0.265085976
2.819000,2.242756211,0.408518991,-4.366737861,-0.019795810,0.722909107,-0.264852428
2.820000,2.373918037,0.399260773,-4.245069628,-0.015391687,0.763276220,-0.261960712
2.821000,2.598634381,0.381539501,-3.936784442,-0.017127302,0.803718327,-0.257476787
2.822000,2.731298568,0.471104937,-3.771072456,-0.030192043,0.841757975,-0.253368216
2.823000,2.857737353,0.534014656,-3.548080461,-0.037591695,0.875663638,-0.253168253
2.824000,2.967589948,0.554710894,-3.443532991,-0.050717390,0.900596728,-0.249713330
2.825000,3.024323442,0.560556504,-3.411957024,-0.041232336,0.925860955,-0.251773400
2.826000,3.109922748,0.389233571,-3.226783336,-0.028724222,0.948268656,-0.255394838
2.827000,3.321308828,0.163573502,-3.130268164,-0.019252694,0.971331230,-0.252478961
2.828000,3.551652381,0.268587441,-3.198627814,-0.016927751,0.997587526,-0.248203842
2.829000,3.757464935,0.452784661,-3.251358957,-0.013455968,1.018509707,-0.247677950
2.830000,3.878066081,0.392896018,-3.133542085,-0.015071415,1.034182081,-0.245736550
2.831000,4.017123196,0.176104754,-2.960836396,-0.006690902,1.046538498,-0.242271448
2.832000,4.150375158,-0.078990945,-2.856891864,0.011523887,1.060284809,-0.238024722
2.833000,4.287857038,-0.203317022,-2.629867273,0.026502868,1.069887981,-0.233018550
2.834000,4.459464952,-0.202832486,-2.555871780,0.027222952,1.077251596,-0.224688156
2.835000,4.687019111,-0.113083763,-2.536153097,0.020212909,1.082850963,-0.218410601
2.836000,4.775281747,0.028612245,-2.494225924,0.003412367,1.085824251,-0.214552844
2.837000,4.842406992,0.034341178,-2.461878687,0.002982572,1.082761435,-0.212081495
2.838000,4.816315290,-0.105786497,-2.291174240,0.012164892,1.073064904,-0.209201081
2.839000,4.798221133,-0.163125386,-2.164512725,0.022517700,1.057386017,-0.202137893
2.840000,4.853496952,-0.172442285,-2.030745432,0.026519032,1.047053879,-0.193483738
2.841000,4.958357951,-0.047780833,-1.883003824,0.019603048,1.034637838,-0.185413556
2.842000,5.010974927,0.111963240,-1.780091732,-0.001191648,1.019567152,-0.180753810
2.843000,5.008543735,0.241184663,-1.703978354,-0.017670454,1.000625669,-0.178449315
2.844000,4.886842497,0.351082868,-1.709287843,-0.015233891,0.979888361,-0.175867804
2.845000,4.754310579,0.337338596,-1.669593713,0.002043079,0.960307243,-0.172849663
2.846000,4.632148029,0.206555319,-1.545585160,0.012861755,0.933981686,-0.165795768
2.847000,4.550349552,0.149120143,-1.397627919,0.010928287,0.906401686,-0.153985324
2.848000,4.450516994,0.198774366,-1.265253031,-0.006152937,0.879523421,-0.140981211
2.849000,4.299719109,0.348026290,-1.250157004,-0.028634795,0.852803450,-0.130447732
2.850000,4.058914755,0.397143085,-1.157842845,-0.042106622,0.822667693,-0.122966452
2.851000,3.715628646,0.316416932,-1.093804161,-0.039163692,0.783593320,-0.112471596
2.852000,3.372817302,0.215672462,-0.948767480,-0.026285376,0.741989232,-0.102111375
2.853000,3.057227407,0.202865552,-0.975315698,-0.014001438,0.700828592,-0.090196468
2.854000,2.745706291,0.190476535,-0.904034709,-0.013021416,0.661423623,-0.080833496
2.855000,2.396298228,0.116483115,-0.870419817,-0.021838997,0.617759869,-0.071438352
2.856000,2.098619974,0.105026717,-0.852950240,-0.037281986,0.575446736,-0.063981514
2.857000,1.795166843,0.145840536,-0.650848781,-0.038235001,0.535015905,-0.059765662
2.858000,1.503538736,0.087137209,-0.383211109,-0.038768247,0.488906652,-0.054508770
2.859000,1.154108542,0.125364735,-0.188875559,-0.037129012,0.436992263,-0.043766973
2.860000,0.798534722,0.308475162,-0.116651046,-0.037409763,0.384269845,-0.029305530
2.861000,0.537995657,0.459068152,-0.034248690,-0.041102600,0.341829073,-0.014014814
2.862000,0.333323192,0.477748860,-0.013334737,-0.052557540,0.308331443,0.001382263
2.863000,0.150274299,0.507317792,0.084003949,-0.063464704,0.273918471,0.015140281
2.864000,-0.059703039,0.544802257,0.219555389,-0.068793340,0.238472399,0.028996687
2.865000,-0.288620516,0.457758711,0.300049133,-0.072418949,0.198040381,0.043240133
2.866000,-0.416322372,0.380503364,0.264814186,-0.077961093,0.156614156,0.060369248
2.867000,-0.468064502,0.416889682,0.220100700,-0.086842288,0.114602298,0.079674934
2.868000,-0.505438574,0.497683599,0.186797091,-0.100023295,0.075750759,0.098198478
2.869000,-0.531877355,0.495750911,0.201894293,-0.113485785,0.038614402,0.113893036
2.870000,-0.554223849,0.515325450,0.267978126,-0.128410056,-0.001731449,0.129924044
2.871000,-0.613231859,0.492338299,0.258509259,-0.135788216,-0.043095719,0.141880070
2.872000,-0.648443753,0.429203553,0.214954622,-0.141448857,-0.085528306,0.152163197
2.873000,-0.636808799,0.403942784,0.129123003,-0.146149645,-0.123978246,0.159377463
2.874000,-0.571038300,0.465263419,0.035741636,-0.147982143,-0.162336951,0.164631253
2.875000,-0.474608690,0.514205757,-0.025653746,-0.144748823,-0.195622657,0.168684791
2.876000,-0.434414855,0.508411909,-0.168546202,-0.137449218,-0.223230926,0.172091612
2.877000,-0.373565248,0.506537058,-0.145032090,-0.128816066,-0.247729425,0.176633548
2.878000,-0.249375363,0.497262323,-0.034467726,-0.114411675,-0.272277698,0.192195617
2.879000,-0.242310310,0.574469175,-0.075150635,-0.099356138,-0.285933624,0.206606000
2.880000,-0.149746569,0.601629631,-0.184979957,-0.086605967,-0.289163935,0.215504232
2.881000,-0.011781882,0.485709017,-0.147229910,-0.080989128,-0.295095898,0.221166648
2.882000,0.069815524,0.341956639,-0.095434810,-0.077411915,-0.305934975,0.224522335
2.883000,0.127359062,0.250792547,0.073584966,-0.075086466,-0.320795502,0.223350017
2.884000,0.158976109,0.295647981,0.426204298,-0.079936161,-0.341786723,0.217923143
2.885000,0.154850978,0.427115078,0.686035670,-0.080086439,-0.358985041,0.210245539
2.886000,0.160782501,0.446266120,0.643463183,-0.072438192,-0.367990281,0.202813212
2.887000,0.154129105,0.355791386,0.451361713,-0.055398406,-0.374439831,0.195286660
2.888000,0.204704154,0.062837493,0.379381531,-0.037194398,-0.389614158,0.189248348
2.889000,0.319788330,-0.147194540,0.428291728,-0.023977466,-0.405962906,0.187481162
2.890000,0.335062937,-0.046232068,0.701762543,-0.015603857,-0.422008065,0.180745129
2.891000,0.311195842,0.059415087,0.954120206,-0.009778750,-0.437004467,0.166625930
2.892000,0.256247010,-0.017706326,1.224508678,-0.003111791,-0.452741918,0.155799673
2.893000,0.197258293,-0.172728270,1.220172242,0.005128855,-0.467225221,0.148284719
2.894000,0.122344286,-0.219289733,1.102309953,0.017382446,-0.481391514,0.140610756
2.895000,0.050196333,-0.273634358,1.154890809,0.024177118,-0.497816613,0.135276056
2.896000,0.024184567,-0.283245376,1.314004303,0.021448612,-0.509328812,0.132527061
2.897000,-0.022130584,-0.213159086,1.414548970,0.014069872,-0.516054771,0.129065870
2.898000,-0.099254463,-0.193520937,1.669412787,0.004874098,-0.525791805,0.123447529
2.899000,-0.228313727,-0.286864453,1.901286359,-0.001983785,-0.537428311,0.118782924
2.900000,-0.359194061,-0.364894282,2.106587481,-0.003364955,-0.547888528,0.114237094
2.901000,-0.453711267,-0.358674148,2.094641076,-0.008427894,-0.556201353,0.110030140
2.902000,-0.542549706,-0.336853686,2.127579916,-0.013085810,-0.560077276,0.106068879
2.903000,-0.623086886,-0.335175341,2.156029513,-0.019720509,-0.559396685,0.104125700
2.904000,-0.715343879,-0.295663274,2.266739587,-0.021827421,-0.559140040,0.100835265
2.905000,-0.857510464,-0.331833414,2.386467059,-0.022953472,-0.561206296,0.096254572
2.906000,-1.041129805,-0.440688259,2.468776568,-0.020788480,-0.563924997,0.090148249
2.907000,-1.204287697,-0.489092446,2.523912478,-0.016469440,-0.565397914,0.084242482
2.908000,-1.345457045,-0.534862100,2.446308569,-0.010395382,-0.559824480,0.076237901
2.909000,-1.433187846,-0.584240790,2.372526725,-0.007529134,-0.552378664,0.067190425
2.910000,-1.451782809,-0.638795265,2.368164332,-0.004169693,-0.540424407,0.058106088
2.911000,-1.530779274,-0.669072073,2.420059944,-0.004924591,-0.529247917,0.047229583
2.912000,-1.606278148,-0.808523180,2.566808502,-0.003427193,-0.523015772,0.035575537
2.913000,-1.691864344,-0.913699655,2.709262222,-0.006475647,-0.518992308,0.027996084
2.914000,-1.752531553,-0.887646354,2.786063573,-0.006716938,-0.514474133,0.020140382
2.915000,-1.818465802,-0.855744744,2.912434795,-0.010140280,-0.508615479,0.010828239
2.916000,-1.870955026,-0.853443201,2.959896454,-0.008322073,-0.500532202,0.005448665
2.917000,-1.937492173,-0.855929558,3.006506973,-0.005897152,-0.494007165,0.001593027
2.918000,-1.976119662,-0.915694301,3.086295888,0.002548776,-0.488114193,-0.003692729
2.919000,-2.014982308,-0.959641202,3.238925981,0.005264406,-0.483413394,-0.007120645
2.920000,-1.978596241,-0.849266370,3.412273574,0.000545987,-0.472406264,-0.008661944
2.921000,-1.928701037,-0.696002354,3.608562287,-0.007404408,-0.458789352,-0.014380235
2.922000,-1.842338429,-0.602606432,3.759909299,-0.013077039,-0.441516033,-0.020457534
2.923000,-1.781367094,-0.489041463,3.790176550,-0.019110635,-0.418752421,-0.025719376
2.924000,-1.705760014,-0.395197515,3.759378973,-0.020460388,-0.393154508,-0.034569644
2.925000,-1.605405601,-0.263855684,3.556124338,-0.024884921,-0.360742631,-0.038529523
2.926000,-1.439684085,-0.139650853,3.467090491,-0.028537595,-0.321780533,-0.040181242
2.927000,-1.247378533,0.023484710,3.513981440,-0.033077141,-0.286540155,-0.044391804
2.928000,-1.053460508,0.000720949,3.636187018,-0.029515616,-0.248796300,-0.049236271
2.929000,-0.971512977,-0.087324937,3.675276545,-0.027850705,-0.210707715,-0.053038437
2.930000,-0.856689608,-0.160632197,3.562524510,-0.024827772,-0.174859302,-0.060342634
2.931000,-0.712016460,-0.045473298,3.440416133,-0.026975578,-0.133516258,-0.069372289
2.932000,-0.545416249,0.021828976,3.482358658,-0.029680120,-0.083891806,-0.077277619
2.933000,-0.312721863,0.145399454,3.522337221,-0.033499904,-0.028553023,-0.085596481
2.934000,-0.082921104,0.147247313,3.411531685,-0.025867745,0.028633996,-0.090514485
2.935000,0.090432647,0.130041326,3.332758636,-0.021590294,0.075440929,-0.091686600
2.936000,0.227972284,0.046580923,3.176311751,-0.010447461,0.126830130,-0.091884936
2.937000,0.425258465,-0.033548309,3.287573127,-0.006137875,0.180746081,-0.090736602
2.938000,0.604827322,-0.099093580,3.547292195,-0.006712621,0.235460173,-0.090739237
2.939000,0.858894960,-0.037498560,3.919524321,-0.020827056,0.290742306,-0.086867832
2.940000,1.087561873,0.172688158,3.933171782,-0.035216359,0.351234906,-0.087280247
2.941000,1.140622137,0.333412935,3.830022538,-0.043024777,0.403602942,-0.091870441
2.942000,1.171027919,0.271083441,3.691221550,-0.037539525,0.458130927,-0.092795395
2.943000,1.204541162,0.156334754,3.678484729,-0.031299341,0.509486889,-0.088196420
2.944000,1.316107620,0.246797182,3.707119625,-0.028464212,0.572278392,-0.085410424
2.945000,1.437643758,0.376169002,3.941233592,-0.038903484,0.638026906,-0.083439549
2.946000,1.560956991,0.465867548,4.069950583,-0.060191080,0.698789742,-0.082043852
2.947000,1.646808620,0.651277965,4.045325610,-0.081279864,0.751928919,-0.083419509
2.948000,1.689195416,0.667462654,4.000060959,-0.071850453,0.806587816,-0.092949914
2.949000,1.682592339,0.433015177,4.236181091,-0.058499328,0.854601981,-0.097690201
2.950000,1.860954053,0.236559485,4.282165334,-0.041524408,0.907146233,-0.101610407
2.951000,1.958466284,0.348790589,4.492302922,-0.033718586,0.956570591,-0.105242708
2.952000,2.088670924,0.335205995,4.771693576,-0.036915622,1.005033637,-0.108461539
2.953000,2.119968681,0.404958394,4.932835872,-0.059163958,1.056565885,-0.107170084
2.954000,2.214128253,0.490268063,4.975833109,-0.070286888,1.106231794,-0.105672723
2.955000,2.201352441,0.468479805,5.159935707,-0.062550217,1.157205452,-0.102452126
2.956000,2.297566997,0.460594655,5.376940607,-0.047533340,1.213007316,-0.098425149
2.957000,2.370543685,0.403815543,5.539574619,-0.033901793,1.266983428,-0.095681488
2.958000,2.435354422,0.161803653,5.822670694,-0.019094377,1.321401616,-0.093110775
2.959000,2.538953091,0.128345179,6.098556498,-0.028475136,1.377086487,-0.092080863
2.960000,2.623853610,0.267446693,6.122528737,-0.037096001,1.424651328,-0.094885926
2.961000,2.597328012,0.367423474,6.277645105,-0.047225161,1.475108150,-0.097464181
2.962000,2.507614240,0.348733095,6.329222672,-0.050577991,1.527466139,-0.106788859
2.963000,2.438252372,0.384781109,6.446040326,-0.038329724,1.574063893,-0.114733352
2.964000,2.336853167,0.350188237,6.631359718,-0.010747158,1.621520368,-0.117796378
2.965000,2.334593002,0.317511478,6.748382558,-0.004373297,1.675861423,-0.117518160
2.966000,2.501588155,0.409077787,6.768652685,-0.011369924,1.729825778,-0.112360704
2.967000,2.568483993,0.575286402,6.966662785,-0.025094031,1.789633621,-0.110738398
2.968000,2.520242143,0.550675919,7.265909654,-0.031264178,1.845664655,-0.110864790
2.969000,2.505041857,0.413138864,7.604772571,-0.033449703,1.893362378,-0.107107628
2.970000,2.489158504,0.202602103,7.827065738,-0.015293256,1.937741823,-0.104560397
2.971000,2.576227935,-0.077392506,8.033926503,0.005281795,1.980437867,-0.096131592
2.972000,2.694248222,-0.294979225,8.199953505,0.008691431,2.026428959,-0.083518573
2.973000,2.859259280,-0.195255201,8.199870366,0.006087516,2.070486153,-0.074924700
2.974000,2.913980056,-0.207839495,8.478233343,0.013734356,2.114194038,-0.067635071
2.975000,2.920165405,-0.325226746,8.763754981,0.013235307,2.156830145,-0.056812679
2.976000,2.952334208,-0.443271450,8.992470815,0.022788641,2.194255377,-0.044919908
2.977000,3.000162289,-0.469931344,9.170952835,0.039510677,2.240338848,-0.033337273
2.978000,3.017263219,-0.543655427,9.403023356,0.059974913,2.297854073,-0.021213672
2.979000,3.140845863,-0.565991922,9.241788256,0.073985968,2.355453692,-0.009488069
2.980000,3.180381058,-0.698061878,9.056176865,0.090587555,2.419058203,-0.003109227
2.981000,3.259668361,-0.820113064,8.821386561,0.100924443,2.482747722,0.007070138
2.982000,3.334032434,-0.922790446,8.798881996,0.109984092,2.539365981,0.011838965
2.983000,3.371890641,-1.095609125,9.041376668,0.126710663,2.592379091,0.013809683
2.984000,3.566948130,-1.159727877,9.522373654,0.129158379,2.648607425,0.020041222
2.985000,3.786360114,-0.856349412,9.787921153,0.137403084,2.712445998,0.024751114
2.986000,4.002164466,-0.548717814,9.805891796,0.152436952,2.771829884,0.028625906
2.987000,4.801701503,-0.205814884,9.452763117,0.143832219,2.841514213,0.043210050
2.988000,5.969957529,0.373064445,9.465539231,0.116577544,2.950668731,0.050287799
2.989000,7.116489894,0.869880811,10.168309475,0.091349254,3.046664479,0.051290791
2.990000,8.199720149,0.986183197,10.489610851,0.058346677,3.143388903,0.056667075
2.991000,8.966083494,1.102230236,10.082949467,0.049145719,3.231891909,0.050209427
2.992000,9.901810019,0.912404406,9.921794792,0.063974921,3.318027845,0.040361304
2.993000,10.859631032,0.431121564,9.940308547,0.066169724,3.410499134,0.041117813
2.994000,11.514028383,0.070447543,9.972436074,0.084888967,3.491822176,0.034263597
2.995000,11.908444650,-0.250448961,10.264471374,0.106045893,3.552173033,0.028295985
2.996000,12.100776173,-0.835668681,10.251430786,0.130925580,3.609762342,0.025727262
2.997000,12.212511937,-1.379896620,10.210761783,0.144741388,3.667230065,0.021652267
2.998000,12.184218508,-1.886096530,10.142712153,0.155576959,3.707897963,0.020919541
2.999000,11.887948338,-2.196480172,10.307674841,0.176174410,3.737752240,0.019121441
3.000000,11.446133759,-2.422771258,10.470212838,0.211013899,3.746796031,0.024991166
3.001000,10.770104392,-2.750103683,10.977503863,0.232232226,3.753385489,0.018070526
3.002000,9.968632417,-2.704511618,11.165293904,0.231229366,3.755345289,0.012129048
3.003000,9.254446949,-2.231837534,11.436630393,0.211629478,3.750733513,0.014218387
3.004000,8.425139257,-1.718466589,11.602554641,0.202620997,3.742153933,0.021805912
3.005000,7.513802570,-1.176412437,11.939272781,0.190150270,3.729810969,0.037214730
3.006000,6.758008340,-0.469535890,12.255706714,0.165007076,3.723099021,0.056929134
3.007000,6.074126067,0.339714943,12.140138975,0.128572257,3.719367360,0.071563914
3.008000,5.521113782,0.860960183,12.075937198,0.101003678,3.713339643,0.087751726
3.009000,5.046871791,1.096986644,12.032122724,0.080102344,3.706149711,0.100124167
3.010000,4.785715847,1.291954785,12.144190178,0.069289148,3.695816266,0.103251759
3.011000,4.618616658,1.357986077,12.300543071,0.061127247,3.691016315,0.107934813
3.012000,4.565963140,1.265947785,12.229460444,0.073591474,3.688648297,0.114476588
3.013000,4.703432375,0.960381398,11.943161541,0.093370955,3.695452429,0.125846180
3.014000,5.063421029,0.498084519,11.811837284,0.106440917,3.699757080,0.135884589
3.015000,5.591089592,0.068425621,11.927610295,0.121498074,3.704104574,0.149527775
3.016000,6.210555699,-0.327135136,11.780326423,0.154334714,3.715983830,0.168960116
3.017000,6.902141359,-0.815883400,11.961699669,0.205274892,3.733517174,0.188134864
3.018000,7.415857864,-1.332091447,12.078191922,0.247229804,3.748188254,0.205125463
3.019000,8.073890180,-1.690198450,12.120774024,0.270254271,3.758396446,0.202223070
3.020000,8.695694433,-2.084635013,12.326969022,0.281806651,3.763498108,0.174284965
3.021000,9.293722843,-2.077832283,13.009895462,0.260599858,3.763805040,0.134018703
3.022000,9.894690638,-1.850760517,13.681260120,0.237040928,3.763493379,0.071599584
3.023000,10.350163520,-1.378243151,13.990071352,0.206456691,3.755955534,-0.000304217
3.024000,10.742648482,-0.729089542,13.865466924,0.171741605,3.739709904,-0.051790682
3.025000,11.096996727,-0.023763460,13.596276110,0.124884168,3.725500264,-0.081503865
3.026000,11.024105417,0.630661409,13.519405121,0.103011253,3.711575047,-0.090217247
3.027000,10.849217671,0.963811469,13.752526924,0.098078440,3.694853183,-0.080779001
3.028000,10.683630168,1.000268777,13.631318222,0.102018857,3.675077920,-0.061662415
3.029000,10.343968709,0.776836923,13.494193056,0.106517091,3.650866769,-0.046525331
3.030000,9.936837995,0.396138263,13.355178413,0.112927082,3.602776293,-0.036758867
3.031000,9.324992400,-0.024931985,13.624495088,0.116357249,3.547124831,-0.038488961
3.032000,8.672024913,-0.278477355,13.882159404,0.119660005,3.486580682,-0.041503494
3.033000,7.696247186,-0.608720296,14.187658251,0.124601954,3.428374002,-0.055113637
3.034000,6.688657390,-0.927065363,13.870232089,0.135159164,3.355888479,-0.071586111
3.035000,5.738714656,-1.074064685,13.482130523,0.156523641,3.275436557,-0.091412668
3.036000,5.010333549,-1.202237186,13.338905874,0.179220467,3.194415574,-0.111795141
3.037000,4.354632074,-1.371925938,13.604734743,0.193324810,3.108311617,-0.133046634
3.038000,3.798695813,-1.371136162,13.929530743,0.215966774,3.027768663,-0.162612613
3.039000,3.461102020,-1.355533098,13.914104302,0.235043129,2.967318960,-0.191271586
3.040000,3.364545187,-1.240501065,13.337363925,0.240314141,2.924284834,-0.209431150
3.041000,3.441872631,-1.011096154,13.087548915,0.248240068,2.886200695,-0.235026431
3.042000,3.619660672,-0.765870064,13.165153744,0.251776883,2.851138783,-0.251854655
3.043000,3.751692405,-0.544378264,13.345964548,0.240620912,2.813835993,-0.255359930
3.044000,3.871710601,-0.271494339,13.335069058,0.224204416,2.773949970,-0.255969600
3.045000,3.953407012,0.012033266,13.067988601,0.202092369,2.730608015,-0.249303514
3.046000,4.098097153,0.365156986,12.675996323,0.174994362,2.685131385,-0.236780869
3.047000,4.161270478,0.640377612,12.401448523,0.173500295,2.640138444,-0.235590680
3.048000,4.358945159,0.488077909,12.379291432,0.183530910,2.592577415,-0.229862874
3.049000,4.601876748,0.183312911,12.299844874,0.186039260,2.549745453,-0.228295667
3.050000,4.881975763,-0.012079309,11.852551210,0.194055258,2.508648635,-0.236328137
3.051000,5.113695324,-0.384447701,11.255646899,0.194642842,2.465768606,-0.240144307
3.052000,5.395022722,-0.788366365,10.808646219,0.213043452,2.418885919,-0.244783351
3.053000,5.535192630,-1.092406050,10.740483908,0.246702857,2.369307829,-0.254635643
3.054000,5.584869047,-1.467530848,10.620719675,0.284149469,2.316403846,-0.265497923
3.055000,5.622002577,-1.805764078,10.344220641,0.300388355,2.259443097,-0.274631878
3.056000,5.709226627,-1.858991073,10.026127052,0.310689711,2.206142656,-0.285494963
3.057000,5.740096780,-1.778555521,9.805578415,0.307560947,2.146816354,-0.292432781
3.058000,5.690152269,-1.603493258,9.602809201,0.300201721,2.090047141,-0.295580794
3.059000,5.594219219,-1.239267409,9.542822418,0.298978480,2.023501243,-0.295301447
3.060000,5.317472287,-1.064990110,9.459819285,0.306102259,1.954006256,-0.294123217
3.061000,4.941433151,-1.055359153,9.489161005,0.302528825,1.873338224,-0.290163257
3.062000,4.590641799,-0.976715884,9.419233405,0.289442769,1.806121132,-0.283044412
3.063000,4.216576972,-0.686148345,9.155066915,0.267130904,1.740103698,-0.275410841
3.064000,3.766738471,-0.467768069,8.854863753,0.260053020,1.672449474,-0.262256359
3.065000,3.226978166,-0.271515547,8.718235189,0.267544933,1.594262044,-0.242349566
3.066000,2.779676898,-0.199052900,8.471692152,0.287238933,1.524973340,-0.224406155
3.067000,2.323956471,-0.233957773,8.289887743,0.286792850,1.452548683,-0.210422236
3.068000,2.034437006,-0.265782105,8.078129154,0.279899754,1.385777193,-0.201513457
3.069000,1.720596905,-0.066954939,7.804650071,0.274173861,1.317924082,-0.195891321
3.070000,1.477141272,0.024133232,7.692951059,0.282374808,1.258028940,-0.194137904
3.071000,1.245083606,0.066273697,7.564177947,0.285638877,1.196897081,-0.188699076
3.072000,1.082405807,0.050517589,7.355562736,0.301336795,1.140016287,-0.184533822
3.073000,0.934814774,0.011927372,7.191996205,0.311088048,1.081823042,-0.185064897
3.074000,0.917812965,-0.088457323,7.029951337,0.315911820,1.028118396,-0.187483847
3.075000,0.986694075,0.000641569,6.736577946,0.310968406,0.981103556,-0.191117711
3.076000,1.042013005,-0.104508308,6.404867594,0.312431731,0.943375886,-0.193484383
3.077000,1.102344344,-0.243018957,6.135836859,0.309209879,0.903638672,-0.195382222
3.078000,1.262802948,-0.412045227,5.859031142,0.309188335,0.852770941,-0.195595205
3.079000,1.299842093,-0.418008854,5.836759771,0.319951007,0.809898246,-0.194942646
3.080000,1.340666508,-0.530052029,5.763696249,0.328629172,0.770830927,-0.195984848
3.081000,1.463706244,-0.568570892,5.473295367,0.328726541,0.734614713,-0.192918136
3.082000,1.541393658,-0.494606827,5.148331203,0.327142047,0.702007843,-0.189928426
3.083000,1.513558043,-0.421053818,4.955286951,0.322198314,0.663499118,-0.189214905
3.084000,1.494081747,-0.426205153,4.870279061,0.318403062,0.623615049,-0.186343870
3.085000,1.502779366,-0.285319894,4.924336976,0.311685633,0.584830900,-0.178827946
3.086000,1.457818409,-0.164643902,4.837095925,0.308330287,0.548009712,-0.174700080
3.087000,1.389428836,-0.076826415,4.711568001,0.305510106,0.514199352,-0.168667231
3.088000,1.360101533,-0.043263780,4.560385894,0.299388122,0.480996242,-0.160657932
3.089000,1.320963699,0.076594015,4.398166847,0.286486115,0.449929881,-0.151014134
3.090000,1.308317104,0.181185110,4.424294502,0.274409923,0.420179411,-0.140938097
3.091000,1.214777247,0.279818543,4.416400355,0.262235753,0.394082658,-0.134868888
3.092000,1.046849169,0.438781801,4.377563040,0.249023599,0.370592821,-0.126020876
3.093000,0.919499138,0.674464300,4.212365106,0.237059017,0.350520374,-0.117108197
3.094000,0.811411542,0.842718725,3.955277896,0.229139813,0.337178238,-0.108705902
3.095000,0.685329165,0.929288489,3.690740857,0.225210472,0.325665322,-0.101179477
3.096000,0.578779756,0.814834837,3.570747730,0.222870812,0.315714543,-0.096730999
3.097000,0.591403903,0.690004406,3.483520376,0.215343727,0.305968712,-0.090294904
3.098000,0.606287203,0.585979866,3.378953103,0.211909696,0.300698793,-0.085364061
3.099000,0.651727799,0.452354833,3.250689125,0.203720486,0.296613057,-0.079123168
3.100000,0.677935706,0.189510960,3.095005851,0.206380394,0.294026046,-0.072179072
3.101000,0.675949007,-0.012676357,2.981252750,0.213525459,0.290383267,-0.064314628
3.102000,0.707773571,-0.200279319,2.885480456,0.227936235,0.286335783,-0.049714143
3.103000,0.790778436,-0.359050430,2.739043619,0.237952469,0.281193813,-0.030694360
3.104000,0.863442759,-0.425913485,2.662761326,0.239910721,0.275637193,-0.012564290
3.105000,0.883822833,-0.432203285,2.701838041,0.231844719,0.272090434,0.001031413
3.106000,0.866899758,-0.532905460,2.720575749,0.218431536,0.268554963,0.006495738
3.107000,0.814483528,-0.678785098,2.677509394,0.196173183,0.263957155,0.004311711
3.108000,0.807324829,-0.694413482,2.503108668,0.174558598,0.261397961,-0.001477848
3.109000,0.833273933,-0.578103565,2.367314016,0.154721265,0.259292863,-0.009869994
3.110000,0.914073011,-0.462337036,2.260361777,0.141153358,0.259466993,-0.017418137
3.111000,1.080970259,-0.353566829,2.114123729,0.134059826,0.261508090,-0.019196248
3.112000,1.286266242,-0.308664450,1.989001844,0.132554610,0.262005238,-0.008257123
3.113000,1.399118085,-0.300185158,1.828752155,0.127830540,0.258352559,0.010340996
3.114000,1.455321538,-0.159500066,1.675129888,0.117133247,0.252941697,0.035012171
3.115000,1.507467475,0.115675829,1.570878454,0.098346942,0.247243360,0.064394384
3.116000,1.549064340,0.442079348,1.510935179,0.083879999,0.242058757,0.091584048
3.117000,1.508231090,0.670792698,1.429131738,0.077189170,0.238888515,0.112888971
3.118000,1.445229672,0.717744831,1.250170196,0.079206341,0.235340805,0.128056461
3.119000,1.383435613,0.614092409,1.042893054,0.085196507,0.230097085,0.143712634
3.120000,1.325474496,0.417196588,0.898989734,0.089681572,0.223317745,0.152695567
3.121000,1.353830310,0.205765239,0.907010637,0.089522332,0.214974838,0.155546625
3.122000,1.355167789,0.076967176,0.905111131,0.083491622,0.209296715,0.156295763
3.123000,1.324543932,0.084090664,0.694915123,0.082016794,0.209237172,0.154028742
3.124000,1.268638038,-0.065663861,0.468223633,0.092760748,0.207893560,0.146079943
3.125000,1.200853777,-0.287942683,0.186418079,0.114580620,0.203609363,0.133937219
3.126000,1.116579781,-0.545131710,0.058327751,0.148243398,0.198473720,0.119114239
3.127000,1.023076347,-0.666762837,-0.023315778,0.179314653,0.193352998,0.104176687
3.128000,0.948216343,-0.660482763,-0.198981838,0.204527461,0.191322029,0.086110236
3.129000,0.819664346,-0.602104105,-0.421068580,0.221270964,0.191899110,0.064782461
3.130000,0.733953270,-0.751846254,-0.521313539,0.237362292,0.187327106,0.042992362
3.131000,0.682627387,-0.982790457,-0.590991390,0.252922181,0.179479797,0.028780871
3.132000,0.586605970,-1.092721725,-0.657599376,0.271621443,0.172439339,0.021654512
3.133000,0.476360548,-1.060217905,-0.626887391,0.282827776,0.165145212,0.017290916
3.134000,0.367873954,-0.932262365,-0.639346245,0.274652587,0.162014222,0.016641549
3.135000,0.272580579,-0.686356983,-0.725334435,0.258487611,0.161938222,0.014786172
3.136000,0.180960633,-0.502227283,-0.717614745,0.244337016,0.160572011,0.008303096
3.137000,0.030297496,-0.387272410,-0.685842417,0.238423494,0.152753217,-0.002061939
3.138000,-0.157508349,-0.310007259,-0.850950826,0.243349821,0.144117660,-0.013573712
3.139000,-0.322198307,-0.254398865,-1.126840234,0.256301949,0.135574441,-0.022115958
3.140000,-0.480498037,-0.160146300,-1.341558457,0.264057904,0.128625404,-0.028349748
3.141000,-0.532515073,-0.050461559,-1.446259835,0.269022507,0.125700112,-0.031260211
3.142000,-0.511980163,0.086472897,-1.485960993,0.267671103,0.128608328,-0.031866493
3.143000,-0.498241411,0.172532351,-1.466516481,0.264362346,0.132816659,-0.035999404
3.144000,-0.532820675,0.173700388,-1.539250195,0.265712805,0.136690081,-0.042541324
3.145000,-0.599728339,0.105827250,-1.778232257,0.274252390,0.137811215,-0.046765589
3.146000,-0.678240069,0.046333846,-2.084983056,0.282858912,0.137442953,-0.050753412
3.147000,-0.706841823,0.003820738,-2.333341505,0.285291603,0.139095390,-0.051712376
3.148000,-0.683944156,0.008414854,-2.436810076,0.278361294,0.141462921,-0.049936711
3.149000,-0.673941078,0.023086074,-2.457095557,0.270621183,0.146380118,-0.048039487
3.150000,-0.709128162,-0.018165502,-2.484083914,0.267549405,0.150027712,-0.047690420
3.151000,-0.739742506,-0.231556943,-2.527807827,0.269733578,0.151887593,-0.047735251
3.152000,-0.749977116,-0.440553193,-2.632138530,0.270947053,0.154712945,-0.049012348
3.153000,-0.713709695,-0.424290439,-2.785498609,0.272356476,0.159757284,-0.052680740
3.154000,-0.597439968,-0.359411526,-2.812883975,0.266222218,0.166184227,-0.056579527
3.155000,-0.476024422,-0.303347719,-2.719249487,0.254348857,0.173786394,-0.058583995
3.156000,-0.368757016,-0.127984378,-2.702656430,0.241066945,0.182390352,-0.061641431
3.157000,-0.301485958,0.047340093,-2.697515578,0.238056384,0.190482571,-0.064171350
3.158000,-0.283840403,0.153397683,-2.794859769,0.239807485,0.196828635,-0.065724710
3.159000,-0.246986925,0.208516789,-2.971279533,0.242508289,0.204924783,-0.067502821
3.160000,-0.168690039,0.390446208,-3.185665260,0.237647137,0.213541057,-0.067898850
3.161000,-0.057050594,0.629841341,-3.300792651,0.228781567,0.224031556,-0.069993807
3.162000,0.031481856,0.854855591,-3.325504181,0.211970321,0.232054740,-0.072461003
3.163000,0.098858381,1.016406377,-3.460585089,0.202885972,0.243542290,-0.076397185
3.164000,0.138766651,1.079859596,-3.617016181,0.199949824,0.252577092,-0.082436437
3.165000,0.201924028,1.018718338,-3.805651680,0.206822255,0.261860184,-0.088418709
3.166000,0.278663754,0.841428987,-4.016216475,0.210454050,0.269730045,-0.094971807
3.167000,0.417048831,0.736243283,-4.142697782,0.209029929,0.279645545,-0.100588598
3.168000,0.537554703,0.647975871,-4.097490284,0.200352846,0.287212160,-0.110497778
3.169000,0.658027676,0.504205677,-4.012780471,0.191478406,0.292205041,-0.118849913
3.170000,0.787220819,0.320871036,-3.944955800,0.181224252,0.293936985,-0.124373717
3.171000,0.896443501,0.190425634,-3.960638267,0.176925386,0.293627743,-0.126123378
3.172000,0.942347728,0.161950350,-4.071714242,0.173761051,0.293538293,-0.121896301
3.173000,0.973932309,0.283425446,-4.193212027,0.171043594,0.295538314,-0.111962687
3.174000,0.992817603,0.371900349,-4.312214274,0.169900112,0.295375766,-0.098520741
3.175000,1.023896595,0.434197857,-4.420749756,0.170532392,0.294573119,-0.081551946
3.176000,0.985344274,0.503743239,-4.440249270,0.173734757,0.289523521,-0.067175898
3.177000,0.967614810,0.503313413,-4.511480129,0.186031989,0.282598918,-0.054805944
3.178000,0.943126460,0.410734087,-4.409467158,0.194216281,0.270586519,-0.045060087
3.179000,0.986623881,0.381005662,-4.359742975,0.193088387,0.262149351,-0.038437539
3.180000,1.086754748,0.471473041,-4.260766170,0.184552883,0.246770637,-0.032535073
3.181000,1.136040598,0.484420203,-4.104754836,0.173177923,0.232859171,-0.025604863
3.182000,1.170808945,0.465465255,-3.999390993,0.152896718,0.216339234,-0.015226680
3.183000,1.256140745,0.602577290,-4.013878619,0.133594312,0.202190130,-0.004156047
3.184000,1.237095509,0.710751333,-4.013251048,0.120829601,0.177718030,0.003914402
3.185000,1.123435006,0.548843824,-4.113931614,0.116598057,0.154989595,0.010391169
3.186000,1.113912468,0.402008067,-4.422515254,0.110646027,0.132553951,0.019462973
3.187000,1.199509701,0.368824525,-4.731702852,0.112251319,0.113194679,0.028011050
3.188000,1.280571730,0.278177964,-4.778096394,0.103744242,0.093529870,0.033497794
3.189000,1.495117289,0.185958112,-4.778906821,0.098445682,0.076954567,0.044656424
3.190000,1.715094931,0.179512508,-4.895758265,0.105886013,0.059996093,0.056063457
3.191000,1.831711990,-0.001304473,-5.078682107,0.116547695,0.037906041,0.069233051
3.192000,1.957741493,-0.133478192,-5.302394696,0.124352749,0.005311539,0.087714505
3.193000,2.067863968,-0.023506815,-5.634594429,0.141442587,-0.024681871,0.105836087
3.194000,2.099653746,-0.070839956,-5.606180665,0.151410731,-0.060655443,0.114699429
3.195000,2.165853689,-0.244475776,-5.515726831,0.155106742,-0.097297830,0.123659120
3.196000,2.111660726,-0.046088768,-5.519157426,0.156861656,-0.139433987,0.129545265
3.197000,2.109945083,0.260006289,-5.695988689,0.156711308,-0.184378502,0.132398185
3.198000,2.082824595,0.260534229,-5.796676371,0.158649204,-0.231424503,0.139696176
3.199000,2.054228815,0.229166523,-5.954229615,0.166891249,-0.277225839,0.143803016
3.200000,2.035269774,0.157864794,-6.267326420,0.179453691,-0.317171870,0.142038421
3.201000,2.004765073,-0.035867073,-6.439890020,0.190607448,-0.361345558,0.136132468
3.202000,2.026586023,-0.079603650,-6.554811026,0.183728914,-0.409273345,0.125839132
3.203000,2.074744556,0.043477577,-6.907365410,0.174596198,-0.455868442,0.112577195
3.204000,2.116278558,-0.007658082,-7.170548381,0.164690932,-0.504163509,0.097599242
3.205000,2.122889128,-0.340673288,-7.349103224,0.167713747,-0.557995984,0.081846270
3.206000,2.251842463,-0.393935208,-7.666225014,0.161146155,-0.613230944,0.079037087
3.207000,2.367081510,-0.118712138,-8.122019602,0.162513320,-0.659585719,0.081621350
3.208000,2.432166068,0.086655739,-8.408287802,0.154375719,-0.708892866,0.082647579
3.209000,2.523549237,0.087559924,-8.522346848,0.147509116,-0.760303239,0.083047572
3.210000,2.637238205,0.144625175,-8.578374818,0.135327305,-0.819166221,0.089192281
3.211000,2.673283545,-0.018736449,-8.648511798,0.143089408,-0.873864658,0.086513897
3.212000,2.789234749,-0.166800031,-8.749394413,0.139858257,-0.934568136,0.082691560
3.213000,2.931769615,-0.049457282,-9.075169695,0.135971771,-0.991593893,0.082881035
3.214000,2.918093286,0.096532869,-9.382281002,0.132476994,-1.053539314,0.077841460
3.215000,2.785632679,-0.126309405,-9.228061099,0.130890175,-1.138485174,0.067303304
3.216000,2.649732322,-0.189179900,-9.641890532,0.126320878,-1.217166524,0.065891762
3.217000,2.684934385,-0.120649417,-9.940456225,0.131350443,-1.277660272,0.068168804
3.218000,3.047964847,0.008089584,-10.405111541,0.119654908,-1.311159692,0.069221658
3.219000,3.559415991,0.130231097,-10.547493107,0.092812757,-1.346467513,0.071517543
3.220000,3.937941654,0.245150634,-10.850398958,0.062490099,-1.392357625,0.072721809
3.221000,4.149751625,0.158309137,-11.067158406,0.035237316,-1.452952317,0.065005451
3.222000,4.218612921,0.247602653,-11.507419789,0.008609444,-1.521981570,0.062420895
3.223000,4.219399525,0.398269101,-11.811244874,0.004974347,-1.588923679,0.060487290
3.224000,4.231006002,0.464769925,-11.978605312,0.006041004,-1.656134207,0.060460139
3.225000,4.315541541,0.332497601,-12.100847911,0.012535421,-1.715390961,0.062047174
3.226000,4.440485738,0.399225337,-12.308396215,0.004884038,-1.769771523,0.070433625
3.227000,4.591048363,0.518889852,-12.760718308,-0.003184304,-1.823580290,0.078119922
3.228000,4.649835660,0.789461236,-13.154848148,-0.025095242,-1.886543022,0.089404013
3.229000,4.701342671,0.834368642,-13.416744932,-0.026055416,-1.939711895,0.098803223
3.230000,4.659675770,0.760126454,-13.683087427,-0.020294672,-1.990674143,0.100728421
3.231000,4.749067757,0.577591654,-13.664555768,-0.017438983,-2.038548419,0.112227315
3.232000,4.903418800,0.659751304,-13.826251286,-0.035332285,-2.088542750,0.125683466
3.233000,5.046546151,0.852750839,-13.889985963,-0.048745180,-2.138628394,0.134822526
3.234000,5.083805464,0.971952532,-13.901935910,-0.074648826,-2.182286426,0.137781564
3.235000,5.074150045,0.755960662,-14.120862322,-0.081191947,-2.215660977,0.136119855
3.236000,4.788471490,0.313313066,-14.562405830,-0.081089203,-2.259672620,0.121659386
3.237000,4.203215711,-0.295398571,-14.965379120,-0.064880230,-2.314629904,0.101926707
3.238000,3.498172615,-0.801924801,-14.972415622,-0.064067397,-2.386602435,0.086665559
3.239000,2.627149402,-1.137913990,-14.888041678,-0.057959384,-2.464186942,0.071429608
3.240000,1.659279725,-1.361920397,-14.830836969,-0.047753428,-2.539614864,0.054766161
3.241000,0.660313459,-1.811019157,-15.005712153,-0.006887117,-2.602898443,0.033208603
3.242000,-0.246498039,-2.214906672,-14.977752764,0.025898936,-2.665335545,0.020142694
3.243000,-0.932259873,-2.279839777,-14.917750140,0.041318254,-2.727595815,0.025268022
3.244000,-1.387991806,-2.002455444,-14.717680121,0.031662360,-2.776984628,0.041018897
3.245000,-1.899903096,-1.572290123,-14.464467666,0.017335668,-2.817270948,0.051051377
3.246000,-2.243993979,-0.902019954,-14.382011521,0.003251551,-2.849734056,0.055360574
3.247000,-2.448006411,-0.450950093,-14.640342392,0.005497146,-2.869721996,0.055065251
3.248000,-2.215203338,0.112699249,-14.736991175,-0.008269861,-2.887284562,0.064697523
3.249000,-1.597277830,0.769443074,-14.978340357,-0.033589477,-2.885199241,0.086134605
3.250000,-0.793077053,1.374640603,-15.028060529,-0.062315295,-2.863902009,0.101982813
3.251000,0.196581996,1.585276484,-14.993047492,-0.078244728,-2.827746648,0.115944657
3.252000,1.293650053,1.665077254,-15.087842108,-0.097135003,-2.785550876,0.123791206
3.253000,2.426339155,1.731065191,-15.577492144,-0.107915939,-2.737376369,0.132387649
3.254000,3.618152512,1.438360538,-15.802543340,-0.119898549,-2.691043394,0.133064704
3.255000,4.828272792,1.001848033,-15.969370761,-0.121020394,-2.642113178,0.127988499
3.256000,6.032451271,0.485046422,-15.921780300,-0.116311974,-2.583457367,0.125167877
3.257000,7.104754612,-0.263782872,-16.080807105,-0.084881567,-2.527360541,0.116710405
3.258000,7.869361331,-1.174188201,-15.996083264,-0.047462557,-2.479506917,0.103495561
3.259000,8.566561226,-1.948970018,-16.019287354,-0.005738797,-2.438477036,0.093214284
3.260000,9.174978305,-2.502402339,-16.010742265,0.031880900,-2.393320070,0.088733587
3.261000,9.572745266,-2.984293936,-15.933452828,0.077684033,-2.343051204,0.081575502
3.262000,9.791648418,-3.269876302,-15.757985729,0.108581770,-2.299457527,0.070715634
3.263000,9.760988443,-3.374364455,-15.447971379,0.129176065,-2.270017075,0.060670114
3.264000,9.543760327,-3.184618182,-15.133350895,0.108134395,-2.249846930,0.065736096
3.265000,9.126311212,-2.683518608,-14.816860575,0.072504566,-2.241158271,0.074799705
3.266000,8.332016183,-1.868487612,-14.501061524,0.036456183,-2.235950059,0.085019187
3.267000,7.383480120,-1.101144297,-14.243319464,0.017519941,-2.232719022,0.095638529
3.268000,6.372138416,-0.545530321,-14.197366679,-0.005544340,-2.231250315,0.105164217
3.269000,5.204771758,-0.081986407,-14.262025584,-0.031661821,-2.224119485,0.111452715
3.270000,4.262937272,0.165000698,-14.249750935,-0.078085698,-2.210882332,0.118057397
3.271000,3.481272026,0.263961724,-13.905567747,-0.119169087,-2.195449931,0.115917380
3.272000,2.594436520,0.548910737,-13.718217829,-0.142126148,-2.177837553,0.104925515
3.273000,1.759365112,0.566757525,-13.537258263,-0.145354003,-2.165917298,0.090610556
3.274000,1.014786789,0.480502828,-13.646508640,-0.152281253,-2.147327454,0.078393919
3.275000,0.366064905,0.236392919,-13.709003137,-0.154299737,-2.120691227,0.064768705
3.276000,-0.047517551,-0.070273240,-13.359198555,-0.156319154,-2.092672180,0.050446874
3.277000,-0.270057845,-0.281292491,-13.061844680,-0.153003141,-2.052063492,0.040720064
3.278000,-0.525349664,-0.521424732,-13.218117002,-0.130243104,-2.002458362,0.026651359
3.279000,-0.641966761,-0.829090526,-13.559035889,-0.102825519,-1.939580676,0.010428392
3.280000,-0.314174463,-1.210784930,-13.480470963,-0.080287500,-1.867754585,0.001607399
3.281000,0.232942275,-1.416137704,-13.175521262,-0.064370564,-1.789649424,-0.001670210
3.282000,0.823951787,-1.417153105,-12.590751300,-0.056083295,-1.712777768,-0.003928212
3.283000,1.411160393,-1.166359723,-12.456968335,-0.051800349,-1.625158501,-0.001108511
3.284000,1.944490073,-1.162831686,-12.381858799,-0.044967769,-1.525167048,-0.005528162
3.285000,2.567325700,-1.143797565,-12.467107781,-0.041004747,-1.428972887,-0.008924494
3.286000,3.147175374,-0.870729987,-12.440723788,-0.064671068,-1.328358506,-0.004255056
3.287000,3.618649173,-0.439660466,-12.094429232,-0.091312266,-1.239439744,-0.008497791
3.288000,4.068168723,-0.037495547,-11.728926456,-0.117623582,-1.146153448,-0.017866918
3.289000,4.356852372,0.119076364,-11.527253116,-0.120161754,-1.056720603,-0.026193730
3.290000,4.477034421,0.144554625,-11.498229844,-0.125496327,-0.978298304,-0.039425060
3.291000,4.572814543,0.266941119,-11.312813721,-0.115889757,-0.906011685,-0.049625960
3.292000,4.555320999,0.293267927,-11.130682797,-0.108539889,-0.839294032,-0.062757239
3.293000,4.568394774,0.328914823,-10.652292430,-0.105075850,-0.775419215,-0.070350146
3.294000,4.575239496,0.550194453,-10.397266669,-0.117131745,-0.719231524,-0.071382968
3.295000,4.418260731,0.793581300,-10.189761505,-0.113553344,-0.649958258,-0.082498723
3.296000,4.086683599,0.735881748,-9.867411240,-0.102736687,-0.587573124,-0.101464574
3.297000,3.838416695,0.595517002,-9.677233044,-0.095354076,-0.531414917,-0.112221864
3.298000,3.638649051,0.701478389,-9.584176915,-0.085135943,-0.476237293,-0.116768698
3.299000,3.542821776,0.976011718,-9.320842126,-0.080050821,-0.407809438,-0.122923739
3.300000,3.398297326,1.059238377,-8.976796220,-0.087505854,-0.337030825,-0.134624611
3.301000,3.247827639,0.893027998,-8.546144497,-0.094229596,-0.269014838,-0.148076066
3.302000,3.090880885,0.776669911,-8.073214797,-0.088688441,-0.210940979,-0.156680015
3.303000,2.922848751,0.744377786,-7.827427072,-0.077701683,-0.151566694,-0.163109222
3.304000,2.681720076,0.874511671,-7.612552744,-0.065882899,-0.090678660,-0.173861112
3.305000,2.474130203,0.759809709,-7.388904192,-0.048603043,-0.026249419,-0.188569966
3.306000,2.263468629,0.453725106,-7.241274429,-0.037597771,0.032303238,-0.197773690
3.307000,2.143731618,0.292194276,-7.061092517,-0.023165690,0.090765841,-0.208708637
3.308000,2.093537850,0.253252813,-6.832871506,-0.025443932,0.152178818,-0.216660045
3.309000,2.105913405,0.409002450,-6.484293826,-0.033990605,0.219764137,-0.219634308
3.310000,2.084317204,0.499627420,-6.207919775,-0.039092312,0.277017762,-0.224307466
3.311000,2.036316172,0.354317675,-6.007399877,-0.029951128,0.338819604,-0.230420675
3.312000,1.999726021,0.199913750,-5.689184891,-0.024796230,0.397620384,-0.234927183
3.313000,2.022405081,0.188065864,-5.592784937,-0.015170737,0.460025130,-0.237406730
3.314000,2.022767505,0.317016635,-5.293363724,-0.017790608,0.518159230,-0.243831309
3.315000,2.097345617,0.350047184,-5.072817935,-0.016472947,0.565259291,-0.250005164
3.316000,2.120548035,0.282920792,-4.740610387,-0.028359148,0.607759575,-0.255299007
3.317000,2.179294421,0.306746964,-4.560529542,-0.025819390,0.649378747,-0.261623990
3.318000,2.210154825,0.370097688,-4.383430752,-0.025801387,0.684838502,-0.265085976
3.319000,2.242756211,0.408518991,-4.366737861,-0.019795810,0.722909107,-0.264852428
3.320000,2.373918037,0.399260773,-4.245069628,-0.015391687,0.763276220,-0.261960712
3.321000,2.598634381,0.381539501,-3.936784442,-0.017127302,0.803718327,-0.257476787
3.322000,2.731298568,0.471104937,-3.771072456,-0.030192043,0.841757975,-0.253368216
3.323000,2.857737353,0.534014656,-3.548080461,-0.037591695,0.875663638,-0.253168253
3.324000,2.967589948,0.554710894,-3.443532991,-0.050717390,0.900596728,-0.249713330
3.325000,3.024323442,0.560556504,-3.411957024,-0.041232336,0.925860955,-0.251773400
3.326000,3.109922748,0.389233571,-3.226783336,-0.028724222,0.948268656,-0.255394838
3.327000,3.321308828,0.163573502,-3.130268164,-0.019252694,0.971331230,-0.252478961
3.328000,3.551652381,0.268587441,-3.198627814,-0.016927751,0.997587526,-0.248203842
3.329000,3.757464935,0.452784661,-3.251358957,-0.013455968,1.018509707,-0.247677950
3.330000,3.878066081,0.392896018,-3.133542085,-0.015071415,1.034182081,-0.245736550
3.331000,4.017123196,0.176104754,-2.960836396,-0.006690902,1.046538498,-0.242271448
3.332000,4.150375158,-0.078990945,-2.856891864,0.011523887,1.060284809,-0.238024722
3.333000,4.287857038,-0.203317022,-2.629867273,0.026502868,1.069887981,-0.233018550
3.334000,4.459464952,-0.202832486,-2.555871780,0.027222952,1.077251596,-0.224688156
3.335000,4.687019111,-0.113083763,-2.536153097,0.020212909,1.082850963,-0.218410601
3.336000,4.775281747,0.028612245,-2.494225924,0.003412367,1.085824251,-0.214552844
3.337000,4.842406992,0.034341178,-2.461878687,0.002982572,1.082761435,-0.212081495
3.338000,4.816315290,-0.105786497,-2.291174240,0.012164892,1.073064904,-0.209201081
3.339000,4.798221133,-0.163125386,-2.164512725,0.022517700,1.057386017,-0.202137893
3.340000,4.853496952,-0.172442285,-2.030745432,0.026519032,1.047053879,-0.193483738
3.341000,4.958357951,-0.047780833,-1.883003824,0.019603048,1.034637838,-0.185413556
3.342000,5.010974927,0.111963240,-1.780091732,-0.001191648,1.019567152,-0.180753810
3.343000,5.008543735,0.241184663,-1.703978354,-0.017670454,1.000625669,-0.178449315
3.344000,4.886842497,0.351082868,-1.709287843,-0.015233891,0.979888361,-0.175867804
3.345000,4.754310579,0.337338596,-1.669593713,0.002043079,0.960307243,-0.172849663
3.346000,4.632148029,0.206555319,-1.545585160,0.012861755,0.933981686,-0.165795768
3.347000,4.550349552,0.149120143,-1.397627919,0.010928287,0.906401686,-0.153985324
3.348000,4.450516994,0.198774366,-1.265253031,-0.006152937,0.879523421,-0.140981211
3.349000,4.299719109,0.348026290,-1.250157004,-0.028634795,0.852803450,-0.130447732
3.350000,4.058914755,0.397143085,-1.157842845,-0.042106622,0.822667693,-0.122966452
3.351000,3.715628646,0.316416932,-1.093804161,-0.039163692,0.783593320,-0.112471596
3.352000,3.372817302,0.215672462,-0.948767480,-0.026285376,0.741989232,-0.102111375
3.353000,3.057227407,0.202865552,-0.975315698,-0.014001438,0.700828592,-0.090196468
3.354000,2.745706291,0.190476535,-0.904034709,-0.013021416,0.661423623,-0.080833496
3.355000,2.396298228,0.116483115,-0.870419817,-0.021838997,0.617759869,-0.071438352
3.356000,2.098619974,0.105026717,-0.852950240,-0.037281986,0.575446736,-0.063981514
3.357000,1.795166843,0.145840536,-0.650848781,-0.038235001,0.535015905,-0.059765662
3.358000,1.503538736,0.087137209,-0.383211109,-0.038768247,0.488906652,-0.054508770
3.359000,1.154108542,0.125364735,-0.188875559,-0.037129012,0.436992263,-0.043766973
3.360000,0.798534722,0.308475162,-0.116651046,-0.037409763,0.384269845,-0.029305530
3.361000,0.537995657,0.459068152,-0.034248690,-0.041102600,0.341829073,-0.014014814
3.362000,0.333323192,0.477748860,-0.013334737,-0.052557540,0.308331443,0.001382263
3.363000,0.150274299,0.507317792,0.084003949,-0.063464704,0.273918471,0.015140281
3.364000,-0.059703039,0.544802257,0.219555389,-0.068793340,0.238472399,0.028996687
3.365000,-0.288620516,0.457758711,0.300049133,-0.072418949,0.198040381,0.043240133
3.366000,-0.416322372,0.380503364,0.264814186,-0.077961093,0.156614156,0.060369248
3.367000,-0.468064502,0.416889682,0.220100700,-0.086842288,0.114602298,0.079674934
3.368000,-0.505438574,0.497683599,0.186797091,-0.100023295,0.075750759,0.098198478
3.369000,-0.531877355,0.495750911,0.201894293,-0.113485785,0.038614402,0.113893036
3.370000,-0.554223849,0.515325450,0.267978126,-0.128410056,-0.001731449,0.129924044
3.371000,-0.613231859,0.492338299,0.258509259,-0.135788216,-0.043095719,0.141880070
3.372000,-0.648443753,0.429203553,0.214954622,-0.141448857,-0.085528306,0.152163197
3.373000,-0.636808799,0.403942784,0.129123003,-0.146149645,-0.123978246,0.159377463
3.374000,-0.571038300,0.465263419,0.035741636,-0.147982143,-0.162336951,0.164631253
3.375000,-0.474608690,0.514205757,-0.025653746,-0.144748823,-0.195622657,0.168684791
3.376000,-0.434414855,0.508411909,-0.168546202,-0.137449218,-0.223230926,0.172091612
3.377000,-0.373565248,0.506537058,-0.145032090,-0.128816066,-0.247729425,0.176633548
3.378000,-0.249375363,0.497262323,-0.034467726,-0.114411675,-0.272277698,0.192195617
3.379000,-0.242310310,0.574469175,-0.075150635,-0.099356138,-0.285933624,0.206606000
3.380000,-0.149746569,0.601629631,-0.184979957,-0.086605967,-0.289163935,0.215504232
3.381000,-0.011781882,0.485709017,-0.147229910,-0.080989128,-0.295095898,0.221166648
3.382000,0.069815524,0.341956639,-0.095434810,-0.077411915,-0.305934975,0.224522335
3.383000,0.127359062,0.250792547,0.073584966,-0.075086466,-0.320795502,0.223350017
3.384000,0.158976109,0.295647981,0.426204298,-0.079936161,-0.341786723,0.217923143
3.385000,0.154850978,0.427115078,0.686035670,-0.080086439,-0.358985041,0.210245539
3.386000,0.160782501,0.446266120,0.643463183,-0.072438192,-0.367990281,0.202813212
3.387000,0.154129105,0.355791386,0.451361713,-0.055398406,-0.374439831,0.195286660
3.388000,0.204704154,0.062837493,0.379381531,-0.037194398,-0.389614158,0.189248348
3.389000,0.319788330,-0.147194540,0.428291728,-0.023977466,-0.405962906,0.187481162
3.390000,0.335062937,-0.046232068,0.701762543,-0.015603857,-0.422008065,0.180745129
3.391000,0.311195842,0.059415087,0.954120206,-0.009778750,-0.437004467,0.166625930
3.392000,0.256247010,-0.017706326,1.224508678,-0.003111791,-0.452741918,0.155799673
3.393000,0.197258293,-0.172728270,1.220172242,0.005128855,-0.467225221,0.148284719
3.394000,0.122344286,-0.219289733,1.102309953,0.017382446,-0.481391514,0.140610756
3.395000,0.050196333,-0.273634358,1.154890809,0.024177118,-0.497816613,0.135276056
3.396000,0.024184567,-0.283245376,1.314004303,0.021448612,-0.509328812,0.132527061
3.397000,-0.022130584,-0.213159086,1.414548970,0.014069872,-0.516054771,0.129065870
3.398000,-0.099254463,-0.193520937,1.669412787,0.004874098,-0.525791805,0.123447529
3.399000,-0.228313727,-0.286864453,1.901286359,-0.001983785,-0.537428311,0.118782924
3.400000,-0.359194061,-0.364894282,2.106587481,-0.003364955,-0.547888528,0.114237094
3.401000,-0.453711267,-0.358674148,2.094641076,-0.008427894,-0.556201353,0.110030140
3.402000,-0.542549706,-0.336853686,2.127579916,-0.013085810,-0.560077276,0.106068879
3.403000,-0.623086886,-0.335175341,2.156029513,-0.019720509,-0.559396685,0.104125700
3.404000,-0.715343879,-0.295663274,2.266739587,-0.021827421,-0.559140040,0.100835265
3.405000,-0.857510464,-0.331833414,2.386467059,-0.022953472,-0.561206296,0.096254572
3.406000,-1.041129805,-0.440688259,2.468776568,-0.020788480,-0.563924997,0.090148249
3.407000,-1.204287697,-0.489092446,2.523912478,-0.016469440,-0.565397914,0.084242482
3.408000,-1.345457045,-0.534862100,2.446308569,-0.010395382,-0.559824480,0.076237901
3.409000,-1.433187846,-0.584240790,2.372526725,-0.007529134,-0.552378664,0.067190425
3.410000,-1.451782809,-0.638795265,2.368164332,-0.004169693,-0.540424407,0.058106088
3.411000,-1.530779274,-0.669072073,2.420059944,-0.004924591,-0.529247917,0.047229583
3.412000,-1.606278148,-0.808523180,2.566808502,-0.003427193,-0.523015772,0.035575537
3.413000,-1.691864344,-0.913699655,2.709262222,-0.006475647,-0.518992308,0.027996084
3.414000,-1.752531553,-0.887646354,2.786063573,-0.006716938,-0.514474133,0.020140382
3.415000,-1.818465802,-0.855744744,2.912434795,-0.010140280,-0.508615479,0.010828239
3.416000,-1.870955026,-0.853443201,2.959896454,-0.008322073,-0.500532202,0.005448665
3.417000,-1.937492173,-0.855929558,3.006506973,-0.005897152,-0.494007165,0.001593027
3.418000,-1.976119662,-0.915694301,3.086295888,0.002548776,-0.488114193,-0.003692729
3.419000,-2.014982308,-0.959641202,3.238925981,0.005264406,-0.483413394,-0.007120645
3.420000,-1.978596241,-0.849266370,3.412273574,0.000545987,-0.472406264,-0.008661944
3.421000,-1.928701037,-0.696002354,3.608562287,-0.007404408,-0.458789352,-0.014380235
3.422000,-1.842338429,-0.602606432,3.759909299,-0.013077039,-0.441516033,-0.020457534
3.423000,-1.781367094,-0.489041463,3.790176550,-0.019110635,-0.418752421,-0.025719376
3.424000,-1.705760014,-0.395197515,3.759378973,-0.020460388,-0.393154508,-0.034569644
3.425000,-1.605405601,-0.263855684,3.556124338,-0.024884921,-0.360742631,-0.038529523
3.426000,-1.439684085,-0.139650853,3.467090491,-0.028537595,-0.321780533,-0.040181242
3.427000,-1.247378533,0.023484710,3.513981440,-0.033077141,-0.286540155,-0.044391804
3.428000,-1.053460508,0.000720949,3.636187018,-0.029515616,-0.248796300,-0.049236271
3.429000,-0.971512977,-0.087324937,3.675276545,-0.027850705,-0.210707715,-0.053038437
3.430000,-0.856689608,-0.160632197,3.562524510,-0.024827772,-0.174859302,-0.060342634
3.431000,-0.712016460,-0.045473298,3.440416133,-0.026975578,-0.133516258,-0.069372289
3.432000,-0.545416249,0.021828976,3.482358658,-0.029680120,-0.083891806,-0.077277619
3.433000,-0.312721863,0.145399454,3.522337221,-0.033499904,-0.028553023,-0.085596481
3.434000,-0.082921104,0.147247313,3.411531685,-0.025867745,0.028633996,-0.090514485
3.435000,0.090432647,0.130041326,3.332758636,-0.021590294,0.075440929,-0.091686600
3.436000,0.227972284,0.046580923,3.176311751,-0.010447461,0.126830130,-0.091884936
3.437000,0.425258465,-0.033548309,3.287573127,-0.006137875,0.180746081,-0.090736602
3.438000,0.604827322,-0.099093580,3.547292195,-0.006712621,0.235460173,-0.090739237
3.439000,0.858894960,-0.037498560,3.919524321,-0.020827056,0.290742306,-0.086867832
3.440000,1.087561873,0.172688158,3.933171782,-0.035216359,0.351234906,-0.087280247
3.441000,1.140622137,0.333412935,3.830022538,-0.043024777,0.403602942,-0.091870441
3.442000,1.171027919,0.271083441,3.691221550,-0.037539525,0.458130927,-0.092795395
3.443000,1.204541162,0.156334754,3.678484729,-0.031299341,0.509486889,-0.088196420
3.444000,1.316107620,0.246797182,3.707119625,-0.028464212,0.572278392,-0.085410424
3.445000,1.437643758,0.376169002,3.941233592,-0.038903484,0.638026906,-0.083439549
3.446000,1.560956991,0.465867548,4.069950583,-0.060191080,0.698789742,-0.082043852
3.447000,1.646808620,0.651277965,4.045325610,-0.081279864,0.751928919,-0.083419509
3.448000,1.689195416,0.667462654,4.000060959,-0.071850453,0.806587816,-0.092949914
3.449000,1.682592339,0.433015177,4.236181091,-0.058499328,0.854601981,-0.097690201
3.450000,1.860954053,0.236559485,4.282165334,-0.041524408,0.907146233,-0.101610407
3.451000,1.958466284,0.348790589,4.492302922,-0.033718586,0.956570591,-0.105242708
3.452000,2.088670924,0.335205995,4.771693576,-0.036915622,1.005033637,-0.108461539
3.453000,2.119968681,0.404958394,4.932835872,-0.059163958,1.056565885,-0.107170084
3.454000,2.214128253,0.490268063,4.975833109,-0.070286888,1.106231794,-0.105672723
3.455000,2.201352441,0.468479805,5.159935707,-0.062550217,1.157205452,-0.102452126
3.456000,2.297566997,0.460594655,5.376940607,-0.047533340,1.213007316,-0.098425149
3.457000,2.370543685,0.403815543,5.539574619,-0.033901793,1.266983428,-0.095681488
3.458000,2.435354422,0.161803653,5.822670694,-0.019094377,1.321401616,-0.093110775
3.459000,2.538953091,0.128345179,6.098556498,-0.028475136,1.377086487,-0.092080863
3.460000,2.623853610,0.267446693,6.122528737,-0.037096001,1.424651328,-0.094885926
3.461000,2.597328012,0.367423474,6.277645105,-0.047225161,1.475108150,-0.097464181
3.462000,2.507614240,0.348733095,6.329222672,-0.050577991,1.527466139,-0.106788859
3.463000,2.438252372,0.384781109,6.446040326,-0.038329724,1.574063893,-0.114733352
3.464000,2.336853167,0.350188237,6.631359718,-0.010747158,1.621520368,-0.117796378
3.465000,2.334593002,0.317511478,6.748382558,-0.004373297,1.675861423,-0.117518160
3.466000,2.501588155,0.409077787,6.768652685,-0.011369924,1.729825778,-0.112360704
3.467000,2.568483993,0.575286402,6.966662785,-0.025094031,1.789633621,-0.110738398
3.468000,2.520242143,0.550675919,7.265909654,-0.031264178,1.845664655,-0.110864790
3.469000,2.505041857,0.413138864,7.604772571,-0.033449703,1.893362378,-0.107107628
3.470000,2.489158504,0.202602103,7.827065738,-0.015293256,1.937741823,-0.104560397
3.471000,2.576227935,-0.077392506,8.033926503,0.005281795,1.980437867,-0.096131592
3.472000,2.694248222,-0.294979225,8.199953505,0.008691431,2.026428959,-0.083518573
3.473000,2.859259280,-0.195255201,8.199870366,0.006087516,2.070486153,-0.074924700
3.474000,2.913980056,-0.207839495,8.478233343,0.013734356,2.114194038,-0.067635071
3.475000,2.920165405,-0.325226746,8.763754981,0.013235307,2.156830145,-0.056812679
3.476000,2.952334208,-0.443271450,8.992470815,0.022788641,2.194255377,-0.044919908
3.477000,3.000162289,-0.469931344,9.170952835,0.039510677,2.240338848,-0.033337273
3.478000,3.017263219,-0.543655427,9.403023356,0.059974913,2.297854073,-0.021213672
3.479000,3.140845863,-0.565991922,9.241788256,0.073985968,2.355453692,-0.009488069
3.480000,3.180381058,-0.698061878,9.056176865,0.090587555,2.419058203,-0.003109227
3.481000,3.259668361,-0.820113064,8.821386561,0.100924443,2.482747722,0.007070138
3.482000,3.334032434,-0.922790446,8.798881996,0.109984092,2.539365981,0.011838965
3.483000,3.371890641,-1.095609125,9.041376668,0.126710663,2.592379091,0.013809683
3.484000,3.566948130,-1.159727877,9.522373654,0.129158379,2.648607425,0.020041222
3.485000,3.786360114,-0.856349412,9.787921153,0.137403084,2.712445998,0.024751114
3.486000,4.002164466,-0.548717814,9.805891796,0.152436952,2.771829884,0.028625906
3.487000,4.801701503,-0.205814884,9.452763117,0.143832219,2.841514213,0.043210050
3.488000,5.969957529,0.373064445,9.465539231,0.116577544,2.950668731,0.050287799
3.489000,7.116489894,0.869880811,10.168309475,0.091349254,3.046664479,0.051290791
3.490000,8.199720149,0.986183197,10.489610851,0.058346677,3.143388903,0.056667075
3.491000,8.966083494,1.102230236,10.082949467,0.049145719,3.231891909,0.050209427
3.492000,9.901810019,0.912404406,9.921794792,0.063974921,3.318027845,0.040361304
3.493000,10.859631032,0.431121564,9.940308547,0.066169724,3.410499134,0.041117813
3.494000,11.514028383,0.070447543,9.972436074,0.084888967,3.491822176,0.034263597
3.495000,11.908444650,-0.250448961,10.264471374,0.106045893,3.552173033,0.028295985
3.496000,12.100776173,-0.835668681,10.251430786,0.130925580,3.609762342,0.025727262
3.497000,12.212511937,-1.379896620,10.210761783,0.144741388,3.667230065,0.021652267
3.498000,12.184218508,-1.886096530,10.142712153,0.155576959,3.707897963,0.020919541
3.499000,11.887948338,-2.196480172,10.307674841,0.176174410,3.737752240,0.019121441
3.500000,11.446133759,-2.422771258,10.470212838,0.211013899,3.746796031,0.024991166
3.501000,10.770104392,-2.750103683,10.977503863,0.232232226,3.753385489,0.018070526
3.502000,9.968632417,-2.704511618,11.165293904,0.231229366,3.755345289,0.012129048
3.503000,9.254446949,-2.231837534,11.436630393,0.211629478,3.750733513,0.014218387
3.504000,8.425139257,-1.718466589,11.602554641,0.202620997,3.742153933,0.021805912
3.505000,7.513802570,-1.176412437,11.939272781,0.190150270,3.729810969,0.037214730
3.506000,6.758008340,-0.469535890,12.255706714,0.165007076,3.723099021,0.056929134
3.507000,6.074126067,0.339714943,12.140138975,0.128572257,3.719367360,0.071563914
3.508000,5.521113782,0.860960183,12.075937198,0.101003678,3.713339643,0.087751726
3.509000,5.046871791,1.096986644,12.032122724,0.080102344,3.706149711,0.100124167
3.510000,4.785715847,1.291954785,12.144190178,0.069289148,3.695816266,0.103251759
3.511000,4.618616658,1.357986077,12.300543071,0.061127247,3.691016315,0.107934813
3.512000,4.565963140,1.265947785,12.229460444,0.073591474,3.688648297,0.114476588
3.513000,4.703432375,0.960381398,11.943161541,0.093370955,3.695452429,0.125846180
3.514000,5.063421029,0.498084519,11.811837284,0.106440917,3.699757080,0.135884589
3.515000,5.591089592,0.068425621,11.927610295,0.121498074,3.704104574,0.149527775
3.516000,6.210555699,-0.327135136,11.780326423,0.154334714,3.715983830,0.168960116
3.517000,6.902141359,-0.815883400,11.961699669,0.205274892,3.733517174,0.188134864
3.518000,7.415857864,-1.332091447,12.078191922,0.247229804,3.748188254,0.205125463
3.519000,8.073890180,-1.690198450,12.120774024,0.270254271,3.758396446,0.202223070
3.520000,8.695694433,-2.084635013,12.326969022,0.281806651,3.763498108,0.174284965
3.521000,9.293722843,-2.077832283,13.009895462,0.260599858,3.763805040,0.134018703
3.522000,9.894690638,-1.850760517,13.681260120,0.237040928,3.763493379,0.071599584
3.523000,10.350163520,-1.378243151,13.990071352,0.206456691,3.755955534,-0.000304217
3.524000,10.742648482,-0.729089542,13.865466924,0.171741605,3.739709904,-0.051790682
3.525000,11.096996727,-0.023763460,13.596276110,0.124884168,3.725500264,-0.081503865
3.526000,11.024105417,0.630661409,13.519405121,0.103011253,3.711575047,-0.090217247
3.527000,10.849217671,0.963811469,13.752526924,0.098078440,3.694853183,-0.080779001
3.528000,10.683630168,1.000268777,13.631318222,0.102018857,3.675077920,-0.061662415
3.529000,10.343968709,0.776836923,13.494193056,0.106517091,3.650866769,-0.046525331
3.530000,9.936837995,0.396138263,13.355178413,0.112927082,3.602776293,-0.036758867
3.531000,9.324992400,-0.024931985,13.624495088,0.116357249,3.547124831,-0.038488961
3.532000,8.672024913,-0.278477355,13.882159404,0.119660005,3.486580682,-0.041503494
3.533000,7.696247186,-0.608720296,14.187658251,0.124601954,3.428374002,-0.055113637
3.534000,6.688657390,-0.927065363,13.870232089,0.135159164,3.355888479,-0.071586111
3.535000,5.738714656,-1.074064685,13.482130523,0.156523641,3.275436557,-0.091412668
3.536000,5.010333549,-1.202237186,13.338905874,0.179220467,3.194415574,-0.111795141
3.537000,4.354632074,-1.371925938,13.604734743,0.193324810,3.108311617,-0.133046634
3.538000,3.798695813,-1.371136162,13.929530743,0.215966774,3.027768663,-0.162612613
3.539000,3.461102020,-1.355533098,13.914104302,0.235043129,2.967318960,-0.191271586
3.540000,3.364545187,-1.240501065,13.337363925,0.240314141,2.924284834,-0.209431150
3.541000,3.441872631,-1.011096154,13.087548915,0.248240068,2.886200695,-0.235026431
3.542000,3.619660672,-0.765870064,13.165153744,0.251776883,2.851138783,-0.251854655
3.543000,3.751692405,-0.544378264,13.345964548,0.240620912,2.813835993,-0.255359930
3.544000,3.871710601,-0.271494339,13.335069058,0.224204416,2.773949970,-0.255969600
3.545000,3.953407012,0.012033266,13.067988601,0.202092369,2.730608015,-0.249303514
3.546000,4.098097153,0.365156986,12.675996323,0.174994362,2.685131385,-0.236780869
3.547000,4.161270478,0.640377612,12.401448523,0.173500295,2.640138444,-0.235590680
3.548000,4.358945159,0.488077909,12.379291432,0.183530910,2.592577415,-0.229862874
3.549000,4.601876748,0.183312911,12.299844874,0.186039260,2.549745453,-0.228295667
3.550000,4.881975763,-0.012079309,11.852551210,0.194055258,2.508648635,-0.236328137
3.551000,5.113695324,-0.384447701,11.255646899,0.194642842,2.465768606,-0.240144307
3.552000,5.395022722,-0.788366365,10.808646219,0.213043452,2.418885919,-0.244783351
3.553000,5.535192630,-1.092406050,10.740483908,0.246702857,2.369307829,-0.254635643
3.554000,5.584869047,-1.467530848,10.620719675,0.284149469,2.316403846,-0.265497923
3.555000,5.622002577,-1.805764078,10.344220641,0.300388355,2.259443097,-0.274631878
3.556000,5.709226627,-1.858991073,10.026127052,0.310689711,2.206142656,-0.285494963
3.557000,5.740096780,-1.778555521,9.805578415,0.307560947,2.146816354,-0.292432781
3.558000,5.690152269,-1.603493258,9.602809201,0.300201721,2.090047141,-0.295580794
3.559000,5.594219219,-1.239267409,9.542822418,0.298978480,2.023501243,-0.295301447
3.560000,5.317472287,-1.064990110,9.459819285,0.306102259,1.954006256,-0.294123217
3.561000,4.941433151,-1.055359153,9.489161005,0.302528825,1.873338224,-0.290163257
3.562000,4.590641799,-0.976715884,9.419233405,0.289442769,1.806121132,-0.283044412
3.563000,4.216576972,-0.686148345,9.155066915,0.267130904,1.740103698,-0.275410841
3.564000,3.766738471,-0.467768069,8.854863753,0.260053020,1.672449474,-0.262256359
3.565000,3.226978166,-0.271515547,8.718235189,0.267544933,1.594262044,-0.242349566
3.566000,2.779676898,-0.199052900,8.471692152,0.287238933,1.524973340,-0.224406155
3.567000,2.323956471,-0.233957773,8.289887743,0.286792850,1.452548683,-0.210422236
3.568000,2.034437006,-0.265782105,8.078129154,0.279899754,1.385777193,-0.201513457
3.569000,1.720596905,-0.066954939,7.804650071,0.274173861,1.317924082,-0.195891321
3.570000,1.477141272,0.024133232,7.692951059,0.282374808,1.258028940,-0.194137904
3.571000,1.245083606,0.066273697,7.564177947,0.285638877,1.196897081,-0.188699076
3.572000,1.082405807,0.050517589,7.355562736,0.301336795,1.140016287,-0.184533822
3.573000,0.934814774,0.011927372,7.191996205,0.311088048,1.081823042,-0.185064897
3.574000,0.917812965,-0.088457323,7.029951337,0.315911820,1.028118396,-0.187483847
3.575000,0.986694075,0.000641569,6.736577946,0.310968406,0.981103556,-0.191117711
3.576000,1.042013005,-0.104508308,6.404867594,0.312431731,0.943375886,-0.193484383
3.577000,1.102344344,-0.243018957,6.135836859,0.309209879,0.903638672,-0.195382222
3.578000,1.262802948,-0.412045227,5.859031142,0.309188335,0.852770941,-0.195595205
3.579000,1.299842093,-0.418008854,5.836759771,0.319951007,0.809898246,-0.194942646
3.580000,1.340666508,-0.530052029,5.763696249,0.328629172,0.770830927,-0.195984848
3.581000,1.463706244,-0.568570892,5.473295367,0.328726541,0.734614713,-0.192918136
3.582000,1.541393658,-0.494606827,5.148331203,0.327142047,0.702007843,-0.189928426
3.583000,1.513558043,-0.421053818,4.955286951,0.322198314,0.663499118,-0.189214905
3.584000,1.494081747,-0.426205153,4.870279061,0.318403062,0.623615049,-0.186343870
3.585000,1.502779366,-0.285319894,4.924336976,0.311685633,0.584830900,-0.178827946
3.586000,1.457818409,-0.164643902,4.837095925,0.308330287,0.548009712,-0.174700080
3.587000,1.389428836,-0.076826415,4.711568001,0.305510106,0.514199352,-0.168667231
3.588000,1.360101533,-0.043263780,4.560385894,0.299388122,0.480996242,-0.160657932
3.589000,1.320963699,0.076594015,4.398166847,0.286486115,0.449929881,-0.151014134
3.590000,1.308317104,0.181185110,4.424294502,0.274409923,0.420179411,-0.140938097
3.591000,1.214777247,0.279818543,4.416400355,0.262235753,0.394082658,-0.134868888
3.592000,1.046849169,0.438781801,4.377563040,0.249023599,0.370592821,-0.126020876
3.593000,0.919499138,0.674464300,4.212365106,0.237059017,0.350520374,-0.117108197
3.594000,0.811411542,0.842718725,3.955277896,0.229139813,0.337178238,-0.108705902
3.595000,0.685329165,0.929288489,3.690740857,0.225210472,0.325665322,-0.101179477
3.596000,0.578779756,0.814834837,3.570747730,0.222870812,0.315714543,-0.096730999
3.597000,0.591403903,0.690004406,3.483520376,0.215343727,0.305968712,-0.090294904
3.598000,0.606287203,0.585979866,3.378953103,0.211909696,0.300698793,-0.085364061
3.599000,0.651727799,0.452354833,3.250689125,0.203720486,0.296613057,-0.079123168
3.600000,0.677935706,0.189510960,3.095005851,0.206380394,0.294026046,-0.072179072
3.601000,0.675949007,-0.012676357,2.981252750,0.213525459,0.290383267,-0.064314628
3.602000,0.707773571,-0.200279319,2.885480456,0.227936235,0.286335783,-0.049714143
3.603000,0.790778436,-0.359050430,2.739043619,0.237952469,0.281193813,-0.030694360
3.604000,0.863442759,-0.425913485,2.662761326,0.239910721,0.275637193,-0.012564290
3.605000,0.883822833,-0.432203285,2.701838041,0.231844719,0.272090434,0.001031413
3.606000,0.866899758,-0.532905460,2.720575749,0.218431536,0.268554963,0.006495738
3.607000,0.814483528,-0.678785098,2.677509394,0.196173183,0.263957155,0.004311711
3.608000,0.807324829,-0.694413482,2.503108668,0.174558598,0.261397961,-0.001477848
3.609000,0.833273933,-0.578103565,2.367314016,0.154721265,0.259292863,-0.009869994
3.610000,0.914073011,-0.462337036,2.260361777,0.141153358,0.259466993,-0.017418137
3.611000,1.080970259,-0.353566829,2.114123729,0.134059826,0.261508090,-0.019196248
3.612000,1.286266242,-0.308664450,1.989001844,0.132554610,0.262005238,-0.008257123
3.613000,1.399118085,-0.300185158,1.828752155,0.127830540,0.258352559,0.010340996
3.614000,1.455321538,-0.159500066,1.675129888,0.117133247,0.252941697,0.035012171
3.615000,1.507467475,0.115675829,1.570878454,0.098346942,0.247243360,0.064394384
3.616000,1.549064340,0.442079348,1.510935179,0.083879999,0.242058757,0.091584048
3.617000,1.508231090,0.670792698,1.429131738,0.077189170,0.238888515,0.112888971
3.618000,1.445229672,0.717744831,1.250170196,0.079206341,0.235340805,0.128056461
3.619000,1.383435613,0.614092409,1.042893054,0.085196507,0.230097085,0.143712634
3.620000,1.325474496,0.417196588,0.898989734,0.089681572,0.223317745,0.152695567
3.621000,1.353830310,0.205765239,0.907010637,0.089522332,0.214974838,0.155546625
3.622000,1.355167789,0.076967176,0.905111131,0.083491622,0.209296715,0.156295763
3.623000,1.324543932,0.084090664,0.694915123,0.082016794,0.209237172,0.154028742
3.624000,1.268638038,-0.065663861,0.468223633,0.092760748,0.207893560,0.146079943
3.625000,1.200853777,-0.287942683,0.186418079,0.114580620,0.203609363,0.133937219
3.626000,1.116579781,-0.545131710,0.058327751,0.148243398,0.198473720,0.119114239
3.627000,1.023076347,-0.666762837,-0.023315778,0.179314653,0.193352998,0.104176687
3.628000,0.948216343,-0.660482763,-0.198981838,0.204527461,0.191322029,0.086110236
3.629000,0.819664346,-0.602104105,-0.421068580,0.221270964,0.191899110,0.064782461
3.630000,0.733953270,-0.751846254,-0.521313539,0.237362292,0.187327106,0.042992362
3.631000,0.682627387,-0.982790457,-0.590991390,0.252922181,0.179479797,0.028780871
3.632000,0.586605970,-1.092721725,-0.657599376,0.271621443,0.172439339,0.021654512
3.633000,0.476360548,-1.060217905,-0.626887391,0.282827776,0.165145212,0.017290916
3.634000,0.367873954,-0.932262365,-0.639346245,0.274652587,0.162014222,0.016641549
3.635000,0.272580579,-0.686356983,-0.725334435,0.258487611,0.161938222,0.014786172
3.636000,0.180960633,-0.502227283,-0.717614745,0.244337016,0.160572011,0.008303096
3.637000,0.030297496,-0.387272410,-0.685842417,0.238423494,0.152753217,-0.002061939
3.638000,-0.157508349,-0.310007259,-0.850950826,0.243349821,0.144117660,-0.013573712
3.639000,-0.322198307,-0.254398865,-1.126840234,0.256301949,0.135574441,-0.022115958
3.640000,-0.480498037,-0.160146300,-1.341558457,0.264057904,0.128625404,-0.028349748
3.641000,-0.532515073,-0.050461559,-1.446259835,0.269022507,0.125700112,-0.031260211
3.642000,-0.511980163,0.086472897,-1.485960993,0.267671103,0.128608328,-0.031866493
3.643000,-0.498241411,0.172532351,-1.466516481,0.264362346,0.132816659,-0.035999404
3.644000,-0.532820675,0.173700388,-1.539250195,0.265712805,0.136690081,-0.042541324
3.645000,-0.599728339,0.105827250,-1.778232257,0.274252390,0.137811215,-0.046765589
3.646000,-0.678240069,0.046333846,-2.084983056,0.282858912,0.137442953,-0.050753412
3.647000,-0.706841823,0.003820738,-2.333341505,0.285291603,0.139095390,-0.051712376
3.648000,-0.683944156,0.008414854,-2.436810076,0.278361294,0.141462921,-0.049936711
3.649000,-0.673941078,0.023086074,-2.457095557,0.270621183,0.146380118,-0.048039487
3.650000,-0.709128162,-0.018165502,-2.484083914,0.267549405,0.150027712,-0.047690420
3.651000,-0.739742506,-0.231556943,-2.527807827,0.269733578,0.151887593,-0.047735251
3.652000,-0.749977116,-0.440553193,-2.632138530,0.270947053,0.154712945,-0.049012348
3.653000,-0.713709695,-0.424290439,-2.785498609,0.272356476,0.159757284,-0.052680740
3.654000,-0.597439968,-0.359411526,-2.812883975,0.266222218,0.166184227,-0.056579527
3.655000,-0.476024422,-0.303347719,-2.719249487,0.254348857,0.173786394,-0.058583995
3.656000,-0.368757016,-0.127984378,-2.702656430,0.241066945,0.182390352,-0.061641431
3.657000,-0.301485958,0.047340093,-2.697515578,0.238056384,0.190482571,-0.064171350
3.658000,-0.283840403,0.153397683,-2.794859769,0.239807485,0.196828635,-0.065724710
3.659000,-0.246986925,0.208516789,-2.971279533,0.242508289,0.204924783,-0.067502821
3.660000,-0.168690039,0.390446208,-3.185665260,0.237647137,0.213541057,-0.067898850
3.661000,-0.057050594,0.629841341,-3.300792651,0.228781567,0.224031556,-0.069993807
3.662000,0.031481856,0.854855591,-3.325504181,0.211970321,0.232054740,-0.072461003
3.663000,0.098858381,1.016406377,-3.460585089,0.202885972,0.243542290,-0.076397185
3.664000,0.138766651,1.079859596,-3.617016181,0.199949824,0.252577092,-0.082436437
3.665000,0.201924028,1.018718338,-3.805651680,0.206822255,0.261860184,-0.088418709
3.666000,0.278663754,0.841428987,-4.016216475,0.210454050,0.269730045,-0.094971807
3.667000,0.417048831,0.736243283,-4.142697782,0.209029929,0.279645545,-0.100588598
3.668000,0.537554703,0.647975871,-4.097490284,0.200352846,0.287212160,-0.110497778
3.669000,0.658027676,0.504205677,-4.012780471,0.191478406,0.292205041,-0.118849913
3.670000,0.787220819,0.320871036,-3.944955800,0.181224252,0.293936985,-0.124373717
3.671000,0.896443501,0.190425634,-3.960638267,0.176925386,0.293627743,-0.126123378
3.672000,0.942347728,0.161950350,-4.071714242,0.173761051,0.293538293,-0.121896301
3.673000,0.973932309,0.283425446,-4.193212027,0.171043594,0.295538314,-0.111962687
3.674000,0.992817603,0.371900349,-4.312214274,0.169900112,0.295375766,-0.098520741
3.675000,1.023896595,0.434197857,-4.420749756,0.170532392,0.294573119,-0.081551946
3.676000,0.985344274,0.503743239,-4.440249270,0.173734757,0.289523521,-0.067175898
3.677000,0.967614810,0.503313413,-4.511480129,0.186031989,0.282598918,-0.054805944
3.678000,0.943126460,0.410734087,-4.409467158,0.194216281,0.270586519,-0.045060087
3.679000,0.986623881,0.381005662,-4.359742975,0.193088387,0.262149351,-0.038437539
3.680000,1.086754748,0.471473041,-4.260766170,0.184552883,0.246770637,-0.032535073
3.681000,1.136040598,0.484420203,-4.104754836,0.173177923,0.232859171,-0.025604863
3.682000,1.170808945,0.465465255,-3.999390993,0.152896718,0.216339234,-0.015226680
3.683000,1.256140745,0.602577290,-4.013878619,0.133594312,0.202190130,-0.004156047
3.684000,1.237095509,0.710751333,-4.013251048,0.120829601,0.177718030,0.003914402
3.685000,1.123435006,0.548843824,-4.113931614,0.116598057,0.154989595,0.010391169
3.686000,1.113912468,0.402008067,-4.422515254,0.110646027,0.132553951,0.019462973
3.687000,1.199509701,0.368824525,-4.731702852,0.112251319,0.113194679,0.028011050
3.688000,1.280571730,0.278177964,-4.778096394,0.103744242,0.093529870,0.033497794
3.689000,1.495117289,0.185958112,-4.778906821,0.098445682,0.076954567,0.044656424
3.690000,1.715094931,0.179512508,-4.895758265,0.105886013,0.059996093,0.056063457
3.691000,1.831711990,-0.001304473,-5.078682107,0.116547695,0.037906041,0.069233051
3.692000,1.957741493,-0.133478192,-5.302394696,0.124352749,0.005311539,0.087714505
3.693000,2.067863968,-0.023506815,-5.634594429,0.141442587,-0.024681871,0.105836087
3.694000,2.099653746,-0.070839956,-5.606180665,0.151410731,-0.060655443,0.114699429
3.695000,2.165853689,-0.244475776,-5.515726831,0.155106742,-0.097297830,0.123659120
3.696000,2.111660726,-0.046088768,-5.519157426,0.156861656,-0.139433987,0.129545265
3.697000,2.109945083,0.260006289,-5.695988689,0.156711308,-0.184378502,0.132398185
3.698000,2.082824595,0.260534229,-5.796676371,0.158649204,-0.231424503,0.139696176
3.699000,2.054228815,0.229166523,-5.954229615,0.166891249,-0.277225839,0.143803016
3.700000,2.035269774,0.157864794,-6.267326420,0.179453691,-0.317171870,0.142038421
3.701000,2.004765073,-0.035867073,-6.439890020,0.190607448,-0.361345558,0.136132468
3.702000,2.026586023,-0.079603650,-6.554811026,0.183728914,-0.409273345,0.125839132
3.703000,2.074744556,0.043477577,-6.907365410,0.174596198,-0.455868442,0.112577195
3.704000,2.116278558,-0.007658082,-7.170548381,0.164690932,-0.504163509,0.097599242
3.705000,2.122889128,-0.340673288,-7.349103224,0.167713747,-0.557995984,0.081846270
3.706000,2.251842463,-0.393935208,-7.666225014,0.161146155,-0.613230944,0.079037087
3.707000,2.367081510,-0.118712138,-8.122019602,0.162513320,-0.659585719,0.081621350
3.708000,2.432166068,0.086655739,-8.408287802,0.154375719,-0.708892866,0.082647579
3.709000,2.523549237,0.087559924,-8.522346848,0.147509116,-0.760303239,0.083047572
3.710000,2.637238205,0.144625175,-8.578374818,0.135327305,-0.819166221,0.089192281
3.711000,2.673283545,-0.018736449,-8.648511798,0.143089408,-0.873864658,0.086513897
3.712000,2.789234749,-0.166800031,-8.749394413,0.139858257,-0.934568136,0.082691560
3.713000,2.931769615,-0.049457282,-9.075169695,0.135971771,-0.991593893,0.082881035
3.714000,2.918093286,0.096532869,-9.382281002,0.132476994,-1.053539314,0.077841460
3.715000,2.785632679,-0.126309405,-9.228061099,0.130890175,-1.138485174,0.067303304
3.716000,2.649732322,-0.189179900,-9.641890532,0.126320878,-1.217166524,0.065891762
3.717000,2.684934385,-0.120649417,-9.940456225,0.131350443,-1.277660272,0.068168804
3.718000,3.047964847,0.008089584,-10.405111541,0.119654908,-1.311159692,0.069221658
3.719000,3.559415991,0.130231097,-10.547493107,0.092812757,-1.346467513,0.071517543
3.720000,3.937941654,0.245150634,-10.850398958,0.062490099,-1.392357625,0.072721809
3.721000,4.149751625,0.158309137,-11.067158406,0.035237316,-1.452952317,0.065005451
3.722000,4.218612921,0.247602653,-11.507419789,0.008609444,-1.521981570,0.062420895
3.723000,4.219399525,0.398269101,-11.811244874,0.004974347,-1.588923679,0.060487290
3.724000,4.231006002,0.464769925,-11.978605312,0.006041004,-1.656134207,0.060460139
3.725000,4.315541541,0.332497601,-12.100847911,0.012535421,-1.715390961,0.062047174
3.726000,4.440485738,0.399225337,-12.308396215,0.004884038,-1.769771523,0.070433625
3.727000,4.591048363,0.518889852,-12.760718308,-0.003184304,-1.823580290,0.078119922
3.728000,4.649835660,0.789461236,-13.154848148,-0.025095242,-1.886543022,0.089404013
3.729000,4.701342671,0.834368642,-13.416744932,-0.026055416,-1.939711895,0.098803223
3.730000,4.659675770,0.760126454,-13.683087427,-0.020294672,-1.990674143,0.100728421
3.731000,4.749067757,0.577591654,-13.664555768,-0.017438983,-2.038548419,0.112227315
3.732000,4.903418800,0.659751304,-13.826251286,-0.035332285,-2.088542750,0.125683466
3.733000,5.046546151,0.852750839,-13.889985963,-0.048745180,-2.138628394,0.134822526
3.734000,5.083805464,0.971952532,-13.901935910,-0.074648826,-2.182286426,0.137781564
3.735000,5.074150045,0.755960662,-14.120862322,-0.081191947,-2.215660977,0.136119855
3.736000,4.788471490,0.313313066,-14.562405830,-0.081089203,-2.259672620,0.121659386
3.737000,4.203215711,-0.295398571,-14.965379120,-0.064880230,-2.314629904,0.101926707
3.738000,3.498172615,-0.801924801,-14.972415622,-0.064067397,-2.386602435,0.086665559
3.739000,2.627149402,-1.137913990,-14.888041678,-0.057959384,-2.464186942,0.071429608
3.740000,1.659279725,-1.361920397,-14.830836969,-0.047753428,-2.539614864,0.054766161
3.741000,0.660313459,-1.811019157,-15.005712153,-0.006887117,-2.602898443,0.033208603
3.742000,-0.246498039,-2.214906672,-14.977752764,0.025898936,-2.665335545,0.020142694
3.743000,-0.932259873,-2.279839777,-14.917750140,0.041318254,-2.727595815,0.025268022
3.744000,-1.387991806,-2.002455444,-14.717680121,0.031662360,-2.776984628,0.041018897
3.745000,-1.899903096,-1.572290123,-14.464467666,0.017335668,-2.817270948,0.051051377
3.746000,-2.243993979,-0.902019954,-14.382011521,0.003251551,-2.849734056,0.055360574
3.747000,-2.448006411,-0.450950093,-14.640342392,0.005497146,-2.869721996,0.055065251
3.748000,-2.215203338,0.112699249,-14.736991175,-0.008269861,-2.887284562,0.064697523
3.749000,-1.597277830,0.769443074,-14.978340357,-0.033589477,-2.885199241,0.086134605
3.750000,-0.793077053,1.374640603,-15.028060529,-0.062315295,-2.863902009,0.101982813
3.751000,0.196581996,1.585276484,-14.993047492,-0.078244728,-2.827746648,0.115944657
3.752000,1.293650053,1.665077254,-15.087842108,-0.097135003,-2.785550876,0.123791206
3.753000,2.426339155,1.731065191,-15.577492144,-0.107915939,-2.737376369,0.132387649
3.754000,3.618152512,1.438360538,-15.802543340,-0.119898549,-2.691043394,0.133064704
3.755000,4.828272792,1.001848033,-15.969370761,-0.121020394,-2.642113178,0.127988499
3.756000,6.032451271,0.485046422,-15.921780300,-0.116311974,-2.583457367,0.125167877
3.757000,7.104754612,-0.263782872,-16.080807105,-0.084881567,-2.527360541,0.116710405
3.758000,7.869361331,-1.174188201,-15.996083264,-0.047462557,-2.479506917,0.103495561
3.759000,8.566561226,-1.948970018,-16.019287354,-0.005738797,-2.438477036,0.093214284
3.760000,9.174978305,-2.502402339,-16.010742265,0.031880900,-2.393320070,0.088733587
3.761000,9.572745266,-2.984293936,-15.933452828,0.077684033,-2.343051204,0.081575502
3.762000,9.791648418,-3.269876302,-15.757985729,0.108581770,-2.299457527,0.070715634
3.763000,9.760988443,-3.374364455,-15.447971379,0.129176065,-2.270017075,0.060670114
3.764000,9.543760327,-3.184618182,-15.133350895,0.108134395,-2.249846930,0.065736096
3.765000,9.126311212,-2.683518608,-14.816860575,0.072504566,-2.241158271,0.074799705
3.766000,8.332016183,-1.868487612,-14.501061524,0.036456183,-2.235950059,0.085019187
3.767000,7.383480120,-1.101144297,-14.243319464,0.017519941,-2.232719022,0.095638529
3.768000,6.372138416,-0.545530321,-14.197366679,-0.005544340,-2.231250315,0.105164217
3.769000,5.204771758,-0.081986407,-14.262025584,-0.031661821,-2.224119485,0.111452715
3.770000,4.262937272,0.165000698,-14.249750935,-0.078085698,-2.210882332,0.118057397
3.771000,3.481272026,0.263961724,-13.905567747,-0.119169087,-2.195449931,0.115917380
3.772000,2.594436520,0.548910737,-13.718217829,-0.142126148,-2.177837553,0.104925515
3.773000,1.759365112,0.566757525,-13.537258263,-0.145354003,-2.165917298,0.090610556
3.774000,1.014786789,0.480502828,-13.646508640,-0.152281253,-2.147327454,0.078393919
3.775000,0.366064905,0.236392919,-13.709003137,-0.154299737,-2.120691227,0.064768705
3.776000,-0.047517551,-0.070273240,-13.359198555,-0.156319154,-2.092672180,0.050446874
3.777000,-0.270057845,-0.281292491,-13.061844680,-0.153003141,-2.052063492,0.040720064
3.778000,-0.525349664,-0.521424732,-13.218117002,-0.130243104,-2.002458362,0.026651359
3.779000,-0.641966761,-0.829090526,-13.559035889,-0.102825519,-1.939580676,0.010428392
3.780000,-0.314174463,-1.210784930,-13.480470963,-0.080287500,-1.867754585,0.001607399
3.781000,0.232942275,-1.416137704,-13.175521262,-0.064370564,-1.789649424,-0.001670210
3.782000,0.823951787,-1.417153105,-12.590751300,-0.056083295,-1.712777768,-0.003928212
3.783000,1.411160393,-1.166359723,-12.456968335,-0.051800349,-1.625158501,-0.001108511
3.784000,1.944490073,-1.162831686,-12.381858799,-0.044967769,-1.525167048,-0.005528162
3.785000,2.567325700,-1.143797565,-12.467107781,-0.041004747,-1.428972887,-0.008924494
3.786000,3.147175374,-0.870729987,-12.440723788,-0.064671068,-1.328358506,-0.004255056
3.787000,3.618649173,-0.439660466,-12.094429232,-0.091312266,-1.239439744,-0.008497791
3.788000,4.068168723,-0.037495547,-11.728926456,-0.117623582,-1.146153448,-0.017866918
3.789000,4.356852372,0.119076364,-11.527253116,-0.120161754,-1.056720603,-0.026193730
3.790000,4.477034421,0.144554625,-11.498229844,-0.125496327,-0.978298304,-0.039425060
3.791000,4.572814543,0.266941119,-11.312813721,-0.115889757,-0.906011685,-0.049625960
3.792000,4.555320999,0.293267927,-11.130682797,-0.108539889,-0.839294032,-0.062757239
3.793000,4.568394774,0.328914823,-10.652292430,-0.105075850,-0.775419215,-0.070350146
3.794000,4.575239496,0.550194453,-10.397266669,-0.117131745,-0.719231524,-0.071382968
3.795000,4.418260731,0.793581300,-10.189761505,-0.113553344,-0.649958258,-0.082498723
3.796000,4.086683599,0.735881748,-9.867411240,-0.102736687,-0.587573124,-0.101464574
3.797000,3.838416695,0.595517002,-9.677233044,-0.095354076,-0.531414917,-0.112221864
3.798000,3.638649051,0.701478389,-9.584176915,-0.085135943,-0.476237293,-0.116768698
3.799000,3.542821776,0.976011718,-9.320842126,-0.080050821,-0.407809438,-0.122923739
3.800000,3.398297326,1.059238377,-8.976796220,-0.087505854,-0.337030825,-0.134624611
3.801000,3.247827639,0.893027998,-8.546144497,-0.094229596,-0.269014838,-0.148076066
3.802000,3.090880885,0.776669911,-8.073214797,-0.088688441,-0.210940979,-0.156680015
3.803000,2.922848751,0.744377786,-7.827427072,-0.077701683,-0.151566694,-0.163109222
3.804000,2.681720076,0.874511671,-7.612552744,-0.065882899,-0.090678660,-0.173861112
3.805000,2.474130203,0.759809709,-7.388904192,-0.048603043,-0.026249419,-0.188569966
3.806000,2.263468629,0.453725106,-7.241274429,-0.037597771,0.032303238,-0.197773690
3.807000,2.143731618,0.292194276,-7.061092517,-0.023165690,0.090765841,-0.208708637
3.808000,2.093537850,0.253252813,-6.832871506,-0.025443932,0.152178818,-0.216660045
3.809000,2.105913405,0.409002450,-6.484293826,-0.033990605,0.219764137,-0.219634308
3.810000,2.084317204,0.499627420,-6.207919775,-0.039092312,0.277017762,-0.224307466
3.811000,2.036316172,0.354317675,-6.007399877,-0.029951128,0.338819604,-0.230420675
3.812000,1.999726021,0.199913750,-5.689184891,-0.024796230,0.397620384,-0.234927183
3.813000,2.022405081,0.188065864,-5.592784937,-0.015170737,0.460025130,-0.237406730
3.814000,2.022767505,0.317016635,-5.293363724,-0.017790608,0.518159230,-0.243831309
3.815000,2.097345617,0.350047184,-5.072817935,-0.016472947,0.565259291,-0.250005164
3.816000,2.120548035,0.282920792,-4.740610387,-0.028359148,0.607759575,-0.255299007
3.817000,2.179294421,0.306746964,-4.560529542,-0.025819390,0.649378747,-0.261623990
3.818000,2.210154825,0.370097688,-4.383430752,-0.025801387,0.684838502,-0.265085976
3.819000,2.242756211,0.408518991,-4.366737861,-0.019795810,0.722909107,-0.264852428
3.820000,2.373918037,0.399260773,-4.245069628,-0.015391687,0.763276220,-0.261960712
3.821000,2.598634381,0.381539501,-3.936784442,-0.017127302,0.803718327,-0.257476787
3.822000,2.731298568,0.471104937,-3.771072456,-0.030192043,0.841757975,-0.253368216
3.823000,2.857737353,0.534014656,-3.548080461,-0.037591695,0.875663638,-0.253168253
3.824000,2.967589948,0.554710894,-3.443532991,-0.050717390,0.900596728,-0.249713330
3.825000,3.024323442,0.560556504,-3.411957024,-0.041232336,0.925860955,-0.251773400
3.826000,3.109922748,0.389233571,-3.226783336,-0.028724222,0.948268656,-0.255394838
3.827000,3.321308828,0.163573502,-3.130268164,-0.019252694,0.971331230,-0.252478961
3.828000,3.551652381,0.268587441,-3.198627814,-0.016927751,0.997587526,-0.248203842
3.829000,3.757464935,0.452784661,-3.251358957,-0.013455968,1.018509707,-0.247677950
3.830000,3.878066081,0.392896018,-3.133542085,-0.015071415,1.034182081,-0.245736550
3.831000,4.017123196,0.176104754,-2.960836396,-0.006690902,1.046538498,-0.242271448
3.832000,4.150375158,-0.078990945,-2.856891864,0.011523887,1.060284809,-0.238024722
3.833000,4.287857038,-0.203317022,-2.629867273,0.026502868,1.069887981,-0.233018550
3.834000,4.459464952,-0.202832486,-2.555871780,0.027222952,1.077251596,-0.224688156
3.835000,4.687019111,-0.113083763,-2.536153097,0.020212909,1.082850963,-0.218410601
3.836000,4.775281747,0.028612245,-2.494225924,0.003412367,1.085824251,-0.214552844
3.837000,4.842406992,0.034341178,-2.461878687,0.002982572,1.082761435,-0.212081495
3.838000,4.816315290,-0.105786497,-2.291174240,0.012164892,1.073064904,-0.209201081
3.839000,4.798221133,-0.163125386,-2.164512725,0.022517700,1.057386017,-0.202137893
3.840000,4.853496952,-0.172442285,-2.030745432,0.026519032,1.047053879,-0.193483738
3.841000,4.958357951,-0.047780833,-1.883003824,0.019603048,1.034637838,-0.185413556
3.842000,5.010974927,0.111963240,-1.780091732,-0.001191648,1.019567152,-0.180753810
3.843000,5.008543735,0.241184663,-1.703978354,-0.017670454,1.000625669,-0.178449315
3.844000,4.886842497,0.351082868,-1.709287843,-0.015233891,0.979888361,-0.175867804
3.845000,4.754310579,0.337338596,-1.669593713,0.002043079,0.960307243,-0.172849663
3.846000,4.632148029,0.206555319,-1.545585160,0.012861755,0.933981686,-0.165795768
3.847000,4.550349552,0.149120143,-1.397627919,0.010928287,0.906401686,-0.153985324
3.848000,4.450516994,0.198774366,-1.265253031,-0.006152937,0.879523421,-0.140981211
3.849000,4.299719109,0.348026290,-1.250157004,-0.028634795,0.852803450,-0.130447732
3.850000,4.058914755,0.397143085,-1.157842845,-0.042106622,0.822667693,-0.122966452
3.851000,3.715628646,0.316416932,-1.093804161,-0.039163692,0.783593320,-0.112471596
3.852000,3.372817302,0.215672462,-0.948767480,-0.026285376,0.741989232,-0.102111375
3.853000,3.057227407,0.202865552,-0.975315698,-0.014001438,0.700828592,-0.090196468
3.854000,2.745706291,0.190476535,-0.904034709,-0.013021416,0.661423623,-0.080833496
3.855000,2.396298228,0.116483115,-0.870419817,-0.021838997,0.617759869,-0.071438352
3.856000,2.098619974,0.105026717,-0.852950240,-0.037281986,0.575446736,-0.063981514
3.857000,1.795166843,0.145840536,-0.650848781,-0.038235001,0.535015905,-0.059765662
3.858000,1.503538736,0.087137209,-0.383211109,-0.038768247,0.488906652,-0.054508770
3.859000,1.154108542,0.125364735,-0.188875559,-0.037129012,0.436992263,-0.043766973
3.860000,0.798534722,0.308475162,-0.116651046,-0.037409763,0.384269845,-0.029305530
3.861000,0.537995657,0.459068152,-0.034248690,-0.041102600,0.341829073,-0.014014814
3.862000,0.333323192,0.477748860,-0.013334737,-0.052557540,0.308331443,0.001382263
3.863000,0.150274299,0.507317792,0.084003949,-0.063464704,0.273918471,0.015140281
3.864000,-0.059703039,0.544802257,0.219555389,-0.068793340,0.238472399,0.028996687
3.865000,-0.288620516,0.457758711,0.300049133,-0.072418949,0.198040381,0.043240133
3.866000,-0.416322372,0.380503364,0.264814186,-0.077961093,0.156614156,0.060369248
3.867000,-0.468064502,0.416889682,0.220100700,-0.086842288,0.114602298,0.079674934
3.868000,-0.505438574,0.497683599,0.186797091,-0.100023295,0.075750759,0.098198478
3.869000,-0.531877355,0.495750911,0.201894293,-0.113485785,0.038614402,0.113893036
3.870000,-0.554223849,0.515325450,0.267978126,-0.128410056,-0.001731449,0.129924044
3.871000,-0.613231859,0.492338299,0.258509259,-0.135788216,-0.043095719,0.141880070
3.872000,-0.648443753,0.429203553,0.214954622,-0.141448857,-0.085528306,0.152163197
3.873000,-0.636808799,0.403942784,0.129123003,-0.146149645,-0.123978246,0.159377463
3.874000,-0.571038300,0.465263419,0.035741636,-0.147982143,-0.162336951,0.164631253
3.875000,-0.474608690,0.514205757,-0.025653746,-0.144748823,-0.195622657,0.168684791
3.876000,-0.434414855,0.508411909,-0.168546202,-0.137449218,-0.223230926,0.172091612
3.877000,-0.373565248,0.506537058,-0.145032090,-0.128816066,-0.247729425,0.176633548
3.878000,-0.249375363,0.497262323,-0.034467726,-0.114411675,-0.272277698,0.192195617
3.879000,-0.242310310,0.574469175,-0.075150635,-0.099356138,-0.285933624,0.206606000
3.880000,-0.149746569,0.601629631,-0.184979957,-0.086605967,-0.289163935,0.215504232
3.881000,-0.011781882,0.485709017,-0.147229910,-0.080989128,-0.295095898,0.221166648
3.882000,0.069815524,0.341956639,-0.095434810,-0.077411915,-0.305934975,0.224522335
3.883000,0.127359062,0.250792547,0.073584966,-0.075086466,-0.320795502,0.223350017
3.884000,0.158976109,0.295647981,0.426204298,-0.079936161,-0.341786723,0.217923143
3.885000,0.154850978,0.427115078,0.686035670,-0.080086439,-0.358985041,0.210245539
3.886000,0.160782501,0.446266120,0.643463183,-0.072438192,-0.367990281,0.202813212
3.887000,0.154129105,0.355791386,0.451361713,-0.055398406,-0.374439831,0.195286660
3.888000,0.204704154,0.062837493,0.379381531,-0.037194398,-0.389614158,0.189248348
3.889000,0.319788330,-0.147194540,0.428291728,-0.023977466,-0.405962906,0.187481162
3.890000,0.335062937,-0.046232068,0.701762543,-0.015603857,-0.422008065,0.180745129
3.891000,0.311195842,0.059415087,0.954120206,-0.009778750,-0.437004467,0.166625930
3.892000,0.256247010,-0.017706326,1.224508678,-0.003111791,-0.452741918,0.155799673
3.893000,0.197258293,-0.172728270,1.220172242,0.005128855,-0.467225221,0.148284719
3.894000,0.122344286,-0.219289733,1.102309953,0.017382446,-0.481391514,0.140610756
3.895000,0.050196333,-0.273634358,1.154890809,0.024177118,-0.497816613,0.135276056
3.896000,0.024184567,-0.283245376,1.314004303,0.021448612,-0.509328812,0.132527061
3.897000,-0.022130584,-0.213159086,1.414548970,0.014069872,-0.516054771,0.129065870
3.898000,-0.099254463,-0.193520937,1.669412787,0.004874098,-0.525791805,0.123447529
3.899000,-0.228313727,-0.286864453,1.901286359,-0.001983785,-0.537428311,0.118782924
3.900000,-0.359194061,-0.364894282,2.106587481,-0.003364955,-0.547888528,0.114237094
3.901000,-0.453711267,-0.358674148,2.094641076,-0.008427894,-0.556201353,0.110030140
3.902000,-0.542549706,-0.336853686,2.127579916,-0.013085810,-0.560077276,0.106068879
3.903000,-0.623086886,-0.335175341,2.156029513,-0.019720509,-0.559396685,0.104125700
3.904000,-0.715343879,-0.295663274,2.266739587,-0.021827421,-0.559140040,0.100835265
3.905000,-0.857510464,-0.331833414,2.386467059,-0.022953472,-0.561206296,0.096254572
3.906000,-1.041129805,-0.440688259,2.468776568,-0.020788480,-0.563924997,0.090148249
3.907000,-1.204287697,-0.489092446,2.523912478,-0.016469440,-0.565397914,0.084242482
3.908000,-1.345457045,-0.534862100,2.446308569,-0.010395382,-0.559824480,0.076237901
3.909000,-1.433187846,-0.584240790,2.372526725,-0.007529134,-0.552378664,0.067190425
3.910000,-1.451782809,-0.638795265,2.368164332,-0.004169693,-0.540424407,0.058106088
3.911000,-1.530779274,-0.669072073,2.420059944,-0.004924591,-0.529247917,0.047229583
3.912000,-1.606278148,-0.808523180,2.566808502,-0.003427193,-0.523015772,0.035575537
3.913000,-1.691864344,-0.913699655,2.709262222,-0.006475647,-0.518992308,0.027996084
3.914000,-1.752531553,-0.887646354,2.786063573,-0.006716938,-0.514474133,0.020140382
3.915000,-1.818465802,-0.855744744,2.912434795,-0.010140280,-0.508615479,0.010828239
3.916000,-1.870955026,-0.853443201,2.959896454,-0.008322073,-0.500532202,0.005448665
3.917000,-1.937492173,-0.855929558,3.006506973,-0.005897152,-0.494007165,0.001593027
3.918000,-1.976119662,-0.915694301,3.086295888,0.002548776,-0.488114193,-0.003692729
3.919000,-2.014982308,-0.959641202,3.238925981,0.005264406,-0.483413394,-0.007120645
3.920000,-1.978596241,-0.849266370,3.412273574,0.000545987,-0.472406264,-0.008661944
3.921000,-1.928701037,-0.696002354,3.608562287,-0.007404408,-0.458789352,-0.014380235
3.922000,-1.842338429,-0.602606432,3.759909299,-0.013077039,-0.441516033,-0.020457534
3.923000,-1.781367094,-0.489041463,3.790176550,-0.019110635,-0.418752421,-0.025719376
3.924000,-1.705760014,-0.395197515,3.759378973,-0.020460388,-0.393154508,-0.034569644
3.925000,-1.605405601,-0.263855684,3.556124338,-0.024884921,-0.360742631,-0.038529523
3.926000,-1.439684085,-0.139650853,3.467090491,-0.028537595,-0.321780533,-0.040181242
3.927000,-1.247378533,0.023484710,3.513981440,-0.033077141,-0.286540155,-0.044391804
3.928000,-1.053460508,0.000720949,3.636187018,-0.029515616,-0.248796300,-0.049236271
3.929000,-0.971512977,-0.087324937,3.675276545,-0.027850705,-0.210707715,-0.053038437
3.930000,-0.856689608,-0.160632197,3.562524510,-0.024827772,-0.174859302,-0.060342634
3.931000,-0.712016460,-0.045473298,3.440416133,-0.026975578,-0.133516258,-0.069372289
3.932000,-0.545416249,0.021828976,3.482358658,-0.029680120,-0.083891806,-0.077277619
3.933000,-0.312721863,0.145399454,3.522337221,-0.033499904,-0.028553023,-0.085596481
3.934000,-0.082921104,0.147247313,3.411531685,-0.025867745,0.028633996,-0.090514485
3.935000,0.090432647,0.130041326,3.332758636,-0.021590294,0.075440929,-0.091686600
3.936000,0.227972284,0.046580923,3.176311751,-0.010447461,0.126830130,-0.091884936
3.937000,0.425258465,-0.033548309,3.287573127,-0.006137875,0.180746081,-0.090736602
3.938000,0.604827322,-0.099093580,3.547292195,-0.006712621,0.235460173,-0.090739237
3.939000,0.858894960,-0.037498560,3.919524321,-0.020827056,0.290742306,-0.086867832
3.940000,1.087561873,0.172688158,3.933171782,-0.035216359,0.351234906,-0.087280247
3.941000,1.140622137,0.333412935,3.830022538,-0.043024777,0.403602942,-0.091870441
3.942000,1.171027919,0.271083441,3.691221550,-0.037539525,0.458130927,-0.092795395
3.943000,1.204541162,0.156334754,3.678484729,-0.031299341,0.509486889,-0.088196420
3.944000,1.316107620,0.246797182,3.707119625,-0.028464212,0.572278392,-0.085410424
3.945000,1.437643758,0.376169002,3.941233592,-0.038903484,0.638026906,-0.083439549
3.946000,1.560956991,0.465867548,4.069950583,-0.060191080,0.698789742,-0.082043852
3.947000,1.646808620,0.651277965,4.045325610,-0.081279864,0.751928919,-0.083419509
3.948000,1.689195416,0.667462654,4.000060959,-0.071850453,0.806587816,-0.092949914
3.949000,1.682592339,0.433015177,4.236181091,-0.058499328,0.854601981,-0.097690201
3.950000,1.860954053,0.236559485,4.282165334,-0.041524408,0.907146233,-0.101610407
3.951000,1.958466284,0.348790589,4.492302922,-0.033718586,0.956570591,-0.105242708
3.952000,2.088670924,0.335205995,4.771693576,-0.036915622,1.005033637,-0.108461539
3.953000,2.119968681,0.404958394,4.932835872,-0.059163958,1.056565885,-0.107170084
3.954000,2.214128253,0.490268063,4.975833109,-0.070286888,1.106231794,-0.105672723
3.955000,2.201352441,0.468479805,5.159935707,-0.062550217,1.157205452,-0.102452126
3.956000,2.297566997,0.460594655,5.376940607,-0.047533340,1.213007316,-0.098425149
3.957000,2.370543685,0.403815543,5.539574619,-0.033901793,1.266983428,-0.095681488
3.958000,2.435354422,0.161803653,5.822670694,-0.019094377,1.321401616,-0.093110775
3.959000,2.538953091,0.128345179,6.098556498,-0.028475136,1.377086487,-0.092080863
3.960000,2.623853610,0.267446693,6.122528737,-0.037096001,1.424651328,-0.094885926
3.961000,2.597328012,0.367423474,6.277645105,-0.047225161,1.475108150,-0.097464181
3.962000,2.507614240,0.348733095,6.329222672,-0.050577991,1.527466139,-0.106788859
3.963000,2.438252372,0.384781109,6.446040326,-0.038329724,1.574063893,-0.114733352
3.964000,2.336853167,0.350188237,6.631359718,-0.010747158,1.621520368,-0.117796378
3.965000,2.334593002,0.317511478,6.748382558,-0.004373297,1.675861423,-0.117518160
3.966000,2.501588155,0.409077787,6.768652685,-0.011369924,1.729825778,-0.112360704
3.967000,2.568483993,0.575286402,6.966662785,-0.025094031,1.789633621,-0.110738398
3.968000,2.520242143,0.550675919,7.265909654,-0.031264178,1.845664655,-0.110864790
3.969000,2.505041857,0.413138864,7.604772571,-0.033449703,1.893362378,-0.107107628
3.970000,2.489158504,0.202602103,7.827065738,-0.015293256,1.937741823,-0.104560397
3.971000,2.576227935,-0.077392506,8.033926503,0.005281795,1.980437867,-0.096131592
3.972000,2.694248222,-0.294979225,8.199953505,0.008691431,2.026428959,-0.083518573
3.973000,2.859259280,-0.195255201,8.199870366,0.006087516,2.070486153,-0.074924700
3.974000,2.913980056,-0.207839495,8.478233343,0.013734356,2.114194038,-0.067635071
3.975000,2.920165405,-0.325226746,8.763754981,0.013235307,2.156830145,-0.056812679
3.976000,2.952334208,-0.443271450,8.992470815,0.022788641,2.194255377,-0.044919908
3.977000,3.000162289,-0.469931344,9.170952835,0.039510677,2.240338848,-0.033337273
3.978000,3.017263219,-0.543655427,9.403023356,0.059974913,2.297854073,-0.021213672
3.979000,3.140845863,-0.565991922,9.241788256,0.073985968,2.355453692,-0.009488069
3.980000,3.180381058,-0.698061878,9.056176865,0.090587555,2.419058203,-0.003109227
3.981000,3.259668361,-0.820113064,8.821386561,0.100924443,2.482747722,0.007070138
3.982000,3.334032434,-0.922790446,8.798881996,0.109984092,2.539365981,0.011838965
3.983000,3.371890641,-1.095609125,9.041376668,0.126710663,2.592379091,0.013809683
3.984000,3.566948130,-1.159727877,9.522373654,0.129158379,2.648607425,0.020041222
3.985000,3.786360114,-0.856349412,9.787921153,0.137403084,2.712445998,0.024751114
3.986000,4.002164466,-0.548717814,9.805891796,0.152436952,2.771829884,0.028625906
3.987000,4.801701503,-0.205814884,9.452763117,0.143832219,2.841514213,0.043210050
3.988000,5.969957529,0.373064445,9.465539231,0.116577544,2.950668731,0.050287799
3.989000,7.116489894,0.869880811,10.168309475,0.091349254,3.046664479,0.051290791
3.990000,8.199720149,0.986183197,10.489610851,0.058346677,3.143388903,0.056667075
3.991000,8.966083494,1.102230236,10.082949467,0.049145719,3.231891909,0.050209427
3.992000,9.901810019,0.912404406,9.921794792,0.063974921,3.318027845,0.040361304
3.993000,10.859631032,0.431121564,9.940308547,0.066169724,3.410499134,0.041117813
3.994000,11.514028383,0.070447543,9.972436074,0.084888967,3.491822176,0.034263597
3.995000,11.908444650,-0.250448961,10.264471374,0.106045893,3.552173033,0.028295985
3.996000,12.100776173,-0.835668681,10.251430786,0.130925580,3.609762342,0.025727262
3.997000,12.212511937,-1.379896620,10.210761783,0.144741388,3.667230065,0.021652267
3.998000,12.184218508,-1.886096530,10.142712153,0.155576959,3.707897963,0.020919541
3.999000,11.887948338,-2.196480172,10.307674841,0.176174410,3.737752240,0.019121441
4.000000,11.446133759,-2.422771258,10.470212838,0.211013899,3.746796031,0.024991166
4.001000,10.770104392,-2.750103683,10.977503863,0.232232226,3.753385489,0.018070526
4.002000,9.968632417,-2.704511618,11.165293904,0.231229366,3.755345289,0.012129048
4.003000,9.254446949,-2.231837534,11.436630393,0.211629478,3.750733513,0.014218387
4.004000,8.425139257,-1.718466589,11.602554641,0.202620997,3.742153933,0.021805912
4.005000,7.513802570,-1.176412437,11.939272781,0.190150270,3.729810969,0.037214730
4.006000,6.758008340,-0.469535890,12.255706714,0.165007076,3.723099021,0.056929134
4.007000,6.074126067,0.339714943,12.140138975,0.128572257,3.719367360,0.071563914
4.008000,5.521113782,0.860960183,12.075937198,0.101003678,3.713339643,0.087751726
4.009000,5.046871791,1.096986644,12.032122724,0.080102344,3.706149711,0.100124167
4.010000,4.785715847,1.291954785,12.144190178,0.069289148,3.695816266,0.103251759
4.011000,4.618616658,1.357986077,12.300543071,0.061127247,3.691016315,0.107934813
4.012000,4.565963140,1.265947785,12.229460444,0.073591474,3.688648297,0.114476588
4.013000,4.703432375,0.960381398,11.943161541,0.093370955,3.695452429,0.125846180
4.014000,5.063421029,0.498084519,11.811837284,0.106440917,3.699757080,0.135884589
4.015000,5.591089592,0.068425621,11.927610295,0.121498074,3.704104574,0.149527775
4.016000,6.210555699,-0.327135136,11.780326423,0.154334714,3.715983830,0.168960116
4.017000,6.902141359,-0.815883400,11.961699669,0.205274892,3.733517174,0.188134864
4.018000,7.415857864,-1.332091447,12.078191922,0.247229804,3.748188254,0.205125463
4.019000,8.073890180,-1.690198450,12.120774024,0.270254271,3.758396446,0.202223070
4.020000,8.695694433,-2.084635013,12.326969022,0.281806651,3.763498108,0.174284965
4.021000,9.293722843,-2.077832283,13.009895462,0.260599858,3.763805040,0.134018703
4.022000,9.894690638,-1.850760517,13.681260120,0.237040928,3.763493379,0.071599584
4.023000,10.350163520,-1.378243151,13.990071352,0.206456691,3.755955534,-0.000304217
4.024000,10.742648482,-0.729089542,13.865466924,0.171741605,3.739709904,-0.051790682
4.025000,11.096996727,-0.023763460,13.596276110,0.124884168,3.725500264,-0.081503865
4.026000,11.024105417,0.630661409,13.519405121,0.103011253,3.711575047,-0.090217247
4.027000,10.849217671,0.963811469,13.752526924,0.098078440,3.694853183,-0.080779001
4.028000,10.683630168,1.000268777,13.631318222,0.102018857,3.675077920,-0.061662415
4.029000,10.343968709,0.776836923,13.494193056,0.106517091,3.650866769,-0.046525331
4.030000,9.936837995,0.396138263,13.355178413,0.112927082,3.602776293,-0.036758867
4.031000,9.324992400,-0.024931985,13.624495088,0.116357249,3.547124831,-0.038488961
4.032000,8.672024913,-0.278477355,13.882159404,0.119660005,3.486580682,-0.041503494
4.033000,7.696247186,-0.608720296,14.187658251,0.124601954,3.428374002,-0.055113637
4.034000,6.688657390,-0.927065363,13.870232089,0.135159164,3.355888479,-0.071586111
4.035000,5.738714656,-1.074064685,13.482130523,0.156523641,3.275436557,-0.091412668
4.036000,5.010333549,-1.202237186,13.338905874,0.179220467,3.194415574,-0.111795141
4.037000,4.354632074,-1.371925938,13.604734743,0.193324810,3.108311617,-0.133046634
4.038000,3.798695813,-1.371136162,13.929530743,0.215966774,3.027768663,-0.162612613
4.039000,3.461102020,-1.355533098,13.914104302,0.235043129,2.967318960,-0.191271586
4.040000,3.364545187,-1.240501065,13.337363925,0.240314141,2.924284834,-0.209431150
4.041000,3.441872631,-1.011096154,13.087548915,0.248240068,2.886200695,-0.235026431
4.042000,3.619660672,-0.765870064,13.165153744,0.251776883,2.851138783,-0.251854655
4.043000,3.751692405,-0.544378264,13.345964548,0.240620912,2.813835993,-0.255359930
4.044000,3.871710601,-0.271494339,13.335069058,0.224204416,2.773949970,-0.255969600
4.045000,3.953407012,0.012033266,13.067988601,0.202092369,2.730608015,-0.249303514
4.046000,4.098097153,0.365156986,12.675996323,0.174994362,2.685131385,-0.236780869
4.047000,4.161270478,0.640377612,12.401448523,0.173500295,2.640138444,-0.235590680
4.048000,4.358945159,0.488077909,12.379291432,0.183530910,2.592577415,-0.229862874
4.049000,4.601876748,0.183312911,12.299844874,0.186039260,2.549745453,-0.228295667
4.050000,4.881975763,-0.012079309,11.852551210,0.194055258,2.508648635,-0.236328137
4.051000,5.113695324,-0.384447701,11.255646899,0.194642842,2.465768606,-0.240144307
4.052000,5.395022722,-0.788366365,10.808646219,0.213043452,2.418885919,-0.244783351
4.053000,5.535192630,-1.092406050,10.740483908,0.246702857,2.369307829,-0.254635643
4.054000,5.584869047,-1.467530848,10.620719675,0.284149469,2.316403846,-0.265497923
4.055000,5.622002577,-1.805764078,10.344220641,0.300388355,2.259443097,-0.274631878
4.056000,5.709226627,-1.858991073,10.026127052,0.310689711,2.206142656,-0.285494963
4.057000,5.740096780,-1.778555521,9.805578415,0.307560947,2.146816354,-0.292432781
4.058000,5.690152269,-1.603493258,9.602809201,0.300201721,2.090047141,-0.295580794
4.059000,5.594219219,-1.239267409,9.542822418,0.298978480,2.023501243,-0.295301447
4.060000,5.317472287,-1.064990110,9.459819285,0.306102259,1.954006256,-0.294123217
4.061000,4.941433151,-1.055359153,9.489161005,0.302528825,1.873338224,-0.290163257
4.062000,4.590641799,-0.976715884,9.419233405,0.289442769,1.806121132,-0.283044412
4.063000,4.216576972,-0.686148345,9.155066915,0.267130904,1.740103698,-0.275410841
4.064000,3.766738471,-0.467768069,8.854863753,0.260053020,1.672449474,-0.262256359
4.065000,3.226978166,-0.271515547,8.718235189,0.267544933,1.594262044,-0.242349566
4.066000,2.779676898,-0.199052900,8.471692152,0.287238933,1.524973340,-0.224406155
4.067000,2.323956471,-0.233957773,8.289887743,0.286792850,1.452548683,-0.210422236
4.068000,2.034437006,-0.265782105,8.078129154,0.279899754,1.385777193,-0.201513457
4.069000,1.720596905,-0.066954939,7.804650071,0.274173861,1.317924082,-0.195891321
4.070000,1.477141272,0.024133232,7.692951059,0.282374808,1.258028940,-0.194137904
4.071000,1.245083606,0.066273697,7.564177947,0.285638877,1.196897081,-0.188699076
4.072000,1.082405807,0.050517589,7.355562736,0.301336795,1.140016287,-0.184533822
4.073000,0.934814774,0.011927372,7.191996205,0.311088048,1.081823042,-0.185064897
4.074000,0.917812965,-0.088457323,7.029951337,0.315911820,1.028118396,-0.187483847
4.075000,0.986694075,0.000641569,6.736577946,0.310968406,0.981103556,-0.191117711
4.076000,1.042013005,-0.104508308,6.404867594,0.312431731,0.943375886,-0.193484383
4.077000,1.102344344,-0.243018957,6.135836859,0.309209879,0.903638672,-0.195382222
4.078000,1.262802948,-0.412045227,5.859031142,0.309188335,0.852770941,-0.195595205
4.079000,1.299842093,-0.418008854,5.836759771,0.319951007,0.809898246,-0.194942646
4.080000,1.340666508,-0.530052029,5.763696249,0.328629172,0.770830927,-0.195984848
4.081000,1.463706244,-0.568570892,5.473295367,0.328726541,0.734614713,-0.192918136
4.082000,1.541393658,-0.494606827,5.148331203,0.327142047,0.702007843,-0.189928426
4.083000,1.513558043,-0.421053818,4.955286951,0.322198314,0.663499118,-0.189214905
4.084000,1.494081747,-0.426205153,4.870279061,0.318403062,0.623615049,-0.186343870
4.085000,1.502779366,-0.285319894,4.924336976,0.311685633,0.584830900,-0.178827946
4.086000,1.457818409,-0.164643902,4.837095925,0.308330287,0.548009712,-0.174700080
4.087000,1.389428836,-0.076826415,4.711568001,0.305510106,0.514199352,-0.168667231
4.088000,1.360101533,-0.043263780,4.560385894,0.299388122,0.480996242,-0.160657932
4.089000,1.320963699,0.076594015,4.398166847,0.286486115,0.449929881,-0.151014134
4.090000,1.308317104,0.181185110,4.424294502,0.274409923,0.420179411,-0.140938097
4.091000,1.214777247,0.279818543,4.416400355,0.262235753,0.394082658,-0.134868888
4.092000,1.046849169,0.438781801,4.377563040,0.249023599,0.370592821,-0.126020876
4.093000,0.919499138,0.674464300,4.212365106,0.237059017,0.350520374,-0.117108197
4.094000,0.811411542,0.842718725,3.955277896,0.229139813,0.337178238,-0.108705902
4.095000,0.685329165,0.929288489,3.690740857,0.225210472,0.325665322,-0.101179477
4.096000,0.578779756,0.814834837,3.570747730,0.222870812,0.315714543,-0.096730999
4.097000,0.591403903,0.690004406,3.483520376,0.215343727,0.305968712,-0.090294904
4.098000,0.606287203,0.585979866,3.378953103,0.211909696,0.300698793,-0.085364061
4.099000,0.651727799,0.452354833,3.250689125,0.203720486,0.296613057,-0.079123168
4.100000,0.677935706,0.189510960,3.095005851,0.206380394,0.294026046,-0.072179072
4.101000,0.675949007,-0.012676357,2.981252750,0.213525459,0.290383267,-0.064314628
4.102000,0.707773571,-0.200279319,2.885480456,0.227936235,0.286335783,-0.049714143
4.103000,0.790778436,-0.359050430,2.739043619,0.237952469,0.281193813,-0.030694360
4.104000,0.863442759,-0.425913485,2.662761326,0.239910721,0.275637193,-0.012564290
4.105000,0.883822833,-0.432203285,2.701838041,0.231844719,0.272090434,0.001031413
4.106000,0.866899758,-0.532905460,2.720575749,0.218431536,0.268554963,0.006495738
4.107000,0.814483528,-0.678785098,2.677509394,0.196173183,0.263957155,0.004311711
4.108000,0.807324829,-0.694413482,2.503108668,0.174558598,0.261397961,-0.001477848
4.109000,0.833273933,-0.578103565,2.367314016,0.154721265,0.259292863,-0.009869994
4.110000,0.914073011,-0.462337036,2.260361777,0.141153358,0.259466993,-0.017418137
4.111000,1.080970259,-0.353566829,2.114123729,0.134059826,0.261508090,-0.019196248
4.112000,1.286266242,-0.308664450,1.989001844,0.132554610,0.262005238,-0.008257123
4.113000,1.399118085,-0.300185158,1.828752155,0.127830540,0.258352559,0.010340996
4.114000,1.455321538,-0.159500066,1.675129888,0.117133247,0.252941697,0.035012171
4.115000,1.507467475,0.115675829,1.570878454,0.098346942,0.247243360,0.064394384
4.116000,1.549064340,0.442079348,1.510935179,0.083879999,0.242058757,0.091584048
4.117000,1.508231090,0.670792698,1.429131738,0.077189170,0.238888515,0.112888971
4.118000,1.445229672,0.717744831,1.250170196,0.079206341,0.235340805,0.128056461
4.119000,1.383435613,0.614092409,1.042893054,0.085196507,0.230097085,0.143712634
4.120000,1.325474496,0.417196588,0.898989734,0.089681572,0.223317745,0.152695567
4.121000,1.353830310,0.205765239,0.907010637,0.089522332,0.214974838,0.155546625
4.122000,1.355167789,0.076967176,0.905111131,0.083491622,0.209296715,0.156295763
4.123000,1.324543932,0.084090664,0.694915123,0.082016794,0.209237172,0.154028742
4.124000,1.268638038,-0.065663861,0.468223633,0.092760748,0.207893560,0.146079943
4.125000,1.200853777,-0.287942683,0.186418079,0.114580620,0.203609363,0.133937219
4.126000,1.116579781,-0.545131710,0.058327751,0.148243398,0.198473720,0.119114239
4.127000,1.023076347,-0.666762837,-0.023315778,0.179314653,0.193352998,0.104176687
4.128000,0.948216343,-0.660482763,-0.198981838,0.204527461,0.191322029,0.086110236
4.129000,0.819664346,-0.602104105,-0.421068580,0.221270964,0.191899110,0.064782461
4.130000,0.733953270,-0.751846254,-0.521313539,0.237362292,0.187327106,0.042992362
4.131000,0.682627387,-0.982790457,-0.590991390,0.252922181,0.179479797,0.028780871
4.132000,0.586605970,-1.092721725,-0.657599376,0.271621443,0.172439339,0.021654512
4.133000,0.476360548,-1.060217905,-0.626887391,0.282827776,0.165145212,0.017290916
4.134000,0.367873954,-0.932262365,-0.639346245,0.274652587,0.162014222,0.016641549
4.135000,0.272580579,-0.686356983,-0.725334435,0.258487611,0.161938222,0.014786172
4.136000,0.180960633,-0.502227283,-0.717614745,0.244337016,0.160572011,0.008303096
4.137000,0.030297496,-0.387272410,-0.685842417,0.238423494,0.152753217,-0.002061939
4.138000,-0.157508349,-0.310007259,-0.850950826,0.243349821,0.144117660,-0.013573712
4.139000,-0.322198307,-0.254398865,-1.126840234,0.256301949,0.135574441,-0.022115958
4.140000,-0.480498037,-0.160146300,-1.341558457,0.264057904,0.128625404,-0.028349748
4.141000,-0.532515073,-0.050461559,-1.446259835,0.269022507,0.125700112,-0.031260211
4.142000,-0.511980163,0.086472897,-1.485960993,0.267671103,0.128608328,-0.031866493
4.143000,-0.498241411,0.172532351,-1.466516481,0.264362346,0.132816659,-0.035999404
4.144000,-0.532820675,0.173700388,-1.539250195,0.265712805,0.136690081,-0.042541324
4.145000,-0.599728339,0.105827250,-1.778232257,0.274252390,0.137811215,-0.046765589
4.146000,-0.678240069,0.046333846,-2.084983056,0.282858912,0.137442953,-0.050753412
4.147000,-0.706841823,0.003820738,-2.333341505,0.285291603,0.139095390,-0.051712376
4.148000,-0.683944156,0.008414854,-2.436810076,0.278361294,0.141462921,-0.049936711
4.149000,-0.673941078,0.023086074,-2.457095557,0.270621183,0.146380118,-0.048039487
4.150000,-0.709128162,-0.018165502,-2.484083914,0.267549405,0.150027712,-0.047690420
4.151000,-0.739742506,-0.231556943,-2.527807827,0.269733578,0.151887593,-0.047735251
4.152000,-0.749977116,-0.440553193,-2.632138530,0.270947053,0.154712945,-0.049012348
4.153000,-0.713709695,-0.424290439,-2.785498609,0.272356476,0.159757284,-0.052680740
4.154000,-0.597439968,-0.359411526,-2.812883975,0.266222218,0.166184227,-0.056579527
4.155000,-0.476024422,-0.303347719,-2.719249487,0.254348857,0.173786394,-0.058583995
4.156000,-0.368757016,-0.127984378,-2.702656430,0.241066945,0.182390352,-0.061641431
4.157000,-0.301485958,0.047340093,-2.697515578,0.238056384,0.190482571,-0.064171350
4.158000,-0.283840403,0.153397683,-2.794859769,0.239807485,0.196828635,-0.065724710
4.159000,-0.246986925,0.208516789,-2.971279533,0.242508289,0.204924783,-0.067502821
4.160000,-0.168690039,0.390446208,-3.185665260,0.237647137,0.213541057,-0.067898850
4.161000,-0.057050594,0.629841341,-3.300792651,0.228781567,0.224031556,-0.069993807
4.162000,0.031481856,0.854855591,-3.325504181,0.211970321,0.232054740,-0.072461003
4.163000,0.098858381,1.016406377,-3.460585089,0.202885972,0.243542290,-0.076397185
4.164000,0.138766651,1.079859596,-3.617016181,0.199949824,0.252577092,-0.082436437
4.165000,0.201924028,1.018718338,-3.805651680,0.206822255,0.261860184,-0.088418709
4.166000,0.278663754,0.841428987,-4.016216475,0.210454050,0.269730045,-0.094971807
4.167000,0.417048831,0.736243283,-4.142697782,0.209029929,0.279645545,-0.100588598
4.168000,0.537554703,0.647975871,-4.097490284,0.200352846,0.287212160,-0.110497778
4.169000,0.658027676,0.504205677,-4.012780471,0.191478406,0.292205041,-0.118849913
4.170000,0.787220819,0.320871036,-3.944955800,0.181224252,0.293936985,-0.124373717
4.171000,0.896443501,0.190425634,-3.960638267,0.176925386,0.293627743,-0.126123378
4.172000,0.942347728,0.161950350,-4.071714242,0.173761051,0.293538293,-0.121896301
4.173000,0.973932309,0.283425446,-4.193212027,0.171043594,0.295538314,-0.111962687
4.174000,0.992817603,0.371900349,-4.312214274,0.169900112,0.295375766,-0.098520741
4.175000,1.023896595,0.434197857,-4.420749756,0.170532392,0.294573119,-0.081551946
4.176000,0.985344274,0.503743239,-4.440249270,0.173734757,0.289523521,-0.067175898
4.177000,0.967614810,0.503313413,-4.511480129,0.186031989,0.282598918,-0.054805944
4.178000,0.943126460,0.410734087,-4.409467158,0.194216281,0.270586519,-0.045060087
4.179000,0.986623881,0.381005662,-4.359742975,0.193088387,0.262149351,-0.038437539
4.180000,1.086754748,0.471473041,-4.260766170,0.184552883,0.246770637,-0.032535073
4.181000,1.136040598,0.484420203,-4.104754836,0.173177923,0.232859171,-0.025604863
4.182000,1.170808945,0.465465255,-3.999390993,0.152896718,0.216339234,-0.015226680
4.183000,1.256140745,0.602577290,-4.013878619,0.133594312,0.202190130,-0.004156047
4.184000,1.237095509,0.710751333,-4.013251048,0.120829601,0.177718030,0.003914402
4.185000,1.123435006,0.548843824,-4.113931614,0.116598057,0.154989595,0.010391169
4.186000,1.113912468,0.402008067,-4.422515254,0.110646027,0.132553951,0.019462973
4.187000,1.199509701,0.368824525,-4.731702852,0.112251319,0.113194679,0.028011050
4.188000,1.280571730,0.278177964,-4.778096394,0.103744242,0.093529870,0.033497794
4.189000,1.495117289,0.185958112,-4.778906821,0.098445682,0.076954567,0.044656424
4.190000,1.715094931,0.179512508,-4.895758265,0.105886013,0.059996093,0.056063457
4.191000,1.831711990,-0.001304473,-5.078682107,0.116547695,0.037906041,0.069233051
4.192000,1.957741493,-0.133478192,-5.302394696,0.124352749,0.005311539,0.087714505
4.193000,2.067863968,-0.023506815,-5.634594429,0.141442587,-0.024681871,0.105836087
4.194000,2.099653746,-0.070839956,-5.606180665,0.151410731,-0.060655443,0.114699429
4.195000,2.165853689,-0.244475776,-5.515726831,0.155106742,-0.097297830,0.123659120
4.196000,2.111660726,-0.046088768,-5.519157426,0.156861656,-0.139433987,0.129545265
4.197000,2.109945083,0.260006289,-5.695988689,0.156711308,-0.184378502,0.132398185
4.198000,2.082824595,0.260534229,-5.796676371,0.158649204,-0.231424503,0.139696176
4.199000,2.054228815,0.229166523,-5.954229615,0.166891249,-0.277225839,0.143803016
4.200000,2.035269774,0.157864794,-6.267326420,0.179453691,-0.317171870,0.142038421
4.201000,2.004765073,-0.035867073,-6.439890020,0.190607448,-0.361345558,0.136132468
4.202000,2.026586023,-0.079603650,-6.554811026,0.183728914,-0.409273345,0.125839132
4.203000,2.074744556,0.043477577,-6.907365410,0.174596198,-0.455868442,0.112577195
4.204000,2.116278558,-0.007658082,-7.170548381,0.164690932,-0.504163509,0.097599242
4.205000,2.122889128,-0.340673288,-7.349103224,0.167713747,-0.557995984,0.081846270
4.206000,2.251842463,-0.393935208,-7.666225014,0.161146155,-0.613230944,0.079037087
4.207000,2.367081510,-0.118712138,-8.122019602,0.162513320,-0.659585719,0.081621350
4.208000,2.432166068,0.086655739,-8.408287802,0.154375719,-0.708892866,0.082647579
4.209000,2.523549237,0.087559924,-8.522346848,0.147509116,-0.760303239,0.083047572
4.210000,2.637238205,0.144625175,-8.578374818,0.135327305,-0.819166221,0.089192281
4.211000,2.673283545,-0.018736449,-8.648511798,0.143089408,-0.873864658,0.086513897
4.212000,2.789234749,-0.166800031,-8.749394413,0.139858257,-0.934568136,0.082691560
4.213000,2.931769615,-0.049457282,-9.075169695,0.135971771,-0.991593893,0.082881035
4.214000,2.918093286,0.096532869,-9.382281002,0.132476994,-1.053539314,0.077841460
4.215000,2.785632679,-0.126309405,-9.228061099,0.130890175,-1.138485174,0.067303304
4.216000,2.649732322,-0.189179900,-9.641890532,0.126320878,-1.217166524,0.065891762
4.217000,2.684934385,-0.120649417,-9.940456225,0.131350443,-1.277660272,0.068168804
4.218000,3.047964847,0.008089584,-10.405111541,0.119654908,-1.311159692,0.069221658
4.219000,3.559415991,0.130231097,-10.547493107,0.092812757,-1.346467513,0.071517543
4.220000,3.937941654,0.245150634,-10.850398958,0.062490099,-1.392357625,0.072721809
4.221000,4.149751625,0.158309137,-11.067158406,0.035237316,-1.452952317,0.065005451
4.222000,4.218612921,0.247602653,-11.507419789,0.008609444,-1.521981570,0.062420895
4.223000,4.219399525,0.398269101,-11.811244874,0.004974347,-1.588923679,0.060487290
4.224000,4.231006002,0.464769925,-11.978605312,0.006041004,-1.656134207,0.060460139
4.225000,4.315541541,0.332497601,-12.100847911,0.012535421,-1.715390961,0.062047174
4.226000,4.440485738,0.399225337,-12.308396215,0.004884038,-1.769771523,0.070433625
4.227000,4.591048363,0.518889852,-12.760718308,-0.003184304,-1.823580290,0.078119922
4.228000,4.649835660,0.789461236,-13.154848148,-0.025095242,-1.886543022,0.089404013
4.229000,4.701342671,0.834368642,-13.416744932,-0.026055416,-1.939711895,0.098803223
4.230000,4.659675770,0.760126454,-13.683087427,-0.020294672,-1.990674143,0.100728421
4.231000,4.749067757,0.577591654,-13.664555768,-0.017438983,-2.038548419,0.112227315
4.232000,4.903418800,0.659751304,-13.826251286,-0.035332285,-2.088542750,0.125683466
4.233000,5.046546151,0.852750839,-13.889985963,-0.048745180,-2.138628394,0.134822526
4.234000,5.083805464,0.971952532,-13.901935910,-0.074648826,-2.182286426,0.137781564
4.235000,5.074150045,0.755960662,-14.120862322,-0.081191947,-2.215660977,0.136119855
4.236000,4.788471490,0.313313066,-14.562405830,-0.081089203,-2.259672620,0.121659386
4.237000,4.203215711,-0.295398571,-14.965379120,-0.064880230,-2.314629904,0.101926707
4.238000,3.498172615,-0.801924801,-14.972415622,-0.064067397,-2.386602435,0.086665559
4.239000,2.627149402,-1.137913990,-14.888041678,-0.057959384,-2.464186942,0.071429608
4.240000,1.659279725,-1.361920397,-14.830836969,-0.047753428,-2.539614864,0.054766161
4.241000,0.660313459,-1.811019157,-15.005712153,-0.006887117,-2.602898443,0.033208603
4.242000,-0.246498039,-2.214906672,-14.977752764,0.025898936,-2.665335545,0.020142694
4.243000,-0.932259873,-2.279839777,-14.917750140,0.041318254,-2.727595815,0.025268022
4.244000,-1.387991806,-2.002455444,-14.717680121,0.031662360,-2.776984628,0.041018897
4.245000,-1.899903096,-1.572290123,-14.464467666,0.017335668,-2.817270948,0.051051377
4.246000,-2.243993979,-0.902019954,-14.382011521,0.003251551,-2.849734056,0.055360574
4.247000,-2.448006411,-0.450950093,-14.640342392,0.005497146,-2.869721996,0.055065251
4.248000,-2.215203338,0.112699249,-14.736991175,-0.008269861,-2.887284562,0.064697523
4.249000,-1.597277830,0.769443074,-14.978340357,-0.033589477,-2.885199241,0.086134605
4.250000,-0.793077053,1.374640603,-15.028060529,-0.062315295,-2.863902009,0.101982813
4.251000,0.196581996,1.585276484,-14.993047492,-0.078244728,-2.827746648,0.115944657
4.252000,1.293650053,1.665077254,-15.087842108,-0.097135003,-2.785550876,0.123791206
4.253000,2.426339155,1.731065191,-15.577492144,-0.107915939,-2.737376369,0.132387649
4.254000,3.618152512,1.438360538,-15.802543340,-0.119898549,-2.691043394,0.133064704
4.255000,4.828272792,1.001848033,-15.969370761,-0.121020394,-2.642113178,0.127988499
4.256000,6.032451271,0.485046422,-15.921780300,-0.116311974,-2.583457367,0.125167877
4.257000,7.104754612,-0.263782872,-16.080807105,-0.084881567,-2.527360541,0.116710405
4.258000,7.869361331,-1.174188201,-15.996083264,-0.047462557,-2.479506917,0.103495561
4.259000,8.566561226,-1.948970018,-16.019287354,-0.005738797,-2.438477036,0.093214284
4.260000,9.174978305,-2.502402339,-16.010742265,0.031880900,-2.393320070,0.088733587
4.261000,9.572745266,-2.984293936,-15.933452828,0.077684033,-2.343051204,0.081575502
4.262000,9.791648418,-3.269876302,-15.757985729,0.108581770,-2.299457527,0.070715634
4.263000,9.760988443,-3.374364455,-15.447971379,0.129176065,-2.270017075,0.060670114
4.264000,9.543760327,-3.184618182,-15.133350895,0.108134395,-2.249846930,0.065736096
4.265000,9.126311212,-2.683518608,-14.816860575,0.072504566,-2.241158271,0.074799705
4.266000,8.332016183,-1.868487612,-14.501061524,0.036456183,-2.235950059,0.085019187
4.267000,7.383480120,-1.101144297,-14.243319464,0.017519941,-2.232719022,0.095638529
4.268000,6.372138416,-0.545530321,-14.197366679,-0.005544340,-2.231250315,0.105164217
4.269000,5.204771758,-0.081986407,-14.262025584,-0.031661821,-2.224119485,0.111452715
4.270000,4.262937272,0.165000698,-14.249750935,-0.078085698,-2.210882332,0.118057397
4.271000,3.481272026,0.263961724,-13.905567747,-0.119169087,-2.195449931,0.115917380
4.272000,2.594436520,0.548910737,-13.718217829,-0.142126148,-2.177837553,0.104925515
4.273000,1.759365112,0.566757525,-13.537258263,-0.145354003,-2.165917298,0.090610556
4.274000,1.014786789,0.480502828,-13.646508640,-0.152281253,-2.147327454,0.078393919
4.275000,0.366064905,0.236392919,-13.709003137,-0.154299737,-2.120691227,0.064768705
4.276000,-0.047517551,-0.070273240,-13.359198555,-0.156319154,-2.092672180,0.050446874
4.277000,-0.270057845,-0.281292491,-13.061844680,-0.153003141,-2.052063492,0.040720064
4.278000,-0.525349664,-0.521424732,-13.218117002,-0.130243104,-2.002458362,0.026651359
4.279000,-0.641966761,-0.829090526,-13.559035889,-0.102825519,-1.939580676,0.010428392
4.280000,-0.314174463,-1.210784930,-13.480470963,-0.080287500,-1.867754585,0.001607399
4.281000,0.232942275,-1.416137704,-13.175521262,-0.064370564,-1.789649424,-0.001670210
4.282000,0.823951787,-1.417153105,-12.590751300,-0.056083295,-1.712777768,-0.003928212
4.283000,1.411160393,-1.166359723,-12.456968335,-0.051800349,-1.625158501,-0.001108511
4.284000,1.944490073,-1.162831686,-12.381858799,-0.044967769,-1.525167048,-0.005528162
4.285000,2.567325700,-1.143797565,-12.467107781,-0.041004747,-1.428972887,-0.008924494
4.286000,3.147175374,-0.870729987,-12.440723788,-0.064671068,-1.328358506,-0.004255056
4.287000,3.618649173,-0.439660466,-12.094429232,-0.091312266,-1.239439744,-0.008497791
4.288000,4.068168723,-0.037495547,-11.728926456,-0.117623582,-1.146153448,-0.017866918
4.289000,4.356852372,0.119076364,-11.527253116,-0.120161754,-1.056720603,-0.026193730
4.290000,4.477034421,0.144554625,-11.498229844,-0.125496327,-0.978298304,-0.039425060
4.291000,4.572814543,0.266941119,-11.312813721,-0.115889757,-0.906011685,-0.049625960
4.292000,4.555320999,0.293267927,-11.130682797,-0.108539889,-0.839294032,-0.062757239
4.293000,4.568394774,0.328914823,-10.652292430,-0.105075850,-0.775419215,-0.070350146
4.294000,4.575239496,0.550194453,-10.397266669,-0.117131745,-0.719231524,-0.071382968
4.295000,4.418260731,0.793581300,-10.189761505,-0.113553344,-0.649958258,-0.082498723
4.296000,4.086683599,0.735881748,-9.867411240,-0.102736687,-0.587573124,-0.101464574
4.297000,3.838416695,0.595517002,-9.677233044,-0.095354076,-0.531414917,-0.112221864
4.298000,3.638649051,0.701478389,-9.584176915,-0.085135943,-0.476237293,-0.116768698
4.299000,3.542821776,0.976011718,-9.320842126,-0.080050821,-0.407809438,-0.122923739
4.300000,3.398297326,1.059238377,-8.976796220,-0.087505854,-0.337030825,-0.134624611
4.301000,3.247827639,0.893027998,-8.546144497,-0.094229596,-0.269014838,-0.148076066
4.302000,3.090880885,0.776669911,-8.073214797,-0.088688441,-0.210940979,-0.156680015
4.303000,2.922848751,0.744377786,-7.827427072,-0.077701683,-0.151566694,-0.163109222
4.304000,2.681720076,0.874511671,-7.612552744,-0.065882899,-0.090678660,-0.173861112
4.305000,2.474130203,0.759809709,-7.388904192,-0.048603043,-0.026249419,-0.188569966
4.306000,2.263468629,0.453725106,-7.241274429,-0.037597771,0.032303238,-0.197773690
4.307000,2.143731618,0.292194276,-7.061092517,-0.023165690,0.090765841,-0.208708637
4.308000,2.093537850,0.253252813,-6.832871506,-0.025443932,0.152178818,-0.216660045
4.309000,2.105913405,0.409002450,-6.484293826,-0.033990605,0.219764137,-0.219634308
4.310000,2.084317204,0.499627420,-6.207919775,-0.039092312,0.277017762,-0.224307466
4.311000,2.036316172,0.354317675,-6.007399877,-0.029951128,0.338819604,-0.230420675
4.312000,1.999726021,0.199913750,-5.689184891,-0.024796230,0.397620384,-0.234927183
4.313000,2.022405081,0.188065864,-5.592784937,-0.015170737,0.460025130,-0.237406730
4.314000,2.022767505,0.317016635,-5.293363724,-0.017790608,0.518159230,-0.243831309
4.315000,2.097345617,0.350047184,-5.072817935,-0.016472947,0.565259291,-0.250005164
4.316000,2.120548035,0.282920792,-4.740610387,-0.028359148,0.607759575,-0.255299007
4.317000,2.179294421,0.306746964,-4.560529542,-0.025819390,0.649378747,-0.261623990
4.318000,2.210154825,0.370097688,-4.383430752,-0.025801387,0.684838502,-0.265085976
4.319000,2.242756211,0.408518991,-4.366737861,-0.019795810,0.722909107,-0.264852428
4.320000,2.373918037,0.399260773,-4.245069628,-0.015391687,0.763276220,-0.261960712
4.321000,2.598634381,0.381539501,-3.936784442,-0.017127302,0.803718327,-0.257476787
4.322000,2.731298568,0.471104937,-3.771072456,-0.030192043,0.841757975,-0.253368216
4.323000,2.857737353,0.534014656,-3.548080461,-0.037591695,0.875663638,-0.253168253
4.324000,2.967589948,0.554710894,-3.443532991,-0.050717390,0.900596728,-0.249713330
4.325000,3.024323442,0.560556504,-3.411957024,-0.041232336,0.925860955,-0.251773400
4.326000,3.109922748,0.389233571,-3.226783336,-0.028724222,0.948268656,-0.255394838
4.327000,3.321308828,0.163573502,-3.130268164,-0.019252694,0.971331230,-0.252478961
4.328000,3.551652381,0.268587441,-3.198627814,-0.016927751,0.997587526,-0.248203842
4.329000,3.757464935,0.452784661,-3.251358957,-0.013455968,1.018509707,-0.247677950
4.330000,3.878066081,0.392896018,-3.133542085,-0.015071415,1.034182081,-0.245736550
4.331000,4.017123196,0.176104754,-2.960836396,-0.006690902,1.046538498,-0.242271448
4.332000,4.150375158,-0.078990945,-2.856891864,0.011523887,1.060284809,-0.238024722
4.333000,4.287857038,-0.203317022,-2.629867273,0.026502868,1.069887981,-0.233018550
4.334000,4.459464952,-0.202832486,-2.555871780,0.027222952,1.077251596,-0.224688156
4.335000,4.687019111,-0.113083763,-2.536153097,0.020212909,1.082850963,-0.218410601
4.336000,4.775281747,0.028612245,-2.494225924,0.003412367,1.085824251,-0.214552844
4.337000,4.842406992,0.034341178,-2.461878687,0.002982572,1.082761435,-0.212081495
4.338000,4.816315290,-0.105786497,-2.291174240,0.012164892,1.073064904,-0.209201081
4.339000,4.798221133,-0.163125386,-2.164512725,0.022517700,1.057386017,-0.202137893
4.340000,4.853496952,-0.172442285,-2.030745432,0.026519032,1.047053879,-0.193483738
4.341000,4.958357951,-0.047780833,-1.883003824,0.019603048,1.034637838,-0.185413556
4.342000,5.010974927,0.111963240,-1.780091732,-0.001191648,1.019567152,-0.180753810
4.343000,5.008543735,0.241184663,-1.703978354,-0.017670454,1.000625669,-0.178449315
4.344000,4.886842497,0.351082868,-1.709287843,-0.015233891,0.979888361,-0.175867804
4.345000,4.754310579,0.337338596,-1.669593713,0.002043079,0.960307243,-0.172849663
4.346000,4.632148029,0.206555319,-1.545585160,0.012861755,0.933981686,-0.165795768
4.347000,4.550349552,0.149120143,-1.397627919,0.010928287,0.906401686,-0.153985324
4.348000,4.450516994,0.198774366,-1.265253031,-0.006152937,0.879523421,-0.140981211
4.349000,4.299719109,0.348026290,-1.250157004,-0.028634795,0.852803450,-0.130447732
4.350000,4.058914755,0.397143085,-1.157842845,-0.042106622,0.822667693,-0.122966452
4.351000,3.715628646,0.316416932,-1.093804161,-0.039163692,0.783593320,-0.112471596
4.352000,3.372817302,0.215672462,-0.948767480,-0.026285376,0.741989232,-0.102111375
4.353000,3.057227407,0.202865552,-0.975315698,-0.014001438,0.700828592,-0.090196468
4.354000,2.745706291,0.190476535,-0.904034709,-0.013021416,0.661423623,-0.080833496
4.355000,2.396298228,0.116483115,-0.870419817,-0.021838997,0.617759869,-0.071438352
4.356000,2.098619974,0.105026717,-0.852950240,-0.037281986,0.575446736,-0.063981514
4.357000,1.795166843,0.145840536,-0.650848781,-0.038235001,0.535015905,-0.059765662
4.358000,1.503538736,0.087137209,-0.383211109,-0.038768247,0.488906652,-0.054508770
4.359000,1.154108542,0.125364735,-0.188875559,-0.037129012,0.436992263,-0.043766973
4.360000,0.798534722,0.308475162,-0.116651046,-0.037409763,0.384269845,-0.029305530
4.361000,0.537995657,0.459068152,-0.034248690,-0.041102600,0.341829073,-0.014014814
4.362000,0.333323192,0.477748860,-0.013334737,-0.052557540,0.308331443,0.001382263
4.363000,0.150274299,0.507317792,0.084003949,-0.063464704,0.273918471,0.015140281
4.364000,-0.059703039,0.544802257,0.219555389,-0.068793340,0.238472399,0.028996687
4.365000,-0.288620516,0.457758711,0.300049133,-0.072418949,0.198040381,0.043240133
4.366000,-0.416322372,0.380503364,0.264814186,-0.077961093,0.156614156,0.060369248
4.367000,-0.468064502,0.416889682,0.220100700,-0.086842288,0.114602298,0.079674934
4.368000,-0.505438574,0.497683599,0.186797091,-0.100023295,0.075750759,0.098198478
4.369000,-0.531877355,0.495750911,0.201894293,-0.113485785,0.038614402,0.113893036
4.370000,-0.554223849,0.515325450,0.267978126,-0.128410056,-0.001731449,0.129924044
4.371000,-0.613231859,0.492338299,0.258509259,-0.135788216,-0.043095719,0.141880070
4.372000,-0.648443753,0.429203553,0.214954622,-0.141448857,-0.085528306,0.152163197
4.373000,-0.636808799,0.403942784,0.129123003,-0.146149645,-0.123978246,0.159377463
4.374000,-0.571038300,0.465263419,0.035741636,-0.147982143,-0.162336951,0.164631253
4.375000,-0.474608690,0.514205757,-0.025653746,-0.144748823,-0.195622657,0.168684791
4.376000,-0.434414855,0.508411909,-0.168546202,-0.137449218,-0.223230926,0.172091612
4.377000,-0.373565248,0.506537058,-0.145032090,-0.128816066,-0.247729425,0.176633548
4.378000,-0.249375363,0.497262323,-0.034467726,-0.114411675,-0.272277698,0.192195617
4.379000,-0.242310310,0.574469175,-0.075150635,-0.099356138,-0.285933624,0.206606000
4.380000,-0.149746569,0.601629631,-0.184979957,-0.086605967,-0.289163935,0.215504232
4.381000,-0.011781882,0.485709017,-0.147229910,-0.080989128,-0.295095898,0.221166648
4.382000,0.069815524,0.341956639,-0.095434810,-0.077411915,-0.305934975,0.224522335
4.383000,0.127359062,0.250792547,0.073584966,-0.075086466,-0.320795502,0.223350017
4.384000,0.158976109,0.295647981,0.426204298,-0.079936161,-0.341786723,0.217923143
4.385000,0.154850978,0.427115078,0.686035670,-0.080086439,-0.358985041,0.210245539
4.386000,0.160782501,0.446266120,0.643463183,-0.072438192,-0.367990281,0.202813212
4.387000,0.154129105,0.355791386,0.451361713,-0.055398406,-0.374439831,0.195286660
4.388000,0.204704154,0.062837493,0.379381531,-0.037194398,-0.389614158,0.189248348
4.389000,0.319788330,-0.147194540,0.428291728,-0.023977466,-0.405962906,0.187481162
4.390000,0.335062937,-0.046232068,0.701762543,-0.015603857,-0.422008065,0.180745129
4.391000,0.311195842,0.059415087,0.954120206,-0.009778750,-0.437004467,0.166625930
4.392000,0.256247010,-0.017706326,1.224508678,-0.003111791,-0.452741918,0.155799673
4.393000,0.197258293,-0.172728270,1.220172242,0.005128855,-0.467225221,0.148284719
4.394000,0.122344286,-0.219289733,1.102309953,0.017382446,-0.481391514,0.140610756
4.395000,0.050196333,-0.273634358,1.154890809,0.024177118,-0.497816613,0.135276056
4.396000,0.024184567,-0.283245376,1.314004303,0.021448612,-0.509328812,0.132527061
4.397000,-0.022130584,-0.213159086,1.414548970,0.014069872,-0.516054771,0.129065870
4.398000,-0.099254463,-0.193520937,1.669412787,0.004874098,-0.525791805,0.123447529
4.399000,-0.228313727,-0.286864453,1.901286359,-0.001983785,-0.537428311,0.118782924
4.400000,-0.359194061,-0.364894282,2.106587481,-0.003364955,-0.547888528,0.114237094
4.401000,-0.453711267,-0.358674148,2.094641076,-0.008427894,-0.556201353,0.110030140
4.402000,-0.542549706,-0.336853686,2.127579916,-0.013085810,-0.560077276,0.106068879
4.403000,-0.623086886,-0.335175341,2.156029513,-0.019720509,-0.559396685,0.104125700
4.404000,-0.715343879,-0.295663274,2.266739587,-0.021827421,-0.559140040,0.100835265
4.405000,-0.857510464,-0.331833414,2.386467059,-0.022953472,-0.561206296,0.096254572
4.406000,-1.041129805,-0.440688259,2.468776568,-0.020788480,-0.563924997,0.090148249
4.407000,-1.204287697,-0.489092446,2.523912478,-0.016469440,-0.565397914,0.084242482
4.408000,-1.345457045,-0.534862100,2.446308569,-0.010395382,-0.559824480,0.076237901
4.409000,-1.433187846,-0.584240790,2.372526725,-0.007529134,-0.552378664,0.067190425
4.410000,-1.451782809,-0.638795265,2.368164332,-0.004169693,-0.540424407,0.058106088
4.411000,-1.530779274,-0.669072073,2.420059944,-0.004924591,-0.529247917,0.047229583
4.412000,-1.606278148,-0.808523180,2.566808502,-0.003427193,-0.523015772,0.035575537
4.413000,-1.691864344,-0.913699655,2.709262222,-0.006475647,-0.518992308,0.027996084
4.414000,-1.752531553,-0.887646354,2.786063573,-0.006716938,-0.514474133,0.020140382
4.415000,-1.818465802,-0.855744744,2.912434795,-0.010140280,-0.508615479,0.010828239
4.416000,-1.870955026,-0.853443201,2.959896454,-0.008322073,-0.500532202,0.005448665
4.417000,-1.937492173,-0.855929558,3.006506973,-0.005897152,-0.494007165,0.001593027
4.418000,-1.976119662,-0.915694301,3.086295888,0.002548776,-0.488114193,-0.003692729
4.419000,-2.014982308,-0.959641202,3.238925981,0.005264406,-0.483413394,-0.007120645
4.420000,-1.978596241,-0.849266370,3.412273574,0.000545987,-0.472406264,-0.008661944
4.421000,-1.928701037,-0.696002354,3.608562287,-0.007404408,-0.458789352,-0.014380235
4.422000,-1.842338429,-0.602606432,3.759909299,-0.013077039,-0.441516033,-0.020457534
4.423000,-1.781367094,-0.489041463,3.790176550,-0.019110635,-0.418752421,-0.025719376
4.424000,-1.705760014,-0.395197515,3.759378973,-0.020460388,-0.393154508,-0.034569644
4.425000,-1.605405601,-0.263855684,3.556124338,-0.024884921,-0.360742631,-0.038529523
4.426000,-1.439684085,-0.139650853,3.467090491,-0.028537595,-0.321780533,-0.040181242
4.427000,-1.247378533,0.023484710,3.513981440,-0.033077141,-0.286540155,-0.044391804
4.428000,-1.053460508,0.000720949,3.636187018,-0.029515616,-0.248796300,-0.049236271
4.429000,-0.971512977,-0.087324937,3.675276545,-0.027850705,-0.210707715,-0.053038437
4.430000,-0.856689608,-0.160632197,3.562524510,-0.024827772,-0.174859302,-0.060342634
4.431000,-0.712016460,-0.045473298,3.440416133,-0.026975578,-0.133516258,-0.069372289
4.432000,-0.545416249,0.021828976,3.482358658,-0.029680120,-0.083891806,-0.077277619
4.433000,-0.312721863,0.145399454,3.522337221,-0.033499904,-0.028553023,-0.085596481
4.434000,-0.082921104,0.147247313,3.411531685,-0.025867745,0.028633996,-0.090514485
4.435000,0.090432647,0.130041326,3.332758636,-0.021590294,0.075440929,-0.091686600
4.436000,0.227972284,0.046580923,3.176311751,-0.010447461,0.126830130,-0.091884936
4.437000,0.425258465,-0.033548309,3.287573127,-0.006137875,0.180746081,-0.090736602
4.438000,0.604827322,-0.099093580,3.547292195,-0.006712621,0.235460173,-0.090739237
4.439000,0.858894960,-0.037498560,3.919524321,-0.020827056,0.290742306,-0.086867832
4.440000,1.087561873,0.172688158,3.933171782,-0.035216359,0.351234906,-0.087280247
4.441000,1.140622137,0.333412935,3.830022538,-0.043024777,0.403602942,-0.091870441
4.442000,1.171027919,0.271083441,3.691221550,-0.037539525,0.458130927,-0.092795395
4.443000,1.204541162,0.156334754,3.678484729,-0.031299341,0.509486889,-0.088196420
4.444000,1.316107620,0.246797182,3.707119625,-0.028464212,0.572278392,-0.085410424
4.445000,1.437643758,0.376169002,3.941233592,-0.038903484,0.638026906,-0.083439549
4.446000,1.560956991,0.465867548,4.069950583,-0.060191080,0.698789742,-0.082043852
4.447000,1.646808620,0.651277965,4.045325610,-0.081279864,0.751928919,-0.083419509
4.448000,1.689195416,0.667462654,4.000060959,-0.071850453,0.806587816,-0.092949914
4.449000,1.682592339,0.433015177,4.236181091,-0.058499328,0.854601981,-0.097690201
4.450000,1.860954053,0.236559485,4.282165334,-0.041524408,0.907146233,-0.101610407
4.451000,1.958466284,0.348790589,4.492302922,-0.033718586,0.956570591,-0.105242708
4.452000,2.088670924,0.335205995,4.771693576,-0.036915622,1.005033637,-0.108461539
4.453000,2.119968681,0.404958394,4.932835872,-0.059163958,1.056565885,-0.107170084
4.454000,2.214128253,0.490268063,4.975833109,-0.070286888,1.106231794,-0.105672723
4.455000,2.201352441,0.468479805,5.159935707,-0.062550217,1.157205452,-0.102452126
4.456000,2.297566997,0.460594655,5.376940607,-0.047533340,1.213007316,-0.098425149
4.457000,2.370543685,0.403815543,5.539574619,-0.033901793,1.266983428,-0.095681488
4.458000,2.435354422,0.161803653,5.822670694,-0.019094377,1.321401616,-0.093110775
4.459000,2.538953091,0.128345179,6.098556498,-0.028475136,1.377086487,-0.092080863
4.460000,2.623853610,0.267446693,6.122528737,-0.037096001,1.424651328,-0.094885926
4.461000,2.597328012,0.367423474,6.277645105,-0.047225161,1.475108150,-0.097464181
4.462000,2.507614240,0.348733095,6.329222672,-0.050577991,1.527466139,-0.106788859
4.463000,2.438252372,0.384781109,6.446040326,-0.038329724,1.574063893,-0.114733352
4.464000,2.336853167,0.350188237,6.631359718,-0.010747158,1.621520368,-0.117796378
4.465000,2.334593002,0.317511478,6.748382558,-0.004373297,1.675861423,-0.117518160
4.466000,2.501588155,0.409077787,6.768652685,-0.011369924,1.729825778,-0.112360704
4.467000,2.568483993,0.575286402,6.966662785,-0.025094031,1.789633621,-0.110738398
4.468000,2.520242143,0.550675919,7.265909654,-0.031264178,1.845664655,-0.110864790
4.469000,2.505041857,0.413138864,7.604772571,-0.033449703,1.893362378,-0.107107628
4.470000,2.489158504,0.202602103,7.827065738,-0.015293256,1.937741823,-0.104560397
4.471000,2.576227935,-0.077392506,8.033926503,0.005281795,1.980437867,-0.096131592
4.472000,2.694248222,-0.294979225,8.199953505,0.008691431,2.026428959,-0.083518573
4.473000,2.859259280,-0.195255201,8.199870366,0.006087516,2.070486153,-0.074924700
4.474000,2.913980056,-0.207839495,8.478233343,0.013734356,2.114194038,-0.067635071
4.475000,2.920165405,-0.325226746,8.763754981,0.013235307,2.156830145,-0.056812679
4.476000,2.952334208,-0.443271450,8.992470815,0.022788641,2.194255377,-0.044919908
4.477000,3.000162289,-0.469931344,9.170952835,0.039510677,2.240338848,-0.033337273
4.478000,3.017263219,-0.543655427,9.403023356,0.059974913,2.297854073,-0.021213672
4.479000,3.140845863,-0.565991922,9.241788256,0.073985968,2.355453692,-0.009488069
4.480000,3.180381058,-0.698061878,9.056176865,0.090587555,2.419058203,-0.003109227
4.481000,3.259668361,-0.820113064,8.821386561,0.100924443,2.482747722,0.007070138
4.482000,3.334032434,-0.922790446,8.798881996,0.109984092,2.539365981,0.011838965
4.483000,3.371890641,-1.095609125,9.041376668,0.126710663,2.592379091,0.013809683
4.484000,3.566948130,-1.159727877,9.522373654,0.129158379,2.648607425,0.020041222
4.485000,3.786360114,-0.856349412,9.787921153,0.137403084,2.712445998,0.024751114
4.486000,4.002164466,-0.548717814,9.805891796,0.152436952,2.771829884,0.028625906
4.487000,4.801701503,-0.205814884,9.452763117,0.143832219,2.841514213,0.043210050
4.488000,5.969957529,0.373064445,9.465539231,0.116577544,2.950668731,0.050287799
4.489000,7.116489894,0.869880811,10.168309475,0.091349254,3.046664479,0.051290791
4.490000,8.199720149,0.986183197,10.489610851,0.058346677,3.143388903,0.056667075
4.491000,8.966083494,1.102230236,10.082949467,0.049145719,3.231891909,0.050209427
4.492000,9.901810019,0.912404406,9.921794792,0.063974921,3.318027845,0.040361304
4.493000,10.859631032,0.431121564,9.940308547,0.066169724,3.410499134,0.041117813
4.494000,11.514028383,0.070447543,9.972436074,0.084888967,3.491822176,0.034263597
4.495000,11.908444650,-0.250448961,10.264471374,0.106045893,3.552173033,0.028295985
4.496000,12.100776173,-0.835668681,10.251430786,0.130925580,3.609762342,0.025727262
4.497000,12.212511937,-1.379896620,10.210761783,0.144741388,3.667230065,0.021652267
4.498000,12.184218508,-1.886096530,10.142712153,0.155576959,3.707897963,0.020919541
4.499000,11.887948338,-2.196480172,10.307674841,0.176174410,3.737752240,0.019121441
4.500000,11.446133759,-2.422771258,10.470212838,0.211013899,3.746796031,0.024991166
4.501000,10.770104392,-2.750103683,10.977503863,0.232232226,3.753385489,0.018070526
4.502000,9.968632417,-2.704511618,11.165293904,0.231229366,3.755345289,0.012129048
4.503000,9.254446949,-2.231837534,11.436630393,0.211629478,3.750733513,0.014218387
4.504000,8.425139257,-1.718466589,11.602554641,0.202620997,3.742153933,0.021805912
4.505000,7.513802570,-1.176412437,11.939272781,0.190150270,3.729810969,0.037214730
4.506000,6.758008340,-0.469535890,12.255706714,0.165007076,3.723099021,0.056929134
4.507000,6.074126067,0.339714943,12.140138975,0.128572257,3.719367360,0.071563914
4.508000,5.521113782,0.860960183,12.075937198,0.101003678,3.713339643,0.087751726
4.509000,5.046871791,1.096986644,12.032122724,0.080102344,3.706149711,0.100124167
4.510000,4.785715847,1.291954785,12.144190178,0.069289148,3.695816266,0.103251759
4.511000,4.618616658,1.357986077,12.300543071,0.061127247,3.691016315,0.107934813
4.512000,4.565963140,1.265947785,12.229460444,0.073591474,3.688648297,0.114476588
4.513000,4.703432375,0.960381398,11.943161541,0.093370955,3.695452429,0.125846180
4.514000,5.063421029,0.498084519,11.811837284,0.106440917,3.699757080,0.135884589
4.515000,5.591089592,0.068425621,11.927610295,0.121498074,3.704104574,0.149527775
4.516000,6.210555699,-0.327135136,11.780326423,0.154334714,3.715983830,0.168960116
4.517000,6.902141359,-0.815883400,11.961699669,0.205274892,3.733517174,0.188134864
4.518000,7.415857864,-1.332091447,12.078191922,0.247229804,3.748188254,0.205125463
4.519000,8.073890180,-1.690198450,12.120774024,0.270254271,3.758396446,0.202223070
4.520000,8.695694433,-2.084635013,12.326969022,0.281806651,3.763498108,0.174284965
4.521000,9.293722843,-2.077832283,13.009895462,0.260599858,3.763805040,0.134018703
4.522000,9.894690638,-1.850760517,13.681260120,0.237040928,3.763493379,0.071599584
4.523000,10.350163520,-1.378243151,13.990071352,0.206456691,3.755955534,-0.000304217
4.524000,10.742648482,-0.729089542,13.865466924,0.171741605,3.739709904,-0.051790682
4.525000,11.096996727,-0.023763460,13.596276110,0.124884168,3.725500264,-0.081503865
4.526000,11.024105417,0.630661409,13.519405121,0.103011253,3.711575047,-0.090217247
4.527000,10.849217671,0.963811469,13.752526924,0.098078440,3.694853183,-0.080779001
4.528000,10.683630168,1.000268777,13.631318222,0.102018857,3.675077920,-0.061662415
4.529000,10.343968709,0.776836923,13.494193056,0.106517091,3.650866769,-0.046525331
4.530000,9.936837995,0.396138263,13.355178413,0.112927082,3.602776293,-0.036758867
4.531000,9.324992400,-0.024931985,13.624495088,0.116357249,3.547124831,-0.038488961
4.532000,8.672024913,-0.278477355,13.882159404,0.119660005,3.486580682,-0.041503494
4.533000,7.696247186,-0.608720296,14.187658251,0.124601954,3.428374002,-0.055113637
4.534000,6.688657390,-0.927065363,13.870232089,0.135159164,3.355888479,-0.071586111
4.535000,5.738714656,-1.074064685,13.482130523,0.156523641,3.275436557,-0.091412668
4.536000,5.010333549,-1.202237186,13.338905874,0.179220467,3.194415574,-0.111795141
4.537000,4.354632074,-1.371925938,13.604734743,0.193324810,3.108311617,-0.133046634
4.538000,3.798695813,-1.371136162,13.929530743,0.215966774,3.027768663,-0.162612613
4.539000,3.461102020,-1.355533098,13.914104302,0.235043129,2.967318960,-0.191271586
4.540000,3.364545187,-1.240501065,13.337363925,0.240314141,2.924284834,-0.209431150
4.541000,3.441872631,-1.011096154,13.087548915,0.248240068,2.886200695,-0.235026431
4.542000,3.619660672,-0.765870064,13.165153744,0.251776883,2.851138783,-0.251854655
4.543000,3.751692405,-0.544378264,13.345964548,0.240620912,2.813835993,-0.255359930
4.544000,3.871710601,-0.271494339,13.335069058,0.224204416,2.773949970,-0.255969600
4.545000,3.953407012,0.012033266,13.067988601,0.202092369,2.730608015,-0.249303514
4.546000,4.098097153,0.365156986,12.675996323,0.174994362,2.685131385,-0.236780869
4.547000,4.161270478,0.640377612,12.401448523,0.173500295,2.640138444,-0.235590680
4.548000,4.358945159,0.488077909,12.379291432,0.183530910,2.592577415,-0.229862874
4.549000,4.601876748,0.183312911,12.299844874,0.186039260,2.549745453,-0.228295667
4.550000,4.881975763,-0.012079309,11.852551210,0.194055258,2.508648635,-0.236328137
4.551000,5.113695324,-0.384447701,11.255646899,0.194642842,2.465768606,-0.240144307
4.552000,5.395022722,-0.788366365,10.808646219,0.213043452,2.418885919,-0.244783351
4.553000,5.535192630,-1.092406050,10.740483908,0.246702857,2.369307829,-0.254635643
4.554000,5.584869047,-1.467530848,10.620719675,0.284149469,2.316403846,-0.265497923
4.555000,5.622002577,-1.805764078,10.344220641,0.300388355,2.259443097,-0.274631878
4.556000,5.709226627,-1.858991073,10.026127052,0.310689711,2.206142656,-0.285494963
4.557000,5.740096780,-1.778555521,9.805578415,0.307560947,2.146816354,-0.292432781
4.558000,5.690152269,-1.603493258,9.602809201,0.300201721,2.090047141,-0.295580794
4.559000,5.594219219,-1.239267409,9.542822418,0.298978480,2.023501243,-0.295301447
4.560000,5.317472287,-1.064990110,9.459819285,0.306102259,1.954006256,-0.294123217
4.561000,4.941433151,-1.055359153,9.489161005,0.302528825,1.873338224,-0.290163257
4.562000,4.590641799,-0.976715884,9.419233405,0.289442769,1.806121132,-0.283044412
4.563000,4.216576972,-0.686148345,9.155066915,0.267130904,1.740103698,-0.275410841
4.564000,3.766738471,-0.467768069,8.854863753,0.260053020,1.672449474,-0.262256359
4.565000,3.226978166,-0.271515547,8.718235189,0.267544933,1.594262044,-0.242349566
4.566000,2.779676898,-0.199052900,8.471692152,0.287238933,1.524973340,-0.224406155
4.567000,2.323956471,-0.233957773,8.289887743,0.286792850,1.452548683,-0.210422236
4.568000,2.034437006,-0.265782105,8.078129154,0.279899754,1.385777193,-0.201513457
4.569000,1.720596905,-0.066954939,7.804650071,0.274173861,1.317924082,-0.195891321
4.570000,1.477141272,0.024133232,7.692951059,0.282374808,1.258028940,-0.194137904
4.571000,1.245083606,0.066273697,7.564177947,0.285638877,1.196897081,-0.188699076
4.572000,1.082405807,0.050517589,7.355562736,0.301336795,1.140016287,-0.184533822
4.573000,0.934814774,0.011927372,7.191996205,0.311088048,1.081823042,-0.185064897
4.574000,0.917812965,-0.088457323,7.029951337,0.315911820,1.028118396,-0.187483847
4.575000,0.986694075,0.000641569,6.736577946,0.310968406,0.981103556,-0.191117711
4.576000,1.042013005,-0.104508308,6.404867594,0.312431731,0.943375886,-0.193484383
4.577000,1.102344344,-0.243018957,6.135836859,0.309209879,0.903638672,-0.195382222
4.578000,1.262802948,-0.412045227,5.859031142,0.309188335,0.852770941,-0.195595205
4.579000,1.299842093,-0.418008854,5.836759771,0.319951007,0.809898246,-0.194942646
4.580000,1.340666508,-0.530052029,5.763696249,0.328629172,0.770830927,-0.195984848
4.581000,1.463706244,-0.568570892,5.473295367,0.328726541,0.734614713,-0.192918136
4.582000,1.541393658,-0.494606827,5.148331203,0.327142047,0.702007843,-0.189928426
4.583000,1.513558043,-0.421053818,4.955286951,0.322198314,0.663499118,-0.189214905
4.584000,1.494081747,-0.426205153,4.870279061,0.318403062,0.623615049,-0.186343870
4.585000,1.502779366,-0.285319894,4.924336976,0.311685633,0.584830900,-0.178827946
4.586000,1.457818409,-0.164643902,4.837095925,0.308330287,0.548009712,-0.174700080
4.587000,1.389428836,-0.076826415,4.711568001,0.305510106,0.514199352,-0.168667231
4.588000,1.360101533,-0.043263780,4.560385894,0.299388122,0.480996242,-0.160657932
4.589000,1.320963699,0.076594015,4.398166847,0.286486115,0.449929881,-0.151014134
4.590000,1.308317104,0.181185110,4.424294502,0.274409923,0.420179411,-0.140938097
4.591000,1.214777247,0.279818543,4.416400355,0.262235753,0.394082658,-0.134868888
4.592000,1.046849169,0.438781801,4.377563040,0.249023599,0.370592821,-0.126020876
4.593000,0.919499138,0.674464300,4.212365106,0.237059017,0.350520374,-0.117108197
4.594000,0.811411542,0.842718725,3.955277896,0.229139813,0.337178238,-0.108705902
4.595000,0.685329165,0.929288489,3.690740857,0.225210472,0.325665322,-0.101179477
4.596000,0.578779756,0.814834837,3.570747730,0.222870812,0.315714543,-0.096730999
4.597000,0.591403903,0.690004406,3.483520376,0.215343727,0.305968712,-0.090294904
4.598000,0.606287203,0.585979866,3.378953103,0.211909696,0.300698793,-0.085364061
4.599000,0.651727799,0.452354833,3.250689125,0.203720486,0.296613057,-0.079123168
4.600000,0.677935706,0.189510960,3.095005851,0.206380394,0.294026046,-0.072179072
4.601000,0.675949007,-0.012676357,2.981252750,0.213525459,0.290383267,-0.064314628
4.602000,0.707773571,-0.200279319,2.885480456,0.227936235,0.286335783,-0.049714143
4.603000,0.790778436,-0.359050430,2.739043619,0.237952469,0.281193813,-0.030694360
4.604000,0.863442759,-0.425913485,2.662761326,0.239910721,0.275637193,-0.012564290
4.605000,0.883822833,-0.432203285,2.701838041,0.231844719,0.272090434,0.001031413
4.606000,0.866899758,-0.532905460,2.720575749,0.218431536,0.268554963,0.006495738
4.607000,0.814483528,-0.678785098,2.677509394,0.196173183,0.263957155,0.004311711
4.608000,0.807324829,-0.694413482,2.503108668,0.174558598,0.261397961,-0.001477848
4.609000,0.833273933,-0.578103565,2.367314016,0.154721265,0.259292863,-0.009869994
4.610000,0.914073011,-0.462337036,2.260361777,0.141153358,0.259466993,-0.017418137
4.611000,1.080970259,-0.353566829,2.114123729,0.134059826,0.261508090,-0.019196248
4.612000,1.286266242,-0.308664450,1.989001844,0.132554610,0.262005238,-0.008257123
4.613000,1.399118085,-0.300185158,1.828752155,0.127830540,0.258352559,0.010340996
4.614000,1.455321538,-0.159500066,1.675129888,0.117133247,0.252941697,0.035012171
4.615000,1.507467475,0.115675829,1.570878454,0.098346942,0.247243360,0.064394384
4.616000,1.549064340,0.442079348,1.510935179,0.083879999,0.242058757,0.091584048
4.617000,1.508231090,0.670792698,1.429131738,0.077189170,0.238888515,0.112888971
4.618000,1.445229672,0.717744831,1.250170196,0.079206341,0.235340805,0.128056461
4.619000,1.383435613,0.614092409,1.042893054,0.085196507,0.230097085,0.143712634
4.620000,1.325474496,0.417196588,0.898989734,0.089681572,0.223317745,0.152695567
4.621000,1.353830310,0.205765239,0.907010637,0.089522332,0.214974838,0.155546625
4.622000,1.355167789,0.076967176,0.905111131,0.083491622,0.209296715,0.156295763
4.623000,1.324543932,0.084090664,0.694915123,0.082016794,0.209237172,0.154028742
4.624000,1.268638038,-0.065663861,0.468223633,0.092760748,0.207893560,0.146079943
4.625000,1.200853777,-0.287942683,0.186418079,0.114580620,0.203609363,0.133937219
4.626000,1.116579781,-0.545131710,0.058327751,0.148243398,0.198473720,0.119114239
4.627000,1.023076347,-0.666762837,-0.023315778,0.179314653,0.193352998,0.104176687
4.628000,0.948216343,-0.660482763,-0.198981838,0.204527461,0.191322029,0.086110236
4.629000,0.819664346,-0.602104105,-0.421068580,0.221270964,0.191899110,0.064782461
4.630000,0.733953270,-0.751846254,-0.521313539,0.237362292,0.187327106,0.042992362
4.631000,0.682627387,-0.982790457,-0.590991390,0.252922181,0.179479797,0.028780871
4.632000,0.586605970,-1.092721725,-0.657599376,0.271621443,0.172439339,0.021654512
4.633000,0.476360548,-1.060217905,-0.626887391,0.282827776,0.165145212,0.017290916
4.634000,0.367873954,-0.932262365,-0.639346245,0.274652587,0.162014222,0.016641549
4.635000,0.272580579,-0.686356983,-0.725334435,0.258487611,0.161938222,0.014786172
4.636000,0.180960633,-0.502227283,-0.717614745,0.244337016,0.160572011,0.008303096
4.637000,0.030297496,-0.387272410,-0.685842417,0.238423494,0.152753217,-0.002061939
4.638000,-0.157508349,-0.310007259,-0.850950826,0.243349821,0.144117660,-0.013573712
4.639000,-0.322198307,-0.254398865,-1.126840234,0.256301949,0.135574441,-0.022115958
4.640000,-0.480498037,-0.160146300,-1.341558457,0.264057904,0.128625404,-0.028349748
4.641000,-0.532515073,-0.050461559,-1.446259835,0.269022507,0.125700112,-0.031260211
4.642000,-0.511980163,0.086472897,-1.485960993,0.267671103,0.128608328,-0.031866493
4.643000,-0.498241411,0.172532351,-1.466516481,0.264362346,0.132816659,-0.035999404
4.644000,-0.532820675,0.173700388,-1.539250195,0.265712805,0.136690081,-0.042541324
4.645000,-0.599728339,0.105827250,-1.778232257,0.274252390,0.137811215,-0.046765589
4.646000,-0.678240069,0.046333846,-2.084983056,0.282858912,0.137442953,-0.050753412
4.647000,-0.706841823,0.003820738,-2.333341505,0.285291603,0.139095390,-0.051712376
4.648000,-0.683944156,0.008414854,-2.436810076,0.278361294,0.141462921,-0.049936711
4.649000,-0.673941078,0.023086074,-2.457095557,0.270621183,0.146380118,-0.048039487
4.650000,-0.709128162,-0.018165502,-2.484083914,0.267549405,0.150027712,-0.047690420
4.651000,-0.739742506,-0.231556943,-2.527807827,0.269733578,0.151887593,-0.047735251
4.652000,-0.749977116,-0.440553193,-2.632138530,0.270947053,0.154712945,-0.049012348
4.653000,-0.713709695,-0.424290439,-2.785498609,0.272356476,0.159757284,-0.052680740
4.654000,-0.597439968,-0.359411526,-2.812883975,0.266222218,0.166184227,-0.056579527
4.655000,-0.476024422,-0.303347719,-2.719249487,0.254348857,0.173786394,-0.058583995
4.656000,-0.368757016,-0.127984378,-2.702656430,0.241066945,0.182390352,-0.061641431
4.657000,-0.301485958,0.047340093,-2.697515578,0.238056384,0.190482571,-0.064171350
4.658000,-0.283840403,0.153397683,-2.794859769,0.239807485,0.196828635,-0.065724710
4.659000,-0.246986925,0.208516789,-2.971279533,0.242508289,0.204924783,-0.067502821
4.660000,-0.168690039,0.390446208,-3.185665260,0.237647137,0.213541057,-0.067898850
4.661000,-0.057050594,0.629841341,-3.300792651,0.228781567,0.224031556,-0.069993807
4.662000,0.031481856,0.854855591,-3.325504181,0.211970321,0.232054740,-0.072461003
4.663000,0.098858381,1.016406377,-3.460585089,0.202885972,0.243542290,-0.076397185
4.664000,0.138766651,1.079859596,-3.617016181,0.199949824,0.252577092,-0.082436437
4.665000,0.201924028,1.018718338,-3.805651680,0.206822255,0.261860184,-0.088418709
4.666000,0.278663754,0.841428987,-4.016216475,0.210454050,0.269730045,-0.094971807
4.667000,0.417048831,0.736243283,-4.142697782,0.209029929,0.279645545,-0.100588598
4.668000,0.537554703,0.647975871,-4.097490284,0.200352846,0.287212160,-0.110497778
4.669000,0.658027676,0.504205677,-4.012780471,0.191478406,0.292205041,-0.118849913
4.670000,0.787220819,0.320871036,-3.944955800,0.181224252,0.293936985,-0.124373717
4.671000,0.896443501,0.190425634,-3.960638267,0.176925386,0.293627743,-0.126123378
4.672000,0.942347728,0.161950350,-4.071714242,0.173761051,0.293538293,-0.121896301
4.673000,0.973932309,0.283425446,-4.193212027,0.171043594,0.295538314,-0.111962687
4.674000,0.992817603,0.371900349,-4.312214274,0.169900112,0.295375766,-0.098520741
4.675000,1.023896595,0.434197857,-4.420749756,0.170532392,0.294573119,-0.081551946
4.676000,0.985344274,0.503743239,-4.440249270,0.173734757,0.289523521,-0.067175898
4.677000,0.967614810,0.503313413,-4.511480129,0.186031989,0.282598918,-0.054805944
4.678000,0.943126460,0.410734087,-4.409467158,0.194216281,0.270586519,-0.045060087
4.679000,0.986623881,0.381005662,-4.359742975,0.193088387,0.262149351,-0.038437539
4.680000,1.086754748,0.471473041,-4.260766170,0.184552883,0.246770637,-0.032535073
4.681000,1.136040598,0.484420203,-4.104754836,0.173177923,0.232859171,-0.025604863
4.682000,1.170808945,0.465465255,-3.999390993,0.152896718,0.216339234,-0.015226680
4.683000,1.256140745,0.602577290,-4.013878619,0.133594312,0.202190130,-0.004156047
4.684000,1.237095509,0.710751333,-4.013251048,0.120829601,0.177718030,0.003914402
4.685000,1.123435006,0.548843824,-4.113931614,0.116598057,0.154989595,0.010391169
4.686000,1.113912468,0.402008067,-4.422515254,0.110646027,0.132553951,0.019462973
4.687000,1.199509701,0.368824525,-4.731702852,0.112251319,0.113194679,0.028011050
4.688000,1.280571730,0.278177964,-4.778096394,0.103744242,0.093529870,0.033497794
4.689000,1.495117289,0.185958112,-4.778906821,0.098445682,0.076954567,0.044656424
4.690000,1.715094931,0.179512508,-4.895758265,0.105886013,0.059996093,0.056063457
4.691000,1.831711990,-0.001304473,-5.078682107,0.116547695,0.037906041,0.069233051
4.692000,1.957741493,-0.133478192,-5.302394696,0.124352749,0.005311539,0.087714505
4.693000,2.067863968,-0.023506815,-5.634594429,0.141442587,-0.024681871,0.105836087
4.694000,2.099653746,-0.070839956,-5.606180665,0.151410731,-0.060655443,0.114699429
4.695000,2.165853689,-0.244475776,-5.515726831,0.155106742,-0.097297830,0.123659120
4.696000,2.111660726,-0.046088768,-5.519157426,0.156861656,-0.139433987,0.129545265
4.697000,2.109945083,0.260006289,-5.695988689,0.156711308,-0.184378502,0.132398185
4.698000,2.082824595,0.260534229,-5.796676371,0.158649204,-0.231424503,0.139696176
4.699000,2.054228815,0.229166523,-5.954229615,0.166891249,-0.277225839,0.143803016
4.700000,2.035269774,0.157864794,-6.267326420,0.179453691,-0.317171870,0.142038421
4.701000,2.004765073,-0.035867073,-6.439890020,0.190607448,-0.361345558,0.136132468
4.702000,2.026586023,-0.079603650,-6.554811026,0.183728914,-0.409273345,0.125839132
4.703000,2.074744556,0.043477577,-6.907365410,0.174596198,-0.455868442,0.112577195
4.704000,2.116278558,-0.007658082,-7.170548381,0.164690932,-0.504163509,0.097599242
4.705000,2.122889128,-0.340673288,-7.349103224,0.167713747,-0.557995984,0.081846270
4.706000,2.251842463,-0.393935208,-7.666225014,0.161146155,-0.613230944,0.079037087
4.707000,2.367081510,-0.118712138,-8.122019602,0.162513320,-0.659585719,0.081621350
4.708000,2.432166068,0.086655739,-8.408287802,0.154375719,-0.708892866,0.082647579
4.709000,2.523549237,0.087559924,-8.522346848,0.147509116,-0.760303239,0.083047572
4.710000,2.637238205,0.144625175,-8.578374818,0.135327305,-0.819166221,0.089192281
4.711000,2.673283545,-0.018736449,-8.648511798,0.143089408,-0.873864658,0.086513897
4.712000,2.789234749,-0.166800031,-8.749394413,0.139858257,-0.934568136,0.082691560
4.713000,2.931769615,-0.049457282,-9.075169695,0.135971771,-0.991593893,0.082881035
4.714000,2.918093286,0.096532869,-9.382281002,0.132476994,-1.053539314,0.077841460
4.715000,2.785632679,-0.126309405,-9.228061099,0.130890175,-1.138485174,0.067303304
4.716000,2.649732322,-0.189179900,-9.641890532,0.126320878,-1.217166524,0.065891762
4.717000,2.684934385,-0.120649417,-9.940456225,0.131350443,-1.277660272,0.068168804
4.718000,3.047964847,0.008089584,-10.405111541,0.119654908,-1.311159692,0.069221658
4.719000,3.559415991,0.130231097,-10.547493107,0.092812757,-1.346467513,0.071517543
4.720000,3.937941654,0.245150634,-10.850398958,0.062490099,-1.392357625,0.072721809
4.721000,4.149751625,0.158309137,-11.067158406,0.035237316,-1.452952317,0.065005451
4.722000,4.218612921,0.247602653,-11.507419789,0.008609444,-1.521981570,0.062420895
4.723000,4.219399525,0.398269101,-11.811244874,0.004974347,-1.588923679,0.060487290
4.724000,4.231006002,0.464769925,-11.978605312,0.006041004,-1.656134207,0.060460139
4.725000,4.315541541,0.332497601,-12.100847911,0.012535421,-1.715390961,0.062047174
4.726000,4.440485738,0.399225337,-12.308396215,0.004884038,-1.769771523,0.070433625
4.727000,4.591048363,0.518889852,-12.760718308,-0.003184304,-1.823580290,0.078119922
4.728000,4.649835660,0.789461236,-13.154848148,-0.025095242,-1.886543022,0.089404013
4.729000,4.701342671,0.834368642,-13.416744932,-0.026055416,-1.939711895,0.098803223
4.730000,4.659675770,0.760126454,-13.683087427,-0.020294672,-1.990674143,0.100728421
4.731000,4.749067757,0.577591654,-13.664555768,-0.017438983,-2.038548419,0.112227315
4.732000,4.903418800,0.659751304,-13.826251286,-0.035332285,-2.088542750,0.125683466
4.733000,5.046546151,0.852750839,-13.889985963,-0.048745180,-2.138628394,0.134822526
4.734000,5.083805464,0.971952532,-13.901935910,-0.074648826,-2.182286426,0.137781564
4.735000,5.074150045,0.755960662,-14.120862322,-0.081191947,-2.215660977,0.136119855
4.736000,4.788471490,0.313313066,-14.562405830,-0.081089203,-2.259672620,0.121659386
4.737000,4.203215711,-0.295398571,-14.965379120,-0.064880230,-2.314629904,0.101926707
4.738000,3.498172615,-0.801924801,-14.972415622,-0.064067397,-2.386602435,0.086665559
4.739000,2.627149402,-1.137913990,-14.888041678,-0.057959384,-2.464186942,0.071429608
4.740000,1.659279725,-1.361920397,-14.830836969,-0.047753428,-2.539614864,0.054766161
4.741000,0.660313459,-1.811019157,-15.005712153,-0.006887117,-2.602898443,0.033208603
4.742000,-0.246498039,-2.214906672,-14.977752764,0.025898936,-2.665335545,0.020142694
4.743000,-0.932259873,-2.279839777,-14.917750140,0.041318254,-2.727595815,0.025268022
4.744000,-1.387991806,-2.002455444,-14.717680121,0.031662360,-2.776984628,0.041018897
4.745000,-1.899903096,-1.572290123,-14.464467666,0.017335668,-2.817270948,0.051051377
4.746000,-2.243993979,-0.902019954,-14.382011521,0.003251551,-2.849734056,0.055360574
4.747000,-2.448006411,-0.450950093,-14.640342392,0.005497146,-2.869721996,0.055065251
4.748000,-2.215203338,0.112699249,-14.736991175,-0.008269861,-2.887284562,0.064697523
4.749000,-1.597277830,0.769443074,-14.978340357,-0.033589477,-2.885199241,0.086134605
4.750000,-0.793077053,1.374640603,-15.028060529,-0.062315295,-2.863902009,0.101982813
4.751000,0.196581996,1.585276484,-14.993047492,-0.078244728,-2.827746648,0.115944657
4.752000,1.293650053,1.665077254,-15.087842108,-0.097135003,-2.785550876,0.123791206
4.753000,2.426339155,1.731065191,-15.577492144,-0.107915939,-2.737376369,0.132387649
4.754000,3.618152512,1.438360538,-15.802543340,-0.119898549,-2.691043394,0.133064704
4.755000,4.828272792,1.001848033,-15.969370761,-0.121020394,-2.642113178,0.127988499
4.756000,6.032451271,0.485046422,-15.921780300,-0.116311974,-2.583457367,0.125167877
4.757000,7.104754612,-0.263782872,-16.080807105,-0.084881567,-2.527360541,0.116710405
4.758000,7.869361331,-1.174188201,-15.996083264,-0.047462557,-2.479506917,0.103495561
4.759000,8.566561226,-1.948970018,-16.019287354,-0.005738797,-2.438477036,0.093214284
4.760000,9.174978305,-2.502402339,-16.010742265,0.031880900,-2.393320070,0.088733587
4.761000,9.572745266,-2.984293936,-15.933452828,0.077684033,-2.343051204,0.081575502
4.762000,9.791648418,-3.269876302,-15.757985729,0.108581770,-2.299457527,0.070715634
4.763000,9.760988443,-3.374364455,-15.447971379,0.129176065,-2.270017075,0.060670114
4.764000,9.543760327,-3.184618182,-15.133350895,0.108134395,-2.249846930,0.065736096
4.765000,9.126311212,-2.683518608,-14.816860575,0.072504566,-2.241158271,0.074799705
4.766000,8.332016183,-1.868487612,-14.501061524,0.036456183,-2.235950059,0.085019187
4.767000,7.383480120,-1.101144297,-14.243319464,0.017519941,-2.232719022,0.095638529
4.768000,6.372138416,-0.545530321,-14.197366679,-0.005544340,-2.231250315,0.105164217
4.769000,5.204771758,-0.081986407,-14.262025584,-0.031661821,-2.224119485,0.111452715
4.770000,4.262937272,0.165000698,-14.249750935,-0.078085698,-2.210882332,0.118057397
4.771000,3.481272026,0.263961724,-13.905567747,-0.119169087,-2.195449931,0.115917380
4.772000,2.594436520,0.548910737,-13.718217829,-0.142126148,-2.177837553,0.104925515
4.773000,1.759365112,0.566757525,-13.537258263,-0.145354003,-2.165917298,0.090610556
4.774000,1.014786789,0.480502828,-13.646508640,-0.152281253,-2.147327454,0.078393919
4.775000,0.366064905,0.236392919,-13.709003137,-0.154299737,-2.120691227,0.064768705
4.776000,-0.047517551,-0.070273240,-13.359198555,-0.156319154,-2.092672180,0.050446874
4.777000,-0.270057845,-0.281292491,-13.061844680,-0.153003141,-2.052063492,0.040720064
4.778000,-0.525349664,-0.521424732,-13.218117002,-0.130243104,-2.002458362,0.026651359
4.779000,-0.641966761,-0.829090526,-13.559035889,-0.102825519,-1.939580676,0.010428392
4.780000,-0.314174463,-1.210784930,-13.480470963,-0.080287500,-1.867754585,0.001607399
4.781000,0.232942275,-1.416137704,-13.175521262,-0.064370564,-1.789649424,-0.001670210
4.782000,0.823951787,-1.417153105,-12.590751300,-0.056083295,-1.712777768,-0.003928212
4.783000,1.411160393,-1.166359723,-12.456968335,-0.051800349,-1.625158501,-0.001108511
4.784000,1.944490073,-1.162831686,-12.381858799,-0.044967769,-1.525167048,-0.005528162
4.785000,2.567325700,-1.143797565,-12.467107781,-0.041004747,-1.428972887,-0.008924494
4.786000,3.147175374,-0.870729987,-12.440723788,-0.064671068,-1.328358506,-0.004255056
4.787000,3.618649173,-0.439660466,-12.094429232,-0.091312266,-1.239439744,-0.008497791
4.788000,4.068168723,-0.037495547,-11.728926456,-0.117623582,-1.146153448,-0.017866918
4.789000,4.356852372,0.119076364,-11.527253116,-0.120161754,-1.056720603,-0.026193730
4.790000,4.477034421,0.144554625,-11.498229844,-0.125496327,-0.978298304,-0.039425060
4.791000,4.572814543,0.266941119,-11.312813721,-0.115889757,-0.906011685,-0.049625960
4.792000,4.555320999,0.293267927,-11.130682797,-0.108539889,-0.839294032,-0.062757239
4.793000,4.568394774,0.328914823,-10.652292430,-0.105075850,-0.775419215,-0.070350146
4.794000,4.575239496,0.550194453,-10.397266669,-0.117131745,-0.719231524,-0.071382968
4.795000,4.418260731,0.793581300,-10.189761505,-0.113553344,-0.649958258,-0.082498723
4.796000,4.086683599,0.735881748,-9.867411240,-0.102736687,-0.587573124,-0.101464574
4.797000,3.838416695,0.595517002,-9.677233044,-0.095354076,-0.531414917,-0.112221864
4.798000,3.638649051,0.701478389,-9.584176915,-0.085135943,-0.476237293,-0.116768698
4.799000,3.542821776,0.976011718,-9.320842126,-0.080050821,-0.407809438,-0.122923739
4.800000,3.398297326,1.059238377,-8.976796220,-0.087505854,-0.337030825,-0.134624611
4.801000,3.247827639,0.893027998,-8.546144497,-0.094229596,-0.269014838,-0.148076066
4.802000,3.090880885,0.776669911,-8.073214797,-0.088688441,-0.210940979,-0.156680015
4.803000,2.922848751,0.744377786,-7.827427072,-0.077701683,-0.151566694,-0.163109222
4.804000,2.681720076,0.874511671,-7.612552744,-0.065882899,-0.090678660,-0.173861112
4.805000,2.474130203,0.759809709,-7.388904192,-0.048603043,-0.026249419,-0.188569966
4.806000,2.263468629,0.453725106,-7.241274429,-0.037597771,0.032303238,-0.197773690
4.807000,2.143731618,0.292194276,-7.061092517,-0.023165690,0.090765841,-0.208708637
4.808000,2.093537850,0.253252813,-6.832871506,-0.025443932,0.152178818,-0.216660045
4.809000,2.105913405,0.409002450,-6.484293826,-0.033990605,0.219764137,-0.219634308
4.810000,2.084317204,0.499627420,-6.207919775,-0.039092312,0.277017762,-0.224307466
4.811000,2.036316172,0.354317675,-6.007399877,-0.029951128,0.338819604,-0.230420675
4.812000,1.999726021,0.199913750,-5.689184891,-0.024796230,0.397620384,-0.234927183
4.813000,2.022405081,0.188065864,-5.592784937,-0.015170737,0.460025130,-0.237406730
4.814000,2.022767505,0.317016635,-5.293363724,-0.017790608,0.518159230,-0.243831309
4.815000,2.097345617,0.350047184,-5.072817935,-0.016472947,0.565259291,-0.250005164
4.816000,2.120548035,0.282920792,-4.740610387,-0.028359148,0.607759575,-0.255299007
4.817000,2.179294421,0.306746964,-4.560529542,-0.025819390,0.649378747,-0.261623990
4.818000,2.210154825,0.370097688,-4.383430752,-0.025801387,0.684838502,-0.265085976
4.819000,2.242756211,0.408518991,-4.366737861,-0.019795810,0.722909107,-0.264852428
4.820000,2.373918037,0.399260773,-4.245069628,-0.015391687,0.763276220,-0.261960712
4.821000,2.598634381,0.381539501,-3.936784442,-0.017127302,0.803718327,-0.257476787
4.822000,2.731298568,0.471104937,-3.771072456,-0.030192043,0.841757975,-0.253368216
4.823000,2.857737353,0.534014656,-3.548080461,-0.037591695,0.875663638,-0.253168253
4.824000,2.967589948,0.554710894,-3.443532991,-0.050717390,0.900596728,-0.249713330
4.825000,3.024323442,0.560556504,-3.411957024,-0.041232336,0.925860955,-0.251773400
4.826000,3.109922748,0.389233571,-3.226783336,-0.028724222,0.948268656,-0.255394838
4.827000,3.321308828,0.163573502,-3.130268164,-0.019252694,0.971331230,-0.252478961
4.828000,3.551652381,0.268587441,-3.198627814,-0.016927751,0.997587526,-0.248203842
4.829000,3.757464935,0.452784661,-3.251358957,-0.013455968,1.018509707,-0.247677950
4.830000,3.878066081,0.392896018,-3.133542085,-0.015071415,1.034182081,-0.245736550
4.831000,4.017123196,0.176104754,-2.960836396,-0.006690902,1.046538498,-0.242271448
4.832000,4.150375158,-0.078990945,-2.856891864,0.011523887,1.060284809,-0.238024722
4.833000,4.287857038,-0.203317022,-2.629867273,0.026502868,1.069887981,-0.233018550
4.834000,4.459464952,-0.202832486,-2.555871780,0.027222952,1.077251596,-0.224688156
4.835000,4.687019111,-0.113083763,-2.536153097,0.020212909,1.082850963,-0.218410601
4.836000,4.775281747,0.028612245,-2.494225924,0.003412367,1.085824251,-0.214552844
4.837000,4.842406992,0.034341178,-2.461878687,0.002982572,1.082761435,-0.212081495
4.838000,4.816315290,-0.105786497,-2.291174240,0.012164892,1.073064904,-0.209201081
4.839000,4.798221133,-0.163125386,-2.164512725,0.022517700,1.057386017,-0.202137893
4.840000,4.853496952,-0.172442285,-2.030745432,0.026519032,1.047053879,-0.193483738
4.841000,4.958357951,-0.047780833,-1.883003824,0.019603048,1.034637838,-0.185413556
4.842000,5.010974927,0.111963240,-1.780091732,-0.001191648,1.019567152,-0.180753810
4.843000,5.008543735,0.241184663,-1.703978354,-0.017670454,1.000625669,-0.178449315
4.844000,4.886842497,0.351082868,-1.709287843,-0.015233891,0.979888361,-0.175867804
4.845000,4.754310579,0.337338596,-1.669593713,0.002043079,0.960307243,-0.172849663
4.846000,4.632148029,0.206555319,-1.545585160,0.012861755,0.933981686,-0.165795768
4.847000,4.550349552,0.149120143,-1.397627919,0.010928287,0.906401686,-0.153985324
4.848000,4.450516994,0.198774366,-1.265253031,-0.006152937,0.879523421,-0.140981211
4.849000,4.299719109,0.348026290,-1.250157004,-0.028634795,0.852803450,-0.130447732
4.850000,4.058914755,0.397143085,-1.157842845,-0.042106622,0.822667693,-0.122966452
4.851000,3.715628646,0.316416932,-1.093804161,-0.039163692,0.783593320,-0.112471596
4.852000,3.372817302,0.215672462,-0.948767480,-0.026285376,0.741989232,-0.102111375
4.853000,3.057227407,0.202865552,-0.975315698,-0.014001438,0.700828592,-0.090196468
4.854000,2.745706291,0.190476535,-0.904034709,-0.013021416,0.661423623,-0.080833496
4.855000,2.396298228,0.116483115,-0.870419817,-0.021838997,0.617759869,-0.071438352
4.856000,2.098619974,0.105026717,-0.852950240,-0.037281986,0.575446736,-0.063981514
4.857000,1.795166843,0.145840536,-0.650848781,-0.038235001,0.535015905,-0.059765662
4.858000,1.503538736,0.087137209,-0.383211109,-0.038768247,0.488906652,-0.054508770
4.859000,1.154108542,0.125364735,-0.188875559,-0.037129012,0.436992263,-0.043766973
4.860000,0.798534722,0.308475162,-0.116651046,-0.037409763,0.384269845,-0.029305530
4.861000,0.537995657,0.459068152,-0.034248690,-0.041102600,0.341829073,-0.014014814
4.862000,0.333323192,0.477748860,-0.013334737,-0.052557540,0.308331443,0.001382263
4.863000,0.150274299,0.507317792,0.084003949,-0.063464704,0.273918471,0.015140281
4.864000,-0.059703039,0.544802257,0.219555389,-0.068793340,0.238472399,0.028996687
4.865000,-0.288620516,0.457758711,0.300049133,-0.072418949,0.198040381,0.043240133
4.866000,-0.416322372,0.380503364,0.264814186,-0.077961093,0.156614156,0.060369248
4.867000,-0.468064502,0.416889682,0.220100700,-0.086842288,0.114602298,0.079674934
4.868000,-0.505438574,0.497683599,0.186797091,-0.100023295,0.075750759,0.098198478
4.869000,-0.531877355,0.495750911,0.201894293,-0.113485785,0.038614402,0.113893036
4.870000,-0.554223849,0.515325450,0.267978126,-0.128410056,-0.001731449,0.129924044
4.871000,-0.613231859,0.492338299,0.258509259,-0.135788216,-0.043095719,0.141880070
4.872000,-0.648443753,0.429203553,0.214954622,-0.141448857,-0.085528306,0.152163197
4.873000,-0.636808799,0.403942784,0.129123003,-0.146149645,-0.123978246,0.159377463
4.874000,-0.571038300,0.465263419,0.035741636,-0.147982143,-0.162336951,0.164631253
4.875000,-0.474608690,0.514205757,-0.025653746,-0.144748823,-0.195622657,0.168684791
4.876000,-0.434414855,0.508411909,-0.168546202,-0.137449218,-0.223230926,0.172091612
4.877000,-0.373565248,0.506537058,-0.145032090,-0.128816066,-0.247729425,0.176633548
4.878000,-0.249375363,0.497262323,-0.034467726,-0.114411675,-0.272277698,0.192195617
4.879000,-0.242310310,0.574469175,-0.075150635,-0.099356138,-0.285933624,0.206606000
4.880000,-0.149746569,0.601629631,-0.184979957,-0.086605967,-0.289163935,0.215504232
4.881000,-0.011781882,0.485709017,-0.147229910,-0.080989128,-0.295095898,0.221166648
4.882000,0.069815524,0.341956639,-0.095434810,-0.077411915,-0.305934975,0.224522335
4.883000,0.127359062,0.250792547,0.073584966,-0.075086466,-0.320795502,0.223350017
4.884000,0.158976109,0.295647981,0.426204298,-0.079936161,-0.341786723,0.217923143
4.885000,0.154850978,0.427115078,0.686035670,-0.080086439,-0.358985041,0.210245539
4.886000,0.160782501,0.446266120,0.643463183,-0.072438192,-0.367990281,0.202813212
4.887000,0.154129105,0.355791386,0.451361713,-0.055398406,-0.374439831,0.195286660
4.888000,0.204704154,0.062837493,0.379381531,-0.037194398,-0.389614158,0.189248348
4.889000,0.319788330,-0.147194540,0.428291728,-0.023977466,-0.405962906,0.187481162
4.890000,0.335062937,-0.046232068,0.701762543,-0.015603857,-0.422008065,0.180745129
4.891000,0.311195842,0.059415087,0.954120206,-0.009778750,-0.437004467,0.166625930
4.892000,0.256247010,-0.017706326,1.224508678,-0.003111791,-0.452741918,0.155799673
4.893000,0.197258293,-0.172728270,1.220172242,0.005128855,-0.467225221,0.148284719
4.894000,0.122344286,-0.219289733,1.102309953,0.017382446,-0.481391514,0.140610756
4.895000,0.050196333,-0.273634358,1.154890809,0.024177118,-0.497816613,0.135276056
4.896000,0.024184567,-0.283245376,1.314004303,0.021448612,-0.509328812,0.132527061
4.897000,-0.022130584,-0.213159086,1.414548970,0.014069872,-0.516054771,0.129065870
4.898000,-0.099254463,-0.193520937,1.669412787,0.004874098,-0.525791805,0.123447529
4.899000,-0.228313727,-0.286864453,1.901286359,-0.001983785,-0.537428311,0.118782924
4.900000,-0.359194061,-0.364894282,2.106587481,-0.003364955,-0.547888528,0.114237094
4.901000,-0.453711267,-0.358674148,2.094641076,-0.008427894,-0.556201353,0.110030140
4.902000,-0.542549706,-0.336853686,2.127579916,-0.013085810,-0.560077276,0.106068879
4.903000,-0.623086886,-0.335175341,2.156029513,-0.019720509,-0.559396685,0.104125700
4.904000,-0.715343879,-0.295663274,2.266739587,-0.021827421,-0.559140040,0.100835265
4.905000,-0.857510464,-0.331833414,2.386467059,-0.022953472,-0.561206296,0.096254572
4.906000,-1.041129805,-0.440688259,2.468776568,-0.020788480,-0.563924997,0.090148249
4.907000,-1.204287697,-0.489092446,2.523912478,-0.016469440,-0.565397914,0.084242482
4.908000,-1.345457045,-0.534862100,2.446308569,-0.010395382,-0.559824480,0.076237901
4.909000,-1.433187846,-0.584240790,2.372526725,-0.007529134,-0.552378664,0.067190425
4.910000,-1.451782809,-0.638795265,2.368164332,-0.004169693,-0.540424407,0.058106088
4.911000,-1.530779274,-0.669072073,2.420059944,-0.004924591,-0.529247917,0.047229583
4.912000,-1.606278148,-0.808523180,2.566808502,-0.003427193,-0.523015772,0.035575537
4.913000,-1.691864344,-0.913699655,2.709262222,-0.006475647,-0.518992308,0.027996084
4.914000,-1.752531553,-0.887646354,2.786063573,-0.006716938,-0.514474133,0.020140382
4.915000,-1.818465802,-0.855744744,2.912434795,-0.010140280,-0.508615479,0.010828239
4.916000,-1.870955026,-0.853443201,2.959896454,-0.008322073,-0.500532202,0.005448665
4.917000,-1.937492173,-0.855929558,3.006506973,-0.005897152,-0.494007165,0.001593027
4.918000,-1.976119662,-0.915694301,3.086295888,0.002548776,-0.488114193,-0.003692729
4.919000,-2.014982308,-0.959641202,3.238925981,0.005264406,-0.483413394,-0.007120645
4.920000,-1.978596241,-0.849266370,3.412273574,0.000545987,-0.472406264,-0.008661944
4.921000,-1.928701037,-0.696002354,3.608562287,-0.007404408,-0.458789352,-0.014380235
4.922000,-1.842338429,-0.602606432,3.759909299,-0.013077039,-0.441516033,-0.020457534
4.923000,-1.781367094,-0.489041463,3.790176550,-0.019110635,-0.418752421,-0.025719376
4.924000,-1.705760014,-0.395197515,3.759378973,-0.020460388,-0.393154508,-0.034569644
4.925000,-1.605405601,-0.263855684,3.556124338,-0.024884921,-0.360742631,-0.038529523
4.926000,-1.439684085,-0.139650853,3.467090491,-0.028537595,-0.321780533,-0.040181242
4.927000,-1.247378533,0.023484710,3.513981440,-0.033077141,-0.286540155,-0.044391804
4.928000,-1.053460508,0.000720949,3.636187018,-0.029515616,-0.248796300,-0.049236271
4.929000,-0.971512977,-0.087324937,3.675276545,-0.027850705,-0.210707715,-0.053038437
4.930000,-0.856689608,-0.160632197,3.562524510,-0.024827772,-0.174859302,-0.060342634
4.931000,-0.712016460,-0.045473298,3.440416133,-0.026975578,-0.133516258,-0.069372289
4.932000,-0.545416249,0.021828976,3.482358658,-0.029680120,-0.083891806,-0.077277619
4.933000,-0.312721863,0.145399454,3.522337221,-0.033499904,-0.028553023,-0.085596481
4.934000,-0.082921104,0.147247313,3.411531685,-0.025867745,0.028633996,-0.090514485
4.935000,0.090432647,0.130041326,3.332758636,-0.021590294,0.075440929,-0.091686600
4.936000,0.227972284,0.046580923,3.176311751,-0.010447461,0.126830130,-0.091884936
4.937000,0.425258465,-0.033548309,3.287573127,-0.006137875,0.180746081,-0.090736602
4.938000,0.604827322,-0.099093580,3.547292195,-0.006712621,0.235460173,-0.090739237
4.939000,0.858894960,-0.037498560,3.919524321,-0.020827056,0.290742306,-0.086867832
4.940000,1.087561873,0.172688158,3.933171782,-0.035216359,0.351234906,-0.087280247
4.941000,1.140622137,0.333412935,3.830022538,-0.043024777,0.403602942,-0.091870441
4.942000,1.171027919,0.271083441,3.691221550,-0.037539525,0.458130927,-0.092795395
4.943000,1.204541162,0.156334754,3.678484729,-0.031299341,0.509486889,-0.088196420
4.944000,1.316107620,0.246797182,3.707119625,-0.028464212,0.572278392,-0.085410424
4.945000,1.437643758,0.376169002,3.941233592,-0.038903484,0.638026906,-0.083439549
4.946000,1.560956991,0.465867548,4.069950583,-0.060191080,0.698789742,-0.082043852
4.947000,1.646808620,0.651277965,4.045325610,-0.081279864,0.751928919,-0.083419509
4.948000,1.689195416,0.667462654,4.000060959,-0.071850453,0.806587816,-0.092949914
4.949000,1.682592339,0.433015177,4.236181091,-0.058499328,0.854601981,-0.097690201
4.950000,1.860954053,0.236559485,4.282165334,-0.041524408,0.907146233,-0.101610407
4.951000,1.958466284,0.348790589,4.492302922,-0.033718586,0.956570591,-0.105242708
4.952000,2.088670924,0.335205995,4.771693576,-0.036915622,1.005033637,-0.108461539
4.953000,2.119968681,0.404958394,4.932835872,-0.059163958,1.056565885,-0.107170084
4.954000,2.214128253,0.490268063,4.975833109,-0.070286888,1.106231794,-0.105672723
4.955000,2.201352441,0.468479805,5.159935707,-0.062550217,1.157205452,-0.102452126
4.956000,2.297566997,0.460594655,5.376940607,-0.047533340,1.213007316,-0.098425149
4.957000,2.370543685,0.403815543,5.539574619,-0.033901793,1.266983428,-0.095681488
4.958000,2.435354422,0.161803653,5.822670694,-0.019094377,1.321401616,-0.093110775
4.959000,2.538953091,0.128345179,6.098556498,-0.028475136,1.377086487,-0.092080863
4.960000,2.623853610,0.267446693,6.122528737,-0.037096001,1.424651328,-0.094885926
4.961000,2.597328012,0.367423474,6.277645105,-0.047225161,1.475108150,-0.097464181
4.962000,2.507614240,0.348733095,6.329222672,-0.050577991,1.527466139,-0.106788859
4.963000,2.438252372,0.384781109,6.446040326,-0.038329724,1.574063893,-0.114733352
4.964000,2.336853167,0.350188237,6.631359718,-0.010747158,1.621520368,-0.117796378
4.965000,2.334593002,0.317511478,6.748382558,-0.004373297,1.675861423,-0.117518160
4.966000,2.501588155,0.409077787,6.768652685,-0.011369924,1.729825778,-0.112360704
4.967000,2.568483993,0.575286402,6.966662785,-0.025094031,1.789633621,-0.110738398
4.968000,2.520242143,0.550675919,7.265909654,-0.031264178,1.845664655,-0.110864790
4.969000,2.505041857,0.413138864,7.604772571,-0.033449703,1.893362378,-0.107107628
4.970000,2.489158504,0.202602103,7.827065738,-0.015293256,1.937741823,-0.104560397
4.971000,2.576227935,-0.077392506,8.033926503,0.005281795,1.980437867,-0.096131592
4.972000,2.694248222,-0.294979225,8.199953505,0.008691431,2.026428959,-0.083518573
4.973000,2.859259280,-0.195255201,8.199870366,0.006087516,2.070486153,-0.074924700
4.974000,2.913980056,-0.207839495,8.478233343,0.013734356,2.114194038,-0.067635071
4.975000,2.920165405,-0.325226746,8.763754981,0.013235307,2.156830145,-0.056812679
4.976000,2.952334208,-0.443271450,8.992470815,0.022788641,2.194255377,-0.044919908
4.977000,3.000162289,-0.469931344,9.170952835,0.039510677,2.240338848,-0.033337273
4.978000,3.017263219,-0.543655427,9.403023356,0.059974913,2.297854073,-0.021213672
4.979000,3.140845863,-0.565991922,9.241788256,0.073985968,2.355453692,-0.009488069
4.980000,3.180381058,-0.698061878,9.056176865,0.090587555,2.419058203,-0.003109227
4.981000,3.259668361,-0.820113064,8.821386561,0.100924443,2.482747722,0.007070138
4.982000,3.334032434,-0.922790446,8.798881996,0.109984092,2.539365981,0.011838965
4.983000,3.371890641,-1.095609125,9.041376668,0.126710663,2.592379091,0.013809683
4.984000,3.566948130,-1.159727877,9.522373654,0.129158379,2.648607425,0.020041222
4.985000,3.786360114,-0.856349412,9.787921153,0.137403084,2.712445998,0.024751114
4.986000,4.002164466,-0.548717814,9.805891796,0.152436952,2.771829884,0.028625906
4.987000,4.801701503,-0.205814884,9.452763117,0.143832219,2.841514213,0.043210050
4.988000,5.969957529,0.373064445,9.465539231,0.116577544,2.950668731,0.050287799
4.989000,7.116489894,0.869880811,10.168309475,0.091349254,3.046664479,0.051290791
4.990000,8.199720149,0.986183197,10.489610851,0.058346677,3.143388903,0.056667075
4.991000,8.966083494,1.102230236,10.082949467,0.049145719,3.231891909,0.050209427
4.992000,9.901810019,0.912404406,9.921794792,0.063974921,3.318027845,0.040361304
4.993000,10.859631032,0.431121564,9.940308547,0.066169724,3.410499134,0.041117813
4.994000,11.514028383,0.070447543,9.972436074,0.084888967,3.491822176,0.034263597
4.995000,11.908444650,-0.250448961,10.264471374,0.106045893,3.552173033,0.028295985
4.996000,12.100776173,-0.835668681,10.251430786,0.130925580,3.609762342,0.025727262
4.997000,12.212511937,-1.379896620,10.210761783,0.144741388,3.667230065,0.021652267
4.998000,12.184218508,-1.886096530,10.142712153,0.155576959,3.707897963,0.020919541
4.999000,11.887948338,-2.196480172,10.307674841,0.176174410,3.737752240,0.019121441
5.000000,11.446133759,-2.422771258,10.470212838,0.211013899,3.746796031,0.024991166
5.001000,10.770104392,-2.750103683,10.977503863,0.232232226,3.753385489,0.018070526
5.002000,9.968632417,-2.704511618,11.165293904,0.231229366,3.755345289,0.012129048
5.003000,9.254446949,-2.231837534,11.436630393,0.211629478,3.750733513,0.014218387
5.004000,8.425139257,-1.718466589,11.602554641,0.202620997,3.742153933,0.021805912
5.005000,7.513802570,-1.176412437,11.939272781,0.190150270,3.729810969,0.037214730
5.006000,6.758008340,-0.469535890,12.255706714,0.165007076,3.723099021,0.056929134
5.007000,6.074126067,0.339714943,12.140138975,0.128572257,3.719367360,0.071563914
5.008000,5.521113782,0.860960183,12.075937198,0.101003678,3.713339643,0.087751726
5.009000,5.046871791,1.096986644,12.032122724,0.080102344,3.706149711,0.100124167
5.010000,4.785715847,1.291954785,12.144190178,0.069289148,3.695816266,0.103251759
5.011000,4.618616658,1.357986077,12.300543071,0.061127247,3.691016315,0.107934813
5.012000,4.565963140,1.265947785,12.229460444,0.073591474,3.688648297,0.114476588
5.013000,4.703432375,0.960381398,11.943161541,0.093370955,3.695452429,0.125846180
5.014000,5.063421029,0.498084519,11.811837284,0.106440917,3.699757080,0.135884589
5.015000,5.591089592,0.068425621,11.927610295,0.121498074,3.704104574,0.149527775
5.016000,6.210555699,-0.327135136,11.780326423,0.154334714,3.715983830,0.168960116
5.017000,6.902141359,-0.815883400,11.961699669,0.205274892,3.733517174,0.188134864
5.018000,7.415857864,-1.332091447,12.078191922,0.247229804,3.748188254,0.205125463
5.019000,8.073890180,-1.690198450,12.120774024,0.270254271,3.758396446,0.202223070
5.020000,8.695694433,-2.084635013,12.326969022,0.281806651,3.763498108,0.174284965
5.021000,9.293722843,-2.077832283,13.009895462,0.260599858,3.763805040,0.134018703
5.022000,9.894690638,-1.850760517,13.681260120,0.237040928,3.763493379,0.071599584
5.023000,10.350163520,-1.378243151,13.990071352,0.206456691,3.755955534,-0.000304217
5.024000,10.742648482,-0.729089542,13.865466924,0.171741605,3.739709904,-0.051790682
5.025000,11.096996727,-0.023763460,13.596276110,0.124884168,3.725500264,-0.081503865
5.026000,11.024105417,0.630661409,13.519405121,0.103011253,3.711575047,-0.090217247
5.027000,10.849217671,0.963811469,13.752526924,0.098078440,3.694853183,-0.080779001
5.028000,10.683630168,1.000268777,13.631318222,0.102018857,3.675077920,-0.061662415
5.029000,10.343968709,0.776836923,13.494193056,0.106517091,3.650866769,-0.046525331
5.030000,9.936837995,0.396138263,13.355178413,0.112927082,3.602776293,-0.036758867
5.031000,9.324992400,-0.024931985,13.624495088,0.116357249,3.547124831,-0.038488961
5.032000,8.672024913,-0.278477355,13.882159404,0.119660005,3.486580682,-0.041503494
5.033000,7.696247186,-0.608720296,14.187658251,0.124601954,3.428374002,-0.055113637
5.034000,6.688657390,-0.927065363,13.870232089,0.135159164,3.355888479,-0.071586111
5.035000,5.738714656,-1.074064685,13.482130523,0.156523641,3.275436557,-0.091412668
5.036000,5.010333549,-1.202237186,13.338905874,0.179220467,3.194415574,-0.111795141
5.037000,4.354632074,-1.371925938,13.604734743,0.193324810,3.108311617,-0.133046634
5.038000,3.798695813,-1.371136162,13.929530743,0.215966774,3.027768663,-0.162612613
5.039000,3.461102020,-1.355533098,13.914104302,0.235043129,2.967318960,-0.191271586
5.040000,3.364545187,-1.240501065,13.337363925,0.240314141,2.924284834,-0.209431150
5.041000,3.441872631,-1.011096154,13.087548915,0.248240068,2.886200695,-0.235026431
5.042000,3.619660672,-0.765870064,13.165153744,0.251776883,2.851138783,-0.251854655
5.043000,3.751692405,-0.544378264,13.345964548,0.240620912,2.813835993,-0.255359930
5.044000,3.871710601,-0.271494339,13.335069058,0.224204416,2.773949970,-0.255969600
5.045000,3.953407012,0.012033266,13.067988601,0.202092369,2.730608015,-0.249303514
5.046000,4.098097153,0.365156986,12.675996323,0.174994362,2.685131385,-0.236780869
5.047000,4.161270478,0.640377612,12.401448523,0.173500295,2.640138444,-0.235590680
5.048000,4.358945159,0.488077909,12.379291432,0.183530910,2.592577415,-0.229862874
5.049000,4.601876748,0.183312911,12.299844874,0.186039260,2.549745453,-0.228295667
5.050000,4.881975763,-0.012079309,11.852551210,0.194055258,2.508648635,-0.236328137
5.051000,5.113695324,-0.384447701,11.255646899,0.194642842,2.465768606,-0.240144307
5.052000,5.395022722,-0.788366365,10.808646219,0.213043452,2.418885919,-0.244783351
5.053000,5.535192630,-1.092406050,10.740483908,0.246702857,2.369307829,-0.254635643
5.054000,5.584869047,-1.467530848,10.620719675,0.284149469,2.316403846,-0.265497923
5.055000,5.622002577,-1.805764078,10.344220641,0.300388355,2.259443097,-0.274631878
5.056000,5.709226627,-1.858991073,10.026127052,0.310689711,2.206142656,-0.285494963
5.057000,5.740096780,-1.778555521,9.805578415,0.307560947,2.146816354,-0.292432781
5.058000,5.690152269,-1.603493258,9.602809201,0.300201721,2.090047141,-0.295580794
5.059000,5.594219219,-1.239267409,9.542822418,0.298978480,2.023501243,-0.295301447
5.060000,5.317472287,-1.064990110,9.459819285,0.306102259,1.954006256,-0.294123217
5.061000,4.941433151,-1.055359153,9.489161005,0.302528825,1.873338224,-0.290163257
5.062000,4.590641799,-0.976715884,9.419233405,0.289442769,1.806121132,-0.283044412
5.063000,4.216576972,-0.686148345,9.155066915,0.267130904,1.740103698,-0.275410841
5.064000,3.766738471,-0.467768069,8.854863753,0.260053020,1.672449474,-0.262256359
5.065000,3.226978166,-0.271515547,8.718235189,0.267544933,1.594262044,-0.242349566
5.066000,2.779676898,-0.199052900,8.471692152,0.287238933,1.524973340,-0.224406155
5.067000,2.323956471,-0.233957773,8.289887743,0.286792850,1.452548683,-0.210422236
5.068000,2.034437006,-0.265782105,8.078129154,0.279899754,1.385777193,-0.201513457
5.069000,1.720596905,-0.066954939,7.804650071,0.274173861,1.317924082,-0.195891321
5.070000,1.477141272,0.024133232,7.692951059,0.282374808,1.258028940,-0.194137904
5.071000,1.245083606,0.066273697,7.564177947,0.285638877,1.196897081,-0.188699076
5.072000,1.082405807,0.050517589,7.355562736,0.301336795,1.140016287,-0.184533822
5.073000,0.934814774,0.011927372,7.191996205,0.311088048,1.081823042,-0.185064897
5.074000,0.917812965,-0.088457323,7.029951337,0.315911820,1.028118396,-0.187483847
5.075000,0.986694075,0.000641569,6.736577946,0.310968406,0.981103556,-0.191117711
5.076000,1.042013005,-0.104508308,6.404867594,0.312431731,0.943375886,-0.193484383
5.077000,1.102344344,-0.243018957,6.135836859,0.309209879,0.903638672,-0.195382222
5.078000,1.262802948,-0.412045227,5.859031142,0.309188335,0.852770941,-0.195595205
5.079000,1.299842093,-0.418008854,5.836759771,0.319951007,0.809898246,-0.194942646
5.080000,1.340666508,-0.530052029,5.763696249,0.328629172,0.770830927,-0.195984848
5.081000,1.463706244,-0.568570892,5.473295367,0.328726541,0.734614713,-0.192918136
5.082000,1.541393658,-0.494606827,5.148331203,0.327142047,0.702007843,-0.189928426
5.083000,1.513558043,-0.421053818,4.955286951,0.322198314,0.663499118,-0.189214905
5.084000,1.494081747,-0.426205153,4.870279061,0.318403062,0.623615049,-0.186343870
5.085000,1.502779366,-0.285319894,4.924336976,0.311685633,0.584830900,-0.178827946
5.086000,1.457818409,-0.164643902,4.837095925,0.308330287,0.548009712,-0.174700080
5.087000,1.389428836,-0.076826415,4.711568001,0.305510106,0.514199352,-0.168667231
5.088000,1.360101533,-0.043263780,4.560385894,0.299388122,0.480996242,-0.160657932
5.089000,1.320963699,0.076594015,4.398166847,0.286486115,0.449929881,-0.151014134
5.090000,1.308317104,0.181185110,4.424294502,0.274409923,0.420179411,-0.140938097
5.091000,1.214777247,0.279818543,4.416400355,0.262235753,0.394082658,-0.134868888
5.092000,1.046849169,0.438781801,4.377563040,0.249023599,0.370592821,-0.126020876
5.093000,0.919499138,0.674464300,4.212365106,0.237059017,0.350520374,-0.117108197
5.094000,0.811411542,0.842718725,3.955277896,0.229139813,0.337178238,-0.108705902
5.095000,0.685329165,0.929288489,3.690740857,0.225210472,0.325665322,-0.101179477
5.096000,0.578779756,0.814834837,3.570747730,0.222870812,0.315714543,-0.096730999
5.097000,0.591403903,0.690004406,3.483520376,0.215343727,0.305968712,-0.090294904
5.098000,0.606287203,0.585979866,3.378953103,0.211909696,0.300698793,-0.085364061
5.099000,0.651727799,0.452354833,3.250689125,0.203720486,0.296613057,-0.079123168
5.100000,0.677935706,0.189510960,3.095005851,0.206380394,0.294026046,-0.072179072
5.101000,0.675949007,-0.012676357,2.981252750,0.213525459,0.290383267,-0.064314628
5.102000,0.707773571,-0.200279319,2.885480456,0.227936235,0.286335783,-0.049714143
5.103000,0.790778436,-0.359050430,2.739043619,0.237952469,0.281193813,-0.030694360
5.104000,0.863442759,-0.425913485,2.662761326,0.239910721,0.275637193,-0.012564290
5.105000,0.883822833,-0.432203285,2.701838041,0.231844719,0.272090434,0.001031413
5.106000,0.866899758,-0.532905460,2.720575749,0.218431536,0.268554963,0.006495738
5.107000,0.814483528,-0.678785098,2.677509394,0.196173183,0.263957155,0.004311711
5.108000,0.807324829,-0.694413482,2.503108668,0.174558598,0.261397961,-0.001477848
5.109000,0.833273933,-0.578103565,2.367314016,0.154721265,0.259292863,-0.009869994
5.110000,0.914073011,-0.462337036,2.260361777,0.141153358,0.259466993,-0.017418137
5.111000,1.080970259,-0.353566829,2.114123729,0.134059826,0.261508090,-0.019196248
5.112000,1.286266242,-0.308664450,1.989001844,0.132554610,0.262005238,-0.008257123
5.113000,1.399118085,-0.300185158,1.828752155,0.127830540,0.258352559,0.010340996
5.114000,1.455321538,-0.159500066,1.675129888,0.117133247,0.252941697,0.035012171
5.115000,1.507467475,0.115675829,1.570878454,0.098346942,0.247243360,0.064394384
5.116000,1.549064340,0.442079348,1.510935179,0.083879999,0.242058757,0.091584048
5.117000,1.508231090,0.670792698,1.429131738,0.077189170,0.238888515,0.112888971
5.118000,1.445229672,0.717744831,1.250170196,0.079206341,0.235340805,0.128056461
5.119000,1.383435613,0.614092409,1.042893054,0.085196507,0.230097085,0.143712634
5.120000,1.325474496,0.417196588,0.898989734,0.089681572,0.223317745,0.152695567
5.121000,1.353830310,0.205765239,0.907010637,0.089522332,0.214974838,0.155546625
5.122000,1.355167789,0.076967176,0.905111131,0.083491622,0.209296715,0.156295763
5.123000,1.324543932,0.084090664,0.694915123,0.082016794,0.209237172,0.154028742
5.124000,1.268638038,-0.065663861,0.468223633,0.092760748,0.207893560,0.146079943
5.125000,1.200853777,-0.287942683,0.186418079,0.114580620,0.203609363,0.133937219
5.126000,1.116579781,-0.545131710,0.058327751,0.148243398,0.198473720,0.119114239
5.127000,1.023076347,-0.666762837,-0.023315778,0.179314653,0.193352998,0.104176687
5.128000,0.948216343,-0.660482763,-0.198981838,0.204527461,0.191322029,0.086110236
5.129000,0.819664346,-0.602104105,-0.421068580,0.221270964,0.191899110,0.064782461
5.130000,0.733953270,-0.751846254,-0.521313539,0.237362292,0.187327106,0.042992362
5.131000,0.682627387,-0.982790457,-0.590991390,0.252922181,0.179479797,0.028780871
5.132000,0.586605970,-1.092721725,-0.657599376,0.271621443,0.172439339,0.021654512
5.133000,0.476360548,-1.060217905,-0.626887391,0.282827776,0.165145212,0.017290916
5.134000,0.367873954,-0.932262365,-0.639346245,0.274652587,0.162014222,0.016641549
5.135000,0.272580579,-0.686356983,-0.725334435,0.258487611,0.161938222,0.014786172
5.136000,0.180960633,-0.502227283,-0.717614745,0.244337016,0.160572011,0.008303096
5.137000,0.030297496,-0.387272410,-0.685842417,0.238423494,0.152753217,-0.002061939
5.138000,-0.157508349,-0.310007259,-0.850950826,0.243349821,0.144117660,-0.013573712
5.139000,-0.322198307,-0.254398865,-1.126840234,0.256301949,0.135574441,-0.022115958
5.140000,-0.480498037,-0.160146300,-1.341558457,0.264057904,0.128625404,-0.028349748
5.141000,-0.532515073,-0.050461559,-1.446259835,0.269022507,0.125700112,-0.031260211
5.142000,-0.511980163,0.086472897,-1.485960993,0.267671103,0.128608328,-0.031866493
5.143000,-0.498241411,0.172532351,-1.466516481,0.264362346,0.132816659,-0.035999404
5.144000,-0.532820675,0.173700388,-1.539250195,0.265712805,0.136690081,-0.042541324
5.145000,-0.599728339,0.105827250,-1.778232257,0.274252390,0.137811215,-0.046765589
5.146000,-0.678240069,0.046333846,-2.084983056,0.282858912,0.137442953,-0.050753412
5.147000,-0.706841823,0.003820738,-2.333341505,0.285291603,0.139095390,-0.051712376
5.148000,-0.683944156,0.008414854,-2.436810076,0.278361294,0.141462921,-0.049936711
5.149000,-0.673941078,0.023086074,-2.457095557,0.270621183,0.146380118,-0.048039487
5.150000,-0.709128162,-0.018165502,-2.484083914,0.267549405,0.150027712,-0.047690420
5.151000,-0.739742506,-0.231556943,-2.527807827,0.269733578,0.151887593,-0.047735251
5.152000,-0.749977116,-0.440553193,-2.632138530,0.270947053,0.154712945,-0.049012348
5.153000,-0.713709695,-0.424290439,-2.785498609,0.272356476,0.159757284,-0.052680740
5.154000,-0.597439968,-0.359411526,-2.812883975,0.266222218,0.166184227,-0.056579527
5.155000,-0.476024422,-0.303347719,-2.719249487,0.254348857,0.173786394,-0.058583995
5.156000,-0.368757016,-0.127984378,-2.702656430,0.241066945,0.182390352,-0.061641431
5.157000,-0.301485958,0.047340093,-2.697515578,0.238056384,0.190482571,-0.064171350
5.158000,-0.283840403,0.153397683,-2.794859769,0.239807485,0.196828635,-0.065724710
5.159000,-0.246986925,0.208516789,-2.971279533,0.242508289,0.204924783,-0.067502821
5.160000,-0.168690039,0.390446208,-3.185665260,0.237647137,0.213541057,-0.067898850
5.161000,-0.057050594,0.629841341,-3.300792651,0.228781567,0.224031556,-0.069993807
5.162000,0.031481856,0.854855591,-3.325504181,0.211970321,0.232054740,-0.072461003
5.163000,0.098858381,1.016406377,-3.460585089,0.202885972,0.243542290,-0.076397185
5.164000,0.138766651,1.079859596,-3.617016181,0.199949824,0.252577092,-0.082436437
5.165000,0.201924028,1.018718338,-3.805651680,0.206822255,0.261860184,-0.088418709
5.166000,0.278663754,0.841428987,-4.016216475,0.210454050,0.269730045,-0.094971807
5.167000,0.417048831,0.736243283,-4.142697782,0.209029929,0.279645545,-0.100588598
5.168000,0.537554703,0.647975871,-4.097490284,0.200352846,0.287212160,-0.110497778
5.169000,0.658027676,0.504205677,-4.012780471,0.191478406,0.292205041,-0.118849913
5.170000,0.787220819,0.320871036,-3.944955800,0.181224252,0.293936985,-0.124373717
5.171000,0.896443501,0.190425634,-3.960638267,0.176925386,0.293627743,-0.126123378
5.172000,0.942347728,0.161950350,-4.071714242,0.173761051,0.293538293,-0.121896301
5.173000,0.973932309,0.283425446,-4.193212027,0.171043594,0.295538314,-0.111962687
5.174000,0.992817603,0.371900349,-4.312214274,0.169900112,0.295375766,-0.098520741
5.175000,1.023896595,0.434197857,-4.420749756,0.170532392,0.294573119,-0.081551946
5.176000,0.985344274,0.503743239,-4.440249270,0.173734757,0.289523521,-0.067175898
5.177000,0.967614810,0.503313413,-4.511480129,0.186031989,0.282598918,-0.054805944
5.178000,0.943126460,0.410734087,-4.409467158,0.194216281,0.270586519,-0.045060087
5.179000,0.986623881,0.381005662,-4.359742975,0.193088387,0.262149351,-0.038437539
5.180000,1.086754748,0.471473041,-4.260766170,0.184552883,0.246770637,-0.032535073
5.181000,1.136040598,0.484420203,-4.104754836,0.173177923,0.232859171,-0.025604863
5.182000,1.170808945,0.465465255,-3.999390993,0.152896718,0.216339234,-0.015226680
5.183000,1.256140745,0.602577290,-4.013878619,0.133594312,0.202190130,-0.004156047
5.184000,1.237095509,0.710751333,-4.013251048,0.120829601,0.177718030,0.003914402
5.185000,1.123435006,0.548843824,-4.113931614,0.116598057,0.154989595,0.010391169
5.186000,1.113912468,0.402008067,-4.422515254,0.110646027,0.132553951,0.019462973
5.187000,1.199509701,0.368824525,-4.731702852,0.112251319,0.113194679,0.028011050
5.188000,1.280571730,0.278177964,-4.778096394,0.103744242,0.093529870,0.033497794
5.189000,1.495117289,0.185958112,-4.778906821,0.098445682,0.076954567,0.044656424
5.190000,1.715094931,0.179512508,-4.895758265,0.105886013,0.059996093,0.056063457
5.191000,1.831711990,-0.001304473,-5.078682107,0.116547695,0.037906041,0.069233051
5.192000,1.957741493,-0.133478192,-5.302394696,0.124352749,0.005311539,0.087714505
5.193000,2.067863968,-0.023506815,-5.634594429,0.141442587,-0.024681871,0.105836087
5.194000,2.099653746,-0.070839956,-5.606180665,0.151410731,-0.060655443,0.114699429
5.195000,2.165853689,-0.244475776,-5.515726831,0.155106742,-0.097297830,0.123659120
5.196000,2.111660726,-0.046088768,-5.519157426,0.156861656,-0.139433987,0.129545265
5.197000,2.109945083,0.260006289,-5.695988689,0.156711308,-0.184378502,0.132398185
5.198000,2.082824595,0.260534229,-5.796676371,0.158649204,-0.231424503,0.139696176
5.199000,2.054228815,0.229166523,-5.954229615,0.166891249,-0.277225839,0.143803016
5.200000,2.035269774,0.157864794,-6.267326420,0.179453691,-0.317171870,0.142038421
5.201000,2.004765073,-0.035867073,-6.439890020,0.190607448,-0.361345558,0.136132468
5.202000,2.026586023,-0.079603650,-6.554811026,0.183728914,-0.409273345,0.125839132
5.203000,2.074744556,0.043477577,-6.907365410,0.174596198,-0.455868442,0.112577195
5.204000,2.116278558,-0.007658082,-7.170548381,0.164690932,-0.504163509,0.097599242
5.205000,2.122889128,-0.340673288,-7.349103224,0.167713747,-0.557995984,0.081846270
5.206000,2.251842463,-0.393935208,-7.666225014,0.161146155,-0.613230944,0.079037087
5.207000,2.367081510,-0.118712138,-8.122019602,0.162513320,-0.659585719,0.081621350
5.208000,2.432166068,0.086655739,-8.408287802,0.154375719,-0.708892866,0.082647579
5.209000,2.523549237,0.087559924,-8.522346848,0.147509116,-0.760303239,0.083047572
5.210000,2.637238205,0.144625175,-8.578374818,0.135327305,-0.819166221,0.089192281
5.211000,2.673283545,-0.018736449,-8.648511798,0.143089408,-0.873864658,0.086513897
5.212000,2.789234749,-0.166800031,-8.749394413,0.139858257,-0.934568136,0.082691560
5.213000,2.931769615,-0.049457282,-9.075169695,0.135971771,-0.991593893,0.082881035
5.214000,2.918093286,0.096532869,-9.382281002,0.132476994,-1.053539314,0.077841460
5.215000,2.785632679,-0.126309405,-9.228061099,0.130890175,-1.138485174,0.067303304
5.216000,2.649732322,-0.189179900,-9.641890532,0.126320878,-1.217166524,0.065891762
5.217000,2.684934385,-0.120649417,-9.940456225,0.131350443,-1.277660272,0.068168804
5.218000,3.047964847,0.008089584,-10.405111541,0.119654908,-1.311159692,0.069221658
5.219000,3.559415991,0.130231097,-10.547493107,0.092812757,-1.346467513,0.071517543
5.220000,3.937941654,0.245150634,-10.850398958,0.062490099,-1.392357625,0.072721809
5.221000,4.149751625,0.158309137,-11.067158406,0.035237316,-1.452952317,0.065005451
5.222000,4.218612921,0.247602653,-11.507419789,0.008609444,-1.521981570,0.062420895
5.223000,4.219399525,0.398269101,-11.811244874,0.004974347,-1.588923679,0.060487290
5.224000,4.231006002,0.464769925,-11.978605312,0.006041004,-1.656134207,0.060460139
5.225000,4.315541541,0.332497601,-12.100847911,0.012535421,-1.715390961,0.062047174
5.226000,4.440485738,0.399225337,-12.308396215,0.004884038,-1.769771523,0.070433625
5.227000,4.591048363,0.518889852,-12.760718308,-0.003184304,-1.823580290,0.078119922
5.228000,4.649835660,0.789461236,-13.154848148,-0.025095242,-1.886543022,0.089404013
5.229000,4.701342671,0.834368642,-13.416744932,-0.026055416,-1.939711895,0.098803223
5.230000,4.659675770,0.760126454,-13.683087427,-0.020294672,-1.990674143,0.100728421
5.231000,4.749067757,0.577591654,-13.664555768,-0.017438983,-2.038548419,0.112227315
5.232000,4.903418800,0.659751304,-13.826251286,-0.035332285,-2.088542750,0.125683466
5.233000,5.046546151,0.852750839,-13.889985963,-0.048745180,-2.138628394,0.134822526
5.234000,5.083805464,0.971952532,-13.901935910,-0.074648826,-2.182286426,0.137781564
5.235000,5.074150045,0.755960662,-14.120862322,-0.081191947,-2.215660977,0.136119855
5.236000,4.788471490,0.313313066,-14.562405830,-0.081089203,-2.259672620,0.121659386
5.237000,4.203215711,-0.295398571,-14.965379120,-0.064880230,-2.314629904,0.101926707
5.238000,3.498172615,-0.801924801,-14.972415622,-0.064067397,-2.386602435,0.086665559
5.239000,2.627149402,-1.137913990,-14.888041678,-0.057959384,-2.464186942,0.071429608
5.240000,1.659279725,-1.361920397,-14.830836969,-0.047753428,-2.539614864,0.054766161
5.241000,0.660313459,-1.811019157,-15.005712153,-0.006887117,-2.602898443,0.033208603
5.242000,-0.246498039,-2.214906672,-14.977752764,0.025898936,-2.665335545,0.020142694
5.243000,-0.932259873,-2.279839777,-14.917750140,0.041318254,-2.727595815,0.025268022
5.244000,-1.387991806,-2.002455444,-14.717680121,0.031662360,-2.776984628,0.041018897
5.245000,-1.899903096,-1.572290123,-14.464467666,0.017335668,-2.817270948,0.051051377
5.246000,-2.243993979,-0.902019954,-14.382011521,0.003251551,-2.849734056,0.055360574
5.247000,-2.448006411,-0.450950093,-14.640342392,0.005497146,-2.869721996,0.055065251
5.248000,-2.215203338,0.112699249,-14.736991175,-0.008269861,-2.887284562,0.064697523
5.249000,-1.597277830,0.769443074,-14.978340357,-0.033589477,-2.885199241,0.086134605
5.250000,-0.793077053,1.374640603,-15.028060529,-0.062315295,-2.863902009,0.101982813
5.251000,0.196581996,1.585276484,-14.993047492,-0.078244728,-2.827746648,0.115944657
5.252000,1.293650053,1.665077254,-15.087842108,-0.097135003,-2.785550876,0.123791206
5.253000,2.426339155,1.731065191,-15.577492144,-0.107915939,-2.737376369,0.132387649
5.254000,3.618152512,1.438360538,-15.802543340,-0.119898549,-2.691043394,0.133064704
5.255000,4.828272792,1.001848033,-15.969370761,-0.121020394,-2.642113178,0.127988499
5.256000,6.032451271,0.485046422,-15.921780300,-0.116311974,-2.583457367,0.125167877
5.257000,7.104754612,-0.263782872,-16.080807105,-0.084881567,-2.527360541,0.116710405
5.258000,7.869361331,-1.174188201,-15.996083264,-0.047462557,-2.479506917,0.103495561
5.259000,8.566561226,-1.948970018,-16.019287354,-0.005738797,-2.438477036,0.093214284
5.260000,9.174978305,-2.502402339,-16.010742265,0.031880900,-2.393320070,0.088733587
5.261000,9.572745266,-2.984293936,-15.933452828,0.077684033,-2.343051204,0.081575502
5.262000,9.791648418,-3.269876302,-15.757985729,0.108581770,-2.299457527,0.070715634
5.263000,9.760988443,-3.374364455,-15.447971379,0.129176065,-2.270017075,0.060670114
5.264000,9.543760327,-3.184618182,-15.133350895,0.108134395,-2.249846930,0.065736096
5.265000,9.126311212,-2.683518608,-14.816860575,0.072504566,-2.241158271,0.074799705
5.266000,8.332016183,-1.868487612,-14.501061524,0.036456183,-2.235950059,0.085019187
5.267000,7.383480120,-1.101144297,-14.243319464,0.017519941,-2.232719022,0.095638529
5.268000,6.372138416,-0.545530321,-14.197366679,-0.005544340,-2.231250315,0.105164217
5.269000,5.204771758,-0.081986407,-14.262025584,-0.031661821,-2.224119485,0.111452715
5.270000,4.262937272,0.165000698,-14.249750935,-0.078085698,-2.210882332,0.118057397
5.271000,3.481272026,0.263961724,-13.905567747,-0.119169087,-2.195449931,0.115917380
5.272000,2.594436520,0.548910737,-13.718217829,-0.142126148,-2.177837553,0.104925515
5.273000,1.759365112,0.566757525,-13.537258263,-0.145354003,-2.165917298,0.090610556
5.274000,1.014786789,0.480502828,-13.646508640,-0.152281253,-2.147327454,0.078393919
5.275000,0.366064905,0.236392919,-13.709003137,-0.154299737,-2.120691227,0.064768705
5.276000,-0.047517551,-0.070273240,-13.359198555,-0.156319154,-2.092672180,0.050446874
5.277000,-0.270057845,-0.281292491,-13.061844680,-0.153003141,-2.052063492,0.040720064
5.278000,-0.525349664,-0.521424732,-13.218117002,-0.130243104,-2.002458362,0.026651359
5.279000,-0.641966761,-0.829090526,-13.559035889,-0.102825519,-1.939580676,0.010428392
5.280000,-0.314174463,-1.210784930,-13.480470963,-0.080287500,-1.867754585,0.001607399
5.281000,0.232942275,-1.416137704,-13.175521262,-0.064370564,-1.789649424,-0.001670210
5.282000,0.823951787,-1.417153105,-12.590751300,-0.056083295,-1.712777768,-0.003928212
5.283000,1.411160393,-1.166359723,-12.456968335,-0.051800349,-1.625158501,-0.001108511
5.284000,1.944490073,-1.162831686,-12.381858799,-0.044967769,-1.525167048,-0.005528162
5.285000,2.567325700,-1.143797565,-12.467107781,-0.041004747,-1.428972887,-0.008924494
5.286000,3.147175374,-0.870729987,-12.440723788,-0.064671068,-1.328358506,-0.004255056
5.287000,3.618649173,-0.439660466,-12.094429232,-0.091312266,-1.239439744,-0.008497791
5.288000,4.068168723,-0.037495547,-11.728926456,-0.117623582,-1.146153448,-0.017866918
5.289000,4.356852372,0.119076364,-11.527253116,-0.120161754,-1.056720603,-0.026193730
5.290000,4.477034421,0.144554625,-11.498229844,-0.125496327,-0.978298304,-0.039425060
5.291000,4.572814543,0.266941119,-11.312813721,-0.115889757,-0.906011685,-0.049625960
5.292000,4.555320999,0.293267927,-11.130682797,-0.108539889,-0.839294032,-0.062757239
5.293000,4.568394774,0.328914823,-10.652292430,-0.105075850,-0.775419215,-0.070350146
5.294000,4.575239496,0.550194453,-10.397266669,-0.117131745,-0.719231524,-0.071382968
5.295000,4.418260731,0.793581300,-10.189761505,-0.113553344,-0.649958258,-0.082498723
5.296000,4.086683599,0.735881748,-9.867411240,-0.102736687,-0.587573124,-0.101464574
5.297000,3.838416695,0.595517002,-9.677233044,-0.095354076,-0.531414917,-0.112221864
5.298000,3.638649051,0.701478389,-9.584176915,-0.085135943,-0.476237293,-0.116768698
5.299000,3.542821776,0.976011718,-9.320842126,-0.080050821,-0.407809438,-0.122923739
5.300000,3.398297326,1.059238377,-8.976796220,-0.087505854,-0.337030825,-0.134624611
5.301000,3.247827639,0.893027998,-8.546144497,-0.094229596,-0.269014838,-0.148076066
5.302000,3.090880885,0.776669911,-8.073214797,-0.088688441,-0.210940979,-0.156680015
5.303000,2.922848751,0.744377786,-7.827427072,-0.077701683,-0.151566694,-0.163109222
5.304000,2.681720076,0.874511671,-7.612552744,-0.065882899,-0.090678660,-0.173861112
5.305000,2.474130203,0.759809709,-7.388904192,-0.048603043,-0.026249419,-0.188569966
5.306000,2.263468629,0.453725106,-7.241274429,-0.037597771,0.032303238,-0.197773690
5.307000,2.143731618,0.292194276,-7.061092517,-0.023165690,0.090765841,-0.208708637
5.308000,2.093537850,0.253252813,-6.832871506,-0.025443932,0.152178818,-0.216660045
5.309000,2.105913405,0.409002450,-6.484293826,-0.033990605,0.219764137,-0.219634308
5.310000,2.084317204,0.499627420,-6.207919775,-0.039092312,0.277017762,-0.224307466
5.311000,2.036316172,0.354317675,-6.007399877,-0.029951128,0.338819604,-0.230420675
5.312000,1.999726021,0.199913750,-5.689184891,-0.024796230,0.397620384,-0.234927183
5.313000,2.022405081,0.188065864,-5.592784937,-0.015170737,0.460025130,-0.237406730
5.314000,2.022767505,0.317016635,-5.293363724,-0.017790608,0.518159230,-0.243831309
5.315000,2.097345617,0.350047184,-5.072817935,-0.016472947,0.565259291,-0.250005164
5.316000,2.120548035,0.282920792,-4.740610387,-0.028359148,0.607759575,-0.255299007
5.317000,2.179294421,0.306746964,-4.560529542,-0.025819390,0.649378747,-0.261623990
5.318000,2.210154825,0.370097688,-4.383430752,-0.025801387,0.684838502,-0.265085976
5.319000,2.242756211,0.408518991,-4.366737861,-0.019795810,0.722909107,-0.264852428
5.320000,2.373918037,0.399260773,-4.245069628,-0.015391687,0.763276220,-0.261960712
5.321000,2.598634381,0.381539501,-3.936784442,-0.017127302,0.803718327,-0.257476787
5.322000,2.731298568,0.471104937,-3.771072456,-0.030192043,0.841757975,-0.253368216
5.323000,2.857737353,0.534014656,-3.548080461,-0.037591695,0.875663638,-0.253168253
5.324000,2.967589948,0.554710894,-3.443532991,-0.050717390,0.900596728,-0.249713330
5.325000,3.024323442,0.560556504,-3.411957024,-0.041232336,0.925860955,-0.251773400
5.326000,3.109922748,0.389233571,-3.226783336,-0.028724222,0.948268656,-0.255394838
5.327000,3.321308828,0.163573502,-3.130268164,-0.019252694,0.971331230,-0.252478961
5.328000,3.551652381,0.268587441,-3.198627814,-0.016927751,0.997587526,-0.248203842
5.329000,3.757464935,0.452784661,-3.251358957,-0.013455968,1.018509707,-0.247677950
5.330000,3.878066081,0.392896018,-3.133542085,-0.015071415,1.034182081,-0.245736550
5.331000,4.017123196,0.176104754,-2.960836396,-0.006690902,1.046538498,-0.242271448
5.332000,4.150375158,-0.078990945,-2.856891864,0.011523887,1.060284809,-0.238024722
5.333000,4.287857038,-0.203317022,-2.629867273,0.026502868,1.069887981,-0.233018550
5.334000,4.459464952,-0.202832486,-2.555871780,0.027222952,1.077251596,-0.224688156
5.335000,4.687019111,-0.113083763,-2.536153097,0.020212909,1.082850963,-0.218410601
5.336000,4.775281747,0.028612245,-2.494225924,0.003412367,1.085824251,-0.214552844
5.337000,4.842406992,0.034341178,-2.461878687,0.002982572,1.082761435,-0.212081495
5.338000,4.816315290,-0.105786497,-2.291174240,0.012164892,1.073064904,-0.209201081
5.339000,4.798221133,-0.163125386,-2.164512725,0.022517700,1.057386017,-0.202137893
5.340000,4.853496952,-0.172442285,-2.030745432,0.026519032,1.047053879,-0.193483738
5.341000,4.958357951,-0.047780833,-1.883003824,0.019603048,1.034637838,-0.185413556
5.342000,5.010974927,0.111963240,-1.780091732,-0.001191648,1.019567152,-0.180753810
5.343000,5.008543735,0.241184663,-1.703978354,-0.017670454,1.000625669,-0.178449315
5.344000,4.886842497,0.351082868,-1.709287843,-0.015233891,0.979888361,-0.175867804
5.345000,4.754310579,0.337338596,-1.669593713,0.002043079,0.960307243,-0.172849663
5.346000,4.632148029,0.206555319,-1.545585160,0.012861755,0.933981686,-0.165795768
5.347000,4.550349552,0.149120143,-1.397627919,0.010928287,0.906401686,-0.153985324
5.348000,4.450516994,0.198774366,-1.265253031,-0.006152937,0.879523421,-0.140981211
5.349000,4.299719109,0.348026290,-1.250157004,-0.028634795,0.852803450,-0.130447732
5.350000,4.058914755,0.397143085,-1.157842845,-0.042106622,0.822667693,-0.122966452
5.351000,3.715628646,0.316416932,-1.093804161,-0.039163692,0.783593320,-0.112471596
5.352000,3.372817302,0.215672462,-0.948767480,-0.026285376,0.741989232,-0.102111375
5.353000,3.057227407,0.202865552,-0.975315698,-0.014001438,0.700828592,-0.090196468
5.354000,2.745706291,0.190476535,-0.904034709,-0.013021416,0.661423623,-0.080833496
5.355000,2.396298228,0.116483115,-0.870419817,-0.021838997,0.617759869,-0.071438352
5.356000,2.098619974,0.105026717,-0.852950240,-0.037281986,0.575446736,-0.063981514
5.357000,1.795166843,0.145840536,-0.650848781,-0.038235001,0.535015905,-0.059765662
5.358000,1.503538736,0.087137209,-0.383211109,-0.038768247,0.488906652,-0.054508770
5.359000,1.154108542,0.125364735,-0.188875559,-0.037129012,0.436992263,-0.043766973
5.360000,0.798534722,0.308475162,-0.116651046,-0.037409763,0.384269845,-0.029305530
5.361000,0.537995657,0.459068152,-0.034248690,-0.041102600,0.341829073,-0.014014814
5.362000,0.333323192,0.477748860,-0.013334737,-0.052557540,0.308331443,0.001382263
5.363000,0.150274299,0.507317792,0.084003949,-0.063464704,0.273918471,0.015140281
5.364000,-0.059703039,0.544802257,0.219555389,-0.068793340,0.238472399,0.028996687
5.365000,-0.288620516,0.457758711,0.300049133,-0.072418949,0.198040381,0.043240133
5.366000,-0.416322372,0.380503364,0.264814186,-0.077961093,0.156614156,0.060369248
5.367000,-0.468064502,0.416889682,0.220100700,-0.086842288,0.114602298,0.079674934
5.368000,-0.505438574,0.497683599,0.186797091,-0.100023295,0.075750759,0.098198478
5.369000,-0.531877355,0.495750911,0.201894293,-0.113485785,0.038614402,0.113893036
5.370000,-0.554223849,0.515325450,0.267978126,-0.128410056,-0.001731449,0.129924044
5.371000,-0.613231859,0.492338299,0.258509259,-0.135788216,-0.043095719,0.141880070
5.372000,-0.648443753,0.429203553,0.214954622,-0.141448857,-0.085528306,0.152163197
5.373000,-0.636808799,0.403942784,0.129123003,-0.146149645,-0.123978246,0.159377463
5.374000,-0.571038300,0.465263419,0.035741636,-0.147982143,-0.162336951,0.164631253
5.375000,-0.474608690,0.514205757,-0.025653746,-0.144748823,-0.195622657,0.168684791
5.376000,-0.434414855,0.508411909,-0.168546202,-0.137449218,-0.223230926,0.172091612
5.377000,-0.373565248,0.506537058,-0.145032090,-0.128816066,-0.247729425,0.176633548
5.378000,-0.249375363,0.497262323,-0.034467726,-0.114411675,-0.272277698,0.192195617
5.379000,-0.242310310,0.574469175,-0.075150635,-0.099356138,-0.285933624,0.206606000
5.380000,-0.149746569,0.601629631,-0.184979957,-0.086605967,-0.289163935,0.215504232
5.381000,-0.011781882,0.485709017,-0.147229910,-0.080989128,-0.295095898,0.221166648
5.382000,0.069815524,0.341956639,-0.095434810,-0.077411915,-0.305934975,0.224522335
5.383000,0.127359062,0.250792547,0.073584966,-0.075086466,-0.320795502,0.223350017
5.384000,0.158976109,0.295647981,0.426204298,-0.079936161,-0.341786723,0.217923143
5.385000,0.154850978,0.427115078,0.686035670,-0.080086439,-0.358985041,0.210245539
5.386000,0.160782501,0.446266120,0.643463183,-0.072438192,-0.367990281,0.202813212
5.387000,0.154129105,0.355791386,0.451361713,-0.055398406,-0.374439831,0.195286660
5.388000,0.204704154,0.062837493,0.379381531,-0.037194398,-0.389614158,0.189248348
5.389000,0.319788330,-0.147194540,0.428291728,-0.023977466,-0.405962906,0.187481162
5.390000,0.335062937,-0.046232068,0.701762543,-0.015603857,-0.422008065,0.180745129
5.391000,0.311195842,0.059415087,0.954120206,-0.009778750,-0.437004467,0.166625930
5.392000,0.256247010,-0.017706326,1.224508678,-0.003111791,-0.452741918,0.155799673
5.393000,0.197258293,-0.172728270,1.220172242,0.005128855,-0.467225221,0.148284719
5.394000,0.122344286,-0.219289733,1.102309953,0.017382446,-0.481391514,0.140610756
5.395000,0.050196333,-0.273634358,1.154890809,0.024177118,-0.497816613,0.135276056
5.396000,0.024184567,-0.283245376,1.314004303,0.021448612,-0.509328812,0.132527061
5.397000,-0.022130584,-0.213159086,1.414548970,0.014069872,-0.516054771,0.129065870
5.398000,-0.099254463,-0.193520937,1.669412787,0.004874098,-0.525791805,0.123447529
5.399000,-0.228313727,-0.286864453,1.901286359,-0.001983785,-0.537428311,0.118782924
5.400000,-0.359194061,-0.364894282,2.106587481,-0.003364955,-0.547888528,0.114237094
5.401000,-0.453711267,-0.358674148,2.094641076,-0.008427894,-0.556201353,0.110030140
5.402000,-0.542549706,-0.336853686,2.127579916,-0.013085810,-0.560077276,0.106068879
5.403000,-0.623086886,-0.335175341,2.156029513,-0.019720509,-0.559396685,0.104125700
5.404000,-0.715343879,-0.295663274,2.266739587,-0.021827421,-0.559140040,0.100835265
5.405000,-0.857510464,-0.331833414,2.386467059,-0.022953472,-0.561206296,0.096254572
5.406000,-1.041129805,-0.440688259,2.468776568,-0.020788480,-0.563924997,0.090148249
5.407000,-1.204287697,-0.489092446,2.523912478,-0.016469440,-0.565397914,0.084242482
5.408000,-1.345457045,-0.534862100,2.446308569,-0.010395382,-0.559824480,0.076237901
5.409000,-1.433187846,-0.584240790,2.372526725,-0.007529134,-0.552378664,0.067190425
5.410000,-1.451782809,-0.638795265,2.368164332,-0.004169693,-0.540424407,0.058106088
5.411000,-1.530779274,-0.669072073,2.420059944,-0.004924591,-0.529247917,0.047229583
5.412000,-1.606278148,-0.808523180,2.566808502,-0.003427193,-0.523015772,0.035575537
5.413000,-1.691864344,-0.913699655,2.709262222,-0.006475647,-0.518992308,0.027996084
5.414000,-1.752531553,-0.887646354,2.786063573,-0.006716938,-0.514474133,0.020140382
5.415000,-1.818465802,-0.855744744,2.912434795,-0.010140280,-0.508615479,0.010828239
5.416000,-1.870955026,-0.853443201,2.959896454,-0.008322073,-0.500532202,0.005448665
5.417000,-1.937492173,-0.855929558,3.006506973,-0.005897152,-0.494007165,0.001593027
5.418000,-1.976119662,-0.915694301,3.086295888,0.002548776,-0.488114193,-0.003692729
5.419000,-2.014982308,-0.959641202,3.238925981,0.005264406,-0.483413394,-0.007120645
5.420000,-1.978596241,-0.849266370,3.412273574,0.000545987,-0.472406264,-0.008661944
5.421000,-1.928701037,-0.696002354,3.608562287,-0.007404408,-0.458789352,-0.014380235
5.422000,-1.842338429,-0.602606432,3.759909299,-0.013077039,-0.441516033,-0.020457534
5.423000,-1.781367094,-0.489041463,3.790176550,-0.019110635,-0.418752421,-0.025719376
5.424000,-1.705760014,-0.395197515,3.759378973,-0.020460388,-0.393154508,-0.034569644
5.425000,-1.605405601,-0.263855684,3.556124338,-0.024884921,-0.360742631,-0.038529523
5.426000,-1.439684085,-0.139650853,3.467090491,-0.028537595,-0.321780533,-0.040181242
5.427000,-1.247378533,0.023484710,3.513981440,-0.033077141,-0.286540155,-0.044391804
5.428000,-1.053460508,0.000720949,3.636187018,-0.029515616,-0.248796300,-0.049236271
5.429000,-0.971512977,-0.087324937,3.675276545,-0.027850705,-0.210707715,-0.053038437
5.430000,-0.856689608,-0.160632197,3.562524510,-0.024827772,-0.174859302,-0.060342634
5.431000,-0.712016460,-0.045473298,3.440416133,-0.026975578,-0.133516258,-0.069372289
5.432000,-0.545416249,0.021828976,3.482358658,-0.029680120,-0.083891806,-0.077277619
5.433000,-0.312721863,0.145399454,3.522337221,-0.033499904,-0.028553023,-0.085596481
5.434000,-0.082921104,0.147247313,3.411531685,-0.025867745,0.028633996,-0.090514485
5.435000,0.090432647,0.130041326,3.332758636,-0.021590294,0.075440929,-0.091686600
5.436000,0.227972284,0.046580923,3.176311751,-0.010447461,0.126830130,-0.091884936
5.437000,0.425258465,-0.033548309,3.287573127,-0.006137875,0.180746081,-0.090736602
5.438000,0.604827322,-0.099093580,3.547292195,-0.006712621,0.235460173,-0.090739237
5.439000,0.858894960,-0.037498560,3.919524321,-0.020827056,0.290742306,-0.086867832
5.440000,1.087561873,0.172688158,3.933171782,-0.035216359,0.351234906,-0.087280247
5.441000,1.140622137,0.333412935,3.830022538,-0.043024777,0.403602942,-0.091870441
5.442000,1.171027919,0.271083441,3.691221550,-0.037539525,0.458130927,-0.092795395
5.443000,1.204541162,0.156334754,3.678484729,-0.031299341,0.509486889,-0.088196420
5.444000,1.316107620,0.246797182,3.707119625,-0.028464212,0.572278392,-0.085410424
5.445000,1.437643758,0.376169002,3.941233592,-0.038903484,0.638026906,-0.083439549
5.446000,1.560956991,0.465867548,4.069950583,-0.060191080,0.698789742,-0.082043852
5.447000,1.646808620,0.651277965,4.045325610,-0.081279864,0.751928919,-0.083419509
5.448000,1.689195416,0.667462654,4.000060959,-0.071850453,0.806587816,-0.092949914
5.449000,1.682592339,0.433015177,4.236181091,-0.058499328,0.854601981,-0.097690201
5.450000,1.860954053,0.236559485,4.282165334,-0.041524408,0.907146233,-0.101610407
5.451000,1.958466284,0.348790589,4.492302922,-0.033718586,0.956570591,-0.105242708
5.452000,2.088670924,0.335205995,4.771693576,-0.036915622,1.005033637,-0.108461539
5.453000,2.119968681,0.404958394,4.932835872,-0.059163958,1.056565885,-0.107170084
5.454000,2.214128253,0.490268063,4.975833109,-0.070286888,1.106231794,-0.105672723
5.455000,2.201352441,0.468479805,5.159935707,-0.062550217,1.157205452,-0.102452126
5.456000,2.297566997,0.460594655,5.376940607,-0.047533340,1.213007316,-0.098425149
5.457000,2.370543685,0.403815543,5.539574619,-0.033901793,1.266983428,-0.095681488
5.458000,2.435354422,0.161803653,5.822670694,-0.019094377,1.321401616,-0.093110775
5.459000,2.538953091,0.128345179,6.098556498,-0.028475136,1.377086487,-0.092080863
5.460000,2.623853610,0.267446693,6.122528737,-0.037096001,1.424651328,-0.094885926
5.461000,2.597328012,0.367423474,6.277645105,-0.047225161,1.475108150,-0.097464181
5.462000,2.507614240,0.348733095,6.329222672,-0.050577991,1.527466139,-0.106788859
5.463000,2.438252372,0.384781109,6.446040326,-0.038329724,1.574063893,-0.114733352
5.464000,2.336853167,0.350188237,6.631359718,-0.010747158,1.621520368,-0.117796378
5.465000,2.334593002,0.317511478,6.748382558,-0.004373297,1.675861423,-0.117518160
5.466000,2.501588155,0.409077787,6.768652685,-0.011369924,1.729825778,-0.112360704
5.467000,2.568483993,0.575286402,6.966662785,-0.025094031,1.789633621,-0.110738398
5.468000,2.520242143,0.550675919,7.265909654,-0.031264178,1.845664655,-0.110864790
5.469000,2.505041857,0.413138864,7.604772571,-0.033449703,1.893362378,-0.107107628
5.470000,2.489158504,0.202602103,7.827065738,-0.015293256,1.937741823,-0.104560397
5.471000,2.576227935,-0.077392506,8.033926503,0.005281795,1.980437867,-0.096131592
5.472000,2.694248222,-0.294979225,8.199953505,0.008691431,2.026428959,-0.083518573
5.473000,2.859259280,-0.195255201,8.199870366,0.006087516,2.070486153,-0.074924700
5.474000,2.913980056,-0.207839495,8.478233343,0.013734356,2.114194038,-0.067635071
5.475000,2.920165405,-0.325226746,8.763754981,0.013235307,2.156830145,-0.056812679
5.476000,2.952334208,-0.443271450,8.992470815,0.022788641,2.194255377,-0.044919908
5.477000,3.000162289,-0.469931344,9.170952835,0.039510677,2.240338848,-0.033337273
5.478000,3.017263219,-0.543655427,9.403023356,0.059974913,2.297854073,-0.021213672
5.479000,3.140845863,-0.565991922,9.241788256,0.073985968,2.355453692,-0.009488069
5.480000,3.180381058,-0.698061878,9.056176865,0.090587555,2.419058203,-0.003109227
5.481000,3.259668361,-0.820113064,8.821386561,0.100924443,2.482747722,0.007070138
5.482000,3.334032434,-0.922790446,8.798881996,0.109984092,2.539365981,0.011838965
5.483000,3.371890641,-1.095609125,9.041376668,0.126710663,2.592379091,0.013809683
5.484000,3.566948130,-1.159727877,9.522373654,0.129158379,2.648607425,0.020041222
5.485000,3.786360114,-0.856349412,9.787921153,0.137403084,2.712445998,0.024751114
5.486000,4.002164466,-0.548717814,9.805891796,0.152436952,2.771829884,0.028625906
5.487000,4.801701503,-0.205814884,9.452763117,0.143832219,2.841514213,0.043210050
5.488000,5.969957529,0.373064445,9.465539231,0.116577544,2.950668731,0.050287799
5.489000,7.116489894,0.869880811,10.168309475,0.091349254,3.046664479,0.051290791
5.490000,8.199720149,0.986183197,10.489610851,0.058346677,3.143388903,0.056667075
5.491000,8.966083494,1.102230236,10.082949467,0.049145719,3.231891909,0.050209427
5.492000,9.901810019,0.912404406,9.921794792,0.063974921,3.318027845,0.040361304
5.493000,10.859631032,0.431121564,9.940308547,0.066169724,3.410499134,0.041117813
5.494000,11.514028383,0.070447543,9.972436074,0.084888967,3.491822176,0.034263597
5.495000,11.908444650,-0.250448961,10.264471374,0.106045893,3.552173033,0.028295985
5.496000,12.100776173,-0.835668681,10.251430786,0.130925580,3.609762342,0.025727262
5.497000,12.212511937,-1.379896620,10.210761783,0.144741388,3.667230065,0.021652267
5.498000,12.184218508,-1.886096530,10.142712153,0.155576959,3.707897963,0.020919541
5.499000,11.887948338,-2.196480172,10.307674841,0.176174410,3.737752240,0.019121441
5.500000,11.446133759,-2.422771258,10.470212838,0.211013899,3.746796031,0.024991166
5.501000,10.770104392,-2.750103683,10.977503863,0.232232226,3.753385489,0.018070526
5.502000,9.968632417,-2.704511618,11.165293904,0.231229366,3.755345289,0.012129048
5.503000,9.254446949,-2.231837534,11.436630393,0.211629478,3.750733513,0.014218387
5.504000,8.425139257,-1.718466589,11.602554641,0.202620997,3.742153933,0.021805912
5.505000,7.513802570,-1.176412437,11.939272781,0.190150270,3.729810969,0.037214730
5.506000,6.758008340,-0.469535890,12.255706714,0.165007076,3.723099021,0.056929134
5.507000,6.074126067,0.339714943,12.140138975,0.128572257,3.719367360,0.071563914
5.508000,5.521113782,0.860960183,12.075937198,0.101003678,3.713339643,0.087751726
5.509000,5.046871791,1.096986644,12.032122724,0.080102344,3.706149711,0.100124167
5.510000,4.785715847,1.291954785,12.144190178,0.069289148,3.695816266,0.103251759
5.511000,4.618616658,1.357986077,12.300543071,0.061127247,3.691016315,0.107934813
5.512000,4.565963140,1.265947785,12.229460444,0.073591474,3.688648297,0.114476588
5.513000,4.703432375,0.960381398,11.943161541,0.093370955,3.695452429,0.125846180
5.514000,5.063421029,0.498084519,11.811837284,0.106440917,3.699757080,0.135884589
5.515000,5.591089592,0.068425621,11.927610295,0.121498074,3.704104574,0.149527775
5.516000,6.210555699,-0.327135136,11.780326423,0.154334714,3.715983830,0.168960116
5.517000,6.902141359,-0.815883400,11.961699669,0.205274892,3.733517174,0.188134864
5.518000,7.415857864,-1.332091447,12.078191922,0.247229804,3.748188254,0.205125463
5.519000,8.073890180,-1.690198450,12.120774024,0.270254271,3.758396446,0.202223070
5.520000,8.695694433,-2.084635013,12.326969022,0.281806651,3.763498108,0.174284965
5.521000,9.293722843,-2.077832283,13.009895462,0.260599858,3.763805040,0.134018703
5.522000,9.894690638,-1.850760517,13.681260120,0.237040928,3.763493379,0.071599584
5.523000,10.350163520,-1.378243151,13.990071352,0.206456691,3.755955534,-0.000304217
5.524000,10.742648482,-0.729089542,13.865466924,0.171741605,3.739709904,-0.051790682
5.525000,11.096996727,-0.023763460,13.596276110,0.124884168,3.725500264,-0.081503865
5.526000,11.024105417,0.630661409,13.519405121,0.103011253,3.711575047,-0.090217247
5.527000,10.849217671,0.963811469,13.752526924,0.098078440,3.694853183,-0.080779001
5.528000,10.683630168,1.000268777,13.631318222,0.102018857,3.675077920,-0.061662415
5.529000,10.343968709,0.776836923,13.494193056,0.106517091,3.650866769,-0.046525331
5.530000,9.936837995,0.396138263,13.355178413,0.112927082,3.602776293,-0.036758867
5.531000,9.324992400,-0.024931985,13.624495088,0.116357249,3.547124831,-0.038488961
5.532000,8.672024913,-0.278477355,13.882159404,0.119660005,3.486580682,-0.041503494
5.533000,7.696247186,-0.608720296,14.187658251,0.124601954,3.428374002,-0.055113637
5.534000,6.688657390,-0.927065363,13.870232089,0.135159164,3.355888479,-0.071586111
5.535000,5.738714656,-1.074064685,13.482130523,0.156523641,3.275436557,-0.091412668
5.536000,5.010333549,-1.202237186,13.338905874,0.179220467,3.194415574,-0.111795141
5.537000,4.354632074,-1.371925938,13.604734743,0.193324810,3.108311617,-0.133046634
5.538000,3.798695813,-1.371136162,13.929530743,0.215966774,3.027768663,-0.162612613
5.539000,3.461102020,-1.355533098,13.914104302,0.235043129,2.967318960,-0.191271586
5.540000,3.364545187,-1.240501065,13.337363925,0.240314141,2.924284834,-0.209431150
5.541000,3.441872631,-1.011096154,13.087548915,0.248240068,2.886200695,-0.235026431
5.542000,3.619660672,-0.765870064,13.165153744,0.251776883,2.851138783,-0.251854655
5.543000,3.751692405,-0.544378264,13.345964548,0.240620912,2.813835993,-0.255359930
5.544000,3.871710601,-0.271494339,13.335069058,0.224204416,2.773949970,-0.255969600
5.545000,3.953407012,0.012033266,13.067988601,0.202092369,2.730608015,-0.249303514
5.546000,4.098097153,0.365156986,12.675996323,0.174994362,2.685131385,-0.236780869
5.547000,4.161270478,0.640377612,12.401448523,0.173500295,2.640138444,-0.235590680
5.548000,4.358945159,0.488077909,12.379291432,0.183530910,2.592577415,-0.229862874
5.549000,4.601876748,0.183312911,12.299844874,0.186039260,2.549745453,-0.228295667
5.550000,4.881975763,-0.012079309,11.852551210,0.194055258,2.508648635,-0.236328137
5.551000,5.113695324,-0.384447701,11.255646899,0.194642842,2.465768606,-0.240144307
5.552000,5.395022722,-0.788366365,10.808646219,0.213043452,2.418885919,-0.244783351
5.553000,5.535192630,-1.092406050,10.740483908,0.246702857,2.369307829,-0.254635643
5.554000,5.584869047,-1.467530848,10.620719675,0.284149469,2.316403846,-0.265497923
5.555000,5.622002577,-1.805764078,10.344220641,0.300388355,2.259443097,-0.274631878
5.556000,5.709226627,-1.858991073,10.026127052,0.310689711,2.206142656,-0.285494963
5.557000,5.740096780,-1.778555521,9.805578415,0.307560947,2.146816354,-0.292432781
5.558000,5.690152269,-1.603493258,9.602809201,0.300201721,2.090047141,-0.295580794
5.559000,5.594219219,-1.239267409,9.542822418,0.298978480,2.023501243,-0.295301447
5.560000,5.317472287,-1.064990110,9.459819285,0.306102259,1.954006256,-0.294123217
5.561000,4.941433151,-1.055359153,9.489161005,0.302528825,1.873338224,-0.290163257
5.562000,4.590641799,-0.976715884,9.419233405,0.289442769,1.806121132,-0.283044412
5.563000,4.216576972,-0.686148345,9.155066915,0.267130904,1.740103698,-0.275410841
5.564000,3.766738471,-0.467768069,8.854863753,0.260053020,1.672449474,-0.262256359
5.565000,3.226978166,-0.271515547,8.718235189,0.267544933,1.594262044,-0.242349566
5.566000,2.779676898,-0.199052900,8.471692152,0.287238933,1.524973340,-0.224406155
5.567000,2.323956471,-0.233957773,8.289887743,0.286792850,1.452548683,-0.210422236
5.568000,2.034437006,-0.265782105,8.078129154,0.279899754,1.385777193,-0.201513457
5.569000,1.720596905,-0.066954939,7.804650071,0.274173861,1.317924082,-0.195891321
5.570000,1.477141272,0.024133232,7.692951059,0.282374808,1.258028940,-0.194137904
5.571000,1.245083606,0.066273697,7.564177947,0.285638877,1.196897081,-0.188699076
5.572000,1.082405807,0.050517589,7.355562736,0.301336795,1.140016287,-0.184533822
5.573000,0.934814774,0.011927372,7.191996205,0.311088048,1.081823042,-0.185064897
5.574000,0.917812965,-0.088457323,7.029951337,0.315911820,1.028118396,-0.187483847
5.575000,0.986694075,0.000641569,6.736577946,0.310968406,0.981103556,-0.191117711
5.576000,1.042013005,-0.104508308,6.404867594,0.312431731,0.943375886,-0.193484383
5.577000,1.102344344,-0.243018957,6.135836859,0.309209879,0.903638672,-0.195382222
5.578000,1.262802948,-0.412045227,5.859031142,0.309188335,0.852770941,-0.195595205
5.579000,1.299842093,-0.418008854,5.836759771,0.319951007,0.809898246,-0.194942646
5.580000,1.340666508,-0.530052029,5.763696249,0.328629172,0.770830927,-0.195984848
5.581000,1.463706244,-0.568570892,5.473295367,0.328726541,0.734614713,-0.192918136
5.582000,1.541393658,-0.494606827,5.148331203,0.327142047,0.702007843,-0.189928426
5.583000,1.513558043,-0.421053818,4.955286951,0.322198314,0.663499118,-0.189214905
5.584000,1.494081747,-0.426205153,4.870279061,0.318403062,0.623615049,-0.186343870
5.585000,1.502779366,-0.285319894,4.924336976,0.311685633,0.584830900,-0.178827946
5.586000,1.457818409,-0.164643902,4.837095925,0.308330287,0.548009712,-0.174700080
5.587000,1.389428836,-0.076826415,4.711568001,0.305510106,0.514199352,-0.168667231
5.588000,1.360101533,-0.043263780,4.560385894,0.299388122,0.480996242,-0.160657932
5.589000,1.320963699,0.076594015,4.398166847,0.286486115,0.449929881,-0.151014134
5.590000,1.308317104,0.181185110,4.424294502,0.274409923,0.420179411,-0.140938097
5.591000,1.214777247,0.279818543,4.416400355,0.262235753,0.394082658,-0.134868888
5.592000,1.046849169,0.438781801,4.377563040,0.249023599,0.370592821,-0.126020876
5.593000,0.919499138,0.674464300,4.212365106,0.237059017,0.350520374,-0.117108197
5.594000,0.811411542,0.842718725,3.955277896,0.229139813,0.337178238,-0.108705902
5.595000,0.685329165,0.929288489,3.690740857,0.225210472,0.325665322,-0.101179477
5.596000,0.578779756,0.814834837,3.570747730,0.222870812,0.315714543,-0.096730999
5.597000,0.591403903,0.690004406,3.483520376,0.215343727,0.305968712,-0.090294904
5.598000,0.606287203,0.585979866,3.378953103,0.211909696,0.300698793,-0.085364061
5.599000,0.651727799,0.452354833,3.250689125,0.203720486,0.296613057,-0.079123168
5.600000,0.677935706,0.189510960,3.095005851,0.206380394,0.294026046,-0.072179072
5.601000,0.675949007,-0.012676357,2.981252750,0.213525459,0.290383267,-0.064314628
5.602000,0.707773571,-0.200279319,2.885480456,0.227936235,0.286335783,-0.049714143
5.603000,0.790778436,-0.359050430,2.739043619,0.237952469,0.281193813,-0.030694360
5.604000,0.863442759,-0.425913485,2.662761326,0.239910721,0.275637193,-0.012564290
5.605000,0.883822833,-0.432203285,2.701838041,0.231844719,0.272090434,0.001031413
5.606000,0.866899758,-0.532905460,2.720575749,0.218431536,0.268554963,0.006495738
5.607000,0.814483528,-0.678785098,2.677509394,0.196173183,0.263957155,0.004311711
5.608000,0.807324829,-0.694413482,2.503108668,0.174558598,0.261397961,-0.001477848
5.609000,0.833273933,-0.578103565,2.367314016,0.154721265,0.259292863,-0.009869994
5.610000,0.914073011,-0.462337036,2.260361777,0.141153358,0.259466993,-0.017418137
5.611000,1.080970259,-0.353566829,2.114123729,0.134059826,0.261508090,-0.019196248
5.612000,1.286266242,-0.308664450,1.989001844,0.132554610,0.262005238,-0.008257123
5.613000,1.399118085,-0.300185158,1.828752155,0.127830540,0.258352559,0.010340996
5.614000,1.455321538,-0.159500066,1.675129888,0.117133247,0.252941697,0.035012171
5.615000,1.507467475,0.115675829,1.570878454,0.098346942,0.247243360,0.064394384
5.616000,1.549064340,0.442079348,1.510935179,0.083879999,0.242058757,0.091584048
5.617000,1.508231090,0.670792698,1.429131738,0.077189170,0.238888515,0.112888971
5.618000,1.445229672,0.717744831,1.250170196,0.079206341,0.235340805,0.128056461
5.619000,1.383435613,0.614092409,1.042893054,0.085196507,0.230097085,0.143712634
5.620000,1.325474496,0.417196588,0.898989734,0.089681572,0.223317745,0.152695567
5.621000,1.353830310,0.205765239,0.907010637,0.089522332,0.214974838,0.155546625
5.622000,1.355167789,0.076967176,0.905111131,0.083491622,0.209296715,0.156295763
5.623000,1.324543932,0.084090664,0.694915123,0.082016794,0.209237172,0.154028742
5.624000,1.268638038,-0.065663861,0.468223633,0.092760748,0.207893560,0.146079943
5.625000,1.200853777,-0.287942683,0.186418079,0.114580620,0.203609363,0.133937219
5.626000,1.116579781,-0.545131710,0.058327751,0.148243398,0.198473720,0.119114239
5.627000,1.023076347,-0.666762837,-0.023315778,0.179314653,0.193352998,0.104176687
5.628000,0.948216343,-0.660482763,-0.198981838,0.204527461,0.191322029,0.086110236
5.629000,0.819664346,-0.602104105,-0.421068580,0.221270964,0.191899110,0.064782461
5.630000,0.733953270,-0.751846254,-0.521313539,0.237362292,0.187327106,0.042992362
5.631000,0.682627387,-0.982790457,-0.590991390,0.252922181,0.179479797,0.028780871
5.632000,0.586605970,-1.092721725,-0.657599376,0.271621443,0.172439339,0.021654512
5.633000,0.476360548,-1.060217905,-0.626887391,0.282827776,0.165145212,0.017290916
5.634000,0.367873954,-0.932262365,-0.639346245,0.274652587,0.162014222,0.016641549
5.635000,0.272580579,-0.686356983,-0.725334435,0.258487611,0.161938222,0.014786172
5.636000,0.180960633,-0.502227283,-0.717614745,0.244337016,0.160572011,0.008303096
5.637000,0.030297496,-0.387272410,-0.685842417,0.238423494,0.152753217,-0.002061939
5.638000,-0.157508349,-0.310007259,-0.850950826,0.243349821,0.144117660,-0.013573712
5.639000,-0.322198307,-0.254398865,-1.126840234,0.256301949,0.135574441,-0.022115958
5.640000,-0.480498037,-0.160146300,-1.341558457,0.264057904,0.128625404,-0.028349748
5.641000,-0.532515073,-0.050461559,-1.446259835,0.269022507,0.125700112,-0.031260211
5.642000,-0.511980163,0.086472897,-1.485960993,0.267671103,0.128608328,-0.031866493
5.643000,-0.498241411,0.172532351,-1.466516481,0.264362346,0.132816659,-0.035999404
5.644000,-0.532820675,0.173700388,-1.539250195,0.265712805,0.136690081,-0.042541324
5.645000,-0.599728339,0.105827250,-1.778232257,0.274252390,0.137811215,-0.046765589
5.646000,-0.678240069,0.046333846,-2.084983056,0.282858912,0.137442953,-0.050753412
5.647000,-0.706841823,0.003820738,-2.333341505,0.285291603,0.139095390,-0.051712376
5.648000,-0.683944156,0.008414854,-2.436810076,0.278361294,0.141462921,-0.049936711
5.649000,-0.673941078,0.023086074,-2.457095557,0.270621183,0.146380118,-0.048039487
5.650000,-0.709128162,-0.018165502,-2.484083914,0.267549405,0.150027712,-0.047690420
5.651000,-0.739742506,-0.231556943,-2.527807827,0.269733578,0.151887593,-0.047735251
5.652000,-0.749977116,-0.440553193,-2.632138530,0.270947053,0.154712945,-0.049012348
5.653000,-0.713709695,-0.424290439,-2.785498609,0.272356476,0.159757284,-0.052680740
5.654000,-0.597439968,-0.359411526,-2.812883975,0.266222218,0.166184227,-0.056579527
5.655000,-0.476024422,-0.303347719,-2.719249487,0.254348857,0.173786394,-0.058583995
5.656000,-0.368757016,-0.127984378,-2.702656430,0.241066945,0.182390352,-0.061641431
5.657000,-0.301485958,0.047340093,-2.697515578,0.238056384,0.190482571,-0.064171350
5.658000,-0.283840403,0.153397683,-2.794859769,0.239807485,0.196828635,-0.065724710
5.659000,-0.246986925,0.208516789,-2.971279533,0.242508289,0.204924783,-0.067502821
5.660000,-0.168690039,0.390446208,-3.185665260,0.237647137,0.213541057,-0.067898850
5.661000,-0.057050594,0.629841341,-3.300792651,0.228781567,0.224031556,-0.069993807
5.662000,0.031481856,0.854855591,-3.325504181,0.211970321,0.232054740,-0.072461003
5.663000,0.098858381,1.016406377,-3.460585089,0.202885972,0.243542290,-0.076397185
5.664000,0.138766651,1.079859596,-3.617016181,0.199949824,0.252577092,-0.082436437
5.665000,0.201924028,1.018718338,-3.805651680,0.206822255,0.261860184,-0.088418709
5.666000,0.278663754,0.841428987,-4.016216475,0.210454050,0.269730045,-0.094971807
5.667000,0.417048831,0.736243283,-4.142697782,0.209029929,0.279645545,-0.100588598
5.668000,0.537554703,0.647975871,-4.097490284,0.200352846,0.287212160,-0.110497778
5.669000,0.658027676,0.504205677,-4.012780471,0.191478406,0.292205041,-0.118849913
5.670000,0.787220819,0.320871036,-3.944955800,0.181224252,0.293936985,-0.124373717
5.671000,0.896443501,0.190425634,-3.960638267,0.176925386,0.293627743,-0.126123378
5.672000,0.942347728,0.161950350,-4.071714242,0.173761051,0.293538293,-0.121896301
5.673000,0.973932309,0.283425446,-4.193212027,0.171043594,0.295538314,-0.111962687
5.674000,0.992817603,0.371900349,-4.312214274,0.169900112,0.295375766,-0.098520741
5.675000,1.023896595,0.434197857,-4.420749756,0.170532392,0.294573119,-0.081551946
5.676000,0.985344274,0.503743239,-4.440249270,0.173734757,0.289523521,-0.067175898
5.677000,0.967614810,0.503313413,-4.511480129,0.186031989,0.282598918,-0.054805944
5.678000,0.943126460,0.410734087,-4.409467158,0.194216281,0.270586519,-0.045060087
5.679000,0.986623881,0.381005662,-4.359742975,0.193088387,0.262149351,-0.038437539
5.680000,1.086754748,0.471473041,-4.260766170,0.184552883,0.246770637,-0.032535073
5.681000,1.136040598,0.484420203,-4.104754836,0.173177923,0.232859171,-0.025604863
5.682000,1.170808945,0.465465255,-3.999390993,0.152896718,0.216339234,-0.015226680
5.683000,1.256140745,0.602577290,-4.013878619,0.133594312,0.202190130,-0.004156047
5.684000,1.237095509,0.710751333,-4.013251048,0.120829601,0.177718030,0.003914402
5.685000,1.123435006,0.548843824,-4.113931614,0.116598057,0.154989595,0.010391169
5.686000,1.113912468,0.402008067,-4.422515254,0.110646027,0.132553951,0.019462973
5.687000,1.199509701,0.368824525,-4.731702852,0.112251319,0.113194679,0.028011050
5.688000,1.280571730,0.278177964,-4.778096394,0.103744242,0.093529870,0.033497794
5.689000,1.495117289,0.185958112,-4.778906821,0.098445682,0.076954567,0.044656424
5.690000,1.715094931,0.179512508,-4.895758265,0.105886013,0.059996093,0.056063457
5.691000,1.831711990,-0.001304473,-5.078682107,0.116547695,0.037906041,0.069233051
5.692000,1.957741493,-0.133478192,-5.302394696,0.124352749,0.005311539,0.087714505
5.693000,2.067863968,-0.023506815,-5.634594429,0.141442587,-0.024681871,0.105836087
5.694000,2.099653746,-0.070839956,-5.606180665,0.151410731,-0.060655443,0.114699429
5.695000,2.165853689,-0.244475776,-5.515726831,0.155106742,-0.097297830,0.123659120
5.696000,2.111660726,-0.046088768,-5.519157426,0.156861656,-0.139433987,0.129545265
5.697000,2.109945083,0.260006289,-5.695988689,0.156711308,-0.184378502,0.132398185
5.698000,2.082824595,0.260534229,-5.796676371,0.158649204,-0.231424503,0.139696176
5.699000,2.054228815,0.229166523,-5.954229615,0.166891249,-0.277225839,0.143803016
5.700000,2.035269774,0.157864794,-6.267326420,0.179453691,-0.317171870,0.142038421
5.701000,2.004765073,-0.035867073,-6.439890020,0.190607448,-0.361345558,0.136132468
5.702000,2.026586023,-0.079603650,-6.554811026,0.183728914,-0.409273345,0.125839132
5.703000,2.074744556,0.043477577,-6.907365410,0.174596198,-0.455868442,0.112577195
5.704000,2.116278558,-0.007658082,-7.170548381,0.164690932,-0.504163509,0.097599242
5.705000,2.122889128,-0.340673288,-7.349103224,0.167713747,-0.557995984,0.081846270
5.706000,2.251842463,-0.393935208,-7.666225014,0.161146155,-0.613230944,0.079037087
5.707000,2.367081510,-0.118712138,-8.122019602,0.162513320,-0.659585719,0.081621350
5.708000,2.432166068,0.086655739,-8.408287802,0.154375719,-0.708892866,0.082647579
5.709000,2.523549237,0.087559924,-8.522346848,0.147509116,-0.760303239,0.083047572
5.710000,2.637238205,0.144625175,-8.578374818,0.135327305,-0.819166221,0.089192281
5.711000,2.673283545,-0.018736449,-8.648511798,0.143089408,-0.873864658,0.086513897
5.712000,2.789234749,-0.166800031,-8.749394413,0.139858257,-0.934568136,0.082691560
5.713000,2.931769615,-0.049457282,-9.075169695,0.135971771,-0.991593893,0.082881035
5.714000,2.918093286,0.096532869,-9.382281002,0.132476994,-1.053539314,0.077841460
5.715000,2.785632679,-0.126309405,-9.228061099,0.130890175,-1.138485174,0.067303304
5.716000,2.649732322,-0.189179900,-9.641890532,0.126320878,-1.217166524,0.065891762
5.717000,2.684934385,-0.120649417,-9.940456225,0.131350443,-1.277660272,0.068168804
5.718000,3.047964847,0.008089584,-10.405111541,0.119654908,-1.311159692,0.069221658
5.719000,3.559415991,0.130231097,-10.547493107,0.092812757,-1.346467513,0.071517543
5.720000,3.937941654,0.245150634,-10.850398958,0.062490099,-1.392357625,0.072721809
5.721000,4.149751625,0.158309137,-11.067158406,0.035237316,-1.452952317,0.065005451
5.722000,4.218612921,0.247602653,-11.507419789,0.008609444,-1.521981570,0.062420895
5.723000,4.219399525,0.398269101,-11.811244874,0.004974347,-1.588923679,0.060487290
5.724000,4.231006002,0.464769925,-11.978605312,0.006041004,-1.656134207,0.060460139
5.725000,4.315541541,0.332497601,-12.100847911,0.012535421,-1.715390961,0.062047174
5.726000,4.440485738,0.399225337,-12.308396215,0.004884038,-1.769771523,0.070433625
5.727000,4.591048363,0.518889852,-12.760718308,-0.003184304,-1.823580290,0.078119922
5.728000,4.649835660,0.789461236,-13.154848148,-0.025095242,-1.886543022,0.089404013
5.729000,4.701342671,0.834368642,-13.416744932,-0.026055416,-1.939711895,0.098803223
5.730000,4.659675770,0.760126454,-13.683087427,-0.020294672,-1.990674143,0.100728421
5.731000,4.749067757,0.577591654,-13.664555768,-0.017438983,-2.038548419,0.112227315
5.732000,4.903418800,0.659751304,-13.826251286,-0.035332285,-2.088542750,0.125683466
5.733000,5.046546151,0.852750839,-13.889985963,-0.048745180,-2.138628394,0.134822526
5.734000,5.083805464,0.971952532,-13.901935910,-0.074648826,-2.182286426,0.137781564
5.735000,5.074150045,0.755960662,-14.120862322,-0.081191947,-2.215660977,0.136119855
5.736000,4.788471490,0.313313066,-14.562405830,-0.081089203,-2.259672620,0.121659386
5.737000,4.203215711,-0.295398571,-14.965379120,-0.064880230,-2.314629904,0.101926707
5.738000,3.498172615,-0.801924801,-14.972415622,-0.064067397,-2.386602435,0.086665559
5.739000,2.627149402,-1.137913990,-14.888041678,-0.057959384,-2.464186942,0.071429608
5.740000,1.659279725,-1.361920397,-14.830836969,-0.047753428,-2.539614864,0.054766161
5.741000,0.660313459,-1.811019157,-15.005712153,-0.006887117,-2.602898443,0.033208603
5.742000,-0.246498039,-2.214906672,-14.977752764,0.025898936,-2.665335545,0.020142694
5.743000,-0.932259873,-2.279839777,-14.917750140,0.041318254,-2.727595815,0.025268022
5.744000,-1.387991806,-2.002455444,-14.717680121,0.031662360,-2.776984628,0.041018897
5.745000,-1.899903096,-1.572290123,-14.464467666,0.017335668,-2.817270948,0.051051377
5.746000,-2.243993979,-0.902019954,-14.382011521,0.003251551,-2.849734056,0.055360574
5.747000,-2.448006411,-0.450950093,-14.640342392,0.005497146,-2.869721996,0.055065251
5.748000,-2.215203338,0.112699249,-14.736991175,-0.008269861,-2.887284562,0.064697523
5.749000,-1.597277830,0.769443074,-14.978340357,-0.033589477,-2.885199241,0.086134605
5.750000,-0.793077053,1.374640603,-15.028060529,-0.062315295,-2.863902009,0.101982813
5.751000,0.196581996,1.585276484,-14.993047492,-0.078244728,-2.827746648,0.115944657
5.752000,1.293650053,1.665077254,-15.087842108,-0.097135003,-2.785550876,0.123791206
5.753000,2.426339155,1.731065191,-15.577492144,-0.107915939,-2.737376369,0.132387649
5.754000,3.618152512,1.438360538,-15.802543340,-0.119898549,-2.691043394,0.133064704
5.755000,4.828272792,1.001848033,-15.969370761,-0.121020394,-2.642113178,0.127988499
5.756000,6.032451271,0.485046422,-15.921780300,-0.116311974,-2.583457367,0.125167877
5.757000,7.104754612,-0.263782872,-16.080807105,-0.084881567,-2.527360541,0.116710405
5.758000,7.869361331,-1.174188201,-15.996083264,-0.047462557,-2.479506917,0.103495561
5.759000,8.566561226,-1.948970018,-16.019287354,-0.005738797,-2.438477036,0.093214284
5.760000,9.174978305,-2.502402339,-16.010742265,0.031880900,-2.393320070,0.088733587
5.761000,9.572745266,-2.984293936,-15.933452828,0.077684033,-2.343051204,0.081575502
5.762000,9.791648418,-3.269876302,-15.757985729,0.108581770,-2.299457527,0.070715634
5.763000,9.760988443,-3.374364455,-15.447971379,0.129176065,-2.270017075,0.060670114
5.764000,9.543760327,-3.184618182,-15.133350895,0.108134395,-2.249846930,0.065736096
5.765000,9.126311212,-2.683518608,-14.816860575,0.072504566,-2.241158271,0.074799705
5.766000,8.332016183,-1.868487612,-14.501061524,0.036456183,-2.235950059,0.085019187
5.767000,7.383480120,-1.101144297,-14.243319464,0.017519941,-2.232719022,0.095638529
5.768000,6.372138416,-0.545530321,-14.197366679,-0.005544340,-2.231250315,0.105164217
5.769000,5.204771758,-0.081986407,-14.262025584,-0.031661821,-2.224119485,0.111452715
5.770000,4.262937272,0.165000698,-14.249750935,-0.078085698,-2.210882332,0.118057397
5.771000,3.481272026,0.263961724,-13.905567747,-0.119169087,-2.195449931,0.115917380
5.772000,2.594436520,0.548910737,-13.718217829,-0.142126148,-2.177837553,0.104925515
5.773000,1.759365112,0.566757525,-13.537258263,-0.145354003,-2.165917298,0.090610556
5.774000,1.014786789,0.480502828,-13.646508640,-0.152281253,-2.147327454,0.078393919
5.775000,0.366064905,0.236392919,-13.709003137,-0.154299737,-2.120691227,0.064768705
5.776000,-0.047517551,-0.070273240,-13.359198555,-0.156319154,-2.092672180,0.050446874
5.777000,-0.270057845,-0.281292491,-13.061844680,-0.153003141,-2.052063492,0.040720064
5.778000,-0.525349664,-0.521424732,-13.218117002,-0.130243104,-2.002458362,0.026651359
5.779000,-0.641966761,-0.829090526,-13.559035889,-0.102825519,-1.939580676,0.010428392
5.780000,-0.314174463,-1.210784930,-13.480470963,-0.080287500,-1.867754585,0.001607399
5.781000,0.232942275,-1.416137704,-13.175521262,-0.064370564,-1.789649424,-0.001670210
5.782000,0.823951787,-1.417153105,-12.590751300,-0.056083295,-1.712777768,-0.003928212
5.783000,1.411160393,-1.166359723,-12.456968335,-0.051800349,-1.625158501,-0.001108511
5.784000,1.944490073,-1.162831686,-12.381858799,-0.044967769,-1.525167048,-0.005528162
5.785000,2.567325700,-1.143797565,-12.467107781,-0.041004747,-1.428972887,-0.008924494
5.786000,3.147175374,-0.870729987,-12.440723788,-0.064671068,-1.328358506,-0.004255056
5.787000,3.618649173,-0.439660466,-12.094429232,-0.091312266,-1.239439744,-0.008497791
5.788000,4.068168723,-0.037495547,-11.728926456,-0.117623582,-1.146153448,-0.017866918
5.789000,4.356852372,0.119076364,-11.527253116,-0.120161754,-1.056720603,-0.026193730
5.790000,4.477034421,0.144554625,-11.498229844,-0.125496327,-0.978298304,-0.039425060
5.791000,4.572814543,0.266941119,-11.312813721,-0.115889757,-0.906011685,-0.049625960
5.792000,4.555320999,0.293267927,-11.130682797,-0.108539889,-0.839294032,-0.062757239
5.793000,4.568394774,0.328914823,-10.652292430,-0.105075850,-0.775419215,-0.070350146
5.794000,4.575239496,0.550194453,-10.397266669,-0.117131745,-0.719231524,-0.071382968
5.795000,4.418260731,0.793581300,-10.189761505,-0.113553344,-0.649958258,-0.082498723
5.796000,4.086683599,0.735881748,-9.867411240,-0.102736687,-0.587573124,-0.101464574
5.797000,3.838416695,0.595517002,-9.677233044,-0.095354076,-0.531414917,-0.112221864
5.798000,3.638649051,0.701478389,-9.584176915,-0.085135943,-0.476237293,-0.116768698
5.799000,3.542821776,0.976011718,-9.320842126,-0.080050821,-0.407809438,-0.122923739
5.800000,3.398297326,1.059238377,-8.976796220,-0.087505854,-0.337030825,-0.134624611
5.801000,3.247827639,0.893027998,-8.546144497,-0.094229596,-0.269014838,-0.148076066
5.802000,3.090880885,0.776669911,-8.073214797,-0.088688441,-0.210940979,-0.156680015
5.803000,2.922848751,0.744377786,-7.827427072,-0.077701683,-0.151566694,-0.163109222
5.804000,2.681720076,0.874511671,-7.612552744,-0.065882899,-0.090678660,-0.173861112
5.805000,2.474130203,0.759809709,-7.388904192,-0.048603043,-0.026249419,-0.188569966
5.806000,2.263468629,0.453725106,-7.241274429,-0.037597771,0.032303238,-0.197773690
5.807000,2.143731618,0.292194276,-7.061092517,-0.023165690,0.090765841,-0.208708637
5.808000,2.093537850,0.253252813,-6.832871506,-0.025443932,0.152178818,-0.216660045
5.809000,2.105913405,0.409002450,-6.484293826,-0.033990605,0.219764137,-0.219634308
5.810000,2.084317204,0.499627420,-6.207919775,-0.039092312,0.277017762,-0.224307466
5.811000,2.036316172,0.354317675,-6.007399877,-0.029951128,0.338819604,-0.230420675
5.812000,1.999726021,0.199913750,-5.689184891,-0.024796230,0.397620384,-0.234927183
5.813000,2.022405081,0.188065864,-5.592784937,-0.015170737,0.460025130,-0.237406730
5.814000,2.022767505,0.317016635,-5.293363724,-0.017790608,0.518159230,-0.243831309
5.815000,2.097345617,0.350047184,-5.072817935,-0.016472947,0.565259291,-0.250005164
5.816000,2.120548035,0.282920792,-4.740610387,-0.028359148,0.607759575,-0.255299007
5.817000,2.179294421,0.306746964,-4.560529542,-0.025819390,0.649378747,-0.261623990
5.818000,2.210154825,0.370097688,-4.383430752,-0.025801387,0.684838502,-0.265085976
5.819000,2.242756211,0.408518991,-4.366737861,-0.019795810,0.722909107,-0.264852428
5.820000,2.373918037,0.399260773,-4.245069628,-0.015391687,0.763276220,-0.261960712
5.821000,2.598634381,0.381539501,-3.936784442,-0.017127302,0.803718327,-0.257476787
5.822000,2.731298568,0.471104937,-3.771072456,-0.030192043,0.841757975,-0.253368216
5.823000,2.857737353,0.534014656,-3.548080461,-0.037591695,0.875663638,-0.253168253
5.824000,2.967589948,0.554710894,-3.443532991,-0.050717390,0.900596728,-0.249713330
5.825000,3.024323442,0.560556504,-3.411957024,-0.041232336,0.925860955,-0.251773400
5.826000,3.109922748,0.389233571,-3.226783336,-0.028724222,0.948268656,-0.255394838
5.827000,3.321308828,0.163573502,-3.130268164,-0.019252694,0.971331230,-0.252478961
5.828000,3.551652381,0.268587441,-3.198627814,-0.016927751,0.997587526,-0.248203842
5.829000,3.757464935,0.452784661,-3.251358957,-0.013455968,1.018509707,-0.247677950
5.830000,3.878066081,0.392896018,-3.133542085,-0.015071415,1.034182081,-0.245736550
5.831000,4.017123196,0.176104754,-2.960836396,-0.006690902,1.046538498,-0.242271448
5.832000,4.150375158,-0.078990945,-2.856891864,0.011523887,1.060284809,-0.238024722
5.833000,4.287857038,-0.203317022,-2.629867273,0.026502868,1.069887981,-0.233018550
5.834000,4.459464952,-0.202832486,-2.555871780,0.027222952,1.077251596,-0.224688156
5.835000,4.687019111,-0.113083763,-2.536153097,0.020212909,1.082850963,-0.218410601
5.836000,4.775281747,0.028612245,-2.494225924,0.003412367,1.085824251,-0.214552844
5.837000,4.842406992,0.034341178,-2.461878687,0.002982572,1.082761435,-0.212081495
5.838000,4.816315290,-0.105786497,-2.291174240,0.012164892,1.073064904,-0.209201081
5.839000,4.798221133,-0.163125386,-2.164512725,0.022517700,1.057386017,-0.202137893
5.840000,4.853496952,-0.172442285,-2.030745432,0.026519032,1.047053879,-0.193483738
5.841000,4.958357951,-0.047780833,-1.883003824,0.019603048,1.034637838,-0.185413556
5.842000,5.010974927,0.111963240,-1.780091732,-0.001191648,1.019567152,-0.180753810
5.843000,5.008543735,0.241184663,-1.703978354,-0.017670454,1.000625669,-0.178449315
5.844000,4.886842497,0.351082868,-1.709287843,-0.015233891,0.979888361,-0.175867804
5.845000,4.754310579,0.337338596,-1.669593713,0.002043079,0.960307243,-0.172849663
5.846000,4.632148029,0.206555319,-1.545585160,0.012861755,0.933981686,-0.165795768
5.847000,4.550349552,0.149120143,-1.397627919,0.010928287,0.906401686,-0.153985324
5.848000,4.450516994,0.198774366,-1.265253031,-0.006152937,0.879523421,-0.140981211
5.849000,4.299719109,0.348026290,-1.250157004,-0.028634795,0.852803450,-0.130447732
5.850000,4.058914755,0.397143085,-1.157842845,-0.042106622,0.822667693,-0.122966452
5.851000,3.715628646,0.316416932,-1.093804161,-0.039163692,0.783593320,-0.112471596
5.852000,3.372817302,0.215672462,-0.948767480,-0.026285376,0.741989232,-0.102111375
5.853000,3.057227407,0.202865552,-0.975315698,-0.014001438,0.700828592,-0.090196468
5.854000,2.745706291,0.190476535,-0.904034709,-0.013021416,0.661423623,-0.080833496
5.855000,2.396298228,0.116483115,-0.870419817,-0.021838997,0.617759869,-0.071438352
5.856000,2.098619974,0.105026717,-0.852950240,-0.037281986,0.575446736,-0.063981514
5.857000,1.795166843,0.145840536,-0.650848781,-0.038235001,0.535015905,-0.059765662
5.858000,1.503538736,0.087137209,-0.383211109,-0.038768247,0.488906652,-0.054508770
5.859000,1.154108542,0.125364735,-0.188875559,-0.037129012,0.436992263,-0.043766973
5.860000,0.798534722,0.308475162,-0.116651046,-0.037409763,0.384269845,-0.029305530
5.861000,0.537995657,0.459068152,-0.034248690,-0.041102600,0.341829073,-0.014014814
5.862000,0.333323192,0.477748860,-0.013334737,-0.052557540,0.308331443,0.001382263
5.863000,0.150274299,0.507317792,0.084003949,-0.063464704,0.273918471,0.015140281
5.864000,-0.059703039,0.544802257,0.219555389,-0.068793340,0.238472399,0.028996687
5.865000,-0.288620516,0.457758711,0.300049133,-0.072418949,0.198040381,0.043240133
5.866000,-0.416322372,0.380503364,0.264814186,-0.077961093,0.156614156,0.060369248
5.867000,-0.468064502,0.416889682,0.220100700,-0.086842288,0.114602298,0.079674934
5.868000,-0.505438574,0.497683599,0.186797091,-0.100023295,0.075750759,0.098198478
5.869000,-0.531877355,0.495750911,0.201894293,-0.113485785,0.038614402,0.113893036
5.870000,-0.554223849,0.515325450,0.267978126,-0.128410056,-0.001731449,0.129924044
5.871000,-0.613231859,0.492338299,0.258509259,-0.135788216,-0.043095719,0.141880070
5.872000,-0.648443753,0.429203553,0.214954622,-0.141448857,-0.085528306,0.152163197
5.873000,-0.636808799,0.403942784,0.129123003,-0.146149645,-0.123978246,0.159377463
5.874000,-0.571038300,0.465263419,0.035741636,-0.147982143,-0.162336951,0.164631253
5.875000,-0.474608690,0.514205757,-0.025653746,-0.144748823,-0.195622657,0.168684791
5.876000,-0.434414855,0.508411909,-0.168546202,-0.137449218,-0.223230926,0.172091612
5.877000,-0.373565248,0.506537058,-0.145032090,-0.128816066,-0.247729425,0.176633548
5.878000,-0.249375363,0.497262323,-0.034467726,-0.114411675,-0.272277698,0.192195617
5.879000,-0.242310310,0.574469175,-0.075150635,-0.099356138,-0.285933624,0.206606000
5.880000,-0.149746569,0.601629631,-0.184979957,-0.086605967,-0.289163935,0.215504232
5.881000,-0.011781882,0.485709017,-0.147229910,-0.080989128,-0.295095898,0.221166648
5.882000,0.069815524,0.341956639,-0.095434810,-0.077411915,-0.305934975,0.224522335
5.883000,0.127359062,0.250792547,0.073584966,-0.075086466,-0.320795502,0.223350017
5.884000,0.158976109,0.295647981,0.426204298,-0.079936161,-0.341786723,0.217923143
5.885000,0.154850978,0.427115078,0.686035670,-0.080086439,-0.358985041,0.210245539
5.886000,0.160782501,0.446266120,0.643463183,-0.072438192,-0.367990281,0.202813212
5.887000,0.154129105,0.355791386,0.451361713,-0.055398406,-0.374439831,0.195286660
5.888000,0.204704154,0.062837493,0.379381531,-0.037194398,-0.389614158,0.189248348
5.889000,0.319788330,-0.147194540,0.428291728,-0.023977466,-0.405962906,0.187481162
5.890000,0.335062937,-0.046232068,0.701762543,-0.015603857,-0.422008065,0.180745129
5.891000,0.311195842,0.059415087,0.954120206,-0.009778750,-0.437004467,0.166625930
5.892000,0.256247010,-0.017706326,1.224508678,-0.003111791,-0.452741918,0.155799673
5.893000,0.197258293,-0.172728270,1.220172242,0.005128855,-0.467225221,0.148284719
5.894000,0.122344286,-0.219289733,1.102309953,0.017382446,-0.481391514,0.140610756
5.895000,0.050196333,-0.273634358,1.154890809,0.024177118,-0.497816613,0.135276056
5.896000,0.024184567,-0.283245376,1.314004303,0.021448612,-0.509328812,0.132527061
5.897000,-0.022130584,-0.213159086,1.414548970,0.014069872,-0.516054771,0.129065870
5.898000,-0.099254463,-0.193520937,1.669412787,0.004874098,-0.525791805,0.123447529
5.899000,-0.228313727,-0.286864453,1.901286359,-0.001983785,-0.537428311,0.118782924
5.900000,-0.359194061,-0.364894282,2.106587481,-0.003364955,-0.547888528,0.114237094
5.901000,-0.453711267,-0.358674148,2.094641076,-0.008427894,-0.556201353,0.110030140
5.902000,-0.542549706,-0.336853686,2.127579916,-0.013085810,-0.560077276,0.106068879
5.903000,-0.623086886,-0.335175341,2.156029513,-0.019720509,-0.559396685,0.104125700
5.904000,-0.715343879,-0.295663274,2.266739587,-0.021827421,-0.559140040,0.100835265
5.905000,-0.857510464,-0.331833414,2.386467059,-0.022953472,-0.561206296,0.096254572
5.906000,-1.041129805,-0.440688259,2.468776568,-0.020788480,-0.563924997,0.090148249
5.907000,-1.204287697,-0.489092446,2.523912478,-0.016469440,-0.565397914,0.084242482
5.908000,-1.345457045,-0.534862100,2.446308569,-0.010395382,-0.559824480,0.076237901
5.909000,-1.433187846,-0.584240790,2.372526725,-0.007529134,-0.552378664,0.067190425
5.910000,-1.451782809,-0.638795265,2.368164332,-0.004169693,-0.540424407,0.058106088
5.911000,-1.530779274,-0.669072073,2.420059944,-0.004924591,-0.529247917,0.047229583
5.912000,-1.606278148,-0.808523180,2.566808502,-0.003427193,-0.523015772,0.035575537
5.913000,-1.691864344,-0.913699655,2.709262222,-0.006475647,-0.518992308,0.027996084
5.914000,-1.752531553,-0.887646354,2.786063573,-0.006716938,-0.514474133,0.020140382
5.915000,-1.818465802,-0.855744744,2.912434795,-0.010140280,-0.508615479,0.010828239
5.916000,-1.870955026,-0.853443201,2.959896454,-0.008322073,-0.500532202,0.005448665
5.917000,-1.937492173,-0.855929558,3.006506973,-0.005897152,-0.494007165,0.001593027
5.918000,-1.976119662,-0.915694301,3.086295888,0.002548776,-0.488114193,-0.003692729
5.919000,-2.014982308,-0.959641202,3.238925981,0.005264406,-0.483413394,-0.007120645
5.920000,-1.978596241,-0.849266370,3.412273574,0.000545987,-0.472406264,-0.008661944
5.921000,-1.928701037,-0.696002354,3.608562287,-0.007404408,-0.458789352,-0.014380235
5.922000,-1.842338429,-0.602606432,3.759909299,-0.013077039,-0.441516033,-0.020457534
5.923000,-1.781367094,-0.489041463,3.790176550,-0.019110635,-0.418752421,-0.025719376
5.924000,-1.705760014,-0.395197515,3.759378973,-0.020460388,-0.393154508,-0.034569644
5.925000,-1.605405601,-0.263855684,3.556124338,-0.024884921,-0.360742631,-0.038529523
5.926000,-1.439684085,-0.139650853,3.467090491,-0.028537595,-0.321780533,-0.040181242
5.927000,-1.247378533,0.023484710,3.513981440,-0.033077141,-0.286540155,-0.044391804
5.928000,-1.053460508,0.000720949,3.636187018,-0.029515616,-0.248796300,-0.049236271
5.929000,-0.971512977,-0.087324937,3.675276545,-0.027850705,-0.210707715,-0.053038437
5.930000,-0.856689608,-0.160632197,3.562524510,-0.024827772,-0.174859302,-0.060342634
5.931000,-0.712016460,-0.045473298,3.440416133,-0.026975578,-0.133516258,-0.069372289
5.932000,-0.545416249,0.021828976,3.482358658,-0.029680120,-0.083891806,-0.077277619
5.933000,-0.312721863,0.145399454,3.522337221,-0.033499904,-0.028553023,-0.085596481
5.934000,-0.082921104,0.147247313,3.411531685,-0.025867745,0.028633996,-0.090514485
5.935000,0.090432647,0.130041326,3.332758636,-0.021590294,0.075440929,-0.091686600
5.936000,0.227972284,0.046580923,3.176311751,-0.010447461,0.126830130,-0.091884936
5.937000,0.425258465,-0.033548309,3.287573127,-0.006137875,0.180746081,-0.090736602
5.938000,0.604827322,-0.099093580,3.547292195,-0.006712621,0.235460173,-0.090739237
5.939000,0.858894960,-0.037498560,3.919524321,-0.020827056,0.290742306,-0.086867832
5.940000,1.087561873,0.172688158,3.933171782,-0.035216359,0.351234906,-0.087280247
5.941000,1.140622137,0.333412935,3.830022538,-0.043024777,0.403602942,-0.091870441
5.942000,1.171027919,0.271083441,3.691221550,-0.037539525,0.458130927,-0.092795395
5.943000,1.204541162,0.156334754,3.678484729,-0.031299341,0.509486889,-0.088196420
5.944000,1.316107620,0.246797182,3.707119625,-0.028464212,0.572278392,-0.085410424
5.945000,1.437643758,0.376169002,3.941233592,-0.038903484,0.638026906,-0.083439549
5.946000,1.560956991,0.465867548,4.069950583,-0.060191080,0.698789742,-0.082043852
5.947000,1.646808620,0.651277965,4.045325610,-0.081279864,0.751928919,-0.083419509
5.948000,1.689195416,0.667462654,4.000060959,-0.071850453,0.806587816,-0.092949914
5.949000,1.682592339,0.433015177,4.236181091,-0.058499328,0.854601981,-0.097690201
5.950000,1.860954053,0.236559485,4.282165334,-0.041524408,0.907146233,-0.101610407
5.951000,1.958466284,0.348790589,4.492302922,-0.033718586,0.956570591,-0.105242708
5.952000,2.088670924,0.335205995,4.771693576,-0.036915622,1.005033637,-0.108461539
5.953000,2.119968681,0.404958394,4.932835872,-0.059163958,1.056565885,-0.107170084
5.954000,2.214128253,0.490268063,4.975833109,-0.070286888,1.106231794,-0.105672723
5.955000,2.201352441,0.468479805,5.159935707,-0.062550217,1.157205452,-0.102452126
5.956000,2.297566997,0.460594655,5.376940607,-0.047533340,1.213007316,-0.098425149
5.957000,2.370543685,0.403815543,5.539574619,-0.033901793,1.266983428,-0.095681488
5.958000,2.435354422,0.161803653,5.822670694,-0.019094377,1.321401616,-0.093110775
5.959000,2.538953091,0.128345179,6.098556498,-0.028475136,1.377086487,-0.092080863
5.960000,2.623853610,0.267446693,6.122528737,-0.037096001,1.424651328,-0.094885926
5.961000,2.597328012,0.367423474,6.277645105,-0.047225161,1.475108150,-0.097464181
5.962000,2.507614240,0.348733095,6.329222672,-0.050577991,1.527466139,-0.106788859
5.963000,2.438252372,0.384781109,6.446040326,-0.038329724,1.574063893,-0.114733352
5.964000,2.336853167,0.350188237,6.631359718,-0.010747158,1.621520368,-0.117796378
5.965000,2.334593002,0.317511478,6.748382558,-0.004373297,1.675861423,-0.117518160
5.966000,2.501588155,0.409077787,6.768652685,-0.011369924,1.729825778,-0.112360704
5.967000,2.568483993,0.575286402,6.966662785,-0.025094031,1.789633621,-0.110738398
5.968000,2.520242143,0.550675919,7.265909654,-0.031264178,1.845664655,-0.110864790
5.969000,2.505041857,0.413138864,7.604772571,-0.033449703,1.893362378,-0.107107628
5.970000,2.489158504,0.202602103,7.827065738,-0.015293256,1.937741823,-0.104560397
5.971000,2.576227935,-0.077392506,8.033926503,0.005281795,1.980437867,-0.096131592
5.972000,2.694248222,-0.294979225,8.199953505,0.008691431,2.026428959,-0.083518573
5.973000,2.859259280,-0.195255201,8.199870366,0.006087516,2.070486153,-0.074924700
5.974000,2.913980056,-0.207839495,8.478233343,0.013734356,2.114194038,-0.067635071
5.975000,2.920165405,-0.325226746,8.763754981,0.013235307,2.156830145,-0.056812679
5.976000,2.952334208,-0.443271450,8.992470815,0.022788641,2.194255377,-0.044919908
5.977000,3.000162289,-0.469931344,9.170952835,0.039510677,2.240338848,-0.033337273
5.978000,3.017263219,-0.543655427,9.403023356,0.059974913,2.297854073,-0.021213672
5.979000,3.140845863,-0.565991922,9.241788256,0.073985968,2.355453692,-0.009488069
5.980000,3.180381058,-0.698061878,9.056176865,0.090587555,2.419058203,-0.003109227
5.981000,3.259668361,-0.820113064,8.821386561,0.100924443,2.482747722,0.007070138
5.982000,3.334032434,-0.922790446,8.798881996,0.109984092,2.539365981,0.011838965
5.983000,3.371890641,-1.095609125,9.041376668,0.126710663,2.592379091,0.013809683
5.984000,3.566948130,-1.159727877,9.522373654,0.129158379,2.648607425,0.020041222
5.985000,3.786360114,-0.856349412,9.787921153,0.137403084,2.712445998,0.024751114
5.986000,4.002164466,-0.548717814,9.805891796,0.152436952,2.771829884,0.028625906
5.987000,4.801701503,-0.205814884,9.452763117,0.143832219,2.841514213,0.043210050
5.988000,5.969957529,0.373064445,9.465539231,0.116577544,2.950668731,0.050287799
5.989000,7.116489894,0.869880811,10.168309475,0.091349254,3.046664479,0.051290791
5.990000,8.199720149,0.986183197,10.489610851,0.058346677,3.143388903,0.056667075
5.991000,8.966083494,1.102230236,10.082949467,0.049145719,3.231891909,0.050209427
5.992000,9.901810019,0.912404406,9.921794792,0.063974921,3.318027845,0.040361304
5.993000,10.859631032,0.431121564,9.940308547,0.066169724,3.410499134,0.041117813
5.994000,11.514028383,0.070447543,9.972436074,0.084888967,3.491822176,0.034263597
5.995000,11.908444650,-0.250448961,10.264471374,0.106045893,3.552173033,0.028295985
5.996000,12.100776173,-0.835668681,10.251430786,0.130925580,3.609762342,0.025727262
5.997000,12.212511937,-1.379896620,10.210761783,0.144741388,3.667230065,0.021652267
5.998000,12.184218508,-1.886096530,10.142712153,0.155576959,3.707897963,0.020919541
5.999000,11.887948338,-2.196480172,10.307674841,0.176174410,3.737752240,0.019121441
6.000000,11.446133759,-2.422771258,10.470212838,0.211013899,3.746796031,0.024991166
6.001000,10.770104392,-2.750103683,10.977503863,0.232232226,3.753385489,0.018070526
6.002000,9.968632417,-2.704511618,11.165293904,0.231229366,3.755345289,0.012129048
6.003000,9.254446949,-2.231837534,11.436630393,0.211629478,3.750733513,0.014218387
6.004000,8.425139257,-1.718466589,11.602554641,0.202620997,3.742153933,0.021805912
6.005000,7.513802570,-1.176412437,11.939272781,0.190150270,3.729810969,0.037214730
6.006000,6.758008340,-0.469535890,12.255706714,0.165007076,3.723099021,0.056929134
6.007000,6.074126067,0.339714943,12.140138975,0.128572257,3.719367360,0.071563914
6.008000,5.521113782,0.860960183,12.075937198,0.101003678,3.713339643,0.087751726
6.009000,5.046871791,1.096986644,12.032122724,0.080102344,3.706149711,0.100124167
6.010000,4.785715847,1.291954785,12.144190178,0.069289148,3.695816266,0.103251759
6.011000,4.618616658,1.357986077,12.300543071,0.061127247,3.691016315,0.107934813
6.012000,4.565963140,1.265947785,12.229460444,0.073591474,3.688648297,0.114476588
6.013000,4.703432375,0.960381398,11.943161541,0.093370955,3.695452429,0.125846180
6.014000,5.063421029,0.498084519,11.811837284,0.106440917,3.699757080,0.135884589
6.015000,5.591089592,0.068425621,11.927610295,0.121498074,3.704104574,0.149527775
6.016000,6.210555699,-0.327135136,11.780326423,0.154334714,3.715983830,0.168960116
6.017000,6.902141359,-0.815883400,11.961699669,0.205274892,3.733517174,0.188134864
6.018000,7.415857864,-1.332091447,12.078191922,0.247229804,3.748188254,0.205125463
6.019000,8.073890180,-1.690198450,12.120774024,0.270254271,3.758396446,0.202223070
6.020000,8.695694433,-2.084635013,12.326969022,0.281806651,3.763498108,0.174284965
6.021000,9.293722843,-2.077832283,13.009895462,0.260599858,3.763805040,0.134018703
6.022000,9.894690638,-1.850760517,13.681260120,0.237040928,3.763493379,0.071599584
6.023000,10.350163520,-1.378243151,13.990071352,0.206456691,3.755955534,-0.000304217
6.024000,10.742648482,-0.729089542,13.865466924,0.171741605,3.739709904,-0.051790682
6.025000,11.096996727,-0.023763460,13.596276110,0.124884168,3.725500264,-0.081503865
6.026000,11.024105417,0.630661409,13.519405121,0.103011253,3.711575047,-0.090217247
6.027000,10.849217671,0.963811469,13.752526924,0.098078440,3.694853183,-0.080779001
6.028000,10.683630168,1.000268777,13.631318222,0.102018857,3.675077920,-0.061662415
6.029000,10.343968709,0.776836923,13.494193056,0.106517091,3.650866769,-0.046525331
6.030000,9.936837995,0.396138263,13.355178413,0.112927082,3.602776293,-0.036758867
6.031000,9.324992400,-0.024931985,13.624495088,0.116357249,3.547124831,-0.038488961
6.032000,8.672024913,-0.278477355,13.882159404,0.119660005,3.486580682,-0.041503494
6.033000,7.696247186,-0.608720296,14.187658251,0.124601954,3.428374002,-0.055113637
6.034000,6.688657390,-0.927065363,13.870232089,0.135159164,3.355888479,-0.071586111
6.035000,5.738714656,-1.074064685,13.482130523,0.156523641,3.275436557,-0.091412668
6.036000,5.010333549,-1.202237186,13.338905874,0.179220467,3.194415574,-0.111795141
6.037000,4.354632074,-1.371925938,13.604734743,0.193324810,3.108311617,-0.133046634
6.038000,3.798695813,-1.371136162,13.929530743,0.215966774,3.027768663,-0.162612613
6.039000,3.461102020,-1.355533098,13.914104302,0.235043129,2.967318960,-0.191271586
6.040000,3.364545187,-1.240501065,13.337363925,0.240314141,2.924284834,-0.209431150
6.041000,3.441872631,-1.011096154,13.087548915,0.248240068,2.886200695,-0.235026431
6.042000,3.619660672,-0.765870064,13.165153744,0.251776883,2.851138783,-0.251854655
6.043000,3.751692405,-0.544378264,13.345964548,0.240620912,2.813835993,-0.255359930
6.044000,3.871710601,-0.271494339,13.335069058,0.224204416,2.773949970,-0.255969600
6.045000,3.953407012,0.012033266,13.067988601,0.202092369,2.730608015,-0.249303514
6.046000,4.098097153,0.365156986,12.675996323,0.174994362,2.685131385,-0.236780869
6.047000,4.161270478,0.640377612,12.401448523,0.173500295,2.640138444,-0.235590680
6.048000,4.358945159,0.488077909,12.379291432,0.183530910,2.592577415,-0.229862874
6.049000,4.601876748,0.183312911,12.299844874,0.186039260,2.549745453,-0.228295667
6.050000,4.881975763,-0.012079309,11.852551210,0.194055258,2.508648635,-0.236328137
6.051000,5.113695324,-0.384447701,11.255646899,0.194642842,2.465768606,-0.240144307
6.052000,5.395022722,-0.788366365,10.808646219,0.213043452,2.418885919,-0.244783351
6.053000,5.535192630,-1.092406050,10.740483908,0.246702857,2.369307829,-0.254635643
6.054000,5.584869047,-1.467530848,10.620719675,0.284149469,2.316403846,-0.265497923
6.055000,5.622002577,-1.805764078,10.344220641,0.300388355,2.259443097,-0.274631878
6.056000,5.709226627,-1.858991073,10.026127052,0.310689711,2.206142656,-0.285494963
6.057000,5.740096780,-1.778555521,9.805578415,0.307560947,2.146816354,-0.292432781
6.058000,5.690152269,-1.603493258,9.602809201,0.300201721,2.090047141,-0.295580794
6.059000,5.594219219,-1.239267409,9.542822418,0.298978480,2.023501243,-0.295301447
6.060000,5.317472287,-1.064990110,9.459819285,0.306102259,1.954006256,-0.294123217
6.061000,4.941433151,-1.055359153,9.489161005,0.302528825,1.873338224,-0.290163257
6.062000,4.590641799,-0.976715884,9.419233405,0.289442769,1.806121132,-0.283044412
6.063000,4.216576972,-0.686148345,9.155066915,0.267130904,1.740103698,-0.275410841
6.064000,3.766738471,-0.467768069,8.854863753,0.260053020,1.672449474,-0.262256359
6.065000,3.226978166,-0.271515547,8.718235189,0.267544933,1.594262044,-0.242349566
6.066000,2.779676898,-0.199052900,8.471692152,0.287238933,1.524973340,-0.224406155
6.067000,2.323956471,-0.233957773,8.289887743,0.286792850,1.452548683,-0.210422236
6.068000,2.034437006,-0.265782105,8.078129154,0.279899754,1.385777193,-0.201513457
6.069000,1.720596905,-0.066954939,7.804650071,0.274173861,1.317924082,-0.195891321
6.070000,1.477141272,0.024133232,7.692951059,0.282374808,1.258028940,-0.194137904
6.071000,1.245083606,0.066273697,7.564177947,0.285638877,1.196897081,-0.188699076
6.072000,1.082405807,0.050517589,7.355562736,0.301336795,1.140016287,-0.184533822
6.073000,0.934814774,0.011927372,7.191996205,0.311088048,1.081823042,-0.185064897
6.074000,0.917812965,-0.088457323,7.029951337,0.315911820,1.028118396,-0.187483847
6.075000,0.986694075,0.000641569,6.736577946,0.310968406,0.981103556,-0.191117711
6.076000,1.042013005,-0.104508308,6.404867594,0.312431731,0.943375886,-0.193484383
6.077000,1.102344344,-0.243018957,6.135836859,0.309209879,0.903638672,-0.195382222
6.078000,1.262802948,-0.412045227,5.859031142,0.309188335,0.852770941,-0.195595205
6.079000,1.299842093,-0.418008854,5.836759771,0.319951007,0.809898246,-0.194942646
6.080000,1.340666508,-0.530052029,5.763696249,0.328629172,0.770830927,-0.195984848
6.081000,1.463706244,-0.568570892,5.473295367,0.328726541,0.734614713,-0.192918136
6.082000,1.541393658,-0.494606827,5.148331203,0.327142047,0.702007843,-0.189928426
6.083000,1.513558043,-0.421053818,4.955286951,0.322198314,0.663499118,-0.189214905
6.084000,1.494081747,-0.426205153,4.870279061,0.318403062,0.623615049,-0.186343870
6.085000,1.502779366,-0.285319894,4.924336976,0.311685633,0.584830900,-0.178827946
6.086000,1.457818409,-0.164643902,4.837095925,0.308330287,0.548009712,-0.174700080
6.087000,1.389428836,-0.076826415,4.711568001,0.305510106,0.514199352,-0.168667231
6.088000,1.360101533,-0.043263780,4.560385894,0.299388122,0.480996242,-0.160657932
6.089000,1.320963699,0.076594015,4.398166847,0.286486115,0.449929881,-0.151014134
6.090000,1.308317104,0.181185110,4.424294502,0.274409923,0.420179411,-0.140938097
6.091000,1.214777247,0.279818543,4.416400355,0.262235753,0.394082658,-0.134868888
6.092000,1.046849169,0.438781801,4.377563040,0.249023599,0.370592821,-0.126020876
6.093000,0.919499138,0.674464300,4.212365106,0.237059017,0.350520374,-0.117108197
6.094000,0.811411542,0.842718725,3.955277896,0.229139813,0.337178238,-0.108705902
6.095000,0.685329165,0.929288489,3.690740857,0.225210472,0.325665322,-0.101179477
6.096000,0.578779756,0.814834837,3.570747730,0.222870812,0.315714543,-0.096730999
6.097000,0.591403903,0.690004406,3.483520376,0.215343727,0.305968712,-0.090294904
6.098000,0.606287203,0.585979866,3.378953103,0.211909696,0.300698793,-0.085364061
6.099000,0.651727799,0.452354833,3.250689125,0.203720486,0.296613057,-0.079123168
6.100000,0.677935706,0.189510960,3.095005851,0.206380394,0.294026046,-0.072179072
6.101000,0.675949007,-0.012676357,2.981252750,0.213525459,0.290383267,-0.064314628
6.102000,0.707773571,-0.200279319,2.885480456,0.227936235,0.286335783,-0.049714143
6.103000,0.790778436,-0.359050430,2.739043619,0.237952469,0.281193813,-0.030694360
6.104000,0.863442759,-0.425913485,2.662761326,0.239910721,0.275637193,-0.012564290
6.105000,0.883822833,-0.432203285,2.701838041,0.231844719,0.272090434,0.001031413
6.106000,0.866899758,-0.532905460,2.720575749,0.218431536,0.268554963,0.006495738
6.107000,0.814483528,-0.678785098,2.677509394,0.196173183,0.263957155,0.004311711
6.108000,0.807324829,-0.694413482,2.503108668,0.174558598,0.261397961,-0.001477848
6.109000,0.833273933,-0.578103565,2.367314016,0.154721265,0.259292863,-0.009869994
6.110000,0.914073011,-0.462337036,2.260361777,0.141153358,0.259466993,-0.017418137
6.111000,1.080970259,-0.353566829,2.114123729,0.134059826,0.261508090,-0.019196248
6.112000,1.286266242,-0.308664450,1.989001844,0.132554610,0.262005238,-0.008257123
6.113000,1.399118085,-0.300185158,1.828752155,0.127830540,0.258352559,0.010340996
6.114000,1.455321538,-0.159500066,1.675129888,0.117133247,0.252941697,0.035012171
6.115000,1.507467475,0.115675829,1.570878454,0.098346942,0.247243360,0.064394384
6.116000,1.549064340,0.442079348,1.510935179,0.083879999,0.242058757,0.091584048
6.117000,1.508231090,0.670792698,1.429131738,0.077189170,0.238888515,0.112888971
6.118000,1.445229672,0.717744831,1.250170196,0.079206341,0.235340805,0.128056461
6.119000,1.383435613,0.614092409,1.042893054,0.085196507,0.230097085,0.143712634
6.120000,1.325474496,0.417196588,0.898989734,0.089681572,0.223317745,0.152695567
6.121000,1.353830310,0.205765239,0.907010637,0.089522332,0.214974838,0.155546625
6.122000,1.355167789,0.076967176,0.905111131,0.083491622,0.209296715,0.156295763
6.123000,1.324543932,0.084090664,0.694915123,0.082016794,0.209237172,0.154028742
6.124000,1.268638038,-0.065663861,0.468223633,0.092760748,0.207893560,0.146079943
6.125000,1.200853777,-0.287942683,0.186418079,0.114580620,0.203609363,0.133937219
6.126000,1.116579781,-0.545131710,0.058327751,0.148243398,0.198473720,0.119114239
6.127000,1.023076347,-0.666762837,-0.023315778,0.179314653,0.193352998,0.104176687
6.128000,0.948216343,-0.660482763,-0.198981838,0.204527461,0.191322029,0.086110236
6.129000,0.819664346,-0.602104105,-0.421068580,0.221270964,0.191899110,0.064782461
6.130000,0.733953270,-0.751846254,-0.521313539,0.237362292,0.187327106,0.042992362
6.131000,0.682627387,-0.982790457,-0.590991390,0.252922181,0.179479797,0.028780871
6.132000,0.586605970,-1.092721725,-0.657599376,0.271621443,0.172439339,0.021654512
6.133000,0.476360548,-1.060217905,-0.626887391,0.282827776,0.165145212,0.017290916
6.134000,0.367873954,-0.932262365,-0.639346245,0.274652587,0.162014222,0.016641549
6.135000,0.272580579,-0.686356983,-0.725334435,0.258487611,0.161938222,0.014786172
6.136000,0.180960633,-0.502227283,-0.717614745,0.244337016,0.160572011,0.008303096
6.137000,0.030297496,-0.387272410,-0.685842417,0.238423494,0.152753217,-0.002061939
6.138000,-0.157508349,-0.310007259,-0.850950826,0.243349821,0.144117660,-0.013573712
6.139000,-0.322198307,-0.254398865,-1.126840234,0.256301949,0.135574441,-0.022115958
6.140000,-0.480498037,-0.160146300,-1.341558457,0.264057904,0.128625404,-0.028349748
6.141000,-0.532515073,-0.050461559,-1.446259835,0.269022507,0.125700112,-0.031260211
6.142000,-0.511980163,0.086472897,-1.485960993,0.267671103,0.128608328,-0.031866493
6.143000,-0.498241411,0.172532351,-1.466516481,0.264362346,0.132816659,-0.035999404
6.144000,-0.532820675,0.173700388,-1.539250195,0.265712805,0.136690081,-0.042541324
6.145000,-0.599728339,0.105827250,-1.778232257,0.274252390,0.137811215,-0.046765589
6.146000,-0.678240069,0.046333846,-2.084983056,0.282858912,0.137442953,-0.050753412
6.147000,-0.706841823,0.003820738,-2.333341505,0.285291603,0.139095390,-0.051712376
6.148000,-0.683944156,0.008414854,-2.436810076,0.278361294,0.141462921,-0.049936711
6.149000,-0.673941078,0.023086074,-2.457095557,0.270621183,0.146380118,-0.048039487
6.150000,-0.709128162,-0.018165502,-2.484083914,0.267549405,0.150027712,-0.047690420
6.151000,-0.739742506,-0.231556943,-2.527807827,0.269733578,0.151887593,-0.047735251
6.152000,-0.749977116,-0.440553193,-2.632138530,0.270947053,0.154712945,-0.049012348
6.153000,-0.713709695,-0.424290439,-2.785498609,0.272356476,0.159757284,-0.052680740
6.154000,-0.597439968,-0.359411526,-2.812883975,0.266222218,0.166184227,-0.056579527
6.155000,-0.476024422,-0.303347719,-2.719249487,0.254348857,0.173786394,-0.058583995
6.156000,-0.368757016,-0.127984378,-2.702656430,0.241066945,0.182390352,-0.061641431
6.157000,-0.301485958,0.047340093,-2.697515578,0.238056384,0.190482571,-0.064171350
6.158000,-0.283840403,0.153397683,-2.794859769,0.239807485,0.196828635,-0.065724710
6.159000,-0.246986925,0.208516789,-2.971279533,0.242508289,0.204924783,-0.067502821
6.160000,-0.168690039,0.390446208,-3.185665260,0.237647137,0.213541057,-0.067898850
6.161000,-0.057050594,0.629841341,-3.300792651,0.228781567,0.224031556,-0.069993807
6.162000,0.031481856,0.854855591,-3.325504181,0.211970321,0.232054740,-0.072461003
6.163000,0.098858381,1.016406377,-3.460585089,0.202885972,0.243542290,-0.076397185
6.164000,0.138766651,1.079859596,-3.617016181,0.199949824,0.252577092,-0.082436437
6.165000,0.201924028,1.018718338,-3.805651680,0.206822255,0.261860184,-0.088418709
6.166000,0.278663754,0.841428987,-4.016216475,0.210454050,0.269730045,-0.094971807
6.167000,0.417048831,0.736243283,-4.142697782,0.209029929,0.279645545,-0.100588598
6.168000,0.537554703,0.647975871,-4.097490284,0.200352846,0.287212160,-0.110497778
6.169000,0.658027676,0.504205677,-4.012780471,0.191478406,0.292205041,-0.118849913
6.170000,0.787220819,0.320871036,-3.944955800,0.181224252,0.293936985,-0.124373717
6.171000,0.896443501,0.190425634,-3.960638267,0.176925386,0.293627743,-0.126123378
6.172000,0.942347728,0.161950350,-4.071714242,0.173761051,0.293538293,-0.121896301
6.173000,0.973932309,0.283425446,-4.193212027,0.171043594,0.295538314,-0.111962687
6.174000,0.992817603,0.371900349,-4.312214274,0.169900112,0.295375766,-0.098520741
6.175000,1.023896595,0.434197857,-4.420749756,0.170532392,0.294573119,-0.081551946
6.176000,0.985344274,0.503743239,-4.440249270,0.173734757,0.289523521,-0.067175898
6.177000,0.967614810,0.503313413,-4.511480129,0.186031989,0.282598918,-0.054805944
6.178000,0.943126460,0.410734087,-4.409467158,0.194216281,0.270586519,-0.045060087
6.179000,0.986623881,0.381005662,-4.359742975,0.193088387,0.262149351,-0.038437539
6.180000,1.086754748,0.471473041,-4.260766170,0.184552883,0.246770637,-0.032535073
6.181000,1.136040598,0.484420203,-4.104754836,0.173177923,0.232859171,-0.025604863
6.182000,1.170808945,0.465465255,-3.999390993,0.152896718,0.216339234,-0.015226680
6.183000,1.256140745,0.602577290,-4.013878619,0.133594312,0.202190130,-0.004156047
6.184000,1.237095509,0.710751333,-4.013251048,0.120829601,0.177718030,0.003914402
6.185000,1.123435006,0.548843824,-4.113931614,0.116598057,0.154989595,0.010391169
6.186000,1.113912468,0.402008067,-4.422515254,0.110646027,0.132553951,0.019462973
6.187000,1.199509701,0.368824525,-4.731702852,0.112251319,0.113194679,0.028011050
6.188000,1.280571730,0.278177964,-4.778096394,0.103744242,0.093529870,0.033497794
6.189000,1.495117289,0.185958112,-4.778906821,0.098445682,0.076954567,0.044656424
6.190000,1.715094931,0.179512508,-4.895758265,0.105886013,0.059996093,0.056063457
6.191000,1.831711990,-0.001304473,-5.078682107,0.116547695,0.037906041,0.069233051
6.192000,1.957741493,-0.133478192,-5.302394696,0.124352749,0.005311539,0.087714505
6.193000,2.067863968,-0.023506815,-5.634594429,0.141442587,-0.024681871,0.105836087
6.194000,2.099653746,-0.070839956,-5.606180665,0.151410731,-0.060655443,0.114699429
6.195000,2.165853689,-0.244475776,-5.515726831,0.155106742,-0.097297830,0.123659120
6.196000,2.111660726,-0.046088768,-5.519157426,0.156861656,-0.139433987,0.129545265
6.197000,2.109945083,0.260006289,-5.695988689,0.156711308,-0.184378502,0.132398185
6.198000,2.082824595,0.260534229,-5.796676371,0.158649204,-0.231424503,0.139696176
6.199000,2.054228815,0.229166523,-5.954229615,0.166891249,-0.277225839,0.143803016
6.200000,2.035269774,0.157864794,-6.267326420,0.179453691,-0.317171870,0.142038421
6.201000,2.004765073,-0.035867073,-6.439890020,0.190607448,-0.361345558,0.136132468
6.202000,2.026586023,-0.079603650,-6.554811026,0.183728914,-0.409273345,0.125839132
6.203000,2.074744556,0.043477577,-6.907365410,0.174596198,-0.455868442,0.112577195
6.204000,2.116278558,-0.007658082,-7.170548381,0.164690932,-0.504163509,0.097599242
6.205000,2.122889128,-0.340673288,-7.349103224,0.167713747,-0.557995984,0.081846270
6.206000,2.251842463,-0.393935208,-7.666225014,0.161146155,-0.613230944,0.079037087
6.207000,2.367081510,-0.118712138,-8.122019602,0.162513320,-0.659585719,0.081621350
6.208000,2.432166068,0.086655739,-8.408287802,0.154375719,-0.708892866,0.082647579
6.209000,2.523549237,0.087559924,-8.522346848,0.147509116,-0.760303239,0.083047572
6.210000,2.637238205,0.144625175,-8.578374818,0.135327305,-0.819166221,0.089192281
6.211000,2.673283545,-0.018736449,-8.648511798,0.143089408,-0.873864658,0.086513897
6.212000,2.789234749,-0.166800031,-8.749394413,0.139858257,-0.934568136,0.082691560
6.213000,2.931769615,-0.049457282,-9.075169695,0.135971771,-0.991593893,0.082881035
6.214000,2.918093286,0.096532869,-9.382281002,0.132476994,-1.053539314,0.077841460
6.215000,2.785632679,-0.126309405,-9.228061099,0.130890175,-1.138485174,0.067303304
6.216000,2.649732322,-0.189179900,-9.641890532,0.126320878,-1.217166524,0.065891762
6.217000,2.684934385,-0.120649417,-9.940456225,0.131350443,-1.277660272,0.068168804
6.218000,3.047964847,0.008089584,-10.405111541,0.119654908,-1.311159692,0.069221658
6.219000,3.559415991,0.130231097,-10.547493107,0.092812757,-1.346467513,0.071517543
6.220000,3.937941654,0.245150634,-10.850398958,0.062490099,-1.392357625,0.072721809
6.221000,4.149751625,0.158309137,-11.067158406,0.035237316,-1.452952317,0.065005451
6.222000,4.218612921,0.247602653,-11.507419789,0.008609444,-1.521981570,0.062420895
6.223000,4.219399525,0.398269101,-11.811244874,0.004974347,-1.588923679,0.060487290
6.224000,4.231006002,0.464769925,-11.978605312,0.006041004,-1.656134207,0.060460139
6.225000,4.315541541,0.332497601,-12.100847911,0.012535421,-1.715390961,0.062047174
6.226000,4.440485738,0.399225337,-12.308396215,0.004884038,-1.769771523,0.070433625
6.227000,4.591048363,0.518889852,-12.760718308,-0.003184304,-1.823580290,0.078119922
6.228000,4.649835660,0.789461236,-13.154848148,-0.025095242,-1.886543022,0.089404013
6.229000,4.701342671,0.834368642,-13.416744932,-0.026055416,-1.939711895,0.098803223
6.230000,4.659675770,0.760126454,-13.683087427,-0.020294672,-1.990674143,0.100728421
6.231000,4.749067757,0.577591654,-13.664555768,-0.017438983,-2.038548419,0.112227315
6.232000,4.903418800,0.659751304,-13.826251286,-0.035332285,-2.088542750,0.125683466
6.233000,5.046546151,0.852750839,-13.889985963,-0.048745180,-2.138628394,0.134822526
6.234000,5.083805464,0.971952532,-13.901935910,-0.074648826,-2.182286426,0.137781564
6.235000,5.074150045,0.755960662,-14.120862322,-0.081191947,-2.215660977,0.136119855
6.236000,4.788471490,0.313313066,-14.562405830,-0.081089203,-2.259672620,0.121659386
6.237000,4.203215711,-0.295398571,-14.965379120,-0.064880230,-2.314629904,0.101926707
6.238000,3.498172615,-0.801924801,-14.972415622,-0.064067397,-2.386602435,0.086665559
6.239000,2.627149402,-1.137913990,-14.888041678,-0.057959384,-2.464186942,0.071429608
6.240000,1.659279725,-1.361920397,-14.830836969,-0.047753428,-2.539614864,0.054766161
6.241000,0.660313459,-1.811019157,-15.005712153,-0.006887117,-2.602898443,0.033208603
6.242000,-0.246498039,-2.214906672,-14.977752764,0.025898936,-2.665335545,0.020142694
6.243000,-0.932259873,-2.279839777,-14.917750140,0.041318254,-2.727595815,0.025268022
6.244000,-1.387991806,-2.002455444,-14.717680121,0.031662360,-2.776984628,0.041018897
6.245000,-1.899903096,-1.572290123,-14.464467666,0.017335668,-2.817270948,0.051051377
6.246000,-2.243993979,-0.902019954,-14.382011521,0.003251551,-2.849734056,0.055360574
6.247000,-2.448006411,-0.450950093,-14.640342392,0.005497146,-2.869721996,0.055065251
6.248000,-2.215203338,0.112699249,-14.736991175,-0.008269861,-2.887284562,0.064697523
6.249000,-1.597277830,0.769443074,-14.978340357,-0.033589477,-2.885199241,0.086134605
6.250000,-0.793077053,1.374640603,-15.028060529,-0.062315295,-2.863902009,0.101982813
6.251000,0.196581996,1.585276484,-14.993047492,-0.078244728,-2.827746648,0.115944657
6.252000,1.293650053,1.665077254,-15.087842108,-0.097135003,-2.785550876,0.123791206
6.253000,2.426339155,1.731065191,-15.577492144,-0.107915939,-2.737376369,0.132387649
6.254000,3.618152512,1.438360538,-15.802543340,-0.119898549,-2.691043394,0.133064704
6.255000,4.828272792,1.001848033,-15.969370761,-0.121020394,-2.642113178,0.127988499
6.256000,6.032451271,0.485046422,-15.921780300,-0.116311974,-2.583457367,0.125167877
6.257000,7.104754612,-0.263782872,-16.080807105,-0.084881567,-2.527360541,0.116710405
6.258000,7.869361331,-1.174188201,-15.996083264,-0.047462557,-2.479506917,0.103495561
6.259000,8.566561226,-1.948970018,-16.019287354,-0.005738797,-2.438477036,0.093214284
6.260000,9.174978305,-2.502402339,-16.010742265,0.031880900,-2.393320070,0.088733587
6.261000,9.572745266,-2.984293936,-15.933452828,0.077684033,-2.343051204,0.081575502
6.262000,9.791648418,-3.269876302,-15.757985729,0.108581770,-2.299457527,0.070715634
6.263000,9.760988443,-3.374364455,-15.447971379,0.129176065,-2.270017075,0.060670114
6.264000,9.543760327,-3.184618182,-15.133350895,0.108134395,-2.249846930,0.065736096
6.265000,9.126311212,-2.683518608,-14.816860575,0.072504566,-2.241158271,0.074799705
6.266000,8.332016183,-1.868487612,-14.501061524,0.036456183,-2.235950059,0.085019187
6.267000,7.383480120,-1.101144297,-14.243319464,0.017519941,-2.232719022,0.095638529
6.268000,6.372138416,-0.545530321,-14.197366679,-0.005544340,-2.231250315,0.105164217
6.269000,5.204771758,-0.081986407,-14.262025584,-0.031661821,-2.224119485,0.111452715
6.270000,4.262937272,0.165000698,-14.249750935,-0.078085698,-2.210882332,0.118057397
6.271000,3.481272026,0.263961724,-13.905567747,-0.119169087,-2.195449931,0.115917380
6.272000,2.594436520,0.548910737,-13.718217829,-0.142126148,-2.177837553,0.104925515
6.273000,1.759365112,0.566757525,-13.537258263,-0.145354003,-2.165917298,0.090610556
6.274000,1.014786789,0.480502828,-13.646508640,-0.152281253,-2.147327454,0.078393919
6.275000,0.366064905,0.236392919,-13.709003137,-0.154299737,-2.120691227,0.064768705
6.276000,-0.047517551,-0.070273240,-13.359198555,-0.156319154,-2.092672180,0.050446874
6.277000,-0.270057845,-0.281292491,-13.061844680,-0.153003141,-2.052063492,0.040720064
6.278000,-0.525349664,-0.521424732,-13.218117002,-0.130243104,-2.002458362,0.026651359
6.279000,-0.641966761,-0.829090526,-13.559035889,-0.102825519,-1.939580676,0.010428392
6.280000,-0.314174463,-1.210784930,-13.480470963,-0.080287500,-1.867754585,0.001607399
6.281000,0.232942275,-1.416137704,-13.175521262,-0.064370564,-1.789649424,-0.001670210
6.282000,0.823951787,-1.417153105,-12.590751300,-0.056083295,-1.712777768,-0.003928212
6.283000,1.411160393,-1.166359723,-12.456968335,-0.051800349,-1.625158501,-0.001108511
6.284000,1.944490073,-1.162831686,-12.381858799,-0.044967769,-1.525167048,-0.005528162
6.285000,2.567325700,-1.143797565,-12.467107781,-0.041004747,-1.428972887,-0.008924494
6.286000,3.147175374,-0.870729987,-12.440723788,-0.064671068,-1.328358506,-0.004255056
6.287000,3.618649173,-0.439660466,-12.094429232,-0.091312266,-1.239439744,-0.008497791
6.288000,4.068168723,-0.037495547,-11.728926456,-0.117623582,-1.146153448,-0.017866918
6.289000,4.356852372,0.119076364,-11.527253116,-0.120161754,-1.056720603,-0.026193730
6.290000,4.477034421,0.144554625,-11.498229844,-0.125496327,-0.978298304,-0.039425060
6.291000,4.572814543,0.266941119,-11.312813721,-0.115889757,-0.906011685,-0.049625960
6.292000,4.555320999,0.293267927,-11.130682797,-0.108539889,-0.839294032,-0.062757239
6.293000,4.568394774,0.328914823,-10.652292430,-0.105075850,-0.775419215,-0.070350146
6.294000,4.575239496,0.550194453,-10.397266669,-0.117131745,-0.719231524,-0.071382968
6.295000,4.418260731,0.793581300,-10.189761505,-0.113553344,-0.649958258,-0.082498723
6.296000,4.086683599,0.735881748,-9.867411240,-0.102736687,-0.587573124,-0.101464574
6.297000,3.838416695,0.595517002,-9.677233044,-0.095354076,-0.531414917,-0.112221864
6.298000,3.638649051,0.701478389,-9.584176915,-0.085135943,-0.476237293,-0.116768698
6.299000,3.542821776,0.976011718,-9.320842126,-0.080050821,-0.407809438,-0.122923739
6.300000,3.398297326,1.059238377,-8.976796220,-0.087505854,-0.337030825,-0.134624611
6.301000,3.247827639,0.893027998,-8.546144497,-0.094229596,-0.269014838,-0.148076066
6.302000,3.090880885,0.776669911,-8.073214797,-0.088688441,-0.210940979,-0.156680015
6.303000,2.922848751,0.744377786,-7.827427072,-0.077701683,-0.151566694,-0.163109222
6.304000,2.681720076,0.874511671,-7.612552744,-0.065882899,-0.090678660,-0.173861112
6.305000,2.474130203,0.759809709,-7.388904192,-0.048603043,-0.026249419,-0.188569966
6.306000,2.263468629,0.453725106,-7.241274429,-0.037597771,0.032303238,-0.197773690
6.307000,2.143731618,0.292194276,-7.061092517,-0.023165690,0.090765841,-0.208708637
6.308000,2.093537850,0.253252813,-6.832871506,-0.025443932,0.152178818,-0.216660045
6.309000,2.105913405,0.409002450,-6.484293826,-0.033990605,0.219764137,-0.219634308
6.310000,2.084317204,0.499627420,-6.207919775,-0.039092312,0.277017762,-0.224307466
6.311000,2.036316172,0.354317675,-6.007399877,-0.029951128,0.338819604,-0.230420675
6.312000,1.999726021,0.199913750,-5.689184891,-0.024796230,0.397620384,-0.234927183
6.313000,2.022405081,0.188065864,-5.592784937,-0.015170737,0.460025130,-0.237406730
6.314000,2.022767505,0.317016635,-5.293363724,-0.017790608,0.518159230,-0.243831309
6.315000,2.097345617,0.350047184,-5.072817935,-0.016472947,0.565259291,-0.250005164
6.316000,2.120548035,0.282920792,-4.740610387,-0.028359148,0.607759575,-0.255299007
6.317000,2.179294421,0.306746964,-4.560529542,-0.025819390,0.649378747,-0.261623990
6.318000,2.210154825,0.370097688,-4.383430752,-0.025801387,0.684838502,-0.265085976
6.319000,2.242756211,0.408518991,-4.366737861,-0.019795810,0.722909107,-0.264852428
6.320000,2.373918037,0.399260773,-4.245069628,-0.015391687,0.763276220,-0.261960712
6.321000,2.598634381,0.381539501,-3.936784442,-0.017127302,0.803718327,-0.257476787
6.322000,2.731298568,0.471104937,-3.771072456,-0.030192043,0.841757975,-0.253368216
6.323000,2.857737353,0.534014656,-3.548080461,-0.037591695,0.875663638,-0.253168253
6.324000,2.967589948,0.554710894,-3.443532991,-0.050717390,0.900596728,-0.249713330
6.325000,3.024323442,0.560556504,-3.411957024,-0.041232336,0.925860955,-0.251773400
6.326000,3.109922748,0.389233571,-3.226783336,-0.028724222,0.948268656,-0.255394838
6.327000,3.321308828,0.163573502,-3.130268164,-0.019252694,0.971331230,-0.252478961
6.328000,3.551652381,0.268587441,-3.198627814,-0.016927751,0.997587526,-0.248203842
6.329000,3.757464935,0.452784661,-3.251358957,-0.013455968,1.018509707,-0.247677950
6.330000,3.878066081,0.392896018,-3.133542085,-0.015071415,1.034182081,-0.245736550
6.331000,4.017123196,0.176104754,-2.960836396,-0.006690902,1.046538498,-0.242271448
6.332000,4.150375158,-0.078990945,-2.856891864,0.011523887,1.060284809,-0.238024722
6.333000,4.287857038,-0.203317022,-2.629867273,0.026502868,1.069887981,-0.233018550
6.334000,4.459464952,-0.202832486,-2.555871780,0.027222952,1.077251596,-0.224688156
6.335000,4.687019111,-0.113083763,-2.536153097,0.020212909,1.082850963,-0.218410601
6.336000,4.775281747,0.028612245,-2.494225924,0.003412367,1.085824251,-0.214552844
6.337000,4.842406992,0.034341178,-2.461878687,0.002982572,1.082761435,-0.212081495
6.338000,4.816315290,-0.105786497,-2.291174240,0.012164892,1.073064904,-0.209201081
6.339000,4.798221133,-0.163125386,-2.164512725,0.022517700,1.057386017,-0.202137893
6.340000,4.853496952,-0.172442285,-2.030745432,0.026519032,1.047053879,-0.193483738
6.341000,4.958357951,-0.047780833,-1.883003824,0.019603048,1.034637838,-0.185413556
6.342000,5.010974927,0.111963240,-1.780091732,-0.001191648,1.019567152,-0.180753810
6.343000,5.008543735,0.241184663,-1.703978354,-0.017670454,1.000625669,-0.178449315
6.344000,4.886842497,0.351082868,-1.709287843,-0.015233891,0.979888361,-0.175867804
6.345000,4.754310579,0.337338596,-1.669593713,0.002043079,0.960307243,-0.172849663
6.346000,4.632148029,0.206555319,-1.545585160,0.012861755,0.933981686,-0.165795768
6.347000,4.550349552,0.149120143,-1.397627919,0.010928287,0.906401686,-0.153985324
6.348000,4.450516994,0.198774366,-1.265253031,-0.006152937,0.879523421,-0.140981211
6.349000,4.299719109,0.348026290,-1.250157004,-0.028634795,0.852803450,-0.130447732
6.350000,4.058914755,0.397143085,-1.157842845,-0.042106622,0.822667693,-0.122966452
6.351000,3.715628646,0.316416932,-1.093804161,-0.039163692,0.783593320,-0.112471596
6.352000,3.372817302,0.215672462,-0.948767480,-0.026285376,0.741989232,-0.102111375
6.353000,3.057227407,0.202865552,-0.975315698,-0.014001438,0.700828592,-0.090196468
6.354000,2.745706291,0.190476535,-0.904034709,-0.013021416,0.661423623,-0.080833496
6.355000,2.396298228,0.116483115,-0.870419817,-0.021838997,0.617759869,-0.071438352
6.356000,2.098619974,0.105026717,-0.852950240,-0.037281986,0.575446736,-0.063981514
6.357000,1.795166843,0.145840536,-0.650848781,-0.038235001,0.535015905,-0.059765662
6.358000,1.503538736,0.087137209,-0.383211109,-0.038768247,0.488906652,-0.054508770
6.359000,1.154108542,0.125364735,-0.188875559,-0.037129012,0.436992263,-0.043766973
6.360000,0.798534722,0.308475162,-0.116651046,-0.037409763,0.384269845,-0.029305530
6.361000,0.537995657,0.459068152,-0.034248690,-0.041102600,0.341829073,-0.014014814
6.362000,0.333323192,0.477748860,-0.013334737,-0.052557540,0.308331443,0.001382263
6.363000,0.150274299,0.507317792,0.084003949,-0.063464704,0.273918471,0.015140281
6.364000,-0.059703039,0.544802257,0.219555389,-0.068793340,0.238472399,0.028996687
6.365000,-0.288620516,0.457758711,0.300049133,-0.072418949,0.198040381,0.043240133
6.366000,-0.416322372,0.380503364,0.264814186,-0.077961093,0.156614156,0.060369248
6.367000,-0.468064502,0.416889682,0.220100700,-0.086842288,0.114602298,0.079674934
6.368000,-0.505438574,0.497683599,0.186797091,-0.100023295,0.075750759,0.098198478
6.369000,-0.531877355,0.495750911,0.201894293,-0.113485785,0.038614402,0.113893036
6.370000,-0.554223849,0.515325450,0.267978126,-0.128410056,-0.001731449,0.129924044
6.371000,-0.613231859,0.492338299,0.258509259,-0.135788216,-0.043095719,0.141880070
6.372000,-0.648443753,0.429203553,0.214954622,-0.141448857,-0.085528306,0.152163197
6.373000,-0.636808799,0.403942784,0.129123003,-0.146149645,-0.123978246,0.159377463
6.374000,-0.571038300,0.465263419,0.035741636,-0.147982143,-0.162336951,0.164631253
6.375000,-0.474608690,0.514205757,-0.025653746,-0.144748823,-0.195622657,0.168684791
6.376000,-0.434414855,0.508411909,-0.168546202,-0.137449218,-0.223230926,0.172091612
6.377000,-0.373565248,0.506537058,-0.145032090,-0.128816066,-0.247729425,0.176633548
6.378000,-0.249375363,0.497262323,-0.034467726,-0.114411675,-0.272277698,0.192195617
6.379000,-0.242310310,0.574469175,-0.075150635,-0.099356138,-0.285933624,0.206606000
6.380000,-0.149746569,0.601629631,-0.184979957,-0.086605967,-0.289163935,0.215504232
6.381000,-0.011781882,0.485709017,-0.147229910,-0.080989128,-0.295095898,0.221166648
6.382000,0.069815524,0.341956639,-0.095434810,-0.077411915,-0.305934975,0.224522335
6.383000,0.127359062,0.250792547,0.073584966,-0.075086466,-0.320795502,0.223350017
6.384000,0.158976109,0.295647981,0.426204298,-0.079936161,-0.341786723,0.217923143
6.385000,0.154850978,0.427115078,0.686035670,-0.080086439,-0.358985041,0.210245539
6.386000,0.160782501,0.446266120,0.643463183,-0.072438192,-0.367990281,0.202813212
6.387000,0.154129105,0.355791386,0.451361713,-0.055398406,-0.374439831,0.195286660
6.388000,0.204704154,0.062837493,0.379381531,-0.037194398,-0.389614158,0.189248348
6.389000,0.319788330,-0.147194540,0.428291728,-0.023977466,-0.405962906,0.187481162
6.390000,0.335062937,-0.046232068,0.701762543,-0.015603857,-0.422008065,0.180745129
6.391000,0.311195842,0.059415087,0.954120206,-0.009778750,-0.437004467,0.166625930
6.392000,0.256247010,-0.017706326,1.224508678,-0.003111791,-0.452741918,0.155799673
6.393000,0.197258293,-0.172728270,1.220172242,0.005128855,-0.467225221,0.148284719
6.394000,0.122344286,-0.219289733,1.102309953,0.017382446,-0.481391514,0.140610756
6.395000,0.050196333,-0.273634358,1.154890809,0.024177118,-0.497816613,0.135276056
6.396000,0.024184567,-0.283245376,1.314004303,0.021448612,-0.509328812,0.132527061
6.397000,-0.022130584,-0.213159086,1.414548970,0.014069872,-0.516054771,0.129065870
6.398000,-0.099254463,-0.193520937,1.669412787,0.004874098,-0.525791805,0.123447529
6.399000,-0.228313727,-0.286864453,1.901286359,-0.001983785,-0.537428311,0.118782924
6.400000,-0.359194061,-0.364894282,2.106587481,-0.003364955,-0.547888528,0.114237094
6.401000,-0.453711267,-0.358674148,2.094641076,-0.008427894,-0.556201353,0.110030140
6.402000,-0.542549706,-0.336853686,2.127579916,-0.013085810,-0.560077276,0.106068879
6.403000,-0.623086886,-0.335175341,2.156029513,-0.019720509,-0.559396685,0.104125700
6.404000,-0.715343879,-0.295663274,2.266739587,-0.021827421,-0.559140040,0.100835265
6.405000,-0.857510464,-0.331833414,2.386467059,-0.022953472,-0.561206296,0.096254572
6.406000,-1.041129805,-0.440688259,2.468776568,-0.020788480,-0.563924997,0.090148249
6.407000,-1.204287697,-0.489092446,2.523912478,-0.016469440,-0.565397914,0.084242482
6.408000,-1.345457045,-0.534862100,2.446308569,-0.010395382,-0.559824480,0.076237901
6.409000,-1.433187846,-0.584240790,2.372526725,-0.007529134,-0.552378664,0.067190425
6.410000,-1.451782809,-0.638795265,2.368164332,-0.004169693,-0.540424407,0.058106088
6.411000,-1.530779274,-0.669072073,2.420059944,-0.004924591,-0.529247917,0.047229583
6.412000,-1.606278148,-0.808523180,2.566808502,-0.003427193,-0.523015772,0.035575537
6.413000,-1.691864344,-0.913699655,2.709262222,-0.006475647,-0.518992308,0.027996084
6.414000,-1.752531553,-0.887646354,2.786063573,-0.006716938,-0.514474133,0.020140382
6.415000,-1.818465802,-0.855744744,2.912434795,-0.010140280,-0.508615479,0.010828239
6.416000,-1.870955026,-0.853443201,2.959896454,-0.008322073,-0.500532202,0.005448665
6.417000,-1.937492173,-0.855929558,3.006506973,-0.005897152,-0.494007165,0.001593027
6.418000,-1.976119662,-0.915694301,3.086295888,0.002548776,-0.488114193,-0.003692729
6.419000,-2.014982308,-0.959641202,3.238925981,0.005264406,-0.483413394,-0.007120645
6.420000,-1.978596241,-0.849266370,3.412273574,0.000545987,-0.472406264,-0.008661944
6.421000,-1.928701037,-0.696002354,3.608562287,-0.007404408,-0.458789352,-0.014380235
6.422000,-1.842338429,-0.602606432,3.759909299,-0.013077039,-0.441516033,-0.020457534
6.423000,-1.781367094,-0.489041463,3.790176550,-0.019110635,-0.418752421,-0.025719376
6.424000,-1.705760014,-0.395197515,3.759378973,-0.020460388,-0.393154508,-0.034569644
6.425000,-1.605405601,-0.263855684,3.556124338,-0.024884921,-0.360742631,-0.038529523
6.426000,-1.439684085,-0.139650853,3.467090491,-0.028537595,-0.321780533,-0.040181242
6.427000,-1.247378533,0.023484710,3.513981440,-0.033077141,-0.286540155,-0.044391804
6.428000,-1.053460508,0.000720949,3.636187018,-0.029515616,-0.248796300,-0.049236271
6.429000,-0.971512977,-0.087324937,3.675276545,-0.027850705,-0.210707715,-0.053038437
6.430000,-0.856689608,-0.160632197,3.562524510,-0.024827772,-0.174859302,-0.060342634
6.431000,-0.712016460,-0.045473298,3.440416133,-0.026975578,-0.133516258,-0.069372289
6.432000,-0.545416249,0.021828976,3.482358658,-0.029680120,-0.083891806,-0.077277619
6.433000,-0.312721863,0.145399454,3.522337221,-0.033499904,-0.028553023,-0.085596481
6.434000,-0.082921104,0.147247313,3.411531685,-0.025867745,0.028633996,-0.090514485
6.435000,0.090432647,0.130041326,3.332758636,-0.021590294,0.075440929,-0.091686600
6.436000,0.227972284,0.046580923,3.176311751,-0.010447461,0.126830130,-0.091884936
6.437000,0.425258465,-0.033548309,3.287573127,-0.006137875,0.180746081,-0.090736602
6.438000,0.604827322,-0.099093580,3.547292195,-0.006712621,0.235460173,-0.090739237
6.439000,0.858894960,-0.037498560,3.919524321,-0.020827056,0.290742306,-0.086867832
6.440000,1.087561873,0.172688158,3.933171782,-0.035216359,0.351234906,-0.087280247
6.441000,1.140622137,0.333412935,3.830022538,-0.043024777,0.403602942,-0.091870441
6.442000,1.171027919,0.271083441,3.691221550,-0.037539525,0.458130927,-0.092795395
6.443000,1.204541162,0.156334754,3.678484729,-0.031299341,0.509486889,-0.088196420
6.444000,1.316107620,0.246797182,3.707119625,-0.028464212,0.572278392,-0.085410424
6.445000,1.437643758,0.376169002,3.941233592,-0.038903484,0.638026906,-0.083439549
6.446000,1.560956991,0.465867548,4.069950583,-0.060191080,0.698789742,-0.082043852
6.447000,1.646808620,0.651277965,4.045325610,-0.081279864,0.751928919,-0.083419509
6.448000,1.689195416,0.667462654,4.000060959,-0.071850453,0.806587816,-0.092949914
6.449000,1.682592339,0.433015177,4.236181091,-0.058499328,0.854601981,-0.097690201
6.450000,1.860954053,0.236559485,4.282165334,-0.041524408,0.907146233,-0.101610407
6.451000,1.958466284,0.348790589,4.492302922,-0.033718586,0.956570591,-0.105242708
6.452000,2.088670924,0.335205995,4.771693576,-0.036915622,1.005033637,-0.108461539
6.453000,2.119968681,0.404958394,4.932835872,-0.059163958,1.056565885,-0.107170084
6.454000,2.214128253,0.490268063,4.975833109,-0.070286888,1.106231794,-0.105672723
6.455000,2.201352441,0.468479805,5.159935707,-0.062550217,1.157205452,-0.102452126
6.456000,2.297566997,0.460594655,5.376940607,-0.047533340,1.213007316,-0.098425149
6.457000,2.370543685,0.403815543,5.539574619,-0.033901793,1.266983428,-0.095681488
6.458000,2.435354422,0.161803653,5.822670694,-0.019094377,1.321401616,-0.093110775
6.459000,2.538953091,0.128345179,6.098556498,-0.028475136,1.377086487,-0.092080863
6.460000,2.623853610,0.267446693,6.122528737,-0.037096001,1.424651328,-0.094885926
6.461000,2.597328012,0.367423474,6.277645105,-0.047225161,1.475108150,-0.097464181
6.462000,2.507614240,0.348733095,6.329222672,-0.050577991,1.527466139,-0.106788859
6.463000,2.438252372,0.384781109,6.446040326,-0.038329724,1.574063893,-0.114733352
6.464000,2.336853167,0.350188237,6.631359718,-0.010747158,1.621520368,-0.117796378
6.465000,2.334593002,0.317511478,6.748382558,-0.004373297,1.675861423,-0.117518160
6.466000,2.501588155,0.409077787,6.768652685,-0.011369924,1.729825778,-0.112360704
6.467000,2.568483993,0.575286402,6.966662785,-0.025094031,1.789633621,-0.110738398
6.468000,2.520242143,0.550675919,7.265909654,-0.031264178,1.845664655,-0.110864790
6.469000,2.505041857,0.413138864,7.604772571,-0.033449703,1.893362378,-0.107107628
6.470000,2.489158504,0.202602103,7.827065738,-0.015293256,1.937741823,-0.104560397
6.471000,2.576227935,-0.077392506,8.033926503,0.005281795,1.980437867,-0.096131592
6.472000,2.694248222,-0.294979225,8.199953505,0.008691431,2.026428959,-0.083518573
6.473000,2.859259280,-0.195255201,8.199870366,0.006087516,2.070486153,-0.074924700
6.474000,2.913980056,-0.207839495,8.478233343,0.013734356,2.114194038,-0.067635071
6.475000,2.920165405,-0.325226746,8.763754981,0.013235307,2.156830145,-0.056812679
6.476000,2.952334208,-0.443271450,8.992470815,0.022788641,2.194255377,-0.044919908
6.477000,3.000162289,-0.469931344,9.170952835,0.039510677,2.240338848,-0.033337273
6.478000,3.017263219,-0.543655427,9.403023356,0.059974913,2.297854073,-0.021213672
6.479000,3.140845863,-0.565991922,9.241788256,0.073985968,2.355453692,-0.009488069
6.480000,3.180381058,-0.698061878,9.056176865,0.090587555,2.419058203,-0.003109227
6.481000,3.259668361,-0.820113064,8.821386561,0.100924443,2.482747722,0.007070138
6.482000,3.334032434,-0.922790446,8.798881996,0.109984092,2.539365981,0.011838965
6.483000,3.371890641,-1.095609125,9.041376668,0.126710663,2.592379091,0.013809683
6.484000,3.566948130,-1.159727877,9.522373654,0.129158379,2.648607425,0.020041222
6.485000,3.786360114,-0.856349412,9.787921153,0.137403084,2.712445998,0.024751114
6.486000,4.002164466,-0.548717814,9.805891796,0.152436952,2.771829884,0.028625906
6.487000,4.801701503,-0.205814884,9.452763117,0.143832219,2.841514213,0.043210050
6.488000,5.969957529,0.373064445,9.465539231,0.116577544,2.950668731,0.050287799
6.489000,7.116489894,0.869880811,10.168309475,0.091349254,3.046664479,0.051290791
6.490000,8.199720149,0.986183197,10.489610851,0.058346677,3.143388903,0.056667075
6.491000,8.966083494,1.102230236,10.082949467,0.049145719,3.231891909,0.050209427
6.492000,9.901810019,0.912404406,9.921794792,0.063974921,3.318027845,0.040361304
6.493000,10.859631032,0.431121564,9.940308547,0.066169724,3.410499134,0.041117813
6.494000,11.514028383,0.070447543,9.972436074,0.084888967,3.491822176,0.034263597
6.495000,11.908444650,-0.250448961,10.264471374,0.106045893,3.552173033,0.028295985
6.496000,12.100776173,-0.835668681,10.251430786,0.130925580,3.609762342,0.025727262
6.497000,12.212511937,-1.379896620,10.210761783,0.144741388,3.667230065,0.021652267
6.498000,12.184218508,-1.886096530,10.142712153,0.155576959,3.707897963,0.020919541
6.499000,11.887948338,-2.196480172,10.307674841,0.176174410,3.737752240,0.019121441
6.500000,11.446133759,-2.422771258,10.470212838,0.211013899,3.746796031,0.024991166
6.501000,10.770104392,-2.750103683,10.977503863,0.232232226,3.753385489,0.018070526
6.502000,9.968632417,-2.704511618,11.165293904,0.231229366,3.755345289,0.012129048
6.503000,9.254446949,-2.231837534,11.436630393,0.211629478,3.750733513,0.014218387
6.504000,8.425139257,-1.718466589,11.602554641,0.202620997,3.742153933,0.021805912
6.505000,7.513802570,-1.176412437,11.939272781,0.190150270,3.729810969,0.037214730
6.506000,6.758008340,-0.469535890,12.255706714,0.165007076,3.723099021,0.056929134
6.507000,6.074126067,0.339714943,12.140138975,0.128572257,3.719367360,0.071563914
6.508000,5.521113782,0.860960183,12.075937198,0.101003678,3.713339643,0.087751726
6.509000,5.046871791,1.096986644,12.032122724,0.080102344,3.706149711,0.100124167
6.510000,4.785715847,1.291954785,12.144190178,0.069289148,3.695816266,0.103251759
6.511000,4.618616658,1.357986077,12.300543071,0.061127247,3.691016315,0.107934813
6.512000,4.565963140,1.265947785,12.229460444,0.073591474,3.688648297,0.114476588
6.513000,4.703432375,0.960381398,11.943161541,0.093370955,3.695452429,0.125846180
6.514000,5.063421029,0.498084519,11.811837284,0.106440917,3.699757080,0.135884589
6.515000,5.591089592,0.068425621,11.927610295,0.121498074,3.704104574,0.149527775
6.516000,6.210555699,-0.327135136,11.780326423,0.154334714,3.715983830,0.168960116
6.517000,6.902141359,-0.815883400,11.961699669,0.205274892,3.733517174,0.188134864
6.518000,7.415857864,-1.332091447,12.078191922,0.247229804,3.748188254,0.205125463
6.519000,8.073890180,-1.690198450,12.120774024,0.270254271,3.758396446,0.202223070
6.520000,8.695694433,-2.084635013,12.326969022,0.281806651,3.763498108,0.174284965
6.521000,9.293722843,-2.077832283,13.009895462,0.260599858,3.763805040,0.134018703
6.522000,9.894690638,-1.850760517,13.681260120,0.237040928,3.763493379,0.071599584
6.523000,10.350163520,-1.378243151,13.990071352,0.206456691,3.755955534,-0.000304217
6.524000,10.742648482,-0.729089542,13.865466924,0.171741605,3.739709904,-0.051790682
6.525000,11.096996727,-0.023763460,13.596276110,0.124884168,3.725500264,-0.081503865
6.526000,11.024105417,0.630661409,13.519405121,0.103011253,3.711575047,-0.090217247
6.527000,10.849217671,0.963811469,13.752526924,0.098078440,3.694853183,-0.080779001
6.528000,10.683630168,1.000268777,13.631318222,0.102018857,3.675077920,-0.061662415
6.529000,10.343968709,0.776836923,13.494193056,0.106517091,3.650866769,-0.046525331
6.530000,9.936837995,0.396138263,13.355178413,0.112927082,3.602776293,-0.036758867
6.531000,9.324992400,-0.024931985,13.624495088,0.116357249,3.547124831,-0.038488961
6.532000,8.672024913,-0.278477355,13.882159404,0.119660005,3.486580682,-0.041503494
6.533000,7.696247186,-0.608720296,14.187658251,0.124601954,3.428374002,-0.055113637
6.534000,6.688657390,-0.927065363,13.870232089,0.135159164,3.355888479,-0.071586111
6.535000,5.738714656,-1.074064685,13.482130523,0.156523641,3.275436557,-0.091412668
6.536000,5.010333549,-1.202237186,13.338905874,0.179220467,3.194415574,-0.111795141
6.537000,4.354632074,-1.371925938,13.604734743,0.193324810,3.108311617,-0.133046634
6.538000,3.798695813,-1.371136162,13.929530743,0.215966774,3.027768663,-0.162612613
6.539000,3.461102020,-1.355533098,13.914104302,0.235043129,2.967318960,-0.191271586
6.540000,3.364545187,-1.240501065,13.337363925,0.240314141,2.924284834,-0.209431150
6.541000,3.441872631,-1.011096154,13.087548915,0.248240068,2.886200695,-0.235026431
6.542000,3.619660672,-0.765870064,13.165153744,0.251776883,2.851138783,-0.251854655
6.543000,3.751692405,-0.544378264,13.345964548,0.240620912,2.813835993,-0.255359930
6.544000,3.871710601,-0.271494339,13.335069058,0.224204416,2.773949970,-0.255969600
6.545000,3.953407012,0.012033266,13.067988601,0.202092369,2.730608015,-0.249303514
6.546000,4.098097153,0.365156986,12.675996323,0.174994362,2.685131385,-0.236780869
6.547000,4.161270478,0.640377612,12.401448523,0.173500295,2.640138444,-0.235590680
6.548000,4.358945159,0.488077909,12.379291432,0.183530910,2.592577415,-0.229862874
6.549000,4.601876748,0.183312911,12.299844874,0.186039260,2.549745453,-0.228295667
6.550000,4.881975763,-0.012079309,11.852551210,0.194055258,2.508648635,-0.236328137
6.551000,5.113695324,-0.384447701,11.255646899,0.194642842,2.465768606,-0.240144307
6.552000,5.395022722,-0.788366365,10.808646219,0.213043452,2.418885919,-0.244783351
6.553000,5.535192630,-1.092406050,10.740483908,0.246702857,2.369307829,-0.254635643
6.554000,5.584869047,-1.467530848,10.620719675,0.284149469,2.316403846,-0.265497923
6.555000,5.622002577,-1.805764078,10.344220641,0.300388355,2.259443097,-0.274631878
6.556000,5.709226627,-1.858991073,10.026127052,0.310689711,2.206142656,-0.285494963
6.557000,5.740096780,-1.778555521,9.805578415,0.307560947,2.146816354,-0.292432781
6.558000,5.690152269,-1.603493258,9.602809201,0.300201721,2.090047141,-0.295580794
6.559000,5.594219219,-1.239267409,9.542822418,0.298978480,2.023501243,-0.295301447
6.560000,5.317472287,-1.064990110,9.459819285,0.306102259,1.954006256,-0.294123217
6.561000,4.941433151,-1.055359153,9.489161005,0.302528825,1.873338224,-0.290163257
6.562000,4.590641799,-0.976715884,9.419233405,0.289442769,1.806121132,-0.283044412
6.563000,4.216576972,-0.686148345,9.155066915,0.267130904,1.740103698,-0.275410841
6.564000,3.766738471,-0.467768069,8.854863753,0.260053020,1.672449474,-0.262256359
6.565000,3.226978166,-0.271515547,8.718235189,0.267544933,1.594262044,-0.242349566
6.566000,2.779676898,-0.199052900,8.471692152,0.287238933,1.524973340,-0.224406155
6.567000,2.323956471,-0.233957773,8.289887743,0.286792850,1.452548683,-0.210422236
6.568000,2.034437006,-0.265782105,8.078129154,0.279899754,1.385777193,-0.201513457
6.569000,1.720596905,-0.066954939,7.804650071,0.274173861,1.317924082,-0.195891321
6.570000,1.477141272,0.024133232,7.692951059,0.282374808,1.258028940,-0.194137904
6.571000,1.245083606,0.066273697,7.564177947,0.285638877,1.196897081,-0.188699076
6.572000,1.082405807,0.050517589,7.355562736,0.301336795,1.140016287,-0.184533822
6.573000,0.934814774,0.011927372,7.191996205,0.311088048,1.081823042,-0.185064897
6.574000,0.917812965,-0.088457323,7.029951337,0.315911820,1.028118396,-0.187483847
6.575000,0.986694075,0.000641569,6.736577946,0.310968406,0.981103556,-0.191117711
6.576000,1.042013005,-0.104508308,6.404867594,0.312431731,0.943375886,-0.193484383
6.577000,1.102344344,-0.243018957,6.135836859,0.309209879,0.903638672,-0.195382222
6.578000,1.262802948,-0.412045227,5.859031142,0.309188335,0.852770941,-0.195595205
6.579000,1.299842093,-0.418008854,5.836759771,0.319951007,0.809898246,-0.194942646
6.580000,1.340666508,-0.530052029,5.763696249,0.328629172,0.770830927,-0.195984848
6.581000,1.463706244,-0.568570892,5.473295367,0.328726541,0.734614713,-0.192918136
6.582000,1.541393658,-0.494606827,5.148331203,0.327142047,0.702007843,-0.189928426
6.583000,1.513558043,-0.421053818,4.955286951,0.322198314,0.663499118,-0.189214905
6.584000,1.494081747,-0.426205153,4.870279061,0.318403062,0.623615049,-0.186343870
6.585000,1.502779366,-0.285319894,4.924336976,0.311685633,0.584830900,-0.178827946
6.586000,1.457818409,-0.164643902,4.837095925,0.308330287,0.548009712,-0.174700080
6.587000,1.389428836,-0.076826415,4.711568001,0.305510106,0.514199352,-0.168667231
6.588000,1.360101533,-0.043263780,4.560385894,0.299388122,0.480996242,-0.160657932
6.589000,1.320963699,0.076594015,4.398166847,0.286486115,0.449929881,-0.151014134
6.590000,1.308317104,0.181185110,4.424294502,0.274409923,0.420179411,-0.140938097
6.591000,1.214777247,0.279818543,4.416400355,0.262235753,0.394082658,-0.134868888
6.592000,1.046849169,0.438781801,4.377563040,0.249023599,0.370592821,-0.126020876
6.593000,0.919499138,0.674464300,4.212365106,0.237059017,0.350520374,-0.117108197
6.594000,0.811411542,0.842718725,3.955277896,0.229139813,0.337178238,-0.108705902
6.595000,0.685329165,0.929288489,3.690740857,0.225210472,0.325665322,-0.101179477
6.596000,0.578779756,0.814834837,3.570747730,0.222870812,0.315714543,-0.096730999
6.597000,0.591403903,0.690004406,3.483520376,0.215343727,0.305968712,-0.090294904
6.598000,0.606287203,0.585979866,3.378953103,0.211909696,0.300698793,-0.085364061
6.599000,0.651727799,0.452354833,3.250689125,0.203720486,0.296613057,-0.079123168
6.600000,0.677935706,0.189510960,3.095005851,0.206380394,0.294026046,-0.072179072
6.601000,0.675949007,-0.012676357,2.981252750,0.213525459,0.290383267,-0.064314628
6.602000,0.707773571,-0.200279319,2.885480456,0.227936235,0.286335783,-0.049714143
6.603000,0.790778436,-0.359050430,2.739043619,0.237952469,0.281193813,-0.030694360
6.604000,0.863442759,-0.425913485,2.662761326,0.239910721,0.275637193,-0.012564290
6.605000,0.883822833,-0.432203285,2.701838041,0.231844719,0.272090434,0.001031413
6.606000,0.866899758,-0.532905460,2.720575749,0.218431536,0.268554963,0.006495738
6.607000,0.814483528,-0.678785098,2.677509394,0.196173183,0.263957155,0.004311711
6.608000,0.807324829,-0.694413482,2.503108668,0.174558598,0.261397961,-0.001477848
6.609000,0.833273933,-0.578103565,2.367314016,0.154721265,0.259292863,-0.009869994
6.610000,0.914073011,-0.462337036,2.260361777,0.141153358,0.259466993,-0.017418137
6.611000,1.080970259,-0.353566829,2.114123729,0.134059826,0.261508090,-0.019196248
6.612000,1.286266242,-0.308664450,1.989001844,0.132554610,0.262005238,-0.008257123
6.613000,1.399118085,-0.300185158,1.828752155,0.127830540,0.258352559,0.010340996
6.614000,1.455321538,-0.159500066,1.675129888,0.117133247,0.252941697,0.035012171
6.615000,1.507467475,0.115675829,1.570878454,0.098346942,0.247243360,0.064394384
6.616000,1.549064340,0.442079348,1.510935179,0.083879999,0.242058757,0.091584048
6.617000,1.508231090,0.670792698,1.429131738,0.077189170,0.238888515,0.112888971
6.618000,1.445229672,0.717744831,1.250170196,0.079206341,0.235340805,0.128056461
6.619000,1.383435613,0.614092409,1.042893054,0.085196507,0.230097085,0.143712634
6.620000,1.325474496,0.417196588,0.898989734,0.089681572,0.223317745,0.152695567
6.621000,1.353830310,0.205765239,0.907010637,0.089522332,0.214974838,0.155546625
6.622000,1.355167789,0.076967176,0.905111131,0.083491622,0.209296715,0.156295763
6.623000,1.324543932,0.084090664,0.694915123,0.082016794,0.209237172,0.154028742
6.624000,1.268638038,-0.065663861,0.468223633,0.092760748,0.207893560,0.146079943
6.625000,1.200853777,-0.287942683,0.186418079,0.114580620,0.203609363,0.133937219
6.626000,1.116579781,-0.545131710,0.058327751,0.148243398,0.198473720,0.119114239
6.627000,1.023076347,-0.666762837,-0.023315778,0.179314653,0.193352998,0.104176687
6.628000,0.948216343,-0.660482763,-0.198981838,0.204527461,0.191322029,0.086110236
6.629000,0.819664346,-0.602104105,-0.421068580,0.221270964,0.191899110,0.064782461
6.630000,0.733953270,-0.751846254,-0.521313539,0.237362292,0.187327106,0.042992362
6.631000,0.682627387,-0.982790457,-0.590991390,0.252922181,0.179479797,0.028780871
6.632000,0.586605970,-1.092721725,-0.657599376,0.271621443,0.172439339,0.021654512
6.633000,0.476360548,-1.060217905,-0.626887391,0.282827776,0.165145212,0.017290916
6.634000,0.367873954,-0.932262365,-0.639346245,0.274652587,0.162014222,0.016641549
6.635000,0.272580579,-0.686356983,-0.725334435,0.258487611,0.161938222,0.014786172
6.636000,0.180960633,-0.502227283,-0.717614745,0.244337016,0.160572011,0.008303096
6.637000,0.030297496,-0.387272410,-0.685842417,0.238423494,0.152753217,-0.002061939
6.638000,-0.157508349,-0.310007259,-0.850950826,0.243349821,0.144117660,-0.013573712
6.639000,-0.322198307,-0.254398865,-1.126840234,0.256301949,0.135574441,-0.022115958
6.640000,-0.480498037,-0.160146300,-1.341558457,0.264057904,0.128625404,-0.028349748
6.641000,-0.532515073,-0.050461559,-1.446259835,0.269022507,0.125700112,-0.031260211
6.642000,-0.511980163,0.086472897,-1.485960993,0.267671103,0.128608328,-0.031866493
6.643000,-0.498241411,0.172532351,-1.466516481,0.264362346,0.132816659,-0.035999404
6.644000,-0.532820675,0.173700388,-1.539250195,0.265712805,0.136690081,-0.042541324
6.645000,-0.599728339,0.105827250,-1.778232257,0.274252390,0.137811215,-0.046765589
6.646000,-0.678240069,0.046333846,-2.084983056,0.282858912,0.137442953,-0.050753412
6.647000,-0.706841823,0.003820738,-2.333341505,0.285291603,0.139095390,-0.051712376
6.648000,-0.683944156,0.008414854,-2.436810076,0.278361294,0.141462921,-0.049936711
6.649000,-0.673941078,0.023086074,-2.457095557,0.270621183,0.146380118,-0.048039487
6.650000,-0.709128162,-0.018165502,-2.484083914,0.267549405,0.150027712,-0.047690420
6.651000,-0.739742506,-0.231556943,-2.527807827,0.269733578,0.151887593,-0.047735251
6.652000,-0.749977116,-0.440553193,-2.632138530,0.270947053,0.154712945,-0.049012348
6.653000,-0.713709695,-0.424290439,-2.785498609,0.272356476,0.159757284,-0.052680740
6.654000,-0.597439968,-0.359411526,-2.812883975,0.266222218,0.166184227,-0.056579527
6.655000,-0.476024422,-0.303347719,-2.719249487,0.254348857,0.173786394,-0.058583995
6.656000,-0.368757016,-0.127984378,-2.702656430,0.241066945,0.182390352,-0.061641431
6.657000,-0.301485958,0.047340093,-2.697515578,0.238056384,0.190482571,-0.064171350
6.658000,-0.283840403,0.153397683,-2.794859769,0.239807485,0.196828635,-0.065724710
6.659000,-0.246986925,0.208516789,-2.971279533,0.242508289,0.204924783,-0.067502821
6.660000,-0.168690039,0.390446208,-3.185665260,0.237647137,0.213541057,-0.067898850
6.661000,-0.057050594,0.629841341,-3.300792651,0.228781567,0.224031556,-0.069993807
6.662000,0.031481856,0.854855591,-3.325504181,0.211970321,0.232054740,-0.072461003
6.663000,0.098858381,1.016406377,-3.460585089,0.202885972,0.243542290,-0.076397185
6.664000,0.138766651,1.079859596,-3.617016181,0.199949824,0.252577092,-0.082436437
6.665000,0.201924028,1.018718338,-3.805651680,0.206822255,0.261860184,-0.088418709
6.666000,0.278663754,0.841428987,-4.016216475,0.210454050,0.269730045,-0.094971807
6.667000,0.417048831,0.736243283,-4.142697782,0.209029929,0.279645545,-0.100588598
6.668000,0.537554703,0.647975871,-4.097490284,0.200352846,0.287212160,-0.110497778
6.669000,0.658027676,0.504205677,-4.012780471,0.191478406,0.292205041,-0.118849913
6.670000,0.787220819,0.320871036,-3.944955800,0.181224252,0.293936985,-0.124373717
6.671000,0.896443501,0.190425634,-3.960638267,0.176925386,0.293627743,-0.126123378
6.672000,0.942347728,0.161950350,-4.071714242,0.173761051,0.293538293,-0.121896301
6.673000,0.973932309,0.283425446,-4.193212027,0.171043594,0.295538314,-0.111962687
6.674000,0.992817603,0.371900349,-4.312214274,0.169900112,0.295375766,-0.098520741
6.675000,1.023896595,0.434197857,-4.420749756,0.170532392,0.294573119,-0.081551946
6.676000,0.985344274,0.503743239,-4.440249270,0.173734757,0.289523521,-0.067175898
6.677000,0.967614810,0.503313413,-4.511480129,0.186031989,0.282598918,-0.054805944
6.678000,0.943126460,0.410734087,-4.409467158,0.194216281,0.270586519,-0.045060087
6.679000,0.986623881,0.381005662,-4.359742975,0.193088387,0.262149351,-0.038437539
6.680000,1.086754748,0.471473041,-4.260766170,0.184552883,0.246770637,-0.032535073
6.681000,1.136040598,0.484420203,-4.104754836,0.173177923,0.232859171,-0.025604863
6.682000,1.170808945,0.465465255,-3.999390993,0.152896718,0.216339234,-0.015226680
6.683000,1.256140745,0.602577290,-4.013878619,0.133594312,0.202190130,-0.004156047
6.684000,1.237095509,0.710751333,-4.013251048,0.120829601,0.177718030,0.003914402
6.685000,1.123435006,0.548843824,-4.113931614,0.116598057,0.154989595,0.010391169
6.686000,1.113912468,0.402008067,-4.422515254,0.110646027,0.132553951,0.019462973
6.687000,1.199509701,0.368824525,-4.731702852,0.112251319,0.113194679,0.028011050
6.688000,1.280571730,0.278177964,-4.778096394,0.103744242,0.093529870,0.033497794
6.689000,1.495117289,0.185958112,-4.778906821,0.098445682,0.076954567,0.044656424
6.690000,1.715094931,0.179512508,-4.895758265,0.105886013,0.059996093,0.056063457
6.691000,1.831711990,-0.001304473,-5.078682107,0.116547695,0.037906041,0.069233051
6.692000,1.957741493,-0.133478192,-5.302394696,0.124352749,0.005311539,0.087714505
6.693000,2.067863968,-0.023506815,-5.634594429,0.141442587,-0.024681871,0.105836087
6.694000,2.099653746,-0.070839956,-5.606180665,0.151410731,-0.060655443,0.114699429
6.695000,2.165853689,-0.244475776,-5.515726831,0.155106742,-0.097297830,0.123659120
6.696000,2.111660726,-0.046088768,-5.519157426,0.156861656,-0.139433987,0.129545265
6.697000,2.109945083,0.260006289,-5.695988689,0.156711308,-0.184378502,0.132398185
6.698000,2.082824595,0.260534229,-5.796676371,0.158649204,-0.231424503,0.139696176
6.699000,2.054228815,0.229166523,-5.954229615,0.166891249,-0.277225839,0.143803016
6.700000,2.035269774,0.157864794,-6.267326420,0.179453691,-0.317171870,0.142038421
6.701000,2.004765073,-0.035867073,-6.439890020,0.190607448,-0.361345558,0.136132468
6.702000,2.026586023,-0.079603650,-6.554811026,0.183728914,-0.409273345,0.125839132
6.703000,2.074744556,0.043477577,-6.907365410,0.174596198,-0.455868442,0.112577195
6.704000,2.116278558,-0.007658082,-7.170548381,0.164690932,-0.504163509,0.097599242
6.705000,2.122889128,-0.340673288,-7.349103224,0.167713747,-0.557995984,0.081846270
6.706000,2.251842463,-0.393935208,-7.666225014,0.161146155,-0.613230944,0.079037087
6.707000,2.367081510,-0.118712138,-8.122019602,0.162513320,-0.659585719,0.081621350
6.708000,2.432166068,0.086655739,-8.408287802,0.154375719,-0.708892866,0.082647579
6.709000,2.523549237,0.087559924,-8.522346848,0.147509116,-0.760303239,0.083047572
6.710000,2.637238205,0.144625175,-8.578374818,0.135327305,-0.819166221,0.089192281
6.711000,2.673283545,-0.018736449,-8.648511798,0.143089408,-0.873864658,0.086513897
6.712000,2.789234749,-0.166800031,-8.749394413,0.139858257,-0.934568136,0.082691560
6.713000,2.931769615,-0.049457282,-9.075169695,0.135971771,-0.991593893,0.082881035
6.714000,2.918093286,0.096532869,-9.382281002,0.132476994,-1.053539314,0.077841460
6.715000,2.785632679,-0.126309405,-9.228061099,0.130890175,-1.138485174,0.067303304
6.716000,2.649732322,-0.189179900,-9.641890532,0.126320878,-1.217166524,0.065891762
6.717000,2.684934385,-0.120649417,-9.940456225,0.131350443,-1.277660272,0.068168804
6.718000,3.047964847,0.008089584,-10.405111541,0.119654908,-1.311159692,0.069221658
6.719000,3.559415991,0.130231097,-10.547493107,0.092812757,-1.346467513,0.071517543
6.720000,3.937941654,0.245150634,-10.850398958,0.062490099,-1.392357625,0.072721809
6.721000,4.149751625,0.158309137,-11.067158406,0.035237316,-1.452952317,0.065005451
6.722000,4.218612921,0.247602653,-11.507419789,0.008609444,-1.521981570,0.062420895
6.723000,4.219399525,0.398269101,-11.811244874,0.004974347,-1.588923679,0.060487290
6.724000,4.231006002,0.464769925,-11.978605312,0.006041004,-1.656134207,0.060460139
6.725000,4.315541541,0.332497601,-12.100847911,0.012535421,-1.715390961,0.062047174
6.726000,4.440485738,0.399225337,-12.308396215,0.004884038,-1.769771523,0.070433625
6.727000,4.591048363,0.518889852,-12.760718308,-0.003184304,-1.823580290,0.078119922
6.728000,4.649835660,0.789461236,-13.154848148,-0.025095242,-1.886543022,0.089404013
6.729000,4.701342671,0.834368642,-13.416744932,-0.026055416,-1.939711895,0.098803223
6.730000,4.659675770,0.760126454,-13.683087427,-0.020294672,-1.990674143,0.100728421
6.731000,4.749067757,0.577591654,-13.664555768,-0.017438983,-2.038548419,0.112227315
6.732000,4.903418800,0.659751304,-13.826251286,-0.035332285,-2.088542750,0.125683466
6.733000,5.046546151,0.852750839,-13.889985963,-0.048745180,-2.138628394,0.134822526
6.734000,5.083805464,0.971952532,-13.901935910,-0.074648826,-2.182286426,0.137781564
6.735000,5.074150045,0.755960662,-14.120862322,-0.081191947,-2.215660977,0.136119855
6.736000,4.788471490,0.313313066,-14.562405830,-0.081089203,-2.259672620,0.121659386
6.737000,4.203215711,-0.295398571,-14.965379120,-0.064880230,-2.314629904,0.101926707
6.738000,3.498172615,-0.801924801,-14.972415622,-0.064067397,-2.386602435,0.086665559
6.739000,2.627149402,-1.137913990,-14.888041678,-0.057959384,-2.464186942,0.071429608
6.740000,1.659279725,-1.361920397,-14.830836969,-0.047753428,-2.539614864,0.054766161
6.741000,0.660313459,-1.811019157,-15.005712153,-0.006887117,-2.602898443,0.033208603
6.742000,-0.246498039,-2.214906672,-14.977752764,0.025898936,-2.665335545,0.020142694
6.743000,-0.932259873,-2.279839777,-14.917750140,0.041318254,-2.727595815,0.025268022
6.744000,-1.387991806,-2.002455444,-14.717680121,0.031662360,-2.776984628,0.041018897
6.745000,-1.899903096,-1.572290123,-14.464467666,0.017335668,-2.817270948,0.051051377
6.746000,-2.243993979,-0.902019954,-14.382011521,0.003251551,-2.849734056,0.055360574
6.747000,-2.448006411,-0.450950093,-14.640342392,0.005497146,-2.869721996,0.055065251
6.748000,-2.215203338,0.112699249,-14.736991175,-0.008269861,-2.887284562,0.064697523
6.749000,-1.597277830,0.769443074,-14.978340357,-0.033589477,-2.885199241,0.086134605
6.750000,-0.793077053,1.374640603,-15.028060529,-0.062315295,-2.863902009,0.101982813
6.751000,0.196581996,1.585276484,-14.993047492,-0.078244728,-2.827746648,0.115944657
6.752000,1.293650053,1.665077254,-15.087842108,-0.097135003,-2.785550876,0.123791206
6.753000,2.426339155,1.731065191,-15.577492144,-0.107915939,-2.737376369,0.132387649
6.754000,3.618152512,1.438360538,-15.802543340,-0.119898549,-2.691043394,0.133064704
6.755000,4.828272792,1.001848033,-15.969370761,-0.121020394,-2.642113178,0.127988499
6.756000,6.032451271,0.485046422,-15.921780300,-0.116311974,-2.583457367,0.125167877
6.757000,7.104754612,-0.263782872,-16.080807105,-0.084881567,-2.527360541,0.116710405
6.758000,7.869361331,-1.174188201,-15.996083264,-0.047462557,-2.479506917,0.103495561
6.759000,8.566561226,-1.948970018,-16.019287354,-0.005738797,-2.438477036,0.093214284
6.760000,9.174978305,-2.502402339,-16.010742265,0.031880900,-2.393320070,0.088733587
6.761000,9.572745266,-2.984293936,-15.933452828,0.077684033,-2.343051204,0.081575502
6.762000,9.791648418,-3.269876302,-15.757985729,0.108581770,-2.299457527,0.070715634
6.763000,9.760988443,-3.374364455,-15.447971379,0.129176065,-2.270017075,0.060670114
6.764000,9.543760327,-3.184618182,-15.133350895,0.108134395,-2.249846930,0.065736096
6.765000,9.126311212,-2.683518608,-14.816860575,0.072504566,-2.241158271,0.074799705
6.766000,8.332016183,-1.868487612,-14.501061524,0.036456183,-2.235950059,0.085019187
6.767000,7.383480120,-1.101144297,-14.243319464,0.017519941,-2.232719022,0.095638529
6.768000,6.372138416,-0.545530321,-14.197366679,-0.005544340,-2.231250315,0.105164217
6.769000,5.204771758,-0.081986407,-14.262025584,-0.031661821,-2.224119485,0.111452715
6.770000,4.262937272,0.165000698,-14.249750935,-0.078085698,-2.210882332,0.118057397
6.771000,3.481272026,0.263961724,-13.905567747,-0.119169087,-2.195449931,0.115917380
6.772000,2.594436520,0.548910737,-13.718217829,-0.142126148,-2.177837553,0.104925515
6.773000,1.759365112,0.566757525,-13.537258263,-0.145354003,-2.165917298,0.090610556
6.774000,1.014786789,0.480502828,-13.646508640,-0.152281253,-2.147327454,0.078393919
6.775000,0.366064905,0.236392919,-13.709003137,-0.154299737,-2.120691227,0.064768705
6.776000,-0.047517551,-0.070273240,-13.359198555,-0.156319154,-2.092672180,0.050446874
6.777000,-0.270057845,-0.281292491,-13.061844680,-0.153003141,-2.052063492,0.040720064
6.778000,-0.525349664,-0.521424732,-13.218117002,-0.130243104,-2.002458362,0.026651359
6.779000,-0.641966761,-0.829090526,-13.559035889,-0.102825519,-1.939580676,0.010428392
6.780000,-0.314174463,-1.210784930,-13.480470963,-0.080287500,-1.867754585,0.001607399
6.781000,0.232942275,-1.416137704,-13.175521262,-0.064370564,-1.789649424,-0.001670210
6.782000,0.823951787,-1.417153105,-12.590751300,-0.056083295,-1.712777768,-0.003928212
6.783000,1.411160393,-1.166359723,-12.456968335,-0.051800349,-1.625158501,-0.001108511
6.784000,1.944490073,-1.162831686,-12.381858799,-0.044967769,-1.525167048,-0.005528162
6.785000,2.567325700,-1.143797565,-12.467107781,-0.041004747,-1.428972887,-0.008924494
6.786000,3.147175374,-0.870729987,-12.440723788,-0.064671068,-1.328358506,-0.004255056
6.787000,3.618649173,-0.439660466,-12.094429232,-0.091312266,-1.239439744,-0.008497791
6.788000,4.068168723,-0.037495547,-11.728926456,-0.117623582,-1.146153448,-0.017866918
6.789000,4.356852372,0.119076364,-11.527253116,-0.120161754,-1.056720603,-0.026193730
6.790000,4.477034421,0.144554625,-11.498229844,-0.125496327,-0.978298304,-0.039425060
6.791000,4.572814543,0.266941119,-11.312813721,-0.115889757,-0.906011685,-0.049625960
6.792000,4.555320999,0.293267927,-11.130682797,-0.108539889,-0.839294032,-0.062757239
6.793000,4.568394774,0.328914823,-10.652292430,-0.105075850,-0.775419215,-0.070350146
6.794000,4.575239496,0.550194453,-10.397266669,-0.117131745,-0.719231524,-0.071382968
6.795000,4.418260731,0.793581300,-10.189761505,-0.113553344,-0.649958258,-0.082498723
6.796000,4.086683599,0.735881748,-9.867411240,-0.102736687,-0.587573124,-0.101464574
6.797000,3.838416695,0.595517002,-9.677233044,-0.095354076,-0.531414917,-0.112221864
6.798000,3.638649051,0.701478389,-9.584176915,-0.085135943,-0.476237293,-0.116768698
6.799000,3.542821776,0.976011718,-9.320842126,-0.080050821,-0.407809438,-0.122923739
6.800000,3.398297326,1.059238377,-8.976796220,-0.087505854,-0.337030825,-0.134624611
6.801000,3.247827639,0.893027998,-8.546144497,-0.094229596,-0.269014838,-0.148076066
6.802000,3.090880885,0.776669911,-8.073214797,-0.088688441,-0.210940979,-0.156680015
6.803000,2.922848751,0.744377786,-7.827427072,-0.077701683,-0.151566694,-0.163109222
6.804000,2.681720076,0.874511671,-7.612552744,-0.065882899,-0.090678660,-0.173861112
6.805000,2.474130203,0.759809709,-7.388904192,-0.048603043,-0.026249419,-0.188569966
6.806000,2.263468629,0.453725106,-7.241274429,-0.037597771,0.032303238,-0.197773690
6.807000,2.143731618,0.292194276,-7.061092517,-0.023165690,0.090765841,-0.208708637
6.808000,2.093537850,0.253252813,-6.832871506,-0.025443932,0.152178818,-0.216660045
6.809000,2.105913405,0.409002450,-6.484293826,-0.033990605,0.219764137,-0.219634308
6.810000,2.084317204,0.499627420,-6.207919775,-0.039092312,0.277017762,-0.224307466
6.811000,2.036316172,0.354317675,-6.007399877,-0.029951128,0.338819604,-0.230420675
6.812000,1.999726021,0.199913750,-5.689184891,-0.024796230,0.397620384,-0.234927183
6.813000,2.022405081,0.188065864,-5.592784937,-0.015170737,0.460025130,-0.237406730
6.814000,2.022767505,0.317016635,-5.293363724,-0.017790608,0.518159230,-0.243831309
6.815000,2.097345617,0.350047184,-5.072817935,-0.016472947,0.565259291,-0.250005164
6.816000,2.120548035,0.282920792,-4.740610387,-0.028359148,0.607759575,-0.255299007
6.817000,2.179294421,0.306746964,-4.560529542,-0.025819390,0.649378747,-0.261623990
6.818000,2.210154825,0.370097688,-4.383430752,-0.025801387,0.684838502,-0.265085976
6.819000,2.242756211,0.408518991,-4.366737861,-0.019795810,0.722909107,-0.264852428
6.820000,2.373918037,0.399260773,-4.245069628,-0.015391687,0.763276220,-0.261960712
6.821000,2.598634381,0.381539501,-3.936784442,-0.017127302,0.803718327,-0.257476787
6.822000,2.731298568,0.471104937,-3.771072456,-0.030192043,0.841757975,-0.253368216
6.823000,2.857737353,0.534014656,-3.548080461,-0.037591695,0.875663638,-0.253168253
6.824000,2.967589948,0.554710894,-3.443532991,-0.050717390,0.900596728,-0.249713330
6.825000,3.024323442,0.560556504,-3.411957024,-0.041232336,0.925860955,-0.251773400
6.826000,3.109922748,0.389233571,-3.226783336,-0.028724222,0.948268656,-0.255394838
6.827000,3.321308828,0.163573502,-3.130268164,-0.019252694,0.971331230,-0.252478961
6.828000,3.551652381,0.268587441,-3.198627814,-0.016927751,0.997587526,-0.248203842
6.829000,3.757464935,0.452784661,-3.251358957,-0.013455968,1.018509707,-0.247677950
6.830000,3.878066081,0.392896018,-3.133542085,-0.015071415,1.034182081,-0.245736550
6.831000,4.017123196,0.176104754,-2.960836396,-0.006690902,1.046538498,-0.242271448
6.832000,4.150375158,-0.078990945,-2.856891864,0.011523887,1.060284809,-0.238024722
6.833000,4.287857038,-0.203317022,-2.629867273,0.026502868,1.069887981,-0.233018550
6.834000,4.459464952,-0.202832486,-2.555871780,0.027222952,1.077251596,-0.224688156
6.835000,4.687019111,-0.113083763,-2.536153097,0.020212909,1.082850963,-0.218410601
6.836000,4.775281747,0.028612245,-2.494225924,0.003412367,1.085824251,-0.214552844
6.837000,4.842406992,0.034341178,-2.461878687,0.002982572,1.082761435,-0.212081495
6.838000,4.816315290,-0.105786497,-2.291174240,0.012164892,1.073064904,-0.209201081
6.839000,4.798221133,-0.163125386,-2.164512725,0.022517700,1.057386017,-0.202137893
6.840000,4.853496952,-0.172442285,-2.030745432,0.026519032,1.047053879,-0.193483738
6.841000,4.958357951,-0.047780833,-1.883003824,0.019603048,1.034637838,-0.185413556
6.842000,5.010974927,0.111963240,-1.780091732,-0.001191648,1.019567152,-0.180753810
6.843000,5.008543735,0.241184663,-1.703978354,-0.017670454,1.000625669,-0.178449315
6.844000,4.886842497,0.351082868,-1.709287843,-0.015233891,0.979888361,-0.175867804
6.845000,4.754310579,0.337338596,-1.669593713,0.002043079,0.960307243,-0.172849663
6.846000,4.632148029,0.206555319,-1.545585160,0.012861755,0.933981686,-0.165795768
6.847000,4.550349552,0.149120143,-1.397627919,0.010928287,0.906401686,-0.153985324
6.848000,4.450516994,0.198774366,-1.265253031,-0.006152937,0.879523421,-0.140981211
6.849000,4.299719109,0.348026290,-1.250157004,-0.028634795,0.852803450,-0.130447732
6.850000,4.058914755,0.397143085,-1.157842845,-0.042106622,0.822667693,-0.122966452
6.851000,3.715628646,0.316416932,-1.093804161,-0.039163692,0.783593320,-0.112471596
6.852000,3.372817302,0.215672462,-0.948767480,-0.026285376,0.741989232,-0.102111375
6.853000,3.057227407,0.202865552,-0.975315698,-0.014001438,0.700828592,-0.090196468
6.854000,2.745706291,0.190476535,-0.904034709,-0.013021416,0.661423623,-0.080833496
6.855000,2.396298228,0.116483115,-0.870419817,-0.021838997,0.617759869,-0.071438352
6.856000,2.098619974,0.105026717,-0.852950240,-0.037281986,0.575446736,-0.063981514
6.857000,1.795166843,0.145840536,-0.650848781,-0.038235001,0.535015905,-0.059765662
6.858000,1.503538736,0.087137209,-0.383211109,-0.038768247,0.488906652,-0.054508770
6.859000,1.154108542,0.125364735,-0.188875559,-0.037129012,0.436992263,-0.043766973
6.860000,0.798534722,0.308475162,-0.116651046,-0.037409763,0.384269845,-0.029305530
6.861000,0.537995657,0.459068152,-0.034248690,-0.041102600,0.341829073,-0.014014814
6.862000,0.333323192,0.477748860,-0.013334737,-0.052557540,0.308331443,0.001382263
6.863000,0.150274299,0.507317792,0.084003949,-0.063464704,0.273918471,0.015140281
6.864000,-0.059703039,0.544802257,0.219555389,-0.068793340,0.238472399,0.028996687
6.865000,-0.288620516,0.457758711,0.300049133,-0.072418949,0.198040381,0.043240133
6.866000,-0.416322372,0.380503364,0.264814186,-0.077961093,0.156614156,0.060369248
6.867000,-0.468064502,0.416889682,0.220100700,-0.086842288,0.114602298,0.079674934
6.868000,-0.505438574,0.497683599,0.186797091,-0.100023295,0.075750759,0.098198478
6.869000,-0.531877355,0.495750911,0.201894293,-0.113485785,0.038614402,0.113893036
6.870000,-0.554223849,0.515325450,0.267978126,-0.128410056,-0.001731449,0.129924044
6.871000,-0.613231859,0.492338299,0.258509259,-0.135788216,-0.043095719,0.141880070
6.872000,-0.648443753,0.429203553,0.214954622,-0.141448857,-0.085528306,0.152163197
6.873000,-0.636808799,0.403942784,0.129123003,-0.146149645,-0.123978246,0.159377463
6.874000,-0.571038300,0.465263419,0.035741636,-0.147982143,-0.162336951,0.164631253
6.875000,-0.474608690,0.514205757,-0.025653746,-0.144748823,-0.195622657,0.168684791
6.876000,-0.434414855,0.508411909,-0.168546202,-0.137449218,-0.223230926,0.172091612
6.877000,-0.373565248,0.506537058,-0.145032090,-0.128816066,-0.247729425,0.176633548
6.878000,-0.249375363,0.497262323,-0.034467726,-0.114411675,-0.272277698,0.192195617
6.879000,-0.242310310,0.574469175,-0.075150635,-0.099356138,-0.285933624,0.206606000
6.880000,-0.149746569,0.601629631,-0.184979957,-0.086605967,-0.289163935,0.215504232
6.881000,-0.011781882,0.485709017,-0.147229910,-0.080989128,-0.295095898,0.221166648
6.882000,0.069815524,0.341956639,-0.095434810,-0.077411915,-0.305934975,0.224522335
6.883000,0.127359062,0.250792547,0.073584966,-0.075086466,-0.320795502,0.223350017
6.884000,0.158976109,0.295647981,0.426204298,-0.079936161,-0.341786723,0.217923143
6.885000,0.154850978,0.427115078,0.686035670,-0.080086439,-0.358985041,0.210245539
6.886000,0.160782501,0.446266120,0.643463183,-0.072438192,-0.367990281,0.202813212
6.887000,0.154129105,0.355791386,0.451361713,-0.055398406,-0.374439831,0.195286660
6.888000,0.204704154,0.062837493,0.379381531,-0.037194398,-0.389614158,0.189248348
6.889000,0.319788330,-0.147194540,0.428291728,-0.023977466,-0.405962906,0.187481162
6.890000,0.335062937,-0.046232068,0.701762543,-0.015603857,-0.422008065,0.180745129
6.891000,0.311195842,0.059415087,0.954120206,-0.009778750,-0.437004467,0.166625930
6.892000,0.256247010,-0.017706326,1.224508678,-0.003111791,-0.452741918,0.155799673
6.893000,0.197258293,-0.172728270,1.220172242,0.005128855,-0.467225221,0.148284719
6.894000,0.122344286,-0.219289733,1.102309953,0.017382446,-0.481391514,0.140610756
6.895000,0.050196333,-0.273634358,1.154890809,0.024177118,-0.497816613,0.135276056
6.896000,0.024184567,-0.283245376,1.314004303,0.021448612,-0.509328812,0.132527061
6.897000,-0.022130584,-0.213159086,1.414548970,0.014069872,-0.516054771,0.129065870
6.898000,-0.099254463,-0.193520937,1.669412787,0.004874098,-0.525791805,0.123447529
6.899000,-0.228313727,-0.286864453,1.901286359,-0.001983785,-0.537428311,0.118782924
6.900000,-0.359194061,-0.364894282,2.106587481,-0.003364955,-0.547888528,0.114237094
6.901000,-0.453711267,-0.358674148,2.094641076,-0.008427894,-0.556201353,0.110030140
6.902000,-0.542549706,-0.336853686,2.127579916,-0.013085810,-0.560077276,0.106068879
6.903000,-0.623086886,-0.335175341,2.156029513,-0.019720509,-0.559396685,0.104125700
6.904000,-0.715343879,-0.295663274,2.266739587,-0.021827421,-0.559140040,0.100835265
6.905000,-0.857510464,-0.331833414,2.386467059,-0.022953472,-0.561206296,0.096254572
6.906000,-1.041129805,-0.440688259,2.468776568,-0.020788480,-0.563924997,0.090148249
6.907000,-1.204287697,-0.489092446,2.523912478,-0.016469440,-0.565397914,0.084242482
6.908000,-1.345457045,-0.534862100,2.446308569,-0.010395382,-0.559824480,0.076237901
6.909000,-1.433187846,-0.584240790,2.372526725,-0.007529134,-0.552378664,0.067190425
6.910000,-1.451782809,-0.638795265,2.368164332,-0.004169693,-0.540424407,0.058106088
6.911000,-1.530779274,-0.669072073,2.420059944,-0.004924591,-0.529247917,0.047229583
6.912000,-1.606278148,-0.808523180,2.566808502,-0.003427193,-0.523015772,0.035575537
6.913000,-1.691864344,-0.913699655,2.709262222,-0.006475647,-0.518992308,0.027996084
6.914000,-1.752531553,-0.887646354,2.786063573,-0.006716938,-0.514474133,0.020140382
6.915000,-1.818465802,-0.855744744,2.912434795,-0.010140280,-0.508615479,0.010828239
6.916000,-1.870955026,-0.853443201,2.959896454,-0.008322073,-0.500532202,0.005448665
6.917000,-1.937492173,-0.855929558,3.006506973,-0.005897152,-0.494007165,0.001593027
6.918000,-1.976119662,-0.915694301,3.086295888,0.002548776,-0.488114193,-0.003692729
6.919000,-2.014982308,-0.959641202,3.238925981,0.005264406,-0.483413394,-0.007120645
6.920000,-1.978596241,-0.849266370,3.412273574,0.000545987,-0.472406264,-0.008661944
6.921000,-1.928701037,-0.696002354,3.608562287,-0.007404408,-0.458789352,-0.014380235
6.922000,-1.842338429,-0.602606432,3.759909299,-0.013077039,-0.441516033,-0.020457534
6.923000,-1.781367094,-0.489041463,3.790176550,-0.019110635,-0.418752421,-0.025719376
6.924000,-1.705760014,-0.395197515,3.759378973,-0.020460388,-0.393154508,-0.034569644
6.925000,-1.605405601,-0.263855684,3.556124338,-0.024884921,-0.360742631,-0.038529523
6.926000,-1.439684085,-0.139650853,3.467090491,-0.028537595,-0.321780533,-0.040181242
6.927000,-1.247378533,0.023484710,3.513981440,-0.033077141,-0.286540155,-0.044391804
6.928000,-1.053460508,0.000720949,3.636187018,-0.029515616,-0.248796300,-0.049236271
6.929000,-0.971512977,-0.087324937,3.675276545,-0.027850705,-0.210707715,-0.053038437
6.930000,-0.856689608,-0.160632197,3.562524510,-0.024827772,-0.174859302,-0.060342634
6.931000,-0.712016460,-0.045473298,3.440416133,-0.026975578,-0.133516258,-0.069372289
6.932000,-0.545416249,0.021828976,3.482358658,-0.029680120,-0.083891806,-0.077277619
6.933000,-0.312721863,0.145399454,3.522337221,-0.033499904,-0.028553023,-0.085596481
6.934000,-0.082921104,0.147247313,3.411531685,-0.025867745,0.028633996,-0.090514485
6.935000,0.090432647,0.130041326,3.332758636,-0.021590294,0.075440929,-0.091686600
6.936000,0.227972284,0.046580923,3.176311751,-0.010447461,0.126830130,-0.091884936
6.937000,0.425258465,-0.033548309,3.287573127,-0.006137875,0.180746081,-0.090736602
6.938000,0.604827322,-0.099093580,3.547292195,-0.006712621,0.235460173,-0.090739237
6.939000,0.858894960,-0.037498560,3.919524321,-0.020827056,0.290742306,-0.086867832
6.940000,1.087561873,0.172688158,3.933171782,-0.035216359,0.351234906,-0.087280247
6.941000,1.140622137,0.333412935,3.830022538,-0.043024777,0.403602942,-0.091870441
6.942000,1.171027919,0.271083441,3.691221550,-0.037539525,0.458130927,-0.092795395
6.943000,1.204541162,0.156334754,3.678484729,-0.031299341,0.509486889,-0.088196420
6.944000,1.316107620,0.246797182,3.707119625,-0.028464212,0.572278392,-0.085410424
6.945000,1.437643758,0.376169002,3.941233592,-0.038903484,0.638026906,-0.083439549
6.946000,1.560956991,0.465867548,4.069950583,-0.060191080,0.698789742,-0.082043852
6.947000,1.646808620,0.651277965,4.045325610,-0.081279864,0.751928919,-0.083419509
6.948000,1.689195416,0.667462654,4.000060959,-0.071850453,0.806587816,-0.092949914
6.949000,1.682592339,0.433015177,4.236181091,-0.058499328,0.854601981,-0.097690201
6.950000,1.860954053,0.236559485,4.282165334,-0.041524408,0.907146233,-0.101610407
6.951000,1.958466284,0.348790589,4.492302922,-0.033718586,0.956570591,-0.105242708
6.952000,2.088670924,0.335205995,4.771693576,-0.036915622,1.005033637,-0.108461539
6.953000,2.119968681,0.404958394,4.932835872,-0.059163958,1.056565885,-0.107170084
6.954000,2.214128253,0.490268063,4.975833109,-0.070286888,1.106231794,-0.105672723
6.955000,2.201352441,0.468479805,5.159935707,-0.062550217,1.157205452,-0.102452126
6.956000,2.297566997,0.460594655,5.376940607,-0.047533340,1.213007316,-0.098425149
6.957000,2.370543685,0.403815543,5.539574619,-0.033901793,1.266983428,-0.095681488
6.958000,2.435354422,0.161803653,5.822670694,-0.019094377,1.321401616,-0.093110775
6.959000,2.538953091,0.128345179,6.098556498,-0.028475136,1.377086487,-0.092080863
6.960000,2.623853610,0.267446693,6.122528737,-0.037096001,1.424651328,-0.094885926
6.961000,2.597328012,0.367423474,6.277645105,-0.047225161,1.475108150,-0.097464181
6.962000,2.507614240,0.348733095,6.329222672,-0.050577991,1.527466139,-0.106788859
6.963000,2.438252372,0.384781109,6.446040326,-0.038329724,1.574063893,-0.114733352
6.964000,2.336853167,0.350188237,6.631359718,-0.010747158,1.621520368,-0.117796378
6.965000,2.334593002,0.317511478,6.748382558,-0.004373297,1.675861423,-0.117518160
6.966000,2.501588155,0.409077787,6.768652685,-0.011369924,1.729825778,-0.112360704
6.967000,2.568483993,0.575286402,6.966662785,-0.025094031,1.789633621,-0.110738398
6.968000,2.520242143,0.550675919,7.265909654,-0.031264178,1.845664655,-0.110864790
6.969000,2.505041857,0.413138864,7.604772571,-0.033449703,1.893362378,-0.107107628
6.970000,2.489158504,0.202602103,7.827065738,-0.015293256,1.937741823,-0.104560397
6.971000,2.576227935,-0.077392506,8.033926503,0.005281795,1.980437867,-0.096131592
6.972000,2.694248222,-0.294979225,8.199953505,0.008691431,2.026428959,-0.083518573
6.973000,2.859259280,-0.195255201,8.199870366,0.006087516,2.070486153,-0.074924700
6.974000,2.913980056,-0.207839495,8.478233343,0.013734356,2.114194038,-0.067635071
6.975000,2.920165405,-0.325226746,8.763754981,0.013235307,2.156830145,-0.056812679
6.976000,2.952334208,-0.443271450,8.992470815,0.022788641,2.194255377,-0.044919908
6.977000,3.000162289,-0.469931344,9.170952835,0.039510677,2.240338848,-0.033337273
6.978000,3.017263219,-0.543655427,9.403023356,0.059974913,2.297854073,-0.021213672
6.979000,3.140845863,-0.565991922,9.241788256,0.073985968,2.355453692,-0.009488069
6.980000,3.180381058,-0.698061878,9.056176865,0.090587555,2.419058203,-0.003109227
6.981000,3.259668361,-0.820113064,8.821386561,0.100924443,2.482747722,0.007070138
6.982000,3.334032434,-0.922790446,8.798881996,0.109984092,2.539365981,0.011838965
6.983000,3.371890641,-1.095609125,9.041376668,0.126710663,2.592379091,0.013809683
6.984000,3.566948130,-1.159727877,9.522373654,0.129158379,2.648607425,0.020041222
6.985000,3.786360114,-0.856349412,9.787921153,0.137403084,2.712445998,0.024751114
6.986000,4.002164466,-0.548717814,9.805891796,0.152436952,2.771829884,0.028625906
6.987000,4.801701503,-0.205814884,9.452763117,0.143832219,2.841514213,0.043210050
6.988000,5.969957529,0.373064445,9.465539231,0.116577544,2.950668731,0.050287799
6.989000,7.116489894,0.869880811,10.168309475,0.091349254,3.046664479,0.051290791
6.990000,8.199720149,0.986183197,10.489610851,0.058346677,3.143388903,0.056667075
6.991000,8.966083494,1.102230236,10.082949467,0.049145719,3.231891909,0.050209427
6.992000,9.901810019,0.912404406,9.921794792,0.063974921,3.318027845,0.040361304
6.993000,10.859631032,0.431121564,9.940308547,0.066169724,3.410499134,0.041117813
6.994000,11.514028383,0.070447543,9.972436074,0.084888967,3.491822176,0.034263597
6.995000,11.908444650,-0.250448961,10.264471374,0.106045893,3.552173033,0.028295985
6.996000,12.100776173,-0.835668681,10.251430786,0.130925580,3.609762342,0.025727262
6.997000,12.212511937,-1.379896620,10.210761783,0.144741388,3.667230065,0.021652267
6.998000,12.184218508,-1.886096530,10.142712153,0.155576959,3.707897963,0.020919541
6.999000,11.887948338,-2.196480172,10.307674841,0.176174410,3.737752240,0.019121441
7.000000,11.446133759,-2.422771258,10.470212838,0.211013899,3.746796031,0.024991166
7.001000,10.770104392,-2.750103683,10.977503863,0.232232226,3.753385489,0.018070526
7.002000,9.968632417,-2.704511618,11.165293904,0.231229366,3.755345289,0.012129048
7.003000,9.254446949,-2.231837534,11.436630393,0.211629478,3.750733513,0.014218387
7.004000,8.425139257,-1.718466589,11.602554641,0.202620997,3.742153933,0.021805912
7.005000,7.513802570,-1.176412437,11.939272781,0.190150270,3.729810969,0.037214730
7.006000,6.758008340,-0.469535890,12.255706714,0.165007076,3.723099021,0.056929134
7.007000,6.074126067,0.339714943,12.140138975,0.128572257,3.719367360,0.071563914
7.008000,5.521113782,0.860960183,12.075937198,0.101003678,3.713339643,0.087751726
7.009000,5.046871791,1.096986644,12.032122724,0.080102344,3.706149711,0.100124167
7.010000,4.785715847,1.291954785,12.144190178,0.069289148,3.695816266,0.103251759
7.011000,4.618616658,1.357986077,12.300543071,0.061127247,3.691016315,0.107934813
7.012000,4.565963140,1.265947785,12.229460444,0.073591474,3.688648297,0.114476588
7.013000,4.703432375,0.960381398,11.943161541,0.093370955,3.695452429,0.125846180
7.014000,5.063421029,0.498084519,11.811837284,0.106440917,3.699757080,0.135884589
7.015000,5.591089592,0.068425621,11.927610295,0.121498074,3.704104574,0.149527775
7.016000,6.210555699,-0.327135136,11.780326423,0.154334714,3.715983830,0.168960116
7.017000,6.902141359,-0.815883400,11.961699669,0.205274892,3.733517174,0.188134864
7.018000,7.415857864,-1.332091447,12.078191922,0.247229804,3.748188254,0.205125463
7.019000,8.073890180,-1.690198450,12.120774024,0.270254271,3.758396446,0.202223070
7.020000,8.695694433,-2.084635013,12.326969022,0.281806651,3.763498108,0.174284965
7.021000,9.293722843,-2.077832283,13.009895462,0.260599858,3.763805040,0.134018703
7.022000,9.894690638,-1.850760517,13.681260120,0.237040928,3.763493379,0.071599584
7.023000,10.350163520,-1.378243151,13.990071352,0.206456691,3.755955534,-0.000304217
7.024000,10.742648482,-0.729089542,13.865466924,0.171741605,3.739709904,-0.051790682
7.025000,11.096996727,-0.023763460,13.596276110,0.124884168,3.725500264,-0.081503865
7.026000,11.024105417,0.630661409,13.519405121,0.103011253,3.711575047,-0.090217247
7.027000,10.849217671,0.963811469,13.752526924,0.098078440,3.694853183,-0.080779001
7.028000,10.683630168,1.000268777,13.631318222,0.102018857,3.675077920,-0.061662415
7.029000,10.343968709,0.776836923,13.494193056,0.106517091,3.650866769,-0.046525331
7.030000,9.936837995,0.396138263,13.355178413,0.112927082,3.602776293,-0.036758867
7.031000,9.324992400,-0.024931985,13.624495088,0.116357249,3.547124831,-0.038488961
7.032000,8.672024913,-0.278477355,13.882159404,0.119660005,3.486580682,-0.041503494
7.033000,7.696247186,-0.608720296,14.187658251,0.124601954,3.428374002,-0.055113637
7.034000,6.688657390,-0.927065363,13.870232089,0.135159164,3.355888479,-0.071586111
7.035000,5.738714656,-1.074064685,13.482130523,0.156523641,3.275436557,-0.091412668
7.036000,5.010333549,-1.202237186,13.338905874,0.179220467,3.194415574,-0.111795141
7.037000,4.354632074,-1.371925938,13.604734743,0.193324810,3.108311617,-0.133046634
7.038000,3.798695813,-1.371136162,13.929530743,0.215966774,3.027768663,-0.162612613
7.039000,3.461102020,-1.355533098,13.914104302,0.235043129,2.967318960,-0.191271586
7.040000,3.364545187,-1.240501065,13.337363925,0.240314141,2.924284834,-0.209431150
7.041000,3.441872631,-1.011096154,13.087548915,0.248240068,2.886200695,-0.235026431
7.042000,3.619660672,-0.765870064,13.165153744,0.251776883,2.851138783,-0.251854655
7.043000,3.751692405,-0.544378264,13.345964548,0.240620912,2.813835993,-0.255359930
7.044000,3.871710601,-0.271494339,13.335069058,0.224204416,2.773949970,-0.255969600
7.045000,3.953407012,0.012033266,13.067988601,0.202092369,2.730608015,-0.249303514
7.046000,4.098097153,0.365156986,12.675996323,0.174994362,2.685131385,-0.236780869
7.047000,4.161270478,0.640377612,12.401448523,0.173500295,2.640138444,-0.235590680
7.048000,4.358945159,0.488077909,12.379291432,0.183530910,2.592577415,-0.229862874
7.049000,4.601876748,0.183312911,12.299844874,0.186039260,2.549745453,-0.228295667
7.050000,4.881975763,-0.012079309,11.852551210,0.194055258,2.508648635,-0.236328137
7.051000,5.113695324,-0.384447701,11.255646899,0.194642842,2.465768606,-0.240144307
7.052000,5.395022722,-0.788366365,10.808646219,0.213043452,2.418885919,-0.244783351
7.053000,5.535192630,-1.092406050,10.740483908,0.246702857,2.369307829,-0.254635643
7.054000,5.584869047,-1.467530848,10.620719675,0.284149469,2.316403846,-0.265497923
7.055000,5.622002577,-1.805764078,10.344220641,0.300388355,2.259443097,-0.274631878
7.056000,5.709226627,-1.858991073,10.026127052,0.310689711,2.206142656,-0.285494963
7.057000,5.740096780,-1.778555521,9.805578415,0.307560947,2.146816354,-0.292432781
7.058000,5.690152269,-1.603493258,9.602809201,0.300201721,2.090047141,-0.295580794
7.059000,5.594219219,-1.239267409,9.542822418,0.298978480,2.023501243,-0.295301447
7.060000,5.317472287,-1.064990110,9.459819285,0.306102259,1.954006256,-0.294123217
7.061000,4.941433151,-1.055359153,9.489161005,0.302528825,1.873338224,-0.290163257
7.062000,4.590641799,-0.976715884,9.419233405,0.289442769,1.806121132,-0.283044412
7.063000,4.216576972,-0.686148345,9.155066915,0.267130904,1.740103698,-0.275410841
7.064000,3.766738471,-0.467768069,8.854863753,0.260053020,1.672449474,-0.262256359
7.065000,3.226978166,-0.271515547,8.718235189,0.267544933,1.594262044,-0.242349566
7.066000,2.779676898,-0.199052900,8.471692152,0.287238933,1.524973340,-0.224406155
7.067000,2.323956471,-0.233957773,8.289887743,0.286792850,1.452548683,-0.210422236
7.068000,2.034437006,-0.265782105,8.078129154,0.279899754,1.385777193,-0.201513457
7.069000,1.720596905,-0.066954939,7.804650071,0.274173861,1.317924082,-0.195891321
7.070000,1.477141272,0.024133232,7.692951059,0.282374808,1.258028940,-0.194137904
7.071000,1.245083606,0.066273697,7.564177947,0.285638877,1.196897081,-0.188699076
7.072000,1.082405807,0.050517589,7.355562736,0.301336795,1.140016287,-0.184533822
7.073000,0.934814774,0.011927372,7.191996205,0.311088048,1.081823042,-0.185064897
7.074000,0.917812965,-0.088457323,7.029951337,0.315911820,1.028118396,-0.187483847
7.075000,0.986694075,0.000641569,6.736577946,0.310968406,0.981103556,-0.191117711
7.076000,1.042013005,-0.104508308,6.404867594,0.312431731,0.943375886,-0.193484383
7.077000,1.102344344,-0.243018957,6.135836859,0.309209879,0.903638672,-0.195382222
7.078000,1.262802948,-0.412045227,5.859031142,0.309188335,0.852770941,-0.195595205
7.079000,1.299842093,-0.418008854,5.836759771,0.319951007,0.809898246,-0.194942646
7.080000,1.340666508,-0.530052029,5.763696249,0.328629172,0.770830927,-0.195984848
7.081000,1.463706244,-0.568570892,5.473295367,0.328726541,0.734614713,-0.192918136
7.082000,1.541393658,-0.494606827,5.148331203,0.327142047,0.702007843,-0.189928426
7.083000,1.513558043,-0.421053818,4.955286951,0.322198314,0.663499118,-0.189214905
7.084000,1.494081747,-0.426205153,4.870279061,0.318403062,0.623615049,-0.186343870
7.085000,1.502779366,-0.285319894,4.924336976,0.311685633,0.584830900,-0.178827946
7.086000,1.457818409,-0.164643902,4.837095925,0.308330287,0.548009712,-0.174700080
7.087000,1.389428836,-0.076826415,4.711568001,0.305510106,0.514199352,-0.168667231
7.088000,1.360101533,-0.043263780,4.560385894,0.299388122,0.480996242,-0.160657932
7.089000,1.320963699,0.076594015,4.398166847,0.286486115,0.449929881,-0.151014134
7.090000,1.308317104,0.181185110,4.424294502,0.274409923,0.420179411,-0.140938097
7.091000,1.214777247,0.279818543,4.416400355,0.262235753,0.394082658,-0.134868888
7.092000,1.046849169,0.438781801,4.377563040,0.249023599,0.370592821,-0.126020876
7.093000,0.919499138,0.674464300,4.212365106,0.237059017,0.350520374,-0.117108197
7.094000,0.811411542,0.842718725,3.955277896,0.229139813,0.337178238,-0.108705902
7.095000,0.685329165,0.929288489,3.690740857,0.225210472,0.325665322,-0.101179477
7.096000,0.578779756,0.814834837,3.570747730,0.222870812,0.315714543,-0.096730999
7.097000,0.591403903,0.690004406,3.483520376,0.215343727,0.305968712,-0.090294904
7.098000,0.606287203,0.585979866,3.378953103,0.211909696,0.300698793,-0.085364061
7.099000,0.651727799,0.452354833,3.250689125,0.203720486,0.296613057,-0.079123168
7.100000,0.677935706,0.189510960,3.095005851,0.206380394,0.294026046,-0.072179072
7.101000,0.675949007,-0.012676357,2.981252750,0.213525459,0.290383267,-0.064314628
7.102000,0.707773571,-0.200279319,2.885480456,0.227936235,0.286335783,-0.049714143
7.103000,0.790778436,-0.359050430,2.739043619,0.237952469,0.281193813,-0.030694360
7.104000,0.863442759,-0.425913485,2.662761326,0.239910721,0.275637193,-0.012564290
7.105000,0.883822833,-0.432203285,2.701838041,0.231844719,0.272090434,0.001031413
7.106000,0.866899758,-0.532905460,2.720575749,0.218431536,0.268554963,0.006495738
7.107000,0.814483528,-0.678785098,2.677509394,0.196173183,0.263957155,0.004311711
7.108000,0.807324829,-0.694413482,2.503108668,0.174558598,0.261397961,-0.001477848
7.109000,0.833273933,-0.578103565,2.367314016,0.154721265,0.259292863,-0.009869994
7.110000,0.914073011,-0.462337036,2.260361777,0.141153358,0.259466993,-0.017418137
7.111000,1.080970259,-0.353566829,2.114123729,0.134059826,0.261508090,-0.019196248
7.112000,1.286266242,-0.308664450,1.989001844,0.132554610,0.262005238,-0.008257123
7.113000,1.399118085,-0.300185158,1.828752155,0.127830540,0.258352559,0.010340996
7.114000,1.455321538,-0.159500066,1.675129888,0.117133247,0.252941697,0.035012171
7.115000,1.507467475,0.115675829,1.570878454,0.098346942,0.247243360,0.064394384
7.116000,1.549064340,0.442079348,1.510935179,0.083879999,0.242058757,0.091584048
7.117000,1.508231090,0.670792698,1.429131738,0.077189170,0.238888515,0.112888971
7.118000,1.445229672,0.717744831,1.250170196,0.079206341,0.235340805,0.128056461
7.119000,1.383435613,0.614092409,1.042893054,0.085196507,0.230097085,0.143712634
7.120000,1.325474496,0.417196588,0.898989734,0.089681572,0.223317745,0.152695567
7.121000,1.353830310,0.205765239,0.907010637,0.089522332,0.214974838,0.155546625
7.122000,1.355167789,0.076967176,0.905111131,0.083491622,0.209296715,0.156295763
7.123000,1.324543932,0.084090664,0.694915123,0.082016794,0.209237172,0.154028742
7.124000,1.268638038,-0.065663861,0.468223633,0.092760748,0.207893560,0.146079943
7.125000,1.200853777,-0.287942683,0.186418079,0.114580620,0.203609363,0.133937219
7.126000,1.116579781,-0.545131710,0.058327751,0.148243398,0.198473720,0.119114239
7.127000,1.023076347,-0.666762837,-0.023315778,0.179314653,0.193352998,0.104176687
7.128000,0.948216343,-0.660482763,-0.198981838,0.204527461,0.191322029,0.086110236
7.129000,0.819664346,-0.602104105,-0.421068580,0.221270964,0.191899110,0.064782461
7.130000,0.733953270,-0.751846254,-0.521313539,0.237362292,0.187327106,0.042992362
7.131000,0.682627387,-0.982790457,-0.590991390,0.252922181,0.179479797,0.028780871
7.132000,0.586605970,-1.092721725,-0.657599376,0.271621443,0.172439339,0.021654512
7.133000,0.476360548,-1.060217905,-0.626887391,0.282827776,0.165145212,0.017290916
7.134000,0.367873954,-0.932262365,-0.639346245,0.274652587,0.162014222,0.016641549
7.135000,0.272580579,-0.686356983,-0.725334435,0.258487611,0.161938222,0.014786172
7.136000,0.180960633,-0.502227283,-0.717614745,0.244337016,0.160572011,0.008303096
7.137000,0.030297496,-0.387272410,-0.685842417,0.238423494,0.152753217,-0.002061939
7.138000,-0.157508349,-0.310007259,-0.850950826,0.243349821,0.144117660,-0.013573712
7.139000,-0.322198307,-0.254398865,-1.126840234,0.256301949,0.135574441,-0.022115958
7.140000,-0.480498037,-0.160146300,-1.341558457,0.264057904,0.128625404,-0.028349748
7.141000,-0.532515073,-0.050461559,-1.446259835,0.269022507,0.125700112,-0.031260211
7.142000,-0.511980163,0.086472897,-1.485960993,0.267671103,0.128608328,-0.031866493
7.143000,-0.498241411,0.172532351,-1.466516481,0.264362346,0.132816659,-0.035999404
7.144000,-0.532820675,0.173700388,-1.539250195,0.265712805,0.136690081,-0.042541324
7.145000,-0.599728339,0.105827250,-1.778232257,0.274252390,0.137811215,-0.046765589
7.146000,-0.678240069,0.046333846,-2.084983056,0.282858912,0.137442953,-0.050753412
7.147000,-0.706841823,0.003820738,-2.333341505,0.285291603,0.139095390,-0.051712376
7.148000,-0.683944156,0.008414854,-2.436810076,0.278361294,0.141462921,-0.049936711
7.149000,-0.673941078,0.023086074,-2.457095557,0.270621183,0.146380118,-0.048039487
7.150000,-0.709128162,-0.018165502,-2.484083914,0.267549405,0.150027712,-0.047690420
7.151000,-0.739742506,-0.231556943,-2.527807827,0.269733578,0.151887593,-0.047735251
7.152000,-0.749977116,-0.440553193,-2.632138530,0.270947053,0.154712945,-0.049012348
7.153000,-0.713709695,-0.424290439,-2.785498609,0.272356476,0.159757284,-0.052680740
7.154000,-0.597439968,-0.359411526,-2.812883975,0.266222218,0.166184227,-0.056579527
7.155000,-0.476024422,-0.303347719,-2.719249487,0.254348857,0.173786394,-0.058583995
7.156000,-0.368757016,-0.127984378,-2.702656430,0.241066945,0.182390352,-0.061641431
7.157000,-0.301485958,0.047340093,-2.697515578,0.238056384,0.190482571,-0.064171350
7.158000,-0.283840403,0.153397683,-2.794859769,0.239807485,0.196828635,-0.065724710
7.159000,-0.246986925,0.208516789,-2.971279533,0.242508289,0.204924783,-0.067502821
7.160000,-0.168690039,0.390446208,-3.185665260,0.237647137,0.213541057,-0.067898850
7.161000,-0.057050594,0.629841341,-3.300792651,0.228781567,0.224031556,-0.069993807
7.162000,0.031481856,0.854855591,-3.325504181,0.211970321,0.232054740,-0.072461003
7.163000,0.098858381,1.016406377,-3.460585089,0.202885972,0.243542290,-0.076397185
7.164000,0.138766651,1.079859596,-3.617016181,0.199949824,0.252577092,-0.082436437
7.165000,0.201924028,1.018718338,-3.805651680,0.206822255,0.261860184,-0.088418709
7.166000,0.278663754,0.841428987,-4.016216475,0.210454050,0.269730045,-0.094971807
7.167000,0.417048831,0.736243283,-4.142697782,0.209029929,0.279645545,-0.100588598
7.168000,0.537554703,0.647975871,-4.097490284,0.200352846,0.287212160,-0.110497778
7.169000,0.658027676,0.504205677,-4.012780471,0.191478406,0.292205041,-0.118849913
7.170000,0.787220819,0.320871036,-3.944955800,0.181224252,0.293936985,-0.124373717
7.171000,0.896443501,0.190425634,-3.960638267,0.176925386,0.293627743,-0.126123378
7.172000,0.942347728,0.161950350,-4.071714242,0.173761051,0.293538293,-0.121896301
7.173000,0.973932309,0.283425446,-4.193212027,0.171043594,0.295538314,-0.111962687
7.174000,0.992817603,0.371900349,-4.312214274,0.169900112,0.295375766,-0.098520741
7.175000,1.023896595,0.434197857,-4.420749756,0.170532392,0.294573119,-0.081551946
7.176000,0.985344274,0.503743239,-4.440249270,0.173734757,0.289523521,-0.067175898
7.177000,0.967614810,0.503313413,-4.511480129,0.186031989,0.282598918,-0.054805944
7.178000,0.943126460,0.410734087,-4.409467158,0.194216281,0.270586519,-0.045060087
7.179000,0.986623881,0.381005662,-4.359742975,0.193088387,0.262149351,-0.038437539
7.180000,1.086754748,0.471473041,-4.260766170,0.184552883,0.246770637,-0.032535073
7.181000,1.136040598,0.484420203,-4.104754836,0.173177923,0.232859171,-0.025604863
7.182000,1.170808945,0.465465255,-3.999390993,0.152896718,0.216339234,-0.015226680
7.183000,1.256140745,0.602577290,-4.013878619,0.133594312,0.202190130,-0.004156047
7.184000,1.237095509,0.710751333,-4.013251048,0.120829601,0.177718030,0.003914402
7.185000,1.123435006,0.548843824,-4.113931614,0.116598057,0.154989595,0.010391169
7.186000,1.113912468,0.402008067,-4.422515254,0.110646027,0.132553951,0.019462973
7.187000,1.199509701,0.368824525,-4.731702852,0.112251319,0.113194679,0.028011050
7.188000,1.280571730,0.278177964,-4.778096394,0.103744242,0.093529870,0.033497794
7.189000,1.495117289,0.185958112,-4.778906821,0.098445682,0.076954567,0.044656424
7.190000,1.715094931,0.179512508,-4.895758265,0.105886013,0.059996093,0.056063457
7.191000,1.831711990,-0.001304473,-5.078682107,0.116547695,0.037906041,0.069233051
7.192000,1.957741493,-0.133478192,-5.302394696,0.124352749,0.005311539,0.087714505
7.193000,2.067863968,-0.023506815,-5.634594429,0.141442587,-0.024681871,0.105836087
7.194000,2.099653746,-0.070839956,-5.606180665,0.151410731,-0.060655443,0.114699429
7.195000,2.165853689,-0.244475776,-5.515726831,0.155106742,-0.097297830,0.123659120
7.196000,2.111660726,-0.046088768,-5.519157426,0.156861656,-0.139433987,0.129545265
7.197000,2.109945083,0.260006289,-5.695988689,0.156711308,-0.184378502,0.132398185
7.198000,2.082824595,0.260534229,-5.796676371,0.158649204,-0.231424503,0.139696176
7.199000,2.054228815,0.229166523,-5.954229615,0.166891249,-0.277225839,0.143803016
7.200000,2.035269774,0.157864794,-6.267326420,0.179453691,-0.317171870,0.142038421
7.201000,2.004765073,-0.035867073,-6.439890020,0.190607448,-0.361345558,0.136132468
7.202000,2.026586023,-0.079603650,-6.554811026,0.183728914,-0.409273345,0.125839132
7.203000,2.074744556,0.043477577,-6.907365410,0.174596198,-0.455868442,0.112577195
7.204000,2.116278558,-0.007658082,-7.170548381,0.164690932,-0.504163509,0.097599242
7.205000,2.122889128,-0.340673288,-7.349103224,0.167713747,-0.557995984,0.081846270
7.206000,2.251842463,-0.393935208,-7.666225014,0.161146155,-0.613230944,0.079037087
7.207000,2.367081510,-0.118712138,-8.122019602,0.162513320,-0.659585719,0.081621350
7.208000,2.432166068,0.086655739,-8.408287802,0.154375719,-0.708892866,0.082647579
7.209000,2.523549237,0.087559924,-8.522346848,0.147509116,-0.760303239,0.083047572
7.210000,2.637238205,0.144625175,-8.578374818,0.135327305,-0.819166221,0.089192281
7.211000,2.673283545,-0.018736449,-8.648511798,0.143089408,-0.873864658,0.086513897
7.212000,2.789234749,-0.166800031,-8.749394413,0.139858257,-0.934568136,0.082691560
7.213000,2.931769615,-0.049457282,-9.075169695,0.135971771,-0.991593893,0.082881035
7.214000,2.918093286,0.096532869,-9.382281002,0.132476994,-1.053539314,0.077841460
7.215000,2.785632679,-0.126309405,-9.228061099,0.130890175,-1.138485174,0.067303304
7.216000,2.649732322,-0.189179900,-9.641890532,0.126320878,-1.217166524,0.065891762
7.217000,2.684934385,-0.120649417,-9.940456225,0.131350443,-1.277660272,0.068168804
7.218000,3.047964847,0.008089584,-10.405111541,0.119654908,-1.311159692,0.069221658
7.219000,3.559415991,0.130231097,-10.547493107,0.092812757,-1.346467513,0.071517543
7.220000,3.937941654,0.245150634,-10.850398958,0.062490099,-1.392357625,0.072721809
7.221000,4.149751625,0.158309137,-11.067158406,0.035237316,-1.452952317,0.065005451
7.222000,4.218612921,0.247602653,-11.507419789,0.008609444,-1.521981570,0.062420895
7.223000,4.219399525,0.398269101,-11.811244874,0.004974347,-1.588923679,0.060487290
7.224000,4.231006002,0.464769925,-11.978605312,0.006041004,-1.656134207,0.060460139
7.225000,4.315541541,0.332497601,-12.100847911,0.012535421,-1.715390961,0.062047174
7.226000,4.440485738,0.399225337,-12.308396215,0.004884038,-1.769771523,0.070433625
7.227000,4.591048363,0.518889852,-12.760718308,-0.003184304,-1.823580290,0.078119922
7.228000,4.649835660,0.789461236,-13.154848148,-0.025095242,-1.886543022,0.089404013
7.229000,4.701342671,0.834368642,-13.416744932,-0.026055416,-1.939711895,0.098803223
7.230000,4.659675770,0.760126454,-13.683087427,-0.020294672,-1.990674143,0.100728421
7.231000,4.749067757,0.577591654,-13.664555768,-0.017438983,-2.038548419,0.112227315
7.232000,4.903418800,0.659751304,-13.826251286,-0.035332285,-2.088542750,0.125683466
7.233000,5.046546151,0.852750839,-13.889985963,-0.048745180,-2.138628394,0.134822526
7.234000,5.083805464,0.971952532,-13.901935910,-0.074648826,-2.182286426,0.137781564
7.235000,5.074150045,0.755960662,-14.120862322,-0.081191947,-2.215660977,0.136119855
7.236000,4.788471490,0.313313066,-14.562405830,-0.081089203,-2.259672620,0.121659386
7.237000,4.203215711,-0.295398571,-14.965379120,-0.064880230,-2.314629904,0.101926707
7.238000,3.498172615,-0.801924801,-14.972415622,-0.064067397,-2.386602435,0.086665559
7.239000,2.627149402,-1.137913990,-14.888041678,-0.057959384,-2.464186942,0.071429608
7.240000,1.659279725,-1.361920397,-14.830836969,-0.047753428,-2.539614864,0.054766161
7.241000,0.660313459,-1.811019157,-15.005712153,-0.006887117,-2.602898443,0.033208603
7.242000,-0.246498039,-2.214906672,-14.977752764,0.025898936,-2.665335545,0.020142694
7.243000,-0.932259873,-2.279839777,-14.917750140,0.041318254,-2.727595815,0.025268022
7.244000,-1.387991806,-2.002455444,-14.717680121,0.031662360,-2.776984628,0.041018897
7.245000,-1.899903096,-1.572290123,-14.464467666,0.017335668,-2.817270948,0.051051377
7.246000,-2.243993979,-0.902019954,-14.382011521,0.003251551,-2.849734056,0.055360574
7.247000,-2.448006411,-0.450950093,-14.640342392,0.005497146,-2.869721996,0.055065251
7.248000,-2.215203338,0.112699249,-14.736991175,-0.008269861,-2.887284562,0.064697523
7.249000,-1.597277830,0.769443074,-14.978340357,-0.033589477,-2.885199241,0.086134605
7.250000,-0.793077053,1.374640603,-15.028060529,-0.062315295,-2.863902009,0.101982813
7.251000,0.196581996,1.585276484,-14.993047492,-0.078244728,-2.827746648,0.115944657
7.252000,1.293650053,1.665077254,-15.087842108,-0.097135003,-2.785550876,0.123791206
7.253000,2.426339155,1.731065191,-15.577492144,-0.107915939,-2.737376369,0.132387649
7.254000,3.618152512,1.438360538,-15.802543340,-0.119898549,-2.691043394,0.133064704
7.255000,4.828272792,1.001848033,-15.969370761,-0.121020394,-2.642113178,0.127988499
7.256000,6.032451271,0.485046422,-15.921780300,-0.116311974,-2.583457367,0.125167877
7.257000,7.104754612,-0.263782872,-16.080807105,-0.084881567,-2.527360541,0.116710405
7.258000,7.869361331,-1.174188201,-15.996083264,-0.047462557,-2.479506917,0.103495561
7.259000,8.566561226,-1.948970018,-16.019287354,-0.005738797,-2.438477036,0.093214284
7.260000,9.174978305,-2.502402339,-16.010742265,0.031880900,-2.393320070,0.088733587
7.261000,9.572745266,-2.984293936,-15.933452828,0.077684033,-2.343051204,0.081575502
7.262000,9.791648418,-3.269876302,-15.757985729,0.108581770,-2.299457527,0.070715634
7.263000,9.760988443,-3.374364455,-15.447971379,0.129176065,-2.270017075,0.060670114
7.264000,9.543760327,-3.184618182,-15.133350895,0.108134395,-2.249846930,0.065736096
7.265000,9.126311212,-2.683518608,-14.816860575,0.072504566,-2.241158271,0.074799705
7.266000,8.332016183,-1.868487612,-14.501061524,0.036456183,-2.235950059,0.085019187
7.267000,7.383480120,-1.101144297,-14.243319464,0.017519941,-2.232719022,0.095638529
7.268000,6.372138416,-0.545530321,-14.197366679,-0.005544340,-2.231250315,0.105164217
7.269000,5.204771758,-0.081986407,-14.262025584,-0.031661821,-2.224119485,0.111452715
7.270000,4.262937272,0.165000698,-14.249750935,-0.078085698,-2.210882332,0.118057397
7.271000,3.481272026,0.263961724,-13.905567747,-0.119169087,-2.195449931,0.115917380
7.272000,2.594436520,0.548910737,-13.718217829,-0.142126148,-2.177837553,0.104925515
7.273000,1.759365112,0.566757525,-13.537258263,-0.145354003,-2.165917298,0.090610556
7.274000,1.014786789,0.480502828,-13.646508640,-0.152281253,-2.147327454,0.078393919
7.275000,0.366064905,0.236392919,-13.709003137,-0.154299737,-2.120691227,0.064768705
7.276000,-0.047517551,-0.070273240,-13.359198555,-0.156319154,-2.092672180,0.050446874
7.277000,-0.270057845,-0.281292491,-13.061844680,-0.153003141,-2.052063492,0.040720064
7.278000,-0.525349664,-0.521424732,-13.218117002,-0.130243104,-2.002458362,0.026651359
7.279000,-0.641966761,-0.829090526,-13.559035889,-0.102825519,-1.939580676,0.010428392
7.280000,-0.314174463,-1.210784930,-13.480470963,-0.080287500,-1.867754585,0.001607399
7.281000,0.232942275,-1.416137704,-13.175521262,-0.064370564,-1.789649424,-0.001670210
7.282000,0.823951787,-1.417153105,-12.590751300,-0.056083295,-1.712777768,-0.003928212
7.283000,1.411160393,-1.166359723,-12.456968335,-0.051800349,-1.625158501,-0.001108511
7.284000,1.944490073,-1.162831686,-12.381858799,-0.044967769,-1.525167048,-0.005528162
7.285000,2.567325700,-1.143797565,-12.467107781,-0.041004747,-1.428972887,-0.008924494
7.286000,3.147175374,-0.870729987,-12.440723788,-0.064671068,-1.328358506,-0.004255056
7.287000,3.618649173,-0.439660466,-12.094429232,-0.091312266,-1.239439744,-0.008497791
7.288000,4.068168723,-0.037495547,-11.728926456,-0.117623582,-1.146153448,-0.017866918
7.289000,4.356852372,0.119076364,-11.527253116,-0.120161754,-1.056720603,-0.026193730
7.290000,4.477034421,0.144554625,-11.498229844,-0.125496327,-0.978298304,-0.039425060
7.291000,4.572814543,0.266941119,-11.312813721,-0.115889757,-0.906011685,-0.049625960
7.292000,4.555320999,0.293267927,-11.130682797,-0.108539889,-0.839294032,-0.062757239
7.293000,4.568394774,0.328914823,-10.652292430,-0.105075850,-0.775419215,-0.070350146
7.294000,4.575239496,0.550194453,-10.397266669,-0.117131745,-0.719231524,-0.071382968
7.295000,4.418260731,0.793581300,-10.189761505,-0.113553344,-0.649958258,-0.082498723
7.296000,4.086683599,0.735881748,-9.867411240,-0.102736687,-0.587573124,-0.101464574
7.297000,3.838416695,0.595517002,-9.677233044,-0.095354076,-0.531414917,-0.112221864
7.298000,3.638649051,0.701478389,-9.584176915,-0.085135943,-0.476237293,-0.116768698
7.299000,3.542821776,0.976011718,-9.320842126,-0.080050821,-0.407809438,-0.122923739
7.300000,3.398297326,1.059238377,-8.976796220,-0.087505854,-0.337030825,-0.134624611
7.301000,3.247827639,0.893027998,-8.546144497,-0.094229596,-0.269014838,-0.148076066
7.302000,3.090880885,0.776669911,-8.073214797,-0.088688441,-0.210940979,-0.156680015
7.303000,2.922848751,0.744377786,-7.827427072,-0.077701683,-0.151566694,-0.163109222
7.304000,2.681720076,0.874511671,-7.612552744,-0.065882899,-0.090678660,-0.173861112
7.305000,2.474130203,0.759809709,-7.388904192,-0.048603043,-0.026249419,-0.188569966
7.306000,2.263468629,0.453725106,-7.241274429,-0.037597771,0.032303238,-0.197773690
7.307000,2.143731618,0.292194276,-7.061092517,-0.023165690,0.090765841,-0.208708637
7.308000,2.093537850,0.253252813,-6.832871506,-0.025443932,0.152178818,-0.216660045
7.309000,2.105913405,0.409002450,-6.484293826,-0.033990605,0.219764137,-0.219634308
7.310000,2.084317204,0.499627420,-6.207919775,-0.039092312,0.277017762,-0.224307466
7.311000,2.036316172,0.354317675,-6.007399877,-0.029951128,0.338819604,-0.230420675
7.312000,1.999726021,0.199913750,-5.689184891,-0.024796230,0.397620384,-0.234927183
7.313000,2.022405081,0.188065864,-5.592784937,-0.015170737,0.460025130,-0.237406730
7.314000,2.022767505,0.317016635,-5.293363724,-0.017790608,0.518159230,-0.243831309
7.315000,2.097345617,0.350047184,-5.072817935,-0.016472947,0.565259291,-0.250005164
7.316000,2.120548035,0.282920792,-4.740610387,-0.028359148,0.607759575,-0.255299007
7.317000,2.179294421,0.306746964,-4.560529542,-0.025819390,0.649378747,-0.261623990
7.318000,2.210154825,0.370097688,-4.383430752,-0.025801387,0.684838502,-0.265085976
7.319000,2.242756211,0.408518991,-4.366737861,-0.019795810,0.722909107,-0.264852428
7.320000,2.373918037,0.399260773,-4.245069628,-0.015391687,0.763276220,-0.261960712
7.321000,2.598634381,0.381539501,-3.936784442,-0.017127302,0.803718327,-0.257476787
7.322000,2.731298568,0.471104937,-3.771072456,-0.030192043,0.841757975,-0.253368216
7.323000,2.857737353,0.534014656,-3.548080461,-0.037591695,0.875663638,-0.253168253
7.324000,2.967589948,0.554710894,-3.443532991,-0.050717390,0.900596728,-0.249713330
7.325000,3.024323442,0.560556504,-3.411957024,-0.041232336,0.925860955,-0.251773400
7.326000,3.109922748,0.389233571,-3.226783336,-0.028724222,0.948268656,-0.255394838
7.327000,3.321308828,0.163573502,-3.130268164,-0.019252694,0.971331230,-0.252478961
7.328000,3.551652381,0.268587441,-3.198627814,-0.016927751,0.997587526,-0.248203842
7.329000,3.757464935,0.452784661,-3.251358957,-0.013455968,1.018509707,-0.247677950
7.330000,3.878066081,0.392896018,-3.133542085,-0.015071415,1.034182081,-0.245736550
7.331000,4.017123196,0.176104754,-2.960836396,-0.006690902,1.046538498,-0.242271448
7.332000,4.150375158,-0.078990945,-2.856891864,0.011523887,1.060284809,-0.238024722
7.333000,4.287857038,-0.203317022,-2.629867273,0.026502868,1.069887981,-0.233018550
7.334000,4.459464952,-0.202832486,-2.555871780,0.027222952,1.077251596,-0.224688156
7.335000,4.687019111,-0.113083763,-2.536153097,0.020212909,1.082850963,-0.218410601
7.336000,4.775281747,0.028612245,-2.494225924,0.003412367,1.085824251,-0.214552844
7.337000,4.842406992,0.034341178,-2.461878687,0.002982572,1.082761435,-0.212081495
7.338000,4.816315290,-0.105786497,-2.291174240,0.012164892,1.073064904,-0.209201081
7.339000,4.798221133,-0.163125386,-2.164512725,0.022517700,1.057386017,-0.202137893
7.340000,4.853496952,-0.172442285,-2.030745432,0.026519032,1.047053879,-0.193483738
7.341000,4.958357951,-0.047780833,-1.883003824,0.019603048,1.034637838,-0.185413556
7.342000,5.010974927,0.111963240,-1.780091732,-0.001191648,1.019567152,-0.180753810
7.343000,5.008543735,0.241184663,-1.703978354,-0.017670454,1.000625669,-0.178449315
7.344000,4.886842497,0.351082868,-1.709287843,-0.015233891,0.979888361,-0.175867804
7.345000,4.754310579,0.337338596,-1.669593713,0.002043079,0.960307243,-0.172849663
7.346000,4.632148029,0.206555319,-1.545585160,0.012861755,0.933981686,-0.165795768
7.347000,4.550349552,0.149120143,-1.397627919,0.010928287,0.906401686,-0.153985324
7.348000,4.450516994,0.198774366,-1.265253031,-0.006152937,0.879523421,-0.140981211
7.349000,4.299719109,0.348026290,-1.250157004,-0.028634795,0.852803450,-0.130447732
7.350000,4.058914755,0.397143085,-1.157842845,-0.042106622,0.822667693,-0.122966452
7.351000,3.715628646,0.316416932,-1.093804161,-0.039163692,0.783593320,-0.112471596
7.352000,3.372817302,0.215672462,-0.948767480,-0.026285376,0.741989232,-0.102111375
7.353000,3.057227407,0.202865552,-0.975315698,-0.014001438,0.700828592,-0.090196468
7.354000,2.745706291,0.190476535,-0.904034709,-0.013021416,0.661423623,-0.080833496
7.355000,2.396298228,0.116483115,-0.870419817,-0.021838997,0.617759869,-0.071438352
7.356000,2.098619974,0.105026717,-0.852950240,-0.037281986,0.575446736,-0.063981514
7.357000,1.795166843,0.145840536,-0.650848781,-0.038235001,0.535015905,-0.059765662
7.358000,1.503538736,0.087137209,-0.383211109,-0.038768247,0.488906652,-0.054508770
7.359000,1.154108542,0.125364735,-0.188875559,-0.037129012,0.436992263,-0.043766973
7.360000,0.798534722,0.308475162,-0.116651046,-0.037409763,0.384269845,-0.029305530
7.361000,0.537995657,0.459068152,-0.034248690,-0.041102600,0.341829073,-0.014014814
7.362000,0.333323192,0.477748860,-0.013334737,-0.052557540,0.308331443,0.001382263
7.363000,0.150274299,0.507317792,0.084003949,-0.063464704,0.273918471,0.015140281
7.364000,-0.059703039,0.544802257,0.219555389,-0.068793340,0.238472399,0.028996687
7.365000,-0.288620516,0.457758711,0.300049133,-0.072418949,0.198040381,0.043240133
7.366000,-0.416322372,0.380503364,0.264814186,-0.077961093,0.156614156,0.060369248
7.367000,-0.468064502,0.416889682,0.220100700,-0.086842288,0.114602298,0.079674934
7.368000,-0.505438574,0.497683599,0.186797091,-0.100023295,0.075750759,0.098198478
7.369000,-0.531877355,0.495750911,0.201894293,-0.113485785,0.038614402,0.113893036
7.370000,-0.554223849,0.515325450,0.267978126,-0.128410056,-0.001731449,0.129924044
7.371000,-0.613231859,0.492338299,0.258509259,-0.135788216,-0.043095719,0.141880070
7.372000,-0.648443753,0.429203553,0.214954622,-0.141448857,-0.085528306,0.152163197
7.373000,-0.636808799,0.403942784,0.129123003,-0.146149645,-0.123978246,0.159377463
7.374000,-0.571038300,0.465263419,0.035741636,-0.147982143,-0.162336951,0.164631253
7.375000,-0.474608690,0.514205757,-0.025653746,-0.144748823,-0.195622657,0.168684791
7.376000,-0.434414855,0.508411909,-0.168546202,-0.137449218,-0.223230926,0.172091612
7.377000,-0.373565248,0.506537058,-0.145032090,-0.128816066,-0.247729425,0.176633548
7.378000,-0.249375363,0.497262323,-0.034467726,-0.114411675,-0.272277698,0.192195617
7.379000,-0.242310310,0.574469175,-0.075150635,-0.099356138,-0.285933624,0.206606000
7.380000,-0.149746569,0.601629631,-0.184979957,-0.086605967,-0.289163935,0.215504232
7.381000,-0.011781882,0.485709017,-0.147229910,-0.080989128,-0.295095898,0.221166648
7.382000,0.069815524,0.341956639,-0.095434810,-0.077411915,-0.305934975,0.224522335
7.383000,0.127359062,0.250792547,0.073584966,-0.075086466,-0.320795502,0.223350017
7.384000,0.158976109,0.295647981,0.426204298,-0.079936161,-0.341786723,0.217923143
7.385000,0.154850978,0.427115078,0.686035670,-0.080086439,-0.358985041,0.210245539
7.386000,0.160782501,0.446266120,0.643463183,-0.072438192,-0.367990281,0.202813212
7.387000,0.154129105,0.355791386,0.451361713,-0.055398406,-0.374439831,0.195286660
7.388000,0.204704154,0.062837493,0.379381531,-0.037194398,-0.389614158,0.189248348
7.389000,0.319788330,-0.147194540,0.428291728,-0.023977466,-0.405962906,0.187481162
7.390000,0.335062937,-0.046232068,0.701762543,-0.015603857,-0.422008065,0.180745129
7.391000,0.311195842,0.059415087,0.954120206,-0.009778750,-0.437004467,0.166625930
7.392000,0.256247010,-0.017706326,1.224508678,-0.003111791,-0.452741918,0.155799673
7.393000,0.197258293,-0.172728270,1.220172242,0.005128855,-0.467225221,0.148284719
7.394000,0.122344286,-0.219289733,1.102309953,0.017382446,-0.481391514,0.140610756
7.395000,0.050196333,-0.273634358,1.154890809,0.024177118,-0.497816613,0.135276056
7.396000,0.024184567,-0.283245376,1.314004303,0.021448612,-0.509328812,0.132527061
7.397000,-0.022130584,-0.213159086,1.414548970,0.014069872,-0.516054771,0.129065870
7.398000,-0.099254463,-0.193520937,1.669412787,0.004874098,-0.525791805,0.123447529
7.399000,-0.228313727,-0.286864453,1.901286359,-0.001983785,-0.537428311,0.118782924
7.400000,-0.359194061,-0.364894282,2.106587481,-0.003364955,-0.547888528,0.114237094
7.401000,-0.453711267,-0.358674148,2.094641076,-0.008427894,-0.556201353,0.110030140
7.402000,-0.542549706,-0.336853686,2.127579916,-0.013085810,-0.560077276,0.106068879
7.403000,-0.623086886,-0.335175341,2.156029513,-0.019720509,-0.559396685,0.104125700
7.404000,-0.715343879,-0.295663274,2.266739587,-0.021827421,-0.559140040,0.100835265
7.405000,-0.857510464,-0.331833414,2.386467059,-0.022953472,-0.561206296,0.096254572
7.406000,-1.041129805,-0.440688259,2.468776568,-0.020788480,-0.563924997,0.090148249
7.407000,-1.204287697,-0.489092446,2.523912478,-0.016469440,-0.565397914,0.084242482
7.408000,-1.345457045,-0.534862100,2.446308569,-0.010395382,-0.559824480,0.076237901
7.409000,-1.433187846,-0.584240790,2.372526725,-0.007529134,-0.552378664,0.067190425
7.410000,-1.451782809,-0.638795265,2.368164332,-0.004169693,-0.540424407,0.058106088
7.411000,-1.530779274,-0.669072073,2.420059944,-0.004924591,-0.529247917,0.047229583
7.412000,-1.606278148,-0.808523180,2.566808502,-0.003427193,-0.523015772,0.035575537
7.413000,-1.691864344,-0.913699655,2.709262222,-0.006475647,-0.518992308,0.027996084
7.414000,-1.752531553,-0.887646354,2.786063573,-0.006716938,-0.514474133,0.020140382
7.415000,-1.818465802,-0.855744744,2.912434795,-0.010140280,-0.508615479,0.010828239
7.416000,-1.870955026,-0.853443201,2.959896454,-0.008322073,-0.500532202,0.005448665
7.417000,-1.937492173,-0.855929558,3.006506973,-0.005897152,-0.494007165,0.001593027
7.418000,-1.976119662,-0.915694301,3.086295888,0.002548776,-0.488114193,-0.003692729
7.419000,-2.014982308,-0.959641202,3.238925981,0.005264406,-0.483413394,-0.007120645
7.420000,-1.978596241,-0.849266370,3.412273574,0.000545987,-0.472406264,-0.008661944
7.421000,-1.928701037,-0.696002354,3.608562287,-0.007404408,-0.458789352,-0.014380235
7.422000,-1.842338429,-0.602606432,3.759909299,-0.013077039,-0.441516033,-0.020457534
7.423000,-1.781367094,-0.489041463,3.790176550,-0.019110635,-0.418752421,-0.025719376
7.424000,-1.705760014,-0.395197515,3.759378973,-0.020460388,-0.393154508,-0.034569644
7.425000,-1.605405601,-0.263855684,3.556124338,-0.024884921,-0.360742631,-0.038529523
7.426000,-1.439684085,-0.139650853,3.467090491,-0.028537595,-0.321780533,-0.040181242
7.427000,-1.247378533,0.023484710,3.513981440,-0.033077141,-0.286540155,-0.044391804
7.428000,-1.053460508,0.000720949,3.636187018,-0.029515616,-0.248796300,-0.049236271
7.429000,-0.971512977,-0.087324937,3.675276545,-0.027850705,-0.210707715,-0.053038437
7.430000,-0.856689608,-0.160632197,3.562524510,-0.024827772,-0.174859302,-0.060342634
7.431000,-0.712016460,-0.045473298,3.440416133,-0.026975578,-0.133516258,-0.069372289
7.432000,-0.545416249,0.021828976,3.482358658,-0.029680120,-0.083891806,-0.077277619
7.433000,-0.312721863,0.145399454,3.522337221,-0.033499904,-0.028553023,-0.085596481
7.434000,-0.082921104,0.147247313,3.411531685,-0.025867745,0.028633996,-0.090514485
7.435000,0.090432647,0.130041326,3.332758636,-0.021590294,0.075440929,-0.091686600
7.436000,0.227972284,0.046580923,3.176311751,-0.010447461,0.126830130,-0.091884936
7.437000,0.425258465,-0.033548309,3.287573127,-0.006137875,0.180746081,-0.090736602
7.438000,0.604827322,-0.099093580,3.547292195,-0.006712621,0.235460173,-0.090739237
7.439000,0.858894960,-0.037498560,3.919524321,-0.020827056,0.290742306,-0.086867832
7.440000,1.087561873,0.172688158,3.933171782,-0.035216359,0.351234906,-0.087280247
7.441000,1.140622137,0.333412935,3.830022538,-0.043024777,0.403602942,-0.091870441
7.442000,1.171027919,0.271083441,3.691221550,-0.037539525,0.458130927,-0.092795395
7.443000,1.204541162,0.156334754,3.678484729,-0.031299341,0.509486889,-0.088196420
7.444000,1.316107620,0.246797182,3.707119625,-0.028464212,0.572278392,-0.085410424
7.445000,1.437643758,0.376169002,3.941233592,-0.038903484,0.638026906,-0.083439549
7.446000,1.560956991,0.465867548,4.069950583,-0.060191080,0.698789742,-0.082043852
7.447000,1.646808620,0.651277965,4.045325610,-0.081279864,0.751928919,-0.083419509
7.448000,1.689195416,0.667462654,4.000060959,-0.071850453,0.806587816,-0.092949914
7.449000,1.682592339,0.433015177,4.236181091,-0.058499328,0.854601981,-0.097690201
7.450000,1.860954053,0.236559485,4.282165334,-0.041524408,0.907146233,-0.101610407
7.451000,1.958466284,0.348790589,4.492302922,-0.033718586,0.956570591,-0.105242708
7.452000,2.088670924,0.335205995,4.771693576,-0.036915622,1.005033637,-0.108461539
7.453000,2.119968681,0.404958394,4.932835872,-0.059163958,1.056565885,-0.107170084
7.454000,2.214128253,0.490268063,4.975833109,-0.070286888,1.106231794,-0.105672723
7.455000,2.201352441,0.468479805,5.159935707,-0.062550217,1.157205452,-0.102452126
7.456000,2.297566997,0.460594655,5.376940607,-0.047533340,1.213007316,-0.098425149
7.457000,2.370543685,0.403815543,5.539574619,-0.033901793,1.266983428,-0.095681488
7.458000,2.435354422,0.161803653,5.822670694,-0.019094377,1.321401616,-0.093110775
7.459000,2.538953091,0.128345179,6.098556498,-0.028475136,1.377086487,-0.092080863
7.460000,2.623853610,0.267446693,6.122528737,-0.037096001,1.424651328,-0.094885926
7.461000,2.597328012,0.367423474,6.277645105,-0.047225161,1.475108150,-0.097464181
7.462000,2.507614240,0.348733095,6.329222672,-0.050577991,1.527466139,-0.106788859
7.463000,2.438252372,0.384781109,6.446040326,-0.038329724,1.574063893,-0.114733352
7.464000,2.336853167,0.350188237,6.631359718,-0.010747158,1.621520368,-0.117796378
7.465000,2.334593002,0.317511478,6.748382558,-0.004373297,1.675861423,-0.117518160
7.466000,2.501588155,0.409077787,6.768652685,-0.011369924,1.729825778,-0.112360704
7.467000,2.568483993,0.575286402,6.966662785,-0.025094031,1.789633621,-0.110738398
7.468000,2.520242143,0.550675919,7.265909654,-0.031264178,1.845664655,-0.110864790
7.469000,2.505041857,0.413138864,7.604772571,-0.033449703,1.893362378,-0.107107628
7.470000,2.489158504,0.202602103,7.827065738,-0.015293256,1.937741823,-0.104560397
7.471000,2.576227935,-0.077392506,8.033926503,0.005281795,1.980437867,-0.096131592
7.472000,2.694248222,-0.294979225,8.199953505,0.008691431,2.026428959,-0.083518573
7.473000,2.859259280,-0.195255201,8.199870366,0.006087516,2.070486153,-0.074924700
7.474000,2.913980056,-0.207839495,8.478233343,0.013734356,2.114194038,-0.067635071
7.475000,2.920165405,-0.325226746,8.763754981,0.013235307,2.156830145,-0.056812679
7.476000,2.952334208,-0.443271450,8.992470815,0.022788641,2.194255377,-0.044919908
7.477000,3.000162289,-0.469931344,9.170952835,0.039510677,2.240338848,-0.033337273
7.478000,3.017263219,-0.543655427,9.403023356,0.059974913,2.297854073,-0.021213672
7.479000,3.140845863,-0.565991922,9.241788256,0.073985968,2.355453692,-0.009488069
7.480000,3.180381058,-0.698061878,9.056176865,0.090587555,2.419058203,-0.003109227
7.481000,3.259668361,-0.820113064,8.821386561,0.100924443,2.482747722,0.007070138
7.482000,3.334032434,-0.922790446,8.798881996,0.109984092,2.539365981,0.011838965
7.483000,3.371890641,-1.095609125,9.041376668,0.126710663,2.592379091,0.013809683
7.484000,3.566948130,-1.159727877,9.522373654,0.129158379,2.648607425,0.020041222
7.485000,3.786360114,-0.856349412,9.787921153,0.137403084,2.712445998,0.024751114
7.486000,4.002164466,-0.548717814,9.805891796,0.152436952,2.771829884,0.028625906
7.487000,4.801701503,-0.205814884,9.452763117,0.143832219,2.841514213,0.043210050
7.488000,5.969957529,0.373064445,9.465539231,0.116577544,2.950668731,0.050287799
7.489000,7.116489894,0.869880811,10.168309475,0.091349254,3.046664479,0.051290791
7.490000,8.199720149,0.986183197,10.489610851,0.058346677,3.143388903,0.056667075
7.491000,8.966083494,1.102230236,10.082949467,0.049145719,3.231891909,0.050209427
7.492000,9.901810019,0.912404406,9.921794792,0.063974921,3.318027845,0.040361304
7.493000,10.859631032,0.431121564,9.940308547,0.066169724,3.410499134,0.041117813
7.494000,11.514028383,0.070447543,9.972436074,0.084888967,3.491822176,0.034263597
7.495000,11.908444650,-0.250448961,10.264471374,0.106045893,3.552173033,0.028295985
7.496000,12.100776173,-0.835668681,10.251430786,0.130925580,3.609762342,0.025727262
7.497000,12.212511937,-1.379896620,10.210761783,0.144741388,3.667230065,0.021652267
7.498000,12.184218508,-1.886096530,10.142712153,0.155576959,3.707897963,0.020919541
7.499000,11.887948338,-2.196480172,10.307674841,0.176174410,3.737752240,0.019121441
7.500000,11.446133759,-2.422771258,10.470212838,0.211013899,3.746796031,0.024991166
7.501000,10.770104392,-2.750103683,10.977503863,0.232232226,3.753385489,0.018070526
7.502000,9.968632417,-2.704511618,11.165293904,0.231229366,3.755345289,0.012129048
7.503000,9.254446949,-2.231837534,11.436630393,0.211629478,3.750733513,0.014218387
7.504000,8.425139257,-1.718466589,11.602554641,0.202620997,3.742153933,0.021805912
7.505000,7.513802570,-1.176412437,11.939272781,0.190150270,3.729810969,0.037214730
7.506000,6.758008340,-0.469535890,12.255706714,0.165007076,3.723099021,0.056929134
7.507000,6.074126067,0.339714943,12.140138975,0.128572257,3.719367360,0.071563914
7.508000,5.521113782,0.860960183,12.075937198,0.101003678,3.713339643,0.087751726
7.509000,5.046871791,1.096986644,12.032122724,0.080102344,3.706149711,0.100124167
7.510000,4.785715847,1.291954785,12.144190178,0.069289148,3.695816266,0.103251759
7.511000,4.618616658,1.357986077,12.300543071,0.061127247,3.691016315,0.107934813
7.512000,4.565963140,1.265947785,12.229460444,0.073591474,3.688648297,0.114476588
7.513000,4.703432375,0.960381398,11.943161541,0.093370955,3.695452429,0.125846180
7.514000,5.063421029,0.498084519,11.811837284,0.106440917,3.699757080,0.135884589
7.515000,5.591089592,0.068425621,11.927610295,0.121498074,3.704104574,0.149527775
7.516000,6.210555699,-0.327135136,11.780326423,0.154334714,3.715983830,0.168960116
7.517000,6.902141359,-0.815883400,11.961699669,0.205274892,3.733517174,0.188134864
7.518000,7.415857864,-1.332091447,12.078191922,0.247229804,3.748188254,0.205125463
7.519000,8.073890180,-1.690198450,12.120774024,0.270254271,3.758396446,0.202223070
7.520000,8.695694433,-2.084635013,12.326969022,0.281806651,3.763498108,0.174284965
7.521000,9.293722843,-2.077832283,13.009895462,0.260599858,3.763805040,0.134018703
7.522000,9.894690638,-1.850760517,13.681260120,0.237040928,3.763493379,0.071599584
7.523000,10.350163520,-1.378243151,13.990071352,0.206456691,3.755955534,-0.000304217
7.524000,10.742648482,-0.729089542,13.865466924,0.171741605,3.739709904,-0.051790682
7.525000,11.096996727,-0.023763460,13.596276110,0.124884168,3.725500264,-0.081503865
7.526000,11.024105417,0.630661409,13.519405121,0.103011253,3.711575047,-0.090217247
7.527000,10.849217671,0.963811469,13.752526924,0.098078440,3.694853183,-0.080779001
7.528000,10.683630168,1.000268777,13.631318222,0.102018857,3.675077920,-0.061662415
7.529000,10.343968709,0.776836923,13.494193056,0.106517091,3.650866769,-0.046525331
7.530000,9.936837995,0.396138263,13.355178413,0.112927082,3.602776293,-0.036758867
7.531000,9.324992400,-0.024931985,13.624495088,0.116357249,3.547124831,-0.038488961
7.532000,8.672024913,-0.278477355,13.882159404,0.119660005,3.486580682,-0.041503494
7.533000,7.696247186,-0.608720296,14.187658251,0.124601954,3.428374002,-0.055113637
7.534000,6.688657390,-0.927065363,13.870232089,0.135159164,3.355888479,-0.071586111
7.535000,5.738714656,-1.074064685,13.482130523,0.156523641,3.275436557,-0.091412668
7.536000,5.010333549,-1.202237186,13.338905874,0.179220467,3.194415574,-0.111795141
7.537000,4.354632074,-1.371925938,13.604734743,0.193324810,3.108311617,-0.133046634
7.538000,3.798695813,-1.371136162,13.929530743,0.215966774,3.027768663,-0.162612613
7.539000,3.461102020,-1.355533098,13.914104302,0.235043129,2.967318960,-0.191271586
7.540000,3.364545187,-1.240501065,13.337363925,0.240314141,2.924284834,-0.209431150
7.541000,3.441872631,-1.011096154,13.087548915,0.248240068,2.886200695,-0.235026431
7.542000,3.619660672,-0.765870064,13.165153744,0.251776883,2.851138783,-0.251854655
7.543000,3.751692405,-0.544378264,13.345964548,0.240620912,2.813835993,-0.255359930
7.544000,3.871710601,-0.271494339,13.335069058,0.224204416,2.773949970,-0.255969600
7.545000,3.953407012,0.012033266,13.067988601,0.202092369,2.730608015,-0.249303514
7.546000,4.098097153,0.365156986,12.675996323,0.174994362,2.685131385,-0.236780869
7.547000,4.161270478,0.640377612,12.401448523,0.173500295,2.640138444,-0.235590680
7.548000,4.358945159,0.488077909,12.379291432,0.183530910,2.592577415,-0.229862874
7.549000,4.601876748,0.183312911,12.299844874,0.186039260,2.549745453,-0.228295667
7.550000,4.881975763,-0.012079309,11.852551210,0.194055258,2.508648635,-0.236328137
7.551000,5.113695324,-0.384447701,11.255646899,0.194642842,2.465768606,-0.240144307
7.552000,5.395022722,-0.788366365,10.808646219,0.213043452,2.418885919,-0.244783351
7.553000,5.535192630,-1.092406050,10.740483908,0.246702857,2.369307829,-0.254635643
7.554000,5.584869047,-1.467530848,10.620719675,0.284149469,2.316403846,-0.265497923
7.555000,5.622002577,-1.805764078,10.344220641,0.300388355,2.259443097,-0.274631878
7.556000,5.709226627,-1.858991073,10.026127052,0.310689711,2.206142656,-0.285494963
7.557000,5.740096780,-1.778555521,9.805578415,0.307560947,2.146816354,-0.292432781
7.558000,5.690152269,-1.603493258,9.602809201,0.300201721,2.090047141,-0.295580794
7.559000,5.594219219,-1.239267409,9.542822418,0.298978480,2.023501243,-0.295301447
7.560000,5.317472287,-1.064990110,9.459819285,0.306102259,1.954006256,-0.294123217
7.561000,4.941433151,-1.055359153,9.489161005,0.302528825,1.873338224,-0.290163257
7.562000,4.590641799,-0.976715884,9.419233405,0.289442769,1.806121132,-0.283044412
7.563000,4.216576972,-0.686148345,9.155066915,0.267130904,1.740103698,-0.275410841
7.564000,3.766738471,-0.467768069,8.854863753,0.260053020,1.672449474,-0.262256359
7.565000,3.226978166,-0.271515547,8.718235189,0.267544933,1.594262044,-0.242349566
7.566000,2.779676898,-0.199052900,8.471692152,0.287238933,1.524973340,-0.224406155
7.567000,2.323956471,-0.233957773,8.289887743,0.286792850,1.452548683,-0.210422236
7.568000,2.034437006,-0.265782105,8.078129154,0.279899754,1.385777193,-0.201513457
7.569000,1.720596905,-0.066954939,7.804650071,0.274173861,1.317924082,-0.195891321
7.570000,1.477141272,0.024133232,7.692951059,0.282374808,1.258028940,-0.194137904
7.571000,1.245083606,0.066273697,7.564177947,0.285638877,1.196897081,-0.188699076
7.572000,1.082405807,0.050517589,7.355562736,0.301336795,1.140016287,-0.184533822
7.573000,0.934814774,0.011927372,7.191996205,0.311088048,1.081823042,-0.185064897
7.574000,0.917812965,-0.088457323,7.029951337,0.315911820,1.028118396,-0.187483847
7.575000,0.986694075,0.000641569,6.736577946,0.310968406,0.981103556,-0.191117711
7.576000,1.042013005,-0.104508308,6.404867594,0.312431731,0.943375886,-0.193484383
7.577000,1.102344344,-0.243018957,6.135836859,0.309209879,0.903638672,-0.195382222
7.578000,1.262802948,-0.412045227,5.859031142,0.309188335,0.852770941,-0.195595205
7.579000,1.299842093,-0.418008854,5.836759771,0.319951007,0.809898246,-0.194942646
7.580000,1.340666508,-0.530052029,5.763696249,0.328629172,0.770830927,-0.195984848
7.581000,1.463706244,-0.568570892,5.473295367,0.328726541,0.734614713,-0.192918136
7.582000,1.541393658,-0.494606827,5.148331203,0.327142047,0.702007843,-0.189928426
7.583000,1.513558043,-0.421053818,4.955286951,0.322198314,0.663499118,-0.189214905
7.584000,1.494081747,-0.426205153,4.870279061,0.318403062,0.623615049,-0.186343870
7.585000,1.502779366,-0.285319894,4.924336976,0.311685633,0.584830900,-0.178827946
7.586000,1.457818409,-0.164643902,4.837095925,0.308330287,0.548009712,-0.174700080
7.587000,1.389428836,-0.076826415,4.711568001,0.305510106,0.514199352,-0.168667231
7.588000,1.360101533,-0.043263780,4.560385894,0.299388122,0.480996242,-0.160657932
7.589000,1.320963699,0.076594015,4.398166847,0.286486115,0.449929881,-0.151014134
7.590000,1.308317104,0.181185110,4.424294502,0.274409923,0.420179411,-0.140938097
7.591000,1.214777247,0.279818543,4.416400355,0.262235753,0.394082658,-0.134868888
7.592000,1.046849169,0.438781801,4.377563040,0.249023599,0.370592821,-0.126020876
7.593000,0.919499138,0.674464300,4.212365106,0.237059017,0.350520374,-0.117108197
7.594000,0.811411542,0.842718725,3.955277896,0.229139813,0.337178238,-0.108705902
7.595000,0.685329165,0.929288489,3.690740857,0.225210472,0.325665322,-0.101179477
7.596000,0.578779756,0.814834837,3.570747730,0.222870812,0.315714543,-0.096730999
7.597000,0.591403903,0.690004406,3.483520376,0.215343727,0.305968712,-0.090294904
7.598000,0.606287203,0.585979866,3.378953103,0.211909696,0.300698793,-0.085364061
7.599000,0.651727799,0.452354833,3.250689125,0.203720486,0.296613057,-0.079123168
7.600000,0.677935706,0.189510960,3.095005851,0.206380394,0.294026046,-0.072179072
7.601000,0.675949007,-0.012676357,2.981252750,0.213525459,0.290383267,-0.064314628
7.602000,0.707773571,-0.200279319,2.885480456,0.227936235,0.286335783,-0.049714143
7.603000,0.790778436,-0.359050430,2.739043619,0.237952469,0.281193813,-0.030694360
7.604000,0.863442759,-0.425913485,2.662761326,0.239910721,0.275637193,-0.012564290
7.605000,0.883822833,-0.432203285,2.701838041,0.231844719,0.272090434,0.001031413
7.606000,0.866899758,-0.532905460,2.720575749,0.218431536,0.268554963,0.006495738
7.607000,0.814483528,-0.678785098,2.677509394,0.196173183,0.263957155,0.004311711
7.608000,0.807324829,-0.694413482,2.503108668,0.174558598,0.261397961,-0.001477848
7.609000,0.833273933,-0.578103565,2.367314016,0.154721265,0.259292863,-0.009869994
7.610000,0.914073011,-0.462337036,2.260361777,0.141153358,0.259466993,-0.017418137
7.611000,1.080970259,-0.353566829,2.114123729,0.134059826,0.261508090,-0.019196248
7.612000,1.286266242,-0.308664450,1.989001844,0.132554610,0.262005238,-0.008257123
7.613000,1.399118085,-0.300185158,1.828752155,0.127830540,0.258352559,0.010340996
7.614000,1.455321538,-0.159500066,1.675129888,0.117133247,0.252941697,0.035012171
7.615000,1.507467475,0.115675829,1.570878454,0.098346942,0.247243360,0.064394384
7.616000,1.549064340,0.442079348,1.510935179,0.083879999,0.242058757,0.091584048
7.617000,1.508231090,0.670792698,1.429131738,0.077189170,0.238888515,0.112888971
7.618000,1.445229672,0.717744831,1.250170196,0.079206341,0.235340805,0.128056461
7.619000,1.383435613,0.614092409,1.042893054,0.085196507,0.230097085,0.143712634
7.620000,1.325474496,0.417196588,0.898989734,0.089681572,0.223317745,0.152695567
7.621000,1.353830310,0.205765239,0.907010637,0.089522332,0.214974838,0.155546625
7.622000,1.355167789,0.076967176,0.905111131,0.083491622,0.209296715,0.156295763
7.623000,1.324543932,0.084090664,0.694915123,0.082016794,0.209237172,0.154028742
7.624000,1.268638038,-0.065663861,0.468223633,0.092760748,0.207893560,0.146079943
7.625000,1.200853777,-0.287942683,0.186418079,0.114580620,0.203609363,0.133937219
7.626000,1.116579781,-0.545131710,0.058327751,0.148243398,0.198473720,0.119114239
7.627000,1.023076347,-0.666762837,-0.023315778,0.179314653,0.193352998,0.104176687
7.628000,0.948216343,-0.660482763,-0.198981838,0.204527461,0.191322029,0.086110236
7.629000,0.819664346,-0.602104105,-0.421068580,0.221270964,0.191899110,0.064782461
7.630000,0.733953270,-0.751846254,-0.521313539,0.237362292,0.187327106,0.042992362
7.631000,0.682627387,-0.982790457,-0.590991390,0.252922181,0.179479797,0.028780871
7.632000,0.586605970,-1.092721725,-0.657599376,0.271621443,0.172439339,0.021654512
7.633000,0.476360548,-1.060217905,-0.626887391,0.282827776,0.165145212,0.017290916
7.634000,0.367873954,-0.932262365,-0.639346245,0.274652587,0.162014222,0.016641549
7.635000,0.272580579,-0.686356983,-0.725334435,0.258487611,0.161938222,0.014786172
7.636000,0.180960633,-0.502227283,-0.717614745,0.244337016,0.160572011,0.008303096
7.637000,0.030297496,-0.387272410,-0.685842417,0.238423494,0.152753217,-0.002061939
7.638000,-0.157508349,-0.310007259,-0.850950826,0.243349821,0.144117660,-0.013573712
7.639000,-0.322198307,-0.254398865,-1.126840234,0.256301949,0.135574441,-0.022115958
7.640000,-0.480498037,-0.160146300,-1.341558457,0.264057904,0.128625404,-0.028349748
7.641000,-0.532515073,-0.050461559,-1.446259835,0.269022507,0.125700112,-0.031260211
7.642000,-0.511980163,0.086472897,-1.485960993,0.267671103,0.128608328,-0.031866493
7.643000,-0.498241411,0.172532351,-1.466516481,0.264362346,0.132816659,-0.035999404
7.644000,-0.532820675,0.173700388,-1.539250195,0.265712805,0.136690081,-0.042541324
7.645000,-0.599728339,0.105827250,-1.778232257,0.274252390,0.137811215,-0.046765589
7.646000,-0.678240069,0.046333846,-2.084983056,0.282858912,0.137442953,-0.050753412
7.647000,-0.706841823,0.003820738,-2.333341505,0.285291603,0.139095390,-0.051712376
7.648000,-0.683944156,0.008414854,-2.436810076,0.278361294,0.141462921,-0.049936711
7.649000,-0.673941078,0.023086074,-2.457095557,0.270621183,0.146380118,-0.048039487
7.650000,-0.709128162,-0.018165502,-2.484083914,0.267549405,0.150027712,-0.047690420
7.651000,-0.739742506,-0.231556943,-2.527807827,0.269733578,0.151887593,-0.047735251
7.652000,-0.749977116,-0.440553193,-2.632138530,0.270947053,0.154712945,-0.049012348
7.653000,-0.713709695,-0.424290439,-2.785498609,0.272356476,0.159757284,-0.052680740
7.654000,-0.597439968,-0.359411526,-2.812883975,0.266222218,0.166184227,-0.056579527
7.655000,-0.476024422,-0.303347719,-2.719249487,0.254348857,0.173786394,-0.058583995
7.656000,-0.368757016,-0.127984378,-2.702656430,0.241066945,0.182390352,-0.061641431
7.657000,-0.301485958,0.047340093,-2.697515578,0.238056384,0.190482571,-0.064171350
7.658000,-0.283840403,0.153397683,-2.794859769,0.239807485,0.196828635,-0.065724710
7.659000,-0.246986925,0.208516789,-2.971279533,0.242508289,0.204924783,-0.067502821
7.660000,-0.168690039,0.390446208,-3.185665260,0.237647137,0.213541057,-0.067898850
7.661000,-0.057050594,0.629841341,-3.300792651,0.228781567,0.224031556,-0.069993807
7.662000,0.031481856,0.854855591,-3.325504181,0.211970321,0.232054740,-0.072461003
7.663000,0.098858381,1.016406377,-3.460585089,0.202885972,0.243542290,-0.076397185
7.664000,0.138766651,1.079859596,-3.617016181,0.199949824,0.252577092,-0.082436437
7.665000,0.201924028,1.018718338,-3.805651680,0.206822255,0.261860184,-0.088418709
7.666000,0.278663754,0.841428987,-4.016216475,0.210454050,0.269730045,-0.094971807
7.667000,0.417048831,0.736243283,-4.142697782,0.209029929,0.279645545,-0.100588598
7.668000,0.537554703,0.647975871,-4.097490284,0.200352846,0.287212160,-0.110497778
7.669000,0.658027676,0.504205677,-4.012780471,0.191478406,0.292205041,-0.118849913
7.670000,0.787220819,0.320871036,-3.944955800,0.181224252,0.293936985,-0.124373717
7.671000,0.896443501,0.190425634,-3.960638267,0.176925386,0.293627743,-0.126123378
7.672000,0.942347728,0.161950350,-4.071714242,0.173761051,0.293538293,-0.121896301
7.673000,0.973932309,0.283425446,-4.193212027,0.171043594,0.295538314,-0.111962687
7.674000,0.992817603,0.371900349,-4.312214274,0.169900112,0.295375766,-0.098520741
7.675000,1.023896595,0.434197857,-4.420749756,0.170532392,0.294573119,-0.081551946
7.676000,0.985344274,0.503743239,-4.440249270,0.173734757,0.289523521,-0.067175898
7.677000,0.967614810,0.503313413,-4.511480129,0.186031989,0.282598918,-0.054805944
7.678000,0.943126460,0.410734087,-4.409467158,0.194216281,0.270586519,-0.045060087
7.679000,0.986623881,0.381005662,-4.359742975,0.193088387,0.262149351,-0.038437539
7.680000,1.086754748,0.471473041,-4.260766170,0.184552883,0.246770637,-0.032535073
7.681000,1.136040598,0.484420203,-4.104754836,0.173177923,0.232859171,-0.025604863
7.682000,1.170808945,0.465465255,-3.999390993,0.152896718,0.216339234,-0.015226680
7.683000,1.256140745,0.602577290,-4.013878619,0.133594312,0.202190130,-0.004156047
7.684000,1.237095509,0.710751333,-4.013251048,0.120829601,0.177718030,0.003914402
7.685000,1.123435006,0.548843824,-4.113931614,0.116598057,0.154989595,0.010391169
7.686000,1.113912468,0.402008067,-4.422515254,0.110646027,0.132553951,0.019462973
7.687000,1.199509701,0.368824525,-4.731702852,0.112251319,0.113194679,0.028011050
7.688000,1.280571730,0.278177964,-4.778096394,0.103744242,0.093529870,0.033497794
7.689000,1.495117289,0.185958112,-4.778906821,0.098445682,0.076954567,0.044656424
7.690000,1.715094931,0.179512508,-4.895758265,0.105886013,0.059996093,0.056063457
7.691000,1.831711990,-0.001304473,-5.078682107,0.116547695,0.037906041,0.069233051
7.692000,1.957741493,-0.133478192,-5.302394696,0.124352749,0.005311539,0.087714505
7.693000,2.067863968,-0.023506815,-5.634594429,0.141442587,-0.024681871,0.105836087
7.694000,2.099653746,-0.070839956,-5.606180665,0.151410731,-0.060655443,0.114699429
7.695000,2.165853689,-0.244475776,-5.515726831,0.155106742,-0.097297830,0.123659120
7.696000,2.111660726,-0.046088768,-5.519157426,0.156861656,-0.139433987,0.129545265
7.697000,2.109945083,0.260006289,-5.695988689,0.156711308,-0.184378502,0.132398185
7.698000,2.082824595,0.260534229,-5.796676371,0.158649204,-0.231424503,0.139696176
7.699000,2.054228815,0.229166523,-5.954229615,0.166891249,-0.277225839,0.143803016
7.700000,2.035269774,0.157864794,-6.267326420,0.179453691,-0.317171870,0.142038421
7.701000,2.004765073,-0.035867073,-6.439890020,0.190607448,-0.361345558,0.136132468
7.702000,2.026586023,-0.079603650,-6.554811026,0.183728914,-0.409273345,0.125839132
7.703000,2.074744556,0.043477577,-6.907365410,0.174596198,-0.455868442,0.112577195
7.704000,2.116278558,-0.007658082,-7.170548381,0.164690932,-0.504163509,0.097599242
7.705000,2.122889128,-0.340673288,-7.349103224,0.167713747,-0.557995984,0.081846270
7.706000,2.251842463,-0.393935208,-7.666225014,0.161146155,-0.613230944,0.079037087
7.707000,2.367081510,-0.118712138,-8.122019602,0.162513320,-0.659585719,0.081621350
7.708000,2.432166068,0.086655739,-8.408287802,0.154375719,-0.708892866,0.082647579
7.709000,2.523549237,0.087559924,-8.522346848,0.147509116,-0.760303239,0.083047572
7.710000,2.637238205,0.144625175,-8.578374818,0.135327305,-0.819166221,0.089192281
7.711000,2.673283545,-0.018736449,-8.648511798,0.143089408,-0.873864658,0.086513897
7.712000,2.789234749,-0.166800031,-8.749394413,0.139858257,-0.934568136,0.082691560
7.713000,2.931769615,-0.049457282,-9.075169695,0.135971771,-0.991593893,0.082881035
7.714000,2.918093286,0.096532869,-9.382281002,0.132476994,-1.053539314,0.077841460
7.715000,2.785632679,-0.126309405,-9.228061099,0.130890175,-1.138485174,0.067303304
7.716000,2.649732322,-0.189179900,-9.641890532,0.126320878,-1.217166524,0.065891762
7.717000,2.684934385,-0.120649417,-9.940456225,0.131350443,-1.277660272,0.068168804
7.718000,3.047964847,0.008089584,-10.405111541,0.119654908,-1.311159692,0.069221658
7.719000,3.559415991,0.130231097,-10.547493107,0.092812757,-1.346467513,0.071517543
7.720000,3.937941654,0.245150634,-10.850398958,0.062490099,-1.392357625,0.072721809
7.721000,4.149751625,0.158309137,-11.067158406,0.035237316,-1.452952317,0.065005451
7.722000,4.218612921,0.247602653,-11.507419789,0.008609444,-1.521981570,0.062420895
7.723000,4.219399525,0.398269101,-11.811244874,0.004974347,-1.588923679,0.060487290
7.724000,4.231006002,0.464769925,-11.978605312,0.006041004,-1.656134207,0.060460139
7.725000,4.315541541,0.332497601,-12.100847911,0.012535421,-1.715390961,0.062047174
7.726000,4.440485738,0.399225337,-12.308396215,0.004884038,-1.769771523,0.070433625
7.727000,4.591048363,0.518889852,-12.760718308,-0.003184304,-1.823580290,0.078119922
7.728000,4.649835660,0.789461236,-13.154848148,-0.025095242,-1.886543022,0.089404013
7.729000,4.701342671,0.834368642,-13.416744932,-0.026055416,-1.939711895,0.098803223
7.730000,4.659675770,0.760126454,-13.683087427,-0.020294672,-1.990674143,0.100728421
7.731000,4.749067757,0.577591654,-13.664555768,-0.017438983,-2.038548419,0.112227315
7.732000,4.903418800,0.659751304,-13.826251286,-0.035332285,-2.088542750,0.125683466
7.733000,5.046546151,0.852750839,-13.889985963,-0.048745180,-2.138628394,0.134822526
7.734000,5.083805464,0.971952532,-13.901935910,-0.074648826,-2.182286426,0.137781564
7.735000,5.074150045,0.755960662,-14.120862322,-0.081191947,-2.215660977,0.136119855
7.736000,4.788471490,0.313313066,-14.562405830,-0.081089203,-2.259672620,0.121659386
7.737000,4.203215711,-0.295398571,-14.965379120,-0.064880230,-2.314629904,0.101926707
7.738000,3.498172615,-0.801924801,-14.972415622,-0.064067397,-2.386602435,0.086665559
7.739000,2.627149402,-1.137913990,-14.888041678,-0.057959384,-2.464186942,0.071429608
7.740000,1.659279725,-1.361920397,-14.830836969,-0.047753428,-2.539614864,0.054766161
7.741000,0.660313459,-1.811019157,-15.005712153,-0.006887117,-2.602898443,0.033208603
7.742000,-0.246498039,-2.214906672,-14.977752764,0.025898936,-2.665335545,0.020142694
7.743000,-0.932259873,-2.279839777,-14.917750140,0.041318254,-2.727595815,0.025268022
7.744000,-1.387991806,-2.002455444,-14.717680121,0.031662360,-2.776984628,0.041018897
7.745000,-1.899903096,-1.572290123,-14.464467666,0.017335668,-2.817270948,0.051051377
7.746000,-2.243993979,-0.902019954,-14.382011521,0.003251551,-2.849734056,0.055360574
7.747000,-2.448006411,-0.450950093,-14.640342392,0.005497146,-2.869721996,0.055065251
7.748000,-2.215203338,0.112699249,-14.736991175,-0.008269861,-2.887284562,0.064697523
7.749000,-1.597277830,0.769443074,-14.978340357,-0.033589477,-2.885199241,0.086134605
7.750000,-0.793077053,1.374640603,-15.028060529,-0.062315295,-2.863902009,0.101982813
7.751000,0.196581996,1.585276484,-14.993047492,-0.078244728,-2.827746648,0.115944657
7.752000,1.293650053,1.665077254,-15.087842108,-0.097135003,-2.785550876,0.123791206
7.753000,2.426339155,1.731065191,-15.577492144,-0.107915939,-2.737376369,0.132387649
7.754000,3.618152512,1.438360538,-15.802543340,-0.119898549,-2.691043394,0.133064704
7.755000,4.828272792,1.001848033,-15.969370761,-0.121020394,-2.642113178,0.127988499
7.756000,6.032451271,0.485046422,-15.921780300,-0.116311974,-2.583457367,0.125167877
7.757000,7.104754612,-0.263782872,-16.080807105,-0.084881567,-2.527360541,0.116710405
7.758000,7.869361331,-1.174188201,-15.996083264,-0.047462557,-2.479506917,0.103495561
7.759000,8.566561226,-1.948970018,-16.019287354,-0.005738797,-2.438477036,0.093214284
7.760000,9.174978305,-2.502402339,-16.010742265,0.031880900,-2.393320070,0.088733587
7.761000,9.572745266,-2.984293936,-15.933452828,0.077684033,-2.343051204,0.081575502
7.762000,9.791648418,-3.269876302,-15.757985729,0.108581770,-2.299457527,0.070715634
7.763000,9.760988443,-3.374364455,-15.447971379,0.129176065,-2.270017075,0.060670114
7.764000,9.543760327,-3.184618182,-15.133350895,0.108134395,-2.249846930,0.065736096
7.765000,9.126311212,-2.683518608,-14.816860575,0.072504566,-2.241158271,0.074799705
7.766000,8.332016183,-1.868487612,-14.501061524,0.036456183,-2.235950059,0.085019187
7.767000,7.383480120,-1.101144297,-14.243319464,0.017519941,-2.232719022,0.095638529
7.768000,6.372138416,-0.545530321,-14.197366679,-0.005544340,-2.231250315,0.105164217
7.769000,5.204771758,-0.081986407,-14.262025584,-0.031661821,-2.224119485,0.111452715
7.770000,4.262937272,0.165000698,-14.249750935,-0.078085698,-2.210882332,0.118057397
7.771000,3.481272026,0.263961724,-13.905567747,-0.119169087,-2.195449931,0.115917380
7.772000,2.594436520,0.548910737,-13.718217829,-0.142126148,-2.177837553,0.104925515
7.773000,1.759365112,0.566757525,-13.537258263,-0.145354003,-2.165917298,0.090610556
7.774000,1.014786789,0.480502828,-13.646508640,-0.152281253,-2.147327454,0.078393919
7.775000,0.366064905,0.236392919,-13.709003137,-0.154299737,-2.120691227,0.064768705
7.776000,-0.047517551,-0.070273240,-13.359198555,-0.156319154,-2.092672180,0.050446874
7.777000,-0.270057845,-0.281292491,-13.061844680,-0.153003141,-2.052063492,0.040720064
7.778000,-0.525349664,-0.521424732,-13.218117002,-0.130243104,-2.002458362,0.026651359
7.779000,-0.641966761,-0.829090526,-13.559035889,-0.102825519,-1.939580676,0.010428392
7.780000,-0.314174463,-1.210784930,-13.480470963,-0.080287500,-1.867754585,0.001607399
7.781000,0.232942275,-1.416137704,-13.175521262,-0.064370564,-1.789649424,-0.001670210
7.782000,0.823951787,-1.417153105,-12.590751300,-0.056083295,-1.712777768,-0.003928212
7.783000,1.411160393,-1.166359723,-12.456968335,-0.051800349,-1.625158501,-0.001108511
7.784000,1.944490073,-1.162831686,-12.381858799,-0.044967769,-1.525167048,-0.005528162
7.785000,2.567325700,-1.143797565,-12.467107781,-0.041004747,-1.428972887,-0.008924494
7.786000,3.147175374,-0.870729987,-12.440723788,-0.064671068,-1.328358506,-0.004255056
7.787000,3.618649173,-0.439660466,-12.094429232,-0.091312266,-1.239439744,-0.008497791
7.788000,4.068168723,-0.037495547,-11.728926456,-0.117623582,-1.146153448,-0.017866918
7.789000,4.356852372,0.119076364,-11.527253116,-0.120161754,-1.056720603,-0.026193730
7.790000,4.477034421,0.144554625,-11.498229844,-0.125496327,-0.978298304,-0.039425060
7.791000,4.572814543,0.266941119,-11.312813721,-0.115889757,-0.906011685,-0.049625960
7.792000,4.555320999,0.293267927,-11.130682797,-0.108539889,-0.839294032,-0.062757239
7.793000,4.568394774,0.328914823,-10.652292430,-0.105075850,-0.775419215,-0.070350146
7.794000,4.575239496,0.550194453,-10.397266669,-0.117131745,-0.719231524,-0.071382968
7.795000,4.418260731,0.793581300,-10.189761505,-0.113553344,-0.649958258,-0.082498723
7.796000,4.086683599,0.735881748,-9.867411240,-0.102736687,-0.587573124,-0.101464574
7.797000,3.838416695,0.595517002,-9.677233044,-0.095354076,-0.531414917,-0.112221864
7.798000,3.638649051,0.701478389,-9.584176915,-0.085135943,-0.476237293,-0.116768698
7.799000,3.542821776,0.976011718,-9.320842126,-0.080050821,-0.407809438,-0.122923739
7.800000,3.398297326,1.059238377,-8.976796220,-0.087505854,-0.337030825,-0.134624611
7.801000,3.247827639,0.893027998,-8.546144497,-0.094229596,-0.269014838,-0.148076066
7.802000,3.090880885,0.776669911,-8.073214797,-0.088688441,-0.210940979,-0.156680015
7.803000,2.922848751,0.744377786,-7.827427072,-0.077701683,-0.151566694,-0.163109222
7.804000,2.681720076,0.874511671,-7.612552744,-0.065882899,-0.090678660,-0.173861112
7.805000,2.474130203,0.759809709,-7.388904192,-0.048603043,-0.026249419,-0.188569966
7.806000,2.263468629,0.453725106,-7.241274429,-0.037597771,0.032303238,-0.197773690
7.807000,2.143731618,0.292194276,-7.061092517,-0.023165690,0.090765841,-0.208708637
7.808000,2.093537850,0.253252813,-6.832871506,-0.025443932,0.152178818,-0.216660045
7.809000,2.105913405,0.409002450,-6.484293826,-0.033990605,0.219764137,-0.219634308
7.810000,2.084317204,0.499627420,-6.207919775,-0.039092312,0.277017762,-0.224307466
7.811000,2.036316172,0.354317675,-6.007399877,-0.029951128,0.338819604,-0.230420675
7.812000,1.999726021,0.199913750,-5.689184891,-0.024796230,0.397620384,-0.234927183
7.813000,2.022405081,0.188065864,-5.592784937,-0.015170737,0.460025130,-0.237406730
7.814000,2.022767505,0.317016635,-5.293363724,-0.017790608,0.518159230,-0.243831309
7.815000,2.097345617,0.350047184,-5.072817935,-0.016472947,0.565259291,-0.250005164
7.816000,2.120548035,0.282920792,-4.740610387,-0.028359148,0.607759575,-0.255299007
7.817000,2.179294421,0.306746964,-4.560529542,-0.025819390,0.649378747,-0.261623990
7.818000,2.210154825,0.370097688,-4.383430752,-0.025801387,0.684838502,-0.265085976
7.819000,2.242756211,0.408518991,-4.366737861,-0.019795810,0.722909107,-0.264852428
7.820000,2.373918037,0.399260773,-4.245069628,-0.015391687,0.763276220,-0.261960712
7.821000,2.598634381,0.381539501,-3.936784442,-0.017127302,0.803718327,-0.257476787
7.822000,2.731298568,0.471104937,-3.771072456,-0.030192043,0.841757975,-0.253368216
7.823000,2.857737353,0.534014656,-3.548080461,-0.037591695,0.875663638,-0.253168253
7.824000,2.967589948,0.554710894,-3.443532991,-0.050717390,0.900596728,-0.249713330
7.825000,3.024323442,0.560556504,-3.411957024,-0.041232336,0.925860955,-0.251773400
7.826000,3.109922748,0.389233571,-3.226783336,-0.028724222,0.948268656,-0.255394838
7.827000,3.321308828,0.163573502,-3.130268164,-0.019252694,0.971331230,-0.252478961
7.828000,3.551652381,0.268587441,-3.198627814,-0.016927751,0.997587526,-0.248203842
7.829000,3.757464935,0.452784661,-3.251358957,-0.013455968,1.018509707,-0.247677950
7.830000,3.878066081,0.392896018,-3.133542085,-0.015071415,1.034182081,-0.245736550
7.831000,4.017123196,0.176104754,-2.960836396,-0.006690902,1.046538498,-0.242271448
7.832000,4.150375158,-0.078990945,-2.856891864,0.011523887,1.060284809,-0.238024722
7.833000,4.287857038,-0.203317022,-2.629867273,0.026502868,1.069887981,-0.233018550
7.834000,4.459464952,-0.202832486,-2.555871780,0.027222952,1.077251596,-0.224688156
7.835000,4.687019111,-0.113083763,-2.536153097,0.020212909,1.082850963,-0.218410601
7.836000,4.775281747,0.028612245,-2.494225924,0.003412367,1.085824251,-0.214552844
7.837000,4.842406992,0.034341178,-2.461878687,0.002982572,1.082761435,-0.212081495
7.838000,4.816315290,-0.105786497,-2.291174240,0.012164892,1.073064904,-0.209201081
7.839000,4.798221133,-0.163125386,-2.164512725,0.022517700,1.057386017,-0.202137893
7.840000,4.853496952,-0.172442285,-2.030745432,0.026519032,1.047053879,-0.193483738
7.841000,4.958357951,-0.047780833,-1.883003824,0.019603048,1.034637838,-0.185413556
7.842000,5.010974927,0.111963240,-1.780091732,-0.001191648,1.019567152,-0.180753810
7.843000,5.008543735,0.241184663,-1.703978354,-0.017670454,1.000625669,-0.178449315
7.844000,4.886842497,0.351082868,-1.709287843,-0.015233891,0.979888361,-0.175867804
7.845000,4.754310579,0.337338596,-1.669593713,0.002043079,0.960307243,-0.172849663
7.846000,4.632148029,0.206555319,-1.545585160,0.012861755,0.933981686,-0.165795768
7.847000,4.550349552,0.149120143,-1.397627919,0.010928287,0.906401686,-0.153985324
7.848000,4.450516994,0.198774366,-1.265253031,-0.006152937,0.879523421,-0.140981211
7.849000,4.299719109,0.348026290,-1.250157004,-0.028634795,0.852803450,-0.130447732
7.850000,4.058914755,0.397143085,-1.157842845,-0.042106622,0.822667693,-0.122966452
7.851000,3.715628646,0.316416932,-1.093804161,-0.039163692,0.783593320,-0.112471596
7.852000,3.372817302,0.215672462,-0.948767480,-0.026285376,0.741989232,-0.102111375
7.853000,3.057227407,0.202865552,-0.975315698,-0.014001438,0.700828592,-0.090196468
7.854000,2.745706291,0.190476535,-0.904034709,-0.013021416,0.661423623,-0.080833496
7.855000,2.396298228,0.116483115,-0.870419817,-0.021838997,0.617759869,-0.071438352
7.856000,2.098619974,0.105026717,-0.852950240,-0.037281986,0.575446736,-0.063981514
7.857000,1.795166843,0.145840536,-0.650848781,-0.038235001,0.535015905,-0.059765662
7.858000,1.503538736,0.087137209,-0.383211109,-0.038768247,0.488906652,-0.054508770
7.859000,1.154108542,0.125364735,-0.188875559,-0.037129012,0.436992263,-0.043766973
7.860000,0.798534722,0.308475162,-0.116651046,-0.037409763,0.384269845,-0.029305530
7.861000,0.537995657,0.459068152,-0.034248690,-0.041102600,0.341829073,-0.014014814
7.862000,0.333323192,0.477748860,-0.013334737,-0.052557540,0.308331443,0.001382263
7.863000,0.150274299,0.507317792,0.084003949,-0.063464704,0.273918471,0.015140281
7.864000,-0.059703039,0.544802257,0.219555389,-0.068793340,0.238472399,0.028996687
7.865000,-0.288620516,0.457758711,0.300049133,-0.072418949,0.198040381,0.043240133
7.866000,-0.416322372,0.380503364,0.264814186,-0.077961093,0.156614156,0.060369248
7.867000,-0.468064502,0.416889682,0.220100700,-0.086842288,0.114602298,0.079674934
7.868000,-0.505438574,0.497683599,0.186797091,-0.100023295,0.075750759,0.098198478
7.869000,-0.531877355,0.495750911,0.201894293,-0.113485785,0.038614402,0.113893036
7.870000,-0.554223849,0.515325450,0.267978126,-0.128410056,-0.001731449,0.129924044
7.871000,-0.613231859,0.492338299,0.258509259,-0.135788216,-0.043095719,0.141880070
7.872000,-0.648443753,0.429203553,0.214954622,-0.141448857,-0.085528306,0.152163197
7.873000,-0.636808799,0.403942784,0.129123003,-0.146149645,-0.123978246,0.159377463
7.874000,-0.571038300,0.465263419,0.035741636,-0.147982143,-0.162336951,0.164631253
7.875000,-0.474608690,0.514205757,-0.025653746,-0.144748823,-0.195622657,0.168684791
7.876000,-0.434414855,0.508411909,-0.168546202,-0.137449218,-0.223230926,0.172091612
7.877000,-0.373565248,0.506537058,-0.145032090,-0.128816066,-0.247729425,0.176633548
7.878000,-0.249375363,0.497262323,-0.034467726,-0.114411675,-0.272277698,0.192195617
7.879000,-0.242310310,0.574469175,-0.075150635,-0.099356138,-0.285933624,0.206606000
7.880000,-0.149746569,0.601629631,-0.184979957,-0.086605967,-0.289163935,0.215504232
7.881000,-0.011781882,0.485709017,-0.147229910,-0.080989128,-0.295095898,0.221166648
7.882000,0.069815524,0.341956639,-0.095434810,-0.077411915,-0.305934975,0.224522335
7.883000,0.127359062,0.250792547,0.073584966,-0.075086466,-0.320795502,0.223350017
7.884000,0.158976109,0.295647981,0.426204298,-0.079936161,-0.341786723,0.217923143
7.885000,0.154850978,0.427115078,0.686035670,-0.080086439,-0.358985041,0.210245539
7.886000,0.160782501,0.446266120,0.643463183,-0.072438192,-0.367990281,0.202813212
7.887000,0.154129105,0.355791386,0.451361713,-0.055398406,-0.374439831,0.195286660
7.888000,0.204704154,0.062837493,0.379381531,-0.037194398,-0.389614158,0.189248348
7.889000,0.319788330,-0.147194540,0.428291728,-0.023977466,-0.405962906,0.187481162
7.890000,0.335062937,-0.046232068,0.701762543,-0.015603857,-0.422008065,0.180745129
7.891000,0.311195842,0.059415087,0.954120206,-0.009778750,-0.437004467,0.166625930
7.892000,0.256247010,-0.017706326,1.224508678,-0.003111791,-0.452741918,0.155799673
7.893000,0.197258293,-0.172728270,1.220172242,0.005128855,-0.467225221,0.148284719
7.894000,0.122344286,-0.219289733,1.102309953,0.017382446,-0.481391514,0.140610756
7.895000,0.050196333,-0.273634358,1.154890809,0.024177118,-0.497816613,0.135276056
7.896000,0.024184567,-0.283245376,1.314004303,0.021448612,-0.509328812,0.132527061
7.897000,-0.022130584,-0.213159086,1.414548970,0.014069872,-0.516054771,0.129065870
7.898000,-0.099254463,-0.193520937,1.669412787,0.004874098,-0.525791805,0.123447529
7.899000,-0.228313727,-0.286864453,1.901286359,-0.001983785,-0.537428311,0.118782924
7.900000,-0.359194061,-0.364894282,2.106587481,-0.003364955,-0.547888528,0.114237094
7.901000,-0.453711267,-0.358674148,2.094641076,-0.008427894,-0.556201353,0.110030140
7.902000,-0.542549706,-0.336853686,2.127579916,-0.013085810,-0.560077276,0.106068879
7.903000,-0.623086886,-0.335175341,2.156029513,-0.019720509,-0.559396685,0.104125700
7.904000,-0.715343879,-0.295663274,2.266739587,-0.021827421,-0.559140040,0.100835265
7.905000,-0.857510464,-0.331833414,2.386467059,-0.022953472,-0.561206296,0.096254572
7.906000,-1.041129805,-0.440688259,2.468776568,-0.020788480,-0.563924997,0.090148249
7.907000,-1.204287697,-0.489092446,2.523912478,-0.016469440,-0.565397914,0.084242482
7.908000,-1.345457045,-0.534862100,2.446308569,-0.010395382,-0.559824480,0.076237901
7.909000,-1.433187846,-0.584240790,2.372526725,-0.007529134,-0.552378664,0.067190425
7.910000,-1.451782809,-0.638795265,2.368164332,-0.004169693,-0.540424407,0.058106088
7.911000,-1.530779274,-0.669072073,2.420059944,-0.004924591,-0.529247917,0.047229583
7.912000,-1.606278148,-0.808523180,2.566808502,-0.003427193,-0.523015772,0.035575537
7.913000,-1.691864344,-0.913699655,2.709262222,-0.006475647,-0.518992308,0.027996084
7.914000,-1.752531553,-0.887646354,2.786063573,-0.006716938,-0.514474133,0.020140382
7.915000,-1.818465802,-0.855744744,2.912434795,-0.010140280,-0.508615479,0.010828239
7.916000,-1.870955026,-0.853443201,2.959896454,-0.008322073,-0.500532202,0.005448665
7.917000,-1.937492173,-0.855929558,3.006506973,-0.005897152,-0.494007165,0.001593027
7.918000,-1.976119662,-0.915694301,3.086295888,0.002548776,-0.488114193,-0.003692729
7.919000,-2.014982308,-0.959641202,3.238925981,0.005264406,-0.483413394,-0.007120645
7.920000,-1.978596241,-0.849266370,3.412273574,0.000545987,-0.472406264,-0.008661944
7.921000,-1.928701037,-0.696002354,3.608562287,-0.007404408,-0.458789352,-0.014380235
7.922000,-1.842338429,-0.602606432,3.759909299,-0.013077039,-0.441516033,-0.020457534
7.923000,-1.781367094,-0.489041463,3.790176550,-0.019110635,-0.418752421,-0.025719376
7.924000,-1.705760014,-0.395197515,3.759378973,-0.020460388,-0.393154508,-0.034569644
7.925000,-1.605405601,-0.263855684,3.556124338,-0.024884921,-0.360742631,-0.038529523
7.926000,-1.439684085,-0.139650853,3.467090491,-0.028537595,-0.321780533,-0.040181242
7.927000,-1.247378533,0.023484710,3.513981440,-0.033077141,-0.286540155,-0.044391804
7.928000,-1.053460508,0.000720949,3.636187018,-0.029515616,-0.248796300,-0.049236271
7.929000,-0.971512977,-0.087324937,3.675276545,-0.027850705,-0.210707715,-0.053038437
7.930000,-0.856689608,-0.160632197,3.562524510,-0.024827772,-0.174859302,-0.060342634
7.931000,-0.712016460,-0.045473298,3.440416133,-0.026975578,-0.133516258,-0.069372289
7.932000,-0.545416249,0.021828976,3.482358658,-0.029680120,-0.083891806,-0.077277619
7.933000,-0.312721863,0.145399454,3.522337221,-0.033499904,-0.028553023,-0.085596481
7.934000,-0.082921104,0.147247313,3.411531685,-0.025867745,0.028633996,-0.090514485
7.935000,0.090432647,0.130041326,3.332758636,-0.021590294,0.075440929,-0.091686600
7.936000,0.227972284,0.046580923,3.176311751,-0.010447461,0.126830130,-0.091884936
7.937000,0.425258465,-0.033548309,3.287573127,-0.006137875,0.180746081,-0.090736602
7.938000,0.604827322,-0.099093580,3.547292195,-0.006712621,0.235460173,-0.090739237
7.939000,0.858894960,-0.037498560,3.919524321,-0.020827056,0.290742306,-0.086867832
7.940000,1.087561873,0.172688158,3.933171782,-0.035216359,0.351234906,-0.087280247
7.941000,1.140622137,0.333412935,3.830022538,-0.043024777,0.403602942,-0.091870441
7.942000,1.171027919,0.271083441,3.691221550,-0.037539525,0.458130927,-0.092795395
7.943000,1.204541162,0.156334754,3.678484729,-0.031299341,0.509486889,-0.088196420
7.944000,1.316107620,0.246797182,3.707119625,-0.028464212,0.572278392,-0.085410424
7.945000,1.437643758,0.376169002,3.941233592,-0.038903484,0.638026906,-0.083439549
7.946000,1.560956991,0.465867548,4.069950583,-0.060191080,0.698789742,-0.082043852
7.947000,1.646808620,0.651277965,4.045325610,-0.081279864,0.751928919,-0.083419509
7.948000,1.689195416,0.667462654,4.000060959,-0.071850453,0.806587816,-0.092949914
7.949000,1.682592339,0.433015177,4.236181091,-0.058499328,0.854601981,-0.097690201
7.950000,1.860954053,0.236559485,4.282165334,-0.041524408,0.907146233,-0.101610407
7.951000,1.958466284,0.348790589,4.492302922,-0.033718586,0.956570591,-0.105242708
7.952000,2.088670924,0.335205995,4.771693576,-0.036915622,1.005033637,-0.108461539
7.953000,2.119968681,0.404958394,4.932835872,-0.059163958,1.056565885,-0.107170084
7.954000,2.214128253,0.490268063,4.975833109,-0.070286888,1.106231794,-0.105672723
7.955000,2.201352441,0.468479805,5.159935707,-0.062550217,1.157205452,-0.102452126
7.956000,2.297566997,0.460594655,5.376940607,-0.047533340,1.213007316,-0.098425149
7.957000,2.370543685,0.403815543,5.539574619,-0.033901793,1.266983428,-0.095681488
7.958000,2.435354422,0.161803653,5.822670694,-0.019094377,1.321401616,-0.093110775
7.959000,2.538953091,0.128345179,6.098556498,-0.028475136,1.377086487,-0.092080863
7.960000,2.623853610,0.267446693,6.122528737,-0.037096001,1.424651328,-0.094885926
7.961000,2.597328012,0.367423474,6.277645105,-0.047225161,1.475108150,-0.097464181
7.962000,2.507614240,0.348733095,6.329222672,-0.050577991,1.527466139,-0.106788859
7.963000,2.438252372,0.384781109,6.446040326,-0.038329724,1.574063893,-0.114733352
7.964000,2.336853167,0.350188237,6.631359718,-0.010747158,1.621520368,-0.117796378
7.965000,2.334593002,0.317511478,6.748382558,-0.004373297,1.675861423,-0.117518160
7.966000,2.501588155,0.409077787,6.768652685,-0.011369924,1.729825778,-0.112360704
7.967000,2.568483993,0.575286402,6.966662785,-0.025094031,1.789633621,-0.110738398
7.968000,2.520242143,0.550675919,7.265909654,-0.031264178,1.845664655,-0.110864790
7.969000,2.505041857,0.413138864,7.604772571,-0.033449703,1.893362378,-0.107107628
7.970000,2.489158504,0.202602103,7.827065738,-0.015293256,1.937741823,-0.104560397
7.971000,2.576227935,-0.077392506,8.033926503,0.005281795,1.980437867,-0.096131592
7.972000,2.694248222,-0.294979225,8.199953505,0.008691431,2.026428959,-0.083518573
7.973000,2.859259280,-0.195255201,8.199870366,0.006087516,2.070486153,-0.074924700
7.974000,2.913980056,-0.207839495,8.478233343,0.013734356,2.114194038,-0.067635071
7.975000,2.920165405,-0.325226746,8.763754981,0.013235307,2.156830145,-0.056812679
7.976000,2.952334208,-0.443271450,8.992470815,0.022788641,2.194255377,-0.044919908
7.977000,3.000162289,-0.469931344,9.170952835,0.039510677,2.240338848,-0.033337273
7.978000,3.017263219,-0.543655427,9.403023356,0.059974913,2.297854073,-0.021213672
7.979000,3.140845863,-0.565991922,9.241788256,0.073985968,2.355453692,-0.009488069
7.980000,3.180381058,-0.698061878,9.056176865,0.090587555,2.419058203,-0.003109227
7.981000,3.259668361,-0.820113064,8.821386561,0.100924443,2.482747722,0.007070138
7.982000,3.334032434,-0.922790446,8.798881996,0.109984092,2.539365981,0.011838965
7.983000,3.371890641,-1.095609125,9.041376668,0.126710663,2.592379091,0.013809683
7.984000,3.566948130,-1.159727877,9.522373654,0.129158379,2.648607425,0.020041222
7.985000,3.786360114,-0.856349412,9.787921153,0.137403084,2.712445998,0.024751114
7.986000,4.002164466,-0.548717814,9.805891796,0.152436952,2.771829884,0.028625906
7.987000,4.801701503,-0.205814884,9.452763117,0.143832219,2.841514213,0.043210050
7.988000,5.969957529,0.373064445,9.465539231,0.116577544,2.950668731,0.050287799
7.989000,7.116489894,0.869880811,10.168309475,0.091349254,3.046664479,0.051290791
7.990000,8.199720149,0.986183197,10.489610851,0.058346677,3.143388903,0.056667075
7.991000,8.966083494,1.102230236,10.082949467,0.049145719,3.231891909,0.050209427
7.992000,9.901810019,0.912404406,9.921794792,0.063974921,3.318027845,0.040361304
7.993000,10.859631032,0.431121564,9.940308547,0.066169724,3.410499134,0.041117813
7.994000,11.514028383,0.070447543,9.972436074,0.084888967,3.491822176,0.034263597
7.995000,11.908444650,-0.250448961,10.264471374,0.106045893,3.552173033,0.028295985
7.996000,12.100776173,-0.835668681,10.251430786,0.130925580,3.609762342,0.025727262
7.997000,12.212511937,-1.379896620,10.210761783,0.144741388,3.667230065,0.021652267
7.998000,12.184218508,-1.886096530,10.142712153,0.155576959,3.707897963,0.020919541
7.999000,11.887948338,-2.196480172,10.307674841,0.176174410,3.737752240,0.019121441
8.000000,11.446133759,-2.422771258,10.470212838,0.211013899,3.746796031,0.024991166
8.001000,10.770104392,-2.750103683,10.977503863,0.232232226,3.753385489,0.018070526
8.002000,9.968632417,-2.704511618,11.165293904,0.231229366,3.755345289,0.012129048
8.003000,9.254446949,-2.231837534,11.436630393,0.211629478,3.750733513,0.014218387
8.004000,8.425139257,-1.718466589,11.602554641,0.202620997,3.742153933,0.021805912
8.005000,7.513802570,-1.176412437,11.939272781,0.190150270,3.729810969,0.037214730
8.006000,6.758008340,-0.469535890,12.255706714,0.165007076,3.723099021,0.056929134
8.007000,6.074126067,0.339714943,12.140138975,0.128572257,3.719367360,0.071563914
8.008000,5.521113782,0.860960183,12.075937198,0.101003678,3.713339643,0.087751726
8.009000,5.046871791,1.096986644,12.032122724,0.080102344,3.706149711,0.100124167
8.010000,4.785715847,1.291954785,12.144190178,0.069289148,3.695816266,0.103251759
8.011000,4.618616658,1.357986077,12.300543071,0.061127247,3.691016315,0.107934813
8.012000,4.565963140,1.265947785,12.229460444,0.073591474,3.688648297,0.114476588
8.013000,4.703432375,0.960381398,11.943161541,0.093370955,3.695452429,0.125846180
8.014000,5.063421029,0.498084519,11.811837284,0.106440917,3.699757080,0.135884589
8.015000,5.591089592,0.068425621,11.927610295,0.121498074,3.704104574,0.149527775
8.016000,6.210555699,-0.327135136,11.780326423,0.154334714,3.715983830,0.168960116
8.017000,6.902141359,-0.815883400,11.961699669,0.205274892,3.733517174,0.188134864
8.018000,7.415857864,-1.332091447,12.078191922,0.247229804,3.748188254,0.205125463
8.019000,8.073890180,-1.690198450,12.120774024,0.270254271,3.758396446,0.202223070
8.020000,8.695694433,-2.084635013,12.326969022,0.281806651,3.763498108,0.174284965
8.021000,9.293722843,-2.077832283,13.009895462,0.260599858,3.763805040,0.134018703
8.022000,9.894690638,-1.850760517,13.681260120,0.237040928,3.763493379,0.071599584
8.023000,10.350163520,-1.378243151,13.990071352,0.206456691,3.755955534,-0.000304217
8.024000,10.742648482,-0.729089542,13.865466924,0.171741605,3.739709904,-0.051790682
8.025000,11.096996727,-0.023763460,13.596276110,0.124884168,3.725500264,-0.081503865
8.026000,11.024105417,0.630661409,13.519405121,0.103011253,3.711575047,-0.090217247
8.027000,10.849217671,0.963811469,13.752526924,0.098078440,3.694853183,-0.080779001
8.028000,10.683630168,1.000268777,13.631318222,0.102018857,3.675077920,-0.061662415
8.029000,10.343968709,0.776836923,13.494193056,0.106517091,3.650866769,-0.046525331
8.030000,9.936837995,0.396138263,13.355178413,0.112927082,3.602776293,-0.036758867
8.031000,9.324992400,-0.024931985,13.624495088,0.116357249,3.547124831,-0.038488961
8.032000,8.672024913,-0.278477355,13.882159404,0.119660005,3.486580682,-0.041503494
8.033000,7.696247186,-0.608720296,14.187658251,0.124601954,3.428374002,-0.055113637
8.034000,6.688657390,-0.927065363,13.870232089,0.135159164,3.355888479,-0.071586111
8.035000,5.738714656,-1.074064685,13.482130523,0.156523641,3.275436557,-0.091412668
8.036000,5.010333549,-1.202237186,13.338905874,0.179220467,3.194415574,-0.111795141
8.037000,4.354632074,-1.371925938,13.604734743,0.193324810,3.108311617,-0.133046634
8.038000,3.798695813,-1.371136162,13.929530743,0.215966774,3.027768663,-0.162612613
8.039000,3.461102020,-1.355533098,13.914104302,0.235043129,2.967318960,-0.191271586
8.040000,3.364545187,-1.240501065,13.337363925,0.240314141,2.924284834,-0.209431150
8.041000,3.441872631,-1.011096154,13.087548915,0.248240068,2.886200695,-0.235026431
8.042000,3.619660672,-0.765870064,13.165153744,0.251776883,2.851138783,-0.251854655
8.043000,3.751692405,-0.544378264,13.345964548,0.240620912,2.813835993,-0.255359930
8.044000,3.871710601,-0.271494339,13.335069058,0.224204416,2.773949970,-0.255969600
8.045000,3.953407012,0.012033266,13.067988601,0.202092369,2.730608015,-0.249303514
8.046000,4.098097153,0.365156986,12.675996323,0.174994362,2.685131385,-0.236780869
8.047000,4.161270478,0.640377612,12.401448523,0.173500295,2.640138444,-0.235590680
8.048000,4.358945159,0.488077909,12.379291432,0.183530910,2.592577415,-0.229862874
8.049000,4.601876748,0.183312911,12.299844874,0.186039260,2.549745453,-0.228295667
8.050000,4.881975763,-0.012079309,11.852551210,0.194055258,2.508648635,-0.236328137
8.051000,5.113695324,-0.384447701,11.255646899,0.194642842,2.465768606,-0.240144307
8.052000,5.395022722,-0.788366365,10.808646219,0.213043452,2.418885919,-0.244783351
8.053000,5.535192630,-1.092406050,10.740483908,0.246702857,2.369307829,-0.254635643
8.054000,5.584869047,-1.467530848,10.620719675,0.284149469,2.316403846,-0.265497923
8.055000,5.622002577,-1.805764078,10.344220641,0.300388355,2.259443097,-0.274631878
8.056000,5.709226627,-1.858991073,10.026127052,0.310689711,2.206142656,-0.285494963
8.057000,5.740096780,-1.778555521,9.805578415,0.307560947,2.146816354,-0.292432781
8.058000,5.690152269,-1.603493258,9.602809201,0.300201721,2.090047141,-0.295580794
8.059000,5.594219219,-1.239267409,9.542822418,0.298978480,2.023501243,-0.295301447
8.060000,5.317472287,-1.064990110,9.459819285,0.306102259,1.954006256,-0.294123217
8.061000,4.941433151,-1.055359153,9.489161005,0.302528825,1.873338224,-0.290163257
8.062000,4.590641799,-0.976715884,9.419233405,0.289442769,1.806121132,-0.283044412
8.063000,4.216576972,-0.686148345,9.155066915,0.267130904,1.740103698,-0.275410841
8.064000,3.766738471,-0.467768069,8.854863753,0.260053020,1.672449474,-0.262256359
8.065000,3.226978166,-0.271515547,8.718235189,0.267544933,1.594262044,-0.242349566
8.066000,2.779676898,-0.199052900,8.471692152,0.287238933,1.524973340,-0.224406155
8.067000,2.323956471,-0.233957773,8.289887743,0.286792850,1.452548683,-0.210422236
8.068000,2.034437006,-0.265782105,8.078129154,0.279899754,1.385777193,-0.201513457
8.069000,1.720596905,-0.066954939,7.804650071,0.274173861,1.317924082,-0.195891321
8.070000,1.477141272,0.024133232,7.692951059,0.282374808,1.258028940,-0.194137904
8.071000,1.245083606,0.066273697,7.564177947,0.285638877,1.196897081,-0.188699076
8.072000,1.082405807,0.050517589,7.355562736,0.301336795,1.140016287,-0.184533822
8.073000,0.934814774,0.011927372,7.191996205,0.311088048,1.081823042,-0.185064897
8.074000,0.917812965,-0.088457323,7.029951337,0.315911820,1.028118396,-0.187483847
8.075000,0.986694075,0.000641569,6.736577946,0.310968406,0.981103556,-0.191117711
8.076000,1.042013005,-0.104508308,6.404867594,0.312431731,0.943375886,-0.193484383
8.077000,1.102344344,-0.243018957,6.135836859,0.309209879,0.903638672,-0.195382222
8.078000,1.262802948,-0.412045227,5.859031142,0.309188335,0.852770941,-0.195595205
8.079000,1.299842093,-0.418008854,5.836759771,0.319951007,0.809898246,-0.194942646
8.080000,1.340666508,-0.530052029,5.763696249,0.328629172,0.770830927,-0.195984848
8.081000,1.463706244,-0.568570892,5.473295367,0.328726541,0.734614713,-0.192918136
8.082000,1.541393658,-0.494606827,5.148331203,0.327142047,0.702007843,-0.189928426
8.083000,1.513558043,-0.421053818,4.955286951,0.322198314,0.663499118,-0.189214905
8.084000,1.494081747,-0.426205153,4.870279061,0.318403062,0.623615049,-0.186343870
8.085000,1.502779366,-0.285319894,4.924336976,0.311685633,0.584830900,-0.178827946
8.086000,1.457818409,-0.164643902,4.837095925,0.308330287,0.548009712,-0.174700080
8.087000,1.389428836,-0.076826415,4.711568001,0.305510106,0.514199352,-0.168667231
8.088000,1.360101533,-0.043263780,4.560385894,0.299388122,0.480996242,-0.160657932
8.089000,1.320963699,0.076594015,4.398166847,0.286486115,0.449929881,-0.151014134
8.090000,1.308317104,0.181185110,4.424294502,0.274409923,0.420179411,-0.140938097
8.091000,1.214777247,0.279818543,4.416400355,0.262235753,0.394082658,-0.134868888
8.092000,1.046849169,0.438781801,4.377563040,0.249023599,0.370592821,-0.126020876
8.093000,0.919499138,0.674464300,4.212365106,0.237059017,0.350520374,-0.117108197
8.094000,0.811411542,0.842718725,3.955277896,0.229139813,0.337178238,-0.108705902
8.095000,0.685329165,0.929288489,3.690740857,0.225210472,0.325665322,-0.101179477
8.096000,0.578779756,0.814834837,3.570747730,0.222870812,0.315714543,-0.096730999
8.097000,0.591403903,0.690004406,3.483520376,0.215343727,0.305968712,-0.090294904
8.098000,0.606287203,0.585979866,3.378953103,0.211909696,0.300698793,-0.085364061
8.099000,0.651727799,0.452354833,3.250689125,0.203720486,0.296613057,-0.079123168
8.100000,0.677935706,0.189510960,3.095005851,0.206380394,0.294026046,-0.072179072
8.101000,0.675949007,-0.012676357,2.981252750,0.213525459,0.290383267,-0.064314628
8.102000,0.707773571,-0.200279319,2.885480456,0.227936235,0.286335783,-0.049714143
8.103000,0.790778436,-0.359050430,2.739043619,0.237952469,0.281193813,-0.030694360
8.104000,0.863442759,-0.425913485,2.662761326,0.239910721,0.275637193,-0.012564290
8.105000,0.883822833,-0.432203285,2.701838041,0.231844719,0.272090434,0.001031413
8.106000,0.866899758,-0.532905460,2.720575749,0.218431536,0.268554963,0.006495738
8.107000,0.814483528,-0.678785098,2.677509394,0.196173183,0.263957155,0.004311711
8.108000,0.807324829,-0.694413482,2.503108668,0.174558598,0.261397961,-0.001477848
8.109000,0.833273933,-0.578103565,2.367314016,0.154721265,0.259292863,-0.009869994
8.110000,0.914073011,-0.462337036,2.260361777,0.141153358,0.259466993,-0.017418137
8.111000,1.080970259,-0.353566829,2.114123729,0.134059826,0.261508090,-0.019196248
8.112000,1.286266242,-0.308664450,1.989001844,0.132554610,0.262005238,-0.008257123
8.113000,1.399118085,-0.300185158,1.828752155,0.127830540,0.258352559,0.010340996
8.114000,1.455321538,-0.159500066,1.675129888,0.117133247,0.252941697,0.035012171
8.115000,1.507467475,0.115675829,1.570878454,0.098346942,0.247243360,0.064394384
8.116000,1.549064340,0.442079348,1.510935179,0.083879999,0.242058757,0.091584048
8.117000,1.508231090,0.670792698,1.429131738,0.077189170,0.238888515,0.112888971
8.118000,1.445229672,0.717744831,1.250170196,0.079206341,0.235340805,0.128056461
8.119000,1.383435613,0.614092409,1.042893054,0.085196507,0.230097085,0.143712634
8.120000,1.325474496,0.417196588,0.898989734,0.089681572,0.223317745,0.152695567
8.121000,1.353830310,0.205765239,0.907010637,0.089522332,0.214974838,0.155546625
8.122000,1.355167789,0.076967176,0.905111131,0.083491622,0.209296715,0.156295763
8.123000,1.324543932,0.084090664,0.694915123,0.082016794,0.209237172,0.154028742
8.124000,1.268638038,-0.065663861,0.468223633,0.092760748,0.207893560,0.146079943
8.125000,1.200853777,-0.287942683,0.186418079,0.114580620,0.203609363,0.133937219
8.126000,1.116579781,-0.545131710,0.058327751,0.148243398,0.198473720,0.119114239
8.127000,1.023076347,-0.666762837,-0.023315778,0.179314653,0.193352998,0.104176687
8.128000,0.948216343,-0.660482763,-0.198981838,0.204527461,0.191322029,0.086110236
8.129000,0.819664346,-0.602104105,-0.421068580,0.221270964,0.191899110,0.064782461
8.130000,0.733953270,-0.751846254,-0.521313539,0.237362292,0.187327106,0.042992362
8.131000,0.682627387,-0.982790457,-0.590991390,0.252922181,0.179479797,0.028780871
8.132000,0.586605970,-1.092721725,-0.657599376,0.271621443,0.172439339,0.021654512
8.133000,0.476360548,-1.060217905,-0.626887391,0.282827776,0.165145212,0.017290916
8.134000,0.367873954,-0.932262365,-0.639346245,0.274652587,0.162014222,0.016641549
8.135000,0.272580579,-0.686356983,-0.725334435,0.258487611,0.161938222,0.014786172
8.136000,0.180960633,-0.502227283,-0.717614745,0.244337016,0.160572011,0.008303096
8.137000,0.030297496,-0.387272410,-0.685842417,0.238423494,0.152753217,-0.002061939
8.138000,-0.157508349,-0.310007259,-0.850950826,0.243349821,0.144117660,-0.013573712
8.139000,-0.322198307,-0.254398865,-1.126840234,0.256301949,0.135574441,-0.022115958
8.140000,-0.480498037,-0.160146300,-1.341558457,0.264057904,0.128625404,-0.028349748
8.141000,-0.532515073,-0.050461559,-1.446259835,0.269022507,0.125700112,-0.031260211
8.142000,-0.511980163,0.086472897,-1.485960993,0.267671103,0.128608328,-0.031866493
8.143000,-0.498241411,0.172532351,-1.466516481,0.264362346,0.132816659,-0.035999404
8.144000,-0.532820675,0.173700388,-1.539250195,0.265712805,0.136690081,-0.042541324
8.145000,-0.599728339,0.105827250,-1.778232257,0.274252390,0.137811215,-0.046765589
8.146000,-0.678240069,0.046333846,-2.084983056,0.282858912,0.137442953,-0.050753412
8.147000,-0.706841823,0.003820738,-2.333341505,0.285291603,0.139095390,-0.051712376
8.148000,-0.683944156,0.008414854,-2.436810076,0.278361294,0.141462921,-0.049936711
8.149000,-0.673941078,0.023086074,-2.457095557,0.270621183,0.146380118,-0.048039487
8.150000,-0.709128162,-0.018165502,-2.484083914,0.267549405,0.150027712,-0.047690420
8.151000,-0.739742506,-0.231556943,-2.527807827,0.269733578,0.151887593,-0.047735251
8.152000,-0.749977116,-0.440553193,-2.632138530,0.270947053,0.154712945,-0.049012348
8.153000,-0.713709695,-0.424290439,-2.785498609,0.272356476,0.159757284,-0.052680740
8.154000,-0.597439968,-0.359411526,-2.812883975,0.266222218,0.166184227,-0.056579527
8.155000,-0.476024422,-0.303347719,-2.719249487,0.254348857,0.173786394,-0.058583995
8.156000,-0.368757016,-0.127984378,-2.702656430,0.241066945,0.182390352,-0.061641431
8.157000,-0.301485958,0.047340093,-2.697515578,0.238056384,0.190482571,-0.064171350
8.158000,-0.283840403,0.153397683,-2.794859769,0.239807485,0.196828635,-0.065724710
8.159000,-0.246986925,0.208516789,-2.971279533,0.242508289,0.204924783,-0.067502821
8.160000,-0.168690039,0.390446208,-3.185665260,0.237647137,0.213541057,-0.067898850
8.161000,-0.057050594,0.629841341,-3.300792651,0.228781567,0.224031556,-0.069993807
8.162000,0.031481856,0.854855591,-3.325504181,0.211970321,0.232054740,-0.072461003
8.163000,0.098858381,1.016406377,-3.460585089,0.202885972,0.243542290,-0.076397185
8.164000,0.138766651,1.079859596,-3.617016181,0.199949824,0.252577092,-0.082436437
8.165000,0.201924028,1.018718338,-3.805651680,0.206822255,0.261860184,-0.088418709
8.166000,0.278663754,0.841428987,-4.016216475,0.210454050,0.269730045,-0.094971807
8.167000,0.417048831,0.736243283,-4.142697782,0.209029929,0.279645545,-0.100588598
8.168000,0.537554703,0.647975871,-4.097490284,0.200352846,0.287212160,-0.110497778
8.169000,0.658027676,0.504205677,-4.012780471,0.191478406,0.292205041,-0.118849913
8.170000,0.787220819,0.320871036,-3.944955800,0.181224252,0.293936985,-0.124373717
8.171000,0.896443501,0.190425634,-3.960638267,0.176925386,0.293627743,-0.126123378
8.172000,0.942347728,0.161950350,-4.071714242,0.173761051,0.293538293,-0.121896301
8.173000,0.973932309,0.283425446,-4.193212027,0.171043594,0.295538314,-0.111962687
8.174000,0.992817603,0.371900349,-4.312214274,0.169900112,0.295375766,-0.098520741
8.175000,1.023896595,0.434197857,-4.420749756,0.170532392,0.294573119,-0.081551946
8.176000,0.985344274,0.503743239,-4.440249270,0.173734757,0.289523521,-0.067175898
8.177000,0.967614810,0.503313413,-4.511480129,0.186031989,0.282598918,-0.054805944
8.178000,0.943126460,0.410734087,-4.409467158,0.194216281,0.270586519,-0.045060087
8.179000,0.986623881,0.381005662,-4.359742975,0.193088387,0.262149351,-0.038437539
8.180000,1.086754748,0.471473041,-4.260766170,0.184552883,0.246770637,-0.032535073
8.181000,1.136040598,0.484420203,-4.104754836,0.173177923,0.232859171,-0.025604863
8.182000,1.170808945,0.465465255,-3.999390993,0.152896718,0.216339234,-0.015226680
8.183000,1.256140745,0.602577290,-4.013878619,0.133594312,0.202190130,-0.004156047
8.184000,1.237095509,0.710751333,-4.013251048,0.120829601,0.177718030,0.003914402
8.185000,1.123435006,0.548843824,-4.113931614,0.116598057,0.154989595,0.010391169
8.186000,1.113912468,0.402008067,-4.422515254,0.110646027,0.132553951,0.019462973
8.187000,1.199509701,0.368824525,-4.731702852,0.112251319,0.113194679,0.028011050
8.188000,1.280571730,0.278177964,-4.778096394,0.103744242,0.093529870,0.033497794
8.189000,1.495117289,0.185958112,-4.778906821,0.098445682,0.076954567,0.044656424
8.190000,1.715094931,0.179512508,-4.895758265,0.105886013,0.059996093,0.056063457
8.191000,1.831711990,-0.001304473,-5.078682107,0.116547695,0.037906041,0.069233051
8.192000,1.957741493,-0.133478192,-5.302394696,0.124352749,0.005311539,0.087714505
8.193000,2.067863968,-0.023506815,-5.634594429,0.141442587,-0.024681871,0.105836087
8.194000,2.099653746,-0.070839956,-5.606180665,0.151410731,-0.060655443,0.114699429
8.195000,2.165853689,-0.244475776,-5.515726831,0.155106742,-0.097297830,0.123659120
8.196000,2.111660726,-0.046088768,-5.519157426,0.156861656,-0.139433987,0.129545265
8.197000,2.109945083,0.260006289,-5.695988689,0.156711308,-0.184378502,0.132398185
8.198000,2.082824595,0.260534229,-5.796676371,0.158649204,-0.231424503,0.139696176
8.199000,2.054228815,0.229166523,-5.954229615,0.166891249,-0.277225839,0.143803016
8.200000,2.035269774,0.157864794,-6.267326420,0.179453691,-0.317171870,0.142038421
8.201000,2.004765073,-0.035867073,-6.439890020,0.190607448,-0.361345558,0.136132468
8.202000,2.026586023,-0.079603650,-6.554811026,0.183728914,-0.409273345,0.125839132
8.203000,2.074744556,0.043477577,-6.907365410,0.174596198,-0.455868442,0.112577195
8.204000,2.116278558,-0.007658082,-7.170548381,0.164690932,-0.504163509,0.097599242
8.205000,2.122889128,-0.340673288,-7.349103224,0.167713747,-0.557995984,0.081846270
8.206000,2.251842463,-0.393935208,-7.666225014,0.161146155,-0.613230944,0.079037087
8.207000,2.367081510,-0.118712138,-8.122019602,0.162513320,-0.659585719,0.081621350
8.208000,2.432166068,0.086655739,-8.408287802,0.154375719,-0.708892866,0.082647579
8.209000,2.523549237,0.087559924,-8.522346848,0.147509116,-0.760303239,0.083047572
8.210000,2.637238205,0.144625175,-8.578374818,0.135327305,-0.819166221,0.089192281
8.211000,2.673283545,-0.018736449,-8.648511798,0.143089408,-0.873864658,0.086513897
8.212000,2.789234749,-0.166800031,-8.749394413,0.139858257,-0.934568136,0.082691560
8.213000,2.931769615,-0.049457282,-9.075169695,0.135971771,-0.991593893,0.082881035
8.214000,2.918093286,0.096532869,-9.382281002,0.132476994,-1.053539314,0.077841460
8.215000,2.785632679,-0.126309405,-9.228061099,0.130890175,-1.138485174,0.067303304
8.216000,2.649732322,-0.189179900,-9.641890532,0.126320878,-1.217166524,0.065891762
8.217000,2.684934385,-0.120649417,-9.940456225,0.131350443,-1.277660272,0.068168804
8.218000,3.047964847,0.008089584,-10.405111541,0.119654908,-1.311159692,0.069221658
8.219000,3.559415991,0.130231097,-10.547493107,0.092812757,-1.346467513,0.071517543
8.220000,3.937941654,0.245150634,-10.850398958,0.062490099,-1.392357625,0.072721809
8.221000,4.149751625,0.158309137,-11.067158406,0.035237316,-1.452952317,0.065005451
8.222000,4.218612921,0.247602653,-11.507419789,0.008609444,-1.521981570,0.062420895
8.223000,4.219399525,0.398269101,-11.811244874,0.004974347,-1.588923679,0.060487290
8.224000,4.231006002,0.464769925,-11.978605312,0.006041004,-1.656134207,0.060460139
8.225000,4.315541541,0.332497601,-12.100847911,0.012535421,-1.715390961,0.062047174
8.226000,4.440485738,0.399225337,-12.308396215,0.004884038,-1.769771523,0.070433625
8.227000,4.591048363,0.518889852,-12.760718308,-0.003184304,-1.823580290,0.078119922
8.228000,4.649835660,0.789461236,-13.154848148,-0.025095242,-1.886543022,0.089404013
8.229000,4.701342671,0.834368642,-13.416744932,-0.026055416,-1.939711895,0.098803223
8.230000,4.659675770,0.760126454,-13.683087427,-0.020294672,-1.990674143,0.100728421
8.231000,4.749067757,0.577591654,-13.664555768,-0.017438983,-2.038548419,0.112227315
8.232000,4.903418800,0.659751304,-13.826251286,-0.035332285,-2.088542750,0.125683466
8.233000,5.046546151,0.852750839,-13.889985963,-0.048745180,-2.138628394,0.134822526
8.234000,5.083805464,0.971952532,-13.901935910,-0.074648826,-2.182286426,0.137781564
8.235000,5.074150045,0.755960662,-14.120862322,-0.081191947,-2.215660977,0.136119855
8.236000,4.788471490,0.313313066,-14.562405830,-0.081089203,-2.259672620,0.121659386
8.237000,4.203215711,-0.295398571,-14.965379120,-0.064880230,-2.314629904,0.101926707
8.238000,3.498172615,-0.801924801,-14.972415622,-0.064067397,-2.386602435,0.086665559
8.239000,2.627149402,-1.137913990,-14.888041678,-0.057959384,-2.464186942,0.071429608
8.240000,1.659279725,-1.361920397,-14.830836969,-0.047753428,-2.539614864,0.054766161
8.241000,0.660313459,-1.811019157,-15.005712153,-0.006887117,-2.602898443,0.033208603
8.242000,-0.246498039,-2.214906672,-14.977752764,0.025898936,-2.665335545,0.020142694
8.243000,-0.932259873,-2.279839777,-14.917750140,0.041318254,-2.727595815,0.025268022
8.244000,-1.387991806,-2.002455444,-14.717680121,0.031662360,-2.776984628,0.041018897
8.245000,-1.899903096,-1.572290123,-14.464467666,0.017335668,-2.817270948,0.051051377
8.246000,-2.243993979,-0.902019954,-14.382011521,0.003251551,-2.849734056,0.055360574
8.247000,-2.448006411,-0.450950093,-14.640342392,0.005497146,-2.869721996,0.055065251
8.248000,-2.215203338,0.112699249,-14.736991175,-0.008269861,-2.887284562,0.064697523
8.249000,-1.597277830,0.769443074,-14.978340357,-0.033589477,-2.885199241,0.086134605
8.250000,-0.793077053,1.374640603,-15.028060529,-0.062315295,-2.863902009,0.101982813
8.251000,0.196581996,1.585276484,-14.993047492,-0.078244728,-2.827746648,0.115944657
8.252000,1.293650053,1.665077254,-15.087842108,-0.097135003,-2.785550876,0.123791206
8.253000,2.426339155,1.731065191,-15.577492144,-0.107915939,-2.737376369,0.132387649
8.254000,3.618152512,1.438360538,-15.802543340,-0.119898549,-2.691043394,0.133064704
8.255000,4.828272792,1.001848033,-15.969370761,-0.121020394,-2.642113178,0.127988499
8.256000,6.032451271,0.485046422,-15.921780300,-0.116311974,-2.583457367,0.125167877
8.257000,7.104754612,-0.263782872,-16.080807105,-0.084881567,-2.527360541,0.116710405
8.258000,7.869361331,-1.174188201,-15.996083264,-0.047462557,-2.479506917,0.103495561
8.259000,8.566561226,-1.948970018,-16.019287354,-0.005738797,-2.438477036,0.093214284
8.260000,9.174978305,-2.502402339,-16.010742265,0.031880900,-2.393320070,0.088733587
8.261000,9.572745266,-2.984293936,-15.933452828,0.077684033,-2.343051204,0.081575502
8.262000,9.791648418,-3.269876302,-15.757985729,0.108581770,-2.299457527,0.070715634
8.263000,9.760988443,-3.374364455,-15.447971379,0.129176065,-2.270017075,0.060670114
8.264000,9.543760327,-3.184618182,-15.133350895,0.108134395,-2.249846930,0.065736096
8.265000,9.126311212,-2.683518608,-14.816860575,0.072504566,-2.241158271,0.074799705
8.266000,8.332016183,-1.868487612,-14.501061524,0.036456183,-2.235950059,0.085019187
8.267000,7.383480120,-1.101144297,-14.243319464,0.017519941,-2.232719022,0.095638529
8.268000,6.372138416,-0.545530321,-14.197366679,-0.005544340,-2.231250315,0.105164217
8.269000,5.204771758,-0.081986407,-14.262025584,-0.031661821,-2.224119485,0.111452715
8.270000,4.262937272,0.165000698,-14.249750935,-0.078085698,-2.210882332,0.118057397
8.271000,3.481272026,0.263961724,-13.905567747,-0.119169087,-2.195449931,0.115917380
8.272000,2.594436520,0.548910737,-13.718217829,-0.142126148,-2.177837553,0.104925515
8.273000,1.759365112,0.566757525,-13.537258263,-0.145354003,-2.165917298,0.090610556
8.274000,1.014786789,0.480502828,-13.646508640,-0.152281253,-2.147327454,0.078393919
8.275000,0.366064905,0.236392919,-13.709003137,-0.154299737,-2.120691227,0.064768705
8.276000,-0.047517551,-0.070273240,-13.359198555,-0.156319154,-2.092672180,0.050446874
8.277000,-0.270057845,-0.281292491,-13.061844680,-0.153003141,-2.052063492,0.040720064
8.278000,-0.525349664,-0.521424732,-13.218117002,-0.130243104,-2.002458362,0.026651359
8.279000,-0.641966761,-0.829090526,-13.559035889,-0.102825519,-1.939580676,0.010428392
8.280000,-0.314174463,-1.210784930,-13.480470963,-0.080287500,-1.867754585,0.001607399
8.281000,0.232942275,-1.416137704,-13.175521262,-0.064370564,-1.789649424,-0.001670210
8.282000,0.823951787,-1.417153105,-12.590751300,-0.056083295,-1.712777768,-0.003928212
8.283000,1.411160393,-1.166359723,-12.456968335,-0.051800349,-1.625158501,-0.001108511
8.284000,1.944490073,-1.162831686,-12.381858799,-0.044967769,-1.525167048,-0.005528162
8.285000,2.567325700,-1.143797565,-12.467107781,-0.041004747,-1.428972887,-0.008924494
8.286000,3.147175374,-0.870729987,-12.440723788,-0.064671068,-1.328358506,-0.004255056
8.287000,3.618649173,-0.439660466,-12.094429232,-0.091312266,-1.239439744,-0.008497791
8.288000,4.068168723,-0.037495547,-11.728926456,-0.117623582,-1.146153448,-0.017866918
8.289000,4.356852372,0.119076364,-11.527253116,-0.120161754,-1.056720603,-0.026193730
8.290000,4.477034421,0.144554625,-11.498229844,-0.125496327,-0.978298304,-0.039425060
8.291000,4.572814543,0.266941119,-11.312813721,-0.115889757,-0.906011685,-0.049625960
8.292000,4.555320999,0.293267927,-11.130682797,-0.108539889,-0.839294032,-0.062757239
8.293000,4.568394774,0.328914823,-10.652292430,-0.105075850,-0.775419215,-0.070350146
8.294000,4.575239496,0.550194453,-10.397266669,-0.117131745,-0.719231524,-0.071382968
8.295000,4.418260731,0.793581300,-10.189761505,-0.113553344,-0.649958258,-0.082498723
8.296000,4.086683599,0.735881748,-9.867411240,-0.102736687,-0.587573124,-0.101464574
8.297000,3.838416695,0.595517002,-9.677233044,-0.095354076,-0.531414917,-0.112221864
8.298000,3.638649051,0.701478389,-9.584176915,-0.085135943,-0.476237293,-0.116768698
8.299000,3.542821776,0.976011718,-9.320842126,-0.080050821,-0.407809438,-0.122923739
8.300000,3.398297326,1.059238377,-8.976796220,-0.087505854,-0.337030825,-0.134624611
8.301000,3.247827639,0.893027998,-8.546144497,-0.094229596,-0.269014838,-0.148076066
8.302000,3.090880885,0.776669911,-8.073214797,-0.088688441,-0.210940979,-0.156680015
8.303000,2.922848751,0.744377786,-7.827427072,-0.077701683,-0.151566694,-0.163109222
8.304000,2.681720076,0.874511671,-7.612552744,-0.065882899,-0.090678660,-0.173861112
8.305000,2.474130203,0.759809709,-7.388904192,-0.048603043,-0.026249419,-0.188569966
8.306000,2.263468629,0.453725106,-7.241274429,-0.037597771,0.032303238,-0.197773690
8.307000,2.143731618,0.292194276,-7.061092517,-0.023165690,0.090765841,-0.208708637
8.308000,2.093537850,0.253252813,-6.832871506,-0.025443932,0.152178818,-0.216660045
8.309000,2.105913405,0.409002450,-6.484293826,-0.033990605,0.219764137,-0.219634308
8.310000,2.084317204,0.499627420,-6.207919775,-0.039092312,0.277017762,-0.224307466
8.311000,2.036316172,0.354317675,-6.007399877,-0.029951128,0.338819604,-0.230420675
8.312000,1.999726021,0.199913750,-5.689184891,-0.024796230,0.397620384,-0.234927183
8.313000,2.022405081,0.188065864,-5.592784937,-0.015170737,0.460025130,-0.237406730
8.314000,2.022767505,0.317016635,-5.293363724,-0.017790608,0.518159230,-0.243831309
8.315000,2.097345617,0.350047184,-5.072817935,-0.016472947,0.565259291,-0.250005164
8.316000,2.120548035,0.282920792,-4.740610387,-0.028359148,0.607759575,-0.255299007
8.317000,2.179294421,0.306746964,-4.560529542,-0.025819390,0.649378747,-0.261623990
8.318000,2.210154825,0.370097688,-4.383430752,-0.025801387,0.684838502,-0.265085976
8.319000,2.242756211,0.408518991,-4.366737861,-0.019795810,0.722909107,-0.264852428
8.320000,2.373918037,0.399260773,-4.245069628,-0.015391687,0.763276220,-0.261960712
8.321000,2.598634381,0.381539501,-3.936784442,-0.017127302,0.803718327,-0.257476787
8.322000,2.731298568,0.471104937,-3.771072456,-0.030192043,0.841757975,-0.253368216
8.323000,2.857737353,0.534014656,-3.548080461,-0.037591695,0.875663638,-0.253168253
8.324000,2.967589948,0.554710894,-3.443532991,-0.050717390,0.900596728,-0.249713330
8.325000,3.024323442,0.560556504,-3.411957024,-0.041232336,0.925860955,-0.251773400
8.326000,3.109922748,0.389233571,-3.226783336,-0.028724222,0.948268656,-0.255394838
8.327000,3.321308828,0.163573502,-3.130268164,-0.019252694,0.971331230,-0.252478961
8.328000,3.551652381,0.268587441,-3.198627814,-0.016927751,0.997587526,-0.248203842
8.329000,3.757464935,0.452784661,-3.251358957,-0.013455968,1.018509707,-0.247677950
8.330000,3.878066081,0.392896018,-3.133542085,-0.015071415,1.034182081,-0.245736550
8.331000,4.017123196,0.176104754,-2.960836396,-0.006690902,1.046538498,-0.242271448
8.332000,4.150375158,-0.078990945,-2.856891864,0.011523887,1.060284809,-0.238024722
8.333000,4.287857038,-0.203317022,-2.629867273,0.026502868,1.069887981,-0.233018550
8.334000,4.459464952,-0.202832486,-2.555871780,0.027222952,1.077251596,-0.224688156
8.335000,4.687019111,-0.113083763,-2.536153097,0.020212909,1.082850963,-0.218410601
8.336000,4.775281747,0.028612245,-2.494225924,0.003412367,1.085824251,-0.214552844
8.337000,4.842406992,0.034341178,-2.461878687,0.002982572,1.082761435,-0.212081495
8.338000,4.816315290,-0.105786497,-2.291174240,0.012164892,1.073064904,-0.209201081
8.339000,4.798221133,-0.163125386,-2.164512725,0.022517700,1.057386017,-0.202137893
8.340000,4.853496952,-0.172442285,-2.030745432,0.026519032,1.047053879,-0.193483738
8.341000,4.958357951,-0.047780833,-1.883003824,0.019603048,1.034637838,-0.185413556
8.342000,5.010974927,0.111963240,-1.780091732,-0.001191648,1.019567152,-0.180753810
8.343000,5.008543735,0.241184663,-1.703978354,-0.017670454,1.000625669,-0.178449315
8.344000,4.886842497,0.351082868,-1.709287843,-0.015233891,0.979888361,-0.175867804
8.345000,4.754310579,0.337338596,-1.669593713,0.002043079,0.960307243,-0.172849663
8.346000,4.632148029,0.206555319,-1.545585160,0.012861755,0.933981686,-0.165795768
8.347000,4.550349552,0.149120143,-1.397627919,0.010928287,0.906401686,-0.153985324
8.348000,4.450516994,0.198774366,-1.265253031,-0.006152937,0.879523421,-0.140981211
8.349000,4.299719109,0.348026290,-1.250157004,-0.028634795,0.852803450,-0.130447732
8.350000,4.058914755,0.397143085,-1.157842845,-0.042106622,0.822667693,-0.122966452
8.351000,3.715628646,0.316416932,-1.093804161,-0.039163692,0.783593320,-0.112471596
8.352000,3.372817302,0.215672462,-0.948767480,-0.026285376,0.741989232,-0.102111375
8.353000,3.057227407,0.202865552,-0.975315698,-0.014001438,0.700828592,-0.090196468
8.354000,2.745706291,0.190476535,-0.904034709,-0.013021416,0.661423623,-0.080833496
8.355000,2.396298228,0.116483115,-0.870419817,-0.021838997,0.617759869,-0.071438352
8.356000,2.098619974,0.105026717,-0.852950240,-0.037281986,0.575446736,-0.063981514
8.357000,1.795166843,0.145840536,-0.650848781,-0.038235001,0.535015905,-0.059765662
8.358000,1.503538736,0.087137209,-0.383211109,-0.038768247,0.488906652,-0.054508770
8.359000,1.154108542,0.125364735,-0.188875559,-0.037129012,0.436992263,-0.043766973
8.360000,0.798534722,0.308475162,-0.116651046,-0.037409763,0.384269845,-0.029305530
8.361000,0.537995657,0.459068152,-0.034248690,-0.041102600,0.341829073,-0.014014814
8.362000,0.333323192,0.477748860,-0.013334737,-0.052557540,0.308331443,0.001382263
8.363000,0.150274299,0.507317792,0.084003949,-0.063464704,0.273918471,0.015140281
8.364000,-0.059703039,0.544802257,0.219555389,-0.068793340,0.238472399,0.028996687
8.365000,-0.288620516,0.457758711,0.300049133,-0.072418949,0.198040381,0.043240133
8.366000,-0.416322372,0.380503364,0.264814186,-0.077961093,0.156614156,0.060369248
8.367000,-0.468064502,0.416889682,0.220100700,-0.086842288,0.114602298,0.079674934
8.368000,-0.505438574,0.497683599,0.186797091,-0.100023295,0.075750759,0.098198478
8.369000,-0.531877355,0.495750911,0.201894293,-0.113485785,0.038614402,0.113893036
8.370000,-0.554223849,0.515325450,0.267978126,-0.128410056,-0.001731449,0.129924044
8.371000,-0.613231859,0.492338299,0.258509259,-0.135788216,-0.043095719,0.141880070
8.372000,-0.648443753,0.429203553,0.214954622,-0.141448857,-0.085528306,0.152163197
8.373000,-0.636808799,0.403942784,0.129123003,-0.146149645,-0.123978246,0.159377463
8.374000,-0.571038300,0.465263419,0.035741636,-0.147982143,-0.162336951,0.164631253
8.375000,-0.474608690,0.514205757,-0.025653746,-0.144748823,-0.195622657,0.168684791
8.376000,-0.434414855,0.508411909,-0.168546202,-0.137449218,-0.223230926,0.172091612
8.377000,-0.373565248,0.506537058,-0.145032090,-0.128816066,-0.247729425,0.176633548
8.378000,-0.249375363,0.497262323,-0.034467726,-0.114411675,-0.272277698,0.192195617
8.379000,-0.242310310,0.574469175,-0.075150635,-0.099356138,-0.285933624,0.206606000
8.380000,-0.149746569,0.601629631,-0.184979957,-0.086605967,-0.289163935,0.215504232
8.381000,-0.011781882,0.485709017,-0.147229910,-0.080989128,-0.295095898,0.221166648
8.382000,0.069815524,0.341956639,-0.095434810,-0.077411915,-0.305934975,0.224522335
8.383000,0.127359062,0.250792547,0.073584966,-0.075086466,-0.320795502,0.223350017
8.384000,0.158976109,0.295647981,0.426204298,-0.079936161,-0.341786723,0.217923143
8.385000,0.154850978,0.427115078,0.686035670,-0.080086439,-0.358985041,0.210245539
8.386000,0.160782501,0.446266120,0.643463183,-0.072438192,-0.367990281,0.202813212
8.387000,0.154129105,0.355791386,0.451361713,-0.055398406,-0.374439831,0.195286660
8.388000,0.204704154,0.062837493,0.379381531,-0.037194398,-0.389614158,0.189248348
8.389000,0.319788330,-0.147194540,0.428291728,-0.023977466,-0.405962906,0.187481162
8.390000,0.335062937,-0.046232068,0.701762543,-0.015603857,-0.422008065,0.180745129
8.391000,0.311195842,0.059415087,0.954120206,-0.009778750,-0.437004467,0.166625930
8.392000,0.256247010,-0.017706326,1.224508678,-0.003111791,-0.452741918,0.155799673
8.393000,0.197258293,-0.172728270,1.220172242,0.005128855,-0.467225221,0.148284719
8.394000,0.122344286,-0.219289733,1.102309953,0.017382446,-0.481391514,0.140610756
8.395000,0.050196333,-0.273634358,1.154890809,0.024177118,-0.497816613,0.135276056
8.396000,0.024184567,-0.283245376,1.314004303,0.021448612,-0.509328812,0.132527061
8.397000,-0.022130584,-0.213159086,1.414548970,0.014069872,-0.516054771,0.129065870
8.398000,-0.099254463,-0.193520937,1.669412787,0.004874098,-0.525791805,0.123447529
8.399000,-0.228313727,-0.286864453,1.901286359,-0.001983785,-0.537428311,0.118782924
8.400000,-0.359194061,-0.364894282,2.106587481,-0.003364955,-0.547888528,0.114237094
8.401000,-0.453711267,-0.358674148,2.094641076,-0.008427894,-0.556201353,0.110030140
8.402000,-0.542549706,-0.336853686,2.127579916,-0.013085810,-0.560077276,0.106068879
8.403000,-0.623086886,-0.335175341,2.156029513,-0.019720509,-0.559396685,0.104125700
8.404000,-0.715343879,-0.295663274,2.266739587,-0.021827421,-0.559140040,0.100835265
8.405000,-0.857510464,-0.331833414,2.386467059,-0.022953472,-0.561206296,0.096254572
8.406000,-1.041129805,-0.440688259,2.468776568,-0.020788480,-0.563924997,0.090148249
8.407000,-1.204287697,-0.489092446,2.523912478,-0.016469440,-0.565397914,0.084242482
8.408000,-1.345457045,-0.534862100,2.446308569,-0.010395382,-0.559824480,0.076237901
8.409000,-1.433187846,-0.584240790,2.372526725,-0.007529134,-0.552378664,0.067190425
8.410000,-1.451782809,-0.638795265,2.368164332,-0.004169693,-0.540424407,0.058106088
8.411000,-1.530779274,-0.669072073,2.420059944,-0.004924591,-0.529247917,0.047229583
8.412000,-1.606278148,-0.808523180,2.566808502,-0.003427193,-0.523015772,0.035575537
8.413000,-1.691864344,-0.913699655,2.709262222,-0.006475647,-0.518992308,0.027996084
8.414000,-1.752531553,-0.887646354,2.786063573,-0.006716938,-0.514474133,0.020140382
8.415000,-1.818465802,-0.855744744,2.912434795,-0.010140280,-0.508615479,0.010828239
8.416000,-1.870955026,-0.853443201,2.959896454,-0.008322073,-0.500532202,0.005448665
8.417000,-1.937492173,-0.855929558,3.006506973,-0.005897152,-0.494007165,0.001593027
8.418000,-1.976119662,-0.915694301,3.086295888,0.002548776,-0.488114193,-0.003692729
8.419000,-2.014982308,-0.959641202,3.238925981,0.005264406,-0.483413394,-0.007120645
8.420000,-1.978596241,-0.849266370,3.412273574,0.000545987,-0.472406264,-0.008661944
8.421000,-1.928701037,-0.696002354,3.608562287,-0.007404408,-0.458789352,-0.014380235
8.422000,-1.842338429,-0.602606432,3.759909299,-0.013077039,-0.441516033,-0.020457534
8.423000,-1.781367094,-0.489041463,3.790176550,-0.019110635,-0.418752421,-0.025719376
8.424000,-1.705760014,-0.395197515,3.759378973,-0.020460388,-0.393154508,-0.034569644
8.425000,-1.605405601,-0.263855684,3.556124338,-0.024884921,-0.360742631,-0.038529523
8.426000,-1.439684085,-0.139650853,3.467090491,-0.028537595,-0.321780533,-0.040181242
8.427000,-1.247378533,0.023484710,3.513981440,-0.033077141,-0.286540155,-0.044391804
8.428000,-1.053460508,0.000720949,3.636187018,-0.029515616,-0.248796300,-0.049236271
8.429000,-0.971512977,-0.087324937,3.675276545,-0.027850705,-0.210707715,-0.053038437
8.430000,-0.856689608,-0.160632197,3.562524510,-0.024827772,-0.174859302,-0.060342634
8.431000,-0.712016460,-0.045473298,3.440416133,-0.026975578,-0.133516258,-0.069372289
8.432000,-0.545416249,0.021828976,3.482358658,-0.029680120,-0.083891806,-0.077277619
8.433000,-0.312721863,0.145399454,3.522337221,-0.033499904,-0.028553023,-0.085596481
8.434000,-0.082921104,0.147247313,3.411531685,-0.025867745,0.028633996,-0.090514485
8.435000,0.090432647,0.130041326,3.332758636,-0.021590294,0.075440929,-0.091686600
8.436000,0.227972284,0.046580923,3.176311751,-0.010447461,0.126830130,-0.091884936
8.437000,0.425258465,-0.033548309,3.287573127,-0.006137875,0.180746081,-0.090736602
8.438000,0.604827322,-0.099093580,3.547292195,-0.006712621,0.235460173,-0.090739237
8.439000,0.858894960,-0.037498560,3.919524321,-0.020827056,0.290742306,-0.086867832
8.440000,1.087561873,0.172688158,3.933171782,-0.035216359,0.351234906,-0.087280247
8.441000,1.140622137,0.333412935,3.830022538,-0.043024777,0.403602942,-0.091870441
8.442000,1.171027919,0.271083441,3.691221550,-0.037539525,0.458130927,-0.092795395
8.443000,1.204541162,0.156334754,3.678484729,-0.031299341,0.509486889,-0.088196420
8.444000,1.316107620,0.246797182,3.707119625,-0.028464212,0.572278392,-0.085410424
8.445000,1.437643758,0.376169002,3.941233592,-0.038903484,0.638026906,-0.083439549
8.446000,1.560956991,0.465867548,4.069950583,-0.060191080,0.698789742,-0.082043852
8.447000,1.646808620,0.651277965,4.045325610,-0.081279864,0.751928919,-0.083419509
8.448000,1.689195416,0.667462654,4.000060959,-0.071850453,0.806587816,-0.092949914
8.449000,1.682592339,0.433015177,4.236181091,-0.058499328,0.854601981,-0.097690201
8.450000,1.860954053,0.236559485,4.282165334,-0.041524408,0.907146233,-0.101610407
8.451000,1.958466284,0.348790589,4.492302922,-0.033718586,0.956570591,-0.105242708
8.452000,2.088670924,0.335205995,4.771693576,-0.036915622,1.005033637,-0.108461539
8.453000,2.119968681,0.404958394,4.932835872,-0.059163958,1.056565885,-0.107170084
8.454000,2.214128253,0.490268063,4.975833109,-0.070286888,1.106231794,-0.105672723
8.455000,2.201352441,0.468479805,5.159935707,-0.062550217,1.157205452,-0.102452126
8.456000,2.297566997,0.460594655,5.376940607,-0.047533340,1.213007316,-0.098425149
8.457000,2.370543685,0.403815543,5.539574619,-0.033901793,1.266983428,-0.095681488
8.458000,2.435354422,0.161803653,5.822670694,-0.019094377,1.321401616,-0.093110775
8.459000,2.538953091,0.128345179,6.098556498,-0.028475136,1.377086487,-0.092080863
8.460000,2.623853610,0.267446693,6.122528737,-0.037096001,1.424651328,-0.094885926
8.461000,2.597328012,0.367423474,6.277645105,-0.047225161,1.475108150,-0.097464181
8.462000,2.507614240,0.348733095,6.329222672,-0.050577991,1.527466139,-0.106788859
8.463000,2.438252372,0.384781109,6.446040326,-0.038329724,1.574063893,-0.114733352
8.464000,2.336853167,0.350188237,6.631359718,-0.010747158,1.621520368,-0.117796378
8.465000,2.334593002,0.317511478,6.748382558,-0.004373297,1.675861423,-0.117518160
8.466000,2.501588155,0.409077787,6.768652685,-0.011369924,1.729825778,-0.112360704
8.467000,2.568483993,0.575286402,6.966662785,-0.025094031,1.789633621,-0.110738398
8.468000,2.520242143,0.550675919,7.265909654,-0.031264178,1.845664655,-0.110864790
8.469000,2.505041857,0.413138864,7.604772571,-0.033449703,1.893362378,-0.107107628
8.470000,2.489158504,0.202602103,7.827065738,-0.015293256,1.937741823,-0.104560397
8.471000,2.576227935,-0.077392506,8.033926503,0.005281795,1.980437867,-0.096131592
8.472000,2.694248222,-0.294979225,8.199953505,0.008691431,2.026428959,-0.083518573
8.473000,2.859259280,-0.195255201,8.199870366,0.006087516,2.070486153,-0.074924700
8.474000,2.913980056,-0.207839495,8.478233343,0.013734356,2.114194038,-0.067635071
8.475000,2.920165405,-0.325226746,8.763754981,0.013235307,2.156830145,-0.056812679
8.476000,2.952334208,-0.443271450,8.992470815,0.022788641,2.194255377,-0.044919908
8.477000,3.000162289,-0.469931344,9.170952835,0.039510677,2.240338848,-0.033337273
8.478000,3.017263219,-0.543655427,9.403023356,0.059974913,2.297854073,-0.021213672
8.479000,3.140845863,-0.565991922,9.241788256,0.073985968,2.355453692,-0.009488069
8.480000,3.180381058,-0.698061878,9.056176865,0.090587555,2.419058203,-0.003109227
8.481000,3.259668361,-0.820113064,8.821386561,0.100924443,2.482747722,0.007070138
8.482000,3.334032434,-0.922790446,8.798881996,0.109984092,2.539365981,0.011838965
8.483000,3.371890641,-1.095609125,9.041376668,0.126710663,2.592379091,0.013809683
8.484000,3.566948130,-1.159727877,9.522373654,0.129158379,2.648607425,0.020041222
8.485000,3.786360114,-0.856349412,9.787921153,0.137403084,2.712445998,0.024751114
8.486000,4.002164466,-0.548717814,9.805891796,0.152436952,2.771829884,0.028625906
8.487000,4.801701503,-0.205814884,9.452763117,0.143832219,2.841514213,0.043210050
8.488000,5.969957529,0.373064445,9.465539231,0.116577544,2.950668731,0.050287799
8.489000,7.116489894,0.869880811,10.168309475,0.091349254,3.046664479,0.051290791
8.490000,8.199720149,0.986183197,10.489610851,0.058346677,3.143388903,0.056667075
8.491000,8.966083494,1.102230236,10.082949467,0.049145719,3.231891909,0.050209427
8.492000,9.901810019,0.912404406,9.921794792,0.063974921,3.318027845,0.040361304
8.493000,10.859631032,0.431121564,9.940308547,0.066169724,3.410499134,0.041117813
8.494000,11.514028383,0.070447543,9.972436074,0.084888967,3.491822176,0.034263597
8.495000,11.908444650,-0.250448961,10.264471374,0.106045893,3.552173033,0.028295985
8.496000,12.100776173,-0.835668681,10.251430786,0.130925580,3.609762342,0.025727262
8.497000,12.212511937,-1.379896620,10.210761783,0.144741388,3.667230065,0.021652267
8.498000,12.184218508,-1.886096530,10.142712153,0.155576959,3.707897963,0.020919541
8.499000,11.887948338,-2.196480172,10.307674841,0.176174410,3.737752240,0.019121441
8.500000,11.446133759,-2.422771258,10.470212838,0.211013899,3.746796031,0.024991166
8.501000,10.770104392,-2.750103683,10.977503863,0.232232226,3.753385489,0.018070526
8.502000,9.968632417,-2.704511618,11.165293904,0.231229366,3.755345289,0.012129048
8.503000,9.254446949,-2.231837534,11.436630393,0.211629478,3.750733513,0.014218387
8.504000,8.425139257,-1.718466589,11.602554641,0.202620997,3.742153933,0.021805912
8.505000,7.513802570,-1.176412437,11.939272781,0.190150270,3.729810969,0.037214730
8.506000,6.758008340,-0.469535890,12.255706714,0.165007076,3.723099021,0.056929134
8.507000,6.074126067,0.339714943,12.140138975,0.128572257,3.719367360,0.071563914
8.508000,5.521113782,0.860960183,12.075937198,0.101003678,3.713339643,0.087751726
8.509000,5.046871791,1.096986644,12.032122724,0.080102344,3.706149711,0.100124167
8.510000,4.785715847,1.291954785,12.144190178,0.069289148,3.695816266,0.103251759
8.511000,4.618616658,1.357986077,12.300543071,0.061127247,3.691016315,0.107934813
8.512000,4.565963140,1.265947785,12.229460444,0.073591474,3.688648297,0.114476588
8.513000,4.703432375,0.960381398,11.943161541,0.093370955,3.695452429,0.125846180
8.514000,5.063421029,0.498084519,11.811837284,0.106440917,3.699757080,0.135884589
8.515000,5.591089592,0.068425621,11.927610295,0.121498074,3.704104574,0.149527775
8.516000,6.210555699,-0.327135136,11.780326423,0.154334714,3.715983830,0.168960116
8.517000,6.902141359,-0.815883400,11.961699669,0.205274892,3.733517174,0.188134864
8.518000,7.415857864,-1.332091447,12.078191922,0.247229804,3.748188254,0.205125463
8.519000,8.073890180,-1.690198450,12.120774024,0.270254271,3.758396446,0.202223070
8.520000,8.695694433,-2.084635013,12.326969022,0.281806651,3.763498108,0.174284965
8.521000,9.293722843,-2.077832283,13.009895462,0.260599858,3.763805040,0.134018703
8.522000,9.894690638,-1.850760517,13.681260120,0.237040928,3.763493379,0.071599584
8.523000,10.350163520,-1.378243151,13.990071352,0.206456691,3.755955534,-0.000304217
8.524000,10.742648482,-0.729089542,13.865466924,0.171741605,3.739709904,-0.051790682
8.525000,11.096996727,-0.023763460,13.596276110,0.124884168,3.725500264,-0.081503865
8.526000,11.024105417,0.630661409,13.519405121,0.103011253,3.711575047,-0.090217247
8.527000,10.849217671,0.963811469,13.752526924,0.098078440,3.694853183,-0.080779001
8.528000,10.683630168,1.000268777,13.631318222,0.102018857,3.675077920,-0.061662415
8.529000,10.343968709,0.776836923,13.494193056,0.106517091,3.650866769,-0.046525331
8.530000,9.936837995,0.396138263,13.355178413,0.112927082,3.602776293,-0.036758867
8.531000,9.324992400,-0.024931985,13.624495088,0.116357249,3.547124831,-0.038488961
8.532000,8.672024913,-0.278477355,13.882159404,0.119660005,3.486580682,-0.041503494
8.533000,7.696247186,-0.608720296,14.187658251,0.124601954,3.428374002,-0.055113637
8.534000,6.688657390,-0.927065363,13.870232089,0.135159164,3.355888479,-0.071586111
8.535000,5.738714656,-1.074064685,13.482130523,0.156523641,3.275436557,-0.091412668
8.536000,5.010333549,-1.202237186,13.338905874,0.179220467,3.194415574,-0.111795141
8.537000,4.354632074,-1.371925938,13.604734743,0.193324810,3.108311617,-0.133046634
8.538000,3.798695813,-1.371136162,13.929530743,0.215966774,3.027768663,-0.162612613
8.539000,3.461102020,-1.355533098,13.914104302,0.235043129,2.967318960,-0.191271586
8.540000,3.364545187,-1.240501065,13.337363925,0.240314141,2.924284834,-0.209431150
8.541000,3.441872631,-1.011096154,13.087548915,0.248240068,2.886200695,-0.235026431
8.542000,3.619660672,-0.765870064,13.165153744,0.251776883,2.851138783,-0.251854655
8.543000,3.751692405,-0.544378264,13.345964548,0.240620912,2.813835993,-0.255359930
8.544000,3.871710601,-0.271494339,13.335069058,0.224204416,2.773949970,-0.255969600
8.545000,3.953407012,0.012033266,13.067988601,0.202092369,2.730608015,-0.249303514
8.546000,4.098097153,0.365156986,12.675996323,0.174994362,2.685131385,-0.236780869
8.547000,4.161270478,0.640377612,12.401448523,0.173500295,2.640138444,-0.235590680
8.548000,4.358945159,0.488077909,12.379291432,0.183530910,2.592577415,-0.229862874
8.549000,4.601876748,0.183312911,12.299844874,0.186039260,2.549745453,-0.228295667
8.550000,4.881975763,-0.012079309,11.852551210,0.194055258,2.508648635,-0.236328137
8.551000,5.113695324,-0.384447701,11.255646899,0.194642842,2.465768606,-0.240144307
8.552000,5.395022722,-0.788366365,10.808646219,0.213043452,2.418885919,-0.244783351
8.553000,5.535192630,-1.092406050,10.740483908,0.246702857,2.369307829,-0.254635643
8.554000,5.584869047,-1.467530848,10.620719675,0.284149469,2.316403846,-0.265497923
8.555000,5.622002577,-1.805764078,10.344220641,0.300388355,2.259443097,-0.274631878
8.556000,5.709226627,-1.858991073,10.026127052,0.310689711,2.206142656,-0.285494963
8.557000,5.740096780,-1.778555521,9.805578415,0.307560947,2.146816354,-0.292432781
8.558000,5.690152269,-1.603493258,9.602809201,0.300201721,2.090047141,-0.295580794
8.559000,5.594219219,-1.239267409,9.542822418,0.298978480,2.023501243,-0.295301447
8.560000,5.317472287,-1.064990110,9.459819285,0.306102259,1.954006256,-0.294123217
8.561000,4.941433151,-1.055359153,9.489161005,0.302528825,1.873338224,-0.290163257
8.562000,4.590641799,-0.976715884,9.419233405,0.289442769,1.806121132,-0.283044412
8.563000,4.216576972,-0.686148345,9.155066915,0.267130904,1.740103698,-0.275410841
8.564000,3.766738471,-0.467768069,8.854863753,0.260053020,1.672449474,-0.262256359
8.565000,3.226978166,-0.271515547,8.718235189,0.267544933,1.594262044,-0.242349566
8.566000,2.779676898,-0.199052900,8.471692152,0.287238933,1.524973340,-0.224406155
8.567000,2.323956471,-0.233957773,8.289887743,0.286792850,1.452548683,-0.210422236
8.568000,2.034437006,-0.265782105,8.078129154,0.279899754,1.385777193,-0.201513457
8.569000,1.720596905,-0.066954939,7.804650071,0.274173861,1.317924082,-0.195891321
8.570000,1.477141272,0.024133232,7.692951059,0.282374808,1.258028940,-0.194137904
8.571000,1.245083606,0.066273697,7.564177947,0.285638877,1.196897081,-0.188699076
8.572000,1.082405807,0.050517589,7.355562736,0.301336795,1.140016287,-0.184533822
8.573000,0.934814774,0.011927372,7.191996205,0.311088048,1.081823042,-0.185064897
8.574000,0.917812965,-0.088457323,7.029951337,0.315911820,1.028118396,-0.187483847
8.575000,0.986694075,0.000641569,6.736577946,0.310968406,0.981103556,-0.191117711
8.576000,1.042013005,-0.104508308,6.404867594,0.312431731,0.943375886,-0.193484383
8.577000,1.102344344,-0.243018957,6.135836859,0.309209879,0.903638672,-0.195382222
8.578000,1.262802948,-0.412045227,5.859031142,0.309188335,0.852770941,-0.195595205
8.579000,1.299842093,-0.418008854,5.836759771,0.319951007,0.809898246,-0.194942646
8.580000,1.340666508,-0.530052029,5.763696249,0.328629172,0.770830927,-0.195984848
8.581000,1.463706244,-0.568570892,5.473295367,0.328726541,0.734614713,-0.192918136
8.582000,1.541393658,-0.494606827,5.148331203,0.327142047,0.702007843,-0.189928426
8.583000,1.513558043,-0.421053818,4.955286951,0.322198314,0.663499118,-0.189214905
8.584000,1.494081747,-0.426205153,4.870279061,0.318403062,0.623615049,-0.186343870
8.585000,1.502779366,-0.285319894,4.924336976,0.311685633,0.584830900,-0.178827946
8.586000,1.457818409,-0.164643902,4.837095925,0.308330287,0.548009712,-0.174700080
8.587000,1.389428836,-0.076826415,4.711568001,0.305510106,0.514199352,-0.168667231
8.588000,1.360101533,-0.043263780,4.560385894,0.299388122,0.480996242,-0.160657932
8.589000,1.320963699,0.076594015,4.398166847,0.286486115,0.449929881,-0.151014134
8.590000,1.308317104,0.181185110,4.424294502,0.274409923,0.420179411,-0.140938097
8.591000,1.214777247,0.279818543,4.416400355,0.262235753,0.394082658,-0.134868888
8.592000,1.046849169,0.438781801,4.377563040,0.249023599,0.370592821,-0.126020876
8.593000,0.919499138,0.674464300,4.212365106,0.237059017,0.350520374,-0.117108197
8.594000,0.811411542,0.842718725,3.955277896,0.229139813,0.337178238,-0.108705902
8.595000,0.685329165,0.929288489,3.690740857,0.225210472,0.325665322,-0.101179477
8.596000,0.578779756,0.814834837,3.570747730,0.222870812,0.315714543,-0.096730999
8.597000,0.591403903,0.690004406,3.483520376,0.215343727,0.305968712,-0.090294904
8.598000,0.606287203,0.585979866,3.378953103,0.211909696,0.300698793,-0.085364061
8.599000,0.651727799,0.452354833,3.250689125,0.203720486,0.296613057,-0.079123168
8.600000,0.677935706,0.189510960,3.095005851,0.206380394,0.294026046,-0.072179072
8.601000,0.675949007,-0.012676357,2.981252750,0.213525459,0.290383267,-0.064314628
8.602000,0.707773571,-0.200279319,2.885480456,0.227936235,0.286335783,-0.049714143
8.603000,0.790778436,-0.359050430,2.739043619,0.237952469,0.281193813,-0.030694360
8.604000,0.863442759,-0.425913485,2.662761326,0.239910721,0.275637193,-0.012564290
8.605000,0.883822833,-0.432203285,2.701838041,0.231844719,0.272090434,0.001031413
8.606000,0.866899758,-0.532905460,2.720575749,0.218431536,0.268554963,0.006495738
8.607000,0.814483528,-0.678785098,2.677509394,0.196173183,0.263957155,0.004311711
8.608000,0.807324829,-0.694413482,2.503108668,0.174558598,0.261397961,-0.001477848
8.609000,0.833273933,-0.578103565,2.367314016,0.154721265,0.259292863,-0.009869994
8.610000,0.914073011,-0.462337036,2.260361777,0.141153358,0.259466993,-0.017418137
8.611000,1.080970259,-0.353566829,2.114123729,0.134059826,0.261508090,-0.019196248
8.612000,1.286266242,-0.308664450,1.989001844,0.132554610,0.262005238,-0.008257123
8.613000,1.399118085,-0.300185158,1.828752155,0.127830540,0.258352559,0.010340996
8.614000,1.455321538,-0.159500066,1.675129888,0.117133247,0.252941697,0.035012171
8.615000,1.507467475,0.115675829,1.570878454,0.098346942,0.247243360,0.064394384
8.616000,1.549064340,0.442079348,1.510935179,0.083879999,0.242058757,0.091584048
8.617000,1.508231090,0.670792698,1.429131738,0.077189170,0.238888515,0.112888971
8.618000,1.445229672,0.717744831,1.250170196,0.079206341,0.235340805,0.128056461
8.619000,1.383435613,0.614092409,1.042893054,0.085196507,0.230097085,0.143712634
8.620000,1.325474496,0.417196588,0.898989734,0.089681572,0.223317745,0.152695567
8.621000,1.353830310,0.205765239,0.907010637,0.089522332,0.214974838,0.155546625
8.622000,1.355167789,0.076967176,0.905111131,0.083491622,0.209296715,0.156295763
8.623000,1.324543932,0.084090664,0.694915123,0.082016794,0.209237172,0.154028742
8.624000,1.268638038,-0.065663861,0.468223633,0.092760748,0.207893560,0.146079943
8.625000,1.200853777,-0.287942683,0.186418079,0.114580620,0.203609363,0.133937219
8.626000,1.116579781,-0.545131710,0.058327751,0.148243398,0.198473720,0.119114239
8.627000,1.023076347,-0.666762837,-0.023315778,0.179314653,0.193352998,0.104176687
8.628000,0.948216343,-0.660482763,-0.198981838,0.204527461,0.191322029,0.086110236
8.629000,0.819664346,-0.602104105,-0.421068580,0.221270964,0.191899110,0.064782461
8.630000,0.733953270,-0.751846254,-0.521313539,0.237362292,0.187327106,0.042992362
8.631000,0.682627387,-0.982790457,-0.590991390,0.252922181,0.179479797,0.028780871
8.632000,0.586605970,-1.092721725,-0.657599376,0.271621443,0.172439339,0.021654512
8.633000,0.476360548,-1.060217905,-0.626887391,0.282827776,0.165145212,0.017290916
8.634000,0.367873954,-0.932262365,-0.639346245,0.274652587,0.162014222,0.016641549
8.635000,0.272580579,-0.686356983,-0.725334435,0.258487611,0.161938222,0.014786172
8.636000,0.180960633,-0.502227283,-0.717614745,0.244337016,0.160572011,0.008303096
8.637000,0.030297496,-0.387272410,-0.685842417,0.238423494,0.152753217,-0.002061939
8.638000,-0.157508349,-0.310007259,-0.850950826,0.243349821,0.144117660,-0.013573712
8.639000,-0.322198307,-0.254398865,-1.126840234,0.256301949,0.135574441,-0.022115958
8.640000,-0.480498037,-0.160146300,-1.341558457,0.264057904,0.128625404,-0.028349748
8.641000,-0.532515073,-0.050461559,-1.446259835,0.269022507,0.125700112,-0.031260211
8.642000,-0.511980163,0.086472897,-1.485960993,0.267671103,0.128608328,-0.031866493
8.643000,-0.498241411,0.172532351,-1.466516481,0.264362346,0.132816659,-0.035999404
8.644000,-0.532820675,0.173700388,-1.539250195,0.265712805,0.136690081,-0.042541324
8.645000,-0.599728339,0.105827250,-1.778232257,0.274252390,0.137811215,-0.046765589
8.646000,-0.678240069,0.046333846,-2.084983056,0.282858912,0.137442953,-0.050753412
8.647000,-0.706841823,0.003820738,-2.333341505,0.285291603,0.139095390,-0.051712376
8.648000,-0.683944156,0.008414854,-2.436810076,0.278361294,0.141462921,-0.049936711
8.649000,-0.673941078,0.023086074,-2.457095557,0.270621183,0.146380118,-0.048039487
8.650000,-0.709128162,-0.018165502,-2.484083914,0.267549405,0.150027712,-0.047690420
8.651000,-0.739742506,-0.231556943,-2.527807827,0.269733578,0.151887593,-0.047735251
8.652000,-0.749977116,-0.440553193,-2.632138530,0.270947053,0.154712945,-0.049012348
8.653000,-0.713709695,-0.424290439,-2.785498609,0.272356476,0.159757284,-0.052680740
8.654000,-0.597439968,-0.359411526,-2.812883975,0.266222218,0.166184227,-0.056579527
8.655000,-0.476024422,-0.303347719,-2.719249487,0.254348857,0.173786394,-0.058583995
8.656000,-0.368757016,-0.127984378,-2.702656430,0.241066945,0.182390352,-0.061641431
8.657000,-0.301485958,0.047340093,-2.697515578,0.238056384,0.190482571,-0.064171350
8.658000,-0.283840403,0.153397683,-2.794859769,0.239807485,0.196828635,-0.065724710
8.659000,-0.246986925,0.208516789,-2.971279533,0.242508289,0.204924783,-0.067502821
8.660000,-0.168690039,0.390446208,-3.185665260,0.237647137,0.213541057,-0.067898850
8.661000,-0.057050594,0.629841341,-3.300792651,0.228781567,0.224031556,-0.069993807
8.662000,0.031481856,0.854855591,-3.325504181,0.211970321,0.232054740,-0.072461003
8.663000,0.098858381,1.016406377,-3.460585089,0.202885972,0.243542290,-0.076397185
8.664000,0.138766651,1.079859596,-3.617016181,0.199949824,0.252577092,-0.082436437
8.665000,0.201924028,1.018718338,-3.805651680,0.206822255,0.261860184,-0.088418709
8.666000,0.278663754,0.841428987,-4.016216475,0.210454050,0.269730045,-0.094971807
8.667000,0.417048831,0.736243283,-4.142697782,0.209029929,0.279645545,-0.100588598
8.668000,0.537554703,0.647975871,-4.097490284,0.200352846,0.287212160,-0.110497778
8.669000,0.658027676,0.504205677,-4.012780471,0.191478406,0.292205041,-0.118849913
8.670000,0.787220819,0.320871036,-3.944955800,0.181224252,0.293936985,-0.124373717
8.671000,0.896443501,0.190425634,-3.960638267,0.176925386,0.293627743,-0.126123378
8.672000,0.942347728,0.161950350,-4.071714242,0.173761051,0.293538293,-0.121896301
8.673000,0.973932309,0.283425446,-4.193212027,0.171043594,0.295538314,-0.111962687
8.674000,0.992817603,0.371900349,-4.312214274,0.169900112,0.295375766,-0.098520741
8.675000,1.023896595,0.434197857,-4.420749756,0.170532392,0.294573119,-0.081551946
8.676000,0.985344274,0.503743239,-4.440249270,0.173734757,0.289523521,-0.067175898
8.677000,0.967614810,0.503313413,-4.511480129,0.186031989,0.282598918,-0.054805944
8.678000,0.943126460,0.410734087,-4.409467158,0.194216281,0.270586519,-0.045060087
8.679000,0.986623881,0.381005662,-4.359742975,0.193088387,0.262149351,-0.038437539
8.680000,1.086754748,0.471473041,-4.260766170,0.184552883,0.246770637,-0.032535073
8.681000,1.136040598,0.484420203,-4.104754836,0.173177923,0.232859171,-0.025604863
8.682000,1.170808945,0.465465255,-3.999390993,0.152896718,0.216339234,-0.015226680
8.683000,1.256140745,0.602577290,-4.013878619,0.133594312,0.202190130,-0.004156047
8.684000,1.237095509,0.710751333,-4.013251048,0.120829601,0.177718030,0.003914402
8.685000,1.123435006,0.548843824,-4.113931614,0.116598057,0.154989595,0.010391169
8.686000,1.113912468,0.402008067,-4.422515254,0.110646027,0.132553951,0.019462973
8.687000,1.199509701,0.368824525,-4.731702852,0.112251319,0.113194679,0.028011050
8.688000,1.280571730,0.278177964,-4.778096394,0.103744242,0.093529870,0.033497794
8.689000,1.495117289,0.185958112,-4.778906821,0.098445682,0.076954567,0.044656424
8.690000,1.715094931,0.179512508,-4.895758265,0.105886013,0.059996093,0.056063457
8.691000,1.831711990,-0.001304473,-5.078682107,0.116547695,0.037906041,0.069233051
8.692000,1.957741493,-0.133478192,-5.302394696,0.124352749,0.005311539,0.087714505
8.693000,2.067863968,-0.023506815,-5.634594429,0.141442587,-0.024681871,0.105836087
8.694000,2.099653746,-0.070839956,-5.606180665,0.151410731,-0.060655443,0.114699429
8.695000,2.165853689,-0.244475776,-5.515726831,0.155106742,-0.097297830,0.123659120
8.696000,2.111660726,-0.046088768,-5.519157426,0.156861656,-0.139433987,0.129545265
8.697000,2.109945083,0.260006289,-5.695988689,0.156711308,-0.184378502,0.132398185
8.698000,2.082824595,0.260534229,-5.796676371,0.158649204,-0.231424503,0.139696176
8.699000,2.054228815,0.229166523,-5.954229615,0.166891249,-0.277225839,0.143803016
8.700000,2.035269774,0.157864794,-6.267326420,0.179453691,-0.317171870,0.142038421
8.701000,2.004765073,-0.035867073,-6.439890020,0.190607448,-0.361345558,0.136132468
8.702000,2.026586023,-0.079603650,-6.554811026,0.183728914,-0.409273345,0.125839132
8.703000,2.074744556,0.043477577,-6.907365410,0.174596198,-0.455868442,0.112577195
8.704000,2.116278558,-0.007658082,-7.170548381,0.164690932,-0.504163509,0.097599242
8.705000,2.122889128,-0.340673288,-7.349103224,0.167713747,-0.557995984,0.081846270
8.706000,2.251842463,-0.393935208,-7.666225014,0.161146155,-0.613230944,0.079037087
8.707000,2.367081510,-0.118712138,-8.122019602,0.162513320,-0.659585719,0.081621350
8.708000,2.432166068,0.086655739,-8.408287802,0.154375719,-0.708892866,0.082647579
8.709000,2.523549237,0.087559924,-8.522346848,0.147509116,-0.760303239,0.083047572
8.710000,2.637238205,0.144625175,-8.578374818,0.135327305,-0.819166221,0.089192281
8.711000,2.673283545,-0.018736449,-8.648511798,0.143089408,-0.873864658,0.086513897
8.712000,2.789234749,-0.166800031,-8.749394413,0.139858257,-0.934568136,0.082691560
8.713000,2.931769615,-0.049457282,-9.075169695,0.135971771,-0.991593893,0.082881035
8.714000,2.918093286,0.096532869,-9.382281002,0.132476994,-1.053539314,0.077841460
8.715000,2.785632679,-0.126309405,-9.228061099,0.130890175,-1.138485174,0.067303304
8.716000,2.649732322,-0.189179900,-9.641890532,0.126320878,-1.217166524,0.065891762
8.717000,2.684934385,-0.120649417,-9.940456225,0.131350443,-1.277660272,0.068168804
8.718000,3.047964847,0.008089584,-10.405111541,0.119654908,-1.311159692,0.069221658
8.719000,3.559415991,0.130231097,-10.547493107,0.092812757,-1.346467513,0.071517543
8.720000,3.937941654,0.245150634,-10.850398958,0.062490099,-1.392357625,0.072721809
8.721000,4.149751625,0.158309137,-11.067158406,0.035237316,-1.452952317,0.065005451
8.722000,4.218612921,0.247602653,-11.507419789,0.008609444,-1.521981570,0.062420895
8.723000,4.219399525,0.398269101,-11.811244874,0.004974347,-1.588923679,0.060487290
8.724000,4.231006002,0.464769925,-11.978605312,0.006041004,-1.656134207,0.060460139
8.725000,4.315541541,0.332497601,-12.100847911,0.012535421,-1.715390961,0.062047174
8.726000,4.440485738,0.399225337,-12.308396215,0.004884038,-1.769771523,0.070433625
8.727000,4.591048363,0.518889852,-12.760718308,-0.003184304,-1.823580290,0.078119922
8.728000,4.649835660,0.789461236,-13.154848148,-0.025095242,-1.886543022,0.089404013
8.729000,4.701342671,0.834368642,-13.416744932,-0.026055416,-1.939711895,0.098803223
8.730000,4.659675770,0.760126454,-13.683087427,-0.020294672,-1.990674143,0.100728421
8.731000,4.749067757,0.577591654,-13.664555768,-0.017438983,-2.038548419,0.112227315
8.732000,4.903418800,0.659751304,-13.826251286,-0.035332285,-2.088542750,0.125683466
8.733000,5.046546151,0.852750839,-13.889985963,-0.048745180,-2.138628394,0.134822526
8.734000,5.083805464,0.971952532,-13.901935910,-0.074648826,-2.182286426,0.137781564
8.735000,5.074150045,0.755960662,-14.120862322,-0.081191947,-2.215660977,0.136119855
8.736000,4.788471490,0.313313066,-14.562405830,-0.081089203,-2.259672620,0.121659386
8.737000,4.203215711,-0.295398571,-14.965379120,-0.064880230,-2.314629904,0.101926707
8.738000,3.498172615,-0.801924801,-14.972415622,-0.064067397,-2.386602435,0.086665559
8.739000,2.627149402,-1.137913990,-14.888041678,-0.057959384,-2.464186942,0.071429608
8.740000,1.659279725,-1.361920397,-14.830836969,-0.047753428,-2.539614864,0.054766161
8.741000,0.660313459,-1.811019157,-15.005712153,-0.006887117,-2.602898443,0.033208603
8.742000,-0.246498039,-2.214906672,-14.977752764,0.025898936,-2.665335545,0.020142694
8.743000,-0.932259873,-2.279839777,-14.917750140,0.041318254,-2.727595815,0.025268022
8.744000,-1.387991806,-2.002455444,-14.717680121,0.031662360,-2.776984628,0.041018897
8.745000,-1.899903096,-1.572290123,-14.464467666,0.017335668,-2.817270948,0.051051377
8.746000,-2.243993979,-0.902019954,-14.382011521,0.003251551,-2.849734056,0.055360574
8.747000,-2.448006411,-0.450950093,-14.640342392,0.005497146,-2.869721996,0.055065251
8.748000,-2.215203338,0.112699249,-14.736991175,-0.008269861,-2.887284562,0.064697523
8.749000,-1.597277830,0.769443074,-14.978340357,-0.033589477,-2.885199241,0.086134605
8.750000,-0.793077053,1.374640603,-15.028060529,-0.062315295,-2.863902009,0.101982813
8.751000,0.196581996,1.585276484,-14.993047492,-0.078244728,-2.827746648,0.115944657
8.752000,1.293650053,1.665077254,-15.087842108,-0.097135003,-2.785550876,0.123791206
8.753000,2.426339155,1.731065191,-15.577492144,-0.107915939,-2.737376369,0.132387649
8.754000,3.618152512,1.438360538,-15.802543340,-0.119898549,-2.691043394,0.133064704
8.755000,4.828272792,1.001848033,-15.969370761,-0.121020394,-2.642113178,0.127988499
8.756000,6.032451271,0.485046422,-15.921780300,-0.116311974,-2.583457367,0.125167877
8.757000,7.104754612,-0.263782872,-16.080807105,-0.084881567,-2.527360541,0.116710405
8.758000,7.869361331,-1.174188201,-15.996083264,-0.047462557,-2.479506917,0.103495561
8.759000,8.566561226,-1.948970018,-16.019287354,-0.005738797,-2.438477036,0.093214284
8.760000,9.174978305,-2.502402339,-16.010742265,0.031880900,-2.393320070,0.088733587
8.761000,9.572745266,-2.984293936,-15.933452828,0.077684033,-2.343051204,0.081575502
8.762000,9.791648418,-3.269876302,-15.757985729,0.108581770,-2.299457527,0.070715634
8.763000,9.760988443,-3.374364455,-15.447971379,0.129176065,-2.270017075,0.060670114
8.764000,9.543760327,-3.184618182,-15.133350895,0.108134395,-2.249846930,0.065736096
8.765000,9.126311212,-2.683518608,-14.816860575,0.072504566,-2.241158271,0.074799705
8.766000,8.332016183,-1.868487612,-14.501061524,0.036456183,-2.235950059,0.085019187
8.767000,7.383480120,-1.101144297,-14.243319464,0.017519941,-2.232719022,0.095638529
8.768000,6.372138416,-0.545530321,-14.197366679,-0.005544340,-2.231250315,0.105164217
8.769000,5.204771758,-0.081986407,-14.262025584,-0.031661821,-2.224119485,0.111452715
8.770000,4.262937272,0.165000698,-14.249750935,-0.078085698,-2.210882332,0.118057397
8.771000,3.481272026,0.263961724,-13.905567747,-0.119169087,-2.195449931,0.115917380
8.772000,2.594436520,0.548910737,-13.718217829,-0.142126148,-2.177837553,0.104925515
8.773000,1.759365112,0.566757525,-13.537258263,-0.145354003,-2.165917298,0.090610556
8.774000,1.014786789,0.480502828,-13.646508640,-0.152281253,-2.147327454,0.078393919
8.775000,0.366064905,0.236392919,-13.709003137,-0.154299737,-2.120691227,0.064768705
8.776000,-0.047517551,-0.070273240,-13.359198555,-0.156319154,-2.092672180,0.050446874
8.777000,-0.270057845,-0.281292491,-13.061844680,-0.153003141,-2.052063492,0.040720064
8.778000,-0.525349664,-0.521424732,-13.218117002,-0.130243104,-2.002458362,0.026651359
8.779000,-0.641966761,-0.829090526,-13.559035889,-0.102825519,-1.939580676,0.010428392
8.780000,-0.314174463,-1.210784930,-13.480470963,-0.080287500,-1.867754585,0.001607399
8.781000,0.232942275,-1.416137704,-13.175521262,-0.064370564,-1.789649424,-0.001670210
8.782000,0.823951787,-1.417153105,-12.590751300,-0.056083295,-1.712777768,-0.003928212
8.783000,1.411160393,-1.166359723,-12.456968335,-0.051800349,-1.625158501,-0.001108511
8.784000,1.944490073,-1.162831686,-12.381858799,-0.044967769,-1.525167048,-0.005528162
8.785000,2.567325700,-1.143797565,-12.467107781,-0.041004747,-1.428972887,-0.008924494
8.786000,3.147175374,-0.870729987,-12.440723788,-0.064671068,-1.328358506,-0.004255056
8.787000,3.618649173,-0.439660466,-12.094429232,-0.091312266,-1.239439744,-0.008497791
8.788000,4.068168723,-0.037495547,-11.728926456,-0.117623582,-1.146153448,-0.017866918
8.789000,4.356852372,0.119076364,-11.527253116,-0.120161754,-1.056720603,-0.026193730
8.790000,4.477034421,0.144554625,-11.498229844,-0.125496327,-0.978298304,-0.039425060
8.791000,4.572814543,0.266941119,-11.312813721,-0.115889757,-0.906011685,-0.049625960
8.792000,4.555320999,0.293267927,-11.130682797,-0.108539889,-0.839294032,-0.062757239
8.793000,4.568394774,0.328914823,-10.652292430,-0.105075850,-0.775419215,-0.070350146
8.794000,4.575239496,0.550194453,-10.397266669,-0.117131745,-0.719231524,-0.071382968
8.795000,4.418260731,0.793581300,-10.189761505,-0.113553344,-0.649958258,-0.082498723
8.796000,4.086683599,0.735881748,-9.867411240,-0.102736687,-0.587573124,-0.101464574
8.797000,3.838416695,0.595517002,-9.677233044,-0.095354076,-0.531414917,-0.112221864
8.798000,3.638649051,0.701478389,-9.584176915,-0.085135943,-0.476237293,-0.116768698
8.799000,3.542821776,0.976011718,-9.320842126,-0.080050821,-0.407809438,-0.122923739
8.800000,3.398297326,1.059238377,-8.976796220,-0.087505854,-0.337030825,-0.134624611
8.801000,3.247827639,0.893027998,-8.546144497,-0.094229596,-0.269014838,-0.148076066
8.802000,3.090880885,0.776669911,-8.073214797,-0.088688441,-0.210940979,-0.156680015
8.803000,2.922848751,0.744377786,-7.827427072,-0.077701683,-0.151566694,-0.163109222
8.804000,2.681720076,0.874511671,-7.612552744,-0.065882899,-0.090678660,-0.173861112
8.805000,2.474130203,0.759809709,-7.388904192,-0.048603043,-0.026249419,-0.188569966
8.806000,2.263468629,0.453725106,-7.241274429,-0.037597771,0.032303238,-0.197773690
8.807000,2.143731618,0.292194276,-7.061092517,-0.023165690,0.090765841,-0.208708637
8.808000,2.093537850,0.253252813,-6.832871506,-0.025443932,0.152178818,-0.216660045
8.809000,2.105913405,0.409002450,-6.484293826,-0.033990605,0.219764137,-0.219634308
8.810000,2.084317204,0.499627420,-6.207919775,-0.039092312,0.277017762,-0.224307466
8.811000,2.036316172,0.354317675,-6.007399877,-0.029951128,0.338819604,-0.230420675
8.812000,1.999726021,0.199913750,-5.689184891,-0.024796230,0.397620384,-0.234927183
8.813000,2.022405081,0.188065864,-5.592784937,-0.015170737,0.460025130,-0.237406730
8.814000,2.022767505,0.317016635,-5.293363724,-0.017790608,0.518159230,-0.243831309
8.815000,2.097345617,0.350047184,-5.072817935,-0.016472947,0.565259291,-0.250005164
8.816000,2.120548035,0.282920792,-4.740610387,-0.028359148,0.607759575,-0.255299007
8.817000,2.179294421,0.306746964,-4.560529542,-0.025819390,0.649378747,-0.261623990
8.818000,2.210154825,0.370097688,-4.383430752,-0.025801387,0.684838502,-0.265085976
8.819000,2.242756211,0.408518991,-4.366737861,-0.019795810,0.722909107,-0.264852428
8.820000,2.373918037,0.399260773,-4.245069628,-0.015391687,0.763276220,-0.261960712
8.821000,2.598634381,0.381539501,-3.936784442,-0.017127302,0.803718327,-0.257476787
8.822000,2.731298568,0.471104937,-3.771072456,-0.030192043,0.841757975,-0.253368216
8.823000,2.857737353,0.534014656,-3.548080461,-0.037591695,0.875663638,-0.253168253
8.824000,2.967589948,0.554710894,-3.443532991,-0.050717390,0.900596728,-0.249713330
8.825000,3.024323442,0.560556504,-3.411957024,-0.041232336,0.925860955,-0.251773400
8.826000,3.109922748,0.389233571,-3.226783336,-0.028724222,0.948268656,-0.255394838
8.827000,3.321308828,0.163573502,-3.130268164,-0.019252694,0.971331230,-0.252478961
8.828000,3.551652381,0.268587441,-3.198627814,-0.016927751,0.997587526,-0.248203842
8.829000,3.757464935,0.452784661,-3.251358957,-0.013455968,1.018509707,-0.247677950
8.830000,3.878066081,0.392896018,-3.133542085,-0.015071415,1.034182081,-0.245736550
8.831000,4.017123196,0.176104754,-2.960836396,-0.006690902,1.046538498,-0.242271448
8.832000,4.150375158,-0.078990945,-2.856891864,0.011523887,1.060284809,-0.238024722
8.833000,4.287857038,-0.203317022,-2.629867273,0.026502868,1.069887981,-0.233018550
8.834000,4.459464952,-0.202832486,-2.555871780,0.027222952,1.077251596,-0.224688156
8.835000,4.687019111,-0.113083763,-2.536153097,0.020212909,1.082850963,-0.218410601
8.836000,4.775281747,0.028612245,-2.494225924,0.003412367,1.085824251,-0.214552844
8.837000,4.842406992,0.034341178,-2.461878687,0.002982572,1.082761435,-0.212081495
8.838000,4.816315290,-0.105786497,-2.291174240,0.012164892,1.073064904,-0.209201081
8.839000,4.798221133,-0.163125386,-2.164512725,0.022517700,1.057386017,-0.202137893
8.840000,4.853496952,-0.172442285,-2.030745432,0.026519032,1.047053879,-0.193483738
8.841000,4.958357951,-0.047780833,-1.883003824,0.019603048,1.034637838,-0.185413556
8.842000,5.010974927,0.111963240,-1.780091732,-0.001191648,1.019567152,-0.180753810
8.843000,5.008543735,0.241184663,-1.703978354,-0.017670454,1.000625669,-0.178449315
8.844000,4.886842497,0.351082868,-1.709287843,-0.015233891,0.979888361,-0.175867804
8.845000,4.754310579,0.337338596,-1.669593713,0.002043079,0.960307243,-0.172849663
8.846000,4.632148029,0.206555319,-1.545585160,0.012861755,0.933981686,-0.165795768
8.847000,4.550349552,0.149120143,-1.397627919,0.010928287,0.906401686,-0.153985324
8.848000,4.450516994,0.198774366,-1.265253031,-0.006152937,0.879523421,-0.140981211
8.849000,4.299719109,0.348026290,-1.250157004,-0.028634795,0.852803450,-0.130447732
8.850000,4.058914755,0.397143085,-1.157842845,-0.042106622,0.822667693,-0.122966452
8.851000,3.715628646,0.316416932,-1.093804161,-0.039163692,0.783593320,-0.112471596
8.852000,3.372817302,0.215672462,-0.948767480,-0.026285376,0.741989232,-0.102111375
8.853000,3.057227407,0.202865552,-0.975315698,-0.014001438,0.700828592,-0.090196468
8.854000,2.745706291,0.190476535,-0.904034709,-0.013021416,0.661423623,-0.080833496
8.855000,2.396298228,0.116483115,-0.870419817,-0.021838997,0.617759869,-0.071438352
8.856000,2.098619974,0.105026717,-0.852950240,-0.037281986,0.575446736,-0.063981514
8.857000,1.795166843,0.145840536,-0.650848781,-0.038235001,0.535015905,-0.059765662
8.858000,1.503538736,0.087137209,-0.383211109,-0.038768247,0.488906652,-0.054508770
8.859000,1.154108542,0.125364735,-0.188875559,-0.037129012,0.436992263,-0.043766973
8.860000,0.798534722,0.308475162,-0.116651046,-0.037409763,0.384269845,-0.029305530
8.861000,0.537995657,0.459068152,-0.034248690,-0.041102600,0.341829073,-0.014014814
8.862000,0.333323192,0.477748860,-0.013334737,-0.052557540,0.308331443,0.001382263
8.863000,0.150274299,0.507317792,0.084003949,-0.063464704,0.273918471,0.015140281
8.864000,-0.059703039,0.544802257,0.219555389,-0.068793340,0.238472399,0.028996687
8.865000,-0.288620516,0.457758711,0.300049133,-0.072418949,0.198040381,0.043240133
8.866000,-0.416322372,0.380503364,0.264814186,-0.077961093,0.156614156,0.060369248
8.867000,-0.468064502,0.416889682,0.220100700,-0.086842288,0.114602298,0.079674934
8.868000,-0.505438574,0.497683599,0.186797091,-0.100023295,0.075750759,0.098198478
8.869000,-0.531877355,0.495750911,0.201894293,-0.113485785,0.038614402,0.113893036
8.870000,-0.554223849,0.515325450,0.267978126,-0.128410056,-0.001731449,0.129924044
8.871000,-0.613231859,0.492338299,0.258509259,-0.135788216,-0.043095719,0.141880070
8.872000,-0.648443753,0.429203553,0.214954622,-0.141448857,-0.085528306,0.152163197
8.873000,-0.636808799,0.403942784,0.129123003,-0.146149645,-0.123978246,0.159377463
8.874000,-0.571038300,0.465263419,0.035741636,-0.147982143,-0.162336951,0.164631253
8.875000,-0.474608690,0.514205757,-0.025653746,-0.144748823,-0.195622657,0.168684791
8.876000,-0.434414855,0.508411909,-0.168546202,-0.137449218,-0.223230926,0.172091612
8.877000,-0.373565248,0.506537058,-0.145032090,-0.128816066,-0.247729425,0.176633548
8.878000,-0.249375363,0.497262323,-0.034467726,-0.114411675,-0.272277698,0.192195617
8.879000,-0.242310310,0.574469175,-0.075150635,-0.099356138,-0.285933624,0.206606000
8.880000,-0.149746569,0.601629631,-0.184979957,-0.086605967,-0.289163935,0.215504232
8.881000,-0.011781882,0.485709017,-0.147229910,-0.080989128,-0.295095898,0.221166648
8.882000,0.069815524,0.341956639,-0.095434810,-0.077411915,-0.305934975,0.224522335
8.883000,0.127359062,0.250792547,0.073584966,-0.075086466,-0.320795502,0.223350017
8.884000,0.158976109,0.295647981,0.426204298,-0.079936161,-0.341786723,0.217923143
8.885000,0.154850978,0.427115078,0.686035670,-0.080086439,-0.358985041,0.210245539
8.886000,0.160782501,0.446266120,0.643463183,-0.072438192,-0.367990281,0.202813212
8.887000,0.154129105,0.355791386,0.451361713,-0.055398406,-0.374439831,0.195286660
8.888000,0.204704154,0.062837493,0.379381531,-0.037194398,-0.389614158,0.189248348
8.889000,0.319788330,-0.147194540,0.428291728,-0.023977466,-0.405962906,0.187481162
8.890000,0.335062937,-0.046232068,0.701762543,-0.015603857,-0.422008065,0.180745129
8.891000,0.311195842,0.059415087,0.954120206,-0.009778750,-0.437004467,0.166625930
8.892000,0.256247010,-0.017706326,1.224508678,-0.003111791,-0.452741918,0.155799673
8.893000,0.197258293,-0.172728270,1.220172242,0.005128855,-0.467225221,0.148284719
8.894000,0.122344286,-0.219289733,1.102309953,0.017382446,-0.481391514,0.140610756
8.895000,0.050196333,-0.273634358,1.154890809,0.024177118,-0.497816613,0.135276056
8.896000,0.024184567,-0.283245376,1.314004303,0.021448612,-0.509328812,0.132527061
8.897000,-0.022130584,-0.213159086,1.414548970,0.014069872,-0.516054771,0.129065870
8.898000,-0.099254463,-0.193520937,1.669412787,0.004874098,-0.525791805,0.123447529
8.899000,-0.228313727,-0.286864453,1.901286359,-0.001983785,-0.537428311,0.118782924
8.900000,-0.359194061,-0.364894282,2.106587481,-0.003364955,-0.547888528,0.114237094
8.901000,-0.453711267,-0.358674148,2.094641076,-0.008427894,-0.556201353,0.110030140
8.902000,-0.542549706,-0.336853686,2.127579916,-0.013085810,-0.560077276,0.106068879
8.903000,-0.623086886,-0.335175341,2.156029513,-0.019720509,-0.559396685,0.104125700
8.904000,-0.715343879,-0.295663274,2.266739587,-0.021827421,-0.559140040,0.100835265
8.905000,-0.857510464,-0.331833414,2.386467059,-0.022953472,-0.561206296,0.096254572
8.906000,-1.041129805,-0.440688259,2.468776568,-0.020788480,-0.563924997,0.090148249
8.907000,-1.204287697,-0.489092446,2.523912478,-0.016469440,-0.565397914,0.084242482
8.908000,-1.345457045,-0.534862100,2.446308569,-0.010395382,-0.559824480,0.076237901
8.909000,-1.433187846,-0.584240790,2.372526725,-0.007529134,-0.552378664,0.067190425
8.910000,-1.451782809,-0.638795265,2.368164332,-0.004169693,-0.540424407,0.058106088
8.911000,-1.530779274,-0.669072073,2.420059944,-0.004924591,-0.529247917,0.047229583
8.912000,-1.606278148,-0.808523180,2.566808502,-0.003427193,-0.523015772,0.035575537
8.913000,-1.691864344,-0.913699655,2.709262222,-0.006475647,-0.518992308,0.027996084
8.914000,-1.752531553,-0.887646354,2.786063573,-0.006716938,-0.514474133,0.020140382
8.915000,-1.818465802,-0.855744744,2.912434795,-0.010140280,-0.508615479,0.010828239
8.916000,-1.870955026,-0.853443201,2.959896454,-0.008322073,-0.500532202,0.005448665
8.917000,-1.937492173,-0.855929558,3.006506973,-0.005897152,-0.494007165,0.001593027
8.918000,-1.976119662,-0.915694301,3.086295888,0.002548776,-0.488114193,-0.003692729
8.919000,-2.014982308,-0.959641202,3.238925981,0.005264406,-0.483413394,-0.007120645
8.920000,-1.978596241,-0.849266370,3.412273574,0.000545987,-0.472406264,-0.008661944
8.921000,-1.928701037,-0.696002354,3.608562287,-0.007404408,-0.458789352,-0.014380235
8.922000,-1.842338429,-0.602606432,3.759909299,-0.013077039,-0.441516033,-0.020457534
8.923000,-1.781367094,-0.489041463,3.790176550,-0.019110635,-0.418752421,-0.025719376
8.924000,-1.705760014,-0.395197515,3.759378973,-0.020460388,-0.393154508,-0.034569644
8.925000,-1.605405601,-0.263855684,3.556124338,-0.024884921,-0.360742631,-0.038529523
8.926000,-1.439684085,-0.139650853,3.467090491,-0.028537595,-0.321780533,-0.040181242
8.927000,-1.247378533,0.023484710,3.513981440,-0.033077141,-0.286540155,-0.044391804
8.928000,-1.053460508,0.000720949,3.636187018,-0.029515616,-0.248796300,-0.049236271
8.929000,-0.971512977,-0.087324937,3.675276545,-0.027850705,-0.210707715,-0.053038437
8.930000,-0.856689608,-0.160632197,3.562524510,-0.024827772,-0.174859302,-0.060342634
8.931000,-0.712016460,-0.045473298,3.440416133,-0.026975578,-0.133516258,-0.069372289
8.932000,-0.545416249,0.021828976,3.482358658,-0.029680120,-0.083891806,-0.077277619
8.933000,-0.312721863,0.145399454,3.522337221,-0.033499904,-0.028553023,-0.085596481
8.934000,-0.082921104,0.147247313,3.411531685,-0.025867745,0.028633996,-0.090514485
8.935000,0.090432647,0.130041326,3.332758636,-0.021590294,0.075440929,-0.091686600
8.936000,0.227972284,0.046580923,3.176311751,-0.010447461,0.126830130,-0.091884936
8.937000,0.425258465,-0.033548309,3.287573127,-0.006137875,0.180746081,-0.090736602
8.938000,0.604827322,-0.099093580,3.547292195,-0.006712621,0.235460173,-0.090739237
8.939000,0.858894960,-0.037498560,3.919524321,-0.020827056,0.290742306,-0.086867832
8.940000,1.087561873,0.172688158,3.933171782,-0.035216359,0.351234906,-0.087280247
8.941000,1.140622137,0.333412935,3.830022538,-0.043024777,0.403602942,-0.091870441
8.942000,1.171027919,0.271083441,3.691221550,-0.037539525,0.458130927,-0.092795395
8.943000,1.204541162,0.156334754,3.678484729,-0.031299341,0.509486889,-0.088196420
8.944000,1.316107620,0.246797182,3.707119625,-0.028464212,0.572278392,-0.085410424
8.945000,1.437643758,0.376169002,3.941233592,-0.038903484,0.638026906,-0.083439549
8.946000,1.560956991,0.465867548,4.069950583,-0.060191080,0.698789742,-0.082043852
8.947000,1.646808620,0.651277965,4.045325610,-0.081279864,0.751928919,-0.083419509
8.948000,1.689195416,0.667462654,4.000060959,-0.071850453,0.806587816,-0.092949914
8.949000,1.682592339,0.433015177,4.236181091,-0.058499328,0.854601981,-0.097690201
8.950000,1.860954053,0.236559485,4.282165334,-0.041524408,0.907146233,-0.101610407
8.951000,1.958466284,0.348790589,4.492302922,-0.033718586,0.956570591,-0.105242708
8.952000,2.088670924,0.335205995,4.771693576,-0.036915622,1.005033637,-0.108461539
8.953000,2.119968681,0.404958394,4.932835872,-0.059163958,1.056565885,-0.107170084
8.954000,2.214128253,0.490268063,4.975833109,-0.070286888,1.106231794,-0.105672723
8.955000,2.201352441,0.468479805,5.159935707,-0.062550217,1.157205452,-0.102452126
8.956000,2.297566997,0.460594655,5.376940607,-0.047533340,1.213007316,-0.098425149
8.957000,2.370543685,0.403815543,5.539574619,-0.033901793,1.266983428,-0.095681488
8.958000,2.435354422,0.161803653,5.822670694,-0.019094377,1.321401616,-0.093110775
8.959000,2.538953091,0.128345179,6.098556498,-0.028475136,1.377086487,-0.092080863
8.960000,2.623853610,0.267446693,6.122528737,-0.037096001,1.424651328,-0.094885926
8.961000,2.597328012,0.367423474,6.277645105,-0.047225161,1.475108150,-0.097464181
8.962000,2.507614240,0.348733095,6.329222672,-0.050577991,1.527466139,-0.106788859
8.963000,2.438252372,0.384781109,6.446040326,-0.038329724,1.574063893,-0.114733352
8.964000,2.336853167,0.350188237,6.631359718,-0.010747158,1.621520368,-0.117796378
8.965000,2.334593002,0.317511478,6.748382558,-0.004373297,1.675861423,-0.117518160
8.966000,2.501588155,0.409077787,6.768652685,-0.011369924,1.729825778,-0.112360704
8.967000,2.568483993,0.575286402,6.966662785,-0.025094031,1.789633621,-0.110738398
8.968000,2.520242143,0.550675919,7.265909654,-0.031264178,1.845664655,-0.110864790
8.969000,2.505041857,0.413138864,7.604772571,-0.033449703,1.893362378,-0.107107628
8.970000,2.489158504,0.202602103,7.827065738,-0.015293256,1.937741823,-0.104560397
8.971000,2.576227935,-0.077392506,8.033926503,0.005281795,1.980437867,-0.096131592
8.972000,2.694248222,-0.294979225,8.199953505,0.008691431,2.026428959,-0.083518573
8.973000,2.859259280,-0.195255201,8.199870366,0.006087516,2.070486153,-0.074924700
8.974000,2.913980056,-0.207839495,8.478233343,0.013734356,2.114194038,-0.067635071
8.975000,2.920165405,-0.325226746,8.763754981,0.013235307,2.156830145,-0.056812679
8.976000,2.952334208,-0.443271450,8.992470815,0.022788641,2.194255377,-0.044919908
8.977000,3.000162289,-0.469931344,9.170952835,0.039510677,2.240338848,-0.033337273
8.978000,3.017263219,-0.543655427,9.403023356,0.059974913,2.297854073,-0.021213672
8.979000,3.140845863,-0.565991922,9.241788256,0.073985968,2.355453692,-0.009488069
8.980000,3.180381058,-0.698061878,9.056176865,0.090587555,2.419058203,-0.003109227
8.981000,3.259668361,-0.820113064,8.821386561,0.100924443,2.482747722,0.007070138
8.982000,3.334032434,-0.922790446,8.798881996,0.109984092,2.539365981,0.011838965
8.983000,3.371890641,-1.095609125,9.041376668,0.126710663,2.592379091,0.013809683
8.984000,3.566948130,-1.159727877,9.522373654,0.129158379,2.648607425,0.020041222
8.985000,3.786360114,-0.856349412,9.787921153,0.137403084,2.712445998,0.024751114
8.986000,4.002164466,-0.548717814,9.805891796,0.152436952,2.771829884,0.028625906
8.987000,4.801701503,-0.205814884,9.452763117,0.143832219,2.841514213,0.043210050
8.988000,5.969957529,0.373064445,9.465539231,0.116577544,2.950668731,0.050287799
8.989000,7.116489894,0.869880811,10.168309475,0.091349254,3.046664479,0.051290791
8.990000,8.199720149,0.986183197,10.489610851,0.058346677,3.143388903,0.056667075
8.991000,8.966083494,1.102230236,10.082949467,0.049145719,3.231891909,0.050209427
8.992000,9.901810019,0.912404406,9.921794792,0.063974921,3.318027845,0.040361304
8.993000,10.859631032,0.431121564,9.940308547,0.066169724,3.410499134,0.041117813
8.994000,11.514028383,0.070447543,9.972436074,0.084888967,3.491822176,0.034263597
8.995000,11.908444650,-0.250448961,10.264471374,0.106045893,3.552173033,0.028295985
8.996000,12.100776173,-0.835668681,10.251430786,0.130925580,3.609762342,0.025727262
8.997000,12.212511937,-1.379896620,10.210761783,0.144741388,3.667230065,0.021652267
8.998000,12.184218508,-1.886096530,10.142712153,0.155576959,3.707897963,0.020919541
8.999000,11.887948338,-2.196480172,10.307674841,0.176174410,3.737752240,0.019121441
9.000000,11.446133759,-2.422771258,10.470212838,0.211013899,3.746796031,0.024991166
9.001000,10.770104392,-2.750103683,10.977503863,0.232232226,3.753385489,0.018070526
9.002000,9.968632417,-2.704511618,11.165293904,0.231229366,3.755345289,0.012129048
9.003000,9.254446949,-2.231837534,11.436630393,0.211629478,3.750733513,0.014218387
9.004000,8.425139257,-1.718466589,11.602554641,0.202620997,3.742153933,0.021805912
9.005000,7.513802570,-1.176412437,11.939272781,0.190150270,3.729810969,0.037214730
9.006000,6.758008340,-0.469535890,12.255706714,0.165007076,3.723099021,0.056929134
9.007000,6.074126067,0.339714943,12.140138975,0.128572257,3.719367360,0.071563914
9.008000,5.521113782,0.860960183,12.075937198,0.101003678,3.713339643,0.087751726
9.009000,5.046871791,1.096986644,12.032122724,0.080102344,3.706149711,0.100124167
9.010000,4.785715847,1.291954785,12.144190178,0.069289148,3.695816266,0.103251759
9.011000,4.618616658,1.357986077,12.300543071,0.061127247,3.691016315,0.107934813
9.012000,4.565963140,1.265947785,12.229460444,0.073591474,3.688648297,0.114476588
9.013000,4.703432375,0.960381398,11.943161541,0.093370955,3.695452429,0.125846180
9.014000,5.063421029,0.498084519,11.811837284,0.106440917,3.699757080,0.135884589
9.015000,5.591089592,0.068425621,11.927610295,0.121498074,3.704104574,0.149527775
9.016000,6.210555699,-0.327135136,11.780326423,0.154334714,3.715983830,0.168960116
9.017000,6.902141359,-0.815883400,11.961699669,0.205274892,3.733517174,0.188134864
9.018000,7.415857864,-1.332091447,12.078191922,0.247229804,3.748188254,0.205125463
9.019000,8.073890180,-1.690198450,12.120774024,0.270254271,3.758396446,0.202223070
9.020000,8.695694433,-2.084635013,12.326969022,0.281806651,3.763498108,0.174284965
9.021000,9.293722843,-2.077832283,13.009895462,0.260599858,3.763805040,0.134018703
9.022000,9.894690638,-1.850760517,13.681260120,0.237040928,3.763493379,0.071599584
9.023000,10.350163520,-1.378243151,13.990071352,0.206456691,3.755955534,-0.000304217
9.024000,10.742648482,-0.729089542,13.865466924,0.171741605,3.739709904,-0.051790682
9.025000,11.096996727,-0.023763460,13.596276110,0.124884168,3.725500264,-0.081503865
9.026000,11.024105417,0.630661409,13.519405121,0.103011253,3.711575047,-0.090217247
9.027000,10.849217671,0.963811469,13.752526924,0.098078440,3.694853183,-0.080779001
9.028000,10.683630168,1.000268777,13.631318222,0.102018857,3.675077920,-0.061662415
9.029000,10.343968709,0.776836923,13.494193056,0.106517091,3.650866769,-0.046525331
9.030000,9.936837995,0.396138263,13.355178413,0.112927082,3.602776293,-0.036758867
9.031000,9.324992400,-0.024931985,13.624495088,0.116357249,3.547124831,-0.038488961
9.032000,8.672024913,-0.278477355,13.882159404,0.119660005,3.486580682,-0.041503494
9.033000,7.696247186,-0.608720296,14.187658251,0.124601954,3.428374002,-0.055113637
9.034000,6.688657390,-0.927065363,13.870232089,0.135159164,3.355888479,-0.071586111
9.035000,5.738714656,-1.074064685,13.482130523,0.156523641,3.275436557,-0.091412668
9.036000,5.010333549,-1.202237186,13.338905874,0.179220467,3.194415574,-0.111795141
9.037000,4.354632074,-1.371925938,13.604734743,0.193324810,3.108311617,-0.133046634
9.038000,3.798695813,-1.371136162,13.929530743,0.215966774,3.027768663,-0.162612613
9.039000,3.461102020,-1.355533098,13.914104302,0.235043129,2.967318960,-0.191271586
9.040000,3.364545187,-1.240501065,13.337363925,0.240314141,2.924284834,-0.209431150
9.041000,3.441872631,-1.011096154,13.087548915,0.248240068,2.886200695,-0.235026431
9.042000,3.619660672,-0.765870064,13.165153744,0.251776883,2.851138783,-0.251854655
9.043000,3.751692405,-0.544378264,13.345964548,0.240620912,2.813835993,-0.255359930
9.044000,3.871710601,-0.271494339,13.335069058,0.224204416,2.773949970,-0.255969600
9.045000,3.953407012,0.012033266,13.067988601,0.202092369,2.730608015,-0.249303514
9.046000,4.098097153,0.365156986,12.675996323,0.174994362,2.685131385,-0.236780869
9.047000,4.161270478,0.640377612,12.401448523,0.173500295,2.640138444,-0.235590680
9.048000,4.358945159,0.488077909,12.379291432,0.183530910,2.592577415,-0.229862874
9.049000,4.601876748,0.183312911,12.299844874,0.186039260,2.549745453,-0.228295667
9.050000,4.881975763,-0.012079309,11.852551210,0.194055258,2.508648635,-0.236328137
9.051000,5.113695324,-0.384447701,11.255646899,0.194642842,2.465768606,-0.240144307
9.052000,5.395022722,-0.788366365,10.808646219,0.213043452,2.418885919,-0.244783351
9.053000,5.535192630,-1.092406050,10.740483908,0.246702857,2.369307829,-0.254635643
9.054000,5.584869047,-1.467530848,10.620719675,0.284149469,2.316403846,-0.265497923
9.055000,5.622002577,-1.805764078,10.344220641,0.300388355,2.259443097,-0.274631878
9.056000,5.709226627,-1.858991073,10.026127052,0.310689711,2.206142656,-0.285494963
9.057000,5.740096780,-1.778555521,9.805578415,0.307560947,2.146816354,-0.292432781
9.058000,5.690152269,-1.603493258,9.602809201,0.300201721,2.090047141,-0.295580794
9.059000,5.594219219,-1.239267409,9.542822418,0.298978480,2.023501243,-0.295301447
9.060000,5.317472287,-1.064990110,9.459819285,0.306102259,1.954006256,-0.294123217
9.061000,4.941433151,-1.055359153,9.489161005,0.302528825,1.873338224,-0.290163257
9.062000,4.590641799,-0.976715884,9.419233405,0.289442769,1.806121132,-0.283044412
9.063000,4.216576972,-0.686148345,9.155066915,0.267130904,1.740103698,-0.275410841
9.064000,3.766738471,-0.467768069,8.854863753,0.260053020,1.672449474,-0.262256359
9.065000,3.226978166,-0.271515547,8.718235189,0.267544933,1.594262044,-0.242349566
9.066000,2.779676898,-0.199052900,8.471692152,0.287238933,1.524973340,-0.224406155
9.067000,2.323956471,-0.233957773,8.289887743,0.286792850,1.452548683,-0.210422236
9.068000,2.034437006,-0.265782105,8.078129154,0.279899754,1.385777193,-0.201513457
9.069000,1.720596905,-0.066954939,7.804650071,0.274173861,1.317924082,-0.195891321
9.070000,1.477141272,0.024133232,7.692951059,0.282374808,1.258028940,-0.194137904
9.071000,1.245083606,0.066273697,7.564177947,0.285638877,1.196897081,-0.188699076
9.072000,1.082405807,0.050517589,7.355562736,0.301336795,1.140016287,-0.184533822
9.073000,0.934814774,0.011927372,7.191996205,0.311088048,1.081823042,-0.185064897
9.074000,0.917812965,-0.088457323,7.029951337,0.315911820,1.028118396,-0.187483847
9.075000,0.986694075,0.000641569,6.736577946,0.310968406,0.981103556,-0.191117711
9.076000,1.042013005,-0.104508308,6.404867594,0.312431731,0.943375886,-0.193484383
9.077000,1.102344344,-0.243018957,6.135836859,0.309209879,0.903638672,-0.195382222
9.078000,1.262802948,-0.412045227,5.859031142,0.309188335,0.852770941,-0.195595205
9.079000,1.299842093,-0.418008854,5.836759771,0.319951007,0.809898246,-0.194942646
9.080000,1.340666508,-0.530052029,5.763696249,0.328629172,0.770830927,-0.195984848
9.081000,1.463706244,-0.568570892,5.473295367,0.328726541,0.734614713,-0.192918136
9.082000,1.541393658,-0.494606827,5.148331203,0.327142047,0.702007843,-0.189928426
9.083000,1.513558043,-0.421053818,4.955286951,0.322198314,0.663499118,-0.189214905
9.084000,1.494081747,-0.426205153,4.870279061,0.318403062,0.623615049,-0.186343870
9.085000,1.502779366,-0.285319894,4.924336976,0.311685633,0.584830900,-0.178827946
9.086000,1.457818409,-0.164643902,4.837095925,0.308330287,0.548009712,-0.174700080
9.087000,1.389428836,-0.076826415,4.711568001,0.305510106,0.514199352,-0.168667231
9.088000,1.360101533,-0.043263780,4.560385894,0.299388122,0.480996242,-0.160657932
9.089000,1.320963699,0.076594015,4.398166847,0.286486115,0.449929881,-0.151014134
9.090000,1.308317104,0.181185110,4.424294502,0.274409923,0.420179411,-0.140938097
9.091000,1.214777247,0.279818543,4.416400355,0.262235753,0.394082658,-0.134868888
9.092000,1.046849169,0.438781801,4.377563040,0.249023599,0.370592821,-0.126020876
9.093000,0.919499138,0.674464300,4.212365106,0.237059017,0.350520374,-0.117108197
9.094000,0.811411542,0.842718725,3.955277896,0.229139813,0.337178238,-0.108705902
9.095000,0.685329165,0.929288489,3.690740857,0.225210472,0.325665322,-0.101179477
9.096000,0.578779756,0.814834837,3.570747730,0.222870812,0.315714543,-0.096730999
9.097000,0.591403903,0.690004406,3.483520376,0.215343727,0.305968712,-0.090294904
9.098000,0.606287203,0.585979866,3.378953103,0.211909696,0.300698793,-0.085364061
9.099000,0.651727799,0.452354833,3.250689125,0.203720486,0.296613057,-0.079123168
9.100000,0.677935706,0.189510960,3.095005851,0.206380394,0.294026046,-0.072179072
9.101000,0.675949007,-0.012676357,2.981252750,0.213525459,0.290383267,-0.064314628
9.102000,0.707773571,-0.200279319,2.885480456,0.227936235,0.286335783,-0.049714143
9.103000,0.790778436,-0.359050430,2.739043619,0.237952469,0.281193813,-0.030694360
9.104000,0.863442759,-0.425913485,2.662761326,0.239910721,0.275637193,-0.012564290
9.105000,0.883822833,-0.432203285,2.701838041,0.231844719,0.272090434,0.001031413
9.106000,0.866899758,-0.532905460,2.720575749,0.218431536,0.268554963,0.006495738
9.107000,0.814483528,-0.678785098,2.677509394,0.196173183,0.263957155,0.004311711
9.108000,0.807324829,-0.694413482,2.503108668,0.174558598,0.261397961,-0.001477848
9.109000,0.833273933,-0.578103565,2.367314016,0.154721265,0.259292863,-0.009869994
9.110000,0.914073011,-0.462337036,2.260361777,0.141153358,0.259466993,-0.017418137
9.111000,1.080970259,-0.353566829,2.114123729,0.134059826,0.261508090,-0.019196248
9.112000,1.286266242,-0.308664450,1.989001844,0.132554610,0.262005238,-0.008257123
9.113000,1.399118085,-0.300185158,1.828752155,0.127830540,0.258352559,0.010340996
9.114000,1.455321538,-0.159500066,1.675129888,0.117133247,0.252941697,0.035012171
9.115000,1.507467475,0.115675829,1.570878454,0.098346942,0.247243360,0.064394384
9.116000,1.549064340,0.442079348,1.510935179,0.083879999,0.242058757,0.091584048
9.117000,1.508231090,0.670792698,1.429131738,0.077189170,0.238888515,0.112888971
9.118000,1.445229672,0.717744831,1.250170196,0.079206341,0.235340805,0.128056461
9.119000,1.383435613,0.614092409,1.042893054,0.085196507,0.230097085,0.143712634
9.120000,1.325474496,0.417196588,0.898989734,0.089681572,0.223317745,0.152695567
9.121000,1.353830310,0.205765239,0.907010637,0.089522332,0.214974838,0.155546625
9.122000,1.355167789,0.076967176,0.905111131,0.083491622,0.209296715,0.156295763
9.123000,1.324543932,0.084090664,0.694915123,0.082016794,0.209237172,0.154028742
9.124000,1.268638038,-0.065663861,0.468223633,0.092760748,0.207893560,0.146079943
9.125000,1.200853777,-0.287942683,0.186418079,0.114580620,0.203609363,0.133937219
9.126000,1.116579781,-0.545131710,0.058327751,0.148243398,0.198473720,0.119114239
9.127000,1.023076347,-0.666762837,-0.023315778,0.179314653,0.193352998,0.104176687
9.128000,0.948216343,-0.660482763,-0.198981838,0.204527461,0.191322029,0.086110236
9.129000,0.819664346,-0.602104105,-0.421068580,0.221270964,0.191899110,0.064782461
9.130000,0.733953270,-0.751846254,-0.521313539,0.237362292,0.187327106,0.042992362
9.131000,0.682627387,-0.982790457,-0.590991390,0.252922181,0.179479797,0.028780871
9.132000,0.586605970,-1.092721725,-0.657599376,0.271621443,0.172439339,0.021654512
9.133000,0.476360548,-1.060217905,-0.626887391,0.282827776,0.165145212,0.017290916
9.134000,0.367873954,-0.932262365,-0.639346245,0.274652587,0.162014222,0.016641549
9.135000,0.272580579,-0.686356983,-0.725334435,0.258487611,0.161938222,0.014786172
9.136000,0.180960633,-0.502227283,-0.717614745,0.244337016,0.160572011,0.008303096
9.137000,0.030297496,-0.387272410,-0.685842417,0.238423494,0.152753217,-0.002061939
9.138000,-0.157508349,-0.310007259,-0.850950826,0.243349821,0.144117660,-0.013573712
9.139000,-0.322198307,-0.254398865,-1.126840234,0.256301949,0.135574441,-0.022115958
9.140000,-0.480498037,-0.160146300,-1.341558457,0.264057904,0.128625404,-0.028349748
9.141000,-0.532515073,-0.050461559,-1.446259835,0.269022507,0.125700112,-0.031260211
9.142000,-0.511980163,0.086472897,-1.485960993,0.267671103,0.128608328,-0.031866493
9.143000,-0.498241411,0.172532351,-1.466516481,0.264362346,0.132816659,-0.035999404
9.144000,-0.532820675,0.173700388,-1.539250195,0.265712805,0.136690081,-0.042541324
9.145000,-0.599728339,0.105827250,-1.778232257,0.274252390,0.137811215,-0.046765589
9.146000,-0.678240069,0.046333846,-2.084983056,0.282858912,0.137442953,-0.050753412
9.147000,-0.706841823,0.003820738,-2.333341505,0.285291603,0.139095390,-0.051712376
9.148000,-0.683944156,0.008414854,-2.436810076,0.278361294,0.141462921,-0.049936711
9.149000,-0.673941078,0.023086074,-2.457095557,0.270621183,0.146380118,-0.048039487
9.150000,-0.709128162,-0.018165502,-2.484083914,0.267549405,0.150027712,-0.047690420
9.151000,-0.739742506,-0.231556943,-2.527807827,0.269733578,0.151887593,-0.047735251
9.152000,-0.749977116,-0.440553193,-2.632138530,0.270947053,0.154712945,-0.049012348
9.153000,-0.713709695,-0.424290439,-2.785498609,0.272356476,0.159757284,-0.052680740
9.154000,-0.597439968,-0.359411526,-2.812883975,0.266222218,0.166184227,-0.056579527
9.155000,-0.476024422,-0.303347719,-2.719249487,0.254348857,0.173786394,-0.058583995
9.156000,-0.368757016,-0.127984378,-2.702656430,0.241066945,0.182390352,-0.061641431
9.157000,-0.301485958,0.047340093,-2.697515578,0.238056384,0.190482571,-0.064171350
9.158000,-0.283840403,0.153397683,-2.794859769,0.239807485,0.196828635,-0.065724710
9.159000,-0.246986925,0.208516789,-2.971279533,0.242508289,0.204924783,-0.067502821
9.160000,-0.168690039,0.390446208,-3.185665260,0.237647137,0.213541057,-0.067898850
9.161000,-0.057050594,0.629841341,-3.300792651,0.228781567,0.224031556,-0.069993807
9.162000,0.031481856,0.854855591,-3.325504181,0.211970321,0.232054740,-0.072461003
9.163000,0.098858381,1.016406377,-3.460585089,0.202885972,0.243542290,-0.076397185
9.164000,0.138766651,1.079859596,-3.617016181,0.199949824,0.252577092,-0.082436437
9.165000,0.201924028,1.018718338,-3.805651680,0.206822255,0.261860184,-0.088418709
9.166000,0.278663754,0.841428987,-4.016216475,0.210454050,0.269730045,-0.094971807
9.167000,0.417048831,0.736243283,-4.142697782,0.209029929,0.279645545,-0.100588598
9.168000,0.537554703,0.647975871,-4.097490284,0.200352846,0.287212160,-0.110497778
9.169000,0.658027676,0.504205677,-4.012780471,0.191478406,0.292205041,-0.118849913
9.170000,0.787220819,0.320871036,-3.944955800,0.181224252,0.293936985,-0.124373717
9.171000,0.896443501,0.190425634,-3.960638267,0.176925386,0.293627743,-0.126123378
9.172000,0.942347728,0.161950350,-4.071714242,0.173761051,0.293538293,-0.121896301
9.173000,0.973932309,0.283425446,-4.193212027,0.171043594,0.295538314,-0.111962687
9.174000,0.992817603,0.371900349,-4.312214274,0.169900112,0.295375766,-0.098520741
9.175000,1.023896595,0.434197857,-4.420749756,0.170532392,0.294573119,-0.081551946
9.176000,0.985344274,0.503743239,-4.440249270,0.173734757,0.289523521,-0.067175898
9.177000,0.967614810,0.503313413,-4.511480129,0.186031989,0.282598918,-0.054805944
9.178000,0.943126460,0.410734087,-4.409467158,0.194216281,0.270586519,-0.045060087
9.179000,0.986623881,0.381005662,-4.359742975,0.193088387,0.262149351,-0.038437539
9.180000,1.086754748,0.471473041,-4.260766170,0.184552883,0.246770637,-0.032535073
9.181000,1.136040598,0.484420203,-4.104754836,0.173177923,0.232859171,-0.025604863
9.182000,1.170808945,0.465465255,-3.999390993,0.152896718,0.216339234,-0.015226680
9.183000,1.256140745,0.602577290,-4.013878619,0.133594312,0.202190130,-0.004156047
9.184000,1.237095509,0.710751333,-4.013251048,0.120829601,0.177718030,0.003914402
9.185000,1.123435006,0.548843824,-4.113931614,0.116598057,0.154989595,0.010391169
9.186000,1.113912468,0.402008067,-4.422515254,0.110646027,0.132553951,0.019462973
9.187000,1.199509701,0.368824525,-4.731702852,0.112251319,0.113194679,0.028011050
9.188000,1.280571730,0.278177964,-4.778096394,0.103744242,0.093529870,0.033497794
9.189000,1.495117289,0.185958112,-4.778906821,0.098445682,0.076954567,0.044656424
9.190000,1.715094931,0.179512508,-4.895758265,0.105886013,0.059996093,0.056063457
9.191000,1.831711990,-0.001304473,-5.078682107,0.116547695,0.037906041,0.069233051
9.192000,1.957741493,-0.133478192,-5.302394696,0.124352749,0.005311539,0.087714505
9.193000,2.067863968,-0.023506815,-5.634594429,0.141442587,-0.024681871,0.105836087
9.194000,2.099653746,-0.070839956,-5.606180665,0.151410731,-0.060655443,0.114699429
9.195000,2.165853689,-0.244475776,-5.515726831,0.155106742,-0.097297830,0.123659120
9.196000,2.111660726,-0.046088768,-5.519157426,0.156861656,-0.139433987,0.129545265
9.197000,2.109945083,0.260006289,-5.695988689,0.156711308,-0.184378502,0.132398185
9.198000,2.082824595,0.260534229,-5.796676371,0.158649204,-0.231424503,0.139696176
9.199000,2.054228815,0.229166523,-5.954229615,0.166891249,-0.277225839,0.143803016
9.200000,2.035269774,0.157864794,-6.267326420,0.179453691,-0.317171870,0.142038421
9.201000,2.004765073,-0.035867073,-6.439890020,0.190607448,-0.361345558,0.136132468
9.202000,2.026586023,-0.079603650,-6.554811026,0.183728914,-0.409273345,0.125839132
9.203000,2.074744556,0.043477577,-6.907365410,0.174596198,-0.455868442,0.112577195
9.204000,2.116278558,-0.007658082,-7.170548381,0.164690932,-0.504163509,0.097599242
9.205000,2.122889128,-0.340673288,-7.349103224,0.167713747,-0.557995984,0.081846270
9.206000,2.251842463,-0.393935208,-7.666225014,0.161146155,-0.613230944,0.079037087
9.207000,2.367081510,-0.118712138,-8.122019602,0.162513320,-0.659585719,0.081621350
9.208000,2.432166068,0.086655739,-8.408287802,0.154375719,-0.708892866,0.082647579
9.209000,2.523549237,0.087559924,-8.522346848,0.147509116,-0.760303239,0.083047572
9.210000,2.637238205,0.144625175,-8.578374818,0.135327305,-0.819166221,0.089192281
9.211000,2.673283545,-0.018736449,-8.648511798,0.143089408,-0.873864658,0.086513897
9.212000,2.789234749,-0.166800031,-8.749394413,0.139858257,-0.934568136,0.082691560
9.213000,2.931769615,-0.049457282,-9.075169695,0.135971771,-0.991593893,0.082881035
9.214000,2.918093286,0.096532869,-9.382281002,0.132476994,-1.053539314,0.077841460
9.215000,2.785632679,-0.126309405,-9.228061099,0.130890175,-1.138485174,0.067303304
9.216000,2.649732322,-0.189179900,-9.641890532,0.126320878,-1.217166524,0.065891762
9.217000,2.684934385,-0.120649417,-9.940456225,0.131350443,-1.277660272,0.068168804
9.218000,3.047964847,0.008089584,-10.405111541,0.119654908,-1.311159692,0.069221658
9.219000,3.559415991,0.130231097,-10.547493107,0.092812757,-1.346467513,0.071517543
9.220000,3.937941654,0.245150634,-10.850398958,0.062490099,-1.392357625,0.072721809
9.221000,4.149751625,0.158309137,-11.067158406,0.035237316,-1.452952317,0.065005451
9.222000,4.218612921,0.247602653,-11.507419789,0.008609444,-1.521981570,0.062420895
9.223000,4.219399525,0.398269101,-11.811244874,0.004974347,-1.588923679,0.060487290
9.224000,4.231006002,0.464769925,-11.978605312,0.006041004,-1.656134207,0.060460139
9.225000,4.315541541,0.332497601,-12.100847911,0.012535421,-1.715390961,0.062047174
9.226000,4.440485738,0.399225337,-12.308396215,0.004884038,-1.769771523,0.070433625
9.227000,4.591048363,0.518889852,-12.760718308,-0.003184304,-1.823580290,0.078119922
9.228000,4.649835660,0.789461236,-13.154848148,-0.025095242,-1.886543022,0.089404013
9.229000,4.701342671,0.834368642,-13.416744932,-0.026055416,-1.939711895,0.098803223
9.230000,4.659675770,0.760126454,-13.683087427,-0.020294672,-1.990674143,0.100728421
9.231000,4.749067757,0.577591654,-13.664555768,-0.017438983,-2.038548419,0.112227315
9.232000,4.903418800,0.659751304,-13.826251286,-0.035332285,-2.088542750,0.125683466
9.233000,5.046546151,0.852750839,-13.889985963,-0.048745180,-2.138628394,0.134822526
9.234000,5.083805464,0.971952532,-13.901935910,-0.074648826,-2.182286426,0.137781564
9.235000,5.074150045,0.755960662,-14.120862322,-0.081191947,-2.215660977,0.136119855
9.236000,4.788471490,0.313313066,-14.562405830,-0.081089203,-2.259672620,0.121659386
9.237000,4.203215711,-0.295398571,-14.965379120,-0.064880230,-2.314629904,0.101926707
9.238000,3.498172615,-0.801924801,-14.972415622,-0.064067397,-2.386602435,0.086665559
9.239000,2.627149402,-1.137913990,-14.888041678,-0.057959384,-2.464186942,0.071429608
9.240000,1.659279725,-1.361920397,-14.830836969,-0.047753428,-2.539614864,0.054766161
9.241000,0.660313459,-1.811019157,-15.005712153,-0.006887117,-2.602898443,0.033208603
9.242000,-0.246498039,-2.214906672,-14.977752764,0.025898936,-2.665335545,0.020142694
9.243000,-0.932259873,-2.279839777,-14.917750140,0.041318254,-2.727595815,0.025268022
9.244000,-1.387991806,-2.002455444,-14.717680121,0.031662360,-2.776984628,0.041018897
9.245000,-1.899903096,-1.572290123,-14.464467666,0.017335668,-2.817270948,0.051051377
9.246000,-2.243993979,-0.902019954,-14.382011521,0.003251551,-2.849734056,0.055360574
9.247000,-2.448006411,-0.450950093,-14.640342392,0.005497146,-2.869721996,0.055065251
9.248000,-2.215203338,0.112699249,-14.736991175,-0.008269861,-2.887284562,0.064697523
9.249000,-1.597277830,0.769443074,-14.978340357,-0.033589477,-2.885199241,0.086134605
9.250000,-0.793077053,1.374640603,-15.028060529,-0.062315295,-2.863902009,0.101982813
9.251000,0.196581996,1.585276484,-14.993047492,-0.078244728,-2.827746648,0.115944657
9.252000,1.293650053,1.665077254,-15.087842108,-0.097135003,-2.785550876,0.123791206
9.253000,2.426339155,1.731065191,-15.577492144,-0.107915939,-2.737376369,0.132387649
9.254000,3.618152512,1.438360538,-15.802543340,-0.119898549,-2.691043394,0.133064704
9.255000,4.828272792,1.001848033,-15.969370761,-0.121020394,-2.642113178,0.127988499
9.256000,6.032451271,0.485046422,-15.921780300,-0.116311974,-2.583457367,0.125167877
9.257000,7.104754612,-0.263782872,-16.080807105,-0.084881567,-2.527360541,0.116710405
9.258000,7.869361331,-1.174188201,-15.996083264,-0.047462557,-2.479506917,0.103495561
9.259000,8.566561226,-1.948970018,-16.019287354,-0.005738797,-2.438477036,0.093214284
9.260000,9.174978305,-2.502402339,-16.010742265,0.031880900,-2.393320070,0.088733587
9.261000,9.572745266,-2.984293936,-15.933452828,0.077684033,-2.343051204,0.081575502
9.262000,9.791648418,-3.269876302,-15.757985729,0.108581770,-2.299457527,0.070715634
9.263000,9.760988443,-3.374364455,-15.447971379,0.129176065,-2.270017075,0.060670114
9.264000,9.543760327,-3.184618182,-15.133350895,0.108134395,-2.249846930,0.065736096
9.265000,9.126311212,-2.683518608,-14.816860575,0.072504566,-2.241158271,0.074799705
9.266000,8.332016183,-1.868487612,-14.501061524,0.036456183,-2.235950059,0.085019187
9.267000,7.383480120,-1.101144297,-14.243319464,0.017519941,-2.232719022,0.095638529
9.268000,6.372138416,-0.545530321,-14.197366679,-0.005544340,-2.231250315,0.105164217
9.269000,5.204771758,-0.081986407,-14.262025584,-0.031661821,-2.224119485,0.111452715
9.270000,4.262937272,0.165000698,-14.249750935,-0.078085698,-2.210882332,0.118057397
9.271000,3.481272026,0.263961724,-13.905567747,-0.119169087,-2.195449931,0.115917380
9.272000,2.594436520,0.548910737,-13.718217829,-0.142126148,-2.177837553,0.104925515
9.273000,1.759365112,0.566757525,-13.537258263,-0.145354003,-2.165917298,0.090610556
9.274000,1.014786789,0.480502828,-13.646508640,-0.152281253,-2.147327454,0.078393919
9.275000,0.366064905,0.236392919,-13.709003137,-0.154299737,-2.120691227,0.064768705
9.276000,-0.047517551,-0.070273240,-13.359198555,-0.156319154,-2.092672180,0.050446874
9.277000,-0.270057845,-0.281292491,-13.061844680,-0.153003141,-2.052063492,0.040720064
9.278000,-0.525349664,-0.521424732,-13.218117002,-0.130243104,-2.002458362,0.026651359
9.279000,-0.641966761,-0.829090526,-13.559035889,-0.102825519,-1.939580676,0.010428392
9.280000,-0.314174463,-1.210784930,-13.480470963,-0.080287500,-1.867754585,0.001607399
9.281000,0.232942275,-1.416137704,-13.175521262,-0.064370564,-1.789649424,-0.001670210
9.282000,0.823951787,-1.417153105,-12.590751300,-0.056083295,-1.712777768,-0.003928212
9.283000,1.411160393,-1.166359723,-12.456968335,-0.051800349,-1.625158501,-0.001108511
9.284000,1.944490073,-1.162831686,-12.381858799,-0.044967769,-1.525167048,-0.005528162
9.285000,2.567325700,-1.143797565,-12.467107781,-0.041004747,-1.428972887,-0.008924494
9.286000,3.147175374,-0.870729987,-12.440723788,-0.064671068,-1.328358506,-0.004255056
9.287000,3.618649173,-0.439660466,-12.094429232,-0.091312266,-1.239439744,-0.008497791
9.288000,4.068168723,-0.037495547,-11.728926456,-0.117623582,-1.146153448,-0.017866918
9.289000,4.356852372,0.119076364,-11.527253116,-0.120161754,-1.056720603,-0.026193730
9.290000,4.477034421,0.144554625,-11.498229844,-0.125496327,-0.978298304,-0.039425060
9.291000,4.572814543,0.266941119,-11.312813721,-0.115889757,-0.906011685,-0.049625960
9.292000,4.555320999,0.293267927,-11.130682797,-0.108539889,-0.839294032,-0.062757239
9.293000,4.568394774,0.328914823,-10.652292430,-0.105075850,-0.775419215,-0.070350146
9.294000,4.575239496,0.550194453,-10.397266669,-0.117131745,-0.719231524,-0.071382968
9.295000,4.418260731,0.793581300,-10.189761505,-0.113553344,-0.649958258,-0.082498723
9.296000,4.086683599,0.735881748,-9.867411240,-0.102736687,-0.587573124,-0.101464574
9.297000,3.838416695,0.595517002,-9.677233044,-0.095354076,-0.531414917,-0.112221864
9.298000,3.638649051,0.701478389,-9.584176915,-0.085135943,-0.476237293,-0.116768698
9.299000,3.542821776,0.976011718,-9.320842126,-0.080050821,-0.407809438,-0.122923739
9.300000,3.398297326,1.059238377,-8.976796220,-0.087505854,-0.337030825,-0.134624611
9.301000,3.247827639,0.893027998,-8.546144497,-0.094229596,-0.269014838,-0.148076066
9.302000,3.090880885,0.776669911,-8.073214797,-0.088688441,-0.210940979,-0.156680015
9.303000,2.922848751,0.744377786,-7.827427072,-0.077701683,-0.151566694,-0.163109222
9.304000,2.681720076,0.874511671,-7.612552744,-0.065882899,-0.090678660,-0.173861112
9.305000,2.474130203,0.759809709,-7.388904192,-0.048603043,-0.026249419,-0.188569966
9.306000,2.263468629,0.453725106,-7.241274429,-0.037597771,0.032303238,-0.197773690
9.307000,2.143731618,0.292194276,-7.061092517,-0.023165690,0.090765841,-0.208708637
9.308000,2.093537850,0.253252813,-6.832871506,-0.025443932,0.152178818,-0.216660045
9.309000,2.105913405,0.409002450,-6.484293826,-0.033990605,0.219764137,-0.219634308
9.310000,2.084317204,0.499627420,-6.207919775,-0.039092312,0.277017762,-0.224307466
9.311000,2.036316172,0.354317675,-6.007399877,-0.029951128,0.338819604,-0.230420675
9.312000,1.999726021,0.199913750,-5.689184891,-0.024796230,0.397620384,-0.234927183
9.313000,2.022405081,0.188065864,-5.592784937,-0.015170737,0.460025130,-0.237406730
9.314000,2.022767505,0.317016635,-5.293363724,-0.017790608,0.518159230,-0.243831309
9.315000,2.097345617,0.350047184,-5.072817935,-0.016472947,0.565259291,-0.250005164
9.316000,2.120548035,0.282920792,-4.740610387,-0.028359148,0.607759575,-0.255299007
9.317000,2.179294421,0.306746964,-4.560529542,-0.025819390,0.649378747,-0.261623990
9.318000,2.210154825,0.370097688,-4.383430752,-0.025801387,0.684838502,-0.265085976
9.319000,2.242756211,0.408518991,-4.366737861,-0.019795810,0.722909107,-0.264852428
9.320000,2.373918037,0.399260773,-4.245069628,-0.015391687,0.763276220,-0.261960712
9.321000,2.598634381,0.381539501,-3.936784442,-0.017127302,0.803718327,-0.257476787
9.322000,2.731298568,0.471104937,-3.771072456,-0.030192043,0.841757975,-0.253368216
9.323000,2.857737353,0.534014656,-3.548080461,-0.037591695,0.875663638,-0.253168253
9.324000,2.967589948,0.554710894,-3.443532991,-0.050717390,0.900596728,-0.249713330
9.325000,3.024323442,0.560556504,-3.411957024,-0.041232336,0.925860955,-0.251773400
9.326000,3.109922748,0.389233571,-3.226783336,-0.028724222,0.948268656,-0.255394838
9.327000,3.321308828,0.163573502,-3.130268164,-0.019252694,0.971331230,-0.252478961
9.328000,3.551652381,0.268587441,-3.198627814,-0.016927751,0.997587526,-0.248203842
9.329000,3.757464935,0.452784661,-3.251358957,-0.013455968,1.018509707,-0.247677950
9.330000,3.878066081,0.392896018,-3.133542085,-0.015071415,1.034182081,-0.245736550
9.331000,4.017123196,0.176104754,-2.960836396,-0.006690902,1.046538498,-0.242271448
9.332000,4.150375158,-0.078990945,-2.856891864,0.011523887,1.060284809,-0.238024722
9.333000,4.287857038,-0.203317022,-2.629867273,0.026502868,1.069887981,-0.233018550
9.334000,4.459464952,-0.202832486,-2.555871780,0.027222952,1.077251596,-0.224688156
9.335000,4.687019111,-0.113083763,-2.536153097,0.020212909,1.082850963,-0.218410601
9.336000,4.775281747,0.028612245,-2.494225924,0.003412367,1.085824251,-0.214552844
9.337000,4.842406992,0.034341178,-2.461878687,0.002982572,1.082761435,-0.212081495
9.338000,4.816315290,-0.105786497,-2.291174240,0.012164892,1.073064904,-0.209201081
9.339000,4.798221133,-0.163125386,-2.164512725,0.022517700,1.057386017,-0.202137893
9.340000,4.853496952,-0.172442285,-2.030745432,0.026519032,1.047053879,-0.193483738
9.341000,4.958357951,-0.047780833,-1.883003824,0.019603048,1.034637838,-0.185413556
9.342000,5.010974927,0.111963240,-1.780091732,-0.001191648,1.019567152,-0.180753810
9.343000,5.008543735,0.241184663,-1.703978354,-0.017670454,1.000625669,-0.178449315
9.344000,4.886842497,0.351082868,-1.709287843,-0.015233891,0.979888361,-0.175867804
9.345000,4.754310579,0.337338596,-1.669593713,0.002043079,0.960307243,-0.172849663
9.346000,4.632148029,0.206555319,-1.545585160,0.012861755,0.933981686,-0.165795768
9.347000,4.550349552,0.149120143,-1.397627919,0.010928287,0.906401686,-0.153985324
9.348000,4.450516994,0.198774366,-1.265253031,-0.006152937,0.879523421,-0.140981211
9.349000,4.299719109,0.348026290,-1.250157004,-0.028634795,0.852803450,-0.130447732
9.350000,4.058914755,0.397143085,-1.157842845,-0.042106622,0.822667693,-0.122966452
9.351000,3.715628646,0.316416932,-1.093804161,-0.039163692,0.783593320,-0.112471596
9.352000,3.372817302,0.215672462,-0.948767480,-0.026285376,0.741989232,-0.102111375
9.353000,3.057227407,0.202865552,-0.975315698,-0.014001438,0.700828592,-0.090196468
9.354000,2.745706291,0.190476535,-0.904034709,-0.013021416,0.661423623,-0.080833496
9.355000,2.396298228,0.116483115,-0.870419817,-0.021838997,0.617759869,-0.071438352
9.356000,2.098619974,0.105026717,-0.852950240,-0.037281986,0.575446736,-0.063981514
9.357000,1.795166843,0.145840536,-0.650848781,-0.038235001,0.535015905,-0.059765662
9.358000,1.503538736,0.087137209,-0.383211109,-0.038768247,0.488906652,-0.054508770
9.359000,1.154108542,0.125364735,-0.188875559,-0.037129012,0.436992263,-0.043766973
9.360000,0.798534722,0.308475162,-0.116651046,-0.037409763,0.384269845,-0.029305530
9.361000,0.537995657,0.459068152,-0.034248690,-0.041102600,0.341829073,-0.014014814
9.362000,0.333323192,0.477748860,-0.013334737,-0.052557540,0.308331443,0.001382263
9.363000,0.150274299,0.507317792,0.084003949,-0.063464704,0.273918471,0.015140281
9.364000,-0.059703039,0.544802257,0.219555389,-0.068793340,0.238472399,0.028996687
9.365000,-0.288620516,0.457758711,0.300049133,-0.072418949,0.198040381,0.043240133
9.366000,-0.416322372,0.380503364,0.264814186,-0.077961093,0.156614156,0.060369248
9.367000,-0.468064502,0.416889682,0.220100700,-0.086842288,0.114602298,0.079674934
9.368000,-0.505438574,0.497683599,0.186797091,-0.100023295,0.075750759,0.098198478
9.369000,-0.531877355,0.495750911,0.201894293,-0.113485785,0.038614402,0.113893036
9.370000,-0.554223849,0.515325450,0.267978126,-0.128410056,-0.001731449,0.129924044
9.371000,-0.613231859,0.492338299,0.258509259,-0.135788216,-0.043095719,0.141880070
9.372000,-0.648443753,0.429203553,0.214954622,-0.141448857,-0.085528306,0.152163197
9.373000,-0.636808799,0.403942784,0.129123003,-0.146149645,-0.123978246,0.159377463
9.374000,-0.571038300,0.465263419,0.035741636,-0.147982143,-0.162336951,0.164631253
9.375000,-0.474608690,0.514205757,-0.025653746,-0.144748823,-0.195622657,0.168684791
9.376000,-0.434414855,0.508411909,-0.168546202,-0.137449218,-0.223230926,0.172091612
9.377000,-0.373565248,0.506537058,-0.145032090,-0.128816066,-0.247729425,0.176633548
9.378000,-0.249375363,0.497262323,-0.034467726,-0.114411675,-0.272277698,0.192195617
9.379000,-0.242310310,0.574469175,-0.075150635,-0.099356138,-0.285933624,0.206606000
9.380000,-0.149746569,0.601629631,-0.184979957,-0.086605967,-0.289163935,0.215504232
9.381000,-0.011781882,0.485709017,-0.147229910,-0.080989128,-0.295095898,0.221166648
9.382000,0.069815524,0.341956639,-0.095434810,-0.077411915,-0.305934975,0.224522335
9.383000,0.127359062,0.250792547,0.073584966,-0.075086466,-0.320795502,0.223350017
9.384000,0.158976109,0.295647981,0.426204298,-0.079936161,-0.341786723,0.217923143
9.385000,0.154850978,0.427115078,0.686035670,-0.080086439,-0.358985041,0.210245539
9.386000,0.160782501,0.446266120,0.643463183,-0.072438192,-0.367990281,0.202813212
9.387000,0.154129105,0.355791386,0.451361713,-0.055398406,-0.374439831,0.195286660
9.388000,0.204704154,0.062837493,0.379381531,-0.037194398,-0.389614158,0.189248348
9.389000,0.319788330,-0.147194540,0.428291728,-0.023977466,-0.405962906,0.187481162
9.390000,0.335062937,-0.046232068,0.701762543,-0.015603857,-0.422008065,0.180745129
9.391000,0.311195842,0.059415087,0.954120206,-0.009778750,-0.437004467,0.166625930
9.392000,0.256247010,-0.017706326,1.224508678,-0.003111791,-0.452741918,0.155799673
9.393000,0.197258293,-0.172728270,1.220172242,0.005128855,-0.467225221,0.148284719
9.394000,0.122344286,-0.219289733,1.102309953,0.017382446,-0.481391514,0.140610756
9.395000,0.050196333,-0.273634358,1.154890809,0.024177118,-0.497816613,0.135276056
9.396000,0.024184567,-0.283245376,1.314004303,0.021448612,-0.509328812,0.132527061
9.397000,-0.022130584,-0.213159086,1.414548970,0.014069872,-0.516054771,0.129065870
9.398000,-0.099254463,-0.193520937,1.669412787,0.004874098,-0.525791805,0.123447529
9.399000,-0.228313727,-0.286864453,1.901286359,-0.001983785,-0.537428311,0.118782924
9.400000,-0.359194061,-0.364894282,2.106587481,-0.003364955,-0.547888528,0.114237094
9.401000,-0.453711267,-0.358674148,2.094641076,-0.008427894,-0.556201353,0.110030140
9.402000,-0.542549706,-0.336853686,2.127579916,-0.013085810,-0.560077276,0.106068879
9.403000,-0.623086886,-0.335175341,2.156029513,-0.019720509,-0.559396685,0.104125700
9.404000,-0.715343879,-0.295663274,2.266739587,-0.021827421,-0.559140040,0.100835265
9.405000,-0.857510464,-0.331833414,2.386467059,-0.022953472,-0.561206296,0.096254572
9.406000,-1.041129805,-0.440688259,2.468776568,-0.020788480,-0.563924997,0.090148249
9.407000,-1.204287697,-0.489092446,2.523912478,-0.016469440,-0.565397914,0.084242482
9.408000,-1.345457045,-0.534862100,2.446308569,-0.010395382,-0.559824480,0.076237901
9.409000,-1.433187846,-0.584240790,2.372526725,-0.007529134,-0.552378664,0.067190425
9.410000,-1.451782809,-0.638795265,2.368164332,-0.004169693,-0.540424407,0.058106088
9.411000,-1.530779274,-0.669072073,2.420059944,-0.004924591,-0.529247917,0.047229583
9.412000,-1.606278148,-0.808523180,2.566808502,-0.003427193,-0.523015772,0.035575537
9.413000,-1.691864344,-0.913699655,2.709262222,-0.006475647,-0.518992308,0.027996084
9.414000,-1.752531553,-0.887646354,2.786063573,-0.006716938,-0.514474133,0.020140382
9.415000,-1.818465802,-0.855744744,2.912434795,-0.010140280,-0.508615479,0.010828239
9.416000,-1.870955026,-0.853443201,2.959896454,-0.008322073,-0.500532202,0.005448665
9.417000,-1.937492173,-0.855929558,3.006506973,-0.005897152,-0.494007165,0.001593027
9.418000,-1.976119662,-0.915694301,3.086295888,0.002548776,-0.488114193,-0.003692729
9.419000,-2.014982308,-0.959641202,3.238925981,0.005264406,-0.483413394,-0.007120645
9.420000,-1.978596241,-0.849266370,3.412273574,0.000545987,-0.472406264,-0.008661944
9.421000,-1.928701037,-0.696002354,3.608562287,-0.007404408,-0.458789352,-0.014380235
9.422000,-1.842338429,-0.602606432,3.759909299,-0.013077039,-0.441516033,-0.020457534
9.423000,-1.781367094,-0.489041463,3.790176550,-0.019110635,-0.418752421,-0.025719376
9.424000,-1.705760014,-0.395197515,3.759378973,-0.020460388,-0.393154508,-0.034569644
9.425000,-1.605405601,-0.263855684,3.556124338,-0.024884921,-0.360742631,-0.038529523
9.426000,-1.439684085,-0.139650853,3.467090491,-0.028537595,-0.321780533,-0.040181242
9.427000,-1.247378533,0.023484710,3.513981440,-0.033077141,-0.286540155,-0.044391804
9.428000,-1.053460508,0.000720949,3.636187018,-0.029515616,-0.248796300,-0.049236271
9.429000,-0.971512977,-0.087324937,3.675276545,-0.027850705,-0.210707715,-0.053038437
9.430000,-0.856689608,-0.160632197,3.562524510,-0.024827772,-0.174859302,-0.060342634
9.431000,-0.712016460,-0.045473298,3.440416133,-0.026975578,-0.133516258,-0.069372289
9.432000,-0.545416249,0.021828976,3.482358658,-0.029680120,-0.083891806,-0.077277619
9.433000,-0.312721863,0.145399454,3.522337221,-0.033499904,-0.028553023,-0.085596481
9.434000,-0.082921104,0.147247313,3.411531685,-0.025867745,0.028633996,-0.090514485
9.435000,0.090432647,0.130041326,3.332758636,-0.021590294,0.075440929,-0.091686600
9.436000,0.227972284,0.046580923,3.176311751,-0.010447461,0.126830130,-0.091884936
9.437000,0.425258465,-0.033548309,3.287573127,-0.006137875,0.180746081,-0.090736602
9.438000,0.604827322,-0.099093580,3.547292195,-0.006712621,0.235460173,-0.090739237
9.439000,0.858894960,-0.037498560,3.919524321,-0.020827056,0.290742306,-0.086867832
9.440000,1.087561873,0.172688158,3.933171782,-0.035216359,0.351234906,-0.087280247
9.441000,1.140622137,0.333412935,3.830022538,-0.043024777,0.403602942,-0.091870441
9.442000,1.171027919,0.271083441,3.691221550,-0.037539525,0.458130927,-0.092795395
9.443000,1.204541162,0.156334754,3.678484729,-0.031299341,0.509486889,-0.088196420
9.444000,1.316107620,0.246797182,3.707119625,-0.028464212,0.572278392,-0.085410424
9.445000,1.437643758,0.376169002,3.941233592,-0.038903484,0.638026906,-0.083439549
9.446000,1.560956991,0.465867548,4.069950583,-0.060191080,0.698789742,-0.082043852
9.447000,1.646808620,0.651277965,4.045325610,-0.081279864,0.751928919,-0.083419509
9.448000,1.689195416,0.667462654,4.000060959,-0.071850453,0.806587816,-0.092949914
9.449000,1.682592339,0.433015177,4.236181091,-0.058499328,0.854601981,-0.097690201
9.450000,1.860954053,0.236559485,4.282165334,-0.041524408,0.907146233,-0.101610407
9.451000,1.958466284,0.348790589,4.492302922,-0.033718586,0.956570591,-0.105242708
9.452000,2.088670924,0.335205995,4.771693576,-0.036915622,1.005033637,-0.108461539
9.453000,2.119968681,0.404958394,4.932835872,-0.059163958,1.056565885,-0.107170084
9.454000,2.214128253,0.490268063,4.975833109,-0.070286888,1.106231794,-0.105672723
9.455000,2.201352441,0.468479805,5.159935707,-0.062550217,1.157205452,-0.102452126
9.456000,2.297566997,0.460594655,5.376940607,-0.047533340,1.213007316,-0.098425149
9.457000,2.370543685,0.403815543,5.539574619,-0.033901793,1.266983428,-0.095681488
9.458000,2.435354422,0.161803653,5.822670694,-0.019094377,1.321401616,-0.093110775
9.459000,2.538953091,0.128345179,6.098556498,-0.028475136,1.377086487,-0.092080863
9.460000,2.623853610,0.267446693,6.122528737,-0.037096001,1.424651328,-0.094885926
9.461000,2.597328012,0.367423474,6.277645105,-0.047225161,1.475108150,-0.097464181
9.462000,2.507614240,0.348733095,6.329222672,-0.050577991,1.527466139,-0.106788859
9.463000,2.438252372,0.384781109,6.446040326,-0.038329724,1.574063893,-0.114733352
9.464000,2.336853167,0.350188237,6.631359718,-0.010747158,1.621520368,-0.117796378
9.465000,2.334593002,0.317511478,6.748382558,-0.004373297,1.675861423,-0.117518160
9.466000,2.501588155,0.409077787,6.768652685,-0.011369924,1.729825778,-0.112360704
9.467000,2.568483993,0.575286402,6.966662785,-0.025094031,1.789633621,-0.110738398
9.468000,2.520242143,0.550675919,7.265909654,-0.031264178,1.845664655,-0.110864790
9.469000,2.505041857,0.413138864,7.604772571,-0.033449703,1.893362378,-0.107107628
9.470000,2.489158504,0.202602103,7.827065738,-0.015293256,1.937741823,-0.104560397
9.471000,2.576227935,-0.077392506,8.033926503,0.005281795,1.980437867,-0.096131592
9.472000,2.694248222,-0.294979225,8.199953505,0.008691431,2.026428959,-0.083518573
9.473000,2.859259280,-0.195255201,8.199870366,0.006087516,2.070486153,-0.074924700
9.474000,2.913980056,-0.207839495,8.478233343,0.013734356,2.114194038,-0.067635071
9.475000,2.920165405,-0.325226746,8.763754981,0.013235307,2.156830145,-0.056812679
9.476000,2.952334208,-0.443271450,8.992470815,0.022788641,2.194255377,-0.044919908
9.477000,3.000162289,-0.469931344,9.170952835,0.039510677,2.240338848,-0.033337273
9.478000,3.017263219,-0.543655427,9.403023356,0.059974913,2.297854073,-0.021213672
9.479000,3.140845863,-0.565991922,9.241788256,0.073985968,2.355453692,-0.009488069
9.480000,3.180381058,-0.698061878,9.056176865,0.090587555,2.419058203,-0.003109227
9.481000,3.259668361,-0.820113064,8.821386561,0.100924443,2.482747722,0.007070138
9.482000,3.334032434,-0.922790446,8.798881996,0.109984092,2.539365981,0.011838965
9.483000,3.371890641,-1.095609125,9.041376668,0.126710663,2.592379091,0.013809683
9.484000,3.566948130,-1.159727877,9.522373654,0.129158379,2.648607425,0.020041222
9.485000,3.786360114,-0.856349412,9.787921153,0.137403084,2.712445998,0.024751114
9.486000,4.002164466,-0.548717814,9.805891796,0.152436952,2.771829884,0.028625906
9.487000,4.801701503,-0.205814884,9.452763117,0.143832219,2.841514213,0.043210050
9.488000,5.969957529,0.373064445,9.465539231,0.116577544,2.950668731,0.050287799
9.489000,7.116489894,0.869880811,10.168309475,0.091349254,3.046664479,0.051290791
9.490000,8.199720149,0.986183197,10.489610851,0.058346677,3.143388903,0.056667075
9.491000,8.966083494,1.102230236,10.082949467,0.049145719,3.231891909,0.050209427
9.492000,9.901810019,0.912404406,9.921794792,0.063974921,3.318027845,0.040361304
9.493000,10.859631032,0.431121564,9.940308547,0.066169724,3.410499134,0.041117813
9.494000,11.514028383,0.070447543,9.972436074,0.084888967,3.491822176,0.034263597
9.495000,11.908444650,-0.250448961,10.264471374,0.106045893,3.552173033,0.028295985
9.496000,12.100776173,-0.835668681,10.251430786,0.130925580,3.609762342,0.025727262
9.497000,12.212511937,-1.379896620,10.210761783,0.144741388,3.667230065,0.021652267
9.498000,12.184218508,-1.886096530,10.142712153,0.155576959,3.707897963,0.020919541
9.499000,11.887948338,-2.196480172,10.307674841,0.176174410,3.737752240,0.019121441
9.500000,11.446133759,-2.422771258,10.470212838,0.211013899,3.746796031,0.024991166
9.501000,10.770104392,-2.750103683,10.977503863,0.232232226,3.753385489,0.018070526
9.502000,9.968632417,-2.704511618,11.165293904,0.231229366,3.755345289,0.012129048
9.503000,9.254446949,-2.231837534,11.436630393,0.211629478,3.750733513,0.014218387
9.504000,8.425139257,-1.718466589,11.602554641,0.202620997,3.742153933,0.021805912
9.505000,7.513802570,-1.176412437,11.939272781,0.190150270,3.729810969,0.037214730
9.506000,6.758008340,-0.469535890,12.255706714,0.165007076,3.723099021,0.056929134
9.507000,6.074126067,0.339714943,12.140138975,0.128572257,3.719367360,0.071563914
9.508000,5.521113782,0.860960183,12.075937198,0.101003678,3.713339643,0.087751726
9.509000,5.046871791,1.096986644,12.032122724,0.080102344,3.706149711,0.100124167
9.510000,4.785715847,1.291954785,12.144190178,0.069289148,3.695816266,0.103251759
9.511000,4.618616658,1.357986077,12.300543071,0.061127247,3.691016315,0.107934813
9.512000,4.565963140,1.265947785,12.229460444,0.073591474,3.688648297,0.114476588
9.513000,4.703432375,0.960381398,11.943161541,0.093370955,3.695452429,0.125846180
9.514000,5.063421029,0.498084519,11.811837284,0.106440917,3.699757080,0.135884589
9.515000,5.591089592,0.068425621,11.927610295,0.121498074,3.704104574,0.149527775
9.516000,6.210555699,-0.327135136,11.780326423,0.154334714,3.715983830,0.168960116
9.517000,6.902141359,-0.815883400,11.961699669,0.205274892,3.733517174,0.188134864
9.518000,7.415857864,-1.332091447,12.078191922,0.247229804,3.748188254,0.205125463
9.519000,8.073890180,-1.690198450,12.120774024,0.270254271,3.758396446,0.202223070
9.520000,8.695694433,-2.084635013,12.326969022,0.281806651,3.763498108,0.174284965
9.521000,9.293722843,-2.077832283,13.009895462,0.260599858,3.763805040,0.134018703
9.522000,9.894690638,-1.850760517,13.681260120,0.237040928,3.763493379,0.071599584
9.523000,10.350163520,-1.378243151,13.990071352,0.206456691,3.755955534,-0.000304217
9.524000,10.742648482,-0.729089542,13.865466924,0.171741605,3.739709904,-0.051790682
9.525000,11.096996727,-0.023763460,13.596276110,0.124884168,3.725500264,-0.081503865
9.526000,11.024105417,0.630661409,13.519405121,0.103011253,3.711575047,-0.090217247
9.527000,10.849217671,0.963811469,13.752526924,0.098078440,3.694853183,-0.080779001
9.528000,10.683630168,1.000268777,13.631318222,0.102018857,3.675077920,-0.061662415
9.529000,10.343968709,0.776836923,13.494193056,0.106517091,3.650866769,-0.046525331
9.530000,9.936837995,0.396138263,13.355178413,0.112927082,3.602776293,-0.036758867
9.531000,9.324992400,-0.024931985,13.624495088,0.116357249,3.547124831,-0.038488961
9.532000,8.672024913,-0.278477355,13.882159404,0.119660005,3.486580682,-0.041503494
9.533000,7.696247186,-0.608720296,14.187658251,0.124601954,3.428374002,-0.055113637
9.534000,6.688657390,-0.927065363,13.870232089,0.135159164,3.355888479,-0.071586111
9.535000,5.738714656,-1.074064685,13.482130523,0.156523641,3.275436557,-0.091412668
9.536000,5.010333549,-1.202237186,13.338905874,0.179220467,3.194415574,-0.111795141
9.537000,4.354632074,-1.371925938,13.604734743,0.193324810,3.108311617,-0.133046634
9.538000,3.798695813,-1.371136162,13.929530743,0.215966774,3.027768663,-0.162612613
9.539000,3.461102020,-1.355533098,13.914104302,0.235043129,2.967318960,-0.191271586
9.540000,3.364545187,-1.240501065,13.337363925,0.240314141,2.924284834,-0.209431150
9.541000,3.441872631,-1.011096154,13.087548915,0.248240068,2.886200695,-0.235026431
9.542000,3.619660672,-0.765870064,13.165153744,0.251776883,2.851138783,-0.251854655
9.543000,3.751692405,-0.544378264,13.345964548,0.240620912,2.813835993,-0.255359930
9.544000,3.871710601,-0.271494339,13.335069058,0.224204416,2.773949970,-0.255969600
9.545000,3.953407012,0.012033266,13.067988601,0.202092369,2.730608015,-0.249303514
9.546000,4.098097153,0.365156986,12.675996323,0.174994362,2.685131385,-0.236780869
9.547000,4.161270478,0.640377612,12.401448523,0.173500295,2.640138444,-0.235590680
9.548000,4.358945159,0.488077909,12.379291432,0.183530910,2.592577415,-0.229862874
9.549000,4.601876748,0.183312911,12.299844874,0.186039260,2.549745453,-0.228295667
9.550000,4.881975763,-0.012079309,11.852551210,0.194055258,2.508648635,-0.236328137
9.551000,5.113695324,-0.384447701,11.255646899,0.194642842,2.465768606,-0.240144307
9.552000,5.395022722,-0.788366365,10.808646219,0.213043452,2.418885919,-0.244783351
9.553000,5.535192630,-1.092406050,10.740483908,0.246702857,2.369307829,-0.254635643
9.554000,5.584869047,-1.467530848,10.620719675,0.284149469,2.316403846,-0.265497923
9.555000,5.622002577,-1.805764078,10.344220641,0.300388355,2.259443097,-0.274631878
9.556000,5.709226627,-1.858991073,10.026127052,0.310689711,2.206142656,-0.285494963
9.557000,5.740096780,-1.778555521,9.805578415,0.307560947,2.146816354,-0.292432781
9.558000,5.690152269,-1.603493258,9.602809201,0.300201721,2.090047141,-0.295580794
9.559000,5.594219219,-1.239267409,9.542822418,0.298978480,2.023501243,-0.295301447
9.560000,5.317472287,-1.064990110,9.459819285,0.306102259,1.954006256,-0.294123217
9.561000,4.941433151,-1.055359153,9.489161005,0.302528825,1.873338224,-0.290163257
9.562000,4.590641799,-0.976715884,9.419233405,0.289442769,1.806121132,-0.283044412
9.563000,4.216576972,-0.686148345,9.155066915,0.267130904,1.740103698,-0.275410841
9.564000,3.766738471,-0.467768069,8.854863753,0.260053020,1.672449474,-0.262256359
9.565000,3.226978166,-0.271515547,8.718235189,0.267544933,1.594262044,-0.242349566
9.566000,2.779676898,-0.199052900,8.471692152,0.287238933,1.524973340,-0.224406155
9.567000,2.323956471,-0.233957773,8.289887743,0.286792850,1.452548683,-0.210422236
9.568000,2.034437006,-0.265782105,8.078129154,0.279899754,1.385777193,-0.201513457
9.569000,1.720596905,-0.066954939,7.804650071,0.274173861,1.317924082,-0.195891321
9.570000,1.477141272,0.024133232,7.692951059,0.282374808,1.258028940,-0.194137904
9.571000,1.245083606,0.066273697,7.564177947,0.285638877,1.196897081,-0.188699076
9.572000,1.082405807,0.050517589,7.355562736,0.301336795,1.140016287,-0.184533822
9.573000,0.934814774,0.011927372,7.191996205,0.311088048,1.081823042,-0.185064897
9.574000,0.917812965,-0.088457323,7.029951337,0.315911820,1.028118396,-0.187483847
9.575000,0.986694075,0.000641569,6.736577946,0.310968406,0.981103556,-0.191117711
9.576000,1.042013005,-0.104508308,6.404867594,0.312431731,0.943375886,-0.193484383
9.577000,1.102344344,-0.243018957,6.135836859,0.309209879,0.903638672,-0.195382222
9.578000,1.262802948,-0.412045227,5.859031142,0.309188335,0.852770941,-0.195595205
9.579000,1.299842093,-0.418008854,5.836759771,0.319951007,0.809898246,-0.194942646
9.580000,1.340666508,-0.530052029,5.763696249,0.328629172,0.770830927,-0.195984848
9.581000,1.463706244,-0.568570892,5.473295367,0.328726541,0.734614713,-0.192918136
9.582000,1.541393658,-0.494606827,5.148331203,0.327142047,0.702007843,-0.189928426
9.583000,1.513558043,-0.421053818,4.955286951,0.322198314,0.663499118,-0.189214905
9.584000,1.494081747,-0.426205153,4.870279061,0.318403062,0.623615049,-0.186343870
9.585000,1.502779366,-0.285319894,4.924336976,0.311685633,0.584830900,-0.178827946
9.586000,1.457818409,-0.164643902,4.837095925,0.308330287,0.548009712,-0.174700080
9.587000,1.389428836,-0.076826415,4.711568001,0.305510106,0.514199352,-0.168667231
9.588000,1.360101533,-0.043263780,4.560385894,0.299388122,0.480996242,-0.160657932
9.589000,1.320963699,0.076594015,4.398166847,0.286486115,0.449929881,-0.151014134
9.590000,1.308317104,0.181185110,4.424294502,0.274409923,0.420179411,-0.140938097
9.591000,1.214777247,0.279818543,4.416400355,0.262235753,0.394082658,-0.134868888
9.592000,1.046849169,0.438781801,4.377563040,0.249023599,0.370592821,-0.126020876
9.593000,0.919499138,0.674464300,4.212365106,0.237059017,0.350520374,-0.117108197
9.594000,0.811411542,0.842718725,3.955277896,0.229139813,0.337178238,-0.108705902
9.595000,0.685329165,0.929288489,3.690740857,0.225210472,0.325665322,-0.101179477
9.596000,0.578779756,0.814834837,3.570747730,0.222870812,0.315714543,-0.096730999
9.597000,0.591403903,0.690004406,3.483520376,0.215343727,0.305968712,-0.090294904
9.598000,0.606287203,0.585979866,3.378953103,0.211909696,0.300698793,-0.085364061
9.599000,0.651727799,0.452354833,3.250689125,0.203720486,0.296613057,-0.079123168
9.600000,0.677935706,0.189510960,3.095005851,0.206380394,0.294026046,-0.072179072
9.601000,0.675949007,-0.012676357,2.981252750,0.213525459,0.290383267,-0.064314628
9.602000,0.707773571,-0.200279319,2.885480456,0.227936235,0.286335783,-0.049714143
9.603000,0.790778436,-0.359050430,2.739043619,0.237952469,0.281193813,-0.030694360
9.604000,0.863442759,-0.425913485,2.662761326,0.239910721,0.275637193,-0.012564290
9.605000,0.883822833,-0.432203285,2.701838041,0.231844719,0.272090434,0.001031413
9.606000,0.866899758,-0.532905460,2.720575749,0.218431536,0.268554963,0.006495738
9.607000,0.814483528,-0.678785098,2.677509394,0.196173183,0.263957155,0.004311711
9.608000,0.807324829,-0.694413482,2.503108668,0.174558598,0.261397961,-0.001477848
9.609000,0.833273933,-0.578103565,2.367314016,0.154721265,0.259292863,-0.009869994
9.610000,0.914073011,-0.462337036,2.260361777,0.141153358,0.259466993,-0.017418137
9.611000,1.080970259,-0.353566829,2.114123729,0.134059826,0.261508090,-0.019196248
9.612000,1.286266242,-0.308664450,1.989001844,0.132554610,0.262005238,-0.008257123
9.613000,1.399118085,-0.300185158,1.828752155,0.127830540,0.258352559,0.010340996
9.614000,1.455321538,-0.159500066,1.675129888,0.117133247,0.252941697,0.035012171
9.615000,1.507467475,0.115675829,1.570878454,0.098346942,0.247243360,0.064394384
9.616000,1.549064340,0.442079348,1.510935179,0.083879999,0.242058757,0.091584048
9.617000,1.508231090,0.670792698,1.429131738,0.077189170,0.238888515,0.112888971
9.618000,1.445229672,0.717744831,1.250170196,0.079206341,0.235340805,0.128056461
9.619000,1.383435613,0.614092409,1.042893054,0.085196507,0.230097085,0.143712634
9.620000,1.325474496,0.417196588,0.898989734,0.089681572,0.223317745,0.152695567
9.621000,1.353830310,0.205765239,0.907010637,0.089522332,0.214974838,0.155546625
9.622000,1.355167789,0.076967176,0.905111131,0.083491622,0.209296715,0.156295763
9.623000,1.324543932,0.084090664,0.694915123,0.082016794,0.209237172,0.154028742
9.624000,1.268638038,-0.065663861,0.468223633,0.092760748,0.207893560,0.146079943
9.625000,1.200853777,-0.287942683,0.186418079,0.114580620,0.203609363,0.133937219
9.626000,1.116579781,-0.545131710,0.058327751,0.148243398,0.198473720,0.119114239
9.627000,1.023076347,-0.666762837,-0.023315778,0.179314653,0.193352998,0.104176687
9.628000,0.948216343,-0.660482763,-0.198981838,0.204527461,0.191322029,0.086110236
9.629000,0.819664346,-0.602104105,-0.421068580,0.221270964,0.191899110,0.064782461
9.630000,0.733953270,-0.751846254,-0.521313539,0.237362292,0.187327106,0.042992362
9.631000,0.682627387,-0.982790457,-0.590991390,0.252922181,0.179479797,0.028780871
9.632000,0.586605970,-1.092721725,-0.657599376,0.271621443,0.172439339,0.021654512
9.633000,0.476360548,-1.060217905,-0.626887391,0.282827776,0.165145212,0.017290916
9.634000,0.367873954,-0.932262365,-0.639346245,0.274652587,0.162014222,0.016641549
9.635000,0.272580579,-0.686356983,-0.725334435,0.258487611,0.161938222,0.014786172
9.636000,0.180960633,-0.502227283,-0.717614745,0.244337016,0.160572011,0.008303096
9.637000,0.030297496,-0.387272410,-0.685842417,0.238423494,0.152753217,-0.002061939
9.638000,-0.157508349,-0.310007259,-0.850950826,0.243349821,0.144117660,-0.013573712
9.639000,-0.322198307,-0.254398865,-1.126840234,0.256301949,0.135574441,-0.022115958
9.640000,-0.480498037,-0.160146300,-1.341558457,0.264057904,0.128625404,-0.028349748
9.641000,-0.532515073,-0.050461559,-1.446259835,0.269022507,0.125700112,-0.031260211
9.642000,-0.511980163,0.086472897,-1.485960993,0.267671103,0.128608328,-0.031866493
9.643000,-0.498241411,0.172532351,-1.466516481,0.264362346,0.132816659,-0.035999404
9.644000,-0.532820675,0.173700388,-1.539250195,0.265712805,0.136690081,-0.042541324
9.645000,-0.599728339,0.105827250,-1.778232257,0.274252390,0.137811215,-0.046765589
9.646000,-0.678240069,0.046333846,-2.084983056,0.282858912,0.137442953,-0.050753412
9.647000,-0.706841823,0.003820738,-2.333341505,0.285291603,0.139095390,-0.051712376
9.648000,-0.683944156,0.008414854,-2.436810076,0.278361294,0.141462921,-0.049936711
9.649000,-0.673941078,0.023086074,-2.457095557,0.270621183,0.146380118,-0.048039487
9.650000,-0.709128162,-0.018165502,-2.484083914,0.267549405,0.150027712,-0.047690420
9.651000,-0.739742506,-0.231556943,-2.527807827,0.269733578,0.151887593,-0.047735251
9.652000,-0.749977116,-0.440553193,-2.632138530,0.270947053,0.154712945,-0.049012348
9.653000,-0.713709695,-0.424290439,-2.785498609,0.272356476,0.159757284,-0.052680740
9.654000,-0.597439968,-0.359411526,-2.812883975,0.266222218,0.166184227,-0.056579527
9.655000,-0.476024422,-0.303347719,-2.719249487,0.254348857,0.173786394,-0.058583995
9.656000,-0.368757016,-0.127984378,-2.702656430,0.241066945,0.182390352,-0.061641431
9.657000,-0.301485958,0.047340093,-2.697515578,0.238056384,0.190482571,-0.064171350
9.658000,-0.283840403,0.153397683,-2.794859769,0.239807485,0.196828635,-0.065724710
9.659000,-0.246986925,0.208516789,-2.971279533,0.242508289,0.204924783,-0.067502821
9.660000,-0.168690039,0.390446208,-3.185665260,0.237647137,0.213541057,-0.067898850
9.661000,-0.057050594,0.629841341,-3.300792651,0.228781567,0.224031556,-0.069993807
9.662000,0.031481856,0.854855591,-3.325504181,0.211970321,0.232054740,-0.072461003
9.663000,0.098858381,1.016406377,-3.460585089,0.202885972,0.243542290,-0.076397185
9.664000,0.138766651,1.079859596,-3.617016181,0.199949824,0.252577092,-0.082436437
9.665000,0.201924028,1.018718338,-3.805651680,0.206822255,0.261860184,-0.088418709
9.666000,0.278663754,0.841428987,-4.016216475,0.210454050,0.269730045,-0.094971807
9.667000,0.417048831,0.736243283,-4.142697782,0.209029929,0.279645545,-0.100588598
9.668000,0.537554703,0.647975871,-4.097490284,0.200352846,0.287212160,-0.110497778
9.669000,0.658027676,0.504205677,-4.012780471,0.191478406,0.292205041,-0.118849913
9.670000,0.787220819,0.320871036,-3.944955800,0.181224252,0.293936985,-0.124373717
9.671000,0.896443501,0.190425634,-3.960638267,0.176925386,0.293627743,-0.126123378
9.672000,0.942347728,0.161950350,-4.071714242,0.173761051,0.293538293,-0.121896301
9.673000,0.973932309,0.283425446,-4.193212027,0.171043594,0.295538314,-0.111962687
9.674000,0.992817603,0.371900349,-4.312214274,0.169900112,0.295375766,-0.098520741
9.675000,1.023896595,0.434197857,-4.420749756,0.170532392,0.294573119,-0.081551946
9.676000,0.985344274,0.503743239,-4.440249270,0.173734757,0.289523521,-0.067175898
9.677000,0.967614810,0.503313413,-4.511480129,0.186031989,0.282598918,-0.054805944
9.678000,0.943126460,0.410734087,-4.409467158,0.194216281,0.270586519,-0.045060087
9.679000,0.986623881,0.381005662,-4.359742975,0.193088387,0.262149351,-0.038437539
9.680000,1.086754748,0.471473041,-4.260766170,0.184552883,0.246770637,-0.032535073
9.681000,1.136040598,0.484420203,-4.104754836,0.173177923,0.232859171,-0.025604863
9.682000,1.170808945,0.465465255,-3.999390993,0.152896718,0.216339234,-0.015226680
9.683000,1.256140745,0.602577290,-4.013878619,0.133594312,0.202190130,-0.004156047
9.684000,1.237095509,0.710751333,-4.013251048,0.120829601,0.177718030,0.003914402
9.685000,1.123435006,0.548843824,-4.113931614,0.116598057,0.154989595,0.010391169
9.686000,1.113912468,0.402008067,-4.422515254,0.110646027,0.132553951,0.019462973
9.687000,1.199509701,0.368824525,-4.731702852,0.112251319,0.113194679,0.028011050
9.688000,1.280571730,0.278177964,-4.778096394,0.103744242,0.093529870,0.033497794
9.689000,1.495117289,0.185958112,-4.778906821,0.098445682,0.076954567,0.044656424
9.690000,1.715094931,0.179512508,-4.895758265,0.105886013,0.059996093,0.056063457
9.691000,1.831711990,-0.001304473,-5.078682107,0.116547695,0.037906041,0.069233051
9.692000,1.957741493,-0.133478192,-5.302394696,0.124352749,0.005311539,0.087714505
9.693000,2.067863968,-0.023506815,-5.634594429,0.141442587,-0.024681871,0.105836087
9.694000,2.099653746,-0.070839956,-5.606180665,0.151410731,-0.060655443,0.114699429
9.695000,2.165853689,-0.244475776,-5.515726831,0.155106742,-0.097297830,0.123659120
9.696000,2.111660726,-0.046088768,-5.519157426,0.156861656,-0.139433987,0.129545265
9.697000,2.109945083,0.260006289,-5.695988689,0.156711308,-0.184378502,0.132398185
9.698000,2.082824595,0.260534229,-5.796676371,0.158649204,-0.231424503,0.139696176
9.699000,2.054228815,0.229166523,-5.954229615,0.166891249,-0.277225839,0.143803016
9.700000,2.035269774,0.157864794,-6.267326420,0.179453691,-0.317171870,0.142038421
9.701000,2.004765073,-0.035867073,-6.439890020,0.190607448,-0.361345558,0.136132468
9.702000,2.026586023,-0.079603650,-6.554811026,0.183728914,-0.409273345,0.125839132
9.703000,2.074744556,0.043477577,-6.907365410,0.174596198,-0.455868442,0.112577195
9.704000,2.116278558,-0.007658082,-7.170548381,0.164690932,-0.504163509,0.097599242
9.705000,2.122889128,-0.340673288,-7.349103224,0.167713747,-0.557995984,0.081846270
9.706000,2.251842463,-0.393935208,-7.666225014,0.161146155,-0.613230944,0.079037087
9.707000,2.367081510,-0.118712138,-8.122019602,0.162513320,-0.659585719,0.081621350
9.708000,2.432166068,0.086655739,-8.408287802,0.154375719,-0.708892866,0.082647579
9.709000,2.523549237,0.087559924,-8.522346848,0.147509116,-0.760303239,0.083047572
9.710000,2.637238205,0.144625175,-8.578374818,0.135327305,-0.819166221,0.089192281
9.711000,2.673283545,-0.018736449,-8.648511798,0.143089408,-0.873864658,0.086513897
9.712000,2.789234749,-0.166800031,-8.749394413,0.139858257,-0.934568136,0.082691560
9.713000,2.931769615,-0.049457282,-9.075169695,0.135971771,-0.991593893,0.082881035
9.714000,2.918093286,0.096532869,-9.382281002,0.132476994,-1.053539314,0.077841460
9.715000,2.785632679,-0.126309405,-9.228061099,0.130890175,-1.138485174,0.067303304
9.716000,2.649732322,-0.189179900,-9.641890532,0.126320878,-1.217166524,0.065891762
9.717000,2.684934385,-0.120649417,-9.940456225,0.131350443,-1.277660272,0.068168804
9.718000,3.047964847,0.008089584,-10.405111541,0.119654908,-1.311159692,0.069221658
9.719000,3.559415991,0.130231097,-10.547493107,0.092812757,-1.346467513,0.071517543
9.720000,3.937941654,0.245150634,-10.850398958,0.062490099,-1.392357625,0.072721809
9.721000,4.149751625,0.158309137,-11.067158406,0.035237316,-1.452952317,0.065005451
9.722000,4.218612921,0.247602653,-11.507419789,0.008609444,-1.521981570,0.062420895
9.723000,4.219399525,0.398269101,-11.811244874,0.004974347,-1.588923679,0.060487290
9.724000,4.231006002,0.464769925,-11.978605312,0.006041004,-1.656134207,0.060460139
9.725000,4.315541541,0.332497601,-12.100847911,0.012535421,-1.715390961,0.062047174
9.726000,4.440485738,0.399225337,-12.308396215,0.004884038,-1.769771523,0.070433625
9.727000,4.591048363,0.518889852,-12.760718308,-0.003184304,-1.823580290,0.078119922
9.728000,4.649835660,0.789461236,-13.154848148,-0.025095242,-1.886543022,0.089404013
9.729000,4.701342671,0.834368642,-13.416744932,-0.026055416,-1.939711895,0.098803223
9.730000,4.659675770,0.760126454,-13.683087427,-0.020294672,-1.990674143,0.100728421
9.731000,4.749067757,0.577591654,-13.664555768,-0.017438983,-2.038548419,0.112227315
9.732000,4.903418800,0.659751304,-13.826251286,-0.035332285,-2.088542750,0.125683466
9.733000,5.046546151,0.852750839,-13.889985963,-0.048745180,-2.138628394,0.134822526
9.734000,5.083805464,0.971952532,-13.901935910,-0.074648826,-2.182286426,0.137781564
9.735000,5.074150045,0.755960662,-14.120862322,-0.081191947,-2.215660977,0.136119855
9.736000,4.788471490,0.313313066,-14.562405830,-0.081089203,-2.259672620,0.121659386
9.737000,4.203215711,-0.295398571,-14.965379120,-0.064880230,-2.314629904,0.101926707
9.738000,3.498172615,-0.801924801,-14.972415622,-0.064067397,-2.386602435,0.086665559
9.739000,2.627149402,-1.137913990,-14.888041678,-0.057959384,-2.464186942,0.071429608
9.740000,1.659279725,-1.361920397,-14.830836969,-0.047753428,-2.539614864,0.054766161
9.741000,0.660313459,-1.811019157,-15.005712153,-0.006887117,-2.602898443,0.033208603
9.742000,-0.246498039,-2.214906672,-14.977752764,0.025898936,-2.665335545,0.020142694
9.743000,-0.932259873,-2.279839777,-14.917750140,0.041318254,-2.727595815,0.025268022
9.744000,-1.387991806,-2.002455444,-14.717680121,0.031662360,-2.776984628,0.041018897
9.745000,-1.899903096,-1.572290123,-14.464467666,0.017335668,-2.817270948,0.051051377
9.746000,-2.243993979,-0.902019954,-14.382011521,0.003251551,-2.849734056,0.055360574
9.747000,-2.448006411,-0.450950093,-14.640342392,0.005497146,-2.869721996,0.055065251
9.748000,-2.215203338,0.112699249,-14.736991175,-0.008269861,-2.887284562,0.064697523
9.749000,-1.597277830,0.769443074,-14.978340357,-0.033589477,-2.885199241,0.086134605
9.750000,-0.793077053,1.374640603,-15.028060529,-0.062315295,-2.863902009,0.101982813
9.751000,0.196581996,1.585276484,-14.993047492,-0.078244728,-2.827746648,0.115944657
9.752000,1.293650053,1.665077254,-15.087842108,-0.097135003,-2.785550876,0.123791206
9.753000,2.426339155,1.731065191,-15.577492144,-0.107915939,-2.737376369,0.132387649
9.754000,3.618152512,1.438360538,-15.802543340,-0.119898549,-2.691043394,0.133064704
9.755000,4.828272792,1.001848033,-15.969370761,-0.121020394,-2.642113178,0.127988499
9.756000,6.032451271,0.485046422,-15.921780300,-0.116311974,-2.583457367,0.125167877
9.757000,7.104754612,-0.263782872,-16.080807105,-0.084881567,-2.527360541,0.116710405
9.758000,7.869361331,-1.174188201,-15.996083264,-0.047462557,-2.479506917,0.103495561
9.759000,8.566561226,-1.948970018,-16.019287354,-0.005738797,-2.438477036,0.093214284
9.760000,9.174978305,-2.502402339,-16.010742265,0.031880900,-2.393320070,0.088733587
9.761000,9.572745266,-2.984293936,-15.933452828,0.077684033,-2.343051204,0.081575502
9.762000,9.791648418,-3.269876302,-15.757985729,0.108581770,-2.299457527,0.070715634
9.763000,9.760988443,-3.374364455,-15.447971379,0.129176065,-2.270017075,0.060670114
9.764000,9.543760327,-3.184618182,-15.133350895,0.108134395,-2.249846930,0.065736096
9.765000,9.126311212,-2.683518608,-14.816860575,0.072504566,-2.241158271,0.074799705
9.766000,8.332016183,-1.868487612,-14.501061524,0.036456183,-2.235950059,0.085019187
9.767000,7.383480120,-1.101144297,-14.243319464,0.017519941,-2.232719022,0.095638529
9.768000,6.372138416,-0.545530321,-14.197366679,-0.005544340,-2.231250315,0.105164217
9.769000,5.204771758,-0.081986407,-14.262025584,-0.031661821,-2.224119485,0.111452715
9.770000,4.262937272,0.165000698,-14.249750935,-0.078085698,-2.210882332,0.118057397
9.771000,3.481272026,0.263961724,-13.905567747,-0.119169087,-2.195449931,0.115917380
9.772000,2.594436520,0.548910737,-13.718217829,-0.142126148,-2.177837553,0.104925515
9.773000,1.759365112,0.566757525,-13.537258263,-0.145354003,-2.165917298,0.090610556
9.774000,1.014786789,0.480502828,-13.646508640,-0.152281253,-2.147327454,0.078393919
9.775000,0.366064905,0.236392919,-13.709003137,-0.154299737,-2.120691227,0.064768705
9.776000,-0.047517551,-0.070273240,-13.359198555,-0.156319154,-2.092672180,0.050446874
9.777000,-0.270057845,-0.281292491,-13.061844680,-0.153003141,-2.052063492,0.040720064
9.778000,-0.525349664,-0.521424732,-13.218117002,-0.130243104,-2.002458362,0.026651359
9.779000,-0.641966761,-0.829090526,-13.559035889,-0.102825519,-1.939580676,0.010428392
9.780000,-0.314174463,-1.210784930,-13.480470963,-0.080287500,-1.867754585,0.001607399
9.781000,0.232942275,-1.416137704,-13.175521262,-0.064370564,-1.789649424,-0.001670210
9.782000,0.823951787,-1.417153105,-12.590751300,-0.056083295,-1.712777768,-0.003928212
9.783000,1.411160393,-1.166359723,-12.456968335,-0.051800349,-1.625158501,-0.001108511
9.784000,1.944490073,-1.162831686,-12.381858799,-0.044967769,-1.525167048,-0.005528162
9.785000,2.567325700,-1.143797565,-12.467107781,-0.041004747,-1.428972887,-0.008924494
9.786000,3.147175374,-0.870729987,-12.440723788,-0.064671068,-1.328358506,-0.004255056
9.787000,3.618649173,-0.439660466,-12.094429232,-0.091312266,-1.239439744,-0.008497791
9.788000,4.068168723,-0.037495547,-11.728926456,-0.117623582,-1.146153448,-0.017866918
9.789000,4.356852372,0.119076364,-11.527253116,-0.120161754,-1.056720603,-0.026193730
9.790000,4.477034421,0.144554625,-11.498229844,-0.125496327,-0.978298304,-0.039425060
9.791000,4.572814543,0.266941119,-11.312813721,-0.115889757,-0.906011685,-0.049625960
9.792000,4.555320999,0.293267927,-11.130682797,-0.108539889,-0.839294032,-0.062757239
9.793000,4.568394774,0.328914823,-10.652292430,-0.105075850,-0.775419215,-0.070350146
9.794000,4.575239496,0.550194453,-10.397266669,-0.117131745,-0.719231524,-0.071382968
9.795000,4.418260731,0.793581300,-10.189761505,-0.113553344,-0.649958258,-0.082498723
9.796000,4.086683599,0.735881748,-9.867411240,-0.102736687,-0.587573124,-0.101464574
9.797000,3.838416695,0.595517002,-9.677233044,-0.095354076,-0.531414917,-0.112221864
9.798000,3.638649051,0.701478389,-9.584176915,-0.085135943,-0.476237293,-0.116768698
9.799000,3.542821776,0.976011718,-9.320842126,-0.080050821,-0.407809438,-0.122923739
9.800000,3.398297326,1.059238377,-8.976796220,-0.087505854,-0.337030825,-0.134624611
9.801000,3.247827639,0.893027998,-8.546144497,-0.094229596,-0.269014838,-0.148076066
9.802000,3.090880885,0.776669911,-8.073214797,-0.088688441,-0.210940979,-0.156680015
9.803000,2.922848751,0.744377786,-7.827427072,-0.077701683,-0.151566694,-0.163109222
9.804000,2.681720076,0.874511671,-7.612552744,-0.065882899,-0.090678660,-0.173861112
9.805000,2.474130203,0.759809709,-7.388904192,-0.048603043,-0.026249419,-0.188569966
9.806000,2.263468629,0.453725106,-7.241274429,-0.037597771,0.032303238,-0.197773690
9.807000,2.143731618,0.292194276,-7.061092517,-0.023165690,0.090765841,-0.208708637
9.808000,2.093537850,0.253252813,-6.832871506,-0.025443932,0.152178818,-0.216660045
9.809000,2.105913405,0.409002450,-6.484293826,-0.033990605,0.219764137,-0.219634308
9.810000,2.084317204,0.499627420,-6.207919775,-0.039092312,0.277017762,-0.224307466
9.811000,2.036316172,0.354317675,-6.007399877,-0.029951128,0.338819604,-0.230420675
9.812000,1.999726021,0.199913750,-5.689184891,-0.024796230,0.397620384,-0.234927183
9.813000,2.022405081,0.188065864,-5.592784937,-0.015170737,0.460025130,-0.237406730
9.814000,2.022767505,0.317016635,-5.293363724,-0.017790608,0.518159230,-0.243831309
9.815000,2.097345617,0.350047184,-5.072817935,-0.016472947,0.565259291,-0.250005164
9.816000,2.120548035,0.282920792,-4.740610387,-0.028359148,0.607759575,-0.255299007
9.817000,2.179294421,0.306746964,-4.560529542,-0.025819390,0.649378747,-0.261623990
9.818000,2.210154825,0.370097688,-4.383430752,-0.025801387,0.684838502,-0.265085976
9.819000,2.242756211,0.408518991,-4.366737861,-0.019795810,0.722909107,-0.264852428
9.820000,2.373918037,0.399260773,-4.245069628,-0.015391687,0.763276220,-0.261960712
9.821000,2.598634381,0.381539501,-3.936784442,-0.017127302,0.803718327,-0.257476787
9.822000,2.731298568,0.471104937,-3.771072456,-0.030192043,0.841757975,-0.253368216
9.823000,2.857737353,0.534014656,-3.548080461,-0.037591695,0.875663638,-0.253168253
9.824000,2.967589948,0.554710894,-3.443532991,-0.050717390,0.900596728,-0.249713330
9.825000,3.024323442,0.560556504,-3.411957024,-0.041232336,0.925860955,-0.251773400
9.826000,3.109922748,0.389233571,-3.226783336,-0.028724222,0.948268656,-0.255394838
9.827000,3.321308828,0.163573502,-3.130268164,-0.019252694,0.971331230,-0.252478961
9.828000,3.551652381,0.268587441,-3.198627814,-0.016927751,0.997587526,-0.248203842
9.829000,3.757464935,0.452784661,-3.251358957,-0.013455968,1.018509707,-0.247677950
9.830000,3.878066081,0.392896018,-3.133542085,-0.015071415,1.034182081,-0.245736550
9.831000,4.017123196,0.176104754,-2.960836396,-0.006690902,1.046538498,-0.242271448
9.832000,4.150375158,-0.078990945,-2.856891864,0.011523887,1.060284809,-0.238024722
9.833000,4.287857038,-0.203317022,-2.629867273,0.026502868,1.069887981,-0.233018550
9.834000,4.459464952,-0.202832486,-2.555871780,0.027222952,1.077251596,-0.224688156
9.835000,4.687019111,-0.113083763,-2.536153097,0.020212909,1.082850963,-0.218410601
9.836000,4.775281747,0.028612245,-2.494225924,0.003412367,1.085824251,-0.214552844
9.837000,4.842406992,0.034341178,-2.461878687,0.002982572,1.082761435,-0.212081495
9.838000,4.816315290,-0.105786497,-2.291174240,0.012164892,1.073064904,-0.209201081
9.839000,4.798221133,-0.163125386,-2.164512725,0.022517700,1.057386017,-0.202137893
9.840000,4.853496952,-0.172442285,-2.030745432,0.026519032,1.047053879,-0.193483738
9.841000,4.958357951,-0.047780833,-1.883003824,0.019603048,1.034637838,-0.185413556
9.842000,5.010974927,0.111963240,-1.780091732,-0.001191648,1.019567152,-0.180753810
9.843000,5.008543735,0.241184663,-1.703978354,-0.017670454,1.000625669,-0.178449315
9.844000,4.886842497,0.351082868,-1.709287843,-0.015233891,0.979888361,-0.175867804
9.845000,4.754310579,0.337338596,-1.669593713,0.002043079,0.960307243,-0.172849663
9.846000,4.632148029,0.206555319,-1.545585160,0.012861755,0.933981686,-0.165795768
9.847000,4.550349552,0.149120143,-1.397627919,0.010928287,0.906401686,-0.153985324
9.848000,4.450516994,0.198774366,-1.265253031,-0.006152937,0.879523421,-0.140981211
9.849000,4.299719109,0.348026290,-1.250157004,-0.028634795,0.852803450,-0.130447732
9.850000,4.058914755,0.397143085,-1.157842845,-0.042106622,0.822667693,-0.122966452
9.851000,3.715628646,0.316416932,-1.093804161,-0.039163692,0.783593320,-0.112471596
9.852000,3.372817302,0.215672462,-0.948767480,-0.026285376,0.741989232,-0.102111375
9.853000,3.057227407,0.202865552,-0.975315698,-0.014001438,0.700828592,-0.090196468
9.854000,2.745706291,0.190476535,-0.904034709,-0.013021416,0.661423623,-0.080833496
9.855000,2.396298228,0.116483115,-0.870419817,-0.021838997,0.617759869,-0.071438352
9.856000,2.098619974,0.105026717,-0.852950240,-0.037281986,0.575446736,-0.063981514
9.857000,1.795166843,0.145840536,-0.650848781,-0.038235001,0.535015905,-0.059765662
9.858000,1.503538736,0.087137209,-0.383211109,-0.038768247,0.488906652,-0.054508770
9.859000,1.154108542,0.125364735,-0.188875559,-0.037129012,0.436992263,-0.043766973
9.860000,0.798534722,0.308475162,-0.116651046,-0.037409763,0.384269845,-0.029305530
9.861000,0.537995657,0.459068152,-0.034248690,-0.041102600,0.341829073,-0.014014814
9.862000,0.333323192,0.477748860,-0.013334737,-0.052557540,0.308331443,0.001382263
9.863000,0.150274299,0.507317792,0.084003949,-0.063464704,0.273918471,0.015140281
9.864000,-0.059703039,0.544802257,0.219555389,-0.068793340,0.238472399,0.028996687
9.865000,-0.288620516,0.457758711,0.300049133,-0.072418949,0.198040381,0.043240133
9.866000,-0.416322372,0.380503364,0.264814186,-0.077961093,0.156614156,0.060369248
9.867000,-0.468064502,0.416889682,0.220100700,-0.086842288,0.114602298,0.079674934
9.868000,-0.505438574,0.497683599,0.186797091,-0.100023295,0.075750759,0.098198478
9.869000,-0.531877355,0.495750911,0.201894293,-0.113485785,0.038614402,0.113893036
9.870000,-0.554223849,0.515325450,0.267978126,-0.128410056,-0.001731449,0.129924044
9.871000,-0.613231859,0.492338299,0.258509259,-0.135788216,-0.043095719,0.141880070
9.872000,-0.648443753,0.429203553,0.214954622,-0.141448857,-0.085528306,0.152163197
9.873000,-0.636808799,0.403942784,0.129123003,-0.146149645,-0.123978246,0.159377463
9.874000,-0.571038300,0.465263419,0.035741636,-0.147982143,-0.162336951,0.164631253
9.875000,-0.474608690,0.514205757,-0.025653746,-0.144748823,-0.195622657,0.168684791
9.876000,-0.434414855,0.508411909,-0.168546202,-0.137449218,-0.223230926,0.172091612
9.877000,-0.373565248,0.506537058,-0.145032090,-0.128816066,-0.247729425,0.176633548
9.878000,-0.249375363,0.497262323,-0.034467726,-0.114411675,-0.272277698,0.192195617
9.879000,-0.242310310,0.574469175,-0.075150635,-0.099356138,-0.285933624,0.206606000
9.880000,-0.149746569,0.601629631,-0.184979957,-0.086605967,-0.289163935,0.215504232
9.881000,-0.011781882,0.485709017,-0.147229910,-0.080989128,-0.295095898,0.221166648
9.882000,0.069815524,0.341956639,-0.095434810,-0.077411915,-0.305934975,0.224522335
9.883000,0.127359062,0.250792547,0.073584966,-0.075086466,-0.320795502,0.223350017
9.884000,0.158976109,0.295647981,0.426204298,-0.079936161,-0.341786723,0.217923143
9.885000,0.154850978,0.427115078,0.686035670,-0.080086439,-0.358985041,0.210245539
9.886000,0.160782501,0.446266120,0.643463183,-0.072438192,-0.367990281,0.202813212
9.887000,0.154129105,0.355791386,0.451361713,-0.055398406,-0.374439831,0.195286660
9.888000,0.204704154,0.062837493,0.379381531,-0.037194398,-0.389614158,0.189248348
9.889000,0.319788330,-0.147194540,0.428291728,-0.023977466,-0.405962906,0.187481162
9.890000,0.335062937,-0.046232068,0.701762543,-0.015603857,-0.422008065,0.180745129
9.891000,0.311195842,0.059415087,0.954120206,-0.009778750,-0.437004467,0.166625930
9.892000,0.256247010,-0.017706326,1.224508678,-0.003111791,-0.452741918,0.155799673
9.893000,0.197258293,-0.172728270,1.220172242,0.005128855,-0.467225221,0.148284719
9.894000,0.122344286,-0.219289733,1.102309953,0.017382446,-0.481391514,0.140610756
9.895000,0.050196333,-0.273634358,1.154890809,0.024177118,-0.497816613,0.135276056
9.896000,0.024184567,-0.283245376,1.314004303,0.021448612,-0.509328812,0.132527061
9.897000,-0.022130584,-0.213159086,1.414548970,0.014069872,-0.516054771,0.129065870
9.898000,-0.099254463,-0.193520937,1.669412787,0.004874098,-0.525791805,0.123447529
9.899000,-0.228313727,-0.286864453,1.901286359,-0.001983785,-0.537428311,0.118782924
9.900000,-0.359194061,-0.364894282,2.106587481,-0.003364955,-0.547888528,0.114237094
9.901000,-0.453711267,-0.358674148,2.094641076,-0.008427894,-0.556201353,0.110030140
9.902000,-0.542549706,-0.336853686,2.127579916,-0.013085810,-0.560077276,0.106068879
9.903000,-0.623086886,-0.335175341,2.156029513,-0.019720509,-0.559396685,0.104125700
9.904000,-0.715343879,-0.295663274,2.266739587,-0.021827421,-0.559140040,0.100835265
9.905000,-0.857510464,-0.331833414,2.386467059,-0.022953472,-0.561206296,0.096254572
9.906000,-1.041129805,-0.440688259,2.468776568,-0.020788480,-0.563924997,0.090148249
9.907000,-1.204287697,-0.489092446,2.523912478,-0.016469440,-0.565397914,0.084242482
9.908000,-1.345457045,-0.534862100,2.446308569,-0.010395382,-0.559824480,0.076237901
9.909000,-1.433187846,-0.584240790,2.372526725,-0.007529134,-0.552378664,0.067190425
9.910000,-1.451782809,-0.638795265,2.368164332,-0.004169693,-0.540424407,0.058106088
9.911000,-1.530779274,-0.669072073,2.420059944,-0.004924591,-0.529247917,0.047229583
9.912000,-1.606278148,-0.808523180,2.566808502,-0.003427193,-0.523015772,0.035575537
9.913000,-1.691864344,-0.913699655,2.709262222,-0.006475647,-0.518992308,0.027996084
9.914000,-1.752531553,-0.887646354,2.786063573,-0.006716938,-0.514474133,0.020140382
9.915000,-1.818465802,-0.855744744,2.912434795,-0.010140280,-0.508615479,0.010828239
9.916000,-1.870955026,-0.853443201,2.959896454,-0.008322073,-0.500532202,0.005448665
9.917000,-1.937492173,-0.855929558,3.006506973,-0.005897152,-0.494007165,0.001593027
9.918000,-1.976119662,-0.915694301,3.086295888,0.002548776,-0.488114193,-0.003692729
9.919000,-2.014982308,-0.959641202,3.238925981,0.005264406,-0.483413394,-0.007120645
9.920000,-1.978596241,-0.849266370,3.412273574,0.000545987,-0.472406264,-0.008661944
9.921000,-1.928701037,-0.696002354,3.608562287,-0.007404408,-0.458789352,-0.014380235
9.922000,-1.842338429,-0.602606432,3.759909299,-0.013077039,-0.441516033,-0.020457534
9.923000,-1.781367094,-0.489041463,3.790176550,-0.019110635,-0.418752421,-0.025719376
9.924000,-1.705760014,-0.395197515,3.759378973,-0.020460388,-0.393154508,-0.034569644
9.925000,-1.605405601,-0.263855684,3.556124338,-0.024884921,-0.360742631,-0.038529523
9.926000,-1.439684085,-0.139650853,3.467090491,-0.028537595,-0.321780533,-0.040181242
9.927000,-1.247378533,0.023484710,3.513981440,-0.033077141,-0.286540155,-0.044391804
9.928000,-1.053460508,0.000720949,3.636187018,-0.029515616,-0.248796300,-0.049236271
9.929000,-0.971512977,-0.087324937,3.675276545,-0.027850705,-0.210707715,-0.053038437
9.930000,-0.856689608,-0.160632197,3.562524510,-0.024827772,-0.174859302,-0.060342634
9.931000,-0.712016460,-0.045473298,3.440416133,-0.026975578,-0.133516258,-0.069372289
9.932000,-0.545416249,0.021828976,3.482358658,-0.029680120,-0.083891806,-0.077277619
9.933000,-0.312721863,0.145399454,3.522337221,-0.033499904,-0.028553023,-0.085596481
9.934000,-0.082921104,0.147247313,3.411531685,-0.025867745,0.028633996,-0.090514485
9.935000,0.090432647,0.130041326,3.332758636,-0.021590294,0.075440929,-0.091686600
9.936000,0.227972284,0.046580923,3.176311751,-0.010447461,0.126830130,-0.091884936
9.937000,0.425258465,-0.033548309,3.287573127,-0.006137875,0.180746081,-0.090736602
9.938000,0.604827322,-0.099093580,3.547292195,-0.006712621,0.235460173,-0.090739237
9.939000,0.858894960,-0.037498560,3.919524321,-0.020827056,0.290742306,-0.086867832
9.940000,1.087561873,0.172688158,3.933171782,-0.035216359,0.351234906,-0.087280247
9.941000,1.140622137,0.333412935,3.830022538,-0.043024777,0.403602942,-0.091870441
9.942000,1.171027919,0.271083441,3.691221550,-0.037539525,0.458130927,-0.092795395
9.943000,1.204541162,0.156334754,3.678484729,-0.031299341,0.509486889,-0.088196420
9.944000,1.316107620,0.246797182,3.707119625,-0.028464212,0.572278392,-0.085410424
9.945000,1.437643758,0.376169002,3.941233592,-0.038903484,0.638026906,-0.083439549
9.946000,1.560956991,0.465867548,4.069950583,-0.060191080,0.698789742,-0.082043852
9.947000,1.646808620,0.651277965,4.045325610,-0.081279864,0.751928919,-0.083419509
9.948000,1.689195416,0.667462654,4.000060959,-0.071850453,0.806587816,-0.092949914
9.949000,1.682592339,0.433015177,4.236181091,-0.058499328,0.854601981,-0.097690201
9.950000,1.860954053,0.236559485,4.282165334,-0.041524408,0.907146233,-0.101610407
9.951000,1.958466284,0.348790589,4.492302922,-0.033718586,0.956570591,-0.105242708
9.952000,2.088670924,0.335205995,4.771693576,-0.036915622,1.005033637,-0.108461539
9.953000,2.119968681,0.404958394,4.932835872,-0.059163958,1.056565885,-0.107170084
9.954000,2.214128253,0.490268063,4.975833109,-0.070286888,1.106231794,-0.105672723
9.955000,2.201352441,0.468479805,5.159935707,-0.062550217,1.157205452,-0.102452126
9.956000,2.297566997,0.460594655,5.376940607,-0.047533340,1.213007316,-0.098425149
9.957000,2.370543685,0.403815543,5.539574619,-0.033901793,1.266983428,-0.095681488
9.958000,2.435354422,0.161803653,5.822670694,-0.019094377,1.321401616,-0.093110775
9.959000,2.538953091,0.128345179,6.098556498,-0.028475136,1.377086487,-0.092080863
9.960000,2.623853610,0.267446693,6.122528737,-0.037096001,1.424651328,-0.094885926
9.961000,2.597328012,0.367423474,6.277645105,-0.047225161,1.475108150,-0.097464181
9.962000,2.507614240,0.348733095,6.329222672,-0.050577991,1.527466139,-0.106788859
9.963000,2.438252372,0.384781109,6.446040326,-0.038329724,1.574063893,-0.114733352
9.964000,2.336853167,0.350188237,6.631359718,-0.010747158,1.621520368,-0.117796378
9.965000,2.334593002,0.317511478,6.748382558,-0.004373297,1.675861423,-0.117518160
9.966000,2.501588155,0.409077787,6.768652685,-0.011369924,1.729825778,-0.112360704
9.967000,2.568483993,0.575286402,6.966662785,-0.025094031,1.789633621,-0.110738398
9.968000,2.520242143,0.550675919,7.265909654,-0.031264178,1.845664655,-0.110864790
9.969000,2.505041857,0.413138864,7.604772571,-0.033449703,1.893362378,-0.107107628
9.970000,2.489158504,0.202602103,7.827065738,-0.015293256,1.937741823,-0.104560397
9.971000,2.576227935,-0.077392506,8.033926503,0.005281795,1.980437867,-0.096131592
9.972000,2.694248222,-0.294979225,8.199953505,0.008691431,2.026428959,-0.083518573
9.973000,2.859259280,-0.195255201,8.199870366,0.006087516,2.070486153,-0.074924700
9.974000,2.913980056,-0.207839495,8.478233343,0.013734356,2.114194038,-0.067635071
9.975000,2.920165405,-0.325226746,8.763754981,0.013235307,2.156830145,-0.056812679
9.976000,2.952334208,-0.443271450,8.992470815,0.022788641,2.194255377,-0.044919908
9.977000,3.000162289,-0.469931344,9.170952835,0.039510677,2.240338848,-0.033337273
9.978000,3.017263219,-0.543655427,9.403023356,0.059974913,2.297854073,-0.021213672
9.979000,3.140845863,-0.565991922,9.241788256,0.073985968,2.355453692,-0.009488069
9.980000,3.180381058,-0.698061878,9.056176865,0.090587555,2.419058203,-0.003109227
9.981000,3.259668361,-0.820113064,8.821386561,0.100924443,2.482747722,0.007070138
9.982000,3.334032434,-0.922790446,8.798881996,0.109984092,2.539365981,0.011838965
9.983000,3.371890641,-1.095609125,9.041376668,0.126710663,2.592379091,0.013809683
9.984000,3.566948130,-1.159727877,9.522373654,0.129158379,2.648607425,0.020041222
9.985000,3.786360114,-0.856349412,9.787921153,0.137403084,2.712445998,0.024751114
9.986000,4.002164466,-0.548717814,9.805891796,0.152436952,2.771829884,0.028625906
9.987000,4.801701503,-0.205814884,9.452763117,0.143832219,2.841514213,0.043210050
9.988000,5.969957529,0.373064445,9.465539231,0.116577544,2.950668731,0.050287799
9.989000,7.116489894,0.869880811,10.168309475,0.091349254,3.046664479,0.051290791
9.990000,8.199720149,0.986183197,10.489610851,0.058346677,3.143388903,0.056667075
9.991000,8.966083494,1.102230236,10.082949467,0.049145719,3.231891909,0.050209427
9.992000,9.901810019,0.912404406,9.921794792,0.063974921,3.318027845,0.040361304
9.993000,10.859631032,0.431121564,9.940308547,0.066169724,3.410499134,0.041117813
9.994000,11.514028383,0.070447543,9.972436074,0.084888967,3.491822176,0.034263597
9.995000,11.908444650,-0.250448961,10.264471374,0.106045893,3.552173033,0.028295985
9.996000,12.100776173,-0.835668681,10.251430786,0.130925580,3.609762342,0.025727262
9.997000,12.212511937,-1.379896620,10.210761783,0.144741388,3.667230065,0.021652267
9.998000,12.184218508,-1.886096530,10.142712153,0.155576959,3.707897963,0.020919541
9.999000,11.887948338,-2.196480172,10.307674841,0.176174410,3.737752240,0.019121441
10.000000,11.446133759,-2.422771258,10.470212838,0.211013899,3.746796031,0.024991166
