# Original visual geometry, without decimation. Units: metres.
v -0.035446938127279282 0.00019436504226177931 0.00069941341644152999
v -0.035438563674688339 0.00019437994342297316 -0.0012598757166415453
v -0.035395305603742599 -0.002024760702624917 0.00069537351373583078
v -0.035394806414842606 0.0024129690136760473 0.00069538649404421449
v -0.03538716584444046 -0.002024760702624917 -0.0012582809431478381
v -0.035386670380830765 0.0024129690136760473 -0.001258271629922092
v -0.035350855439901352 0.00019435014110058546 0.0026564968284219503
v -0.035326793789863586 0.00019436504226177931 -0.0032158202957361937
v -0.035298813134431839 -0.0020247756037861109 0.0026467889547348022
v -0.035298313945531845 0.0024129541125148535 0.0026468019932508469
v -0.035275481641292572 -0.002024760702624917 -0.0032085946295410395
v -0.035274982452392578 0.0024129541125148535 -0.0032085888087749481
v -0.035239879041910172 -0.0042316224426031113 0.00068347941851243377
v -0.035238854587078094 0.0046196822077035904 0.00068349740467965603
v -0.03523244708776474 -0.0042316224426031113 -0.0012534952256828547
v -0.035231422632932663 0.0046196971088647842 -0.0012534807901829481
v -0.03514716774225235 0.00019433523993939161 0.0046055377461016178
v -0.035142265260219574 -0.0042316373437643051 0.0026181433349847794
v -0.035141266882419586 0.0046196673065423965 0.0026181729044765234
v -0.035121064633131027 -0.0042316373437643051 -0.0031871246173977852
v -0.035120043903589249 0.0046196822077035904 -0.0031871173996478319
v -0.035110913217067719 0.00019435014110058546 -0.0051627946086227894
v -0.035094667226076126 -0.0020248054061084986 0.0045901029370725155
v -0.035094168037176132 0.0024129243101924658 0.0045901197008788586
v -0.035059574991464615 -0.0020247905049473047 -0.0051498976536095142
v -0.035059075802564621 0.0024129392113536596 -0.0051498883403837681
v -0.035024765878915787 0.0037903429474681616 0.004437172319740057
v -0.03502456471323967 0.0035665722098201513 0.0045702196657657623
v -0.035020980983972549 -0.0038769005332142115 0.0041542528197169304
v -0.035012956708669662 -0.0042317565530538559 0.003942031878978014
v -0.035011965781450272 0.0046197120100259781 0.0039420397952198982
v -0.03500526025891304 0.0048315916210412979 0.0038150828331708908
v -0.034998748451471329 0.0024128945078700781 0.0052517815493047237
v -0.034985676407814026 -0.0017249045195057988 0.0054275672882795334
v -0.034980658441781998 -0.006414538249373436 0.00066362979123368859
v -0.034979134798049927 0.0068024937063455582 0.00066366075770929456
v -0.03497721254825592 -0.0050918664783239365 0.0034256565850228071
v -0.034974407404661179 -0.006414538249373436 -0.0012455114629119635
v -0.034972887486219406 0.0068024937063455582 -0.0012454912066459656
v -0.034963846206665039 0.001729661482386291 0.0056514889001846313
v -0.034905064851045609 -0.004231652244925499 -0.0051116412505507469
v -0.034904040396213531 0.0046196673065423965 -0.00511163379997015
v -0.034881185740232468 -0.0064145531505346298 0.002570353215560317
v -0.034879688173532486 0.0068024788051843643 0.0025703993160277605
v -0.034876544028520584 -0.0064145531505346298 0.002627404872328043
v -0.034866776317358017 -0.0065133031457662582 0.0025676647201180458
v -0.03486352413892746 -0.0064145531505346298 -0.0031513168942183256
v -0.034863434731960297 -0.00010687683970900252 0.006364753469824791
v -0.034863345324993134 0.0004954430041834712 0.006364747416228056
v -0.034862007945775986 0.0068024937063455582 -0.003151303855702281
v -0.03485584631562233 -1.8080818335874937e-05 0.0064074196852743626
v -0.034850064665079117 0.00026635255198925734 0.0064399684779345989
v -0.034849274903535843 0.0070555154234170914 0.0024743904359638691
v -0.034824445843696594 -0.0069083329290151596 0.0023285509087145329
v -0.034788176417350769 0.00019430543761700392 -0.0070951515808701515
v -0.034736674278974533 -0.0020248203072696924 -0.0070765134878456593
v -0.034736178815364838 0.0024129094090312719 -0.0070765078999102116
v -0.034695990383625031 -0.0044441279023885727 -0.0062973308376967907
v -0.034694854170084 -0.004231741651892662 -0.0064247502014040947
v -0.034693848341703415 0.0046197418123483658 -0.0064246812835335732
v -0.034689612686634064 0.0054805222898721695 -0.0059067360125482082
v -0.034688945859670639 0.0042653623968362808 -0.0066366768442094326
v -0.034677088260650635 -0.0034021048340946436 -0.0069198138080537319
v -0.034668691456317902 -0.0031786470208317041 -0.0070523875765502453
v -0.034655351191759109 -0.0081615354865789413 0.0015692184679210186
v -0.034653451293706894 0.0085497442632913589 0.0015692582819610834
v -0.034650605171918869 -0.0045598354190587997 0.006102392915636301
v -0.03464735671877861 -0.0064145680516958237 -0.0050478270277380943
v -0.034645840525627136 0.0068024639040231705 -0.0050478177145123482
v -0.03464154526591301 0.0086275432258844376 0.0015141358599066734
v -0.0346413254737854 -0.0038674382958561182 0.0065211504697799683
v -0.034637711942195892 0.0068024639040231705 -0.0051044300198554993
v -0.034636922180652618 0.0041223261505365372 0.0066011645831167698
v -0.034633234143257141 -0.0083129461854696274 0.0014374982565641403
v -0.03463292121887207 -0.0084473844617605209 -0.0012348714517429471
v -0.034631587564945221 0.0069011691957712173 -0.0050442516803741455
v -0.034630924463272095 0.0088356677442789078 -0.0012350401375442743
v -0.03463011234998703 -0.0083375032991170883 0.0014047182630747557
v -0.034623760730028152 -0.0084473993629217148 0.0010627504670992494
v -0.034623008221387863 -0.006666889414191246 -0.004950476810336113
v -0.034621771425008774 0.0088356528431177139 0.001062784343957901
v -0.034621261060237885 0.0087889675050973892 0.0012913479004055262
v -0.034621130675077438 -0.0084353741258382797 0.0011845562839880586
v -0.034620065242052078 0.0088036898523569107 0.0012538399314507842
v -0.034616917371749878 0.0064437184482812881 0.0051861116662621498
v -0.034615006297826767 -0.0031359998974949121 0.006959257647395134
v -0.034604292362928391 -0.0063356216996908188 0.0050131278112530708
v -0.034603949636220932 0.0072959158569574356 -0.0048032435588538647
v -0.034600842744112015 -0.0020248054061084986 -0.0077310181222856045
v -0.034600779414176941 0.0032624395098537207 0.0071147377602756023
v -0.034576166421175003 0.0021142305340617895 -0.0079049365594983101
v -0.034549422562122345 -0.0054449941962957382 0.0060645253397524357
v -0.034548137336969376 0.0058328006416559219 0.0060645765624940395
v -0.034545771777629852 -0.0020667968783527613 0.0075908531434834003
v -0.034541070461273193 -0.001338621717877686 -0.0081293964758515358
v -0.034509617835283279 -0.007585650309920311 0.0042356997728347778
v -0.034507870674133301 0.0079736802726984024 0.0042357542552053928
v -0.034488864243030548 -0.0077518727630376816 0.0041629006154835224
v -0.034483261406421661 -0.0081615503877401352 -0.0040349666960537434
v -0.034483093768358231 0.0081654731184244156 0.004156941082328558
v -0.034482784569263458 -0.0084473993629217148 -0.0035276003181934357
v -0.034481368958950043 0.0085497293621301651 -0.004034937359392643
v -0.034480798989534378 0.0088356528431177139 -0.0035275770351290703
v -0.034474778920412064 -0.00823933444917202 -0.0039792316965758801
v -0.034474633634090424 0.0082165692001581192 0.0041483878158032894
v -0.034470733255147934 0.0088235829025506973 -0.003649198217317462
v -0.034468222409486771 -0.0084007140249013901 -0.003755651181563735
v -0.034466218203306198 0.0087257567793130875 -0.0038691882509738207
v -0.034448139369487762 -0.0079772528260946274 0.004148382693529129
v -0.034444134682416916 0.0083754304796457291 0.0041497768834233284
v -0.034434843808412552 -0.0080381985753774643 0.0041593331843614578
v -0.03440442681312561 -0.008161565288901329 0.004204832948744297
v -0.034397080540657043 -0.00010689174087019637 -0.0088333664461970329
v -0.03439699113368988 0.00049541320186108351 -0.0088333720341324806
v -0.034391812980175018 -0.0026377497706562281 0.0080785108730196953
v -0.034391161054372787 0.0030255855526775122 0.0080785304307937622
v -0.034386832267045975 0.00040630425792187452 -0.0088755851611495018
v -0.034381918609142303 0.0086214486509561539 0.0042502246797084808
v -0.034379169344902039 0.00012230302672833204 -0.008907591924071312
v -0.0343756303191185 -0.0082595106214284897 0.0042713009752333164
v -0.034353625029325485 0.0087058935314416885 0.0043297521770000458
v -0.034322198480367661 -0.0083958860486745834 0.0044496990740299225
v -0.034322101622819901 -0.00010693644435377792 0.0087166409939527512
v -0.034322038292884827 0.00049536849837750196 0.0087166465818881989
v -0.034317780286073685 0.0087887737900018692 0.0044598570093512535
v -0.034310970455408096 0.00040560390334576368 0.0087590394541621208
v -0.034302704036235809 0.00012298848014324903 0.0087908394634723663
v -0.034286942332983017 0.010474080219864845 8.0108089605346322e-05
v -0.034285172820091248 -0.010085588321089745 -0.00087243877351284027
v -0.034282498061656952 0.010474110022187233 0.00036807646392844617
v -0.034276314079761505 -0.0084474440664052963 0.0046822084113955498
v -0.034274350851774216 0.0088356081396341324 0.0046822610311210155
v -0.03427380695939064 -0.010085752233862877 0.0007814583950676024
v -0.034269191324710846 -0.010085782036185265 0.00091145769692957401
v -0.034265514463186264 0.010474184527993202 0.00094611209351569414
v -0.034261297434568405 0.010474005714058876 -0.0015740038361400366
v -0.034224443137645721 -0.0060608293861150742 -0.0076392828486859798
v -0.034219544380903244 0.0067230109125375748 -0.0074692377820611
v -0.03421943262219429 0.010474050417542458 -0.0023456241469830275
v -0.034209348261356354 -0.010085662826895714 -0.0025245498400181532
v -0.03419952467083931 0.004947492852807045 -0.0085586514323949814
v -0.034198183566331863 -0.010445570573210716 -0.00070139259332790971
v -0.034195758402347565 0.010834017768502235 -0.0007013441645540297
v -0.034186691045761108 -0.010085707530379295 -0.0028185069095343351
v -0.034177608788013458 -0.01044558547437191 0.00093571195611730218
v -0.034175153821706772 0.010834002867341042 0.00093575601931661367
v -0.034174464643001556 -0.010085975751280785 0.0024304632097482681
v -0.034174364060163498 -0.0075856652110815048 -0.0066867610439658165
v -0.034172568470239639 0.0079736653715372086 -0.0066867545247077942
v -0.034164957702159882 0.0042561385780572891 -0.0089750448241829872
v -0.034157320857048035 -0.0037331490311771631 -0.0090559143573045731
v -0.034156322479248047 0.0081396047025918961 -0.0066128834150731564
v -0.034154519438743591 -0.0077773686498403549 -0.0066065867431461811
v -0.034148439764976501 0.010474154725670815 -0.0032243742607533932
v -0.034146629273891449 -0.0078284796327352524 -0.0065975128673017025
v -0.034134846180677414 0.010474184527993202 -0.0033639995381236076
v -0.034132204949855804 -0.01044558547437191 -0.0023361060302704573
v -0.034129779785871506 0.010834017768502235 -0.0023360576014965773
v -0.034127932041883469 -0.0054450388997793198 0.0079535068944096565
v -0.034126646816730499 0.0058327410370111465 0.0079535618424415588
v -0.034116469323635101 0.0083652976900339127 -0.0065957829356193542
v -0.034116048365831375 -0.0079876389354467392 -0.0065970583818852901
v -0.034115508198738098 -0.0081929471343755722 0.0058972453698515892
v -0.034113604575395584 0.0085810068994760513 0.0058972998522222042
v -0.034112084656953812 0.0035236121620982885 -0.0094109047204256058
v -0.034103572368621826 -0.010805776342749596 -0.00070184713695198298
v -0.034102585166692734 0.0084259901195764542 -0.0066058440133929253
v -0.034101869910955429 -0.0054449941962957382 -0.0085146641358733177
v -0.034101083874702454 0.011194223538041115 -0.00070179306203499436
v -0.034100573509931564 0.0058327857404947281 -0.00851467065513134
v -0.034092336893081665 -0.010805776342749596 -0.0012101432075724006
v -0.034089852124452591 0.011194223538041115 -0.0012100926833227277
v -0.034089483320713043 -0.0028703866992145777 -0.0095673752948641777
v -0.034082505851984024 -0.010805791243910789 0.00092460948508232832
v -0.034080017358064651 0.011194208636879921 0.00092466355999931693
v -0.034069310873746872 0.0085496995598077774 -0.006649453192949295
v -0.034069191664457321 -0.010445600375533104 0.0025696628727018833
v -0.034066766500473022 0.010833987966179848 0.0025697147939354181
v -0.034047830849885941 -0.0082334186881780624 -0.0066935583017766476
v -0.034037899225950241 -0.010805791243910789 -0.0023259350564330816
v -0.034036342054605484 0.008647942915558815 -0.0067142900079488754
v -0.034035380929708481 0.011194208636879921 -0.0023258889559656382
v -0.034030422568321228 -0.0038581101689487696 0.00399017333984375
v -0.034023649990558624 -0.0041405465453863144 0.0038221857976168394
v -0.03401724249124527 0.0047016981989145279 0.0037188720889389515
v -0.034017171710729599 -0.0043452437967061996 0.0037002197932451963
v -0.034014798700809479 -0.0083176400512456894 -0.0067710285075008869
v -0.034011166542768478 -0.0019786118064075708 0.005097066517919302
v -0.034004878252744675 0.0024553479161113501 -0.010035756975412369
v -0.033997919410467148 -0.0016818401636555791 0.0052698003128170967
v -0.033985190093517303 -0.010085767135024071 0.0040716929361224174
v -0.03398306667804718 0.0018002184806391597 0.0054261866025626659
v -0.033982858061790466 0.010474095121026039 0.0040717399679124355
v -0.033980011940002441 0.010474080219864845 0.0040915459394454956
v -0.033979624509811401 -0.01044558547437191 -0.0039649223908782005
v -0.033977199345827103 0.010834002867341042 -0.0039648739621043205
v -0.033973425626754761 -0.010805806145071983 0.0025478862226009369
v -0.033972106873989105 0.008784005418419838 -0.0068888259120285511
v -0.033970948308706284 -0.0084006693214178085 -0.0068989554420113564
v -0.033970907330513 0.011194193735718727 0.0025479360483586788
v -0.033948127180337906 0.010474348440766335 -0.0048642959445714951
v -0.033939272165298462 -0.010134240612387657 0.0042960564605891705
v -0.033930730074644089 0.00019417132716625929 0.010021455585956573
v -0.033929482102394104 -0.008447473868727684 0.0065241609700024128
v -0.033927507698535919 0.0088355634361505508 0.0065242494456470013
v -0.033926688134670258 0.010540837422013283 0.0043314010836184025
v -0.033926066011190414 -0.008447473868727684 0.0065395277924835682
v -0.033924106508493423 0.0088355634361505508 0.006539580412209034
v -0.033913962543010712 -0.0084474589675664902 -0.0071182772517204285
v -0.033911976963281631 0.0088355932384729385 -0.00711826141923666
v -0.033899292349815369 0.010596999898552895 0.0044117067009210587
v -0.033889397978782654 -0.0062782522290945053 0.002541012829169631
v -0.03388826921582222 0.0066647622734308243 0.0025418489240109921
v -0.033885404467582703 -0.010805806145071983 -0.0039440956898033619
v -0.033882886171340942 0.011194193735718727 -0.0039440495893359184
v -0.033880174160003662 -0.00010121439845534042 0.0061783064156770706
v -0.033880099654197693 0.00048949744086712599 0.0061783445999026299
v -0.033869214355945587 5.5977954616537318e-05 0.0062405415810644627
v -0.033866845071315765 0.00024195935111492872 0.0062539204955101013
v -0.033865951001644135 -0.01029454730451107 0.0044911419972777367
v -0.033863909542560577 0.0069044474512338638 0.0023974382784217596
v -0.033860344439744949 -0.0065620895475149155 0.0023699579760432243
v -0.033854901790618896 0.01070561446249485 0.0045066196471452713
v -0.033841747790575027 -0.0026378093753010035 0.0099692018702626228
v -0.033841092139482498 0.0030255110468715429 0.0099692251533269882
v -0.033839713782072067 0.01074732281267643 0.0045301290228962898
v -0.033832244575023651 -0.01160881482064724 0.0013010522816330194
v -0.03382975235581398 0.011996636167168617 0.0013008966343477368
v -0.033824704587459564 -0.010085990652441978 -0.0056359427981078625
v -0.03382207453250885 -0.0026377646718174219 -0.010512303560972214
v -0.033821426331996918 0.0030255557503551245 -0.010512304492294788
v -0.033819835633039474 -0.0019775091204792261 0.0062077697366476059
v -0.033819328993558884 0.0023646296467632055 0.0062080356292426586
v -0.033792566508054733 -0.010511016473174095 0.0045751784928143024
v -0.033786825835704803 0.010910267010331154 0.0045764823444187641
v -0.033785320818424225 0.011194178834557533 0.0040723676793277264
v -0.03378026932477951 -0.0062759425491094589 0.0036371101159602404
v -0.033779207617044449 0.0066625718027353287 0.0036371489986777306
v -0.033777453005313873 0.010942230001091957 0.0045788497664034367
v -0.033749386668205261 -0.010445615276694298 -0.0055255629122257233
v -0.033746961504220963 0.010833973065018654 -0.0055255182087421417
v -0.033734690397977829 -0.010723581537604332 0.0045592710375785828
v -0.033725902438163757 -0.01208086870610714 -5.3240746638039127e-05
v -0.033723313361406326 0.012468660250306129 -5.3384344937512651e-05
v -0.033722333610057831 -0.010776406154036522 0.0045416774228215218
v -0.033715836703777313 -0.010805835947394371 0.0045291529968380928
v -0.033715397119522095 -0.0043489392846822739 -0.0061199823394417763
v -0.033715233206748962 -0.0042834188789129257 -0.0061591025441884995
v -0.033714402467012405 0.0047356877475976944 -0.0061205239035189152
v -0.03371351957321167 -0.00010696624667616561 -0.011144474148750305
v -0.033713459968566895 0.00049533869605511427 -0.011144472286105156
v -0.033713437616825104 0.0045274589210748672 -0.0062447614036500454
v -0.033713322132825851 0.011194163933396339 0.0045291916467249393
v -0.03370995819568634 0.0042452309280633926 -0.0064126960933208466
v -0.033703628927469254 0.01124102808535099 0.0045046508312225342
v -0.033699866384267807 -1.7022835891111754e-05 -0.011186126619577408
v -0.033698517829179764 -0.010893708094954491 0.0044777248986065388
v -0.033695973455905914 0.011282036080956459 0.0044777593575417995
v -0.033689621835947037 0.00026535417418926954 -0.011217285878956318
v -0.033687721937894821 -0.0081930067390203476 0.007738976739346981
v -0.033685818314552307 0.0085809472948312759 0.0077390382066369057
v -0.033682476729154587 0.01255723275244236 -0.0011977935209870338
v -0.033680099993944168 -0.011608278378844261 -0.003700637724250555
v -0.033678807318210602 -0.0081929471343755722 -0.0083212461322546005
v -0.03367721289396286 0.011997172608971596 -0.0037008211947977543
v -0.033676885068416595 0.0085809919983148575 -0.0083212321624159813
v -0.03367435559630394 -0.0079774912446737289 0.0015154827851802111
v -0.033672459423542023 0.0083663258701562881 0.0015150742838159204
v -0.033670760691165924 -0.0041362550109624863 0.006108701229095459
v -0.033670008182525635 -0.0040731485933065414 0.0061466526240110397
v -0.033664729446172714 -0.0037784932646900415 0.0063233398832380772
v -0.033662427216768265 0.0084316972643136978 0.0014697195729240775
v -0.033661991357803345 0.004086056724190712 0.006371260154992342
v -0.033660832792520523 -0.010085782036185265 -0.0064907814376056194
v -0.033658474683761597 0.010474080219864845 -0.0064907493069767952
v -0.03365756943821907 0.0066648963838815689 -0.0049582473002374172
v -0.033656779676675797 -0.010085767135024071 -0.0065103387460112572
v -0.033656377345323563 -0.012080317363142967 -0.0023423947859555483
v -0.033655058592557907 -0.010805821046233177 -0.005494395736604929
v -0.033653393387794495 0.012469211593270302 -0.0023425589315593243
v -0.033652540296316147 0.011194178834557533 -0.0054943496361374855
v -0.033651862293481827 -0.0082568284124135971 -0.0012048272183164954
v -0.033651009202003479 -0.0081400629132986069 0.0013670769985765219
v -0.033649824559688568 0.0086448881775140762 -0.001204949920065701
v -0.033645119518041611 0.0061534736305475235 0.0051183560863137245
v -0.033643882721662521 -0.0082552190870046616 0.0010214170906692743
v -0.033643424510955811 -0.0065159108489751816 -0.0048131304793059826
v -0.033642061054706573 -0.0082245673984289169 0.0012088690418750048
v -0.033641856163740158 0.0086432192474603653 0.0010214825160801411
v -0.033641546964645386 -0.0082511957734823227 0.0010996601777151227
v -0.033640772104263306 0.0086035821586847305 0.001232429756782949
v -0.033640287816524506 -0.0030587820801883936 0.0067516420967876911
v -0.033638730645179749 0.0069532338529825211 -0.0047830636613070965
v -0.033630724996328354 -0.0083655323833227158 -0.0012025196338072419
v -0.03362857922911644 0.0087534431368112564 -0.0012024823809042573
v -0.033626947551965714 0.0031908841338008642 0.0069025633856654167
v -0.033626001328229904 -0.0061867889016866684 0.004859365988522768
v -0.033623367547988892 0.0023655237164348364 -0.0075164283625781536
v -0.033621113747358322 -0.0062729474157094955 0.0048062428832054138
v -0.033616278320550919 -0.0083636697381734848 0.0011722708586603403
v -0.033614125102758408 0.0087515804916620255 0.0011723476927727461
v -0.033601384609937668 -0.0082564260810613632 -0.0022726489696651697
v -0.033599819988012314 0.0020708979573100805 -0.0076868082396686077
v -0.033598791807889938 0.010522583499550819 -0.006712065078318119
v -0.033594805747270584 -0.012435143813490868 -0.0011949563631787896
v -0.033591277897357941 0.012825304642319679 -0.0011950581101700664
v -0.033588748425245285 -0.010152598842978477 -0.0067467554472386837
v -0.033584315329790115 -0.0015007910551503301 -0.0077917752787470818
v -0.033575356006622314 -0.0020145385060459375 0.0073639703914523125
v -0.033574242144823074 -0.0054450985044240952 0.0098144635558128357
v -0.033572986721992493 0.0058326814323663712 0.0098145334050059319
v -0.033571731299161911 0.0023629607167094946 0.0073868189938366413
v -0.03356657549738884 -0.0054450538009405136 -0.010370469652116299
v -0.033565279096364975 0.0058327261358499527 -0.010370483621954918
v -0.033556003123521805 -0.010209565982222557 -0.0068261665292084217
v -0.033550821244716644 0.01060333289206028 -0.0068322527222335339
v -0.03354480117559433 -0.010320892557501793 -0.0067395605146884918
v -0.033533517271280289 -0.0074110683053731918 0.0041007292456924915
v -0.033531829714775085 0.007799515500664711 0.0041004670783877373
v -0.033520735800266266 -0.0075193550437688828 0.0040473169647157192
v -0.03351346030831337 0.010682994499802589 -0.0069024586118757725
v -0.033506967127323151 -0.0079770740121603012 -0.0039212722331285477
v -0.033506806939840317 -0.0082550998777151108 -0.0034267900045961142
v -0.03350626677274704 -0.010317465290427208 -0.0069173648953437805
v -0.03350510448217392 0.0083658788353204727 -0.0039207977242767811
v -0.033504769206047058 0.0086430702358484268 -0.0034267969895154238
v -0.033500291407108307 0.0080304685980081558 0.004017585888504982
v -0.03349984809756279 -0.0080416854470968246 -0.0038762807380408049
v -0.033496443182229996 0.0015555414138361812 0.007851739414036274
v -0.033492673188447952 -0.0082130935043096542 -0.0036417397204786539
v -0.033491659909486771 0.0085112247616052628 -0.0037933127023279667
v -0.033491607755422592 0.0086121056228876114 -0.0036131630185991526
v -0.033489212393760681 -0.010360335931181908 -0.006940450519323349
v -0.033486358821392059 -0.010367875918745995 -0.0069438866339623928
v -0.033483013510704041 -0.0062759127467870712 -0.0060429680161178112
v -0.033481933176517487 0.0066625121980905533 -0.0060429838486015797
v -0.033478066325187683 0.012317473068833351 0.0037623327225446701
v -0.03347429633140564 0.0081682000309228897 0.0040157712064683437
v -0.03347160667181015 -0.0078009124845266342 0.0040182280354201794
v -0.033470295369625092 -0.0083636250346899033 -0.0035724232438951731
v -0.033468160778284073 0.0087515357881784439 -0.0035724183544516563
v -0.033467188477516174 -0.010805835947394371 -0.0064629688858985901
v -0.033454835414886475 -0.0084475036710500717 -0.0089349839836359024
v -0.03345286101102829 0.0088355336338281631 -0.0089349998161196709
v -0.0334513820707798 -0.0084475036710500717 -0.0089469887316226959
v -0.033450469374656677 -0.0084475334733724594 0.0083687780424952507
v -0.033449430018663406 0.0088355336338281631 -0.0089469682425260544
v -0.033448506146669388 0.0088355038315057755 0.0083688339218497276
v -0.033442430198192596 0.0083084050565958023 0.0040491567924618721
v -0.033435001969337463 0.010899418964982033 -0.0069818082265555859
v -0.033431295305490494 -0.010531282052397728 -0.0069836210459470749
v -0.03342723473906517 -0.00010109518916578963 -0.0085870781913399696
v -0.033426988869905472 0.00048934842925518751 -0.0085870875045657158
v -0.033424574881792068 -0.010553931817412376 -0.0069846911355853081
v -0.033422436565160751 -0.0083577539771795273 0.0035382146015763283
v -0.033420242369174957 0.0087456498295068741 0.0035383228678256273
v -0.033414162695407867 -0.0080305244773626328 0.0041085667908191681
v -0.033410906791687012 8.4200750279705971e-05 -0.0086539536714553833
v -0.033410906791687012 0.0003041120944544673 -0.0086539508774876595
v -0.033389769494533539 0.0084883216768503189 0.0041687409393489361
v -0.033381085842847824 -0.00963628850877285 0.0075529860332608223
v -0.033378887921571732 0.010023856535553932 0.0075534414499998093
v -0.03336690366268158 0.011164629831910133 -0.0069440850056707859
v -0.033365830779075623 -0.0019775091204792261 -0.0086095696315169334
v -0.033365309238433838 0.002364584943279624 -0.0086098061874508858
v -0.03336368128657341 -0.010805850848555565 -0.0069311861880123615
v -0.033363062888383865 -9.4642986368853599e-05 0.008456885814666748
v -0.033362925052642822 0.00048273231368511915 0.0084570515900850296
v -0.033361192792654037 0.011194149032235146 -0.0069311428815126419
v -0.033361140638589859 -8.166407496901229e-05 0.0084642926231026649
v -0.03335338830947876 -0.0081935282796621323 0.0043020141310989857
v -0.033350568264722824 0.00036855961661785841 0.0085052214562892914
v -0.033349588513374329 -0.010893737897276878 -0.0068787643685936928
v -0.033347044140100479 0.011282036080956459 -0.0068787261843681335
v -0.033345114439725876 0.00013514782767742872 0.0085267378017306328
v -0.033335078507661819 -0.012488430365920067 0.0033787600696086884
v -0.033331174403429031 0.0086154583841562271 0.004390303511172533
v -0.033326935023069382 0.010587627068161964 0.0071537350304424763
v -0.033315174281597137 0.013565802946686745 -0.0011867223074659705
v -0.033315088599920273 0.010236660018563271 6.9590183557011187e-05
v -0.033313639461994171 -0.0098492112010717392 -0.00085347064305096865
v -0.033312208950519562 0.010236421599984169 0.0002785370743367821
v -0.033311333507299423 -0.0082451757043600082 0.0045094923116266727
v -0.033308621495962143 -0.0082452353090047836 0.0045267925597727299
v -0.03330676257610321 0.0086332056671380997 0.0045269201509654522
v -0.033305048942565918 -0.0098492410033941269 -0.0011924861464649439
v -0.033303443342447281 -0.0098476912826299667 0.00074911641422659159
v -0.03330206498503685 0.010237285867333412 -0.0011924225836992264
v -0.033293325453996658 -0.0098471995443105698 0.0010206905426457524
v -0.033289697021245956 0.010237226262688637 -0.0015333174960687757
v -0.033289622515439987 0.01302533783018589 0.0032773320563137531
v -0.033285621553659439 0.010235005989670753 0.0011283042840659618
v -0.033258277922868729 -0.0057700034230947495 -0.0075123412534594536
v -0.033257622271776199 -0.010805895552039146 0.00671773636713624
v -0.033255133777856827 0.011194104328751564 0.0067177833989262581
v -0.033252622932195663 0.0065739098936319351 -0.0072556738741695881
v -0.033250998705625534 0.0066598597913980484 -0.0072024879045784473
v -0.033242784440517426 0.00019414152484387159 -0.012422601692378521
v -0.033240288496017456 -0.0098485406488180161 -0.0024544671177864075
v -0.033237434923648834 0.0001940819201990962 0.011879296973347664
v -0.033235374838113785 -0.013166939839720726 0.0019218375673517585
v -0.033232811838388443 0.013554105535149574 0.0019214849453419447
v -0.033224761486053467 -0.0098482873290777206 -0.0026605797465890646
v -0.033221311867237091 0.0045231673866510391 -0.0085050091147422791
v -0.033218514174222946 0.0044655445963144302 -0.0085395127534866333
v -0.033207852393388748 -0.0074101891368627548 -0.0064924592152237892
v -0.033206585794687271 0.0077987108379602432 -0.006492129061371088
v -0.033202316612005234 0.0041661057621240616 -0.0087182605639100075
v -0.033199887722730637 -0.013464963063597679 -0.0011829743161797523
v -0.033198308199644089 -0.0036978034768253565 -0.0087662721052765846
v -0.033197652548551559 0.0079016033560037613 -0.0064400173723697662
v -0.033181589096784592 -0.0076416190713644028 -0.0064070830121636391
v -0.033180821686983109 0.010235587134957314 -0.0031324455048888922
v -0.033175922930240631 -0.011930665001273155 -0.0061498195864260197
v -0.03315744549036026 -0.0026378391776233912 -0.012364329770207405
v -0.033156797289848328 0.0030254812445491552 -0.012364334426820278
v -0.033155698329210281 -0.0077801700681447983 -0.0064035733230412006
v -0.033154718577861786 0.010235080495476723 -0.0033961457666009665
v -0.033151924610137939 0.0034461410250514746 -0.0091439615935087204
v -0.033150818198919296 0.0081830713897943497 -0.0064051621593534946
v -0.033148322254419327 -0.008240988478064537 0.0054627261124551296
v -0.033147435635328293 -0.0026378987822681665 0.011816183105111122
v -0.033146806061267853 0.0030254365410655737 0.011816214770078659
v -0.033145841211080551 -0.0098468270152807236 -0.0035087610594928265
v -0.033142264932394028 -0.01080591045320034 0.0071543487720191479
v -0.033140707761049271 -0.0081930067390203476 -0.010127875953912735
v -0.033140376210212708 0.01119408942759037 0.0071521219797432423
v -0.03313881903886795 0.0085809323936700821 -0.010127861052751541
v -0.033131726086139679 -0.0083576943725347519 -0.0059222863055765629
v -0.033130474388599396 -0.0027991144452244043 -0.0092958705499768257
v -0.03312956914305687 0.0087455753237009048 -0.0059223142452538013
v -0.03312799334526062 -0.008193066343665123 0.0095490887761116028
v -0.033126089721918106 0.0085808876901865005 0.0095491567626595497
v -0.033126018941402435 -0.011638035997748375 0.006113139446824789
v -0.033122178167104721 -0.0079195257276296616 -0.0064346655271947384
v -0.033121701329946518 -0.013635953888297081 0.00054194836411625147
v -0.033120416104793549 -0.01080591045320034 0.0072336019948124886
v -0.033119920641183853 0.013565922155976295 0.0029092978220432997
v -0.033119015395641327 0.014023104682564735 0.00054160709260031581
v -0.033117920160293579 0.01119408942759037 0.0072336848825216293
v -0.033087115734815598 0.008416617289185524 -0.0064912540838122368
v -0.033070478588342667 -0.01080591045320034 0.0074109951965510845
v -0.033062148839235306 -0.0081003513187170029 -0.0065512657165527344
v -0.033051710575819016 0.012875163927674294 -0.0057601309381425381
v -0.033050153404474258 0.0024026127066463232 -0.0097499927505850792
v -0.033046875149011612 -0.013165881857275963 -0.0042837574146687984
v -0.033046159893274307 -0.0019759743008762598 -0.0097723463550209999
v -0.033043328672647476 0.013555148616433144 -0.0042841238901019096
v -0.03304261714220047 -0.0083473529666662216 0.0058818771503865719
v -0.033040411770343781 0.0087352339178323746 0.0058820284903049469
v -0.033026717603206635 -0.0098365601152181625 0.0039284424856305122
v -0.033023718744516373 0.010224619880318642 0.0039278804324567318
v -0.033017363399267197 -0.013634895905852318 -0.0028995275497436523
v -0.033017091453075409 -0.01264226995408535 -0.0056473300792276859
v -0.033013712614774704 0.014024162665009499 -0.0028998600319027901
v -0.033013675361871719 0.013031536713242531 -0.0056477184407413006
v -0.033013451844453812 0.0085819456726312637 -0.0066830217838287354
v -0.03299809992313385 0.010241487994790077 0.0040723304264247417
v -0.032990198582410812 -0.0082274433225393295 -0.0067690308205783367
v -0.032984156161546707 -0.0098781492561101913 0.0041413349099457264
v -0.032973311841487885 -0.0082367118448019028 0.0063216970302164555
v -0.032973196357488632 0.012746656313538551 0.0055865133181214333
v -0.032971307635307312 0.0086245927959680557 0.006321336142718792
v -0.032959062606096268 0.0086329970508813858 -0.0068864631466567516
v -0.032957307994365692 -0.0082451160997152328 -0.0069049475714564323
v -0.03295501321554184 0.0086329672485589981 -0.0069049247540533543
v -0.032944668084383011 -0.014046555384993553 -0.00085133779793977737
v -0.032941911369562149 0.01443367637693882 -0.00085166265489533544
v -0.032941732555627823 -0.0011624005855992436 -0.010234440676867962
v -0.03294048085808754 0.010346570983529091 0.0042673274874687195
v -0.032925479114055634 -0.014045512303709984 -0.0014980603009462357
v -0.032923966646194458 -0.013726523146033287 0.0025375662371516228
v -0.032923474907875061 -0.010004376992583275 0.004312966950237751
v -0.032921701669692993 0.014434719458222389 -0.0014983743894845247
v -0.032900683581829071 -0.0054451283067464828 -0.012191531248390675
v -0.032899390906095505 0.0058326516300439835 -0.012191551737487316
v -0.032893139868974686 0.014517718926072121 -0.0011738425819203258
v -0.032886885106563568 -0.010100668296217918 0.0043765236623585224
v -0.032876931130886078 -0.0054451879113912582 0.011629224754869938
v -0.032875645905733109 0.0058325920253992081 0.011629290878772736
v -0.03287370502948761 0.010521257296204567 0.0043906508944928646
v -0.032871030271053314 -0.013178622350096703 -0.0052765910513699055
v -0.03286927193403244 -0.0098404642194509506 -0.0054672947153449059
v -0.032866235822439194 -0.0084475632756948471 -0.01073923334479332
v -0.0328642837703228 0.0088354740291833878 -0.010739220306277275
v -0.03285207599401474 -0.010205423459410667 0.0044116256758570671
v -0.032846245914697647 -0.0096354391425848007 -0.0099231628701090813
v -0.032844003289937973 0.010024020448327065 -0.0099227810278534889
v -0.032835826277732849 0.010642433539032936 0.004419068805873394
v -0.032828610390424728 -0.012935062870383263 0.0051643126644194126
v -0.032818470150232315 -0.010199299082159996 -0.0095224007964134216
v -0.032800383865833282 0.010772014036774635 0.0044155200012028217
v -0.032786052674055099 -0.010444646701216698 0.0044023711234331131
v -0.032773025333881378 -0.01080591045320034 -0.0090843401849269867
v -0.032772254198789597 -9.501551539869979e-05 -0.010826198384165764
v -0.032772235572338104 0.00048316444735974073 -0.01082612294703722
v -0.032770510762929916 0.01119408942759037 -0.0090843010693788528
v -0.032769851386547089 0.00047020043712109327 -0.010833379812538624
v -0.032769728451967239 0.0086200032383203506 0.0071747405454516411
v -0.03275701031088829 1.8024695236817934e-05 -0.0108732795342803
v -0.032750040292739868 0.00025347794871777296 -0.010894818231463432
v -0.032748669385910034 0.011013099923729897 0.0043167024850845337
v -0.032747961580753326 -0.01062907837331295 0.0043128929100930691
v -0.032738283276557922 0.0086288098245859146 -0.0078268209472298622
v -0.032720837742090225 0.011170709505677223 0.0042113619856536388
v -0.032712150365114212 -0.0098363664001226425 -0.0062905182130634785
v -0.032709226012229919 0.014875346794724464 -0.0011682430049404502
v -0.032709211111068726 0.010224366560578346 -0.0062898388132452965
v -0.0327032171189785 0.014631906524300575 0.002189326798543334
v -0.032692667096853256 0.014113256707787514 -0.0048952633515000343
v -0.032675459980964661 0.012024754658341408 -0.0084756501019001007
v -0.03267279639840126 -0.0098587777465581894 -0.0064490195363759995
v -0.03266441822052002 0.010252797976136208 -0.0064666992984712124
v -0.032649882137775421 0.0102717075496912 -0.006510972511023283
v -0.032635625451803207 -0.010805925354361534 -0.009499870240688324
v -0.032632365822792053 0.011194074526429176 -0.0095020616427063942
v -0.032615110278129578 -0.010805970057845116 0.0088341115042567253
v -0.032612580806016922 0.011194029822945595 0.0088341943919658661
v -0.032609783113002777 -0.0083473231643438339 -0.0082366205751895905
v -0.032608583569526672 -0.010805940255522728 -0.0095788761973381042
v -0.032607540488243103 0.0087351445108652115 -0.0082366801798343658
v -0.032606050372123718 0.011194059625267982 -0.0095788845792412758
v -0.032605092972517014 0.010347509756684303 -0.0066232113167643547
v -0.032599393278360367 -0.0099758412688970566 -0.0066406256519258022
v -0.032576605677604675 0.010717907920479774 0.005667633842676878
v -0.0325750932097435 -0.010337924584746361 0.0056675132364034653
v -0.032569028437137604 0.014133596792817116 0.0045721293427050114
v -0.032565522938966751 0.010433102026581764 -0.0066968300379812717
v -0.032559685409069061 -0.012361278757452965 -0.0079386476427316666
v -0.032542701810598373 0.011194059625267982 -0.0097605455666780472
v -0.032531250268220901 -0.010138755664229393 -0.0067430846393108368
v -0.032521773129701614 -0.0082268770784139633 0.0080912057310342789
v -0.032521545886993408 0.014263803139328957 0.0044770282693207264
v -0.032519672065973282 0.0086146388202905655 0.0080912038683891296
v -0.032518696039915085 -0.013534223660826683 0.0052754874341189861
v -0.0325164794921875 0.013920793309807777 0.0052749048918485641
v -0.032513856887817383 -0.0082366820424795151 -0.0086708664894104004
v -0.03251165896654129 0.0086245182901620865 -0.0086712036281824112
v -0.032499328255653381 -0.014244666323065758 -0.0045324615202844143
v -0.032492205500602722 0.010641017928719521 -0.0067670508287847042
v -0.032490584999322891 -0.010262807831168175 -0.0067676729522645473
v -0.032472744584083557 -0.0081930812448263168 -0.011896036565303802
v -0.032471995800733566 -0.014014711603522301 0.0043753040954470634
v -0.032470855861902237 0.0085808578878641129 -0.011896025389432907
v -0.032470349222421646 -0.01290050707757473 0.0066183530725538731
v -0.032468259334564209 0.013287076726555824 0.0066177407279610634
v -0.032463598996400833 -0.009247979149222374 0.0073894388042390347
v -0.032456524670124054 -0.010387634858489037 -0.0067604468204081059
v -0.032453857362270355 -0.014761483296751976 0.0018417892279103398
v -0.032438889145851135 0.00019405211787670851 -0.014230650849640369
v -0.032435372471809387 0.013324389234185219 -0.0075100152753293514
v -0.03243529424071312 0.010866979137063026 -0.0067366748116910458
v -0.03242599219083786 -0.01230773888528347 0.0032416449394077063
v -0.032425899058580399 0.012693071737885475 0.0032420875504612923
v -0.032425578683614731 -0.0081931557506322861 0.011308833956718445
v -0.032423671334981918 0.0085807982832193375 0.011308902874588966
v -0.032411396503448486 -0.010805999860167503 0.0093828560784459114
v -0.032411161810159683 0.01101241447031498 -0.0066599003039300442
v -0.03241073340177536 -0.010628616437315941 -0.0066561149433255196
v -0.032408878207206726 0.011194000020623207 0.009382905438542366
v -0.032394394278526306 0.010355362668633461 0.006876656785607338
v -0.032387405633926392 0.00019397761207073927 0.013663536868989468
v -0.032371498644351959 -0.012220581993460655 0.007922884076833725
v -0.032369542866945267 0.012607136741280556 0.0079222386702895164
v -0.032353177666664124 -0.0026379136834293604 -0.014161643572151661
v -0.032352529466152191 0.003025406738743186 -0.014161649160087109
v -0.032338667660951614 -0.011135151609778404 -0.0063141249120235443
v -0.032312970608472824 -0.015095984563231468 0.0011022213147953153
v -0.032310474663972855 0.015482569113373756 0.0011017366778105497
v -0.032309729605913162 -0.015172680839896202 -0.0011559188133105636
v -0.03229745477437973 -0.012960871681571007 0.0028057966846972704
v -0.032296605408191681 -0.0026380030903965235 0.013589564710855484
v -0.032295946031808853 0.0030253322329372168 0.013589591719210148
v -0.032265771180391312 0.015148589387536049 -0.0041718194261193275
v -0.032261185348033905 -0.0082321669906377792 -0.0095081645995378494
v -0.032230410724878311 -0.011234616860747337 0.0059761372394859791
v -0.032223951071500778 -0.011493256315588951 0.0091796573251485825
v -0.032222185283899307 0.011879781261086464 0.0091789951547980309
v -0.032217193394899368 -0.013751184567809105 -0.0068997736088931561
v -0.032215118408203125 0.015567952767014503 0.0015623025828972459
v -0.032196395099163055 0.013826096430420876 0.0025079941842705011
v -0.032176576554775238 -0.015094539150595665 -0.0034094112925231457
v -0.032172065228223801 0.015483999624848366 -0.0034098771866410971
v -0.032157599925994873 0.010717818513512611 -0.0079942448064684868
v -0.032156102359294891 -0.010337879881262779 -0.0079939672723412514
v -0.032154906541109085 -0.012307679280638695 -0.0055650980211794376
v -0.032154768705368042 0.012692982330918312 -0.0055656149052083492
v -0.032134220004081726 0.012266421690583229 0.0055353594943881035
v -0.032131776213645935 -0.0095237698405981064 0.011088271625339985
v -0.032129563391208649 0.0099115613847970963 0.011088332161307335
v -0.032127857208251953 -0.013532763347029686 -0.0075873699970543385
v -0.032126966863870621 0.014404753223061562 -0.0067001320421695709
v -0.032123781740665436 0.013922238722443581 -0.0075879483483731747
v -0.032121483236551285 0.015192696824669838 0.0037977532483637333
v -0.032112650573253632 -0.015479838475584984 -0.00031667613075114787
v -0.03211008757352829 0.015866408124566078 -0.0003171372227370739
v -0.032096914947032928 0.012505436316132545 0.0053741289302706718
v -0.032095327973365784 -0.0054452028125524521 -0.013956957496702671
v -0.032094039022922516 0.0058325622230768204 -0.01395698543637991
v -0.032075226306915283 -0.010806029662489891 0.010201118886470795
v -0.032073937356472015 0.011193970218300819 0.010198397561907768
v -0.032062985002994537 -0.015478422865271568 -0.0019809843506664038
v -0.032062798738479614 0.013282770290970802 -0.0051630428060889244
v -0.032058369368314743 0.015867823734879494 -0.0019814094994217157
v -0.032050617039203644 -0.015180876478552818 -0.0038767380174249411
v -0.032023578882217407 -0.0054452922195196152 0.013370344415307045
v -0.032022319734096527 0.005832502618432045 0.013370429165661335
v -0.032006494700908661 -0.010805999860167503 -0.011145777069032192
v -0.032003965228796005 0.011194000020623207 -0.011145789176225662
v -0.031997859477996826 -0.012899076566100121 -0.0089247617870569229
v -0.031993921846151352 0.013288507238030434 -0.0089253839105367661
v -0.031992174685001373 -0.015061831101775169 0.0036088451743125916
v -0.031964458525180817 0.0160547886043787 -0.0011451266473159194
v -0.031959403306245804 -0.010806044563651085 0.010461809113621712
v -0.031958814710378647 -0.014478271827101707 -0.0063512725755572319
v -0.031956873834133148 0.011193955317139626 0.010461898520588875
v -0.031956389546394348 -0.0082268770784139633 -0.010405317880213261
v -0.031954295933246613 0.0086145643144845963 -0.010405235923826694
v -0.031950592994689941 0.0090670082718133926 -0.010099712759256363
v -0.031936701387166977 -0.013641616329550743 -0.0046961954794824123
v -0.031912859529256821 -0.015652498230338097 0.0012469503562897444
v -0.031903788447380066 -0.0099815037101507187 -0.0091786012053489685
v -0.031877931207418442 -0.010328983888030052 -0.0089279292151331902
v -0.031851109117269516 0.011029714718461037 -0.0087041854858398438
v -0.031844094395637512 -0.013670539483428001 0.0043542939238250256
v -0.031819798052310944 -0.01221916638314724 -0.010220833122730255
v -0.031817566603422165 -0.014810120686888695 -0.0060989372432231903
v -0.031816024333238602 0.012608552351593971 -0.010221490636467934
v -0.031789869070053101 0.011193940415978432 0.010821161791682243
v -0.031769786030054092 -0.010806029662489891 -0.011681109666824341
v -0.031767271459102631 0.011193970218300819 -0.011681078001856804
v -0.031762059777975082 0.016039693728089333 -0.0035449650604277849
v -0.03176146000623703 -0.015416508540511131 0.0013395041460171342
v -0.031752210110425949 0.0163284782320261 -0.0011385943507775664
v -0.031709607690572739 -0.012000879272818565 -0.0077530401758849621
v -0.03169482946395874 0.015451172366738319 -0.0059055015444755554
v -0.031683117151260376 0.014954442158341408 0.0037919722963124514
v -0.031675979495048523 -0.012294238433241844 -0.0075538922101259232
v -0.031667251139879227 -0.012368833646178246 -0.0075035318732261658
v -0.031665638089179993 -0.0081931706517934799 -0.01360702607780695
v -0.031663749366998672 0.0085807684808969498 -0.013607022352516651
v -0.031646210700273514 0.012922177091240883 -0.0073939855210483074
v -0.03161134198307991 -0.016055500134825706 0.0009789137402549386
v -0.031607501208782196 0.016443530097603798 0.00097916217055171728
v -0.031601272523403168 0.016095856204628944 0.0031325388699769974
v -0.031598318368196487 -0.01613343320786953 -6.7027554905507714e-05
v -0.031596049666404724 -0.011491855606436729 -0.011466279625892639
v -0.031595930457115173 0.016519764438271523 -6.7549481173045933e-05
v -0.031592465937137604 0.011881181970238686 -0.011466965079307556
v -0.031579028815031052 0.015932286158204079 -0.0035520761739462614
v -0.031568054109811783 -0.008193260058760643 0.012994914315640926
v -0.03156614676117897 0.0085806939750909805 0.01299498975276947
v -0.031563516706228256 0.013587364926934242 -0.0069524939171969891
v -0.031537666916847229 -0.01601891778409481 0.0019610959570854902
v -0.031534735113382339 -0.016131898388266563 -0.0021988216321915388
v -0.031534139066934586 -0.014875447377562523 0.0058814357034862041
v -0.031533822417259216 0.016406932845711708 0.0019613516051322222
v -0.031532235443592072 0.01526152528822422 0.0058807157911360264
v -0.031529635190963745 0.016521299257874489 -0.0021992840338498354
v -0.03150508925318718 -0.014237767085433006 0.0072559448890388012
v -0.031503289937973022 0.014623815193772316 0.0072551807388663292
v -0.031503103673458099 -0.015453239902853966 0.0044775549322366714
v -0.031501125544309616 0.015839317813515663 0.0044768769294023514
v -0.03148718923330307 0.00019394780974835157 -0.01594955287873745
v -0.031479861587285995 -0.016056632623076439 -0.0032574648503214121
v -0.031475994735956192 0.016444647684693336 -0.0032575714867562056
v -0.031423993408679962 -0.015967166051268578 0.0029390887357294559
v -0.031420338898897171 -0.013547426089644432 0.0085904477164149284
v -0.031420245766639709 0.016354957595467567 0.0029396791942417622
v -0.031418677419424057 0.013933459296822548 0.0085896402597427368
v -0.031407386064529419 -0.015960937365889549 0.0030531811062246561
v -0.031405337154865265 0.016347045078873634 0.0030525445472449064
v -0.031401168555021286 -0.0026380179915577173 -0.015870032832026482
v -0.031400520354509354 0.0030252875294536352 -0.015870042145252228
v -0.031400367617607117 -0.016351228579878807 -0.0011278527090325952
v -0.031386680901050568 -0.0095237847417593002 -0.01336725614964962
v -0.031385820358991623 -0.010806074365973473 -0.012474880553781986
v -0.031384449452161789 0.0099115315824747086 -0.013367239385843277
v -0.031381949782371521 0.011193925514817238 -0.012477535754442215
v -0.031361855566501617 0.00019385840278118849 0.015352540649473667
v -0.031345859169960022 -0.016020065173506737 -0.004233088344335556
v -0.031341992318630219 0.016408050432801247 -0.0042331949807703495
v -0.031339045614004135 -0.015712505206465721 -0.0054029305465519428
v -0.031327564269304276 -0.014948239549994469 -0.0058293635956943035
v -0.0312831811606884 -0.012805050238966942 0.0098740570247173309
v -0.031281653791666031 0.01319105364382267 0.0098732095211744308
v -0.031271446496248245 -0.0095238592475652695 0.01273675262928009
v -0.031270846724510193 -0.0026381222996860743 0.015267248265445232
v -0.031270217150449753 0.003025213023647666 0.01526729017496109
v -0.031269259750843048 0.0099114570766687393 0.012736821547150612
v -0.031253088265657425 -0.010806089267134666 -0.012730579823255539
v -0.031250555068254471 0.011193910613656044 -0.012730591930449009
v -0.03124438039958477 -0.016388943418860435 0.0016154140466824174
v -0.031242288649082184 0.016775080934166908 0.0016148198628798127
v -0.031228255480527878 -0.010806133970618248 0.011910879053175449
v -0.031225735321640968 0.011193865910172462 0.011910933069884777
v -0.031225210055708885 -0.010381510481238365 0.012235499918460846
v -0.031220488250255585 0.011539051309227943 0.011641581542789936
v -0.031215179711580276 0.010464141145348549 0.012464489787817001
v -0.031192103400826454 -0.0095168109983205795 0.01287510059773922
v -0.031173883005976677 0.009651893749833107 0.013056543655693531
v -0.031172577291727066 -0.015967896208167076 -0.0052019762806594372
v -0.031168710440397263 0.016355836763978004 -0.0052020829170942307
v -0.031163381412625313 -0.015451511368155479 -0.0067290384322404861
v -0.0311582051217556 0.015841031447052956 -0.0067296614870429039
v -0.031158158555626869 -0.012187650427222252 0.010802400298416615
v -0.031154586002230644 -0.015959253534674644 -0.0053015281446278095
v -0.031151028349995613 -0.016608124598860741 -0.0011203692993149161
v -0.031149240210652351 0.016348728910088539 -0.0053021050989627838
v -0.0311423409730196 -0.005445307120680809 -0.01563417911529541
v -0.031141079962253571 0.0058324579149484634 -0.01563420332968235
v -0.031132109463214874 -0.0087194647639989853 0.013440163806080818
v -0.031124982982873917 0.01284397579729557 0.010578150860965252
v -0.031108882278203964 -0.014873718842864037 -0.0081321652978658676
v -0.031103877350687981 0.015263238921761513 -0.0081328460946679115
v -0.031079426407814026 -0.016387304291129112 -0.003856543218716979
v -0.0310777947306633 -0.008193260058760643 0.013800704851746559
v -0.031073914840817451 0.016776720061898232 -0.0038570736069232225
v -0.031028851866722107 0.0081982407718896866 0.014056257903575897
v -0.031015254557132721 -0.01673162542283535 0.00016941998910624534
v -0.031013121828436852 0.017117777839303017 0.00016885747027117759
v -0.030997306108474731 -0.005445411428809166 0.015014443546533585
v -0.03099619597196579 -0.014236023649573326 -0.0095023056492209435
v -0.030996015295386314 0.0058323834091424942 0.0150145273655653
v -0.030992109328508377 0.0079269055277109146 0.014234790578484535
v -0.030991358682513237 0.014625543728470802 -0.0095030395314097404
v -0.03097156435251236 -0.013385629281401634 0.0097812395542860031
v -0.030940216034650803 0.013898724690079689 0.0096715027466416359
v -0.030938766896724701 -0.016730045899748802 -0.0023993225768208504
v -0.03093314915895462 0.017119342461228371 -0.0023998052347451448
v -0.030905475839972496 -0.016049286350607872 0.0047434060834348202
v -0.030905343592166901 -0.0069561656564474106 0.014610935002565384
v -0.030903728678822517 0.016435185447335243 0.0047426796518266201
v -0.030861934646964073 -0.0066976156085729599 0.014774213545024395
v -0.030830375850200653 -0.01354571245610714 -0.01082912739366293
v -0.03082570806145668 0.01393517293035984 -0.010829915292561054
v -0.030791494995355606 -0.016542172059416771 0.0033036817330867052
v -0.030789703130722046 0.016928115859627724 0.0033030046615749598
v -0.030785398557782173 0.0066701415926218033 0.015031591989099979
v -0.030767291784286499 -0.016961222514510155 -0.0011089058825746179
v -0.030765421688556671 -0.01696283183991909 -0.0011088509345427155
v -0.030711067840456963 -0.0081932749599218369 -0.015230996534228325
v -0.030709153041243553 0.0085806641727685928 -0.015231003984808922
v -0.030670035630464554 -0.014450928196310997 0.0088322283700108528
v -0.030615314841270447 -0.012803336605429649 -0.012101978994905949
v -0.030613010749220848 0.014985674992203712 0.0086990473791956902
v -0.030611110851168633 -0.016949718818068504 0.0018512625247240067
v -0.030610844492912292 0.013192752376198769 -0.012102808803319931
v -0.030609305948019028 0.017335707321763039 0.0018506322521716356
v -0.030551072210073471 -0.016047528013586998 -0.0069579975679516792
v -0.030550543218851089 0.017525577917695045 -0.0011025391286239028
v -0.030545346438884735 0.016436943784356117 -0.0069586490280926228
v -0.030524963513016701 -0.016540458425879478 -0.0055140582844614983
v -0.030519096180796623 0.016929829493165016 -0.0055146445520222187
v -0.030512481927871704 0.0053965244442224503 0.015787262469530106
v -0.030497351661324501 -0.004941960796713829 0.015825880691409111
v -0.030449071899056435 -0.01115008257329464 -0.01385987363755703
v -0.030437896028161049 -0.01080617867410183 -0.014128135517239571
v -0.030435381457209587 0.011193821206688881 -0.014128103852272034
v -0.030433382838964462 -0.016948079690337181 -0.0040534031577408314
v -0.030432753264904022 0.012576023116707802 -0.013016156852245331
v -0.030431134626269341 -0.0095238890498876572 -0.014954806305468082
v -0.030428905040025711 0.0099114272743463516 -0.014954792335629463
v -0.030427347868680954 0.017337346449494362 -0.004053942859172821
v -0.030419256538152695 -0.012455945834517479 -0.012790958397090435
v -0.030412836000323296 0.010770613327622414 -0.014450863935053349
v -0.03041195310652256 0.010865027084946632 0.011456595733761787
v -0.030408665537834167 0.004977518692612648 0.016024429351091385
v -0.03040371835231781 0.010138640180230141 0.011992137879133224
v -0.030400099232792854 -0.011217808350920677 0.010899883694946766
v -0.030399911105632782 -0.010177111253142357 -0.014606993645429611
v -0.030397010967135429 -0.0094543900340795517 0.012208437547087669
v -0.030384872108697891 -0.0092032607644796371 0.012388461269438267
v -0.030384765937924385 -0.011817550286650658 0.010454174131155014
v -0.030384022742509842 -0.0044910367578268051 0.01607990451157093
v -0.030368190258741379 -0.017266815528273582 0.00039174623088911176
v -0.030366316437721252 0.017652833834290504 0.0003911467210855335
v -0.030365355312824249 0.00019382860045880079 -0.017567761242389679
v -0.030357735231518745 0.0092147234827280045 0.012652145698666573
v -0.030353672802448273 -0.0096383895725011826 -0.015003102831542492
v -0.030345477163791656 0.013239601626992226 0.0096981879323720932
v -0.030344929546117783 0.0099398288875818253 -0.015062517486512661
v -0.030339794233441353 0.013363176956772804 0.0096087995916604996
v -0.030315801501274109 -0.01540960930287838 0.0078324992209672928
v -0.030314834788441658 -0.016034951433539391 0.0064277797937393188
v -0.0303144920617342 0.015795269981026649 0.0078316424041986465
v -0.03031344898045063 0.016420656815171242 0.0064269755966961384
v -0.030312530696392059 0.012285882607102394 0.010528351180255413
v -0.030310265719890594 -0.01190357469022274 0.010526252910494804
v -0.030309146270155907 0.013772765174508095 -0.011985335499048233
v -0.030290881171822548 -0.013510948047041893 -0.011873302049934864
v -0.030284356325864792 0.010369459167122841 0.012033444829285145
v -0.03028317354619503 -0.014068609103560448 0.0088303936645388603
v -0.030282396823167801 -0.0099916812032461166 0.012032926082611084
v -0.030279796570539474 -0.002638152102008462 -0.017477044835686684
v -0.030279761180281639 -0.017265243455767632 -0.002581840381026268
v -0.030279150232672691 0.0030251683201640844 -0.017477057874202728
v -0.030273618176579475 0.017654398456215858 -0.0025823286268860102
v -0.030265821143984795 -0.015394469723105431 0.0079655302688479424
v -0.030263355001807213 -0.0078322496265172958 0.013331637717783451
v -0.030248481780290604 -0.016589438542723656 0.0049932654947042465
v -0.030247986316680908 0.0091072861105203629 -0.01564742811024189
v -0.030247051268815994 0.016975188627839088 0.0049925143830478191
v -0.030176015570759773 -0.015563761815428734 0.0078066475689411163
v -0.03017234243452549 0.0085800979286432266 -0.016004050150513649
v -0.030172202736139297 0.015951449051499367 0.0078067951835691929
v -0.030164135619997978 0.0074998978525400162 0.013801699504256248
v -0.030145613476634026 0.00019372429233044386 0.016906924545764923
v -0.030140912160277367 -0.0079867597669363022 -0.016141893342137337
v -0.030115636065602303 -0.017062744125723839 0.0035386751405894756
v -0.030114131048321724 0.017448553815484047 0.0035379654727876186
v -0.030112279579043388 -0.01746818982064724 -0.0010893379803746939
v -0.030109751969575882 -0.017469955608248711 -0.0010892595164477825
v -0.030103757977485657 -0.0067209955304861069 0.014049398712813854
v -0.030083509162068367 -0.0080537106841802597 0.013489717617630959
v -0.030082207173109055 -0.0076353605836629868 -0.016370769590139389
v -0.03008129820227623 0.0084409955888986588 0.013489887118339539
v -0.030073055997490883 -0.017494974657893181 -0.0011033703340217471
v -0.03007216565310955 0.014823148027062416 -0.011033075861632824
v -0.030071867629885674 -0.017496457323431969 -0.0010714487871155143
v -0.030071619898080826 -0.017496293410658836 -0.00108811364043504
v -0.030069980770349503 0.017882505431771278 -0.0010720088612288237
v -0.030069218948483467 -0.017497947439551353 -0.0010880393674597144
v -0.03006683848798275 0.017883980646729469 -0.0011038134107366204
v -0.030055513605475426 -0.0026382564101368189 0.01681017130613327
v -0.030054884031414986 0.0030250640120357275 0.016810214146971703
v -0.030041884630918503 0.012533852830529213 0.012669366784393787
v -0.030040433630347252 -0.012255480512976646 0.012575749307870865
v -0.03003120981156826 -0.0032511262688785791 0.016742734238505363
v -0.030030360445380211 -0.01099826954305172 0.013618106953799725
v -0.030026825144886971 -0.0062802042812108994 0.014322081580758095
v -0.030024752020835876 -0.014597242698073387 -0.010881925001740456
v -0.030022382736206055 -0.0054454412311315536 -0.017207939177751541
v -0.030021093785762787 0.0058323387056589127 -0.017207978293299675
v -0.030018355697393417 -0.01080629788339138 0.01377046387642622
v -0.030015815049409866 0.011193731799721718 0.013770480640232563
v -0.0300013218075037 -0.010582676157355309 0.013945819810032845
v -0.029998866841197014 0.010970110073685646 0.01394586730748415
v -0.029981179162859917 -0.010358249768614769 0.014119789004325867
v -0.029978783801198006 0.010745653882622719 0.014119838364422321
v -0.02996985986828804 0.0106827262789011 0.014171806164085865
v -0.029964886605739594 0.013493770733475685 0.011826655827462673
v -0.029959356412291527 0.007376575842499733 -0.016779769212007523
v -0.029939854517579079 0.010599041357636452 0.014263336546719074
v -0.029933428391814232 -0.013349508866667747 0.011605807580053806
v -0.029927225783467293 -0.010185947641730309 0.014298503287136555
v -0.029925419017672539 0.013767683878540993 0.011577848345041275
v -0.029918665066361427 -0.017446113750338554 0.0020719955209642649
v -0.029917914420366287 0.0032814533915370703 0.016923261806368828
v -0.029917147010564804 0.017831975594162941 0.0020713361445814371
v -0.029899567365646362 0.0070834551006555557 -0.01696133054792881
v -0.029880516231060028 -0.016587665304541588 -0.0071674087084829807
v -0.029874265193939209 0.016976946964859962 -0.0071680620312690735
v -0.029871745035052299 0.010514447465538979 0.014402107335627079
v -0.029859393835067749 -0.016033133491873741 -0.0086032403632998466
v -0.029853314161300659 0.016422459855675697 -0.0086039584130048752
v -0.029844393953680992 0.0057585779577493668 0.014862184412777424
v -0.029844297096133232 -0.010107552632689476 0.014451281167566776
v -0.02983650378882885 -0.017061052843928337 -0.0057074707001447678
v -0.029830807819962502 -0.017655683681368828 -0.0010808240622282028
v -0.029830051586031914 0.017450237646698952 -0.0057080714032053947
v -0.02981225773692131 0.0056119207292795181 0.014946662820875645
v -0.029805731028318405 -0.0062518026679754257 -0.017229996621608734
v -0.029784297570586205 0.0028771699871867895 0.017122266814112663
v -0.029779301956295967 -0.015481149777770042 0.0087228938937187195
v -0.029775213450193405 0.015868717804551125 0.0087235923856496811
v -0.029774809256196022 -0.015407761558890343 -0.01000535860657692
v -0.02976890467107296 0.015797102823853493 -0.010006144642829895
v -0.029753703624010086 -0.012287696823477745 0.012941391207277775
v -0.029752966016530991 0.012673193588852882 0.012940367683768272
v -0.029750712215900421 -0.010086273774504662 0.014579415321350098
v -0.029748378321528435 0.010473588481545448 0.014579473063349724
v -0.029738571494817734 0.012269610539078712 0.011522138491272926
v -0.029736042022705078 -0.011887764558196068 0.011519544757902622
v -0.02972920797765255 -0.017444511875510216 -0.0042315763421356678
v -0.029724644497036934 0.0052288565784692764 0.015163581818342209
v -0.029724109917879105 0.015764245763421059 -0.010144195519387722
v -0.029722616076469421 0.017833584919571877 -0.0042321188375353813
v -0.029702773317694664 -0.0060366448014974594 0.014831333421170712
v -0.029701843857765198 0.0064220372587442398 0.014831563457846642
v -0.029693756252527237 -0.013000583276152611 -0.011756224557757378
v -0.029693229123950005 -0.01320219598710537 -0.011610600166022778
v -0.029693124815821648 -0.014426460489630699 0.010591357946395874
v -0.029692411422729492 0.014804715290665627 0.01060042530298233
v -0.029690524563193321 0.012842858210206032 -0.012155672535300255
v -0.029685024172067642 0.012253368273377419 -0.012590084224939346
v -0.029664073139429092 -0.01773579977452755 0.00059922278160229325
v -0.029662542045116425 0.018121713772416115 0.0005986100877635181
v -0.029657058417797089 0.015377739444375038 -0.010353279300034046
v -0.029648983851075172 -0.010434558615088463 -0.013654992915689945
v -0.029645511880517006 -0.004511004313826561 0.01534624956548214
v -0.029639646410942078 -0.0155623909085989 -0.0099653908982872963
v -0.029637992382049561 0.010544532909989357 -0.013858603313565254
v -0.029637860134243965 0.010353634133934975 0.01302600372582674
v -0.029635917395353317 0.015950167551636696 -0.0099649876356124878
v -0.029635664075613022 -0.0099763479083776474 0.013024995103478432
v -0.02961951307952404 -0.0098493453115224838 -0.014088147319853306
v -0.029613763093948364 0.012285301461815834 -0.012683849781751633
v -0.029611643403768539 -0.011903038248419762 -0.012681549414992332
v -0.029576832428574562 -0.0077329780906438828 0.015965880826115608
v -0.029568448662757874 0.0096236113458871841 -0.014526296406984329
v -0.029566636309027672 0.008218059316277504 0.015934430062770844
v -0.029564749449491501 -0.017734287306666374 -0.0027460991404950619
v -0.029563432559370995 -0.0075862463563680649 0.016040189191699028
v -0.029561646282672882 0.0079730991274118423 0.016040274873375893
v -0.029558081179857254 0.018123218789696693 -0.0027465824969112873
v -0.029532929882407188 -0.0088793393224477768 -0.014780432917177677
v -0.029532339423894882 0.008365953341126442 0.015909396111965179
v -0.029525753110647202 -0.0080042090266942978 0.015907721593976021
v -0.029520383104681969 -0.005099346861243248 -0.017896527424454689
v -0.029495943337678909 0.010369041934609413 -0.014182386919856071
v -0.02949405275285244 -0.0099912937730550766 -0.014181703329086304
v -0.029494017362594604 0.018244901672005653 -0.0010706209577620029
v -0.029489666223526001 -0.011344214901328087 0.014050793834030628
v -0.029489122331142426 0.011729666963219643 0.014049746096134186
v -0.029481101781129837 0.0088630858808755875 -0.015056334435939789
v -0.029478050768375397 -0.0071895625442266464 0.016285056248307228
v -0.029477210715413094 0.0053389910608530045 -0.017980830743908882
v -0.029470313340425491 0.0042246971279382706 0.015705728903412819
v -0.029468169435858727 0.01047343946993351 0.014910339377820492
v -0.029460437595844269 -0.0015808847965672612 0.017546828836202621
v -0.029438264667987823 -0.010445913299918175 0.014726259745657444
v -0.029435865581035614 0.010833153501152992 0.014726330526173115
v -0.029417000710964203 -0.0047251936048269272 -0.018103267997503281
v -0.029402915388345718 0.0086197946220636368 0.01593889482319355
v -0.029395533725619316 -0.008244803175330162 0.01594344899058342
v -0.029363013803958893 -0.017936607822775841 -0.00087591836927458644
v -0.029361441731452942 0.018322551622986794 -0.00087649590568616986
v -0.029357248917222023 -0.0080419685691595078 0.014462328515946865
v -0.029355024918913841 0.0084291044622659683 0.014462431892752647
v -0.029354047030210495 -0.017935184761881828 -0.0012554040877148509
v -0.029347304254770279 0.018323967233300209 -0.0012558456510305405
v -0.029347263276576996 -0.012758230790495872 0.011483597569167614
v -0.029339402914047241 0.014904985204339027 0.010229969397187233
v -0.029335979372262955 0.0016421022592112422 0.017690898850560188
v -0.029335621744394302 -0.010806357488036156 0.014609899371862411
v -0.029333135113120079 0.011193642392754555 0.014609945937991142
v -0.029332442209124565 -0.011876543983817101 0.012126285582780838
v -0.029326757416129112 0.012013012543320656 0.012313498184084892
v -0.029323933646082878 -0.015405794605612755 0.0096121774986386299
v -0.02932366356253624 -0.01795562170445919 -0.0010654268553480506
v -0.029323449358344078 0.0087080840021371841 0.015984084457159042
v -0.029321163892745972 0.018342072144150734 -0.0010653297649696469
v -0.029320221394300461 0.015791842713952065 0.0096136434003710747
v -0.029318954795598984 -0.0083270426839590073 0.015988152474164963
v -0.029309045523405075 -0.0080187078565359116 0.016132703050971031
v -0.029307836666703224 -0.0073502864688634872 -0.015798453241586685
v -0.029267385601997375 -0.010354569181799889 0.013266310095787048
v -0.029238861054182053 -0.00999467633664608 0.013539264909923077
v -0.029236333444714546 0.010376045480370522 0.013544270768761635
v -0.029227398335933685 0.010314548388123512 0.013594148680567741
v -0.029222553595900536 -0.0083979722112417221 0.016057014465332031
v -0.029214153066277504 0.0087885800749063492 0.016062129288911819
v -0.029213385656476021 -0.012146255001425743 -0.014810360968112946
v -0.029212944209575653 0.0072367433458566666 -0.016112184152007103
v -0.029211731627583504 0.012634241953492165 -0.014724181033670902
v -0.029209325090050697 -0.0080533828586339951 -0.015622414648532867
v -0.029207086190581322 0.0084406230598688126 -0.015622484497725964
v -0.029198180884122849 0.010232815518975258 0.013681491836905479
v -0.029193991795182228 -0.0028812943492084742 0.01618683710694313
v -0.029187396168708801 -0.015480374917387962 -0.010856523178517818
v -0.029186142608523369 -0.0131200160831213 -0.013952848501503468
v -0.029184266924858093 0.015868032351136208 -0.010855273343622684
v -0.029179761186242104 -0.0098108705133199692 0.013729550875723362
v -0.02916330099105835 0.01373196579515934 -0.013747533783316612
v -0.029162853956222534 -0.013380041345953941 -0.013714820146560669
v -0.029143370687961578 -0.0039748009294271469 0.016042236238718033
v -0.029142487794160843 0.0043606851249933243 0.016043081879615784
v -0.029139062389731407 0.011375868692994118 -0.015762962400913239
v -0.029135070741176605 0.010151529684662819 0.013809222728013992
v -0.029121551662683487 -0.010806312784552574 -0.015906421467661858
v -0.029119037091732025 0.011193687096238136 -0.015906382352113724
v -0.029094088822603226 -0.01058272086083889 -0.01608031801879406
v -0.029091635718941689 0.010970050469040871 -0.016080282628536224
v -0.029063593596220016 -0.010358294472098351 -0.016252638772130013
v -0.029061174020171165 0.010745609179139137 -0.016252610832452774
v -0.029060205444693565 0.00019367958884686232 -0.019043626263737679
v -0.029059145599603653 -0.0097247418016195297 0.013929738663136959
v -0.029051510617136955 -0.010295173153281212 -0.016304114833474159
v -0.029047159478068352 -0.0084480550140142441 0.01621275395154953
v -0.029045190662145615 0.0088349971920251846 0.016212828457355499
v -0.02904232032597065 0.0027867199387401342 0.016415249556303024
v -0.029019905254244804 -0.009721001610159874 0.013978952541947365
v -0.029017820954322815 0.01010780967772007 0.013977209106087685
v -0.029017116874456406 -0.010213365778326988 -0.016391312703490257
v -0.028999155387282372 0.01047343946993351 0.015421405434608459
v -0.028996618464589119 0.010573128238320351 -0.016427777707576752
v -0.028989572077989578 -0.014419576153159142 -0.012722309678792953
v -0.028985092416405678 0.01481139101088047 -0.012717959471046925
v -0.028982916846871376 0.01226905919611454 -0.013638951815664768
v -0.028980595991015434 -0.011887243017554283 -0.013636145740747452
v -0.028976192697882652 -0.0026383011136204004 -0.018941612914204597
v -0.028975546360015869 0.003025019308552146 -0.018941625952720642
v -0.028971513733267784 0.0056600663810968399 0.017382355406880379
v -0.028960481286048889 -0.005687495693564415 -0.016805950552225113
v -0.028957866132259369 0.0036451162304729223 -0.018869062885642052
v -0.028947817161679268 -0.0064145531505346298 0.017079411074519157
v -0.02894626185297966 0.0068015251308679581 0.017079444602131844
v -0.028942896053195 0.0024854482617229223 0.016553765162825584
v -0.028941476717591286 -0.003201550105586648 -0.018894890323281288
v -0.028939811512827873 -0.010127043351531029 -0.016527852043509483
v -0.028913680464029312 -0.016381597146391869 0.0083351638168096542
v -0.028913024812936783 0.016766989603638649 0.0083342902362346649
v -0.028905598446726799 0.01049516536295414 -0.016573989763855934
v -0.028902702033519745 -0.012285878881812096 -0.015070407651364803
v -0.028897657990455627 0.012675011530518532 -0.015071396715939045
v -0.02889728732407093 -0.0060285534709692001 0.015763705596327782
v -0.028896378353238106 0.0064137522131204605 0.015763979405164719
v -0.028883408755064011 -0.015709614381194115 0.0097256070002913475
v -0.028882859274744987 0.01609494723379612 0.0097246859222650528
v -0.02887851744890213 -0.016978910192847252 0.0069032609462738037
v -0.02887781523168087 0.017364392057061195 0.0069024446420371532
v -0.028865434229373932 -0.00010757719428511336 0.018163101747632027
v -0.028865370899438858 0.00049472774844616652 0.018163107335567474
v -0.028851337730884552 -0.0052449014037847519 -0.017056833952665329
v -0.028847765177488327 -0.007461225613951683 0.01529940590262413
v -0.028835522010922432 0.0079599115997552872 0.01526506245136261
v -0.02883496880531311 -0.0073175337165594101 0.015370857901871204
v -0.028834674507379532 0.0077102873474359512 0.015367336571216583
v -0.02883218415081501 -1.5502917449339293e-05 0.01819266751408577
v -0.028825562447309494 -0.0048019047826528549 0.017629779875278473
v -0.028821531683206558 0.0055229756981134415 -0.017118684947490692
v -0.028808297589421272 0.00026453461032360792 0.018213868141174316
v -0.028806287795305252 -0.010086318477988243 -0.01669703796505928
v -0.028803961351513863 0.010473543778061867 -0.016697010025382042
v -0.02879427932202816 -0.01496846042573452 0.011062980629503727
v -0.028793836012482643 0.015353748574852943 0.011062011122703552
v -0.028793135657906532 0.010353216901421547 -0.015132643282413483
v -0.028791047632694244 -0.0099759604781866074 -0.015131466090679169
v -0.028787404298782349 -0.0077558960765600204 0.015241819433867931
v -0.028775643557310104 -0.017493268474936485 0.0054412456229329109
v -0.028774896636605263 0.017878824844956398 0.0054404824040830135
v -0.028769513592123985 -0.0049299206584692001 -0.017230940982699394
v -0.028765276074409485 -0.010086378082633018 0.015660075470805168
v -0.028750663623213768 -0.0060363765805959702 -0.016937956213951111
v -0.028749732300639153 0.006421724334359169 -0.016938161104917526
v -0.02874089777469635 0.0082392189651727676 0.015248202718794346
v -0.028728479519486427 -0.0084479805082082748 0.016520492732524872
v -0.028680030256509781 -0.015403246507048607 -0.011716729030013084
v -0.028676323592662811 0.015793109312653542 -0.01171428244560957
v -0.028674811124801636 -0.0079548414796590805 0.015275639481842518
v -0.028668830171227455 -0.010446002706885338 0.015542884357273579
v -0.028666403144598007 0.010833078995347023 0.015542940236628056
v -0.028655745089054108 -0.014354785904288292 -0.012447130866348743
v -0.02865091897547245 0.006866181269288063 0.015869498252868652
v -0.028648650273680687 -0.014157926663756371 0.012337299063801765
v -0.028648344799876213 0.014543155208230019 0.012336279265582561
v -0.028639247640967369 0.014355326071381569 -0.012721645645797253
v -0.028638409450650215 0.014332527294754982 -0.012737847864627838
v -0.028638115152716637 0.014323929324746132 -0.012743942439556122
v -0.028613755479454994 0.0084062013775110245 0.015309044159948826
v -0.02861352451145649 -0.0011705068172886968 0.016959117725491524
v -0.028608443215489388 -0.017916901037096977 0.0039593745023012161
v -0.028607653453946114 0.018302539363503456 0.0039586573839187622
v -0.028583267703652382 0.0088348332792520523 0.016652394086122513
v -0.028571609407663345 -0.011342426761984825 -0.016161667183041573
v -0.028567079454660416 -0.010806446895003319 0.015417703427374363
v -0.028566816821694374 0.011731470003724098 -0.016162674874067307
v -0.028564563021063805 0.011193552985787392 0.015417749062180519
v -0.028552869334816933 0.0043823067098855972 0.018031321465969086
v -0.028547819703817368 0.0081211123615503311 -0.018069561570882797
v -0.028543110936880112 -0.0078314300626516342 -0.018037987872958183
v -0.02853221632540226 -0.011821677908301353 -0.01426435261964798
v -0.028531800955533981 -0.0075862910598516464 -0.018143367022275925
v -0.028530016541481018 0.007973039522767067 -0.018143400549888611
v -0.028522394597530365 -0.0080907251685857773 0.015373989008367062
v -0.028510848060250282 -0.0079779233783483505 -0.018011100590229034
v -0.028507029637694359 -0.010086258873343468 -0.01701015792787075
v -0.0285008754581213 0.0083895120769739151 -0.018009023740887642
v -0.028499912470579147 0.011765608564019203 -0.014594653621315956
v -0.028498468920588493 -0.0039676185697317123 -0.017739275470376015
v -0.028478417545557022 -0.0057788398116827011 0.016263959929347038
v -0.028462912887334824 0.011319572106003761 -0.014926758594810963
v -0.028453012928366661 0.0076640043407678604 -0.018330244347453117
v -0.028449079021811485 -0.013276776298880577 0.013539550825953484
v -0.028448939323425293 0.013661960139870644 0.013538491912186146
v -0.028433011844754219 0.0085151586681604385 0.01544554065912962
v -0.028428463265299797 -0.0080416407436132431 -0.016548812389373779
v -0.028426207602024078 0.0084287170320749283 -0.016548817977309227
v -0.028408965095877647 0.0059084687381982803 0.016403898596763611
v -0.028408065438270569 0.0010162087855860591 0.017177414149045944
v -0.028404954820871353 -0.0018947628559544683 0.017092930153012276
v -0.028404409065842628 0.0022802890744060278 0.017093559727072716
v -0.028397673740983009 -0.016977196559309959 -0.0089904572814702988
v -0.02839050255715847 0.017366105690598488 -0.0089911408722400665
v -0.028387371450662613 -0.0016990212025120854 -0.019589278846979141
v -0.02838469110429287 -0.018245218321681023 0.0024663140065968037
v -0.028384033590555191 -0.017491644248366356 -0.0075249597430229187
v -0.028383858501911163 0.018630931153893471 0.0024656390305608511
v -0.028380308300256729 -0.0082322265952825546 -0.018032371997833252
v -0.028376691043376923 0.017880449071526527 -0.0075255753472447395
v -0.028370324522256851 -0.0081382747739553452 0.015506090596318245
v -0.028369512408971786 0.0086302850395441055 -0.018036153167486191
v -0.028357710689306259 -0.0099949296563863754 -0.015628650784492493
v -0.028356105089187622 -0.0081380810588598251 0.015520285815000534
v -0.028354894369840622 0.010376224294304848 -0.015633558854460716
v -0.028351401910185814 0.0085246805101633072 0.015522642061114311
v -0.028345562517642975 -0.016379809007048607 -0.010421792976558208
v -0.028344295918941498 -0.0099257882684469223 -0.015684809535741806
v -0.028338596224784851 0.016768762841820717 -0.01042253989726305
v -0.028338165953755379 0.0019658745732158422 -0.019641239196062088
v -0.028321696445345879 0.0037727744784206152 -0.018026262521743774
v -0.028320463374257088 0.010090271010994911 0.014757145196199417
v -0.028307395055890083 -0.017915388569235802 -0.0060357004404067993
v -0.028299881145358086 0.018304059281945229 -0.0060362587682902813
v -0.028298443183302879 -0.0083206649869680405 -0.01807255856692791
v -0.02828916534781456 0.0087140742689371109 -0.018076693639159203
v -0.028286471962928772 0.0054691080003976822 0.016636596992611885
v -0.028285626322031021 0.01019916869699955 -0.015812933444976807
v -0.028270823881030083 0.008405560627579689 -0.018220279365777969
v -0.02826029434800148 -0.0039700176566839218 0.016914259642362595
v -0.0282593984156847 0.0043557379394769669 0.016915148124098778
v -0.028251625597476959 -0.010086497291922569 0.01614011637866497
v -0.028249291703104973 0.010473469272255898 0.016140174120664597
v -0.028240025043487549 -0.0097642000764608383 -0.015893815085291862
v -0.028230665251612663 -0.015707796439528465 -0.011807767674326897
v -0.028223901987075806 0.016096765175461769 -0.011808577924966812
v -0.02822369709610939 0.0088348332792520523 0.016966670751571655
v -0.028223488479852676 -0.010446226224303246 -0.017085304483771324
v -0.028221171349287033 0.010832929983735085 -0.017085423693060875
v -0.028218256309628487 -0.0042319055646657944 0.018254540860652924
v -0.028217200189828873 0.0046187583357095718 0.018254557624459267
v -0.028199706226587296 0.012709164991974831 0.014660444110631943
v -0.028199685737490654 -0.012324040755629539 0.014661528170108795
v -0.028198288753628731 -9.6952666353899986e-05 0.017387395724654198
v -0.028197716921567917 -0.0084480997174978256 0.016990067437291145
v -0.028192020952701569 0.00048098887782543898 0.017382664605975151
v -0.028188774362206459 0.0087850335985422134 -0.018139688298106194
v -0.028184982016682625 -0.0084012951701879501 -0.018143638968467712
v -0.028182538226246834 -0.0097006615251302719 0.014901606366038322
v -0.028174960985779762 -0.018243817612528801 -0.0045318468473851681
v -0.02816733717918396 0.018632331863045692 -0.0045323427766561508
v -0.028155772015452385 2.1213543732301332e-05 0.017415136098861694
v -0.02815341018140316 0.010112041607499123 -0.016005296260118484
v -0.028152573853731155 -0.0046267863363027573 0.016869056969881058
v -0.028139898553490639 0.00024936522822827101 0.017429383471608162
v -0.028139514848589897 -0.0081347879022359848 0.015731198713183403
v -0.028128644451498985 -0.010806431993842125 -0.016960108652710915
v -0.028126129880547523 0.011193567886948586 -0.016960076987743378
v -0.028121845796704292 -0.0039746072143316269 -0.018112897872924805
v -0.028120893985033035 0.0043604318052530289 -0.018113704398274422
v -0.028115609660744667 -0.018479397520422935 0.00096878380281850696
v -0.028114760294556618 0.018865177407860756 0.00096815911820158362
v -0.028113551437854767 -0.0097213741391897202 -0.016053717583417892
v -0.028110252693295479 0.010108062997460365 -0.016053304076194763
v -0.028067983686923981 0.0030962915625423193 0.018613444641232491
v -0.028060246258974075 -0.014966627582907677 -0.013137183152139187
v -0.028053713962435722 0.015355596318840981 -0.013138050213456154
v -0.028029615059494972 -0.0025137721095234156 -0.01843680627644062
v -0.028029605746269226 -0.0042320992797613144 0.017063654959201813
v -0.028023308143019676 -0.018549894914031029 -0.0010258202673867345
v -0.028021411970257759 0.0088348928838968277 -0.018269682303071022
v -0.02800871804356575 -0.010086363181471825 -0.017491748556494713
v -0.028006894513964653 -0.0084481146186590195 -0.018284274265170097
v -0.028004920110106468 0.0088349375873804092 -0.01828429102897644
v -0.027997519820928574 -0.018478101119399071 -0.003020766656845808
v -0.027989819645881653 0.018866458907723427 -0.0030212101992219687
v -0.027980031445622444 -0.0023722110781818628 -0.018500156700611115
v -0.027973653748631477 0.010473409667611122 0.016377449035644531
v -0.027951484546065331 -0.0064146723598241806 0.017920432612299919
v -0.027949929237365723 0.0068014059215784073 0.017920466139912605
v -0.027936225757002831 -0.0023850558791309595 0.018748687580227852
v -0.027905894443392754 0.011683980002999306 0.015695028007030487
v -0.027905682101845741 -0.01129891537129879 0.015696128830313683
v -0.027893198654055595 -0.0060282554477453232 -0.017820119857788086
v -0.027892246842384338 0.0064134243875741959 -0.017820363864302635
v -0.027880949899554253 -0.010446092113852501 0.016252534464001656
v -0.027878550812602043 0.010832974687218666 0.016252597793936729
v -0.027863185852766037 -0.0052736159414052963 -0.019446695223450661
v -0.027860451489686966 0.007870132103562355 -0.017354059964418411
v -0.027856238186359406 -0.0064150448888540268 -0.019142961129546165
v -0.027854789048433304 0.0068010333925485611 -0.019143091514706612
v -0.02785402350127697 -0.0075737293809652328 -0.017326777800917625
v -0.027846936136484146 -0.007323896512389183 -0.017428867518901825
v -0.027843862771987915 0.0077046994119882584 -0.017432628199458122
v -0.02783731184899807 -0.014156078919768333 -0.014400230720639229
v -0.027831010520458221 0.014545002952218056 -0.014401152729988098
v -0.027814602479338646 -0.018628975376486778 -0.00052891828818246722
v -0.027813682332634926 0.019014785066246986 -0.00052950863027945161
v -0.027796367183327675 0.0081620607525110245 -0.017300309613347054
v -0.027788201346993446 -0.018627775833010674 -0.0015075689880177379
v -0.027780715376138687 -0.010806536301970482 0.016119185835123062
v -0.027780486270785332 0.019015977159142494 -0.0015079587465152144
v -0.027778200805187225 0.011193463578820229 0.016119224950671196
v -0.027771454304456711 0.0074061993509531021 -0.017609473317861557
v -0.027760915458202362 -0.0078528132289648056 -0.017304383218288422
v -0.02775673009455204 0.0073470864444971085 -0.017644016072154045
v -0.027751006186008453 0.0021232010331004858 -0.018772274255752563
v -0.027745939791202545 0.0082621220499277115 -0.017307478934526443
v -0.027730807662010193 0.0052750203758478165 -0.019641831517219543
v -0.027717027813196182 -0.01866079680621624 -0.0010164780542254448
v -0.027713347226381302 -0.018662070855498314 -0.0010163666447624564
v -0.027711983770132065 0.019048044458031654 -0.00101635348983109
v -0.027709798887372017 -0.00010763679892988876 -0.020219340920448303
v -0.027709709480404854 0.00049468304496258497 -0.020219350233674049
v -0.02770867757499218 0.019049191847443581 -0.0010162509279325604
v -0.02767462283372879 0.00040189351420849562 -0.020247003063559532
v -0.02766883373260498 0.0088347140699625015 -0.018572235479950905
v -0.027661969885230064 0.0083733443170785904 -0.017340285703539848
v -0.027661271393299103 0.0085154119879007339 0.01616235077381134
v -0.027649795636534691 0.00012280966620892286 -0.020266583189368248
v -0.027626840397715569 -0.008023357018828392 -0.017359618097543716
v -0.027624474838376045 0.010076666250824928 0.015426989644765854
v -0.027623996138572693 -0.0096902158111333847 0.015430846251547337
v -0.027594085782766342 -0.006335115060210228 -0.018000222742557526
v -0.027564890682697296 -0.013274943456053734 -0.015588070265948772
v -0.027558818459510803 0.013663807883858681 -0.015589036978781223
v -0.027545660734176636 0.019104341045022011 -0.0010113090975210071
v -0.027544805780053139 0.0032130421604961157 0.017701953649520874
v -0.027520876377820969 0.01047343946993351 -0.017917046323418617
v -0.027520323172211647 -0.008448159322142601 -0.018694926053285599
v -0.027506072074174881 0.0064100716263055801 -0.018171291798353195
v -0.027504289522767067 0.0084919724613428116 -0.017435172572731972
v -0.027493700385093689 0.00019247259479016066 0.017947539687156677
v -0.027474464848637581 -0.0026382564101368189 0.017780454829335213
v -0.027466960251331329 -0.0081215556710958481 -0.017464108765125275
v -0.027462126687169075 0.0029922367539256811 0.017794104292988777
v -0.027446979656815529 -0.0018929002108052373 0.017884237691760063
v -0.027446426451206207 0.0022781880106776953 0.017884897068142891
v -0.027445865795016289 -0.010086512193083763 0.016797570511698723
v -0.027434539049863815 -0.010446315631270409 -0.017791973426938057
v -0.027432193979620934 0.010832840576767921 -0.017792103812098503
v -0.027416234835982323 0.002871745964512229 0.017843449488282204
v -0.027406617999076843 -0.0039956327527761459 -0.020069215446710587
v -0.027397057041525841 0.010473275557160378 0.016832297667860985
v -0.027384418994188309 -0.00080559228081256151 -0.019144393503665924
v -0.027371665462851524 -0.0097042378038167953 -0.01678992435336113
v -0.02735850028693676 -0.0081386025995016098 -0.017553171142935753
v -0.027358163148164749 0.0085258428007364273 -0.017553849145770073
v -0.027355395257472992 -0.008448353037238121 0.017637839540839195
v -0.027353424578905106 0.0088349077850580215 0.017637919634580612
v -0.027341650798916817 -0.002292474964633584 0.017920862883329391
v -0.027341149747371674 -0.010806521400809288 -0.017658621072769165
v -0.027338635176420212 0.011193478479981422 -0.01765858568251133
v -0.027330391108989716 0.017526993528008461 0.0087548615410923958
v -0.027330318465828896 -0.017141750082373619 0.0087556876242160797
v -0.027329148724675179 0.016882250085473061 0.01016724482178688
v -0.027328969910740852 -0.016497081145644188 0.010168111883103848
v -0.02732379175722599 -0.0018946734489873052 -0.0191176887601614
v -0.027323218062520027 0.0022801400627940893 -0.019118299707770348
v -0.027286430820822716 -0.0020253269467502832 0.019221361726522446
v -0.027285905554890633 0.0024120600428432226 0.019221363589167595
v -0.027266362681984901 0.016158262267708778 0.011525978334248066
v -0.027266109362244606 -0.015773167833685875 0.011526897549629211
v -0.027264988049864769 0.01808556355535984 0.0073007042519748211
v -0.027264958247542381 -0.017700223252177238 0.0073014805093407631
v -0.027247654274106026 -0.012322207912802696 -0.016692766919732094
v -0.027241839095950127 0.01271098293364048 -0.01669376902282238
v -0.027230419218540192 0.010087886825203896 -0.016914395615458488
v -0.02722429484128952 -0.0050830002874135971 -0.018662275746464729
v -0.027217069640755653 -0.010086541995406151 -0.018164724111557007
v -0.027214743196964264 0.010473409667611122 -0.018164699897170067
v -0.027190195396542549 -0.0039698090404272079 -0.018930725753307343
v -0.027189258486032486 0.0043554697185754776 -0.01893157884478569
v -0.027181848883628845 0.0022769065108150244 0.018077125772833824
v -0.027170052751898766 -0.0049135293811559677 -0.018746690824627876
v -0.027143973857164383 0.015356997027993202 0.012820035219192505
v -0.027143554762005806 -0.014971977099776268 0.012820987030863762
v -0.027133531868457794 -0.018165884539484978 0.0058170389384031296
v -0.027133489027619362 0.018551329150795937 0.0058163003996014595
v -0.027132384479045868 -0.004232039675116539 0.01900886744260788
v -0.027131330221891403 0.0046186242252588272 0.019008876755833626
v -0.027115307748317719 0.00513460673391819 -0.018828276544809341
v -0.02711254358291626 -0.0081240739673376083 0.01661112904548645
v -0.02711181528866291 0.0088347289711236954 -0.019008796662092209
v -0.027102990075945854 0.0050972197204828262 -0.018846467137336731
v -0.027089864015579224 0.00048390950541943312 -0.019405066967010498
v -0.027086369693279266 -9.6952666353899986e-05 -0.019400371238589287
v -0.027058878913521767 -0.0042324122041463852 -0.02027161605656147
v -0.027057912200689316 0.004618251696228981 -0.020271701738238335
v -0.027048593387007713 0.0003727468429133296 -0.019430371001362801
v -0.027040809392929077 0.00078468944411724806 0.019466603174805641
v -0.027037642896175385 -0.010446181520819664 0.016894251108169556
v -0.027035241946578026 0.010832885280251503 0.016894321888685226
v -0.027030671015381813 0.00013291265349835157 -0.01944461464881897
v -0.026999978348612785 0.0047897044569253922 -0.01899370551109314
v -0.026964906603097916 0.014478648081421852 0.01403848547488451
v -0.026964385062456131 -0.014093702659010887 0.014039477333426476
v -0.026943005621433258 -0.018535090610384941 0.0043128379620611668
v -0.026942919939756393 0.018920639529824257 0.0043121455237269402
v -0.026939637959003448 -0.010806625708937645 0.0167530607432127
v -0.026937121525406837 0.011193374171853065 0.016753099858760834
v -0.026915760710835457 -0.001252552610822022 0.018309047445654869
v -0.026898007839918137 -0.00010780071170302108 0.019555002450942993
v -0.026897914707660675 0.0004945042310282588 0.019554998725652695
v -0.026891183108091354 -0.011297112330794334 -0.017707550898194313
v -0.026887679472565651 -0.0027092902455478907 -0.020621152594685555
v -0.026885619387030602 0.011685783043503761 -0.017708566039800644
v -0.026879701763391495 -0.010086527094244957 0.017198130488395691
v -0.026878189295530319 -0.0096801724284887314 0.016047138720750809
v -0.026875453069806099 -0.0064148064702749252 0.018654374405741692
v -0.026873869821429253 0.0068012867122888565 0.018654400482773781
v -0.026859447360038757 0.00040128256659954786 0.019577937200665474
v -0.026848465204238892 0.0085182283073663712 -0.017979605123400688
v -0.026848331093788147 0.0043537113815546036 -0.019195197150111198
v -0.02683565579354763 0.010065952315926552 0.016076397150754929
v -0.026832452043890953 0.00012279476504772902 0.019594050943851471
v -0.02681276947259903 -0.0064151640981435776 -0.019922163337469101
v -0.026811294257640839 0.0068009141832590103 -0.019922312349081039
v -0.026797296479344368 0.0028866620268672705 -0.020703455433249474
v -0.026793709024786949 0.0085084829479455948 0.016846170648932457
v -0.026763778179883957 -0.017698748037219048 -0.0092898402363061905
v -0.026755530387163162 0.018087038770318031 -0.0092904269695281982
v -0.026740439236164093 -0.017140178009867668 -0.010745277628302574
v -0.026734594255685806 0.013523155823349953 0.015170963481068611
v -0.026733880862593651 -0.013138270005583763 0.015171979553997517
v -0.026732392609119415 0.017528558149933815 -0.010745917446911335
v -0.026722962036728859 -0.018164528533816338 -0.0078001925721764565
v -0.026714574545621872 0.018552685156464577 -0.0078007220290601254
v -0.02670479379594326 -0.018808586522936821 0.0027979272417724133
v -0.026704665273427963 0.019194209948182106 0.002797276945784688
v -0.026678305119276047 -0.010086556896567345 -0.018565084785223007
v -0.026653090491890907 -0.016495442017912865 -0.012154950760304928
v -0.026645245030522346 0.016883889213204384 -0.012155651114881039
v -0.026639916002750397 -0.0081294383853673935 -0.018144495785236359
v -0.026637854054570198 -0.0096908267587423325 -0.017416425049304962
v -0.026637578383088112 0.0085159037262201309 -0.018144311383366585
v -0.026633752509951591 0.01007709838449955 -0.017416466027498245
v -0.026624375954270363 -0.018533861264586449 -0.0062872371636331081
v -0.026615848764777184 0.018921861425042152 -0.006287712138146162
v -0.026597091928124428 -0.0032819567713886499 -0.01949399895966053
v -0.026591630652546883 -0.010446419939398766 -0.018432531505823135
v -0.026589317247271538 0.010832751169800758 -0.01843266561627388
v -0.026534752920269966 -0.0084482934325933456 0.018168827518820763
v -0.026525966823101044 0.00076272513251751661 0.018595192581415176
v -0.026514735072851181 -0.010086646303534508 0.017432160675525665
v -0.026512397453188896 0.010473215952515602 0.017432225868105888
v -0.026507575064897537 -0.01577148400247097 -0.013507346622645855
v -0.026500433683395386 -0.010806610807776451 -0.018291227519512177
v -0.026499958708882332 0.016159946098923683 -0.013508095405995846
v -0.026497919112443924 0.011193389073014259 -0.018291188403964043
v -0.026487449184060097 -0.0084482785314321518 -0.019444338977336884
v -0.026478830724954605 -0.018807476386427879 -0.004760675597935915
v -0.026470227167010307 0.019195312634110451 -0.0047610979527235031
v -0.026465268805623055 0.00019232358317822218 0.018638705834746361
v -0.026463599875569344 0.00062831665854901075 0.01863567903637886
v -0.026459777727723122 0.012490326538681984 0.016208410263061523
v -0.026459552347660065 0.0088346246629953384 0.018212011083960533
v -0.026458906009793282 -0.01210550032556057 0.016209444031119347
v -0.026432625949382782 -0.018992884084582329 0.0012794575886800885
v -0.02643248438835144 0.019378567114472389 0.0012788575841113925
v -0.026396682485938072 0.00048346247058361769 0.01868010126054287
v -0.026394657790660858 -9.4628085207659751e-05 0.018678931519389153
v -0.026372220367193222 0.01047324575483799 -0.018772091716527939
v -0.026364309713244438 0.00019245769362896681 -0.019916936755180359
v -0.026353010907769203 0.00036589230876415968 0.018704421818256378
v -0.026339445263147354 -0.010120635852217674 0.017520638182759285
v -0.026334846392273903 0.00013680185656994581 0.018715539947152138
v -0.026321491226553917 -0.0018927959026768804 -0.019850971177220345
v -0.026320897042751312 0.002278024097904563 -0.019851613789796829
v -0.026317358016967773 0.014640891924500465 0.014343767426908016
v -0.026316994801163673 -0.014331972226500511 0.014259293675422668
v -0.026316029950976372 0.0105158481746912 0.017528720200061798
v -0.026306472718715668 -0.014970263466238976 -0.014791540801525116
v -0.026301143690943718 -0.013253679499030113 0.015365946106612682
v -0.026299579069018364 -0.018991878256201744 -0.0032285095658153296
v -0.026299087330698967 0.015358710661530495 -0.014792341738939285
v -0.026296291500329971 0.013618344441056252 0.015387183986604214
v -0.026292363181710243 0.0028926373925060034 -0.019806567579507828
v -0.026290932670235634 0.019379565492272377 -0.0032288862857967615
v -0.026254840195178986 0.0016913505969569087 -0.021133305504918098
v -0.026233268901705742 0.0088348928838968277 -0.019604332745075226
v -0.026212634518742561 -0.015191858634352684 0.013273746706545353
v -0.026208953931927681 0.01557866670191288 0.013273640535771847
v -0.026192525401711464 0.01058574952185154 0.017564432695508003
v -0.026167359203100204 0.00019350077491253614 0.019944339990615845
v -0.026158427819609642 0.01254565455019474 0.016357842832803726
v -0.026153145357966423 -0.012112772092223167 0.016396965831518173
v -0.026147792115807533 0.011380130425095558 0.017143871635198593
v -0.026146708056330681 -0.010995363816618919 0.017144886776804924
v -0.026118723675608635 -0.0020254610572010279 0.019869063049554825
v -0.026118196547031403 0.002411925932392478 0.019869063049554825
v -0.026112541556358337 -0.01026604138314724 0.017576262354850769
v -0.026090268045663834 0.010671759024262428 0.017577534541487694
v -0.026072302833199501 -0.0081199165433645248 0.017327453941106796
v -0.026070084422826767 -0.0020258335862308741 -0.021181032061576843
v -0.026069600135087967 0.0024115534033626318 -0.021181073039770126
v -0.026053408160805702 -0.014091974124312401 -0.015996828675270081
v -0.026046251878142357 0.014480376616120338 -0.015997674316167831
v -0.026036141440272331 0.0022772641386836767 -0.020033657550811768
v -0.026022816076874733 0.010060066357254982 0.016640454530715942
v -0.026019139215350151 -0.0096739437431097031 0.01664547435939312
v -0.025999685749411583 0.019518384709954262 -0.00096413423307240009
v -0.025998350232839584 -0.019133007153868675 -0.00096434081206098199
v -0.025973448529839516 0.0085057411342859268 0.017385844141244888
v -0.025972388684749603 -0.0042321737855672836 0.019646007567644119
v -0.025971334427595139 0.0046184901148080826 0.019646016880869865
v -0.02595454640686512 0.010064909234642982 0.016680708155035973
v -0.025945417582988739 -0.010491108521819115 0.017548751085996628
v -0.025932641699910164 0.010899374261498451 0.017542731016874313
v -0.02592909149825573 -0.004232531413435936 -0.020959705114364624
v -0.025928126648068428 0.0046181175857782364 -0.020959796383976936
v -0.025909220799803734 -0.0015968886436894536 -0.02013535238802433
v -0.025909215211868286 -0.012925675138831139 0.014824114739894867
v -0.025901308283209801 0.0019655020441859961 -0.020141622051596642
v -0.025891656056046486 0.011013755574822426 0.01750185526907444
v -0.025887265801429749 -0.010893901810050011 0.017352765426039696
v -0.025884749367833138 0.01128041185438633 0.017352811992168427
v -0.02587580680847168 0.011239746585488319 0.017381468787789345
v -0.025873947888612747 -0.010745963081717491 0.017445677891373634
v -0.025873368605971336 -0.01080668531358242 0.017411088570952415
v -0.02587091363966465 0.011193240061402321 0.017411245033144951
v -0.025870330631732941 0.011177310720086098 0.017420737072825432
v -0.025854209437966347 0.010066861286759377 -0.017986265942454338
v -0.025840101763606071 -0.0097162779420614243 0.016733866184949875
v -0.025837980210781097 0.0088344905525445938 0.018551947548985481
v -0.025813238695263863 -0.0096803214401006699 -0.018016567453742027
v -0.02581285685300827 0.012739637866616249 0.0152264554053545
v -0.025810819119215012 -0.00039806042332202196 -0.021411100402474403
v -0.025783702731132507 0.010473126545548439 -0.0191375482827425
v -0.025754360482096672 -0.013136541470885277 -0.017113186419010162
v -0.025747489184141159 0.013524869456887245 -0.017114054411649704
v -0.025741484016180038 0.010157087817788124 0.016762206330895424
v -0.025728277862071991 -0.006414925679564476 0.019273886457085609
v -0.025726724416017532 0.0068011526018381119 0.019273912534117699
v -0.025724455714225769 -0.0081227775663137436 -0.018781987950205803
v -0.025724103674292564 0.0085089895874261856 -0.018780488520860672
v -0.02571941539645195 0.015557894483208656 0.013639288023114204
v -0.025714367628097534 -0.010446509346365929 -0.018990876153111458
v -0.025712026283144951 0.010832646861672401 -0.018991021439433098
v -0.025693943724036217 -0.0064152982085943222 -0.020590515807271004
v -0.025692502036690712 0.0068007800728082657 -0.020590666681528091
v -0.0256627406924963 -0.00010786031634779647 -0.021490840241312981
v -0.025662651285529137 0.00049444462638348341 -0.021490849554538727
v -0.025662200525403023 -0.008448353037238121 0.018640970811247826
v -0.025643231347203255 -0.019204637035727501 -0.00095349230105057359
v -0.025630569085478783 -0.0098678823560476303 0.016777209937572479
v -0.02562970295548439 0.017472276464104652 0.010517559945583344
v -0.025628754869103432 -0.017087196931242943 0.010518306866288185
v -0.025625983253121376 -0.010806715115904808 -0.018842184916138649
v -0.025623466819524765 0.011193284764885902 -0.018842145800590515
v -0.025623096153140068 -1.4817464034422301e-05 -0.021511400118470192
v -0.025608792901039124 0.01808246411383152 0.009089798666536808
v -0.025607945397496223 -0.01769728772342205 0.0090905157849192619
v -0.025595076382160187 0.00026331271510571241 -0.021525915712118149
v -0.025588635355234146 0.01677338220179081 0.011891132220625877
v -0.02558758482336998 -0.016388406977057457 0.011891908943653107
v -0.025575052946805954 0.010317811742424965 0.016774578019976616
v -0.025523610413074493 0.018598133698105812 0.0076200515031814575
v -0.025522805750370026 -0.018212852999567986 0.0076207257807254791
v -0.025491530075669289 -0.010077362880110741 0.016742505133152008
v -0.025486927479505539 0.015988657251000404 0.013198506087064743
v -0.025485746562480927 -0.015603771433234215 0.013199308887124062
v -0.025454770773649216 -0.010458996519446373 0.016548553481698036
v -0.025452902540564537 0.010578164830803871 0.016703056171536446
v -0.025452256202697754 0.010837743058800697 0.016560666263103485
v -0.025442777201533318 -0.010248651728034019 0.016674475744366646
v -0.02544219046831131 -0.0084484722465276718 0.018746482208371162
v -0.025440245866775513 0.0088345799595117569 0.018746577203273773
v -0.02543829008936882 -0.00010230218322249129 -0.021039098501205444
v -0.025437438860535622 -0.010351380333304405 0.016619408503174782
v -0.025416713207960129 -0.012103786692023277 -0.018131976947188377
v -0.025410093367099762 0.012492025271058083 -0.018132863566279411
v -0.025407882407307625 -0.010086691007018089 -0.019349096342921257
v -0.025405526161193848 0.010473156347870827 -0.019349075853824615
v -0.025402721017599106 0.008505428209900856 0.01770661398768425
v -0.025400390848517418 -0.014254381880164146 -0.016254810616374016
v -0.025398273020982742 0.01471867598593235 -0.016170313581824303
v -0.025383183732628822 -0.0084483977407217026 -0.020085616037249565
v -0.025381246581673622 0.0088345799595117569 -0.02008565329015255
v -0.025377243757247925 0.019015783444046974 0.0061199730262160301
v -0.025376509875059128 -0.018630390986800194 0.0061206165701150894
v -0.025356801226735115 -0.015192395076155663 -0.015179912559688091
v -0.025354914367198944 -0.008441215381026268 0.01878972165286541
v -0.025353146716952324 0.015579128637909889 -0.015179663896560669
v -0.02535252645611763 0.010062644258141518 -0.018306244164705276
v -0.02534211240708828 0.010286280885338783 0.016921937465667725
v -0.025340301916003227 -0.0099113639444112778 0.016917308792471886
v -0.025316255167126656 -0.013231506571173668 -0.017295392230153084
v -0.025316102430224419 0.013640085235238075 -0.017274262383580208
v -0.025296414270997047 0.00019229378085583448 -0.020546495914459229
v -0.025257416069507599 0.0087956581264734268 0.018845222890377045
v -0.025247784331440926 0.0087909791618585587 0.018851317465305328
v -0.025225084275007248 0.010507116094231606 -0.019426954910159111
v -0.025213863700628281 0.00048341776710003614 -0.020587339997291565
v -0.025213861837983131 -9.6788753580767661e-05 -0.02058732882142067
v -0.025205673649907112 -0.010129472240805626 -0.019433801993727684
v -0.025178363546729088 0.019335830584168434 0.0046001393347978592
v -0.025177726522088051 -0.018950356170535088 0.0046007637865841389
v -0.025171337649226189 1.4716637451783754e-05 -0.020610008388757706
v -0.025164498016238213 -0.015147572383284569 0.014013150706887245
v -0.025151291862130165 0.00025358225684612989 -0.020620709285140038
v -0.025147167965769768 -0.0083337035030126572 0.018923351541161537
v -0.025119835510849953 -0.012159025296568871 -0.018255967646837234
v -0.025112094357609749 0.0086852554231882095 0.018950674682855606
v -0.025106543675065041 0.012499341741204262 -0.018294453620910645
v -0.025079710409045219 -0.010199790820479393 -0.019462119787931442
v -0.025070641189813614 0.0086279008537530899 0.018989667296409607
v -0.02504945732653141 -0.0081972237676382065 0.01901574432849884
v -0.025048105046153069 -0.010993679985404015 -0.019046714529395103
v -0.025041822344064713 0.011381814256310463 -0.019047584384679794
v -0.025039447471499443 -0.0081199761480093002 0.017890788614749908
v -0.025037072598934174 0.008505726233124733 0.017890209332108498
v -0.0250362828373909 -0.0081626679748296738 0.019033869728446007
v -0.025034371763467789 0.0085486117750406265 0.01903395913541317
v -0.025007417425513268 0.0085053239017724991 0.017904534935951233
v -0.025006314739584923 -0.018211720511317253 -0.0095026129856705666
v -0.025001773610711098 -0.017696036025881767 -0.0109748225659132
v -0.02499706856906414 0.018599266186356544 -0.0095030553638935089
v -0.024995114654302597 0.010652476921677589 -0.019468950107693672
v -0.024992693215608597 0.018083700910210609 -0.010975304059684277
v -0.024977380409836769 -0.010285517200827599 -0.019468998536467552
v -0.024969058111310005 -0.0096752997487783432 -0.018531849607825279
v -0.02496233768761158 0.010060558095574379 -0.018531696870923042
v -0.024952376261353493 0.0085065457969903946 -0.019228460267186165
v -0.024951586499810219 -0.018629377707839012 -0.0079964203760027885
v -0.024942263960838318 0.019016796723008156 -0.0079968106001615524
v -0.024941127747297287 -0.0081084724515676498 0.017941432073712349
v -0.024939307942986488 0.019563222303986549 0.0030697132460772991
v -0.024938713759183884 -0.019177680835127831 0.0030702988151460886
v -0.024935618042945862 -0.0170858483761549 -0.012401205487549305
v -0.024934690445661545 0.00019336666446179152 0.020472802221775055
v -0.024926731362938881 0.017473617568612099 -0.012401721440255642
v -0.024913815781474113 0.00019299413543194532 -0.02183518186211586
v -0.024909280240535736 0.010063329711556435 -0.018559329211711884
v -0.024908771738409996 0.013073289766907692 -0.01687726192176342
v -0.024895709007978439 -0.0096797998994588852 -0.018567951396107674
v -0.024889141321182251 -0.0020256100688129663 0.020394636318087578
v -0.024888616055250168 0.0024117918219417334 0.020394638180732727
v -0.024869725108146667 -0.0020259676966816187 -0.021757122129201889
v -0.024869242683053017 0.0024114192929118872 -0.021757170557975769
v -0.024862589314579964 0.008465031161904335 0.017987629398703575
v -0.024854550138115883 -0.012405162677168846 -0.017066661268472672
v -0.024853581562638283 0.019724154844880104 -0.00092952739214524627
v -0.024848928675055504 0.012182006612420082 0.016112102195620537
v -0.024846622720360756 -0.011802917346358299 0.01610490120947361
v -0.024845657870173454 -0.018949462100863457 -0.0064673093147575855
v -0.024836508557200432 -0.015171011909842491 -0.015522160567343235
v -0.024836234748363495 0.019336724653840065 -0.0064676692709326744
v -0.024829927831888199 0.010877424851059914 -0.019431553781032562
v -0.024825528264045715 -0.0076012518256902695 0.019313376396894455
v -0.024822361767292023 -0.010512953624129295 -0.019424876198172569
v -0.024810884147882462 -0.016386991366744041 -0.013769719749689102
v -0.024802196770906448 0.016774797812104225 -0.01377028226852417
v -0.02478623203933239 -0.010894140228629112 -0.019232789054512978
v -0.02478371374309063 0.01128053106367588 -0.019232738763093948
v -0.024779070168733597 0.010100657120347023 -0.018610311672091484
v -0.024775851517915726 -0.010665303096175194 -0.019364794716238976
v -0.024775568395853043 -0.010853460058569908 -0.019260872155427933
v -0.024773048236966133 0.01123986579477787 -0.019260818138718605
v -0.02477143332362175 -0.0080134328454732895 0.018054855987429619
v -0.024768739938735962 -0.010806804522871971 -0.019289970397949219
v -0.024767540395259857 -0.010790145024657249 -0.019299840554594994
v -0.024766223505139351 0.011193195357918739 -0.019289931282401085
v -0.024764707311987877 0.011132398620247841 -0.019324373453855515
v -0.024752093479037285 -0.0042323078960180283 0.020163048058748245
v -0.02475103922188282 0.004618356004357338 0.020163057371973991
v -0.024736898019909859 -0.0042326655238866806 -0.02152574248611927
v -0.024735935032367706 0.0046179834753274918 -0.021525837481021881
v -0.024700229987502098 -0.019176898524165154 -0.0049251746386289597
v -0.024699347093701363 0.0083121005445718765 0.018117863684892654
v -0.024690793827176094 0.019563997164368629 -0.0049254912883043289
v -0.024682667106389999 -0.0080009456723928452 0.018098680302500725
v -0.024680586531758308 0.008386978879570961 0.018098374828696251
v -0.024676993489265442 -0.0097728129476308823 -0.018635887652635574
v -0.024674028158187866 0.019707882776856422 0.0015360604738816619
v -0.024673530831933022 -0.019322304055094719 0.0015366266015917063
v -0.024666205048561096 -0.0078481640666723251 0.01816168986260891
v -0.024664627388119698 0.0082350913435220718 0.018161021173000336
v -0.024641076102852821 0.015376592054963112 0.01449129544198513
v -0.024640288203954697 -0.015125995501875877 0.014325260184705257
v -0.024636637419462204 0.015512505546212196 0.01432504691183567
v -0.024629605934023857 -0.015602296218276024 -0.01506846584379673
v -0.02462133951485157 -0.0081199463456869125 -0.019399115815758705
v -0.024621143937110901 0.015990117564797401 -0.015069062821567059
v -0.02461620606482029 -0.014195909723639488 0.015401514247059822
v -0.024603564292192459 0.014483341947197914 0.015507856383919716
v -0.024566961452364922 0.010250220075249672 -0.018643766641616821
v -0.024528827518224716 -0.019321611151099205 -0.0033782306127250195
v -0.024523478001356125 -0.0064150746911764145 0.019776705652475357
v -0.024521922692656517 0.0068010184913873672 0.019776739180088043
v -0.024519382044672966 0.019708583131432533 -0.0033785151317715645
v -0.024515355005860329 -0.006415417417883873 -0.021139774471521378
v -0.024513915181159973 0.0068006459623575211 -0.021139932796359062
v -0.024513149634003639 -0.0099291261285543442 -0.018637467175722122
v -0.024489464238286018 0.0088344309478998184 -0.020502114668488503
v -0.024472296237945557 -0.013185551390051842 0.016421660780906677
v -0.024468038231134415 0.0076943580061197281 0.018428876996040344
v -0.024457242339849472 0.013510072603821754 0.016479469835758209
v -0.024449575692415237 -0.010030543431639671 -0.018615201115608215
v -0.024427736178040504 0.010462740436196327 -0.018602641299366951
v -0.02440318837761879 -0.010461574420332909 -0.018404465168714523
v -0.024399448186159134 0.01083848811686039 -0.018414979800581932
v -0.024394312873482704 -0.010184770449995995 -0.018559359014034271
v -0.024387912824749947 -0.010398155078291893 -0.018445730209350586
v -0.024378644302487373 0.01070077158510685 -0.018499774858355522
v -0.024378415197134018 0.014133820310235023 0.015236706472933292
v -0.024357311427593231 0.014030138030648232 0.015305545181035995
v -0.024327995255589485 0.0067535731941461563 0.019858146086335182
v -0.024298638105392456 0.010279694572091103 0.017428178340196609
v -0.024297270923852921 -0.0099051948636770248 0.01742294616997242
v -0.024277869611978531 0.010285669937729836 -0.018766617402434349
v -0.024276342242956161 -0.0099107977002859116 -0.018761876970529556
v -0.024267358705401421 0.015534261241555214 -0.015853218734264374
v -0.024260992184281349 -0.0084485318511724472 -0.020596502348780632
v -0.024259019643068314 0.0088345203548669815 -0.020596526563167572
v -0.024236025288701057 -0.019421515986323357 -0.00091067730681970716
v -0.024230880662798882 -0.019422134384512901 -0.00091051904018968344
v -0.024228325113654137 -0.012132292613387108 0.017341163009405136
v -0.024194460362195969 0.012403706088662148 0.017433235421776772
v -0.024181218817830086 -0.0060187783092260361 0.019996156916022301
v -0.024166084825992584 0.0088264588266611099 -0.020636159926652908
v -0.024148555472493172 -0.0059428568929433823 0.020025273784995079
v -0.024141645058989525 -0.012645384296774864 0.015967089682817459
v -0.024118771776556969 -0.0063983853906393051 0.018834503367543221
v -0.024083791300654411 0.0086701605468988419 -0.020157080143690109
v -0.024065455421805382 -0.0084055867046117783 -0.020688561722636223
v -0.024009633809328079 0.0065165553241968155 0.018943957984447479
v -0.023974543437361717 0.0059326086193323135 0.020171986892819405
v -0.023957312107086182 0.0087202582508325577 -0.020754497498273849
v -0.023932855576276779 0.012175062671303749 0.016539337113499641
v -0.023931294679641724 -0.008307015523314476 -0.020774688571691513
v -0.023910833522677422 -0.0081200208514928818 -0.019718024879693985
v -0.023908589035272598 0.0085058007389307022 -0.019717620685696602
v -0.023890877142548561 -0.010993769392371178 0.0181893240660429
v -0.023888153955340385 -0.0081200506538152695 -0.019727248698472977
v -0.023882444947957993 -0.0082442518323659897 -0.020815078169107437
v -0.023880910128355026 0.011973405256867409 0.016673324629664421
v -0.023855576291680336 0.0085848066955804825 -0.020840249955654144
v -0.023849464952945709 -0.0060081388801336288 0.019030200317502022
v -0.023848479613661766 0.0063922498375177383 0.019030630588531494
v -0.023845886811614037 0.011839861050248146 0.016761982813477516
v -0.023842815309762955 -0.005722707137465477 0.01910245418548584
v -0.023842679336667061 -0.0081627275794744492 -0.02085835300385952
v -0.023840770125389099 0.0085485521703958511 -0.020858384668827057
v -0.023833859711885452 0.012181246653199196 -0.017929261550307274
v -0.023831980302929878 -0.011802216991782188 -0.017921904101967812
v -0.023830229416489601 -0.010807221755385399 0.018315084278583527
v -0.023827586323022842 0.011193016543984413 0.018314693123102188
v -0.023826045915484428 0.017882252112030983 0.01077620405703783
v -0.023824309930205345 -0.017497239634394646 0.010776775889098644
v -0.023805694654583931 0.0084941331297159195 -0.019763391464948654
v -0.023802824318408966 0.0055479500442743301 0.020306378602981567
v -0.023800753057003021 0.017212683334946632 0.012157361023128033
v -0.023798918351531029 -0.016827797517180443 0.012157951481640339
v -0.023791979998350143 0.018456438556313515 0.0093406662344932556
v -0.02379034087061882 -0.018071314319968224 0.0093412222340703011
v -0.023785404860973358 0.0055094305425882339 0.020319396629929543
v -0.023755833506584167 -0.010583808645606041 0.018460264429450035
v -0.023753376677632332 0.010969782248139381 0.018460312858223915
v -0.023723721504211426 -0.015125786885619164 -0.016136860474944115
v -0.023720048367977142 0.015512192621827126 -0.016136545687913895
v -0.023718951269984245 -0.0080734547227621078 -0.01981155201792717
v -0.023717246949672699 0.016449535265564919 0.01347081083804369
v -0.023715289309620857 -0.016064738854765892 0.013471405953168869
v -0.023698637261986732 0.01893126405775547 0.0078630819916725159
v -0.023697094991803169 -0.018546028062701225 0.0078636258840560913
v -0.023679347708821297 -0.010358979925513268 0.018602155148983002
v -0.023676922544836998 0.01074492372572422 0.018602203577756882
v -0.0236691664904356 0.0057002995163202286 0.019251996651291847
v -0.023668251931667328 0.00019321765284985304 0.020883297547698021
v -0.023664845153689384 0.00019284512382000685 -0.02228655107319355
v -0.023635843768715858 -0.014206549152731895 -0.017198245972394943
v -0.023632854223251343 0.0083999577909708023 -0.019864959642291069
v -0.023631280288100243 0.010650807991623878 0.018664512783288956
v -0.02363068051636219 0.014581242576241493 -0.017210546880960464
v -0.023626146838068962 -0.002025744179263711 0.020802959799766541
v -0.023625621572136879 0.0024116428103297949 0.02080296166241169
v -0.023623879998922348 -0.0020261167082935572 -0.022205820307135582
v -0.023623399436473846 0.0024112851824611425 -0.022205866873264313
v -0.02357974462211132 0.015594163909554482 0.014703216962516308
v -0.023577660322189331 -0.015209456905722618 0.014703815802931786
v -0.023577503859996796 -0.010200312361121178 0.018714640289545059
v -0.023573329672217369 -0.010483404621481895 0.017393995076417923
v -0.02356695756316185 -0.0079998727887868881 0.018521495163440704
v -0.023565199226140976 -0.0079327132552862167 -0.019920652732253075
v -0.023564925417304039 0.0083856526762247086 0.018521126359701157
v -0.023550737649202347 0.019306028261780739 0.006355011835694313
v -0.023549322038888931 -0.018920702859759331 0.0063555515371263027
v -0.023547187447547913 -0.0080004241317510605 -0.019902920350432396
v -0.023545097559690475 0.0083863977342844009 -0.019902519881725311
v -0.023542914539575577 0.0054081026464700699 0.019353227689862251
v -0.023524332791566849 0.007752174511551857 -0.021227918565273285
v -0.023523615673184395 -0.0078472252935171127 -0.019966190680861473
v -0.023522093892097473 0.0082340184599161148 -0.019965492188930511
v -0.023504670709371567 0.0053206179291009903 0.019382627680897713
v -0.023500442504882812 -0.0042328145354986191 -0.021966567263007164
v -0.02349947951734066 0.0046178493648767471 -0.021966667845845222
v -0.023499391973018646 -0.0042324569076299667 0.020565003156661987
v -0.023498337715864182 0.0046182069927453995 0.020565014332532883
v -0.02347516268491745 -0.004866650328040123 0.019404694437980652
v -0.023458953946828842 0.01050996221601963 0.018788795918226242
v -0.023426657542586327 0.013569379225373268 -0.018221015110611916
v -0.023415431380271912 -0.013125201687216759 -0.01827457919716835
v -0.023404672741889954 -0.013726195320487022 -0.017044303938746452
v -0.023399434983730316 -0.0099358316510915756 0.017743499949574471
v -0.023395378142595291 0.014648476615548134 0.015842413529753685
v -0.023394664749503136 0.010313162580132484 0.017749795690178871
v -0.023393141105771065 -0.01426384411752224 0.015843009576201439
v -0.023388952016830444 -0.013661658391356468 -0.017086198553442955
v -0.023384828120470047 -0.0098946001380681992 0.017769385129213333
v -0.023375755175948143 -0.010096138343214989 0.018828701227903366
v -0.023362258449196815 0.010241011157631874 0.017796438187360764
v -0.023357490077614784 0.019584620371460915 0.0048271077685058117
v -0.023356139659881592 -0.019199205562472343 0.0048276274465024471
v -0.023348459973931313 0.013263681903481483 -0.018497597426176071
v -0.023294562473893166 -0.0064155664294958115 -0.021567465737462044
v -0.023293094709515572 0.0068005118519067764 -0.021567638963460922
v -0.02328932099044323 -0.0097674336284399033 0.017864428460597992
v -0.0232804324477911 -0.0067821647971868515 -0.021474190056324005
v -0.023275364190340042 -0.010087018832564354 0.018863460049033165
v -0.023273026570677757 0.010472843423485756 0.018863525241613388
v -0.023244414478540421 0.0075099561363458633 -0.020300183445215225
v -0.023207612335681915 0.010100269690155983 0.017914934083819389
v -0.023203810676932335 0.010279024019837379 -0.019211035221815109
v -0.023202741518616676 -0.0099045839160680771 -0.019205713644623756
v -0.02317584864795208 0.0042084697633981705 0.020714407786726952
v -0.02317315898835659 -0.01807042770087719 -0.011114656925201416
v -0.023172780871391296 0.013614902272820473 0.016878312453627586
v -0.023170419037342072 -0.013230344280600548 0.016878912225365639
v -0.023169990628957748 -0.018545253202319145 -0.0096341352909803391
v -0.023163154721260071 0.018457317724823952 -0.011114929802715778
v -0.02315988764166832 0.018932024016976357 -0.009634384885430336
v -0.023130707442760468 0.019775176420807838 0.0032886378467082977
v -0.023130182176828384 0.012510040774941444 -0.019127346575260162
v -0.023129453882575035 -0.019389709457755089 0.0032891491428017616
v -0.023119663819670677 -0.017496241256594658 -0.012549597769975662
v -0.023114265874028206 -0.018920047208666801 -0.008119865320622921
v -0.023109819740056992 0.017883235588669777 -0.012549888342618942
v -0.023104066029191017 0.019306683912873268 -0.0081201037392020226
v -0.023099951446056366 -0.012018566951155663 -0.019209921360015869
v -0.023096509277820587 -0.0096767004579305649 0.017969312146306038
v -0.02306424081325531 0.012798571959137917 -0.017898900434374809
v -0.023057430982589722 0.010057324543595314 0.017981713637709618
v -0.023032069206237793 -0.0035268871579319239 0.02079247310757637
v -0.023031756281852722 -0.0096707697957754135 0.017991706728935242
v -0.02302982285618782 0.010056192055344582 0.017990531399846077
v -0.023014398291707039 -0.019198669120669365 -0.0065830382518470287
v -0.023010218515992165 -0.016826709732413292 -0.013926655985414982
v -0.023004163056612015 0.019585156813263893 -0.0065832589752972126
v -0.023000564426183701 0.017213771119713783 -0.013926967978477478
v -0.02299887128174305 -0.0065163429826498032 -0.02055438794195652
v -0.022934067994356155 0.0040669534355401993 0.019758978858590126
v -0.02292083203792572 0.012496242299675941 0.017803965136408806
v -0.022918349131941795 -0.012111758813261986 0.017804563045501709
v -0.022902695462107658 0.0063162986189126968 -0.021796692162752151
v -0.022894062101840973 -0.011796033009886742 -0.018292838707566261
v -0.022883361205458641 0.019890004768967628 0.0017471573082730174
v -0.02288220077753067 -0.019504500553011894 0.0017476601060479879
v -0.022881707176566124 -0.01938926987349987 -0.0050336285494267941
v -0.022871498018503189 0.019775623455643654 -0.0050338306464254856
v -0.022856982424855232 -0.0039635356515645981 0.019733818247914314
v -0.022856084629893303 0.0043482128530740738 0.019734945148229599
v -0.022846754640340805 -0.016063591465353966 -0.015232578851282597
v -0.022837322205305099 0.016450697556138039 -0.015232909470796585
v -0.022834470495581627 -0.0031288026366382837 0.020890621468424797
v -0.022831976413726807 -0.011582976207137108 -0.018429744988679886
v -0.022798992693424225 -0.003395607927814126 0.019832292571663857
v -0.022788457572460175 -0.011436289176344872 -0.018523864448070526
v -0.022747181355953217 0.011368492618203163 -0.019953116774559021
v -0.022735616192221642 -0.0032639412675052881 0.019865140318870544
v -0.022728666663169861 -0.019504135474562645 -0.0034799545537680387
v -0.022718485444784164 0.019890362396836281 -0.0034801450092345476
v -0.022710185497999191 0.0062271002680063248 -0.020810011774301529
v -0.022686559706926346 -0.010807042941451073 -0.020067693665623665
v -0.022684045135974884 0.011192956939339638 -0.020067654550075531
v -0.022679772228002548 0.0061574671417474747 -0.02083488367497921
v -0.022678898647427559 -0.005442475900053978 -0.021963240578770638
v -0.022667843848466873 -0.0060097184032201767 0.019368315115571022
v -0.022666797041893005 0.0063935611397027969 0.019368743523955345
v -0.022656150162220001 -0.0060077216476202011 -0.020784219726920128
v -0.022655446082353592 0.0082012806087732315 0.019927974790334702
v -0.022655114531517029 0.0063917580991983414 -0.020784610882401466
v -0.022647140547633171 0.01129559613764286 0.018616454675793648
v -0.022644476965069771 -0.01091117225587368 0.018617032095789909
v -0.022644106298685074 -0.0076648052781820297 0.019978944212198257
v -0.022634873166680336 0.0083320233970880508 0.019890433177351952
v -0.022634321823716164 -0.015208249911665916 -0.016454322263598442
v -0.022631173953413963 -0.0079665090888738632 0.019885135814547539
v -0.022625140845775604 0.015595356002449989 -0.016454664990305901
v -0.022617857903242111 -0.0075870361179113388 0.020009355619549751
v -0.022616093978285789 0.0079722944647073746 0.020009478554129601
v -0.022604804486036301 -0.010583853349089622 -0.020208386704325676
v -0.022602353245019913 0.010969722643494606 -0.020208356902003288
v -0.022600507363677025 0.010055581107735634 0.018111953511834145
v -0.02259540744125843 0.0084419641643762589 0.019863411784172058
v -0.022558253258466721 0.011092612519860268 -0.018997842445969582
v -0.022534262388944626 0.0085483286529779434 0.019841993227601051
v -0.022521620616316795 0.002899328013882041 0.021027065813541412
v -0.022520989179611206 -0.010359039530158043 -0.020345201715826988
v -0.022518599405884743 0.010744879022240639 -0.020345171913504601
v -0.022511478513479233 -0.0081957485526800156 0.01983649842441082
v -0.022481737658381462 -0.0082303788512945175 0.019831562414765358
v -0.022471508011221886 -0.010264119133353233 -0.020405123010277748
v -0.022453028708696365 0.019958892837166786 -0.00085661438060924411
v -0.022447634488344193 0.019959175959229469 -0.00085645145736634731
v -0.022434603422880173 -0.0074650552123785019 0.019018616527318954
v -0.022432530298829079 0.007905835285782814 0.019001061096787453
v -0.022421276196837425 -0.0076158400624990463 0.018973428755998611
v -0.022418579086661339 0.0075048897415399551 0.02019299753010273
v -0.022412605583667755 0.0026885808911174536 0.021069644019007683
v -0.022412223741412163 -0.007338380441069603 0.019063549116253853
v -0.02241092175245285 0.010586092248558998 -0.020451266318559647
v -0.022405005991458893 -0.0080009307712316513 0.018847739323973656
v -0.022404316812753677 -0.0079993214458227158 -0.020259721204638481
v -0.022404156625270844 0.0086868051439523697 0.019824523478746414
v -0.022403046488761902 0.0083864424377679825 0.018847336992621422
v -0.022402307018637657 0.0083850417286157608 -0.020259268581867218
v -0.022399201989173889 -0.0073039885610342026 0.019077209755778313
v -0.022399159148335457 0.010576004162430763 -0.020459160208702087
v -0.022397695109248161 0.0076898578554391861 0.01907707192003727
v -0.022384382784366608 0.00019306864123791456 0.021188845857977867
v -0.022380726411938667 -0.014262622222304344 -0.017580181360244751
v -0.022376127541065216 0.00019271101336926222 -0.022620653733611107
v -0.02237185463309288 0.014649698510766029 -0.017580527812242508
v -0.022357672452926636 -0.019578276202082634 -0.00085315399337559938
v -0.022345913574099541 -0.0020258931908756495 0.021106993779540062
v -0.022345524281263351 0.0081904176622629166 0.01892823725938797
v -0.022345386445522308 0.0024114937987178564 0.021106995642185211
v -0.022340983152389526 -0.0050148274749517441 -0.021087104454636574
v -0.02233869768679142 -0.0020262508187443018 -0.022537946701049805
v -0.022338187322020531 0.0024111361708492041 -0.022538002580404282
v -0.022316815331578255 0.0028036327566951513 0.020056342706084251
v -0.022293567657470703 -0.0078830178827047348 0.018914630636572838
v -0.022293424233794212 -0.010124137625098228 -0.020518140867352486
v -0.022291155532002449 -0.0099312867969274521 -0.019473262131214142
v -0.022285794839262962 0.010308662429451942 -0.019479257985949516
v -0.022247258573770523 -0.0098431762307882309 -0.019528878852725029
v -0.022242836654186249 -0.0084006991237401962 0.019826235249638557
v -0.022231744602322578 -0.010446643456816673 -0.020375451073050499
v -0.022229330614209175 0.010832810774445534 -0.020375225692987442
v -0.022225759923458099 -0.0042329486459493637 -0.022292947396636009
v -0.022224798798561096 0.0046177003532648087 -0.022293051704764366
v -0.022216184064745903 0.0026055367197841406 0.020095773041248322
v -0.022204531356692314 0.010482156649231911 -0.020552486181259155
v -0.022180728614330292 0.010158473625779152 -0.019579807296395302
v -0.022159211337566376 -0.010807102546095848 -0.020206140354275703
v -0.022156810387969017 0.011192897334694862 -0.020206069573760033
v -0.022148318588733673 0.0084002707153558731 0.018901601433753967
v -0.022126223891973495 0.0088228825479745865 0.019838133826851845
v -0.022113779559731483 -0.0096701290458440781 0.018235135823488235
v -0.022111030295491219 0.010055223479866982 0.01823422871530056
v -0.022103536874055862 -0.010087063536047935 -0.020581535995006561
v -0.022101212292909622 0.010472783818840981 -0.020581513643264771
v -0.022100621834397316 -0.009717574343085289 -0.019628038629889488
v -0.022095294669270515 -0.013229107484221458 -0.018600612878799438
v -0.022093012928962708 0.004616493359208107 -0.022320659831166267
v -0.02208673395216465 0.013616124168038368 -0.018600963056087494
v -0.022055340930819511 -0.0080690141767263412 0.018904179334640503
v -0.022013323381543159 -0.0084488596767187119 0.019858188927173615
v -0.022011376917362213 0.008834177628159523 0.019858298823237419
v -0.022000690922141075 -0.0040446724742650986 -0.022368887439370155
v -0.021997876465320587 0.010264376178383827 -0.020140180364251137
v -0.021994158625602722 -0.0061624851077795029 0.020530013367533684
v -0.021988317370414734 0.0084802005439996719 0.018908724188804626
v -0.021984616294503212 0.010063448920845985 -0.019673923030495644
v -0.021957246586680412 0.018140370026230812 0.010951164178550243
v -0.021954761818051338 -0.01775541715323925 0.010951535776257515
v -0.021942805498838425 0.017501408234238625 0.01233377493917942
v -0.021941380575299263 -0.0096719022840261459 -0.01968887634575367
v -0.021940229460597038 -0.017116574570536613 0.012334144674241543
v -0.021935475990176201 -0.0016777125420048833 0.020193463191390038
v -0.021919680759310722 0.0065723452717065811 0.019490506500005722
v -0.021917616948485374 0.018679464235901833 0.0095140496268868446
v -0.021915256977081299 -0.018294399604201317 0.0095144249498844147
v -0.021896122023463249 -0.0096707995980978012 -0.01970008946955204
v -0.021894454956054688 0.010055983439087868 -0.019698869436979294
v -0.021890897303819656 0.0085028056055307388 0.018921440467238426
v -0.021875513717532158 0.016762489452958107 0.013647633604705334
v -0.021872784942388535 -0.016377782449126244 0.013647999614477158
v -0.021841650828719139 0.0043478254228830338 -0.021386612206697464
v -0.021840017288923264 0.0063948873430490494 0.019549718126654625
v -0.021829212084412575 -0.008121764287352562 0.018933737650513649
v -0.021827083081007004 0.0085068736225366592 0.018933271989226341
v -0.021825216710567474 0.019117230549454689 0.0080351829528808594
v -0.02182297594845295 -0.018732054159045219 0.0080355722457170486
v -0.021795786917209625 -0.010087182745337486 0.019233034923672676
v -0.021793453022837639 0.010472679510712624 0.019233085215091705
v -0.021789312362670898 -0.0058954264968633652 0.01958683505654335
v -0.021787229925394058 -0.012110522016882896 -0.019509207457304001
v -0.02177903801202774 0.012497464194893837 -0.019509550184011459
v -0.021772975102066994 0.0039821509271860123 -0.022477641701698303
v -0.021759530529379845 0.015924477949738503 0.01487914752215147
v -0.021756678819656372 -0.015539860352873802 0.014879504218697548
v -0.021731667220592499 -0.0010269490303471684 0.021282868459820747
v -0.021726367995142937 -0.010447284206748009 0.019072992727160454
v -0.021725708618760109 0.0059752408415079117 0.020708290860056877
v -0.021724063903093338 0.010832289233803749 0.019073275849223137
v -0.021685510873794556 0.019455650821328163 0.0065262210555374622
v -0.021683391183614731 -0.019070377573370934 0.006526620127260685
v -0.021682612597942352 -0.0036376176867634058 -0.021465860307216644
v -0.021655919030308723 0.0037544609513133764 -0.022529004141688347
v -0.0216533113270998 -0.010807236656546593 0.018902407959103584
v -0.021650826558470726 0.011192763224244118 0.018902447074651718
v -0.021649796515703201 -0.0054283048957586288 0.020755615085363388
v -0.021642131730914116 0.0039425287395715714 -0.021485744044184685
v -0.021618349477648735 -0.003963252529501915 -0.021428463980555534
v -0.021617352962493896 0.0043478552252054214 -0.021429551765322685
v -0.021601574495434761 0.014989862218499184 0.01601642370223999
v -0.021598629653453827 -0.014605334028601646 0.016016785055398941
v -0.02159535139799118 0.0038487107958644629 -0.021507449448108673
v -0.02158123254776001 0.0056730601936578751 0.020795702934265137
v -0.021571444347500801 -0.0054466333240270615 0.020765453577041626
v -0.021570172160863876 0.0058314595371484756 0.020765582099556923
v -0.021533232182264328 -0.0096701886504888535 0.018360471352934837
v -0.021513914689421654 0.0010180863318964839 0.021333463490009308
v -0.021507477387785912 0.019701147451996803 0.0049977530725300312
v -0.021505476906895638 -0.019315807148814201 0.0049981665797531605
v -0.02148023433983326 -0.0052307303994894028 0.019789827987551689
v -0.021464301273226738 -0.010909965261816978 -0.020303526893258095
v -0.021456507965922356 0.011296818032860756 -0.020303860306739807
v -0.021451197564601898 -0.0060092862695455551 -0.021052347496151924
v -0.0214501041918993 0.0063930694013834 -0.021052749827504158
v -0.021435577422380447 -0.0068316515535116196 0.020464498549699783
v -0.021433992311358452 0.0072164926677942276 0.020464640110731125
v -0.021415658295154572 -0.0078132953494787216 -0.021608946844935417
v -0.021414941176772118 0.0054809395223855972 0.019829047843813896
v -0.021409738808870316 0.013962248340249062 0.01704988069832325
v -0.021409614011645317 -0.0077159013599157333 -0.021640652790665627
v -0.021406672894954681 -0.013577809557318687 0.017050230875611305
v -0.021402334794402122 0.008071431890130043 -0.021650897338986397
v -0.021398389711976051 -0.00794198177754879 -0.021570749580860138
v -0.021385222673416138 0.0034324617590755224 -0.021598171442747116
v -0.021384501829743385 0.0083703938871622086 -0.021558880805969238
v -0.021370425820350647 -0.0075870957225561142 -0.021687250584363937
v -0.021368648856878281 0.0079722348600625992 -0.021687312051653862
v -0.021352434530854225 -0.0080709364265203476 -0.021536611020565033
v -0.021335301920771599 0.00095189537387341261 0.02035176008939743
v -0.021320786327123642 0.019999438896775246 -0.00082181266043335199
v -0.021302064880728722 0.019864002242684364 0.003458930179476738
v -0.021291770040988922 -0.018293885514140129 -0.011173653416335583
v -0.021289626136422157 -0.018731651827692986 -0.0096919173374772072
v -0.021280929446220398 0.018679985776543617 -0.01117369718849659
v -0.02127872034907341 0.019117632880806923 -0.009691951796412468
v -0.021269127726554871 -0.0081946607679128647 0.020085593685507774
v -0.021267212927341461 0.0085797552019357681 0.020085697993636131
v -0.021248966455459595 -0.007505049929022789 -0.020674936473369598
v -0.021243717521429062 -0.017754783853888512 -0.012610501609742641
v -0.021242110058665276 -0.019070087000727654 -0.0081772487610578537
v -0.021236864849925041 0.0077828709036111832 -0.020710241049528122
v -0.02123643085360527 -0.0045830663293600082 0.020982401445508003
v -0.021234219893813133 -0.0084489490836858749 0.020004278048872948
v -0.021233031526207924 0.018140995875000954 -0.012610542587935925
v -0.021232245489954948 0.0088341031223535538 0.020004373043775558
v -0.021232228726148605 -0.0076386835426092148 -0.02063530869781971
v -0.021231144666671753 0.019455933943390846 -0.0081772962585091591
v -0.021227505058050156 0.008631119504570961 -0.02149910107254982
v -0.021219698712229729 -0.0080003943294286728 -0.020517066121101379
v -0.021219583228230476 -0.00010845636279555038 0.021389726549386978
v -0.021219519898295403 0.0004938485799357295 0.021389732137322426
v -0.021217770874500275 0.0083858314901590347 -0.02051657997071743
v -0.021217461675405502 0.0080694500356912613 -0.020622717216610909
v -0.021213097497820854 -0.010087257251143456 0.019343748688697815
v -0.021210663020610809 0.0085074696689844131 0.019050128757953644
v -0.021205903962254524 -0.0072994884103536606 -0.020745990797877312
v -0.021204482764005661 0.0076852831989526749 -0.020745772868394852
v -0.021192261949181557 0.012845778837800026 0.017972750589251518
v -0.021189073100686073 -0.012461414560675621 0.017973106354475021
v -0.021176842972636223 -0.007784595713019371 -0.020597368478775024
v -0.02117483876645565 -1.2939917723997496e-05 0.02139722928404808
v -0.021164378151297569 -0.0024341403041034937 -0.022712647914886475
v -0.021159347146749496 -0.0083082672208547592 -0.021489446982741356
v -0.021157462149858475 -0.019315613433718681 -0.0066407895646989346
v -0.021146530285477638 0.019701326265931129 -0.0066408393904566765
v -0.021145196631550789 -0.0070954021066427231 -0.02186819352209568
v -0.021145058795809746 -0.017115836963057518 -0.013989665545523167
v -0.021144671365618706 0.0002624633489176631 0.021402332931756973
v -0.021134529262781143 0.017502138391137123 -0.013989715836942196
v -0.021125143393874168 0.0087172333151102066 -0.021486634388566017
v -0.02108067087829113 0.019957819953560829 0.0019170761806890368
v -0.021078880876302719 -0.019572434946894646 0.0019175091292709112
v -0.021072512492537498 -9.8263968538958579e-05 0.020400967448949814
v -0.021072067320346832 0.00048300053458660841 0.0204011220484972
v -0.021064918488264084 0.0083180610090494156 -0.020566187798976898
v -0.02105647511780262 0.00019256200175732374 -0.022852594032883644
v -0.021046118810772896 -0.019478505477309227 -0.005092322826385498
v -0.021038031205534935 -0.0043225940316915512 0.020031793043017387
v -0.021036272868514061 -2.4950253646238707e-05 0.020407011732459068
v -0.021022852510213852 -0.0020263998303562403 -0.022768553346395493
v -0.021022342145442963 0.0024109871592372656 -0.022768612951040268
v -0.021020429208874702 0.007216552272439003 -0.021959329023957253
v -0.02100398950278759 0.0087844971567392349 -0.0214828010648489
v -0.021000921726226807 0.00026788737159222364 0.020412975922226906
v -0.020997749641537666 -0.016376962885260582 -0.015296988189220428
v -0.020987438037991524 0.016763309016823769 -0.015297041274607182
v -0.020986372604966164 -0.0080016162246465683 -0.020556429401040077
v -0.0209625493735075 0.010055581107735634 -0.019886771216988564
v -0.0209621861577034 0.0044265333563089371 0.021110063418745995
v -0.020956343039870262 0.011644596233963966 0.018781706690788269
v -0.020952999591827393 -0.011260306462645531 0.018782056868076324
v -0.020918983966112137 -0.019572367891669273 -0.0035398586187511683
v -0.020908180624246597 0.019957879558205605 -0.0035399273037910461
v -0.02090778574347496 0.010055312886834145 0.01847340352833271
v -0.020873945206403732 -0.0084398891776800156 -0.021488972008228302
v -0.020860176533460617 0.0084580425173044205 -0.020551241934299469
v -0.020850213244557381 -0.003821781137958169 0.021158084273338318
v -0.020847752690315247 0.0042034033685922623 0.021158820018172264
v -0.020836967974901199 -0.0019966273102909327 -0.021786602213978767
v -0.020835166797041893 -0.0096706058830022812 -0.019909506663680077
v -0.020806830376386642 -0.015538981184363365 -0.016519149765372276
v -0.020796766504645348 0.01592535711824894 -0.016519207507371902
v -0.02079097181558609 0.002131202956661582 -0.022820530459284782
v -0.0207801703363657 0.0022763849701732397 -0.021803166717290878
v -0.020767843350768089 -0.0084489192813634872 -0.021501561626791954
v -0.020765874534845352 0.0088341180235147476 -0.021501593291759491
v -0.020733742043375969 -0.0081232395023107529 0.019128669053316116
v -0.020711714401841164 -0.008116772398352623 -0.020559467375278473
v -0.020692160353064537 -0.0061844941228628159 -0.021131057292222977
v -0.020687134936451912 -0.019621042534708977 -0.00080267764860764146
v -0.020684076473116875 0.0065554771572351456 -0.0211354810744524
v -0.020681411027908325 0.02000642754137516 -0.00080210715532302856
v -0.020680742338299751 -0.019621064886450768 -0.00080248521408066154
v -0.020673992112278938 -0.0061461981385946274 -0.021142957732081413
v -0.02063358761370182 -0.0081218983978033066 -0.020569123327732086
v -0.020631520077586174 0.0085069034248590469 -0.020568577572703362
v -0.020628077909350395 0.0037804038729518652 0.021245338022708893
v -0.020579744130373001 -0.014604425057768822 -0.017644710838794708
v -0.020570017397403717 0.014990771189332008 -0.017644759267568588
v -0.020499104633927345 0.0036548019852489233 0.020263815298676491
v -0.020475231111049652 0.00019148911815136671 0.02048427052795887
v -0.020444221794605255 -0.0018947032513096929 0.020409103482961655
v -0.020443705841898918 0.0022782625164836645 0.020409958437085152
v -0.020400682464241982 -0.00554693304002285 -0.022346038371324539
v -0.020397914573550224 0.0034621746744960546 0.020300457254052162
v -0.020349450409412384 0.0058313552290201187 -0.022372554987668991
v -0.020325165241956711 -0.013576870784163475 -0.018664563074707985
v -0.020315751433372498 0.013963187113404274 -0.01866462267935276
v -0.020306902006268501 0.0031733603682368994 0.021355640143156052
v -0.020294627174735069 -0.0027645288500934839 0.021359669044613838
v -0.020284648984670639 -0.0028625784907490015 0.020338280126452446
v -0.020273406058549881 0.0056792888790369034 -0.022411659359931946
v -0.020263355225324631 -0.0054467674344778061 -0.022382350638508797
v -0.020262619480490685 -0.00079620454926043749 -0.02293163537979126
v -0.020262083038687706 0.0058313552290201187 -0.022382445633411407
v -0.020226890221238136 0.0030240060295909643 0.02138032577931881
v -0.020189426839351654 0.0030700506176799536 0.020369775593280792
v -0.020183753222227097 -0.0026737360749393702 0.020370727404952049
v -0.020145539194345474 -0.006831800565123558 -0.022073736414313316
v -0.020143959671258926 0.0072163883596658707 -0.022073844447731972
v -0.020119255408644676 -0.015077507123351097 0.015780439600348473
v -0.020115718245506287 0.015463093295693398 0.015780042856931686
v -0.020102523267269135 -0.0049747135490179062 -0.02146819606423378
v -0.020097756758332253 -0.0054467972368001938 0.020976157858967781
v -0.020096456632018089 0.0058312956243753433 0.020976277068257332
v -0.020067337900400162 -0.010087301954627037 -0.020932471379637718
v -0.020062677562236786 0.0052623692899942398 -0.022512853145599365
v -0.02005348913371563 0.018274495378136635 0.011053374968469143
v -0.020051667466759682 -0.012460460886359215 -0.019572481513023376
v -0.0200502909719944 -0.017889631912112236 0.011053540743887424
v -0.020045960322022438 0.017666811123490334 0.012433582916855812
v -0.020042669028043747 -0.017282074317336082 0.012433740310370922
v -0.020042626187205315 0.012846732512116432 -0.0195725467056036
v -0.020013982430100441 0.018779495730996132 0.0096190618351101875
v -0.020010901615023613 -0.018394498154520988 0.0096192453056573868
v -0.020010402426123619 -0.010446896776556969 -0.020767688751220703
v -0.020007990300655365 0.010832557454705238 -0.020767465233802795
v -0.020001864060759544 -0.0081947948783636093 -0.021685458719730377
v -0.019999967887997627 0.0085796508938074112 -0.021685533225536346
v -0.019992662593722343 0.0169540885835886 0.013745025731623173
v -0.019989222288131714 -0.016569485887885094 0.01374516449868679
v -0.019978160038590431 -0.0068318154662847519 0.020671937614679337
v -0.019976574927568436 0.0072163287550210953 0.020672079175710678
v -0.019971830770373344 -0.0084490235894918442 -0.021602209657430649
v -0.019969860091805458 0.0088340286165475845 -0.021602245047688484
v -0.019967073574662209 0.010472545400261879 -0.020943803712725639
v -0.019959738478064537 0.0085088703781366348 0.01923416368663311
v -0.019950427114963531 -0.010807355865836143 -0.020591573789715767
v -0.019948001950979233 0.011192644014954567 -0.020591521635651588
v -0.019936215132474899 -0.00036523316521197557 -0.0219712033867836
v -0.019930018112063408 0.0050192419439554214 -0.021550174802541733
v -0.019928975030779839 0.019184092059731483 0.0081441020593047142
v -0.0199260413646698 -0.018798990175127983 0.0081443144008517265
v -0.01989738829433918 0.016136402264237404 0.014974217861890793
v -0.019893854856491089 -0.015751918777823448 0.014974354766309261
v -0.019876237958669662 -0.014355754479765892 0.01659248024225235
v -0.019870709627866745 -0.00010851596744032577 -0.022985002025961876
v -0.019870618358254433 0.00049378897529095411 -0.022985007613897324
v -0.019846152514219284 -0.0096707846969366074 -0.020044054836034775
v -0.019845379516482353 0.010055521503090858 -0.020042823627591133
v -0.019831620156764984 -0.008194824680685997 0.020288458094000816
v -0.019829731434583664 0.0085795912891626358 0.020288577303290367
v -0.01982601173222065 0.00040001596789807081 -0.022989746183156967
v -0.019803822040557861 0.019493082538247108 0.006640325766056776
v -0.019801001995801926 -0.019107898697257042 0.0066405669786036015
v -0.01980096846818924 8.0684076237957925e-05 -0.022992433980107307
v -0.01980086974799633 -0.0084491129964590073 0.020206080749630928
v -0.019798923283815384 0.0088339392095804214 0.020206192508339882
v -0.019795022904872894 0.0001222583232447505 -0.022993076592683792
v -0.019789502024650574 0.014511728659272194 0.01682770624756813
v -0.019783951342105865 -9.9143137049395591e-05 -0.021989051252603531
v -0.019783494994044304 0.0004837157903239131 -0.021989189088344574
v -0.01976664736866951 -0.011259352788329124 -0.020365571603178978
v -0.019758038222789764 0.011645549908280373 -0.020365633070468903
v -0.019745238125324249 0.00040619994979351759 -0.021993184462189674
v -0.019733285531401634 0.0021175236906856298 0.021509701386094093
v -0.019732635468244553 0.010055849328637123 0.018640926107764244
v -0.019714100286364555 -0.0081244911998510361 0.019264163449406624
v -0.019711731001734734 0.0001132580146077089 -0.021996688097715378
v -0.01966525986790657 -0.0096713360399007797 0.018650203943252563
v -0.019646668806672096 0.019714409485459328 0.0051179677248001099
v -0.01964399591088295 -0.019329173490405083 0.005118244793266058
v -0.019586538895964622 0.0043508205562829971 -0.021692601963877678
v -0.019556716084480286 -0.0038994161877781153 -0.022717142477631569
v -0.01952040009200573 0.008507976308465004 -0.020697863772511482
v -0.019518762826919556 -0.0038274286780506372 -0.022730402648448944
v -0.019476925954222679 -0.013307562097907066 0.017591157928109169
v -0.019423339515924454 0.013087758794426918 0.018065044656395912
v -0.019419461488723755 -0.012703543528914452 0.018065202981233597
v -0.019390294328331947 -0.018798952922224998 -0.0096852285787463188
v -0.019385268911719322 -0.018394356593489647 -0.011162620037794113
v -0.019384047016501427 0.013470256701111794 0.017779596149921417
v -0.019378678873181343 0.019184121862053871 -0.0096850460395216942
v -0.019373709335923195 0.01877964474260807 -0.011162417940795422
v -0.019356947392225266 -0.019107965752482414 -0.008176630362868309
v -0.01934530958533287 0.019493022933602333 -0.0081764776259660721
v -0.019337309524416924 -0.01788935624063015 -0.012596668675541878
v -0.019325841218233109 0.018274763599038124 -0.012596456333994865
v -0.019304115325212479 -0.012735148891806602 0.017112569883465767
v -0.019292794167995453 -0.019329307600855827 -0.0066475304774940014
v -0.019286951050162315 -0.00093126867432147264 0.021595265716314316
v -0.019285909831523895 0.0085094962269067764 0.019309932366013527
v -0.019282324239611626 -0.0033826588187366724 -0.022807158529758453
v -0.019281197339296341 0.019714275375008583 -0.0066474126651883125
v -0.019281122833490372 -0.0010386464418843389 0.020585600286722183
v -0.019274977967143059 0.019939610734581947 0.0020496519282460213
v -0.019272590056061745 -0.019554352387785912 0.0020500123500823975
v -0.019245678558945656 -0.017281686887145042 -0.013973857276141644
v -0.019237952306866646 0.012950623407959938 0.017211528494954109
v -0.019234362989664078 0.017667198553681374 -0.013973642140626907
v -0.019225513562560081 0.01188979484140873 0.018874784931540489
v -0.019221508875489235 -0.011505654081702232 0.01887495256960392
v -0.019208002835512161 -0.0032472221646457911 -0.021820176392793655
v -0.019183434545993805 0.00019145931582897902 -0.022036086767911911
v -0.019156917929649353 -0.0018945840420201421 -0.021959181874990463
v -0.019156374037265778 0.0022780688013881445 -0.021960008889436722
v -0.019143354147672653 -0.015081053599715233 0.01590692438185215
v -0.019139790907502174 0.015466431155800819 0.015906503424048424
v -0.019118130207061768 -0.0030795692000538111 -0.02184661477804184
v -0.019117200747132301 0.0034636945929378271 -0.021847730502486229
v -0.019113721325993538 -0.015077283605933189 -0.017318909987807274
v -0.019112499430775642 -0.016568994149565697 -0.015279611572623253
v -0.019110210239887238 0.015462765470147133 -0.017318395897746086
v -0.019108591601252556 -0.019554568454623222 -0.0035622946452349424
v -0.019101399928331375 0.016954580321907997 -0.015279391780495644
v -0.019097140058875084 0.01993938721716404 -0.0035622527357190847
v -0.019051183015108109 -0.010087495669722557 0.019631968811154366
v -0.019048847258090973 0.010472366586327553 0.019632034003734589
v -0.018996128812432289 -0.012150531634688377 0.018495030701160431
v -0.018963774666190147 -0.009671604260802269 0.018725471571087837
v -0.018961295485496521 0.010055998340249062 0.018724484369158745
v -0.018942410126328468 -0.015751337632536888 -0.016500728204846382
v -0.018932323902845383 0.010472426190972328 -0.021038748323917389
v -0.018931560218334198 0.01613696850836277 -0.016500512138009071
v -0.018922654911875725 -0.01044759713113308 0.01947379857301712
v -0.018920382484793663 0.010831976309418678 0.019474074244499207
v -0.01890946552157402 0.010057369247078896 0.018728870898485184
v -0.018909221515059471 0.0030780525412410498 -0.022908192127943039
v -0.018903186544775963 0.012325922027230263 0.018639963120222092
v -0.018880372866988182 -0.0026395677123218775 -0.022915240377187729
v -0.018879719078540802 0.0030239464249461889 -0.022915223613381386
v -0.018865766003727913 -0.010807549580931664 0.019297292456030846
v -0.018863344565033913 0.011192450299859047 0.019297327846288681
v -0.018851231783628464 0.010055730119347572 -0.020131738856434822
v -0.018849199637770653 0.0029692293610423803 -0.021917914971709251
v -0.018845362588763237 -0.0025765805039554834 -0.021918013691902161
v -0.018827024847269058 0.014765569940209389 -0.018089160323143005
v -0.018821030855178833 0.010517055168747902 0.019633134827017784
v -0.018820133060216904 -0.00010872458369703963 0.021655380725860596
v -0.018820041790604591 0.00049358035903424025 0.021655377000570297
v -0.018808340653777122 -0.010138576850295067 0.019631505012512207
v -0.018791055306792259 -0.010146355256438255 0.019629493355751038
v -0.018776668235659599 -0.0054469462484121323 -0.022503888234496117
v -0.018775368109345436 0.0058311764150857925 -0.022503996267914772
v -0.018774958327412605 0.010084265843033791 0.018729221075773239
v -0.018773546442389488 0.0003940704045817256 0.021659931167960167
v -0.018752653151750565 -0.010165726765990257 0.019624009728431702
v -0.018750686198472977 7.9655896115582436e-05 0.02166219986975193
v -0.01874515600502491 -0.0081242676824331284 -0.020757546648383141
v -0.018744420260190964 0.00012409116607159376 0.021662833169102669
v -0.018741738051176071 -9.9575270724017173e-05 0.020657330751419067
v -0.018741264939308167 0.0004836859880015254 0.020657477900385857
v -0.018728604540228844 -0.0097180362790822983 0.018725991249084473
v -0.018720705062150955 -0.014123415574431419 -0.018347572535276413
v -0.018708052113652229 -0.0097268726676702499 0.018723726272583008
v -0.018701739609241486 0.00040442671161144972 0.020661314949393272
v -0.018675403669476509 -0.0068319644778966904 -0.022192958742380142
v -0.01867382600903511 0.0072162244468927383 -0.022193070501089096
v -0.018672877922654152 0.0003012361703440547 0.020664157345890999
v -0.018670516088604927 -0.0097450818866491318 0.018718574196100235
v -0.018668213859200478 0.00011394346802262589 0.020664585754275322
v -0.018637115135788918 0.010146850720047951 0.018712896853685379
v -0.018570467829704285 0.010689327493309975 0.01957470178604126
v -0.018566001206636429 -0.01031201146543026 0.019571619108319283
v -0.018561298027634621 -0.010317301377654076 0.019569506868720055
v -0.018554992973804474 -0.0096713956445455551 -0.0201520174741745
v -0.01855199784040451 -0.0081949587911367416 -0.021801270544528961
v -0.018550073727965355 0.0085794869810342789 -0.021801356226205826
v -0.018526190891861916 -0.0084491875022649765 -0.02171720564365387
v -0.018524222075939178 0.0088338647037744522 -0.021717242896556854
v -0.018493713811039925 -0.008124595507979393 -0.020772092044353485
v -0.018489746376872063 0.0085091087967157364 -0.020771611481904984
v -0.018488014116883278 -0.009881993755698204 0.018669402226805687
v -0.018485132604837418 0.0023083330597728491 -0.022996263578534126
v -0.018480997532606125 -0.0098895486444234848 0.018666373565793037
v -0.018467437475919724 0.0022785158362239599 -0.021997019648551941
v -0.018463015556335449 0.0022706182207912207 -0.021997801959514618
v -0.018446009606122971 -0.010895421728491783 0.019288733601570129
v -0.018443465232849121 0.011280233040452003 0.019288765266537666
v -0.018430601805448532 0.01092926599085331 0.019469840452075005
v -0.01842968538403511 -0.01055569015443325 0.019464099779725075
v -0.018429091200232506 -0.010853236541152 0.019312348216772079
v -0.018426576629281044 0.011238032951951027 0.019312387332320213
v -0.018422145396471024 0.010347181931138039 0.018637333065271378
v -0.018416751176118851 -0.010807609185576439 0.019337190315127373
v -0.018414236605167389 0.011192390695214272 0.01933722198009491
v -0.01838204450905323 -0.010457342490553856 0.01839093491435051
v -0.018374057486653328 0.01083163358271122 0.018402712419629097
v -0.018370620906352997 -0.010064190253615379 0.018590398132801056
v -0.018366120755672455 -0.0017096904339268804 -0.023016171529889107
v -0.018356462940573692 0.013693997636437416 -0.019086293876171112
v -0.018349152058362961 -0.010129695758223534 0.018559681251645088
v -0.01834847591817379 0.010508740320801735 0.018565483391284943
v -0.018345365300774574 -0.010359680280089378 0.018443973734974861
v -0.01833343505859375 -0.010275369510054588 0.018487798050045967
v -0.018332358449697495 0.010603392496705055 0.018520321696996689
v -0.018280439078807831 -0.012702843174338341 -0.019556961953639984
v -0.018270647153258324 0.013088444247841835 -0.019556773826479912
v -0.018255142495036125 -0.01307973824441433 -0.019274657592177391
v -0.018174603581428528 0.013023355975747108 -0.018654625862836838
v -0.018163971602916718 -0.015077611431479454 0.016003048047423363
v -0.018160408362746239 0.015462780371308327 0.016002627089619637
v -0.018153669312596321 0.015444943681359291 0.016012467443943024
v -0.01814614050090313 -0.012569105252623558 -0.018689239397644997
v -0.018136028200387955 0.01830902136862278 0.011094547808170319
v -0.018132142722606659 -0.017924239858984947 0.011094508692622185
v -0.018132109194993973 0.017734358087182045 0.012471085414290428
v -0.018128791823983192 -0.015080546960234642 -0.017386367544531822
v -0.018128108233213425 -0.017349740490317345 0.012471022084355354
v -0.018125332891941071 0.015465820208191872 -0.017385821789503098
v -0.018100563436746597 0.018780672922730446 0.0096660824492573738
v -0.018097763881087303 0.0016177388606593013 -0.023053526878356934
v -0.018096825107932091 -0.018395757302641869 0.0096660694107413292
v -0.018090322613716125 0.017050812020897865 0.013780375942587852
v -0.018086226657032967 -0.016666343435645103 0.013780318200588226
v -0.018051687628030777 0.015206689015030861 0.016298694536089897
v -0.018033441156148911 -0.011504938825964928 -0.020353149622678757
v -0.018026964738965034 0.019155869260430336 0.0081993984058499336
v -0.018024059012532234 0.011890510097146034 -0.020352987572550774
v -0.01802336797118187 -0.018770849332213402 0.0081994356587529182
v -0.018014173954725266 0.016256729140877724 0.015008718706667423
v -0.018009955063462257 -0.015872394666075706 0.015008658170700073
v -0.018008191138505936 -0.019549151882529259 -0.00072233140235766768
v -0.017980640754103661 0.0014188977656885982 -0.022065514698624611
v -0.017919778823852539 0.019441688433289528 0.0067059001885354519
v -0.017916321754455566 -0.019056593999266624 0.0067059919238090515
v -0.017908588051795959 0.015354448929429054 0.016144689172506332
v -0.017904270440340042 -0.014970233663916588 0.0161446463316679
v -0.017899615690112114 -0.010807594284415245 -0.020743807777762413
v -0.017890309914946556 0.011192405596375465 -0.020744035020470619
v -0.017820410430431366 0.012535789981484413 -0.019960055127739906
v -0.01781022734940052 -0.010087555274367332 -0.021098362281918526
v -0.017807874828577042 0.010472306981682777 -0.02109835110604763
v -0.017785964533686638 0.019646460190415382 0.0051949759945273399
v -0.017782645300030708 -0.019261328503489494 0.0051951254718005657
v -0.017774607986211777 -0.0096718277782201767 -0.020188741385936737
v -0.01777230016887188 0.010056132450699806 -0.020187662914395332
v -0.017764449119567871 0.010473275557160378 -0.021099422127008438
v -0.017757771536707878 -0.0096718277782201767 -0.020189354196190834
v -0.01774071529507637 -0.014105474576354027 0.017050197347998619
v -0.017736500129103661 -0.011967098340392113 -0.020082440227270126
v -0.017638189718127251 -0.0084493663161993027 0.020396644249558449
v -0.017636241391301155 0.008833685889840126 0.020396756008267403
v -0.017622502520680428 -0.013684039935469627 0.016768708825111389
v -0.017603490501642227 -0.0096966531127691269 -0.020183021202683449
v -0.017602138221263885 0.014190131798386574 0.017335150390863419
v -0.017576323822140694 -0.0081270989030599594 0.019452666863799095
v -0.0175743717700243 0.0085112098604440689 0.01945212110877037
v -0.017574068158864975 -0.0090769287198781967 0.020174162462353706
v -0.017564371228218079 0.010523581877350807 -0.021082893013954163
v -0.017547711730003357 0.010099688544869423 -0.020175192505121231
v -0.017546093091368675 -0.010148322209715843 -0.021079184487462044
v -0.017510494217276573 -0.0096481647342443466 0.019948802888393402
v -0.01750827394425869 0.010032633319497108 0.019948894158005714
v -0.017501134425401688 0.010707447305321693 -0.020998656749725342
v -0.017489127814769745 -0.0097434874624013901 -0.020164608955383301
v -0.017488438636064529 -0.018771162256598473 -0.0096246758475899696
v -0.017476176843047142 0.019155556336045265 -0.0096242781728506088
v -0.017472585663199425 -0.018395958468317986 -0.011093105189502239
v -0.017472419887781143 -0.019056988880038261 -0.0081274230033159256
v -0.017470929771661758 0.019854107871651649 0.0021491029765456915
v -0.017467917874455452 -0.019468991085886955 0.0021493753883987665
v -0.017460336908698082 -0.008125966414809227 -0.020812502130866051
v -0.01746031641960144 0.018780464306473732 -0.011092678643763065
v -0.017460288479924202 -0.0091767366975545883 0.019065206870436668
v -0.017460143193602562 0.019441286101937294 -0.0081270830705761909
v -0.017454534769058228 -0.00010879908950300887 -0.023103650659322739
v -0.017454473301768303 0.00049352075438946486 -0.023103650659322739
v -0.017445461824536324 -0.00010346447379561141 -0.022603549063205719
v -0.017442042008042336 0.0004722418962046504 -0.023104092106223106
v -0.017440516501665115 0.0097110364586114883 0.019000057131052017
v -0.01743638888001442 -9.8159660410601646e-05 -0.022103449329733849
v -0.017435895279049873 0.00048216606955975294 -0.022103570401668549
v -0.017430862411856651 -0.01926177553832531 -0.0066111581400036812
v -0.017429862171411514 -0.010218596085906029 -0.021049879491329193
v -0.017420906573534012 -0.017924314364790916 -0.012521077878773212
v -0.017418632283806801 0.019646013155579567 -0.0066108787432312965
v -0.017409898340702057 -1.6009556929930113e-05 -0.023105263710021973
v -0.01740875281393528 0.018308946862816811 -0.012520619668066502
v -0.017393492162227631 -1.0868656318052672e-05 -0.022104980424046516
v -0.017384214326739311 -0.010661518201231956 0.019487340003252029
v -0.017381791025400162 0.011045629158616066 0.01948760449886322
v -0.017378233373165131 0.000263059395365417 -0.02310648187994957
v -0.017368784174323082 -0.0099060144275426865 0.01874224841594696
v -0.017364578321576118 -0.01080772839486599 0.019413422793149948
v -0.017362061887979507 0.011192271485924721 0.019413461908698082
v -0.017361706122756004 0.00026082422118633986 -0.022106211632490158
v -0.017359200865030289 0.011213401332497597 0.019402675330638885
v -0.017351709306240082 -0.01080772839486599 0.019414225593209267
v -0.01733311265707016 -0.017349673435091972 -0.01389481034129858
v -0.017328383401036263 -0.010209595784544945 0.018595129251480103
v -0.017325839027762413 0.010595256462693214 0.018598515540361404
v -0.017323551699519157 -0.010317360982298851 -0.021006012335419655
v -0.017321135848760605 0.010702023282647133 -0.021005995571613312
v -0.017321081832051277 0.017734432592988014 -0.013894348405301571
v -0.017301825806498528 -0.019469482824206352 -0.0035517718642950058
v -0.017296068370342255 0.010274866595864296 -0.020100655034184456
v -0.017295289784669876 -0.010453423485159874 0.018473360687494278
v -0.0172897819429636 0.019853616133332253 -0.0035516035277396441
v -0.017288608476519585 0.010870674625039101 0.018463080748915672
v -0.017283335328102112 0.00019226397853344679 0.021757822483778
v -0.017263038083910942 -0.0099340137094259262 -0.020079713314771652
v -0.017250373959541321 -0.0130333062261343 0.017999552190303802
v -0.017245180904865265 -0.0026397912297397852 0.021621374413371086
v -0.017244545742869377 0.0030236931052058935 0.021621432155370712
v -0.017228096723556519 -0.01176845096051693 0.01887679286301136
v -0.01722538098692894 0.01215306855738163 0.018876776099205017
v -0.017225144430994987 -0.01089552603662014 -0.020718840882182121
v -0.017222626134753227 0.01128021813929081 -0.020718790590763092
v -0.017215318977832794 -0.010456284508109093 -0.019819984212517738
v -0.017211567610502243 -0.016666149720549583 -0.01519913412630558
v -0.017206832766532898 0.010830247774720192 -0.01983133889734745
v -0.017204193398356438 0.011237958446145058 -0.020741363987326622
v -0.017199750989675522 0.017051005735993385 -0.015198667533695698
v -0.017198033630847931 -0.010555749759078026 -0.020892778411507607
v -0.017195582389831543 0.010940397158265114 -0.020892748609185219
v -0.017192820087075233 -0.010807668790221214 -0.020765321329236031
v -0.01719033345580101 0.011192331090569496 -0.0207652747631073
v -0.01718425378203392 0.010466108098626137 -0.020011940971016884
v -0.017180545255541801 0.010766411200165749 -0.019863976165652275
v -0.017171559855341911 -0.010136386379599571 -0.019982466474175453
v -0.017169080674648285 0.010521749034523964 -0.019985238090157509
v -0.017166413366794586 -0.019498048350214958 -0.00069692719262093306
v -0.017163291573524475 -0.010187080129981041 -0.019957363605499268
v -0.017161399126052856 0.019882583990693092 -0.00069310353137552738
v -0.017159318551421165 0.01066041924059391 -0.019917268306016922
v -0.017158804461359978 -0.01949753426015377 -0.00069669255753979087
v -0.017153853550553322 0.019882077351212502 -0.00069287815131247044
v -0.017142407596111298 -0.015076925978064537 -0.017422949895262718
v -0.017138944938778877 0.015461990609765053 -0.017422391101717949
v -0.017130313441157341 -0.0054471399635076523 0.021217949688434601
v -0.017129039391875267 0.0058309528976678848 0.021218083798885345
v -0.017088001593947411 -0.012685706838965416 0.018269693478941917
v -0.017085056751966476 0.013070384040474892 0.018269605934619904
v -0.017060639336705208 -0.01587209664285183 -0.016420552507042885
v -0.017049074172973633 0.016257027164101601 -0.016420101746916771
v -0.017043959349393845 -0.0068321581929922104 0.020911248400807381
v -0.017042370513081551 0.0072160009294748306 0.020911404862999916
v -0.017042052000761032 -0.012300511822104454 0.017527172341942787
v -0.017038999125361443 0.012685948982834816 0.017530718818306923
v -0.017013534903526306 -0.014816617593169212 -0.017716433852910995
v -0.016937999054789543 -0.0081951525062322617 0.020523589104413986
v -0.016936082392930984 0.0085792485624551773 0.02052370086312294
v -0.016885891556739807 -0.014969861134886742 -0.017547983676195145
v -0.01687588170170784 0.019862527027726173 -0.00068437895970419049
v -0.016874611377716064 0.0153548214584589 -0.01754755899310112
v -0.016811991110444069 -0.009525766596198082 0.020041460171341896
v -0.016809774562716484 0.0099100712686777115 0.020041536539793015
v -0.016652729362249374 0.014491880312561989 -0.018439739942550659
v -0.016553770750761032 -0.013683250173926353 -0.018154149875044823
v -0.016547610983252525 0.014061683788895607 -0.018158376216888428
v -0.016500502824783325 -0.013802444562315941 -0.018720438703894615
v -0.016375048086047173 0.011192167177796364 0.019468408077955246
v -0.016345009207725525 -0.0084494259208440781 -0.021775346249341965
v -0.016343040391802788 0.0088336262851953506 -0.021775387227535248
v -0.016340643167495728 -0.0081271585077047348 -0.020829353481531143
v -0.016338743269443512 0.0085111502557992935 -0.020828742533922195
v -0.016301043331623077 -0.0089977886527776718 -0.02157929539680481
v -0.016260996460914612 0.0098245088011026382 -0.021406589075922966
v -0.016244892030954361 0.0095815900713205338 -0.020424174144864082
v -0.016217766329646111 -0.0094957854598760605 -0.020298097282648087
v -0.016180425882339478 -0.010324141010642052 -0.021017627790570259
v -0.016175346449017525 0.010277489200234413 -0.02011457085609436
v -0.016143979504704475 0.011045554652810097 -0.020852463319897652
v -0.016139920800924301 0.01061658002436161 -0.019951092079281807
v -0.016131237149238586 -0.010807787999510765 -0.020777296274900436
v -0.016128722578287125 0.011192211881279945 -0.020777259021997452
v -0.016125043854117393 0.011192211881279945 -0.02077726274728775
v -0.016103614121675491 0.013422245159745216 -0.019355723634362221
v -0.016027454286813736 -0.011768555268645287 -0.020233461633324623
v -0.016024705022573471 0.012153053656220436 -0.020233359187841415
v -0.01601770892739296 -0.011406322941184044 -0.019340258091688156
v -0.015924319624900818 -0.012685796245932579 -0.019618934020400047
v -0.015923574566841125 -0.012300541624426842 -0.018874943256378174
v -0.015921361744403839 0.013070354238152504 -0.019618753343820572
v -0.015920344740152359 0.012685889378190041 -0.018878359347581863
v -0.01590869203209877 0.00019212986808270216 -0.023112539201974869
v -0.015878895297646523 -0.0026399253401905298 -0.022974006831645966
v -0.015878258273005486 0.0030235738959163427 -0.022974047809839249
v -0.015788635239005089 -0.0054472889751195908 -0.02256430871784687
v -0.015787338837981224 0.0058308485895395279 -0.022564427927136421
v -0.015720974653959274 -0.0068323072046041489 -0.022252913564443588
v -0.015719372779130936 0.0072158966213464737 -0.022253043949604034
v -0.015638647601008415 -0.0081953015178442001 -0.02185949869453907
v -0.015636727213859558 0.0085791591554880142 -0.021859593689441681
v -0.015542039647698402 -0.0095259156078100204 -0.021370582282543182
v -0.015539828687906265 0.0099099818617105484 -0.02137063629925251
v -0.0151411397382617 -0.010807907208800316 -0.020772149786353111
v -0.01430886797606945 0.018161321058869362 0.011042000725865364
v -0.014303824864327908 0.017662907019257545 0.012414779514074326
v -0.014303690753877163 -0.017776822671294212 0.011041604913771152
v -0.014298521913588047 -0.01727861724793911 0.012414388358592987
v -0.014287963509559631 0.01856628991663456 0.0096305478364229202
v -0.014282896183431149 -0.018181620165705681 0.0096301985904574394
v -0.014277021400630474 0.017051750794053078 0.013729705475270748
v -0.014271588064730167 -0.01666768454015255 0.013729339465498924
v -0.014241008087992668 0.018890077248215675 0.0081902956590056419
v -0.014236103743314743 -0.018505295738577843 0.0081900293007493019
v -0.014232583343982697 0.016317853704094887 0.014969396404922009
v -0.014227070845663548 -0.015933966264128685 0.014969093725085258
v -0.014173802919685841 0.015461290255188942 0.016120718792080879
v -0.014171074144542217 0.019140655174851418 0.0067280256189405918
v -0.014168177731335163 -0.015077581629157066 0.016120484098792076
v -0.014166300185024738 -0.018755791708827019 0.006727845873683691
v -0.01410310622304678 0.014489078894257545 0.017173882573843002
v -0.014097400009632111 -0.014105489477515221 0.01717371866106987
v -0.014082707464694977 0.019324982538819313 0.0052498914301395416
v -0.014078091830015182 -0.018940096721053123 0.0052498094737529755
v -0.014022250659763813 0.013411754742264748 0.018121527507901192
v -0.014016487635672092 -0.01302826963365078 0.018121456727385521
v -0.013932451605796814 0.012240136042237282 0.018957916647195816
v -0.013926547951996326 -0.011856725439429283 0.01895790733397007
v -0.013872414827346802 0.019523316994309425 0.0022669332101941109
v -0.013868060894310474 -0.019138460978865623 0.0022670242469757795
v -0.013731040991842747 -0.018941154703497887 -0.0064406096935272217
v -0.013729234226047993 -0.018756812438368797 -0.0079213697463274002
v -0.013717702589929104 0.01932392455637455 -0.0064400108531117439
v -0.013715839944779873 0.019139641895890236 -0.0079206787049770355
v -0.013710004277527332 -0.018506234511733055 -0.0093851834535598755
v -0.013702721334993839 -0.01913951151072979 -0.0034503799397498369
v -0.013696586713194847 0.018889138475060463 -0.0093844085931777954
v -0.013689528219401836 0.019522273913025856 -0.0034499652683734894
v -0.013669125735759735 -0.018182439729571342 -0.010825606994330883
v -0.013659611344337463 0.019556129351258278 -0.00058727490250021219
v -0.013655719347298145 0.018565455451607704 -0.010824760422110558
v -0.01365469116717577 -0.019171273335814476 -0.00058882468147203326
v -0.013604031875729561 -0.017777485772967339 -0.012235705740749836
v -0.013590647839009762 0.018160665407776833 -0.012234826572239399
v -0.013515341095626354 -0.017279079183936119 -0.01360563188791275
v -0.013502050191164017 0.017662430182099342 -0.013604756444692612
v -0.013408400118350983 -0.016667952761054039 -0.014916481450200081
v -0.013395302928984165 0.017051482573151588 -0.014915634877979755
v -0.013288441114127636 -0.015934070572257042 -0.016151163727045059
v -0.013275549747049809 0.01631774939596653 -0.01615038700401783
v -0.013159502297639847 -0.015077551826834679 -0.017296770587563515
v -0.013146909885108471 0.01546132005751133 -0.017296070232987404
v -0.013121754862368107 -0.010808235034346581 0.019593404605984688
v -0.013024639338254929 -0.01410537026822567 -0.018343662843108177
v -0.01301238127052784 0.014489198103547096 -0.018343055620789528
v -0.012886032462120056 -0.01302807591855526 -0.019284633919596672
v -0.012874169275164604 0.013411948457360268 -0.019284110516309738
v -0.012745203450322151 -0.011856487020850182 -0.020113997161388397
v -0.012733790092170238 0.012240374460816383 -0.020113538950681686
v -0.012693222612142563 -0.019054798409342766 -0.00055917410645633936
v -0.011881577782332897 0.01119176484644413 -0.020698521286249161
v -0.011271220631897449 0.00012219871859997511 0.021978754550218582
v -0.011267560534179211 -0.0026798902545124292 0.021841006353497505
v -0.011267254129052162 0.0029367299284785986 0.021852068603038788
v -0.011256217956542969 -0.0054782386869192123 0.021434662863612175
v -0.011255621910095215 0.0057406965643167496 0.021457843482494354
v -0.011247342452406883 -0.0068727340549230576 0.021123183891177177
v -0.011246809735894203 0.0071293208748102188 0.021158216521143913
v -0.011235463432967663 -0.0082497205585241318 0.020722357556223869
v -0.011235155165195465 0.0085036251693964005 0.020772572606801987
v -0.01121979858726263 -0.0096029099076986313 0.020216671749949455
v -0.011219589971005917 0.0098593179136514664 0.020278267562389374
v -0.011201667599380016 -0.010808547958731651 0.019653022289276123
v -0.011200796812772751 -0.010861670598387718 0.019624968990683556
v -0.011199138127267361 0.011191720142960548 0.019653111696243286
v -0.011186030693352222 0.011825451627373695 0.019295651465654373
v -0.011180845089256763 -0.011822706088423729 0.019058620557188988
v -0.011164906434714794 -0.01080830954015255 0.019653681665658951
v -0.011162556707859039 0.011191302910447121 0.019653456285595894
v -0.011156299151480198 0.013005832210183144 0.018498493358492851
v -0.011152593418955803 -0.012872105464339256 0.018305098637938499
v -0.011139770038425922 0.013539323583245277 0.018073439598083496
v -0.011120487935841084 0.014074841514229774 0.017598176375031471
v -0.011118504218757153 -0.013834064826369286 0.017461856827139854
v -0.011097018606960773 0.014625871554017067 0.017048913985490799
v -0.011096440255641937 -0.014333238825201988 0.016951130703091621
v -0.011077243834733963 0.015021035447716713 0.016609542071819305
v -0.011077018454670906 -0.014711057767271996 0.016522672027349472
v -0.011051543988287449 0.015458622947335243 0.016067903488874435
v -0.0110276248306036 -0.015480002388358116 0.015502599999308586
v -0.011022428050637245 0.015878180041909218 0.015480014495551586
v -0.010996926575899124 -0.01587325893342495 0.014879387803375721
v -0.010992817580699921 0.016256237402558327 0.014879488386213779
v -0.010971733368933201 -0.016165589913725853 0.014358173124492168
v -0.010959913954138756 0.016632700338959694 0.014197706244885921
v -0.010907495394349098 -0.016813134774565697 0.012955047190189362
v -0.010902207344770432 0.017206767573952675 0.012928430922329426
v -0.010900935158133507 0.00012233282905071974 0.02191975899040699
v -0.010897238738834858 -0.002673259237781167 0.021782362833619118
v -0.010896909981966019 0.0029303224291652441 0.021793397143483162
v -0.010885716415941715 -0.0054649468511343002 0.021377230063080788
v -0.010885113850235939 0.0057276282459497452 0.021400323137640953
v -0.010876763612031937 -0.0068554189056158066 0.021066812798380852
v -0.01087621133774519 0.0071123484522104263 0.021101692691445351
v -0.010864862240850925 -0.0082277264446020126 0.020667411386966705
v -0.010864523239433765 0.0084821078926324844 0.020717399194836617
v -0.010849380865693092 -0.0095757748931646347 0.02016352117061615
v -0.010849134996533394 0.0098325852304697037 0.020224915817379951
v -0.010845007374882698 -0.017324326559901237 0.011465511284768581
v -0.010842160321772099 0.01769866980612278 0.011494709178805351
v -0.010814045555889606 -0.012038713321089745 0.018844751641154289
v -0.010805056430399418 0.012305000796914101 0.018919318914413452
v -0.010788780637085438 -0.010767495259642601 0.019587736576795578
v -0.010786429978907108 0.01115032471716404 0.019587628543376923
v -0.010781308636069298 -0.01321466825902462 0.017942816019058228
v -0.010772852227091789 0.013492414727807045 0.018028656020760536
v -0.010771056637167931 -0.017763486132025719 0.0097407344728708267
v -0.010768353939056396 0.018145123496651649 0.0097484979778528214
v -0.010741002857685089 -0.014279371127486229 0.016912240535020828
v -0.010733230970799923 0.014570126309990883 0.017007684335112572
v -0.010692346841096878 -0.015208130702376366 0.015766473487019539
v -0.010685060173273087 0.015513161197304726 0.015869108960032463
v -0.010681937448680401 0.018526891246438026 0.0076864217408001423
v -0.010672426782548428 -0.018162338063120842 0.0075560761615633965
v -0.010637511499226093 -0.015988713130354881 0.014517008326947689
v -0.010630321688950062 0.016308287158608437 0.014624323695898056
v -0.010599053464829922 -0.018451845273375511 0.0052245873957872391
v -0.010591602884232998 0.018835211172699928 0.0052161966450512409
v -0.010582000948488712 -0.016623562201857567 0.013191361911594868
v -0.010574653744697571 0.016956308856606483 0.01330159418284893
v -0.010555115528404713 0.00012282456737011671 0.021707283332943916
v -0.010551370680332184 -0.0026521144900470972 0.021570848301053047
v -0.010551063343882561 0.0029100270476192236 0.021581800654530525
v -0.010539676062762737 -0.0054225083440542221 0.02116890624165535
v -0.010539093054831028 0.0056860987097024918 0.02119181863963604
v -0.010534056462347507 -0.018661795184016228 0.0025566867552697659
v -0.010530642233788967 -0.0068003293126821518 0.020861357450485229
v -0.01053008995950222 0.0070585701614618301 0.020895788446068764
v -0.010529049672186375 -0.017116619274020195 0.011832186952233315
v -0.010521621443331242 0.017459714785218239 0.011944839730858803
v -0.0105188162997365 -0.0081578996032476425 0.020466266199946404
v -0.010518445633351803 0.0084140244871377945 0.020515473559498787
v -0.010514508932828903 0.019054630771279335 0.0023463314864784479
v -0.0105036785826087 -0.0094894673675298691 0.019968517124652863
v -0.010503364726901054 0.0097477678209543228 0.020029149949550629
v -0.010476499795913696 -0.017497001215815544 0.010463058017194271
v -0.010469312779605389 0.017847323790192604 0.010579310357570648
v -0.010465020313858986 -0.010661682114005089 0.019397135823965073
v -0.01046476885676384 -0.011913245543837547 0.018669497221708298
v -0.010462654754519463 0.011044243350625038 0.019397193565964699
v -0.010459509678184986 0.012180576100945473 0.018741533160209656
v -0.010442175902426243 -0.018744794651865959 -0.00048986711772158742
v -0.010437857359647751 0.019127840176224709 -0.00048979325219988823
v -0.010435254313051701 -0.013068517670035362 0.017782863229513168
v -0.010430304333567619 0.013347083702683449 0.017866084352135658
v -0.010400128550827503 -0.014113372191786766 0.016770122572779655
v -0.010395567864179611 0.014404768124222755 0.016862897202372551
v -0.01039127167314291 0.019106039777398109 -0.0020736490841954947
v -0.01036995742470026 -0.018036363646388054 0.0077040712349116802
v -0.010363000445067883 0.018396148458123207 0.0078288903459906578
v -0.010359241627156734 -0.015024041756987572 0.015644345432519913
v -0.010354974307119846 0.015329519286751747 0.015744335949420929
v -0.010352505370974541 0.01905805803835392 -0.0032868399284780025
v -0.010346061550080776 -0.018671592697501183 -0.0033242646604776382
v -0.010322250425815582 0.00012361432891339064 0.021374903619289398
v -0.010318457148969173 -0.0026198832783848047 0.021239869296550751
v -0.010318180546164513 0.0028791667427867651 0.021250715479254723
v -0.010313835926353931 -0.015789425000548363 0.014416471123695374
v -0.010309621691703796 0.01610916294157505 0.014521300792694092
v -0.010306733660399914 -0.0053578224033117294 0.020842619240283966
v -0.010306166484951973 0.0056228581815958023 0.020865250378847122
v -0.010297683998942375 -0.0067164506763219833 0.020539263263344765
v -0.010297165252268314 0.0069767627865076065 0.020573016256093979
v -0.010288611985743046 0.018937090411782265 -0.0050972062163054943
v -0.010286016389727592 -0.0080516394227743149 0.020150648429989815
v -0.010285607539117336 0.0083104465156793594 0.020198654383420944
v -0.010277554392814636 0.0005717369494959712 0.021622469648718834
v -0.010276983492076397 -0.0015079585136845708 0.021600490435957909
v -0.010274791158735752 -0.018371922895312309 0.0049354787915945053
v -0.010273652151226997 -0.0029494671616703272 0.02149130217730999
v -0.010271254926919937 -0.0093580540269613266 0.019662387669086456
v -0.010270967148244381 0.0031845660414546728 0.021417131647467613
v -0.010270927101373672 0.0096186641603708267 0.019721841439604759
v -0.0102672278881073 0.018738443031907082 0.005064389668405056
v -0.010266948491334915 -0.010526170954108238 0.019146481528878212
v -0.010266883298754692 -0.016412695869803429 0.013112322427332401
v -0.010264628566801548 0.010908463969826698 0.019146822392940521
v -0.010263508185744286 0.0046423319727182388 0.02118183858692646
v -0.010262588039040565 0.016745293512940407 0.013220353052020073
v -0.010260860435664654 -0.0056316312402486801 0.021076997742056847
v -0.010255206376314163 -0.0064285006374120712 0.020895015448331833
v -0.010251909494400024 0.0062434617429971695 0.020814670249819756
v -0.010248501785099506 0.0066352281719446182 0.020706426352262497
v -0.010248351842164993 -0.018452329561114311 -0.0061930385418236256
v -0.010246960446238518 0.018835553899407387 -0.0061962832696735859
v -0.010244705714285374 -0.0076453443616628647 0.020557539537549019
v -0.010243708267807961 0.00057719077449291945 0.021819498389959335
v -0.01024309080094099 -0.0015175399603322148 0.021797459572553635
v -0.010241099633276463 0.00012449349742382765 0.021009679883718491
v -0.010240986011922359 0.00053956534247845411 0.021007630974054337
v -0.010239678435027599 -0.0015622732462361455 0.020956551656126976
v -0.010239653289318085 0.0026369483675807714 0.021679706871509552
v -0.01023788470774889 0.0025464089121669531 0.020913377404212952
v -0.010237383656203747 -0.0036046414170414209 0.021615330129861832
v -0.010237338952720165 -0.0025849251542240381 0.02087598480284214
v -0.010233920067548752 -0.0035968928132206202 0.020759845152497292
v -0.010231612250208855 0.0043139848858118057 0.020713498815894127
v -0.010231314226984978 -0.01172066293656826 0.018391815945506096
v -0.010229814797639847 0.0046793613582849503 0.021374734118580818
v -0.010229460895061493 0.011991703882813454 0.018462829291820526
v -0.01022925041615963 -0.0090572889894247055 0.020060490816831589
v -0.01022650022059679 -0.0056720729917287827 0.021270854398608208
v -0.010225173085927963 -0.0053784158080816269 0.020466243848204613
v -0.010223099030554295 0.008951852098107338 0.01990010030567646
v -0.01022222638130188 -0.0095947291702032089 0.019835365936160088
v -0.010221130214631557 0.0061952713876962662 0.020376963540911674
v -0.010220552794635296 -0.016898190602660179 0.011771697551012039
v -0.01021979283541441 -0.018685011193156242 -0.00048314090236090124
v -0.010216233320534229 0.017240891233086586 0.011882612481713295
v -0.01021447591483593 0.0066890660673379898 0.020895829424262047
v -0.010211464948952198 -0.0072920974344015121 0.020008280873298645
v -0.010209940373897552 -0.0077038910239934921 0.020747488364577293
v -0.010208017192780972 0.0078673455864191055 0.019952081143856049
v -0.010204605758190155 -0.012845238670706749 0.017530035227537155
v -0.010202874429523945 0.013127380982041359 0.017611682415008545
v -0.010201244615018368 0.010441208258271217 0.019204637035727501
v -0.0101986238732934 -0.018575137481093407 0.0021690702997148037
v -0.010195694863796234 -0.011248579248785973 0.018984356895089149
v -0.010194783098995686 -0.0089202132076025009 0.019454378634691238
v -0.010193400084972382 0.0086480472236871719 0.020235799252986908
v -0.010192525573074818 0.0093166325241327286 0.019449347630143166
v -0.010190333239734173 0.018947521224617958 0.0022988233249634504
v -0.010188139975070953 -0.018144292756915092 -0.0086625032126903534
v -0.010187580250203609 0.018611112609505653 -0.0080790072679519653
v -0.010186866857111454 -0.0096746739000082016 0.020018294453620911
v -0.010186421684920788 0.011285657063126564 0.01873292401432991
v -0.010174988768994808 -0.010341575369238853 0.018799666315317154
v -0.01017492450773716 0.018514210358262062 -0.0087397433817386627
v -0.010174096561968327 -0.01727408729493618 0.010416653007268906
v -0.010173952206969261 -0.012298351153731346 0.018287595361471176
v -0.010173789225518703 -0.013862347230315208 0.016546670347452164
v -0.010172602720558643 0.01072346605360508 0.018800243735313416
v -0.010172170586884022 0.014157036319375038 0.016637414693832397
v -0.010169967077672482 0.017623865976929665 0.010531578212976456
v -0.010169075801968575 -0.010698309168219566 0.01860419288277626
v -0.010168037377297878 0.012196296826004982 0.018147824332118034
v -0.0101661691442132 0.010532552376389503 0.019380608573555946
v -0.010156002826988697 -0.011540522798895836 0.019041029736399651
v -0.010154750198125839 0.018288234248757362 -0.01003651600331068
v -0.010153992101550102 -0.013097560033202171 0.017649140208959579
v -0.010150286369025707 0.011931980028748512 0.018071891739964485
v -0.010148714296519756 -0.017762152478098869 -0.010728467255830765
v -0.010145796462893486 -0.011883055791258812 0.017835812643170357
v -0.010143686085939407 0.013219783082604408 0.017372027039527893
v -0.010139116086065769 -0.014749770984053612 0.015454002656042576
v -0.010137585923075676 0.015058139339089394 0.01555169653147459
v -0.010137371718883514 -0.012416651472449303 0.018449662253260612
v -0.010132282972335815 0.012309262529015541 0.018311711028218269
v -0.010131283663213253 -0.013862645253539085 0.016921646893024445
v -0.010130199603736401 0.017958620563149452 -0.011522802524268627
v -0.010127833113074303 0.013793820515275002 0.016866350546479225
v -0.010125634260475636 0.012983867898583412 0.017266763374209404
v -0.010122302919626236 0.017847711220383644 -0.011949663981795311
v -0.01011925470083952 -0.01294512115418911 0.016960125416517258
v -0.010116787627339363 0.00058225716929882765 0.022005466744303703
v -0.010116645134985447 -0.013242235407233238 0.017789596691727638
v -0.010116060264408588 -0.0015264359535649419 0.021983381360769272
v -0.01011600811034441 -0.01731608621776104 -0.012475262396037579
v -0.010114012286067009 0.0026563645806163549 0.021864181384444237
v -0.010109816677868366 -0.0036274550948292017 0.021800285205245018
v -0.010106802918016911 -0.014547919854521751 0.016138827428221703
v -0.010103566572070122 0.004713812842965126 0.021557264029979706
v -0.010101065039634705 -0.015497257933020592 0.014261262491345406
v -0.010099536739289761 0.015819484367966652 0.014363757334649563
v -0.010098613798618317 0.013909811154007912 0.016382625326514244
v -0.010098031722009182 -0.0057096090167760849 0.021453695371747017
v -0.010093816556036472 -0.014007231220602989 0.017061421647667885
v -0.010092724114656448 0.017369100823998451 -0.013481738045811653
v -0.010091212578117847 0.013929838314652443 0.017012681812047958
v -0.010091207921504974 0.014890292659401894 0.015698539093136787
v -0.010089998133480549 -0.013873374089598656 0.015996167436242104
v -0.010088629089295864 -0.016824757680296898 -0.013908707536756992
v -0.010087301023304462 0.0067391339689493179 0.02107500284910202
v -0.010080647654831409 -0.015160581097006798 0.01530188973993063
v -0.010080305859446526 0.015163922682404518 0.015351105481386185
v -0.010080199688673019 -0.0077581610530614853 0.020926546305418015
v -0.010079957544803619 -0.017808688804507256 0.0076767792925238609
v -0.010076074860990047 0.018167907372117043 0.0078006545081734657
v -0.010069030337035656 0.016766244545578957 -0.014914755709469318
v -0.010068955831229687 -0.014702802523970604 0.016267109662294388
v -0.010068847797811031 -0.016250347718596458 -0.015180171467363834
v -0.010067936964333057 0.014659116044640541 0.016273368149995804
v -0.010066174902021885 0.014791512861847878 0.015321132726967335
v -0.010065033100545406 0.0087147597223520279 0.02040988951921463
v -0.010063823312520981 -0.014541259035468102 0.015134474262595177
v -0.010060803964734077 -0.016107996925711632 0.01299051009118557
v -0.010060361586511135 0.018990138545632362 -0.00047808501403778791
v -0.010060079395771027 -0.015873199328780174 -0.015864251181483269
v -0.010059230960905552 0.016442710533738136 0.013096409849822521
v -0.010055609047412872 -0.0097486730664968491 0.020190764218568802
v -0.010053942911326885 0.016112858429551125 -0.016101198270916939
v -0.010052995756268501 -0.015495350584387779 -0.016465285792946815
v -0.010046340525150299 -0.015820479020476341 0.014205101877450943
v -0.010046140290796757 -0.015075480565428734 -0.017053950577974319
v -0.010042791254818439 0.015322277322411537 0.015473381616175175
v -0.010042697191238403 0.015303516760468483 0.014552133157849312
v -0.010042312555015087 -0.015326833352446556 0.015414717607200146
v -0.010041715577244759 0.015373954549431801 -0.017163993790745735
v -0.010038638487458229 -0.014638429507613182 -0.017595205456018448
v -0.010036392137408257 0.010617369785904884 0.019547048956155777
v -0.010032441467046738 0.018957341089844704 -0.0031453284900635481
v -0.010029149241745472 -0.015239914879202843 0.013992596417665482
v -0.010029090568423271 0.016209075227379799 0.01371767558157444
v -0.010027201846241951 0.01453847624361515 -0.018127482384443283
v -0.010026120580732822 0.016259456053376198 0.013622725382447243
v -0.010026032105088234 -0.018565377220511436 -0.0032432700973004103
v -0.010023044422268867 -0.011637544259428978 0.01920197531580925
v -0.010021575726568699 -0.013692772015929222 -0.018584365025162697
v -0.010019604116678238 -0.016585981473326683 0.011677740141749382
v -0.010018030181527138 0.016930440440773964 0.01178700290620327
v -0.010015967302024364 0.01591513492166996 0.014618286862969398
v -0.010014236904680729 -0.015879517421126366 0.014514155685901642
v -0.010010248050093651 0.013602191582322121 -0.019007764756679535
v -0.010005406104028225 0.015954026952385902 0.013329130597412586
v -0.01000358909368515 -0.012526055797934532 0.018602518364787102
v -0.010002488270401955 -0.012622570618987083 -0.019486797973513603
v -0.010000945068895817 0.012414077296853065 0.018466798588633537
v -0.0099940728396177292 -0.016587456688284874 0.012533535249531269
v -0.0099932365119457245 -0.012071525678038597 -0.019882027059793472
v -0.0099919205531477928 0.01253841258585453 -0.019824139773845673
v -0.0099915200844407082 -0.015822460874915123 0.01275471318513155
v -0.0099909454584121704 -0.01814238540828228 0.0049221636727452278
v -0.0099877342581748962 0.016436005011200905 0.013716615736484528
v -0.0099868215620517731 0.018508324399590492 0.005050374660640955
v -0.0099833812564611435 -0.011442681774497032 -0.020284133031964302
v -0.0099820885807275772 -0.013364022597670555 0.017932839691638947
v -0.0099778585135936737 -0.016958495602011681 0.010343910194933414
v -0.009977179579436779 -0.016785671934485435 0.011994153261184692
v -0.0099763683974742889 0.017309779301285744 0.01045756321400404
v -0.0099755618721246719 0.011455336585640907 -0.020498326048254967
v -0.0099744033068418503 -0.010808607563376427 -0.020641544833779335
v -0.0099718868732452393 0.011191630735993385 -0.020641501992940903
v -0.0099671706557273865 0.017068604007363319 0.011741464957594872
v -0.0099651869386434555 0.016489738598465919 0.012010912410914898
v -0.0099619030952453613 0.017125556245446205 0.011573070660233498
v -0.0099585894495248795 -0.01414080522954464 0.017193665727972984
v -0.0099583445116877556 0.014055961742997169 0.017151491716504097
v -0.0099580707028508186 -0.0095926281064748764 -0.02120991051197052
v -0.0099559007212519646 0.0099780205637216568 -0.021208547055721283
v -0.0099547738209366798 -0.016773646697402 0.012606789357960224
v -0.0099446987733244896 -0.016366815194487572 0.011216000653803349
v -0.0099428948014974594 -0.0082332547754049301 -0.02171691507101059
v -0.0099409939721226692 0.0086163673549890518 -0.021716304123401642
v -0.0099397171288728714 0.018751764670014381 -0.0059274532832205296
v -0.0099348947405815125 -0.018358638510107994 -0.0059917671605944633
v -0.009934350848197937 0.01479574479162693 0.016401806846261024
v -0.0099332453683018684 -0.014847030863165855 0.016387239098548889
v -0.0099321361631155014 -0.017222104594111443 0.010554143227636814
v -0.009930378757417202 -0.0068533476442098618 -0.022117005661129951
v -0.0099287368357181549 0.0072307679802179337 -0.022118112072348595
v -0.0099281026050448418 0.01725674606859684 0.011807508766651154
v -0.0099210850894451141 0.00058517779689282179 0.022116893902420998
v -0.0099203139543533325 -0.0054578240960836411 -0.022427201271057129
v -0.0099201947450637817 -0.0015315917553380132 0.022094724699854851
v -0.0099197039380669594 0.002667704364284873 0.02197570912539959
v -0.0099189644679427147 0.0058277789503335953 -0.022429699078202248
v -0.0099152494221925735 0.016983548179268837 0.010373754426836967
v -0.009913301095366478 -0.0036406128201633692 0.021910738199949265
v -0.0099108787253499031 -0.018344944342970848 0.0021677331533282995
v -0.0099086500704288483 0.015468800440430641 0.015589955262839794
v -0.0099084982648491859 0.0047338400036096573 0.021667288616299629
v -0.0099069327116012573 -0.0026380626950412989 -0.022832769900560379
v -0.0099064046517014503 0.018716657534241676 0.0022967669647186995
v -0.0099062854424118996 -0.015480315312743187 0.015522119589149952
v -0.0099062221124768257 0.0030126513447612524 -0.022834338247776031
v -0.0099052591249346733 0.017613107338547707 0.0097647784277796745
v -0.0099022677168250084 0.00019351567607372999 -0.02296733483672142
v -0.0099003445357084274 -0.0057311411947011948 0.021562349051237106
v -0.0098985861986875534 -0.017474187538027763 0.0094816824421286583
v -0.0098974565044045448 -0.016770711168646812 0.0096638230606913567
v -0.0098930317908525467 -0.018473705276846886 -0.00047331498353742063
v -0.0098929470404982567 -0.01749262772500515 0.007633511908352375
v -0.0098924767225980759 -0.017414538189768791 0.010605884715914726
v -0.0098916320130228996 0.017853209748864174 0.0077564888633787632
v -0.0098910629749298096 0.0067681167274713516 0.021182548254728317
v -0.0098840733990073204 0.017746144905686378 0.0090881446376442909
v -0.0098813548684120178 0.016070643439888954 0.014721913263201714
v -0.0098809609189629555 -0.0077890511602163315 0.021032311022281647
v -0.0098780039697885513 -0.016040747985243797 0.014608769677579403
v -0.0098685137927532196 -0.017656302079558372 0.0085213491693139076
v -0.0098673393949866295 0.0087531004101037979 0.020513862371444702
v -0.0098661351948976517 0.018411898985505104 -0.0087129399180412292
v -0.0098657403141260147 0.017806554213166237 0.0098075149580836296
v -0.0098623232915997505 -0.018020672723650932 -0.008740423247218132
v -0.0098544862121343613 -0.0097903665155172348 0.020292043685913086
v -0.0098528424277901649 0.016599247232079506 0.013806823641061783
v -0.0098515385761857033 0.017429733648896217 0.0082841282710433006
v -0.0098419394344091415 0.017947414889931679 0.0077429674565792084
v -0.0098370444029569626 0.010665753856301308 0.019645934924483299
v -0.0098356353119015694 -0.017155906185507774 0.0076322308741509914
v -0.0098286373540759087 -0.017851671203970909 0.0085558705031871796
v -0.0098199900239706039 -0.011691739782691002 0.019295927137136459
v -0.0098186153918504715 -0.016945814713835716 0.012677645310759544
v -0.0098084639757871628 -0.017826734110713005 0.0048975213430821896
v -0.0098071601241827011 0.018194163218140602 0.0050250394269824028
v -0.0098061542958021164 -0.017925908789038658 0.0065284986048936844
v -0.0098044313490390778 0.017864057794213295 -0.011489052325487137
v -0.0098022008314728737 0.018142873421311378 0.0077680423855781555
v -0.0098012285307049751 -0.017480378970503807 -0.011476127430796623
v -0.0097998026758432388 0.012473443523049355 0.018558531999588013
v -0.0097996369004249573 -0.012587016448378563 0.018691552802920341
v -0.0097930459305644035 0.017430895939469337 0.011871921829879284
v -0.0097916116937994957 0.018097827211022377 0.0061354045756161213
v -0.0097859669476747513 0.017745206132531166 0.0061321123503148556
v -0.0097773335874080658 -0.013431673869490623 0.018016278743743896
v -0.0097734350711107254 0.017476567998528481 -0.012866577133536339
v -0.0097725344821810722 0.01872178353369236 -0.00046917176223360002
v -0.0097704585641622543 -0.017099959775805473 -0.012834338471293449
v -0.0097640193998813629 -0.018129399046301842 0.0064822733402252197
v -0.0097634252160787582 -0.017459375783801079 0.0052601867355406284
v -0.0097567513585090637 -0.017592592164874077 0.010656832717359066
v -0.0097555313259363174 0.014126935973763466 0.017233612015843391
v -0.0097532495856285095 -0.014214789494872093 0.017270943149924278
v -0.0097454460337758064 0.018727133050560951 -0.0031264491844922304
v -0.0097436802461743355 0.016973206773400307 -0.014233716763556004
v -0.0097427600994706154 -0.018334796652197838 -0.0032239914871752262
v -0.009740736335515976 -0.016606977209448814 -0.014184258878231049
v -0.0097391325980424881 -0.018089955672621727 0.0043874331749975681
v -0.0097382552921772003 0.018320823088288307 0.0057166223414242268
v -0.009731111116707325 0.017986023798584938 0.0098502468317747116
v -0.0097308987751603127 0.014872292056679726 0.016478069126605988
v -0.0097275283187627792 -0.01492675207555294 0.016457827761769295
v -0.009725901298224926 -0.018026245757937431 0.00215737777762115
v -0.0097244968637824059 0.018399560824036598 0.0022857105359435081
v -0.0097222737967967987 -1.8452334415997029e-07 0.022144943475723267
v -0.0097218872979283333 0.00058547582011669874 0.022134710103273392
v -0.0097211329266428947 0.0011016222415491939 0.022115517407655716
v -0.0097209019586443901 -0.0015321729006245732 0.022112438455224037
v -0.0097187133505940437 0.016325557604432106 -0.015564377419650555
v -0.0097157293930649757 0.0028397084679454565 0.021975461393594742
v -0.0097155291587114334 -0.015971949324011803 -0.015503536909818649
v -0.0097135994583368301 -0.0036419688258320093 0.021927803754806519
v -0.0097059328109025955 0.0045679155737161636 0.021716749295592308
v -0.0097047016024589539 0.015550622716546059 0.015659516677260399
v -0.0097004370763897896 -0.015565162524580956 0.01558569073677063
v -0.0096999723464250565 -0.0057332124561071396 0.021578263491392136
v -0.009699016809463501 -0.018286755308508873 0.0043988837860524654
v -0.0096976589411497116 0.01553049124777317 -0.016815688461065292
v -0.0096969828009605408 0.018015692010521889 0.0032118649687618017
v -0.0096944542601704597 -0.0063744392246007919 0.021434148773550987
v -0.009694158099591732 -0.015191515907645226 -0.016748335212469101
v -0.0096935080364346504 -0.018032608553767204 0.0085909049957990646
v -0.0096920188516378403 0.006246248260140419 0.02134285680949688
v -0.0096799647435545921 0.018200496211647987 0.0025698163080960512
v -0.009679701179265976 -0.0077916141599416733 0.02104673720896244
v -0.0096771419048309326 0.016157308593392372 0.014784152619540691
v -0.0096768820658326149 -0.017679965123534203 0.0024184596259146929
v -0.0096765095368027687 0.014585847035050392 -0.017960967496037483
v -0.0096741663292050362 0.018390456214547157 0.0036613561678677797
v -0.0096729295328259468 -0.014264529570937157 -0.017888961359858513
v -0.009672245942056179 -0.01613006554543972 0.014665301889181137
v -0.0096722403541207314 0.0080148074775934219 0.02080429345369339
v -0.0096718287095427513 -0.0084311570972204208 0.020837433636188507
v -0.009669906459748745 -0.018149478361010551 -0.00046669752919115126
v -0.0096685299649834633 -0.018157808110117912 0.0021321519743651152
v -0.0096682040020823479 0.018324488773941994 0.0077942833304405212
v -0.009662228636443615 0.008756512776017189 0.020529024302959442
v -0.0096573075279593468 0.018522227182984352 -0.0058967550285160542
v -0.0096558919176459312 -0.018128795549273491 -0.0059608649462461472
v -0.0096539240330457687 0.013504931703209877 -0.01898808591067791
v -0.0096521880477666855 -0.0097931232303380966 0.020304858684539795
v -0.0096517335623502731 0.009459400549530983 0.020238054916262627
v -0.0096504334360361099 -0.013203194364905357 -0.018914394080638885
v -0.0096485204994678497 0.016690278425812721 0.013861517421901226
v -0.0096419183537364006 0.010061511769890785 0.019963303580880165
v -0.0096418531611561775 -0.010408898815512657 0.020018456503748894
v -0.0096318582072854042 0.01231309212744236 -0.019883990287780762
v -0.009629501961171627 -0.018311565741896629 0.0065050311386585236
v -0.0096282549202442169 -0.012031873688101768 -0.019811682403087616
v -0.0096267033368349075 0.010906973853707314 0.01953316293656826
v -0.0096166953444480896 -0.011694556102156639 0.019306866452097893
v -0.0096134552732110023 -0.017041778191924095 0.012721170671284199
v -0.0096115339547395706 0.018367419019341469 -0.00046414387179538608
v -0.0096089886501431465 -0.018158307299017906 0.00023021652305033058
v -0.0096075506880879402 0.018133783712983131 0.0002756814647000283
v -0.0096052829176187515 0.011949652805924416 0.01892012357711792
v -0.009604976512491703 0.018503108993172646 0.0057312045246362686
v -0.0095994723960757256 0.01220841147005558 0.018751678988337517
v -0.0095958905294537544 -0.012589922174811363 0.018701555207371712
v -0.0095931785181164742 0.012476557865738869 0.018569434061646461
v -0.0095916790887713432 -0.0095655377954244614 -0.021134350448846817
v -0.0095895100384950638 0.0099508408457040787 -0.021132990717887878
v -0.0095891803503036499 0.017528602853417397 0.011912326328456402
v -0.0095891086384654045 -0.01775570772588253 -0.00046444943291135132
v -0.0095857689157128334 0.018138477578759193 -0.00043961996561847627
v -0.009585035964846611 0.018138566985726357 -0.00046325239236466587
v -0.0095817837864160538 0.018138447776436806 -0.00056992977624759078
v -0.0095815239474177361 -0.010770728811621666 -0.020557751879096031
v -0.0095790233463048935 0.011151919141411781 -0.020557653158903122
v -0.0095782643184065819 0.018184268847107887 -0.0086677465587854385
v -0.0095778610557317734 -0.017792670056223869 -0.0086951414123177528
v -0.0095764379948377609 -0.0082113202661275864 -0.021639557555317879
v -0.00957453902810812 0.0085943583399057388 -0.021638950332999229
v -0.009573240764439106 -0.013434549793601036 0.018025631085038185
v -0.0095706377178430557 0.01335676945745945 0.01790899969637394
v -0.0095687815919518471 -0.018354585394263268 0.00022913825523573905
v -0.0095654530450701714 -0.017750455066561699 -0.0012404128210619092
v -0.0095651093870401382 -0.01846928708255291 0.0044124992564320564
v -0.0095640206709504128 -0.0068360920995473862 -0.022038212046027184
v -0.0095623787492513657 0.0072134379297494888 -0.022039320319890976
v -0.0095617305487394333 -0.01801799051463604 -0.0032019908539950848
v -0.0095615321770310402 0.018408471718430519 -0.003104751231148839
v -0.0095540992915630341 -0.0054445918649435043 -0.022347360849380493
v -0.009552747942507267 0.005814502015709877 -0.022349854931235313
v -0.0095526101067662239 -0.01769254170358181 0.010689400136470795
v -0.0095489183440804482 -0.014217546209692955 0.017279928550124168
v -0.0095481006428599358 0.014125669375061989 0.01723848469555378
v -0.0095459232106804848 0.018333384767174721 -0.00044547216384671628
v -0.0095415227115154266 0.018572637811303139 0.0036680512130260468
v -0.0095411874353885651 0.014341974630951881 0.0170307457447052
v -0.009540945291519165 -0.0026315359864383936 -0.022751742973923683
v -0.0095402626320719719 0.0030060650315135717 -0.022753298282623291
v -0.0095363697037100792 0.00019347097259014845 -0.02288595587015152
v -0.0095282383263111115 0.018087739124894142 0.0098784491419792175
v -0.0095231374725699425 -0.014929478988051414 0.016466578468680382
v -0.0095188943669199944 0.018095711246132851 -0.0026353502180427313
v -0.0095117315649986267 0.015180299058556557 0.016125218942761421
v -0.0095056602731347084 -0.017257055267691612 -0.011410915292799473
v -0.0095052551478147507 0.017641300335526466 -0.011423766613006592
v -0.0094960732385516167 -0.015568098053336143 0.015594233758747578
v -0.0094905337318778038 -0.018134927377104759 0.0086146648973226547
v -0.0094819050282239914 0.015939647331833839 0.015125298872590065
v -0.0094779860228300095 0.017951453104615211 -0.0038821753114461899
v -0.0094779767096042633 -0.017814910039305687 -0.0059248507022857666
v -0.009476739913225174 0.018206620588898659 -0.0058608748950064182
v -0.0094761429354548454 -0.017630679532885551 -0.0041725658811628819
v -0.0094697624444961548 -0.01688111387193203 -0.01275460422039032
v -0.0094696832820773125 -0.017999989911913872 -0.0042185443453490734
v -0.0094690099358558655 0.017258429899811745 -0.012786555103957653
v -0.0094680283218622208 -0.016133477911353111 0.014673652127385139
v -0.0094665689393877983 0.018428349867463112 0.0078130876645445824
v -0.0094577614217996597 0.017901042476296425 -0.0045288437977433205
v -0.0094517199322581291 -0.016422456130385399 0.014132491312921047
v -0.0094453264027833939 0.016687551513314247 0.013882271945476532
v -0.0094383619725704193 -0.018213776871562004 -0.0039367000572383404
v -0.0094355940818786621 -0.018536804243922234 0.00023119959223549813
v -0.0094354040920734406 0.017919519916176796 -0.0053773932158946991
v -0.0094346320256590843 -0.016395693644881248 -0.014085522852838039
v -0.0094336783513426781 0.016762891784310341 -0.014134416356682777
v -0.009427621029317379 -0.018415262922644615 0.0065219281241297722
v -0.0094176381826400757 0.018095502629876137 -0.0045436504296958447
v -0.0094141550362110138 0.018514851108193398 -0.00044798501767218113
v -0.0094098150730133057 -0.017046419903635979 0.012729332782328129
v -0.0094084404408931732 0.017264598980545998 0.012637784704566002
v -0.0094044953584671021 0.018607938662171364 0.0057434868067502975
v -0.009402252733707428 -0.015772214159369469 -0.015382771380245686
v -0.009401313029229641 0.016127133741974831 -0.015442900359630585
v -0.0093964310362935066 -0.017478300258517265 -0.0086402632296085358
v -0.0093941790983080864 0.017868200317025185 -0.008612767793238163
v -0.009392905980348587 -0.017255736514925957 0.01215947512537241
v -0.0093873282894492149 -0.017359120771288872 -0.0070877228863537312
v -0.0093871131539344788 0.017533192411065102 0.011920614168047905
v -0.0093731135129928589 -0.018055757507681847 -0.0060162926092743874
v -0.0093728937208652496 -0.015006935223937035 -0.01660538837313652
v -0.0093721477314829826 0.015347564592957497 -0.016672031953930855
v -0.0093675954267382622 0.01774320937693119 0.011267810128629208
v -0.0093641607090830803 -0.01857379637658596 0.0044241230934858322
v -0.0093632200732827187 0.017657751217484474 -0.0077479686588048935
v -0.0093610025942325592 -0.01766212098300457 -0.007689841091632843
v -0.0093534793704748154 0.017892474308609962 -0.0065889297984540462
v -0.0093496963381767273 -0.017698531970381737 0.010697283782064915
v -0.0093452334403991699 -0.014097994193434715 -0.017725545912981033
v -0.0093445694074034691 0.014421219006180763 -0.017796963453292847
v -0.0093421293422579765 0.018677974119782448 0.0036758380010724068
v -0.0093395877629518509 0.017994413152337074 0.010331547819077969
v -0.0093384971842169762 0.017539123073220253 -0.0085604460909962654
v -0.0093378685414791107 0.017450267449021339 -0.0083593139424920082
v -0.0093225818127393723 -0.017046740278601646 -0.0092126373201608658
v -0.0093217557296156883 0.018126795068383217 0.0097377412021160126
v -0.0093187121674418449 -0.013056492432951927 -0.018732840195298195
v -0.009318152442574501 0.013360330834984779 -0.018806086853146553
v -0.0093169612810015678 -0.016943192109465599 -0.01132616400718689
v -0.0093136588111519814 0.01732579804956913 -0.011338378302752972
v -0.0093079265207052231 -0.017802780494093895 -0.0080908508971333504
v -0.0093048335984349251 -0.018395794555544853 -0.0039431359618902206
v -0.0092965485528111458 -0.010681843385100365 -0.020380651578307152
v -0.0092963892966508865 0.017292523756623268 -0.0099438568577170372
v -0.0092945657670497894 0.011062974110245705 -0.020381083711981773
v -0.0092942891642451286 -0.011905839666724205 -0.019614627584815025
v -0.0092939184978604317 0.012189367786049843 -0.019686654210090637
v -0.0092895422130823135 0.017604345455765724 -0.0086265141144394875
v -0.009288388304412365 -0.018142318353056908 0.008622228167951107
v -0.0092856027185916901 0.018276521936058998 -0.0045544775202870369
v -0.0092852702364325523 -0.017221560701727867 -0.010107414796948433
v -0.0092777842655777931 -0.016570692881941795 -0.012648485600948334
v -0.0092740505933761597 0.016946518793702126 -0.012679270468652248
v -0.0092725940048694611 -0.01712275855243206 -0.01051207073032856
v -0.0092694982886314392 0.018414461985230446 0.0080014923587441444
v -0.0092676635831594467 0.017004946246743202 -0.010602163150906563
v -0.0092601543292403221 -0.016611149534583092 -0.011260154657065868
v -0.0092585468664765358 -0.0094794239848852158 -0.020918726921081543
v -0.0092565463855862617 0.016995677724480629 -0.011253368109464645
v -0.009256383404135704 0.0098646227270364761 -0.020917387679219246
v -0.0092433374375104904 -0.0081417318433523178 -0.021417781710624695
v -0.0092431660741567612 -0.017414091154932976 -0.010151293128728867
v -0.0092423511669039726 0.016872027888894081 -0.011719407513737679
v -0.0092414682731032372 0.008524695411324501 -0.021417174488306046
v -0.0092392740771174431 -0.016092797741293907 -0.013951409608125687
v -0.0092389080673456192 -0.018237335607409477 -0.006029447540640831
v -0.0092358607798814774 -0.01864187978208065 0.0002363028033869341
v -0.0092352097854018211 0.016458803787827492 -0.013998445123434067
v -0.0092344256117939949 0.016723940148949623 -0.011664457619190216
v -0.0092310979962348938 -0.0067812260240316391 -0.021812161430716515
v -0.0092294840142130852 0.0071585420519113541 -0.021813256666064262
v -0.0092262178659439087 -0.01842389814555645 0.0065291551873087883
v -0.0092261210083961487 0.017195725813508034 -0.010646841488778591
v -0.0092228315770626068 -0.016639700159430504 -0.012100987136363983
v -0.0092214439064264297 -0.0054023470729589462 -0.022118473425507545
v -0.0092208432033658028 0.018073031678795815 -0.0066060875542461872
v -0.0092201177030801773 0.0057722870260477066 -0.022120947018265724
v -0.0092160953208804131 0.018620694056153297 -0.00044568916200660169
v -0.0092131458222866058 -0.016154428943991661 -0.012802327051758766
v -0.0092086503282189369 -0.0026107190642505884 -0.022519683465361595
v -0.0092085655778646469 0.018603572621941566 0.0059874877333641052
v -0.0092079658061265945 0.0029852332081645727 -0.022521233186125755
v -0.0092061031609773636 0.016437539830803871 -0.012570053339004517
v -0.0092041902244091034 0.00019342626910656691 -0.022652974352240562
v -0.0092023313045501709 -0.015481820330023766 -0.015215152874588966
v -0.0091981356963515282 0.015835979953408241 -0.015272784978151321
v -0.0091977119445800781 -0.016326015815138817 -0.012902968563139439
v -0.0091944914311170578 0.016359278932213783 -0.013293956406414509
v -0.0091798920184373856 -0.016826292499899864 -0.012166110798716545
v -0.0091727087274193764 -0.017983404919505119 -0.0081140995025634766
v -0.0091690607368946075 -0.01557493768632412 -0.014248600229620934
v -0.0091678369790315628 -0.014734363183379173 -0.016402525827288628
v -0.0091638024896383286 0.016623580828309059 -0.012632569298148155
v -0.0091637074947357178 0.015074754133820534 -0.016466215252876282
v -0.0091633694246411324 -0.018583474680781364 0.0044308165088295937
v -0.0091631915420293808 -0.015803402289748192 -0.014003908261656761
v -0.0091616706922650337 0.015877986326813698 -0.013990241102874279
v -0.0091567197814583778 0.01582060195505619 -0.014535241760313511
v -0.0091559747233986855 0.017783904448151588 -0.0086526023223996162
v -0.0091469138860702515 0.015655720606446266 -0.014462081715464592
v -0.0091421836987137794 -0.018614819273352623 0.0037280127871781588
v -0.00913966353982687 0.015526289120316505 -0.015096738003194332
v -0.0091360900551080704 -0.013848518952727318 -0.017489561811089516
v -0.0091346930712461472 0.018690267577767372 0.0035566962324082851
v -0.0091320248320698738 0.014172190800309181 -0.017557732760906219
v -0.009131276048719883 -0.014916976913809776 -0.015485811047255993
v -0.0091232666745781898 -0.015044813975691795 -0.015278003178536892
v -0.0091217942535877228 0.015175962820649147 -0.015684258192777634
v -0.0091195106506347656 -0.015978774055838585 -0.014094308950006962
v -0.0091079268604516983 -0.014701833948493004 -0.015767082571983337
v -0.0091071296483278275 -0.012834539636969566 -0.018467564135789871
v -0.0091066528111696243 -0.017592532560229301 -0.010189095512032509
v -0.0091048991307616234 -0.018500728532671928 -0.0039431205950677395
v -0.009103856049478054 0.015832299366593361 -0.014547579921782017
v -0.0091032367199659348 0.013139525428414345 -0.018537476658821106
v -0.0091029871255159378 -0.014286821708083153 -0.016411773860454559
v -0.0090968143194913864 0.014727318659424782 -0.016063645482063293
v -0.009091697633266449 0.014463255181908607 -0.016675151884555817
v -0.0090914377942681313 0.017373094335198402 -0.010685335844755173
v -0.009089798666536808 0.014570707455277443 -0.016288798302412033
v -0.009087415412068367 0.018382037058472633 -0.0045569785870611668
v -0.009081471711397171 -0.011714329943060875 -0.019324639812111855
v -0.0090786218643188477 -0.010533427819609642 -0.020092876628041267
v -0.0090778442099690437 0.011999601498246193 -0.01939338818192482
v -0.0090764369815587997 0.010915109887719154 -0.02009313553571701
v -0.0090718120336532593 -0.013411154970526695 -0.017431871965527534
v -0.0090664196759462357 0.0139909777790308 -0.017036570236086845
v -0.0090637169778347015 -0.0148604866117239 -0.015882972627878189
v -0.0090631935745477676 -0.013489356264472008 -0.017193563282489777
v -0.0090612852945923805 0.013549590483307838 -0.017676867544651031
v -0.0090586822479963303 -0.013345902785658836 -0.017337402328848839
v -0.009048006497323513 0.01477564312517643 -0.016338052228093147
v -0.0090458467602729797 -0.012498786672949791 -0.01828090101480484
v -0.0090451361611485481 -0.0093482937663793564 -0.020599080249667168
v -0.0090430090203881264 0.0097334031015634537 -0.020597763359546661
v -0.0090421903878450394 -0.01699923537671566 -0.012223435565829277
v -0.009038485586643219 0.018659854307770729 0.0004100360965821892
v -0.0090382518246769905 -0.018341688439249992 -0.0060329749248921871
v -0.0090358750894665718 -0.018652847036719322 0.00024254215531982481
v -0.0090346597135066986 0.012542078271508217 -0.018554827198386192
v -0.0090343710035085678 0.013005638495087624 -0.01806212030351162
v -0.0090301092714071274 -0.0080358143895864487 -0.021088620647788048
v -0.0090282745659351349 0.0084187183529138565 -0.021088022738695145
v -0.0090279849246144295 0.01679646410048008 -0.012687648646533489
v -0.0090224472805857658 0.01414077915251255 -0.017161710187792778
v -0.0090219685807824135 0.018177995458245277 -0.006612253375351429
v -0.0090217031538486481 -0.01144484244287014 -0.019070085138082504
v -0.0090215560048818588 0.012534597888588905 -0.01847197487950325
v -0.0090181306004524231 -0.0066976752132177353 -0.021476561203598976
v -0.0090165436267852783 0.007075021043419838 -0.02147764153778553
v -0.0090164840221405029 -0.011763578280806541 -0.018682682886719704
v -0.0090142814442515373 -0.013483589515089989 -0.017475755885243416
v -0.0090130632743239403 -0.01161385141313076 -0.018791211768984795
v -0.0090111726894974709 0.011421898379921913 -0.019330283626914024
v -0.0090087493881583214 -0.0053379442542791367 -0.021778717637062073
v -0.009007415734231472 0.0057080034166574478 -0.021781161427497864
v -0.0090015484020113945 -0.010341634973883629 -0.019727297127246857
v -0.0090012392029166222 -0.010358771309256554 -0.019759729504585266
v -0.0089991511777043343 0.010724360123276711 -0.019727125763893127
v -0.0089988699182868004 0.013432944193482399 -0.017924200743436813
v -0.0089988671243190765 0.010741362348198891 -0.019759539514780045
v -0.0089962789788842201 -0.0025789646897464991 -0.022175278514623642
v -0.0089956186711788177 0.0029535384383052588 -0.022176805883646011
v -0.0089921038597822189 0.011226871982216835 -0.019415538758039474
v -0.0089919343590736389 0.00019338156562298536 -0.022307198494672775
v -0.0089863026514649391 -0.0092994924634695053 -0.020225217565894127
v -0.0089813312515616417 -0.010007908567786217 -0.019801689311861992
v -0.0089812222868204117 -0.016141166910529137 -0.014174900949001312
v -0.0089794443920254707 0.0093050990253686905 -0.020381148904561996
v -0.0089774634689092636 0.012658501043915749 -0.01862061396241188
v -0.0089722098782658577 -0.011878734454512596 -0.018838273361325264
v -0.0089718382805585861 -0.0094351377338171005 -0.020103776827454567
v -0.0089709321036934853 -0.018086684867739677 -0.008123304694890976
v -0.008969954214990139 0.0099503938108682632 -0.020125817507505417
v -0.0089692007750272751 -0.0078045781701803207 -0.020781291648745537
v -0.008967159315943718 0.015996331349015236 -0.01462397538125515
v -0.0089627485722303391 0.0076799187809228897 -0.020934442058205605
v -0.0089582093060016632 0.011827537789940834 -0.019248984754085541
v -0.0089581841602921486 0.009119594469666481 -0.020503213629126549
v -0.0089560952037572861 0.01788785494863987 -0.0086638620123267174
v -0.0089554283767938614 -0.0061643775552511215 -0.021226605400443077
v -0.0089531941339373589 -0.0081305708736181259 -0.020696550607681274
v -0.0089491140097379684 0.0057852063328027725 -0.021389089524745941
v -0.0089455600827932358 0.0080583635717630386 -0.020908841863274574
v -0.0089449305087327957 -0.0044264551252126694 -0.021564872935414314
v -0.0089390724897384644 -0.0069107320159673691 -0.021145075559616089
v -0.0089388890191912651 0.0036207677330821753 -0.021732820197939873
v -0.0089374817907810211 -0.010101204738020897 -0.019968992099165916
v -0.0089369639754295349 -0.0024159012828022242 -0.021818796172738075
v -0.0089366519823670387 0.0029191465582698584 -0.02180827409029007
v -0.00893385149538517 0.0015349033055827022 -0.021906184032559395
v -0.0089332330971956253 -0.00030422781128436327 -0.021933026611804962
v -0.0089330375194549561 0.00019335176330059767 -0.021937351673841476
v -0.0089318752288818359 -0.006165405735373497 -0.02137426845729351
v -0.0089313248172402382 0.0065567139536142349 -0.021366124972701073
v -0.0089276647195219994 0.0060920063406229019 -0.021483965218067169
v -0.0089263720437884331 0.010034913197159767 -0.020296657457947731
v -0.0089256521314382553 -0.015007456764578819 -0.015987414866685867
v -0.0089180115610361099 0.018475929275155067 -0.003462174441665411
v -0.0089168194681406021 -0.0041024442762136459 -0.021850280463695526
v -0.0089127616956830025 0.0034977288451045752 -0.021965565159916878
v -0.0089111067354679108 0.014924818649888039 -0.016439102590084076
v -0.0089098326861858368 -0.0082026328891515732 -0.020871877670288086
v -0.008908427320420742 -0.0020785240922123194 -0.022114856168627739
v -0.0089080380275845528 0.0020470113959163427 -0.022119039669632912
v -0.0089063467457890511 -0.0010717419208958745 -0.022178908810019493
v -0.0089056044816970825 -2.5902915012920857e-07 -0.022200832143425941
v -0.0089048603549599648 -0.018511651083827019 -0.0039376956410706043
v -0.00890351552516222 -0.017694031819701195 -0.010206909850239754
v -0.0089025478810071945 0.0081207398325204849 -0.02108677476644516
v -0.0088903754949569702 0.017475301399827003 -0.010703608393669128
v -0.0088890166953206062 -0.00621754489839077 -0.021554883569478989
v -0.0088858092203736305 0.014280075207352638 -0.017275115475058556
v -0.0088852634653449059 0.0061361882835626602 -0.021665452048182487
v -0.0088773360475897789 -0.013611530885100365 -0.017601247876882553
v -0.0088746389374136925 -0.0041734632104635239 -0.02202720008790493
v -0.0088734561577439308 0.0041109565645456314 -0.022064413875341415
v -0.008866460993885994 0.002061554929241538 -0.022303061559796333
v -0.0088663464412093163 -0.0020942746195942163 -0.022299963980913162
v -0.0088636446744203568 -1.2491869938457967e-07 -0.022386262193322182
v -0.008862815797328949 0.013560840860009193 -0.018049223348498344
v -0.00884227454662323 0.012774014845490456 -0.018756037577986717
v -0.0088379867374897003 -0.017097366973757744 -0.012252045795321465
v -0.008837871253490448 -0.018352022394537926 -0.0060274321585893631
v -0.0088372388854622841 -0.011986097320914268 -0.018979962915182114
v -0.0088258003816008568 0.016895720735192299 -0.012715400196611881
v -0.0088241426274180412 0.011930430307984352 -0.019393272697925568
v -0.0088215041905641556 0.018203282728791237 -0.006490759551525116
v -0.0088049201294779778 -0.010188138112425804 -0.020122194662690163
v -0.0087948497384786606 0.010113874450325966 -0.020453618839383125
v -0.0087797511368989944 -0.0082699265331029892 -0.021033044904470444
v -0.008776787668466568 -0.01623319648206234 -0.014216546900570393
v -0.0087737571448087692 0.0081791970878839493 -0.021250709891319275
v -0.0087700048461556435 -0.018096057698130608 -0.0081181339919567108
v -0.0087643386796116829 0.016090357676148415 -0.014663849025964737
v -0.0087611600756645203 -0.0062663313001394272 -0.021721301600337029
v -0.008758867159485817 0.0061776731163263321 -0.021833129227161407
v -0.0087489103898406029 0.0041380021721124649 -0.022234084084630013
v -0.0087486086413264275 -0.0042047556489706039 -0.022196752950549126
v -0.0087461797520518303 -0.01797744445502758 -0.0088471798226237297
v -0.0087438682094216347 0.01785849966108799 -0.0088923908770084381
v -0.0087430989369750023 0.0020752639975398779 -0.022473657503724098
v -0.0087415240705013275 -0.0021091012749820948 -0.022471092641353607
v -0.0087392712011933327 -2.0610572804002913e-08 -0.022557785734534264
v -0.0087219970300793648 -0.015091141685843468 -0.016043173149228096
v -0.0087085450068116188 0.015010515227913857 -0.016493445262312889
v -0.0087019000202417374 -0.017702346667647362 -0.010202937759459019
v -0.0086838621646165848 0.014360526576638222 -0.017336828634142876
v -0.0086799934506416321 -0.017533017322421074 -0.010877524502575397
v -0.0086775301024317741 0.017426008358597755 -0.010940416716039181
v -0.0086756367236375809 -0.0136855598539114 -0.01766989566385746
v -0.008661922998726368 0.013635272160172462 -0.018117992207407951
v -0.0086427247151732445 0.012841800227761269 -0.018831454217433929
v -0.0086384322494268417 -0.012049382552504539 -0.019059184938669205
v -0.0086359614506363869 -0.0171049814671278 -0.012248491868376732
v -0.008626212365925312 0.011991227045655251 -0.019474772736430168
v -0.0086187701672315598 0.016883233562111855 -0.012770131230354309
v -0.0086169987916946411 -0.016875511035323143 -0.012848501093685627
v -0.0086095007136464119 -0.010239949449896812 -0.020210089161992073
v -0.008600589819252491 0.010161349549889565 -0.020544594153761864
v -0.008587690070271492 -0.0083106812089681625 -0.021127497777342796
v -0.0085831824690103531 0.0082150343805551529 -0.021347632631659508
v -0.0085748182609677315 -0.016240185126662254 -0.014213754795491695
v -0.0085733821615576744 0.01631619967520237 -0.014199391007423401
v -0.0085721751675009727 -0.0062963422387838364 -0.021820392459630966
v -0.0085715437307953835 0.0062034819275140762 -0.021933978423476219
v -0.0085641117766499519 0.0041549894958734512 -0.022337470203638077
v -0.0085621271282434464 -0.0042242314666509628 -0.022298974916338921
v -0.0085599115118384361 0.0020839364733546972 -0.022578399628400803
v -0.0085597122088074684 -0.015963992103934288 -0.014714192599058151
v -0.0085588665679097176 0.016098627820611 -0.014661476016044617
v -0.0085566947236657143 -0.0021184741053730249 -0.022575149312615395
v -0.0085553741082549095 0.016043314710259438 -0.014772877097129822
v -0.008555031381547451 5.3895234941592207e-08 -0.022662410512566566
v -0.0085349148139357567 0.015690365806221962 -0.015432789921760559
v -0.0085207028314471245 -0.015098189935088158 -0.016042377799749374
v -0.0085095586255192757 -0.014800718054175377 -0.016433333978056908
v -0.0085030421614646912 0.015018085017800331 -0.016492638736963272
v -0.0085001299157738686 0.014946514740586281 -0.016593165695667267
v -0.0084794377908110619 0.014341318979859352 -0.01736743189394474
v -0.0084756119176745415 -0.013693680986762047 -0.017671678215265274
v -0.0084680020809173584 -0.013393079861998558 -0.017960220575332642
v -0.0084554078057408333 0.013463521376252174 -0.018294263631105423
v -0.0084402291104197502 -0.012058204039931297 -0.019064091145992279
v -0.0084360428154468536 0.012567782774567604 -0.019064607098698616
v -0.0084353853017091751 -0.011778360232710838 -0.019265113398432732
v -0.0084181418642401695 0.011506402865052223 -0.019808147102594376
v -0.0084133567288517952 -0.01024818979203701 -0.020219199359416962
v -0.0084023671224713326 0.010264122858643532 -0.020505918189883232
v -0.0083937076851725578 -0.0083182360976934433 -0.021140512079000473
v -0.0083897002041339874 0.0088607165962457657 -0.02112668938934803
v -0.0083854049444198608 0.0082223061472177505 -0.021362241357564926
v -0.0083814021199941635 0.0075082574039697647 -0.021596165373921394
v -0.0083801588043570518 -0.0063026156276464462 -0.021836604923009872
v -0.008374297060072422 0.0058206859976053238 -0.022042334079742432
v -0.0083717238157987595 -0.0042286869138479233 -0.022317780181765556
v -0.0083694905042648315 0.0039808992296457291 -0.022384524345397949
v -0.0083673633635044098 -0.002120813587680459 -0.022595705464482307
v -0.0083668762817978859 0.0020571888890117407 -0.02260233461856842
v -0.0083660930395126343 5.3895234941592207e-08 -0.022683603689074516
v -0.0065424698404967785 -0.014825781807303429 0.015745250508189201
v -0.0065082781948149204 -0.015401622280478477 0.014880792237818241
v -0.0064726830460131168 -0.015908544883131981 0.013974210247397423
v -0.0063982736319303513 -0.016728034242987633 0.012064875103533268
v -0.0063209929503500462 -0.017318038269877434 0.010072312317788601
v -0.006248153280466795 0.017850795760750771 0.0082388333976268768
v -0.0062420046888291836 -0.017720198258757591 0.0080331377685070038
v -0.0061672916635870934 0.018076652660965919 0.0061533092521131039
v -0.0061618201434612274 -0.01797463558614254 0.0059642884880304337
v -0.0060857986100018024 0.018178666010499001 0.0040541868656873703
v -0.0060809976421296597 -0.018114572390913963 0.0038813063874840736
v -0.0059215654619038105 0.018151218071579933 -0.00016415282152593136
v -0.0059177977964282036 -0.018157897517085075 -0.00030822379630990326
v -0.0057557709515094757 0.017911503091454506 -0.0042830090969800949
v -0.0057531711645424366 -0.017976826056838036 -0.0043914886191487312
v -0.005672067403793335 0.017696807160973549 -0.0063408068381249905
v -0.0056701009161770344 -0.017783490940928459 -0.0064317807555198669
v -0.0055883200839161873 0.017391527071595192 -0.008385583758354187
v -0.0055869217030704021 -0.017482450231909752 -0.0084597114473581314
v -0.005504959262907505 0.016962790861725807 -0.010409615002572536
v -0.005504317581653595 -0.017030349001288414 -0.010459300130605698
v -0.0054234047420322895 -0.016380971297621727 -0.012403270229697227
v -0.0054228566586971283 0.016369784250855446 -0.012392228469252586
v -0.0054113208316266537 -1.5472102177227498e-07 0.021641049534082413
v -0.0053456639871001244 -0.015495574101805687 -0.014250560663640499
v -0.0053433068096637726 0.015566388145089149 -0.014297843910753727
v -0.0052729793824255466 -0.014359613880515099 -0.015951618552207947
v -0.0052682789973914623 0.014511207118630409 -0.016073526814579964
v -0.0052332417108118534 0.013882661238312721 -0.016891978681087494
v -0.0052068401128053665 -0.012991329655051231 -0.0174673181027174
v -0.0052001983858644962 0.01318768598139286 -0.017653334885835648
v -0.005169412586838007 0.012431615963578224 -0.018352283164858818
v -0.0051483954302966595 -0.011429375037550926 -0.018774747848510742
v -0.005141036119312048 0.011621767655014992 -0.018985122442245483
v -0.005098097026348114 -0.0097169931977987289 -0.019869726151227951
v -0.0050916257314383984 0.0098728928714990616 -0.020054122433066368
v -0.0050562531687319279 -0.0078909751027822495 -0.020754598081111908
v -0.0050517348572611809 0.008002186194062233 -0.02088029682636261
v -0.0050232140347361565 -0.0059827473014593124 -0.021432980895042419
v -0.0050208205357193947 0.0060548875480890274 -0.021495120599865913
v -0.0049992711283266544 -0.0040191169828176498 -0.021907942369580269
v -0.0049984506331384182 0.0040596071630716324 -0.021925665438175201
v -0.004984760656952858 -0.002019381383433938 -0.022185729816555977
v -0.0049847192130982876 0.002037206431850791 -0.022185690701007843
v -0.0049800602719187737 6.8796396135439863e-08 -0.022275201976299286
v -0.004017932340502739 6.8796396135439863e-08 -0.022112533450126648
v -0.0036173919215798378 0.0016314330277964473 0.02136668935418129
v -0.0036161902826279402 -0.0020009635481983423 0.021360971033573151
v -0.0036033282522112131 0.0036352963652461767 0.021126208826899529
v -0.0036017014645040035 -0.0039904024451971054 0.021124599501490593
v -0.0035791199188679457 0.0056064818054437637 0.020706452429294586
v -0.003577499883249402 -0.0059529747813940048 0.020719693973660469
v -0.0035450118593871593 0.0075286123901605606 0.020103516057133675
v -0.0035435787867754698 -0.0078645404428243637 0.020133081823587418
v -0.0035012753214687109 0.0093808714300394058 0.019309930503368378
v -0.0034997060429304838 -0.0096987094730138779 0.019340099766850471
v -0.0034481212496757507 0.011131623759865761 0.01831352524459362
v -0.0034455792047083378 -0.011413415893912315 0.018313772976398468
v -0.0034147235564887524 -0.012208839878439903 0.017706789076328278
v -0.0033859019167721272 0.012738922610878944 0.017099717631936073
v -0.0033814434427767992 -0.012953361496329308 0.017036436125636101
v -0.0033515356481075287 0.013472611084580421 0.016408463940024376
v -0.0033460066188126802 -0.013640021905303001 0.01630677655339241
v -0.0033151952084153891 0.014149898663163185 0.015661494806408882
v -0.003308621933683753 -0.014262935146689415 0.015522986650466919
v -0.0032769630197435617 0.01476464606821537 0.014861979521811008
v -0.0032371298875659704 0.015311563387513161 0.014014681801199913
v -0.0032291063107550144 -0.015314077958464622 0.013820912688970566
v -0.0031958527397364378 0.015788713470101357 0.013125970028340816
v -0.0031534240115433931 0.016196871176362038 0.012203507125377655
v -0.0031449079979211092 -0.016117474064230919 0.011986690573394299
v -0.0030659055337309837 0.016820782795548439 0.010284998454153538
v -0.003057700814679265 -0.01670381985604763 0.010071081109344959
v -0.002975936746224761 0.01722700335085392 0.0083058960735797882
v -0.002968495013192296 -0.017110912129282951 0.0081078968942165375
v -0.0028845334891229868 0.017466137185692787 0.0062950742430984974
v -0.0028778458945453167 -0.017375236377120018 0.0061126900836825371
v -0.0027921975124627352 0.017583781853318214 0.0042672711424529552
v -0.0027862030547112226 -0.01752672903239727 0.0041000517085194588
v -0.0026052726898342371 0.01758171059191227 0.00018167572852689773
v -0.0026003180537372828 -0.017588010057806969 4.167497536400333e-05
v -0.0024114795960485935 0.017348522320389748 -0.0038360161706805229
v -0.0024076425470411777 -0.017407363280653954 -0.0039428165182471275
v -0.0023128753527998924 0.017131069675087929 -0.0058455080725252628
v -0.0023098038509488106 -0.01720908097922802 -0.0059355041012167931
v -0.0022137949708849192 0.016822272911667824 -0.0078428760170936584
v -0.0022113672457635403 -0.016903882846236229 -0.007916746661067009
v -0.0021148121450096369 0.016392672434449196 -0.0098199052736163139
v -0.002113172085955739 -0.01645270548760891 -0.0098707899451255798
v -0.0020169364288449287 0.015805507078766823 -0.011756649240851402
v -0.0020164879970252514 -0.015813698992133141 -0.011771580204367638
v -0.0019229842582717538 -0.014951637014746666 -0.013580644503235817
v -0.0019216656219214201 0.015018666163086891 -0.013619717210531235
v -0.0018346008146181703 -0.013853197917342186 -0.015251535922288895
v -0.0018310330342501402 0.013994226232171059 -0.015359645709395409
v -0.0017882516840472817 0.013386929407715797 -0.016164068132638931
v -0.0017531475750729442 -0.012535100802779198 -0.016747072339057922
v -0.0017476157518103719 0.01271706260740757 -0.016914624720811844
v -0.0017093465430662036 0.011989498510956764 -0.017606299370527267
v -0.0016799626173451543 -0.011032825335860252 -0.018044915050268173
v -0.0016736827092245221 0.011210972443223 -0.018235484138131142
v -0.0016159155638888478 -0.0093858297914266586 -0.019139820709824562
v -0.0016103608068078756 0.0095304194837808609 -0.019307177513837814
v -0.001561738783493638 -0.0076279845088720322 -0.02003197930753231
v -0.0015578613383695483 0.0077314022928476334 -0.020146125927567482
v -0.0015181638300418854 -0.0057882275432348251 -0.020722245797514915
v -0.0015161939663812518 0.0058555696159601212 -0.020778648555278778
v -0.0014860335504636168 -0.003891324857249856 -0.02121054008603096
v -0.0014854957116767764 0.0039293710142374039 -0.021226601675152779
v -0.0014664005720987916 0.0019730271305888891 -0.02149910107254982
v -0.0014662340981885791 -0.0019561259541660547 -0.021499058231711388
v -0.001459889579564333 6.8796396135439863e-08 -0.021592983976006508
v -0.0010986771667376161 -1.3981986057842732e-07 0.021156245842576027
v -0.0010973637690767646 -0.001349872094579041 0.021123642101883888
v -0.0010967099806293845 0.0013564320979639888 0.021107552573084831
v -0.0010805613128468394 -0.002309983829036355 0.021050430834293365
v -0.0010797909926623106 0.0023177058901637793 0.021021004766225815
v -0.0010193523485213518 0.0030264498200267553 0.020925341174006462
v -0.0010160378878936172 -0.0030257462058216333 0.020963950082659721
v -0.00098030781373381615 0.0032640041317790747 0.020885273814201355
v -0.00097823492251336575 -0.0032588599715381861 0.02092878520488739
v -0.00093339226441457868 -0.0013471153797581792 0.021077344194054604
v -0.00093271461082622409 0.00135298992972821 0.021061340346932411
v -0.00091457989765331149 -0.0022975264582782984 0.021003685891628265
v -0.00091356091434136033 0.002304920693859458 0.020974377170205116
v -0.000824386952444911 -0.0038621036801487207 0.020820144563913345
v -0.00081461021909490228 0.0032280327286571264 0.020841304212808609
v -0.00081300991587340832 -0.0032210557255893946 0.020884783938527107
v -0.00078325322829186916 -0.0013409612001851201 0.020967030897736549
v -0.0007825190550647676 0.0013453307328745723 0.020951120182871819
v -0.00076650164555758238 -0.0022796152625232935 0.020894752815365791
v -0.00076522206654772162 0.0022855342831462622 0.020865606144070625
v -0.00072157417889684439 -0.0041295494884252548 0.02076278068125248
v -0.00070644612424075603 -0.0041637178510427475 0.0207549799233675
v -0.00070587539812549949 0.0041608605533838272 0.0206927340477705
v -0.00068402290344238281 -0.0013323334278538823 0.020809469744563103
v -0.00068323221057653427 0.0013346466002985835 0.020793652161955833
v -0.00066847266862168908 -0.0022593645844608545 0.020739557221531868
v -0.00066707120276987553 0.0031832398381084204 0.02073366567492485
v -0.0006669859285466373 0.0022628249134868383 0.020710598677396774
v -0.00066627940395846963 -0.0031765906605869532 0.020776905119419098
v -0.00064973655389621854 -0.0013233331264927983 0.020642807707190514
v -0.00064892205409705639 0.0013235005317255855 0.020627075806260109
v -0.00064707844285294414 -0.001779070240445435 0.020612830296158791
v -0.00063403870444744825 -0.0022407232318073511 0.020571192726492882
v -0.00059572665486484766 -0.0027326850686222315 0.020510803908109665
v -0.00057756510796025395 0.0028661878313869238 0.020453358069062233
v -0.00057093938812613487 -0.0031341223511844873 0.020621154457330704
v -0.00057071552146226168 0.0031381787266582251 0.020578345283865929
v -0.00054808729328215122 -0.0040825959295034409 0.020718241110444069
v -0.0005407599383033812 0.0040887985378503799 0.020654823631048203
v -0.00053907639812678099 0.0031014771666377783 0.020409600809216499
v -0.00049938500160351396 -0.0032928644213825464 0.020415827631950378
v -0.00048422891995869577 -0.0014999714912846684 0.015386138111352921
v -0.00048388712457381189 0.0015006008325144649 0.015386143699288368
v -0.00048062484711408615 -0.0019185302080586553 0.01538620050996542
v -0.00046052332618273795 0.0034339965786784887 0.020335506647825241
v -0.0004344852059148252 -0.0027301518712192774 0.015387119725346565
v -0.00043075234862044454 0.0027581097092479467 0.015387200750410557
v -0.0004094592877663672 -0.0039943363517522812 0.02061237208545208
v -0.00040219881338998675 0.0039958599954843521 0.020549830049276352
v -0.00039915577508509159 -0.0029968826565891504 0.015387857332825661
v -0.00032460506190545857 -0.0039182808250188828 0.020453698933124542
v -0.00032215967075899243 -0.0038313476834446192 0.020290529355406761
v -0.00031898837187327445 0.0039160940796136856 0.020390691235661507
v -0.00030718330526724458 -0.0038898347411304712 0.020366286858916283
v -0.00030537662678398192 -0.003868824103847146 0.020280215889215469
v -0.00029678744613192976 0.0034656764473766088 0.015389950945973396
v -0.0002827066055033356 0.0039074663072824478 0.020203063264489174
v -0.00022905305377207696 -0.0036787150893360376 0.015391361899673939
v -0.0001924093667184934 0.0049453172832727432 0.020462017506361008
v -0.00019006652291864157 -0.004936685785651207 0.020542070269584656
v -0.00016936192696448416 -0.003829112509265542 0.015392647124826908
v -9.9897908512502909e-05 -0.0042283590883016586 0.020166855305433273
v -7.9642442869953811e-05 0.0040125641971826553 0.015394619666039944
v -5.8187175454804674e-05 -0.004798373207449913 0.020519495010375977
v -5.8045094192493707e-05 0.0048061255365610123 0.020441830158233643
v -1.1170596735610161e-05 0.0043410900980234146 0.0200484748929739
v 3.8727426726836711e-05 -0.0042104627937078476 0.015397329814732075
v 5.3437270253198221e-05 -0.0046539362519979477 0.020417055115103722
v 5.5361164413625374e-05 0.004658648744225502 0.020340466871857643
v 9.0840228949673474e-05 -0.0045913364738225937 0.020339509472250938
v 9.29652014747262e-05 0.004594096913933754 0.020262865349650383
v 0.00011168293713126332 0.0044788066297769547 0.019990455359220505
v 0.00011191427620360628 -0.0044812466949224472 0.020068015903234482
v 0.0001126907518482767 -0.004540642723441124 0.020251227542757988
v 0.0001144559500971809 0.004541466012597084 0.020174289122223854
v 0.00011909053864656016 -0.0045039113610982895 0.020158730447292328
v 0.0001200114784296602 0.0045029763132333755 0.020081423223018646
v 0.00013570468581747264 0.0043394807726144791 0.015399607829749584
v 0.00026021085795946419 0.0044801924377679825 0.015402592718601227
v 0.00026238651480525732 -0.0046186503022909164 0.020006442442536354
v 0.00027231223066337407 -0.0013579783262684941 -0.021129552274942398
v 0.00027258667978458107 0.0013574155746027827 -0.021129453554749489
v 0.00027352295001037419 6.8796396135439863e-08 -0.021177403628826141
v 0.00027543396572582424 0.0019404384074732661 -0.02107933908700943
v 0.00029126950539648533 -0.0024738817010074854 -0.021010203287005424
v 0.00031632449827156961 0.004658648744225502 0.019905494526028633
v 0.00032877802732400596 0.0029513479676097631 -0.02094062976539135
v 0.000382018624804914 0.0033036710228770971 -0.020870406180620193
v 0.00038458843482658267 -0.0033173917327076197 -0.020852498710155487
v 0.00039868365274742246 -0.0046111252158880234 0.015405991114675999
v 0.00040774338413029909 -0.0046187397092580795 0.015406214632093906
v 0.00042033320642076433 -0.0013537463964894414 -0.021065222099423409
v 0.00042063836008310318 0.0013532581506296992 -0.021065123379230499
v 0.00042168761137872934 2.4092910777540055e-08 -0.021113000810146332
v 0.00043405979522503912 0.00232526077888906 -0.020969042554497719
v 0.00043512869160622358 -0.0023308603558689356 -0.020963722839951515
v 0.00049186189426109195 -0.0015000012936070561 -0.015633063390851021
v 0.00049221166409552097 0.0015006306348368526 -0.015633028000593185
v 0.00049321132246404886 0.0017154904780909419 -0.015632878988981247
v 0.00051522441208362579 -0.0038515685591846704 -0.020711248740553856
v 0.00053134100744500756 0.0032650323119014502 -0.020808413624763489
v 0.00053410453256219625 -0.0032759665045887232 -0.020791372284293175
v 0.00054229976376518607 -0.0027380345854908228 -0.015627333894371986
v 0.00054871401516720653 -0.001345565658994019 -0.020946107804775238
v 0.00054899347014725208 0.0013452413259074092 -0.020945992320775986
v 0.00055021425941959023 -5.0412893415341387e-08 -0.020993582904338837
v 0.00055028701899573207 0.0054800305515527725 0.020239979028701782
v 0.00055623706430196762 -0.0054788347333669662 0.020329277962446213
v 0.00055928470101207495 0.0028725059237331152 -0.015625510364770889
v 0.00056090019643306732 0.0023054720368236303 -0.020851587876677513
v 0.00056173821212723851 -0.0023094175849109888 -0.020846432074904442
v 0.00059754727408289909 0.0040606651455163956 -0.020668923854827881
v 0.00062798440922051668 -0.0013346431078389287 -0.020790120586752892
v 0.00062827079091221094 0.0013345571933314204 -0.02078997902572155
v 0.00062885606894269586 -0.0048605408519506454 0.019880963489413261
v 0.00062958494527265429 -1.3981986057842732e-07 -0.020837120711803436
v 0.00063784612575545907 0.0052959416061639786 0.020237045362591743
v 0.00063960149418562651 0.0022821517195552588 -0.020698217675089836
v 0.00063990848138928413 -0.0022849796805530787 -0.020693080499768257
v 0.00064325239509344101 -0.0052942093461751938 0.020322922617197037
v 0.00064903061138466001 -0.0013233331264927983 -0.020630445331335068
v 0.00064932199893519282 0.0013235005317255855 -0.020630287006497383
v 0.00065064633963629603 -2.2922682774151326e-07 -0.020676944404840469
v 0.00065674120560288429 0.003218391677364707 -0.020692365244030952
v 0.00065742741571739316 0.0021576376166194677 -0.02055041491985321
v 0.00065898982575163245 -0.0042310114949941635 -0.020585808902978897
v 0.00065925979288294911 -0.0032264350447803736 -0.020675761625170708
v 0.00066065223654732108 -0.0022618381772190332 -0.020532151684165001
v 0.00066113675711676478 0.0022594721522182226 -0.020537333562970161
v 0.00066477979999035597 0.0042188707739114761 -0.020616874098777771
v 0.00066921155666932464 0.0034313441719859838 -0.015613188035786152
v 0.00068013329291716218 -0.0034737198147922754 -0.01561193261295557
v 0.00069370237179100513 0.0048169884830713272 0.015413627028465271
v 0.0006993922870606184 0.016975725069642067 0.00059158535441383719
v 0.00070537097053602338 -0.016981622204184532 0.00045618304284289479
v 0.00070682924706488848 0.0055525843054056168 0.020201927050948143
v 0.00070749525912106037 0.00510370172560215 0.020140025764703751
v 0.00071140867657959461 -0.0051036085933446884 0.020224306732416153
v 0.00071258656680583954 -0.0028956441674381495 -0.020418448373675346
v 0.00071792158996686339 0.0035937519278377295 -0.015607557259500027
v 0.00071830261731520295 0.0049013439565896988 0.019767981022596359
v 0.00071923830546438694 -0.0049056913703680038 0.019854353740811348
v 0.00072495918720960617 -0.0055550839751958847 0.020290656015276909
v 0.000727239646948874 0.0050233099609613419 0.02005888894200325
v 0.00073029421037063003 -0.0050244536250829697 0.020143307745456696
v 0.00073115486884489655 0.0049213264137506485 0.019864911213517189
v 0.00073249137494713068 0.00317173614166677 -0.020538931712508202
v 0.00073271431028842926 -0.0049247946590185165 0.019950632005929947
v 0.00073409947799518704 -0.0031774251256138086 -0.020522378385066986
v 0.00073488260386511683 0.0049617085605859756 0.019964402541518211
v 0.00073713203892111778 -0.0049640890210866928 0.020049374550580978
v 0.00075005664257332683 -0.0031373559031635523 -0.020360980182886124
v 0.0007714458042755723 0.004925871267914772 0.019752068445086479
v 0.00079581013415008783 0.0033481956925243139 -0.020320523530244827
v 0.00080354639794677496 -0.0041452255100011826 -0.020534010604023933
v 0.00080583675298839808 -0.0038291572127491236 -0.015597235411405563
v 0.00080822932068258524 0.0041317883878946304 -0.02056426927447319
v 0.00081737176515161991 0.0034323872532695532 -0.020295768976211548
v 0.0008180036093108356 -0.0014999714912846684 0.015416877344250679
v 0.00084778841119259596 -0.0049009080976247787 0.015417803078889847
v 0.00090879236813634634 0.0049277488142251968 0.015419474802911282
v 0.00091677537420764565 0.016749763861298561 -0.0033081201836466789
v 0.00092051597312092781 -0.0040499027818441391 -0.020421726629137993
v 0.00092167354887351394 -0.016802376136183739 -0.0034126474056392908
v 0.00092375680105760694 0.0040374789386987686 -0.020451385527849197
v 0.00092434673570096493 -0.0040675755590200424 -0.015583057887852192
v 0.00094951858045533299 -0.0038299320731312037 -0.020133059471845627
v 0.00097784516401588917 0.0041542891412973404 -0.01557654794305563
v 0.00098215218167752028 -0.0039642062038183212 -0.020266331732273102
v 0.00098318560048937798 0.0038989128079265356 -0.020130729302763939
v 0.00098416185937821865 0.0039550010114908218 -0.020295634865760803
v 0.00098729296587407589 -0.0039152856916189194 -0.020096635445952415
v 0.00098917179275304079 -0.0039302613586187363 -0.020183006301522255
v 0.0010278187692165375 0.016530895605683327 -0.0052597555331885815
v 0.001030107494443655 -0.0048384275287389755 -0.020324608311057091
v 0.0010318749118596315 -0.01660056971013546 -0.0053482032380998135
v 0.0010904893279075623 0.0015006157336756587 -0.015562673099339008
v 0.0011099779512733221 0.0043395552784204483 -0.015560179948806763
v 0.0011396859772503376 0.016220415011048317 -0.0071996874175965786
v 0.0011430145241320133 -0.016293099150061607 -0.0072727599181234837
v 0.0011689697857946157 -0.0050733145326375961 0.019740819931030273
v 0.0011714771389961243 -0.004996350035071373 -0.020238928496837616
v 0.0011720848269760609 0.0049826297909021378 -0.020293546840548515
v 0.0011901031248271465 0.0042637083679437637 -0.019960060715675354
v 0.0012140343897044659 0.0050829295068979263 0.019636295735836029
v 0.0012470840010792017 0.0043410006910562515 -0.01991746574640274
v 0.0012516683200374246 0.015792200341820717 -0.0091194063425064087
v 0.0012541738105937839 -0.015845051035284996 -0.0091709624975919724
v 0.001256188377737999 -0.0045045819133520126 -0.015541544184088707
v 0.0012614353327080607 0.0050588939338922501 0.01542953122407198
v 0.0012929914519190788 0.0048433784395456314 -0.020257502794265747
v 0.0012940652668476105 -0.0048554595559835434 -0.020205974578857422
v 0.0013064820086583495 0.0045510474592447281 -0.015534994192421436
v 0.0013065112289041281 -0.0050738807767629623 0.015430851839482784
v 0.0013626026920974255 0.015213364735245705 -0.01099985558539629
v 0.0013639467069879174 -0.015218785032629967 -0.011018145829439163
v 0.0013811656972393394 -0.0046188440173864365 -0.015525111928582191
v 0.0013830370735377073 0.0046957377344369888 -0.020150111988186836
v 0.0013852264964953065 -0.0047040935605764389 -0.020100027322769165
v 0.0013907335232943296 -0.0045071151107549667 -0.019765157252550125
v 0.001390994293615222 0.0045058969408273697 -0.019816333428025246
v 0.0014074218925088644 0.0046301130205392838 -0.020073987543582916
v 0.0014095776714384556 -0.0046363379806280136 -0.02002391405403614
v 0.0014097536914050579 0.0045338217169046402 -0.019901590421795845
v 0.0014105645241215825 -0.0045363511890172958 -0.01985078863799572
v 0.0014156613033264875 -0.0051031317561864853 0.015434101223945618
v 0.0014160441933199763 0.0045753810554742813 -0.019989226013422012
v 0.0014176978729665279 -0.0045796092599630356 -0.019938843324780464
v 0.0014339082408696413 0.005781346932053566 0.020053582265973091
v 0.0014352618018165231 -0.0057698991149663925 0.020153993740677834
v 0.0014705929206684232 -0.014382472261786461 -0.012778553180396557
v 0.0014709617244079709 0.014445671811699867 -0.012809989042580128
v 0.0014768571127206087 -0.0055619087070226669 0.020159948617219925
v 0.0014780390774831176 0.0055702719837427139 0.020063899457454681
v 0.0014785833191126585 -0.0051471199840307236 0.019677771255373955
v 0.0015021221479400992 -0.0051986034959554672 0.019882140681147575
v 0.0015028674388304353 0.0051972512155771255 0.019786637276411057
v 0.0015028989873826504 -0.0053480323404073715 0.020064348354935646
v 0.0015050865476951003 0.0053509268909692764 0.01997014693915844
v 0.0015122878830879927 -0.004620065912604332 -0.019679572433233261
v 0.0015638889744877815 -0.0046625044196844101 -0.019644806161522865
v 0.0015720924129709601 -0.013323923572897911 -0.01440893579274416
v 0.001574620371684432 0.013454535976052284 -0.014503918588161469
v 0.001627222285605967 -0.0051736291497945786 0.019650949165225029
v 0.0016524017555639148 -0.016268422827124596 0.0079196225851774216
v 0.0016609542071819305 -0.016114627942442894 0.0087112048640847206
v 0.0016664182767271996 -0.012058412656188011 -0.015874238684773445
v 0.0016708326293155551 0.012226218357682228 -0.016024023294448853
v 0.0017016250640153885 -0.0048391874879598618 -0.015481038950383663
v 0.0017519735265523195 -0.010618245229125023 -0.017152836546301842
v 0.0017572307260707021 0.010782400146126747 -0.017324289306998253
v 0.0017718566814437509 0.0048751775175333023 -0.015471042133867741
v 0.0017764299409464002 0.005840519443154335 0.019998397678136826
v 0.0017945481231436133 -0.01636793278157711 0.0071321548894047737
v 0.0018062593881040812 -0.016209742054343224 0.0079246498644351959
v 0.0018184187356382608 -0.016060417518019676 0.00868208147585392
v 0.0018210731213912368 -0.015904596075415611 0.0094900205731391907
v 0.0018276410410180688 -0.0090392138808965683 -0.018238702788949013
v 0.0018323421245440841 0.0091726426035165787 -0.018389575183391571
v 0.0018592175329104066 0.0052041355520486832 0.019513383507728577
v 0.0018804905703291297 0.0049278233200311661 -0.015455343760550022
v 0.0018831576453521848 -0.0055128689855337143 -0.01986798457801342
v 0.0018923460738733411 -0.0073522385209798813 -0.019130134955048561
v 0.0018955511040985584 0.0074479524046182632 -0.019233070313930511
v 0.0018988810479640961 0.00487481988966465 -0.019510475918650627
v 0.0019084516679868102 0.0055041704326868057 -0.01993139460682869
v 0.0019402500474825501 -0.016096776351332664 0.0079184342175722122
v 0.0019409876549616456 -0.016307299956679344 0.0071691791526973248
v 0.0019448995590209961 -0.0055838581174612045 -0.019825505092740059
v 0.0019464385695755482 0.005646461620926857 -0.019876306876540184
v 0.0019544707611203194 -0.015948912128806114 0.0086417160928249359
v 0.0019771684892475605 -0.0049170311540365219 -0.019395956769585609
v 0.0019792069215327501 -0.01585773192346096 0.0094243958592414856
v 0.0019820879679173231 0.0049158725887537003 -0.019465737044811249
v 0.0019853785634040833 0.0053193215280771255 -0.019919103011488914
v 0.0019881397020071745 -0.0053355749696493149 -0.01984916627407074
v 0.0019899022299796343 0.0052039865404367447 0.015452295541763306
v 0.0020060599781572819 0.0049269739538431168 -0.019453065469861031
v 0.0020081440452486277 -0.004941081628203392 -0.01948758028447628
v 0.0020098381210118532 0.0049392376095056534 -0.01955694705247879
v 0.0020118923857808113 -0.01573670469224453 0.0099921226501464844
v 0.0020119783002883196 -0.0058562513440847397 0.020067062228918076
v 0.0020277218427509069 -0.015945380553603172 0.007901092991232872
v 0.0020294941496104002 0.0049824658781290054 -0.019650928676128387
v 0.0020306538790464401 -0.0049858745187520981 -0.019582200795412064
v 0.0020330976694822311 0.0051273945719003677 -0.019819527864456177
v 0.0020373864099383354 -0.0051366891711950302 -0.019751561805605888
v 0.0020378795452415943 0.0050460342317819595 -0.019740941002964973
v 0.0020404057577252388 -0.015796324238181114 0.0085968943312764168
v 0.0020411619916558266 -0.005052005872130394 -0.019672811031341553
v 0.002047594403848052 -0.0067249294370412827 0.0080164819955825806
v 0.0020525164436548948 -0.015771185979247093 0.0079480549320578575
v 0.0020557567477226257 0.0052114371210336685 0.015454512089490891
v 0.002065286273136735 -0.015633588656783104 0.0085560344159603119
v 0.002068445086479187 -0.016193574294447899 0.0071955895982682705
v 0.0020690876990556717 -0.015624871477484703 0.0085886865854263306
v 0.0020879246294498444 -0.016412844881415367 0.0063844998367130756
v 0.0021132200490683317 -0.015748566016554832 0.0093482472002506256
v 0.0021522529423236847 -0.016042402014136314 0.0072057056240737438
v 0.0021618762984871864 -0.015873735770583153 0.0072733964771032333
v 0.0021686905529350042 -0.0052244719117879868 0.015458361245691776
v 0.0021907740738242865 -0.016010498628020287 -0.0075065279379487038
v 0.0021919498685747385 -0.015593698248267174 0.0092766927555203438
v 0.0022230616305023432 -0.016351765021681786 0.0064519979059696198
v 0.002240810776129365 -0.0050634201616048813 -0.015401300042867661
v 0.0022585364058613777 -0.016135131940245628 -0.0067510800436139107
v 0.0022593149915337563 -0.015832385048270226 -0.0082535631954669952
v 0.0022757325787097216 -0.015616109594702721 0.010115030221641064
v 0.0022766313049942255 -0.00507391057908535 -0.015395766124129295
v 0.0022866379003971815 -0.0067249294370412827 0.0094520999118685722
v 0.0022881682962179184 -0.015341212972998619 0.0094557348638772964
v 0.0023337884340435266 0.0052430573850870132 0.01944708451628685
v 0.0023353726137429476 -0.0052454527467489243 0.019545197486877441
v 0.0023393617011606693 -0.016237607225775719 0.0065091820433735847
v 0.0023415882606059313 -0.015950193628668785 -0.0074949502013623714
v 0.0023425875697284937 0.0050903055816888809 -0.015385464765131474
v 0.002357768826186657 0.0052922759205102921 0.019658196717500687
v 0.0023582442663609982 -0.0052937921136617661 0.019754311069846153
v 0.0023715784773230553 0.0056752655655145645 0.019937537610530853
v 0.0023720522876828909 -0.0056683477014303207 0.020034318789839745
v 0.0023726192303001881 -0.0054464247077703476 0.019940296187996864
v 0.0023726914077997208 0.0054486189037561417 0.019845489412546158
v 0.0023847734555602074 -0.015677189454436302 -0.0087562454864382744
v 0.002395933959633112 -0.0050729718059301376 -0.019184639677405357
v 0.0024029482156038284 -0.015509894117712975 0.010004004463553429
v 0.0024046679027378559 -0.016072293743491173 -0.0067707551643252373
v 0.0024108074139803648 -0.015776714310050011 -0.0082103414461016655
v 0.0024131156969815493 -0.0067249294370412827 0.0066077499650418758
v 0.0024138905573636293 -0.015923729166388512 0.0066042891703546047
v 0.0024142647162079811 -0.01608610711991787 0.0065449117682874203
v 0.0024188165552914143 -0.015222406014800072 0.0097471233457326889
v 0.0024392472114413977 -0.0050851907581090927 -0.019164418801665306
v 0.0024663724470883608 -0.016205510124564171 -0.006016863975673914
v 0.0024698700290173292 -0.015351807698607445 0.0099068498238921165
v 0.0024708760902285576 -0.015838151797652245 -0.0074728801846504211
v 0.0024977498687803745 -0.015564491972327232 -0.0090693170204758644
v 0.0025208417791873217 -0.016407256945967674 0.0057099824771285057
v 0.0025305342860519886 -0.015959179028868675 -0.0067801862023770809
v 0.0025391303934156895 -0.015666401013731956 -0.0081560825929045677
v 0.002547169104218483 -0.015376066789031029 0.010865342803299427
v 0.0025536564644426107 -0.01568976603448391 -0.0074433283880352974
v 0.0025808110367506742 -0.015546074137091637 -0.0073511451482772827
v 0.002583333058282733 -0.0067249294370412827 -0.007574321236461401
v 0.002583659952506423 -0.015493100509047508 -0.0075763827189803123
v 0.0026038268115371466 -0.016141658648848534 -0.0060670315288007259
v 0.0026127365417778492 -0.015810942277312279 -0.006776884663850069
v 0.0026177954860031605 -0.015517165884375572 -0.0081000356003642082
v 0.0026376193854957819 -0.015358274802565575 -0.0080520389601588249
v 0.0026399330236017704 -0.016347086057066917 0.0058058951981365681
v 0.0026454918552190065 -0.015657028183341026 -0.0067427330650389194
v 0.002645926782861352 -0.015516882762312889 -0.0089899944141507149
v 0.0026463910471647978 0.0052553359419107437 0.019409725442528725
v 0.0026912838220596313 -0.015349885448813438 0.010735252872109413
v 0.0027072334196418524 -0.015254562720656395 -0.0083547541871666908
v 0.002717884723097086 0.0051486585289239883 -0.019116830080747604
v 0.0027218530885875225 -0.016027888283133507 -0.0061067226342856884
v 0.002739523071795702 -0.015266334637999535 0.011089473031461239
v 0.0027402732521295547 -0.016232838854193687 0.0058912462554872036
v 0.0027681917417794466 -0.015409460291266441 -0.008898596279323101
v 0.0027708939742296934 0.0057905856519937515 -0.019575120881199837
v 0.002779525239020586 -0.0052087362855672836 -0.019239015877246857
v 0.0027838191017508507 0.0052054468542337418 -0.019311504438519478
v 0.0027951281517744064 -0.015920078381896019 0.0060015320777893066
v 0.002798611531034112 -0.015879323706030846 -0.0061282566748559475
v 0.002801862545311451 -0.016080429777503014 0.005949502345174551
v 0.0028027093503624201 -0.015139764174818993 -0.0086473571136593819
v 0.0028031647671014071 -0.0052770879119634628 -0.019334470853209496
v 0.0028063021600246429 -0.015247201547026634 0.010591515339910984
v 0.002807362237945199 -0.016225254163146019 -0.005334614310413599
v 0.0028075396548956633 -0.0055931117385625839 -0.019505424425005913
v 0.0028148025739938021 0.005580628290772438 -0.019579363986849785
v 0.002816501772031188 -0.005369311198592186 -0.019415408372879028
v 0.0028215670026838779 -0.015721743926405907 -0.0061391713097691536
v 0.0028219860978424549 0.0053614173084497452 -0.019486498087644577
v 0.0028223765548318624 -0.0067249294370412827 -0.0061387033201754093
v 0.0028363543096929789 -0.015258392319083214 -0.0088129835203289986
v 0.0028417343273758888 -0.014908095821738243 0.010397234000265598
v 0.0028525311499834061 -0.015726750716567039 -0.006062735803425312
v 0.0028531355783343315 0.0069247130304574966 0.019507966935634613
v 0.0028579640202224255 -0.0072290953248739243 0.019516594707965851
v 0.0028580068610608578 -0.015085017308592796 0.010470299050211906
v 0.0028828184586018324 0.0051777753978967667 -0.019048700109124184
v 0.0029111884068697691 0.008617917075753212 0.01874871738255024
v 0.0029165202286094427 -0.0089042689651250839 0.018755923956632614
v 0.0029181595891714096 -0.0014999863924458623 -0.015291211195290089
v 0.002922513522207737 -0.0058339890092611313 -0.019433239474892616
v 0.0029316970612853765 -0.01616181991994381 -0.0054135597310960293
v 0.0029488545842468739 -0.0067249294370412827 -0.0089830532670021057
v 0.0029503698460757732 -0.014987414702773094 -0.008985624648630619
v 0.0029572905041277409 0.0052040014415979385 -0.01528443954885006
v 0.0029601221904158592 -0.0052061732858419418 -0.015283928252756596
v 0.002966961357742548 0.0058265719562768936 -0.019501185044646263
v 0.0029804564546793699 0.010215902701020241 0.017805678769946098
v 0.0029868220444768667 -0.010469352826476097 0.01778709888458252
v 0.0030256365425884724 -0.015205254778265953 -0.0096933459863066673
v 0.0030293224845081568 -0.015134936198592186 -0.010011069476604462
v 0.003037221496924758 -0.016047781333327293 -0.0054813600145280361
v 0.0030555380508303642 0.005214909091591835 -0.015267389826476574
v 0.0030598011799156666 0.011683264747262001 0.016669360920786858
v 0.0030677639879286289 -0.011878302320837975 0.016597729176282883
v 0.0030752506572753191 -0.016357516869902611 0.005140284076333046
v 0.0030831745825707912 -0.015087028965353966 0.011420208029448986
v 0.0030889501795172691 -0.0067249294370412827 0.010666360147297382
v 0.0031041461043059826 -0.015898426994681358 -0.0055253789760172367
v 0.0031337365508079529 -0.014725631102919579 0.01071170624345541
v 0.0031367407646030188 -0.015101706609129906 -0.0095659280195832253
v 0.0031467550434172153 -0.015740325674414635 -0.0055065862834453583
v 0.0031478211749345064 0.012976342812180519 0.015335593372583389
v 0.0031556105241179466 -0.014800360426306725 -0.0093422103673219681
v 0.0031574086751788855 -0.013085013255476952 0.01520172506570816
v 0.0031725016888231039 -0.016299745067954063 0.0052624414674937725
v 0.00318914745002985 -0.014947718009352684 -0.0094526419416069984
v 0.0032090391032397747 -0.015074377879500389 0.011263137683272362
v 0.0032429129350930452 0.014051178470253944 0.013818816281855106
v 0.0032485807314515114 0.0052645597606897354 0.019344136118888855
v 0.0032487239222973585 -0.0052664186805486679 0.019441511482000351
v 0.0032519586384296417 -0.01618579588830471 0.0053726895712316036
v 0.0032535004429519176 -0.014066180214285851 0.013639465905725956
v 0.0032699035946279764 -0.016199728474020958 -0.0047342199832201004
v 0.0032710710074752569 0.0053190682083368301 0.01956954225897789
v 0.0032711823005229235 -0.0053196754306554794 0.019664453342556953
v 0.0032878757920116186 0.0054703149944543839 0.019745973870158195
v 0.0032881004735827446 -0.0054677184671163559 0.019840063527226448
v 0.0032917968928813934 0.0059177521616220474 0.019817644730210304
v 0.0032928872387856245 -0.0059090759605169296 0.019918220117688179
v 0.0032953028567135334 0.0056854430586099625 0.019835134968161583
v 0.0032958593219518661 -0.0056791361421346664 0.019931096583604813
v 0.0032969147432595491 -0.016031896695494652 0.0054490719921886921
v 0.0033031341154128313 0.0052640531212091446 0.015500787645578384
v 0.0033054105006158352 -0.01586776040494442 0.0054790191352367401
v 0.0033056559041142464 -0.014976074919104576 0.011089076288044453
v 0.0033200273755937815 -0.0067249294370412827 0.0054694823920726776
v 0.003328865859657526 -0.014614289626479149 0.010883803479373455
v 0.0033400687389075756 -0.014808556064963341 0.010947030037641525
v 0.0033432189375162125 0.014884943142533302 0.012156826443970203
v 0.0033541098237037659 -0.01483035646378994 0.011958329938352108
v 0.0033726494293659925 -0.0052664186805486679 0.01550360769033432
v 0.0033726512920111418 0.0052645895630121231 0.015503614209592342
v 0.0033763314131647348 -0.016137873753905296 -0.0048397998325526714
v 0.0033980866428464651 -0.014879336580634117 -0.010438947938382626
v 0.0034472597762942314 0.015489945188164711 0.010396838188171387
v 0.0034648131113499403 -0.016023909673094749 -0.0049328966997563839
v 0.0034681465476751328 0.0015006157336756587 -0.015193541534245014
v 0.0034805182367563248 -0.014825155958533287 -0.010520040988922119
v 0.0035181313287466764 -0.0158733781427145 -0.0049959346652030945
v 0.0035258496645838022 -0.014856657013297081 -0.010294221341609955
v 0.0035480039659887552 -0.0052461680024862289 -0.018713511526584625
v 0.0035539546515792608 0.015901664271950722 0.0085780015215277672
v 0.0035565362777560949 0.015935325995087624 0.0083944099023938179
v 0.0035657887347042561 0.016021529212594032 0.0078783901408314705
v 0.0035740169696509838 0.015909368172287941 0.0085163582116365433
v 0.0035894932225346565 0.016037279739975929 0.0077483882196247578
v 0.0035923968534916639 -0.015707572922110558 -0.0049574780277907848
v 0.0036081860307604074 0.016045624390244484 0.0076698232442140579
v 0.0036082572769373655 -0.0067249294370412827 0.0076696337200701237
v 0.0036082572769373655 -0.0014999565901234746 0.0076696337200701237
v 0.0036082572769373655 0.001500585931353271 0.0076696337200701237
v 0.0036164578050374985 -0.0067249294370412827 0.0087048802524805069
v 0.0036164578050374985 -0.0014999565901234746 0.0087048802524805069
v 0.0036164578050374985 0.001500585931353271 0.0087048802524805069
v 0.0036166762001812458 0.015864664688706398 0.0087056700140237808
v 0.003616684814915061 0.0052951965481042862 -0.018998574465513229
v 0.0036167672369629145 -0.0052985008805990219 -0.018917636945843697
v 0.0036209195386618376 -0.014758085831999779 -0.010132419876754284
v 0.0036246899981051683 -0.0067249294370412827 -0.0049244388937950134
v 0.0036532825324684381 -0.014599984511733055 -0.0099948905408382416
v 0.0036622700281441212 0.016161004081368446 0.0067248749546706676
v 0.003669070778414607 -0.0059152301400899887 -0.019161058589816093
v 0.0036698859184980392 0.005452984943985939 -0.019177459180355072
v 0.0036712693981826305 -0.0054616536945104599 -0.019098078832030296
v 0.003688297001644969 0.0056800935417413712 -0.019265541806817055
v 0.0036885696463286877 -0.0056954082101583481 -0.019183134660124779
v 0.0037278803065419197 -0.016270985826849937 0.0046961391344666481
v 0.0037293930072337389 0.015779921784996986 0.009012613445520401
v 0.003762722248211503 0.016073757782578468 0.0072628133930265903
v 0.0037717833183705807 0.016304740682244301 0.004850468598306179
v 0.0037865857593715191 0.015744278207421303 0.0091264350339770317
v 0.0037984477821737528 -0.01621677540242672 0.004841226153075695
v 0.003810093505308032 -0.014762556180357933 0.011912483721971512
v 0.0038120488170534372 -0.014805605635046959 0.01167663186788559
v 0.0038347502704709768 -0.016134968027472496 -0.0042346324771642685
v 0.0038348152302205563 0.016076916828751564 0.007133586797863245
v 0.0038527562282979488 -0.016103466972708702 0.0049722404219210148
v 0.0038557671941816807 -0.0067249294370412827 -0.010121316649019718
v 0.0038578626699745655 -0.014256512746214867 -0.010122796520590782
v 0.0038784584030508995 -0.015947600826621056 0.0050618536770343781
v 0.0038834305014461279 -0.014712920412421227 0.011474483646452427
v 0.0038923101965337992 -0.0052592065185308456 -0.018590115010738373
v 0.0038996790535748005 -0.014538487419486046 0.011317175813019276
v 0.003919295035302639 -0.016075616702437401 -0.0043633319437503815
v 0.0039240983314812183 -0.015772527083754539 0.0050709187053143978
v 0.003937804140150547 -0.01430962048470974 0.011281946673989296
v 0.0039867549203336239 -0.015961995348334312 -0.0044780010357499123
v 0.0039936346001923084 0.016347641125321388 0.0010600908426567912
v 0.004000526387244463 -0.016353106126189232 0.00092955731088295579
v 0.0040143565274775028 -0.014495214447379112 -0.010951868258416653
v 0.0040232064202427864 -0.015809943899512291 -0.0045563038438558578
v 0.0040278956294059753 -0.014138942584395409 -0.010253756307065487
v 0.0040742163546383381 -0.015641247853636742 -0.0045532030053436756
v 0.0040807928889989853 0.015520492568612099 -0.0073579340241849422
v 0.0040954332798719406 0.015586460009217262 0.0095508256927132607
v 0.0040966365486383438 0.015556851401925087 -0.0071603739634156227
v 0.0041187591850757599 -0.0067249294370412827 0.0067689903080463409
v 0.0041187591850757599 -0.0014999565901234746 0.0067689903080463409
v 0.0041187591850757599 0.001500585931353271 0.0067689903080463409
v 0.004118782002478838 0.016067022457718849 0.0067689609713852406
v 0.0041250116191804409 -0.014489045366644859 -0.010778765194118023
v 0.0041308379732072353 0.015398422256112099 -0.0078675448894500732
v 0.0041411877609789371 -0.0067249294370412827 0.0095973266288638115
v 0.0041411877609789371 -0.0014999565901234746 0.0095973266288638115
v 0.0041411877609789371 0.001500585931353271 0.0095973266288638115
v 0.0041411900892853737 0.015566224232316017 0.0095973340794444084
v 0.0041427589021623135 -0.0052648838609457016 -0.015064047649502754
v 0.0041439682245254517 -0.0067249294370412827 -0.0079211574047803879
v 0.0041439682245254517 -0.0014999714912846684 -0.0079211574047803879
v 0.0041439682245254517 0.0015006008325144649 -0.0079211574047803879
v 0.0041440199129283428 0.015383029356598854 -0.007921307347714901
v 0.0041519911028444767 0.015597337856888771 -0.0068865539506077766
v 0.0041521689854562283 -0.0067249294370412827 -0.006885911338031292
v 0.0041521689854562283 -0.0014999714912846684 -0.006885911338031292
v 0.0041521689854562283 0.0015006008325144649 -0.006885911338031292
v 0.0041579296812415123 0.016063952818512917 0.0067302710376679897
v 0.0041580665856599808 -0.014051860198378563 -0.010343467816710472
v 0.0041690217331051826 -0.014453893527388573 -0.010681088082492352
v 0.0041894037276506424 0.015337178483605385 -0.0080716498196125031
v 0.0041990755125880241 -0.014396553859114647 -0.010585017502307892
v 0.0042005805298686028 0.015540817752480507 0.0096534537151455879
v 0.004207975696772337 -0.014233028516173363 -0.010427447035908699
v 0.0042272708378732204 0.01562134362757206 -0.0066652563400566578
v 0.0042302259244024754 0.016129309311509132 -0.0027119757141917944
v 0.0042360136285424232 -0.016175916418433189 -0.002813846105709672
v 0.0042788940481841564 0.016052806749939919 0.006623030174523592
v 0.0042949216440320015 0.015632802620530128 -0.0065166265703737736
v 0.0043139904737472534 -0.014149552211165428 0.011448073200881481
v 0.0043157893233001232 -0.0067249294370412827 0.011449322104454041
v 0.0043333037756383419 -0.0052664186805486679 -0.015025634318590164
v 0.0043333345092833042 0.0052645895630121231 -0.015025635249912739
v 0.004351247102022171 0.015909979119896889 -0.0045998948626220226
v 0.0044181691482663155 -0.014539321884512901 0.012170386500656605
v 0.0044197193346917629 0.015166470780968666 -0.0085341557860374451
v 0.0044387052766978741 0.0052645597606897354 -0.018485194072127342
v 0.0044394866563379765 -0.0052664186805486679 -0.018399938941001892
v 0.0044505707919597626 -0.016155978664755821 0.0043878676369786263
v 0.0044786902144551277 -0.0160373505204916 -0.003849127097055316
v 0.004484932404011488 -0.014558887109160423 0.011964505538344383
v 0.0044883126392960548 0.0052893403917551041 -0.018631333485245705
v 0.0044916905462741852 -0.016105985268950462 0.004550248384475708
v 0.0045078094117343426 0.0053136590868234634 -0.018688758835196495
v 0.004509584978222847 0.0053154174238443375 -0.018691955134272575
v 0.0045100320130586624 -0.0053169634193181992 -0.018606232479214668
v 0.0045178956352174282 -0.015993466600775719 0.0046967081725597382
v 0.0045221466571092606 -0.015835365280508995 0.0047950730659067631
v 0.0045224213972687721 -0.014290144667029381 0.011571874842047691
v 0.0045262235216796398 -0.014471730217337608 0.0117388516664505
v 0.0045301588252186775 -0.014388984069228172 0.011643704026937485
v 0.0045318519696593285 0.015098745003342628 -0.0086852004751563072
v 0.0045383595861494541 -0.015981188043951988 -0.0039960024878382683
v 0.0045436089858412743 -0.005385449156165123 -0.018705446273088455
v 0.0045461482368409634 0.005394304171204567 -0.018802398815751076
v 0.0045683151111006737 0.0054726544767618179 -0.018868733197450638
v 0.0045712310820817947 -0.0054812636226415634 -0.018787836655974388
v 0.0045727775432169437 0.0015005710301920772 0.015556583181023598
v 0.0045816306956112385 -0.015868103131651878 -0.0041277040727436543
v 0.0045840851962566376 0.015640834346413612 -0.0060911844484508038
v 0.0045845536515116692 0.0055638793855905533 -0.018918149173259735
v 0.004587074276059866 -0.0059401597827672958 -0.018843825906515121
v 0.0045874579809606075 0.0059226546436548233 -0.01893448643386364
v 0.0045897667296230793 -0.0055961515754461288 -0.01884426549077034
v 0.0045959115959703922 0.0056852493435144424 -0.018952000886201859
v 0.0045960387215018272 0.0057032499462366104 -0.018954671919345856
v 0.0045968075282871723 0.0057684872299432755 -0.018958378583192825
v 0.004597916267812252 -0.0057182367891073227 -0.018870597705245018
v 0.004598615225404501 -0.015714323148131371 -0.0042174803093075752
v 0.0046115242876112461 -0.0067249294370412827 0.0047984933480620384
v 0.0046116681769490242 -0.01564515195786953 0.0047984537668526173
v 0.0046154647134244442 -0.014035766944289207 0.011545494198799133
v 0.004631358664482832 0.015380242839455605 0.0099515058100223541
v 0.0046544992364943027 -0.0067249294370412827 -0.0088218087330460548
v 0.0046544992364943027 -0.0014999714912846684 -0.0088218087330460548
v 0.0046544992364943027 0.0015006008325144649 -0.0088218087330460548
v 0.0046546892262995243 0.015030631795525551 -0.0088220164179801941
v 0.0046767741441726685 0.01563614048063755 -0.005993580911308527
v 0.0046768980100750923 -0.0067249294370412827 -0.0059934682212769985
v 0.0046768980100750923 -0.0014999714912846684 -0.0059934682212769985
v 0.0046768980100750923 0.0015006008325144649 -0.0059934682212769985
v 0.0047074793837964535 -0.015528326854109764 -0.004199272021651268
v 0.0047144899144768715 -0.014109587296843529 -0.011334462091326714
v 0.0047170231118798256 0.014605158939957619 -0.010149154812097549
v 0.0047201579436659813 0.015996972098946571 0.0063495757058262825
v 0.004767135251313448 -0.013675069436430931 -0.01066355686634779
v 0.004767904058098793 -0.01561417244374752 0.0047600767575204372
v 0.0047922092489898205 0.015329102054238319 0.010025221854448318
v 0.004801522009074688 -0.014123221859335899 -0.01113563496619463
v 0.0048038423992693424 -0.013769647106528282 -0.010690159164369106
v 0.0048323590308427811 -0.014093955978751183 -0.011022751219570637
v 0.004832499660551548 -0.013867458328604698 -0.010740731842815876
v 0.0048358095809817314 0.013858357444405556 -0.011899424716830254
v 0.0048363124951720238 -0.013799002394080162 -0.011875125579535961
v 0.0048485975712537766 -0.013960158452391624 -0.010816155932843685
v 0.0048488047905266285 -0.014038300141692162 -0.010912823490798473
v 0.0048514995723962784 -0.0067249294370412827 -0.0041414722800254822
v 0.0048519112169742584 -0.015499716624617577 -0.0041405428200960159
v 0.0048754666931927204 0.015973353758454323 0.0062870429828763008
v 0.0049138669855892658 0.014901572838425636 -0.0090437866747379303
v 0.0049482821486890316 -0.012781759724020958 -0.013457906432449818
v 0.0049498500302433968 0.012902135029435158 -0.013540367595851421
v 0.0050112223252654076 -0.0067249294370412827 0.0062442636117339134
v 0.0050112223252654076 -0.0014999565901234746 0.0062442636117339134
v 0.0050112223252654076 0.001500585931353271 0.0062442636117339134
v 0.0050115096382796764 0.015951359644532204 0.0062441839836537838
v 0.0050357240252196789 0.014846259728074074 -0.0091246478259563446
v 0.0050409892573952675 0.015258112922310829 0.010107636451721191
v 0.0050418209284543991 -0.0067249294370412827 0.010107846930623055
v 0.0050418209284543991 -0.0014999565901234746 0.010107846930623055
v 0.0050418209284543991 0.0015005710301920772 0.010107846930623055
v 0.005052981898188591 -0.011570146307349205 -0.014885907992720604
v 0.0050563924014568329 0.011724093928933144 -0.01501863356679678
v 0.0050887018442153931 0.015593880787491798 -0.0056817331351339817
v 0.0050927302800118923 -0.013922980055212975 -0.011473062448203564
v 0.0051019522361457348 -0.014337589964270592 0.012329138815402985
v 0.0051471469923853874 -0.013465916737914085 -0.010792617686092854
v 0.0051472354680299759 -0.0067249294370412827 -0.01079229824244976
v 0.005148604977875948 -0.010193368420004845 -0.016138378530740738
v 0.0051528681069612503 0.010343829169869423 -0.016291394829750061
v 0.005178437102586031 -0.015913253650069237 -0.003590915584936738
v 0.0051901494152843952 -0.014080574735999107 0.011704315431416035
v 0.0051976572722196579 0.015578532591462135 -0.0056239371187984943
v 0.0052023916505277157 -0.015703221783041954 0.0046566086821258068
v 0.005204787477850914 -0.013850396499037743 0.011654366739094257
v 0.0052065481431782246 -0.014183437451720238 0.011776270344853401
v 0.0052081188187003136 -0.014351164922118187 0.012117257341742516
v 0.0052107549272477627 -0.015860741958022118 -0.0037507177330553532
v 0.0052148960530757904 -0.016020810231566429 0.0042253853753209114
v 0.0052156015299260616 -0.014268374070525169 0.01187556516379118
v 0.0052159852348268032 -0.014325698837637901 0.011993381194770336
v 0.0052208728156983852 -0.015863707289099693 0.0045540151186287403
v 0.0052230311557650566 -0.015592699870467186 -0.0039914012886583805
v 0.0052248314023017883 -0.015975331887602806 0.0043982192873954773
v 0.0052272435277700424 -0.015748342499136925 -0.0038944059051573277
v 0.0052337697707116604 -0.0086836125701665878 -0.017208682373166084
v 0.0052376207895576954 0.0088061485439538956 -0.017343616113066673
v 0.0052921106107532978 0.015195826068520546 0.010156017728149891
v 0.0053071212023496628 -0.007068997249007225 -0.018093444406986237
v 0.005309677217155695 0.0071571413427591324 -0.018185527995228767
v 0.0053862934000790119 0.015885451808571815 0.0061781932599842548
v 0.0053991749882698059 -0.015383964404463768 -0.0039821499958634377
v 0.0054350611753761768 -0.0133212860673666 -0.010859556496143341
v 0.0054607423953711987 -0.0014999863924458623 -0.014781616628170013
v 0.0054740556515753269 -0.013421839103102684 -0.010878665372729301
v 0.0054813725873827934 -0.013747965916991234 -0.011571911163628101
v 0.005486353300511837 0.015153849497437477 0.010171122848987579
v 0.0054882941767573357 -0.015463775023818016 0.0046710860915482044
v 0.0055094757117331028 -0.013526326045393944 -0.010925581678748131
v 0.0055146054364740849 0.01465492881834507 -0.0093373041599988937
v 0.0055366414599120617 -0.013624778017401695 -0.011002689599990845
v 0.0055372705683112144 -0.013782372698187828 -0.011353055015206337
v 0.0055469325743615627 -0.0067249294370412827 -0.0093465317040681839
v 0.0055469325743615627 -0.0014999714912846684 -0.0093465317040681839
v 0.0055469325743615627 0.0015006008325144649 -0.0093465317040681839
v 0.0055512473918497562 -0.013759544119238853 -0.011227675713598728
v 0.0055513046681880951 -0.013705676421523094 -0.011106565594673157
v 0.0055528110824525356 0.015853861346840858 0.0061719752848148346
v 0.00557755958288908 -0.0067249294370412827 -0.0054829558357596397
v 0.00557755958288908 -0.0014999714912846684 -0.0054829558357596397
v 0.00557755958288908 0.001500585931353271 -0.0054829558357596397
v 0.0055779591202735901 0.015515083447098732 -0.005482853390276432
v 0.0056252689100801945 0.01461600698530674 -0.0093664955347776413
v 0.0056898915208876133 0.015493849292397499 -0.0054572373628616333
v 0.0057549960911273956 -0.0067249294370412827 0.011665600351989269
v 0.0057970979250967503 0.0052756164222955704 -0.014703194610774517
v 0.00581367127597332 0.015469113364815712 -0.0054366360418498516
v 0.0058727734722197056 -0.0014999416889622808 0.015622850507497787
v 0.005874264519661665 -0.015451332554221153 -0.0038903262466192245
v 0.0058785858564078808 -0.013928687199950218 0.011707883328199387
v 0.0058924336917698383 -0.015559351071715355 0.0046545765362679958
v 0.0059002605266869068 -0.01560894213616848 -0.0037911513354629278
v 0.0059019559994339943 -0.0140345748513937 0.011778436601161957
v 0.0059107281267642975 -0.015769010409712791 -0.0034727838356047869
v 0.0059128087013959885 -0.015720492228865623 -0.0036407418083399534
v 0.0059240511618554592 -0.014121225103735924 0.011878376826643944
v 0.0059273992665112019 -0.013693546876311302 0.011650249361991882
v 0.0059335245750844479 -0.015722295269370079 0.0045525659807026386
v 0.0059424787759780884 -0.014178207144141197 0.011998494155704975
v 0.0059554683975875378 -0.014201229438185692 0.012125448323786259
v 0.0059644868597388268 -0.014160623773932457 0.012352004647254944
v 0.0059691607020795345 -0.015832921490073204 0.004394142422825098
v 0.0059743402525782585 0.0015006008325144649 -0.014661115594208241
v 0.0059924926608800888 -0.015873705968260765 0.0042180554009974003
v 0.0059970305301249027 0.01506904698908329 0.01012000348418951
v 0.006046452559530735 -0.0067249294370412827 0.0062360595911741257
v 0.006046452559530735 -0.0014999565901234746 0.0062360595911741257
v 0.006046452559530735 0.0015005710301920772 0.0062360595911741257
v 0.0060582268051803112 0.0066188070923089981 0.019309746101498604
v 0.006064251996576786 -0.0067249294370412827 0.0047108130529522896
v 0.0060646152123808861 -0.0069074239581823349 0.019308358430862427
v 0.0060650077648460865 -0.015336280688643456 0.0047105266712605953
v 0.0060728238895535469 0.015746304765343666 0.0062430929392576218
v 0.0060769952833652496 0.015059182420372963 0.010099666193127632
v 0.0060770818963646889 -0.0067249294370412827 0.010099642910063267
v 0.0060770818963646889 -0.0014999416889622808 0.010099642910063267
v 0.0060770818963646889 0.0015005710301920772 0.010099642910063267
v 0.0061165764927864075 -0.015217175707221031 -0.0039175408892333508
v 0.0061223418451845646 0.0082318726927042007 0.018566608428955078
v 0.0061293705366551876 -0.008502548560500145 0.018562840297818184
v 0.006139096338301897 0.014459842815995216 -0.0094179632142186165
v 0.0061682518571615219 0.015049124136567116 0.010072080418467522
v 0.0061823870055377483 -0.013124799355864525 -0.01092996634542942
v 0.0061983563937246799 0.0097529832273721695 0.017648866400122643
v 0.0062064141966402531 -0.0099923219531774521 0.017621308565139771
v 0.0062170396558940411 -0.015301531180739403 0.004737247247248888
v 0.0062192939221858978 -0.013236334547400475 -0.010972619988024235
v 0.0062279021367430687 0.015711346641182899 0.0062924628145992756
v 0.0062412368133664131 -0.012984087690711021 -0.010914388112723827
v 0.006244623102247715 0.014432827010750771 -0.0094120511785149574
v 0.0062546567060053349 -0.013340895995497704 -0.011049381457269192
v 0.0062726624310016632 -0.013447379693388939 -0.011647707782685757
v 0.006283941213041544 -0.013424759730696678 -0.011157187633216381
v 0.0062847710214555264 0.011149847880005836 0.016549531370401382
v 0.0062907347455620766 -0.0067249294370412827 -0.003925202414393425
v 0.0062942700460553169 -0.011335110291838646 0.016473948955535889
v 0.0063034207560122013 -0.013476898893713951 -0.011285249143838882
v 0.0063114762306213379 -0.013493290171027184 -0.01141828391700983
v 0.0063362405635416508 0.015350604429841042 -0.0054353438317775726
v 0.0063703218474984169 -0.014109661802649498 0.012295548804104328
v 0.0063798637129366398 0.012383246794342995 0.015265839174389839
v 0.0063907541334629059 -0.012489369139075279 0.015134223736822605
v 0.0064704702235758305 0.015316346660256386 -0.0054573598317801952
v 0.0064767203293740749 -0.013629337772727013 0.011545421555638313
v 0.0064767776057124138 -0.0067249294370412827 0.011545405723154545
v 0.006529809907078743 -0.015294617041945457 -0.0039155851118266582
v 0.0065585831180214882 -0.013849487528204918 0.011578252539038658
v 0.0065671862103044987 -0.01540922187268734 0.0047882674261927605
v 0.0065773907117545605 -0.015454268082976341 -0.0038193087093532085
v 0.0065811621025204659 0.014358872547745705 -0.0093549992889165878
v 0.0065821926109492779 -0.0067249294370412827 -0.0093547394499182701
v 0.0065821926109492779 -0.0014999565901234746 -0.0093547394499182701
v 0.0065821926109492779 0.001500585931353271 -0.0093547394499182701
v 0.0065848133526742458 -0.013957193121314049 0.011646848171949387
v 0.0065934057347476482 -0.012869453057646751 -0.010880210436880589
v 0.0065999631769955158 -0.0067249294370412827 -0.010879978537559509
v 0.0066127916797995567 -0.0067249294370412827 -0.0054911524057388306
v 0.0066127916797995567 -0.0014999565901234746 -0.0054911524057388306
v 0.0066127916797995567 0.001500585931353271 -0.0054911524057388306
v 0.0066131940111517906 0.01527802087366581 -0.0054912632331252098
v 0.0066186110489070415 -0.014044886454939842 0.011743823997676373
v 0.006620313972234726 -0.015564819797873497 -0.0036677385214716196
v 0.006629756186157465 -0.015574624761939049 0.0046918136067688465
v 0.0066331801936030388 0.015018800273537636 0.0098494403064250946
v 0.0066337506286799908 -0.0052833165973424911 -0.014498254284262657
v 0.0066337632015347481 -0.0014999863924458623 -0.014498431235551834
v 0.0066504646092653275 -0.015609061345458031 -0.0034967171959578991
v 0.0066567608155310154 -0.014101913198828697 0.011860120110213757
v 0.0066944761201739311 0.015595519915223122 0.0065359002910554409
v 0.0066950367763638496 -0.014123937115073204 0.011982688680291176
v 0.0066976333037018776 -0.015684163197875023 0.004537493921816349
v 0.0067424098961055279 0.014330500736832619 -0.0093059055507183075
v 0.0067517301067709923 0.015017399564385414 0.0097662350162863731
v 0.006755512673407793 -0.015720179304480553 0.0043650204315781593
v 0.0067587890662252903 -0.014079442247748375 0.012200203724205494
v 0.0068209441378712654 0.015560353174805641 0.0066325487568974495
v 0.0068495715968310833 -0.015027185901999474 -0.0040053394623100758
v 0.0068562077358365059 0.014313483610749245 -0.0092620206996798515
v 0.0068778134882450104 -0.012792622670531273 -0.010826289653778076
v 0.0069031124003231525 -0.012905096635222435 -0.010834320448338985
v 0.0069255242124199867 -0.015131687745451927 0.0049567157402634621
v 0.0069368388503789902 -0.013022935017943382 -0.010873269289731979
v 0.0069470410235226154 0.01552293635904789 0.0067465305328369141
v 0.0069471141323447227 -0.0067249294370412827 0.0067465719766914845
v 0.0069471141323447227 -0.0014999416889622808 0.0067465719766914845
v 0.0069471141323447227 0.0015005710301920772 0.0067465719766914845
v 0.006967232096940279 0.015173265710473061 -0.0056264773011207581
v 0.0069695138372480869 -0.0067249294370412827 0.0095749162137508392
v 0.0069695138372480869 -0.0014999416889622808 0.0095749162137508392
v 0.0069695138372480869 0.0015005710301920772 0.0095749162137508392
v 0.0069696088321506977 0.015023225918412209 0.0095748128369450569
v 0.0069773816503584385 -0.013132965192198753 -0.010947957634925842
v 0.0070122014731168747 -0.014981737360358238 -0.0040453067049384117
v 0.0070124887861311436 -0.0067249294370412827 -0.004045385867357254
v 0.0070208506658673286 -0.013219555839896202 -0.011055680923163891
v 0.0070337164215743542 0.0052849296480417252 -0.014395200647413731
v 0.0070337513461709023 0.0015006008325144649 -0.014395411126315594
v 0.0070390859618782997 -0.0052862968295812607 -0.01439378596842289
v 0.0070619210600852966 -0.013270324096083641 -0.011184941977262497
v 0.0070959292352199554 -0.013281365856528282 -0.011319168843328953
v 0.0070990030653774738 0.015130022540688515 -0.0056979856453835964
v 0.007120802067220211 0.015035370364785194 0.0094024380668997765
v 0.007127606775611639 -0.013610070571303368 0.01129617728292942
v 0.007135054562240839 -0.013210510835051537 -0.011547288857400417
v 0.0071577718481421471 -0.0067249294370412827 0.011277788318693638
v 0.0071671754121780396 -0.015125012025237083 -0.0040572690777480602
v 0.0071784555912017822 0.015445167198777199 0.0070191207341849804
v 0.007196253165602684 0.015044772997498512 0.0092991143465042114
v 0.0072034071199595928 -0.015255829319357872 0.0050487709231674671
v 0.0072050071321427822 -0.013835391029715538 0.011313537135720253
v 0.0072349919937551022 -0.013942858204245567 0.011378713883459568
v 0.0072357817552983761 -0.015286659821867943 -0.0039680381305515766
v 0.0072517991065979004 -0.0052947457879781723 0.015703313052654266
v 0.0072636585682630539 0.0052937362343072891 0.015704046934843063
v 0.0072661302983760834 0.015410790219902992 0.0071547320112586021
v 0.0072801052592694759 -0.014030640944838524 0.011468974873423576
v 0.0072858990170061588 -0.015423571690917015 0.0049626403488218784
v 0.0072944816201925278 0.014275277033448219 -0.0090077640488743782
v 0.0073090214282274246 -0.01539609394967556 -0.0038214481901377439
v 0.0073362840339541435 -0.014088278636336327 0.011575995944440365
v 0.007345099002122879 -0.01270078681409359 -0.010682280175387859
v 0.007371129933744669 -0.015435924753546715 -0.0036540557630360126
v 0.0073850578628480434 -0.015532022342085838 0.0048189125955104828
v 0.007397244218736887 -0.014111420139670372 0.011688010767102242
v 0.0074048652313649654 0.014273995533585548 -0.0089169535785913467
v 0.0074270600453019142 -0.0067249294370412827 0.0052215936593711376
v 0.0074274796061217785 -0.0150007214397192 0.0052208746783435345
v 0.0074315909296274185 0.015100250020623207 0.0088334111496806145
v 0.0074701742269098759 0.015117505565285683 0.0087108127772808075
v 0.0074718156829476357 -0.0067249294370412827 0.0076390267349779606
v 0.0074718156829476357 -0.0014999416889622808 0.0076390267349779606
v 0.0074718156829476357 0.0015005710301920772 0.0076390267349779606
v 0.0074718156829476357 0.015303069725632668 0.0076390267349779606
v 0.0074765970930457115 -0.015563448891043663 0.0046564587391912937
v 0.0074768019840121269 -0.013146316632628441 -0.011451713740825653
v 0.007480044849216938 -0.0067249294370412827 0.0086742658168077469
v 0.007480044849216938 -0.0014999416889622808 0.0086742658168077469
v 0.007480044849216938 0.0015005710301920772 0.0086742658168077469
v 0.0074828253127634525 -0.0067249294370412827 -0.0088442191481590271
v 0.0074828253127634525 -0.0014999565901234746 -0.0088442191481590271
v 0.0074828253127634525 0.001500585931353271 -0.0088442191481590271
v 0.0074829915538430214 0.014275694265961647 -0.0088440645486116409
v 0.0075052529573440552 -0.0067249294370412827 -0.0060158860869705677
v 0.0075052529573440552 -0.0014999565901234746 -0.0060158860869705677
v 0.0075052529573440552 0.001500585931353271 -0.0060158860869705677
v 0.0075125349685549736 0.0149723831564188 -0.006023322232067585
v 0.0075406664982438087 0.015223899856209755 0.0080541586503386497
v 0.0075440369546413422 0.015199759975075722 0.0081917271018028259
v 0.0075669405050575733 -0.014962127432227135 0.0053140781819820404
v 0.0075808907859027386 -0.014072274789214134 0.011845526285469532
v 0.0075885020196437836 -0.01267201267182827 -0.010577039793133736
v 0.0076019298285245895 -0.012787630781531334 -0.010585621930658817
v 0.0076218354515731335 0.014922479167580605 -0.0061451289802789688
v 0.0076298322528600693 -0.012908926233649254 -0.010623603127896786
v 0.0076732891611754894 -0.01302199624478817 -0.010695579461753368
v 0.0076934820972383022 -0.0067249294370412827 -0.0043130065314471722
v 0.0076976562850177288 -0.014772078022360802 -0.0043139015324413776
v 0.0077079762704670429 -0.013648128136992455 0.010923166759312153
v 0.007729576900601387 -0.013110240921378136 -0.01079876534640789
v 0.0077395779080688953 0.014301547780632973 -0.0085347816348075867
v 0.0077656162902712822 -0.014944722875952721 -0.0043097739107906818
v 0.0077773998491466045 -0.015102213248610497 0.005426427349448204
v 0.0077916430309414864 -0.013874849304556847 0.010921587236225605
v 0.0077923056669533253 -0.013160591945052147 -0.010921823792159557
v 0.0078088017180562019 0.01431613601744175 -0.0084241926670074463
v 0.0078288791701197624 -0.013980081304907799 0.010981342755258083
v 0.0078533738851547241 -0.013169249519705772 -0.011048538610339165
v 0.0078540481626987457 -0.015108292922377586 -0.0042315935716032982
v 0.0078776152804493904 -0.015272071585059166 0.0053549697622656822
v 0.0078850975260138512 -0.014067044481635094 0.011061552911996841
v 0.0079005351290106773 0.014762187376618385 -0.0065911035053431988
v 0.0079480493441224098 -0.013090705499053001 -0.01126048993319273
v 0.0079565830528736115 -0.015216460451483727 -0.0040960283949971199
v 0.007962358184158802 -0.012655666097998619 -0.010369574651122093
v 0.0079627698287367821 -0.0067249294370412827 -0.010369201190769672
v 0.0079662194475531578 0.01470988430082798 -0.0067542479373514652
v 0.0080038188025355339 -0.0014999714912846684 -0.014132332056760788
v 0.0080056264996528625 -0.015379464253783226 0.0052282563410699368
v 0.0080075552687048912 -0.0067249294370412827 -0.0079517727717757225
v 0.0080075552687048912 -0.0014999565901234746 -0.0079517727717757225
v 0.0080075552687048912 0.001500585931353271 -0.0079517727717757225
v 0.0080075552687048912 0.014399299398064613 -0.0079517727717757225
v 0.0080156484618782997 0.014660606160759926 -0.0069161327555775642
v 0.0080157546326518059 -0.0067249294370412827 -0.0069165294989943504
v 0.0080157546326518059 -0.0014999565901234746 -0.0069165294989943504
v 0.0080157546326518059 0.001500585931353271 -0.0069165294989943504
v 0.0080323852598667145 -0.014152040705084801 0.011251962743699551
v 0.00804937444627285 -0.01525171659886837 -0.0039387769065797329
v 0.0080739846453070641 0.014562124386429787 -0.0072656814008951187
v 0.0080795912072062492 0.014514023438096046 -0.0074511915445327759
v 0.0081109907478094101 -0.0147975143045187 0.0057911192998290062
v 0.0081283999606966972 -0.015406643971800804 0.0050822598859667778
v 0.0081764562055468559 -0.014119556173682213 0.011422236450016499
v 0.0082128783687949181 -0.013734957203269005 0.010433757677674294
v 0.0082390150055289268 -0.012783145532011986 -0.010190576314926147
v 0.0082613807171583176 -0.012903830036520958 -0.010231023654341698
v 0.0082657849416136742 -0.014951175078749657 0.0059100375510752201
v 0.0082803787663578987 -0.013751452788710594 0.010351670905947685
v 0.0082815075293183327 -0.0067249294370412827 0.010352958925068378
v 0.008288688026368618 -0.013961037620902061 0.010421765968203545
v 0.0082989931106567383 -0.012235855683684349 -0.012422996573150158
v 0.0082996292039752007 0.012346232309937477 -0.012493504211306572
v 0.0083015672862529755 -0.014553895220160484 -0.0047139395028352737
v 0.0083058327436447144 -0.014755567535758018 -0.0046697664074599743
v 0.0083068637177348137 -0.013016453012824059 -0.010300147347152233
v 0.0083660334348678589 -0.012682041153311729 -0.010069119744002819
v 0.0083740213885903358 -0.013104772195219994 -0.010394545271992683
v 0.0083806375041604042 -0.015122910961508751 0.0058569656684994698
v 0.0083977598696947098 -0.014149731025099754 0.010541945695877075
v 0.0084119271486997604 -0.014921074733138084 -0.0046069975942373276
v 0.0084122112020850182 -0.011078452691435814 -0.013809226453304291
v 0.0084145897999405861 0.011218899860978127 -0.013925548642873764
v 0.0084556546062231064 -0.013155972585082054 -0.010503802448511124
v 0.0084634386003017426 -0.01467013917863369 0.0062424768693745136
v 0.0084642861038446426 -0.0067249294370412827 0.0062425211071968079
v 0.008516126312315464 -0.0097652878612279892 -0.015031032264232635
v 0.0085163544863462448 0.0053542647510766983 0.01912664994597435
v 0.0085194222629070282 0.0099024269729852676 -0.015166295692324638
v 0.0085272276774048805 0.0055192355066537857 0.019318534061312675
v 0.0085300859063863754 0.0056346599012613297 0.019377861171960831
v 0.0085308896377682686 0.0057572219520807266 0.019405148923397064
v 0.008533320389688015 -0.005304848775267601 0.018998781219124794
v 0.0085339900106191635 -0.015229260548949242 0.0057536880485713482
v 0.0085347471758723259 0.0053040031343698502 0.01890641450881958
v 0.0085411835461854935 -0.01316617988049984 -0.010613958351314068
v 0.0085421809926629066 -0.01502775214612484 -0.0044879307970404625
v 0.0085467929020524025 -0.0053544994443655014 0.019215278327465057
v 0.0085526043549180031 -0.014633079990744591 0.0063851587474346161
v 0.0085578244179487228 -0.00551641546189785 0.019406167790293694
v 0.0085585229098796844 -0.0059717502444982529 0.019469089806079865
v 0.008559015579521656 0.0059799943119287491 0.019373457878828049
v 0.0085608065128326416 -0.0056298729032278061 0.019466055557131767
v 0.0085617741569876671 -0.0057507511228322983 0.019494721665978432
v 0.0085692983120679855 -0.014239108189940453 0.010697382502257824
v 0.0085767749696969986 -0.014182260259985924 0.011028751730918884
v 0.0086041241884231567 -0.013085043057799339 -0.010858828201889992
v 0.0086092259734869003 -0.0083250608295202255 -0.016081355512142181
v 0.0086122248321771622 0.008436957374215126 -0.016200918704271317
v 0.0086230840533971786 -0.013860708102583885 0.009836132638156414
v 0.0086518451571464539 -0.014802878722548485 0.0064800665713846684
v 0.0086644003167748451 -0.015058105811476707 -0.0043459190055727959
v 0.0086684394627809525 0.0015006008325144649 -0.013941563665866852
v 0.0086765028536319733 -0.014080336317420006 0.009835866279900074
v 0.008684428408741951 -0.015252506360411644 0.0056310403160750866
v 0.0086878035217523575 -0.013091316446661949 -0.01079370453953743
v 0.0086898021399974823 -0.0067830886691808701 -0.016955306753516197
v 0.0086917579174041748 0.0068638566881418228 -0.017036924138665199
v 0.0087173907086253166 0.0052976403385400772 -0.013926897197961807
v 0.0087678590789437294 -0.012765338644385338 -0.0096603846177458763
v 0.0087705077603459358 -0.014557858929038048 -0.0051223756745457649
v 0.0087762614712119102 -0.012879958376288414 -0.0096710370853543282
v 0.0087777338922023773 -0.014976387843489647 0.0064483475871384144
v 0.0087970327585935593 -0.014265676960349083 0.0099332910031080246
v 0.0087977619841694832 -0.012996619567275047 -0.0097143948078155518
v 0.0088172461837530136 -0.0067249294370412827 -0.0052378438413143158
v 0.0088182007893919945 -0.014319648966193199 -0.0052395379170775414
v 0.0088469758629798889 -0.013105859979987144 -0.009778968058526516
v 0.0088611496612429619 -0.014471059665083885 0.0070555186830461025
v 0.0088916746899485588 -0.014725362882018089 -0.0050787930376827717
v 0.0089029353111982346 -0.014007991179823875 0.0091600092127919197
v 0.0089225126430392265 -0.014656027778983116 0.007113404106348753
v 0.0089230295270681381 -0.013192912563681602 -0.0098607605323195457
v 0.0089319497346878052 -0.0067249294370412827 0.009051002562046051
v 0.0089328493922948837 -0.014031520113348961 0.0090511245653033257
v 0.0089412359520792961 -0.014216622337698936 0.0091844694688916206
v 0.0089520867913961411 -0.015081560239195824 0.0063741728663444519
v 0.00898723304271698 -0.014359032735228539 0.010049532167613506
v 0.0089966095983982086 -0.0067249294370412827 0.0075970585457980633
v 0.0089970426633954048 -0.014348452910780907 0.0075969467870891094
v 0.0090000247582793236 -0.0067249294370412827 -0.0093482816591858864
v 0.0090019609779119492 -0.012849768623709679 -0.0093447435647249222
v 0.00901834387332201 -0.013245975598692894 -0.0099509535357356071
v 0.0090192453935742378 -0.014313241466879845 0.0077552115544676781
v 0.0090326908975839615 -0.014161532744765282 0.0084485141560435295
v 0.0090472390875220299 -0.014830222353339195 -0.0049813603982329369
v 0.0090556675568223 -0.014831354841589928 0.0071053947322070599
v 0.0090649062767624855 -0.014509102329611778 0.0077875074930489063
v 0.0090706273913383484 -0.01439877413213253 0.0092565705999732018
v 0.0090730385854840279 -0.014360269531607628 0.0084913382306694984
v 0.0091210044920444489 -0.013260951265692711 -0.010038841515779495
v 0.009125828742980957 -0.015100842341780663 0.0062811202369630337
v 0.0091442549601197243 -0.014351224526762962 -0.0056476551108062267
v 0.0091550014913082123 -0.014336979016661644 0.010195358656346798
v 0.009187653660774231 -0.013053139671683311 -0.0090548982843756676
v 0.0091882655397057533 -0.012945732101798058 -0.0090262917801737785
v 0.0091913873329758644 -0.014088844880461693 -0.0058162761852145195
v 0.0091964220628142357 -0.014855062589049339 -0.00485947635024786
v 0.0092013338580727577 -0.014686292037367821 0.0078053157776594162
v 0.0092086512595415115 -0.014539649710059166 0.0085361720994114876
v 0.0092122908681631088 -0.013165002688765526 -0.0090978704392910004
v 0.0092457477003335953 -0.014935111626982689 0.0070647336542606354
v 0.0092546222731471062 0.0059885773807764053 0.019330486655235291
v 0.0092664407566189766 -0.013270130380988121 -0.0091544324532151222
v 0.0092670032754540443 0.0063164625316858292 0.019199563190340996
v 0.0092714354395866394 -0.014495691284537315 0.0093321101740002632
v 0.0092747705057263374 -0.0065895672887563705 0.019188404083251953
v 0.0092777013778686523 -0.01452084444463253 -0.0056260889396071434
v 0.0093362359330058098 0.0078505370765924454 0.018471136689186096
v 0.0093447891995310783 -0.0081058349460363388 0.018456665799021721
v 0.0093482797965407372 -0.013061782345175743 -0.0086692776530981064
v 0.0093490052968263626 -0.013355543836951256 -0.0092205042019486427
v 0.0093571506440639496 -0.013947015628218651 -0.0061902827583253384
v 0.0094010727480053902 -0.014788379892706871 0.0078010447323322296
v 0.009411640465259552 -0.014639502391219139 0.0085715083405375481
v 0.0094161471351981163 -0.014137035235762596 -0.0062303203158080578
v 0.0094179995357990265 0.0092959199100732803 0.017576875165104866
v 0.0094275567680597305 -0.0095214303582906723 0.017540536820888519
v 0.0094372350722551346 -0.01495002768933773 0.0070058968849480152
v 0.0094413766637444496 -0.013241386041045189 -0.0099968742579221725
v 0.0094524044543504715 -0.013410648331046104 -0.0092892823740839958
v 0.0094551509246230125 -0.014623468741774559 -0.0055550718680024147
v 0.0094559881836175919 -0.013173675164580345 -0.008340747095644474
v 0.0094676893204450607 -0.0067249294370412827 -0.0065397964790463448
v 0.0094677768647670746 -0.013817479833960533 -0.0065402649343013763
v 0.0094765182584524155 -0.01449195109307766 0.0093891071155667305
v 0.009488922543823719 -0.013383453711867332 -0.0084126470610499382
v 0.0095103653147816658 0.010623374953866005 0.016512263566255569
v 0.0095212450250983238 -0.010798996314406395 0.016432728618383408
v 0.0095323193818330765 -0.0067249294370412827 -0.0079937363043427467
v 0.0095327207818627357 -0.013295596465468407 -0.0079917255789041519
v 0.009540279395878315 -0.013687958940863609 -0.0068946033716201782
v 0.0095474869012832642 -0.013484334573149681 -0.0084589459002017975
v 0.0095585035160183907 -0.014309069141745567 -0.0062332293018698692
v 0.0095646670088171959 -0.01343127153813839 -0.0093533992767333984
v 0.009570547379553318 0.0015005561290308833 0.015862494707107544
v 0.0095741087570786476 -0.013426920399069786 -0.007620680145919323
v 0.0095798103138804436 -0.013494318351149559 -0.0074317334219813347
v 0.0095839863643050194 -0.014587482437491417 0.0088848788291215897
v 0.0095928767696022987 -0.013883313164114952 -0.0069485059939324856
v 0.0096033960580825806 -0.014798423275351524 0.0077787204645574093
v 0.0096113439649343491 0.011797929182648659 0.015275921672582626
v 0.0096171135082840919 -0.013628413900732994 -0.0076866871677339077
v 0.0096233896911144257 -0.011901414021849632 0.015146359801292419
v 0.0096272937953472137 -0.014642005786299706 -0.0054582920856773853
v 0.0096337869763374329 -0.013568004593253136 -0.0085077034309506416
v 0.0096786525100469589 -0.013725614175200462 -0.0077207721769809723
v 0.0096964966505765915 -0.0053051915019750595 -0.016446782276034355
v 0.0096980025991797447 0.0053043607622385025 -0.01653483510017395
v 0.0097188986837863922 0.012784073129296303 0.01388117391616106
v 0.0097315888851881027 -0.012809788808226585 0.013715357519686222
v 0.0097409887239336967 -0.014058699831366539 -0.0069817076437175274
v 0.0097540635615587234 -0.014408877119421959 -0.006192557979375124
v 0.0097658503800630569 -0.013807779178023338 -0.0077515188604593277
v 0.0097706718370318413 -0.013385852798819542 -0.0094486381858587265
v 0.0097780702635645866 -0.0053579416126012802 -0.016653556376695633
v 0.0097784437239170074 0.0053557101637125015 -0.016738995909690857
v 0.0098169129341840744 -0.0054296758025884628 -0.016752852126955986
v 0.0098311975598335266 0.013562927022576332 0.012359980493783951
v 0.0098439687862992287 -0.013530721887946129 0.012178797274827957
v 0.0098481625318527222 0.0055226478725671768 -0.016918307170271873
v 0.0098484735935926437 -0.0055300351232290268 -0.016834305599331856
v 0.0098564401268959045 -0.013651555404067039 -0.0085938358679413795
v 0.009861161932349205 -0.0060012098401784897 -0.016874974593520164
v 0.0098646078258752823 0.0059857163578271866 -0.016968648880720139
v 0.0098690055310726166 -0.0056498851627111435 -0.016888320446014404
v 0.0098690660670399666 0.0056392047554254532 -0.016973325982689857
v 0.0098770326003432274 -0.0057761427015066147 -0.016910847276449203
v 0.0098779499530792236 0.0057626906782388687 -0.01699812151491642
v 0.0098807495087385178 -0.0053072031587362289 -0.013572297990322113
v 0.0099450536072254181 -0.014419903978705406 -0.006124572828412056
v 0.009946935810148716 0.014144385233521461 0.010750679299235344
v 0.0099522043019533157 -0.014154275879263878 -0.0069801458157598972
v 0.0099592534825205803 -0.014083525165915489 0.010571994818747044
v 0.0099866297096014023 -0.013898124918341637 -0.0077921985648572445
v 0.010010279715061188 -0.013558274134993553 -0.008858976885676384
v 0.01006530225276947 0.014556298032402992 0.0090855676680803299
v 0.01007254421710968 -0.013623451814055443 -0.0086447177454829216
v 0.010076647624373436 -0.014492010697722435 0.0089190248399972916
v 0.01015910878777504 -0.014154603704810143 -0.0069491006433963776
v 0.010185332037508488 0.014830553904175758 0.0073854266665875912
v 0.010195796377956867 -0.014779364690184593 0.0072309081442654133
v 0.010206627659499645 -0.013985907658934593 -0.0074814967811107635
v 0.010306546464562416 0.014995673671364784 0.0056619457900524139
v 0.010316099971532822 -0.014963617548346519 0.0055193440057337284
v 0.010551607236266136 0.015077689662575722 0.002169476356357336
v 0.010560049675405025 -0.015082275494933128 0.0020488027948886156
v 0.010816062800586224 -0.0014999565901234746 -0.013269850052893162
v 0.010816959664225578 0.01487463153898716 -0.0013397416332736611
v 0.010824370197951794 -0.014909898862242699 -0.0014358499320223927
v 0.010952847078442574 0.014655867591500282 -0.003094028914347291
v 0.010959239676594734 -0.014702415093779564 -0.00317615014500916
v 0.01109012495726347 0.014346564188599586 -0.0048352344892919064
v 0.011095613241195679 -0.014394557103514671 -0.0049041886813938618
v 0.011125776916742325 -0.0014999118866398931 0.015986202284693718
v 0.011125776916742325 0.0015005412278696895 0.015986202284693718
v 0.011125802062451839 -0.0053230579942464828 0.015986179932951927
v 0.011125802062451839 0.005322704091668129 0.015986179932951927
v 0.011187359690666199 0.0015005263267084956 0.013191308826208115
v 0.011190046556293964 0.0053225252777338028 0.013191300444304943
v 0.01119108684360981 -0.0053228642791509628 0.013035236857831478
v 0.011191736906766891 -0.0053229536861181259 0.013382847420871258
v 0.011193717829883099 -0.0014999118866398931 0.013466179370880127
v 0.01119629293680191 0.0015005263267084956 0.013529402203857899
v 0.011202244088053703 0.0053227189928293228 0.013605954125523567
v 0.011204020120203495 0.0053224209696054459 0.012279541231691837
v 0.011209504678845406 0.0015005263267084956 0.012072226963937283
v 0.01121695339679718 -0.0014999118866398931 0.01183600164949894
v 0.011227765120565891 0.013929868116974831 -0.0065547763369977474
v 0.011232415214180946 -0.013963034376502037 -0.0066065159626305103
v 0.011245665140450001 0.005322406068444252 0.010936176404356956
v 0.011248653754591942 0.0015005412278696895 0.010827871970832348
v 0.011249055154621601 0.005322406068444252 0.010827869176864624
v 0.011261099949479103 -0.0053228046745061874 0.010539152659475803
v 0.011277520097792149 -0.0014999118866398931 0.014247099868953228
v 0.011277977377176285 -0.0053237732499837875 0.014247746206820011
v 0.011297734454274178 0.0015005412278696895 0.014341468922793865
v 0.011309337802231312 -0.0014999118866398931 0.0088990870863199234
v 0.01132084708660841 0.0053237918764352798 0.014436814934015274
v 0.011344887316226959 0.0015005412278696895 0.0077686547301709652
v 0.011344976723194122 0.005322406068444252 0.0077686449512839317
v 0.011350383050739765 -0.0053243692964315414 0.014544322155416012
v 0.011350497603416443 -0.0014999118866398931 0.0145442895591259
v 0.01135837659239769 0.0015005412278696895 0.014570326544344425
v 0.011358992196619511 0.0053241197019815445 0.014570094645023346
v 0.011364470236003399 0.013383740559220314 -0.0082368785515427589
v 0.011368075385689735 -0.013381978496909142 -0.00826309435069561
v 0.011416470631957054 0.0015005561290308833 0.0054928762838244438
v 0.011416497640311718 0.005322406068444252 0.00549286138266325
v 0.011435330845415592 -0.0053250398486852646 0.014778557233512402
v 0.011452848091721535 -0.0014999267878010869 0.0043363585136830807
v 0.011452848091721535 0.0015005561290308833 0.0043363585136830807
v 0.011452874168753624 -0.0053227748721837997 0.0043363431468605995
v 0.011452874168753624 0.005322406068444252 0.0043363431468605995
v 0.011469963937997818 0.0053250137716531754 0.014853502623736858
v 0.011470217257738113 -0.0014999118866398931 0.014854306355118752
v 0.011490136384963989 0.0015005412278696895 0.014894144609570503
v 0.011498689651489258 0.012680793181061745 -0.0098578436300158501
v 0.011500812135636806 -0.012628978118300438 -0.0098465876653790474
v 0.011626813560724258 -0.0053227748721837997 -0.0011934838257730007
v 0.011628242209553719 0.011795723810791969 -0.011382617056369781
v 0.011628499254584312 -0.011695047840476036 -0.011323526501655579
v 0.011710393242537975 0.0015005412278696895 -0.0038515448104590178
v 0.011716509237885475 -0.0053272005170583725 0.015242112800478935
v 0.011748864315450191 -0.010591244325041771 -0.012665675953030586
v 0.011750298552215099 0.010718623176217079 -0.012766292318701744
v 0.011779705062508583 -0.0014999118866398931 0.015314232558012009
v 0.011779705062508583 0.0015005412278696895 0.015314232558012009
v 0.011779730208218098 0.0053274426609277725 0.015314210206270218
v 0.011779732070863247 -0.0053276773542165756 0.015314217656850815
v 0.011789415031671524 -0.0014999416889622808 -0.012939190492033958
v 0.011789415031671524 0.0015005710301920772 -0.012939190492033958
v 0.011789442040026188 -0.0053212698549032211 -0.012939206324517727
v 0.011789442040026188 0.0053208563476800919 -0.012939206324517727
v 0.011834128759801388 -0.0053227748721837997 -0.0077817477285861969
v 0.011836093850433826 -0.0014999118866398931 -0.0078481202945113182
v 0.011859818361699581 -0.0093409027904272079 -0.01385430246591568
v 0.01186217088252306 0.0094651225954294205 -0.013972511515021324
v 0.011882003396749496 -0.0053227748721837997 -0.0092928260564804077
v 0.011897321790456772 0.005322406068444252 -0.0097926082089543343
v 0.011904073879122734 0.0015005412278696895 -0.010009543970227242
v 0.0119198989123106 0.0015005412278696895 -0.010399452410638332
v 0.011921308003365993 -0.0053228195756673813 -0.010386303067207336
v 0.011925810948014259 -0.0014999267878010869 -0.010497963987290859
v 0.011959671042859554 -0.0079693403095006943 -0.014881991781294346
v 0.011961838230490685 0.0080709252506494522 -0.014986776746809483
v 0.011969472281634808 0.0053226742893457413 -0.010933027602732182
v 0.011983610689640045 0.0015005561290308833 -0.011021801270544529
v 0.012008903548121452 -0.0053232815116643906 -0.011150085367262363
v 0.012027767486870289 -0.0014999267878010869 -0.011231387965381145
v 0.012043746188282967 0.0015005561290308833 -0.011290912516415119
v 0.012043904513120651 0.0053231511265039444 -0.0112908985465765
v 0.012044833973050117 -0.0053235050290822983 -0.011290556751191616
v 0.01204648707062006 -0.0064992066472768784 -0.015742544084787369
v 0.012047799304127693 0.0065727923065423965 -0.015814073383808136
v 0.012108640745282173 0.005323583260178566 -0.011480623856186867
v 0.012132304720580578 0.0015005561290308833 -0.0115352813154459
v 0.012169022113084793 -0.0053243394941091537 -0.011605015955865383
v 0.012186590582132339 -0.0014999416889622808 -0.011641008779406548
v 0.012334412895143032 0.0053251925855875015 -0.01184011809527874
v 0.012334481813013554 0.00602743960916996 0.019187835976481438
v 0.012371283955872059 0.0015005561290308833 -0.011876528151333332
v 0.012398829683661461 -0.0014999416889622808 -0.011901145800948143
v 0.012398829683661461 0.0015005561290308833 -0.011901145800948143
v 0.012398856692016125 -0.0053259488195180893 -0.011901160702109337
v 0.012398856692016125 0.0053256545215845108 -0.011901160702109337
v 0.012477433308959007 0.0060292873531579971 0.019183162599802017
v 0.012485616840422153 -0.0062800105661153793 0.019165679812431335
v 0.012550276704132557 0.0074792448431253433 0.018471153452992439
v 0.012560243718326092 -0.0077196415513753891 0.018446249887347221
v 0.012636919505894184 0.0088511202484369278 0.017598453909158707
v 0.012647904455661774 -0.0090632196515798569 0.017553519457578659
v 0.012734374031424522 0.010111222043633461 0.016566116362810135
v 0.012746515683829784 -0.010277485474944115 0.016482645645737648
v 0.012840320356190205 0.011228660121560097 0.015374139882624149
v 0.012853427790105343 -0.011329537257552147 0.015246402472257614
v 0.012952678836882114 0.012171918526291847 0.014035351574420929
v 0.012966218404471874 -0.012202581390738487 0.013875738717615604
v 0.013069468550384045 0.012923965230584145 0.012579054571688175
v 0.013083059340715408 -0.012902220711112022 0.012405869551002979
v 0.013189666904509068 0.013493562117218971 0.011039459146559238
v 0.013202769681811333 -0.013445233926177025 0.010868758894503117
v 0.01331247016787529 0.013904938474297523 0.0094457594677805901
v 0.01332456897944212 -0.01385224424302578 0.0092864148318767548
v 0.013436939567327499 0.014185735955834389 0.0078170383349061012
v 0.013448106124997139 -0.014143442735075951 0.0076689743436872959
v 0.013562600128352642 0.014360556378960609 0.0061644427478313446
v 0.013572854921221733 -0.014334088191390038 0.0060276221483945847
v 0.013816504739224911 0.014460528269410133 0.0028135704342275858
v 0.013825616799294949 -0.014464681968092918 0.0026976666413247585
v 0.013831599615514278 -0.0053434427827596664 0.018776439130306244
v 0.013834456913173199 0.0053436104208230972 0.018691034987568855
v 0.013835297897458076 -0.0060395803302526474 0.019236182793974876
v 0.013835707679390907 -0.005403151735663414 0.019013196229934692
v 0.013837230391800404 0.0060469303280115128 0.019147656857967377
v 0.013837827369570732 -0.0057983752340078354 0.019274188205599785
v 0.013837953098118305 -0.0055678989738225937 0.019193442538380623
v 0.013838206417858601 0.0054042581468820572 0.018929515033960342
v 0.013839803636074066 0.0058043841272592545 0.019189290702342987
v 0.013840138912200928 0.005571344867348671 0.019110197201371193
v 0.014364293776452541 0.0060693714767694473 0.019131205976009369
v 0.014384821057319641 -0.0058366265147924423 0.019260035827755928
v 0.014387289062142372 0.0058463010936975479 0.01917412132024765
v 0.01439791452139616 0.0057197753340005875 0.019151711836457253
v 0.014403095468878746 -0.0055899377912282944 0.019179174676537514
v 0.014406002126634121 0.0053686890751123428 0.018677446991205215
v 0.014406222850084305 0.005598926916718483 0.019094748422503471
v 0.014407816343009472 -0.0054889973253011703 0.019091902300715446
v 0.01440890971571207 -0.00541665218770504 0.018985243514180183
v 0.014411178417503834 0.0054971668869256973 0.019007543101906776
v 0.014412442222237587 0.0054239574819803238 0.018900603055953979
v 0.014594471082091331 -0.006094982847571373 0.019202252849936485
v 0.014673389494419098 -0.0053950008004903793 0.018749097362160683
v 0.014675397425889969 -0.0058808531612157822 0.019239300861954689
v 0.014679377898573875 0.0058866683393716812 0.019154716283082962
v 0.014700105413794518 -0.0057559814304113388 0.019216159358620644
v 0.014704805798828602 0.0057602319866418839 0.019132835790514946
v 0.01471999753266573 -0.0056366976350545883 0.019159154966473579
v 0.014725226908922195 0.0056391302496194839 0.019076405093073845
v 0.014732670970261097 -0.0055359955877065659 0.019072575494647026
v 0.01473440695554018 -0.0054209139198064804 0.018853938207030296
v 0.01473724190145731 -0.0054630991071462631 0.018966639414429665
v 0.014738194644451141 0.0055367741733789444 0.01898965984582901
v 0.014739631675183773 0.0054199937731027603 0.018769605085253716
v 0.014742717146873474 0.0054627303034067154 0.018883101642131805
v 0.01474729273468256 0.0061448458582162857 0.019093254581093788
v 0.014755834825336933 0.0054110977798700333 0.018658434972167015
v 0.014868170022964478 -0.006194746121764183 0.019154917448759079
v 0.014871988445520401 -0.0053434427827596664 -0.01428608875721693
v 0.014874965883791447 0.0053436104208230972 -0.014375417493283749
v 0.01492634043097496 -0.0054706241935491562 0.018727371469140053
v 0.014962555840611458 -0.0053985770791769028 -0.014494109898805618
v 0.014970272779464722 0.0054051373153924942 -0.014594480395317078
v 0.014975249767303467 -0.0060029532760381699 0.019186241552233696
v 0.014978396706283092 0.0060072187334299088 0.019100658595561981
v 0.015005609951913357 -0.0054739471524953842 -0.014593825675547123
v 0.015014518052339554 -0.0062943752855062485 0.019107615575194359
v 0.015026436187326908 -0.0058924015611410141 0.019161013886332512
v 0.015029898844659328 0.0058950129896402359 0.019076570868492126
v 0.015040108934044838 -0.0055794026702642441 -0.014674495905637741
v 0.015041506849229336 0.0055734012275934219 -0.014760253019630909
v 0.015046851709485054 -0.0060633476823568344 -0.01469819713383913
v 0.015052301809191704 0.0060503128916025162 -0.014793233945965767
v 0.015061691403388977 -0.0057047363370656967 -0.0147259421646595
v 0.015068585053086281 -0.0057845022529363632 0.019104549661278725
v 0.015068697743117809 -0.0058354791253805161 -0.014744216576218605
v 0.015071234665811062 0.0058074537664651871 -0.014832344837486744
v 0.015072221867740154 0.0057852212339639664 0.019020624458789825
v 0.01508012879639864 0.0063625518232584 0.01898670569062233
v 0.015093976631760597 -0.0055485721677541733 0.018707193434238434
v 0.015095877461135387 0.0055454615503549576 0.018621349707245827
v 0.015097074210643768 -0.0056902375072240829 0.019020933657884598
v 0.015100616030395031 0.0056892279535531998 0.018936887383460999
v 0.015107716433703899 -0.0055712070316076279 0.018811583518981934
v 0.015109782107174397 -0.0056179817765951157 0.018919488415122032
v 0.015110271982848644 0.0055682752281427383 0.018726319074630737
v 0.015112927183508873 0.0056157205253839493 0.018834903836250305
v 0.015202293172478676 0.0056100282818078995 0.018604755401611328
v 0.015215427614748478 0.0065635088831186295 0.01888478547334671
v 0.015232531353831291 -0.006205311045050621 0.019096523523330688
v 0.015236459672451019 0.0062154177576303482 0.019005822017788887
v 0.015252803452312946 -0.0060665067285299301 -0.014607185497879982
v 0.015258432365953922 -0.0066522117704153061 0.018930733203887939
v 0.015309297479689121 -0.00611836276948452 0.019067524001002312
v 0.015313981100916862 0.0061292294412851334 0.018977317959070206
v 0.015332478098571301 0.0057048443704843521 0.018579516559839249
v 0.015334709547460079 -0.0057050194591283798 0.018665654584765434
v 0.015366744250059128 0.0069574061781167984 0.01867348700761795
v 0.015373972244560719 -0.0060298498719930649 0.019011564552783966
v 0.015379360876977444 0.0060409698635339737 0.018921783193945885
v 0.015384124591946602 -0.007022147998213768 0.018733784556388855
v 0.015395858325064182 -0.0064578410238027573 0.018978552892804146
v 0.015397846698760986 0.0064627323299646378 0.018886424601078033
v 0.015401242300868034 0.0060595665127038956 -0.01463685929775238
v 0.015420167706906796 -0.0059477444738149643 0.018932493403553963
v 0.015426085330545902 0.00595858134329319 0.018843060359358788
v 0.015434046275913715 0.0072204563766717911 0.01852312870323658
v 0.015434282831847668 -0.0057934429496526718 0.018640639260411263
v 0.015435588546097279 0.0053659174591302872 -0.014138393104076385
v 0.015444702468812466 -0.0058789011090993881 0.018838152289390564
v 0.015448195859789848 -0.0058272536844015121 0.018738048151135445
v 0.015450889244675636 0.0058889929205179214 0.018749022856354713
v 0.015454424545168877 0.0058363024145364761 0.018649185076355934
v 0.015459786169230938 -0.0058198776096105576 0.018632899969816208
v 0.015503101050853729 0.0053711775690317154 -0.014110831543803215
v 0.015517306514084339 -0.0077142324298620224 0.018321894109249115
v 0.015524526126682758 -0.0054236706346273422 -0.014249302446842194
v 0.01552694384008646 0.0054259840399026871 -0.014338534325361252
v 0.015549612231552601 0.0079484675079584122 0.018066421151161194
v 0.015558174811303616 -0.0063236560672521591 0.018890475854277611
v 0.01556108333170414 0.0063264761120080948 0.018799329176545143
v 0.015565402805805206 -0.0055005159229040146 -0.01434694416821003
v 0.015566689893603325 0.0055007878690958023 -0.014434780925512314
v 0.015569794923067093 -0.0069651063531637192 0.018718438223004341
v 0.015571922063827515 0.0069651994854211807 0.018622344359755516
v 0.015572920441627502 -0.006085297092795372 -0.014457204379141331
v 0.015573125332593918 0.006071949377655983 -0.014555556699633598
v 0.015595360659062862 -0.0056062545627355576 -0.014426478184759617
v 0.01559564471244812 0.0056032482534646988 -0.014513918198645115
v 0.015609534457325935 0.0058499816805124283 -0.014589052647352219
v 0.015609930269420147 -0.0058602001518011093 -0.014497923664748669
v 0.015610459260642529 -0.005730828270316124 -0.014478114433586597
v 0.015614339150488377 -0.0062547829002141953 0.01881558820605278
v 0.015617324039340019 0.0062562469393014908 0.018724607303738594
v 0.015641788020730019 0.006074974313378334 0.018461128696799278
v 0.015648065134882927 -0.0061918701976537704 0.018727874383330345
v 0.015650782734155655 0.0061919931322336197 0.018636936321854591
v 0.015651213005185127 -0.0088366474956274033 0.017511110752820969
v 0.01565190777182579 0.008832911029458046 0.017418667674064636
v 0.015652600675821304 0.0060955975204706192 0.018453601747751236
v 0.01565932109951973 -0.0061388369649648666 0.018635163083672523
v 0.015661509707570076 0.0061377827078104019 0.018544208258390427
v 0.015661761164665222 -0.0053925719112157822 -0.013952094130218029
v 0.015702119097113609 -0.0062055494636297226 0.018506444990634918
v 0.015702545642852783 0.0062016788870096207 0.018413480371236801
v 0.015731295570731163 -0.0079139973968267441 0.018142795190215111
v 0.015732049942016602 0.0079103056341409683 0.018043525516986847
v 0.015738150104880333 -0.006871512159705162 0.018628498539328575
v 0.015739044174551964 0.009603375568985939 0.016752874478697777
v 0.015739507973194122 -0.0096107777208089828 0.016828253865242004
v 0.015740929171442986 0.006869802251458168 0.01853308267891407
v 0.015744779258966446 0.009652772918343544 0.016706068068742752
v 0.015789980068802834 0.0054138246923685074 -0.013992835767567158
v 0.015799911692738533 -0.0068167950958013535 0.018558533862233162
v 0.015802767127752304 0.0068139676004648209 0.018463283777236938
v 0.015804802998900414 0.0054282192140817642 -0.014100609347224236
v 0.015814999118447304 -0.0054361876100301743 -0.014004000462591648
v 0.015822958201169968 -0.010304933413863182 0.016081463545560837
v 0.015830816701054573 -0.0087981875985860825 0.017487352713942528
v 0.015838908031582832 -0.0065826382488012314 0.01834985613822937
v 0.015841159969568253 -0.0067617651075124741 0.018478231504559517
v 0.015843883156776428 0.0067578200250864029 0.018383065238595009
v 0.01584814116358757 0.0054766181856393814 -0.014198399148881435
v 0.015848873183131218 0.010518426075577736 0.015789903700351715
v 0.015859164297580719 -0.0054860766977071762 -0.014102160930633545
v 0.015862045809626579 -0.0066640432924032211 0.018310744315385818
v 0.01586398109793663 0.006658235564827919 0.018215741962194443
v 0.0158819779753685 0.0055534783750772476 -0.014290971681475639
v 0.015887705609202385 -0.010816028341650963 0.01542897243052721
v 0.015890095382928848 0.005895489826798439 -0.014447047375142574
v 0.015893297269940376 -0.0055649187415838242 -0.014195000752806664
v 0.015895769000053406 0.0087698046118021011 0.01737188920378685
v 0.015896504744887352 -0.0078352298587560654 0.018055565655231476
v 0.015897471457719803 -0.0059122946113348007 -0.014348452910780907
v 0.015897803008556366 0.0078309569507837296 0.017956361174583435
v 0.015901511535048485 0.0056553725153207779 -0.01436817180365324
v 0.015901708975434303 -0.010923391208052635 0.015278754755854607
v 0.015904020518064499 0.0057733748108148575 -0.014421503990888596
v 0.015912298113107681 -0.00566900335252285 -0.014272004365921021
v 0.01591343991458416 -0.0057889577001333237 -0.014324463903903961
v 0.015917550772428513 -0.0095691736787557602 0.016806574538350105
v 0.015917805954813957 0.0095624569803476334 0.016730548813939095
v 0.015941664576530457 0.0069901440292596817 0.018045337870717049
v 0.015950413420796394 -0.0070702787488698959 0.018096890300512314
v 0.015950940549373627 -0.0054667200893163681 -0.0138321528211236
v 0.015975819900631905 -0.01147044263780117 0.01442816574126482
v 0.01598135381937027 0.0072281453758478165 0.017909625545144081
v 0.015993040055036545 -0.0087143387645483017 0.017405655235052109
v 0.015993587672710419 0.011620083823800087 0.014263937249779701
v 0.015993857756257057 -0.0061789210885763168 -0.014220807701349258
v 0.015995126217603683 0.0087121222168207169 0.01731276698410511
v 0.015999570488929749 -0.01026015542447567 0.016061656177043915
v 0.016001325100660324 0.010273749008774757 0.01599910669028759
v 0.016002211719751358 -0.0077301915735006332 0.017918074503540993
v 0.016003591939806938 0.0077250096946954727 0.01781860925257206
v 0.016027335077524185 0.011857191100716591 0.013854306191205978
v 0.01603175513446331 -0.0076248254626989365 0.01776602678000927
v 0.016032662242650986 0.0076188389211893082 0.017666297033429146
v 0.016059083864092827 0.0061956737190485001 -0.014278016053140163
v 0.01606457494199276 -0.0062129106372594833 -0.014170355163514614
v 0.016070166602730751 0.0086418036371469498 0.017234571278095245
v 0.016076978296041489 -0.010875662788748741 0.015260795131325722
v 0.016077291220426559 -0.0094774272292852402 0.016731994226574898
v 0.016078585758805275 0.0094726923853158951 0.016653802245855331
v 0.016081579029560089 0.0109210554510355 0.01520865224301815
v 0.016095412895083427 0.0055310074239969254 -0.013858945108950138
v 0.016096858307719231 -0.0085997786372900009 0.017278667539358139
v 0.01609957218170166 0.0085987094789743423 0.017184467986226082
v 0.016101883724331856 0.012349704280495644 0.012863039970397949
v 0.016110619530081749 -0.012367462739348412 0.012615473940968513
v 0.01611628383398056 -0.0055398996919393539 -0.013756837695837021
v 0.016122147440910339 0.01247563399374485 0.012571278959512711
v 0.016126221045851707 -0.0084823574870824814 0.017138488590717316
v 0.016129232943058014 0.0084825251251459122 0.017042793333530426
v 0.016140291467308998 0.0055633727461099625 -0.013945579528808594
v 0.016149884089827538 -0.011420121416449547 0.014412116259336472
v 0.01615498773753643 0.0060062650591135025 -0.014280067756772041
v 0.016157034784555435 -0.010161539539694786 0.015994276851415634
v 0.016157476231455803 0.011496776714920998 0.01436676736921072
v 0.01615973562002182 0.010177338495850563 0.015928998589515686
v 0.016161888837814331 -0.0055742766708135605 -0.013843074440956116
v 0.016167625784873962 -0.0060250815004110336 -0.014174518175423145
v 0.01617620512843132 0.0056181047111749649 -0.014035336673259735
v 0.016176974400877953 0.012797484174370766 0.011729676276445389
v 0.016178630292415619 -0.0093513783067464828 0.01661594957113266
v 0.016180871054530144 0.0093496982008218765 0.01653447188436985
v 0.016186986118555069 0.0058978889137506485 -0.014248764142394066
v 0.016197869554162025 -0.005631154403090477 -0.013932474888861179
v 0.016198057681322098 0.0056952927261590958 -0.014121032319962978
v 0.0162020493298769 0.0057910773903131485 -0.014194505289196968
v 0.01620306633412838 -0.0059162285178899765 -0.014144184999167919
v 0.016206273809075356 -0.0092213954776525497 0.016487447544932365
v 0.016218846663832664 -0.0057104881852865219 -0.014017766341567039
v 0.016220919787883759 -0.0058081503957509995 -0.014090685173869133
v 0.01622101292014122 0.0056098047643899918 -0.013798990286886692
v 0.016228234395384789 -0.013030296191573143 0.010707628913223743
v 0.016232391819357872 -0.010771175846457481 0.015200653113424778
v 0.016237590461969376 0.010818371549248695 0.015145978890359402
v 0.016240375116467476 0.013132119551301003 0.010651445016264915
v 0.01625615730881691 -0.010025909170508385 0.015889564529061317
v 0.016259727999567986 0.010044926777482033 0.015820499509572983
v 0.016282273456454277 -0.0098856445401906967 0.015773428604006767
v 0.016282660886645317 -0.012313282117247581 0.012603623792529106
v 0.016283472999930382 0.013333851471543312 0.0098453741520643234
v 0.016284845769405365 -0.0056525822728872299 -0.013669430278241634
v 0.016286367550492287 0.0099082384258508682 0.015700554475188255
v 0.016293769702315331 0.012421214953064919 0.012559699825942516
v 0.016303485259413719 -0.011310731992125511 0.014359169639647007
v 0.01630747877061367 0.013436073437333107 0.0093684019520878792
v 0.016311218962073326 0.011388475075364113 0.014311987906694412
v 0.016313405707478523 0.01013968326151371 0.015434191562235355
v 0.016329577192664146 -0.010627603158354759 0.015107384882867336
v 0.016329895704984665 -0.013492202386260033 0.0087596382945775986
v 0.016330167651176453 -0.0064682718366384506 -0.013903542421758175
v 0.016335301101207733 0.010677272453904152 0.01504935696721077
v 0.016354300081729889 -0.010478904470801353 0.015003885142505169
v 0.016374142840504646 0.0061967615038156509 -0.014091751538217068
v 0.016378419473767281 -0.0062162335962057114 -0.013981327414512634
v 0.01638353243470192 -0.0065598394721746445 -0.013824483379721642
v 0.016386371105909348 0.0057428870350122452 -0.013711991719901562
v 0.0163868498057127 0.0065360162407159805 -0.013946023769676685
v 0.016398735344409943 -0.012973656877875328 0.010700494982302189
v 0.016398893669247627 -0.011160632595419884 0.014277259819209576
v 0.016406826674938202 0.011239880695939064 0.014227557927370071
v 0.016408147290349007 0.0065788272768259048 -0.013912051916122437
v 0.016410153359174728 0.013074854388833046 0.010645052418112755
v 0.016417937353253365 -0.013782357797026634 0.0067896721884608269
v 0.016422441229224205 -0.011005019769072533 0.014186283573508263
v 0.016426937654614449 0.013821849599480629 0.0066665410995483398
v 0.01642848365008831 -0.013808777555823326 0.0065340069122612476
v 0.016430580988526344 0.011085817590355873 0.014133965596556664
v 0.016433244571089745 -0.01219666562974453 0.012564598582684994
v 0.016443820670247078 0.012304658070206642 0.012520534917712212
v 0.016448317095637321 0.0058130268007516861 -0.013773124665021896
v 0.016449775546789169 0.013870636001229286 0.0060865869745612144
v 0.016453610733151436 -0.0058220382779836655 -0.013665621168911457
v 0.016457097604870796 0.0060254428535699844 -0.013998938724398613
v 0.016463622450828552 -0.0060414280742406845 -0.013890447095036507
v 0.016464985907077789 -0.0058278497308492661 -0.013557364232838154
v 0.016468724235892296 0.0058714542537927628 -0.013853090815246105
v 0.016472332179546356 0.0059434864670038223 -0.013930299319326878
v 0.01647501066327095 -0.0058826114982366562 -0.013745351694524288
v 0.016478102654218674 0.011438319459557533 0.013526872731745243
v 0.016479095444083214 -0.0059570576995611191 -0.013822286389768124
v 0.016495164483785629 -0.013928910717368126 0.0048066480085253716
v 0.016499169170856476 -0.013433774933218956 0.008757234551012516
v 0.016508691012859344 0.013503426685929298 0.0086830761283636093
v 0.016524512320756912 -0.0064528491348028183 -0.013785060495138168
v 0.016525750979781151 -0.012037014588713646 0.012504177168011665
v 0.016526384279131889 0.0064281169325113297 -0.013904671184718609
v 0.016535978764295578 0.01214524544775486 0.012459529563784599
v 0.016545943915843964 0.013966599479317665 0.0034015851560980082
v 0.016547026112675667 -0.01285259984433651 0.010674092918634415
v 0.016547294333577156 -0.011871194466948509 0.01243682112544775
v 0.01654856838285923 -0.013961618766188622 0.0032889510039240122
v 0.01655745692551136 0.011979678645730019 0.012391264550387859
v 0.016557581722736359 0.012953454628586769 0.010619777254760265
v 0.016564294695854187 -0.013960039243102074 0.0028195008635520935
v 0.016568206250667572 0.013957986608147621 0.0027183382771909237
v 0.016572095453739166 -0.0072036292403936386 -0.01332126185297966
v 0.016586259007453918 -0.013722768053412437 0.0067906472831964493
v 0.0165871512144804 0.013939658179879189 0.002116471529006958
v 0.016590891405940056 0.0072559807449579239 -0.013413541950285435
v 0.016593316569924355 0.013758683577179909 0.0067007513716816902
v 0.01661708764731884 0.012342849746346474 0.011426671408116817
v 0.01662726141512394 -0.013894772157073021 0.00083578127669170499
v 0.016628948971629143 -0.0063182171434164047 -0.013690263032913208
v 0.01662992499768734 0.0062950495630502701 -0.013808192685246468
v 0.016632938757538795 0.0075689796358346939 -0.013181932270526886
v 0.01663738489151001 -0.012687033042311668 0.010632183402776718
v 0.016643017530441284 -0.0060759689658880234 -0.013411997817456722
v 0.0166457649320364 -0.01331009529531002 0.0087413657456636429
v 0.016646327450871468 0.0060598645359277725 -0.013527081348001957
v 0.016646677628159523 0.013802612200379372 7.7026234066579491e-05
v 0.016647337004542351 0.012787813320755959 0.010579155758023262
v 0.016654405742883682 0.013379538431763649 0.0086686024442315102
v 0.016655893996357918 0.0060769561678171158 -0.013517300598323345
v 0.016656339168548584 -0.0079483743757009506 -0.012731337919831276
v 0.016657451167702675 -0.012514820322394371 0.010584762319922447
v 0.016657844185829163 -0.0062488671392202377 -0.013626006431877613
v 0.016658894717693329 0.0062272343784570694 -0.013743221759796143
v 0.0166624765843153 -0.013868561014533043 0.0048094484955072403
v 0.016663230955600739 -0.0061250831931829453 -0.013482711277902126
v 0.016665555536746979 0.0061071459203958511 -0.013598563149571419
v 0.016667162999510765 0.012615540996193886 0.010532875545322895
v 0.016667755320668221 0.013885477557778358 0.0047142389230430126
v 0.016668993979692459 -0.006183406338095665 -0.013555371202528477
v 0.016670508310198784 0.0061635766178369522 -0.013671914115548134
v 0.016675941646099091 -0.0069396402686834335 -0.013415932655334473
v 0.016676276922225952 0.0069220904260873795 -0.013551950454711914
v 0.016681520268321037 0.013649428263306618 -0.001258849399164319
v 0.016682818531990051 -0.013715630397200584 -0.0011424188269302249
v 0.01669582910835743 0.013564923778176308 -0.0018516429699957371
v 0.01670408807694912 -0.0088434871286153793 -0.011936546303331852
v 0.0167128536850214 -0.0062086489051580429 -0.01333319116383791
v 0.016713382676243782 0.0088377837091684341 -0.012130643241107464
v 0.016726421192288399 0.013319725170731544 -0.0032470673322677612
v 0.016728894785046577 -0.0133966114372015 -0.0031115126330405474
v 0.016730273142457008 -0.013898855075240135 0.0028239679522812366
v 0.016731498762965202 -0.013597836717963219 0.0067830686457455158
v 0.016733812168240547 0.013896564021706581 0.0027249259874224663
v 0.016734596341848373 -0.013141369447112083 0.0087140630930662155
v 0.016737820580601692 0.013633737340569496 0.0066945427097380161
v 0.016740830615162849 0.012955287471413612 0.0090623032301664352
v 0.016742568463087082 0.013210991397500038 0.0086440350860357285
v 0.016743311658501625 0.0095837954431772232 -0.011380741372704506
v 0.016745030879974365 -0.0098799373954534531 -0.010832301340997219
v 0.016753662377595901 -0.012965833768248558 0.0086819222196936607
v 0.016755660995841026 -0.01020299457013607 -0.01043752022087574
v 0.016755891963839531 0.01293126679956913 -0.0048892535269260406
v 0.016756972298026085 0.0099899861961603165 -0.010909006930887699
v 0.016760502010583878 0.006331736221909523 -0.013370326720178127
v 0.016763191670179367 -0.012913933023810387 -0.0050563393160700798
v 0.016763705760240555 0.010219166055321693 -0.010619804263114929
v 0.016773806884884834 -0.010883575305342674 -0.0095026381313800812
v 0.016776440665125847 0.012421960011124611 -0.0064967120997607708
v 0.016779212281107903 0.010906824842095375 -0.0096334023401141167
v 0.016781380400061607 0.012196550145745277 -0.0070867105387151241
v 0.016781911253929138 -0.011346226558089256 -0.0087630013003945351
v 0.016782758757472038 -0.012242069467902184 -0.0069541148841381073
v 0.01678352989256382 0.006825396791100502 -0.013454797677695751
v 0.01678367517888546 0.012036556378006935 -0.0074718804098665714
v 0.016784461215138435 0.011328959837555885 -0.0089203137904405594
v 0.016785098239779472 -0.011730944737792015 -0.0080587193369865417
v 0.016785617917776108 0.011772686615586281 -0.0080559412017464638
v 0.016786295920610428 -0.0068399664014577866 -0.013320529833436012
v 0.016791265457868576 -0.013832321390509605 0.00084373180288821459
v 0.016792291775345802 0.01379610039293766 0.00073426077142357826
v 0.016792891547083855 -0.0078922417014837265 -0.012676498852670193
v 0.01679922454059124 0.0078810993582010269 -0.012844623997807503
v 0.016806371510028839 -0.013743272051215172 0.004808417521417141
v 0.016811124980449677 0.013760069385170937 0.0047149998135864735
v 0.01681915670633316 -0.013427874073386192 0.006767631508409977
v 0.016824888065457344 0.013464147225022316 0.006682222243398428
v 0.016831483691930771 -0.0065788235515356064 -0.013096459209918976
v 0.016835004091262817 0.0066219959408044815 -0.013194676488637924
v 0.016837501898407936 -0.013251086696982384 0.0067482050508260727
v 0.016838027164340019 0.0067190919071435928 -0.013327681459486485
v 0.01684110052883625 -0.0087867286056280136 -0.011884748004376888
v 0.016841478645801544 -0.0066283252090215683 -0.013063211925327778
v 0.016842838376760483 0.013585427775979042 -0.0012475209077820182
v 0.016843019053339958 0.013287806883454323 0.0066668284125626087
v 0.01684318482875824 -0.0067296084016561508 -0.013194943778216839
v 0.016844235360622406 -0.013651689514517784 -0.0011302902130410075
v 0.016872499138116837 -0.013773610815405846 0.0028288641478866339
v 0.016875648871064186 0.013771096244454384 0.0027317693457007408
v 0.016878392547369003 0.01336219348013401 0.0057331668213009834
v 0.016880422830581665 0.0095047745853662491 -0.011353185400366783
v 0.016884427517652512 0.013258883729577065 -0.0032108207233250141
v 0.01688709482550621 -0.013331418856978416 -0.0030957001727074385
v 0.016892323270440102 0.0087537560611963272 -0.012050657533109188
v 0.016892902553081512 -0.013573354110121727 0.0048033334314823151
v 0.016896145418286324 -0.010141229256987572 -0.010393627919256687
v 0.016897248104214668 0.013590136542916298 0.0047120149247348309
v 0.016897531226277351 -0.0069387014955282211 -0.012849612161517143
v 0.016903245821595192 -0.0078079309314489365 -0.012585126794874668
v 0.016903804615139961 0.010156968608498573 -0.010575739666819572
v 0.016907880082726479 0.0077991578727960587 -0.012751677073538303
v 0.016910681501030922 -0.013396656140685081 0.0047956123016774654
v 0.016914790496230125 0.0069846007972955704 -0.012956072576344013
v 0.016914943233132362 0.012785399332642555 -0.0051526543684303761
v 0.016917461529374123 -0.012847742065787315 -0.0050360620953142643
v 0.016926690936088562 -0.011281153187155724 -0.0087270643562078476
v 0.016929581761360168 0.011263230815529823 -0.008886607363820076
v 0.016931205987930298 -0.013707136735320091 0.00085523509187623858
v 0.016931599006056786 0.012129927054047585 -0.0070608453825116158
v 0.016931921243667603 0.013670960441231728 0.00074709497857838869
v 0.01693234033882618 -0.012175625190138817 -0.0069269724190235138
v 0.016937151551246643 0.007126370444893837 -0.012858524918556213
v 0.016952373087406158 -0.0086986925452947617 -0.011799107305705547
v 0.016957731917500496 -0.013604437932372093 0.0028331680223345757
v 0.016959220170974731 0.0086946729570627213 -0.011991206556558609
v 0.01696057990193367 0.013601699844002724 0.0027374473866075277
v 0.016966860741376877 -0.0077070798724889755 -0.01246932428330183
v 0.016970314085483551 0.0077014956623315811 -0.012634438462555408
v 0.016974899917840958 -0.013428619131445885 0.0028361051809042692
v 0.016977639868855476 -0.0076063927263021469 -0.012348689138889313
v 0.016977656632661819 0.013425612822175026 0.0027409435715526342
v 0.016979632899165154 0.013461032882332802 -0.001228051376529038
v 0.016981152817606926 -0.013526966795325279 -0.0011114926310256124
v 0.016992352902889252 0.0094111058861017227 -0.01127288956195116
v 0.017005404457449913 0.013391608372330666 0.0017720927717164159
v 0.017006760463118553 0.008627692237496376 -0.011922252364456654
v 0.017010675743222237 -0.010042062029242516 -0.010319466702640057
v 0.017014764249324799 -0.013539126142859459 0.00086824956815689802
v 0.017015239223837852 0.01350327767431736 0.00076215428998693824
v 0.017017431557178497 -0.0085912849754095078 -0.01169094629585743
v 0.017017887905240059 0.013135770335793495 -0.0031838321592658758
v 0.01701795682311058 0.010057071223855019 -0.01050239335745573
v 0.017020346596837044 -0.013208186253905296 -0.0030690247658640146
v 0.017025519162416458 -0.0083961393684148788 -0.011660689488053322
v 0.017029887065291405 -0.0084823574870824814 -0.011578450910747051
v 0.017031310126185417 -0.013364678248763084 0.00088011717889457941
v 0.017035864293575287 0.0084825251251459122 -0.011768775060772896
v 0.017044363543391228 0.012664580717682838 -0.0051170196384191513
v 0.017045523971319199 -0.011172374710440636 -0.008665633387863636
v 0.017046285793185234 -0.012727325782179832 -0.0049998993054032326
v 0.017048755660653114 0.011153364554047585 -0.00882752425968647
v 0.017056083306670189 0.012013265863060951 -0.0070146624930202961
v 0.017056172713637352 -0.012059813365340233 -0.006878893356770277
v 0.017056891694664955 0.0089025441557168961 -0.011361098848283291
v 0.017057664692401886 0.0092959646135568619 -0.011172088794410229
v 0.017060963436961174 0.013295764103531837 -0.0012036338448524475
v 0.0170625951141119 -0.013361057266592979 -0.0010892432183027267
v 0.01706991158425808 0.009178677573800087 -0.011067837476730347
v 0.017076743766665459 0.013124549761414528 -0.0011793219018727541
v 0.017077509313821793 -0.0099192019551992416 -0.010225130245089531
v 0.017078470438718796 -0.013189038261771202 -0.0010680572595447302
v 0.017084531486034393 0.0099332723766565323 -0.010409771464765072
v 0.017089905217289925 -0.0097938533872365952 -0.01012705359607935
v 0.017096355557441711 0.012974971905350685 -0.0021851027850061655
v 0.017096921801567078 0.012973422184586525 -0.0031502766069024801
v 0.017099205404520035 -0.013045912608504295 -0.0030357611831277609
v 0.017111986875534058 0.012805262580513954 -0.0031169161666184664
v 0.017113110050559044 0.01025095023214817 -0.0096945017576217651
v 0.017114272341132164 -0.012877902016043663 -0.0030026249587535858
v 0.01711495965719223 -0.011035388335585594 -0.0085873845964670181
v 0.017118388786911964 0.011015051975846291 -0.008751358836889267
v 0.017120640724897385 0.012507090345025063 -0.0050721778534352779
v 0.017122197896242142 -0.012570848688483238 -0.004953363910317421
v 0.017127644270658493 -0.010894929990172386 -0.0085064945742487907
v 0.017128754407167435 -0.011911651119589806 -0.0068168928846716881
v 0.017129089683294296 0.01186373271048069 -0.0069549246691167355
v 0.017131082713603973 0.010873327031731606 -0.0086720054969191551
v 0.017135873436927795 0.012310931459069252 -0.00514189712703228
v 0.017136355862021446 -0.012409230694174767 -0.0049056145362555981
v 0.017140381038188934 0.011394256725907326 -0.0076327845454216003
v 0.017142098397016525 -0.011759167537093163 -0.0067527391947805882
v 0.017142519354820251 0.011709818616509438 -0.0068930364213883877
f 2910 2897 2867
f 2910 2867 2939
f 3068 3069 3104
f 2867 2914 2939
f 2939 2914 2937
f 2939 2937 2964
f 2964 2937 2961
f 2964 2961 2981
f 2981 2961 2985
f 2981 2985 3003
f 3003 2985 2998
f 3003 2998 3025
f 3025 2998 3011
f 3025 3011 3037
f 3037 3011 3031
f 3037 3031 3052
f 3052 3031 3038
f 3052 3038 3062
f 3062 3038 3049
f 3062 3049 3072
f 3072 3049 3057
f 3072 3057 3079
f 3079 3057 3068
f 3079 3068 3093
f 3093 3068 3104
f 3093 3104 3103
f 2721 2729 2882
f 2882 2729 2732
f 2882 2732 2901
f 2901 2732 2738
f 2901 2738 2744
f 2882 2876 2721
f 2721 2876 2863
f 2721 2863 2712
f 2712 2863 2707
f 2707 2863 2854
f 2707 2854 2705
f 2705 2854 2701
f 2701 2854 2844
f 2701 2844 2694
f 2694 2844 2830
f 2694 2830 2685
f 2685 2830 2821
f 2685 2821 2671
f 2671 2821 2812
f 2671 2812 2655
f 2655 2812 2797
f 2655 2797 2636
f 2636 2797 2758
f 2636 2758 2597
f 2597 2758 2719
f 2597 2719 2567
f 2567 2719 2621
f 2567 2621 2555
f 2989 3069 2992
f 2992 3069 3068
f 2992 3068 2983
f 2983 3068 3057
f 2983 3057 2975
f 2975 3057 3049
f 2975 3049 2967
f 2967 3049 3038
f 2967 3038 2959
f 2959 3038 3031
f 2959 3031 2951
f 2951 3031 3011
f 2951 3011 2940
f 2940 3011 2998
f 2940 2998 2931
f 2931 2998 2985
f 2931 2985 2904
f 2904 2985 2961
f 2904 2961 2872
f 2872 2961 2937
f 2872 2937 2829
f 2829 2937 2914
f 2829 2914 2784
f 2784 2914 2867
f 2901 2989 2882
f 2882 2989 2992
f 2882 2992 2876
f 2876 2992 2983
f 2876 2983 2863
f 2863 2983 2975
f 2863 2975 2854
f 2854 2975 2967
f 2854 2967 2844
f 2844 2967 2959
f 2844 2959 2830
f 2830 2959 2951
f 2830 2951 2821
f 2821 2951 2940
f 2821 2940 2812
f 2812 2940 2931
f 2812 2931 2797
f 2797 2931 2904
f 2797 2904 2758
f 2758 2904 2872
f 2758 2872 2719
f 2719 2872 2829
f 2719 2829 2621
f 2621 2829 2784
f 2894 2901 2744
f 3004 2989 2901
f 3080 3069 2989
f 3112 3103 3104
f 3108 3131 3101
f 3101 3131 3127
f 3101 3127 3095
f 3095 3127 3121
f 3095 3121 3088
f 3088 3121 3112
f 3088 3112 3080
f 3080 3112 3104
f 3080 3104 3069
f 3111 3138 3108
f 3108 3138 3135
f 3108 3135 3131
f 3109 3137 3111
f 3111 3137 3139
f 3111 3139 3138
f 3129 3133 3109
f 3109 3133 3136
f 3109 3136 3137
f 3109 3102 3129
f 3129 3102 3096
f 3129 3096 3123
f 3096 3089 3123
f 3123 3089 3081
f 3123 3081 3115
f 2752 2745 2902
f 2989 3004 3080
f 3080 3004 3007
f 3080 3007 3088
f 3088 3007 3016
f 3088 3016 3095
f 3095 3016 3021
f 3095 3021 3101
f 3101 3021 3026
f 3101 3026 3108
f 3108 3026 3030
f 3108 3030 3111
f 3111 3030 3028
f 3111 3028 3109
f 3109 3028 3023
f 3109 3023 3102
f 3102 3023 3017
f 3102 3017 3096
f 3096 3017 3010
f 3096 3010 3089
f 3089 3010 3006
f 3089 3006 3081
f 3081 3006 3071
f 3081 3071 3115
f 3115 3071 3107
f 3115 3107 3105
f 2901 2894 3004
f 3004 2894 2905
f 3004 2905 3007
f 3007 2905 2912
f 3007 2912 3016
f 3016 2912 2916
f 3016 2916 3021
f 3021 2916 2924
f 3021 2924 3026
f 3026 2924 2926
f 3026 2926 3030
f 3030 2926 2925
f 3030 2925 3028
f 3028 2925 2917
f 3028 2917 3023
f 3023 2917 2913
f 3023 2913 3017
f 3017 2913 2906
f 3017 2906 3010
f 3010 2906 2895
f 3010 2895 3006
f 3006 2895 2991
f 3006 2991 3071
f 2744 2751 2894
f 2894 2751 2755
f 2894 2755 2905
f 2905 2755 2762
f 2905 2762 2912
f 2912 2762 2766
f 2912 2766 2916
f 2916 2766 2775
f 2916 2775 2924
f 2924 2775 2780
f 2924 2780 2926
f 2926 2780 2778
f 2926 2778 2925
f 2925 2778 2769
f 2925 2769 2917
f 2917 2769 2763
f 2917 2763 2913
f 2913 2763 2756
f 2913 2756 2906
f 2906 2756 2752
f 2906 2752 2895
f 2895 2752 2902
f 2895 2902 2991
f 2648 2640 2588
f 2648 2588 2656
f 2588 2611 2656
f 2656 2611 2627
f 2656 2627 2667
f 2667 2627 2644
f 2667 2644 2684
f 2684 2644 2658
f 2684 2658 2698
f 2698 2658 2676
f 2698 2676 2715
f 2715 2676 2699
f 2715 2699 2734
f 2734 2699 2722
f 2734 2722 2754
f 2754 2722 2740
f 2754 2740 2783
f 2783 2740 2785
f 2783 2785 2803
f 2803 2785 2807
f 2803 2807 2823
f 2823 2807 2836
f 2823 2836 2860
f 2860 2836 2867
f 2860 2867 2897
f 2539 2555 2621
f 2621 2630 2539
f 2539 2630 2582
f 2539 2582 2530
f 2530 2582 2562
f 2530 2562 2527
f 2527 2562 2549
f 2527 2549 2520
f 2520 2549 2542
f 2520 2542 2512
f 2512 2542 2532
f 2512 2532 2499
f 2499 2532 2528
f 2499 2528 2497
f 2522 2491 2524
f 2524 2491 2493
f 2524 2493 2528
f 2528 2493 2495
f 2528 2495 2497
f 2484 2487 2522
f 2522 2487 2489
f 2522 2489 2491
f 2522 2518 2484
f 2484 2518 2514
f 2484 2514 2480
f 2514 2516 2480
f 2480 2516 2481
f 2480 2481 2477
f 2477 2481 2476
f 2784 2867 2772
f 2772 2867 2836
f 2772 2836 2735
f 2735 2836 2807
f 2735 2807 2690
f 2690 2807 2785
f 2690 2785 2642
f 2642 2785 2740
f 2642 2740 2620
f 2620 2740 2722
f 2620 2722 2589
f 2589 2722 2699
f 2589 2699 2571
f 2571 2699 2676
f 2571 2676 2564
f 2564 2676 2658
f 2564 2658 2559
f 2559 2658 2644
f 2559 2644 2557
f 2557 2644 2627
f 2557 2627 2552
f 2552 2627 2611
f 2552 2611 2551
f 2551 2611 2588
f 2621 2784 2630
f 2630 2784 2772
f 2630 2772 2582
f 2582 2772 2735
f 2582 2735 2562
f 2562 2735 2690
f 2562 2690 2549
f 2549 2690 2642
f 2549 2642 2542
f 2542 2642 2620
f 2542 2620 2532
f 2532 2620 2589
f 2532 2589 2528
f 2528 2589 2571
f 2528 2571 2524
f 2524 2571 2564
f 2524 2564 2522
f 2522 2564 2559
f 2522 2559 2518
f 2518 2559 2557
f 2518 2557 2514
f 2514 2557 2552
f 2514 2552 2516
f 2516 2552 2551
f 3107 3071 3070
f 2700 2714 2556
f 2556 2714 2561
f 2757 2795 2637
f 2637 2598 2757
f 2757 2598 2577
f 2757 2577 2714
f 2714 2577 2566
f 2714 2566 2561
f 2810 2652 2795
f 2795 2652 2641
f 2795 2641 2637
f 2681 2666 2810
f 2810 2666 2663
f 2810 2663 2652
f 2810 2819 2681
f 2681 2819 2828
f 2681 2828 2692
f 2692 2828 2842
f 2692 2842 2704
f 2704 2842 2851
f 2704 2851 2711
f 2711 2851 2861
f 2711 2861 2717
f 2717 2861 2873
f 2717 2873 2726
f 2726 2873 2880
f 2726 2880 2733
f 2733 2880 2743
f 2743 2880 2902
f 2743 2902 2745
f 3100 3105 3107
f 3107 3070 3100
f 3100 3070 3061
f 3100 3061 3086
f 3086 3061 3051
f 3086 3051 3076
f 3076 3051 3040
f 3076 3040 3064
f 3034 3044 3032
f 3032 3044 3048
f 3032 3048 3040
f 3040 3048 3054
f 3040 3054 3064
f 3032 3014 3034
f 3034 3014 2999
f 3034 2999 3009
f 3009 2999 2986
f 2962 2990 2986
f 2986 2990 3005
f 2986 3005 3009
f 2950 2971 2962
f 2962 2971 2979
f 2962 2979 2990
f 2962 2938 2950
f 2950 2938 2915
f 2950 2915 2929
f 2929 2915 2900
f 2900 2915 2886
f 2900 2886 2899
f 2820 2886 2827
f 2827 2886 2915
f 2827 2915 2871
f 2871 2915 2938
f 2871 2938 2903
f 2903 2938 2962
f 2903 2962 2932
f 2932 2962 2986
f 2932 2986 2942
f 2942 2986 2999
f 2942 2999 2952
f 2952 2999 3014
f 2952 3014 2960
f 2960 3014 3032
f 2960 3032 2968
f 2968 3032 3040
f 2968 3040 2976
f 2976 3040 3051
f 2976 3051 2984
f 2984 3051 3061
f 2984 3061 2993
f 2993 3061 3070
f 2993 3070 2991
f 2991 3070 3071
f 2700 2820 2714
f 2714 2820 2827
f 2714 2827 2757
f 2757 2827 2871
f 2757 2871 2795
f 2795 2871 2903
f 2795 2903 2810
f 2810 2903 2932
f 2810 2932 2819
f 2819 2932 2942
f 2819 2942 2828
f 2828 2942 2952
f 2828 2952 2842
f 2842 2952 2960
f 2842 2960 2851
f 2851 2960 2968
f 2851 2968 2861
f 2861 2968 2976
f 2861 2976 2873
f 2873 2976 2984
f 2873 2984 2880
f 2880 2984 2993
f 2880 2993 2902
f 2902 2993 2991
f 2634 2586 2579
f 2634 2579 2626
f 2626 2579 2576
f 2626 2576 2619
f 2619 2576 2574
f 2619 2574 2610
f 2610 2574 2570
f 2610 2570 2606
f 2606 2570 2603
f 2603 2570 2568
f 2603 2568 2602
f 2602 2568 2604
f 2604 2568 2569
f 2604 2569 2608
f 2608 2569 2609
f 2609 2569 2573
f 2609 2573 2616
f 2616 2573 2575
f 2616 2575 2624
f 2575 2578 2624
f 2624 2578 2584
f 2624 2584 2632
f 2481 2516 2510
f 2510 2516 2551
f 2474 2476 2481
f 2511 2517 2482
f 2634 2645 2586
f 2586 2645 2590
f 2586 2590 2553
f 2640 2632 2588
f 2588 2632 2584
f 2588 2584 2547
f 2547 2584 2578
f 2547 2578 2544
f 2544 2578 2575
f 2544 2575 2540
f 2540 2575 2573
f 2540 2573 2537
f 2537 2573 2569
f 2537 2569 2535
f 2535 2569 2568
f 2535 2568 2534
f 2534 2568 2570
f 2534 2570 2536
f 2536 2570 2574
f 2536 2574 2538
f 2538 2574 2576
f 2538 2576 2541
f 2541 2576 2579
f 2541 2579 2545
f 2545 2579 2586
f 2545 2586 2548
f 2548 2586 2553
f 2548 2553 2517
f 2517 2511 2548
f 2548 2511 2509
f 2548 2509 2545
f 2545 2509 2507
f 2545 2507 2541
f 2541 2507 2505
f 2541 2505 2538
f 2538 2505 2503
f 2538 2503 2536
f 2536 2503 2501
f 2536 2501 2534
f 2534 2501 2502
f 2534 2502 2535
f 2535 2502 2504
f 2535 2504 2537
f 2537 2504 2506
f 2537 2506 2540
f 2540 2506 2508
f 2540 2508 2544
f 2544 2508 2510
f 2544 2510 2547
f 2547 2510 2551
f 2547 2551 2588
f 2481 2510 2474
f 2474 2510 2508
f 2474 2508 2472
f 2472 2508 2506
f 2472 2506 2470
f 2470 2506 2504
f 2470 2504 2468
f 2468 2504 2502
f 2468 2502 2466
f 2466 2502 2501
f 2466 2501 2465
f 2465 2501 2503
f 2465 2503 2467
f 2467 2503 2505
f 2467 2505 2469
f 2469 2505 2507
f 2469 2507 2471
f 2471 2507 2509
f 2471 2509 2473
f 2473 2509 2511
f 2473 2511 2475
f 2475 2511 2482
f 2475 2482 2478
f 2490 2488 2523
f 2482 2517 2515
f 2899 2886 2888
f 2888 2886 2837
f 2888 2837 2852
f 2852 2837 2808
f 2852 2808 2817
f 2817 2808 2787
f 2817 2787 2800
f 2800 2787 2742
f 2800 2742 2770
f 2770 2742 2723
f 2770 2723 2747
f 2747 2723 2702
f 2747 2702 2727
f 2727 2702 2677
f 2727 2677 2709
f 2709 2677 2659
f 2709 2659 2696
f 2696 2659 2646
f 2696 2646 2678
f 2678 2646 2628
f 2678 2628 2665
f 2665 2628 2613
f 2665 2613 2654
f 2654 2613 2590
f 2654 2590 2645
f 2478 2482 2479
f 2479 2482 2515
f 2479 2515 2483
f 2483 2515 2519
f 2483 2519 2485
f 2523 2488 2519
f 2519 2488 2486
f 2519 2486 2485
f 2490 2523 2492
f 2492 2523 2525
f 2492 2525 2494
f 2494 2525 2496
f 2496 2525 2529
f 2496 2529 2498
f 2498 2529 2533
f 2498 2533 2500
f 2500 2533 2543
f 2500 2543 2513
f 2513 2543 2550
f 2513 2550 2521
f 2521 2550 2563
f 2521 2563 2526
f 2526 2563 2587
f 2526 2587 2531
f 2531 2587 2635
f 2531 2635 2546
f 2546 2635 2700
f 2546 2700 2556
f 2553 2590 2554
f 2554 2590 2613
f 2554 2613 2558
f 2558 2613 2628
f 2558 2628 2560
f 2560 2628 2646
f 2560 2646 2565
f 2565 2646 2659
f 2565 2659 2572
f 2572 2659 2677
f 2572 2677 2592
f 2592 2677 2702
f 2592 2702 2622
f 2622 2702 2723
f 2622 2723 2647
f 2647 2723 2742
f 2647 2742 2691
f 2691 2742 2787
f 2691 2787 2737
f 2737 2787 2808
f 2737 2808 2776
f 2776 2808 2837
f 2776 2837 2820
f 2820 2837 2886
f 2517 2553 2515
f 2515 2553 2554
f 2515 2554 2519
f 2519 2554 2558
f 2519 2558 2523
f 2523 2558 2560
f 2523 2560 2525
f 2525 2560 2565
f 2525 2565 2529
f 2529 2565 2572
f 2529 2572 2533
f 2533 2572 2592
f 2533 2592 2543
f 2543 2592 2622
f 2543 2622 2550
f 2550 2622 2647
f 2550 2647 2563
f 2563 2647 2691
f 2563 2691 2587
f 2587 2691 2737
f 2587 2737 2635
f 2635 2737 2776
f 2635 2776 2700
f 2700 2776 2820
f 1174 1165 1205
f 2229 2219 2132
f 2155 2128 2124
f 1949 1976 1938
f 1818 1816 1706
f 1463 1523 1528
f 1528 1523 1641
f 1134 1145 1079
f 1537 1568 1592
f 1723 1626 1642
f 1857 1977 1941
f 2384 2382 2341
f 2270 2316 2382
f 2382 2316 2338
f 2382 2338 2341
f 2382 2379 2270
f 2270 2379 2376
f 2270 2376 2256
f 2256 2376 2191
f 2256 2191 2153
f 2153 2191 2094
f 2153 2094 2069
f 2069 2094 1977
f 2094 2005 1977
f 1977 2005 1985
f 1977 1985 1941
f 1798 1826 1846
f 1798 1671 1826
f 1826 1671 1705
f 1826 1705 1817
f 1817 1705 1777
f 1777 1705 1723
f 1723 1705 1592
f 1723 1592 1626
f 1568 1581 1592
f 1592 1581 1586
f 1592 1586 1626
f 1626 1586 1583
f 1626 1583 1642
f 1642 1583 1516
f 1642 1516 1594
f 1594 1516 1465
f 1504 1515 1505
f 1505 1515 1614
f 1504 1505 1466
f 1466 1505 1417
f 1466 1417 1404
f 1404 1417 1317
f 1404 1317 1318
f 1318 1317 1294
f 1318 1294 1249
f 1294 1229 1249
f 1249 1229 1213
f 1249 1213 1199
f 1070 1073 1028
f 1028 1073 1096
f 1028 1096 958
f 958 1096 1109
f 963 1040 898
f 898 1040 1048
f 893 886 898
f 898 886 885
f 898 885 963
f 963 885 889
f 963 889 895
f 898 990 893
f 893 990 911
f 893 911 901
f 901 911 916
f 1048 1049 898
f 898 1049 1050
f 898 1050 990
f 990 1050 1070
f 990 1070 911
f 911 1070 1028
f 911 1028 916
f 916 1028 958
f 916 958 955
f 1267 1188 1240
f 1240 1188 1102
f 1240 1350 1267
f 1267 1350 1345
f 1267 1345 1271
f 1271 1345 1275
f 1275 1345 1268
f 1268 1345 1349
f 1268 1349 1226
f 1226 1349 1239
f 1226 1239 1158
f 1071 1140 1033
f 1033 1140 1165
f 1033 1165 1015
f 1015 1165 1035
f 1015 1035 995
f 995 1035 947
f 907 912 897
f 897 912 890
f 912 991 890
f 890 991 899
f 890 899 881
f 881 899 882
f 1144 1115 957
f 957 1115 1099
f 957 1099 1029
f 1029 1099 1094
f 1029 1094 1063
f 957 1078 1144
f 1144 1078 1202
f 1144 1202 1227
f 1202 1216 1227
f 1227 1216 1228
f 1227 1228 1316
f 1316 1228 1315
f 1316 1315 1407
f 1407 1315 1416
f 1407 1416 1503
f 1503 1416 1517
f 1517 1416 1564
f 1517 1564 1555
f 1627 1523 1582
f 1585 1584 1593
f 1593 1584 1580
f 1593 1580 1575
f 1747 1737 1627
f 1627 1737 1690
f 1627 1690 1523
f 1523 1690 1685
f 1523 1685 1641
f 1582 1585 1627
f 1627 1585 1593
f 1627 1593 1747
f 1747 1593 1706
f 1747 1706 1749
f 1749 1706 1816
f 1670 1795 1835
f 1989 1856 1795
f 1795 1856 1850
f 1795 1850 1835
f 1938 1976 1989
f 1976 1997 1989
f 1989 1997 2004
f 1989 2004 2068
f 2068 2004 2185
f 2004 2168 2185
f 2185 2168 2190
f 2185 2190 2255
f 2255 2190 2282
f 2255 2282 2258
f 2343 2340 2380
f 2380 2340 2321
f 2380 2321 2375
f 2375 2321 2275
f 2375 2275 2282
f 2282 2275 2264
f 2282 2264 2258
f 2343 2380 2329
f 2329 2380 2391
f 2329 2391 2223
f 2223 2391 2393
f 2223 2393 2369
f 2369 2348 2223
f 2223 2348 2227
f 2223 2227 2130
f 1902 2003 1998
f 1998 1945 1902
f 1902 1945 1927
f 1902 1927 1938
f 1938 1927 1935
f 1938 1935 1949
f 2003 1902 2032
f 2032 1902 1887
f 2032 1887 2122
f 2122 1887 2128
f 2128 1887 1988
f 2128 1988 2124
f 2155 2124 2291
f 2291 2124 2123
f 2291 2123 2299
f 2243 2292 2123
f 2123 2292 2306
f 2123 2306 2299
f 2129 2154 2125
f 2125 2154 2195
f 2125 2195 2196
f 1930 1903 1942
f 1942 1903 1941
f 1942 1941 1964
f 1964 1941 1985
f 1930 1946 1903
f 1903 1946 2000
f 1903 2000 1888
f 1888 2000 2060
f 1888 2060 2092
f 2341 2345 2384
f 2384 2345 2339
f 2384 2339 2395
f 2395 2339 2331
f 2395 2331 2370
f 2370 2331 2219
f 2370 2219 2349
f 2349 2219 2229
f 1189 1079 1199
f 1199 1079 1145
f 1199 1145 1249
f 1189 1180 1079
f 1079 1180 1170
f 1079 1170 1036
f 1170 1175 1036
f 1036 1175 1185
f 1036 1185 1166
f 1757 1754 1763
f 1763 1754 1703
f 1763 1703 1798
f 1798 1703 1675
f 1798 1675 1671
f 1671 1675 1654
f 1671 1654 1705
f 1705 1654 1632
f 1705 1632 1592
f 1592 1632 1614
f 1592 1614 1537
f 1537 1614 1515
f 2084 2125 2123
f 2123 2125 2196
f 2123 2196 2243
f 1886 1888 1891
f 1891 1888 2092
f 1891 2092 1913
f 1913 2092 2129
f 1913 2129 1993
f 1993 2129 2125
f 1993 2125 2081
f 2081 2125 2084
f 1988 2059 2124
f 2124 2059 2080
f 2124 2080 2123
f 2123 2080 2088
f 2123 2088 2084
f 1835 1818 1670
f 1670 1818 1706
f 1670 1706 1643
f 1643 1706 1616
f 1616 1706 1613
f 1613 1706 1593
f 1613 1593 1564
f 1564 1593 1575
f 1564 1575 1555
f 1810 1761 1732
f 1732 1761 1795
f 1732 1795 1674
f 1674 1795 1670
f 1674 1670 1666
f 1666 1670 1643
f 1174 1173 1078
f 1078 1173 1186
f 1078 1186 1202
f 1165 1174 1035
f 1035 1174 1078
f 1035 1078 947
f 947 1078 957
f 947 957 907
f 907 957 1029
f 907 1029 912
f 912 1029 1063
f 912 1063 991
f 991 1063 1044
f 991 1044 899
f 899 1044 1039
f 899 1039 882
f 882 1039 961
f 882 961 892
f 1205 1165 1250
f 1250 1165 1140
f 1250 1140 1256
f 1256 1140 1253
f 1256 1253 1321
f 1071 1149 1140
f 1140 1149 1158
f 1140 1158 1253
f 1253 1158 1239
f 1253 1239 1321
f 1321 1239 1349
f 1321 1349 1393
f 1393 1349 1345
f 1393 1345 1476
f 1476 1345 1471
f 1476 1471 1480
f 1480 1471 1482
f 1276 1295 1254
f 1254 1295 1359
f 1022 1141 1102
f 1102 1141 1254
f 1102 1254 1240
f 1240 1254 1359
f 1240 1359 1350
f 1350 1359 1380
f 1350 1380 1345
f 1345 1380 1395
f 1345 1395 1471
f 1471 1395 1475
f 1471 1475 1482
f 1185 1187 1166
f 1166 1187 1212
f 1166 1212 1263
f 1109 1134 958
f 958 1134 1079
f 958 1079 955
f 955 1079 1036
f 955 1036 1022
f 1022 1036 1166
f 1022 1166 1141
f 1141 1166 1263
f 1141 1263 1254
f 1254 1263 1266
f 1254 1266 1276
f 1846 1857 1798
f 1798 1857 1941
f 1798 1941 1763
f 1763 1941 1903
f 1763 1903 1757
f 1757 1903 1888
f 1757 1888 1861
f 1861 1888 1886
f 1989 1795 1938
f 1938 1795 1761
f 1938 1761 1902
f 1902 1761 1810
f 1902 1810 1887
f 1887 1810 1881
f 1887 1881 1988
f 1348 1335 1343
f 1364 1408 1418
f 1418 1408 1562
f 1445 1438 1467
f 959 951 894
f 866 806 783
f 862 880 857
f 876 919 968
f 1081 1083 999
f 770 794 772
f 949 896 948
f 1604 1526 1561
f 1726 1831 1794
f 2126 2108 2030
f 1808 1829 1797
f 2222 2118 2359
f 2359 2118 2207
f 2359 2207 2319
f 2319 2207 2311
f 2207 2215 2311
f 2311 2215 2212
f 2311 2212 2290
f 2290 2212 2203
f 2290 2203 2267
f 2203 2181 2267
f 2267 2181 2164
f 2267 2164 2111
f 1845 1858 1832
f 1832 1858 1864
f 1832 1864 1983
f 1983 1864 1944
f 1983 1944 2086
f 2086 1944 2056
f 2086 2056 2140
f 2140 2056 2111
f 2140 2111 2146
f 2146 2111 2164
f 1808 1797 1788
f 1853 1801 1760
f 2014 2009 1743
f 1743 2009 1907
f 1743 1907 1760
f 1760 1907 1862
f 1760 1862 1853
f 2178 2175 2010
f 2010 2175 2171
f 2010 2171 2012
f 2114 2170 2010
f 2010 2170 2180
f 2010 2180 2178
f 1967 2020 2011
f 2011 2020 2027
f 2011 2027 2114
f 1742 1967 1751
f 1751 1967 2011
f 1751 2011 1852
f 1852 2011 1962
f 1794 1789 1759
f 1759 1789 1787
f 1759 1787 1792
f 1792 1799 1759
f 1759 1799 1869
f 1759 1869 1742
f 1742 1869 1899
f 1742 1899 1967
f 2172 2266 2139
f 2139 2266 2087
f 2139 2087 2089
f 2089 2087 1996
f 2089 1996 1895
f 1895 1996 1863
f 1895 1863 1831
f 1831 1863 1839
f 1831 1839 1794
f 1794 1839 1814
f 1794 1814 1789
f 2194 2303 2192
f 2192 2303 2284
f 2192 2284 2179
f 2179 2284 2266
f 2179 2266 2174
f 2174 2266 2172
f 2194 2208 2303
f 2303 2208 2211
f 2303 2211 2310
f 2310 2211 2214
f 2310 2214 2317
f 2317 2214 2213
f 2317 2213 2358
f 2358 2213 2206
f 2358 2206 2263
f 2263 2206 2108
f 2263 2108 2220
f 2220 2108 2126
f 1665 1699 1722
f 1699 1665 1691
f 1691 1665 1553
f 1691 1553 1686
f 1686 1553 1591
f 1686 1591 1664
f 1363 1481 1394
f 1394 1481 1561
f 1394 1561 1444
f 1444 1561 1526
f 1444 1526 1451
f 1405 1427 1468
f 1468 1427 1441
f 1468 1441 1447
f 1664 1591 1604
f 1604 1591 1468
f 1604 1468 1526
f 1526 1468 1447
f 1526 1447 1451
f 1492 1375 1382
f 1382 1375 1264
f 1382 1264 1290
f 1095 1130 1204
f 1290 1264 1204
f 1204 1264 1137
f 1204 1137 1095
f 896 949 815
f 949 964 815
f 815 964 978
f 815 978 929
f 929 978 983
f 929 983 1130
f 948 896 938
f 938 896 874
f 938 874 933
f 933 874 789
f 933 789 940
f 940 789 865
f 865 789 793
f 865 793 804
f 800 773 815
f 815 773 772
f 815 772 896
f 896 772 794
f 896 794 874
f 874 794 770
f 874 770 789
f 789 770 774
f 789 774 793
f 800 815 814
f 814 815 929
f 814 929 831
f 831 929 879
f 831 879 891
f 1214 1136 1133
f 1218 1125 1082
f 1082 1125 1052
f 1082 1052 960
f 1136 1214 1127
f 1127 1214 1219
f 1127 1219 1081
f 880 862 1008
f 857 880 807
f 807 880 817
f 807 817 779
f 866 783 944
f 944 783 788
f 944 788 934
f 934 788 873
f 934 873 939
f 783 781 788
f 788 781 767
f 788 767 873
f 873 767 792
f 873 792 939
f 939 792 894
f 939 894 950
f 950 894 951
f 970 959 817
f 817 959 894
f 817 894 779
f 779 894 792
f 779 792 769
f 769 792 767
f 930 1051 984
f 984 1051 1103
f 1051 1077 1103
f 1103 1077 1097
f 1103 1097 1203
f 1203 1097 1200
f 1203 1200 1296
f 1296 1200 1301
f 1296 1301 1381
f 1381 1301 1388
f 1388 1301 1385
f 1388 1385 1413
f 1445 1467 1446
f 1618 1611 1525
f 1525 1611 1588
f 1525 1588 1408
f 1408 1588 1587
f 1408 1587 1562
f 1408 1446 1525
f 1525 1446 1467
f 1525 1467 1618
f 1618 1467 1590
f 1618 1590 1622
f 1727 1724 1667
f 1667 1724 1704
f 1667 1704 1554
f 1554 1704 1693
f 1554 1693 1590
f 1590 1693 1688
f 1590 1688 1622
f 1727 1667 1775
f 1775 1667 1797
f 1775 1797 1832
f 1832 1797 1829
f 1832 1829 1845
f 2222 2221 2118
f 2118 2221 2127
f 2118 2127 2031
f 1019 1017 930
f 930 1017 1037
f 930 1037 1051
f 1080 1045 1008
f 1008 1045 1019
f 1008 1019 880
f 880 1019 930
f 880 930 817
f 817 930 984
f 817 984 970
f 862 876 1008
f 1008 876 968
f 1008 968 1080
f 1080 968 1112
f 1080 1112 1108
f 1108 1112 1209
f 1081 1219 1083
f 1083 1219 1223
f 1083 1223 1217
f 919 982 968
f 968 982 999
f 968 999 1112
f 1112 999 1083
f 1112 1083 1209
f 1209 1083 1217
f 1335 1336 1214
f 1214 1336 1325
f 1214 1325 1219
f 1219 1325 1255
f 1219 1255 1223
f 1348 1346 1335
f 1335 1346 1342
f 1335 1342 1336
f 1343 1335 1283
f 1283 1335 1214
f 1283 1214 1218
f 1218 1214 1133
f 1218 1133 1125
f 879 1007 891
f 891 1007 967
f 891 967 960
f 960 967 1111
f 960 1111 1082
f 1082 1111 1215
f 1082 1215 1218
f 1218 1215 1232
f 1218 1232 1283
f 1095 1092 1130
f 1130 1092 1066
f 1130 1066 929
f 929 1066 1041
f 1041 1030 929
f 929 1030 1016
f 929 1016 879
f 879 1016 1018
f 879 1018 1007
f 1007 1018 1072
f 1007 1072 967
f 967 1072 1135
f 967 1135 1111
f 1111 1135 1150
f 1111 1150 1215
f 1382 1405 1492
f 1492 1405 1468
f 1492 1468 1508
f 1508 1468 1591
f 1508 1591 1541
f 1541 1591 1553
f 1541 1553 1558
f 1558 1553 1665
f 1558 1665 1605
f 1605 1665 1620
f 1605 1620 1623
f 1623 1620 1681
f 2114 2010 2011
f 2011 2010 1968
f 2011 1968 1962
f 1824 1918 2012
f 2012 1918 1963
f 2012 1963 2010
f 2010 1963 1973
f 2010 1973 1968
f 2171 2026 2012
f 2012 2026 2014
f 2012 2014 1824
f 1824 2014 1743
f 1824 1743 1813
f 1813 1743 1733
f 1621 1559 1578
f 1578 1608 1621
f 1621 1608 1650
f 1621 1650 1760
f 1760 1650 1672
f 1760 1672 1743
f 1743 1672 1676
f 1743 1676 1733
f 1493 1496 1590
f 1590 1496 1522
f 1590 1522 1554
f 1493 1590 1456
f 1456 1590 1467
f 1456 1467 1385
f 1385 1467 1438
f 1385 1438 1413
f 1801 1788 1760
f 1760 1788 1797
f 1760 1797 1621
f 1621 1797 1667
f 1621 1667 1559
f 1559 1667 1554
f 1559 1554 1551
f 1551 1554 1522
f 1722 1726 1665
f 1665 1726 1794
f 1665 1794 1620
f 1620 1794 1759
f 1620 1759 1681
f 1681 1759 1742
f 1681 1742 1748
f 1748 1742 1751
f 212 237 186
f 276 336 249
f 654 667 553
f 553 667 625
f 296 273 233
f 682 703 587
f 587 703 653
f 684 702 586
f 681 665 620
f 681 620 702
f 635 638 586
f 586 638 639
f 586 639 684
f 702 620 586
f 586 620 567
f 586 567 635
f 635 567 559
f 635 559 585
f 575 617 519
f 519 617 622
f 519 622 585
f 585 622 623
f 585 623 635
f 435 443 429
f 435 429 417
f 417 429 412
f 412 429 335
f 412 335 406
f 443 459 429
f 429 459 465
f 429 465 519
f 519 465 537
f 519 537 575
f 406 335 393
f 393 335 247
f 393 247 410
f 410 364 430
f 430 364 447
f 447 364 469
f 469 364 358
f 469 358 495
f 496 498 359
f 359 498 501
f 359 501 358
f 358 501 500
f 358 500 495
f 405 408 365
f 365 408 419
f 365 419 445
f 521 466 431
f 431 466 464
f 431 464 457
f 457 441 431
f 431 441 420
f 431 420 336
f 336 420 411
f 618 538 521
f 521 538 504
f 521 504 466
f 618 521 619
f 619 521 584
f 619 584 624
f 584 552 558
f 650 666 682
f 650 682 603
f 603 682 587
f 603 587 558
f 558 587 653
f 558 653 584
f 584 653 642
f 584 642 624
f 514 523 521
f 521 523 528
f 521 528 584
f 584 528 540
f 584 540 552
f 341 418 508
f 295 390 341
f 341 390 413
f 341 413 418
f 392 382 301
f 301 382 380
f 301 380 295
f 295 380 388
f 295 388 390
f 481 450 489
f 489 450 525
f 489 525 492
f 492 525 502
f 481 470 450
f 450 470 458
f 450 458 356
f 356 458 452
f 356 452 392
f 588 597 505
f 505 597 554
f 505 554 581
f 597 637 554
f 554 637 669
f 554 669 581
f 581 669 657
f 581 657 644
f 499 534 450
f 450 534 561
f 450 561 525
f 525 561 588
f 525 588 502
f 502 588 505
f 349 360 356
f 349 356 338
f 338 356 327
f 327 356 238
f 327 238 319
f 360 377 356
f 356 377 385
f 356 385 450
f 450 385 463
f 450 463 499
f 372 368 219
f 219 368 329
f 219 329 233
f 233 329 312
f 233 312 296
f 367 219 218
f 367 370 219
f 219 370 375
f 219 375 372
f 270 271 232
f 232 271 292
f 232 292 309
f 461 421 449
f 449 421 384
f 449 384 355
f 355 384 383
f 355 383 371
f 371 357 355
f 355 357 339
f 355 339 237
f 237 339 320
f 461 449 532
f 532 449 526
f 532 526 547
f 547 526 576
f 576 526 493
f 576 493 503
f 633 643 654
f 633 654 571
f 571 654 553
f 571 553 503
f 503 553 625
f 503 625 576
f 460 473 449
f 449 473 478
f 449 478 526
f 526 478 486
f 526 486 493
f 300 389 451
f 399 386 294
f 294 386 381
f 294 381 300
f 300 381 387
f 300 387 389
f 483 424 340
f 340 424 403
f 340 403 399
f 531 519 541
f 541 519 585
f 541 585 548
f 548 585 559
f 506 429 512
f 512 429 519
f 512 519 524
f 524 519 531
f 325 331 431
f 336 276 431
f 431 276 293
f 431 293 325
f 331 341 431
f 431 341 508
f 431 508 521
f 521 508 513
f 521 513 514
f 353 365 359
f 359 365 445
f 359 445 496
f 411 407 336
f 336 407 397
f 336 397 249
f 249 397 396
f 249 396 252
f 252 396 404
f 252 404 254
f 254 404 405
f 254 405 298
f 298 405 365
f 298 365 303
f 303 365 353
f 247 248 410
f 410 248 308
f 410 308 364
f 364 308 352
f 364 352 358
f 323 330 340
f 340 330 429
f 340 429 483
f 483 429 506
f 330 328 429
f 429 328 322
f 429 322 335
f 335 322 287
f 335 287 247
f 399 294 340
f 340 294 302
f 340 302 323
f 288 290 300
f 300 290 286
f 300 286 294
f 294 286 282
f 294 282 302
f 267 283 355
f 237 212 355
f 355 212 222
f 355 222 267
f 460 449 451
f 451 449 355
f 451 355 300
f 300 355 283
f 300 283 288
f 216 232 218
f 218 232 309
f 218 309 367
f 320 318 237
f 237 318 299
f 237 299 186
f 186 299 297
f 186 297 184
f 184 297 269
f 184 269 183
f 183 269 270
f 183 270 188
f 188 270 232
f 188 232 190
f 190 232 216
f 319 238 285
f 285 238 185
f 285 185 273
f 273 185 192
f 273 192 233
f 233 192 217
f 233 217 219
f 392 301 356
f 356 301 291
f 356 291 272
f 272 268 356
f 356 268 221
f 356 221 238
f 238 221 213
f 238 213 185
f 331 332 341
f 341 332 326
f 341 326 295
f 295 326 284
f 295 284 301
f 301 284 289
f 301 289 291
f 346 532 361
f 361 532 547
f 361 547 394
f 394 547 576
f 394 576 434
f 667 612 625
f 625 612 543
f 625 543 576
f 576 543 490
f 576 490 434
f 204 131 384
f 384 421 204
f 204 421 461
f 204 461 207
f 207 461 532
f 207 532 346
f 384 131 383
f 383 131 122
f 383 122 371
f 371 122 120
f 371 120 357
f 120 112 357
f 357 112 111
f 357 111 339
f 111 109 339
f 339 109 98
f 339 98 320
f 320 98 96
f 320 96 318
f 318 96 299
f 299 96 87
f 71 270 67
f 67 270 269
f 67 269 87
f 87 269 297
f 87 297 299
f 123 367 94
f 94 367 309
f 94 309 86
f 86 309 292
f 86 292 71
f 71 292 271
f 71 271 270
f 367 123 370
f 370 123 127
f 370 127 375
f 375 127 126
f 375 126 372
f 372 126 124
f 372 124 368
f 124 329 368
f 329 124 312
f 312 124 90
f 312 90 296
f 296 90 273
f 273 90 73
f 273 73 285
f 73 85 285
f 285 85 97
f 285 97 319
f 327 319 97
f 97 100 327
f 327 100 105
f 327 105 338
f 105 110 338
f 338 110 118
f 338 118 349
f 349 118 121
f 349 121 360
f 360 121 125
f 360 125 377
f 377 125 132
f 377 132 385
f 385 132 463
f 463 132 205
f 463 205 499
f 499 205 208
f 499 208 534
f 534 208 348
f 348 362 534
f 534 362 561
f 362 378 561
f 561 378 395
f 561 395 588
f 588 395 462
f 588 462 597
f 645 669 637
f 462 527 597
f 597 527 533
f 597 533 637
f 637 533 594
f 637 594 645
f 999 982 864
f 767 696 769
f 769 696 699
f 769 699 779
f 806 746 783
f 783 746 728
f 783 728 781
f 781 728 713
f 781 713 767
f 767 713 698
f 767 698 696
f 857 755 862
f 862 755 876
f 699 701 779
f 779 701 719
f 779 719 807
f 807 719 725
f 807 725 857
f 857 725 739
f 857 739 755
f 876 755 919
f 919 755 768
f 919 768 982
f 982 768 849
f 982 849 864
f 1014 1127 1081
f 999 864 1081
f 1081 864 935
f 1081 935 1014
f 1136 1127 1014
f 1014 1023 1136
f 1136 1023 1020
f 1136 1020 1133
f 1133 1020 1013
f 1133 1013 1125
f 1052 1125 1013
f 1013 921 1052
f 1052 921 829
f 1052 829 960
f 960 829 775
f 960 775 891
f 891 775 756
f 891 756 831
f 831 756 734
f 831 734 814
f 814 734 732
f 814 732 800
f 732 717 800
f 800 717 712
f 800 712 773
f 773 712 700
f 773 700 772
f 772 700 697
f 772 697 770
f 799 804 793
f 697 695 770
f 770 695 706
f 770 706 774
f 774 706 727
f 774 727 793
f 793 727 744
f 793 744 799
f 1268 1194 1201
f 1268 1201 1275
f 1275 1201 1197
f 1275 1197 1271
f 1271 1197 1195
f 1271 1195 1267
f 1188 1267 1195
f 916 802 901
f 901 802 782
f 901 782 893
f 1195 1101 1188
f 1188 1101 996
f 1188 996 1102
f 1102 996 918
f 1102 918 1022
f 1022 918 851
f 1022 851 955
f 955 851 843
f 955 843 916
f 916 843 805
f 916 805 802
f 885 819 889
f 889 819 877
f 889 877 895
f 782 766 893
f 893 766 759
f 893 759 886
f 886 759 761
f 886 761 885
f 885 761 790
f 885 790 819
f 485 618 619
f 624 497 619
f 619 497 488
f 619 488 485
f 703 636 653
f 653 636 592
f 653 592 642
f 642 592 551
f 642 551 624
f 624 551 511
f 624 511 497
f 344 210 466
f 466 504 344
f 344 504 538
f 344 538 347
f 347 538 618
f 347 618 485
f 466 210 464
f 464 210 198
f 464 198 457
f 457 198 181
f 457 181 441
f 181 176 441
f 441 176 167
f 441 167 420
f 167 161 420
f 420 161 152
f 420 152 411
f 411 152 149
f 411 149 407
f 407 149 397
f 397 149 138
f 150 405 141
f 141 405 404
f 141 404 138
f 138 404 396
f 138 396 397
f 251 496 189
f 189 496 445
f 189 445 165
f 165 445 419
f 165 419 150
f 150 419 408
f 150 408 405
f 496 251 498
f 498 251 259
f 498 259 501
f 501 259 256
f 501 256 500
f 500 256 250
f 500 250 495
f 250 469 495
f 469 250 447
f 447 250 173
f 447 173 430
f 430 173 410
f 410 173 151
f 410 151 393
f 151 137 393
f 393 137 148
f 393 148 406
f 412 406 148
f 148 153 412
f 412 153 155
f 412 155 417
f 155 162 417
f 417 162 179
f 417 179 435
f 435 179 187
f 435 187 443
f 443 187 199
f 443 199 459
f 459 199 209
f 459 209 465
f 465 209 537
f 537 209 343
f 537 343 575
f 575 343 345
f 575 345 617
f 617 345 484
f 615 627 684
f 684 627 683
f 684 683 702
f 615 684 579
f 579 684 639
f 579 639 529
f 639 638 529
f 529 638 635
f 529 635 494
f 494 635 623
f 494 623 491
f 491 623 622
f 491 622 487
f 487 622 617
f 487 617 484
f 284 326 103
f 103 77 284
f 284 77 81
f 284 81 289
f 291 289 81
f 81 84 291
f 291 84 82
f 291 82 272
f 82 70 272
f 272 70 66
f 272 66 268
f 31 185 32
f 32 185 213
f 32 213 53
f 53 213 221
f 53 221 66
f 66 221 268
f 31 27 185
f 185 27 28
f 185 28 192
f 192 28 33
f 33 40 192
f 192 40 49
f 192 49 217
f 219 217 49
f 49 52 219
f 219 52 51
f 219 51 218
f 218 51 48
f 218 48 216
f 34 190 48
f 48 190 216
f 30 37 212
f 212 186 30
f 30 186 184
f 30 184 29
f 29 184 183
f 29 183 34
f 34 183 188
f 34 188 190
f 65 267 54
f 54 267 222
f 54 222 46
f 46 222 212
f 46 212 45
f 45 212 37
f 283 267 65
f 83 79 286
f 65 74 283
f 283 74 78
f 283 78 288
f 288 78 83
f 288 83 290
f 290 83 286
f 75 101 323
f 286 79 282
f 282 79 75
f 282 75 302
f 302 75 323
f 330 323 101
f 101 107 330
f 330 107 104
f 330 104 328
f 328 104 99
f 328 99 322
f 59 248 247
f 322 99 287
f 287 99 80
f 287 80 247
f 247 80 58
f 247 58 59
f 59 63 248
f 248 63 64
f 248 64 308
f 308 64 89
f 89 95 308
f 308 95 113
f 308 113 352
f 358 352 113
f 113 119 358
f 358 119 117
f 358 117 359
f 359 117 114
f 359 114 353
f 91 303 114
f 114 303 353
f 60 61 276
f 276 249 60
f 60 249 252
f 60 252 62
f 62 252 254
f 62 254 91
f 91 254 298
f 91 298 303
f 102 325 88
f 88 325 293
f 88 293 76
f 76 293 276
f 76 276 72
f 72 276 61
f 331 325 102
f 102 108 331
f 331 108 106
f 331 106 332
f 332 106 103
f 332 103 326
f 1175 1065 1185
f 1185 1065 1074
f 1185 1074 1187
f 1276 1266 1190
f 1190 1266 1263
f 1190 1263 1074
f 1074 1263 1212
f 1074 1212 1187
f 1395 1380 1300
f 1300 1380 1359
f 1300 1359 1190
f 1190 1359 1295
f 1190 1295 1276
f 1300 1361 1395
f 1395 1361 1424
f 1395 1424 1475
f 1450 1476 1480
f 1432 1482 1435
f 1435 1482 1475
f 1435 1475 1424
f 1423 1450 1432
f 1432 1450 1480
f 1432 1480 1482
f 1423 1409 1450
f 1450 1409 1393
f 1450 1393 1476
f 1409 1287 1393
f 1393 1287 1224
f 1393 1224 1321
f 1321 1224 1256
f 1256 1224 1169
f 1256 1169 1250
f 1250 1169 1205
f 1205 1169 1064
f 1205 1064 1174
f 1173 1174 1064
f 1064 1062 1173
f 1173 1062 1067
f 1173 1067 1186
f 1067 1090 1186
f 1186 1090 1106
f 1186 1106 1202
f 1202 1106 1129
f 1202 1129 1216
f 1216 1129 1154
f 1216 1154 1228
f 1315 1228 1154
f 1154 1211 1315
f 1315 1211 1332
f 1315 1332 1416
f 1416 1332 1459
f 1416 1459 1564
f 1564 1459 1595
f 1564 1595 1613
f 1624 1674 1617
f 1617 1674 1666
f 1617 1666 1612
f 1612 1666 1643
f 1612 1643 1607
f 1607 1643 1616
f 1607 1616 1595
f 1595 1616 1613
f 1732 1674 1624
f 1624 1700 1732
f 1732 1700 1758
f 1732 1758 1810
f 1810 1758 1842
f 1810 1842 1881
f 1881 1842 1951
f 1881 1951 1988
f 1988 1951 2023
f 1988 2023 2059
f 2059 2023 2066
f 2059 2066 2080
f 2088 2080 2066
f 2066 2075 2088
f 2088 2075 2078
f 2088 2078 2084
f 2078 2072 2084
f 2084 2072 2067
f 2084 2067 2081
f 2081 2067 1993
f 1993 2067 1992
f 1993 1992 1913
f 1913 1992 1882
f 1913 1882 1891
f 1891 1882 1872
f 1625 1675 1673
f 1673 1675 1703
f 1673 1703 1736
f 1703 1754 1736
f 1736 1754 1757
f 1736 1757 1837
f 1837 1757 1861
f 1837 1861 1872
f 1872 1861 1886
f 1872 1886 1891
f 1606 1614 1632
f 1602 1654 1610
f 1610 1654 1675
f 1610 1675 1619
f 1619 1675 1625
f 1596 1606 1602
f 1602 1606 1632
f 1602 1632 1654
f 1417 1362 1265
f 1505 1614 1606
f 1362 1417 1460
f 1460 1417 1505
f 1460 1505 1576
f 1576 1505 1606
f 1576 1606 1596
f 1155 1229 1198
f 1198 1229 1294
f 1198 1294 1265
f 1265 1294 1317
f 1265 1317 1417
f 1155 1152 1229
f 1229 1152 1128
f 1229 1128 1213
f 1213 1128 1107
f 1213 1107 1199
f 1199 1107 1093
f 1199 1093 1189
f 1189 1093 1069
f 1189 1069 1180
f 1180 1069 1061
f 1180 1061 1170
f 1170 1061 1065
f 1170 1065 1175
f 1017 1019 905
f 905 902 1017
f 1017 902 908
f 1017 908 1037
f 908 925 1037
f 1037 925 942
f 1037 942 1051
f 1051 942 953
f 1051 953 1077
f 1077 953 981
f 1077 981 1097
f 981 1055 1097
f 1097 1055 1200
f 1338 1301 1231
f 1231 1301 1200
f 1231 1200 1118
f 1118 1200 1055
f 1449 1493 1406
f 1406 1493 1456
f 1406 1456 1338
f 1338 1456 1385
f 1338 1385 1301
f 1493 1449 1496
f 1496 1449 1472
f 1496 1472 1522
f 1522 1472 1473
f 1522 1473 1551
f 1495 1559 1488
f 1488 1559 1551
f 1488 1551 1485
f 1485 1551 1473
f 1559 1495 1578
f 1578 1495 1589
f 1578 1589 1608
f 1608 1589 1650
f 1650 1589 1609
f 1650 1609 1672
f 1672 1609 1633
f 1672 1633 1676
f 1779 1733 1707
f 1707 1733 1676
f 1707 1676 1638
f 1638 1676 1633
f 1940 1963 1896
f 1896 1963 1918
f 1896 1918 1791
f 1791 1918 1824
f 1791 1824 1779
f 1779 1824 1813
f 1779 1813 1733
f 1973 1963 1940
f 1940 1957 1973
f 1973 1957 1950
f 1973 1950 1968
f 1968 1950 1939
f 1968 1939 1962
f 1725 1748 1751
f 1962 1939 1852
f 1852 1939 1875
f 1852 1875 1751
f 1751 1875 1746
f 1751 1746 1725
f 1748 1725 1681
f 1681 1725 1603
f 1681 1603 1623
f 1623 1603 1605
f 1605 1603 1601
f 1605 1601 1558
f 1558 1601 1531
f 1558 1531 1494
f 1494 1489 1558
f 1558 1489 1483
f 1558 1483 1541
f 1541 1483 1464
f 1541 1464 1508
f 1508 1464 1448
f 1508 1448 1492
f 1425 1375 1448
f 1448 1375 1492
f 1425 1324 1375
f 1375 1324 1230
f 1375 1230 1126
f 980 1095 1038
f 1038 1095 1137
f 1038 1137 1126
f 1126 1137 1264
f 1126 1264 1375
f 1095 980 1092
f 1092 980 952
f 1092 952 1066
f 1066 952 945
f 1066 945 1041
f 945 926 1041
f 1041 926 909
f 1041 909 1030
f 1030 909 900
f 1030 900 1016
f 1016 900 904
f 1016 904 1018
f 1018 904 917
f 1018 917 1072
f 1072 917 1021
f 1072 1021 1135
f 1162 1232 1215
f 1162 1215 1021
f 1021 1215 1150
f 1021 1150 1135
f 1284 1343 1162
f 1162 1343 1283
f 1162 1283 1232
f 1348 1343 1284
f 1284 1297 1348
f 1348 1297 1293
f 1348 1293 1346
f 1346 1293 1285
f 1346 1285 1342
f 1342 1285 1336
f 1336 1285 1272
f 1336 1272 1325
f 1325 1272 1255
f 1255 1272 1146
f 1255 1146 1223
f 1223 1146 1217
f 1217 1146 1060
f 1217 1060 1209
f 1209 1060 994
f 1209 994 1108
f 905 1019 1045
f 905 1045 994
f 994 1045 1080
f 994 1080 1108
f 559 373 366
f 559 366 548
f 548 366 354
f 548 354 541
f 354 351 541
f 541 351 334
f 541 334 531
f 531 334 333
f 531 333 524
f 524 333 324
f 274 506 277
f 277 506 512
f 277 512 307
f 307 512 524
f 307 524 315
f 315 524 324
f 506 274 483
f 483 274 229
f 483 229 424
f 424 229 144
f 424 144 403
f 403 144 399
f 399 144 140
f 399 140 386
f 386 140 129
f 386 129 381
f 381 129 133
f 381 133 387
f 387 133 134
f 387 134 389
f 134 147 389
f 389 147 191
f 389 191 451
f 257 503 246
f 246 503 493
f 246 493 245
f 245 493 242
f 242 493 486
f 242 486 234
f 234 486 478
f 234 478 220
f 478 473 220
f 220 473 460
f 220 460 202
f 202 460 451
f 202 451 191
f 503 257 571
f 571 257 376
f 376 472 571
f 571 472 549
f 571 549 633
f 633 549 621
f 633 621 643
f 452 193 392
f 392 193 135
f 392 135 382
f 382 135 130
f 382 130 380
f 380 130 128
f 380 128 388
f 388 128 136
f 388 136 390
f 390 136 139
f 390 139 413
f 139 154 413
f 413 154 156
f 413 156 418
f 156 201 418
f 418 201 275
f 418 275 508
f 523 321 528
f 528 321 350
f 528 350 540
f 540 350 363
f 540 363 552
f 552 363 369
f 552 369 558
f 558 369 374
f 514 304 523
f 523 304 316
f 523 316 321
f 514 513 304
f 304 513 508
f 304 508 275
f 558 374 603
f 603 374 444
f 444 510 603
f 603 510 574
f 603 574 650
f 650 574 632
f 650 632 666
f 2329 2327 2336
f 2329 2336 2343
f 2343 2336 2334
f 2343 2334 2340
f 2340 2334 2312
f 2340 2312 2321
f 2321 2312 2294
f 2321 2294 2275
f 2275 2294 2271
f 2275 2271 2264
f 2264 2271 2258
f 2258 2271 2251
f 2258 2251 2255
f 2035 1833 1856
f 1856 1989 2035
f 2035 1989 2068
f 2035 2068 2251
f 2251 2068 2185
f 2251 2185 2255
f 1856 1833 1850
f 1850 1833 1815
f 1850 1815 1835
f 1835 1815 1784
f 1835 1784 1818
f 1818 1784 1780
f 1818 1780 1816
f 1407 1503 1454
f 1024 1144 1068
f 1068 1144 1227
f 1068 1227 1153
f 1153 1227 1316
f 1153 1316 1251
f 1251 1316 1407
f 1251 1407 1312
f 1312 1407 1454
f 1115 1144 1024
f 975 1094 979
f 979 1094 1099
f 979 1099 985
f 985 1099 1115
f 985 1115 1001
f 1001 1115 1024
f 933 940 883
f 839 949 837
f 837 949 948
f 883 845 933
f 933 845 828
f 933 828 938
f 938 828 830
f 938 830 948
f 948 830 835
f 948 835 837
f 964 949 839
f 839 846 964
f 964 846 858
f 964 858 978
f 978 858 871
f 978 871 983
f 1326 1382 1289
f 1289 1382 1290
f 1289 1290 1220
f 1220 1290 1204
f 1220 1204 1113
f 1113 1204 1130
f 1113 1130 1034
f 1034 1130 983
f 1034 983 871
f 1400 1441 1389
f 1389 1441 1427
f 1389 1427 1373
f 1373 1427 1405
f 1373 1405 1347
f 1347 1405 1382
f 1347 1382 1326
f 1397 1444 1401
f 1401 1444 1451
f 1401 1451 1400
f 1400 1451 1447
f 1400 1447 1441
f 1352 1363 1394
f 1444 1397 1368
f 1444 1368 1394
f 1394 1368 1355
f 1394 1355 1352
f 1604 1561 1566
f 1664 1628 1686
f 1686 1628 1639
f 1686 1639 1648
f 1566 1577 1604
f 1604 1577 1599
f 1604 1599 1664
f 1664 1599 1615
f 1664 1615 1628
f 1686 1648 1691
f 1691 1648 1663
f 1691 1663 1699
f 1699 1663 1692
f 1699 1692 1722
f 1722 1692 1701
f 1722 1701 1726
f 1726 1701 1831
f 1831 1701 1867
f 1831 1867 1895
f 1895 1867 1943
f 1895 1943 2089
f 2089 1943 2136
f 2089 2136 2139
f 2160 2139 2136
f 2197 2206 2201
f 2201 2206 2213
f 2201 2213 2204
f 2204 2213 2214
f 2204 2214 2200
f 2214 2211 2200
f 2200 2211 2208
f 2200 2208 2184
f 2184 2208 2194
f 2184 2194 2183
f 2194 2192 2183
f 2183 2192 2179
f 2183 2179 2166
f 2166 2179 2174
f 2166 2174 2161
f 2161 2174 2160
f 2160 2174 2172
f 2160 2172 2139
f 2065 2030 2108
f 2206 2197 2138
f 2206 2138 2108
f 2108 2138 2096
f 2108 2096 2065
f 2263 2220 2259
f 2263 2259 2358
f 2358 2259 2322
f 2358 2322 2352
f 2317 2358 2352
f 2261 2266 2268
f 2268 2266 2284
f 2268 2284 2272
f 2272 2284 2300
f 2352 2325 2317
f 2317 2325 2304
f 2317 2304 2310
f 2310 2304 2300
f 2310 2300 2303
f 2303 2300 2284
f 2266 2261 2076
f 1840 1863 1932
f 1932 1863 1996
f 1932 1996 2076
f 2076 1996 2087
f 2076 2087 2266
f 1819 1839 1840
f 1840 1839 1863
f 1819 1783 1839
f 1839 1783 1782
f 1839 1782 1814
f 1814 1782 1769
f 1814 1769 1789
f 1789 1769 1766
f 1789 1766 1787
f 1771 1799 1766
f 1766 1799 1792
f 1766 1792 1787
f 1799 1771 1869
f 1869 1771 1844
f 1869 1844 1899
f 1899 1844 1885
f 1899 1885 1967
f 1967 1885 1931
f 1967 1931 2020
f 2020 1931 1986
f 2020 1986 2019
f 2158 2170 2110
f 2110 2170 2114
f 2110 2114 2019
f 2019 2114 2027
f 2019 2027 2020
f 2180 2170 2158
f 2165 2159 2171
f 2158 2167 2180
f 2180 2167 2169
f 2180 2169 2178
f 2178 2169 2165
f 2178 2165 2175
f 2175 2165 2171
f 2171 2159 2026
f 2026 2159 2085
f 2085 2025 2026
f 2026 2025 2018
f 2026 2018 2014
f 2014 2018 2006
f 2014 2006 2009
f 2006 1987 2009
f 2009 1987 1978
f 2009 1978 1907
f 1907 1978 1892
f 1907 1892 1862
f 1862 1892 1877
f 1862 1877 1853
f 1853 1877 1790
f 1853 1790 1801
f 1801 1790 1772
f 1788 1801 1772
f 1772 1762 1788
f 1788 1762 1767
f 1788 1767 1808
f 1808 1767 1776
f 1776 1778 1808
f 1808 1778 1796
f 1808 1796 1829
f 1829 1796 1830
f 1829 1830 1845
f 1841 1864 1830
f 1830 1864 1858
f 1830 1858 1845
f 1864 1841 1944
f 1944 1841 1934
f 1944 1934 2056
f 2056 1934 2077
f 2056 2077 2111
f 2111 2077 2262
f 2111 2262 2267
f 2267 2262 2290
f 2290 2262 2273
f 2290 2273 2311
f 2353 2359 2326
f 2326 2359 2319
f 2273 2301 2311
f 2311 2301 2305
f 2311 2305 2319
f 2319 2305 2307
f 2319 2307 2326
f 1832 1983 1868
f 1868 1983 2137
f 2137 1983 2086
f 2137 2086 2140
f 1832 1868 1775
f 1775 1868 1702
f 1775 1702 1727
f 1727 1702 1724
f 1724 1702 1682
f 1724 1682 1704
f 1704 1682 1655
f 1704 1655 1693
f 1693 1655 1649
f 1693 1649 1688
f 1296 1381 1327
f 1327 1225 1296
f 1296 1225 1159
f 1296 1159 1203
f 872 984 920
f 920 984 1103
f 920 1103 986
f 986 1103 1203
f 986 1203 1114
f 1114 1203 1159
f 984 872 970
f 970 872 854
f 970 854 844
f 840 950 841
f 841 950 951
f 841 951 844
f 844 951 959
f 844 959 970
f 1070 1050 989
f 1050 1049 989
f 989 1049 1048
f 989 1048 1040
f 974 976 1096
f 989 965 1070
f 1070 965 956
f 1070 956 1073
f 1073 956 969
f 1073 969 1096
f 1096 969 972
f 1096 972 974
f 1109 1096 976
f 976 987 1109
f 1109 987 1004
f 1109 1004 1134
f 1134 1004 1025
f 1134 1025 1145
f 1249 1145 1025
f 1344 1318 1252
f 1252 1318 1249
f 1252 1249 1210
f 1210 1249 1025
f 1455 1504 1410
f 1410 1504 1466
f 1410 1466 1344
f 1344 1466 1404
f 1344 1404 1318
f 1504 1455 1515
f 1515 1455 1474
f 1515 1474 1537
f 1537 1474 1500
f 1537 1500 1568
f 1568 1500 1530
f 1568 1530 1581
f 1581 1530 1545
f 1581 1545 1586
f 1536 1583 1540
f 1540 1583 1586
f 1540 1586 1544
f 1544 1586 1545
f 1458 1465 1516
f 1583 1536 1486
f 1583 1486 1516
f 1516 1486 1470
f 1516 1470 1458
f 1683 1723 1656
f 1656 1723 1642
f 1781 1817 1774
f 1774 1817 1777
f 1774 1777 1756
f 1683 1696 1723
f 1723 1696 1715
f 1723 1715 1777
f 1777 1715 1750
f 1777 1750 1756
f 1825 1834 1843
f 1781 1793 1817
f 1817 1793 1800
f 1817 1800 1826
f 1826 1800 1825
f 1826 1825 1846
f 1846 1825 1843
f 1846 1843 1857
f 1857 1843 1977
f 1977 1843 1834
f 1977 1834 2069
f 2069 1834 2055
f 2069 2055 2153
f 2153 2055 2142
f 2153 2142 2256
f 2256 2142 2252
f 2328 2331 2332
f 2332 2331 2339
f 2332 2339 2337
f 2337 2339 2345
f 2337 2345 2335
f 2335 2345 2341
f 2252 2257 2256
f 2256 2257 2269
f 2256 2269 2270
f 2270 2269 2313
f 2270 2313 2316
f 2316 2313 2335
f 2316 2335 2338
f 2338 2335 2341
f 2156 2132 2219
f 2331 2328 2250
f 2331 2250 2219
f 2219 2250 2210
f 2219 2210 2156
f 2370 2349 2368
f 2370 2368 2395
f 2395 2368 2388
f 2395 2388 2394
f 2386 2383 2384
f 2395 2394 2384
f 2384 2394 2390
f 2384 2390 2386
f 2374 2376 2378
f 2378 2376 2379
f 2378 2379 2383
f 2383 2379 2382
f 2383 2382 2384
f 2376 2374 2189
f 1995 2005 2054
f 2054 2005 2094
f 2054 2094 2189
f 2189 2094 2191
f 2189 2191 2376
f 1985 2005 1995
f 1995 1972 1985
f 1985 1972 1959
f 1985 1959 1964
f 1959 1937 1964
f 1964 1937 1914
f 1964 1914 1942
f 1942 1914 1911
f 1942 1911 1930
f 1930 1911 1916
f 1930 1916 1946
f 2021 2036 2060
f 1946 1916 2000
f 2000 1916 1971
f 2000 1971 2060
f 2060 1971 2015
f 2060 2015 2021
f 2287 2292 2231
f 2231 2292 2243
f 2231 2243 2193
f 2243 2196 2193
f 2193 2196 2195
f 2193 2195 2150
f 2150 2195 2154
f 2150 2154 2147
f 2147 2154 2129
f 2147 2129 2036
f 2036 2129 2092
f 2036 2092 2060
f 2297 2286 2288
f 2287 2289 2292
f 2292 2289 2302
f 2292 2302 2306
f 2306 2302 2297
f 2306 2297 2299
f 2299 2297 2288
f 2299 2288 2291
f 2155 2291 2149
f 2149 2291 2288
f 2149 2288 2209
f 2209 2288 2286
f 2155 2149 2128
f 2128 2149 2112
f 2128 2112 2122
f 2122 2112 2095
f 2122 2095 2032
f 2032 2095 2093
f 2032 2093 2013
f 1915 1945 1955
f 1955 1945 1998
f 1955 1998 2013
f 2013 1998 2003
f 2013 2003 2032
f 1927 1945 1915
f 1915 1909 1927
f 1927 1909 1906
f 1927 1906 1935
f 1906 1912 1935
f 1935 1912 1917
f 1935 1917 1949
f 1949 1917 1952
f 1949 1952 1976
f 1976 1952 1984
f 1976 1984 1997
f 1997 1984 1994
f 1997 1994 2004
f 2188 2190 2168
f 2188 2168 2053
f 2053 2168 2004
f 2053 2004 1994
f 2373 2375 2188
f 2188 2375 2282
f 2188 2282 2190
f 2375 2373 2377
f 2375 2377 2380
f 2392 2393 2389
f 2389 2393 2391
f 2389 2391 2385
f 2385 2391 2380
f 2385 2380 2381
f 2381 2380 2377
f 1261 1121 1160
f 1495 1571 1589
f 1406 1338 1292
f 1118 1055 998
f 902 905 998
f 998 905 994
f 1146 1242 1262
f 1162 1241 1284
f 946 980 1038
f 1126 1230 1160
f 1603 1679 1546
f 1679 1603 1725
f 1791 1809 1896
f 1896 1809 1802
f 1896 1802 1940
f 1802 1875 1939
f 1940 1802 1957
f 1957 1802 1939
f 1957 1939 1950
f 1483 1489 1464
f 1464 1489 1414
f 1464 1414 1448
f 1489 1494 1414
f 1414 1494 1531
f 1414 1531 1570
f 1570 1531 1601
f 1291 1324 1414
f 1414 1324 1425
f 1414 1425 1448
f 952 980 945
f 945 980 946
f 945 946 926
f 909 926 900
f 900 926 946
f 900 946 904
f 904 946 1038
f 904 1038 917
f 917 1038 997
f 917 997 1021
f 1293 1366 1285
f 1285 1366 1372
f 1285 1372 1272
f 1055 981 998
f 998 981 953
f 998 953 942
f 942 925 998
f 998 925 908
f 998 908 902
f 1060 1122 994
f 994 1122 1161
f 994 1161 998
f 998 1161 1231
f 998 1231 1118
f 1495 1488 1415
f 1415 1488 1485
f 1485 1473 1415
f 1415 1473 1472
f 1415 1472 1449
f 1589 1571 1609
f 1609 1571 1547
f 1609 1547 1633
f 1638 1680 1707
f 1707 1680 1658
f 1707 1658 1779
f 1060 1146 1122
f 1122 1146 1262
f 1122 1262 1161
f 1161 1262 1292
f 1161 1292 1231
f 1231 1292 1338
f 1449 1406 1415
f 1415 1406 1292
f 1415 1292 1387
f 1387 1292 1262
f 1387 1262 1372
f 1372 1262 1242
f 1372 1242 1272
f 1272 1242 1146
f 1746 1875 1807
f 1807 1875 1802
f 1807 1802 1651
f 1651 1802 1809
f 1651 1809 1658
f 1658 1809 1791
f 1658 1791 1779
f 1291 1414 1386
f 1386 1414 1570
f 1386 1570 1546
f 1546 1570 1601
f 1546 1601 1603
f 1366 1371 1518
f 1746 1807 1657
f 1657 1807 1651
f 1657 1651 1512
f 1512 1651 1658
f 1512 1658 1519
f 1519 1658 1680
f 1519 1680 1547
f 1547 1680 1638
f 1547 1638 1633
f 1495 1415 1571
f 1571 1415 1387
f 1571 1387 1547
f 1547 1387 1372
f 1547 1372 1519
f 1519 1372 1366
f 1519 1366 1512
f 1512 1366 1518
f 1512 1518 1657
f 1038 1126 997
f 997 1126 1160
f 997 1160 1021
f 1021 1160 1121
f 1021 1121 1162
f 1162 1121 1261
f 1162 1261 1241
f 1241 1261 1371
f 1241 1371 1284
f 1284 1371 1366
f 1284 1366 1297
f 1297 1366 1293
f 1230 1324 1160
f 1160 1324 1291
f 1160 1291 1261
f 1261 1291 1386
f 1261 1386 1371
f 1371 1386 1546
f 1371 1546 1518
f 1518 1546 1679
f 1518 1679 1657
f 1657 1679 1725
f 1657 1725 1746
f 2381 2377 2405
f 2373 2188 2186
f 2013 2022 2028
f 2036 2021 2024
f 2383 2386 2387
f 2387 2464 2383
f 2383 2464 2406
f 2383 2406 2378
f 2378 2406 2374
f 2374 2406 2404
f 2374 2404 2189
f 1937 1959 2048
f 2048 1959 1972
f 2048 1972 1995
f 1914 1937 1911
f 1911 1937 2048
f 1911 2048 1916
f 1916 2048 1971
f 2021 2015 2024
f 2024 2015 1971
f 2024 1971 2029
f 2029 1971 2048
f 2231 2193 2398
f 2297 2302 2396
f 2396 2302 2289
f 2396 2289 2398
f 2398 2289 2287
f 2398 2287 2231
f 2297 2396 2286
f 2286 2396 2397
f 2286 2397 2209
f 2399 2112 2397
f 2397 2112 2149
f 2397 2149 2209
f 2093 2095 2162
f 1912 1906 2047
f 1912 2047 1917
f 1906 1909 2047
f 2047 1909 1915
f 2047 1915 2028
f 2028 1915 1955
f 2028 1955 2013
f 2047 2053 1994
f 1917 2047 1952
f 1952 2047 1994
f 1952 1994 1984
f 2405 2377 2403
f 2751 2744 2407
f 2385 2381 2407
f 2407 2381 2405
f 2407 2405 2751
f 2751 2405 2403
f 2751 2403 2755
f 2755 2403 2401
f 2755 2401 2762
f 2762 2401 2399
f 2762 2399 2766
f 2766 2399 2397
f 2766 2397 2775
f 2775 2397 2396
f 2775 2396 2780
f 2780 2396 2398
f 2780 2398 2778
f 2778 2398 2400
f 2778 2400 2769
f 2769 2400 2402
f 2769 2402 2763
f 2763 2402 2404
f 2763 2404 2756
f 2756 2404 2406
f 2756 2406 2752
f 2752 2406 2464
f 2752 2464 2745
f 2048 2187 2029
f 2029 2187 2177
f 2029 2177 2024
f 2024 2177 2163
f 2024 2163 2036
f 2036 2163 2147
f 2013 2093 2022
f 2022 2093 2162
f 2022 2162 2028
f 2028 2162 2176
f 2028 2176 2047
f 2047 2176 2186
f 2047 2186 2053
f 2053 2186 2188
f 1995 2054 2048
f 2048 2054 2189
f 2048 2189 2187
f 2187 2189 2404
f 2187 2404 2177
f 2177 2404 2402
f 2177 2402 2163
f 2163 2402 2400
f 2163 2400 2147
f 2147 2400 2398
f 2147 2398 2150
f 2150 2398 2193
f 2095 2112 2162
f 2162 2112 2399
f 2162 2399 2176
f 2176 2399 2401
f 2176 2401 2186
f 2186 2401 2403
f 2186 2403 2373
f 2373 2403 2377
f 732 734 722
f 775 829 825
f 864 849 826
f 112 120 163
f 346 361 517
f 204 207 163
f 163 207 346
f 163 346 260
f 260 346 432
f 120 122 163
f 163 122 131
f 163 131 204
f 96 98 109
f 96 109 163
f 163 109 111
f 163 111 112
f 159 71 92
f 92 71 67
f 92 67 87
f 203 127 123
f 225 124 203
f 203 124 126
f 203 126 127
f 160 73 116
f 116 73 90
f 118 110 164
f 164 110 105
f 85 93 97
f 97 93 164
f 97 164 100
f 100 164 105
f 125 121 132
f 132 121 118
f 132 118 205
f 205 118 164
f 205 164 208
f 601 560 433
f 433 560 362
f 560 518 362
f 362 518 440
f 362 440 378
f 378 440 427
f 378 427 395
f 696 690 699
f 699 690 701
f 719 652 725
f 725 652 607
f 689 768 724
f 724 768 755
f 724 755 739
f 864 826 935
f 935 826 808
f 935 808 1014
f 921 1013 808
f 1014 808 1023
f 1023 808 1013
f 1023 1013 1020
f 756 775 688
f 717 732 606
f 700 712 651
f 346 517 432
f 432 517 557
f 432 557 555
f 600 614 589
f 589 614 695
f 589 695 697
f 361 394 425
f 425 437 361
f 361 437 442
f 361 442 517
f 85 73 93
f 93 73 160
f 93 160 164
f 164 160 261
f 164 261 208
f 208 261 348
f 90 124 116
f 116 124 225
f 116 225 160
f 160 225 311
f 160 311 261
f 261 311 433
f 261 433 348
f 348 433 362
f 829 921 825
f 825 921 808
f 825 808 680
f 680 808 826
f 680 826 689
f 689 826 849
f 689 849 768
f 719 701 652
f 652 701 690
f 652 690 590
f 590 690 696
f 590 696 629
f 697 687 589
f 589 687 555
f 589 555 600
f 600 555 557
f 732 722 606
f 606 722 572
f 606 572 422
f 422 572 400
f 422 400 224
f 775 825 688
f 688 825 680
f 688 680 562
f 562 680 689
f 562 689 573
f 573 689 724
f 573 724 607
f 607 724 739
f 607 739 725
f 712 717 651
f 651 717 606
f 651 606 479
f 479 606 422
f 479 422 310
f 310 422 224
f 310 224 159
f 159 224 115
f 697 700 687
f 687 700 651
f 687 651 555
f 555 651 479
f 555 479 432
f 432 479 310
f 432 310 260
f 260 310 159
f 260 159 163
f 163 159 92
f 163 92 96
f 96 92 87
f 629 616 590
f 590 616 556
f 590 556 652
f 652 556 480
f 652 480 607
f 607 480 423
f 607 423 573
f 573 423 400
f 573 400 562
f 562 400 572
f 562 572 688
f 688 572 722
f 688 722 756
f 756 722 734
f 616 601 556
f 556 601 433
f 556 433 480
f 480 433 311
f 480 311 423
f 423 311 225
f 423 225 400
f 400 225 203
f 400 203 224
f 224 203 123
f 224 123 115
f 115 123 94
f 115 94 159
f 159 94 86
f 159 86 71
f 1951 1969 2023
f 1700 1697 1758
f 1287 1269 1224
f 1432 1435 1514
f 1074 1172 1190
f 1107 1128 1110
f 1110 1128 1152
f 1110 1152 1155
f 1107 1110 1093
f 1093 1110 1061
f 1093 1061 1069
f 1198 1172 1155
f 1155 1172 1074
f 1155 1074 1110
f 1110 1074 1065
f 1110 1065 1061
f 1521 1424 1377
f 1377 1424 1361
f 1377 1361 1300
f 1376 1409 1520
f 1520 1409 1423
f 1269 1287 1391
f 1062 1064 1171
f 1171 1064 1169
f 1171 1169 1298
f 1154 1129 1171
f 1171 1129 1106
f 1106 1090 1171
f 1171 1090 1067
f 1171 1067 1062
f 1697 1700 1573
f 1700 1624 1573
f 1573 1624 1617
f 1573 1617 1612
f 1154 1171 1211
f 1211 1171 1298
f 1211 1298 1332
f 1332 1298 1421
f 1332 1421 1459
f 1459 1421 1573
f 1459 1573 1595
f 1595 1573 1612
f 1595 1612 1607
f 1951 1842 1822
f 1822 1842 1758
f 1822 1758 1677
f 1969 1951 1811
f 2066 2023 1965
f 2066 1965 2075
f 1992 2067 1965
f 2075 1965 2078
f 2078 1965 2067
f 2078 2067 2072
f 1992 1970 1882
f 1882 1970 1812
f 1882 1812 1872
f 1610 1619 1602
f 1602 1619 1574
f 1619 1625 1574
f 1574 1625 1673
f 1574 1673 1698
f 1698 1673 1736
f 1460 1576 1574
f 1574 1576 1596
f 1574 1596 1602
f 1265 1362 1299
f 1299 1362 1460
f 1299 1460 1422
f 1422 1460 1574
f 1837 1823 1736
f 1736 1823 1678
f 1736 1678 1698
f 1698 1678 1549
f 1698 1549 1574
f 1574 1549 1392
f 1574 1392 1422
f 1422 1392 1270
f 1422 1270 1299
f 1758 1697 1677
f 1677 1697 1573
f 1677 1573 1548
f 1548 1573 1421
f 1548 1421 1391
f 1391 1421 1298
f 1391 1298 1269
f 1269 1298 1169
f 1269 1169 1224
f 1198 1265 1172
f 1172 1265 1299
f 1172 1299 1190
f 1190 1299 1270
f 1190 1270 1300
f 1300 1270 1392
f 1300 1392 1377
f 1377 1392 1549
f 1377 1549 1521
f 1521 1549 1678
f 1521 1678 1660
f 1660 1678 1823
f 1660 1823 1812
f 1812 1823 1837
f 1812 1837 1872
f 1951 1822 1811
f 1811 1822 1677
f 1811 1677 1659
f 1659 1677 1548
f 1659 1548 1520
f 1520 1548 1391
f 1520 1391 1376
f 1376 1391 1287
f 1376 1287 1409
f 1992 1965 1970
f 1970 1965 1804
f 1970 1804 1812
f 1812 1804 1652
f 1812 1652 1660
f 1660 1652 1514
f 1660 1514 1521
f 1521 1514 1435
f 1521 1435 1424
f 2023 1969 1965
f 1965 1969 1811
f 1965 1811 1804
f 1804 1811 1659
f 1804 1659 1652
f 1652 1659 1520
f 1652 1520 1514
f 1514 1520 1423
f 1514 1423 1432
f 63 59 41
f 80 68 58
f 28 24 33
f 32 44 19
f 44 32 53
f 66 70 36
f 36 70 82
f 10 27 19
f 19 27 31
f 19 31 32
f 33 24 40
f 40 24 17
f 40 17 49
f 34 48 17
f 49 17 52
f 52 17 48
f 52 48 51
f 30 29 9
f 45 37 18
f 65 54 35
f 83 78 35
f 35 78 74
f 35 74 65
f 68 80 47
f 47 80 99
f 47 99 104
f 79 38 75
f 75 38 47
f 75 47 101
f 101 47 104
f 101 104 107
f 95 89 56
f 56 89 64
f 56 64 25
f 55 119 113
f 117 119 114
f 114 119 55
f 114 55 91
f 91 55 57
f 91 57 62
f 26 42 60
f 88 76 69
f 69 76 72
f 69 72 42
f 42 72 61
f 42 61 60
f 108 102 106
f 106 102 50
f 106 50 103
f 82 84 36
f 36 84 81
f 36 81 77
f 55 22 57
f 57 22 26
f 57 26 62
f 62 26 60
f 22 8 26
f 26 8 12
f 26 12 42
f 42 12 21
f 42 21 69
f 69 21 50
f 69 50 88
f 88 50 102
f 8 2 12
f 12 2 6
f 12 6 21
f 21 6 16
f 21 16 50
f 50 16 39
f 50 39 103
f 29 34 23
f 23 34 17
f 23 17 7
f 7 17 24
f 7 24 10
f 10 24 28
f 10 28 27
f 29 23 9
f 9 23 7
f 9 7 1
f 1 7 10
f 1 10 4
f 4 10 19
f 4 19 14
f 14 19 44
f 14 44 36
f 36 44 53
f 36 53 66
f 37 30 18
f 18 30 9
f 18 9 3
f 3 9 1
f 3 1 2
f 2 1 4
f 2 4 6
f 6 4 14
f 6 14 16
f 16 14 36
f 16 36 39
f 39 36 77
f 39 77 103
f 64 63 25
f 25 63 41
f 25 41 11
f 11 41 20
f 11 20 5
f 5 20 15
f 5 15 13
f 13 15 35
f 13 35 43
f 43 35 54
f 43 54 46
f 59 58 41
f 41 58 68
f 41 68 20
f 20 68 47
f 20 47 15
f 15 47 38
f 15 38 35
f 35 38 79
f 35 79 83
f 46 45 43
f 43 45 18
f 43 18 13
f 13 18 3
f 13 3 5
f 5 3 2
f 5 2 11
f 11 2 8
f 11 8 25
f 25 8 22
f 25 22 56
f 56 22 55
f 56 55 95
f 95 55 113
f 264 168 313
f 416 231 314
f 743 711 599
f 1000 992 1086
f 771 758 762
f 515 494 491
f 176 181 266
f 918 834 851
f 996 993 797
f 993 996 1101
f 1194 977 1201
f 1201 977 1195
f 1201 1195 1197
f 851 834 843
f 843 834 711
f 843 711 805
f 805 711 743
f 805 743 802
f 763 766 782
f 497 516 488
f 488 516 522
f 522 530 488
f 488 530 609
f 488 609 485
f 344 347 266
f 266 347 485
f 266 485 428
f 428 485 544
f 181 198 266
f 266 198 210
f 266 210 344
f 149 152 161
f 149 161 266
f 266 161 167
f 266 167 176
f 170 141 138
f 141 170 150
f 150 170 314
f 150 314 165
f 398 259 251
f 250 230 173
f 173 230 151
f 179 162 264
f 264 162 155
f 155 153 264
f 264 153 148
f 264 148 168
f 264 343 179
f 179 343 209
f 179 209 187
f 187 209 199
f 487 484 608
f 608 484 542
f 608 542 630
f 487 608 491
f 491 608 520
f 491 520 515
f 816 809 742
f 742 809 780
f 924 910 833
f 833 910 863
f 833 863 710
f 992 1000 795
f 759 766 678
f 678 766 763
f 678 763 641
f 476 599 566
f 566 599 711
f 566 711 674
f 674 711 834
f 674 834 797
f 797 834 918
f 797 918 996
f 165 314 189
f 189 314 231
f 189 231 251
f 251 231 416
f 251 416 398
f 398 416 550
f 398 550 415
f 314 476 416
f 416 476 566
f 416 566 550
f 550 566 674
f 550 674 664
f 664 674 797
f 664 797 778
f 778 797 993
f 778 993 977
f 977 993 1101
f 977 1101 1195
f 485 609 544
f 544 609 631
f 544 631 641
f 641 631 679
f 641 679 678
f 678 679 692
f 678 692 759
f 782 802 763
f 763 802 743
f 763 743 641
f 641 743 599
f 641 599 544
f 544 599 476
f 544 476 428
f 428 476 314
f 428 314 266
f 266 314 170
f 266 170 149
f 149 170 138
f 762 758 676
f 676 758 691
f 676 691 677
f 148 137 168
f 168 137 151
f 168 151 313
f 313 151 230
f 313 230 415
f 415 230 250
f 415 250 398
f 398 250 256
f 398 256 259
f 677 640 676
f 676 640 742
f 676 742 762
f 762 742 780
f 762 780 771
f 1000 924 795
f 795 924 833
f 795 833 673
f 673 833 710
f 673 710 565
f 565 710 598
f 565 598 475
f 475 598 542
f 475 542 426
f 426 542 484
f 426 484 345
f 863 816 710
f 710 816 742
f 710 742 598
f 598 742 640
f 598 640 542
f 542 640 677
f 542 677 630
f 1194 1086 977
f 977 1086 992
f 977 992 778
f 778 992 795
f 778 795 664
f 664 795 673
f 664 673 550
f 550 673 565
f 550 565 415
f 415 565 475
f 415 475 313
f 313 475 426
f 313 426 264
f 264 426 345
f 264 345 343
f 1774 1756 1828
f 2249 2337 2335
f 2269 2257 2274
f 2257 2252 2274
f 2274 2252 2142
f 2274 2142 2046
f 2249 2335 2058
f 1800 1793 1821
f 1821 1793 1781
f 1821 1781 1774
f 2142 2055 2046
f 2046 2055 1834
f 2046 1834 1821
f 1821 1834 1825
f 1821 1825 1800
f 1774 1828 1821
f 1821 1828 2058
f 1821 2058 2046
f 2046 2058 2335
f 2046 2335 2274
f 2274 2335 2313
f 2274 2313 2269
f 974 972 1139
f 1530 1500 1420
f 1420 1500 1474
f 1420 1474 1455
f 1431 1544 1545
f 1120 976 974
f 987 976 1004
f 1004 976 1120
f 1004 1120 1025
f 1025 1120 1222
f 1344 1252 1222
f 1222 1252 1210
f 1222 1210 1025
f 1455 1410 1420
f 1420 1410 1344
f 1420 1344 1323
f 1323 1344 1222
f 974 1139 1120
f 1120 1139 1234
f 1120 1234 1222
f 1222 1234 1331
f 1222 1331 1323
f 1323 1331 1431
f 1323 1431 1420
f 1420 1431 1545
f 1420 1545 1530
f 324 333 317
f 333 334 317
f 317 334 351
f 317 351 354
f 324 317 315
f 315 317 277
f 315 277 307
f 129 140 157
f 157 140 144
f 157 144 195
f 195 144 229
f 195 229 240
f 240 229 274
f 142 145 133
f 133 145 134
f 134 145 147
f 147 145 177
f 147 177 191
f 234 220 202
f 202 191 234
f 234 191 177
f 234 177 242
f 242 177 245
f 366 342 354
f 354 342 240
f 354 240 317
f 317 240 274
f 317 274 277
f 142 174 145
f 145 174 197
f 145 197 177
f 177 197 246
f 177 246 245
f 180 171 142
f 142 171 166
f 142 166 174
f 133 129 142
f 142 129 157
f 142 157 180
f 180 157 195
f 180 195 214
f 214 195 240
f 214 240 279
f 279 240 342
f 1403 1402 1282
f 854 872 844
f 844 872 923
f 844 923 841
f 841 923 840
f 937 836 838
f 1403 1274 1396
f 1396 1274 1390
f 1374 1390 1365
f 1365 1390 1274
f 1365 1274 1353
f 1353 1274 1327
f 986 1114 1168
f 1168 1114 1159
f 1168 1159 1274
f 1274 1159 1225
f 1274 1225 1327
f 872 920 923
f 923 920 986
f 923 986 1043
f 1043 986 1168
f 1403 1282 1274
f 1274 1282 1184
f 1274 1184 1168
f 1168 1184 1059
f 1168 1059 1043
f 1043 1059 937
f 1043 937 923
f 923 937 838
f 923 838 840
f 2294 2312 2334
f 1827 1755 1773
f 2045 2035 2251
f 2336 2248 2334
f 2334 2248 2045
f 2334 2045 2294
f 2294 2045 2251
f 2294 2251 2271
f 2035 2045 1833
f 1833 2045 1820
f 1833 1820 1815
f 1815 1820 1780
f 1815 1780 1784
f 2248 2057 2045
f 2045 2057 1827
f 2045 1827 1820
f 1820 1827 1773
f 1820 1773 1780
f 973 975 1119
f 1001 1024 985
f 985 1024 1119
f 985 1119 979
f 979 1119 975
f 1138 971 973
f 1538 1543 1419
f 973 1119 1138
f 1138 1119 1221
f 1138 1221 1233
f 1233 1221 1322
f 1233 1322 1329
f 1329 1322 1419
f 1329 1419 1430
f 1430 1419 1543
f 1430 1543 1542
f 1538 1419 1532
f 1532 1419 1487
f 1532 1487 1502
f 1221 1312 1322
f 1322 1312 1454
f 1322 1454 1419
f 1419 1454 1477
f 1419 1477 1487
f 1024 1068 1119
f 1119 1068 1153
f 1119 1153 1221
f 1221 1153 1251
f 1221 1251 1312
f 1655 1682 1649
f 1649 1682 1702
f 1649 1702 1878
f 1884 1629 1640
f 2145 2199 2205
f 1702 1868 1878
f 1878 1868 2137
f 1878 2137 2145
f 2145 2137 2157
f 2145 2157 2199
f 2199 2157 2182
f 2205 2152 2145
f 2145 2152 1884
f 2145 1884 1878
f 1878 1884 1640
f 1878 1640 1649
f 1400 1389 1273
f 1373 1347 1389
f 1389 1347 1326
f 1389 1326 1273
f 1281 1401 1400
f 922 839 837
f 1400 1273 1281
f 1281 1273 1167
f 1281 1167 1182
f 1182 1167 1042
f 1182 1042 1057
f 1057 1042 922
f 1057 922 936
f 936 922 837
f 936 837 835
f 1167 1034 1042
f 1042 1034 871
f 1042 871 922
f 922 871 858
f 922 858 839
f 839 858 846
f 1326 1289 1273
f 1273 1289 1220
f 1273 1220 1167
f 1167 1220 1113
f 1167 1113 1034
f 2301 2273 2367
f 2262 2077 2071
f 1841 1830 1796
f 1782 1783 1925
f 2300 2304 2308
f 1925 1932 2076
f 1783 1819 1925
f 1925 1819 1840
f 1925 1840 1932
f 1769 1782 1766
f 1766 1782 1925
f 1766 1925 1771
f 1771 1925 1844
f 2019 1986 2033
f 2033 1986 1931
f 2033 1931 1893
f 2158 2323 2167
f 2167 2323 2320
f 2167 2320 2169
f 2033 2350 2019
f 2019 2350 2323
f 2019 2323 2110
f 2110 2323 2158
f 2025 2085 2324
f 2324 2085 2159
f 2324 2159 2320
f 2320 2159 2165
f 2320 2165 2169
f 2025 2324 2018
f 2018 2324 2351
f 2018 2351 2006
f 1978 1987 2034
f 1892 1894 1877
f 1877 1894 1905
f 1877 1905 1790
f 1905 1776 1767
f 1767 1762 1905
f 1905 1762 1772
f 1905 1772 1790
f 1934 1841 1926
f 1926 1841 1796
f 1926 1796 1905
f 1905 1796 1778
f 1905 1778 1776
f 2367 2273 2362
f 2475 2478 2372
f 2305 2301 2372
f 2372 2301 2367
f 2372 2367 2475
f 2475 2367 2362
f 2475 2362 2473
f 2473 2362 2357
f 2473 2357 2471
f 2471 2357 2351
f 2471 2351 2469
f 2469 2351 2324
f 2469 2324 2467
f 2467 2324 2320
f 2467 2320 2465
f 2465 2320 2323
f 2465 2323 2466
f 2466 2323 2350
f 2466 2350 2468
f 2470 2361 2472
f 2472 2361 2366
f 2472 2366 2474
f 2476 2474 2456
f 2456 2474 2366
f 2456 2366 2308
f 2308 2366 2272
f 2308 2272 2300
f 2273 2262 2362
f 2362 2262 2071
f 2362 2071 2357
f 2357 2071 2052
f 2357 2052 2351
f 2351 2052 2034
f 2351 2034 2006
f 2006 2034 1987
f 1904 2070 2051
f 2051 2070 2361
f 2051 2361 2356
f 2356 2361 2470
f 2356 2470 2468
f 2077 1934 2071
f 2071 1934 1926
f 2071 1926 2052
f 2052 1926 1905
f 2052 1905 2034
f 2034 1905 1894
f 2034 1894 1978
f 1978 1894 1892
f 2468 2350 2356
f 2356 2350 2033
f 2356 2033 2051
f 2051 2033 1893
f 2051 1893 1904
f 1931 1885 1893
f 1893 1885 1844
f 1893 1844 1904
f 1904 1844 1925
f 1904 1925 2070
f 2070 1925 2076
f 2070 2076 2361
f 2361 2076 2261
f 2361 2261 2366
f 2366 2261 2268
f 2366 2268 2272
f 2144 2200 2184
f 2184 2183 2144
f 2144 2183 2166
f 2144 2166 2161
f 2161 2160 2144
f 2144 2160 2136
f 2144 2136 1876
f 2151 2204 2200
f 1876 1648 1639
f 2200 2144 2151
f 2151 2144 1876
f 2151 1876 1883
f 1883 1876 1639
f 1883 1639 1628
f 1692 1663 1701
f 1701 1663 1648
f 1701 1648 1867
f 1867 1648 1876
f 1867 1876 1943
f 1943 1876 2136
f 892 832 882
f 882 832 791
f 882 791 881
f 881 791 765
f 881 765 890
f 765 757 890
f 890 757 758
f 890 758 897
f 897 758 771
f 897 771 907
f 907 771 780
f 907 780 947
f 780 809 947
f 947 809 816
f 947 816 995
f 995 816 863
f 995 863 1015
f 1015 863 910
f 1015 910 1033
f 1033 910 1071
f 1071 910 924
f 1071 924 1149
f 1149 924 1000
f 1149 1000 1158
f 1158 1000 1086
f 1158 1086 1226
f 1226 1086 1194
f 1226 1194 1268
f 373 559 567
f 620 482 567
f 567 482 414
f 567 414 373
f 665 605 620
f 620 605 539
f 620 539 482
f 258 502 505
f 438 391 581
f 581 391 505
f 505 391 337
f 505 337 258
f 644 580 581
f 581 580 509
f 581 509 438
f 502 258 255
f 502 255 492
f 255 253 492
f 492 253 239
f 492 239 489
f 239 235 489
f 489 235 226
f 489 226 481
f 481 226 470
f 470 226 223
f 193 452 194
f 194 452 458
f 194 458 206
f 206 458 470
f 206 470 211
f 211 470 223
f 2130 2173 2223
f 2223 2173 2218
f 2223 2218 2329
f 2329 2218 2260
f 2329 2260 2327
f 1641 1685 1653
f 1653 1685 1690
f 1653 1690 1684
f 1684 1690 1737
f 1684 1737 1721
f 1737 1747 1721
f 1721 1747 1749
f 1721 1749 1755
f 1755 1749 1816
f 1755 1816 1773
f 1773 1816 1780
f 1535 1582 1484
f 1484 1582 1523
f 1463 1457 1523
f 1523 1457 1469
f 1523 1469 1484
f 1585 1542 1543
f 1585 1543 1584
f 1542 1585 1539
f 1539 1585 1582
f 1539 1582 1535
f 1543 1538 1584
f 1584 1538 1532
f 1584 1532 1580
f 1580 1532 1502
f 1580 1502 1575
f 1575 1502 1487
f 1575 1487 1555
f 1555 1487 1477
f 1555 1477 1517
f 1517 1477 1454
f 1517 1454 1503
f 1063 966 1044
f 1044 966 988
f 1044 988 1039
f 1094 975 973
f 973 971 1094
f 1094 971 954
f 1094 954 1063
f 1063 954 962
f 1063 962 966
f 2221 2222 2235
f 2235 2222 2359
f 2235 2359 2265
f 2265 2359 2353
f 2031 2079 2118
f 2118 2079 2101
f 2118 2101 2207
f 2207 2101 2148
f 2207 2148 2198
f 2207 2198 2202
f 2207 2202 2215
f 2202 2205 2215
f 2215 2205 2199
f 2215 2199 2212
f 2212 2199 2182
f 2212 2182 2203
f 2203 2182 2181
f 2181 2182 2157
f 2181 2157 2164
f 2164 2157 2146
f 2146 2157 2137
f 2146 2137 2140
f 1560 1562 1587
f 1560 1587 1567
f 1567 1587 1588
f 1567 1588 1579
f 1579 1588 1611
f 1579 1611 1600
f 1611 1618 1600
f 1600 1618 1622
f 1600 1622 1629
f 1629 1622 1688
f 1629 1688 1640
f 1640 1688 1649
f 1398 1446 1367
f 1367 1446 1408
f 1364 1351 1408
f 1408 1351 1358
f 1408 1358 1367
f 1445 1402 1403
f 1402 1445 1399
f 1399 1445 1446
f 1399 1446 1398
f 1403 1396 1445
f 1445 1396 1390
f 1445 1390 1438
f 1390 1374 1438
f 1438 1374 1365
f 1438 1365 1413
f 1413 1365 1353
f 1413 1353 1388
f 1388 1353 1327
f 1388 1327 1381
f 939 847 934
f 934 847 884
f 934 884 944
f 950 840 838
f 838 836 950
f 950 836 827
f 950 827 939
f 939 827 842
f 939 842 847
f 2360 2348 2369
f 2393 2392 2369
f 2369 2392 2371
f 2369 2371 2360
f 236 200 178
f 363 350 241
f 241 350 321
f 241 321 316
f 281 369 363
f 363 241 281
f 281 241 196
f 281 196 215
f 215 196 158
f 215 158 182
f 182 158 172
f 172 158 143
f 172 143 169
f 169 143 146
f 169 146 175
f 194 206 211
f 211 223 178
f 178 223 226
f 253 236 239
f 239 236 178
f 239 178 235
f 235 178 226
f 194 211 193
f 193 211 178
f 193 178 135
f 128 130 143
f 143 130 135
f 143 135 146
f 146 135 178
f 146 178 175
f 175 178 200
f 128 143 136
f 136 143 158
f 136 158 139
f 139 158 154
f 154 158 196
f 154 196 156
f 156 196 201
f 201 196 241
f 201 241 275
f 275 241 316
f 275 316 304
f 2900 2897 2910
f 2606 2603 2817
f 2608 2888 2604
f 2604 2888 2602
f 2803 2823 2888
f 2979 2939 2990
f 2990 2939 3005
f 2900 2899 2897
f 2897 2899 2888
f 2897 2888 2860
f 2860 2888 2823
f 3138 3139 2939
f 2939 3139 3137
f 2979 2971 2939
f 2939 2971 2950
f 2939 2950 2910
f 2910 2950 2929
f 2910 2929 2900
f 2602 2888 2603
f 2603 2888 2852
f 2603 2852 2817
f 2939 2964 3138
f 3138 2964 2981
f 3138 2981 3135
f 3135 2981 3131
f 3137 3136 2939
f 2939 3136 3133
f 2939 3133 3129
f 3131 2981 3127
f 3127 2981 3003
f 3127 3003 3121
f 2939 3048 3044
f 2608 2609 2888
f 2888 2609 2616
f 2888 2616 2624
f 2734 2754 2888
f 2888 2754 2783
f 2888 2783 2803
f 3044 3034 2939
f 2939 3034 3009
f 2939 3009 3005
f 2624 2632 2888
f 2888 2632 2640
f 2888 2640 2648
f 3129 3123 2939
f 2939 3123 3115
f 2939 3115 3105
f 3025 3103 3003
f 3003 3103 3112
f 3003 3112 3121
f 2606 2817 2610
f 2610 2817 2800
f 2610 2800 2619
f 2619 2800 2770
f 2619 2770 2626
f 2626 2770 2747
f 2626 2747 2634
f 3105 3100 2939
f 2939 3100 3086
f 2939 3086 3076
f 2648 2656 2888
f 2888 2656 2667
f 2888 2667 2684
f 2684 2698 2888
f 2888 2698 2715
f 2888 2715 2734
f 3076 3064 2939
f 2939 3064 3054
f 2939 3054 3048
f 3037 3079 3025
f 3025 3079 3093
f 3025 3093 3103
f 2747 2727 2634
f 2634 2727 2709
f 2634 2709 2696
f 3037 3052 3079
f 3079 3052 3062
f 3079 3062 3072
f 2696 2678 2634
f 2634 2678 2665
f 2634 2665 2645
f 2645 2665 2654
f 2116 2281 2254
f 2064 1874 1860
f 2050 2234 2241
f 2041 2228 2234
f 570 467 409
f 821 823 820
f 1597 1598 1557
f 2342 2346 2281
f 2477 2476 2456
f 2138 2098 2096
f 1561 1662 1689
f 1057 936 914
f 804 784 785
f 784 804 799
f 197 227 401
f 227 197 174
f 171 305 166
f 166 305 243
f 549 472 401
f 401 472 376
f 401 376 197
f 197 376 257
f 197 257 246
f 543 535 490
f 490 535 545
f 490 545 434
f 563 437 425
f 600 557 577
f 577 557 517
f 577 517 563
f 563 517 442
f 563 442 437
f 706 685 727
f 727 685 668
f 727 668 744
f 744 668 660
f 744 660 799
f 1075 845 1046
f 1046 845 883
f 1046 883 1026
f 1026 883 940
f 828 869 830
f 830 869 914
f 830 914 835
f 835 914 936
f 1370 1368 1397
f 1370 1339 1368
f 1368 1339 1306
f 1368 1306 1355
f 1355 1306 1278
f 1355 1278 1352
f 1561 1481 1443
f 1443 1481 1363
f 1352 1278 1363
f 1363 1278 1258
f 1363 1258 1443
f 1561 1689 1566
f 1566 1689 1710
f 1566 1710 1577
f 1577 1710 1735
f 1577 1735 1599
f 1599 1735 1615
f 1615 1735 1765
f 1615 1765 1628
f 2151 1883 2121
f 2121 1883 1980
f 2121 1980 1948
f 2204 2151 2201
f 2201 2151 2197
f 1874 2064 1890
f 2220 2126 2064
f 2064 2126 2030
f 2064 2030 1890
f 1890 2030 2065
f 1890 2065 2096
f 2425 2429 2259
f 2259 2429 2322
f 2431 2325 2429
f 2429 2325 2352
f 2429 2352 2322
f 2477 2456 2480
f 2489 2487 2425
f 2425 2487 2484
f 2425 2484 2429
f 2429 2484 2480
f 2429 2480 2431
f 2431 2480 2456
f 2431 2456 2325
f 2325 2456 2308
f 2325 2308 2304
f 2491 2422 2493
f 2493 2422 2419
f 2493 2419 2495
f 2495 2419 2497
f 2497 2419 2415
f 2497 2415 2499
f 2415 2411 2499
f 2499 2411 2410
f 2499 2410 2512
f 2512 2410 2413
f 2512 2413 2520
f 2520 2413 2417
f 2520 2417 2527
f 2527 2417 2423
f 2527 2423 2530
f 2433 2445 2463
f 2423 2427 2530
f 2530 2427 2433
f 2530 2433 2539
f 2539 2433 2463
f 2539 2463 2555
f 2342 2281 2242
f 2242 2281 2116
f 2242 2116 2002
f 1806 1999 1739
f 1739 1999 1961
f 1597 1557 1426
f 1340 1384 1426
f 1191 1192 1178
f 1178 1192 1384
f 1178 1384 1142
f 860 941 927
f 927 941 1151
f 720 741 812
f 467 570 595
f 595 570 675
f 595 675 646
f 646 675 708
f 646 708 720
f 720 708 740
f 720 740 741
f 174 166 227
f 227 166 243
f 227 243 401
f 401 243 436
f 401 436 549
f 549 436 568
f 549 568 621
f 865 804 1002
f 1002 804 785
f 1002 785 1011
f 1011 785 801
f 1011 801 1031
f 1031 801 810
f 1031 810 1053
f 1053 810 848
f 1053 848 1087
f 1087 848 887
f 1087 887 1142
f 1142 887 927
f 1142 927 1178
f 1178 927 1151
f 1178 1151 1191
f 1426 1557 1340
f 1340 1557 1510
f 1340 1510 1310
f 1310 1510 1479
f 1310 1479 1279
f 1279 1479 1462
f 1279 1462 1259
f 1259 1462 1440
f 1259 1440 1246
f 1246 1440 1434
f 1246 1434 1236
f 1236 1434 1429
f 1236 1429 1238
f 1384 1340 1142
f 1142 1340 1310
f 1142 1310 1087
f 1087 1310 1279
f 1087 1279 1053
f 1053 1279 1259
f 1053 1259 1031
f 1031 1259 1246
f 1031 1246 1011
f 1011 1246 1236
f 1011 1236 1002
f 1002 1236 1238
f 1002 1238 1009
f 656 662 731
f 731 662 671
f 731 671 737
f 737 671 693
f 737 693 747
f 747 693 720
f 747 720 776
f 776 720 812
f 776 812 820
f 820 812 813
f 820 813 821
f 799 660 784
f 784 660 656
f 784 656 785
f 785 656 731
f 785 731 801
f 801 731 737
f 801 737 810
f 810 737 747
f 810 747 848
f 848 747 776
f 848 776 887
f 887 776 820
f 887 820 927
f 927 820 823
f 927 823 860
f 668 545 660
f 660 545 535
f 660 535 656
f 656 535 543
f 656 543 662
f 662 543 612
f 662 612 671
f 671 612 667
f 671 667 693
f 693 667 654
f 693 654 720
f 720 654 643
f 720 643 646
f 646 643 621
f 646 621 595
f 595 621 568
f 595 568 467
f 467 568 436
f 467 436 409
f 409 436 243
f 409 243 305
f 1662 1561 1645
f 1645 1561 1443
f 1645 1443 1437
f 1437 1443 1258
f 1437 1258 1244
f 1281 1182 1164
f 1164 1182 1057
f 1164 1057 1124
f 1124 1057 914
f 1124 914 1075
f 1075 914 869
f 1075 869 845
f 845 869 828
f 1026 1244 1046
f 1046 1244 1258
f 1046 1258 1075
f 1075 1258 1278
f 1075 1278 1124
f 1124 1278 1306
f 1124 1306 1164
f 1164 1306 1339
f 1164 1339 1281
f 1281 1339 1370
f 1281 1370 1401
f 1401 1370 1397
f 394 434 425
f 425 434 545
f 425 545 563
f 563 545 668
f 563 668 577
f 577 668 685
f 577 685 600
f 600 685 706
f 600 706 614
f 614 706 695
f 865 1002 940
f 940 1002 1009
f 940 1009 1026
f 1026 1009 1238
f 1026 1238 1244
f 1244 1238 1429
f 1244 1429 1437
f 1437 1429 1635
f 1437 1635 1645
f 2197 2151 2138
f 2138 2151 2121
f 2138 2121 2098
f 2098 2121 1948
f 2098 1948 2096
f 2096 1948 1910
f 2096 1910 1890
f 1635 1860 1645
f 1645 1860 1874
f 1645 1874 1662
f 1662 1874 1890
f 1662 1890 1689
f 1689 1890 1910
f 1689 1910 1710
f 1710 1910 1948
f 1710 1948 1735
f 1735 1948 1980
f 1735 1980 1765
f 1765 1980 1883
f 1765 1883 1628
f 1999 2002 1961
f 1961 2002 2116
f 1961 2116 2091
f 2091 2116 2254
f 2091 2254 2074
f 2074 2254 2245
f 2074 2245 2062
f 2062 2245 2239
f 2062 2239 2044
f 2044 2239 2232
f 2044 2232 2039
f 2039 2232 2225
f 2039 2225 2228
f 2234 2050 2041
f 2041 2050 1851
f 2041 1851 1848
f 1848 1851 1631
f 1848 1631 1855
f 1855 1631 1637
f 1855 1637 1866
f 1866 1637 1647
f 1866 1647 1880
f 1880 1647 1669
f 1880 1669 1898
f 1898 1669 1695
f 1898 1695 1716
f 2228 2041 2039
f 2039 2041 1848
f 2039 1848 2044
f 2044 1848 1855
f 2044 1855 2062
f 2062 1855 1866
f 2062 1866 2074
f 2074 1866 1880
f 2074 1880 2091
f 2091 1880 1898
f 2091 1898 1961
f 1961 1898 1716
f 1961 1716 1739
f 2422 2247 2419
f 2419 2247 2241
f 2419 2241 2415
f 2415 2241 2234
f 2415 2234 2411
f 2411 2234 2228
f 2411 2228 2410
f 2410 2228 2225
f 2410 2225 2413
f 2413 2225 2232
f 2413 2232 2417
f 2417 2232 2239
f 2417 2239 2423
f 2423 2239 2245
f 2423 2245 2427
f 2427 2245 2254
f 2427 2254 2433
f 2433 2254 2281
f 2433 2281 2445
f 2445 2281 2346
f 1598 1806 1557
f 1557 1806 1739
f 1557 1739 1510
f 1510 1739 1716
f 1510 1716 1479
f 1479 1716 1695
f 1479 1695 1462
f 1462 1695 1669
f 1462 1669 1440
f 1440 1669 1647
f 1440 1647 1434
f 1434 1647 1637
f 1434 1637 1429
f 1429 1637 1631
f 1429 1631 1635
f 1635 1631 1851
f 1635 1851 1860
f 1860 1851 2050
f 1860 2050 2064
f 2064 2050 2241
f 2064 2241 2220
f 2220 2241 2247
f 2220 2247 2259
f 2259 2247 2422
f 2259 2422 2425
f 2425 2422 2491
f 2425 2491 2489
f 2439 2315 2293
f 2685 2448 2450
f 2463 2445 2439
f 570 602 655
f 539 605 582
f 582 605 665
f 892 1098 1084
f 1430 1490 1452
f 1490 1430 1542
f 2260 2216 2236
f 2360 2371 2457
f 2385 2407 2461
f 2385 2461 2389
f 2389 2461 2459
f 2389 2459 2392
f 2360 2363 2348
f 2348 2363 2354
f 2348 2354 2227
f 2227 2354 2130
f 2038 2218 2016
f 2016 2218 2173
f 2016 2173 2130
f 2260 2236 2327
f 2327 2236 2248
f 2327 2248 2336
f 1721 1755 1827
f 1744 1641 1768
f 1768 1641 1653
f 1768 1653 1803
f 1803 1653 1684
f 1803 1684 1836
f 1836 1684 1721
f 1836 1721 1870
f 1870 1721 1827
f 1870 1827 1900
f 1457 1463 1354
f 1490 1484 1452
f 1452 1484 1469
f 1452 1469 1411
f 1411 1469 1457
f 1411 1457 1378
f 1378 1457 1354
f 1542 1539 1490
f 1490 1539 1535
f 1490 1535 1484
f 1206 1056 1247
f 1247 1056 1138
f 1247 1138 1286
f 1286 1138 1233
f 1286 1233 1329
f 962 954 1005
f 1005 954 971
f 765 791 745
f 745 791 832
f 745 832 735
f 515 520 626
f 626 520 608
f 626 608 647
f 647 608 630
f 647 630 677
f 529 591 579
f 579 591 714
f 579 714 615
f 683 627 704
f 716 665 681
f 214 279 263
f 263 279 342
f 214 263 180
f 180 263 278
f 180 278 171
f 409 305 278
f 278 305 171
f 729 708 655
f 655 708 675
f 655 675 570
f 813 812 796
f 796 812 741
f 796 741 729
f 729 741 740
f 729 740 708
f 1151 941 931
f 931 941 860
f 931 860 818
f 818 860 823
f 818 823 821
f 1181 1191 1151
f 1191 1181 1192
f 1192 1181 1384
f 1384 1181 1356
f 1384 1356 1426
f 2002 1999 1981
f 1981 1999 1806
f 1981 1806 1752
f 1752 1806 1598
f 1752 1598 1569
f 1569 1598 1597
f 1569 1597 1426
f 2315 2342 2242
f 2439 2445 2315
f 2315 2445 2346
f 2315 2346 2342
f 2567 2434 2597
f 2597 2434 2435
f 2597 2435 2636
f 2435 2438 2636
f 2636 2438 2442
f 2636 2442 2655
f 2655 2442 2446
f 2655 2446 2671
f 2685 2450 2694
f 2694 2450 2452
f 2694 2452 2701
f 2454 2457 2721
f 2721 2712 2454
f 2454 2712 2707
f 2454 2707 2452
f 2452 2707 2705
f 2452 2705 2701
f 2371 2392 2457
f 2457 2392 2459
f 2457 2459 2721
f 2721 2459 2729
f 2729 2459 2732
f 2732 2459 2461
f 2732 2461 2738
f 2738 2461 2407
f 2738 2407 2744
f 2360 2457 2363
f 2363 2457 2454
f 2363 2454 2354
f 2354 2454 2452
f 2354 2452 2330
f 2330 2452 2450
f 2330 2450 2309
f 2309 2450 2448
f 2309 2448 2295
f 2295 2106 2309
f 2309 2106 2117
f 2309 2117 2330
f 2330 2117 2131
f 2330 2131 2354
f 2354 2131 2141
f 2354 2141 2130
f 2106 1928 2117
f 2117 1928 1956
f 2117 1956 2131
f 2131 1956 1974
f 2131 1974 2141
f 2141 1974 1990
f 2141 1990 2130
f 2130 1990 2007
f 2130 2007 2016
f 1528 1641 1563
f 1563 1641 1744
f 1563 1744 1533
f 1533 1744 1729
f 1533 1729 1511
f 1511 1729 1717
f 2260 2218 2216
f 2216 2218 2038
f 2216 2038 2236
f 2236 2038 2082
f 2236 2082 2248
f 2248 2082 2057
f 1928 1717 1956
f 1956 1717 1729
f 1956 1729 1974
f 1974 1729 1744
f 1974 1744 1990
f 1990 1744 1768
f 1990 1768 2007
f 2007 1768 1803
f 2007 1803 2016
f 2016 1803 1836
f 2016 1836 2038
f 2038 1836 1870
f 2038 1870 2082
f 2082 1870 1900
f 2082 1900 2057
f 2057 1900 1827
f 961 1039 1116
f 1116 1039 988
f 1116 988 1147
f 1147 988 966
f 1147 966 1176
f 1176 966 962
f 1176 962 1206
f 1206 962 1005
f 1206 1005 1056
f 1056 1005 971
f 1056 971 1138
f 758 757 691
f 691 757 765
f 691 765 677
f 677 765 745
f 677 745 647
f 647 745 735
f 647 735 626
f 892 961 1098
f 1098 961 1116
f 1098 1116 1313
f 1313 1116 1147
f 1313 1147 1328
f 1328 1147 1176
f 1328 1176 1354
f 1354 1176 1206
f 1354 1206 1378
f 1378 1206 1247
f 1378 1247 1411
f 1411 1247 1286
f 1411 1286 1452
f 1452 1286 1329
f 1452 1329 1430
f 627 615 704
f 704 615 714
f 704 714 750
f 750 714 855
f 750 855 852
f 1084 1098 1304
f 1304 1098 1313
f 1304 1313 1511
f 1511 1313 1328
f 1511 1328 1533
f 1533 1328 1354
f 1533 1354 1563
f 1563 1354 1463
f 1563 1463 1528
f 446 414 454
f 454 414 482
f 454 482 446
f 446 482 539
f 446 539 453
f 453 539 582
f 453 582 471
f 366 373 342
f 342 373 414
f 342 414 263
f 263 414 446
f 263 446 278
f 278 446 453
f 278 453 409
f 409 453 471
f 529 610 591
f 591 610 723
f 591 723 714
f 714 723 867
f 714 867 855
f 494 515 529
f 529 515 626
f 529 626 610
f 610 626 735
f 610 735 723
f 723 735 832
f 723 832 867
f 867 832 892
f 867 892 855
f 855 892 1084
f 855 1084 852
f 2242 2002 2133
f 2133 2002 1981
f 2133 1981 2109
f 1426 1356 1569
f 1569 1356 1550
f 1569 1550 1752
f 1752 1550 1740
f 1752 1740 1981
f 1981 1740 1966
f 1981 1966 2109
f 821 813 818
f 818 813 796
f 818 796 931
f 931 796 903
f 931 903 1156
f 1156 903 1131
f 1156 1131 1333
f 1333 1131 1319
f 1333 1319 1527
f 1527 1319 1506
f 1527 1506 1728
f 1728 1506 1718
f 1728 1718 1953
f 1953 1718 1929
f 2242 2133 2315
f 2315 2133 2109
f 2315 2109 2293
f 2293 2109 2104
f 2293 2104 2279
f 2279 2104 2099
f 2279 2099 2276
f 2276 2099 2100
f 2276 2100 2278
f 681 702 716
f 716 702 707
f 716 707 760
f 760 707 753
f 760 753 875
f 875 753 859
f 875 859 1104
f 1104 859 1088
f 1104 1088 1308
f 1308 1088 1302
f 1308 1302 1497
f 1497 1302 1498
f 1497 1498 1711
f 1711 1498 1708
f 1711 1708 1922
f 1922 1708 1921
f 1922 1929 1711
f 1711 1929 1718
f 1711 1718 1497
f 1497 1718 1506
f 1497 1506 1308
f 1308 1506 1319
f 1308 1319 1104
f 1104 1319 1131
f 1104 1131 875
f 875 1131 903
f 875 903 760
f 760 903 796
f 760 796 716
f 716 796 729
f 716 729 665
f 665 729 655
f 665 655 582
f 582 655 602
f 582 602 471
f 471 602 570
f 471 570 409
f 2555 2463 2567
f 2567 2463 2439
f 2567 2439 2434
f 2434 2439 2293
f 2434 2293 2435
f 2435 2293 2279
f 2435 2279 2438
f 2438 2279 2276
f 2438 2276 2442
f 2442 2276 2278
f 2442 2278 2446
f 1151 931 1181
f 1181 931 1156
f 1181 1156 1356
f 1356 1156 1333
f 1356 1333 1550
f 1550 1333 1527
f 1550 1527 1740
f 1740 1527 1728
f 1740 1728 1966
f 1966 1728 1953
f 1966 1953 2109
f 2109 1953 1929
f 2109 1929 2104
f 2104 1929 1922
f 2104 1922 2099
f 2099 1922 1921
f 2099 1921 2100
f 702 683 707
f 707 683 704
f 707 704 753
f 753 704 750
f 753 750 859
f 859 750 852
f 859 852 1088
f 1088 852 1084
f 1088 1084 1302
f 1302 1084 1304
f 1302 1304 1498
f 1498 1304 1511
f 1498 1511 1708
f 1708 1511 1717
f 1708 1717 1921
f 1921 1717 1928
f 1921 1928 2100
f 2100 1928 2106
f 2100 2106 2278
f 2278 2106 2295
f 2278 2295 2446
f 2446 2295 2448
f 2446 2448 2671
f 2671 2448 2685
f 915 1123 1076
f 2490 2492 2420
f 2500 2409 2414
f 509 580 569
f 569 580 644
f 806 786 746
f 1282 1369 1337
f 1369 1282 1402
f 1629 1764 1734
f 2420 2265 2424
f 2424 2265 2353
f 2424 2353 2428
f 2428 2353 2326
f 2428 2326 2430
f 2430 2326 2307
f 2430 2307 2372
f 2372 2307 2305
f 2235 2246 2221
f 2221 2246 2240
f 2221 2240 2127
f 2127 2240 2031
f 1947 2101 1908
f 1908 2101 2079
f 1908 2079 2031
f 2205 2202 2152
f 2152 2202 2198
f 2152 2198 2120
f 2120 2198 2148
f 2120 2148 2097
f 1629 1734 1600
f 1600 1734 1709
f 1600 1709 1579
f 1579 1709 1687
f 1579 1687 1567
f 1567 1687 1661
f 1567 1661 1560
f 1560 1661 1562
f 1562 1661 1644
f 1562 1644 1418
f 1351 1364 1257
f 1369 1367 1337
f 1337 1367 1358
f 1337 1358 1305
f 1305 1358 1351
f 1305 1351 1277
f 1277 1351 1257
f 1402 1399 1369
f 1369 1399 1398
f 1369 1398 1367
f 915 937 1123
f 1123 937 1059
f 1123 1059 1163
f 1163 1059 1184
f 842 827 870
f 870 827 836
f 713 728 686
f 686 728 746
f 686 601 713
f 713 601 616
f 713 616 698
f 698 616 629
f 698 629 696
f 564 440 518
f 440 564 427
f 427 564 462
f 427 462 395
f 564 546 462
f 462 546 536
f 462 536 527
f 527 536 533
f 669 645 663
f 236 337 228
f 253 255 236
f 236 255 258
f 236 258 337
f 262 172 169
f 262 169 244
f 244 169 175
f 244 175 228
f 228 175 200
f 228 200 236
f 379 306 244
f 244 306 262
f 777 751 721
f 721 751 634
f 721 634 648
f 648 634 613
f 648 613 596
f 596 613 507
f 822 928 913
f 913 928 943
f 1208 1196 1179
f 1179 1196 1193
f 1179 1193 943
f 1786 1785 1738
f 1738 1785 1524
f 1738 1524 1556
f 1556 1524 1383
f 1786 1738 1919
f 1919 1738 1960
f 1919 1960 2001
f 2253 2432 2280
f 2280 2432 2443
f 2443 2364 2280
f 2280 2364 2347
f 2280 2347 2344
f 2546 2426 2531
f 2531 2426 2421
f 2531 2421 2526
f 2421 2416 2526
f 2526 2416 2412
f 2526 2412 2521
f 2521 2412 2408
f 2521 2408 2513
f 2500 2414 2498
f 2498 2414 2418
f 2498 2418 2496
f 2420 2492 2418
f 2418 2492 2494
f 2418 2494 2496
f 2490 2420 2488
f 2488 2420 2424
f 2488 2424 2486
f 2486 2424 2485
f 2485 2424 2428
f 2485 2428 2483
f 2483 2428 2430
f 2483 2430 2479
f 2479 2430 2372
f 2479 2372 2478
f 2235 2265 2246
f 2246 2265 2420
f 2246 2420 2240
f 2240 2420 2418
f 2240 2418 2233
f 2233 2418 2414
f 2233 2414 2226
f 2226 2414 2409
f 2226 2409 2224
f 2224 2037 2226
f 2226 2037 2040
f 2226 2040 2233
f 2233 2040 2049
f 2233 2049 2240
f 2240 2049 2063
f 2240 2063 2031
f 2037 1847 2040
f 2040 1847 1849
f 2040 1849 2049
f 2049 1849 1859
f 2049 1859 2063
f 2063 1859 1873
f 2063 1873 2031
f 2031 1873 1889
f 2031 1889 1908
f 1630 1428 1634
f 1634 1428 1436
f 1634 1436 1644
f 1644 1436 1442
f 1644 1442 1418
f 2148 2101 2097
f 2097 2101 1947
f 2097 1947 2120
f 2120 1947 1979
f 2120 1979 2152
f 2152 1979 1884
f 1847 1630 1849
f 1849 1630 1634
f 1849 1634 1859
f 1859 1634 1644
f 1859 1644 1873
f 1873 1644 1661
f 1873 1661 1889
f 1889 1661 1687
f 1889 1687 1908
f 1908 1687 1709
f 1908 1709 1947
f 1947 1709 1734
f 1947 1734 1979
f 1979 1734 1764
f 1979 1764 1884
f 1884 1764 1629
f 866 944 1010
f 1010 944 884
f 1010 884 1027
f 1027 884 847
f 1027 847 1047
f 1047 847 842
f 1047 842 1076
f 1076 842 870
f 1076 870 915
f 915 870 836
f 915 836 937
f 806 866 1003
f 1003 866 1010
f 1003 1010 1237
f 1237 1010 1027
f 1237 1027 1243
f 1243 1027 1047
f 1243 1047 1257
f 1257 1047 1076
f 1257 1076 1277
f 1277 1076 1123
f 1277 1123 1305
f 1305 1123 1163
f 1305 1163 1337
f 1337 1163 1184
f 1337 1184 1282
f 560 601 578
f 578 601 686
f 578 686 670
f 670 686 746
f 670 746 661
f 661 746 786
f 661 786 658
f 663 658 733
f 733 658 787
f 733 787 803
f 803 787 1012
f 658 786 787
f 787 786 806
f 787 806 1012
f 1012 806 1003
f 1012 1003 1235
f 1235 1003 1237
f 1235 1237 1428
f 1428 1237 1243
f 1428 1243 1436
f 1436 1243 1257
f 1436 1257 1442
f 1442 1257 1364
f 1442 1364 1418
f 391 438 402
f 402 438 509
f 402 509 439
f 439 509 569
f 439 569 468
f 337 391 228
f 228 391 402
f 228 402 244
f 244 402 439
f 244 439 379
f 379 439 468
f 379 468 477
f 645 594 663
f 663 594 533
f 663 533 658
f 658 533 536
f 658 536 661
f 661 536 546
f 661 546 670
f 670 546 564
f 670 564 578
f 578 564 518
f 578 518 560
f 2344 2001 2115
f 2115 2001 1960
f 2115 1960 2090
f 1208 1179 1383
f 1383 1179 1341
f 1383 1341 1556
f 1556 1341 1509
f 1556 1509 1738
f 1738 1509 1714
f 1738 1714 1960
f 1960 1714 1920
f 1960 1920 2090
f 913 751 822
f 822 751 777
f 822 777 928
f 928 777 888
f 928 888 1143
f 1143 888 1089
f 1143 1089 1311
f 1311 1089 1280
f 1311 1280 1478
f 1478 1280 1461
f 1478 1461 1694
f 1694 1461 1668
f 1694 1668 1897
f 1897 1668 1879
f 2344 2115 2280
f 2280 2115 2090
f 2280 2090 2253
f 2253 2090 2073
f 2253 2073 2244
f 2244 2073 2061
f 2244 2061 2237
f 2237 2061 2043
f 2237 2043 2230
f 694 672 749
f 749 672 738
f 749 738 850
f 850 738 811
f 850 811 1054
f 1054 811 1032
f 1054 1032 1260
f 1260 1032 1245
f 1260 1245 1439
f 1439 1245 1433
f 1439 1433 1646
f 1646 1433 1636
f 1646 1636 1865
f 1865 1636 1854
f 1865 1879 1646
f 1646 1879 1668
f 1646 1668 1439
f 1439 1668 1461
f 1439 1461 1260
f 1260 1461 1280
f 1260 1280 1054
f 1054 1280 1089
f 1054 1089 850
f 850 1089 888
f 850 888 749
f 749 888 777
f 749 777 694
f 694 777 721
f 694 721 644
f 644 721 648
f 644 648 569
f 569 648 596
f 569 596 468
f 468 596 507
f 468 507 477
f 2556 2443 2546
f 2546 2443 2432
f 2546 2432 2426
f 2426 2432 2253
f 2426 2253 2421
f 2421 2253 2244
f 2421 2244 2416
f 2416 2244 2237
f 2416 2237 2412
f 2412 2237 2230
f 2412 2230 2408
f 943 928 1179
f 1179 928 1143
f 1179 1143 1341
f 1341 1143 1311
f 1341 1311 1509
f 1509 1311 1478
f 1509 1478 1714
f 1714 1478 1694
f 1714 1694 1920
f 1920 1694 1897
f 1920 1897 2090
f 2090 1897 1879
f 2090 1879 2073
f 2073 1879 1865
f 2073 1865 2061
f 2061 1865 1854
f 2061 1854 2043
f 644 657 694
f 694 657 669
f 694 669 672
f 672 669 663
f 672 663 738
f 738 663 733
f 738 733 811
f 811 733 803
f 811 803 1032
f 1032 803 1012
f 1032 1012 1245
f 1245 1012 1235
f 1245 1235 1433
f 1433 1235 1428
f 1433 1428 1636
f 1636 1428 1630
f 1636 1630 1854
f 1854 1630 1847
f 1854 1847 2043
f 2043 1847 2037
f 2043 2037 2230
f 2230 2037 2224
f 2230 2224 2408
f 2408 2224 2409
f 2408 2409 2513
f 2513 2409 2500
f 2143 1991 1975
f 2134 2333 2355
f 2119 2314 2333
f 1207 1248 1058
f 751 730 659
f 2344 2347 2318
f 2652 2444 2440
f 2743 2745 2464
f 2250 2217 2210
f 1642 1770 1805
f 969 956 1006
f 1006 956 965
f 895 868 856
f 868 895 877
f 574 510 448
f 172 262 182
f 182 262 280
f 448 456 265
f 265 456 281
f 265 281 215
f 448 510 456
f 456 510 444
f 456 444 281
f 281 444 374
f 281 374 369
f 730 718 659
f 659 718 666
f 659 666 632
f 592 593 551
f 551 593 611
f 551 611 511
f 628 522 516
f 679 631 649
f 649 631 609
f 649 609 628
f 628 609 530
f 628 530 522
f 761 748 790
f 790 748 736
f 790 736 819
f 1431 1331 1288
f 1288 1331 1234
f 1288 1234 1248
f 1248 1234 1139
f 1248 1139 1058
f 1058 1139 972
f 1486 1536 1491
f 1491 1536 1540
f 1491 1453 1486
f 1486 1453 1412
f 1486 1412 1470
f 1470 1412 1379
f 1470 1379 1458
f 1642 1594 1565
f 1565 1594 1465
f 1458 1379 1465
f 1465 1379 1357
f 1465 1357 1565
f 1642 1805 1656
f 1656 1805 1838
f 1656 1838 1683
f 1683 1838 1696
f 1696 1838 1871
f 1696 1871 1715
f 1828 1756 1750
f 1715 1871 1750
f 1750 1871 1901
f 1750 1901 1828
f 2249 2058 2238
f 2238 2058 2083
f 2238 2083 2042
f 2337 2249 2332
f 2332 2249 2328
f 1991 2143 2008
f 2349 2229 2143
f 2143 2229 2132
f 2143 2132 2008
f 2008 2132 2156
f 2008 2156 2210
f 2458 2460 2368
f 2368 2460 2388
f 2462 2390 2460
f 2460 2390 2394
f 2460 2394 2388
f 2743 2464 2733
f 2458 2726 2460
f 2460 2726 2733
f 2460 2733 2462
f 2462 2733 2464
f 2462 2464 2390
f 2390 2464 2387
f 2390 2387 2386
f 2717 2455 2711
f 2711 2455 2453
f 2711 2453 2704
f 2704 2453 2451
f 2704 2451 2692
f 2692 2451 2449
f 2692 2449 2681
f 2681 2449 2447
f 2681 2447 2666
f 2444 2652 2447
f 2447 2652 2663
f 2447 2663 2666
f 2436 2598 2437
f 2437 2598 2637
f 2437 2637 2440
f 2440 2637 2641
f 2440 2641 2652
f 2364 2443 2441
f 2441 2443 2556
f 2556 2561 2441
f 2441 2561 2566
f 2441 2566 2436
f 2436 2566 2577
f 2436 2577 2598
f 2001 2344 2135
f 2135 2344 2318
f 2135 2318 2296
f 1785 1786 1753
f 1753 1786 1919
f 1753 1919 1982
f 1360 1383 1524
f 1196 1208 1183
f 1183 1208 1383
f 1183 1383 1157
f 932 943 1193
f 604 613 634
f 379 477 474
f 474 477 604
f 604 477 507
f 604 507 613
f 262 306 280
f 280 306 455
f 306 379 455
f 455 379 474
f 455 474 583
f 583 474 604
f 215 182 265
f 265 182 280
f 265 280 448
f 448 280 455
f 448 455 574
f 574 455 583
f 574 583 632
f 632 583 604
f 632 604 659
f 659 604 634
f 659 634 751
f 963 895 1100
f 1100 895 856
f 1100 856 1085
f 1085 856 853
f 1085 853 1091
f 1091 853 861
f 1091 861 1105
f 1105 861 878
f 1105 878 1132
f 1132 878 906
f 1132 906 1157
f 1157 906 932
f 1157 932 1183
f 1183 932 1193
f 1183 1193 1196
f 1524 1572 1360
f 1360 1572 1552
f 1360 1552 1334
f 1334 1552 1529
f 1334 1529 1320
f 1320 1529 1507
f 1320 1507 1309
f 1309 1507 1499
f 1309 1499 1303
f 1303 1499 1501
f 1303 1501 1307
f 1307 1501 1513
f 1307 1513 1314
f 1383 1360 1157
f 1157 1360 1334
f 1157 1334 1132
f 1132 1334 1320
f 1132 1320 1105
f 1105 1320 1309
f 1105 1309 1091
f 1091 1309 1303
f 1091 1303 1085
f 1085 1303 1307
f 1085 1307 1100
f 1100 1307 1314
f 1100 1314 1117
f 913 824 751
f 751 824 798
f 751 798 730
f 730 798 764
f 730 764 718
f 718 764 754
f 718 754 709
f 709 754 752
f 709 752 705
f 705 752 715
f 819 736 877
f 877 736 726
f 877 726 868
f 868 726 715
f 868 715 856
f 856 715 752
f 856 752 853
f 853 752 754
f 853 754 861
f 861 754 764
f 861 764 878
f 878 764 798
f 878 798 906
f 906 798 824
f 906 824 932
f 932 824 913
f 932 913 943
f 736 611 726
f 726 611 593
f 726 593 715
f 715 593 592
f 715 592 705
f 705 592 636
f 705 636 709
f 709 636 703
f 709 703 718
f 718 703 682
f 718 682 666
f 1770 1642 1745
f 1745 1642 1565
f 1745 1565 1534
f 1534 1565 1357
f 1534 1357 1330
f 1040 1148 989
f 989 1148 1177
f 989 1177 965
f 965 1177 1207
f 965 1207 1006
f 1006 1207 1058
f 1006 1058 969
f 969 1058 972
f 1148 1330 1177
f 1177 1330 1357
f 1177 1357 1207
f 1207 1357 1379
f 1207 1379 1248
f 1248 1379 1412
f 1248 1412 1288
f 1288 1412 1453
f 1288 1453 1431
f 1431 1453 1491
f 1431 1491 1544
f 1544 1491 1540
f 497 511 516
f 516 511 611
f 516 611 628
f 628 611 736
f 628 736 649
f 649 736 748
f 649 748 679
f 679 748 761
f 679 761 692
f 692 761 759
f 963 1100 1040
f 1040 1100 1117
f 1040 1117 1148
f 1148 1117 1314
f 1148 1314 1330
f 1330 1314 1513
f 1330 1513 1534
f 1534 1513 1731
f 1534 1731 1745
f 2328 2249 2250
f 2250 2249 2238
f 2250 2238 2217
f 2217 2238 2042
f 2217 2042 2210
f 2210 2042 2017
f 2210 2017 2008
f 1731 1975 1745
f 1745 1975 1991
f 1745 1991 1770
f 1770 1991 2008
f 1770 2008 1805
f 1805 2008 2017
f 1805 2017 1838
f 1838 2017 2042
f 1838 2042 1871
f 1871 2042 2083
f 1871 2083 1901
f 1901 2083 2058
f 1901 2058 1828
f 1919 2001 1982
f 1982 2001 2135
f 1982 2135 2113
f 2113 2135 2296
f 2113 2296 2105
f 2105 2296 2285
f 2105 2285 2102
f 2102 2285 2277
f 2102 2277 2103
f 2103 2277 2283
f 2103 2283 2107
f 2107 2283 2298
f 2107 2298 2314
f 2333 2134 2119
f 2119 2134 1958
f 2119 1958 1933
f 1933 1958 1719
f 1933 1719 1923
f 1923 1719 1712
f 1923 1712 1924
f 1924 1712 1713
f 1924 1713 1936
f 1936 1713 1720
f 1936 1720 1954
f 1954 1720 1730
f 1954 1730 1741
f 2314 2119 2107
f 2107 2119 1933
f 2107 1933 2103
f 2103 1933 1923
f 2103 1923 2102
f 2102 1923 1924
f 2102 1924 2105
f 2105 1924 1936
f 2105 1936 2113
f 2113 1936 1954
f 2113 1954 1982
f 1982 1954 1741
f 1982 1741 1753
f 2455 2365 2453
f 2453 2365 2355
f 2453 2355 2451
f 2451 2355 2333
f 2451 2333 2449
f 2449 2333 2314
f 2449 2314 2447
f 2447 2314 2298
f 2447 2298 2444
f 2444 2298 2283
f 2444 2283 2440
f 2440 2283 2277
f 2440 2277 2437
f 2437 2277 2285
f 2437 2285 2436
f 2436 2285 2296
f 2436 2296 2441
f 2441 2296 2318
f 2441 2318 2364
f 2364 2318 2347
f 1524 1785 1572
f 1572 1785 1753
f 1572 1753 1552
f 1552 1753 1741
f 1552 1741 1529
f 1529 1741 1730
f 1529 1730 1507
f 1507 1730 1720
f 1507 1720 1499
f 1499 1720 1713
f 1499 1713 1501
f 1501 1713 1712
f 1501 1712 1513
f 1513 1712 1719
f 1513 1719 1731
f 1731 1719 1958
f 1731 1958 1975
f 1975 1958 2134
f 1975 2134 2143
f 2143 2134 2355
f 2143 2355 2349
f 2349 2355 2365
f 2349 2365 2368
f 2368 2365 2455
f 2368 2455 2458
f 2458 2455 2717
f 2458 2717 2726
f 4463 4163 4264
f 4264 4163 4075
f 4264 4075 4119
f 4081 4167 4030
f 4119 4075 4025
f 4025 4075 3997
f 4025 3997 3781
f 4167 4472 4030
f 4030 4472 4454
f 4030 4454 4108
f 4108 4454 4443
f 4108 4443 4154
f 4495 4493 4463
f 4463 4493 4488
f 4463 4488 4163
f 4163 4488 4482
f 3401 3456 3795
f 3795 3456 3859
f 3795 3859 3923
f 3781 3997 3535
f 3535 3997 3918
f 3535 3918 3456
f 3456 3918 3854
f 3456 3854 3859
f 4167 4208 4472
f 4472 4208 4203
f 4472 4203 4473
f 4473 4203 4163
f 4473 4163 4479
f 4479 4163 4482
f 4415 4428 4347
f 4081 4030 4003
f 4003 4030 3947
f 4003 3947 3923
f 3923 3947 3843
f 3923 3843 3795
f 3795 3798 3401
f 3401 3798 3849
f 3401 3849 3900
f 3900 3849 3953
f 3900 3953 4347
f 4347 3953 4039
f 4347 4039 4415
f 4415 4039 4112
f 4415 4112 4410
f 4459 4407 4448
f 4448 4407 4347
f 4448 4347 4435
f 4435 4347 4428
f 4443 4439 4154
f 4154 4439 4431
f 4154 4431 4160
f 4160 4431 4423
f 4160 4423 4112
f 4112 4423 4418
f 4112 4418 4410
f 4443 4454 4445
f 4445 4454 4472
f 4445 4472 4471
f 4471 4472 4473
f 4471 4473 4478
f 4478 4473 4479
f 4478 4479 4483
f 4483 4479 4482
f 4483 4482 4488
f 4495 4497 4493
f 4493 4497 4491
f 4493 4491 4488
f 4488 4491 4487
f 4488 4487 4483
f 4463 4465 4495
f 4495 4465 4497
f 4465 4463 4270
f 4270 4463 4264
f 4270 4264 4118
f 4118 4264 4119
f 4118 4119 4008
f 4008 4119 4025
f 4008 4025 3875
f 3875 4025 3781
f 3875 3781 3736
f 3590 3599 3781
f 3599 3654 3781
f 3781 3654 3728
f 3781 3728 3736
f 3535 3456 3457
f 3457 3467 3535
f 3535 3467 3489
f 3535 3489 3498
f 3498 3526 3535
f 3535 3526 3536
f 3535 3536 3781
f 3781 3536 3551
f 3781 3551 3590
f 3405 3401 3900
f 3900 3767 3631
f 3631 3615 3900
f 3900 3615 3548
f 3900 3548 3519
f 3519 3491 3900
f 3900 3491 3437
f 3900 3437 3436
f 3436 3421 3900
f 3900 3421 3414
f 3900 3414 3405
f 4407 4409 4347
f 4347 4409 4136
f 4347 4136 3900
f 3900 4136 3776
f 3900 3776 3767
f 4459 4460 4407
f 4407 4460 4409
f 4460 4459 4446
f 4446 4459 4448
f 4446 4448 4436
f 4436 4448 4435
f 4436 4435 4430
f 4430 4435 4428
f 4430 4428 4416
f 4416 4428 4415
f 4416 4415 4411
f 4411 4415 4410
f 4411 4410 4417
f 4417 4410 4418
f 4417 4418 4422
f 4422 4418 4423
f 4422 4423 4424
f 4424 4423 4431
f 4424 4431 4432
f 4432 4431 4439
f 4432 4439 4440
f 4440 4439 4443
f 4440 4443 4445
f 4088 3986 3996
f 3996 3986 3723
f 3996 3723 3917
f 3917 3723 3455
f 3917 3455 3853
f 4088 3996 4199
f 4199 3996 4074
f 4199 4074 4399
f 4399 4074 4162
f 4399 4162 4462
f 3853 3455 3858
f 3858 3455 3400
f 3858 3400 3794
f 4029 4080 3946
f 3946 4080 4002
f 3794 3842 3858
f 3858 3842 3946
f 3858 3946 3922
f 3922 3946 4002
f 4406 4458 4010
f 4010 4458 4447
f 4467 4475 4162
f 4162 4475 4481
f 4162 4481 4462
f 4462 4481 4490
f 4462 4490 4494
f 4029 4107 4080
f 4080 4107 4429
f 4080 4429 4166
f 4166 4429 4442
f 4166 4442 4207
f 4207 4442 4467
f 4207 4467 4202
f 4202 4467 4162
f 4447 4434 4010
f 4010 4434 4426
f 4010 4426 4414
f 4107 4153 4429
f 4429 4153 4159
f 4429 4159 4419
f 4419 4159 4111
f 4419 4111 4414
f 4414 4111 4038
f 4414 4038 4010
f 4010 4038 3952
f 4010 3952 3517
f 3517 3952 3848
f 3517 3848 3400
f 3400 3848 3797
f 3400 3797 3794
f 4442 4444 4451
f 4442 4451 4467
f 4467 4451 4466
f 4467 4466 4475
f 4466 4470 4475
f 4475 4470 4474
f 4475 4474 4481
f 4481 4474 4480
f 4480 4484 4481
f 4481 4484 4489
f 4481 4489 4490
f 4490 4489 4496
f 4490 4496 4494
f 4462 4494 4464
f 4464 4494 4496
f 3647 3723 3729
f 3729 3723 3986
f 3729 3986 3851
f 4462 4464 4399
f 4399 4464 4381
f 4399 4381 4199
f 4199 4381 4120
f 4199 4120 4088
f 4088 4120 4087
f 4088 4087 3986
f 3986 4087 3874
f 3986 3874 3851
f 3647 3643 3723
f 3723 3643 3587
f 3723 3587 3555
f 3555 3547 3723
f 3723 3547 3524
f 3723 3524 3514
f 3514 3490 3723
f 3723 3490 3461
f 3723 3461 3455
f 3449 3518 3517
f 3517 3518 3552
f 3775 4010 3639
f 3639 4010 3517
f 3639 3517 3564
f 3564 3517 3552
f 3400 3402 3517
f 3517 3402 3404
f 3404 3408 3517
f 3517 3408 3416
f 3517 3416 3419
f 3419 3425 3517
f 3517 3425 3448
f 3517 3448 3449
f 3775 4135 4010
f 4010 4135 4408
f 4010 4408 4406
f 4458 4406 4461
f 4461 4406 4408
f 4458 4461 4455
f 4458 4455 4447
f 4447 4455 4441
f 4447 4441 4434
f 4434 4441 4433
f 4434 4433 4426
f 4426 4433 4427
f 4426 4427 4414
f 4427 4413 4414
f 4414 4413 4412
f 4414 4412 4419
f 4442 4429 4444
f 4444 4429 4419
f 4444 4419 4425
f 4425 4419 4412
f 2793 2782 2857
f 2793 2857 2809
f 2936 2887 2898
f 2898 2887 2868
f 2898 2868 2857
f 2857 2868 2831
f 2857 2831 2809
f 3128 3118 3000
f 2801 2816 2595
f 2595 2816 2857
f 2595 2857 2591
f 2936 2945 2887
f 2887 2945 2980
f 2887 2980 3002
f 3153 3152 2887
f 2887 3152 3150
f 2887 3150 3146
f 3146 3140 2887
f 2887 3140 3132
f 2887 3132 2941
f 2941 3132 2972
f 2782 2761 2857
f 2857 2761 2741
f 2857 2741 2731
f 2594 2857 2599
f 2599 2857 2614
f 2594 2593 2857
f 2857 2593 2583
f 2857 2583 2581
f 2617 2629 2789
f 2789 2629 2639
f 2789 2639 2779
f 2779 2639 2748
f 3002 3015 2887
f 2887 3015 3029
f 2887 3029 3043
f 3125 3130 2887
f 2887 3130 3141
f 2887 3141 3142
f 3142 3147 2887
f 2887 3147 3151
f 2887 3151 3153
f 3128 3000 3132
f 3132 3000 2997
f 3132 2997 2972
f 2581 2580 2857
f 2857 2580 2585
f 2857 2585 2591
f 2801 2595 2789
f 2789 2595 2596
f 2789 2596 2617
f 2639 2649 2748
f 2748 2649 2657
f 2748 2657 2746
f 2746 2657 2718
f 3043 3046 2887
f 2887 3046 3063
f 2887 3063 3066
f 3118 3113 3000
f 3000 3113 3099
f 3000 3099 3020
f 3020 3099 3033
f 2683 2688 2716
f 3066 3073 2887
f 2887 3073 3087
f 2887 3087 3094
f 3094 3110 2887
f 2887 3110 3120
f 2887 3120 3125
f 3097 3077 3075
f 2674 2662 2857
f 2857 2662 2653
f 2857 2653 2643
f 2643 2631 2857
f 2857 2631 2618
f 2857 2618 2614
f 2718 2657 2716
f 2716 2657 2664
f 2716 2664 2683
f 3075 3056 3097
f 3097 3056 3053
f 3097 3053 3099
f 3099 3053 3042
f 3099 3042 3033
f 2731 2706 2857
f 2857 2706 2687
f 2857 2687 2674
f 2838 2839 2765
f 3158 3146 3162
f 3162 3146 3150
f 3162 3150 3165
f 3165 3150 3152
f 3165 3152 3166
f 3166 3152 3153
f 3149 3132 3158
f 3158 3132 3140
f 3158 3140 3146
f 3134 3118 3149
f 3149 3118 3128
f 3149 3128 3132
f 3075 3077 3098
f 3098 3077 3097
f 3098 3097 3117
f 3117 3097 3099
f 3117 3099 3134
f 3134 3099 3113
f 3134 3113 3118
f 3075 3098 3056
f 3056 3098 3074
f 3056 3074 3053
f 3053 3074 3055
f 3053 3055 3042
f 3042 3055 3033
f 3033 3055 3035
f 3033 3035 3020
f 3020 3035 3000
f 3000 3035 3008
f 3000 3008 2997
f 2997 3008 2987
f 2997 2987 2972
f 2972 2987 2966
f 2972 2966 2941
f 2966 2948 2941
f 2941 2948 2909
f 2941 2909 2887
f 2887 2909 2868
f 2868 2909 2850
f 2868 2850 2831
f 2831 2850 2822
f 2831 2822 2809
f 2809 2822 2804
f 2809 2804 2793
f 2793 2804 2782
f 2782 2804 2786
f 2782 2786 2761
f 2761 2786 2741
f 2741 2786 2753
f 2741 2753 2731
f 2731 2753 2725
f 2731 2725 2706
f 2706 2725 2710
f 2706 2710 2687
f 2687 2710 2693
f 2687 2693 2674
f 2674 2693 2680
f 2674 2680 2662
f 2662 2680 2669
f 2662 2669 2653
f 2653 2669 2660
f 2653 2660 2643
f 2643 2660 2651
f 2643 2651 2631
f 2631 2651 2638
f 2631 2638 2618
f 2618 2638 2614
f 2614 2638 2625
f 2614 2625 2599
f 2599 2625 2594
f 2594 2625 2615
f 2594 2615 2593
f 2593 2615 2607
f 2593 2607 2583
f 2583 2607 2601
f 2583 2601 2581
f 2581 2601 2600
f 2581 2600 2580
f 2838 2765 2841
f 2765 2767 2841
f 2841 2767 2771
f 2841 2771 2845
f 2845 2771 2781
f 2845 2781 2849
f 2849 2781 2853
f 2853 2781 2791
f 2853 2791 2858
f 2858 2791 2866
f 2866 2791 2798
f 2866 2798 2874
f 2874 2798 2879
f 2879 2798 2805
f 2879 2805 2884
f 2884 2805 2814
f 2884 2814 2892
f 2892 2814 2818
f 2892 2818 2907
f 2907 2818 2826
f 2907 2826 2919
f 2919 2826 2835
f 2919 2835 2928
f 2928 2835 2848
f 2928 2848 2933
f 2933 2848 2864
f 2933 2864 2943
f 2974 2963 2885
f 2885 2963 2956
f 2885 2956 2864
f 2864 2956 2946
f 2864 2946 2943
f 2885 2918 2974
f 2974 2918 2934
f 2974 2934 2995
f 2995 2934 2953
f 2995 2953 3018
f 3018 2953 2970
f 3018 2970 3041
f 3041 2970 3047
f 3047 2970 3013
f 3047 3013 3085
f 3085 3013 3059
f 3085 3059 3154
f 3154 3059 3084
f 3154 3084 3170
f 3170 3084 3119
f 3170 3119 3180
f 3180 3119 3186
f 3186 3119 3155
f 3186 3155 3193
f 3193 3155 3195
f 3195 3155 3169
f 3195 3169 3201
f 3201 3169 3204
f 3204 3169 3178
f 3204 3178 3209
f 3191 3197 3227
f 3227 3223 3191
f 3191 3223 3222
f 3191 3222 3178
f 3178 3222 3216
f 3178 3216 3209
f 3234 3232 3200
f 3200 3232 3230
f 3200 3230 3197
f 3197 3230 3228
f 3197 3228 3227
f 3200 3205 3234
f 3234 3205 3207
f 3234 3207 3236
f 3236 3207 3211
f 3236 3211 3240
f 3240 3211 3214
f 3240 3214 3242
f 3242 3214 3218
f 3242 3218 3244
f 3244 3218 3220
f 3244 3220 3246
f 3190 3220 3189
f 3189 3220 3218
f 3189 3218 3185
f 3185 3218 3214
f 3185 3214 3182
f 3182 3214 3211
f 3182 3211 3177
f 3177 3211 3207
f 3177 3207 3175
f 3175 3207 3205
f 3175 3205 3171
f 3171 3205 3200
f 3171 3200 3161
f 3161 3200 3197
f 3161 3197 3144
f 3144 3197 3191
f 3144 3191 3114
f 3114 3191 3178
f 3114 3178 3082
f 3082 3178 3169
f 3082 3169 3058
f 3058 3169 3155
f 3058 3155 3036
f 3036 3155 3119
f 3036 3119 3012
f 3012 3119 3084
f 3012 3084 2988
f 2988 3084 3059
f 2988 3059 2949
f 2949 3059 3013
f 2949 3013 2911
f 2911 3013 2970
f 2911 2970 2881
f 2881 2970 2953
f 2881 2953 2855
f 2855 2953 2934
f 2855 2934 2824
f 2824 2934 2918
f 2824 2918 2806
f 2806 2918 2885
f 2806 2885 2792
f 2792 2885 2864
f 2792 2864 2777
f 2777 2864 2848
f 2777 2848 2760
f 2760 2848 2835
f 2760 2835 2749
f 2749 2835 2826
f 2749 2826 2739
f 2739 2826 2818
f 2739 2818 2728
f 2728 2818 2814
f 2728 2814 2720
f 2720 2814 2805
f 2720 2805 2703
f 2703 2805 2798
f 2703 2798 2689
f 2689 2798 2791
f 2689 2791 2679
f 2679 2791 2781
f 2679 2781 2673
f 2673 2781 2771
f 2673 2771 2670
f 2670 2771 2767
f 2670 2767 2668
f 2668 2767 2765
f 3166 3190 3165
f 3165 3190 3189
f 3165 3189 3162
f 3162 3189 3185
f 3162 3185 3158
f 3158 3185 3182
f 3158 3182 3149
f 3149 3182 3177
f 3149 3177 3134
f 3134 3177 3175
f 3134 3175 3117
f 3117 3175 3171
f 3117 3171 3098
f 3098 3171 3161
f 3098 3161 3074
f 3074 3161 3144
f 3074 3144 3055
f 3055 3144 3114
f 3055 3114 3035
f 3035 3114 3082
f 3035 3082 3008
f 3008 3082 3058
f 3008 3058 2987
f 2987 3058 3036
f 2987 3036 2966
f 2966 3036 3012
f 2966 3012 2948
f 2948 3012 2988
f 2948 2988 2909
f 2909 2988 2949
f 2909 2949 2850
f 2850 2949 2911
f 2850 2911 2822
f 2822 2911 2881
f 2822 2881 2804
f 2804 2881 2855
f 2804 2855 2786
f 2786 2855 2824
f 2786 2824 2753
f 2753 2824 2806
f 2753 2806 2725
f 2725 2806 2792
f 2725 2792 2710
f 2710 2792 2777
f 2710 2777 2693
f 2693 2777 2760
f 2693 2760 2680
f 2680 2760 2749
f 2680 2749 2669
f 2669 2749 2739
f 2669 2739 2660
f 2660 2739 2728
f 2660 2728 2651
f 2651 2728 2720
f 2651 2720 2638
f 2638 2720 2703
f 2638 2703 2625
f 2625 2703 2689
f 2625 2689 2615
f 2615 2689 2679
f 2615 2679 2607
f 2607 2679 2673
f 2607 2673 2601
f 2601 2673 2670
f 2601 2670 2600
f 2600 2670 2668
f 4715 4952 4947
f 4947 4923 4715
f 4715 4923 4919
f 4715 4919 4888
f 4715 4968 4970
f 4935 4942 4715
f 4715 4942 4946
f 4970 4966 4715
f 4715 4966 4955
f 4715 4955 4952
f 4946 4956 4715
f 4715 4956 4965
f 4715 4965 4968
f 4888 4883 4715
f 4715 4883 4845
f 4715 4845 4826
f 4826 4806 4715
f 4715 4806 4797
f 4715 4797 4784
f 4784 4772 4715
f 4715 4772 4752
f 4715 4752 4747
f 4523 4561 4610
f 4523 4610 4537
f 4537 4610 4616
f 4537 4616 4558
f 4616 4654 4558
f 4558 4654 4707
f 4558 4707 4582
f 4582 4707 4736
f 4582 4736 4589
f 4736 4761 4589
f 4589 4761 4814
f 4589 4814 4597
f 4597 4814 4818
f 4597 4818 4636
f 4646 4641 4877
f 4636 4818 4641
f 4641 4818 4853
f 4641 4853 4877
f 4901 4684 4877
f 4877 4684 4668
f 4877 4668 4646
f 4935 4715 4910
f 4910 4715 4699
f 4910 4699 4901
f 4901 4699 4688
f 4901 4688 4684
f 3480 3389 3481
f 3481 3389 3388
f 3481 3388 3479
f 3461 3486 3455
f 3455 3486 3479
f 3455 3479 3400
f 3400 3479 3388
f 3400 3388 3402
f 3578 3558 3524
f 3524 3558 3530
f 3524 3530 3514
f 3514 3530 3525
f 3514 3525 3490
f 3490 3525 3510
f 3490 3510 3461
f 3461 3510 3497
f 3461 3497 3486
f 3610 3555 3587
f 3610 3587 3662
f 3524 3547 3578
f 3578 3547 3555
f 3578 3555 3579
f 3579 3555 3610
f 3587 3643 3662
f 3662 3643 3647
f 3662 3647 3670
f 3670 3647 3785
f 3785 3647 3826
f 3826 3647 3729
f 3826 3729 3880
f 3880 3729 3851
f 3880 3851 3874
f 3425 3431 3448
f 3448 3431 3438
f 3448 3438 3449
f 3388 3390 3402
f 3402 3390 3391
f 3402 3391 3404
f 3404 3391 3392
f 3404 3392 3408
f 3408 3392 3399
f 3408 3399 3416
f 3416 3399 3410
f 3416 3410 3419
f 3419 3410 3413
f 3419 3413 3425
f 3425 3413 3420
f 3425 3420 3431
f 3438 3473 3449
f 3449 3473 3500
f 3449 3500 3518
f 3518 3500 3539
f 3518 3539 3552
f 3539 3573 3552
f 3552 3573 3582
f 3552 3582 3564
f 3564 3582 3651
f 3564 3651 3639
f 3639 3651 3754
f 3639 3754 3775
f 4464 4496 4560
f 4560 4461 4522
f 4522 4461 4408
f 4522 4408 4244
f 4244 4408 4135
f 4244 4135 3754
f 3754 4135 3775
f 4464 4560 4381
f 4381 4560 4359
f 4381 4359 4120
f 4474 4470 4560
f 4560 4470 4466
f 4560 4466 4451
f 4120 4359 4087
f 4087 4359 3880
f 4087 3880 3874
f 4496 4489 4484
f 4451 4444 4560
f 4560 4444 4425
f 4560 4425 4461
f 4461 4425 4412
f 4461 4412 4413
f 4496 4484 4560
f 4560 4484 4480
f 4560 4480 4474
f 4413 4427 4461
f 4461 4427 4433
f 4461 4433 4455
f 4455 4433 4441
f 4698 4714 4933
f 4933 4932 4698
f 4698 4932 4918
f 4698 4918 4685
f 4685 4918 4896
f 4685 4896 4667
f 4667 4896 4881
f 4667 4881 4661
f 4661 4881 4876
f 4661 4876 4645
f 4645 4876 4836
f 4645 4836 4615
f 4746 4562 4581
f 4836 4812 4615
f 4615 4812 4780
f 4615 4780 4609
f 4609 4780 4746
f 4609 4746 4598
f 4598 4746 4581
f 4746 4712 4562
f 4562 4712 4686
f 4562 4686 4544
f 4544 4686 4644
f 4544 4644 4522
f 4522 4644 4560
f 4849 4878 4757
f 4900 4917 4714
f 4714 4917 4934
f 4714 4934 4949
f 4757 4878 4743
f 4900 4714 4878
f 4878 4714 4733
f 4878 4733 4743
f 4949 4957 4714
f 4714 4957 4967
f 4714 4967 4969
f 4849 4757 4820
f 4820 4757 4769
f 4820 4769 4795
f 4969 4962 4714
f 4714 4962 4951
f 4714 4951 4933
f 4561 4523 4460
f 3753 3776 4246
f 4246 3776 4136
f 4246 4136 4523
f 4523 4136 4409
f 4523 4409 4460
f 4460 4497 4561
f 4561 4497 4465
f 4561 4465 4360
f 4424 4432 4460
f 4465 4270 4360
f 4360 4270 4118
f 4360 4118 3879
f 3879 4118 4008
f 3879 4008 3875
f 4432 4440 4460
f 4460 4440 4445
f 4460 4445 4497
f 4497 4445 4471
f 4497 4471 4478
f 4478 4483 4497
f 4497 4483 4487
f 4497 4487 4491
f 4411 4417 4460
f 4460 4417 4422
f 4460 4422 4424
f 4460 4446 4411
f 4411 4446 4436
f 4411 4436 4416
f 4416 4436 4430
f 3776 3753 3767
f 3767 3753 3690
f 3767 3690 3631
f 3631 3690 3615
f 3499 3444 3436
f 3690 3650 3615
f 3615 3650 3598
f 3615 3598 3548
f 3548 3598 3543
f 3548 3543 3519
f 3519 3543 3511
f 3519 3511 3491
f 3491 3511 3499
f 3491 3499 3437
f 3437 3499 3436
f 3444 3430 3436
f 3436 3430 3424
f 3436 3424 3421
f 3421 3424 3415
f 3421 3415 3414
f 3480 3483 3467
f 3467 3457 3480
f 3480 3457 3456
f 3480 3456 3401
f 3415 3403 3414
f 3414 3403 3398
f 3414 3398 3405
f 3405 3398 3393
f 3405 3393 3401
f 3401 3393 3389
f 3401 3389 3480
f 3483 3487 3467
f 3467 3487 3512
f 3467 3512 3489
f 3489 3512 3516
f 3489 3516 3498
f 3516 3528 3498
f 3498 3528 3542
f 3498 3542 3526
f 3526 3542 3544
f 3526 3544 3536
f 3536 3544 3559
f 3536 3559 3551
f 3559 3603 3551
f 3551 3603 3612
f 3551 3612 3590
f 3590 3612 3616
f 3590 3616 3599
f 3599 3616 3693
f 3599 3693 3654
f 3654 3693 3720
f 3654 3720 3728
f 3879 3875 3720
f 3720 3875 3736
f 3720 3736 3728
f 3569 3580 3943
f 4266 4214 4396
f 3595 3619 3319
f 3640 3644 3538
f 4850 4856 4453
f 3362 3360 3294
f 3294 3360 3359
f 3294 3359 3270
f 3362 3294 3365
f 3365 3294 3296
f 3365 3296 3367
f 3568 3501 3298
f 3298 3501 3466
f 3298 3466 3418
f 3418 3380 3298
f 3298 3380 3379
f 3298 3379 3296
f 3296 3379 3372
f 3296 3372 3367
f 4501 4602 4594
f 4594 4568 4501
f 4501 4568 4559
f 4501 4559 4499
f 4499 4559 4543
f 4499 4543 4524
f 4602 4501 4617
f 4617 4501 4503
f 4617 4503 4639
f 4639 4503 4505
f 4639 4505 4651
f 4687 4678 4507
f 4507 4678 4670
f 4507 4670 4505
f 4505 4670 4659
f 4505 4659 4651
f 4507 4509 4687
f 4687 4509 4511
f 4687 4511 4711
f 4711 4511 4513
f 4711 4513 4737
f 4737 4513 4515
f 4737 4515 4754
f 4754 4515 4517
f 4754 4517 4768
f 4768 4517 4519
f 4768 4519 4771
f 4771 4519 4786
f 4786 4519 4796
f 4796 4519 4521
f 4796 4521 4799
f 4405 4833 4403
f 4403 4833 4807
f 4839 4421 4854
f 4854 4421 4438
f 4854 4438 4861
f 4450 4865 4861
f 4453 4856 4450
f 4450 4856 4860
f 4450 4860 4865
f 4468 4835 4848
f 4760 4801 4476
f 4476 4801 4819
f 4691 4701 4476
f 4476 4701 4755
f 4476 4755 4760
f 4485 4375 4573
f 4573 4593 4485
f 4485 4593 4627
f 4485 4627 4691
f 4485 4268 4375
f 4375 4268 3981
f 4375 3981 3904
f 3904 3981 3806
f 3806 3981 3601
f 3806 3601 3724
f 3724 3601 3607
f 3724 3607 3600
f 3352 3354 3458
f 3458 3484 3352
f 3352 3484 3533
f 3352 3533 3540
f 3292 3358 3357
f 3357 3358 3441
f 3441 3439 3357
f 3357 3439 3443
f 3357 3443 3354
f 3354 3443 3447
f 3354 3447 3458
f 3244 3246 3291
f 3283 3240 3285
f 3285 3240 3242
f 3285 3242 3287
f 3287 3242 3244
f 3287 3244 3289
f 3289 3244 3291
f 3281 3234 3236
f 3279 3232 3234
f 3227 3228 3276
f 3276 3228 3230
f 3271 3222 3273
f 3273 3222 3223
f 3273 3223 3227
f 3268 3209 3271
f 3271 3209 3216
f 3271 3216 3222
f 3267 3201 3268
f 3268 3201 3204
f 3268 3204 3209
f 3265 3193 3267
f 3267 3193 3195
f 3267 3195 3201
f 3261 3170 3263
f 3263 3170 3180
f 3263 3180 3265
f 3265 3180 3186
f 3265 3186 3193
f 3257 3085 3259
f 3259 3085 3154
f 3250 2974 3251
f 3251 2974 2995
f 3251 2995 3253
f 3253 2995 3018
f 3253 3018 3255
f 3255 3018 3041
f 3255 3041 3257
f 3257 3041 3047
f 3257 3047 3085
f 3249 2956 3250
f 3250 2956 2963
f 3250 2963 2974
f 2919 2928 3247
f 3247 2928 2933
f 3247 2933 3248
f 3248 2933 2943
f 3248 2943 3249
f 3249 2943 2946
f 3249 2946 2956
f 3305 2907 3307
f 3307 2907 2919
f 3302 2884 3304
f 3304 2884 2892
f 2858 2866 3300
f 3300 2866 2874
f 3300 2874 3302
f 3302 2874 2879
f 3302 2879 2884
f 2853 2858 3298
f 3298 2858 3300
f 3298 3300 3568
f 3568 3300 3620
f 2853 3298 2849
f 2849 3298 3296
f 2849 3296 2845
f 2845 3296 3294
f 2845 3294 2841
f 2841 3294 3270
f 2841 3270 2838
f 4382 4421 4405
f 4405 4421 4839
f 4405 4839 4833
f 4210 4263 4403
f 4403 4263 4309
f 4403 4309 4405
f 4405 4309 4356
f 4405 4356 4382
f 3882 3963 3869
f 3869 3963 4016
f 3869 4016 4401
f 4401 4016 4089
f 4401 4089 4144
f 4799 4521 4807
f 4807 4521 4401
f 4807 4401 4403
f 4403 4401 4144
f 4403 4144 4210
f 3882 3869 3819
f 3819 3869 3522
f 3819 3522 3757
f 3757 3522 3534
f 3757 3534 3707
f 3538 3644 3534
f 3534 3644 3671
f 3534 3671 3707
f 3640 3538 3645
f 3645 3538 3546
f 3645 3546 3661
f 3782 3778 3554
f 3554 3778 3734
f 3554 3734 3546
f 3546 3734 3674
f 3546 3674 3661
f 3782 3554 3834
f 3834 3554 3569
f 3834 3569 3925
f 3957 3936 3988
f 3988 3936 4054
f 4258 4194 4223
f 4194 4157 4223
f 4223 4157 4126
f 4223 4126 3943
f 4366 4331 4450
f 4861 4438 4450
f 4450 4438 4387
f 4450 4387 4366
f 4223 4453 4258
f 4258 4453 4450
f 4258 4450 4267
f 4267 4450 4331
f 4382 4391 4421
f 4421 4391 4394
f 4421 4394 4438
f 4438 4394 4389
f 4438 4389 4387
f 4385 4337 4390
f 4390 4337 4350
f 4390 4350 4393
f 4172 4215 4371
f 4371 4215 4257
f 4371 4257 4385
f 4385 4257 4305
f 4385 4305 4337
f 3774 3958 3756
f 3756 3958 4023
f 4172 4371 4097
f 4097 4371 4362
f 4097 4362 4062
f 3319 3619 3317
f 3317 3619 3678
f 3317 3678 3695
f 3740 3817 3774
f 3774 3817 3877
f 3774 3877 3958
f 3323 3592 3321
f 3321 3592 3583
f 3321 3583 3319
f 3319 3583 3584
f 3319 3584 3595
f 3811 3739 3325
f 3325 3739 3675
f 3325 3675 3323
f 3323 3675 3635
f 3323 3635 3592
f 3971 3881 3833
f 3833 3881 3811
f 3833 3811 3493
f 3493 3811 3325
f 3493 3325 3327
f 4396 4214 4398
f 4214 4156 4398
f 4398 4156 4096
f 4398 4096 3833
f 3833 4096 4026
f 3833 4026 3971
f 4350 4352 4393
f 4393 4352 4330
f 4393 4330 4396
f 4396 4330 4303
f 4396 4303 4266
f 3601 3350 3607
f 3607 3350 3352
f 3607 3352 3600
f 3600 3352 3540
f 3350 3283 3352
f 3352 3283 3285
f 3352 3285 3354
f 3354 3285 3287
f 3354 3287 3357
f 3357 3287 3289
f 3357 3289 3292
f 3292 3289 3291
f 4126 4054 3943
f 3943 4054 3936
f 3943 3936 3569
f 3569 3936 3957
f 3569 3957 3925
f 3522 3329 3534
f 3534 3329 3331
f 3534 3331 3538
f 3538 3331 3333
f 3538 3333 3546
f 3546 3333 3335
f 3546 3335 3554
f 3554 3335 3337
f 3554 3337 3569
f 3569 3337 3338
f 3569 3338 3580
f 3580 3338 3340
f 3329 3261 3331
f 3331 3261 3263
f 3331 3263 3333
f 3333 3263 3265
f 3333 3265 3335
f 3335 3265 3267
f 3335 3267 3337
f 3337 3267 3268
f 3337 3268 3338
f 3338 3268 3271
f 3338 3271 3340
f 3340 3271 3273
f 3309 3748 3738
f 2919 3309 3307
f 3307 3309 3738
f 3307 3738 3305
f 3305 3738 3732
f 3763 3620 3718
f 3718 3620 3300
f 3718 3300 3722
f 3722 3300 3302
f 3722 3302 3732
f 3732 3302 3304
f 3732 3304 3305
f 3305 3304 2892
f 3305 2892 2907
f 3695 3740 3317
f 3317 3740 3774
f 3317 3774 3314
f 3314 3774 3756
f 3314 3756 3311
f 3259 3327 3257
f 3257 3327 3325
f 3257 3325 3255
f 3255 3325 3323
f 3255 3323 3253
f 3253 3323 3321
f 3253 3321 3251
f 3251 3321 3319
f 3251 3319 3250
f 3250 3319 3317
f 3250 3317 3249
f 3249 3317 3314
f 3249 3314 3248
f 3248 3314 3311
f 3248 3311 3247
f 4252 3763 4033
f 4033 3763 3718
f 4033 3718 4042
f 4042 3718 3722
f 4042 3722 4047
f 4047 3722 3732
f 4047 3732 4058
f 4058 3732 3738
f 4058 3738 4064
f 4064 3738 3748
f 4355 3756 4362
f 4362 3756 4023
f 4362 4023 4062
f 2919 3247 3309
f 3309 3247 3311
f 3309 3311 3748
f 3748 3311 3756
f 3748 3756 4064
f 4064 3756 4355
f 4064 4355 4058
f 4058 4355 4340
f 4058 4340 4047
f 4047 4340 4329
f 4047 4329 4042
f 4042 4329 4321
f 4042 4321 4033
f 4033 4321 4318
f 4033 4318 4252
f 4691 4476 4485
f 4485 4476 4259
f 4485 4259 4268
f 4268 4259 3978
f 4268 3978 3981
f 3981 3978 3596
f 3981 3596 3601
f 3601 3596 3348
f 3601 3348 3350
f 3350 3348 3281
f 3350 3281 3283
f 3283 3281 3236
f 3283 3236 3240
f 4848 4456 4468
f 4468 4456 4233
f 4468 4233 4238
f 4238 4233 3954
f 4238 3954 3961
f 3961 3954 3585
f 3961 3585 3588
f 3588 3585 3343
f 3588 3343 3346
f 3346 3343 3276
f 3346 3276 3279
f 3279 3276 3230
f 3279 3230 3232
f 3234 3281 3279
f 3279 3281 3348
f 3279 3348 3346
f 3346 3348 3596
f 3346 3596 3588
f 3588 3596 3978
f 3588 3978 3961
f 3961 3978 4259
f 3961 4259 4238
f 4238 4259 4476
f 4238 4476 4468
f 4468 4476 4819
f 4468 4819 4835
f 3227 3276 3273
f 3273 3276 3343
f 3273 3343 3340
f 3340 3343 3585
f 3340 3585 3580
f 3580 3585 3954
f 3580 3954 3943
f 3943 3954 4233
f 3943 4233 4223
f 4223 4233 4456
f 4223 4456 4453
f 4453 4456 4848
f 4453 4848 4850
f 4524 4252 4499
f 4499 4252 4318
f 4499 4318 4501
f 4501 4318 4321
f 4501 4321 4503
f 4503 4321 4329
f 4503 4329 4505
f 4505 4329 4340
f 4505 4340 4507
f 4507 4340 4355
f 4507 4355 4509
f 4509 4355 4362
f 4509 4362 4511
f 4511 4362 4371
f 4511 4371 4513
f 4513 4371 4385
f 4513 4385 4515
f 4515 4385 4390
f 4515 4390 4517
f 4517 4390 4393
f 4517 4393 4519
f 4519 4393 4396
f 4519 4396 4521
f 4521 4396 4398
f 4521 4398 4401
f 4401 4398 3833
f 4401 3833 3869
f 3869 3833 3493
f 3869 3493 3522
f 3522 3493 3327
f 3522 3327 3329
f 3329 3327 3259
f 3329 3259 3261
f 3261 3259 3154
f 3261 3154 3170
f 4702 4709 4727
f 4752 4772 4765
f 4765 4772 4784
f 4765 4784 4792
f 4784 4797 4792
f 4792 4797 4806
f 4792 4806 4816
f 4816 4806 4826
f 4816 4826 4846
f 4846 4826 4845
f 4846 4845 4875
f 4765 4756 4752
f 4752 4756 4742
f 4752 4742 4747
f 4747 4742 4727
f 4747 4727 4715
f 4715 4727 4709
f 4713 4748 4725
f 4725 4748 4767
f 4713 4710 4748
f 4748 4710 4697
f 4748 4697 4720
f 4720 4697 4690
f 4720 4690 4706
f 4706 4690 4665
f 4706 4665 4694
f 4694 4665 4683
f 4788 4745 4767
f 4767 4745 4740
f 4767 4740 4725
f 4842 4793 4827
f 4827 4793 4776
f 4827 4776 4805
f 4805 4776 4770
f 4805 4770 4788
f 4788 4770 4750
f 4788 4750 4745
f 4892 4837 4889
f 4889 4837 4847
f 4889 4847 4898
f 4898 4847 4852
f 4863 4907 4866
f 4866 4907 4905
f 4852 4855 4898
f 4898 4855 4858
f 4898 4858 4905
f 4905 4858 4864
f 4905 4864 4866
f 4834 4882 4890
f 4863 4859 4907
f 4907 4859 4857
f 4907 4857 4902
f 4902 4857 4851
f 4902 4851 4890
f 4890 4851 4838
f 4890 4838 4834
f 4673 4692 4683
f 4683 4692 4705
f 4683 4705 4694
f 4694 4705 4721
f 4694 4721 4706
f 4706 4721 4739
f 4706 4739 4720
f 4720 4739 4751
f 4720 4751 4748
f 4748 4751 4774
f 4748 4774 4767
f 4767 4774 4798
f 4767 4798 4788
f 4788 4798 4817
f 4788 4817 4805
f 4805 4817 4844
f 4805 4844 4827
f 4827 4844 4873
f 4827 4873 4842
f 4842 4873 4887
f 4842 4887 4869
f 4869 4887 4908
f 4869 4908 4882
f 4882 4908 4920
f 4882 4920 4890
f 4890 4920 4929
f 4890 4929 4902
f 4902 4929 4936
f 4902 4936 4907
f 4907 4936 4940
f 4907 4940 4905
f 4905 4940 4939
f 4905 4939 4898
f 4898 4939 4930
f 4898 4930 4889
f 4889 4930 4922
f 4889 4922 4892
f 4892 4922 4913
f 4959 4964 4968
f 4968 4965 4959
f 4959 4965 4956
f 4959 4956 4950
f 4950 4956 4946
f 4950 4946 4943
f 4943 4946 4942
f 4943 4942 4924
f 4924 4942 4935
f 4845 4883 4875
f 4875 4883 4888
f 4875 4888 4895
f 4895 4888 4919
f 4895 4919 4914
f 4914 4919 4923
f 4914 4923 4927
f 4927 4923 4947
f 4927 4947 4944
f 4944 4947 4952
f 4944 4952 4953
f 4953 4952 4955
f 4953 4955 4960
f 4960 4955 4966
f 4960 4966 4964
f 4964 4966 4970
f 4964 4970 4968
f 4640 4673 4650
f 4650 4673 4683
f 4650 4683 4653
f 4653 4683 4665
f 4834 4832 4882
f 4882 4832 4815
f 4882 4815 4869
f 4869 4815 4803
f 4869 4803 4842
f 4842 4803 4800
f 4842 4800 4793
f 4692 4702 4705
f 4705 4702 4727
f 4705 4727 4721
f 4721 4727 4742
f 4721 4742 4739
f 4739 4742 4756
f 4739 4756 4751
f 4751 4756 4765
f 4751 4765 4774
f 4774 4765 4792
f 4774 4792 4798
f 4798 4792 4816
f 4798 4816 4817
f 4817 4816 4846
f 4817 4846 4844
f 4844 4846 4875
f 4844 4875 4873
f 4873 4875 4895
f 4873 4895 4887
f 4887 4895 4914
f 4887 4914 4908
f 4908 4914 4927
f 4908 4927 4920
f 4920 4927 4944
f 4920 4944 4929
f 4929 4944 4953
f 4929 4953 4936
f 4936 4953 4960
f 4936 4960 4940
f 4940 4960 4964
f 4940 4964 4939
f 4939 4964 4959
f 4939 4959 4930
f 4930 4959 4950
f 4930 4950 4922
f 4922 4950 4943
f 4922 4943 4913
f 4913 4943 4924
f 4532 4526 4530
f 4702 4692 4676
f 4676 4692 4673
f 4643 4641 4646
f 4537 4558 4555
f 4555 4558 4582
f 4555 4582 4587
f 4587 4582 4589
f 4587 4589 4614
f 4614 4589 4597
f 4614 4597 4643
f 4643 4597 4636
f 4643 4636 4641
f 4523 4537 4542
f 4542 4537 4555
f 4542 4555 4556
f 4556 4555 4587
f 4556 4587 4588
f 4588 4587 4614
f 4588 4614 4613
f 4613 4614 4643
f 4613 4643 4638
f 4638 4643 4646
f 4638 4646 4663
f 4626 4604 4622
f 4622 4604 4596
f 4622 4596 4601
f 4601 4596 4570
f 4601 4570 4579
f 4579 4570 4548
f 4579 4548 4550
f 4604 4592 4596
f 4596 4592 4566
f 4596 4566 4570
f 4570 4566 4546
f 4570 4546 4548
f 4702 4696 4709
f 4709 4696 4699
f 4709 4699 4715
f 4646 4668 4663
f 4663 4668 4684
f 4663 4684 4696
f 4696 4684 4688
f 4696 4688 4699
f 4557 4532 4534
f 4534 4532 4530
f 4534 4530 4535
f 4535 4530 4531
f 4535 4531 4538
f 4531 4529 4541
f 4640 4620 4648
f 4648 4620 4626
f 4648 4626 4652
f 4652 4626 4622
f 4538 4550 4535
f 4535 4550 4548
f 4535 4548 4534
f 4534 4548 4546
f 4534 4546 4557
f 4557 4546 4566
f 4557 4566 4580
f 4580 4566 4592
f 4580 4592 4590
f 4590 4592 4604
f 4590 4604 4599
f 4599 4604 4626
f 4599 4626 4608
f 4608 4626 4620
f 4531 4541 4538
f 4538 4541 4554
f 4538 4554 4550
f 4550 4554 4584
f 4550 4584 4579
f 4579 4584 4607
f 4579 4607 4601
f 4601 4607 4635
f 4601 4635 4622
f 4622 4635 4656
f 4622 4656 4652
f 4652 4656 4676
f 4652 4676 4648
f 4648 4676 4673
f 4648 4673 4640
f 4702 4676 4696
f 4696 4676 4656
f 4696 4656 4663
f 4663 4656 4635
f 4663 4635 4638
f 4638 4635 4607
f 4638 4607 4613
f 4613 4607 4584
f 4613 4584 4588
f 4588 4584 4554
f 4588 4554 4556
f 4556 4554 4541
f 4556 4541 4542
f 4542 4541 4529
f 4542 4529 4523
f 4736 4707 4716
f 4605 4628 4631
f 4728 4718 4758
f 4630 4572 4578
f 4924 4935 4916
f 4916 4935 4910
f 4916 4910 4879
f 4879 4910 4901
f 4879 4901 4877
f 4630 4578 4631
f 4631 4578 4574
f 4631 4574 4605
f 4700 4762 4791
f 4561 4564 4610
f 4610 4564 4619
f 4572 4630 4564
f 4564 4630 4624
f 4564 4624 4619
f 4736 4716 4761
f 4728 4758 4778
f 4778 4758 4809
f 4778 4809 4782
f 4782 4809 4822
f 4782 4822 4781
f 4781 4822 4829
f 4781 4829 4775
f 4853 4818 4829
f 4829 4818 4825
f 4829 4825 4775
f 4818 4814 4825
f 4825 4814 4761
f 4825 4761 4775
f 4775 4761 4716
f 4775 4716 4781
f 4781 4716 4724
f 4781 4724 4782
f 4782 4724 4730
f 4782 4730 4778
f 4778 4730 4731
f 4778 4731 4728
f 4671 4718 4679
f 4679 4718 4728
f 4679 4728 4677
f 4677 4728 4731
f 4677 4731 4669
f 4669 4731 4730
f 4669 4730 4664
f 4664 4730 4724
f 4664 4724 4657
f 4657 4724 4716
f 4657 4716 4654
f 4654 4716 4707
f 4766 4804 4831
f 4831 4804 4810
f 4831 4810 4871
f 4871 4810 4837
f 4871 4837 4892
f 4913 4924 4899
f 4899 4924 4916
f 4899 4916 4862
f 4862 4916 4879
f 4762 4766 4791
f 4791 4766 4831
f 4791 4831 4862
f 4862 4831 4871
f 4862 4871 4899
f 4899 4871 4892
f 4899 4892 4913
f 4654 4616 4657
f 4657 4616 4610
f 4657 4610 4664
f 4664 4610 4619
f 4664 4619 4669
f 4669 4619 4624
f 4669 4624 4677
f 4677 4624 4630
f 4677 4630 4679
f 4679 4630 4631
f 4679 4631 4671
f 4671 4631 4628
f 4671 4628 4718
f 4718 4628 4700
f 4718 4700 4758
f 4758 4700 4791
f 4758 4791 4809
f 4809 4791 4862
f 4809 4862 4822
f 4822 4862 4879
f 4822 4879 4829
f 4829 4879 4877
f 4829 4877 4853
f 4243 3764 4242
f 4242 3764 3760
f 4242 3760 4241
f 4241 3760 3758
f 4241 3758 4239
f 4239 3758 3753
f 4239 3753 4246
f 3762 3764 4253
f 4253 3764 4243
f 4253 4243 4314
f 4526 4498 4530
f 4530 4498 4492
f 4246 4523 4239
f 4239 4523 4529
f 4239 4529 4241
f 4241 4529 4531
f 4241 4531 4242
f 4242 4531 4530
f 4242 4530 4243
f 4243 4530 4492
f 4243 4492 4314
f 4380 3907 3905
f 3903 4378 3898
f 3898 4378 4372
f 3898 4372 3897
f 3897 4372 4368
f 3897 4368 3887
f 3887 4368 4360
f 3887 4360 3879
f 3905 4376 4380
f 4380 4376 4574
f 4380 4574 4578
f 4561 4360 4564
f 4564 4360 4368
f 4564 4368 4572
f 4572 4368 4372
f 4572 4372 4578
f 4578 4372 4378
f 4578 4378 4380
f 4380 4378 3903
f 4380 3903 3907
f 3386 3395 3385
f 3690 3753 3758
f 3655 3650 3690
f 3444 3499 3504
f 3504 3499 3511
f 3504 3511 3575
f 3575 3511 3543
f 3575 3543 3598
f 3430 3435 3424
f 3424 3435 3433
f 3424 3433 3415
f 3395 3398 3403
f 3383 3389 3393
f 3690 3758 3655
f 3655 3758 3760
f 3655 3760 3660
f 3660 3760 3764
f 3660 3764 3657
f 3657 3764 3762
f 3657 3762 3591
f 3403 3415 3411
f 3411 3415 3433
f 3411 3433 3407
f 3407 3433 3429
f 3407 3429 3427
f 3397 3407 3423
f 3423 3407 3427
f 3423 3427 3475
f 3403 3411 3395
f 3395 3411 3407
f 3395 3407 3385
f 3385 3407 3397
f 3385 3397 3373
f 3386 3385 3378
f 3378 3385 3373
f 3378 3373 3371
f 3371 3373 3364
f 3371 3364 3363
f 3572 3495 3577
f 3577 3495 3502
f 3577 3502 3575
f 3575 3502 3508
f 3575 3508 3504
f 3591 3572 3657
f 3657 3572 3577
f 3657 3577 3660
f 3660 3577 3575
f 3660 3575 3655
f 3655 3575 3598
f 3655 3598 3650
f 3398 3395 3393
f 3393 3395 3386
f 3393 3386 3383
f 3383 3386 3378
f 3383 3378 3376
f 3376 3378 3371
f 3376 3371 3369
f 3369 3371 3363
f 3369 3363 3361
f 3567 3494 3475
f 3475 3494 3465
f 3475 3465 3423
f 3423 3465 3417
f 3423 3417 3397
f 3397 3417 3381
f 3397 3381 3373
f 3373 3381 3366
f 3373 3366 3364
f 3591 3567 3572
f 3572 3567 3475
f 3572 3475 3495
f 3495 3475 3427
f 3495 3427 3502
f 3502 3427 3429
f 3502 3429 3508
f 3508 3429 3433
f 3508 3433 3504
f 3504 3433 3435
f 3504 3435 3444
f 3444 3435 3430
f 3476 3505 3512
f 3468 3463 3451
f 3720 3693 3700
f 3616 3612 3618
f 3618 3612 3603
f 3618 3603 3562
f 3693 3616 3700
f 3700 3616 3618
f 3700 3618 3622
f 3622 3618 3562
f 3622 3562 3565
f 3712 3807 3800
f 3908 3903 3807
f 3482 3468 3453
f 3468 3451 3453
f 3453 3451 3440
f 3453 3440 3442
f 3480 3472 3483
f 3483 3472 3476
f 3483 3476 3487
f 3487 3476 3512
f 3603 3559 3562
f 3562 3559 3544
f 3562 3544 3565
f 3565 3544 3542
f 3565 3542 3529
f 3529 3542 3528
f 3529 3528 3505
f 3505 3528 3516
f 3505 3516 3512
f 3472 3463 3476
f 3476 3463 3468
f 3476 3468 3505
f 3505 3468 3482
f 3505 3482 3529
f 3909 3908 3809
f 3809 3908 3807
f 3809 3807 3709
f 3709 3807 3712
f 3709 3712 3613
f 3613 3712 3624
f 3613 3624 3549
f 3549 3624 3556
f 3549 3556 3515
f 3903 3898 3807
f 3807 3898 3897
f 3807 3897 3800
f 3800 3897 3886
f 3800 3886 3884
f 3905 3909 3730
f 3730 3909 3809
f 3730 3809 3698
f 3698 3809 3709
f 3698 3709 3604
f 3604 3709 3613
f 3604 3613 3541
f 3541 3613 3549
f 3541 3549 3488
f 3488 3549 3515
f 3488 3515 3470
f 3470 3515 3446
f 3712 3626 3624
f 3624 3626 3560
f 3624 3560 3556
f 3556 3560 3523
f 3556 3523 3515
f 3515 3523 3459
f 3515 3459 3446
f 3446 3459 3445
f 3442 3445 3453
f 3453 3445 3459
f 3453 3459 3482
f 3482 3459 3523
f 3482 3523 3529
f 3529 3523 3560
f 3529 3560 3565
f 3565 3560 3626
f 3565 3626 3622
f 3622 3626 3712
f 3622 3712 3700
f 3700 3712 3800
f 3700 3800 3720
f 3720 3800 3884
f 3720 3884 3879
f 3907 3909 3905
f 3879 3884 3887
f 3884 3886 3887
f 3887 3886 3897
f 3907 3903 3908
f 3907 3908 3909
f 3474 3481 3479
f 3450 3439 3441
f 3441 3452 3450
f 3450 3452 3464
f 3450 3464 3462
f 3462 3464 3474
f 3462 3474 3471
f 3471 3474 3479
f 3382 3388 3389
f 3369 3361 3359
f 3389 3383 3382
f 3382 3383 3376
f 3382 3376 3375
f 3375 3376 3369
f 3375 3369 3368
f 3368 3369 3359
f 3368 3359 3360
f 3472 3480 3481
f 3452 3441 3440
f 3440 3451 3452
f 3452 3451 3463
f 3452 3463 3464
f 3464 3463 3472
f 3464 3472 3474
f 3474 3472 3481
f 3896 3899 3808
f 3906 3910 3810
f 3531 3527 3507
f 3525 3530 3531
f 3525 3531 3510
f 3510 3531 3507
f 3510 3507 3497
f 3469 3477 3485
f 3485 3477 3507
f 3485 3507 3521
f 3521 3507 3527
f 3497 3507 3486
f 3486 3507 3477
f 3486 3477 3479
f 3513 3550 3533
f 3443 3454 3447
f 3447 3454 3460
f 3447 3460 3458
f 3458 3460 3513
f 3458 3513 3484
f 3484 3513 3533
f 3454 3469 3460
f 3460 3469 3485
f 3460 3485 3513
f 3513 3485 3521
f 3513 3521 3550
f 3550 3521 3557
f 3550 3557 3614
f 3614 3557 3625
f 3614 3625 3708
f 3708 3625 3710
f 3708 3710 3810
f 3880 3888 3826
f 3826 3888 3801
f 3896 3808 3888
f 3563 3558 3578
f 3579 3610 3617
f 3617 3610 3699
f 3617 3699 3623
f 3610 3662 3699
f 3699 3662 3670
f 3699 3670 3801
f 3801 3670 3785
f 3801 3785 3826
f 3623 3566 3617
f 3617 3566 3563
f 3617 3563 3579
f 3579 3563 3578
f 3888 3808 3801
f 3801 3808 3705
f 3801 3705 3699
f 3699 3705 3628
f 3699 3628 3623
f 3623 3628 3561
f 3623 3561 3566
f 3479 3477 3471
f 3471 3477 3469
f 3471 3469 3462
f 3462 3469 3454
f 3462 3454 3450
f 3450 3454 3443
f 3450 3443 3439
f 3910 3904 3810
f 3810 3904 3806
f 3810 3806 3708
f 3708 3806 3724
f 3708 3724 3614
f 3614 3724 3600
f 3614 3600 3550
f 3550 3600 3540
f 3550 3540 3533
f 3530 3558 3531
f 3531 3558 3563
f 3531 3563 3527
f 3527 3563 3566
f 3527 3566 3521
f 3521 3566 3561
f 3521 3561 3557
f 3557 3561 3628
f 3557 3628 3625
f 3625 3628 3705
f 3625 3705 3710
f 3710 3705 3808
f 3710 3808 3810
f 3810 3808 3899
f 3810 3899 3906
f 3370 3368 3360
f 3582 3573 3574
f 3582 3574 3651
f 3438 3434 3473
f 3473 3434 3506
f 3473 3506 3500
f 3500 3506 3539
f 3576 3659 3656
f 3658 3659 3571
f 3571 3659 3576
f 3571 3576 3478
f 3478 3576 3496
f 3478 3496 3422
f 3422 3496 3426
f 3422 3426 3396
f 3620 3658 3568
f 3568 3658 3571
f 3568 3571 3501
f 3501 3571 3478
f 3375 3368 3377
f 3377 3368 3370
f 3377 3370 3387
f 3367 3372 3396
f 3362 3365 3374
f 3394 3392 3384
f 3384 3392 3391
f 3384 3391 3382
f 3382 3391 3390
f 3382 3390 3388
f 3438 3431 3434
f 3434 3431 3420
f 3434 3420 3412
f 3412 3420 3413
f 3412 3413 3410
f 3573 3539 3574
f 3574 3539 3506
f 3574 3506 3509
f 3509 3506 3434
f 3509 3434 3432
f 3432 3434 3412
f 3432 3412 3409
f 3409 3412 3410
f 3409 3410 3394
f 3394 3410 3399
f 3394 3399 3392
f 3382 3375 3384
f 3384 3375 3377
f 3384 3377 3394
f 3394 3377 3387
f 3394 3387 3409
f 3754 3656 3759
f 3759 3656 3659
f 3759 3659 3761
f 3761 3659 3658
f 3761 3658 3765
f 3765 3658 3620
f 3765 3620 3763
f 3372 3379 3396
f 3396 3379 3380
f 3396 3380 3422
f 3422 3380 3418
f 3422 3418 3478
f 3478 3418 3466
f 3478 3466 3501
f 3576 3503 3496
f 3496 3503 3428
f 3496 3428 3426
f 3426 3428 3406
f 3426 3406 3396
f 3396 3406 3374
f 3396 3374 3367
f 3367 3374 3365
f 3360 3362 3370
f 3370 3362 3374
f 3370 3374 3387
f 3387 3374 3406
f 3387 3406 3409
f 3409 3406 3428
f 3409 3428 3432
f 3432 3428 3503
f 3432 3503 3509
f 3509 3503 3576
f 3509 3576 3574
f 3574 3576 3656
f 3574 3656 3651
f 3651 3656 3754
f 4255 4252 4524
f 4254 4527 4251
f 4251 4527 4528
f 4251 4528 4249
f 4249 4528 4525
f 4249 4525 4244
f 4244 4525 4522
f 3763 4252 3765
f 3765 4252 4255
f 3765 4255 3761
f 4524 4527 4255
f 4255 4527 4254
f 4255 4254 3761
f 3761 4254 4251
f 3761 4251 3759
f 3759 4251 4249
f 3759 4249 3754
f 3754 4249 4244
f 4375 3904 3910
f 4573 4375 4379
f 4375 3910 4379
f 4379 3910 3906
f 4379 3906 4377
f 4377 3906 3899
f 4377 3899 4373
f 4373 3899 3896
f 4373 3896 4369
f 4369 3896 3888
f 4369 3888 4367
f 4367 3888 3880
f 4367 3880 4359
f 4573 4379 4577
f 4577 4379 4377
f 4577 4377 4575
f 4575 4377 4373
f 4575 4373 4571
f 4571 4373 4369
f 4571 4369 4567
f 4567 4369 4367
f 4567 4367 4563
f 4563 4367 4359
f 4563 4359 4560
f 4870 4880 4835
f 4618 4563 4560
f 4563 4618 4567
f 4722 4712 4746
f 4722 4746 4777
f 4777 4746 4780
f 4777 4780 4824
f 4824 4780 4812
f 4824 4812 4836
f 4712 4722 4686
f 4686 4722 4658
f 4686 4658 4644
f 4876 4884 4836
f 4836 4884 4828
f 4836 4828 4824
f 4824 4828 4783
f 4824 4783 4777
f 4777 4783 4729
f 4777 4729 4722
f 4722 4729 4666
f 4722 4666 4658
f 4658 4666 4618
f 4658 4618 4644
f 4644 4618 4560
f 4830 4789 4808
f 4779 4732 4735
f 4735 4732 4681
f 4735 4681 4680
f 4680 4681 4633
f 4680 4633 4629
f 4629 4633 4575
f 4629 4575 4571
f 4723 4701 4691
f 4732 4675 4681
f 4681 4675 4632
f 4681 4632 4633
f 4633 4632 4577
f 4633 4577 4575
f 4701 4723 4755
f 4755 4723 4759
f 4755 4759 4760
f 4760 4759 4789
f 4760 4789 4801
f 4801 4789 4830
f 4801 4830 4819
f 4911 4880 4897
f 4897 4880 4870
f 4897 4870 4867
f 4876 4881 4884
f 4884 4881 4896
f 4884 4896 4915
f 4915 4896 4918
f 4915 4918 4928
f 4928 4918 4932
f 4928 4932 4933
f 4808 4789 4779
f 4779 4789 4759
f 4779 4759 4732
f 4732 4759 4723
f 4732 4723 4675
f 4675 4723 4691
f 4675 4691 4632
f 4632 4691 4627
f 4632 4627 4577
f 4577 4627 4593
f 4577 4593 4573
f 4835 4819 4870
f 4870 4819 4830
f 4870 4830 4867
f 4867 4830 4808
f 4867 4808 4821
f 4821 4808 4779
f 4821 4779 4785
f 4785 4779 4735
f 4785 4735 4734
f 4734 4735 4680
f 4734 4680 4672
f 4672 4680 4629
f 4672 4629 4623
f 4623 4629 4571
f 4623 4571 4567
f 4567 4618 4623
f 4623 4618 4666
f 4623 4666 4672
f 4672 4666 4729
f 4672 4729 4734
f 4734 4729 4783
f 4734 4783 4785
f 4785 4783 4828
f 4785 4828 4821
f 4821 4828 4884
f 4821 4884 4867
f 4867 4884 4915
f 4867 4915 4897
f 4897 4915 4928
f 4897 4928 4911
f 4615 4609 4612
f 4598 4581 4585
f 4625 4602 4617
f 4685 4667 4662
f 4649 4674 4655
f 4655 4674 4695
f 4655 4695 4662
f 4662 4695 4698
f 4662 4698 4685
f 4603 4625 4649
f 4649 4625 4647
f 4649 4647 4674
f 4674 4647 4660
f 4576 4569 4595
f 4545 4543 4559
f 4562 4544 4552
f 4552 4544 4540
f 4533 4547 4536
f 4536 4547 4549
f 4536 4549 4539
f 4539 4549 4551
f 4539 4551 4540
f 4540 4551 4553
f 4540 4553 4552
f 4544 4522 4540
f 4540 4522 4525
f 4540 4525 4539
f 4539 4525 4528
f 4539 4528 4536
f 4536 4528 4527
f 4536 4527 4533
f 4533 4527 4524
f 4615 4612 4645
f 4576 4600 4583
f 4583 4600 4606
f 4583 4606 4586
f 4586 4606 4611
f 4586 4611 4585
f 4585 4611 4612
f 4585 4612 4598
f 4598 4612 4609
f 4576 4595 4600
f 4600 4595 4621
f 4600 4621 4606
f 4606 4621 4634
f 4606 4634 4611
f 4611 4634 4637
f 4611 4637 4612
f 4612 4637 4642
f 4612 4642 4645
f 4645 4642 4637
f 4645 4637 4661
f 4547 4569 4549
f 4549 4569 4576
f 4549 4576 4551
f 4551 4576 4583
f 4551 4583 4553
f 4553 4583 4586
f 4553 4586 4552
f 4552 4586 4585
f 4552 4585 4562
f 4562 4585 4581
f 4625 4617 4647
f 4647 4617 4639
f 4647 4639 4660
f 4660 4689 4674
f 4674 4689 4708
f 4674 4708 4695
f 4695 4708 4714
f 4695 4714 4698
f 4602 4625 4594
f 4594 4625 4603
f 4594 4603 4568
f 4568 4603 4591
f 4568 4591 4559
f 4559 4591 4565
f 4559 4565 4545
f 4524 4543 4533
f 4533 4543 4545
f 4533 4545 4547
f 4547 4545 4565
f 4547 4565 4569
f 4569 4565 4591
f 4569 4591 4595
f 4595 4591 4603
f 4595 4603 4621
f 4621 4603 4649
f 4621 4649 4634
f 4634 4649 4655
f 4634 4655 4637
f 4637 4655 4662
f 4637 4662 4661
f 4661 4662 4667
f 4835 4880 4848
f 4848 4880 4894
f 4904 4856 4894
f 4894 4856 4850
f 4894 4850 4848
f 4909 4865 4904
f 4904 4865 4860
f 4904 4860 4856
f 4840 4799 4868
f 4868 4799 4807
f 4868 4807 4885
f 4885 4807 4833
f 4885 4833 4891
f 4891 4833 4839
f 4891 4839 4903
f 4903 4839 4854
f 4903 4854 4909
f 4909 4854 4861
f 4909 4861 4865
f 4802 4771 4823
f 4823 4771 4786
f 4823 4786 4840
f 4840 4786 4796
f 4840 4796 4799
f 4703 4678 4717
f 4717 4678 4687
f 4717 4687 4744
f 4744 4687 4711
f 4744 4711 4763
f 4763 4711 4737
f 4763 4737 4787
f 4787 4737 4754
f 4787 4754 4802
f 4802 4754 4768
f 4802 4768 4771
f 4660 4639 4682
f 4682 4639 4651
f 4682 4651 4693
f 4693 4651 4659
f 4693 4659 4703
f 4703 4659 4670
f 4703 4670 4678
f 4689 4660 4704
f 4704 4660 4682
f 4704 4682 4719
f 4719 4682 4693
f 4719 4693 4738
f 4738 4693 4703
f 4738 4703 4749
f 4749 4703 4717
f 4749 4717 4773
f 4773 4717 4744
f 4773 4744 4794
f 4794 4744 4763
f 4794 4763 4813
f 4813 4763 4787
f 4813 4787 4841
f 4841 4787 4802
f 4841 4802 4872
f 4872 4802 4823
f 4872 4823 4886
f 4886 4823 4840
f 4886 4840 4906
f 4906 4840 4868
f 4906 4868 4921
f 4921 4868 4885
f 4921 4885 4931
f 4931 4885 4891
f 4931 4891 4938
f 4938 4891 4903
f 4938 4903 4941
f 4941 4903 4909
f 4941 4909 4937
f 4937 4909 4904
f 4937 4904 4925
f 4925 4904 4894
f 4925 4894 4911
f 4911 4894 4880
f 4708 4689 4726
f 4726 4689 4704
f 4726 4704 4741
f 4741 4704 4719
f 4741 4719 4753
f 4753 4719 4738
f 4753 4738 4764
f 4764 4738 4749
f 4764 4749 4790
f 4790 4749 4773
f 4790 4773 4811
f 4811 4773 4794
f 4811 4794 4843
f 4843 4794 4813
f 4843 4813 4874
f 4874 4813 4841
f 4874 4841 4893
f 4893 4841 4872
f 4893 4872 4912
f 4912 4872 4886
f 4912 4886 4926
f 4926 4886 4906
f 4926 4906 4945
f 4945 4906 4921
f 4945 4921 4954
f 4954 4921 4931
f 4954 4931 4961
f 4961 4931 4938
f 4961 4938 4963
f 4963 4938 4941
f 4963 4941 4958
f 4958 4941 4937
f 4958 4937 4948
f 4948 4937 4925
f 4948 4925 4928
f 4928 4925 4911
f 4714 4708 4733
f 4733 4708 4726
f 4733 4726 4743
f 4743 4726 4741
f 4743 4741 4757
f 4757 4741 4753
f 4757 4753 4769
f 4769 4753 4764
f 4769 4764 4795
f 4795 4764 4790
f 4795 4790 4820
f 4820 4790 4811
f 4820 4811 4849
f 4849 4811 4843
f 4849 4843 4878
f 4878 4843 4874
f 4878 4874 4900
f 4900 4874 4893
f 4900 4893 4917
f 4917 4893 4912
f 4917 4912 4934
f 4934 4912 4926
f 4934 4926 4949
f 4949 4926 4945
f 4949 4945 4957
f 4957 4945 4954
f 4957 4954 4967
f 4967 4954 4961
f 4967 4961 4969
f 4969 4961 4963
f 4969 4963 4962
f 4962 4963 4958
f 4962 4958 4951
f 4951 4958 4948
f 4951 4948 4933
f 4933 4948 4928
f 2878 2883 2802
f 2612 2585 2605
f 2605 2585 2580
f 2605 2580 2600
f 2650 2617 2633
f 2633 2617 2596
f 2633 2596 2623
f 2623 2596 2595
f 2623 2595 2612
f 2612 2595 2591
f 2612 2591 2585
f 2661 2639 2650
f 2650 2639 2629
f 2650 2629 2617
f 2748 2746 2764
f 2764 2746 2718
f 2764 2718 2736
f 2736 2718 2716
f 2736 2716 2724
f 2724 2716 2688
f 2724 2688 2708
f 2708 2688 2683
f 2708 2683 2695
f 2695 2683 2664
f 2695 2664 2682
f 2682 2664 2657
f 2682 2657 2661
f 2661 2657 2649
f 2661 2649 2639
f 2748 2764 2779
f 2779 2764 2796
f 2779 2796 2789
f 2789 2796 2811
f 2789 2811 2801
f 2801 2811 2832
f 2801 2832 2816
f 2816 2832 2862
f 2816 2862 2857
f 2857 2862 2921
f 2857 2921 2898
f 2898 2921 2936
f 2936 2921 2954
f 2936 2954 2945
f 2945 2954 2973
f 2945 2973 2980
f 2980 2973 2994
f 2980 2994 3019
f 3039 3015 3019
f 3019 3015 3002
f 3019 3002 2980
f 3078 3046 3060
f 3060 3046 3043
f 3060 3043 3039
f 3039 3043 3029
f 3039 3029 3015
f 3073 3066 3078
f 3078 3066 3063
f 3078 3063 3046
f 3078 3091 3073
f 3073 3091 3106
f 3073 3106 3087
f 3087 3106 3116
f 3087 3116 3094
f 3094 3116 3124
f 3094 3124 3110
f 3110 3124 3143
f 3110 3143 3120
f 3120 3143 3125
f 3125 3143 3156
f 3125 3156 3130
f 3130 3156 3141
f 3141 3156 3160
f 3141 3160 3142
f 3142 3160 3163
f 3142 3163 3147
f 3147 3163 3164
f 3147 3164 3151
f 3151 3164 3166
f 3151 3166 3153
f 3237 3208 3206
f 3237 3206 3235
f 3235 3206 3202
f 3235 3202 3233
f 3233 3202 3199
f 3233 3199 3231
f 3231 3199 3198
f 3231 3198 3229
f 3229 3198 3194
f 3229 3194 3226
f 3226 3194 3225
f 3225 3194 3192
f 3225 3192 3224
f 3224 3192 3221
f 3221 3192 3181
f 3221 3181 3219
f 3203 3210 3181
f 3181 3210 3217
f 3181 3217 3219
f 3174 3187 3126
f 3126 3187 3196
f 3126 3196 3157
f 3157 3196 3203
f 3157 3203 3172
f 3172 3203 3181
f 2978 2927 2969
f 2969 2927 2896
f 2825 2923 2834
f 2834 2923 2930
f 2834 2930 2847
f 2847 2930 2935
f 2847 2935 2859
f 2859 2935 2947
f 2859 2947 2877
f 2877 2947 2957
f 2877 2957 2896
f 2896 2957 2965
f 2896 2965 2969
f 2891 2893 2813
f 2813 2893 2908
f 2813 2908 2825
f 2825 2908 2920
f 2825 2920 2923
f 2802 2883 2813
f 2813 2883 2889
f 2813 2889 2891
f 2878 2802 2875
f 2875 2802 2794
f 2875 2794 2870
f 2870 2794 2865
f 2865 2794 2788
f 2865 2788 2856
f 2856 2788 2774
f 2856 2774 2846
f 2846 2774 2768
f 2846 2768 2843
f 2843 2768 2840
f 2840 2768 2765
f 2840 2765 2839
f 2978 2982 2927
f 2927 2982 3001
f 2927 3001 2944
f 2944 3001 3027
f 2944 3027 2958
f 2958 3027 3050
f 2958 3050 2977
f 2977 3050 3083
f 2977 3083 3024
f 3024 3083 3145
f 3024 3145 3067
f 3067 3145 3174
f 3067 3174 3092
f 3092 3174 3126
f 3220 3190 3215
f 3215 3190 3188
f 3215 3188 3213
f 3213 3188 3184
f 3213 3184 3212
f 3212 3184 3183
f 3212 3183 3208
f 3208 3183 3179
f 3208 3179 3206
f 3206 3179 3176
f 3206 3176 3202
f 3202 3176 3173
f 3202 3173 3199
f 3199 3173 3168
f 3199 3168 3198
f 3198 3168 3167
f 3198 3167 3194
f 3194 3167 3159
f 3194 3159 3192
f 3192 3159 3148
f 3192 3148 3181
f 3181 3148 3122
f 3181 3122 3172
f 3172 3122 3090
f 3172 3090 3157
f 3157 3090 3065
f 3157 3065 3126
f 3126 3065 3045
f 3126 3045 3092
f 3092 3045 3022
f 3092 3022 3067
f 3067 3022 2996
f 3067 2996 3024
f 3024 2996 2955
f 3024 2955 2977
f 2977 2955 2922
f 2977 2922 2958
f 2958 2922 2890
f 2958 2890 2944
f 2944 2890 2869
f 2944 2869 2927
f 2927 2869 2833
f 2927 2833 2896
f 2896 2833 2815
f 2896 2815 2877
f 2877 2815 2799
f 2877 2799 2859
f 2859 2799 2790
f 2859 2790 2847
f 2847 2790 2773
f 2847 2773 2834
f 2834 2773 2759
f 2834 2759 2825
f 2825 2759 2750
f 2825 2750 2813
f 2813 2750 2730
f 2813 2730 2802
f 2802 2730 2713
f 2802 2713 2794
f 2794 2713 2697
f 2794 2697 2788
f 2788 2697 2686
f 2788 2686 2774
f 2774 2686 2675
f 2774 2675 2768
f 2768 2675 2672
f 2768 2672 2765
f 2765 2672 2668
f 3246 3220 3245
f 3245 3220 3215
f 3245 3215 3243
f 3243 3215 3213
f 3243 3213 3241
f 3241 3213 3212
f 3241 3212 3239
f 3239 3212 3208
f 3239 3208 3238
f 3238 3208 3237
f 3190 3166 3188
f 3188 3166 3164
f 3188 3164 3184
f 3184 3164 3163
f 3184 3163 3183
f 3183 3163 3160
f 3183 3160 3179
f 3179 3160 3156
f 3179 3156 3176
f 3176 3156 3143
f 3176 3143 3173
f 3173 3143 3124
f 3173 3124 3168
f 3168 3124 3116
f 3168 3116 3167
f 3167 3116 3106
f 3167 3106 3159
f 3159 3106 3091
f 3159 3091 3148
f 3148 3091 3078
f 3148 3078 3122
f 3122 3078 3060
f 3122 3060 3090
f 3090 3060 3039
f 3090 3039 3065
f 3065 3039 3019
f 3065 3019 3045
f 3045 3019 2994
f 3045 2994 3022
f 3022 2994 2973
f 3022 2973 2996
f 2996 2973 2954
f 2996 2954 2955
f 2955 2954 2921
f 2955 2921 2922
f 2922 2921 2862
f 2922 2862 2890
f 2890 2862 2832
f 2890 2832 2869
f 2869 2832 2811
f 2869 2811 2833
f 2833 2811 2796
f 2833 2796 2815
f 2815 2796 2764
f 2815 2764 2799
f 2799 2764 2736
f 2799 2736 2790
f 2790 2736 2724
f 2790 2724 2773
f 2773 2724 2708
f 2773 2708 2759
f 2759 2708 2695
f 2759 2695 2750
f 2750 2695 2682
f 2750 2682 2730
f 2730 2682 2661
f 2730 2661 2713
f 2713 2661 2650
f 2713 2650 2697
f 2697 2650 2633
f 2697 2633 2686
f 2686 2633 2623
f 2686 2623 2675
f 2675 2623 2612
f 2675 2612 2672
f 2672 2612 2605
f 2672 2605 2668
f 2668 2605 2600
f 3381 3417 3297
f 3292 3291 3290
f 3231 3278 3280
f 2839 2838 3270
f 3293 3270 3359
f 2839 3270 2840
f 2840 3270 3293
f 2840 3293 2843
f 2843 3293 3295
f 2843 3295 2846
f 3299 2856 3297
f 3297 2856 2846
f 2878 2875 3301
f 3301 2875 2870
f 3301 2870 3299
f 3299 2870 2865
f 3299 2865 2856
f 2878 3301 2883
f 2883 3301 3303
f 2883 3303 2889
f 3306 2893 3303
f 3303 2893 2891
f 3303 2891 2889
f 3308 2920 3306
f 3306 2920 2908
f 3306 2908 2893
f 3312 2930 3310
f 3310 2930 2923
f 3315 2947 3313
f 3313 2947 2935
f 3320 2978 3318
f 3318 2978 2969
f 3318 2969 3316
f 3316 2969 2965
f 3316 2965 2957
f 3258 3050 3256
f 3256 3050 3027
f 3256 3027 3254
f 3254 3027 3001
f 3254 3001 3252
f 3252 3001 2982
f 3269 3196 3266
f 3266 3196 3187
f 3266 3187 3264
f 3264 3187 3174
f 3264 3174 3262
f 3262 3174 3145
f 3219 3217 3272
f 3272 3217 3210
f 3272 3210 3269
f 3269 3210 3203
f 3269 3203 3196
f 3219 3272 3221
f 3221 3272 3274
f 3221 3274 3224
f 3224 3274 3225
f 3225 3274 3275
f 3225 3275 3226
f 3226 3275 3277
f 3226 3277 3229
f 3231 3280 3233
f 3233 3280 3282
f 3233 3282 3235
f 3235 3282 3237
f 3237 3282 3284
f 3237 3284 3238
f 3238 3284 3239
f 3239 3284 3286
f 3239 3286 3241
f 3241 3286 3288
f 3241 3288 3243
f 3243 3288 3290
f 3243 3290 3245
f 3245 3290 3291
f 3245 3291 3246
f 3441 3358 3440
f 3440 3358 3356
f 3440 3356 3442
f 3442 3356 3445
f 3445 3356 3355
f 3445 3355 3446
f 3604 3541 3353
f 3353 3541 3488
f 3353 3488 3355
f 3355 3488 3470
f 3355 3470 3446
f 3982 3905 3602
f 3602 3905 3730
f 3602 3730 3608
f 3608 3730 3698
f 4605 4574 4486
f 4605 4486 4628
f 4804 4766 4477
f 4477 4766 4762
f 4477 4762 4486
f 4486 4762 4700
f 4486 4700 4628
f 4804 4477 4810
f 4810 4477 4469
f 4810 4469 4837
f 4837 4469 4847
f 4847 4469 4457
f 4847 4457 4852
f 4852 4457 4855
f 4855 4457 4452
f 4855 4452 4858
f 4449 4866 4864
f 4866 4449 4863
f 4863 4449 4437
f 4863 4437 4859
f 4859 4437 4857
f 4857 4437 4420
f 4857 4420 4851
f 4851 4420 4404
f 4851 4404 4838
f 4832 4834 4402
f 4402 4834 4838
f 4400 4815 4832
f 4397 4520 4815
f 4793 4800 4520
f 4520 4800 4803
f 4520 4803 4815
f 4514 4750 4516
f 4516 4750 4770
f 4516 4770 4518
f 4518 4770 4776
f 4512 4740 4514
f 4514 4740 4745
f 4514 4745 4750
f 4510 4713 4512
f 4512 4713 4725
f 4512 4725 4740
f 4508 4697 4510
f 4510 4697 4710
f 4510 4710 4713
f 4690 4506 4665
f 4665 4506 4504
f 4665 4504 4653
f 4500 4620 4502
f 4502 4620 4640
f 4502 4640 4504
f 4504 4640 4650
f 4504 4650 4653
f 4590 4599 4500
f 4500 4599 4608
f 4500 4608 4620
f 4492 4498 4500
f 4500 4498 4526
f 4500 4526 4532
f 4532 4557 4500
f 4500 4557 4580
f 4500 4580 4590
f 3297 3417 3299
f 3299 3417 3465
f 3299 3465 3494
f 3567 3591 3717
f 2846 3295 3297
f 3297 3295 3366
f 3297 3366 3381
f 3359 3361 3293
f 3293 3361 3363
f 3293 3363 3295
f 3295 3363 3364
f 3295 3364 3366
f 4100 4140 4437
f 4100 4437 4094
f 3894 3919 3926
f 3926 3919 3942
f 3942 3949 3926
f 3926 3949 3992
f 3926 3992 4005
f 4005 4043 3926
f 3926 4043 4052
f 3926 4052 4072
f 4140 4147 4437
f 4437 4147 4164
f 4437 4164 4182
f 4212 4420 4204
f 4204 4420 4437
f 4204 4437 4187
f 4187 4437 4182
f 3902 3871 3537
f 3537 3871 3867
f 3537 3867 3856
f 3855 3863 3545
f 3856 3840 3537
f 3537 3840 3838
f 3537 3838 3545
f 3545 3838 3846
f 3545 3846 3855
f 3537 3532 3902
f 3902 3532 3876
f 3902 3876 3920
f 3920 3876 3956
f 4109 4082 4402
f 4838 4404 4402
f 4402 4404 4123
f 4402 4123 4109
f 4006 4004 3876
f 3876 4004 3965
f 3876 3965 3956
f 4082 4065 4402
f 4402 4065 4061
f 4402 4061 3876
f 3876 4061 4009
f 3876 4009 4006
f 4212 4211 4420
f 4420 4211 4205
f 4420 4205 4404
f 4404 4205 4198
f 4404 4198 4193
f 4193 4175 4404
f 4404 4175 4168
f 4404 4168 4123
f 4170 4388 4169
f 4169 4388 4392
f 4169 4392 4155
f 4155 4392 4137
f 3927 3941 3814
f 3814 3941 3948
f 3814 3948 3983
f 3983 4000 3814
f 3814 4000 4035
f 3814 4035 4395
f 4395 4035 4050
f 4395 4050 4091
f 4091 4098 4395
f 4395 4098 4105
f 4395 4105 4392
f 4392 4105 4129
f 4392 4129 4137
f 3790 3792 3805
f 3805 3792 3813
f 3805 3813 3820
f 3820 3844 3805
f 3805 3844 3860
f 3805 3860 3814
f 3814 3860 3870
f 3814 3870 3927
f 4170 4151 4388
f 4388 4151 4150
f 4388 4150 4383
f 4383 4150 4130
f 4383 4130 4124
f 4124 4113 4383
f 4383 4113 4095
f 4383 4095 4086
f 4086 4044 4383
f 4383 4044 4036
f 4383 4036 4027
f 3980 3950 3779
f 3980 3779 3989
f 3950 3930 3779
f 3779 3930 3915
f 3779 3915 3865
f 3865 3850 3779
f 3779 3850 3839
f 3779 3839 3815
f 3815 3812 3779
f 3779 3812 3799
f 3779 3799 3786
f 3786 3799 3789
f 3494 3567 3299
f 3299 3567 3717
f 3299 3717 3301
f 3301 3717 3721
f 3301 3721 3303
f 3303 3721 3731
f 3303 3731 3306
f 3306 3731 3737
f 3306 3737 3308
f 3308 3737 3746
f 3752 3312 3746
f 3746 3312 3310
f 3746 3310 3308
f 3308 3310 2923
f 3308 2923 2920
f 3773 3315 3752
f 3752 3315 3313
f 3752 3313 3312
f 3312 3313 2935
f 3312 2935 2930
f 3789 3787 3786
f 3786 3787 3320
f 3786 3320 3779
f 3779 3320 3318
f 3779 3318 3773
f 3773 3318 3316
f 3773 3316 3315
f 3315 3316 2957
f 3315 2957 2947
f 2982 2978 3252
f 3252 2978 3320
f 3252 3320 3254
f 3254 3320 3322
f 3254 3322 3256
f 3256 3322 3324
f 3256 3324 3258
f 3832 3492 3324
f 3324 3492 3326
f 3324 3326 3258
f 3863 3878 3545
f 3545 3878 3894
f 3545 3894 3553
f 3553 3894 3926
f 3553 3926 3570
f 3570 3926 3935
f 3570 3935 3581
f 3944 3955 3586
f 3982 3602 3979
f 3979 3602 3597
f 3979 3597 3962
f 3962 3597 3589
f 3962 3589 3955
f 3955 3589 3586
f 3586 3589 3345
f 3586 3345 3344
f 3698 3604 3608
f 3608 3604 3353
f 3608 3353 3602
f 3602 3353 3351
f 3602 3351 3597
f 3597 3351 3349
f 3597 3349 3589
f 3589 3349 3347
f 3589 3347 3345
f 3330 3532 3332
f 3332 3532 3537
f 3332 3537 3334
f 3334 3537 3545
f 3334 3545 3336
f 3336 3545 3553
f 3336 3553 3339
f 3339 3553 3570
f 3339 3570 3341
f 3341 3570 3581
f 3341 3581 3342
f 3262 3330 3264
f 3264 3330 3332
f 3264 3332 3266
f 3266 3332 3334
f 3266 3334 3269
f 3269 3334 3336
f 3269 3336 3272
f 3272 3336 3339
f 3272 3339 3274
f 3274 3339 3341
f 3274 3341 3275
f 3275 3341 3342
f 3275 3342 3277
f 3358 3292 3356
f 3356 3292 3290
f 3356 3290 3355
f 3355 3290 3288
f 3355 3288 3353
f 3353 3288 3286
f 3353 3286 3351
f 3351 3286 3284
f 3351 3284 3349
f 3349 3284 3282
f 3349 3282 3347
f 3347 3282 3280
f 3347 3280 3345
f 3345 3280 3278
f 3345 3278 3344
f 4832 4402 4400
f 4400 4402 3876
f 4400 3876 3868
f 3868 3876 3532
f 3868 3532 3520
f 3520 3532 3330
f 3520 3330 3328
f 3328 3330 3262
f 3328 3262 3260
f 3260 3262 3145
f 3260 3145 3083
f 4815 4400 4397
f 4397 4400 3868
f 4397 3868 3832
f 3832 3868 3520
f 3832 3520 3492
f 3492 3520 3328
f 3492 3328 3326
f 3326 3328 3260
f 3326 3260 3258
f 3258 3260 3083
f 3258 3083 3050
f 4376 3905 4269
f 4269 3905 3982
f 4269 3982 4260
f 4260 3982 3979
f 4260 3979 4240
f 4240 3979 3962
f 4240 3962 4234
f 4234 3962 3955
f 4234 3955 4224
f 4224 3955 3944
f 4072 4094 3926
f 3926 4094 4437
f 3926 4437 3935
f 3935 4437 4449
f 3935 4449 4452
f 4452 4449 4864
f 4452 4864 4858
f 3231 3229 3278
f 3278 3229 3277
f 3278 3277 3344
f 3344 3277 3342
f 3344 3342 3586
f 3586 3342 3581
f 3586 3581 3944
f 3944 3581 3935
f 3944 3935 4224
f 4224 3935 4452
f 4224 4452 4234
f 4234 4452 4457
f 4234 4457 4240
f 4240 4457 4469
f 4240 4469 4260
f 4260 4469 4477
f 4260 4477 4269
f 4269 4477 4486
f 4269 4486 4376
f 4376 4486 4574
f 4518 4395 4516
f 4516 4395 4392
f 4516 4392 4514
f 4514 4392 4388
f 4514 4388 4512
f 4512 4388 4383
f 4512 4383 4510
f 4510 4383 4370
f 4510 4370 4508
f 4508 4370 4361
f 4506 4353 4504
f 4504 4353 4339
f 4504 4339 4502
f 4502 4339 4328
f 4502 4328 4500
f 4500 4328 4320
f 4500 4320 4492
f 4492 4320 4316
f 4492 4316 4314
f 4314 4316 4253
f 3762 4253 4031
f 4031 4253 4316
f 4031 4316 4041
f 4041 4316 4320
f 4041 4320 4046
f 4046 4320 4328
f 4046 4328 4056
f 4056 4328 4339
f 4056 4339 4063
f 4063 4339 4353
f 4063 4353 4361
f 4361 4353 4506
f 4361 4506 4508
f 4508 4506 4690
f 4508 4690 4697
f 4027 3989 4383
f 4383 3989 3779
f 4383 3779 4370
f 4370 3779 3773
f 4370 3773 4361
f 4361 3773 3752
f 4361 3752 4063
f 4063 3752 3746
f 4063 3746 4056
f 4056 3746 3737
f 4056 3737 4046
f 4046 3737 3731
f 4046 3731 4041
f 4041 3731 3721
f 4041 3721 4031
f 4031 3721 3717
f 4031 3717 3762
f 3762 3717 3591
f 3787 3788 3320
f 3320 3788 3790
f 3320 3790 3322
f 3322 3790 3805
f 3322 3805 3324
f 3324 3805 3814
f 3324 3814 3832
f 3832 3814 4395
f 3832 4395 4397
f 4397 4395 4518
f 4397 4518 4520
f 4520 4518 4776
f 4520 4776 4793
f 4178 4079 4165
f 4073 4197 4161
f 4161 4197 4292
f 4161 4292 4201
f 4201 4292 4341
f 4201 4341 4206
f 4206 4341 4335
f 4206 4335 4165
f 4165 4335 4277
f 4165 4277 4178
f 3852 3726 3916
f 3916 3726 3822
f 3916 3822 3995
f 3995 3822 3960
f 3995 3960 4073
f 4073 3960 4078
f 4073 4078 4197
f 4178 4116 4079
f 4079 4116 4057
f 4079 4057 4001
f 4001 4057 3939
f 4001 3939 3921
f 3921 3939 3803
f 3921 3803 3857
f 3857 3803 3713
f 3857 3713 3852
f 3852 3713 3681
f 3852 3681 3726
f 3796 3629 3793
f 3793 3629 3666
f 3793 3666 3841
f 3841 3666 3770
f 3841 3770 3945
f 3945 3770 3912
f 3945 3912 4028
f 4028 3912 4032
f 4028 4032 4106
f 4127 4037 4110
f 4032 4148 4106
f 4106 4148 4237
f 4106 4237 4152
f 4152 4237 4290
f 4152 4290 4158
f 4158 4290 4285
f 4158 4285 4110
f 4110 4285 4221
f 4110 4221 4127
f 4127 4067 4037
f 4037 4067 4007
f 4037 4007 3951
f 3951 4007 3873
f 3951 3873 3847
f 3847 3873 3741
f 3847 3741 3796
f 3796 3741 3648
f 3796 3648 3629
f 4363 4345 4327
f 4273 4271 4228
f 3993 3991 3934
f 3957 3988 3994
f 3938 3864 3862
f 4374 4389 4386
f 4386 4389 4394
f 4386 4394 4384
f 4384 4394 4391
f 4384 4391 4364
f 4364 4391 4382
f 4181 4186 4229
f 4229 4186 4235
f 4229 4235 4284
f 4284 4235 4294
f 4284 4294 4323
f 4323 4294 4332
f 4323 4332 4374
f 4186 4189 4235
f 4235 4189 4247
f 4235 4247 4294
f 4294 4247 4302
f 4294 4302 4332
f 4332 4302 4346
f 4332 4346 4374
f 4189 4194 4258
f 4189 4258 4247
f 4247 4258 4267
f 4247 4267 4302
f 4302 4267 4331
f 4302 4331 4346
f 4346 4331 4366
f 4346 4366 4374
f 4374 4366 4387
f 4374 4387 4389
f 3999 3998 4055
f 4055 3998 4059
f 4055 4059 4117
f 4117 4059 4121
f 4117 4121 4181
f 3998 3994 4059
f 4059 3994 4060
f 4059 4060 4121
f 4121 4060 4122
f 3697 3689 3744
f 3744 3689 3733
f 3744 3733 3802
f 3802 3733 3784
f 3864 3802 3862
f 3862 3802 3784
f 3862 3784 3845
f 3845 3784 3782
f 3845 3782 3834
f 3938 3862 3933
f 3933 3862 3845
f 3933 3845 3931
f 3931 3845 3834
f 3931 3834 3925
f 4045 4102 4077
f 4077 4051 4045
f 4045 4051 3985
f 4045 3985 3987
f 3987 3985 3959
f 3987 3959 3932
f 3932 3959 3928
f 3932 3928 3861
f 3866 3836 3804
f 3804 3836 3823
f 3804 3823 3750
f 3750 3823 3747
f 3750 3747 3714
f 3747 3727 3714
f 3714 3727 3704
f 3714 3704 3685
f 3685 3704 3692
f 3685 3692 3686
f 4354 4348 4338
f 4338 4348 4342
f 4324 4336 4351
f 4351 4336 4343
f 4351 4343 4354
f 4354 4343 4349
f 4354 4349 4348
f 4273 4228 4217
f 4217 4228 4196
f 4217 4196 4174
f 4196 4173 4174
f 4174 4173 4143
f 4174 4143 4102
f 4102 4143 4101
f 4102 4101 4077
f 4334 4322 4306
f 4306 4322 4307
f 4306 4307 4273
f 4273 4307 4293
f 4273 4293 4271
f 4363 4358 4365
f 4365 4358 4344
f 4312 4344 4338
f 4338 4344 4358
f 4338 4358 4354
f 4354 4358 4363
f 4354 4363 4351
f 4351 4363 4327
f 4351 4327 4324
f 3991 3993 4049
f 4049 3993 4053
f 4049 4053 4104
f 4104 4053 4114
f 4104 4114 4176
f 4176 4114 4177
f 4176 4177 4218
f 4218 4177 4227
f 4218 4227 4276
f 4276 4227 4279
f 4276 4279 4312
f 4312 4279 4315
f 4312 4315 4344
f 4344 4315 4357
f 4344 4357 4365
f 4342 4334 4338
f 4338 4334 4306
f 4338 4306 4312
f 4312 4306 4273
f 4312 4273 4276
f 4276 4273 4217
f 4276 4217 4218
f 4218 4217 4174
f 4218 4174 4176
f 4176 4174 4102
f 4176 4102 4104
f 4104 4102 4045
f 4104 4045 4049
f 4049 4045 3987
f 4049 3987 3991
f 3991 3987 3932
f 3991 3932 3934
f 3934 3932 3861
f 3645 3689 3665
f 3665 3689 3697
f 3665 3697 3677
f 3645 3661 3689
f 3689 3661 3674
f 3689 3674 3733
f 3733 3674 3734
f 3733 3734 3784
f 3784 3734 3778
f 3784 3778 3782
f 3994 3988 4060
f 4060 3988 4054
f 4060 4054 4122
f 4122 4054 4126
f 4122 4126 4157
f 4181 4121 4186
f 4186 4121 4122
f 4186 4122 4189
f 4189 4122 4157
f 4189 4157 4194
f 3685 3677 3714
f 3714 3677 3697
f 3714 3697 3750
f 3750 3697 3744
f 3750 3744 3804
f 3804 3744 3802
f 3804 3802 3866
f 3866 3802 3864
f 3866 3864 3937
f 3937 3864 3938
f 3937 3938 3999
f 3999 3938 3933
f 3999 3933 3998
f 3998 3933 3931
f 3998 3931 3994
f 3994 3931 3925
f 3994 3925 3957
f 4364 4345 4384
f 4384 4345 4363
f 4384 4363 4386
f 4386 4363 4365
f 4386 4365 4374
f 4374 4365 4357
f 4374 4357 4323
f 4323 4357 4315
f 4323 4315 4284
f 4284 4315 4279
f 4284 4279 4229
f 4229 4279 4227
f 4229 4227 4181
f 4181 4227 4177
f 4181 4177 4117
f 4117 4177 4114
f 4117 4114 4055
f 4055 4114 4053
f 4055 4053 3999
f 3999 4053 3993
f 3999 3993 3937
f 3937 3993 3934
f 3937 3934 3866
f 3866 3934 3861
f 3866 3861 3836
f 3890 3829 3824
f 3824 3829 3768
f 3824 3768 3766
f 3766 3768 3701
f 3766 3701 3703
f 3703 3701 3667
f 3703 3667 3668
f 3668 3667 3638
f 3668 3638 3637
f 3637 3638 3630
f 3637 3630 3621
f 3990 3929 3890
f 3890 3929 3913
f 3890 3913 3829
f 4131 4048 4070
f 4070 4048 4034
f 4070 4034 4013
f 4013 4034 3990
f 4013 3990 3966
f 3966 3990 3890
f 4171 4149 4131
f 4131 4149 4103
f 4131 4103 4048
f 4131 4184 4171
f 4171 4184 4219
f 4171 4219 4213
f 4213 4219 4236
f 4236 4219 4262
f 4236 4262 4250
f 4250 4262 4283
f 4250 4283 4280
f 4280 4283 4291
f 4291 4283 4299
f 4291 4299 4295
f 3593 3594 3584
f 3605 3609 3594
f 3630 3632 3621
f 3621 3632 3627
f 3621 3627 3609
f 3584 3583 3593
f 3593 3583 3592
f 3593 3592 3606
f 3606 3592 3635
f 3606 3635 3642
f 3642 3635 3675
f 3642 3675 3687
f 3687 3675 3739
f 3687 3739 3749
f 3749 3739 3811
f 3749 3811 3816
f 3816 3811 3881
f 3816 3881 3885
f 3885 3881 3971
f 3885 3971 3976
f 3976 3971 4026
f 3976 4026 4024
f 4024 4026 4096
f 4024 4096 4093
f 4093 4096 4156
f 4093 4156 4145
f 4145 4156 4214
f 4145 4214 4200
f 4200 4214 4266
f 4200 4266 4245
f 4245 4266 4303
f 4245 4303 4288
f 4288 4303 4330
f 4288 4330 4313
f 4313 4330 4352
f 4313 4352 4325
f 3594 3593 3605
f 3605 3593 3606
f 3605 3606 3633
f 3633 3606 3642
f 3633 3642 3652
f 3652 3642 3687
f 3652 3687 3696
f 3696 3687 3749
f 3696 3749 3755
f 3755 3749 3816
f 3755 3816 3821
f 3821 3816 3885
f 3821 3885 3889
f 3889 3885 3976
f 3889 3976 3974
f 3974 3976 4024
f 3974 4024 4020
f 4020 4024 4093
f 4020 4093 4085
f 4085 4093 4145
f 4085 4145 4139
f 4139 4145 4200
f 4139 4200 4191
f 4191 4200 4245
f 4191 4245 4230
f 4230 4245 4288
f 4230 4288 4274
f 4274 4288 4313
f 4274 4313 4298
f 4298 4313 4325
f 4298 4325 4310
f 3609 3605 3621
f 3621 3605 3633
f 3621 3633 3637
f 3637 3633 3652
f 3637 3652 3668
f 3668 3652 3696
f 3668 3696 3703
f 3703 3696 3755
f 3703 3755 3766
f 3766 3755 3821
f 3766 3821 3824
f 3824 3821 3889
f 3824 3889 3890
f 3890 3889 3974
f 3890 3974 3966
f 3966 3974 4020
f 3966 4020 4013
f 4013 4020 4085
f 4013 4085 4070
f 4070 4085 4139
f 4070 4139 4131
f 4131 4139 4191
f 4131 4191 4184
f 4184 4191 4230
f 4184 4230 4219
f 4219 4230 4274
f 4219 4274 4262
f 4262 4274 4298
f 4262 4298 4283
f 4283 4298 4310
f 4283 4310 4299
f 4324 4327 4304
f 4324 4304 4308
f 4308 4304 4272
f 4308 4272 4278
f 4278 4272 4226
f 4278 4226 4225
f 4225 4226 4183
f 4225 4183 4179
f 4179 4183 4128
f 4179 4128 4115
f 4115 4128 4068
f 4115 4068 4099
f 4099 4068 4011
f 4099 4011 4040
f 4040 4011 3975
f 4040 3975 3984
f 3984 3975 3940
f 3940 3975 3911
f 3940 3911 3924
f 3924 3911 3835
f 3924 3835 3837
f 3837 3835 3783
f 3837 3783 3791
f 3791 3783 3742
f 3791 3742 3745
f 3745 3742 3716
f 3716 3742 3702
f 3716 3702 3711
f 3711 3702 3684
f 3711 3684 3688
f 3688 3684 3679
f 3688 3679 3680
f 3685 3686 3679
f 3679 3686 3682
f 3679 3682 3680
f 4364 4382 4356
f 4345 4364 4333
f 4327 4345 4319
f 4364 4356 4333
f 4333 4356 4309
f 4333 4309 4297
f 4297 4309 4263
f 4297 4263 4248
f 4248 4263 4210
f 4248 4210 4195
f 4195 4210 4144
f 4195 4144 4141
f 4141 4144 4089
f 4141 4089 4084
f 4084 4089 4016
f 4084 4016 4017
f 4017 4016 3963
f 4017 3963 3970
f 3970 3963 3882
f 3970 3882 3895
f 3895 3882 3819
f 3895 3819 3828
f 3828 3819 3757
f 3828 3757 3777
f 3777 3757 3707
f 3777 3707 3725
f 3725 3707 3671
f 3725 3671 3683
f 3683 3671 3644
f 3683 3644 3664
f 3664 3644 3640
f 3664 3640 3653
f 3653 3640 3645
f 3653 3645 3665
f 4345 4333 4319
f 4319 4333 4297
f 4319 4297 4281
f 4281 4297 4248
f 4281 4248 4232
f 4232 4248 4195
f 4232 4195 4190
f 4190 4195 4141
f 4190 4141 4134
f 4134 4141 4084
f 4134 4084 4071
f 4071 4084 4017
f 4071 4017 4014
f 4014 4017 3970
f 4014 3970 3977
f 3977 3970 3895
f 3977 3895 3901
f 3901 3895 3828
f 3901 3828 3831
f 3831 3828 3777
f 3831 3777 3780
f 3780 3777 3725
f 3780 3725 3735
f 3735 3725 3683
f 3735 3683 3694
f 3694 3683 3664
f 3694 3664 3676
f 3676 3664 3653
f 3676 3653 3673
f 3673 3653 3665
f 3673 3665 3677
f 4327 4319 4304
f 4304 4319 4281
f 4304 4281 4272
f 4272 4281 4232
f 4272 4232 4226
f 4226 4232 4190
f 4226 4190 4183
f 4183 4190 4134
f 4183 4134 4128
f 4128 4134 4071
f 4128 4071 4068
f 4068 4071 4014
f 4068 4014 4011
f 4011 4014 3977
f 4011 3977 3975
f 3975 3977 3901
f 3975 3901 3911
f 3911 3901 3831
f 3911 3831 3835
f 3835 3831 3780
f 3835 3780 3783
f 3783 3780 3735
f 3783 3735 3742
f 3742 3735 3694
f 3742 3694 3702
f 3702 3694 3676
f 3702 3676 3684
f 3684 3676 3673
f 3684 3673 3679
f 3679 3673 3677
f 3679 3677 3685
f 4092 4146 4172
f 4172 4146 4215
f 4295 4299 4301
f 4222 4261 4265
f 4265 4261 4282
f 4265 4282 4287
f 4287 4282 4286
f 4287 4286 4301
f 4301 4286 4296
f 4301 4296 4295
f 3891 3967 3964
f 3964 3967 4019
f 3964 4019 4012
f 4012 4019 4066
f 4012 4066 4069
f 4069 4066 4125
f 4069 4125 4132
f 4132 4125 4180
f 4132 4180 4185
f 4185 4180 4216
f 4185 4216 4222
f 4222 4216 4220
f 4222 4220 4261
f 3830 3872 3891
f 3891 3872 3914
f 3891 3914 3967
f 3691 3678 3646
f 3646 3678 3619
f 3646 3619 3611
f 3611 3619 3595
f 3611 3595 3594
f 3594 3595 3584
f 3892 3883 3825
f 3825 3883 3818
f 3825 3818 3769
f 3769 3818 3751
f 3769 3751 3706
f 3706 3751 3691
f 3706 3691 3663
f 3663 3691 3646
f 3663 3646 3636
f 3636 3646 3611
f 3636 3611 3609
f 3609 3611 3594
f 4305 4257 4256
f 4256 4257 4209
f 4256 4209 4192
f 4192 4209 4142
f 4192 4142 4138
f 4138 4142 4090
f 4138 4090 4083
f 4083 4090 4021
f 4083 4021 4018
f 4018 4021 3973
f 4018 3973 3972
f 3892 3972 3883
f 3883 3972 3973
f 3883 3973 3969
f 3969 3973 4021
f 3969 4021 4022
f 4022 4021 4090
f 4022 4090 4092
f 4092 4090 4142
f 4092 4142 4146
f 4146 4142 4209
f 4146 4209 4215
f 4215 4209 4257
f 4310 4325 4311
f 4311 4325 4326
f 4311 4326 4300
f 4300 4326 4317
f 4300 4317 4275
f 4275 4317 4289
f 4275 4289 4231
f 3743 3772 3715
f 3715 3772 3719
f 3715 3719 3669
f 3669 3719 3672
f 3669 3672 3649
f 3649 3672 3641
f 3649 3641 3634
f 3634 3641 3627
f 3634 3627 3632
f 4222 4188 4185
f 4185 4188 4133
f 4185 4133 4132
f 4132 4133 4076
f 4132 4076 4069
f 4069 4076 4015
f 4069 4015 4012
f 4012 4015 3968
f 4012 3968 3964
f 3964 3968 3893
f 3964 3893 3891
f 3827 3825 3772
f 3772 3825 3769
f 3772 3769 3719
f 3719 3769 3706
f 3719 3706 3672
f 3672 3706 3663
f 3672 3663 3641
f 3641 3663 3636
f 3641 3636 3627
f 3627 3636 3609
f 4325 4352 4326
f 4326 4352 4350
f 4326 4350 4317
f 4317 4350 4337
f 4317 4337 4289
f 4172 4097 4092
f 4092 4097 4062
f 4092 4062 4022
f 4022 4062 4023
f 4022 4023 3969
f 3969 4023 3958
f 3969 3958 3883
f 3883 3958 3877
f 3883 3877 3818
f 3818 3877 3817
f 3818 3817 3751
f 3751 3817 3740
f 3751 3740 3691
f 3691 3740 3695
f 3691 3695 3678
f 4299 4310 4301
f 4301 4310 4311
f 4301 4311 4287
f 4287 4311 4300
f 4287 4300 4265
f 4265 4300 4275
f 4265 4275 4222
f 4222 4275 4231
f 4222 4231 4188
f 3743 3771 3772
f 3772 3771 3830
f 3772 3830 3827
f 3827 3830 3891
f 3827 3891 3825
f 3825 3891 3893
f 3825 3893 3892
f 3892 3893 3968
f 3892 3968 3972
f 3972 3968 4015
f 3972 4015 4018
f 4018 4015 4076
f 4018 4076 4083
f 4083 4076 4133
f 4083 4133 4138
f 4138 4133 4188
f 4138 4188 4192
f 4192 4188 4231
f 4192 4231 4256
f 4256 4231 4289
f 4256 4289 4305
f 4305 4289 4337
f 4220 4216 4221
f 4221 4216 4180
f 4221 4180 4127
f 4220 4221 4261
f 4261 4221 4285
f 4261 4285 4282
f 4291 4295 4290
f 4290 4295 4296
f 4290 4296 4285
f 4285 4296 4286
f 4285 4286 4282
f 4291 4290 4280
f 4280 4290 4237
f 4280 4237 4250
f 4149 4171 4148
f 4148 4171 4213
f 4148 4213 4237
f 4237 4213 4236
f 4237 4236 4250
f 4149 4148 4103
f 4103 4148 4032
f 4103 4032 4048
f 3913 3929 3912
f 3912 3929 3990
f 3912 3990 4032
f 4032 3990 4034
f 4032 4034 4048
f 3913 3912 3829
f 3829 3912 3770
f 3829 3770 3768
f 3768 3770 3701
f 3701 3770 3666
f 3701 3666 3667
f 3667 3666 3638
f 3638 3666 3629
f 3638 3629 3630
f 3669 3649 3648
f 3648 3649 3634
f 3648 3634 3629
f 3629 3634 3632
f 3629 3632 3630
f 3873 3872 3741
f 3741 3872 3830
f 3830 3771 3741
f 3741 3771 3743
f 3741 3743 3648
f 3648 3743 3715
f 3648 3715 3669
f 4180 4125 4127
f 4127 4125 4066
f 4127 4066 4067
f 4067 4066 4007
f 4066 4019 4007
f 4007 4019 3967
f 4007 3967 3873
f 3873 3967 3914
f 3873 3914 3872
f 4271 4293 4292
f 4278 4225 4277
f 4277 4225 4178
f 4335 4324 4277
f 4277 4324 4308
f 4277 4308 4278
f 4349 4343 4335
f 4335 4343 4336
f 4335 4336 4324
f 4292 4293 4341
f 4341 4293 4307
f 4341 4307 4322
f 4322 4334 4341
f 4341 4334 4342
f 4341 4342 4335
f 4335 4342 4348
f 4335 4348 4349
f 4078 4077 4101
f 4101 4143 4078
f 4078 4143 4173
f 4078 4173 4197
f 4197 4173 4196
f 4197 4196 4292
f 4292 4196 4228
f 4292 4228 4271
f 4077 4078 4051
f 4051 4078 3960
f 4051 3960 3985
f 3836 3861 3822
f 3822 3861 3928
f 3822 3928 3960
f 3960 3928 3959
f 3960 3959 3985
f 3726 3747 3822
f 3822 3747 3823
f 3822 3823 3836
f 3686 3692 3681
f 3681 3692 3704
f 3681 3704 3726
f 3726 3704 3727
f 3726 3727 3747
f 3711 3688 3713
f 3713 3688 3680
f 3713 3680 3681
f 3681 3680 3682
f 3681 3682 3686
f 3837 3791 3803
f 3803 3791 3745
f 3803 3745 3713
f 3713 3745 3716
f 3713 3716 3711
f 4057 3984 3939
f 3939 3984 3940
f 3939 3940 3803
f 3803 3940 3924
f 3803 3924 3837
f 4225 4179 4178
f 4178 4179 4115
f 4178 4115 4116
f 4116 4115 4099
f 4116 4099 4057
f 4057 4099 4040
f 4057 4040 3984
f 3942 3919 3918
f 4204 4203 4212
f 4212 4203 4208
f 4212 4208 4211
f 4167 4168 4175
f 4175 4193 4167
f 4167 4193 4198
f 4167 4198 4208
f 4208 4198 4205
f 4208 4205 4211
f 4168 4167 4123
f 4123 4167 4081
f 4123 4081 4109
f 4004 4006 4003
f 4003 4006 4009
f 4009 4061 4003
f 4003 4061 4065
f 4003 4065 4081
f 4081 4065 4082
f 4081 4082 4109
f 4004 4003 3965
f 3965 4003 3923
f 3965 3923 3956
f 3871 3902 3923
f 3923 3902 3920
f 3923 3920 3956
f 3838 3840 3859
f 3859 3840 3856
f 3859 3856 3923
f 3923 3856 3867
f 3923 3867 3871
f 3878 3863 3854
f 3854 3863 3855
f 3854 3855 3859
f 3859 3855 3846
f 3859 3846 3838
f 3918 3919 3854
f 3854 3919 3894
f 3854 3894 3878
f 4043 4005 3997
f 3997 4005 3992
f 3997 3992 3918
f 3918 3992 3949
f 3918 3949 3942
f 4163 4147 4075
f 4075 4147 4140
f 4075 4140 4100
f 4100 4094 4075
f 4075 4094 4072
f 4075 4072 3997
f 3997 4072 4052
f 3997 4052 4043
f 4204 4187 4203
f 4203 4187 4182
f 4203 4182 4163
f 4163 4182 4164
f 4163 4164 4147
f 4170 4154 4151
f 4151 4154 4160
f 4151 4160 4150
f 4150 4160 4130
f 4044 4086 4039
f 4039 4086 4112
f 4086 4095 4112
f 4112 4095 4113
f 4112 4113 4160
f 4160 4113 4124
f 4160 4124 4130
f 3980 3989 3953
f 3953 3989 4027
f 3953 4027 4039
f 4039 4027 4036
f 4039 4036 4044
f 3865 3915 3849
f 3849 3915 3930
f 3849 3930 3953
f 3953 3930 3950
f 3953 3950 3980
f 3812 3815 3798
f 3798 3815 3839
f 3798 3839 3849
f 3849 3839 3850
f 3849 3850 3865
f 3795 3790 3788
f 3788 3787 3795
f 3795 3787 3789
f 3795 3789 3798
f 3798 3789 3799
f 3798 3799 3812
f 3844 3820 3843
f 3843 3820 3813
f 3843 3813 3795
f 3795 3813 3792
f 3795 3792 3790
f 3947 3948 3843
f 3843 3948 3941
f 3843 3941 3927
f 3927 3870 3843
f 3843 3870 3860
f 3843 3860 3844
f 4050 4035 4030
f 4030 4035 4000
f 4030 4000 3947
f 3947 4000 3983
f 3947 3983 3948
f 4129 4105 4108
f 4108 4105 4098
f 4108 4098 4030
f 4030 4098 4091
f 4030 4091 4050
f 4170 4169 4154
f 4154 4169 4155
f 4154 4155 4108
f 4108 4155 4137
f 4108 4137 4129
f 4202 4206 4207
f 4207 4206 4165
f 4207 4165 4166
f 4166 4165 4079
f 4166 4079 4080
f 4080 4079 4001
f 4080 4001 4002
f 4002 4001 3921
f 4002 3921 3922
f 3922 3921 3857
f 3922 3857 3858
f 3858 3857 3852
f 3858 3852 3853
f 3853 3852 3916
f 3853 3916 3917
f 3917 3916 3995
f 3917 3995 3996
f 3996 3995 4073
f 3996 4073 4074
f 4074 4073 4161
f 4074 4161 4162
f 4162 4161 4201
f 4162 4201 4202
f 4202 4201 4206
f 4153 4158 4159
f 4159 4158 4110
f 4159 4110 4111
f 4111 4110 4037
f 4111 4037 4038
f 4038 4037 3951
f 4038 3951 3952
f 3952 3951 3847
f 3952 3847 3848
f 3848 3847 3796
f 3848 3796 3797
f 3797 3796 3793
f 3797 3793 3794
f 3794 3793 3841
f 3794 3841 3842
f 3842 3841 3945
f 3842 3945 3946
f 3946 3945 4028
f 3946 4028 4029
f 4029 4028 4106
f 4029 4106 4107
f 4107 4106 4152
f 4107 4152 4153
f 4153 4152 4158
