# Original visual geometry, without decimation. Units: metres.
v -0.035446938127279282 -0.00019436504226177931 0.00069941341644152999
v -0.035438563674688339 -0.00019437994342297316 -0.0012598757166415453
v -0.035395305603742599 0.002024760702624917 0.00069537351373583078
v -0.035394806414842606 -0.0024129690136760473 0.00069538649404421449
v -0.03538716584444046 0.002024760702624917 -0.0012582809431478381
v -0.035386670380830765 -0.0024129690136760473 -0.001258271629922092
v -0.035350855439901352 -0.00019435014110058546 0.0026564968284219503
v -0.035326793789863586 -0.00019436504226177931 -0.0032158202957361937
v -0.035298813134431839 0.0020247756037861109 0.0026467889547348022
v -0.035298313945531845 -0.0024129541125148535 0.0026468019932508469
v -0.035275481641292572 0.002024760702624917 -0.0032085946295410395
v -0.035274982452392578 -0.0024129541125148535 -0.0032085888087749481
v -0.035239879041910172 0.0042316224426031113 0.00068347941851243377
v -0.035238854587078094 -0.0046196822077035904 0.00068349740467965603
v -0.03523244708776474 0.0042316224426031113 -0.0012534952256828547
v -0.035231422632932663 -0.0046196971088647842 -0.0012534807901829481
v -0.03514716774225235 -0.00019433523993939161 0.0046055377461016178
v -0.035142265260219574 0.0042316373437643051 0.0026181433349847794
v -0.035141266882419586 -0.0046196673065423965 0.0026181729044765234
v -0.035121064633131027 0.0042316373437643051 -0.0031871246173977852
v -0.035120043903589249 -0.0046196822077035904 -0.0031871173996478319
v -0.035110913217067719 -0.00019435014110058546 -0.0051627946086227894
v -0.035094667226076126 0.0020248054061084986 0.0045901029370725155
v -0.035094168037176132 -0.0024129243101924658 0.0045901197008788586
v -0.035059574991464615 0.0020247905049473047 -0.0051498976536095142
v -0.035059075802564621 -0.0024129392113536596 -0.0051498883403837681
v -0.035024859011173248 -0.0037418396677821875 0.0044660307466983795
v -0.03502456471323967 -0.0035665722098201513 0.0045702164061367512
v -0.035021878778934479 0.0038212744984775782 0.0041874661110341549
v -0.035012960433959961 0.0042317714542150497 0.0039420248940587044
v -0.03501196950674057 -0.0046197269111871719 0.0039420328103005886
v -0.035003252327442169 -0.0048871729522943497 0.0037817517295479774
v -0.03499874472618103 -0.0024128796067088842 0.0052517922595143318
v -0.034990366548299789 0.0018216875614598393 0.00537090003490448
v -0.034980658441781998 0.006414538249373436 0.00066362979123368859
v -0.034979134798049927 -0.0068024937063455582 0.00066366075770929456
v -0.034974634647369385 0.0051382537931203842 0.0033977415878325701
v -0.034974407404661179 0.006414538249373436 -0.0012455114629119635
v -0.034972887486219406 -0.0068024937063455582 -0.0012454912066459656
v -0.034953024238348007 -0.0015617253957316279 0.0057492395862936974
v -0.034905064851045609 0.004231652244925499 -0.0051116412505507469
v -0.034904040396213531 -0.0046196673065423965 -0.00511163379997015
v -0.034881185740232468 0.0064145531505346298 0.002570353215560317
v -0.034879688173532486 -0.0068024788051843643 0.0025703993160277605
v -0.034876540303230286 0.006414538249373436 0.0026274120900779963
v -0.034866753965616226 0.0065133478492498398 0.0025676351506263018
v -0.03486352413892746 0.0064145531505346298 -0.0031513168942183256
v -0.034863434731960297 0.00010687683970900252 0.006364753469824791
v -0.034863345324993134 -0.0004954430041834712 0.006364747416228056
v -0.034862007945775986 -0.0068024937063455582 -0.003151303855702281
v -0.034859217703342438 -0.0069602522999048233 0.0025320418644696474
v -0.034855931997299194 1.9243108908995055e-05 0.0064069950021803379
v -0.034850075840950012 -0.00026676978450268507 0.0064399256370961666
v -0.034805182367563248 0.0070737805217504501 0.0022283424623310566
v -0.034788176417350769 -0.00019430543761700392 -0.0070951515808701515
v -0.034736674278974533 0.0020248203072696924 -0.0070765134878456593
v -0.034736178815364838 -0.0024129094090312719 -0.0070765078999102116
v -0.034696072340011597 0.0044996794313192368 -0.0062639573588967323
v -0.034694854170084 0.0042317565530538559 -0.0064247432164847851
v -0.034693844616413116 -0.0046197567135095596 -0.0064246742986142635
v -0.034688729792833328 -0.0055268947035074234 -0.0058787185698747635
v -0.0346878282725811 -0.0042097363620996475 -0.0066698845475912094
v -0.03467540442943573 0.0033536164555698633 -0.0069486177526414394
v -0.034668687731027603 0.0031786470208317041 -0.0070523838512599468
v -0.034655351191759109 0.0081615354865789413 0.0015692184679210186
v -0.034653451293706894 -0.0085497442632913589 0.0015692582819610834
v -0.034650605171918869 0.0045598354190587997 0.0061023896560072899
v -0.034649580717086792 -0.0049725864082574844 0.0060873138718307018
v -0.03464735671877861 0.0064145680516958237 -0.0050478270277380943
v -0.034645840525627136 -0.0068024639040231705 -0.0050478177145123482
v -0.034642107784748077 0.0039001761469990015 0.006501427385956049
v -0.034641694277524948 -0.0086266342550516129 0.0015149313258007169
v -0.034637715667486191 -0.0068024490028619766 -0.0051044370047748089
v -0.03463536873459816 -0.0040686670690774918 0.0066334023140370846
v -0.034633234143257141 0.0083129461854696274 0.0014374982565641403
v -0.03463292121887207 0.0084473844617605209 -0.0012348714517429471
v -0.034632749855518341 -0.0086902771145105362 0.001450764830224216
v -0.034631609916687012 -0.0069012138992547989 -0.0050442218780517578
v -0.034630924463272095 -0.0088356677442789078 -0.0012350401375442743
v -0.034630145877599716 0.0083372648805379868 0.0014050444588065147
v -0.034629371017217636 0.0065716411918401718 -0.0050086067058146
v -0.034623760730028152 0.0084473993629217148 0.0010627504670992494
v -0.034621771425008774 -0.0088356528431177139 0.001062784343957901
v -0.034621238708496094 -0.0087891165167093277 0.0012909715296700597
v -0.034621145576238632 0.008435642346739769 0.0011833888711407781
v -0.034612849354743958 0.0030909834895282984 0.0069860760122537613
v -0.034609153866767883 -0.0066034141927957535 0.0050874748267233372
v -0.034604612737894058 -0.0033328772988170385 0.0070729111321270466
v -0.034600846469402313 0.0020247756037861109 -0.007731032557785511
v -0.034590821713209152 -0.0074613932520151138 -0.0047020688652992249
v -0.034584324806928635 -0.0022109837736934423 -0.007848663255572319
v -0.034549422562122345 0.0054449941962957382 0.0060645253397524357
v -0.034548137336969376 -0.0058328006416559219 0.0060645765624940395
v -0.034537535160779953 0.0019680617842823267 0.0076486114412546158
v -0.034524239599704742 0.0011707303347066045 -0.0082262186333537102
v -0.034509617835283279 0.007585650309920311 0.0042356997728347778
v -0.034507870674133301 -0.0079736802726984024 0.0042357542552053928
v -0.034488759934902191 0.0077525582164525986 0.0041627208702266216
v -0.034483261406421661 0.0081615503877401352 -0.0040349666960537434
v -0.034482784569263458 0.0084473993629217148 -0.0035276003181934357
v -0.034481368958950043 -0.0085497293621301651 -0.004034937359392643
v -0.034480798989534378 -0.0088356528431177139 -0.0035275770351290703
v -0.034474875777959824 0.0082384105771780014 -0.0039800284430384636
v -0.034474685788154602 -0.0082163009792566299 0.0041484218090772629
v -0.034470781683921814 -0.0088238362222909927 -0.0036480366252362728
v -0.034468214958906174 0.0084008779376745224 -0.0037552828434854746
v -0.0344662144780159 -0.0087255332618951797 -0.0038695209659636021
v -0.034448102116584778 0.0079774316400289536 0.0041484036482870579
v -0.03444397822022438 -0.0083762053400278091 0.0041498923674225807
v -0.034434705972671509 0.0080388691276311874 0.004159499891102314
v -0.03440442681312561 0.008161565288901329 0.004204832948744297
v -0.034397080540657043 0.00010689174087019637 -0.0088333664461970329
v -0.03439699113368988 -0.00049541320186108351 -0.0088333720341324806
v -0.034391812980175018 0.0026377497706562281 0.0080785108730196953
v -0.034391161054372787 -0.0030255855526775122 0.0080785304307937622
v -0.034386932849884033 -0.00040746654849499464 -0.008875163272023201
v -0.034381747245788574 -0.0086219850927591324 0.0042506251484155655
v -0.034379158169031143 -0.00012190068810014054 -0.0089075518772006035
v -0.034375786781311035 0.0082589741796255112 0.0042708455584943295
v -0.034353591501712799 -0.0087059978395700455 0.0043298741802573204
v -0.034322138875722885 0.0083959903568029404 0.0044499076902866364
v -0.034322101622819901 0.00010693644435377792 0.0087166409939527512
v -0.034322038292884827 -0.00049536849837750196 0.0087166465818881989
v -0.034317616373300552 -0.0087890420109033585 0.0044604567810893059
v -0.034311078488826752 -0.00040669168811291456 0.0087586482986807823
v -0.034302715212106705 -0.000122601049952209 0.008790796622633934
v -0.03428785502910614 -0.010474065318703651 -1.7146263417089358e-05
v -0.034281335771083832 -0.010474124923348427 0.00042305610259063542
v -0.034279916435480118 0.0084473546594381332 0.0046592256985604763
v -0.034276321530342102 0.010085588321089745 -0.0012239293428137898
v -0.034276314079761505 0.0084474440664052963 0.0046822084113955498
v -0.034274350851774216 -0.0088356081396341324 0.0046822610311210155
v -0.034273989498615265 -0.010474005714058876 -0.0012238858034834266
v -0.034273132681846619 0.010085767135024071 0.00080111908027902246
v -0.034258153289556503 -0.010474005714058876 -0.0016468549147248268
v -0.03422277420759201 0.0062204059213399887 -0.0075404164381325245
v -0.034207712858915329 0.010085931047797203 0.0020176167599856853
v -0.034205351024866104 -0.010474318638443947 0.0020176558755338192
v -0.034201454371213913 0.0045817550271749496 -0.0085452813655138016
v -0.03419952467083931 -0.004947492852807045 -0.0085586477071046829
v -0.034194108098745346 0.010445570573210716 0.00039062384166754782
v -0.034191686660051346 -0.010834017768502235 0.00039066869067028165
v -0.034186594188213348 0.010445570573210716 -0.0012211466673761606
v -0.03418414294719696 -0.010834017768502235 -0.0012211133725941181
v -0.034182168543338776 0.010085707530379295 -0.0028732765931636095
v -0.034174364060163498 0.0075856652110815048 -0.0066867610439658165
v -0.034172568470239639 -0.0079736653715372086 -0.0066867545247077942
v -0.034172322601079941 0.010085975751280785 0.0024546498898416758
v -0.034166667610406876 -0.0042846594005823135 -0.0089579680934548378
v -0.034156236797571182 -0.0081403050571680069 -0.0066126938909292221
v -0.034153807908296585 0.0036795048508793116 -0.0090879406780004501
v -0.034146670252084732 0.0078282114118337631 -0.006597551517188549
v -0.03414560854434967 -0.010474169626832008 -0.0032540597021579742
v -0.034127932041883469 0.0054450388997793198 0.0079535068944096565
v -0.034126646816730499 -0.0058327410370111465 0.0079535618424415588
v -0.034117076545953751 0.01044558547437191 0.0020007537677884102
v -0.034115862101316452 0.0079884137958288193 -0.0065971645526587963
v -0.034115508198738098 0.0081929471343755722 0.0058972453698515892
v -0.034114625304937363 -0.010834002867341042 0.0020007870625704527
v -0.034113604575395584 -0.0085810068994760513 0.0058972998522222042
v -0.034108273684978485 -0.0034786106552928686 -0.0094374977052211761
v -0.034102410078048706 -0.0084266755729913712 -0.0066059967502951622
v -0.034101869910955429 0.0054449941962957382 -0.0085146641358733177
v -0.034100573509931564 -0.0058327857404947281 -0.00851467065513134
v -0.03409922868013382 0.010805776342749596 0.00038308059447444975
v -0.034096714109182358 -0.011194223538041115 0.00038311956450343132
v -0.034095890820026398 0.0029408542905002832 -0.0095259128138422966
v -0.034092336893081665 0.010805776342749596 -0.0012101432075724006
v -0.034092098474502563 0.010805776342749596 -0.0012182289501652122
v -0.034089852124452591 -0.011194223538041115 -0.0012100926833227277
v -0.034089583903551102 -0.011194223538041115 -0.0012181864585727453
v -0.034069310873746872 -0.0085496995598077774 -0.006649453192949295
v -0.034063439816236496 0.010085886344313622 -0.0040311026386916637
v -0.034047633409500122 0.008233955129981041 -0.0066939536482095718
v -0.034036528319120407 -0.0086474064737558365 -0.0067138518206775188
v -0.034031461924314499 0.0038028566632419825 0.0040229922160506248
v -0.034023657441139221 0.0041405763477087021 0.0038221678696572781
v -0.034022733569145203 -0.0045274291187524796 0.0038227089680731297
v -0.034021548926830292 0.010805791243910789 0.001982696121558547
v -0.034019060432910919 -0.011194208636879921 0.0019827429205179214
v -0.034017156809568405 0.0043451394885778427 0.0037002770695835352
v -0.034016154706478119 -0.004733378067612648 0.0036999883595854044
v -0.034015312790870667 -0.004756757989525795 0.0036860383115708828
v -0.034014768898487091 0.0083177294582128525 -0.0067711374722421169
v -0.03401116281747818 0.001978596905246377 0.0050970697775483131
v -0.034010596573352814 -0.0023658366408199072 0.0050974497571587563
v -0.034002434462308884 0.0017765072407200933 0.00521476985886693
v -0.033994659781455994 -0.0023693682160228491 -0.010085465386509895
v -0.033985190093517303 0.010085767135024071 0.0040716929361224174
v -0.033982858061790466 -0.010474095121026039 0.0040717399679124355
v -0.033975869417190552 -0.010475257411599159 0.0041178269311785698
v -0.033973980695009232 0.01044558547437191 -0.0040112785063683987
v -0.033973012119531631 -0.0016335340915247798 0.0055226143449544907
v -0.033972039818763733 -0.0087841097265481949 -0.0068890335969626904
v -0.033971555531024933 -0.010834002867341042 -0.0040112300775945187
v -0.033970743417739868 0.0084009375423192978 -0.0068995533511042595
v -0.033961966633796692 -0.0087988469749689102 -0.0069221700541675091
v -0.033949710428714752 -0.010502362623810768 0.0042467797175049782
v -0.033946458250284195 0.010805791243910789 -0.0034003814216703176
v -0.033936921507120132 0.010138338431715965 0.0043046744540333748
v -0.033930730074644089 -0.00019417132716625929 0.010021455585956573
v -0.033929482102394104 0.008447473868727684 0.0065241609700024128
v -0.033927507698535919 -0.0088355634361505508 0.0065242494456470013
v -0.033926066011190414 0.008447473868727684 0.0065395277924835682
v -0.033924106508493423 -0.0088355634361505508 0.006539580412209034
v -0.033919427543878555 -0.01055477000772953 0.0043547563254833221
v -0.033913962543010712 0.0084474589675664902 -0.0071182772517204285
v -0.033912401646375656 -0.010611647740006447 0.0043020974844694138
v -0.033911976963281631 -0.0088355932384729385 -0.00711826141923666
v -0.033898167312145233 0.010216569527983665 0.0044206986203789711
v -0.033892426639795303 -0.011194193735718727 0.003277165349572897
v -0.033889401704072952 0.0062782969325780869 0.0025409914087504148
v -0.033888265490531921 -0.0066647622734308243 0.0025418561417609453
v -0.033880174160003662 0.00010121439845534042 0.0061783064156770706
v -0.033880099654197693 -0.00048949744086712599 0.0061783445999026299
v -0.03387976810336113 0.010805806145071983 -0.0039901440031826496
v -0.03387724980711937 -0.011194193735718727 -0.0039900979027152061
v -0.033873595297336578 -0.0068113300949335098 0.0024535541888326406
v -0.033869214355945587 -5.5977954616537318e-05 0.0062405415810644627
v -0.03386760875582695 0.010290345177054405 0.0044881640933454037
v -0.033866845071315765 -0.00024195935111492872 0.0062539204955101013
v -0.033865127712488174 -0.011981615796685219 -0.0012032906524837017
v -0.033850125968456268 -0.010718578472733498 0.0045146103948354721
v -0.0338422991335392 0.0067263003438711166 0.0022709292825311422
v -0.033841747790575027 0.0026378093753010035 0.0099692018702626228
v -0.033841092139482498 -0.0030255110468715429 0.0099692251533269882
v -0.033839743584394455 -0.01074732281267643 0.004530126228928566
v -0.033832557499408722 -0.010474333539605141 -0.0055778874084353447
v -0.033832244575023651 0.01160881482064724 0.0013010522816330194
v -0.03382975235581398 -0.011996636167168617 0.0013008966343477368
v -0.03382207453250885 0.0026377646718174219 -0.010512303560972214
v -0.033821426331996918 -0.0030255557503551245 -0.010512304492294788
v -0.033819835633039474 0.0019775091204792261 0.0062077697366476059
v -0.033819328993558884 -0.0023646296467632055 0.0062080356292426586
v -0.033797968178987503 0.010493418201804161 0.0045727528631687164
v -0.033786915242671967 -0.010910267010331154 0.0045766076073050499
v -0.033785097301006317 -0.011194178834557533 0.004073739517480135
v -0.03378026932477951 0.0062759425491094589 0.0036371101159602404
v -0.033779207617044449 -0.0066625718027353287 0.0036371489986777306
v -0.033778037875890732 -0.010940456762909889 0.0045788534916937351
v -0.033745355904102325 0.010445615276694298 -0.0055485609918832779
v -0.033742930740118027 -0.010833973065018654 -0.0055485162883996964
v -0.033733412623405457 0.010729005560278893 0.0045578549616038799
v -0.033725902438163757 0.01208086870610714 -5.3240746638039127e-05
v -0.033723313361406326 -0.012468660250306129 -5.3384344937512651e-05
v -0.033715836703777313 0.010805835947394371 0.0045291529968380928
v -0.033715363591909409 0.0043386425822973251 -0.0061261327937245369
v -0.03371439129114151 -0.0047355834394693375 -0.0061205928213894367
v -0.03371351957321167 0.00010696624667616561 -0.011144474148750305
v -0.033713459968566895 -0.00049533869605511427 -0.011144472286105156
v -0.033713433891534805 -0.0045274887233972549 -0.0062447437085211277
v -0.033713322132825851 -0.011194163933396339 0.0045291916467249393
v -0.033709011971950531 -0.0041899774223566055 -0.0064455019310116768
v -0.033703628927469254 -0.01124102808535099 0.0045046508312225342
v -0.033699978142976761 1.8110620658262633e-05 -0.011185747571289539
v -0.033698517829179764 0.010893708094954491 0.0044777248986065388
v -0.033695973455905914 -0.011282036080956459 0.0044777593575417995
v -0.033695712685585022 0.0032751618418842554 -0.0067575313150882721
v -0.033689640462398529 -0.00026572670321911573 -0.011217245832085609
v -0.033687721937894821 0.0081930067390203476 0.007738976739346981
v -0.033685818314552307 -0.0085809472948312759 0.0077390382066369057
v -0.033680099993944168 0.011608278378844261 -0.003700637724250555
v -0.033678807318210602 0.0081929471343755722 -0.0083212461322546005
v -0.03367721289396286 -0.011997172608971596 -0.0037008211947977543
v -0.033676885068416595 -0.0085809919983148575 -0.0083212321624159813
v -0.03367435559630394 0.0079774912446737289 0.0015154827851802111
v -0.033672459423542023 -0.0083663258701562881 0.0015150742838159204
v -0.033670760691165924 0.0041362550109624863 0.006108701229095459
v -0.033670008182525635 0.0040731485933065414 0.0061466526240110397
v -0.033664729446172714 0.0037784932646900415 0.0063233398832380772
v -0.033661022782325745 -0.008441263809800148 0.0014615976251661777
v -0.033660832792520523 0.010085782036185265 -0.0064907814376056194
v -0.033660609275102615 -0.0040327552706003189 0.0064031044021248817
v -0.033658787608146667 0.0062777306884527206 -0.0049578449688851833
v -0.033658474683761597 -0.010474080219864845 -0.0064907493069767952
v -0.033657588064670563 -0.0066649708896875381 -0.0049581965431571007
v -0.033656377345323563 0.012080317363142967 -0.0023423947859555483
v -0.033653393387794495 -0.012469211593270302 -0.0023425589315593243
v -0.033651862293481827 0.0082568284124135971 -0.0012048236094415188
v -0.033651016652584076 0.010805821046233177 -0.0055172424763441086
v -0.033650960773229599 0.008140048012137413 0.0013670324115082622
v -0.033650718629360199 0.010087063536047935 -0.0065377503633499146
v -0.033649824559688568 -0.0086448881775140762 -0.001204949920065701
v -0.033649638295173645 0.0064228232949972153 -0.0048697199672460556
v -0.033648528158664703 -0.011194178834557533 -0.0055171884596347809
v -0.033643882721662521 0.0082552190870046616 0.0010214170906692743
v -0.033641856163740158 -0.0086432192474603653 0.0010214825160801411
v -0.033641599118709564 -0.0085942242294549942 0.0012537074508145452
v -0.0336415134370327 0.0082508083432912827 0.0011016802163794637
v -0.033638253808021545 0.0030147789511829615 0.0067776753567159176
v -0.033638119697570801 -0.0063122306019067764 0.0050208698958158493
v -0.033630818128585815 0.006097039207816124 0.0049146451056003571
v -0.033630724996328354 0.0083655323833227158 -0.0012025196338072419
v -0.033630561083555222 -0.0032597423996776342 0.0068619749508798122
v -0.03362857922911644 -0.0087534431368112564 -0.0012024823809042573
v -0.033626750111579895 -0.0071174744516611099 -0.0046831332147121429
v -0.033623367547988892 -0.0023655237164348364 -0.0075164283625781536
v -0.033621113747358322 0.0062729474157094955 0.0048062428832054138
v -0.033616669476032257 0.01011442206799984 -0.0066645564511418343
v -0.033616278320550919 0.0083636697381734848 0.0011722708586603403
v -0.033614125102758408 -0.0087515804916620255 0.0011723476927727461
v -0.033607687801122665 -0.002165535232052207 -0.0076321656815707684
v -0.033601384609937668 0.0082564260810613632 -0.0022726489696651697
v -0.033595878630876541 -0.010526681318879128 -0.006720538716763258
v -0.033594775944948196 0.012435263022780418 -0.0011949535692110658
v -0.033591967076063156 -0.012823307886719704 -0.0011950809275731444
v -0.033579543232917786 0.010167380794882774 -0.0067709479480981827
v -0.033575356006622314 0.0020145385060459375 0.0073639703914523125
v -0.033574242144823074 0.0054450985044240952 0.0098144635558128357
v -0.033572986721992493 -0.0058326814323663712 0.0098145334050059319
v -0.033571731299161911 -0.0023629607167094946 0.0073868227191269398
v -0.033568773418664932 0.0013336298288777471 -0.0078877853229641914
v -0.03356657549738884 0.0054450538009405136 -0.010370469652116299
v -0.033565279096364975 -0.0058327261358499527 -0.010370483621954918
v -0.033556073904037476 0.010209565982222557 -0.0068261902779340744
v -0.033550858497619629 -0.01060333289206028 -0.0068322736769914627
v -0.033533517271280289 0.0074110683053731918 0.0041007292456924915
v -0.033531829714775085 -0.007799515500664711 0.0041004670783877373
v -0.033515322953462601 -0.010678777471184731 -0.0068995673209428787
v -0.033515043556690216 0.0075591262429952621 0.0040345699526369572
v -0.033506967127323151 0.0079770740121603012 -0.0039212722331285477
v -0.033506806939840317 0.0082550998777151108 -0.0034267900045961142
v -0.033506181091070175 -0.001648286241106689 0.0077987285330891609
v -0.03350510448217392 -0.0083658788353204727 -0.0039207977242767811
v -0.033504769206047058 -0.0086430702358484268 -0.0034267969895154238
v -0.033501263707876205 0.010329773649573326 -0.0069246646016836166
v -0.033498916774988174 0.0080513264983892441 -0.0038681044243276119
v -0.033496405929327011 -0.0080519411712884903 0.0040152049623429775
v -0.033492296934127808 0.0082061495631933212 -0.0036577100399881601
v -0.033491659909486771 -0.0085112247616052628 -0.0037933127023279667
v -0.033491607755422592 -0.0086121056228876114 -0.0036131630185991526
v -0.033489242196083069 0.010360350832343102 -0.0069404495880007744
v -0.033486388623714447 0.010367890819907188 -0.006943882443010807
v -0.033483013510704041 0.0062759127467870712 -0.0060429680161178112
v -0.033481933176517487 -0.0066625121980905533 -0.0060429838486015797
v -0.033479820936918259 -0.012307995930314064 0.0037689702585339546
v -0.033470295369625092 0.0083636250346899033 -0.0035724232438951731
v -0.033468160778284073 -0.0087515357881784439 -0.0035724183544516563
v -0.033467590808868408 0.0078190024942159653 0.0040211146697402
v -0.033467203378677368 0.010805835947394371 -0.0064629069529473782
v -0.033454835414886475 0.0084475036710500717 -0.0089349839836359024
v -0.03345286101102829 -0.0088355336338281631 -0.0089349998161196709
v -0.0334513820707798 0.0084475036710500717 -0.0089469887316226959
v -0.033450469374656677 0.0084475334733724594 0.0083687780424952507
v -0.033449430018663406 -0.0088355336338281631 -0.0089469682425260544
v -0.033448506146669388 -0.0088355038315057755 0.0083688339218497276
v -0.033440548926591873 -0.010881820693612099 -0.006979726254940033
v -0.033437460660934448 -0.0083274636417627335 0.0040569580160081387
v -0.033431362360715866 0.010531267151236534 -0.0069837421178817749
v -0.03342723473906517 0.00010109518916578963 -0.0085870781913399696
v -0.033426988869905472 -0.00048934842925518751 -0.0085870875045657158
v -0.033425174653530121 0.010552173480391502 -0.0069847339764237404
v -0.033422436565160751 0.0083577539771795273 0.0035382146015763283
v -0.033420242369174957 -0.0087456498295068741 0.0035383228678256273
v -0.033410906791687012 -0.0003041120944544673 -0.0086539508774876595
v -0.033410906791687012 -8.4200750279705971e-05 -0.0086539536714553833
v -0.033409241586923599 0.008046051487326622 0.0041202264837920666
v -0.033381085842847824 0.00963628850877285 0.0075529860332608223
v -0.033378887921571732 -0.010023856535553932 0.0075534414499998093
v -0.033376961946487427 -0.011117333546280861 -0.006960888858884573
v -0.033376622945070267 -0.0085234139114618301 0.0042095710523426533
v -0.033365830779075623 0.0019775091204792261 -0.0086095696315169334
v -0.033365309238433838 -0.002364584943279624 -0.0086098061874508858
v -0.03336368128657341 0.010805850848555565 -0.0069311861880123615
v -0.033363062888383865 9.4642986368853599e-05 0.008456885814666748
v -0.033362925052642822 -0.00048273231368511915 0.0084570515900850296
v -0.033361192792654037 -0.011194149032235146 -0.0069311428815126419
v -0.03336111456155777 8.1470359873492271e-05 0.008464389480650425
v -0.033350657671689987 -0.00036972190719097853 0.008504888042807579
v -0.033349588513374329 0.010893737897276878 -0.0068787643685936928
v -0.033348318189382553 0.0082029607146978378 0.0043223574757575989
v -0.033347044140100479 -0.011282036080956459 -0.0068787261843681335
v -0.033345121890306473 -0.00013474549632519484 0.0085267024114727974
v -0.033329013735055923 0.012508099898695946 0.0033654686994850636
v -0.033326935023069382 -0.010587627068161964 0.0071537387557327747
v -0.03332085907459259 -0.0086268428713083267 0.0044427067041397095
v -0.033315911889076233 -0.010236764326691628 -2.4647777536301874e-05
v -0.033314954489469528 0.0098491962999105453 -0.00078283395851030946
v -0.033311229199171066 -0.010236361995339394 0.00033262476790696383
v -0.033308621495962143 0.0082452353090047836 0.0045267925597727299
v -0.03330676257610321 -0.0086332056671380997 0.0045269201509654522
v -0.033305048942565918 0.0098492410033941269 -0.0011924861464649439
v -0.03330206498503685 -0.010237285867333412 -0.0011924225836992264
v -0.033301882445812225 0.0098476167768239975 0.00079614005517214537
v -0.033297684043645859 0.0098474081605672836 0.00091198546579107642
v -0.033288978040218353 -0.013025889173150063 0.003277092007920146
v -0.033286672085523605 -0.010237211361527443 -0.0016039133770391345
v -0.033285621553659439 -0.010235005989670753 0.0011283042840659618
v -0.033257622271776199 0.010805895552039146 0.00671773636713624
v -0.033257275819778442 0.0059284623712301254 -0.0074147675186395645
v -0.033255133777856827 -0.011194104328751564 0.0067177833989262581
v -0.033254045993089676 -0.0064841751009225845 -0.0073111499659717083
v -0.033250998705625534 -0.0066598597913980484 -0.0072024879045784473
v -0.033246926963329315 0.009848644956946373 -0.0023604854941368103
v -0.033242784440517426 -0.00019414152484387159 -0.012422601692378521
v -0.033237434923648834 -0.0001940819201990962 0.011879296973347664
v -0.033235374838113785 0.013166939839720726 0.0019218375673517585
v -0.033232811838388443 -0.013554105535149574 0.0019214849453419447
v -0.033221311867237091 -0.0045231673866510391 -0.0085050091147422791
v -0.033220432698726654 0.0098482128232717514 -0.0027145964559167624
v -0.033218514174222946 -0.0044655445963144302 -0.0085395127534866333
v -0.033212859183549881 0.013434326276183128 -0.001183361979201436
v -0.033207852393388748 0.0074101891368627548 -0.0064924592152237892
v -0.033206585794687271 -0.0077987108379602432 -0.006492129061371088
v -0.033202316612005234 -0.0041661057621240616 -0.0087182605639100075
v -0.033195000141859055 0.0036445318255573511 -0.0087979249656200409
v -0.033192183822393417 -0.0079462770372629166 -0.0064250444993376732
v -0.033178139477968216 0.007662137970328331 -0.0064045614562928677
v -0.03317636251449585 -0.01023549772799015 -0.0031792782247066498
v -0.033173613250255585 0.011940246447920799 -0.006142469123005867
v -0.033165697008371353 -0.010235289111733437 -0.0032879973296076059
v -0.03315744549036026 0.0026378391776233912 -0.012364329770207405
v -0.033156797289848328 -0.0030254812445491552 -0.012364334426820278
v -0.033148333430290222 -0.0034021527972072363 -0.0091697797179222107
v -0.033148322254419327 0.008240988478064537 0.0054627261124551296
v -0.033147435635328293 0.0026378987822681665 0.011816183105111122
v -0.033146806061267853 -0.0030254365410655737 0.011816214770078659
v -0.033145841211080551 0.0098468270152807236 -0.0035087610594928265
v -0.033145170658826828 -0.0082079563289880753 -0.0064086676575243473
v -0.033142264932394028 0.01080591045320034 0.0071543487720191479
v -0.033140707761049271 0.0081930067390203476 -0.010127875953912735
v -0.033140376210212708 -0.01119408942759037 0.0071521219797432423
v -0.03313881903886795 -0.0085809323936700821 -0.010127861052751541
v -0.033136568963527679 0.002868002513423562 -0.0092556159943342209
v -0.03313368558883667 -0.013524333015084267 0.0029375692829489708
v -0.033133424818515778 0.011596417054533958 0.0061433902010321617
v -0.033131726086139679 0.0083576943725347519 -0.0059222863055765629
v -0.03312956914305687 -0.0087455753237009048 -0.0059223142452538013
v -0.03312799334526062 0.008193066343665123 0.0095490887761116028
v -0.033126089721918106 -0.0085808876901865005 0.0095491567626595497
v -0.033125028014183044 -0.010228449478745461 0.0031410083174705505
v -0.033121701329946518 0.013635953888297081 0.00054194836411625147
v -0.033120416104793549 0.01080591045320034 0.0072336019948124886
v -0.033119015395641327 -0.014023104682564735 0.00054160709260031581
v -0.033117920160293579 -0.01119408942759037 0.0072336848825216293
v -0.033117011189460754 0.0079378392547369003 -0.0064418069086968899
v -0.033080611377954483 -0.0084348265081644058 -0.0065045235678553581
v -0.033070478588342667 0.01080591045320034 0.0074109951965510845
v -0.033067964017391205 -0.01119408942759037 0.0074110338464379311
v -0.033050153404474258 -0.0024026127066463232 -0.0097499927505850792
v -0.033047065138816833 0.0081344302743673325 -0.0065899775363504887
v -0.033046875149011612 0.013165881857275963 -0.0042837574146687984
v -0.033046457916498184 -0.012894818559288979 -0.0057465052232146263
v -0.033046159893274307 0.0019759743008762598 -0.0097723500803112984
v -0.033043328672647476 -0.013555148616433144 -0.0042841238901019096
v -0.03304261714220047 0.0083473529666662216 0.0058818771503865719
v -0.033040411770343781 -0.0087352339178323746 0.0058820284903049469
v -0.033026717603206635 0.0098365601152181625 0.0039284424856305122
v -0.033023718744516373 -0.010224619880318642 0.0039278804324567318
v -0.033017363399267197 0.013634895905852318 -0.0028995275497436523
v -0.033017091453075409 0.01264226995408535 -0.0056473300792276859
v -0.033013712614774704 -0.014024162665009499 -0.0028998600319027901
v -0.033013675361871719 -0.013031536713242531 -0.0056477184407413006
v -0.033007271587848663 -0.0085912439972162247 -0.0067028375342488289
v -0.033004961907863617 -0.010233739390969276 0.0040399092249572277
v -0.032984495162963867 0.0098775532096624374 0.0041400059126317501
v -0.032977093011140823 0.0082385297864675522 -0.0068191578611731529
v -0.032973311841487885 0.0082367118448019028 0.0063216970302164555
v -0.032971978187561035 -0.012750694528222084 0.0055837715044617653
v -0.032971307635307312 -0.0086245927959680557 0.006321336142718792
v -0.032959066331386566 -0.008632982149720192 -0.0068864882923662663
v -0.032957307994365692 0.0082451160997152328 -0.0069049475714564323
v -0.03295501321554184 -0.0086329672485589981 -0.0069049247540533543
v -0.032954718917608261 0.0012551752151921391 -0.0101822130382061
v -0.032944668084383011 0.014046555384993553 -0.00085133779793977737
v -0.032943915575742722 0.0099567677825689316 0.0042653046548366547
v -0.032943282276391983 -0.010340461507439613 0.0042602168396115303
v -0.032942898571491241 0.0099590178579092026 0.0042678751051425934
v -0.032941911369562149 -0.01443367637693882 -0.00085166265489533544
v -0.032930593937635422 0.009987344965338707 0.0042973957024514675
v -0.032929446548223495 0.013712471351027489 0.0025470543187111616
v -0.032926067709922791 -0.014450335875153542 -0.0011748459655791521
v -0.032925479114055634 0.014045512303709984 -0.0014980603009462357
v -0.032921701669692993 -0.014434719458222389 -0.0014983743894845247
v -0.032900683581829071 0.0054451283067464828 -0.012191531248390675
v -0.032899390906095505 -0.0058326516300439835 -0.012191551737487316
v -0.032892361283302307 -0.014519298449158669 -0.0011738184839487076
v -0.032886974513530731 0.010100698098540306 0.004376536700874567
v -0.032886013388633728 -0.010486001148819923 0.0043752151541411877
v -0.032881692051887512 0.01314186118543148 -0.0053020636551082134
v -0.032876931130886078 0.0054451879113912582 0.011629224754869938
v -0.032875645905733109 -0.0058325920253992081 0.011629290878772736
v -0.032874371856451035 -0.010519975796341896 0.0043901395983994007
v -0.032866235822439194 0.0084475632756948471 -0.01073923334479332
v -0.0328642837703228 -0.0088354740291833878 -0.010739220306277275
v -0.032862186431884766 0.0098402854055166245 -0.0055075371637940407
v -0.032861601561307907 0.010175948962569237 0.0044045662507414818
v -0.032846245914697647 0.0096354391425848007 -0.0099231628701090813
v -0.032844003289937973 -0.010024020448327065 -0.0099227810278534889
v -0.032836005091667175 -0.010642493143677711 0.0044190837070345879
v -0.032829642295837402 0.01293063722550869 0.0051681920886039734
v -0.032818470150232315 0.010199299082159996 -0.0095224007964134216
v -0.032800421118736267 -0.010772416368126869 0.0044154883362352848
v -0.032791439443826675 0.010423114523291588 0.0044077173806726933
v -0.032773025333881378 0.01080591045320034 -0.0090843401849269867
v -0.032772254198789597 9.501551539869979e-05 -0.010826198384165764
v -0.032772235572338104 -0.00048316444735974073 -0.01082612294703722
v -0.032770510762929916 -0.01119408942759037 -0.0090843010693788528
v -0.032769814133644104 -0.0004700216231867671 -0.010833477601408958
v -0.032769728451967239 -0.0086200032383203506 0.0071747405454516411
v -0.03275713324546814 -1.6862404663697816e-05 -0.01087294053286314
v -0.03275005891919136 -0.00025388028007000685 -0.010894777253270149
v -0.032748669385910034 -0.011013099923729897 0.0043167024850845337
v -0.032747961580753326 0.01062907837331295 0.0043128929100930691
v -0.032738283276557922 -0.0086288098245859146 -0.0078268209472298622
v -0.03271634504199028 -0.014602968469262123 0.0022088303230702877
v -0.032712150365114212 0.0098363664001226425 -0.0062905182130634785
v -0.032709211111068726 -0.010224366560578346 -0.0062898388132452965
v -0.032697528600692749 -0.014099294319748878 -0.0049050194211304188
v -0.032695025205612183 -0.011304760351777077 0.0041223033331334591
v -0.032682266086339951 -0.011974209919571877 -0.0085127903148531914
v -0.032673098146915436 0.0098584648221731186 -0.0064479927532374859
v -0.03265053778886795 -0.010270753875374794 -0.0065089859999716282
v -0.032635625451803207 0.010805925354361534 -0.009499870240688324
v -0.032632365822792053 -0.011194074526429176 -0.0095020616427063942
v -0.032616879791021347 0.0099421795457601547 -0.0066031012684106827
v -0.032615110278129578 0.010805970057845116 0.0088341115042567253
v -0.032615073025226593 0.0099455323070287704 -0.006607194896787405
v -0.032613873481750488 -0.014005223289132118 0.0046665938571095467
v -0.032612580806016922 -0.011194029822945595 0.0088341943919658661
v -0.032610423862934113 0.0099542494863271713 -0.0066174324601888657
v -0.032609783113002777 0.0083473231643438339 -0.0082366205751895905
v -0.032608583569526672 0.010805940255522728 -0.0095788761973381042
v -0.032607540488243103 -0.0087351445108652115 -0.0082366801798343658
v -0.032606050372123718 -0.011194059625267982 -0.0095788845792412758
v -0.0326051265001297 -0.010347509756684303 -0.0066232173703610897
v -0.032576605677604675 -0.010717907920479774 0.005667633842676878
v -0.0325750932097435 0.010337924584746361 0.0056675132364034653
v -0.032570589333772659 -0.010421494022011757 -0.0066888672299683094
v -0.032558716833591461 0.012364810332655907 -0.0079361554235219955
v -0.032546177506446838 0.010098880156874657 -0.006726960651576519
v -0.03254343569278717 0.010106107220053673 -0.006730235181748867
v -0.032542701810598373 -0.011194059625267982 -0.0097605455666780472
v -0.032537702471017838 0.010121440514922142 -0.0067366710864007473
v -0.032522641122341156 -0.014260897412896156 0.0044797705486416817
v -0.032521773129701614 0.0082268770784139633 0.0080912057310342789
v -0.032519672065973282 -0.0086146388202905655 0.0080912038683891296
v -0.032518696039915085 0.013534223660826683 0.0052754874341189861
v -0.0325164794921875 -0.013920793309807777 0.0052749048918485641
v -0.032513856887817383 0.0082366820424795151 -0.0086708664894104004
v -0.03251165896654129 -0.0086245182901620865 -0.0086712036281824112
v -0.032511051744222641 0.014216220006346703 -0.0045523839071393013
v -0.032504703849554062 -0.010601023212075233 -0.0067620384506881237
v -0.032490789890289307 0.01026286743581295 -0.0067676352337002754
v -0.032489091157913208 0.0088807102292776108 0.0076475166715681553
v -0.032472744584083557 0.0081930812448263168 -0.011896036565303802
v -0.032470855861902237 -0.0085808578878641129 -0.011896025389432907
v -0.032470349222421646 0.01290050707757473 0.0066183530725538731
v -0.032468259334564209 -0.013287076726555824 0.0066177407279610634
v -0.032460127025842667 0.014749770984053612 0.0018497532000765204
v -0.032459612935781479 0.010376101359724998 -0.0067623374052345753
v -0.032447274774312973 0.014078279957175255 0.0043293978087604046
v -0.03244294598698616 0.012240966781973839 0.003259612713009119
v -0.032438889145851135 -0.00019405211787670851 -0.014230650849640369
v -0.032437633723020554 -0.010855803266167641 -0.0067406659945845604
v -0.03243757039308548 -0.013314018025994301 -0.0075183012522757053
v -0.03242599219083786 0.01230773888528347 0.0032416449394077063
v -0.032425578683614731 0.0081931557506322861 0.011308833956718445
v -0.032423671334981918 -0.0085807982832193375 0.011308902874588966
v -0.032411396503448486 0.010805999860167503 0.0093828560784459114
v -0.032411161810159683 -0.01101241447031498 -0.0066599003039300442
v -0.03241073340177536 0.010628616437315941 -0.0066561149433255196
v -0.032408878207206726 -0.011194000020623207 0.009382905438542366
v -0.032393105328083038 -0.010367924347519875 0.0068676699884235859
v -0.032387405633926392 -0.00019397761207073927 0.013663536868989468
v -0.032371498644351959 0.012220581993460655 0.007922884076833725
v -0.032369542866945267 -0.012607136741280556 0.0079222386702895164
v -0.032368887215852737 0.010922407731413841 -0.0064572175033390522
v -0.032353177666664124 0.0026379136834293604 -0.014161643572151661
v -0.032352529466152191 -0.003025406738743186 -0.014161649160087109
v -0.032340012490749359 0.015125324949622154 -0.001156857586465776
v -0.032312970608472824 0.015095984563231468 0.0011022213147953153
v -0.032310474663972855 -0.015482569113373756 0.0011017366778105497
v -0.032298058271408081 0.010772844776511192 0.0063003934919834137
v -0.032296605408191681 0.0026380030903965235 0.013589564710855484
v -0.032295946031808853 -0.0030253322329372168 0.013589591719210148
v -0.032271631062030792 -0.015136698260903358 -0.0041802567429840565
v -0.032261185348033905 0.0082321669906377792 -0.009508160874247551
v -0.032256666570901871 0.01362142525613308 -0.006997816264629364
v -0.032246693968772888 -0.013084778562188148 0.0036895375233143568
v -0.032223951071500778 0.011493256315588951 0.0091796573251485825
v -0.032222185283899307 -0.011879781261086464 0.0091789951547980309
v -0.032206583768129349 -0.015582391992211342 0.0015527931973338127
v -0.032190330326557159 -0.01385163702070713 0.0024957114364951849
v -0.032182894647121429 -0.015067646279931068 0.0038896740879863501
v -0.032181192189455032 0.013864031061530113 -0.0068155312910676003
v -0.032176576554775238 0.015094539150595665 -0.0034094112925231457
v -0.032172065228223801 -0.015483999624848366 -0.0034098771866410971
v -0.032157599925994873 -0.010717818513512611 -0.0079942448064684868
v -0.032156102359294891 0.010337879881262779 -0.0079939672723412514
v -0.032154906541109085 0.012307679280638695 -0.0055650980211794376
v -0.032134395092725754 -0.012264454737305641 0.0055366293527185917
v -0.032131776213645935 0.0095237698405981064 0.011088271625339985
v -0.032129563391208649 -0.0099115613847970963 0.011088332161307335
v -0.032127857208251953 0.013532763347029686 -0.0075873699970543385
v -0.032123781740665436 -0.013922238722443581 -0.0075879483483731747
v -0.032112650573253632 0.015479838475584984 -0.00031667613075114787
v -0.03211008757352829 -0.015866408124566078 -0.0003171372227370739
v -0.032106216996908188 -0.014465102925896645 -0.006655166856944561
v -0.032095327973365784 0.0054452028125524521 -0.013956957496702671
v -0.032094039022922516 -0.0058325622230768204 -0.01395698543637991
v -0.032075226306915283 0.010806029662489891 0.010201118886470795
v -0.032073937356472015 -0.011193970218300819 0.010198397561907768
v -0.032062985002994537 0.015478422865271568 -0.0019809843506664038
v -0.032058369368314743 -0.015867823734879494 -0.0019814094994217157
v -0.032042641192674637 0.015195390209555626 -0.0038666685577481985
v -0.032023578882217407 0.0054452922195196152 0.013370344415307045
v -0.032022319734096527 -0.005832502618432045 0.013370429165661335
v -0.032006494700908661 0.010805999860167503 -0.011145777069032192
v -0.032003965228796005 -0.011194000020623207 -0.011145789176225662
v -0.031997859477996826 0.012899076566100121 -0.0089247617870569229
v -0.031993921846151352 -0.013288507238030434 -0.0089253839105367661
v -0.031989715993404388 -0.013710031285881996 -0.0048958901315927505
v -0.031984198838472366 0.015077760443091393 0.0035973142366856337
v -0.031973972916603088 0.014477988705039024 0.0018849712796509266
v -0.0319676473736763 0.013461759313941002 -0.004808016587048769
v -0.031959403306245804 0.010806044563651085 0.010461809113621712
v -0.031956873834133148 -0.011193955317139626 0.010461898520588875
v -0.031956389546394348 0.0082268770784139633 -0.010405317880213261
v -0.031954295933246613 -0.0086145643144845963 -0.010405235923826694
v -0.031940769404172897 -0.0095120761543512344 -0.0097901606932282448
v -0.031927376985549927 -0.016104305163025856 -0.0011439765803515911
v -0.031924266368150711 0.015636300668120384 0.0012578106252476573
v -0.031912706792354584 0.013261428102850914 0.0046199248172342777
v -0.031906843185424805 0.0099342819303274155 -0.0092126894742250443
v -0.031883534044027328 -0.013395050540566444 -0.0058824517764151096
v -0.031873546540737152 0.014684414491057396 -0.0061950604431331158
v -0.031855486333370209 -0.010981032624840736 -0.0087387030944228172
v -0.031820002943277359 -0.011363023892045021 -0.0084667475894093513
v -0.031819798052310944 0.01221916638314724 -0.010220833122730255
v -0.031816024333238602 -0.012608552351593971 -0.010221490636467934
v -0.031789869070053101 -0.011193940415978432 0.010821161791682243
v -0.031772837042808533 -0.016023406758904457 -0.0035565560683608055
v -0.031771644949913025 -0.014457160606980324 0.0041037737391889095
v -0.031769786030054092 0.010806029662489891 -0.011681109666824341
v -0.031767271459102631 -0.011193970218300819 -0.011681078001856804
v -0.031732082366943359 0.011801561340689659 -0.0078893546015024185
v -0.031696926802396774 0.012117451056838036 -0.0076741748489439487
v -0.031687818467617035 -0.015466609969735146 -0.0058938930742442608
v -0.031680408865213394 -0.015975186601281166 0.0032219665590673685
v -0.031678017228841782 -0.014981904998421669 0.0037748510949313641
v -0.031665638089179993 0.0081931706517934799 -0.01360702607780695
v -0.031663749366998672 -0.0085807684808969498 -0.013607022352516651
v -0.03161134198307991 0.016055500134825706 0.0009789137402549386
v -0.031607501208782196 -0.016443530097603798 0.00097916217055171728
v -0.031598318368196487 0.01613343320786953 -6.7027554905507714e-05
v -0.031596049666404724 0.011491855606436729 -0.011466279625892639
v -0.031595930457115173 -0.016519764438271523 -6.7549481173045933e-05
v -0.031592465937137604 -0.011881181970238686 -0.011466965079307556
v -0.031568054109811783 0.008193260058760643 0.012994914315640926
v -0.03156614676117897 -0.0085806939750909805 0.01299498975276947
v -0.03155720978975296 -0.013636553660035133 -0.0069201714359223843
v -0.031537666916847229 0.01601891778409481 0.0019610959570854902
v -0.031534735113382339 0.016131898388266563 -0.0021988216321915388
v -0.031534139066934586 0.014875447377562523 0.0058814357034862041
v -0.031533822417259216 -0.016406932845711708 0.0019613516051322222
v -0.031532235443592072 -0.01526152528822422 0.0058807157911360264
v -0.031529635190963745 -0.016521299257874489 -0.0021992840338498354
v -0.03150508925318718 0.014237767085433006 0.0072559448890388012
v -0.031503289937973022 -0.014623815193772316 0.0072551807388663292
v -0.031503103673458099 0.015453239902853966 0.0044775549322366714
v -0.031501125544309616 -0.015839317813515663 0.0044768769294023514
v -0.03148718923330307 -0.00019394780974835157 -0.01594955287873745
v -0.031479861587285995 0.016056632623076439 -0.0032574648503214121
v -0.031475994735956192 -0.016444647684693336 -0.0032575714867562056
v -0.031423993408679962 0.015967166051268578 0.0029390887357294559
v -0.031420338898897171 0.013547426089644432 0.0085904477164149284
v -0.031420245766639709 -0.016354957595467567 0.0029396791942417622
v -0.031418677419424057 -0.013933459296822548 0.0085896402597427368
v -0.031412716954946518 0.015591641888022423 -0.0054972921498119831
v -0.031407386064529419 0.015960937365889549 0.0030531811062246561
v -0.031405337154865265 -0.016347045078873634 0.0030525445472449064
v -0.031401168555021286 0.0026380179915577173 -0.015870032832026482
v -0.031400520354509354 -0.0030252875294536352 -0.015870042145252228
v -0.031400147825479507 0.016351466998457909 -0.0011278472375124693
v -0.031398441642522812 -0.016737082973122597 -0.0011278316378593445
v -0.031386680901050568 0.0095237847417593002 -0.01336725614964962
v -0.031385820358991623 0.010806074365973473 -0.012474880553781986
v -0.031385157257318497 0.014544954523444176 -0.0060837585479021072
v -0.031384449452161789 -0.0099115315824747086 -0.013367239385843277
v -0.031381949782371521 -0.011193925514817238 -0.012477535754442215
v -0.031361855566501617 -0.00019385840278118849 0.015352540649473667
v -0.031345859169960022 0.016020065173506737 -0.004233088344335556
v -0.031341992318630219 -0.016408050432801247 -0.0042331949807703495
v -0.0312831811606884 0.012805050238966942 0.0098740570247173309
v -0.031281653791666031 -0.01319105364382267 0.0098732095211744308
v -0.031271446496248245 0.0095238592475652695 0.01273675262928009
v -0.031270846724510193 0.0026381222996860743 0.015267248265445232
v -0.031270217150449753 -0.003025213023647666 0.01526729017496109
v -0.031269259750843048 -0.0099114570766687393 0.012736821547150612
v -0.031253088265657425 0.010806089267134666 -0.012730579823255539
v -0.031250555068254471 -0.011193910613656044 -0.012730591930449009
v -0.03124438039958477 0.016388943418860435 0.0016154140466824174
v -0.031242288649082184 -0.016775080934166908 0.0016148198628798127
v -0.031228255480527878 0.010806133970618248 0.011910879053175449
v -0.031225735321640968 -0.011193865910172462 0.011910933069884777
v -0.031219508498907089 -0.011580342426896095 0.011609114706516266
v -0.031210385262966156 -0.010317200794816017 0.012572429142892361
v -0.03120836429297924 0.016551127657294273 -0.0011220845626667142
v -0.031185593456029892 0.0094027873128652573 0.012956476770341396
v -0.031172577291727066 0.015967896208167076 -0.0052019762806594372
v -0.031168710440397263 -0.016355836763978004 -0.0052020829170942307
v -0.031163381412625313 0.015451511368155479 -0.0067290384322404861
v -0.03116283006966114 -0.0094857756048440933 0.013172909617424011
v -0.0311582051217556 -0.015841031447052956 -0.0067296614870429039
v -0.031157165765762329 0.012205293402075768 0.010788211598992348
v -0.031154586002230644 0.015959253534674644 -0.0053015281446278095
v -0.031149240210652351 -0.016348728910088539 -0.0053021050989627838
v -0.0311423409730196 0.005445307120680809 -0.01563417911529541
v -0.031141079962253571 -0.0058324579149484634 -0.01563420332968235
v -0.031121347099542618 -0.012878427281975746 0.010549584403634071
v -0.031108882278203964 0.014873718842864037 -0.0081321652978658676
v -0.031103877350687981 -0.015263238921761513 -0.0081328460946679115
v -0.031079426407814026 0.016387304291129112 -0.003856543218716979
v -0.031073914840817451 -0.016776720061898232 -0.0038570736069232225
v -0.031027071177959442 0.0077733900398015976 0.01408070232719183
v -0.031015254557132721 0.01673162542283535 0.00016941998910624534
v -0.031013121828436852 -0.017117777839303017 0.00016885747027117759
v -0.030997306108474731 0.005445411428809166 0.015014443546533585
v -0.03099619597196579 0.014236023649573326 -0.0095023056492209435
v -0.030996015295386314 -0.0058323834091424942 0.0150145273655653
v -0.030991358682513237 -0.014625543728470802 -0.0095030395314097404
v -0.030982503667473793 -0.0078519079834222794 0.014284297823905945
v -0.03094879537820816 0.013487881049513817 0.0096918046474456787
v -0.030938766896724701 0.016730045899748802 -0.0023993225768208504
v -0.03093314915895462 -0.017119342461228371 -0.0023998052347451448
v -0.030925637111067772 0.0070730652660131454 0.014536183327436447
v -0.030923914164304733 -0.013968164101243019 0.0096106827259063721
v -0.030905475839972496 0.016049286350607872 0.0047434060834348202
v -0.030903728678822517 -0.016435185447335243 0.0047426796518266201
v -0.030830375850200653 0.01354571245610714 -0.01082912739366293
v -0.03082570806145668 -0.01393517293035984 -0.010829915292561054
v -0.030791494995355606 0.016542172059416771 0.0033036817330867052
v -0.030789703130722046 -0.016928115859627724 0.0033030046615749598
v -0.030786614865064621 -0.017328852787613869 -0.0011095700319856405
v -0.030767260119318962 0.016961252316832542 -0.001108903088606894
v -0.030765390023589134 0.016962861642241478 -0.0011088481405749917
v -0.030762111768126488 -0.017349997535347939 -0.0011088424362242222
v -0.030760273337364197 -0.017351562157273293 -0.0011087940074503422
v -0.030756955966353416 0.0061240997165441513 0.015128323808312416
v -0.030711067840456963 0.0081932749599218369 -0.015230996534228325
v -0.030709153041243553 -0.0085806641727685928 -0.015231003984808922
v -0.030689716339111328 -0.0061879698187112808 0.015323895961046219
v -0.030644917860627174 0.014523034915328026 0.0087685110047459602
v -0.030615314841270447 0.012803336605429649 -0.012101978994905949
v -0.030613090842962265 -0.0058323834091424942 0.015534513629972935
v -0.030611110851168633 0.016949718818068504 0.0018512625247240067
v -0.030610844492912292 -0.013192752376198769 -0.012102808803319931
v -0.030609305948019028 -0.017335707321763039 0.0018506322521716356
v -0.030606869608163834 -0.015003854408860207 0.0086840186268091202
v -0.030551072210073471 0.016047528013586998 -0.0069579975679516792
v -0.030545346438884735 -0.016436943784356117 -0.0069586490280926228
v -0.030524963513016701 0.016540458425879478 -0.0055140582844614983
v -0.030519096180796623 -0.016929829493165016 -0.0055146445520222187
v -0.03045005165040493 0.011189078912138939 -0.013829195871949196
v -0.030437896028161049 0.01080617867410183 -0.014128135517239571
v -0.030435381457209587 -0.011193821206688881 -0.014128103852272034
v -0.030433382838964462 0.016948079690337181 -0.0040534031577408314
v -0.030432708561420441 -0.012592578306794167 -0.013002793304622173
v -0.030431134626269341 0.0095238890498876572 -0.014954806305468082
v -0.030428905040025711 -0.0099114272743463516 -0.014954792335629463
v -0.030427347868680954 -0.017337346449494362 -0.004053942859172821
v -0.030422214418649673 0.0046409275382757187 0.015996335074305534
v -0.030417444184422493 0.012489413842558861 -0.012763036414980888
v -0.030412059277296066 -0.010916570201516151 0.011418298818171024
v -0.030409792438149452 0.010685151442885399 0.011298775672912598
v -0.030399195849895477 -0.0099947396665811539 0.012096631340682507
v -0.030392969027161598 0.0093799140304327011 0.012261198833584785
v -0.030386699363589287 0.0045027341693639755 0.01607346348464489
v -0.030384916812181473 -0.010389888659119606 -0.01473539974540472
v -0.030384441837668419 0.011875351890921593 0.010413520038127899
v -0.030373387038707733 -0.012556472793221474 0.01019839383661747
v -0.030368190258741379 0.017266815528273582 0.00039174623088911176
v -0.030366316437721252 -0.017652833834290504 0.0003911467210855335
v -0.030365355312824249 -0.00019382860045880079 -0.017567761242389679
v -0.030364539474248886 -0.009318450465798378 0.012579439207911491
v -0.030359147116541862 0.0096756275743246078 -0.014973578974604607
v -0.030352437868714333 -0.010023171082139015 -0.015003220178186893
v -0.030343679711222649 -0.013287315145134926 0.0096644284203648567
v -0.030315801501274109 0.01540960930287838 0.0078324992209672928
v -0.030314834788441658 0.016034951433539391 0.0064277797937393188
v -0.0303144920617342 -0.015795269981026649 0.0078316424041986465
v -0.03031344898045063 -0.016420656815171242 0.0064269755966961384
v -0.030312530696392059 -0.012285882607102394 0.010528351180255413
v -0.030310265719890594 0.01190357469022274 0.010526252910494804
v -0.030305624008178711 0.013688346371054649 0.0090973507612943649
v -0.030292464420199394 -0.013871693983674049 -0.011897483840584755
v -0.03029155358672142 -0.004535311833024025 0.016268083825707436
v -0.030284356325864792 -0.010369459167122841 0.012033444829285145
v -0.030282396823167801 0.0099916812032461166 0.012032926082611084
v -0.030280716717243195 0.0079850461333990097 0.013229020871222019
v -0.030279796570539474 0.002638152102008462 -0.017477044835686684
v -0.030279761180281639 0.017265243455767632 -0.002581840381026268
v -0.030279150232672691 -0.0030251683201640844 -0.017477057874202728
v -0.030278841033577919 0.013577869161963463 -0.011813757941126823
v -0.030273618176579475 -0.017654398456215858 -0.0025823286268860102
v -0.030248481780290604 0.016589438542723656 0.0049932654947042465
v -0.030247051268815994 -0.016975188627839088 0.0049925143830478191
v -0.030240511521697044 0.015443390235304832 0.00791973527520895
v -0.030210001394152641 -0.0078186038881540298 0.013595085591077805
v -0.030206259340047836 -0.0077912602573633194 0.013612872920930386
v -0.030201934278011322 -0.0087788496166467667 -0.015871068462729454
v -0.030179502442479134 0.0082266833633184433 -0.015981519594788551
v -0.030176015570759773 0.015563761815428734 0.0078066475689411163
v -0.030173974111676216 -0.0075650457292795181 0.01375906728208065
v -0.030172338709235191 -0.0085805151611566544 -0.016003919765353203
v -0.030172202736139297 -0.015951449051499367 0.0078067951835691929
v -0.030145613476634026 -0.00019372429233044386 0.016906924545764923
v -0.03012256883084774 0.017461022362112999 -0.001089647295884788
v -0.030122384428977966 0.0068338271230459213 0.013977997004985809
v -0.030119793489575386 0.017462959513068199 -0.0010895640589296818
v -0.030115636065602303 0.017062744125723839 0.0035386751405894756
v -0.030114131048321724 -0.017448553815484047 0.0035379654727876186
v -0.030094800516963005 -0.017865056172013283 -0.0010888631222769618
v -0.030092742294073105 -0.017866486683487892 -0.001088798395358026
v -0.030083509162068367 0.0080537106841802597 0.013489717617630959
v -0.03008129820227623 -0.0084409955888986588 0.013489887118339539
v -0.030073055997490883 0.017494974657893181 -0.0011033703340217471
v -0.030071867629885674 0.017496457323431969 -0.0010714487871155143
v -0.030071059241890907 0.017496680840849876 -0.0010880950139835477
v -0.030069980770349503 -0.017882505431771278 -0.0010720088612288237
v -0.030068626627326012 0.017498349770903587 -0.0010880214395001531
v -0.030068235471844673 -0.017883369699120522 -0.0010880636982619762
v -0.03006683848798275 -0.017883980646729469 -0.0011038134107366204
v -0.030066084116697311 -0.017884859815239906 -0.0010879975743591785
v -0.030062343925237656 0.0075252559036016464 -0.016440404579043388
v -0.030055513605475426 0.0026382564101368189 0.01681017130613327
v -0.030054884031414986 -0.0030250640120357275 0.016810214146971703
v -0.030046015977859497 -0.014907756820321083 -0.010955263860523701
v -0.030042257159948349 -0.012522542849183083 0.012678985483944416
v -0.030038261786103249 0.012301718816161156 0.012535957619547844
v -0.030033934861421585 0.011064877733588219 0.013564799912273884
v -0.030025318264961243 0.006270458921790123 0.014327871613204479
v -0.030022382736206055 0.0054454412311315536 -0.017207939177751541
v -0.030021093785762787 -0.0058323387056589127 -0.017207978293299675
v -0.030019747093319893 0.014614885672926903 -0.010866954922676086
v -0.030018355697393417 0.01080629788339138 0.01377046387642622
v -0.030015815049409866 -0.011193731799721718 0.013770480640232563
v -0.0300013218075037 0.010582676157355309 0.013945819810032845
v -0.029998866841197014 -0.010970110073685646 0.01394586730748415
v -0.029983296990394592 -0.007493162527680397 -0.01670721173286438
v -0.029982974752783775 0.017556337639689445 -0.0010854415595531464
v -0.029981179162859917 0.010358249768614769 0.014119789004325867
v -0.029978783801198006 -0.010745653882622719 0.014119838364422321
v -0.029969781637191772 -0.010682428255677223 0.01417208556085825
v -0.02996491827070713 -0.013493651524186134 0.011826765723526478
v -0.029939854517579079 -0.010599041357636452 0.014263336546719074
v -0.029927343130111694 0.010186156257987022 0.014298188500106335
v -0.02992589958012104 0.013396954163908958 0.01156235858798027
v -0.029925625771284103 -0.013766402378678322 0.011579003185033798
v -0.029920628294348717 -0.0061224941164255142 0.014649734832346439
v -0.029918665066361427 0.017446113750338554 0.0020719955209642649
v -0.029917147010564804 -0.017831975594162941 0.0020713361445814371
v -0.02990446425974369 0.0028508959803730249 0.016945067793130875
v -0.029900815337896347 0.0066949184983968735 -0.016962261870503426
v -0.029896466061472893 -0.00706503726541996 -0.016972929239273071
v -0.029880516231060028 0.016587665304541588 -0.0071674087084829807
v -0.029874265193939209 -0.016976946964859962 -0.0071680620312690735
v -0.029871555045247078 -0.010514283552765846 0.014402457512915134
v -0.029859393835067749 0.016033133491873741 -0.0086032403632998466
v -0.029853314161300659 -0.016422459855675697 -0.0086039584130048752
v -0.029843686148524284 0.010107209905982018 0.01445226464420557
v -0.02983650378882885 0.017061052843928337 -0.0057074707001447678
v -0.029830051586031914 -0.017450237646698952 -0.0057080714032053947
v -0.029792118817567825 -0.0029003263916820288 0.017111087217926979
v -0.029779301956295967 0.015481149777770042 0.0087228938937187195
v -0.029775213450193405 -0.015868717804551125 0.0087235923856496811
v -0.029774809256196022 0.015407761558890343 -0.01000535860657692
v -0.02976890467107296 -0.015797102823853493 -0.010006144642829895
v -0.029753703624010086 0.012287696823477745 0.012941391207277775
v -0.029752966016530991 -0.012673193588852882 0.012940367683768272
v -0.029750712215900421 0.010086273774504662 0.014579415321350098
v -0.029748378321528435 -0.010473588481545448 0.014579473063349724
v -0.029738571494817734 -0.012269610539078712 0.011522138491272926
v -0.029736042022705078 0.011887764558196068 0.011519544757902622
v -0.02972920797765255 0.017444511875510216 -0.0042315763421356678
v -0.029722616076469421 -0.017833584919571877 -0.0042321188375353813
v -0.029702773317694664 0.0060366448014974594 0.014831333421170712
v -0.029701843857765198 -0.0064220372587442398 0.014831563457846642
v -0.029698312282562256 0.0047248806804418564 0.015229527838528156
v -0.029697172343730927 -0.014788443222641945 0.010615972802042961
v -0.029695071280002594 -0.015827516093850136 -0.010083001106977463
v -0.029694279655814171 0.012904694303870201 -0.011825897730886936
v -0.029691735282540321 0.012274628505110741 -0.012287108227610588
v -0.02968791127204895 0.01444396935403347 0.010574090294539928
v -0.029685664921998978 -0.012309396639466286 -0.0125481141731143
v -0.029681133106350899 -0.011974314227700233 -0.012797350995242596
v -0.029674049466848373 -0.014818498864769936 -0.010738188400864601
v -0.029664073139429092 0.01773579977452755 0.00059922278160229325
v -0.029662542045116425 -0.018121713772416115 0.0005986100877635181
v -0.029642736539244652 0.010284921154379845 -0.013766498304903507
v -0.029639646410942078 0.0155623909085989 -0.0099653908982872963
v -0.029637860134243965 -0.010353634133934975 0.01302600372582674
v -0.029635917395353317 -0.015950167551636696 -0.0099649876356124878
v -0.029635664075613022 0.0099763479083776474 0.013024995103478432
v -0.029613763093948364 -0.012285301461815834 -0.012683849781751633
v -0.029611643403768539 0.011903038248419762 -0.012681549414992332
v -0.029609663411974907 0.009705638512969017 -0.01419310737401247
v -0.029591448605060577 -0.0099051687866449356 -0.014327196404337883
v -0.029585758224129677 -0.0046635065227746964 0.015473694540560246
v -0.029576828703284264 0.0077335294336080551 0.015965672209858894
v -0.029574166983366013 -0.0097056124359369278 -0.014469805173575878
v -0.029566677287220955 -0.0082177761942148209 0.015934504568576813
v -0.029564749449491501 0.017734287306666374 -0.0027460991404950619
v -0.029563432559370995 0.0075862463563680649 0.016040189191699028
v -0.029561646282672882 -0.0079730991274118423 0.016040274873375893
v -0.029558081179857254 -0.018123218789696693 -0.0027465824969112873
v -0.029532050713896751 -0.0083667878061532974 0.015909323468804359
v -0.029525961726903915 0.0080036576837301254 0.015907749533653259
v -0.029524184763431549 0.0088014956563711166 -0.014833918772637844
v -0.029498953372240067 0.00502735935151577 -0.017939023673534393
v -0.029495943337678909 -0.010369041934609413 -0.014182386919856071
v -0.02949405275285244 0.0099912937730550766 -0.014181703329086304
v -0.029489666223526001 0.011344214901328087 0.014050793834030628
v -0.029489122331142426 -0.011729666963219643 0.014049746096134186
v -0.029480809345841408 -0.005353802815079689 -0.017972929403185844
v -0.029468169435858727 -0.01047343946993351 0.014910339377820492
v -0.029458068311214447 0.0048788096755743027 -0.018021423369646072
v -0.029454492032527924 0.0070852693170309067 0.016348462551832199
v -0.029448743909597397 0.010445913299918175 0.014714190736413002
v -0.029446346685290337 -0.010833168402314186 0.01471425499767065
v -0.029402483254671097 -0.0086203757673501968 0.015939116477966309
v -0.029397416859865189 -0.0050562266260385513 -0.018136555328965187
v -0.029395997524261475 0.0082442369312047958 0.015943229198455811
v -0.029395310208201408 0.0079935397952795029 0.016052635386586189
v -0.029390992596745491 0.0013975856127217412 0.017628800123929977
v -0.029387401416897774 -0.00821668840944767 -0.015487557277083397
v -0.029376920312643051 -0.018311271443963051 -0.0010670371120795608
v -0.029363013803958893 0.017936607822775841 -0.00087591836927458644
v -0.029361441731452942 -0.018322551622986794 -0.00087649590568616986
v -0.029357248917222023 0.0080419685691595078 0.014462328515946865
v -0.029355024918913841 -0.0084291044622659683 0.014462431892752647
v -0.029354047030210495 0.017935184761881828 -0.0012554040877148509
v -0.029347304254770279 -0.018323967233300209 -0.0012558456510305405
v -0.029346100986003876 0.010806357488036156 0.014597946777939796
v -0.029345521703362465 0.012599071487784386 0.011598831042647362
v -0.029343612492084503 -0.011193642392754555 0.014598000794649124
v -0.029341546818614006 -0.014757180586457253 0.010333836078643799
v -0.029333172366023064 0.011876499280333519 0.012125545181334019
v -0.029326025396585464 -0.011983746662735939 0.012335156090557575
v -0.029323933646082878 0.015405794605612755 0.0096121774986386299
v -0.029323449358344078 -0.0087080840021371841 0.015984084457159042
v -0.029320221394300461 -0.015791842713952065 0.0096136434003710747
v -0.029318958520889282 0.0083270277827978134 0.015988139435648918
v -0.029313111677765846 0.0073781516402959824 -0.015779402107000351
v -0.02929377369582653 0.0072700884193181992 -0.015848249197006226
v -0.02928437665104866 0.0031784086022526026 0.016041424125432968
v -0.029272260144352913 0.010419761762022972 0.013215348124504089
v -0.029238861054182053 0.00999467633664608 0.013539264909923077
v -0.029236333444714546 -0.010376045480370522 0.013544270768761635
v -0.029228480532765388 -0.01032007671892643 0.013589230366051197
v -0.029222359880805016 0.008398076519370079 0.016057154163718224
v -0.029216049239039421 -0.0072524789720773697 -0.016102498397231102
v -0.02921360544860363 -0.0087888631969690323 0.016062540933489799
v -0.029213227331638336 0.012136643752455711 -0.014818510040640831
v -0.029211945831775665 -0.012676099315285683 -0.014688161201775074
v -0.029209325090050697 0.0080533828586339951 -0.015622414648532867
v -0.029207086190581322 -0.0084406230598688126 -0.015622484497725964
v -0.029198002070188522 -0.010232875123620033 0.013681464828550816
v -0.029195601120591164 0.018024487420916557 -0.001061543240211904
v -0.029192754998803139 0.0084136482328176498 0.016080694273114204
v -0.029187396168708801 0.015480374917387962 -0.010856523178517818
v -0.02918713167309761 0.0098220612853765488 0.013713182881474495
v -0.0291861891746521 0.013119345530867577 -0.013953465968370438
v -0.029184266924858093 -0.015868032351136208 -0.010855273343622684
v -0.029177172109484673 -0.001240799087099731 0.017862804234027863
v -0.029162142425775528 0.013386806473135948 -0.013708558864891529
v -0.029158627614378929 -0.013777667656540871 -0.013705352321267128
v -0.029145292937755585 -0.011437216773629189 -0.015714256092905998
v -0.029143370687961578 0.0039748009294271469 0.016042236238718033
v -0.029142487794160843 -0.0043606851249933243 0.016043081879615784
v -0.029140613973140717 -0.0030955763068050146 0.016269633546471596
v -0.029134491458535194 -0.010151112452149391 0.013810089789330959
v -0.029121551662683487 0.010806312784552574 -0.015906421467661858
v -0.029119037091732025 -0.011193687096238136 -0.015906382352113724
v -0.029094088822603226 0.01058272086083889 -0.01608031801879406
v -0.029091635718941689 -0.010970050469040871 -0.016080282628536224
v -0.029070163145661354 0.0097276028245687485 0.013914711773395538
v -0.029066227376461029 -0.0065385196357965469 -0.016535619273781776
v -0.029063593596220016 0.010358294472098351 -0.016252638772130013
v -0.029061174020171165 -0.010745609179139137 -0.016252610832452774
v -0.029060205444693565 -0.00019367958884686232 -0.019043626263737679
v -0.029051432386040688 0.010294875130057335 -0.016304390504956245
v -0.029047159478068352 0.0084480550140142441 0.01621275395154953
v -0.029045190662145615 -0.0088349971920251846 0.016212828457355499
v -0.029030824080109596 -0.0027514637913554907 0.016431666910648346
v -0.029019905254244804 0.009721001610159874 0.013978952541947365
v -0.029017820954322815 -0.01010780967772007 0.013977209106087685
v -0.029017116874456406 0.010213365778326988 -0.016391312703490257
v -0.028999155387282372 -0.01047343946993351 0.015421405434608459
v -0.028996780514717102 -0.010573336854577065 -0.016427474096417427
v -0.028991648927330971 0.014410709962248802 -0.012730825692415237
v -0.028982916846871376 -0.01226905919611454 -0.013638951815664768
v -0.028982073068618774 -0.005695069208741188 0.017363622784614563
v -0.028980983421206474 -0.014828646555542946 -0.012700639665126801
v -0.028980595991015434 0.011887243017554283 -0.013636145740747452
v -0.028976192697882652 0.0026383011136204004 -0.018941612914204597
v -0.028975885361433029 -0.0037008763756603003 -0.018842192366719246
v -0.028975546360015869 -0.003025019308552146 -0.018941625952720642
v -0.028962740674614906 0.0056976582854986191 -0.016801148653030396
v -0.028947817161679268 0.0064145531505346298 0.017079411074519157
v -0.02894626185297966 -0.0068015251308679581 0.017079444602131844
v -0.028941912576556206 0.0032090602908283472 -0.018893338739871979
v -0.028939593583345413 0.010126879438757896 -0.016528183594346046
v -0.028913680464029312 0.016381597146391869 0.0083351638168096542
v -0.028913024812936783 -0.016766989603638649 0.0083342902362346649
v -0.028910096734762192 0.010108998045325279 -0.016571022570133209
v -0.028904899954795837 -0.010494837537407875 -0.016574932262301445
v -0.028902702033519745 0.012285878881812096 -0.015070407651364803
v -0.028897657990455627 -0.012675011530518532 -0.015071396715939045
v -0.02889728732407093 0.0060285534709692001 0.015763705596327782
v -0.028896378353238106 -0.0064137522131204605 0.015763979405164719
v -0.028883408755064011 0.015709614381194115 0.0097256070002913475
v -0.028882859274744987 -0.01609494723379612 0.0097246859222650528
v -0.02887851744890213 0.016978910192847252 0.0069032609462738037
v -0.02887781523168087 -0.017364392057061195 0.0069024446420371532
v -0.028865434229373932 0.00010757719428511336 0.018163101747632027
v -0.028865370899438858 -0.00049472774844616652 0.018163107335567474
v -0.028846463188529015 0.0074913855642080307 0.015288564376533031
v -0.028836861252784729 -0.0079519543796777725 0.01526715699583292
v -0.02883496880531311 0.0073175337165594101 0.015370857901871204
v -0.028834674507379532 -0.0077102873474359512 0.015367336571216583
v -0.028832478448748589 1.6620504538877867e-05 0.018192384392023087
v -0.028808381408452988 0.0076954420655965805 0.015244904905557632
v -0.028808336704969406 -0.00026492204051464796 0.018213840201497078
v -0.028806287795305252 0.010086318477988243 -0.01669703796505928
v -0.028803961351513863 -0.010473543778061867 -0.016697010025382042
v -0.028803043067455292 0.004732152447104454 0.017665605992078781
v -0.02879427932202816 0.01496846042573452 0.011062980629503727
v -0.028793836012482643 -0.015353748574852943 0.011062011122703552
v -0.028793135657906532 -0.010353216901421547 -0.015132643282413483
v -0.028791047632694244 0.0099759604781866074 -0.015131466090679169
v -0.028788156807422638 0.010086378082633018 0.015637481585144997
v -0.028788123279809952 0.0016480890335515141 0.016754141077399254
v -0.028777722269296646 0.0077794548124074936 0.015242172405123711
v -0.028775643557310104 0.017493268474936485 0.0054412456229329109
v -0.028774896636605263 -0.017878824844956398 0.0054404824040830135
v -0.028754377737641335 -0.0082134250551462173 0.015245412476360798
v -0.028750890865921974 0.0048597510904073715 -0.017270950600504875
v -0.028750663623213768 0.0060363765805959702 -0.016937956213951111
v -0.028749732300639153 -0.006421724334359169 -0.016938161104917526
v -0.028729792684316635 0.0078747477382421494 0.015252360142767429
v -0.028728479519486427 0.0084479805082082748 0.016520492732524872
v -0.0287178885191679 -0.0088348481804132462 0.016528602689504623
v -0.028717242181301117 0.0025703965220600367 -0.01919921487569809
v -0.028691679239273071 0.010446002706885338 0.015520522370934486
v -0.028689252212643623 -0.010833078995347023 0.015520578250288963
v -0.028680030256509781 0.015403246507048607 -0.011716729030013084
v -0.028676323592662811 -0.015793109312653542 -0.01171428244560957
v -0.028672792017459869 -0.0049652848392724991 -0.01742173545062542
v -0.028669210150837898 0.014855166897177696 -0.012096556834876537
v -0.028648650273680687 0.014157926663756371 0.012337299063801765
v -0.028648344799876213 -0.014543155208230019 0.012336279265582561
v -0.028645260259509087 0.0079892035573720932 0.015291603282094002
v -0.028631627559661865 -0.0083882901817560196 0.015298192389309406
v -0.028623003512620926 -0.0067483130842447281 0.015937257558107376
v -0.028614664450287819 -0.0015566440997645259 0.016958126798272133
v -0.028608443215489388 0.017916901037096977 0.0039593745023012161
v -0.028607653453946114 -0.018302539363503456 0.0039586573839187622
v -0.028589889407157898 0.010806446895003319 0.015395593829452991
v -0.028587371110916138 -0.011193552985787392 0.015395639464259148
v -0.028571752831339836 -0.0044360700994729996 0.018005404621362686
v -0.028571609407663345 0.011342426761984825 -0.016161667183041573
v -0.028569182381033897 -0.012821713462471962 -0.013821176253259182
v -0.028566816821694374 -0.011731470003724098 -0.016162674874067307
v -0.028559193015098572 0.0041724350303411484 -0.01763547770678997
v -0.028547793626785278 -0.0081216637045145035 -0.018069352954626083
v -0.028543161228299141 0.0078311469405889511 -0.018038058653473854
v -0.028535392135381699 0.011871060356497765 -0.014228642918169498
v -0.028535023331642151 -0.012257376685738564 -0.014232231304049492
v -0.028531800955533981 0.0075862910598516464 -0.018143367022275925
v -0.028530016541481018 -0.007973039522767067 -0.018143400549888611
v -0.028510579839348793 0.007978757843375206 -0.018011020496487617
v -0.028507029637694359 0.010086258873343468 -0.01701015792787075
v -0.028501071035861969 -0.0083889458328485489 -0.018009060993790627
v -0.028498215600848198 0.0081039424985647202 0.015392999164760113
v -0.028495997190475464 0.0058461930602788925 0.016226876527070999
v -0.028464635834097862 -0.0085045788437128067 0.015418168157339096
v -0.028449079021811485 0.013276776298880577 0.013539550825953484
v -0.028448939323425293 -0.013661960139870644 0.013538491912186146
v -0.028428463265299797 0.0080416407436132431 -0.016548812389373779
v -0.028426207602024078 -0.0084287170320749283 -0.016548817977309227
v -0.028426032513380051 -0.0075592491775751114 -0.018392706289887428
v -0.028419626876711845 -0.0059480313211679459 0.016382558271288872
v -0.028408639132976532 -0.01079464890062809 -0.015319746918976307
v -0.028404954820871353 0.0018947628559544683 0.017092930153012276
v -0.028404409065842628 -0.0022802890744060278 0.017093559727072716
v -0.028397673740983009 0.016977196559309959 -0.0089904572814702988
v -0.02839050255715847 -0.017366105690598488 -0.0089911408722400665
v -0.028388053178787231 -0.0020941139664500952 -0.019587606191635132
v -0.02838469110429287 0.018245218321681023 0.0024663140065968037
v -0.028384033590555191 0.017491644248366356 -0.0075249597430229187
v -0.028383858501911163 -0.018630931153893471 0.0024656390305608511
v -0.028379837051033974 0.0082328077405691147 -0.018032563850283623
v -0.028376691043376923 -0.017880449071526527 -0.0075255753472447395
v -0.028370371088385582 0.0081382747739553452 0.015506149269640446
v -0.028369953855872154 -0.0086297187954187393 -0.01803596131503582
v -0.028357710689306259 0.0099949296563863754 -0.015628650784492493
v -0.028356105089187622 0.0081380810588598251 0.015520285815000534
v -0.028354894369840622 -0.010376224294304848 -0.015633558854460716
v -0.028351401910185814 -0.0085246805101633072 0.015522642061114311
v -0.028345562517642975 0.016379809007048607 -0.010421792976558208
v -0.02834402397274971 0.0099237021058797836 -0.015686290338635445
v -0.028338596224784851 -0.016768762841820717 -0.01042253989726305
v -0.028329981490969658 0.0015576687874272466 -0.019650338217616081
v -0.028320463374257088 -0.010090271010994911 0.014757145196199417
v -0.028311999514698982 0.0098476912826299667 -0.015766400843858719
v -0.028307395055890083 0.017915388569235802 -0.0060357004404067993
v -0.028299881145358086 -0.018304059281945229 -0.0060362587682902813
v -0.028298443183302879 0.0083206649869680405 -0.01807255856692791
v -0.028289191424846649 -0.0087140593677759171 -0.018076678737998009
v -0.028285980224609375 -0.010199690237641335 -0.015812089666724205
v -0.028270823881030083 -0.008405560627579689 -0.018220279365777969
v -0.02826029434800148 0.0039700176566839218 0.016914259642362595
v -0.0282593984156847 -0.0043557379394769669 0.016915148124098778
v -0.028251700103282928 0.0081364419311285019 0.015623134560883045
v -0.028251625597476959 0.010086497291922569 0.01614011637866497
v -0.028249291703104973 -0.010473469272255898 0.016140174120664597
v -0.02823653444647789 0.0097616668790578842 -0.015898866578936577
v -0.028234515339136124 -0.0035099477972835302 -0.018154934048652649
v -0.028230665251612663 0.015707796439528465 -0.011807767674326897
v -0.028223901987075806 -0.016096765175461769 -0.011808577924966812
v -0.028218256309628487 0.0042319055646657944 0.018254540860652924
v -0.028217200189828873 -0.0046187583357095718 0.018254557624459267
v -0.02820889838039875 -0.010132754221558571 -0.015934117138385773
v -0.028199706226587296 -0.012709164991974831 0.014660444110631943
v -0.028199685737490654 0.012324040755629539 0.014661528170108795
v -0.028198288753628731 9.6952666353899986e-05 0.017387395724654198
v -0.028197715058922768 0.0084480997174978256 0.016990074887871742
v -0.028192020952701569 -0.00048098887782543898 0.017382664605975151
v -0.028188593685626984 -0.0087851379066705704 -0.018139814957976341
v -0.028184438124299049 0.0084015931934118271 -0.018144022673368454
v -0.028182538226246834 0.0097006615251302719 0.014901606366038322
v -0.028179055079817772 0.010446241125464439 -0.017128137871623039
v -0.028176737949252129 -0.010832929983735085 -0.017128255218267441
v -0.028174960985779762 0.018243817612528801 -0.0045318468473851681
v -0.02816733717918396 -0.018632331863045692 -0.0045323427766561508
v -0.028156055137515068 -1.9961846192018129e-05 0.017414895817637444
v -0.028139933943748474 -0.00024981226306408644 0.01742936298251152
v -0.028138775378465652 -0.010109612718224525 -0.016022266820073128
v -0.028131961822509766 0.0045593883842229843 0.01690278947353363
v -0.028121845796704292 0.0039746072143316269 -0.018112897872924805
v -0.028120893985033035 -0.0043604318052530289 -0.018113704398274422
v -0.028115609660744667 0.018479397520422935 0.00096878380281850696
v -0.028114760294556618 -0.018865177407860756 0.00096815911820158362
v -0.028113551437854767 0.0097213741391897202 -0.016053717583417892
v -0.028110252693295479 -0.010108062997460365 -0.016053304076194763
v -0.028097059577703476 -0.0031689198222011328 0.018582539632916451
v -0.028084265068173409 0.010806431993842125 -0.017002467066049576
v -0.028081750497221947 -0.011193567886948586 -0.01700243167579174
v -0.028069382533431053 0.0043577905744314194 0.017002429813146591
v -0.028060246258974075 0.014966627582907677 -0.013137183152139187
v -0.028053713962435722 -0.015355596318840981 -0.013138050213456154
v -0.028053084388375282 0.0025799630675464869 -0.018407059833407402
v -0.028021413832902908 -0.0088348928838968277 -0.018269689753651619
v -0.02801034227013588 -0.010473424568772316 0.016346629709005356
v -0.02800871804356575 0.010086363181471825 -0.017491748556494713
v -0.028006894513964653 0.0084481146186590195 -0.018284274265170097
v -0.028004920110106468 -0.0088349375873804092 -0.01828429102897644
v -0.027997519820928574 0.018478101119399071 -0.003020766656845808
v -0.027989819645881653 -0.018866458907723427 -0.0030212101992219687
v -0.027951484546065331 0.0064146723598241806 0.017920432612299919
v -0.027949929237365723 -0.0068014059215784073 0.017920466139912605
v -0.027922119945287704 0.0023510216269642115 0.018762582913041115
v -0.027921084314584732 -0.0042862538248300552 0.017222777009010315
v -0.027917573228478432 0.010446092113852501 0.016222061589360237
v -0.027915176004171371 -0.01083298958837986 0.016222124919295311
v -0.027905894443392754 -0.011683980002999306 0.015695028007030487
v -0.027905682101845741 0.01129891537129879 0.015696128830313683
v -0.027893198654055595 0.0060282554477453232 -0.017820119857788086
v -0.027892246842384338 -0.0064134243875741959 -0.017820363864302635
v -0.027874860912561417 0.0053086187690496445 -0.019428640604019165
v -0.027860663831233978 -0.0078627262264490128 -0.01735672727227211
v -0.027856238186359406 0.0064150448888540268 -0.019142961129546165
v -0.027855327352881432 0.0075649973005056381 -0.017329145222902298
v -0.027854789048433304 -0.0068010333925485611 -0.019143091514706612
v -0.027846936136484146 0.007323896512389183 -0.017428867518901825
v -0.027843862771987915 -0.0077046994119882584 -0.017432628199458122
v -0.02783731184899807 0.014156078919768333 -0.014400230720639229
v -0.027831010520458221 -0.014545002952218056 -0.014401152729988098
v -0.027817239984869957 0.010806536301970482 0.016089070588350296
v -0.027814725413918495 -0.011193463578820229 0.01608910970389843
v -0.027814602479338646 0.018628975376486778 -0.00052891828818246722
v -0.027813682332634926 -0.019014785066246986 -0.00052950863027945161
v -0.027800487354397774 -0.0081514958292245865 -0.017300670966506004
v -0.027788201346993446 0.018627775833010674 -0.0015075689880177379
v -0.027780486270785332 -0.019015977159142494 -0.0015079587465152144
v -0.027768958359956741 0.0078377928584814072 -0.017303280532360077
v -0.02775673009455204 -0.0073470864444971085 -0.017644016072154045
v -0.027746161445975304 -0.0073049906641244888 -0.017668528482317924
v -0.027745760977268219 -0.008261973038315773 -0.01730772852897644
v -0.027717733755707741 -0.0020398141350597143 -0.018808392807841301
v -0.027713879942893982 0.018661884590983391 -0.0010163860861212015
v -0.027712356299161911 -0.01904791034758091 -0.0010163587285205722
v -0.027709798887372017 0.00010763679892988876 -0.020219340920448303
v -0.027709709480404854 -0.00049468304496258497 -0.020219350233674049
v -0.027709051966667175 -0.019049057736992836 -0.0010162597754970193
v -0.027706312015652657 -0.0052048210054636002 -0.019676698371767998
v -0.027674952521920204 -0.00040302600245922804 -0.020246746018528938
v -0.027669677510857582 -0.0083648804575204849 -0.017336625605821609
v -0.02766883373260498 -0.0088347140699625015 -0.018572235479950905
v -0.027661271393299103 -0.0085154119879007339 0.01616235077381134
v -0.027649847790598869 -0.00012240733485668898 -0.020266547799110413
v -0.027645651251077652 0.0065248217433691025 -0.017893938347697258
v -0.027624474838376045 -0.010076666250824928 0.015426989644765854
v -0.027623996138572693 0.0096902158111333847 0.015430846251547337
v -0.027623888105154037 0.008025800809264183 -0.017361130565404892
v -0.027564890682697296 0.013274943456053734 -0.015588070265948772
v -0.027558818459510803 -0.013663807883858681 -0.015589036978781223
v -0.027541683986783028 0.0028173534665256739 0.017705410718917847
v -0.027529878541827202 -0.0031727792229503393 0.017718922346830368
v -0.027520323172211647 0.008448159322142601 -0.018694926053285599
v -0.027513371780514717 -0.0084876213222742081 -0.017428992316126823
v -0.02750607393682003 -0.0064100716263055801 -0.018171295523643494
v -0.027493700385093689 -0.00019247259479016066 0.017947539687156677
v -0.027488579973578453 -0.0030623616185039282 0.017765078693628311
v -0.027485297992825508 -0.01047343946993351 -0.017946613952517509
v -0.027471540495753288 0.0010194239439442754 -0.019062146544456482
v -0.027446979656815529 0.0018929002108052373 0.017884237691760063
v -0.027446426451206207 -0.0022781880106776953 0.017884897068142891
v -0.027445865795016289 0.010086512193083763 0.016797570511698723
v -0.02743811160326004 -0.019139373674988747 -0.0010080384090542793
v -0.027437495067715645 0.0081301983445882797 -0.017486706376075745
v -0.027427023276686668 0.0040493812412023544 -0.020044496282935143
v -0.027416190132498741 -0.0028716118540614843 0.017843499779701233
v -0.027399023994803429 0.010446330532431602 -0.017821213230490685
v -0.027397057041525841 -0.010473275557160378 0.016832297667860985
v -0.027396708726882935 -0.010832840576767921 -0.017821338027715683
v -0.027371665462851524 0.0097042378038167953 -0.01678992435336113
v -0.02735850028693676 0.0081386025995016098 -0.017553171142935753
v -0.027358163148164749 -0.0085258428007364273 -0.017553849145770073
v -0.027355395257472992 0.008448353037238121 0.017637839540839195
v -0.027353424578905106 -0.0088349077850580215 0.017637919634580612
v -0.027330391108989716 -0.017526993528008461 0.0087548615410923958
v -0.027330318465828896 0.017141750082373619 0.0087556876242160797
v -0.027329148724675179 -0.016882250085473061 0.01016724482178688
v -0.027328977361321449 0.0022594539914280176 0.017933709546923637
v -0.027328969910740852 0.016497081145644188 0.010168111883103848
v -0.02732379175722599 0.0018946734489873052 -0.0191176887601614
v -0.027323218062520027 -0.0022801400627940893 -0.019118299707770348
v -0.027316693216562271 -0.010071882978081703 0.015693293884396553
v -0.027305752038955688 0.010806521400809288 -0.017687499523162842
v -0.027303237468004227 -0.011193478479981422 -0.017687464132905006
v -0.027286430820822716 0.0020253269467502832 0.019221361726522446
v -0.027285905554890633 -0.0024120600428432226 0.019221363589167595
v -0.027266362681984901 -0.016158262267708778 0.011525978334248066
v -0.027266109362244606 0.015773167833685875 0.011526897549629211
v -0.027264988049864769 -0.01808556355535984 0.0073007042519748211
v -0.027264958247542381 0.017700223252177238 0.0073014805093407631
v -0.027251096442341805 0.0081251021474599838 0.01650320366024971
v -0.027248378843069077 -0.0085235480219125748 -0.017647292464971542
v -0.027247654274106026 0.012322207912802696 -0.016692766919732094
v -0.027241839095950127 -0.01271098293364048 -0.01669376902282238
v -0.027234969660639763 0.0051168408244848251 -0.018645305186510086
v -0.027230419218540192 -0.010087886825203896 -0.016914395615458488
v -0.027217069640755653 0.010086541995406151 -0.018164724111557007
v -0.027214743196964264 -0.010473409667611122 -0.018164696171879768
v -0.027190195396542549 0.0039698090404272079 -0.018930725753307343
v -0.027189258486032486 -0.0043554697185754776 -0.01893157884478569
v -0.027181882411241531 -0.0022769363131374121 0.018077118322253227
v -0.027173811569809914 0.018835520371794701 -0.0010000070324167609
v -0.027147267013788223 -0.00883486308157444 0.017780005931854248
v -0.027143973857164383 -0.015356997027993202 0.012820035219192505
v -0.027143554762005806 0.014971977099776268 0.012820987030863762
v -0.027134232223033905 0.0048034992069005966 -0.018800878897309303
v -0.027133531868457794 0.018165884539484978 0.0058170389384031296
v -0.027133489027619362 -0.018551329150795937 0.0058163003996014595
v -0.027132384479045868 0.004232039675116539 0.01900886744260788
v -0.027131330221891403 -0.0046186242252588272 0.019008876755833626
v -0.02711530402302742 -0.0051346365362405777 -0.018828267231583595
v -0.02711181528866291 -0.0088347289711236954 -0.019008796662092209
v -0.027091825380921364 -0.00088981713633984327 0.019433505833148956
v -0.027089864015579224 -0.00048390950541943312 -0.019405066967010498
v -0.027089476585388184 0.010446181520819664 0.016857972368597984
v -0.027087049558758736 -0.010832885280251503 0.016858028247952461
v -0.027086369693279266 9.6952666353899986e-05 -0.019400371238589287
v -0.027080558240413666 -0.0050294045358896255 -0.018879298120737076
v -0.027058878913521767 0.0042324122041463852 -0.02027161605656147
v -0.027057912200689316 -0.004618251696228981 -0.020271701738238335
v -0.027048898860812187 -0.0003739985404536128 -0.019430132582783699
v -0.027030693367123604 -0.00013246561866253614 -0.01944458857178688
v -0.027014760300517082 -0.0048331860452890396 -0.018973134458065033
v -0.026991317048668861 0.010806625708937645 0.016717227175831795
v -0.02698880061507225 -0.011193374171853065 0.016717273741960526
v -0.026964906603097916 -0.014478648081421852 0.01403848547488451
v -0.026964385062456131 0.014093702659010887 0.014039477333426476
v -0.026943005621433258 0.018535090610384941 0.0043128379620611668
v -0.026942919939756393 -0.018920639529824257 0.0043121455237269402
v -0.026918532326817513 0.0027819185052067041 -0.020592054352164268
v -0.026898007839918137 0.00010780071170302108 0.019555002450942993
v -0.026897914707660675 -0.0004945042310282588 0.019554998725652695
v -0.026891183108091354 0.011297112330794334 -0.017707550898194313
v -0.026885619387030602 -0.011685783043503761 -0.017708566039800644
v -0.026884449645876884 0.001179089886136353 0.018334286287426949
v -0.026879701763391495 0.010086527094244957 0.017198130488395691
v -0.026878189295530319 0.0096801724284887314 0.016047138720750809
v -0.026875453069806099 0.0064148064702749252 0.018654374405741692
v -0.026873869821429253 -0.0068012867122888565 0.018654400482773781
v -0.026859812438488007 -0.00040242995601147413 0.019577736034989357
v -0.026848331093788147 -0.0043537113815546036 -0.019195197150111198
v -0.02683565579354763 -0.010065952315926552 0.016076397150754929
v -0.026832489296793938 -0.00012239243369549513 0.01959402859210968
v -0.02681276947259903 0.0064151640981435776 -0.019922163337469101
v -0.026811294257640839 -0.0068009141832590103 -0.019922312349081039
v -0.026793709024786949 -0.0085084829479455948 0.016846170648932457
v -0.026781974360346794 -0.0028513760771602392 -0.020717153325676918
v -0.026763778179883957 0.017698748037219048 -0.0092898402363061905
v -0.026755530387163162 -0.018087038770318031 -0.0092904269695281982
v -0.026740439236164093 0.017140178009867668 -0.010745277628302574
v -0.026734594255685806 -0.013523155823349953 0.015170963481068611
v -0.026733880862593651 0.013138270005583763 0.015171979553997517
v -0.026732392609119415 -0.017528558149933815 -0.010745917446911335
v -0.026722962036728859 0.018164528533816338 -0.0078001925721764565
v -0.026714574545621872 -0.018552685156464577 -0.0078007220290601254
v -0.02670479379594326 0.018808586522936821 0.0027979272417724133
v -0.026704665273427963 -0.019194209948182106 0.002797276945784688
v -0.026653392240405083 0.010086556896567345 -0.01858256570994854
v -0.026653090491890907 0.016495442017912865 -0.012154950760304928
v -0.026645245030522346 -0.016883889213204384 -0.012155651114881039
v -0.026639916002750397 0.0081294383853673935 -0.018144495785236359
v -0.026637854054570198 0.0096908267587423325 -0.017416425049304962
v -0.026633752509951591 -0.01007709838449955 -0.017416466027498245
v -0.026624375954270363 0.018533861264586449 -0.0062872371636331081
v -0.026615848764777184 -0.018921861425042152 -0.006287712138146162
v -0.026606429368257523 -0.0085075739771127701 0.016978021711111069
v -0.026572505012154579 -0.00086400832515209913 0.018564090132713318
v -0.026566784828901291 0.010446419939398766 -0.018449805676937103
v -0.026564441621303558 -0.010832751169800758 -0.018449943512678146
v -0.026559280231595039 0.0031826554331928492 -0.019535508006811142
v -0.026534752920269966 0.0084482934325933456 0.018168827518820763
v -0.026514735072851181 0.010086646303534508 0.017432160675525665
v -0.026512397453188896 -0.010473215952515602 0.017432225868105888
v -0.026507575064897537 0.01577148400247097 -0.013507346622645855
v -0.026499958708882332 -0.016159946098923683 -0.013508095405995846
v -0.026487449184060097 0.0084482785314321518 -0.019444338977336884
v -0.026478830724954605 0.018807476386427879 -0.004760675597935915
v -0.02647562138736248 0.010806610807776451 -0.018308287486433983
v -0.026473134756088257 -0.011193389073014259 -0.018308239057660103
v -0.026470227167010307 -0.019195312634110451 -0.0047610979527235031
v -0.026465268805623055 -0.00019232358317822218 0.018638705834746361
v -0.026463599875569344 -0.00062830175738781691 0.01863567903637886
v -0.026459777727723122 -0.012490326538681984 0.016208410263061523
v -0.026459552347660065 -0.0088346246629953384 0.018212011083960533
v -0.026458906009793282 0.01210550032556057 0.016209444031119347
v -0.026432625949382782 0.018992884084582329 0.0012794575886800885
v -0.02643248438835144 -0.019378567114472389 0.0012788575841113925
v -0.026396682485938072 -0.00048346247058361769 0.01868010126054287
v -0.026394657790660858 9.4628085207659751e-05 0.018678931519389153
v -0.026372220367193222 -0.01047324575483799 -0.018772091716527939
v -0.026364309713244438 -0.00019245769362896681 -0.019916936755180359
v -0.02635330893099308 -0.00036715890746563673 0.018704233691096306
v -0.026337107643485069 -0.010507175698876381 0.017520703375339508
v -0.026334883645176888 -0.00013636972289532423 0.018715519458055496
v -0.026323685422539711 0.0096862372010946274 -0.017657270655035973
v -0.026322146877646446 0.014220243319869041 0.014380124397575855
v -0.026321491226553917 0.0018927959026768804 -0.019850971177220345
v -0.026320897042751312 -0.002278024097904563 -0.019851613789796829
v -0.026319185271859169 0.010128980502486229 0.017528379335999489
v -0.026316709816455841 -0.014655152335762978 0.014328105375170708
v -0.026306472718715668 0.014970263466238976 -0.014791540801525116
v -0.026299579069018364 0.018991878256201744 -0.0032285095658153296
v -0.026299087330698967 -0.015358710661530495 -0.014792341738939285
v -0.026298513635993004 -0.013646477833390236 0.015360023826360703
v -0.026296647265553474 0.013196608051657677 0.015420792624354362
v -0.026292288675904274 -0.0028924585785716772 -0.0198066346347332
v -0.026290932670235634 -0.019379565492272377 -0.0032288862857967615
v -0.026246434077620506 -0.0016736629186198115 -0.021139129996299744
v -0.026233268901705742 -0.0088348928838968277 -0.019604332745075226
v -0.026212634518742561 0.015191858634352684 0.013273746706545353
v -0.026208953931927681 -0.01557866670191288 0.013273640535771847
v -0.026196137070655823 0.0081200208514928818 0.017250508069992065
v -0.02619481086730957 -0.0085119549185037613 -0.018467916175723076
v -0.026167359203100204 -0.00019350077491253614 0.019944339990615845
v -0.026157882064580917 -0.012542853131890297 0.016360150650143623
v -0.026149127632379532 0.012090420350432396 0.016415752470493317
v -0.026147792115807533 -0.011380130425095558 0.017143871635198593
v -0.026146708056330681 0.010995363816618919 0.017144886776804924
v -0.026118723675608635 0.0020254610572010279 0.019869063049554825
v -0.026118196547031403 -0.002411925932392478 0.019869063049554825
v -0.026110175997018814 -0.010652536526322365 0.017576320096850395
v -0.026093881577253342 0.010284056887030602 0.017577435821294785
v -0.026070084422826767 0.0020258335862308741 -0.021181032061576843
v -0.026069600135087967 -0.0024115534033626318 -0.021181073039770126
v -0.026053408160805702 0.014091974124312401 -0.015996828675270081
v -0.026046251878142357 -0.014480376616120338 -0.015997674316167831
v -0.026036165654659271 -0.0022773535456508398 -0.020033635199069977
v -0.026022816076874733 -0.010060066357254982 0.016640454530715942
v -0.026019139215350151 0.0096739437431097031 0.01664547435939312
v -0.025999879464507103 0.019132686778903008 -0.00096438976470381021
v -0.025999715551733971 -0.019518384709954262 -0.00096413347637280822
v -0.025973448529839516 -0.0085057411342859268 0.017385844141244888
v -0.025972388684749603 0.0042321737855672836 0.019646007567644119
v -0.025971334427595139 -0.0046184901148080826 0.019646016880869865
v -0.025970203801989555 -0.01006280817091465 0.016672166064381599
v -0.025962701067328453 0.0017198232235386968 -0.020093141123652458
v -0.025942960754036903 -0.010877588763833046 0.017548799514770508
v -0.025939023122191429 -0.0020519138779491186 -0.020112179219722748
v -0.025935908779501915 0.010511061176657677 0.017543215304613113
v -0.02592909149825573 0.004232531413435936 -0.020959705114364624
v -0.025928126648068428 -0.0046181175857782364 -0.020959796383976936
v -0.025925859808921814 0.013037329539656639 0.014747356995940208
v -0.02591819129884243 -0.011414015665650368 0.017254995182156563
v -0.025891467928886414 -0.01101435162127018 0.017501415684819221
v -0.025889454409480095 -0.010081762447953224 0.016712261363863945
v -0.025887265801429749 0.010893901810050011 0.017352765426039696
v -0.025884749367833138 -0.01128041185438633 0.017352811992168427
v -0.02587580680847168 -0.011239746585488319 0.017381468787789345
v -0.02587350457906723 0.010752415284514427 0.017442362383008003
v -0.025873368605971336 0.01080668531358242 0.017411088570952415
v -0.025871461257338524 -0.011132458224892616 0.017445724457502365
v -0.02587091363966465 -0.011193240061402321 0.017411245033144951
v -0.025863749906420708 0.00050320301670581102 -0.021381108090281487
v -0.025854209437966347 -0.010066861286759377 -0.017986265942454338
v -0.025837980210781097 -0.0088344905525445938 0.018551947548985481
v -0.025823572650551796 -0.01279749907553196 0.01518557220697403
v -0.025818126276135445 0.0097265895456075668 0.016740994527935982
v -0.025813238695263863 0.0096803214401006699 -0.018016567453742027
v -0.025802787393331528 0.0097346063703298569 0.016745921224355698
v -0.025783702731132507 -0.010473126545548439 -0.0191375482827425
v -0.025783097371459007 -0.0155606959015131 0.013593816198408604
v -0.025776611641049385 0.0097496118396520615 0.016753587871789932
v -0.025762178003787994 -0.010143617168068886 0.016756918281316757
v -0.025757970288395882 0.01201983354985714 0.015455071814358234
v -0.025754360482096672 0.013136541470885277 -0.017113186419010162
v -0.025747489184141159 -0.013524869456887245 -0.017114054411649704
v -0.025728277862071991 0.006414925679564476 0.019273886457085609
v -0.025726724416017532 -0.0068011526018381119 0.019273912534117699
v -0.025724455714225769 0.0081227775663137436 -0.018781987950205803
v -0.025716861709952354 0.0084483381360769272 0.018613921478390694
v -0.025701249018311501 0.010446509346365929 -0.018998457118868828
v -0.025698909536004066 -0.010832646861672401 -0.018998600542545319
v -0.025693943724036217 0.0064152982085943222 -0.020590515807271004
v -0.025692502036690712 -0.0068007800728082657 -0.020590666681528091
v -0.0256627406924963 0.00010786031634779647 -0.021490840241312981
v -0.025662651285529137 -0.00049444462638348341 -0.021490849554538727
v -0.02562970295548439 -0.017472276464104652 0.010517559945583344
v -0.025628754869103432 0.017087196931242943 0.010518306866288185
v -0.025623446330428123 1.5920149962767027e-05 -0.021511215716600418
v -0.0256199911236763 0.0098788198083639145 0.016776660457253456
v -0.025612900033593178 0.010806715115904808 -0.01884966716170311
v -0.025610413402318954 -0.011193284764885902 -0.018849620595574379
v -0.025608792901039124 -0.01808246411383152 0.009089798666536808
v -0.025607945397496223 0.01769728772342205 0.0090905157849192619
v -0.025604231283068657 0.009896671399474144 0.016776183620095253
v -0.025595100596547127 -0.00026370014529675245 -0.021525897085666656
v -0.025588635355234146 -0.01677338220179081 0.011891132220625877
v -0.02558758482336998 0.016388406977057457 0.011891908943653107
v -0.025572715327143669 -0.010321060195565224 0.016774311661720276
v -0.025523610413074493 -0.018598133698105812 0.0076200515031814575
v -0.025522805750370026 0.018212852999567986 0.0076207257807254791
v -0.025503942742943764 0.01005098782479763 0.016749724745750427
v -0.025486927479505539 -0.015988657251000404 0.013198506087064743
v -0.025485746562480927 0.015603771433234215 0.013199308887124062
v -0.025473741814494133 0.010123854503035545 0.016726657748222351
v -0.025454770773649216 0.010458996519446373 0.016548553481698036
v -0.025452736765146255 -0.010579073801636696 0.01670275442302227
v -0.025452256202697754 -0.010837743058800697 0.016560666263103485
v -0.025442838668823242 0.010248666629195213 0.016674477607011795
v -0.02544272318482399 0.010404234752058983 0.0165864247828722
v -0.02544219046831131 0.0084484722465276718 0.018746482208371162
v -0.025440245866775513 -0.0088345799595117569 0.018746577203273773
v -0.02543829008936882 0.00010230218322249129 -0.021039098501205444
v -0.025416713207960129 0.012103786692023277 -0.018131976947188377
v -0.025415290147066116 0.01515822671353817 0.013850869610905647
v -0.025410093367099762 -0.012492025271058083 -0.018132863566279411
v -0.025407882407307625 0.010086691007018089 -0.019349096342921257
v -0.025405526161193848 -0.010473156347870827 -0.019349075853824615
v -0.025402721017599106 -0.008505428209900856 0.01770661398768425
v -0.025400698184967041 0.014268731698393822 -0.01623903214931488
v -0.025396199896931648 -0.014607587829232216 -0.016290538012981415
v -0.025383183732628822 0.0084483977407217026 -0.020085616037249565
v -0.025381246581673622 -0.0088345799595117569 -0.02008565329015255
v -0.025377243757247925 -0.019015783444046974 0.0061199730262160301
v -0.025376509875059128 0.018630390986800194 0.0061206165701150894
v -0.025356801226735115 0.015192395076155663 -0.015179912559688091
v -0.025355786085128784 0.0084413941949605942 0.018789250403642654
v -0.025353146716952324 -0.015579128637909889 -0.015179663896560669
v -0.02534211240708828 -0.010286280885338783 0.016921937465667725
v -0.025340301916003227 0.0099113639444112778 0.016917308792471886
v -0.025320200249552727 0.0132602509111166 -0.017267834395170212
v -0.025308402255177498 -0.013583609834313393 -0.017328167334198952
v -0.025296414270997047 -0.00019229378085583448 -0.020546495914459229
v -0.025257231667637825 -0.0087955836206674576 0.018845327198505402
v -0.025248048827052116 -0.0087911132723093033 0.01885114423930645
v -0.025227440521121025 0.01012069545686245 -0.019426975399255753
v -0.025213863700628281 -0.00048341776710003614 -0.020587339997291565
v -0.025213861837983131 9.6788753580767661e-05 -0.02058732882142067
v -0.025203574448823929 -0.010515773668885231 -0.019433701410889626
v -0.025184597820043564 0.014138763770461082 -0.015886956825852394
v -0.025178363546729088 -0.019335830584168434 0.0046001393347978592
v -0.025177726522088051 0.018950356170535088 0.0046007637865841389
v -0.025171661749482155 -1.3450038750306703e-05 -0.020609833300113678
v -0.025151317939162254 -0.00025402929168194532 -0.020620690658688545
v -0.025146966800093651 0.0083335097879171371 0.018923519179224968
v -0.025119353085756302 0.012157028540968895 -0.018257573246955872
v -0.025114493444561958 -0.0085067246109247208 -0.019140785560011864
v -0.025111973285675049 -0.0086851064115762711 0.018950778990983963
v -0.025101426988840103 -0.012477109208703041 -0.018312856554985046
v -0.025098351761698723 0.015144875273108482 0.014054556377232075
v -0.025070779025554657 -0.0086281541734933853 0.018989505246281624
v -0.025049513205885887 0.0081973876804113388 0.019015651196241379
v -0.025048105046153069 0.010993679985404015 -0.019046714529395103
v -0.025041822344064713 -0.011381814256310463 -0.019047584384679794
v -0.025039447471499443 0.0081199761480093002 0.017890788614749908
v -0.025037072598934174 -0.008505726233124733 0.017890209332108498
v -0.0250362828373909 0.0081626679748296738 0.019033869728446007
v -0.025034371763467789 -0.0085486117750406265 0.01903395913541317
v -0.025007272139191628 -0.0085053239017724991 0.017904611304402351
v -0.025006314739584923 0.018211720511317253 -0.0095026129856705666
v -0.025001773610711098 0.017696036025881767 -0.0109748225659132
v -0.024997474625706673 0.010266100987792015 -0.019468981772661209
v -0.02499706856906414 -0.018599266186356544 -0.0095030553638935089
v -0.024992693215608597 -0.018083700910210609 -0.010975304059684277
v -0.024975210428237915 -0.010671669617295265 -0.01946897991001606
v -0.024969058111310005 0.0096752997487783432 -0.018531849607825279
v -0.02496233768761158 -0.010060558095574379 -0.018531696870923042
v -0.024951586499810219 0.018629377707839012 -0.0079964203760027885
v -0.024942263960838318 -0.019016796723008156 -0.0079968106001615524
v -0.024941898882389069 0.0081086661666631699 0.017940988764166832
v -0.024939307942986488 -0.019563222303986549 0.0030697132460772991
v -0.024938713759183884 0.019177680835127831 0.0030702988151460886
v -0.024935618042945862 0.0170858483761549 -0.012401205487549305
v -0.024934690445661545 -0.00019336666446179152 0.020472802221775055
v -0.024926731362938881 -0.017473617568612099 -0.012401721440255642
v -0.02492031455039978 0.0078504886478185654 0.019191853702068329
v -0.024913815781474113 -0.00019299413543194532 -0.02183518186211586
v -0.024910243228077888 0.015174156054854393 -0.015475930646061897
v -0.024907974526286125 0.0096779968589544296 -0.018561873584985733
v -0.024898514151573181 -0.01301809586584568 -0.016914647072553635
v -0.024889141321182251 0.0020256100688129663 0.020394636318087578
v -0.024888616055250168 -0.0024117918219417334 0.020394638180732727
v -0.024869725108146667 0.0020259676966816187 -0.021757122129201889
v -0.024869242683053017 -0.0024114192929118872 -0.021757170557975769
v -0.024862851947546005 -0.0084651652723550797 0.017987461760640144
v -0.024848928675055504 -0.012182006612420082 0.016112102195620537
v -0.024846622720360756 0.011802917346358299 0.01610490120947361
v -0.024845657870173454 0.018949462100863457 -0.0064673093147575855
v -0.024836234748363495 -0.019336724653840065 -0.0064676692709326744
v -0.024832349270582199 0.010491048917174339 -0.019431589171290398
v -0.02483188733458519 0.012301286682486534 -0.017138473689556122
v -0.02482946403324604 0.0096961911767721176 -0.018594404682517052
v -0.024825764819979668 0.011028369888663292 -0.019136663526296616
v -0.024819992482662201 -0.010899120941758156 -0.019424917176365852
v -0.024810884147882462 0.016386991366744041 -0.013769719749689102
v -0.024802196770906448 -0.016774797812104225 -0.01377028226852417
v -0.02478623203933239 0.010894140228629112 -0.019232789054512978
v -0.02478371374309063 -0.01128053106367588 -0.019232738763093948
v -0.024780344218015671 -0.010100165382027626 -0.01860988512635231
v -0.024775568395853043 0.010853460058569908 -0.019260872155427933
v -0.024775486439466476 -0.012431973591446877 -0.017317861318588257
v -0.024773048236966133 -0.01123986579477787 -0.019260818138718605
v -0.024771235883235931 0.0080132540315389633 0.018055010586977005
v -0.024768739938735962 0.010806804522871971 -0.019289970397949219
v -0.024767192080616951 0.010746022686362267 -0.019324412569403648
v -0.024766223505139351 -0.011193195357918739 -0.019289931282401085
v -0.024765010923147202 -0.011176044121384621 -0.019300082698464394
v -0.024752093479037285 0.0042323078960180283 0.020163048058748245
v -0.02475103922188282 -0.004618356004357338 0.020163057371973991
v -0.024736898019909859 0.0042326655238866806 -0.02152574248611927
v -0.024735935032367706 -0.0046179834753274918 -0.021525837481021881
v -0.024733731523156166 -0.019741663709282875 -0.00092593568842858076
v -0.024700229987502098 0.019176898524165154 -0.0049251746386289597
v -0.024699483066797256 -0.0083123538643121719 0.018117707222700119
v -0.024693680927157402 0.0097613092511892319 -0.018631830811500549
v -0.024690793827176094 -0.019563997164368629 -0.0049254912883043289
v -0.024682667106389999 0.0080009456723928452 0.018098680302500725
v -0.024680586531758308 -0.008386978879570961 0.018098374828696251
v -0.024674028158187866 -0.019707882776856422 0.0015360604738816619
v -0.024673530831933022 0.019322304055094719 0.0015366266015917063
v -0.024666205048561096 0.0078481640666723251 0.01816168986260891
v -0.024664627388119698 -0.0082350913435220718 0.018161021173000336
v -0.024642026051878929 -0.015321860089898109 0.014557310380041599
v -0.024640288203954697 0.015125995501875877 0.014325260184705257
v -0.024636637419462204 -0.015512505546212196 0.01432504691183567
v -0.024629605934023857 0.015602296218276024 -0.01506846584379673
v -0.02462133951485157 0.0081199463456869125 -0.019399115815758705
v -0.024621143937110901 -0.015990117564797401 -0.015069062821567059
v -0.024619096890091896 -0.0085058752447366714 -0.019398726522922516
v -0.024617403745651245 0.014209410175681114 0.015386664308607578
v -0.024598833173513412 -0.014436805620789528 0.015557180158793926
v -0.024571821093559265 -0.010245407000184059 -0.018643787130713463
v -0.024545621126890182 -0.0088344160467386246 -0.020478313788771629
v -0.024528827518224716 0.019321611151099205 -0.0033782306127250195
v -0.024523478001356125 0.0064150746911764145 0.019776705652475357
v -0.024521922692656517 -0.0068010184913873672 0.019776739180088043
v -0.024519382044672966 -0.019708583131432533 -0.0033785151317715645
v -0.024515355005860329 0.006415417417883873 -0.021139774471521378
v -0.024513915181159973 -0.0068006459623575211 -0.021139932796359062
v -0.024511128664016724 -0.015544408932328224 -0.015715405344963074
v -0.024504844099283218 0.0099397804588079453 -0.018634935840964317
v -0.024477019906044006 0.013210361823439598 0.01639830693602562
v -0.024450220167636871 -0.013474443927407265 0.016512585803866386
v -0.024449585005640984 0.010030975565314293 -0.018614228814840317
v -0.024430612102150917 -0.0075941476970911026 0.018476234748959541
v -0.024426320567727089 -0.010466406121850014 -0.018601547926664352
v -0.024407817050814629 0.010481646284461021 -0.018389668315649033
v -0.02440318837761879 0.010461574420332909 -0.018404465168714523
v -0.024399448186159134 -0.01083848811686039 -0.018414979800581932
v -0.024390637874603271 0.010201593860983849 -0.018551772460341454
v -0.024387331679463387 0.010398795828223228 -0.018445644527673721
v -0.024380551651120186 -0.010742584243416786 -0.018476258963346481
v -0.024380464106798172 -0.010655248537659645 -0.018523475155234337
v -0.024374913424253464 0.019404364749789238 -0.00091490760678425431
v -0.024362629279494286 -0.014056334272027016 0.015288215130567551
v -0.024357190355658531 -0.014029735699295998 0.015305874869227409
v -0.024298638105392456 -0.010279694572091103 0.017428178340196609
v -0.024297270923852921 0.0099051948636770248 0.01742294616997242
v -0.02429049089550972 -0.0066644344478845596 0.019894042983651161
v -0.024277869611978531 -0.010285669937729836 -0.018766617402434349
v -0.024276342242956161 0.0099107977002859116 -0.018761876970529556
v -0.024260992184281349 0.0084485318511724472 -0.020596502348780632
v -0.024259019643068314 -0.0088345203548669815 -0.020596526563167572
v -0.02424052357673645 0.012178128585219383 0.0173041932284832
v -0.024195287376642227 -0.015531385317444801 -0.015892595052719116
v -0.02419007197022438 -0.012387672439217567 0.017446199432015419
v -0.024166962131857872 -0.0088266376405954361 -0.020635755732655525
v -0.024153489619493484 0.01269095204770565 0.015934983268380165
v -0.024144755676388741 0.005934080109000206 0.020028615370392799
v -0.024099476635456085 0.0063503887504339218 0.018854415044188499
v -0.024083791300654411 -0.0086701605468988419 -0.020157080143690109
v -0.024065723642706871 0.0084057208150625229 -0.020688410848379135
v -0.023991962894797325 -0.0059720966964960098 0.020157741382718086
v -0.023974800482392311 -0.0064309928566217422 0.018978025764226913
v -0.023957077413797379 -0.0087200645357370377 -0.020754650235176086
v -0.023938698694109917 0.011795273050665855 0.016527935862541199
v -0.023935521021485329 -0.012174913659691811 0.01653842069208622
v -0.023931294679641724 0.008307015523314476 -0.020774688571691513
v -0.023912673816084862 0.011061808094382286 0.018142584711313248
v -0.023910833522677422 0.0081200208514928818 -0.019718024879693985
v -0.023908589035272598 -0.0085058007389307022 -0.019717620685696602
v -0.023888153955340385 0.0081200506538152695 -0.019727248698472977
v -0.023882759734988213 -0.011968726292252541 0.016675582155585289
v -0.023882618173956871 0.0082445051521062851 -0.0208149254322052
v -0.023856302723288536 0.0057550277560949326 0.019090244546532631
v -0.023855647072196007 -0.0085849706083536148 -0.020840169861912727
v -0.023849464952945709 0.0060081388801336288 0.019030200317502022
v -0.023848479613661766 -0.0063922498375177383 0.019030630588531494
v -0.023842679336667061 0.0081627275794744492 -0.02085835300385952
v -0.023840770125389099 -0.0085485521703958511 -0.020858384668827057
v -0.023833859711885452 -0.012181246653199196 -0.017929261550307274
v -0.023831980302929878 0.011802216991782188 -0.017921904101967812
v -0.023830229416489601 0.010807221755385399 0.018315084278583527
v -0.023827586323022842 -0.011193016543984413 0.018314693123102188
v -0.023826045915484428 -0.017882252112030983 0.01077620405703783
v -0.023824309930205345 0.017497239634394646 0.010776775889098644
v -0.023820159956812859 -0.011730978265404701 0.016833903267979622
v -0.023806484416127205 -0.0084943268448114395 -0.019763005897402763
v -0.023800753057003021 -0.017212683334946632 0.012157361023128033
v -0.023798918351531029 0.016827797517180443 0.012157951481640339
v -0.023791979998350143 -0.018456438556313515 0.0093406662344932556
v -0.02379034087061882 0.018071314319968224 0.0093412222340703011
v -0.023755833506584167 0.010583808645606041 0.018460264429450035
v -0.023753376677632332 -0.010969782248139381 0.018460312858223915
v -0.023748958483338356 -0.0054290536791086197 0.020346317440271378
v -0.023723721504211426 0.015125786885619164 -0.016136860474944115
v -0.023720048367977142 -0.015512192621827126 -0.016136545687913895
v -0.023718951269984245 0.0080734547227621078 -0.01981155201792717
v -0.023718507960438728 0.015001704916357994 -0.016288785263895988
v -0.023717246949672699 -0.016449535265564919 0.01347081083804369
v -0.023715289309620857 0.016064738854765892 0.013471405953168869
v -0.023698637261986732 -0.01893126405775547 0.0078630819916725159
v -0.023697094991803169 0.018546028062701225 0.0078636258840560913
v -0.023685622960329056 -0.0057387594133615494 0.019238326698541641
v -0.023679347708821297 0.010358979925513268 0.018602155148983002
v -0.023676922544836998 -0.01074492372572422 0.018602203577756882
v -0.023668251931667328 -0.00019321765284985304 0.020883297547698021
v -0.023664845153689384 -0.00019284512382000685 -0.02228655107319355
v -0.023632675409317017 -0.0083997789770364761 -0.019865093752741814
v -0.023632489144802094 -0.014593059197068214 -0.017197631299495697
v -0.023631146177649498 -0.010650599375367165 0.018664661794900894
v -0.023626936599612236 0.010656973347067833 0.017276592552661896
v -0.023626146838068962 0.002025744179263711 0.020802959799766541
v -0.023625621572136879 -0.0024116428103297949 0.02080296166241169
v -0.023623879998922348 0.0020261167082935572 -0.022205820307135582
v -0.023623399436473846 -0.0024112851824611425 -0.022205866873264313
v -0.023622356355190277 0.014120509847998619 -0.017290160059928894
v -0.02357974462211132 -0.015594163909554482 0.014703216962516308
v -0.023577667772769928 0.01020047627389431 0.018714491277933121
v -0.023577660322189331 0.015209456905722618 0.014703815802931786
v -0.02356695756316185 0.0079998727887868881 0.018521495163440704
v -0.023565199226140976 0.0079327132552862167 -0.019920652732253075
v -0.023564925417304039 -0.0083856526762247086 0.018521126359701157
v -0.023550737649202347 -0.019306028261780739 0.006355011835694313
v -0.023549322038888931 0.018920702859759331 0.0063555515371263027
v -0.023547187447547913 0.0080004241317510605 -0.019902920350432396
v -0.023545097559690475 -0.0083863977342844009 -0.019902519881725311
v -0.023523615673184395 0.0078472252935171127 -0.019966190680861473
v -0.023522093892097473 -0.0082340184599161148 -0.019965492188930511
v -0.023500442504882812 0.0042328145354986191 -0.021966567263007164
v -0.02349947951734066 -0.0046178493648767471 -0.021966667845845222
v -0.023499391973018646 0.0042324569076299667 0.020565003156661987
v -0.023498337715864182 -0.0046182069927453995 0.020565014332532883
v -0.023492306470870972 -0.0052924398332834244 0.019392009824514389
v -0.02347831055521965 0.010223334655165672 0.0187348872423172
v -0.023473914712667465 -0.0052505973726511002 0.019405856728553772
v -0.023458704352378845 -0.010509857907891273 0.018788918852806091
v -0.023439992219209671 0.013874253258109093 -0.016947928816080093
v -0.023438185453414917 0.0047821756452322006 0.01943231001496315
v -0.023430041968822479 -0.013584131374955177 -0.018207421526312828
v -0.023419272154569626 0.010107895359396935 0.018809642642736435
v -0.023410864174365997 0.013107946142554283 -0.01829049177467823
v -0.023399434983730316 0.0099358316510915756 0.017743499949574471
v -0.023395378142595291 -0.014648476615548134 0.015842413529753685
v -0.023394664749503136 -0.010313162580132484 0.017749795690178871
v -0.023393141105771065 0.01426384411752224 0.015843009576201439
v -0.023390881717205048 -0.0074316207319498062 -0.02136559784412384
v -0.02338835597038269 0.013661211356520653 -0.017086166888475418
v -0.023376001045107841 0.010096197947859764 0.018828591331839561
v -0.023362128064036369 -0.01024080254137516 0.017796579748392105
v -0.023357490077614784 -0.019584620371460915 0.0048271077685058117
v -0.023356139659881592 0.019199205562472343 0.0048276274465024471
v -0.023348230868577957 -0.013263875618577003 -0.01849755272269249
v -0.023339452221989632 -0.0077524427324533463 -0.020192105323076248
v -0.023295380175113678 0.006817227229475975 -0.021459924057126045
v -0.023294562473893166 0.0064155664294958115 -0.021567465737462044
v -0.023294473066926003 0.0097718443721532822 0.017860224470496178
v -0.023293094709515572 -0.0068005118519067764 -0.021567638963460922
v -0.023275364190340042 0.010087018832564354 0.018863460049033165
v -0.023273026570677757 -0.010472843423485756 0.018863525241613388
v -0.02320735901594162 -0.010100150480866432 0.017915066331624985
v -0.023203810676932335 -0.010279024019837379 -0.019211035221815109
v -0.023202741518616676 0.0099045839160680771 -0.019205713644623756
v -0.02317315898835659 0.01807042770087719 -0.011114656925201416
v -0.023172780871391296 -0.013614902272820473 0.016878312453627586
v -0.023170419037342072 0.013230344280600548 0.016878912225365639
v -0.023169990628957748 0.018545253202319145 -0.0096341352909803391
v -0.023163154721260071 -0.018457317724823952 -0.011114929802715778
v -0.02315988764166832 -0.018932024016976357 -0.009634384885430336
v -0.023149399086833 -0.004153931513428688 0.020729102194309235
v -0.023130707442760468 -0.019775176420807838 0.0032886378467082977
v -0.023129453882575035 0.019389709457755089 0.0032891491428017616
v -0.023121241480112076 -0.012482026591897011 -0.019149700179696083
v -0.023119663819670677 0.017496241256594658 -0.012549597769975662
v -0.023115653544664383 0.0096805300563573837 0.017961354926228523
v -0.023114265874028206 0.018920047208666801 -0.008119865320622921
v -0.023109819740056992 -0.017883235588669777 -0.012549888342618942
v -0.023104066029191017 -0.019306683912873268 -0.0081201037392020226
v -0.023095840588212013 0.012006079778075218 -0.019219880923628807
v -0.02307591401040554 -0.012841785326600075 -0.017870886251330376
v -0.023066697642207146 0.0035974739585071802 0.020774248987436295
v -0.023057430982589722 -0.010057324543595314 0.017981713637709618
v -0.023031756281852722 0.0096707697957754135 0.017991706728935242
v -0.02302982285618782 -0.010056192055344582 0.017990531399846077
v -0.023014398291707039 0.019198669120669365 -0.0065830382518470287
v -0.023010218515992165 0.016826709732413292 -0.013926655985414982
v -0.023004163056612015 -0.019585156813263893 -0.0065832589752972126
v -0.023000564426183701 -0.017213771119713783 -0.013926967978477478
v -0.022959223017096519 0.0064209457486867905 -0.020591825246810913
v -0.022938041016459465 -0.0063942912966012955 -0.021768854930996895
v -0.02292083203792572 -0.012496242299675941 0.017803965136408806
v -0.022918349131941795 0.012111758813261986 0.017804563045501709
v -0.02291322685778141 -0.011192912235856056 0.018600625917315483
v -0.02290920726954937 -0.0040143523365259171 0.019772961735725403
v -0.022894240915775299 0.011795973405241966 -0.018292814493179321
v -0.022889966145157814 -0.012174064293503761 -0.018303301185369492
v -0.022883361205458641 -0.019890004768967628 0.0017471573082730174
v -0.02288220077753067 0.019504500553011894 0.0017476601060479879
v -0.022881707176566124 0.01938926987349987 -0.0050336285494267941
v -0.022871498018503189 -0.019775623455643654 -0.0050338306464254856
v -0.022856982424855232 0.0039635356515645981 0.019733818247914314
v -0.022856084629893303 -0.0043482128530740738 0.019734945148229599
v -0.022846754640340805 0.016063591465353966 -0.015232578851282597
v -0.022837322205305099 -0.016450697556138039 -0.015232909470796585
v -0.022832157090306282 0.01158294640481472 -0.018429722636938095
v -0.022831236943602562 0.0034638701472431421 0.019814977422356606
v -0.022812686860561371 0.003085350850597024 0.020900862291455269
v -0.022761575877666473 0.011346733197569847 -0.01858130656182766
v -0.022742453962564468 -0.011355290189385414 -0.019961852580308914
v -0.022736614570021629 0.0032669513020664454 0.019864434376358986
v -0.022728666663169861 0.019504135474562645 -0.0034799545537680387
v -0.022718485444784164 -0.019890362396836281 -0.0034801450092345476
v -0.022710938006639481 -0.0058990065008401871 -0.021939773112535477
v -0.022686559706926346 0.010807042941451073 -0.020067693665623665
v -0.022684045135974884 -0.011192956939339638 -0.020067654550075531
v -0.022683277726173401 0.0054516550153493881 -0.021960178390145302
v -0.022674417123198509 -0.0061452481895685196 -0.020839221775531769
v -0.022667843848466873 0.0060097184032201767 0.019368315115571022
v -0.022666797041893005 -0.0063935611397027969 0.019368743523955345
v -0.022656150162220001 0.0060077216476202011 -0.020784219726920128
v -0.022655447944998741 -0.008200937882065773 0.019928077235817909
v -0.022655114531517029 -0.0063917580991983414 -0.020784610882401466
v -0.022647140547633171 -0.01129559613764286 0.018616454675793648
v -0.022644476965069771 0.01091117225587368 0.018617032095789909
v -0.022643934935331345 0.0076640453189611435 0.01997922919690609
v -0.022634873166680336 -0.008332008495926857 0.019890433177351952
v -0.022634321823716164 0.015208249911665916 -0.016454322263598442
v -0.022633953019976616 0.010807132348418236 0.018676681444048882
v -0.022631397470831871 0.0079656895250082016 0.019885336980223656
v -0.022625140845775604 -0.015595356002449989 -0.016454664990305901
v -0.022617857903242111 0.0075870361179113388 0.020009355619549751
v -0.022616093978285789 -0.0079722944647073746 0.020009478554129601
v -0.022604804486036301 0.010583853349089622 -0.020208386704325676
v -0.022602353245019913 -0.010969722643494606 -0.020208356902003288
v -0.02259497158229351 -0.0084429327398538589 0.019863199442625046
v -0.022551810368895531 -0.011072957888245583 -0.019010221585631371
v -0.022534262388944626 -0.0085483286529779434 0.019841993227601051
v -0.022520989179611206 0.010359039530158043 -0.020345201715826988
v -0.022518599405884743 -0.010744879022240639 -0.020345171913504601
v -0.022511625662446022 0.0081955697387456894 0.019836524501442909
v -0.022482452914118767 0.0082295890897512436 0.019831659272313118
v -0.022471360862255096 0.010263910517096519 -0.020405257120728493
v -0.022453092038631439 -0.019958892837166786 -0.00085662002675235271
v -0.022451909258961678 0.019573410972952843 -0.00085603469051420689
v -0.022447697818279266 -0.019959175959229469 -0.00085645710350945592
v -0.022434575483202934 0.0074648167937994003 0.019018601626157761
v -0.022429974749684334 -0.0079361144453287125 0.018991734832525253
v -0.022421276196837425 0.0076155718415975571 0.018973320722579956
v -0.022411961108446121 0.0073376502841711044 0.019063830375671387
v -0.022411104291677475 -0.01058625616133213 -0.02045113779604435
v -0.022407114505767822 -0.0026780010666698217 0.021071728318929672
v -0.022405005991458893 0.0080009307712316513 0.018847739323973656
v -0.022404316812753677 0.0079993214458227158 -0.020259721204638481
v -0.022403484210371971 -0.0086873415857553482 0.019824491813778877
v -0.022403046488761902 -0.0083864424377679825 0.018847336992621422
v -0.022402307018637657 -0.0083850417286157608 -0.020259268581867218
v -0.022399201989173889 0.0073039885610342026 0.019077209755778313
v -0.02239903062582016 -0.010575884953141212 -0.02045924961566925
v -0.022397695109248161 -0.0076898578554391861 0.01907707192003727
v -0.022384382784366608 -0.00019306864123791456 0.021188845857977867
v -0.022380726411938667 0.014262622222304344 -0.017580181360244751
v -0.022376127541065216 -0.00019271101336926222 -0.022620653733611107
v -0.02237185463309288 -0.014649698510766029 -0.017580527812242508
v -0.022345913574099541 0.0020258931908756495 0.021106993779540062
v -0.022345386445522308 -0.0024114937987178564 0.021106995642185211
v -0.02233869768679142 0.0020262508187443018 -0.022537946701049805
v -0.022338187322020531 -0.0024111361708492041 -0.022538002580404282
v -0.02233467809855938 -0.0082080159336328506 0.018924521282315254
v -0.022334616631269455 -0.010055670514702797 0.018180537968873978
v -0.022319139912724495 0.0049674864858388901 -0.021101932972669601
v -0.02230093814432621 0.01012747548520565 -0.020514676347374916
v -0.022299254313111305 -0.0027689279522746801 0.020063383504748344
v -0.022295672446489334 0.0078802313655614853 0.01891484297811985
v -0.022293176501989365 0.010124018415808678 -0.02051825262606144
v -0.022291155532002449 0.0099312867969274521 -0.019473262131214142
v -0.022285794839262962 -0.010308662429451942 -0.019479257985949516
v -0.022245367988944054 0.0098407771438360214 -0.019530434161424637
v -0.02224252000451088 0.0084008332341909409 0.019826255738735199
v -0.022225759923458099 0.0042329486459493637 -0.022292947396636009
v -0.022224798798561096 -0.0046177003532648087 -0.022293051704764366
v -0.02220478467643261 -0.010482216253876686 -0.020552400499582291
v -0.022199742496013641 0.010446658357977867 -0.020383285358548164
v -0.022197330370545387 -0.010832810774445534 -0.020383056253194809
v -0.022180911153554916 -0.010158637538552284 -0.019579688087105751
v -0.02217656746506691 -0.0025280953850597143 0.020110677927732468
v -0.022127389907836914 0.010807102546095848 -0.020213844254612923
v -0.022125449031591415 -0.0088230464607477188 0.019838253036141396
v -0.022124961018562317 -0.011192897334694862 -0.020213780924677849
v -0.022119781002402306 -0.0084183905273675919 0.018901372328400612
v -0.022113675251603127 0.0096702035516500473 0.018234727904200554
v -0.022111034020781517 -0.010055491700768471 0.018234213814139366
v -0.022103536874055862 0.010087063536047935 -0.020581535995006561
v -0.022101212292909622 -0.010472783818840981 -0.020581513643264771
v -0.022095294669270515 0.013229107484221458 -0.018600612878799438
v -0.02208673395216465 -0.013616124168038368 -0.018600963056087494
v -0.022079639136791229 0.0097074564546346664 -0.019637817516922951
v -0.022055532783269882 0.0080687757581472397 0.018904039636254311
v -0.022051148116588593 -0.0045324657112360001 -0.022342585027217865
v -0.022041222080588341 -0.0045125726610422134 -0.022347729653120041
v -0.022031983360648155 -0.0066335294395685196 0.020501904189586639
v -0.022013323381543159 0.0084488596767187119 0.019858188927173615
v -0.022012816742062569 0.0040687080472707748 -0.022362755611538887
v -0.022011376917362213 -0.008834177628159523 0.019858298823237419
v -0.02200806513428688 0.0061929579824209213 0.020520089194178581
v -0.021997876465320587 -0.010264376178383827 -0.020140180364251137
v -0.021987998858094215 -0.0084799472242593765 0.018908753991127014
v -0.021984871476888657 -0.010063493624329567 -0.019673841074109077
v -0.02197275310754776 0.0017488059820607305 0.020181205123662949
v -0.021957246586680412 -0.018140370026230812 0.010951164178550243
v -0.021954761818051338 0.01775541715323925 0.010951535776257515
v -0.021942805498838425 -0.017501408234238625 0.01233377493917942
v -0.021940229460597038 0.017116574570536613 0.012334144674241543
v -0.021917616948485374 -0.018679464235901833 0.0095140496268868446
v -0.021915256977081299 0.018294399604201317 0.0095144249498844147
v -0.021896122023463249 0.0096707995980978012 -0.01970008946955204
v -0.021894454956054688 -0.010055983439087868 -0.019698869436979294
v -0.021881584078073502 -0.0085037741810083389 0.018923023715615273
v -0.021879797801375389 -0.0064831916242837906 0.019520465284585953
v -0.021875513717532158 -0.016762489452958107 0.013647633604705334
v -0.021872784942388535 0.016377782449126244 0.013647999614477158
v -0.021840054541826248 -0.0063949618488550186 0.019549697637557983
v -0.021829688921570778 0.010087182745337486 0.01922605000436306
v -0.021829212084412575 0.008121764287352562 0.018933737650513649
v -0.021827355027198792 -0.010472679510712624 0.019226100295782089
v -0.021827083081007004 -0.0085068736225366592 0.018933271989226341
v -0.021825216710567474 -0.019117230549454689 0.0080351829528808594
v -0.02182297594845295 0.018732054159045219 0.0080355722457170486
v -0.021808736026287079 -0.0040517840534448624 -0.022461259737610817
v -0.021791495382785797 0.0011364129604771733 0.021267551928758621
v -0.021787229925394058 0.012110522016882896 -0.019509207457304001
v -0.02177903801202774 -0.012497464194893837 -0.019509550184011459
v -0.021760119125247002 0.010447269305586815 0.019066106528043747
v -0.021759530529379845 -0.015924477949738503 0.01487914752215147
v -0.021757816895842552 -0.010832304134964943 0.019066382199525833
v -0.021756678819656372 0.015539860352873802 0.014879504218697548
v -0.021721210330724716 -0.0038807631935924292 -0.022500667721033096
v -0.021709024906158447 0.0057197269052267075 0.019642828032374382
v -0.02168688178062439 0.010807236656546593 0.018895616754889488
v -0.021685510873794556 -0.019455650821328163 0.0065262210555374622
v -0.021684367209672928 -0.011192763224244118 0.018895650282502174
v -0.021683391183614731 0.019070377573370934 0.006526620127260685
v -0.021668726578354836 0.0036095588002353907 -0.021472446620464325
v -0.021628908812999725 -0.0039159897714853287 -0.021491935476660728
v -0.021618349477648735 0.003963252529501915 -0.021428463980555534
v -0.021617352962493896 -0.0043478552252054214 -0.021429551765322685
v -0.021615423262119293 0.0053566005080938339 0.020776158198714256
v -0.021601574495434761 -0.014989862218499184 0.01601642370223999
v -0.021598629653453827 0.014605334028601646 0.016016785055398941
v -0.021598000079393387 -0.0057078246027231216 0.020785829052329063
v -0.021571444347500801 0.0054466333240270615 0.020765453577041626
v -0.021570172160863876 -0.0058314595371484756 0.020765582099556923
v -0.021558657288551331 0.0096702929586172104 0.018355071544647217
v -0.021531473845243454 -0.0010496767936274409 0.021329674869775772
v -0.021507477387785912 -0.019701147451996803 0.0049977530725300312
v -0.021505476906895638 0.019315807148814201 0.0049981665797531605
v -0.021464301273226738 0.010909965261816978 -0.020303526893258095
v -0.021462544798851013 -0.0011824610410258174 0.020323783159255981
v -0.021456507965922356 -0.011296818032860756 -0.020303860306739807
v -0.021451197564601898 0.0060092862695455551 -0.021052347496151924
v -0.0214501041918993 -0.0063930694013834 -0.021052749827504158
v -0.021447502076625824 0.0051618423312902451 0.019809920340776443
v -0.021435577422380447 0.0068316515535116196 0.020464498549699783
v -0.021433992311358452 -0.0072164926677942276 0.020464640110731125
v -0.021430922672152519 -0.0055143926292657852 0.019819559529423714
v -0.021415656432509422 0.007812967523932457 -0.021609051153063774
v -0.021409738808870316 -0.013962248340249062 0.01704988069832325
v -0.021406672894954681 0.013577809557318687 0.017050230875611305
v -0.021402161568403244 -0.0080706719309091568 -0.021651165559887886
v -0.021398391574621201 0.0079419668763875961 -0.021570757031440735
v -0.021384749561548233 -0.0083695743232965469 -0.021559102460741997
v -0.021370425820350647 0.0075870957225561142 -0.021687250584363937
v -0.021368648856878281 -0.0079722348600625992 -0.021687312051653862
v -0.021363692358136177 -0.0033902765717357397 -0.021606860682368279
v -0.021351968869566917 0.0080718602985143661 -0.021536383777856827
v -0.021302064880728722 -0.019864002242684364 0.003458930179476738
v -0.021300185471773148 0.019478624686598778 0.0034593571908771992
v -0.021297920495271683 -0.0050935391336679459 0.020950794219970703
v -0.021291770040988922 0.018293885514140129 -0.011173653416335583
v -0.021289626136422157 0.018731651827692986 -0.0096919173374772072
v -0.021280929446220398 -0.018679985776543617 -0.01117369718849659
v -0.021280182525515556 0.010807281360030174 0.018974035978317261
v -0.02127872034907341 -0.019117632880806923 -0.009691951796412468
v -0.021269127726554871 0.0081946607679128647 0.020085593685507774
v -0.021267212927341461 -0.0085797552019357681 0.020085697993636131
v -0.021248267963528633 0.007528236135840416 -0.020667599514126778
v -0.021243717521429062 0.017754783853888512 -0.012610501609742641
v -0.021242110058665276 0.019070087000727654 -0.0081772487610578537
v -0.021236719563603401 -0.0077821407467126846 -0.020710494369268417
v -0.021233031526207924 -0.018140995875000954 -0.012610542587935925
v -0.021232180297374725 0.0076386090368032455 -0.020635133609175682
v -0.021231144666671753 -0.019455933943390846 -0.0081772962585091591
v -0.0212290920317173 0.004568418487906456 0.020985908806324005
v -0.021228251978754997 -0.0086303446441888809 -0.021499233320355415
v -0.021219698712229729 0.0080003943294286728 -0.020517066121101379
v -0.021219583228230476 0.00010845636279555038 0.021389726549386978
v -0.021219519898295403 -0.0004938485799357295 0.021389732137322426
v -0.021217770874500275 -0.0083858314901590347 -0.02051657997071743
v -0.02121773362159729 -0.0080686751753091812 -0.020622920244932175
v -0.0212131068110466 0.010087257251143456 0.019343828782439232
v -0.021211124956607819 -0.010472605004906654 0.019343836233019829
v -0.021207362413406372 -0.020001465454697609 -0.00081831862917169929
v -0.021205903962254524 0.0072994884103536606 -0.020745990797877312
v -0.021204482764005661 -0.0076852831989526749 -0.020745772868394852
v -0.021193129941821098 0.0024876652751117945 -0.022703349590301514
v -0.021192261949181557 -0.012845778837800026 0.017972750589251518
v -0.021189073100686073 0.012461414560675621 0.017973106354475021
v -0.02117522805929184 1.4087307135923766e-05 0.021397160366177559
v -0.021164305508136749 -0.011192703619599342 0.018994458019733429
v -0.021161792799830437 0.0078111793845891953 -0.020590910688042641
v -0.021158678457140923 0.0083087887614965439 -0.021489376202225685
v -0.021157462149858475 0.019315613433718681 -0.0066407895646989346
v -0.021146530285477638 -0.019701326265931129 -0.0066408393904566765
v -0.021145058795809746 0.017115836963057518 -0.013989665545523167
v -0.021144706755876541 -0.00026286568026989698 0.021402318030595779
v -0.021143205463886261 0.0070909168571233749 -0.021869821473956108
v -0.021134529262781143 -0.017502138391137123 -0.013989715836942196
v -0.021125113591551781 -0.0087172333151102066 -0.021486634388566017
v -0.02108067087829113 -0.019957819953560829 0.0019170761806890368
v -0.021078880876302719 0.019572434946894646 0.0019175091292709112
v -0.021072512492537498 9.8263968538958579e-05 0.020400967448949814
v -0.021072067320346832 -0.00048300053458660841 0.0204011220484972
v -0.021067613735795021 0.019618077203631401 -0.00081410957500338554
v -0.021065635606646538 -0.0083173159509897232 -0.020566318184137344
v -0.02105647511780262 -0.00019256200175732374 -0.022852594032883644
v -0.021046118810772896 0.019478505477309227 -0.005092322826385498
v -0.021035412326455116 2.2744881789549254e-05 0.020407212898135185
v -0.021035222336649895 -0.019864121451973915 -0.0050923866219818592
v -0.021022852510213852 0.0020263998303562403 -0.022768553346395493
v -0.021022342145442963 -0.0024109871592372656 -0.022768612951040268
v -0.021020429208874702 -0.007216552272439003 -0.021959329023957253
v -0.02100365050137043 -0.0087846461683511734 -0.021482804790139198
v -0.021001188084483147 -0.00026980962138622999 0.020413018763065338
v -0.020997749641537666 0.016376962885260582 -0.015296988189220428
v -0.020987438037991524 -0.016763309016823769 -0.015297041274607182
v -0.020970437675714493 0.008012702688574791 -0.020554933696985245
v -0.0209625493735075 -0.010055581107735634 -0.019886771216988564
v -0.020956343039870262 -0.011644596233963966 0.018781706690788269
v -0.020955339074134827 0.004157504066824913 0.020071538165211678
v -0.020952999591827393 0.011260306462645531 0.018782056868076324
v -0.020918983966112137 0.019572367891669273 -0.0035398586187511683
v -0.020908180624246597 -0.019957879558205605 -0.0035399273037910461
v -0.020873161032795906 0.008440038189291954 -0.021489042788743973
v -0.020867487415671349 -0.0022710205521434546 -0.022800462320446968
v -0.020859837532043457 -0.0084581915289163589 -0.020551247522234917
v -0.020837433636188507 0.0019975958857685328 -0.021786045283079147
v -0.020835166797041893 0.0096706058830022812 -0.019909506663680077
v -0.020819716155529022 -0.010055551305413246 0.018487859517335892
v -0.020806830376386642 0.015538981184363365 -0.016519149765372276
v -0.020796766504645348 -0.01592535711824894 -0.016519207507371902
v -0.020767843350768089 0.0084489192813634872 -0.021501561626791954
v -0.020765874534845352 -0.0088341180235147476 -0.021501593291759491
v -0.020733742043375969 0.0081232395023107529 0.019128669053316116
v -0.020730489864945412 0.008113643154501915 -0.0205577053129673
v -0.020685605704784393 0.019621049985289574 -0.00080263230483978987
v -0.020681222900748253 -0.02000642754137516 -0.00080210092710331082
v -0.020679276436567307 0.019621072337031364 -0.00080243835691362619
v -0.020668208599090576 -0.0065220091491937637 -0.021145861595869064
v -0.020650260150432587 0.0060962792485952377 -0.021158337593078613
v -0.02063358761370182 0.0081218983978033066 -0.020569123327732086
v -0.020631520077586174 -0.0085069034248590469 -0.020568577572703362
v -0.020609598606824875 0.0060110446065664291 -0.021184278652071953
v -0.020579744130373001 0.014604425057768822 -0.017644710838794708
v -0.020570017397403717 -0.014990771189332008 -0.017644759267568588
v -0.020475620403885841 -0.0036099941935390234 0.020272489637136459
v -0.020475231111049652 -0.00019148911815136671 0.02048427052795887
v -0.020463008433580399 -0.0034669728484004736 0.021304229274392128
v -0.020452085882425308 0.001893317443318665 -0.021843349561095238
v -0.020451502874493599 -0.0022771151270717382 -0.021844148635864258
v -0.020444221794605255 0.0018947032513096929 0.020409103482961655
v -0.020443705841898918 -0.0022782625164836645 0.020409958437085152
v -0.020427050068974495 0.0056000705808401108 -0.022331807762384415
v -0.020391145721077919 -0.0015618297038599849 -0.021896157413721085
v -0.020383836701512337 0.0029314367566257715 0.021331017836928368
v -0.020381420850753784 0.010447433218359947 0.019302861765027046
v -0.020379116758704185 -0.010832140222191811 0.019303144887089729
v -0.020361633971333504 0.0039652790874242783 -0.021614929661154747
v -0.020360616967082024 -0.0043496284633874893 -0.021616064012050629
v -0.020349450409412384 -0.0058313552290201187 -0.022372554987668991
v -0.020325165241956711 0.013576870784163475 -0.018664563074707985
v -0.020315751433372498 -0.013963187113404274 -0.01866462267935276
v -0.020295791327953339 0.0027665256056934595 0.021359255537390709
v -0.02027469128370285 0.00081767712254077196 -0.022929558530449867
v -0.020273406058549881 -0.0056792888790369034 -0.022411659359931946
v -0.020265720784664154 -0.0085085723549127579 0.019194811582565308
v -0.020263636484742165 0.0028232394251972437 0.020345056429505348
v -0.020263355225324631 0.0054467674344778061 -0.022382350638508797
v -0.020262083038687706 -0.0058313552290201187 -0.022382445633411407
v -0.020226750522851944 -0.0030240507330745459 0.021380271762609482
v -0.02022639662027359 0.0051985736936330795 -0.022435670718550682
v -0.020201236009597778 0.0027064590249210596 0.020365087315440178
v -0.020145539194345474 0.006831800565123558 -0.022073736414313316
v -0.020143959671258926 -0.0072163883596658707 -0.022073844447731972
v -0.020120007917284966 0.0050097014755010605 -0.021459529176354408
v -0.020119255408644676 0.015077507123351097 0.015780439600348473
v -0.020115718245506287 -0.015463093295693398 0.015780042856931686
v -0.020097756758332253 0.0054467972368001938 0.020976157858967781
v -0.020096456632018089 -0.0058312956243753433 0.020976277068257332
v -0.020083507522940636 -0.0053032729774713516 -0.022503307089209557
v -0.02005348913371563 -0.018274495378136635 0.011053374968469143
v -0.020051667466759682 0.012460460886359215 -0.019572481513023376
v -0.0200502909719944 0.017889631912112236 0.011053540743887424
v -0.020045960322022438 -0.017666811123490334 0.012433582916855812
v -0.020042669028043747 0.017282074317336082 0.012433740310370922
v -0.020042626187205315 -0.012846732512116432 -0.0195725467056036
v -0.020013982430100441 -0.018779495730996132 0.0096190618351101875
v -0.020010901615023613 0.018394498154520988 0.0096192453056573868
v -0.020010402426123619 0.010446896776556969 -0.020767688751220703
v -0.020007990300655365 -0.010832557454705238 -0.020767465233802795
v -0.020001864060759544 0.0081947948783636093 -0.021685458719730377
v -0.019999967887997627 -0.0085796508938074112 -0.021685533225536346
v -0.019992662593722343 -0.0169540885835886 0.013745025731623173
v -0.019989222288131714 0.016569485887885094 0.01374516449868679
v -0.019985979422926903 0.0096713658422231674 0.018610674887895584
v -0.019978160038590431 0.0068318154662847519 0.020671937614679337
v -0.019976574927568436 -0.0072163287550210953 0.020672079175710678
v -0.019973885267972946 0.0004315284313634038 -0.021966204047203064
v -0.019967073574662209 -0.010472545400261879 -0.020943803712725639
v -0.019957462325692177 0.010087316855788231 -0.020945165306329727
v -0.019950475543737411 -0.0050596389919519424 -0.021540846675634384
v -0.019950427114963531 0.010807355865836143 -0.020591573789715767
v -0.019948001950979233 -0.011192644014954567 -0.020591521635651588
v -0.019928975030779839 -0.019184092059731483 0.0081441020593047142
v -0.0199260413646698 0.018798990175127983 0.0081443144008517265
v -0.01989738829433918 -0.016136402264237404 0.014974217861890793
v -0.019893854856491089 0.015751918777823448 0.014974354766309261
v -0.019874148070812225 0.01434970460832119 0.016598921269178391
v -0.019870709627866745 0.00010851596744032577 -0.022985002025961876
v -0.019870618358254433 -0.00049378897529095411 -0.022985007613897324
v -0.019856959581375122 0.0084491129964590073 0.020199595019221306
v -0.019854949787259102 -0.0088339392095804214 0.02019970491528511
v -0.019846152514219284 0.0096707846969366074 -0.020044054836034775
v -0.019845379516482353 -0.010055521503090858 -0.020042823627591133
v -0.019831620156764984 0.008194824680685997 0.020288458094000816
v -0.019829731434583664 -0.0085795912891626358 0.020288577303290367
v -0.019826432690024376 -0.00040116335730999708 -0.022989699617028236
v -0.019803822040557861 -0.019493082538247108 0.006640325766056776
v -0.019801001995801926 0.019107898697257042 0.0066405669786036015
v -0.01979508250951767 -0.000121855984616559 -0.022993067279458046
v -0.019793899729847908 -0.014523500576615334 0.016816044226288795
v -0.019783951342105865 9.9143137049395591e-05 -0.021989051252603531
v -0.019783494994044304 -0.0004837157903239131 -0.021989189088344574
v -0.019769573584198952 -0.0021833719220012426 0.02150147408246994
v -0.01976664736866951 0.011259352788329124 -0.020365571603178978
v -0.019759004935622215 -0.002278411528095603 0.020488597452640533
v -0.019758038222789764 -0.011645549908280373 -0.020365633070468903
v -0.019743004813790321 -0.00040022458415478468 -0.021993493661284447
v -0.019732600077986717 -0.010055923834443092 0.018640715628862381
v -0.019714100286364555 0.0081244911998510361 0.019264163449406624
v -0.019709507003426552 -0.00013374711852520704 -0.021997028961777687
v -0.019646668806672096 -0.019714409485459328 0.0051179677248001099
v -0.01964399591088295 0.019329173490405083 0.005118244793266058
v -0.019586538895964622 -0.0043508205562829971 -0.021692601963877678
v -0.01952040009200573 -0.008507976308465004 -0.020697863772511482
v -0.019517306238412857 0.0038243888411670923 -0.02273094467818737
v -0.019500153139233589 -0.0018126311479136348 0.020545592531561852
v -0.019473055377602577 0.013297906145453453 0.017599904909729958
v -0.019426094368100166 0.0011796263279393315 0.021571662276983261
v -0.019423339515924454 -0.013087758794426918 0.018065044656395912
v -0.019419461488723755 0.012703543528914452 0.018065202981233597
v -0.019393989816308022 0.012974357232451439 0.016977613791823387
v -0.019392816349864006 -0.013491848483681679 0.017762076109647751
v -0.019390294328331947 0.018798952922224998 -0.0096852285787463188
v -0.019385268911719322 0.018394356593489647 -0.011162620037794113
v -0.019378678873181343 -0.019184121862053871 -0.0096850460395216942
v -0.019373709335923195 -0.01877964474260807 -0.011162417940795422
v -0.019356947392225266 0.019107965752482414 -0.008176630362868309
v -0.01934530958533287 -0.019493022933602333 -0.0081764776259660721
v -0.019337309524416924 0.01788935624063015 -0.012596668675541878
v -0.019325841218233109 -0.018274763599038124 -0.012596456333994865
v -0.019292794167995453 0.019329307600855827 -0.0066475304774940014
v -0.019281197339296341 -0.019714275375008583 -0.0066474126651883125
v -0.019278204068541527 0.0010335651459172368 0.020585976541042328
v -0.019274977967143059 -0.019939610734581947 0.0020496519282460213
v -0.019272590056061745 0.019554352387785912 0.0020500123500823975
v -0.019256690517067909 -0.013002360239624977 0.017182448878884315
v -0.019245678558945656 0.017281686887145042 -0.013973857276141644
v -0.019234362989664078 -0.017667198553681374 -0.013973642140626907
v -0.019225513562560081 -0.01188979484140873 0.018874784931540489
v -0.019221508875489235 0.011505654081702232 0.01887495256960392
v -0.019184021279215813 0.0032023547682911158 -0.021827379241585732
v -0.019183434545993805 -0.00019145931582897902 -0.022036086767911911
v -0.019156917929649353 0.0018945840420201421 -0.021959181874990463
v -0.019156374037265778 -0.0022780688013881445 -0.021960008889436722
v -0.019143354147672653 0.015081053599715233 0.01590692438185215
v -0.019139790907502174 -0.015466431155800819 0.015906503424048424
v -0.019117230549454689 -0.0034637243952602148 -0.021847723051905632
v -0.019115867093205452 -0.011192480102181435 0.019272623583674431
v -0.019113721325993538 0.015077283605933189 -0.017318909987807274
v -0.019112499430775642 0.016568994149565697 -0.015279611572623253
v -0.019111163914203644 0.01080753467977047 0.0192733034491539
v -0.019110210239887238 -0.015462765470147133 -0.017318395897746086
v -0.019108591601252556 0.019554568454623222 -0.0035622946452349424
v -0.019101399928331375 -0.016954580321907997 -0.015279391780495644
v -0.019097140058875084 -0.01993938721716404 -0.0035622527357190847
v -0.019051183015108109 0.010087495669722557 0.019631968811154366
v -0.019048847258090973 -0.010472366586327553 0.019632034003734589
v -0.018991196528077126 0.012138998135924339 0.018503477796912193
v -0.018980022519826889 0.014705708250403404 -0.017523691058158875
v -0.018978910520672798 0.01044759713113308 0.019468387588858604
v -0.018976606428623199 -0.010831976309418678 0.019468670710921288
v -0.018963774666190147 0.009671604260802269 0.018725471571087837
v -0.018961295485496521 -0.010055998340249062 0.018724484369158745
v -0.018942410126328468 0.015751337632536888 -0.016500728204846382
v -0.018932929262518883 -0.012394944205880165 0.018593108281493187
v -0.018932323902845383 -0.010472426190972328 -0.021038748323917389
v -0.018931560218334198 -0.01613696850836277 -0.016500512138009071
v -0.018921718001365662 0.010807549580931664 0.01929197646677494
v -0.018919264897704124 -0.011192450299859047 0.019292008131742477
v -0.01890995167195797 0.0026937185321003199 -0.022908149287104607
v -0.018909221515059471 -0.0030780525412410498 -0.022908192127943039
v -0.018902933225035667 -0.010057995095849037 0.018729235976934433
v -0.018884493038058281 0.0026482550892978907 -0.021908566355705261
v -0.018880391493439674 0.0026395826134830713 -0.022915191948413849
v -0.018879719078540802 -0.0030239464249461889 -0.022915223613381386
v -0.018851231783628464 -0.010055730119347572 -0.020131738856434822
v -0.018828945234417915 -0.0029321701731532812 -0.02192271314561367
v -0.018823729828000069 0.010132094845175743 0.019633099436759949
v -0.018820133060216904 0.00010872458369703963 0.021655380725860596
v -0.018820041790604591 -0.00049358035903424025 0.021655377000570297
v -0.018814576789736748 -0.014736020937561989 -0.018119517713785172
v -0.018806003034114838 -0.010523373261094093 0.01963157020509243
v -0.018776668235659599 0.0054469462484121323 -0.022503888234496117
v -0.018775368109345436 -0.0058311764150857925 -0.022503996267914772
v -0.01877511665225029 -0.010084668174386024 0.018729209899902344
v -0.018773928284645081 -0.00039518799167126417 0.021659890189766884
v -0.01874515600502491 0.0081242676824331284 -0.020757546648383141
v -0.018744481727480888 -0.00012368883471935987 0.021662835031747818
v -0.018744466826319695 0.009711703285574913 0.018727337941527367
v -0.018741738051176071 9.9575270724017173e-05 0.020657330751419067
v -0.018741264939308167 -0.0004836859880015254 0.020657477900385857
v -0.018726490437984467 0.014136737212538719 -0.018334496766328812
v -0.018700875341892242 -0.00040219153743237257 0.020661422982811928
v -0.018675403669476509 0.0068319644778966904 -0.022192958742380142
v -0.01867382600903511 -0.0072162244468927383 -0.022193070501089096
v -0.01867355965077877 -0.010598743334412575 0.019608465954661369
v -0.018666304647922516 -0.00013122882228344679 0.02066478319466114
v -0.018661845475435257 -0.010133156552910805 0.018717391416430473
v -0.018577346578240395 0.0084491726011037827 -0.021714460104703903
v -0.018575318157672882 -0.0088338796049356461 -0.021714502945542336
v -0.018572332337498665 0.010304829105734825 0.019574552774429321
v -0.01855890080332756 -0.010702082887291908 0.019569562748074532
v -0.018554992973804474 0.0096713956445455551 -0.0201520174741745
v -0.01855199784040451 0.0081949587911367416 -0.021801270544528961
v -0.018550073727965355 -0.0085794869810342789 -0.021801356226205826
v -0.018532698974013329 0.010807594284415245 0.019327355548739433
v -0.018514705821871758 0.0019763766322284937 -0.022991055622696877
v -0.018502194434404373 0.0098675098270177841 0.018675148487091064
v -0.018493713811039925 0.008124595507979393 -0.020772092044353485
v -0.018491353839635849 -0.0023195387329906225 -0.022995168343186378
v -0.018489746376872063 -0.0085091087967157364 -0.020771611481904984
v -0.01846790686249733 0.0018940774025395513 -0.021996255964040756
v -0.018467437475919724 -0.0022784860339015722 -0.021997019648551941
v -0.018446009606122971 0.010895421728491783 0.019288733601570129
v -0.018443465232849121 -0.011280233040452003 0.019288765266537666
v -0.01844053715467453 -0.0022303999867290258 -0.0220017209649086
v -0.018438871949911118 0.010526617988944054 0.019478179514408112
v -0.018434310331940651 -0.010329807177186012 0.018645226955413818
v -0.018429091200232506 0.010853236541152 0.019312348216772079
v -0.018427226692438126 -0.010940456762909889 0.019464153796434402
v -0.018426576629281044 -0.011238032951951027 0.019312387332320213
v -0.018416751176118851 0.010807609185576439 0.019337190315127373
v -0.018414236605167389 -0.011192390695214272 0.01933722198009491
v -0.01838204450905323 0.010457342490553856 0.01839093491435051
v -0.018374057486653328 -0.01083163358271122 0.018402712419629097
v -0.018356943503022194 0.010102575644850731 0.018572540953755379
v -0.018352683633565903 -0.013685623183846474 -0.019093314185738564
v -0.018348878249526024 -0.01050899364054203 0.018565703183412552
v -0.018344532698392868 0.01035616360604763 0.018445977941155434
v -0.018334481865167618 -0.010582426562905312 0.018530765548348427
v -0.018287980929017067 -0.013305256143212318 -0.018504168838262558
v -0.018280439078807831 0.012702843174338341 -0.019556961953639984
v -0.018270647153258324 -0.013088444247841835 -0.019556773826479912
v -0.018266873434185982 0.013105368241667747 -0.019254006445407867
v -0.018163971602916718 0.015077611431479454 0.016003048047423363
v -0.018160408362746239 -0.015462780371308327 0.016002627089619637
v -0.018136028200387955 -0.01830902136862278 0.011094547808170319
v -0.018132142722606659 0.017924239858984947 0.011094508692622185
v -0.018132109194993973 -0.017734358087182045 0.012471085414290428
v -0.018128791823983192 0.015080546960234642 -0.017386367544531822
v -0.018128516152501106 0.01252414844930172 -0.018713396042585373
v -0.018128108233213425 0.017349740490317345 0.012471022084355354
v -0.018125332891941071 -0.015465820208191872 -0.017385821789503098
v -0.018100563436746597 -0.018780672922730446 0.0096660824492573738
v -0.018097428604960442 -0.0085105989128351212 0.019414728507399559
v -0.018096825107932091 0.018395757302641869 0.0096660694107413292
v -0.018090322613716125 -0.017050812020897865 0.013780375942587852
v -0.018086226657032967 0.016666343435645103 0.013780318200588226
v -0.018078787252306938 -0.0015841963468119502 -0.023055793717503548
v -0.018049497157335281 -0.0015391501365229487 -0.022057896479964256
v -0.018037630245089531 -0.015173936262726784 0.016335451975464821
v -0.018033441156148911 0.011504938825964928 -0.020353149622678757
v -0.018026964738965034 -0.019155869260430336 0.0081993984058499336
v -0.018024059012532234 -0.011890510097146034 -0.020352987572550774
v -0.01802336797118187 0.018770849332213402 0.0081994356587529182
v -0.018020236864686012 0.012266522273421288 -0.018853772431612015
v -0.018014173954725266 -0.016256729140877724 0.015008718706667423
v -0.018009955063462257 0.015872394666075706 0.015008658170700073
v -0.017919778823852539 -0.019441688433289528 0.0067059001885354519
v -0.017916321754455566 0.019056593999266624 0.0067059919238090515
v -0.017908588051795959 -0.015354448929429054 0.016144689172506332
v -0.017904270440340042 0.014970233663916588 0.0161446463316679
v -0.017899615690112114 0.010807594284415245 -0.020743807777762413
v -0.017890309914946556 -0.011192405596375465 -0.020744035020470619
v -0.017815191298723221 -0.012524629011750221 -0.019967686384916306
v -0.01781022734940052 0.010087555274367332 -0.021098362281918526
v -0.017807874828577042 -0.010472306981682777 -0.02109835110604763
v -0.017785964533686638 -0.019646460190415382 0.0051949759945273399
v -0.017782645300030708 0.019261328503489494 0.0051951254718005657
v -0.017774607986211777 0.0096718277782201767 -0.020188741385936737
v -0.01777230016887188 -0.010056132450699806 -0.020187662914395332
v -0.017754713073372841 0.012005573138594627 -0.020057277753949165
v -0.017748346552252769 0.014122417196631432 0.017033670097589493
v -0.017710266634821892 0.0096748378127813339 -0.020189538598060608
v -0.017638189718127251 0.0084493663161993027 0.020396644249558449
v -0.017636241391301155 -0.008833685889840126 0.020396756008267403
v -0.017624102532863617 0.010116925463080406 -0.02109125629067421
v -0.017622502520680428 0.013684039935469627 0.016768708825111389
v -0.017603769898414612 0.00969674251973629 -0.020182797685265541
v -0.017597032710909843 -0.014178792014718056 0.017345674335956573
v -0.017579769715666771 -0.010517055168747902 -0.021085461601614952
v -0.017576323822140694 0.0081270989030599594 0.019452666863799095
v -0.0175743717700243 -0.0085112098604440689 0.01945212110877037
v -0.017574068158864975 0.0090769287198781967 0.020174162462353706
v -0.017556730657815933 -0.01009649969637394 -0.020176500082015991
v -0.017523711547255516 0.0086278077214956284 0.019277801737189293
v -0.017510494217276573 0.0096481647342443466 0.019948802888393402
v -0.017508246004581451 -0.010032618418335915 0.019948884844779968
v -0.017488438636064529 0.018771162256598473 -0.0096246758475899696
v -0.017476176843047142 -0.019155556336045265 -0.0096242781728506088
v -0.01747465506196022 0.0097512062638998032 -0.020161246880888939
v -0.017472585663199425 0.018395958468317986 -0.011093105189502239
v -0.017472419887781143 0.019056988880038261 -0.0081274230033159256
v -0.017470929771661758 -0.019854107871651649 0.0021491029765456915
v -0.017467917874455452 0.019468991085886955 0.0021493753883987665
v -0.017460336908698082 0.008125966414809227 -0.020812502130866051
v -0.01746031641960144 -0.018780464306473732 -0.011092678643763065
v -0.017460143193602562 -0.019441286101937294 -0.0081270830705761909
v -0.017456278204917908 -0.0095816496759653091 0.019053986296057701
v -0.017454534769058228 0.00010879908950300887 -0.023103650659322739
v -0.017454473301768303 -0.00049352075438946486 -0.023103650659322739
v -0.017445461824536324 0.00010346447379561141 -0.022603549063205719
v -0.017441948875784874 -0.00047204818110913038 -0.023104095831513405
v -0.01743638888001442 9.8159660410601646e-05 -0.022103449329733849
v -0.017435895279049873 -0.00048216606955975294 -0.022103570401668549
v -0.017430862411856651 0.01926177553832531 -0.0066111581400036812
v -0.017420906573534012 0.017924314364790916 -0.012521077878773212
v -0.017418632283806801 -0.019646013155579567 -0.0066108787432312965
v -0.017410296946763992 1.7142045180662535e-05 -0.023105250671505928
v -0.01740875281393528 -0.018308946862816811 -0.012520619668066502
v -0.017393890768289566 1.1926638762815855e-05 -0.022104967385530472
v -0.017384214326739311 0.010661518201231956 0.019487340003252029
v -0.017381791025400162 -0.011045629158616066 0.01948760449886322
v -0.017378292977809906 -0.00026344682555645704 -0.023106472566723824
v -0.017368169501423836 -0.010278100147843361 0.01874871738255024
v -0.017364578321576118 0.01080772839486599 0.019413422793149948
v -0.017362061887979507 -0.011192271485924721 0.019413461908698082
v -0.017361737787723541 -0.00026121165137737989 -0.022106215357780457
v -0.017360292375087738 0.01027773879468441 -0.021023934707045555
v -0.017359200865030289 -0.011213401332497597 0.019402675330638885
v -0.017351701855659485 0.010807743296027184 0.019414253532886505
v -0.017346929758787155 0.010069301351904869 0.018663821741938591
v -0.01733311265707016 0.017349673435091972 -0.01389481034129858
v -0.017331743612885475 -0.010690042749047279 -0.021011481061577797
v -0.017323341220617294 -0.010246539488434792 -0.020113410428166389
v -0.017321081832051277 -0.017734432592988014 -0.013894348405301571
v -0.017301825806498528 0.019469482824206352 -0.0035517718642950058
v -0.0172897819429636 -0.019853616133332253 -0.0035516035277396441
v -0.017283335328102112 -0.00019226397853344679 0.021757822483778
v -0.017278768122196198 0.010376235470175743 -0.020979017019271851
v -0.017263146117329597 0.013060754165053368 0.017977511510252953
v -0.017260974273085594 0.0099368300288915634 -0.020078396424651146
v -0.017253026366233826 -0.011129463091492653 0.018332762643694878
v -0.017245180904865265 0.0026397912297397852 0.021621374413371086
v -0.017244545742869377 -0.0030236931052058935 0.021621432155370712
v -0.017228096723556519 0.01176845096051693 0.01887679286301136
v -0.01722538098692894 -0.01215306855738163 0.018876776099205017
v -0.017225144430994987 0.01089552603662014 -0.020718840882182121
v -0.017222626134753227 -0.01128021813929081 -0.020718790590763092
v -0.017215318977832794 0.010456284508109093 -0.019819984212517738
v -0.017211567610502243 0.016666149720549583 -0.01519913412630558
v -0.017206832766532898 -0.010830247774720192 -0.01983133889734745
v -0.017204193398356438 -0.011237958446145058 -0.020741363987326622
v -0.01720098964869976 0.010544797405600548 -0.020898547023534775
v -0.017199844121932983 -0.010924795642495155 -0.020900784060359001
v -0.017199750989675522 -0.017051005735993385 -0.015198667533695698
v -0.017192820087075233 0.010807668790221214 -0.020765321329236031
v -0.01719033345580101 -0.011192331090569496 -0.0207652747631073
v -0.01718478836119175 -0.010465929284691811 -0.02001197449862957
v -0.017178291454911232 -0.011115366593003273 -0.020805260166525841
v -0.017167646437883377 -0.010720754042267799 -0.019887112081050873
v -0.017162183299660683 0.010198211297392845 -0.019951900467276573
v -0.01716146431863308 -0.019882583990693092 -0.00069311278639361262
v -0.017158275470137596 0.019497497007250786 -0.00069668033393099904
v -0.017153946682810783 -0.019882077351212502 -0.00069287943188101053
v -0.017142407596111298 0.015076925978064537 -0.017422949895262718
v -0.017138944938778877 -0.015461990609765053 -0.017422391101717949
v -0.017130313441157341 0.0054471399635076523 0.021217949688434601
v -0.017129039391875267 -0.0058309528976678848 0.021218083798885345
v -0.017088001593947411 0.012685706838965416 0.018269693478941917
v -0.017085056751966476 -0.013070384040474892 0.018269605934619904
v -0.017060639336705208 0.01587209664285183 -0.016420552507042885
v -0.017049074172973633 -0.016257027164101601 -0.016420101746916771
v -0.017043959349393845 0.0068321581929922104 0.020911248400807381
v -0.017042370513081551 -0.0072160009294748306 0.020911404862999916
v -0.017042052000761032 0.012300511822104454 0.017527172341942787
v -0.017038999125361443 -0.012685948982834816 0.017530718818306923
v -0.016998162493109703 0.01478574238717556 -0.017750192433595657
v -0.016937999054789543 0.0081951525062322617 0.020523589104413986
v -0.016936082392930984 -0.0085792485624551773 0.02052370086312294
v -0.016885891556739807 0.014969861134886742 -0.017547983676195145
v -0.016874611377716064 -0.0153548214584589 -0.01754755899310112
v -0.016811991110444069 0.009525766596198082 0.020041460171341896
v -0.016809774562716484 -0.0099100712686777115 0.020041536539793015
v -0.016792559996247292 -0.01985643245279789 -0.00068183545954525471
v -0.016761891543865204 0.019469341263175011 -0.00068464787909761071
v -0.016661832109093666 -0.014509672299027443 -0.018422894179821014
v -0.016553770750761032 0.013683250173926353 -0.018154149875044823
v -0.016547610983252525 -0.014061683788895607 -0.018158376216888428
v -0.01649530790746212 0.013792237266898155 -0.018729612231254578
v -0.01639176532626152 -0.011192375794053078 0.019467664882540703
v -0.016345009207725525 0.0084494259208440781 -0.021775346249341965
v -0.016343040391802788 -0.0088336262851953506 -0.021775387227535248
v -0.016340643167495728 0.0081271585077047348 -0.020829353481531143
v -0.016338743269443512 -0.0085111502557992935 -0.020828742533922195
v -0.016262520104646683 -0.0098079238086938858 -0.021413335576653481
v -0.016247769817709923 -0.0095512662082910538 -0.020436825230717659
v -0.01621713675558567 0.009505709633231163 -0.020293476060032845
v -0.016212547197937965 0.0099953021854162216 -0.021169718354940414
v -0.016175437718629837 -0.010277489200234413 -0.020114565268158913
v -0.016144102439284325 -0.011045554652810097 -0.020852463319897652
v -0.016142180189490318 -0.010595196858048439 -0.019961614161729813
v -0.016131237149238586 0.010807787999510765 -0.020777296274900436
v -0.016128722578287125 -0.011192211881279945 -0.020777259021997452
v -0.016125056892633438 -0.011192301288247108 -0.020777424797415733
v -0.016118729487061501 -0.013451451435685158 -0.019333114847540855
v -0.016113379970192909 -0.01086757518351078 -0.019825564697384834
v -0.016027454286813736 0.011768555268645287 -0.020233461633324623
v -0.016024705022573471 -0.012153053656220436 -0.020233359187841415
v -0.016012707725167274 0.011450817808508873 -0.019317023456096649
v -0.015924319624900818 0.012685796245932579 -0.019618934020400047
v -0.015923574566841125 0.012300541624426842 -0.018874943256378174
v -0.015923483297228813 0.012294536456465721 -0.018878079950809479
v -0.015921361744403839 -0.013070354238152504 -0.019618753343820572
v -0.015920344740152359 -0.012685889378190041 -0.018878359347581863
v -0.01590869203209877 -0.00019212986808270216 -0.023112539201974869
v -0.015878895297646523 0.0026399253401905298 -0.022974006831645966
v -0.015878258273005486 -0.0030235738959163427 -0.022974047809839249
v -0.015788635239005089 0.0054472889751195908 -0.02256430871784687
v -0.015787338837981224 -0.0058308485895395279 -0.022564427927136421
v -0.015720974653959274 0.0068323072046041489 -0.022252913564443588
v -0.015719372779130936 -0.0072158966213464737 -0.022253043949604034
v -0.015638647601008415 0.0081953015178442001 -0.02185949869453907
v -0.015636727213859558 -0.0085791591554880142 -0.021859593689441681
v -0.015542039647698402 0.0095259156078100204 -0.021370582282543182
v -0.015539828687906265 -0.0099099818617105484 -0.02137063629925251
v -0.015172506682574749 0.010808130726218224 -0.020772537216544151
v -0.01430886797606945 -0.018161321058869362 0.011042000725865364
v -0.014303824864327908 -0.017662907019257545 0.012414779514074326
v -0.014303690753877163 0.017776822671294212 0.011041604913771152
v -0.014298521913588047 0.01727861724793911 0.012414388358592987
v -0.014287963509559631 -0.01856628991663456 0.0096305478364229202
v -0.014282896183431149 0.018181620165705681 0.0096301985904574394
v -0.014277021400630474 -0.017051750794053078 0.013729705475270748
v -0.014271588064730167 0.01666768454015255 0.013729339465498924
v -0.014241008087992668 -0.018890077248215675 0.0081902956590056419
v -0.014236103743314743 0.018505295738577843 0.0081900293007493019
v -0.014232583343982697 -0.016317853704094887 0.014969396404922009
v -0.014227070845663548 0.015933966264128685 0.014969093725085258
v -0.014173802919685841 -0.015461290255188942 0.016120718792080879
v -0.014171074144542217 -0.019140655174851418 0.0067280256189405918
v -0.014168177731335163 0.015077581629157066 0.016120484098792076
v -0.014166300185024738 0.018755791708827019 0.006727845873683691
v -0.01410310622304678 -0.014489078894257545 0.017173882573843002
v -0.014097400009632111 0.014105489477515221 0.01717371866106987
v -0.014082707464694977 -0.019324982538819313 0.0052498914301395416
v -0.014078091830015182 0.018940096721053123 0.0052498094737529755
v -0.014022250659763813 -0.013411754742264748 0.018121527507901192
v -0.014016487635672092 0.01302826963365078 0.018121456727385521
v -0.013932451605796814 -0.012240136042237282 0.018957916647195816
v -0.013926547951996326 0.011856725439429283 0.01895790733397007
v -0.013872414827346802 -0.019523316994309425 0.0022669332101941109
v -0.013868060894310474 0.019138460978865623 0.0022670242469757795
v -0.013731040991842747 0.018941154703497887 -0.0064406096935272217
v -0.013729234226047993 0.018756812438368797 -0.0079213697463274002
v -0.013717702589929104 -0.01932392455637455 -0.0064400108531117439
v -0.013715839944779873 -0.019139641895890236 -0.0079206787049770355
v -0.013710004277527332 0.018506234511733055 -0.0093851834535598755
v -0.013702721334993839 0.01913951151072979 -0.0034503799397498369
v -0.013696586713194847 -0.018889138475060463 -0.0093844085931777954
v -0.013689528219401836 -0.019522273913025856 -0.0034499652683734894
v -0.013669125735759735 0.018182439729571342 -0.010825606994330883
v -0.013659579679369926 -0.019556129351258278 -0.00058727205032482743
v -0.013655719347298145 -0.018565455451607704 -0.010824760422110558
v -0.013655286282300949 0.019171340391039848 -0.00058885331964120269
v -0.013604031875729561 0.017777485772967339 -0.012235705740749836
v -0.013590647839009762 -0.018160665407776833 -0.012234826572239399
v -0.013515341095626354 0.017279079183936119 -0.01360563188791275
v -0.013502050191164017 -0.017662430182099342 -0.013604756444692612
v -0.013408400118350983 0.016667952761054039 -0.014916481450200081
v -0.013395302928984165 -0.017051482573151588 -0.014915634877979755
v -0.013288441114127636 0.015934070572257042 -0.016151163727045059
v -0.013275549747049809 -0.01631774939596653 -0.01615038700401783
v -0.013159502297639847 0.015077551826834679 -0.017296770587563515
v -0.013146909885108471 -0.01546132005751133 -0.017296070232987404
v -0.013108097948133945 0.010808264836668968 0.019593594595789909
v -0.013024639338254929 0.01410537026822567 -0.018343662843108177
v -0.01301238127052784 -0.014489198103547096 -0.018343055620789528
v -0.012886032462120056 0.01302807591855526 -0.019284633919596672
v -0.012874169275164604 -0.013411948457360268 -0.019284110516309738
v -0.012745203450322151 0.011856487020850182 -0.020113997161388397
v -0.012733790092170238 -0.012240374460816383 -0.020113538950681686
v -0.011860541068017483 -0.011191794648766518 -0.020697696134448051
v -0.011271220631897449 -0.00012219871859997511 0.021978754550218582
v -0.011267560534179211 0.0026798902545124292 0.021841006353497505
v -0.011267254129052162 -0.0029367299284785986 0.021852068603038788
v -0.011256217956542969 0.0054782386869192123 0.021434662863612175
v -0.011255621910095215 -0.0057406965643167496 0.021457843482494354
v -0.011247342452406883 0.0068727340549230576 0.021123183891177177
v -0.011246809735894203 -0.0071293208748102188 0.021158216521143913
v -0.011235463432967663 0.0082497205585241318 0.020722357556223869
v -0.011235155165195465 -0.0085036251693964005 0.020772572606801987
v -0.01121979858726263 0.0096029099076986313 0.020216671749949455
v -0.011219589971005917 -0.0098593179136514664 0.020278267562389374
v -0.011201667599380016 0.010808547958731651 0.019653022289276123
v -0.011199138127267361 -0.011191720142960548 0.019653111696243286
v -0.011197887361049652 -0.011256644502282143 0.019618714228272438
v -0.011176435276865959 0.012040963396430016 0.01891743391752243
v -0.011172125115990639 -0.012441778555512428 0.018905621021986008
v -0.011160270310938358 0.010807624086737633 0.019653003662824631
v -0.011157392524182796 -0.011191288009285927 0.0196536835283041
v -0.011144727468490601 -0.013398313894867897 0.018196320161223412
v -0.011142960749566555 0.013178786262869835 0.018060671165585518
v -0.011107204481959343 -0.014391535893082619 0.017295928671956062
v -0.011105244979262352 0.014132088050246239 0.017169363796710968
v -0.011060295626521111 -0.015311414375901222 0.016258031129837036
v -0.011059718206524849 0.014993211254477501 0.016175121068954468
v -0.011013234034180641 0.015670707449316978 0.015211295336484909
v -0.011009449139237404 -0.016055816784501076 0.015208208002150059
v -0.010983532294631004 -0.016385683789849281 0.014657511375844479
v -0.010981389321386814 0.01606360636651516 0.014548164792358875
v -0.010957531630992889 -0.016690487042069435 0.014085758477449417
v -0.010952960699796677 0.016383921727538109 0.013930612243711948
v -0.010936458595097065 -0.016918474808335304 0.013608916662633419
v -0.010905643925070763 -0.017219895496964455 0.012896204367280006
v -0.010900935158133507 -0.00012233282905071974 0.02191975899040699
v -0.010897238738834858 0.002673259237781167 0.021782362833619118
v -0.010896909981966019 -0.0029303224291652441 0.021793397143483162
v -0.010894724167883396 0.0169490035623312 0.012601066380739212
v -0.010885716415941715 0.0054649468511343002 0.021377230063080788
v -0.010885113850235939 -0.0057276282459497452 0.021400323137640953
v -0.010876763612031937 0.0068554189056158066 0.021066812798380852
v -0.01087621133774519 -0.0071123484522104263 0.021101692691445351
v -0.010864862240850925 0.0082277264446020126 0.020667411386966705
v -0.010864523239433765 -0.0084821078926324844 0.020717399194836617
v -0.010852291248738766 -0.017648810520768166 0.011660946533083916
v -0.010849380865693092 0.0095757748931646347 0.02016352117061615
v -0.010849134996533394 -0.0098325852304697037 0.020224915817379951
v -0.010831720195710659 0.017418121919035912 0.01113777793943882
v -0.010814045555889606 0.012038713321089745 0.018844751641154289
v -0.010805056430399418 -0.012305000796914101 0.018919318914413452
v -0.010789494961500168 0.010765871033072472 0.01958795078098774
v -0.01078665629029274 -0.011150265112519264 0.019588038325309753
v -0.010781308636069298 0.01321466825902462 0.017942816019058228
v -0.010772852227091789 -0.013492414727807045 0.018028656020760536
v -0.010768445208668709 -0.018143931403756142 0.0097515229135751724
v -0.01074810978025198 0.017864948138594627 0.0092534488067030907
v -0.010741002857685089 0.014279371127486229 0.016912240535020828
v -0.010733230970799923 -0.014570126309990883 0.017007684335112572
v -0.010692346841096878 0.015208130702376366 0.015766473487019539
v -0.010685060173273087 -0.015513161197304726 0.015869108960032463
v -0.010682661086320877 -0.01852148212492466 0.0077080726623535156
v -0.010678458027541637 0.018136581405997276 0.0077115329913794994
v -0.010650835931301117 0.01823587529361248 0.0070302216336131096
v -0.010637511499226093 0.015988713130354881 0.014517008326947689
v -0.010630321688950062 -0.016308287158608437 0.014624323695898056
v -0.010601923801004887 0.018452977761626244 0.0052176737226545811
v -0.010593165643513203 -0.018830189481377602 0.005265683401376009
v -0.010582000948488712 0.016623562201857567 0.013191361911594868
v -0.010579511523246765 0.01854790560901165 0.0041964123956859112
v -0.010574653744697571 -0.016956308856606483 0.01330159418284893
v -0.010555115528404713 -0.00012282456737011671 0.021707283332943916
v -0.010551370680332184 0.0026521144900470972 0.021570848301053047
v -0.010551063343882561 -0.0029100270476192236 0.021581800654530525
v -0.010539676062762737 0.0054225083440542221 0.02116890624165535
v -0.010539093054831028 -0.0056860987097024918 0.02119181863963604
v -0.010530642233788967 0.0068003293126821518 0.020861357450485229
v -0.01053008995950222 -0.0070585701614618301 0.020895788446068764
v -0.010529049672186375 0.017116619274020195 0.011832186952233315
v -0.010528854094445705 0.018673954531550407 0.0023071907926350832
v -0.010521621443331242 -0.017459714785218239 0.011944839730858803
v -0.0105188162997365 0.0081578996032476425 0.020466266199946404
v -0.010518445633351803 -0.0084140244871377945 0.020515473559498787
v -0.010518236085772514 -0.019044855609536171 0.0025041932240128517
v -0.0105036785826087 0.0094894673675298691 0.019968517124652863
v -0.010503364726901054 -0.0097477678209543228 0.020029149949550629
v -0.010502747260034084 0.018711192533373833 0.0014339548069983721
v -0.010476499795913696 0.017497001215815544 0.010463058017194271
v -0.010469792410731316 0.010662054643034935 0.019401347264647484
v -0.010469312779605389 -0.017847323790192604 0.010579310357570648
v -0.010467066429555416 -0.011046210303902626 0.019401365891098976
v -0.01046476885676384 0.011913245543837547 0.018669497221708298
v -0.010459509678184986 -0.012180576100945473 0.018741533160209656
v -0.010442175902426243 0.018744794651865959 -0.00048986711772158742
v -0.010437857359647751 -0.019127840176224709 -0.00048979325219988823
v -0.010435254313051701 0.013068517670035362 0.017782863229513168
v -0.010430304333567619 -0.013347083702683449 0.017866084352135658
v -0.010400128550827503 0.014113372191786766 0.016770122572779655
v -0.010395567864179611 -0.014404768124222755 0.016862897202372551
v -0.010381253436207771 -0.019094238057732582 -0.0024136507418006659
v -0.01036995742470026 0.018036363646388054 0.0077040712349116802
v -0.010363000445067883 -0.018396148458123207 0.0078288903459906578
v -0.010359241627156734 0.015024041756987572 0.015644345432519913
v -0.010354974307119846 -0.015329519286751747 0.015744335949420929
v -0.010354173369705677 -0.019057000055909157 -0.0032868348062038422
v -0.010347591713070869 0.018672173842787743 -0.0032876338809728622
v -0.010322250425815582 -0.00012361432891339064 0.021374903619289398
v -0.010318457148969173 0.0026198832783848047 0.021239869296550751
v -0.010318180546164513 -0.0028791667427867651 0.021250715479254723
v -0.010313835926353931 0.015789425000548363 0.014416471123695374
v -0.010309621691703796 -0.01610916294157505 0.014521300792694092
v -0.010306733660399914 0.0053578224033117294 0.020842619240283966
v -0.010306166484951973 -0.0056228581815958023 0.020865250378847122
v -0.010297683998942375 0.0067164506763219833 0.020539263263344765
v -0.010297165252268314 -0.0069767627865076065 0.020573016256093979
v -0.010289806872606277 -0.018930951133370399 -0.0051756799221038818
v -0.010286016389727592 0.0080516394227743149 0.020150648429989815
v -0.010285607539117336 -0.0083104465156793594 0.020198654383420944
v -0.010277554392814636 -0.0005717369494959712 0.021622469648718834
v -0.010276983492076397 0.0015079585136845708 0.021600490435957909
v -0.010274791158735752 0.018371922895312309 0.0049354787915945053
v -0.010273652151226997 0.0029494671616703272 0.02149130217730999
v -0.010271254926919937 0.0093580540269613266 0.019662387669086456
v -0.010270967148244381 -0.0031845660414546728 0.021417131647467613
v -0.010270927101373672 -0.0096186641603708267 0.019721841439604759
v -0.0102672278881073 -0.018738443031907082 0.005064389668405056
v -0.010266883298754692 0.016412695869803429 0.013112322427332401
v -0.010264752432703972 0.010522564873099327 0.019142011180520058
v -0.010263508185744286 -0.0046423319727182388 0.02118183858692646
v -0.010262588039040565 -0.016745293512940407 0.013220353052020073
v -0.010261999443173409 -0.010905677452683449 0.019142014905810356
v -0.010260860435664654 0.0056316312402486801 0.021076997742056847
v -0.010255206376314163 0.0064285006374120712 0.020895015448331833
v -0.010251909494400024 -0.0062434617429971695 0.020814670249819756
v -0.010250994935631752 0.018461337313055992 -0.0061023877933621407
v -0.010250050574541092 -0.01883603073656559 -0.0061963875778019428
v -0.010248501785099506 -0.0066352281719446182 0.020706426352262497
v -0.010244705714285374 0.0076453443616628647 0.020557539537549019
v -0.010244168341159821 -0.00057716097217053175 0.021818280220031738
v -0.01024309080094099 0.0015175399603322148 0.021797459572553635
v -0.010241074487566948 0.00019506190437823534 0.021007198840379715
v -0.01023967657238245 -0.0017255338607355952 0.020969081670045853
v -0.010239653289318085 -0.0026369483675807714 0.021679706871509552
v -0.010238178074359894 0.0022741316352039576 0.020904377102851868
v -0.010237383656203747 0.0036046414170414209 0.021615330129861832
v -0.010237072594463825 -0.002845817944034934 0.020887574180960655
v -0.010233934968709946 -0.0037594677414745092 0.020788311958312988
v -0.010231314226984978 0.01172066293656826 0.018391815945506096
v -0.010231165215373039 0.004239281639456749 0.02066713385283947
v -0.010229814797639847 -0.0046793613582849503 0.021374734118580818
v -0.010229460895061493 -0.011991703882813454 0.018462829291820526
v -0.01022925041615963 0.0090572889894247055 0.020060490816831589
v -0.01022650022059679 0.0056720729917287827 0.021270854398608208
v -0.010224930942058563 -0.0055899713188409805 0.020499663427472115
v -0.010223099030554295 -0.008951852098107338 0.01990010030567646
v -0.01022222638130188 0.0095947291702032089 0.019835365936160088
v -0.010220802389085293 0.0060699637979269028 0.02032010443508625
v -0.010220552794635296 0.016898190602660179 0.011771697551012039
v -0.010216233320534229 -0.017240891233086586 0.011882612481713295
v -0.01021447591483593 -0.0066890660673379898 0.020895829424262047
v -0.010212687775492668 -0.0073329601436853409 0.020103622227907181
v -0.010209940373897552 0.0077038910239934921 0.020747488364577293
v -0.010208941996097565 0.0075746830552816391 0.019924579188227654
v -0.010204605758190155 0.012845238670706749 0.017530035227537155
v -0.010204164311289787 0.018678663298487663 -0.00048275405424647033
v -0.010202874429523945 -0.013127380982041359 0.017611682415008545
v -0.010201244615018368 -0.010441208258271217 0.019204637035727501
v -0.0101986238732934 0.018575137481093407 0.0021690702997148037
v -0.010197218507528305 -0.0089214388281106949 0.01960136741399765
v -0.010195694863796234 0.011248579248785973 0.018984356895089149
v -0.010193697176873684 0.0090083982795476913 0.019418938085436821
v -0.010193400084972382 -0.0086480472236871719 0.020235799252986908
v -0.010190333239734173 -0.018947521224617958 0.0022988233249634504
v -0.010189828462898731 0.018155952915549278 -0.0085727619007229805
v -0.010188572108745575 -0.018618876114487648 -0.0080087762326002121
v -0.010186866857111454 0.0096746739000082016 0.020018294453620911
v -0.010186421684920788 -0.011285657063126564 0.01873292401432991
v -0.01017947681248188 -0.010280812159180641 0.01902434416115284
v -0.010174988768994808 0.010341575369238853 0.018799666315317154
v -0.010174096561968327 0.01727408729493618 0.010416653007268906
v -0.010173952206969261 0.012298351153731346 0.018287595361471176
v -0.010173823684453964 -0.01851203478872776 -0.0087393401190638542
v -0.010173789225518703 0.013862347230315208 0.016546670347452164
v -0.010172602720558643 -0.01072346605360508 0.018800243735313416
v -0.010172170586884022 -0.014157036319375038 0.016637414693832397
v -0.010169967077672482 -0.017623865976929665 0.010531578212976456
v -0.010168037377297878 -0.012196296826004982 0.018147824332118034
v -0.010167666710913181 0.010779773816466331 0.018557392060756683
v -0.0101661691442132 -0.010532552376389503 0.019380608573555946
v -0.010156002826988697 0.011540522798895836 0.019041029736399651
v -0.010153992101550102 0.013097560033202171 0.017649140208959579
v -0.010150999762117863 -0.011897319927811623 0.018095480278134346
v -0.010150465182960033 -0.018248001113533974 -0.010233518667519093
v -0.010150332935154438 0.017781628295779228 -0.010636569932103157
v -0.010145247913897038 0.011907776817679405 0.0178176648914814
v -0.010143686085939407 -0.013219783082604408 0.017372027039527893
v -0.010139116086065769 0.014749770984053612 0.015454002656042576
v -0.010137585923075676 -0.015058139339089394 0.01555169653147459
v -0.010137371718883514 0.012416651472449303 0.018449662253260612
v -0.010132282972335815 -0.012309262529015541 0.018311711028218269
v -0.010131283663213253 0.013862645253539085 0.016921646893024445
v -0.010130167007446289 -0.017958620563149452 -0.011522796005010605
v -0.010128560476005077 -0.012870782986283302 0.017362426966428757
v -0.010127833113074303 -0.013793820515275002 0.016866350546479225
v -0.01012182142585516 0.017369722947478294 -0.012291952967643738
v -0.010119589045643806 0.012933781370520592 0.016970768570899963
v -0.010119365528225899 -0.017801323905587196 -0.012118995189666748
v -0.010118788108229637 -0.00058219756465405226 0.022003600373864174
v -0.010116645134985447 0.013242235407233238 0.017789596691727638
v -0.010116060264408588 0.0015264359535649419 0.021983381360769272
v -0.010114012286067009 -0.0026563645806163549 0.021864181384444237
v -0.010109816677868366 0.0036274550948292017 0.021800285205245018
v -0.010106802918016911 0.014547919854521751 0.016138827428221703
v -0.010103566572070122 -0.004713812842965126 0.021557264029979706
v -0.010102460160851479 -0.01378932036459446 0.016509078443050385
v -0.010101065039634705 0.015497257933020592 0.014261262491345406
v -0.010099536739289761 -0.015819484367966652 0.014363757334649563
v -0.010098031722009182 0.0057096090167760849 0.021453695371747017
v -0.010096908546984196 0.016899457201361656 -0.01371709443628788
v -0.010093816556036472 0.014007231220602989 0.017061421647667885
v -0.010093303397297859 -0.017332339659333229 -0.013583150692284107
v -0.010091212578117847 -0.013929838314652443 0.017012681812047958
v -0.010091207921504974 -0.014890292659401894 0.015698539093136787
v -0.010090887546539307 0.013848593458533287 0.01602538675069809
v -0.010087301023304462 -0.0067391339689493179 0.02107500284910202
v -0.010080647654831409 0.015160581097006798 0.01530188973993063
v -0.010080305859446526 -0.015163922682404518 0.015351105481386185
v -0.010080199688673019 0.0077581610530614853 0.020926546305418015
v -0.010079957544803619 0.017808688804507256 0.0076767792925238609
v -0.010076074860990047 -0.018167907372117043 0.0078006545081734657
v -0.010076001286506653 0.016389539465308189 -0.014903398230671883
v -0.010070641525089741 -0.014682674780488014 0.015467707999050617
v -0.010070569813251495 -0.01676730252802372 -0.014913839288055897
v -0.010068955831229687 0.014702802523970604 0.016267109662294388
v -0.010067936964333057 -0.014659116044640541 0.016273368149995804
v -0.01006559282541275 0.01604989729821682 -0.015557723119854927
v -0.010065539740025997 -0.018993282690644264 -0.00047836173325777054
v -0.010065033100545406 -0.0087147597223520279 0.02040988951921463
v -0.010060803964734077 0.016107996925711632 0.01299051009118557
v -0.0100602051243186 -0.016399839892983437 -0.015616750344634056
v -0.010059230960905552 -0.016442710533738136 0.013096409849822521
v -0.0100590530782938 0.014648875221610069 0.014977363869547844
v -0.010058693587779999 0.015769487246870995 -0.016038190573453903
v -0.010055609047412872 0.0097486730664968491 0.020190764218568802
v -0.010052898898720741 -0.01605680026113987 -0.016191704198718071
v -0.010046415030956268 0.015099173411726952 -0.017022959887981415
v -0.010046340525150299 0.015820479020476341 0.014205101877450943
v -0.010042791254818439 -0.015322277322411537 0.015473381616175175
v -0.010042312555015087 0.015326833352446556 0.015414717607200146
v -0.010040530934929848 -0.015362018719315529 -0.017179727554321289
v -0.010038920678198338 -0.01537770964205265 0.0144283352419734
v -0.010036392137408257 -0.010617369785904884 0.019547048956155777
v -0.010032441467046738 -0.018957341089844704 -0.0031453284900635481
v -0.010031783953309059 0.014292707666754723 -0.017986690625548363
v -0.010029090568423271 -0.016209075227379799 0.01371767558157444
v -0.010026346892118454 0.015288239344954491 0.013901402242481709
v -0.010026120580732822 -0.016259456053376198 0.013622725382447243
v -0.010026057250797749 -0.014525482431054115 -0.018145821988582611
v -0.010026032105088234 0.018565377220511436 -0.0032432700973004103
v -0.010023044422268867 0.011637544259428978 0.01920197531580925
v -0.010019604116678238 0.016585981473326683 0.011677740141749382
v -0.010018030181527138 -0.016930440440773964 0.01178700290620327
v -0.010015967302024364 -0.01591513492166996 0.014618286862969398
v -0.010015130043029785 0.013350239023566246 -0.018901390954852104
v -0.010014236904680729 0.015879517421126366 0.014514155685901642
v -0.010009331628680229 -0.013561973348259926 -0.019048403948545456
v -0.010004594922065735 -0.015965992584824562 0.013303319923579693
v -0.01000358909368515 0.012526055797934532 0.018602518364787102
v -0.010000945068895817 -0.012414077296853065 0.018466798588633537
v -0.0099978605285286903 0.012343993410468102 -0.01969609223306179
v -0.0099940728396177292 0.016587456688284874 0.012533535249531269
v -0.0099909454584121704 0.01814238540828228 0.0049221636727452278
v -0.0099908094853162766 -0.012424105778336525 -0.019905682653188705
v -0.0099890222772955894 0.015855735167860985 0.012673266232013702
v -0.0099877342581748962 -0.016436005011200905 0.013716615736484528
v -0.0099868215620517731 -0.018508324399590492 0.005050374660640955
v -0.0099820885807275772 0.013364022597670555 0.017932839691638947
v -0.0099794631823897362 0.011170646175742149 -0.020443543791770935
v -0.0099778585135936737 0.016958495602011681 0.010343910194933414
v -0.009977179579436779 0.016785671934485435 0.011994153261184692
v -0.0099763683974742889 -0.017309779301285744 0.01045756321400404
v -0.0099744033068418503 0.010808607563376427 -0.020641544833779335
v -0.0099718868732452393 -0.011191630735993385 -0.020641501992940903
v -0.0099671706557273865 -0.017068604007363319 0.011741464957594872
v -0.0099631054326891899 -0.016513148322701454 0.011943843215703964
v -0.0099619030952453613 -0.017125556245446205 0.011573070660233498
v -0.0099585894495248795 0.01414080522954464 0.017193665727972984
v -0.0099583445116877556 -0.014055961742997169 0.017151491716504097
v -0.0099580707028508186 0.0095926281064748764 -0.02120991051197052
v -0.0099559007212519646 -0.0099780205637216568 -0.021208547055721283
v -0.0099547738209366798 0.016773646697402 0.012606789357960224
v -0.0099459663033485413 0.016354238614439964 0.01125760655850172
v -0.0099428948014974594 0.0082332547754049301 -0.02171691507101059
v -0.0099409939721226692 -0.0086163673549890518 -0.021716304123401642
v -0.0099397171288728714 -0.018751764670014381 -0.0059274532832205296
v -0.0099348947405815125 0.018358638510107994 -0.0059917671605944633
v -0.009934350848197937 -0.01479574479162693 0.016401806846261024
v -0.0099332453683018684 0.014847030863165855 0.016387239098548889
v -0.0099321361631155014 0.017222104594111443 0.010554143227636814
v -0.009930378757417202 0.0068533476442098618 -0.022117005661129951
v -0.0099287368357181549 -0.0072307679802179337 -0.022118112072348595
v -0.0099281026050448418 -0.01725674606859684 0.011807508766651154
v -0.0099248308688402176 -0.00058514799457043409 0.022115757688879967
v -0.0099203139543533325 0.0054578240960836411 -0.022427201271057129
v -0.0099201947450637817 0.0015315917553380132 0.022094724699854851
v -0.0099197039380669594 -0.002667704364284873 0.02197570912539959
v -0.0099189644679427147 -0.0058277789503335953 -0.022429699078202248
v -0.0099155614152550697 -0.016980806365609169 0.010384593158960342
v -0.009913301095366478 0.0036406128201633692 0.021910738199949265
v -0.0099108787253499031 0.018344944342970848 0.0021677331533282995
v -0.0099086500704288483 -0.015468800440430641 0.015589955262839794
v -0.0099084982648491859 -0.0047338400036096573 0.021667288616299629
v -0.0099069327116012573 0.0026380626950412989 -0.022832769900560379
v -0.0099064046517014503 -0.018716657534241676 0.0022967669647186995
v -0.0099062854424118996 0.015480315312743187 0.015522119589149952
v -0.0099062221124768257 -0.0030126513447612524 -0.022834338247776031
v -0.0099052591249346733 -0.017613107338547707 0.0097647784277796745
v -0.0099022677168250084 -0.00019351567607372999 -0.02296733483672142
v -0.0099003445357084274 0.0057311411947011948 0.021562349051237106
v -0.0098985861986875534 0.017474187538027763 0.0094816824421286583
v -0.0098954355344176292 0.016785627231001854 0.0095968702808022499
v -0.0098929470404982567 0.01749262772500515 0.007633511908352375
v -0.0098924767225980759 0.017414538189768791 0.010605884715914726
v -0.0098916320130228996 -0.017853209748864174 0.0077564888633787632
v -0.0098910629749298096 -0.0067681167274713516 0.021182548254728317
v -0.0098845548927783966 0.018465427681803703 -0.00047318494762293994
v -0.0098840733990073204 -0.017746144905686378 0.0090881446376442909
v -0.0098813548684120178 -0.016070643439888954 0.014721913263201714
v -0.0098809609189629555 0.0077890511602163315 0.021032311022281647
v -0.0098780039697885513 0.016040747985243797 0.014608769677579403
v -0.0098685137927532196 0.017656302079558372 0.0085213491693139076
v -0.0098673393949866295 -0.0087531004101037979 0.020513862371444702
v -0.0098661351948976517 -0.018411898985505104 -0.0087129399180412292
v -0.0098657403141260147 -0.017806554213166237 0.0098075149580836296
v -0.0098623232915997505 0.018020672723650932 -0.008740423247218132
v -0.0098568117246031761 -0.017398560419678688 0.0084567535668611526
v -0.0098544862121343613 0.0097903665155172348 0.020292043685913086
v -0.0098528424277901649 -0.016599247232079506 0.013806823641061783
v -0.0098419394344091415 -0.017947414889931679 0.0077429674565792084
v -0.0098370444029569626 -0.010665753856301308 0.019645934924483299
v -0.0098346462473273277 0.017161009833216667 0.0075996839441359043
v -0.0098286373540759087 0.017851671203970909 0.0085558705031871796
v -0.0098199900239706039 0.011691739782691002 0.019295927137136459
v -0.0098186153918504715 0.016945814713835716 0.012677645310759544
v -0.0098084639757871628 0.017826734110713005 0.0048975213430821896
v -0.0098071601241827011 -0.018194163218140602 0.0050250394269824028
v -0.0098061542958021164 0.017925908789038658 0.0065284986048936844
v -0.0098044313490390778 -0.017864057794213295 -0.011489052325487137
v -0.0098022008314728737 -0.018142873421311378 0.0077680423855781555
v -0.0098012285307049751 0.017480378970503807 -0.011476127430796623
v -0.0097998026758432388 -0.012473443523049355 0.018558531999588013
v -0.0097996369004249573 0.012587016448378563 0.018691552802920341
v -0.0097930459305644035 -0.017430895939469337 0.011871921829879284
v -0.0097916116937994957 -0.018097827211022377 0.0061354045756161213
v -0.0097887879237532616 -0.017734089866280556 0.0062243584543466568
v -0.0097794895991683006 -0.018731335178017616 -0.00046949854004196823
v -0.0097773335874080658 0.013431673869490623 0.018016278743743896
v -0.0097734350711107254 -0.017476567998528481 -0.012866577133536339
v -0.0097704585641622543 0.017099959775805473 -0.012834338471293449
v -0.0097643919289112091 0.017456045374274254 0.0052923676557838917
v -0.0097640193998813629 0.018129399046301842 0.0064822733402252197
v -0.0097567513585090637 0.017592592164874077 0.010656832717359066
v -0.0097555313259363174 -0.014126935973763466 0.017233612015843391
v -0.0097532495856285095 0.014214789494872093 0.017270943149924278
v -0.0097454460337758064 -0.018727133050560951 -0.0031264491844922304
v -0.0097436802461743355 -0.016973206773400307 -0.014233716763556004
v -0.0097427600994706154 0.018334796652197838 -0.0032239914871752262
v -0.009740736335515976 0.016606977209448814 -0.014184258878231049
v -0.0097391325980424881 0.018089955672621727 0.0043874331749975681
v -0.0097382552921772003 -0.018320823088288307 0.0057166223414242268
v -0.009731111116707325 -0.017986023798584938 0.0098502468317747116
v -0.0097308987751603127 -0.014872292056679726 0.016478069126605988
v -0.0097275283187627792 0.01492675207555294 0.016457827761769295
v -0.009725901298224926 0.018026245757937431 0.00215737777762115
v -0.0097244968637824059 -0.018399560824036598 0.0022857105359435081
v -0.0097222737967967987 1.8452334415997029e-07 0.022144943475723267
v -0.0097218872979283333 -0.00058547582011669874 0.022134710103273392
v -0.0097209019586443901 0.0015321729006245732 0.022112438455224037
v -0.0097202202305197716 -0.0015577616868540645 0.022089740261435509
v -0.0097187133505940437 -0.016325557604432106 -0.015564377419650555
v -0.0097166001796722412 -0.0026690156664699316 0.021994346752762794
v -0.0097155291587114334 0.015971949324011803 -0.015503536909818649
v -0.0097135994583368301 0.0036419688258320093 0.021927803754806519
v -0.0097122639417648315 -0.0035891921725124121 0.021878503262996674
v -0.0097064441069960594 -0.01799420453608036 0.0035221215803176165
v -0.009705021046102047 -0.0047360304743051529 0.021685151383280754
v -0.0097047016024589539 -0.015550622716546059 0.015659516677260399
v -0.0097004370763897896 0.015565162524580956 0.01558569073677063
v -0.0096999723464250565 0.0057332124561071396 0.021578263491392136
v -0.009699016809463501 0.018286755308508873 0.0043988837860524654
v -0.0096985679119825363 -0.0055576954036951065 0.021511651575565338
v -0.0096976589411497116 -0.01553049124777317 -0.016815688461065292
v -0.0096944542601704597 0.0063744392246007919 0.021434148773550987
v -0.009694158099591732 0.015191515907645226 -0.016748335212469101
v -0.0096935080364346504 0.018032608553767204 0.0085909049957990646
v -0.0096799647435545921 -0.018200496211647987 0.0025698163080960512
v -0.0096799517050385475 -0.0074168834835290909 0.021004112437367439
v -0.009679701179265976 0.0077916141599416733 0.02104673720896244
v -0.0096771419048309326 -0.016157308593392372 0.014784152619540691
v -0.0096765095368027687 -0.014585847035050392 -0.017960967496037483
v -0.0096760177984833717 0.017681403085589409 0.0023901567328721285
v -0.0096741663292050362 -0.018390456214547157 0.0036613561678677797
v -0.0096729295328259468 0.014264529570937157 -0.017888961359858513
v -0.009672245942056179 0.01613006554543972 0.014665301889181137
v -0.009672028012573719 -0.0080663654953241348 0.020786160603165627
v -0.0096718287095427513 0.0084311570972204208 0.020837433636188507
v -0.0096685299649834633 0.018157808110117912 0.0021321519743651152
v -0.0096682040020823479 -0.018324488773941994 0.0077942833304405212
v -0.0096675269305706024 0.018143927678465843 -0.0004667022149078548
v -0.0096573075279593468 -0.018522227182984352 -0.0058967550285160542
v -0.0096572674810886383 -0.0091361794620752335 0.020375849679112434
v -0.0096558919176459312 0.018128795549273491 -0.0059608649462461472
v -0.0096539240330457687 -0.013504931703209877 -0.01898808591067791
v -0.0096521880477666855 0.0097931232303380966 0.020304858684539795
v -0.0096504334360361099 0.013203194364905357 -0.018914394080638885
v -0.0096485204994678497 -0.016690278425812721 0.013861517421901226
v -0.0096425972878932953 -0.010061586275696754 0.019963422790169716
v -0.0096418531611561775 0.010408898815512657 0.020018456503748894
v -0.0096318582072854042 -0.01231309212744236 -0.019883990287780762
v -0.009631013497710228 -0.010718086734414101 0.01963411271572113
v -0.009629501961171627 0.018311565741896629 0.0065050311386585236
v -0.0096282549202442169 0.012031873688101768 -0.019811682403087616
v -0.0096183717250823975 -0.018127912655472755 0.00063067692099139094
v -0.0096166953444480896 0.011694556102156639 0.019306866452097893
v -0.0096155386418104172 -0.018383780494332314 -0.00046431226655840874
v -0.0096134552732110023 0.017041778191924095 0.012721170671284199
v -0.0096089886501431465 0.018158307299017906 0.00023021652305033058
v -0.009604976512491703 -0.018503108993172646 0.0057312045246362686
v -0.0096018770709633827 -0.012146199122071266 0.01879364438354969
v -0.0095958905294537544 0.012589922174811363 0.018701555207371712
v -0.0095942318439483643 -0.012477392330765724 0.018570544198155403
v -0.0095916790887713432 0.0095655377954244614 -0.021134350448846817
v -0.0095895100384950638 -0.0099508408457040787 -0.021132990717887878
v -0.0095891803503036499 -0.017528602853417397 0.011912326328456402
v -0.0095891086384654045 0.01775570772588253 -0.00046444943291135132
v -0.0095870848745107651 0.010770102962851524 -0.020559970289468765
v -0.0095857689157128334 -0.018138477578759193 -0.00043961996561847627
v -0.009585035964846611 -0.018138566985726357 -0.00046325239236466587
v -0.009584612213075161 -0.011154735460877419 -0.020559974014759064
v -0.0095782643184065819 -0.018184268847107887 -0.0086677465587854385
v -0.0095778610557317734 0.017792670056223869 -0.0086951414123177528
v -0.0095764379948377609 0.0082113202661275864 -0.021639557555317879
v -0.00957453902810812 -0.0085943583399057388 -0.021638950332999229
v -0.009573240764439106 0.013434549793601036 0.018025631085038185
v -0.0095705585554242134 -0.013413900509476662 0.017868688330054283
v -0.0095687815919518471 0.018354585394263268 0.00022913825523573905
v -0.0095651093870401382 0.01846928708255291 0.0044124992564320564
v -0.0095640206709504128 0.0068360920995473862 -0.022038212046027184
v -0.0095623787492513657 -0.0072134379297494888 -0.022039320319890976
v -0.0095617305487394333 0.01801799051463604 -0.0032019908539950848
v -0.0095615321770310402 -0.018408471718430519 -0.003104751231148839
v -0.0095540992915630341 0.0054445918649435043 -0.022347360849380493
v -0.009552747942507267 -0.005814502015709877 -0.022349854931235313
v -0.0095526101067662239 0.01769254170358181 0.010689400136470795
v -0.0095489183440804482 0.014217546209692955 0.017279928550124168
v -0.0095459232106804848 -0.018333384767174721 -0.00044547216384671628
v -0.0095415227115154266 -0.018572637811303139 0.0036680512130260468
v -0.009540945291519165 0.0026315359864383936 -0.022751742973923683
v -0.0095402626320719719 -0.0030060650315135717 -0.022753298282623291
v -0.0095373624935746193 -0.014526406303048134 0.016859032213687897
v -0.0095363697037100792 -0.00019347097259014845 -0.02288595587015152
v -0.0095352726057171822 0.017727470025420189 -0.0022316726390272379
v -0.0095282383263111115 -0.018087739124894142 0.0098784491419792175
v -0.0095231374725699425 0.014929478988051414 0.016466578468680382
v -0.0095064910128712654 -0.015383223071694374 0.015890290960669518
v -0.0095056602731347084 0.017257055267691612 -0.011410915292799473
v -0.0095052551478147507 -0.017641300335526466 -0.011423766613006592
v -0.0094960732385516167 0.015568098053336143 0.015594233758747578
v -0.0094941044226288795 -0.018057340756058693 -0.0034489284735172987
v -0.0094905337318778038 0.018134927377104759 0.0086146648973226547
v -0.0094779860228300095 -0.017951453104615211 -0.0038821753114461899
v -0.0094779767096042633 0.017814910039305687 -0.0059248507022857666
v -0.009476739913225174 -0.018206620588898659 -0.0058608748950064182
v -0.0094738248735666275 -0.016136268153786659 0.014832863584160805
v -0.0094697624444961548 0.01688111387193203 -0.01275460422039032
v -0.0094696832820773125 0.017999989911913872 -0.0042185443453490734
v -0.0094690099358558655 -0.017258429899811745 -0.012786555103957653
v -0.0094680283218622208 0.016133477911353111 0.014673652127385139
v -0.0094665689393877983 -0.018428349867463112 0.0078130876645445824
v -0.0094577614217996597 -0.017901042476296425 -0.0045288437977433205
v -0.0094517199322581291 0.016422456130385399 0.014132491312921047
v -0.0094511983916163445 0.017569607123732567 -0.0049915132112801075
v -0.0094397319480776787 -0.016783962026238441 0.01369749940931797
v -0.0094383619725704193 0.018213776871562004 -0.0039367000572383404
v -0.0094355940818786621 0.018536804243922234 0.00023119959223549813
v -0.0094346320256590843 0.016395693644881248 -0.014085522852838039
v -0.0094336783513426781 -0.016762891784310341 -0.014134416356682777
v -0.009427621029317379 0.018415262922644615 0.0065219281241297722
v -0.0094176381826400757 -0.018095502629876137 -0.0045436504296958447
v -0.0094141550362110138 -0.018514851108193398 -0.00044798501767218113
v -0.0094098150730133057 0.017046419903635979 0.012729332782328129
v -0.0094044953584671021 -0.018607938662171364 0.0057434868067502975
v -0.0094038341194391251 -0.01731894351541996 0.012504798360168934
v -0.0094029735773801804 -0.017815405502915382 -0.0064427182078361511
v -0.009402252733707428 0.015772214159369469 -0.015382771380245686
v -0.009401313029229641 -0.016127133741974831 -0.015442900359630585
v -0.0093964310362935066 0.017478300258517265 -0.0086402632296085358
v -0.0093941790983080864 -0.017868200317025185 -0.008612767793238163
v -0.009392905980348587 0.017255736514925957 0.01215947512537241
v -0.0093862731009721756 -0.017534146085381508 0.011920969933271408
v -0.0093766525387763977 0.01731533370912075 -0.0074383188039064407
v -0.0093731135129928589 0.018055757507681847 -0.0060162926092743874
v -0.0093728937208652496 0.015006935223937035 -0.01660538837313652
v -0.0093721477314829826 -0.015347564592957497 -0.016672031953930855
v -0.0093666696920990944 -0.017743820324540138 0.011267693713307381
v -0.0093641607090830803 0.01857379637658596 0.0044241230934858322
v -0.0093610025942325592 0.01766212098300457 -0.007689841091632843
v -0.0093534793704748154 -0.017892474308609962 -0.0065889297984540462
v -0.0093496963381767273 0.017698531970381737 0.010697283782064915
v -0.0093452334403991699 0.014097994193434715 -0.017725545912981033
v -0.0093445694074034691 -0.014421219006180763 -0.017796963453292847
v -0.0093421293422579765 -0.018677974119782448 0.0036758380010724068
v -0.0093415984883904457 0.017151286825537682 -0.008587992750108242
v -0.0093386974185705185 -0.017994264140725136 0.010331525467336178
v -0.0093378685414791107 -0.017450267449021339 -0.0083593139424920082
v -0.0093327835202217102 -0.017509141936898232 -0.0087483664974570274
v -0.009321063756942749 -0.018125781789422035 0.0097406888380646706
v -0.0093187121674418449 0.013056492432951927 -0.018732840195298195
v -0.009318152442574501 -0.013360330834984779 -0.018806086853146553
v -0.0093169612810015678 0.016943192109465599 -0.01132616400718689
v -0.0093149961903691292 0.017001738771796227 -0.0094611141830682755
v -0.0093136588111519814 -0.01732579804956913 -0.011338378302752972
v -0.0093079265207052231 0.017802780494093895 -0.0080908508971333504
v -0.0093048335984349251 0.018395794555544853 -0.0039431359618902206
v -0.0092942891642451286 0.011905839666724205 -0.019614627584815025
v -0.0092939184978604317 -0.012189367786049843 -0.019686654210090637
v -0.0092926649376749992 0.010678118094801903 -0.020377226173877716
v -0.0092895645648241043 -0.011062586680054665 -0.020376525819301605
v -0.0092895422130823135 -0.017604345455765724 -0.0086265141144394875
v -0.009288388304412365 0.018142318353056908 0.008622228167951107
v -0.0092856027185916901 -0.018276521936058998 -0.0045544775202870369
v -0.0092852702364325523 0.017221560701727867 -0.010107414796948433
v -0.0092777842655777931 0.016570692881941795 -0.012648485600948334
v -0.0092740505933761597 -0.016946518793702126 -0.012679270468652248
v -0.0092726647853851318 -0.017124230042099953 -0.010723039507865906
v -0.0092725940048694611 0.01712275855243206 -0.01051207073032856
v -0.0092676635831594467 -0.017004946246743202 -0.010602163150906563
v -0.0092648621648550034 -0.018432194367051125 0.0078614559024572372
v -0.0092585468664765358 0.0094794239848852158 -0.020918726921081543
v -0.009256383404135704 -0.0098646227270364761 -0.020917387679219246
v -0.0092547964304685593 0.016565835103392601 -0.011436388827860355
v -0.0092433374375104904 0.0081417318433523178 -0.021417781710624695
v -0.0092431660741567612 0.017414091154932976 -0.010151293128728867
v -0.0092414682731032372 -0.008524695411324501 -0.021417174488306046
v -0.0092392740771174431 0.016092797741293907 -0.013951409608125687
v -0.0092389080673456192 0.018237335607409477 -0.006029447540640831
v -0.0092358607798814774 0.01864187978208065 0.0002363028033869341
v -0.0092352097854018211 -0.016458803787827492 -0.013998445123434067
v -0.0092344256117939949 -0.016723940148949623 -0.011664457619190216
v -0.0092310979962348938 0.0067812260240316391 -0.021812161430716515
v -0.0092294840142130852 -0.0071585420519113541 -0.021813256666064262
v -0.0092262178659439087 0.01842389814555645 0.0065291551873087883
v -0.0092261210083961487 -0.017195725813508034 -0.010646841488778591
v -0.0092232832685112953 -0.016687283292412758 -0.012345990166068077
v -0.0092228315770626068 0.016639700159430504 -0.012100987136363983
v -0.0092214439064264297 0.0054023470729589462 -0.022118473425507545
v -0.0092208432033658028 -0.018073031678795815 -0.0066060875542461872
v -0.0092201177030801773 -0.0057722870260477066 -0.022120947018265724
v -0.0092160953208804131 -0.018620694056153297 -0.00044568916200660169
v -0.0092086503282189369 0.0026107190642505884 -0.022519683465361595
v -0.0092079658061265945 -0.0029852332081645727 -0.022521233186125755
v -0.0092073827981948853 0.016088252887129784 -0.012990628369152546
v -0.0092061031609773636 -0.016437539830803871 -0.012570053339004517
v -0.0092041902244091034 -0.00019342626910656691 -0.022652974352240562
v -0.0092023313045501709 0.015481820330023766 -0.015215152874588966
v -0.0092020891606807709 -0.018616298213601112 0.0057759308256208897
v -0.0091981356963515282 -0.015835979953408241 -0.015272784978151321
v -0.0091977119445800781 0.016326015815138817 -0.012902968563139439
v -0.0091816307976841927 -0.016191625967621803 -0.013715391978621483
v -0.0091798920184373856 0.016826292499899864 -0.012166110798716545
v -0.0091727087274193764 0.017983404919505119 -0.0081140995025634766
v -0.0091678369790315628 0.014734363183379173 -0.016402525827288628
v -0.0091658970341086388 0.015527000650763512 -0.014350788667798042
v -0.0091638024896383286 -0.016623580828309059 -0.012632569298148155
v -0.0091637074947357178 -0.015074754133820534 -0.016466215252876282
v -0.0091633694246411324 0.018583474680781364 0.0044308165088295937
v -0.0091631915420293808 0.015803402289748192 -0.014003908261656761
v -0.0091616706922650337 -0.015877986326813698 -0.013990241102874279
v -0.0091559747233986855 -0.017783904448151588 -0.0086526023223996162
v -0.0091469138860702515 -0.015655720606446266 -0.014462081715464592
v -0.0091446526348590851 -0.015616470947861671 -0.014931473881006241
v -0.0091421836987137794 0.018614819273352623 0.0037280127871781588
v -0.0091360900551080704 0.013848518952727318 -0.017489561811089516
v -0.0091337515041232109 0.014965957030653954 -0.015404393896460533
v -0.00913222786039114 -0.018691280856728554 0.0034755794331431389
v -0.0091320248320698738 -0.014172190800309181 -0.017557732760906219
v -0.0091232666745781898 0.015044813975691795 -0.015278003178536892
v -0.0091195106506347656 0.015978774055838585 -0.014094308950006962
v -0.0091094225645065308 -0.014903450384736061 -0.016091469675302505
v -0.0091079268604516983 0.014701833948493004 -0.015767082571983337
v -0.0091071296483278275 0.012834539636969566 -0.018467564135789871
v -0.0091066528111696243 0.017592532560229301 -0.010189095512032509
v -0.0091057633981108665 0.014355277642607689 -0.016320595517754555
v -0.0091048991307616234 0.018500728532671928 -0.0039431205950677395
v -0.009103856049478054 -0.015832299366593361 -0.014547579921782017
v -0.0091032367199659348 -0.013139525428414345 -0.018537476658821106
v -0.0090968143194913864 -0.014727318659424782 -0.016063645482063293
v -0.0090914377942681313 -0.017373094335198402 -0.010685335844755173
v -0.009089798666536808 -0.014570707455277443 -0.016288798302412033
v -0.009087415412068367 -0.018382037058472633 -0.0045569785870611668
v -0.009081471711397171 0.011714329943060875 -0.019324639812111855
v -0.0090787848457694054 0.010532205924391747 -0.02009301632642746
v -0.0090778442099690437 -0.011999601498246193 -0.01939338818192482
v -0.0090778116136789322 -0.014072591438889503 -0.017132693901658058
v -0.0090760216116905212 -0.010916003957390785 -0.020092416554689407
v -0.0090750157833099365 0.013511469587683678 -0.017327476292848587
v -0.0090664196759462357 -0.0139909777790308 -0.017036570236086845
v -0.0090637169778347015 0.0148604866117239 -0.015882972627878189
v -0.0090631935745477676 0.013489356264472008 -0.017193563282489777
v -0.0090586822479963303 0.013345902785658836 -0.017337402328848839
v -0.0090500228106975555 -0.013150403276085854 -0.018048608675599098
v -0.0090498495846986771 -0.018669465556740761 0.00078107463195919991
v -0.0090484097599983215 0.012597193941473961 -0.018197564408183098
v -0.009048006497323513 -0.01477564312517643 -0.016338052228093147
v -0.0090451361611485481 0.0093482937663793564 -0.020599080249667168
v -0.0090430090203881264 -0.0097334031015634537 -0.020597763359546661
v -0.0090421903878450394 0.01699923537671566 -0.012223435565829277
v -0.0090382518246769905 0.018341688439249992 -0.0060329749248921871
v -0.0090358750894665718 0.018652847036719322 0.00024254215531982481
v -0.0090343710035085678 -0.013005638495087624 -0.01806212030351162
v -0.0090301092714071274 0.0080358143895864487 -0.021088620647788048
v -0.0090282745659351349 -0.0084187183529138565 -0.021088022738695145
v -0.0090279849246144295 -0.01679646410048008 -0.012687648646533489
v -0.0090249534696340561 -0.012111017480492592 -0.018874822184443474
v -0.0090231755748391151 0.011517157778143883 -0.019021840766072273
v -0.0090224472805857658 -0.01414077915251255 -0.017161710187792778
v -0.0090219685807824135 -0.018177995458245277 -0.006612253375351429
v -0.0090215560048818588 -0.012534597888588905 -0.01847197487950325
v -0.0090181306004524231 0.0066976752132177353 -0.021476561203598976
v -0.0090165436267852783 -0.007075021043419838 -0.02147764153778553
v -0.0090164840221405029 0.011763578280806541 -0.018682682886719704
v -0.0090142814442515373 0.013483589515089989 -0.017475755885243416
v -0.0090130632743239403 0.01161385141313076 -0.018791211768984795
v -0.009013012982904911 -0.018633538857102394 -0.0004176257352810353
v -0.0090087493881583214 0.0053379442542791367 -0.021778717637062073
v -0.009007415734231472 -0.0057080034166574478 -0.021781161427497864
v -0.0090032806620001793 -0.010972285643219948 -0.019591299816966057
v -0.0090015484020113945 0.010341634973883629 -0.019727297127246857
v -0.0090013453736901283 0.010360961779952049 -0.019764142110943794
v -0.0089991511777043343 -0.010724360123276711 -0.019727125763893127
v -0.0089988959953188896 -0.010743835940957069 -0.0197640061378479
v -0.0089988699182868004 -0.013432944193482399 -0.017924200743436813
v -0.0089962789788842201 0.0025789646897464991 -0.022175278514623642
v -0.0089957881718873978 0.0099723245948553085 -0.019915610551834106
v -0.0089956186711788177 -0.0029535384383052588 -0.022176805883646011
v -0.0089921038597822189 -0.011226871982216835 -0.019415538758039474
v -0.0089919343590736389 -0.00019338156562298536 -0.022307198494672775
v -0.0089813312515616417 0.010007908567786217 -0.019801689311861992
v -0.0089812222868204117 0.016141166910529137 -0.014174900949001312
v -0.0089804623275995255 -0.0093921814113855362 -0.020346133038401604
v -0.0089783575385808945 0.0086617972701787949 -0.020483018830418587
v -0.0089774634689092636 -0.012658501043915749 -0.01862061396241188
v -0.0089722098782658577 0.011878734454512596 -0.018838273361325264
v -0.0089718382805585861 0.0094351377338171005 -0.020103776827454567
v -0.0089709321036934853 0.018086684867739677 -0.008123304694890976
v -0.008969954214990139 -0.0099503938108682632 -0.020125817507505417
v -0.008967159315943718 -0.015996331349015236 -0.01462397538125515
v -0.008965224027633667 -0.0079591367393732071 -0.020851682871580124
v -0.008963889442384243 0.0072356220334768295 -0.020952101796865463
v -0.0089582093060016632 -0.011827537789940834 -0.019248984754085541
v -0.0089581841602921486 -0.009119594469666481 -0.020503213629126549
v -0.0089560952037572861 -0.01788785494863987 -0.0086638620123267174
v -0.0089533636346459389 -0.0064549539238214493 -0.021247208118438721
v -0.0089531941339373589 0.0081305708736181259 -0.020696550607681274
v -0.0089513109996914864 0.0055506434291601181 -0.021359231323003769
v -0.0089455600827932358 -0.0080583635717630386 -0.020908841863274574
v -0.0089429644867777824 -0.0046225879341363907 -0.021594669669866562
v -0.0089403204619884491 0.0034048317465931177 -0.021711824461817741
v -0.0089390724897384644 0.0069107320159673691 -0.021145075559616089
v -0.0089374817907810211 0.010101204738020897 -0.019968992099165916
v -0.0089373178780078888 0.0025444983039051294 -0.021806878969073296
v -0.0089359758421778679 -0.002655574819073081 -0.021832110360264778
v -0.0089345229789614677 0.0013781097950413823 -0.021894410252571106
v -0.0089330775663256645 -0.00057674373965710402 -0.021934812888503075
v -0.0089330375194549561 -0.00019335176330059767 -0.021937351673841476
v -0.0089318752288818359 0.006165405735373497 -0.02137426845729351
v -0.0089313248172402382 -0.0065567139536142349 -0.021366124972701073
v -0.0089291324838995934 -0.018498877063393593 -0.0031132956501096487
v -0.0089276647195219994 -0.0060920063406229019 -0.021483965218067169
v -0.0089263720437884331 -0.010034913197159767 -0.020296657457947731
v -0.0089256521314382553 0.015007456764578819 -0.015987414866685867
v -0.0089168194681406021 0.0041024442762136459 -0.021850280463695526
v -0.0089127616956830025 -0.0034977288451045752 -0.021965565159916878
v -0.0089111067354679108 -0.014924818649888039 -0.016439102590084076
v -0.0089098326861858368 0.0082026328891515732 -0.020871877670288086
v -0.008908427320420742 0.0020785240922123194 -0.022114856168627739
v -0.0089080380275845528 -0.0020470113959163427 -0.022119039669632912
v -0.0089063467457890511 0.0010717419208958745 -0.022178908810019493
v -0.0089056044816970825 2.5902915012920857e-07 -0.022200832143425941
v -0.0089048603549599648 0.018511651083827019 -0.0039376956410706043
v -0.00890351552516222 0.017694031819701195 -0.010206909850239754
v -0.0089025478810071945 -0.0081207398325204849 -0.02108677476644516
v -0.0088903754949569702 -0.017475301399827003 -0.010703608393669128
v -0.0088890166953206062 0.00621754489839077 -0.021554883569478989
v -0.0088858092203736305 -0.014280075207352638 -0.017275115475058556
v -0.0088852634653449059 -0.0061361882835626602 -0.021665452048182487
v -0.0088773360475897789 0.013611530885100365 -0.017601247876882553
v -0.0088746389374136925 0.0041734632104635239 -0.02202720008790493
v -0.0088734561577439308 -0.0041109565645456314 -0.022064413875341415
v -0.008866460993885994 -0.002061554929241538 -0.022303061559796333
v -0.0088663464412093163 0.0020942746195942163 -0.022299963980913162
v -0.0088641373440623283 1.2491869938457967e-07 -0.022385137155652046
v -0.008862815797328949 -0.013560840860009193 -0.018049223348498344
v -0.00884227454662323 -0.012774014845490456 -0.018756037577986717
v -0.0088379867374897003 0.017097366973757744 -0.012252045795321465
v -0.008837871253490448 0.018352022394537926 -0.0060274321585893631
v -0.0088372388854622841 0.011986097320914268 -0.018979962915182114
v -0.0088303778320550919 -0.018233949318528175 -0.0062179742380976677
v -0.0088258003816008568 -0.016895720735192299 -0.012715400196611881
v -0.0088241426274180412 -0.011930430307984352 -0.019393272697925568
v -0.0088049201294779778 0.010188138112425804 -0.020122194662690163
v -0.0087948497384786606 -0.010113874450325966 -0.020453618839383125
v -0.0087797511368989944 0.0082699265331029892 -0.021033044904470444
v -0.008776787668466568 0.01623319648206234 -0.014216546900570393
v -0.0087737571448087692 -0.0081791970878839493 -0.021250709891319275
v -0.0087700048461556435 0.018096057698130608 -0.0081181339919567108
v -0.0087643386796116829 -0.016090357676148415 -0.014663849025964737
v -0.0087611600756645203 0.0062663313001394272 -0.021721301600337029
v -0.008758867159485817 -0.0061776731163263321 -0.021833129227161407
v -0.0087509406730532646 -0.01789579726755619 -0.00867493636906147
v -0.0087489103898406029 -0.0041380021721124649 -0.022234084084630013
v -0.0087486086413264275 0.0042047556489706039 -0.022196752950549126
v -0.0087461797520518303 0.01797744445502758 -0.0088471798226237297
v -0.0087430989369750023 -0.0020752639975398779 -0.022473657503724098
v -0.0087415240705013275 0.0021091012749820948 -0.022471092641353607
v -0.0087411766871809959 2.0610574580359753e-08 -0.022556068375706673
v -0.0087219970300793648 0.015091141685843468 -0.016043173149228096
v -0.0087085450068116188 -0.015010515227913857 -0.016493445262312889
v -0.0087019000202417374 0.017702346667647362 -0.010202937759459019
v -0.0086838621646165848 -0.014360526576638222 -0.017336828634142876
v -0.0086820479482412338 -0.017459983006119728 -0.010802191682159901
v -0.0086799934506416321 0.017533017322421074 -0.010877524502575397
v -0.0086756367236375809 0.0136855598539114 -0.01766989566385746
v -0.008661922998726368 -0.013635272160172462 -0.018117992207407951
v -0.0086427247151732445 -0.012841800227761269 -0.018831454217433929
v -0.0086384322494268417 0.012049382552504539 -0.019059184938669205
v -0.0086359614506363869 0.0171049814671278 -0.012248491868376732
v -0.008626212365925312 -0.011991227045655251 -0.019474772736430168
v -0.0086241671815514565 -0.016943762078881264 -0.012596277520060539
v -0.0086169987916946411 0.016875511035323143 -0.012848501093685627
v -0.0086163245141506195 -0.0168596301227808 -0.012840806506574154
v -0.0086095007136464119 0.010239949449896812 -0.020210089161992073
v -0.008600589819252491 -0.010161349549889565 -0.020544594153761864
v -0.008587690070271492 0.0083106812089681625 -0.021127497777342796
v -0.0085831824690103531 -0.0082150343805551529 -0.021347632631659508
v -0.0085824690759181976 -0.016444796696305275 -0.013908025808632374
v -0.0085748182609677315 0.016240185126662254 -0.014213754795491695
v -0.0085721751675009727 0.0062963422387838364 -0.021820392459630966
v -0.0085715437307953835 -0.0062034819275140762 -0.021933978423476219
v -0.0085641117766499519 -0.0041549894958734512 -0.022337470203638077
v -0.0085621271282434464 0.0042242314666509628 -0.022298974916338921
v -0.0085599115118384361 -0.0020839364733546972 -0.022578399628400803
v -0.0085597122088074684 0.015963992103934288 -0.014714192599058151
v -0.008558955043554306 -0.016098374500870705 -0.01466134749352932
v -0.0085585573688149452 -5.3895231388878528e-08 -0.022661296650767326
v -0.0085566947236657143 0.0021184741053730249 -0.022575149312615395
v -0.008555535227060318 -0.01604289747774601 -0.014772677794098854
v -0.0085429083555936813 -0.01582823134958744 -0.015182990580797195
v -0.0085207028314471245 0.015098189935088158 -0.016042377799749374
v -0.008511287160217762 -0.015193471685051918 -0.016236590221524239
v -0.0085095586255192757 0.014800718054175377 -0.016433333978056908
v -0.0084854420274496078 -0.014534363523125648 -0.017136050388216972
v -0.0084829339757561684 -0.014459544792771339 -0.017227973788976669
v -0.0084756119176745415 0.013693680986762047 -0.017671678215265274
v -0.0084680020809173584 0.013393079861998558 -0.017960220575332642
v -0.008467402309179306 -0.013933533802628517 -0.017824286594986916
v -0.0084433658048510551 -0.012898186221718788 -0.01879560574889183
v -0.0084402291104197502 0.012058204039931297 -0.019064091145992279
v -0.0084353853017091751 0.011778360232710838 -0.019265113398432732
v -0.0084230070933699608 -0.011716300621628761 -0.019672855734825134
v -0.0084133567288517952 0.01024818979203701 -0.020219199359416962
v -0.0084076309576630592 -0.010523775592446327 -0.020375201478600502
v -0.0084038218483328819 -0.010169351473450661 -0.020555136725306511
v -0.0083946743980050087 -0.0091901663690805435 -0.020995704457163811
v -0.0083937076851725578 0.0083182360976934433 -0.021140512079000473
v -0.0083871800452470779 -0.0082221571356058121 -0.021361839026212692
v -0.0083825839683413506 -0.0075422618538141251 -0.021584557369351387
v -0.0083801588043570518 0.0063026156276464462 -0.021836604923009872
v -0.0083793103694915771 -0.0070187542587518692 -0.021739140152931213
v -0.0083790561184287071 -0.0069730076938867569 -0.021751975640654564
v -0.0083788111805915833 -0.006920376792550087 -0.02176663838326931
v -0.0083746351301670074 -0.0058278534561395645 -0.022040760144591331
v -0.0083717238157987595 0.0042286869138479233 -0.022317780181765556
v -0.0083698099479079247 -0.0039673987776041031 -0.022386796772480011
v -0.0083673633635044098 0.002120813587680459 -0.022595705464482307
v -0.0083669694140553474 -0.0019679458346217871 -0.022609157487750053
v -0.0083660930395126343 -5.3895231388878528e-08 -0.022683603689074516
v -0.0065424698404967785 0.014825781807303429 0.015745250508189201
v -0.0065082781948149204 0.015401622280478477 0.014880792237818241
v -0.0064726830460131168 0.015908544883131981 0.013974210247397423
v -0.0063982736319303513 0.016728034242987633 0.012064875103533268
v -0.0063209929503500462 0.017318038269877434 0.010072312317788601
v -0.006248153280466795 -0.017850795760750771 0.0082388333976268768
v -0.0062420046888291836 0.017720198258757591 0.0080331377685070038
v -0.0061672916635870934 -0.018076652660965919 0.0061533092521131039
v -0.0061618201434612274 0.01797463558614254 0.0059642884880304337
v -0.0060857986100018024 -0.018178666010499001 0.0040541868656873703
v -0.0060809976421296597 0.018114572390913963 0.0038813063874840736
v -0.0059215654619038105 -0.018151218071579933 -0.00016415282152593136
v -0.0059177977964282036 0.018157897517085075 -0.00030822379630990326
v -0.0057557709515094757 -0.017911503091454506 -0.0042830090969800949
v -0.0057531711645424366 0.017976826056838036 -0.0043914886191487312
v -0.005672067403793335 -0.017696807160973549 -0.0063408068381249905
v -0.0056701009161770344 0.017783490940928459 -0.0064317807555198669
v -0.0055883200839161873 -0.017391527071595192 -0.008385583758354187
v -0.0055869217030704021 0.017482450231909752 -0.0084597114473581314
v -0.005504959262907505 -0.016962790861725807 -0.010409615002572536
v -0.005504317581653595 0.017030349001288414 -0.010459300130605698
v -0.0054234047420322895 0.016380971297621727 -0.012403270229697227
v -0.0054228566586971283 -0.016369784250855446 -0.012392228469252586
v -0.0054113208316266537 1.5472102177227498e-07 0.021641049534082413
v -0.0053456639871001244 0.015495574101805687 -0.014250560663640499
v -0.0053433068096637726 -0.015566388145089149 -0.014297843910753727
v -0.0052729793824255466 0.014359613880515099 -0.015951618552207947
v -0.0052682789973914623 -0.014511207118630409 -0.016073526814579964
v -0.0052332417108118534 -0.013882661238312721 -0.016891978681087494
v -0.0052068401128053665 0.012991329655051231 -0.0174673181027174
v -0.0052001983858644962 -0.01318768598139286 -0.017653334885835648
v -0.005169412586838007 -0.012431615963578224 -0.018352283164858818
v -0.0051483954302966595 0.011429375037550926 -0.018774747848510742
v -0.005141036119312048 -0.011621767655014992 -0.018985122442245483
v -0.005098097026348114 0.0097169931977987289 -0.019869726151227951
v -0.0050916257314383984 -0.0098728928714990616 -0.020054122433066368
v -0.0050562531687319279 0.0078909751027822495 -0.020754598081111908
v -0.0050517348572611809 -0.008002186194062233 -0.02088029682636261
v -0.0050232140347361565 0.0059827473014593124 -0.021432980895042419
v -0.0050208205357193947 -0.0060548875480890274 -0.021495120599865913
v -0.0049992711283266544 0.0040191169828176498 -0.021907942369580269
v -0.0049984506331384182 -0.0040596071630716324 -0.021925665438175201
v -0.004984760656952858 0.002019381383433938 -0.022185729816555977
v -0.0049847192130982876 -0.002037206431850791 -0.022185690701007843
v -0.004979835357517004 -6.8796389030012506e-08 -0.022275172173976898
v -0.004017932340502739 -6.8796389030012506e-08 -0.022112533450126648
v -0.0036173919215798378 -0.0016314330277964473 0.02136668935418129
v -0.0036161902826279402 0.0020009635481983423 0.021360971033573151
v -0.0036033282522112131 -0.0036352963652461767 0.021126208826899529
v -0.0036017014645040035 0.0039904024451971054 0.021124599501490593
v -0.0035791199188679457 -0.0056064818054437637 0.020706452429294586
v -0.003577499883249402 0.0059529747813940048 0.020719693973660469
v -0.0035450118593871593 -0.0075286123901605606 0.020103516057133675
v -0.0035435787867754698 0.0078645404428243637 0.020133081823587418
v -0.0035012753214687109 -0.0093808714300394058 0.019309930503368378
v -0.0034997060429304838 0.0096987094730138779 0.019340099766850471
v -0.0034481212496757507 -0.011131623759865761 0.01831352524459362
v -0.0034455792047083378 0.011413415893912315 0.018313772976398468
v -0.0034147235564887524 0.012208839878439903 0.017706789076328278
v -0.0033859019167721272 -0.012738922610878944 0.017099717631936073
v -0.0033814434427767992 0.012953361496329308 0.017036436125636101
v -0.0033515356481075287 -0.013472611084580421 0.016408463940024376
v -0.0033460066188126802 0.013640021905303001 0.01630677655339241
v -0.0033151952084153891 -0.014149898663163185 0.015661494806408882
v -0.003308621933683753 0.014262935146689415 0.015522986650466919
v -0.0032769630197435617 -0.01476464606821537 0.014861979521811008
v -0.0032371298875659704 -0.015311563387513161 0.014014681801199913
v -0.0032291063107550144 0.015314077958464622 0.013820912688970566
v -0.0031958527397364378 -0.015788713470101357 0.013125970028340816
v -0.0031534240115433931 -0.016196871176362038 0.012203507125377655
v -0.0031449079979211092 0.016117474064230919 0.011986690573394299
v -0.0030659055337309837 -0.016820782795548439 0.010284998454153538
v -0.003057700814679265 0.01670381985604763 0.010071081109344959
v -0.002975936746224761 -0.01722700335085392 0.0083058960735797882
v -0.002968495013192296 0.017110912129282951 0.0081078968942165375
v -0.0028845334891229868 -0.017466137185692787 0.0062950742430984974
v -0.0028778458945453167 0.017375236377120018 0.0061126900836825371
v -0.0027921975124627352 -0.017583781853318214 0.0042672711424529552
v -0.0027862030547112226 0.01752672903239727 0.0041000517085194588
v -0.0026052726898342371 -0.01758171059191227 0.00018167572852689773
v -0.0026003180537372828 0.017588010057806969 4.167497536400333e-05
v -0.0024114795960485935 -0.017348522320389748 -0.0038360161706805229
v -0.0024076425470411777 0.017407363280653954 -0.0039428165182471275
v -0.0023128753527998924 -0.017131069675087929 -0.0058455080725252628
v -0.0023098038509488106 0.01720908097922802 -0.0059355041012167931
v -0.0022137949708849192 -0.016822272911667824 -0.0078428760170936584
v -0.0022113672457635403 0.016903882846236229 -0.007916746661067009
v -0.0021148121450096369 -0.016392672434449196 -0.0098199052736163139
v -0.002113172085955739 0.01645270548760891 -0.0098707899451255798
v -0.0020169364288449287 -0.015805507078766823 -0.011756649240851402
v -0.0020164879970252514 0.015813698992133141 -0.011771580204367638
v -0.0019229842582717538 0.014951637014746666 -0.013580644503235817
v -0.0019216656219214201 -0.015018666163086891 -0.013619717210531235
v -0.0018346008146181703 0.013853197917342186 -0.015251535922288895
v -0.0018310330342501402 -0.013994226232171059 -0.015359645709395409
v -0.0017882516840472817 -0.013386929407715797 -0.016164068132638931
v -0.0017531475750729442 0.012535100802779198 -0.016747072339057922
v -0.0017476157518103719 -0.01271706260740757 -0.016914624720811844
v -0.0017093465430662036 -0.011989498510956764 -0.017606299370527267
v -0.0016799626173451543 0.011032825335860252 -0.018044915050268173
v -0.0016736827092245221 -0.011210972443223 -0.018235484138131142
v -0.0016159155638888478 0.0093858297914266586 -0.019139820709824562
v -0.0016103608068078756 -0.0095304194837808609 -0.019307177513837814
v -0.001561738783493638 0.0076279845088720322 -0.02003197930753231
v -0.0015578613383695483 -0.0077314022928476334 -0.020146125927567482
v -0.0015181638300418854 0.0057882275432348251 -0.020722245797514915
v -0.0015161939663812518 -0.0058555696159601212 -0.020778648555278778
v -0.0014860335504636168 0.003891324857249856 -0.02121054008603096
v -0.0014854957116767764 -0.0039293710142374039 -0.021226601675152779
v -0.0014664005720987916 -0.0019730271305888891 -0.02149910107254982
v -0.0014662340981885791 0.0019561259541660547 -0.021499058231711388
v -0.0010986771667376161 1.3981986057842732e-07 0.021156245842576027
v -0.0010973637690767646 0.001349872094579041 0.021123642101883888
v -0.0010967099806293845 -0.0013564320979639888 0.021107552573084831
v -0.0010805613128468394 0.002309983829036355 0.021050430834293365
v -0.0010797909926623106 -0.0023177058901637793 0.021021004766225815
v -0.0010193523485213518 -0.0030264498200267553 0.020925341174006462
v -0.0010160378878936172 0.0030257462058216333 0.020963950082659721
v -0.00098030781373381615 -0.0032640041317790747 0.020885273814201355
v -0.00097823492251336575 0.0032588599715381861 0.02092878520488739
v -0.00093339226441457868 0.0013471153797581792 0.021077344194054604
v -0.00093271461082622409 -0.00135298992972821 0.021061340346932411
v -0.00091457989765331149 0.0022975264582782984 0.021003685891628265
v -0.00091356091434136033 -0.002304920693859458 0.020974377170205116
v -0.000824386952444911 0.0038621036801487207 0.020820144563913345
v -0.00081461021909490228 -0.0032280327286571264 0.020841304212808609
v -0.00081300991587340832 0.0032210557255893946 0.020884783938527107
v -0.00078325322829186916 0.0013409612001851201 0.020967030897736549
v -0.0007825190550647676 -0.0013453307328745723 0.020951120182871819
v -0.00076650164555758238 0.0022796152625232935 0.020894752815365791
v -0.00076522206654772162 -0.0022855342831462622 0.020865606144070625
v -0.00072157417889684439 0.0041295494884252548 0.02076278068125248
v -0.00070587539812549949 -0.0041608605533838272 0.0206927340477705
v -0.00069993530632928014 -0.0041740927845239639 0.020689390599727631
v -0.00068402290344238281 0.0013323334278538823 0.020809469744563103
v -0.00068323221057653427 -0.0013346466002985835 0.020793652161955833
v -0.00066847266862168908 0.0022593645844608545 0.020739557221531868
v -0.00066707120276987553 -0.0031832398381084204 0.02073366567492485
v -0.0006669859285466373 -0.0022628249134868383 0.020710598677396774
v -0.00066627940395846963 0.0031765906605869532 0.020776905119419098
v -0.00064973655389621854 0.0013233331264927983 0.020642807707190514
v -0.00064892205409705639 -0.0013235005317255855 0.020627075806260109
v -0.00064707844285294414 0.001779070240445435 0.020612830296158791
v -0.00063403870444744825 0.0022407232318073511 0.020571192726492882
v -0.00059572665486484766 0.0027326850686222315 0.020510803908109665
v -0.00057756510796025395 -0.0028661878313869238 0.020453358069062233
v -0.00057093938812613487 0.0031341223511844873 0.020621154457330704
v -0.00057071552146226168 -0.0031381787266582251 0.020578345283865929
v -0.00054808729328215122 0.0040825959295034409 0.020718241110444069
v -0.0005407599383033812 -0.0040887985378503799 0.020654823631048203
v -0.00053907639812678099 -0.0031014771666377783 0.020409600809216499
v -0.00049938500160351396 0.0032928644213825464 0.020415827631950378
v -0.00048422891995869577 0.0014999714912846684 0.015386138111352921
v -0.00048388712457381189 -0.0015006008325144649 0.015386143699288368
v -0.00048273697029799223 0.0017504451097920537 0.015386166051030159
v -0.00046052332618273795 -0.0034339965786784887 0.020335506647825241
v -0.0004387381486594677 -0.0026823522057384253 0.015387058258056641
v -0.00041883750236593187 0.002859985688701272 0.015387462452054024
v -0.0004094592877663672 0.0039943363517522812 0.02061237208545208
v -0.00040219881338998675 -0.0039958599954843521 0.020549830049276352
v -0.00032460506190545857 0.0039182808250188828 0.020453698933124542
v -0.00032215967075899243 0.0038313476834446192 0.020290529355406761
v -0.00031898837187327445 -0.0039160940796136856 0.020390691235661507
v -0.00030718330526724458 0.0038898347411304712 0.020366286858916283
v -0.00030537662678398192 0.003868824103847146 0.020280215889215469
v -0.00030162389157339931 -0.003448152681812644 0.015389904379844666
v -0.0002827066055033356 -0.0039074663072824478 0.020203063264489174
v -0.00026775570586323738 0.00356482551433146 0.015390613116323948
v -0.0001924093667184934 -0.0049453172832727432 0.020462017506361008
v -0.00019006652291864157 0.004936685785651207 0.020542070269584656
v -0.00016933810547925532 0.0038290976081043482 0.015392732806503773
v -9.9897908512502909e-05 0.0042283590883016586 0.020166855305433273
v -5.8187175454804674e-05 0.004798373207449913 0.020519495010375977
v -5.8045094192493707e-05 -0.0048061255365610123 0.020441830158233643
v -4.5765260438201949e-05 -0.0040733758360147476 0.015395472757518291
v -4.2748655687319115e-05 0.0040808375924825668 0.015395536087453365
v -1.1170596735610161e-05 -0.0043410900980234146 0.0200484748929739
v 5.3437270253198221e-05 0.0046539362519979477 0.020417055115103722
v 5.5361164413625374e-05 -0.004658648744225502 0.020340466871857643
v 9.0840228949673474e-05 0.0045913364738225937 0.020339509472250938
v 9.29652014747262e-05 -0.004594096913933754 0.020262865349650383
v 0.00011168293713126332 -0.0044788066297769547 0.019990455359220505
v 0.00011191427620360628 0.0044812466949224472 0.020068015903234482
v 0.0001126907518482767 0.004540642723441124 0.020251227542757988
v 0.0001144559500971809 -0.004541466012597084 0.020174289122223854
v 0.00011909053864656016 0.0045039113610982895 0.020158730447292328
v 0.0001200114784296602 -0.0045029763132333755 0.020081423223018646
v 0.00013577404024545103 -0.0043394360691308975 0.015399634838104248
v 0.00026238651480525732 0.0046186503022909164 0.020006442442536354
v 0.00027231223066337407 0.0013579783262684941 -0.021129552274942398
v 0.00027258667978458107 -0.0013574155746027827 -0.021129453554749489
v 0.00027352295001037419 -6.8796389030012506e-08 -0.021177403628826141
v 0.00027543396572582424 -0.0019404384074732661 -0.02107933908700943
v 0.00027695726021192968 -0.0044971350580453873 0.015402995049953461
v 0.00029126950539648533 0.0024738817010074854 -0.021010203287005424
v 0.00030600090394727886 0.0045275744050741196 0.015403700061142445
v 0.00031632449827156961 -0.004658648744225502 0.019905494526028633
v 0.00032877802732400596 -0.0029513479676097631 -0.02094062976539135
v 0.000382018624804914 -0.0033036710228770971 -0.020870406180620193
v 0.00038458843482658267 0.0033173917327076197 -0.020852498710155487
v 0.00040777013055048883 0.0046187248080968857 0.015406199730932713
v 0.00042033320642076433 0.0013537463964894414 -0.021065222099423409
v 0.00042063836008310318 -0.0013532581506296992 -0.021065123379230499
v 0.00042168761137872934 -2.4092909001183216e-08 -0.021113000810146332
v 0.00043405979522503912 -0.00232526077888906 -0.020969042554497719
v 0.00043512869160622358 0.0023308603558689356 -0.020963722839951515
v 0.00049186189426109195 0.0015000012936070561 -0.015633063390851021
v 0.00049221166409552097 -0.0015006306348368526 -0.015633028000593185
v 0.00049476476851850748 -0.0018312725005671382 -0.015632741153240204
v 0.00049572077114135027 -0.0018899234710261226 -0.015632638707756996
v 0.00051522441208362579 0.0038515685591846704 -0.020711248740553856
v 0.00053134100744500756 -0.0032650323119014502 -0.020808413624763489
v 0.00053410453256219625 0.0032759665045887232 -0.020791372284293175
v 0.000536510837264359 0.0026814697775989771 -0.015628142282366753
v 0.00054158334387466311 0.0027301369700580835 -0.015627577900886536
v 0.00054871401516720653 0.001345565658994019 -0.020946107804775238
v 0.00054899445967748761 -0.0013452413259074092 -0.020945988595485687
v 0.00055021425941959023 5.0412896968055065e-08 -0.020993582904338837
v 0.00055028701899573207 -0.0054800305515527725 0.020239979028701782
v 0.00055623706430196762 0.0054788347333669662 0.020329277962446213
v 0.00056090019643306732 -0.0023054720368236303 -0.020851587876677513
v 0.00056173821212723851 0.0023094175849109888 -0.020846432074904442
v 0.00056327326456084847 -0.0029008777346462011 -0.015625175088644028
v 0.00059754727408289909 -0.0040606651455163956 -0.020668923854827881
v 0.00062798440922051668 0.0013346431078389287 -0.020790120586752892
v 0.00062827079091221094 -0.0013345571933314204 -0.02078997902572155
v 0.00062885606894269586 0.0048605408519506454 0.019880963489413261
v 0.00062958494527265429 1.3981986057842732e-07 -0.020837120711803436
v 0.00063784612575545907 -0.0052959416061639786 0.020237045362591743
v 0.00063960149418562651 -0.0022821517195552588 -0.020698217675089836
v 0.00063990848138928413 0.0022849796805530787 -0.020693080499768257
v 0.00064325239509344101 0.0052942093461751938 0.020322922617197037
v 0.00064903061138466001 0.0013233331264927983 -0.020630445331335068
v 0.00064932199893519282 -0.0013235005317255855 -0.020630287006497383
v 0.00065064633963629603 2.2922682774151326e-07 -0.020676944404840469
v 0.00065674120560288429 -0.003218391677364707 -0.020692365244030952
v 0.00065742741571739316 -0.0021576376166194677 -0.02055041491985321
v 0.00065898982575163245 0.0042310114949941635 -0.020585808902978897
v 0.00065925979288294911 0.0032264350447803736 -0.020675761625170708
v 0.00066065223654732108 0.0022618381772190332 -0.020532151684165001
v 0.00066113675711676478 -0.0022594721522182226 -0.020537333562970161
v 0.00066477979999035597 -0.0042188707739114761 -0.020616874098777771
v 0.00066930265165865421 -0.00343132927082479 -0.0156131936237216
v 0.00067284650867804885 0.0034474788699299097 -0.015612789429724216
v 0.0006993922870606184 -0.016975725069642067 0.00059158535441383719
v 0.00070537097053602338 0.016981622204184532 0.00045618304284289479
v 0.00070682924706488848 -0.0055525843054056168 0.020201927050948143
v 0.00070749525912106037 -0.00510370172560215 0.020140025764703751
v 0.00071140867657959461 0.0051036085933446884 0.020224306732416153
v 0.00071258656680583954 0.0028956441674381495 -0.020418448373675346
v 0.00071830261731520295 -0.0049013439565896988 0.019767981022596359
v 0.00071923830546438694 0.0049056913703680038 0.019854353740811348
v 0.00071925012161955237 -0.0035974623169749975 -0.015607449226081371
v 0.00072423397796228528 -0.0048343781381845474 0.015414346009492874
v 0.00072495918720960617 0.0055550839751958847 0.020290656015276909
v 0.000727239646948874 -0.0050233099609613419 0.02005888894200325
v 0.00073029421037063003 0.0050244536250829697 0.020143307745456696
v 0.00073115486884489655 -0.0049213264137506485 0.019864911213517189
v 0.00073249137494713068 -0.00317173614166677 -0.020538931712508202
v 0.00073271431028842926 0.0049247946590185165 0.019950632005929947
v 0.00073409947799518704 0.0031774251256138086 -0.020522378385066986
v 0.00073488260386511683 -0.0049617085605859756 0.019964402541518211
v 0.00073713203892111778 0.0049640890210866928 0.020049374550580978
v 0.00075005664257332683 0.0031373559031635523 -0.020360980182886124
v 0.00076905917376279831 0.0048607345670461655 0.01541554369032383
v 0.0007714458042755723 -0.004925871267914772 0.019752068445086479
v 0.00079581013415008783 -0.0033481956925243139 -0.020320523530244827
v 0.00080354639794677496 0.0041452255100011826 -0.020534010604023933
v 0.00080584269016981125 0.0038291572127491236 -0.015597325749695301
v 0.00080822932068258524 -0.0041317883878946304 -0.02056426927447319
v 0.00081737176515161991 -0.0034323872532695532 -0.020295768976211548
v 0.00081809773109853268 0.0014999714912846684 0.015416882000863552
v 0.00090878736227750778 -0.004927733913064003 0.015419344417750835
v 0.00091677537420764565 -0.016749763861298561 -0.0033081201836466789
v 0.00092051597312092781 0.0040499027818441391 -0.020421726629137993
v 0.00092167354887351394 0.016802376136183739 -0.0034126474056392908
v 0.00092375680105760694 -0.0040374789386987686 -0.020451385527849197
v 0.00092725845752283931 0.0040725525468587875 -0.015582814812660217
v 0.00094856607029214501 -0.0041066501289606094 -0.015580230392515659
v 0.00094951858045533299 0.0038299320731312037 -0.020133059471845627
v 0.00098215218167752028 0.0039642062038183212 -0.020266331732273102
v 0.00098318560048937798 -0.0038989128079265356 -0.020130729302763939
v 0.00098416185937821865 -0.0039550010114908218 -0.020295634865760803
v 0.00098729296587407589 0.0039152856916189194 -0.020096635445952415
v 0.00098917179275304079 0.0039302613586187363 -0.020183006301522255
v 0.0010278187692165375 -0.016530895605683327 -0.0052597555331885815
v 0.001030107494443655 0.0048384275287389755 -0.020324608311057091
v 0.0010318749118596315 0.01660056971013546 -0.0053482032380998135
v 0.0011100572301074862 -0.0043395105749368668 -0.015560229308903217
v 0.0011396859772503376 -0.016220415011048317 -0.0071996874175965786
v 0.0011430145241320133 0.016293099150061607 -0.0072727599181234837
v 0.0011689697857946157 0.0050733145326375961 0.019740819931030273
v 0.0011714771389961243 0.004996350035071373 -0.020238928496837616
v 0.0011720848269760609 -0.0049826297909021378 -0.020293546840548515
v 0.0011901031248271465 -0.0042637083679437637 -0.019960060715675354
v 0.0012140343897044659 -0.0050829295068979263 0.019636295735836029
v 0.0012470840010792017 -0.0043410006910562515 -0.01991746574640274
v 0.0012509855441749096 -0.0050555858761072159 0.015429087914526463
v 0.0012516683200374246 -0.015792200341820717 -0.0091194063425064087
v 0.0012541738105937839 0.015845051035284996 -0.0091709624975919724
v 0.001287072547711432 0.0045346822589635849 -0.015537536703050137
v 0.0012929914519190788 -0.0048433784395456314 -0.020257502794265747
v 0.0012940652668476105 0.0048554595559835434 -0.020205974578857422
v 0.0013064820086583495 -0.0045510474592447281 -0.015534994192421436
v 0.0013065715320408344 0.0050737615674734116 0.015430734492838383
v 0.0013270846102386713 0.0050795432180166245 0.015431340783834457
v 0.0013626026920974255 -0.015213364735245705 -0.01099985558539629
v 0.0013639467069879174 0.015218785032629967 -0.011018145829439163
v 0.0013811883982270956 0.0046187993139028549 -0.015525140799582005
v 0.0013830370735377073 -0.0046957377344369888 -0.020150111988186836
v 0.0013852264964953065 0.0047040935605764389 -0.020100027322769165
v 0.0013907335232943296 0.0045071151107549667 -0.019765157252550125
v 0.001390994293615222 -0.0045058969408273697 -0.019816333428025246
v 0.0014074218925088644 -0.0046301130205392838 -0.020073987543582916
v 0.0014095776714384556 0.0046363379806280136 -0.02002391405403614
v 0.0014097536914050579 -0.0045338217169046402 -0.019901590421795845
v 0.0014105645241215825 0.0045363511890172958 -0.01985078863799572
v 0.0014160441933199763 -0.0045753810554742813 -0.019989226013422012
v 0.0014176978729665279 0.0045796092599630356 -0.019938843324780464
v 0.0014339082408696413 -0.005781346932053566 0.020053582265973091
v 0.0014352618018165231 0.0057698991149663925 0.020153993740677834
v 0.0014705929206684232 0.014382472261786461 -0.012778553180396557
v 0.0014709617244079709 -0.014445671811699867 -0.012809989042580128
v 0.0014768571127206087 0.0055619087070226669 0.020159948617219925
v 0.0014780390774831176 -0.0055702719837427139 0.020063899457454681
v 0.0014785833191126585 0.0051471199840307236 0.019677771255373955
v 0.0015021221479400992 0.0051986034959554672 0.019882140681147575
v 0.0015028674388304353 -0.0051972512155771255 0.019786637276411057
v 0.0015028989873826504 0.0053480323404073715 0.020064348354935646
v 0.0015050865476951003 -0.0053509268909692764 0.01997014693915844
v 0.0015122878830879927 0.004620065912604332 -0.019679572433233261
v 0.0015638889744877815 0.0046625044196844101 -0.019644806161522865
v 0.0015720924129709601 0.013323923572897911 -0.01440893579274416
v 0.001574620371684432 -0.013454535976052284 -0.014503918588161469
v 0.001627222285605967 0.0051736291497945786 0.019650949165225029
v 0.0016524017555639148 0.016268422827124596 0.0079196225851774216
v 0.0016609542071819305 0.016114627942442894 0.0087112048640847206
v 0.0016664182767271996 0.012058412656188011 -0.015874238684773445
v 0.0016708326293155551 -0.012226218357682228 -0.016024023294448853
v 0.0017378374468535185 0.0048589911311864853 -0.015476100146770477
v 0.0017519735265523195 0.010618245229125023 -0.017152836546301842
v 0.0017572307260707021 -0.010782400146126747 -0.017324289306998253
v 0.001774595002643764 -0.0048765335232019424 -0.015470867976546288
v 0.0017764299409464002 -0.005840519443154335 0.019998397678136826
v 0.0017945481231436133 0.01636793278157711 0.0071321548894047737
v 0.0018062593881040812 0.016209742054343224 0.0079246498644351959
v 0.0018184187356382608 0.016060417518019676 0.00868208147585392
v 0.0018210731213912368 0.015904596075415611 0.0094900205731391907
v 0.0018276410410180688 0.0090392138808965683 -0.018238702788949013
v 0.0018323421245440841 -0.0091726426035165787 -0.018389575183391571
v 0.0018592175329104066 -0.0052041355520486832 0.019513383507728577
v 0.0018804845167323947 -0.0049277935177087784 -0.015455589629709721
v 0.0018831576453521848 0.0055128689855337143 -0.01986798457801342
v 0.0018923460738733411 0.0073522385209798813 -0.019130134955048561
v 0.0018955511040985584 -0.0074479524046182632 -0.019233070313930511
v 0.0018988810479640961 -0.00487481988966465 -0.019510475918650627
v 0.0019035279983654618 0.0055229123681783676 -0.019858499988913536
v 0.0019084516679868102 -0.0055041704326868057 -0.01993139460682869
v 0.0019402500474825501 0.016096776351332664 0.0079184342175722122
v 0.0019409876549616456 0.016307299956679344 0.0071691791526973248
v 0.0019448995590209961 0.0055838581174612045 -0.019825505092740059
v 0.0019464385695755482 -0.005646461620926857 -0.019876306876540184
v 0.0019544707611203194 0.015948912128806114 0.0086417160928249359
v 0.0019771684892475605 0.0049170311540365219 -0.019395956769585609
v 0.0019792069215327501 0.01585773192346096 0.0094243958592414856
v 0.0019820879679173231 -0.0049158725887537003 -0.019465737044811249
v 0.0019825028721243143 -0.0052029881626367569 0.015452037565410137
v 0.0019853785634040833 -0.0053193215280771255 -0.019919103011488914
v 0.0019881397020071745 0.0053355749696493149 -0.01984916627407074
v 0.0020060599781572819 -0.0049269739538431168 -0.019453065469861031
v 0.0020081440452486277 0.004941081628203392 -0.01948758028447628
v 0.0020098381210118532 -0.0049392376095056534 -0.01955694705247879
v 0.0020118923857808113 0.01573670469224453 0.0099921226501464844
v 0.0020119783002883196 0.0058562513440847397 0.020067062228918076
v 0.0020277218427509069 0.015945380553603172 0.007901092991232872
v 0.0020294941496104002 -0.0049824658781290054 -0.019650928676128387
v 0.0020306538790464401 0.0049858745187520981 -0.019582200795412064
v 0.0020330976694822311 -0.0051273945719003677 -0.019819527864456177
v 0.0020373864099383354 0.0051366891711950302 -0.019751561805605888
v 0.0020378795452415943 -0.0050460342317819595 -0.019740941002964973
v 0.0020404057577252388 0.015796324238181114 0.0085968943312764168
v 0.0020411619916558266 0.005052005872130394 -0.019672811031341553
v 0.0020475324708968401 0.015757432207465172 0.0080177122727036476
v 0.002047594403848052 0.0067249294370412827 0.0080164819955825806
v 0.0020558740943670273 0.015658816322684288 0.0084582380950450897
v 0.002065286273136735 0.015633588656783104 0.0085560344159603119
v 0.0020653167739510536 0.015799751505255699 0.0077875568531453609
v 0.002068445086479187 0.016193574294447899 0.0071955895982682705
v 0.0020690876990556717 0.015624871477484703 0.0085886865854263306
v 0.0020821564830839634 0.0052159037441015244 0.015455383807420731
v 0.0020879246294498444 0.016412844881415367 0.0063844998367130756
v 0.0021132200490683317 0.015748566016554832 0.0093482472002506256
v 0.0021522529423236847 0.016042402014136314 0.0072057056240737438
v 0.0021907740738242865 0.016010498628020287 -0.0075065279379487038
v 0.0021919498685747385 0.015593698248267174 0.0092766927555203438
v 0.0022106531541794538 0.015890320762991905 0.0071052410639822483
v 0.0022230616305023432 0.016351765021681786 0.0064519979059696198
v 0.0022585364058613777 0.016135131940245628 -0.0067510800436139107
v 0.0022593149915337563 0.015832385048270226 -0.0082535631954669952
v 0.0022648146841675043 0.005070393905043602 -0.015397798269987106
v 0.0022757325787097216 0.015616109594702721 0.010115030221641064
v 0.0022766045294702053 0.0050737913697957993 -0.015395974740386009
v 0.0022866379003971815 0.0067249294370412827 0.0094520999118685722
v 0.0022881682962179184 0.015341212972998619 0.0094557348638772964
v 0.0023337884340435266 -0.0052430573850870132 0.01944708451628685
v 0.0023353726137429476 0.0052454527467489243 0.019545197486877441
v 0.0023385561071336269 -0.005089128389954567 -0.015386290848255157
v 0.0023393617011606693 0.016237607225775719 0.0065091820433735847
v 0.0023415882606059313 0.015950193628668785 -0.0074949502013623714
v 0.002357768826186657 -0.0052922759205102921 0.019658196717500687
v 0.0023582442663609982 0.0052937921136617661 0.019754311069846153
v 0.0023715784773230553 -0.0056752655655145645 0.019937537610530853
v 0.0023720522876828909 0.0056683477014303207 0.020034318789839745
v 0.0023726192303001881 0.0054464247077703476 0.019940296187996864
v 0.0023726914077997208 -0.0054486189037561417 0.019845489412546158
v 0.0023847734555602074 0.015677189454436302 -0.0087562454864382744
v 0.002395933959633112 0.0050729718059301376 -0.019184639677405357
v 0.0024029482156038284 0.015509894117712975 0.010004004463553429
v 0.0024046679027378559 0.016072293743491173 -0.0067707551643252373
v 0.0024108074139803648 0.015776714310050011 -0.0082103414461016655
v 0.0024130139499902725 0.015923207625746727 0.0066079404205083847
v 0.0024131156969815493 0.0067249294370412827 0.0066077499650418758
v 0.0024142647162079811 0.01608610711991787 0.0065449117682874203
v 0.0024188165552914143 0.015222406014800072 0.0097471233457326889
v 0.0024392472114413977 0.0050851907581090927 -0.019164418801665306
v 0.0024663724470883608 0.016205510124564171 -0.006016863975673914
v 0.0024698700290173292 0.015351807698607445 0.0099068498238921165
v 0.0024708760902285576 0.015838151797652245 -0.0074728801846504211
v 0.0024774228222668171 0.015926694497466087 0.0064851441420614719
v 0.0024977498687803745 0.015564491972327232 -0.0090693170204758644
v 0.0025208417791873217 0.016407256945967674 0.0057099824771285057
v 0.0025305342860519886 0.015959179028868675 -0.0067801862023770809
v 0.0025391303934156895 0.015666401013731956 -0.0081560825929045677
v 0.002547169104218483 0.015376066789031029 0.010865342803299427
v 0.0025536564644426107 0.01568976603448391 -0.0074433283880352974
v 0.0025805330369621515 0.015544315800070763 -0.0073508089408278465
v 0.002583333058282733 0.0067249294370412827 -0.007574321236461401
v 0.002583416411653161 0.015492191538214684 -0.0075761452317237854
v 0.0026038268115371466 0.016141658648848534 -0.0060670315288007259
v 0.0026127365417778492 0.015810942277312279 -0.006776884663850069
v 0.0026177954860031605 0.015517165884375572 -0.0081000356003642082
v 0.0026376193854957819 0.015358274802565575 -0.0080520389601588249
v 0.0026399330236017704 0.016347086057066917 0.0058058951981365681
v 0.002645926782861352 0.015516882762312889 -0.0089899944141507149
v 0.0026463910471647978 -0.0052553359419107437 0.019409725442528725
v 0.002665369538590312 0.015665670856833458 -0.0066499174572527409
v 0.0026912838220596313 0.015349885448813438 0.010735252872109413
v 0.0027072334196418524 0.015254562720656395 -0.0083547541871666908
v 0.002717884723097086 -0.0051486585289239883 -0.019116830080747604
v 0.0027218530885875225 0.016027888283133507 -0.0061067226342856884
v 0.002739523071795702 0.015266334637999535 0.011089473031461239
v 0.0027402732521295547 0.016232838854193687 0.0058912462554872036
v 0.0027681917417794466 0.015409460291266441 -0.008898596279323101
v 0.0027708939742296934 -0.0057905856519937515 -0.019575120881199837
v 0.002779525239020586 0.0052087362855672836 -0.019239015877246857
v 0.0027838191017508507 -0.0052054468542337418 -0.019311504438519478
v 0.002798611531034112 0.015879323706030846 -0.0061282566748559475
v 0.002801862545311451 0.016080429777503014 0.005949502345174551
v 0.0028027093503624201 0.015139764174818993 -0.0086473571136593819
v 0.0028031647671014071 0.0052770879119634628 -0.019334470853209496
v 0.0028063021600246429 0.015247201547026634 0.010591515339910984
v 0.002807362237945199 0.016225254163146019 -0.005334614310413599
v 0.0028075396548956633 0.0055931117385625839 -0.019505424425005913
v 0.0028148025739938021 -0.005580628290772438 -0.019579363986849785
v 0.002816501772031188 0.005369311198592186 -0.019415408372879028
v 0.0028219860978424549 -0.0053614173084497452 -0.019486498087644577
v 0.0028221860993653536 0.015717675909399986 -0.0061391685158014297
v 0.0028223765548318624 0.0067249294370412827 -0.0061387033201754093
v 0.0028363543096929789 0.015258392319083214 -0.0088129835203289986
v 0.0028417343273758888 0.014908095821738243 0.010397234000265598
v 0.0028531355783343315 -0.0069247130304574966 0.019507966935634613
v 0.0028579640202224255 0.0072290953248739243 0.019516594707965851
v 0.0028580068610608578 0.015085017308592796 0.010470299050211906
v 0.0028828184586018324 -0.0051777753978967667 -0.019048700109124184
v 0.0028859761077910662 0.015913119539618492 0.0058950725942850113
v 0.0028979303315281868 0.015728553757071495 -0.0059610400348901749
v 0.0029111884068697691 -0.008617917075753212 0.01874871738255024
v 0.0029165202286094427 0.0089042689651250839 0.018755923956632614
v 0.002922513522207737 0.0058339890092611313 -0.019433239474892616
v 0.0029316970612853765 0.01616181991994381 -0.0054135597310960293
v 0.0029488545842468739 0.0067249294370412827 -0.0089830532670021057
v 0.0029503698460757732 0.014987414702773094 -0.008985624648630619
v 0.0029529405292123556 0.0014999863924458623 -0.015284516848623753
v 0.0029573687352240086 -0.0052039120346307755 -0.015284492634236813
v 0.002966961357742548 -0.0058265719562768936 -0.019501185044646263
v 0.0029804564546793699 -0.010215902701020241 0.017805678769946098
v 0.0029868220444768667 0.010469352826476097 0.01778709888458252
v 0.0029877899214625359 0.0052092727273702621 -0.015279251150786877
v 0.0030256365425884724 0.015205254778265953 -0.0096933459863066673
v 0.0030293224845081568 0.015134936198592186 -0.010011069476604462
v 0.003037221496924758 0.016047781333327293 -0.0054813600145280361
v 0.0030598011799156666 -0.011683264747262001 0.016669360920786858
v 0.0030677639879286289 0.011878302320837975 0.016597729176282883
v 0.0030752506572753191 0.016357516869902611 0.005140284076333046
v 0.0030780564993619919 -0.0015006157336756587 -0.015262773260474205
v 0.0030831745825707912 0.015087028965353966 0.011420208029448986
v 0.0030889501795172691 0.0067249294370412827 0.010666360147297382
v 0.0031005700584501028 -0.0052192453294992447 -0.015259629115462303
v 0.0031041461043059826 0.015898426994681358 -0.0055253789760172367
v 0.0031180058140307665 -0.0052623096853494644 0.015493374317884445
v 0.0031337365508079529 0.014725631102919579 0.01071170624345541
v 0.0031367407646030188 0.015101706609129906 -0.0095659280195832253
v 0.0031478211749345064 -0.012976342812180519 0.015335593372583389
v 0.0031556105241179466 0.014800360426306725 -0.0093422103673219681
v 0.0031574086751788855 0.013085013255476952 0.01520172506570816
v 0.0031725016888231039 0.016299745067954063 0.0052624414674937725
v 0.00318914745002985 0.014947718009352684 -0.0094526419416069984
v 0.0032090391032397747 0.015074377879500389 0.011263137683272362
v 0.0032429129350930452 -0.014051178470253944 0.013818816281855106
v 0.0032485807314515114 -0.0052645597606897354 0.019344136118888855
v 0.0032487239222973585 0.0052664186805486679 0.019441511482000351
v 0.0032519586384296417 0.01618579588830471 0.0053726895712316036
v 0.0032535004429519176 0.014066180214285851 0.013639465905725956
v 0.0032604392617940903 0.015734290704131126 -0.0053450074046850204
v 0.0032699035946279764 0.016199728474020958 -0.0047342199832201004
v 0.0032710710074752569 -0.0053190682083368301 0.01956954225897789
v 0.0032711823005229235 0.0053196754306554794 0.019664453342556953
v 0.0032878757920116186 -0.0054703149944543839 0.019745973870158195
v 0.0032881004735827446 0.0054677184671163559 0.019840063527226448
v 0.0032917968928813934 -0.0059177521616220474 0.019817644730210304
v 0.0032928872387856245 0.0059090759605169296 0.019918220117688179
v 0.0032953028567135334 -0.0056854430586099625 0.019835134968161583
v 0.0032958593219518661 0.0056791361421346664 0.019931096583604813
v 0.0032969147432595491 0.016031896695494652 0.0054490719921886921
v 0.0033056559041142464 0.014976074919104576 0.011089076288044453
v 0.0033200273755937815 0.0067249294370412827 0.0054694823920726776
v 0.003328865859657526 0.014614289626479149 0.010883803479373455
v 0.0033400687389075756 0.014808556064963341 0.010947030037641525
v 0.0033432189375162125 -0.014884943142533302 0.012156826443970203
v 0.0033541098237037659 0.01483035646378994 0.011958329938352108
v 0.0033708086702972651 0.015857553109526634 0.0054284729994833469
v 0.0033726494293659925 0.0052664186805486679 0.01550360769033432
v 0.0033726512920111418 -0.0052645895630121231 0.015503614209592342
v 0.0033763314131647348 0.016137873753905296 -0.0048397998325526714
v 0.0033980866428464651 0.014879336580634117 -0.010438947938382626
v 0.0034472597762942314 -0.015489945188164711 0.010396838188171387
v 0.0034648131113499403 0.016023909673094749 -0.0049328966997563839
v 0.0034805182367563248 0.014825155958533287 -0.010520040988922119
v 0.0035181313287466764 0.0158733781427145 -0.0049959346652030945
v 0.0035258496645838022 0.014856657013297081 -0.010294221341609955
v 0.0035480039659887552 0.0052461680024862289 -0.018713511526584625
v 0.0035539546515792608 -0.015901664271950722 0.0085780015215277672
v 0.0035565362777560949 -0.015935325995087624 0.0083944099023938179
v 0.0035657887347042561 -0.016021529212594032 0.0078783901408314705
v 0.0035740169696509838 -0.015909368172287941 0.0085163582116365433
v 0.0035894932225346565 -0.016037279739975929 0.0077483882196247578
v 0.0036081860307604074 -0.016045624390244484 0.0076698232442140579
v 0.0036082572769373655 -0.001500585931353271 0.0076696337200701237
v 0.0036082572769373655 0.0014999565901234746 0.0076696337200701237
v 0.0036082572769373655 0.0067249294370412827 0.0076696337200701237
v 0.0036164578050374985 -0.001500585931353271 0.0087048802524805069
v 0.0036164578050374985 0.0014999565901234746 0.0087048802524805069
v 0.0036164578050374985 0.0067249294370412827 0.0087048802524805069
v 0.0036166762001812458 -0.015864664688706398 0.0087056700140237808
v 0.003616684814915061 -0.0052951965481042862 -0.018998574465513229
v 0.0036167672369629145 0.0052985008805990219 -0.018917636945843697
v 0.0036209195386618376 0.014758085831999779 -0.010132419876754284
v 0.0036246899981051683 0.0067249294370412827 -0.0049244388937950134
v 0.003624828765168786 0.015703266486525536 -0.0049242726527154446
v 0.0036532825324684381 0.014599984511733055 -0.0099948905408382416
v 0.0036622700281441212 -0.016161004081368446 0.0067248749546706676
v 0.003669070778414607 0.0059152301400899887 -0.019161058589816093
v 0.0036698859184980392 -0.005452984943985939 -0.019177459180355072
v 0.0036712693981826305 0.0054616536945104599 -0.019098078832030296
v 0.003688297001644969 -0.0056800935417413712 -0.019265541806817055
v 0.0036885696463286877 0.0056954082101583481 -0.019183134660124779
v 0.0037253566551953554 0.015690987929701805 -0.0048291836865246296
v 0.0037278803065419197 0.016270985826849937 0.0046961391344666481
v 0.0037293930072337389 -0.015779921784996986 0.009012613445520401
v 0.003762722248211503 -0.016073757782578468 0.0072628133930265903
v 0.0037717833183705807 -0.016304740682244301 0.004850468598306179
v 0.0037865857593715191 -0.015744278207421303 0.0091264350339770317
v 0.0037984477821737528 0.01621677540242672 0.004841226153075695
v 0.003810093505308032 0.014762556180357933 0.011912483721971512
v 0.0038120488170534372 0.014805605635046959 0.01167663186788559
v 0.0038347502704709768 0.016134968027472496 -0.0042346324771642685
v 0.0038348152302205563 -0.016076916828751564 0.007133586797863245
v 0.0038527562282979488 0.016103466972708702 0.0049722404219210148
v 0.0038557671941816807 0.0067249294370412827 -0.010121316649019718
v 0.0038578626699745655 0.014256512746214867 -0.010122796520590782
v 0.0038784584030508995 0.015947600826621056 0.0050618536770343781
v 0.0038834305014461279 0.014712920412421227 0.011474483646452427
v 0.0038923101965337992 0.0052592065185308456 -0.018590115010738373
v 0.0038996790535748005 0.014538487419486046 0.011317175813019276
v 0.0039152489043772221 0.01432189904153347 0.011269815266132355
v 0.003919295035302639 0.016075616702437401 -0.0043633319437503815
v 0.0039434353820979595 0.015768205747008324 0.0050594429485499859
v 0.0039867549203336239 0.015961995348334312 -0.0044780010357499123
v 0.0039936346001923084 -0.016347641125321388 0.0010600908426567912
v 0.004000526387244463 0.016353106126189232 0.00092955731088295579
v 0.0040143565274775028 0.014495214447379112 -0.010951868258416653
v 0.0040232064202427864 0.015809943899512291 -0.0045563038438558578
v 0.0040278956294059753 0.014138942584395409 -0.010253756307065487
v 0.0040807928889989853 -0.015520492568612099 -0.0073579340241849422
v 0.0040954332798719406 -0.015586460009217262 0.0095508256927132607
v 0.0040966365486383438 -0.015556851401925087 -0.0071603739634156227
v 0.0041187591850757599 -0.001500585931353271 0.0067689903080463409
v 0.0041187591850757599 0.0014999565901234746 0.0067689903080463409
v 0.0041187591850757599 0.0067249294370412827 0.0067689903080463409
v 0.004118782002478838 -0.016067022457718849 0.0067689609713852406
v 0.0041250116191804409 0.014489045366644859 -0.010778765194118023
v 0.0041308379732072353 -0.015398422256112099 -0.0078675448894500732
v 0.0041411877609789371 -0.001500585931353271 0.0095973266288638115
v 0.0041411877609789371 0.0014999565901234746 0.0095973266288638115
v 0.0041411877609789371 0.0067249294370412827 0.0095973266288638115
v 0.0041411900892853737 -0.015566224232316017 0.0095973340794444084
v 0.0041439682245254517 -0.0015006008325144649 -0.0079211574047803879
v 0.0041439682245254517 0.0014999714912846684 -0.0079211574047803879
v 0.0041439682245254517 0.0067249294370412827 -0.0079211574047803879
v 0.0041440199129283428 -0.015383029356598854 -0.007921307347714901
v 0.0041465088725090027 0.0052648540586233139 -0.015063345432281494
v 0.0041519911028444767 -0.015597337856888771 -0.0068865539506077766
v 0.0041521689854562283 -0.0015006008325144649 -0.006885911338031292
v 0.0041521689854562283 0.0014999714912846684 -0.006885911338031292
v 0.0041521689854562283 0.0067249294370412827 -0.006885911338031292
v 0.0041579296812415123 -0.016063952818512917 0.0067302710376679897
v 0.0041580665856599808 0.014051860198378563 -0.010343467816710472
v 0.0041690217331051826 0.014453893527388573 -0.010681088082492352
v 0.0041894037276506424 -0.015337178483605385 -0.0080716498196125031
v 0.0041990755125880241 0.014396553859114647 -0.010585017502307892
v 0.0042005805298686028 -0.015540817752480507 0.0096534537151455879
v 0.004207975696772337 0.014233028516173363 -0.010427447035908699
v 0.0042272708378732204 -0.01562134362757206 -0.0066652563400566578
v 0.0042302259244024754 -0.016129309311509132 -0.0027119757141917944
v 0.0042321132495999336 0.015614232048392296 -0.0044463272206485271
v 0.0042360136285424232 0.016175916418433189 -0.002813846105709672
v 0.0042788940481841564 -0.016052806749939919 0.006623030174523592
v 0.0042949216440320015 -0.015632802620530128 -0.0065166265703737736
v 0.0043144775554537773 0.014150982722640038 0.01144882757216692
v 0.0043157893233001232 0.0067249294370412827 0.011449322104454041
v 0.0043333037756383419 0.0052664186805486679 -0.015025634318590164
v 0.0043333345092833042 -0.0052645895630121231 -0.015025635249912739
v 0.004351247102022171 -0.015909979119896889 -0.0045998948626220226
v 0.0044181691482663155 0.014539321884512901 0.012170386500656605
v 0.0044197193346917629 -0.015166470780968666 -0.0085341557860374451
v 0.0044387052766978741 -0.0052645597606897354 -0.018485194072127342
v 0.0044394866563379765 0.0052664186805486679 -0.018399938941001892
v 0.0044505707919597626 0.016155978664755821 0.0043878676369786263
v 0.0044786902144551277 0.0160373505204916 -0.003849127097055316
v 0.004484932404011488 0.014558887109160423 0.011964505538344383
v 0.0044883126392960548 -0.0052893403917551041 -0.018631333485245705
v 0.0044916905462741852 0.016105985268950462 0.004550248384475708
v 0.0045078094117343426 -0.0053136590868234634 -0.018688758835196495
v 0.004509584978222847 -0.0053154174238443375 -0.018691955134272575
v 0.0045100320130586624 0.0053169634193181992 -0.018606232479214668
v 0.0045178956352174282 0.015993466600775719 0.0046967081725597382
v 0.0045221466571092606 0.015835365280508995 0.0047950730659067631
v 0.0045224213972687721 0.014290144667029381 0.011571874842047691
v 0.0045262235216796398 0.014471730217337608 0.0117388516664505
v 0.0045301588252186775 0.014388984069228172 0.011643704026937485
v 0.0045318519696593285 -0.015098745003342628 -0.0086852004751563072
v 0.0045383595861494541 0.015981188043951988 -0.0039960024878382683
v 0.0045436089858412743 0.005385449156165123 -0.018705446273088455
v 0.0045467647723853588 -0.005394304171204567 -0.018802182748913765
v 0.0045689297839999199 -0.0054726544767618179 -0.018868524581193924
v 0.0045712310820817947 0.0054812636226415634 -0.018787836655974388
v 0.0045738508924841881 0.014051100239157677 0.011534775607287884
v 0.0045816306956112385 0.015868103131651878 -0.0041277040727436543
v 0.0045840851962566376 -0.015640834346413612 -0.0060911844484508038
v 0.0045845536515116692 -0.0055638793855905533 -0.018918149173259735
v 0.004587074276059866 0.0059401597827672958 -0.018843825906515121
v 0.0045874579809606075 -0.0059226546436548233 -0.01893448643386364
v 0.0045897667296230793 0.0055961515754461288 -0.01884426549077034
v 0.0045959115959703922 -0.0056852493435144424 -0.018952000886201859
v 0.0045960387215018272 -0.0057032499462366104 -0.018954671919345856
v 0.0045968075282871723 -0.0057684872299432755 -0.018958378583192825
v 0.004597916267812252 0.0057182367891073227 -0.018870597705245018
v 0.004598615225404501 0.015714323148131371 -0.0042174803093075752
v 0.0046115242876112461 0.0067249294370412827 0.0047984933480620384
v 0.0046116681769490242 0.01564515195786953 0.0047984537668526173
v 0.004631358664482832 -0.015380242839455605 0.0099515058100223541
v 0.0046544992364943027 -0.0015006008325144649 -0.0088218087330460548
v 0.0046544992364943027 0.0014999714912846684 -0.0088218087330460548
v 0.0046544992364943027 0.0067249294370412827 -0.0088218087330460548
v 0.0046546892262995243 -0.015030631795525551 -0.0088220164179801941
v 0.0046767741441726685 -0.01563614048063755 -0.005993580911308527
v 0.0046768980100750923 -0.0015006008325144649 -0.0059934682212769985
v 0.0046768980100750923 0.0014999714912846684 -0.0059934682212769985
v 0.0046768980100750923 0.0067249294370412827 -0.0059934682212769985
v 0.0047144899144768715 0.014109587296843529 -0.011334462091326714
v 0.0047170231118798256 -0.014605158939957619 -0.010149154812097549
v 0.0047201579436659813 -0.015996972098946571 0.0063495757058262825
v 0.004767135251313448 0.013675069436430931 -0.01066355686634779
v 0.0047922092489898205 -0.015329102054238319 0.010025221854448318
v 0.004801522009074688 0.014123221859335899 -0.01113563496619463
v 0.0048038423992693424 0.013769647106528282 -0.010690159164369106
v 0.0048254532739520073 0.015504082664847374 -0.0041513550095260143
v 0.0048323590308427811 0.014093955978751183 -0.011022751219570637
v 0.004832499660551548 0.013867458328604698 -0.010740731842815876
v 0.0048358095809817314 -0.013858357444405556 -0.011899424716830254
v 0.0048363124951720238 0.013799002394080162 -0.011875125579535961
v 0.0048485975712537766 0.013960158452391624 -0.010816155932843685
v 0.0048488047905266285 0.014038300141692162 -0.010912823490798473
v 0.0048514995723962784 0.0067249294370412827 -0.0041414722800254822
v 0.0048711178824305534 -0.0015005710301920772 0.015570977702736855
v 0.0048754666931927204 -0.015973353758454323 0.0062870429828763008
v 0.0049138669855892658 -0.014901572838425636 -0.0090437866747379303
v 0.0049482821486890316 0.012781759724020958 -0.013457906432449818
v 0.0049498500302433968 -0.012902135029435158 -0.013540367595851421
v 0.0050112223252654076 -0.001500585931353271 0.0062442636117339134
v 0.0050112223252654076 0.0014999565901234746 0.0062442636117339134
v 0.0050112223252654076 0.0067249294370412827 0.0062442636117339134
v 0.0050115096382796764 -0.015951359644532204 0.0062441839836537838
v 0.0050357240252196789 -0.014846259728074074 -0.0091246478259563446
v 0.0050409892573952675 -0.015258112922310829 0.010107636451721191
v 0.0050418209284543991 -0.0015005710301920772 0.010107846930623055
v 0.0050418209284543991 0.0014999565901234746 0.010107846930623055
v 0.0050418209284543991 0.0067249294370412827 0.010107846930623055
v 0.005052981898188591 0.011570146307349205 -0.014885907992720604
v 0.0050563924014568329 -0.011724093928933144 -0.01501863356679678
v 0.0050887018442153931 -0.015593880787491798 -0.0056817331351339817
v 0.0050927302800118923 0.013922980055212975 -0.011473062448203564
v 0.0051019522361457348 0.014337589964270592 0.012329138815402985
v 0.0051454696804285049 0.013867205008864403 0.011649176478385925
v 0.0051471469923853874 0.013465916737914085 -0.010792617686092854
v 0.0051472354680299759 0.0067249294370412827 -0.01079229824244976
v 0.005148604977875948 0.010193368420004845 -0.016138378530740738
v 0.0051528681069612503 -0.010343829169869423 -0.016291394829750061
v 0.005178437102586031 0.015913253650069237 -0.003590915584936738
v 0.0051901494152843952 0.014080574735999107 0.011704315431416035
v 0.0051976572722196579 -0.015578532591462135 -0.0056239371187984943
v 0.0052023916505277157 0.015703221783041954 0.0046566086821258068
v 0.0052065481431782246 0.014183437451720238 0.011776270344853401
v 0.0052081188187003136 0.014351164922118187 0.012117257341742516
v 0.0052107549272477627 0.015860741958022118 -0.0037507177330553532
v 0.0052148960530757904 0.016020810231566429 0.0042253853753209114
v 0.0052156015299260616 0.014268374070525169 0.01187556516379118
v 0.0052159852348268032 0.014325698837637901 0.011993381194770336
v 0.0052185296081006527 0.015518998727202415 0.0046871332451701164
v 0.0052208728156983852 0.015863707289099693 0.0045540151186287403
v 0.0052230311557650566 0.015592699870467186 -0.0039914012886583805
v 0.0052248314023017883 0.015975331887602806 0.0043982192873954773
v 0.0052264658734202385 0.013845210894942284 0.011657510884106159
v 0.0052272435277700424 0.015748342499136925 -0.0038944059051573277
v 0.0052337697707116604 0.0086836125701665878 -0.017208682373166084
v 0.0052376207895576954 -0.0088061485439538956 -0.017343616113066673
v 0.0052921106107532978 -0.015195826068520546 0.010156017728149891
v 0.0053071212023496628 0.007068997249007225 -0.018093444406986237
v 0.005309677217155695 -0.0071571413427591324 -0.018185527995228767
v 0.0053862934000790119 -0.015885451808571815 0.0061781932599842548
v 0.0054350611753761768 0.0133212860673666 -0.010859556496143341
v 0.0054740556515753269 0.013421839103102684 -0.010878665372729301
v 0.0054748319089412689 0.015365933999419212 -0.0039715426973998547
v 0.0054813725873827934 0.013747965916991234 -0.011571911163628101
v 0.005486353300511837 -0.015153849497437477 0.010171122848987579
v 0.0055094757117331028 0.013526326045393944 -0.010925581678748131
v 0.0055146054364740849 -0.01465492881834507 -0.0093373041599988937
v 0.0055294344201683998 0.0014999714912846684 -0.014764213934540749
v 0.0055366414599120617 0.013624778017401695 -0.011002689599990845
v 0.0055372705683112144 0.013782372698187828 -0.011353055015206337
v 0.0055469325743615627 -0.0015006008325144649 -0.0093465317040681839
v 0.0055469325743615627 0.0014999714912846684 -0.0093465317040681839
v 0.0055469325743615627 0.0067249294370412827 -0.0093465317040681839
v 0.0055512473918497562 0.013759544119238853 -0.011227675713598728
v 0.0055513046681880951 0.013705676421523094 -0.011106565594673157
v 0.0055528110824525356 -0.015853861346840858 0.0061719752848148346
v 0.00557755958288908 -0.001500585931353271 -0.0054829558357596397
v 0.00557755958288908 0.0014999714912846684 -0.0054829558357596397
v 0.00557755958288908 0.0067249294370412827 -0.0054829558357596397
v 0.0055779591202735901 -0.015515083447098732 -0.005482853390276432
v 0.0056252689100801945 -0.01461600698530674 -0.0093664955347776413
v 0.0056898915208876133 -0.015493849292397499 -0.0054572373628616333
v 0.0057549960911273956 0.0067249294370412827 0.011665600351989269
v 0.0058058830909430981 -0.0015006008325144649 -0.014699714258313179
v 0.00581367127597332 -0.015469113364815712 -0.0054366360418498516
v 0.0058729308657348156 0.0014999416889622808 0.015622860752046108
v 0.005874264519661665 0.015451332554221153 -0.0038903262466192245
v 0.0058785858564078808 0.013928687199950218 0.011707883328199387
v 0.0058868532069027424 0.013701653108000755 0.011655135080218315
v 0.0058924336917698383 0.015559351071715355 0.0046545765362679958
v 0.0059002605266869068 0.01560894213616848 -0.0037911513354629278
v 0.0059019559994339943 0.0140345748513937 0.011778436601161957
v 0.0059107281267642975 0.015769010409712791 -0.0034727838356047869
v 0.0059128087013959885 0.015720492228865623 -0.0036407418083399534
v 0.0059240511618554592 0.014121225103735924 0.011878376826643944
v 0.0059335245750844479 0.015722295269370079 0.0045525659807026386
v 0.0059358756989240646 0.015362164005637169 0.0046939407475292683
v 0.0059424787759780884 0.014178207144141197 0.011998494155704975
v 0.0059554683975875378 0.014201229438185692 0.012125448323786259
v 0.0059644868597388268 0.014160623773932457 0.012352004647254944
v 0.0059691607020795345 0.015832921490073204 0.004394142422825098
v 0.0059924926608800888 0.015873705968260765 0.0042180554009974003
v 0.0059970305301249027 -0.01506904698908329 0.01012000348418951
v 0.006046452559530735 -0.0015005710301920772 0.0062360595911741257
v 0.006046452559530735 0.0014999565901234746 0.0062360595911741257
v 0.006046452559530735 0.0067249294370412827 0.0062360595911741257
v 0.0060582268051803112 -0.0066188070923089981 0.019309746101498604
v 0.006064251996576786 0.0067249294370412827 0.0047108130529522896
v 0.0060642869211733341 0.015333345159888268 0.0047108265571296215
v 0.0060646152123808861 0.0069074239581823349 0.019308358430862427
v 0.0060728238895535469 -0.015746304765343666 0.0062430929392576218
v 0.0060769952833652496 -0.015059182420372963 0.010099666193127632
v 0.0060770818963646889 -0.0015005710301920772 0.010099642910063267
v 0.0060770818963646889 0.0014999416889622808 0.010099642910063267
v 0.0060770818963646889 0.0067249294370412827 0.010099642910063267
v 0.0061223418451845646 -0.0082318726927042007 0.018566608428955078
v 0.0061293705366551876 0.008502548560500145 0.018562840297818184
v 0.006139096338301897 -0.014459842815995216 -0.0094179632142186165
v 0.0061682518571615219 -0.015049124136567116 0.010072080418467522
v 0.0061823870055377483 0.013124799355864525 -0.01092996634542942
v 0.0061983563937246799 -0.0097529832273721695 0.017648866400122643
v 0.006199185736477375 -0.0052786562591791153 -0.014606672339141369
v 0.0062064141966402531 0.0099923219531774521 0.017621308565139771
v 0.0062192939221858978 0.013236334547400475 -0.010972619988024235
v 0.0062279021367430687 -0.015711346641182899 0.0062924628145992756
v 0.0062360567972064018 0.015183364972472191 -0.0039223344065248966
v 0.0062412368133664131 0.012984087690711021 -0.010914388112723827
v 0.006244623102247715 -0.014432827010750771 -0.0094120511785149574
v 0.0062546567060053349 0.013340895995497704 -0.011049381457269192
v 0.0062726624310016632 0.013447379693388939 -0.011647707782685757
v 0.006283941213041544 0.013424759730696678 -0.011157187633216381
v 0.0062847710214555264 -0.011149847880005836 0.016549531370401382
v 0.0062907347455620766 0.0067249294370412827 -0.003925202414393425
v 0.0062942700460553169 0.011335110291838646 0.016473948955535889
v 0.0063034207560122013 0.013476898893713951 -0.011285249143838882
v 0.0063114762306213379 0.013493290171027184 -0.01141828391700983
v 0.0063362405635416508 -0.015350604429841042 -0.0054353438317775726
v 0.0063703218474984169 0.014109661802649498 0.012295548804104328
v 0.0063798637129366398 -0.012383246794342995 0.015265839174389839
v 0.0063907541334629059 0.012489369139075279 0.015134223736822605
v 0.0064704702235758305 -0.015316346660256386 -0.0054573598317801952
v 0.0064767203293740749 0.013629337772727013 0.011545421555638313
v 0.0064767776057124138 0.0067249294370412827 0.011545405723154545
v 0.006529809907078743 0.015294617041945457 -0.0039155851118266582
v 0.0065564760006964207 0.015219902619719505 0.0048215538263320923
v 0.0065585831180214882 0.013849487528204918 0.011578252539038658
v 0.0065671862103044987 0.01540922187268734 0.0047882674261927605
v 0.0065773907117545605 0.015454268082976341 -0.0038193087093532085
v 0.0065811621025204659 -0.014358872547745705 -0.0093549992889165878
v 0.0065821926109492779 -0.001500585931353271 -0.0093547394499182701
v 0.0065821926109492779 0.0014999565901234746 -0.0093547394499182701
v 0.0065821926109492779 0.0067249294370412827 -0.0093547394499182701
v 0.0065848133526742458 0.013957193121314049 0.011646848171949387
v 0.0065934057347476482 0.012869453057646751 -0.010880210436880589
v 0.0065999631769955158 0.0067249294370412827 -0.010879978537559509
v 0.0066127916797995567 -0.001500585931353271 -0.0054911524057388306
v 0.0066127916797995567 0.0014999565901234746 -0.0054911524057388306
v 0.0066127916797995567 0.0067249294370412827 -0.0054911524057388306
v 0.0066131940111517906 -0.01527802087366581 -0.0054912632331252098
v 0.0066186110489070415 0.014044886454939842 0.011743823997676373
v 0.006620313972234726 0.015564819797873497 -0.0036677385214716196
v 0.006629756186157465 0.015574624761939049 0.0046918136067688465
v 0.0066331801936030388 -0.015018800273537636 0.0098494403064250946
v 0.0066334311850368977 0.0014999714912846684 -0.014497060328722
v 0.0066337902098894119 0.0052833463996648788 -0.014498446136713028
v 0.0066504646092653275 0.015609061345458031 -0.0034967171959578991
v 0.0066567608155310154 0.014101913198828697 0.011860120110213757
v 0.0066944761201739311 -0.015595519915223122 0.0065359002910554409
v 0.0066950367763638496 0.014123937115073204 0.011982688680291176
v 0.0066976333037018776 0.015684163197875023 0.004537493921816349
v 0.0067424098961055279 -0.014330500736832619 -0.0093059055507183075
v 0.0067517301067709923 -0.015017399564385414 0.0097662350162863731
v 0.006755512673407793 0.015720179304480553 0.0043650204315781593
v 0.0067587890662252903 0.014079442247748375 0.012200203724205494
v 0.0068209441378712654 -0.015560353174805641 0.0066325487568974495
v 0.0068562077358365059 -0.014313483610749245 -0.0092620206996798515
v 0.0068778134882450104 0.012792622670531273 -0.010826289653778076
v 0.0069031124003231525 0.012905096635222435 -0.010834320448338985
v 0.006917241495102644 0.015007337555289268 -0.0040204916149377823
v 0.0069368388503789902 0.013022935017943382 -0.010873269289731979
v 0.0069470410235226154 -0.01552293635904789 0.0067465305328369141
v 0.0069471141323447227 -0.0015005710301920772 0.0067465719766914845
v 0.0069471141323447227 0.0014999416889622808 0.0067465719766914845
v 0.0069471141323447227 0.0067249294370412827 0.0067465719766914845
v 0.006967232096940279 -0.015173265710473061 -0.0056264773011207581
v 0.0069686947390437126 0.0052858199924230576 -0.014412412419915199
v 0.0069695138372480869 -0.0015005710301920772 0.0095749162137508392
v 0.0069695138372480869 0.0014999416889622808 0.0095749162137508392
v 0.0069695138372480869 0.0067249294370412827 0.0095749162137508392
v 0.0069696088321506977 -0.015023225918412209 0.0095748128369450569
v 0.0069773816503584385 0.013132965192198753 -0.010947957634925842
v 0.0070122014731168747 0.014981737360358238 -0.0040453067049384117
v 0.0070124887861311436 0.0067249294370412827 -0.004045385867357254
v 0.0070208506658673286 0.013219555839896202 -0.011055680923163891
v 0.0070334011688828468 -0.001500585931353271 -0.014394104480743408
v 0.0070337769575417042 -0.0052849892526865005 -0.014395429752767086
v 0.0070619210600852966 0.013270324096083641 -0.011184941977262497
v 0.0070959292352199554 0.013281365856528282 -0.011319168843328953
v 0.0070990030653774738 -0.015130022540688515 -0.0056979856453835964
v 0.007120802067220211 -0.015035370364785194 0.0094024380668997765
v 0.007135054562240839 0.013210510835051537 -0.011547288857400417
v 0.0071380692534148693 0.013611501082777977 0.01128794252872467
v 0.0071577718481421471 0.0067249294370412827 0.011277788318693638
v 0.0071671754121780396 0.015125012025237083 -0.0040572690777480602
v 0.0071784555912017822 -0.015445167198777199 0.0070191207341849804
v 0.007196253165602684 -0.015044772997498512 0.0092991143465042114
v 0.0072034071199595928 0.015255829319357872 0.0050487709231674671
v 0.0072050071321427822 0.013835391029715538 0.011313537135720253
v 0.0072349919937551022 0.013942858204245567 0.011378713883459568
v 0.0072357817552983761 0.015286659821867943 -0.0039680381305515766
v 0.0072458530776202679 0.01504909060895443 0.0051135020330548286
v 0.0072517991065979004 0.0052947457879781723 0.015703313052654266
v 0.0072636585682630539 -0.0052937362343072891 0.015704046934843063
v 0.0072661302983760834 -0.015410790219902992 0.0071547320112586021
v 0.0072801052592694759 0.014030640944838524 0.011468974873423576
v 0.0072858990170061588 0.015423571690917015 0.0049626403488218784
v 0.0072944816201925278 -0.014275277033448219 -0.0090077640488743782
v 0.0073090214282274246 0.01539609394967556 -0.0038214481901377439
v 0.0073362840339541435 0.014088278636336327 0.011575995944440365
v 0.007345099002122879 0.01270078681409359 -0.010682280175387859
v 0.007371129933744669 0.015435924753546715 -0.0036540557630360126
v 0.0073850578628480434 0.015532022342085838 0.0048189125955104828
v 0.007397244218736887 0.014111420139670372 0.011688010767102242
v 0.0074048652313649654 -0.014273995533585548 -0.0089169535785913467
v 0.0074270213954150677 0.015000661835074425 0.0052215657196938992
v 0.0074270600453019142 0.0067249294370412827 0.0052215936593711376
v 0.0074315909296274185 -0.015100250020623207 0.0088334111496806145
v 0.0074701742269098759 -0.015117505565285683 0.0087108127772808075
v 0.0074718156829476357 -0.015303069725632668 0.0076390267349779606
v 0.0074718156829476357 -0.0015005710301920772 0.0076390267349779606
v 0.0074718156829476357 0.0014999416889622808 0.0076390267349779606
v 0.0074718156829476357 0.0067249294370412827 0.0076390267349779606
v 0.0074765970930457115 0.015563448891043663 0.0046564587391912937
v 0.0074768019840121269 0.013146316632628441 -0.011451713740825653
v 0.007480044849216938 -0.0015005710301920772 0.0086742658168077469
v 0.007480044849216938 0.0014999416889622808 0.0086742658168077469
v 0.007480044849216938 0.0067249294370412827 0.0086742658168077469
v 0.0074828253127634525 -0.001500585931353271 -0.0088442191481590271
v 0.0074828253127634525 0.0014999565901234746 -0.0088442191481590271
v 0.0074828253127634525 0.0067249294370412827 -0.0088442191481590271
v 0.0074829915538430214 -0.014275694265961647 -0.0088440645486116409
v 0.0075052529573440552 -0.001500585931353271 -0.0060158860869705677
v 0.0075052529573440552 0.0014999565901234746 -0.0060158860869705677
v 0.0075052529573440552 0.0067249294370412827 -0.0060158860869705677
v 0.0075125349685549736 -0.0149723831564188 -0.006023322232067585
v 0.0075406664982438087 -0.015223899856209755 0.0080541586503386497
v 0.0075440369546413422 -0.015199759975075722 0.0081917271018028259
v 0.0075808907859027386 0.014072274789214134 0.011845526285469532
v 0.0075885020196437836 0.01267201267182827 -0.010577039793133736
v 0.0076019298285245895 0.012787630781531334 -0.010585621930658817
v 0.0076218354515731335 -0.014922479167580605 -0.0061451289802789688
v 0.0076298322528600693 0.012908926233649254 -0.010623603127896786
v 0.0076732891611754894 0.01302199624478817 -0.010695579461753368
v 0.0076934820972383022 0.0067249294370412827 -0.0043130065314471722
v 0.0076944832690060139 0.014771735295653343 -0.0043135229498147964
v 0.0076957340352237225 0.014925738796591759 0.0054114209488034248
v 0.0077045927755534649 0.013650035485625267 0.010925578884780407
v 0.007729576900601387 0.013110240921378136 -0.01079876534640789
v 0.0077395779080688953 -0.014301547780632973 -0.0085347816348075867
v 0.0077656162902712822 0.014944722875952721 -0.0043097739107906818
v 0.0077773998491466045 0.015102213248610497 0.005426427349448204
v 0.0077916430309414864 0.013874849304556847 0.010921587236225605
v 0.0077923056669533253 0.013160591945052147 -0.010921823792159557
v 0.0078088017180562019 -0.01431613601744175 -0.0084241926670074463
v 0.0078288791701197624 0.013980081304907799 0.010981342755258083
v 0.0078533738851547241 0.013169249519705772 -0.011048538610339165
v 0.0078540481626987457 0.015108292922377586 -0.0042315935716032982
v 0.0078776152804493904 0.015272071585059166 0.0053549697622656822
v 0.0078850975260138512 0.014067044481635094 0.011061552911996841
v 0.0079005351290106773 -0.014762187376618385 -0.0065911035053431988
v 0.0079480493441224098 0.013090705499053001 -0.01126048993319273
v 0.0079565830528736115 0.015216460451483727 -0.0040960283949971199
v 0.007962358184158802 0.012655666097998619 -0.010369574651122093
v 0.0079627698287367821 0.0067249294370412827 -0.010369201190769672
v 0.0079662194475531578 -0.01470988430082798 -0.0067542479373514652
v 0.0080056264996528625 0.015379464253783226 0.0052282563410699368
v 0.0080075552687048912 -0.014399299398064613 -0.0079517727717757225
v 0.0080075552687048912 -0.001500585931353271 -0.0079517727717757225
v 0.0080075552687048912 0.0014999565901234746 -0.0079517727717757225
v 0.0080075552687048912 0.0067249294370412827 -0.0079517727717757225
v 0.0080156484618782997 -0.014660606160759926 -0.0069161327555775642
v 0.0080157546326518059 -0.001500585931353271 -0.0069165294989943504
v 0.0080157546326518059 0.0014999565901234746 -0.0069165294989943504
v 0.0080157546326518059 0.0067249294370412827 -0.0069165294989943504
v 0.0080323852598667145 0.014152040705084801 0.011251962743699551
v 0.00804937444627285 0.01525171659886837 -0.0039387769065797329
v 0.0080739846453070641 -0.014562124386429787 -0.0072656814008951187
v 0.0080795912072062492 -0.014514023438096046 -0.0074511915445327759
v 0.0081283999606966972 0.015406643971800804 0.0050822598859667778
v 0.0081764562055468559 0.014119556173682213 0.011422236450016499
v 0.0081945760175585747 0.014771750196814537 0.0058861030265688896
v 0.0081964973360300064 0.013731470331549644 0.010455593466758728
v 0.0082390150055289268 0.012783145532011986 -0.010190576314926147
v 0.0082613807171583176 0.012903830036520958 -0.010231023654341698
v 0.0082657849416136742 0.014951175078749657 0.0059100375510752201
v 0.0082763209939002991 0.0014999565901234746 -0.014054032973945141
v 0.0082815075293183327 0.0067249294370412827 0.010352958925068378
v 0.0082817375659942627 0.01375170610845089 0.010352671146392822
v 0.008288688026368618 0.013961037620902061 0.010421765968203545
v 0.0082989931106567383 0.012235855683684349 -0.012422996573150158
v 0.0082996292039752007 -0.012346232309937477 -0.012493504211306572
v 0.0083058327436447144 0.014755567535758018 -0.0046697664074599743
v 0.008306100033223629 0.014549976214766502 -0.0047181225381791592
v 0.0083068637177348137 0.013016453012824059 -0.010300147347152233
v 0.0083660334348678589 0.012682041153311729 -0.010069119744002819
v 0.0083740213885903358 0.013104772195219994 -0.010394545271992683
v 0.0083806375041604042 0.015122910961508751 0.0058569656684994698
v 0.0083977598696947098 0.014149731025099754 0.010541945695877075
v 0.0084119271486997604 0.014921074733138084 -0.0046069975942373276
v 0.0084122112020850182 0.011078452691435814 -0.013809226453304291
v 0.0084145897999405861 -0.011218899860978127 -0.013925548642873764
v 0.0084556546062231064 0.013155972585082054 -0.010503802448511124
v 0.0084642814472317696 0.014672508463263512 0.0062425066716969013
v 0.0084642861038446426 0.0067249294370412827 0.0062425211071968079
v 0.008516126312315464 0.0097652878612279892 -0.015031032264232635
v 0.0085163544863462448 -0.0053542647510766983 0.01912664994597435
v 0.0085194222629070282 -0.0099024269729852676 -0.015166295692324638
v 0.0085272276774048805 -0.0055192355066537857 0.019318534061312675
v 0.0085300859063863754 -0.0056346599012613297 0.019377861171960831
v 0.0085308896377682686 -0.0057572219520807266 0.019405148923397064
v 0.008533320389688015 0.005304848775267601 0.018998781219124794
v 0.0085339900106191635 0.015229260548949242 0.0057536880485713482
v 0.0085347471758723259 -0.0053040031343698502 0.01890641450881958
v 0.0085411835461854935 0.01316617988049984 -0.010613958351314068
v 0.0085421809926629066 0.01502775214612484 -0.0044879307970404625
v 0.0085467929020524025 0.0053544994443655014 0.019215278327465057
v 0.0085578244179487228 0.00551641546189785 0.019406167790293694
v 0.0085585229098796844 0.0059717502444982529 0.019469089806079865
v 0.008559015579521656 -0.0059799943119287491 0.019373457878828049
v 0.0085608065128326416 0.0056298729032278061 0.019466055557131767
v 0.0085612805560231209 0.01383691094815731 0.0099458713084459305
v 0.0085617741569876671 0.0057507511228322983 0.019494721665978432
v 0.0085692983120679855 0.014239108189940453 0.010697382502257824
v 0.0085767749696969986 0.014182260259985924 0.011028751730918884
v 0.0086041241884231567 0.013085043057799339 -0.010858828201889992
v 0.00860592070966959 0.014611979946494102 0.0064762360416352749
v 0.0086092259734869003 0.0083250608295202255 -0.016081355512142181
v 0.0086122248321771622 -0.008436957374215126 -0.016200918704271317
v 0.0086518451571464539 0.014802878722548485 0.0064800665713846684
v 0.0086644003167748451 0.015058105811476707 -0.0043459190055727959
v 0.0086765028536319733 0.014080336317420006 0.009835866279900074
v 0.008684428408741951 0.015252506360411644 0.0056310403160750866
v 0.0086878035217523575 0.013091316446661949 -0.01079370453953743
v 0.0086898021399974823 0.0067830886691808701 -0.016955306753516197
v 0.0086917579174041748 -0.0068638566881418228 -0.017036924138665199
v 0.0087276482954621315 -0.001500585931353271 -0.013923236168920994
v 0.0087678590789437294 0.012765338644385338 -0.0096603846177458763
v 0.0087705077603459358 0.014557858929038048 -0.0051223756745457649
v 0.0087762614712119102 0.012879958376288414 -0.0096710370853543282
v 0.0087777338922023773 0.014976387843489647 0.0064483475871384144
v 0.0087970327585935593 0.014265676960349083 0.0099332910031080246
v 0.0087977619841694832 0.012996619567275047 -0.0097143948078155518
v 0.0088172461837530136 0.0067249294370412827 -0.0052378438413143158
v 0.0088201155886054039 0.014316460117697716 -0.0052414471283555031
v 0.0088354125618934631 0.013963809236884117 0.0093625830486416817
v 0.0088469758629798889 0.013105859979987144 -0.009778968058526516
v 0.0088631855323910713 0.014470523223280907 0.0070610935799777508
v 0.0088916746899485588 0.014725362882018089 -0.0050787930376827717
v 0.0089225126430392265 0.014656027778983116 0.007113404106348753
v 0.0089230295270681381 0.013192912563681602 -0.0098607605323195457
v 0.0089319497346878052 0.0067249294370412827 0.009051002562046051
v 0.0089319925755262375 0.014031341299414635 0.009050820954144001
v 0.0089412359520792961 0.014216622337698936 0.0091844694688916206
v 0.0089450012892484665 -0.0052991900593042374 -0.013859768398106098
v 0.0089520867913961411 0.015081560239195824 0.0063741728663444519
v 0.00898723304271698 0.014359032735228539 0.010049532167613506
v 0.0089966077357530594 0.014348482713103294 0.0075970515608787537
v 0.0089966095983982086 0.0067249294370412827 0.0075970585457980633
v 0.0090000247582793236 0.0067249294370412827 -0.0093482816591858864
v 0.0090019609779119492 0.012849768623709679 -0.0093447435647249222
v 0.0090147890150547028 0.014123475179076195 0.0086242202669382095
v 0.00901834387332201 0.013245975598692894 -0.0099509535357356071
v 0.0090192453935742378 0.014313241466879845 0.0077552115544676781
v 0.0090311076492071152 0.014287760481238365 0.0078701479360461235
v 0.0090472390875220299 0.014830222353339195 -0.0049813603982329369
v 0.0090556675568223 0.014831354841589928 0.0071053947322070599
v 0.0090649062767624855 0.014509102329611778 0.0077875074930489063
v 0.0090706273913383484 0.01439877413213253 0.0092565705999732018
v 0.0090730385854840279 0.014360269531607628 0.0084913382306694984
v 0.0091210044920444489 0.013260951265692711 -0.010038841515779495
v 0.009125828742980957 0.015100842341780663 0.0062811202369630337
v 0.0091442549601197243 0.014351224526762962 -0.0056476551108062267
v 0.0091550014913082123 0.014336979016661644 0.010195358656346798
v 0.009187653660774231 0.013053139671683311 -0.0090548982843756676
v 0.0091882655397057533 0.012945732101798058 -0.0090262917801737785
v 0.009189787320792675 0.014089381322264671 -0.0058131166733801365
v 0.0091964220628142357 0.014855062589049339 -0.00485947635024786
v 0.0092013338580727577 0.014686292037367821 0.0078053157776594162
v 0.0092086512595415115 0.014539649710059166 0.0085361720994114876
v 0.0092122908681631088 0.013165002688765526 -0.0090978704392910004
v 0.0092457477003335953 0.014935111626982689 0.0070647336542606354
v 0.0092546222731471062 -0.0059885773807764053 0.019330486655235291
v 0.0092664407566189766 0.013270130380988121 -0.0091544324532151222
v 0.0092670032754540443 -0.0063164625316858292 0.019199563190340996
v 0.0092714354395866394 0.014495691284537315 0.0093321101740002632
v 0.0092747705057263374 0.0065895672887563705 0.019188404083251953
v 0.0092777013778686523 0.01452084444463253 -0.0056260889396071434
v 0.0093362359330058098 -0.0078505370765924454 0.018471136689186096
v 0.0093447891995310783 0.0081058349460363388 0.018456665799021721
v 0.0093482797965407372 0.013061782345175743 -0.0086692776530981064
v 0.0093490052968263626 0.013355543836951256 -0.0092205042019486427
v 0.0093571506440639496 0.013947015628218651 -0.0061902827583253384
v 0.0094010727480053902 0.014788379892706871 0.0078010447323322296
v 0.009411640465259552 0.014639502391219139 0.0085715083405375481
v 0.0094161471351981163 0.014137035235762596 -0.0062303203158080578
v 0.0094179995357990265 -0.0092959199100732803 0.017576875165104866
v 0.0094275567680597305 0.0095214303582906723 0.017540536820888519
v 0.0094372350722551346 0.01495002768933773 0.0070058968849480152
v 0.0094413766637444496 0.013241386041045189 -0.0099968742579221725
v 0.0094524044543504715 0.013410648331046104 -0.0092892823740839958
v 0.0094551509246230125 0.014623468741774559 -0.0055550718680024147
v 0.0094559881836175919 0.013173675164580345 -0.008340747095644474
v 0.0094676893204450607 0.0067249294370412827 -0.0065397964790463448
v 0.0094677768647670746 0.013817479833960533 -0.0065402649343013763
v 0.0094765182584524155 0.01449195109307766 0.0093891071155667305
v 0.009488922543823719 0.013383453711867332 -0.0084126470610499382
v 0.0095103653147816658 -0.010623374953866005 0.016512263566255569
v 0.0095212450250983238 0.010798996314406395 0.016432728618383408
v 0.0095323193818330765 0.0067249294370412827 -0.0079937363043427467
v 0.0095327207818627357 0.013295596465468407 -0.0079917255789041519
v 0.009540279395878315 0.013687958940863609 -0.0068946033716201782
v 0.0095474869012832642 0.013484334573149681 -0.0084589459002017975
v 0.0095585035160183907 0.014309069141745567 -0.0062332293018698692
v 0.0095646670088171959 0.01343127153813839 -0.0093533992767333984
v 0.0095741087570786476 0.013426920399069786 -0.007620680145919323
v 0.0095798103138804436 0.013494318351149559 -0.0074317334219813347
v 0.0095839863643050194 0.014587482437491417 0.0088848788291215897
v 0.0095928767696022987 0.013883313164114952 -0.0069485059939324856
v 0.0096033960580825806 0.014798423275351524 0.0077787204645574093
v 0.0096113439649343491 -0.011797929182648659 0.015275921672582626
v 0.0096171135082840919 0.013628413900732994 -0.0076866871677339077
v 0.0096233896911144257 0.011901414021849632 0.015146359801292419
v 0.0096272937953472137 0.014642005786299706 -0.0054582920856773853
v 0.0096337869763374329 0.013568004593253136 -0.0085077034309506416
v 0.0096786525100469589 0.013725614175200462 -0.0077207721769809723
v 0.0096964966505765915 0.0053051915019750595 -0.016446782276034355
v 0.0096980025991797447 -0.0053043607622385025 -0.01653483510017395
v 0.0097188986837863922 -0.012784073129296303 0.01388117391616106
v 0.0097228381782770157 0.0053058769553899765 -0.013622074387967587
v 0.0097315888851881027 0.012809788808226585 0.013715357519686222
v 0.0097409887239336967 0.014058699831366539 -0.0069817076437175274
v 0.0097540635615587234 0.014408877119421959 -0.006192557979375124
v 0.0097658503800630569 0.013807779178023338 -0.0077515188604593277
v 0.0097706718370318413 0.013385852798819542 -0.0094486381858587265
v 0.0097780702635645866 0.0053579416126012802 -0.016653556376695633
v 0.0097784437239170074 -0.0053557101637125015 -0.016738995909690857
v 0.0098169129341840744 0.0054296758025884628 -0.016752852126955986
v 0.0098311975598335266 -0.013562927022576332 0.012359980493783951
v 0.0098439687862992287 0.013530721887946129 0.012178797274827957
v 0.0098481625318527222 -0.0055226478725671768 -0.016918307170271873
v 0.0098484735935926437 0.0055300351232290268 -0.016834305599331856
v 0.0098564401268959045 0.013651555404067039 -0.0085938358679413795
v 0.009861161932349205 0.0060012098401784897 -0.016874974593520164
v 0.0098646078258752823 -0.0059857163578271866 -0.016968648880720139
v 0.009865444153547287 -0.0015005412278696895 0.015884898602962494
v 0.0098690055310726166 0.0056498851627111435 -0.016888320446014404
v 0.0098690660670399666 -0.0056392047554254532 -0.016973325982689857
v 0.0098770326003432274 0.0057761427015066147 -0.016910847276449203
v 0.0098779499530792236 -0.0057626906782388687 -0.01699812151491642
v 0.0099450536072254181 0.014419903978705406 -0.006124572828412056
v 0.009946935810148716 -0.014144385233521461 0.010750679299235344
v 0.0099522043019533157 0.014154275879263878 -0.0069801458157598972
v 0.0099592534825205803 0.014083525165915489 0.010571994818747044
v 0.0099866297096014023 0.013898124918341637 -0.0077921985648572445
v 0.010010279715061188 0.013558274134993553 -0.008858976885676384
v 0.01006530225276947 -0.014556298032402992 0.0090855676680803299
v 0.01007254421710968 0.013623451814055443 -0.0086447177454829216
v 0.010076647624373436 0.014492010697722435 0.0089190248399972916
v 0.01015910878777504 0.014154603704810143 -0.0069491006433963776
v 0.010185332037508488 -0.014830553904175758 0.0073854266665875912
v 0.010195796377956867 0.014779364690184593 0.0072309081442654133
v 0.010206627659499645 0.013985907658934593 -0.0074814967811107635
v 0.010306546464562416 -0.014995673671364784 0.0056619457900524139
v 0.010316099971532822 0.014963617548346519 0.0055193440057337284
v 0.010551607236266136 -0.015077689662575722 0.002169476356357336
v 0.010560049675405025 0.015082275494933128 0.0020488027948886156
v 0.010816959664225578 -0.01487463153898716 -0.0013397416332736611
v 0.010824370197951794 0.014909898862242699 -0.0014358499320223927
v 0.010952847078442574 -0.014655867591500282 -0.003094028914347291
v 0.010959239676594734 0.014702415093779564 -0.00317615014500916
v 0.01109012495726347 -0.014346564188599586 -0.0048352344892919064
v 0.011095613241195679 0.014394557103514671 -0.0049041886813938618
v 0.011125776916742325 -0.0015005412278696895 0.015986202284693718
v 0.011125776916742325 0.0014999118866398931 0.015986202284693718
v 0.011125802062451839 -0.005322704091668129 0.015986179932951927
v 0.011125802062451839 0.0053230579942464828 0.015986179932951927
v 0.011130945757031441 0.0014999416889622808 -0.013164524920284748
v 0.011186962015926838 0.0053262915462255478 0.013150951825082302
v 0.011187385767698288 -0.005326027050614357 0.013191293925046921
v 0.011187932454049587 0.0053261276334524155 0.012879326939582825
v 0.011188444681465626 0.0014999118866398931 0.01316425483673811
v 0.011188648641109467 0.0014999118866398931 0.013151011429727077
v 0.011189893819391727 -0.0015005412278696895 0.013191304169595242
v 0.011193940415978432 0.0014999118866398931 0.013443831354379654
v 0.011196319945156574 -0.0053262058645486832 0.013529387302696705
v 0.011201991699635983 -0.0015005412278696895 0.012349378317594528
v 0.011203496716916561 -0.0015005412278696895 0.013625922612845898
v 0.011209537275135517 -0.0053254161030054092 0.012072233483195305
v 0.011220344342291355 0.0053266789764165878 0.013866818509995937
v 0.011227765120565891 -0.013929868116974831 -0.0065547763369977474
v 0.011229630559682846 -0.0015005412278696895 0.011453051120042801
v 0.011232415214180946 0.013963034376502037 -0.0066065159626305103
v 0.011248677968978882 -0.0053249392658472061 0.010827849619090557
v 0.011249120347201824 -0.0015005412278696895 0.010827881284058094
v 0.011250842362642288 0.0053252186626195908 0.010758839547634125
v 0.011261009611189365 0.0014999267878010869 0.01053916197270155
v 0.011279484257102013 0.0014999118866398931 0.01425554696470499
v 0.011297761462628841 -0.005326712504029274 0.014341454021632671
v 0.011323194019496441 -0.0015005412278696895 0.014445975422859192
v 0.011328123509883881 0.0014999267878010869 0.0083354581147432327
v 0.011344913393259048 -0.0053237471729516983 0.007768639363348484
v 0.011344981379806995 -0.0015005412278696895 0.0077686593867838383
v 0.011346130631864071 0.0053270813077688217 0.014529387466609478
v 0.011350327171385288 0.0014999118866398931 0.014544344507157803
v 0.011350524611771107 0.0053270962089300156 0.014544274657964706
v 0.011358402669429779 -0.0053268615156412125 0.014570311643183231
v 0.011358910240232944 -0.0015005412278696895 0.014570132829248905
v 0.011364470236003399 -0.013383740559220314 -0.0082368785515427589
v 0.011368075385689735 0.013381978496909142 -0.00826309435069561
v 0.011376990936696529 0.0053236987441778183 0.0067483391612768173
v 0.011416470631957054 -0.0015005561290308833 0.0054928762838244438
v 0.011416497640311718 -0.0053228680044412613 0.00549286138266325
v 0.011441988870501518 0.0014999118866398931 0.014793915674090385
v 0.011452848091721535 -0.0015005561290308833 0.0043363585136830807
v 0.011452848091721535 0.0014999267878010869 0.0043363585136830807
v 0.011452874168753624 -0.005322406068444252 0.0043363431468605995
v 0.011452874168753624 0.0053227748721837997 0.0043363431468605995
v 0.011467296630144119 -0.0015005412278696895 0.014847878366708755
v 0.011490133590996265 -0.005327099934220314 0.014894137158989906
v 0.011498689651489258 -0.012680793181061745 -0.0098578436300158501
v 0.011500812135636806 0.012628978118300438 -0.0098465876653790474
v 0.011577029712498188 0.0053274687379598618 0.015047063119709492
v 0.011595968157052994 -0.0053224805742502213 -0.00021301682863850147
v 0.011628242209553719 -0.011795723810791969 -0.011382617056369781
v 0.011628499254584312 0.011695047840476036 -0.011323526501655579
v 0.011710393242537975 -0.0015005561290308833 -0.0038515448104590178
v 0.011726589873433113 0.0014999118866398931 0.015254191122949123
v 0.011748864315450191 0.010591244325041771 -0.012665675953030586
v 0.011750298552215099 -0.010718623176217079 -0.012766292318701744
v 0.011779705062508583 -0.0015005412278696895 0.015314232558012009
v 0.011779705062508583 0.0014999118866398931 0.015314232558012009
v 0.011779730208218098 -0.0053274426609277725 0.015314210206270218
v 0.011779732070863247 0.0053276773542165756 0.015314217656850815
v 0.011781579814851284 0.0014999416889622808 -0.0061147795058786869
v 0.011789415031671524 -0.0015005710301920772 -0.012939190492033958
v 0.011789415031671524 0.0014999416889622808 -0.012939190492033958
v 0.011789442040026188 -0.0053208563476800919 -0.012939206324517727
v 0.011789442040026188 0.0053212698549032211 -0.012939206324517727
v 0.011814704164862633 0.005324995145201683 -0.0071678627282381058
v 0.011820476502180099 -0.0053231660276651382 -0.0073507633060216904
v 0.011859818361699581 0.0093409027904272079 -0.01385430246591568
v 0.01186217088252306 -0.0094651225954294205 -0.013972511515021324
v 0.011896758340299129 -0.0015005561290308833 -0.00969700887799263
v 0.011897485703229904 -0.0053237918764352798 -0.0097990613430738449
v 0.011900782585144043 0.0014999416889622808 -0.009874710813164711
v 0.011919470503926277 0.0053256209939718246 -0.010391496121883392
v 0.011919896118342876 -0.0053240451961755753 -0.010399463586509228
v 0.011922441422939301 -0.0015005710301920772 -0.01039931271225214
v 0.011925208382308483 0.0014999416889622808 -0.010460774414241314
v 0.011950142681598663 -0.0053242389112710953 -0.010781716555356979
v 0.011959671042859554 0.0079693403095006943 -0.014881991781294346
v 0.011960782110691071 -0.0015005710301920772 -0.010873419232666492
v 0.011961838230490685 -0.0080709252506494522 -0.014986776746809483
v 0.012013960629701614 0.0053257700055837631 -0.01117407064884901
v 0.012016494758427143 0.0014999416889622808 -0.011183471418917179
v 0.012043772265315056 -0.0053245667368173599 -0.011290932074189186
v 0.012043772265315056 0.005325784906744957 -0.011290932074189186
v 0.012044507078826427 -0.0015005710301920772 -0.011290732771158218
v 0.01204648707062006 0.0064992066472768784 -0.015742544084787369
v 0.012047799304127693 -0.0065727923065423965 -0.015814073383808136
v 0.012073476798832417 -0.0053246412426233292 -0.011386482045054436
v 0.012088785879313946 -0.0015005710301920772 -0.011425275355577469
v 0.012170454487204552 0.0014999416889622808 -0.011607889086008072
v 0.012186615727841854 0.0053258743137121201 -0.011641028337180614
v 0.012262504547834396 -0.0053251180797815323 -0.011755854822695255
v 0.012268474325537682 -0.0015005561290308833 -0.011762108653783798
v 0.012310195714235306 -0.0053252670913934708 -0.011813970282673836
v 0.012334481813013554 -0.00602743960916996 0.019187835976481438
v 0.012398829683661461 -0.0015005561290308833 -0.011901145800948143
v 0.012398829683661461 0.0014999416889622808 -0.011901145800948143
v 0.012398856692016125 -0.0053256545215845108 -0.011901160702109337
v 0.012398856692016125 0.0053259488195180893 -0.011901160702109337
v 0.012477433308959007 -0.0060292873531579971 0.019183162599802017
v 0.012485616840422153 0.0062800105661153793 0.019165679812431335
v 0.012550276704132557 -0.0074792448431253433 0.018471153452992439
v 0.012560243718326092 0.0077196415513753891 0.018446249887347221
v 0.012636919505894184 -0.0088511202484369278 0.017598453909158707
v 0.012647904455661774 0.0090632196515798569 0.017553519457578659
v 0.012734374031424522 -0.010111222043633461 0.016566116362810135
v 0.012746515683829784 0.010277485474944115 0.016482645645737648
v 0.012840320356190205 -0.011228660121560097 0.015374139882624149
v 0.012853427790105343 0.011329537257552147 0.015246402472257614
v 0.012952678836882114 -0.012171918526291847 0.014035351574420929
v 0.012966218404471874 0.012202581390738487 0.013875738717615604
v 0.013069468550384045 -0.012923965230584145 0.012579054571688175
v 0.013083059340715408 0.012902220711112022 0.012405869551002979
v 0.013189666904509068 -0.013493562117218971 0.011039459146559238
v 0.013202769681811333 0.013445233926177025 0.010868758894503117
v 0.01331247016787529 -0.013904938474297523 0.0094457594677805901
v 0.01332456897944212 0.01385224424302578 0.0092864148318767548
v 0.013436939567327499 -0.014185735955834389 0.0078170383349061012
v 0.013448106124997139 0.014143442735075951 0.0076689743436872959
v 0.013562600128352642 -0.014360556378960609 0.0061644427478313446
v 0.013572854921221733 0.014334088191390038 0.0060276221483945847
v 0.013816504739224911 -0.014460528269410133 0.0028135704342275858
v 0.013825616799294949 0.014464681968092918 0.0026976666413247585
v 0.013831599615514278 0.0053434427827596664 0.018776439130306244
v 0.013834456913173199 -0.0053436104208230972 0.018691034987568855
v 0.013835297897458076 0.0060395803302526474 0.019236182793974876
v 0.013835707679390907 0.005403151735663414 0.019013196229934692
v 0.013837230391800404 -0.0060469303280115128 0.019147656857967377
v 0.013837827369570732 0.0057983752340078354 0.019274188205599785
v 0.013837953098118305 0.0055678989738225937 0.019193442538380623
v 0.013838206417858601 -0.0054042581468820572 0.018929515033960342
v 0.013839803636074066 -0.0058043841272592545 0.019189290702342987
v 0.013840138912200928 -0.005571344867348671 0.019110197201371193
v 0.014384821057319641 0.0058366265147924423 0.019260035827755928
v 0.014387289062142372 -0.0058463010936975479 0.01917412132024765
v 0.01439791452139616 -0.0057197753340005875 0.019151711836457253
v 0.014403095468878746 0.0055899377912282944 0.019179174676537514
v 0.014406002126634121 -0.0053686890751123428 0.018677446991205215
v 0.014406222850084305 -0.005598926916718483 0.019094748422503471
v 0.014407816343009472 0.0054889973253011703 0.019091902300715446
v 0.01440890971571207 0.00541665218770504 0.018985243514180183
v 0.014411178417503834 -0.0054971668869256973 0.019007543101906776
v 0.014412442222237587 -0.0054239574819803238 0.018900603055953979
v 0.014594471082091331 0.006094982847571373 0.019202252849936485
v 0.014625686220824718 -0.0061087701469659805 0.019110934808850288
v 0.014673389494419098 0.0053950008004903793 0.018749097362160683
v 0.014675397425889969 0.0058808531612157822 0.019239300861954689
v 0.014679377898573875 -0.0058866683393716812 0.019154716283082962
v 0.014700105413794518 0.0057559814304113388 0.019216159358620644
v 0.014704805798828602 -0.0057602319866418839 0.019132835790514946
v 0.01471999753266573 0.0056366976350545883 0.019159154966473579
v 0.014725226908922195 -0.0056391302496194839 0.019076405093073845
v 0.014732670970261097 0.0055359955877065659 0.019072575494647026
v 0.01473440695554018 0.0054209139198064804 0.018853938207030296
v 0.01473724190145731 0.0054630991071462631 0.018966639414429665
v 0.014738194644451141 -0.0055367741733789444 0.01898965984582901
v 0.014739631675183773 -0.0054199937731027603 0.018769605085253716
v 0.014742717146873474 -0.0054627303034067154 0.018883101642131805
v 0.01474729273468256 -0.0061448458582162857 0.019093254581093788
v 0.014755834825336933 -0.0054110977798700333 0.018658434972167015
v 0.014868170022964478 0.006194746121764183 0.019154917448759079
v 0.014871988445520401 0.0053434427827596664 -0.01428608875721693
v 0.014874965883791447 -0.0053436104208230972 -0.014375417493283749
v 0.01492634043097496 0.0054706241935491562 0.018727371469140053
v 0.014962555840611458 0.0053985770791769028 -0.014494109898805618
v 0.014970272779464722 -0.0054051373153924942 -0.014594480395317078
v 0.014975249767303467 0.0060029532760381699 0.019186241552233696
v 0.014978396706283092 -0.0060072187334299088 0.019100658595561981
v 0.015005609951913357 0.0054739471524953842 -0.014593825675547123
v 0.015014518052339554 0.0062943752855062485 0.019107615575194359
v 0.015026436187326908 0.0058924015611410141 0.019161013886332512
v 0.015029898844659328 -0.0058950129896402359 0.019076570868492126
v 0.015040108934044838 0.0055794026702642441 -0.014674495905637741
v 0.015041506849229336 -0.0055734012275934219 -0.014760253019630909
v 0.015046851709485054 0.0060633476823568344 -0.01469819713383913
v 0.015052301809191704 -0.0060503128916025162 -0.014793233945965767
v 0.015061691403388977 0.0057047363370656967 -0.0147259421646595
v 0.015068585053086281 0.0057845022529363632 0.019104549661278725
v 0.015068697743117809 0.0058354791253805161 -0.014744216576218605
v 0.015071234665811062 -0.0058074537664651871 -0.014832344837486744
v 0.015072221867740154 -0.0057852212339639664 0.019020624458789825
v 0.01508012879639864 -0.0063625518232584 0.01898670569062233
v 0.015093976631760597 0.0055485721677541733 0.018707193434238434
v 0.015095877461135387 -0.0055454615503549576 0.018621349707245827
v 0.015097074210643768 0.0056902375072240829 0.019020933657884598
v 0.015100616030395031 -0.0056892279535531998 0.018936887383460999
v 0.015107716433703899 0.0055712070316076279 0.018811583518981934
v 0.015109782107174397 0.0056179817765951157 0.018919488415122032
v 0.015110271982848644 -0.0055682752281427383 0.018726319074630737
v 0.015112927183508873 -0.0056157205253839493 0.018834903836250305
v 0.015202293172478676 -0.0056100282818078995 0.018604755401611328
v 0.015215427614748478 -0.0065635088831186295 0.01888478547334671
v 0.015232531353831291 0.006205311045050621 0.019096523523330688
v 0.015236459672451019 -0.0062154177576303482 0.019005822017788887
v 0.015252803452312946 0.0060665067285299301 -0.014607185497879982
v 0.015258432365953922 0.0066522117704153061 0.018930733203887939
v 0.015309297479689121 0.00611836276948452 0.019067524001002312
v 0.015313981100916862 -0.0061292294412851334 0.018977317959070206
v 0.015332478098571301 -0.0057048443704843521 0.018579516559839249
v 0.015334709547460079 0.0057050194591283798 0.018665654584765434
v 0.015366744250059128 -0.0069574061781167984 0.01867348700761795
v 0.015373972244560719 0.0060298498719930649 0.019011564552783966
v 0.015379360876977444 -0.0060409698635339737 0.018921783193945885
v 0.015384124591946602 0.007022147998213768 0.018733784556388855
v 0.015395858325064182 0.0064578410238027573 0.018978552892804146
v 0.015397846698760986 -0.0064627323299646378 0.018886424601078033
v 0.015401242300868034 -0.0060595665127038956 -0.01463685929775238
v 0.015420167706906796 0.0059477444738149643 0.018932493403553963
v 0.015426085330545902 -0.00595858134329319 0.018843060359358788
v 0.015434046275913715 -0.0072204563766717911 0.01852312870323658
v 0.015434282831847668 0.0057934429496526718 0.018640639260411263
v 0.015435588546097279 -0.0053659174591302872 -0.014138393104076385
v 0.015444702468812466 0.0058789011090993881 0.018838152289390564
v 0.015448195859789848 0.0058272536844015121 0.018738048151135445
v 0.015450889244675636 -0.0058889929205179214 0.018749022856354713
v 0.015454424545168877 -0.0058363024145364761 0.018649185076355934
v 0.015459786169230938 0.0058198776096105576 0.018632899969816208
v 0.015503101050853729 -0.0053711775690317154 -0.014110831543803215
v 0.015517306514084339 0.0077142324298620224 0.018321894109249115
v 0.015524526126682758 0.0054236706346273422 -0.014249302446842194
v 0.01552694384008646 -0.0054259840399026871 -0.014338534325361252
v 0.015549612231552601 -0.0079484675079584122 0.018066421151161194
v 0.015558174811303616 0.0063236560672521591 0.018890475854277611
v 0.01556108333170414 -0.0063264761120080948 0.018799329176545143
v 0.015565402805805206 0.0055005159229040146 -0.01434694416821003
v 0.015566689893603325 -0.0055007878690958023 -0.014434780925512314
v 0.015569794923067093 0.0069651063531637192 0.018718438223004341
v 0.015571922063827515 -0.0069651994854211807 0.018622344359755516
v 0.015572920441627502 0.006085297092795372 -0.014457204379141331
v 0.015573125332593918 -0.006071949377655983 -0.014555556699633598
v 0.015595360659062862 0.0056062545627355576 -0.014426478184759617
v 0.01559564471244812 -0.0056032482534646988 -0.014513918198645115
v 0.015609534457325935 -0.0058499816805124283 -0.014589052647352219
v 0.015609930269420147 0.0058602001518011093 -0.014497923664748669
v 0.015610459260642529 0.005730828270316124 -0.014478114433586597
v 0.015614339150488377 0.0062547829002141953 0.01881558820605278
v 0.015617324039340019 -0.0062562469393014908 0.018724607303738594
v 0.015641788020730019 -0.006074974313378334 0.018461128696799278
v 0.015648065134882927 0.0061918701976537704 0.018727874383330345
v 0.015650782734155655 -0.0061919931322336197 0.018636936321854591
v 0.015651213005185127 0.0088366474956274033 0.017511110752820969
v 0.01565190777182579 -0.008832911029458046 0.017418667674064636
v 0.015652600675821304 -0.0060955975204706192 0.018453601747751236
v 0.01565932109951973 0.0061388369649648666 0.018635163083672523
v 0.015661509707570076 -0.0061377827078104019 0.018544208258390427
v 0.015661761164665222 0.0053925719112157822 -0.013952094130218029
v 0.015702119097113609 0.0062055494636297226 0.018506444990634918
v 0.015702545642852783 -0.0062016788870096207 0.018413480371236801
v 0.015731295570731163 0.0079139973968267441 0.018142795190215111
v 0.015732049942016602 -0.0079103056341409683 0.018043525516986847
v 0.015738150104880333 0.006871512159705162 0.018628498539328575
v 0.015739044174551964 -0.009603375568985939 0.016752874478697777
v 0.015739507973194122 0.0096107777208089828 0.016828253865242004
v 0.015740929171442986 -0.006869802251458168 0.01853308267891407
v 0.015744779258966446 -0.009652772918343544 0.016706068068742752
v 0.015789980068802834 -0.0054138246923685074 -0.013992835767567158
v 0.015799911692738533 0.0068167950958013535 0.018558533862233162
v 0.015802767127752304 -0.0068139676004648209 0.018463283777236938
v 0.015804802998900414 -0.0054282192140817642 -0.014100609347224236
v 0.015814999118447304 0.0054361876100301743 -0.014004000462591648
v 0.015822958201169968 0.010304933413863182 0.016081463545560837
v 0.015830816701054573 0.0087981875985860825 0.017487352713942528
v 0.015838908031582832 0.0065826382488012314 0.01834985613822937
v 0.015841159969568253 0.0067617651075124741 0.018478231504559517
v 0.015843883156776428 -0.0067578200250864029 0.018383065238595009
v 0.01584814116358757 -0.0054766181856393814 -0.014198399148881435
v 0.015848873183131218 -0.010518426075577736 0.015789903700351715
v 0.015859164297580719 0.0054860766977071762 -0.014102160930633545
v 0.015862045809626579 0.0066640432924032211 0.018310744315385818
v 0.01586398109793663 -0.006658235564827919 0.018215741962194443
v 0.0158819779753685 -0.0055534783750772476 -0.014290971681475639
v 0.015887705609202385 0.010816028341650963 0.01542897243052721
v 0.015890095382928848 -0.005895489826798439 -0.014447047375142574
v 0.015893297269940376 0.0055649187415838242 -0.014195000752806664
v 0.015895769000053406 -0.0087698046118021011 0.01737188920378685
v 0.015896504744887352 0.0078352298587560654 0.018055565655231476
v 0.015897471457719803 0.0059122946113348007 -0.014348452910780907
v 0.015897803008556366 -0.0078309569507837296 0.017956361174583435
v 0.015901511535048485 -0.0056553725153207779 -0.01436817180365324
v 0.015901708975434303 0.010923391208052635 0.015278754755854607
v 0.015904020518064499 -0.0057733748108148575 -0.014421503990888596
v 0.015912298113107681 0.00566900335252285 -0.014272004365921021
v 0.01591343991458416 0.0057889577001333237 -0.014324463903903961
v 0.015917550772428513 0.0095691736787557602 0.016806574538350105
v 0.015917805954813957 -0.0095624569803476334 0.016730548813939095
v 0.015941664576530457 -0.0069901440292596817 0.018045337870717049
v 0.015950413420796394 0.0070702787488698959 0.018096890300512314
v 0.015950940549373627 0.0054667200893163681 -0.0138321528211236
v 0.015975819900631905 0.01147044263780117 0.01442816574126482
v 0.01598135381937027 -0.0072281453758478165 0.017909625545144081
v 0.015993040055036545 0.0087143387645483017 0.017405655235052109
v 0.015993587672710419 -0.011620083823800087 0.014263937249779701
v 0.015993857756257057 0.0061789210885763168 -0.014220807701349258
v 0.015995126217603683 -0.0087121222168207169 0.01731276698410511
v 0.015999570488929749 0.01026015542447567 0.016061656177043915
v 0.016001325100660324 -0.010273749008774757 0.01599910669028759
v 0.016002211719751358 0.0077301915735006332 0.017918074503540993
v 0.016003591939806938 -0.0077250096946954727 0.01781860925257206
v 0.016027335077524185 -0.011857191100716591 0.013854306191205978
v 0.01603175513446331 0.0076248254626989365 0.01776602678000927
v 0.016059083864092827 -0.0061956737190485001 -0.014278016053140163
v 0.01606457494199276 0.0062129106372594833 -0.014170355163514614
v 0.016070166602730751 -0.0086418036371469498 0.017234571278095245
v 0.016076978296041489 0.010875662788748741 0.015260795131325722
v 0.016077291220426559 0.0094774272292852402 0.016731994226574898
v 0.016078585758805275 -0.0094726923853158951 0.016653802245855331
v 0.016081579029560089 -0.0109210554510355 0.01520865224301815
v 0.016095412895083427 -0.0055310074239969254 -0.013858945108950138
v 0.016096858307719231 0.0085997786372900009 0.017278667539358139
v 0.01609957218170166 -0.0085987094789743423 0.017184467986226082
v 0.016101883724331856 -0.012349704280495644 0.012863039970397949
v 0.016110619530081749 0.012367462739348412 0.012615473940968513
v 0.01611628383398056 0.0055398996919393539 -0.013756837695837021
v 0.016122147440910339 -0.01247563399374485 0.012571278959512711
v 0.016126221045851707 0.0084823574870824814 0.017138488590717316
v 0.016129232943058014 -0.0084825251251459122 0.017042793333530426
v 0.016140291467308998 -0.0055633727461099625 -0.013945579528808594
v 0.016149884089827538 0.011420121416449547 0.014412116259336472
v 0.01615498773753643 -0.0060062650591135025 -0.014280067756772041
v 0.016157034784555435 0.010161539539694786 0.015994276851415634
v 0.016157476231455803 -0.011496776714920998 0.01436676736921072
v 0.01615973562002182 -0.010177338495850563 0.015928998589515686
v 0.016161888837814331 0.0055742766708135605 -0.013843074440956116
v 0.016167625784873962 0.0060250815004110336 -0.014174518175423145
v 0.01617620512843132 -0.0056181047111749649 -0.014035336673259735
v 0.016176974400877953 -0.012797484174370766 0.011729676276445389
v 0.016178630292415619 0.0093513783067464828 0.01661594957113266
v 0.016180871054530144 -0.0093496982008218765 0.01653447188436985
v 0.016186986118555069 -0.0058978889137506485 -0.014248764142394066
v 0.016197869554162025 0.005631154403090477 -0.013932474888861179
v 0.016198057681322098 -0.0056952927261590958 -0.014121032319962978
v 0.0162020493298769 -0.0057910773903131485 -0.014194505289196968
v 0.01620306633412838 0.0059162285178899765 -0.014144184999167919
v 0.016206273809075356 0.0092213954776525497 0.016487447544932365
v 0.016218846663832664 0.0057104881852865219 -0.014017766341567039
v 0.016220919787883759 0.0058081503957509995 -0.014090685173869133
v 0.01622101292014122 -0.0056098047643899918 -0.013798990286886692
v 0.016228234395384789 0.013030296191573143 0.010707628913223743
v 0.016232391819357872 0.010771175846457481 0.015200653113424778
v 0.016237590461969376 -0.010818371549248695 0.015145978890359402
v 0.016240375116467476 -0.013132119551301003 0.010651445016264915
v 0.01625615730881691 0.010025909170508385 0.015889564529061317
v 0.016259727999567986 -0.010044926777482033 0.015820499509572983
v 0.016282273456454277 0.0098856445401906967 0.015773428604006767
v 0.016282660886645317 0.012313282117247581 0.012603623792529106
v 0.016283472999930382 -0.013333851471543312 0.0098453741520643234
v 0.016284845769405365 0.0056525822728872299 -0.013669430278241634
v 0.016286367550492287 -0.0099082384258508682 0.015700554475188255
v 0.016293769702315331 -0.012421214953064919 0.012559699825942516
v 0.016303485259413719 0.011310731992125511 0.014359169639647007
v 0.01630747877061367 -0.013436073437333107 0.0093684019520878792
v 0.016311218962073326 -0.011388475075364113 0.014311987906694412
v 0.016313405707478523 -0.01013968326151371 0.015434191562235355
v 0.016329577192664146 0.010627603158354759 0.015107384882867336
v 0.016329895704984665 0.013492202386260033 0.0087596382945775986
v 0.016330167651176453 0.0064682718366384506 -0.013903542421758175
v 0.016335301101207733 -0.010677272453904152 0.01504935696721077
v 0.016354300081729889 0.010478904470801353 0.015003885142505169
v 0.016374142840504646 -0.0061967615038156509 -0.014091751538217068
v 0.016378419473767281 0.0062162335962057114 -0.013981327414512634
v 0.01638353243470192 0.0065598394721746445 -0.013824483379721642
v 0.016386371105909348 -0.0057428870350122452 -0.013711991719901562
v 0.0163868498057127 -0.0065360162407159805 -0.013946023769676685
v 0.016398735344409943 0.012973656877875328 0.010700494982302189
v 0.016398893669247627 0.011160632595419884 0.014277259819209576
v 0.016406826674938202 -0.011239880695939064 0.014227557927370071
v 0.016408147290349007 -0.0065788272768259048 -0.013912051916122437
v 0.016410153359174728 -0.013074854388833046 0.010645052418112755
v 0.016417937353253365 0.013782357797026634 0.0067896721884608269
v 0.016422441229224205 0.011005019769072533 0.014186283573508263
v 0.016426937654614449 -0.013821849599480629 0.0066665410995483398
v 0.01642848365008831 0.013808777555823326 0.0065340069122612476
v 0.016430580988526344 -0.011085817590355873 0.014133965596556664
v 0.016433244571089745 0.01219666562974453 0.012564598582684994
v 0.016443820670247078 -0.012304658070206642 0.012520534917712212
v 0.016448317095637321 -0.0058130268007516861 -0.013773124665021896
v 0.016449775546789169 -0.013870636001229286 0.0060865869745612144
v 0.016453610733151436 0.0058220382779836655 -0.013665621168911457
v 0.016457097604870796 -0.0060254428535699844 -0.013998938724398613
v 0.016463622450828552 0.0060414280742406845 -0.013890447095036507
v 0.016464985907077789 0.0058278497308492661 -0.013557364232838154
v 0.016468724235892296 -0.0058714542537927628 -0.013853090815246105
v 0.016472332179546356 -0.0059434864670038223 -0.013930299319326878
v 0.01647501066327095 0.0058826114982366562 -0.013745351694524288
v 0.016478102654218674 -0.011438319459557533 0.013526872731745243
v 0.016479095444083214 0.0059570576995611191 -0.013822286389768124
v 0.016495164483785629 0.013928910717368126 0.0048066480085253716
v 0.016499169170856476 0.013433774933218956 0.008757234551012516
v 0.016508691012859344 -0.013503426685929298 0.0086830761283636093
v 0.016524512320756912 0.0064528491348028183 -0.013785060495138168
v 0.016525750979781151 0.012037014588713646 0.012504177168011665
v 0.016526384279131889 -0.0064281169325113297 -0.013904671184718609
v 0.016535978764295578 -0.01214524544775486 0.012459529563784599
v 0.016545943915843964 -0.013966599479317665 0.0034015851560980082
v 0.016547026112675667 0.01285259984433651 0.010674092918634415
v 0.016547294333577156 0.011871194466948509 0.01243682112544775
v 0.01654856838285923 0.013961618766188622 0.0032889510039240122
v 0.01655745692551136 -0.011979678645730019 0.012391264550387859
v 0.016557581722736359 -0.012953454628586769 0.010619777254760265
v 0.016564294695854187 0.013960039243102074 0.0028195008635520935
v 0.016568206250667572 -0.013957986608147621 0.0027183382771909237
v 0.016572095453739166 0.0072036292403936386 -0.01332126185297966
v 0.016586259007453918 0.013722768053412437 0.0067906472831964493
v 0.0165871512144804 -0.013939658179879189 0.002116471529006958
v 0.016590891405940056 -0.0072559807449579239 -0.013413541950285435
v 0.016593316569924355 -0.013758683577179909 0.0067007513716816902
v 0.01661708764731884 -0.012342849746346474 0.011426671408116817
v 0.01662726141512394 0.013894772157073021 0.00083578127669170499
v 0.016628948971629143 0.0063182171434164047 -0.013690263032913208
v 0.01662992499768734 -0.0062950495630502701 -0.013808192685246468
v 0.016632938757538795 -0.0075689796358346939 -0.013181932270526886
v 0.01663738489151001 0.012687033042311668 0.010632183402776718
v 0.016643017530441284 0.0060759689658880234 -0.013411997817456722
v 0.0166457649320364 0.01331009529531002 0.0087413657456636429
v 0.016646327450871468 -0.0060598645359277725 -0.013527081348001957
v 0.016646677628159523 -0.013802612200379372 7.7026234066579491e-05
v 0.016647337004542351 -0.012787813320755959 0.010579155758023262
v 0.016654405742883682 -0.013379538431763649 0.0086686024442315102
v 0.016655893996357918 -0.0060769561678171158 -0.013517300598323345
v 0.016656339168548584 0.0079483743757009506 -0.012731337919831276
v 0.016657451167702675 0.012514820322394371 0.010584762319922447
v 0.016657844185829163 0.0062488671392202377 -0.013626006431877613
v 0.016658894717693329 -0.0062272343784570694 -0.013743221759796143
v 0.0166624765843153 0.013868561014533043 0.0048094484955072403
v 0.016663230955600739 0.0061250831931829453 -0.013482711277902126
v 0.016665555536746979 -0.0061071459203958511 -0.013598563149571419
v 0.016667162999510765 -0.012615540996193886 0.010532875545322895
v 0.016667755320668221 -0.013885477557778358 0.0047142389230430126
v 0.016668993979692459 0.006183406338095665 -0.013555371202528477
v 0.016670508310198784 -0.0061635766178369522 -0.013671914115548134
v 0.016675941646099091 0.0069396402686834335 -0.013415932655334473
v 0.016676276922225952 -0.0069220904260873795 -0.013551950454711914
v 0.016681520268321037 -0.013649428263306618 -0.001258849399164319
v 0.016682818531990051 0.013715630397200584 -0.0011424188269302249
v 0.01669582910835743 -0.013564923778176308 -0.0018516429699957371
v 0.01670408807694912 0.0088434871286153793 -0.011936546303331852
v 0.0167128536850214 0.0062086489051580429 -0.01333319116383791
v 0.016713382676243782 -0.0088377837091684341 -0.012130643241107464
v 0.016726421192288399 -0.013319725170731544 -0.0032470673322677612
v 0.016728894785046577 0.0133966114372015 -0.0031115126330405474
v 0.016730273142457008 0.013898855075240135 0.0028239679522812366
v 0.016731498762965202 0.013597836717963219 0.0067830686457455158
v 0.016733812168240547 -0.013896564021706581 0.0027249259874224663
v 0.016734596341848373 0.013141369447112083 0.0087140630930662155
v 0.016737820580601692 -0.013633737340569496 0.0066945427097380161
v 0.016740830615162849 -0.012955287471413612 0.0090623032301664352
v 0.016742568463087082 -0.013210991397500038 0.0086440350860357285
v 0.016743311658501625 -0.0095837954431772232 -0.011380741372704506
v 0.016745030879974365 0.0098799373954534531 -0.010832301340997219
v 0.016753662377595901 0.012965833768248558 0.0086819222196936607
v 0.016755660995841026 0.01020299457013607 -0.01043752022087574
v 0.016755891963839531 -0.01293126679956913 -0.0048892535269260406
v 0.016756972298026085 -0.0099899861961603165 -0.010909006930887699
v 0.016760502010583878 -0.006331736221909523 -0.013370326720178127
v 0.016763191670179367 0.012913933023810387 -0.0050563393160700798
v 0.016763705760240555 -0.010219166055321693 -0.010619804263114929
v 0.016773806884884834 0.010883575305342674 -0.0095026381313800812
v 0.016776440665125847 -0.012421960011124611 -0.0064967120997607708
v 0.016779212281107903 -0.010906824842095375 -0.0096334023401141167
v 0.016781380400061607 -0.012196550145745277 -0.0070867105387151241
v 0.016781911253929138 0.011346226558089256 -0.0087630013003945351
v 0.016782758757472038 0.012242069467902184 -0.0069541148841381073
v 0.01678352989256382 -0.006825396791100502 -0.013454797677695751
v 0.01678367517888546 -0.012036556378006935 -0.0074718804098665714
v 0.016784461215138435 -0.011328959837555885 -0.0089203137904405594
v 0.016785098239779472 0.011730944737792015 -0.0080587193369865417
v 0.016785617917776108 -0.011772686615586281 -0.0080559412017464638
v 0.016786295920610428 0.0068399664014577866 -0.013320529833436012
v 0.016791265457868576 0.013832321390509605 0.00084373180288821459
v 0.016792291775345802 -0.01379610039293766 0.00073426077142357826
v 0.016792891547083855 0.0078922417014837265 -0.012676498852670193
v 0.01679922454059124 -0.0078810993582010269 -0.012844623997807503
v 0.016806371510028839 0.013743272051215172 0.004808417521417141
v 0.016811124980449677 -0.013760069385170937 0.0047149998135864735
v 0.01681915670633316 0.013427874073386192 0.006767631508409977
v 0.016824888065457344 -0.013464147225022316 0.006682222243398428
v 0.016831483691930771 0.0065788235515356064 -0.013096459209918976
v 0.016835004091262817 -0.0066219959408044815 -0.013194676488637924
v 0.016837501898407936 0.013251086696982384 0.0067482050508260727
v 0.016838027164340019 -0.0067190919071435928 -0.013327681459486485
v 0.01684110052883625 0.0087867286056280136 -0.011884748004376888
v 0.016841478645801544 0.0066283252090215683 -0.013063211925327778
v 0.016842838376760483 -0.013585427775979042 -0.0012475209077820182
v 0.016843019053339958 -0.013287806883454323 0.0066668284125626087
v 0.01684318482875824 0.0067296084016561508 -0.013194943778216839
v 0.016844235360622406 0.013651689514517784 -0.0011302902130410075
v 0.016872499138116837 0.013773610815405846 0.0028288641478866339
v 0.016875648871064186 -0.013771096244454384 0.0027317693457007408
v 0.016878392547369003 -0.01336219348013401 0.0057331668213009834
v 0.016880422830581665 -0.0095047745853662491 -0.011353185400366783
v 0.016884427517652512 -0.013258883729577065 -0.0032108207233250141
v 0.01688709482550621 0.013331418856978416 -0.0030957001727074385
v 0.016892323270440102 -0.0087537560611963272 -0.012050657533109188
v 0.016892902553081512 0.013573354110121727 0.0048033334314823151
v 0.016896145418286324 0.010141229256987572 -0.010393627919256687
v 0.016897248104214668 -0.013590136542916298 0.0047120149247348309
v 0.016897531226277351 0.0069387014955282211 -0.012849612161517143
v 0.016903245821595192 0.0078079309314489365 -0.012585126794874668
v 0.016903804615139961 -0.010156968608498573 -0.010575739666819572
v 0.016907880082726479 -0.0077991578727960587 -0.012751677073538303
v 0.016910681501030922 0.013396656140685081 0.0047956123016774654
v 0.016914790496230125 -0.0069846007972955704 -0.012956072576344013
v 0.016914943233132362 -0.012785399332642555 -0.0051526543684303761
v 0.016917461529374123 0.012847742065787315 -0.0050360620953142643
v 0.016926690936088562 0.011281153187155724 -0.0087270643562078476
v 0.016929581761360168 -0.011263230815529823 -0.008886607363820076
v 0.016931205987930298 0.013707136735320091 0.00085523509187623858
v 0.016931599006056786 -0.012129927054047585 -0.0070608453825116158
v 0.016931921243667603 -0.013670960441231728 0.00074709497857838869
v 0.01693234033882618 0.012175625190138817 -0.0069269724190235138
v 0.016937151551246643 -0.007126370444893837 -0.012858524918556213
v 0.016952373087406158 0.0086986925452947617 -0.011799107305705547
v 0.016957731917500496 0.013604437932372093 0.0028331680223345757
v 0.016959220170974731 -0.0086946729570627213 -0.011991206556558609
v 0.01696057990193367 -0.013601699844002724 0.0027374473866075277
v 0.016966860741376877 0.0077070798724889755 -0.01246932428330183
v 0.016970314085483551 -0.0077014956623315811 -0.012634438462555408
v 0.016974899917840958 0.013428619131445885 0.0028361051809042692
v 0.016977639868855476 0.0076063927263021469 -0.012348689138889313
v 0.016977656632661819 -0.013425612822175026 0.0027409435715526342
v 0.016979632899165154 -0.013461032882332802 -0.001228051376529038
v 0.016981152817606926 0.013526966795325279 -0.0011114926310256124
v 0.016992352902889252 -0.0094111058861017227 -0.01127288956195116
v 0.017005404457449913 -0.013391608372330666 0.0017720927717164159
v 0.017006760463118553 -0.008627692237496376 -0.011922252364456654
v 0.017010675743222237 0.010042062029242516 -0.010319466702640057
v 0.017014764249324799 0.013539126142859459 0.00086824956815689802
v 0.017015239223837852 -0.01350327767431736 0.00076215428998693824
v 0.017017431557178497 0.0085912849754095078 -0.01169094629585743
v 0.017017887905240059 -0.013135770335793495 -0.0031838321592658758
v 0.01701795682311058 -0.010057071223855019 -0.01050239335745573
v 0.017020346596837044 0.013208186253905296 -0.0030690247658640146
v 0.017025519162416458 0.0083961393684148788 -0.011660689488053322
v 0.017029887065291405 0.0084823574870824814 -0.011578450910747051
v 0.017031310126185417 0.013364678248763084 0.00088011717889457941
v 0.017035864293575287 -0.0084825251251459122 -0.011768775060772896
v 0.017044363543391228 -0.012664580717682838 -0.0051170196384191513
v 0.017045523971319199 0.011172374710440636 -0.008665633387863636
v 0.017046285793185234 0.012727325782179832 -0.0049998993054032326
v 0.017048755660653114 -0.011153364554047585 -0.00882752425968647
v 0.017056083306670189 -0.012013265863060951 -0.0070146624930202961
v 0.017056172713637352 0.012059813365340233 -0.006878893356770277
v 0.017056891694664955 -0.0089025441557168961 -0.011361098848283291
v 0.017057664692401886 -0.0092959646135568619 -0.011172088794410229
v 0.017060963436961174 -0.013295764103531837 -0.0012036338448524475
v 0.0170625951141119 0.013361057266592979 -0.0010892432183027267
v 0.01706991158425808 -0.009178677573800087 -0.011067837476730347
v 0.017076743766665459 -0.013124549761414528 -0.0011793219018727541
v 0.017077509313821793 0.0099192019551992416 -0.010225130245089531
v 0.017078470438718796 0.013189038261771202 -0.0010680572595447302
v 0.017084531486034393 -0.0099332723766565323 -0.010409771464765072
v 0.017089905217289925 0.0097938533872365952 -0.01012705359607935
v 0.017096355557441711 -0.012974971905350685 -0.0021851027850061655
v 0.017096921801567078 -0.012973422184586525 -0.0031502766069024801
v 0.017099205404520035 0.013045912608504295 -0.0030357611831277609
v 0.017111986875534058 -0.012805262580513954 -0.0031169161666184664
v 0.017113110050559044 -0.01025095023214817 -0.0096945017576217651
v 0.017114272341132164 0.012877902016043663 -0.0030026249587535858
v 0.01711495965719223 0.011035388335585594 -0.0085873845964670181
v 0.017118388786911964 -0.011015051975846291 -0.008751358836889267
v 0.017120640724897385 -0.012507090345025063 -0.0050721778534352779
v 0.017122197896242142 0.012570848688483238 -0.004953363910317421
v 0.017127644270658493 0.010894929990172386 -0.0085064945742487907
v 0.017128754407167435 0.011911651119589806 -0.0068168928846716881
v 0.017129089683294296 -0.01186373271048069 -0.0069549246691167355
v 0.017131082713603973 -0.010873327031731606 -0.0086720054969191551
v 0.017135873436927795 -0.012310931459069252 -0.00514189712703228
v 0.017136355862021446 0.012409230694174767 -0.0049056145362555981
v 0.017140381038188934 -0.011394256725907326 -0.0076327845454216003
v 0.017142098397016525 0.011759167537093163 -0.0067527391947805882
v 0.017142519354820251 -0.011709818616509438 -0.0068930364213883877
f 3107 3070 3069
f 2836 2673 2827
f 2827 2673 2662
f 2827 2662 2818
f 2818 2662 2642
f 2818 2642 2803
f 2803 2642 2603
f 2803 2603 2764
f 2764 2603 2574
f 2764 2574 2727
f 2727 2574 2562
f 2727 2562 2633
f 2850 2699 2836
f 2836 2699 2687
f 2836 2687 2673
f 2714 2711 2850
f 2850 2711 2704
f 2850 2704 2699
f 2850 2862 2714
f 2714 2862 2871
f 2714 2871 2722
f 2722 2871 2883
f 2722 2883 2732
f 2732 2883 2890
f 2732 2890 2738
f 2738 2890 2746
f 2746 2890 2904
f 2746 2904 2750
f 3093 3106 3107
f 3107 3069 3093
f 3093 3069 3059
f 3093 3059 3081
f 3081 3059 3051
f 3081 3051 3074
f 3074 3051 3040
f 3074 3040 3061
f 3061 3040 3033
f 3061 3033 3052
f 3052 3033 3013
f 3052 3013 3041
f 3041 3013 3001
f 3041 3001 3030
f 3030 3001 2988
f 3030 2988 3009
f 3009 2988 2989
f 2989 2988 2965
f 2989 2965 2981
f 2981 2965 2969
f 2969 2965 2940
f 2969 2940 2950
f 2950 2940 2918
f 2950 2918 2930
f 2930 2918 2877
f 2930 2877 2903
f 3070 2995 3069
f 3069 2995 2993
f 3069 2993 3059
f 3059 2993 2986
f 3059 2986 3051
f 3051 2986 2978
f 3051 2978 3040
f 3040 2978 2971
f 3040 2971 3033
f 3033 2971 2963
f 3033 2963 3013
f 3013 2963 2954
f 3013 2954 3001
f 3001 2954 2943
f 3001 2943 2988
f 2988 2943 2934
f 2988 2934 2965
f 2965 2934 2909
f 2965 2909 2940
f 2940 2909 2880
f 2940 2880 2918
f 2918 2880 2835
f 2918 2835 2877
f 2877 2835 2794
f 2995 2904 2993
f 2993 2904 2890
f 2993 2890 2986
f 2986 2890 2883
f 2986 2883 2978
f 2978 2883 2871
f 2978 2871 2971
f 2971 2871 2862
f 2971 2862 2963
f 2963 2862 2850
f 2963 2850 2954
f 2954 2850 2836
f 2954 2836 2943
f 2943 2836 2827
f 2943 2827 2934
f 2934 2827 2818
f 2934 2818 2909
f 2909 2818 2803
f 2909 2803 2880
f 2880 2803 2764
f 2880 2764 2835
f 2835 2764 2727
f 2835 2727 2794
f 2794 2727 2633
f 3118 3108 3109
f 3113 3135 3104
f 3104 3135 3131
f 3104 3131 3098
f 3098 3131 3126
f 3098 3126 3090
f 3090 3126 3118
f 3090 3118 3084
f 3084 3118 3109
f 3084 3109 3073
f 3115 3142 3113
f 3113 3142 3140
f 3113 3140 3135
f 3111 3141 3115
f 3115 3141 3143
f 3115 3143 3142
f 3133 3136 3111
f 3111 3136 3139
f 3111 3139 3141
f 3111 3103 3133
f 3133 3103 3097
f 3133 3097 3127
f 3097 3089 3127
f 3127 3089 3083
f 3127 3083 3119
f 3107 3106 3112
f 3119 3083 3112
f 3112 3083 3070
f 3112 3070 3107
f 2757 2750 2904
f 2901 2907 2751
f 2995 3070 3007
f 3007 3070 3083
f 3007 3083 3010
f 3010 3083 3089
f 3010 3089 3018
f 3018 3089 3097
f 3018 3097 3024
f 3024 3097 3103
f 3024 3103 3028
f 3028 3103 3111
f 3028 3111 3032
f 3032 3111 3115
f 3032 3115 3029
f 3029 3115 3113
f 3029 3113 3026
f 3026 3113 3104
f 3026 3104 3019
f 3019 3104 3098
f 3019 3098 3012
f 3012 3098 3090
f 3012 3090 3008
f 3008 3090 3084
f 3008 3084 2996
f 2996 3084 3073
f 2996 2907 3008
f 3008 2907 2901
f 3008 2901 3012
f 3012 2901 2911
f 3012 2911 3019
f 3019 2911 2917
f 3019 2917 3026
f 3026 2917 2921
f 3026 2921 3029
f 3029 2921 2927
f 3029 2927 3032
f 3032 2927 2929
f 3032 2929 3028
f 3028 2929 2926
f 3028 2926 3024
f 3024 2926 2920
f 3024 2920 3018
f 3018 2920 2916
f 3018 2916 3010
f 3010 2916 2910
f 3010 2910 3007
f 3007 2910 2900
f 3007 2900 2995
f 2751 2758 2901
f 2901 2758 2762
f 2901 2762 2911
f 2911 2762 2769
f 2911 2769 2917
f 2917 2769 2775
f 2917 2775 2921
f 2921 2775 2784
f 2921 2784 2927
f 2927 2784 2786
f 2927 2786 2929
f 2929 2786 2781
f 2929 2781 2926
f 2926 2781 2772
f 2926 2772 2920
f 2920 2772 2768
f 2920 2768 2916
f 2916 2768 2761
f 2916 2761 2910
f 2910 2761 2757
f 2910 2757 2900
f 2900 2757 2904
f 2900 2904 2995
f 2488 2520 2518
f 2486 2483 2488
f 2488 2518 2486
f 2486 2518 2522
f 2486 2522 2491
f 2491 2522 2526
f 2491 2526 2493
f 2493 2526 2528
f 2493 2528 2495
f 2507 2501 2533
f 2533 2501 2499
f 2533 2499 2528
f 2528 2499 2496
f 2528 2496 2495
f 2533 2537 2507
f 2507 2537 2547
f 2507 2547 2517
f 2517 2547 2556
f 2517 2556 2525
f 2525 2556 2569
f 2525 2569 2531
f 2589 2535 2569
f 2569 2535 2532
f 2569 2532 2531
f 2636 2633 2562
f 2562 2555 2636
f 2636 2555 2548
f 2636 2548 2589
f 2589 2548 2538
f 2589 2538 2535
f 2869 2903 2877
f 2877 2842 2869
f 2869 2842 2813
f 2869 2813 2828
f 2828 2813 2790
f 2828 2790 2809
f 2809 2790 2747
f 2809 2747 2789
f 2789 2747 2729
f 2789 2729 2760
f 2760 2729 2707
f 2760 2707 2742
f 2742 2707 2684
f 2742 2684 2724
f 2724 2684 2665
f 2724 2665 2710
f 2710 2665 2651
f 2710 2651 2692
f 2692 2651 2632
f 2692 2632 2674
f 2674 2632 2616
f 2674 2616 2663
f 2663 2616 2656
f 2656 2616 2596
f 2656 2596 2647
f 2877 2794 2842
f 2842 2794 2778
f 2842 2778 2813
f 2813 2778 2740
f 2813 2740 2790
f 2790 2740 2697
f 2790 2697 2747
f 2747 2697 2648
f 2747 2648 2729
f 2729 2648 2626
f 2729 2626 2707
f 2707 2626 2595
f 2707 2595 2684
f 2684 2595 2578
f 2684 2578 2665
f 2665 2578 2571
f 2665 2571 2651
f 2651 2571 2566
f 2651 2566 2632
f 2632 2566 2564
f 2632 2564 2616
f 2616 2564 2560
f 2616 2560 2596
f 2596 2560 2557
f 2794 2633 2778
f 2778 2633 2636
f 2778 2636 2740
f 2740 2636 2589
f 2740 2589 2697
f 2697 2589 2569
f 2697 2569 2648
f 2648 2569 2556
f 2648 2556 2626
f 2626 2556 2547
f 2626 2547 2595
f 2595 2547 2537
f 2595 2537 2578
f 2578 2537 2533
f 2578 2533 2571
f 2571 2533 2528
f 2571 2528 2566
f 2566 2528 2526
f 2566 2526 2564
f 2564 2526 2522
f 2564 2522 2560
f 2560 2522 2518
f 2560 2518 2557
f 2557 2518 2520
f 2906 2893 2919
f 2906 2919 2937
f 2937 2919 2941
f 2937 2941 2962
f 2962 2941 2966
f 2962 2966 2984
f 2984 2966 2990
f 2984 2990 3003
f 3003 2990 3002
f 3003 3002 3022
f 3022 3002 3016
f 3022 3016 3037
f 3037 3016 3035
f 3037 3035 3049
f 3049 3035 3043
f 3049 3043 3057
f 3057 3043 3054
f 3057 3054 3072
f 3072 3054 3064
f 3072 3064 3079
f 3079 3064 3071
f 3079 3071 3092
f 3109 3108 3105
f 3092 3071 3105
f 3105 3071 3073
f 3105 3073 3109
f 2741 2751 2907
f 2860 2726 2868
f 2868 2726 2734
f 2868 2734 2881
f 2881 2734 2741
f 2881 2741 2887
f 2887 2741 2907
f 2826 2701 2834
f 2834 2701 2708
f 2834 2708 2848
f 2848 2708 2713
f 2848 2713 2860
f 2860 2713 2718
f 2860 2718 2726
f 2816 2675 2826
f 2826 2675 2689
f 2826 2689 2701
f 2643 2650 2801
f 2801 2650 2661
f 2801 2661 2816
f 2816 2661 2670
f 2816 2670 2675
f 2643 2801 2604
f 2604 2801 2763
f 2604 2763 2584
f 2584 2763 2573
f 2573 2763 2721
f 2573 2721 2568
f 2568 2721 2705
f 2568 2705 2563
f 2893 2824 2919
f 2919 2824 2833
f 2919 2833 2941
f 2941 2833 2878
f 2941 2878 2966
f 2966 2878 2908
f 2966 2908 2990
f 2990 2908 2935
f 2990 2935 3002
f 3002 2935 2945
f 3002 2945 3016
f 3016 2945 2955
f 3016 2955 3035
f 3035 2955 2964
f 3035 2964 3043
f 3043 2964 2972
f 3043 2972 3054
f 3054 2972 2979
f 3054 2979 3064
f 3064 2979 2987
f 3064 2987 3071
f 3071 2987 2994
f 3071 2994 3073
f 3073 2994 2996
f 2824 2705 2833
f 2833 2705 2721
f 2833 2721 2878
f 2878 2721 2763
f 2878 2763 2908
f 2908 2763 2801
f 2908 2801 2935
f 2935 2801 2816
f 2935 2816 2945
f 2945 2816 2826
f 2945 2826 2955
f 2955 2826 2834
f 2955 2834 2964
f 2964 2834 2848
f 2964 2848 2972
f 2972 2848 2860
f 2972 2860 2979
f 2979 2860 2868
f 2979 2868 2987
f 2987 2868 2881
f 2987 2881 2994
f 2994 2881 2887
f 2994 2887 2996
f 2996 2887 2907
f 2489 2521 2516
f 2515 2520 2488
f 2639 2647 2596
f 2575 2612 2576
f 2576 2612 2617
f 2576 2617 2580
f 2580 2617 2625
f 2580 2625 2582
f 2582 2625 2631
f 2582 2631 2585
f 2585 2631 2639
f 2585 2639 2591
f 2591 2639 2596
f 2577 2610 2575
f 2575 2610 2609
f 2575 2609 2612
f 2622 2615 2577
f 2577 2615 2614
f 2577 2614 2610
f 2577 2581 2622
f 2622 2581 2583
f 2622 2583 2629
f 2629 2583 2586
f 2629 2586 2637
f 2637 2586 2593
f 2637 2593 2646
f 2646 2593 2599
f 2646 2599 2652
f 2482 2484 2489
f 2559 2599 2554
f 2554 2599 2593
f 2554 2593 2551
f 2551 2593 2586
f 2551 2586 2546
f 2546 2586 2583
f 2546 2583 2544
f 2544 2583 2581
f 2544 2581 2542
f 2542 2581 2577
f 2542 2577 2540
f 2540 2577 2575
f 2540 2575 2541
f 2541 2575 2576
f 2541 2576 2543
f 2543 2576 2580
f 2543 2580 2545
f 2545 2580 2582
f 2545 2582 2550
f 2550 2582 2585
f 2550 2585 2553
f 2553 2585 2591
f 2553 2591 2557
f 2557 2591 2596
f 2521 2559 2516
f 2516 2559 2554
f 2516 2554 2513
f 2513 2554 2551
f 2513 2551 2511
f 2511 2551 2546
f 2511 2546 2509
f 2509 2546 2544
f 2509 2544 2506
f 2506 2544 2542
f 2506 2542 2504
f 2504 2542 2540
f 2504 2540 2505
f 2505 2540 2541
f 2505 2541 2508
f 2508 2541 2543
f 2508 2543 2510
f 2510 2543 2545
f 2510 2545 2512
f 2512 2545 2550
f 2512 2550 2515
f 2515 2550 2553
f 2515 2553 2520
f 2520 2553 2557
f 2489 2516 2482
f 2482 2516 2513
f 2482 2513 2480
f 2480 2513 2511
f 2480 2511 2478
f 2478 2511 2509
f 2478 2509 2476
f 2476 2509 2506
f 2476 2506 2474
f 2474 2506 2504
f 2474 2504 2472
f 2472 2504 2505
f 2472 2505 2473
f 2473 2505 2508
f 2473 2508 2475
f 2475 2508 2510
f 2475 2510 2477
f 2477 2510 2512
f 2477 2512 2479
f 2479 2512 2515
f 2479 2515 2481
f 2481 2515 2488
f 2481 2488 2483
f 2549 2524 2558
f 2558 2524 2530
f 2558 2530 2570
f 2570 2530 2536
f 2570 2536 2594
f 2594 2536 2552
f 2594 2552 2641
f 2641 2552 2563
f 2641 2563 2705
f 2539 2503 2549
f 2549 2503 2514
f 2549 2514 2524
f 2534 2500 2539
f 2539 2500 2502
f 2539 2502 2503
f 2494 2497 2534
f 2534 2497 2498
f 2534 2498 2500
f 2534 2529 2494
f 2494 2529 2527
f 2494 2527 2492
f 2492 2527 2523
f 2492 2523 2490
f 2490 2523 2519
f 2490 2519 2487
f 2489 2484 2485
f 2487 2519 2485
f 2485 2519 2521
f 2485 2521 2489
f 2660 2652 2599
f 2599 2619 2660
f 2660 2619 2634
f 2660 2634 2671
f 2671 2634 2653
f 2671 2653 2683
f 2683 2653 2666
f 2683 2666 2700
f 2700 2666 2685
f 2700 2685 2719
f 2719 2685 2709
f 2719 2709 2735
f 2735 2709 2730
f 2735 2730 2753
f 2753 2730 2749
f 2753 2749 2776
f 2776 2749 2792
f 2776 2792 2804
f 2804 2792 2823
f 2823 2792 2814
f 2823 2814 2853
f 2853 2814 2843
f 2853 2843 2891
f 2891 2843 2893
f 2891 2893 2906
f 2599 2559 2619
f 2619 2559 2561
f 2619 2561 2634
f 2634 2561 2565
f 2634 2565 2653
f 2653 2565 2567
f 2653 2567 2666
f 2666 2567 2572
f 2666 2572 2685
f 2685 2572 2579
f 2685 2579 2709
f 2709 2579 2598
f 2709 2598 2730
f 2730 2598 2627
f 2730 2627 2749
f 2749 2627 2654
f 2749 2654 2792
f 2792 2654 2698
f 2792 2698 2814
f 2814 2698 2744
f 2814 2744 2843
f 2843 2744 2782
f 2843 2782 2893
f 2893 2782 2824
f 2559 2521 2561
f 2561 2521 2519
f 2561 2519 2565
f 2565 2519 2523
f 2565 2523 2567
f 2567 2523 2527
f 2567 2527 2572
f 2572 2527 2529
f 2572 2529 2579
f 2579 2529 2534
f 2579 2534 2598
f 2598 2534 2539
f 2598 2539 2627
f 2627 2539 2549
f 2627 2549 2654
f 2654 2549 2558
f 2654 2558 2698
f 2698 2558 2570
f 2698 2570 2744
f 2744 2570 2594
f 2744 2594 2782
f 2782 2594 2641
f 2782 2641 2824
f 2824 2641 2705
f 1812 1953 1918
f 1748 1779 1829
f 1687 1685 1812
f 1685 1687 1681
f 1329 1258 1265
f 1843 1835 1721
f 1721 1835 1795
f 1529 1589 1477
f 1755 1739 1640
f 1640 1739 1656
f 1112 1100 1031
f 1050 1041 979
f 1417 1515 1428
f 1564 1590 1610
f 1697 1707 1641
f 2214 2211 2142
f 2150 2229 2241
f 2355 2241 2377
f 2377 2241 2229
f 2377 2229 2403
f 2403 2229 2340
f 2403 2340 2395
f 2395 2340 2349
f 2395 2349 2390
f 2390 2349 2388
f 2349 2347 2388
f 2388 2347 2323
f 2388 2323 2385
f 2385 2323 2283
f 2385 2283 2383
f 2383 2283 2209
f 2209 2283 2269
f 2209 2269 2112
f 2269 2174 2112
f 2112 2174 2091
f 2112 2091 2019
f 2019 2091 1995
f 2019 1995 2003
f 2078 2016 1919
f 1919 2016 1962
f 1962 1947 1919
f 1919 1947 1957
f 1919 1957 1956
f 1956 1957 1982
f 2145 2111 2036
f 2036 2111 2078
f 2036 2078 1904
f 1904 2078 1919
f 1904 1919 1776
f 2140 2316 2303
f 2214 2142 2248
f 2309 2316 2302
f 2302 2316 2140
f 2302 2140 2210
f 2210 2140 2141
f 2210 2141 2171
f 2171 2141 2139
f 2141 2026 2139
f 2139 2026 2035
f 2139 2035 2052
f 2012 1994 1953
f 1953 1994 1968
f 1968 1949 1953
f 1953 1949 1944
f 1953 1944 1918
f 1918 1944 1961
f 1918 1961 2017
f 2018 2005 2090
f 2018 2090 2185
f 2185 2090 2201
f 2185 2201 2207
f 2207 2201 2268
f 2207 2268 2294
f 2268 2272 2294
f 2294 2272 2277
f 2294 2277 2382
f 2382 2277 2289
f 2382 2289 2386
f 2289 2330 2386
f 2386 2330 2350
f 2386 2350 2398
f 2398 2350 2338
f 2398 2338 2254
f 2354 2376 2239
f 2239 2376 2400
f 2239 2400 2254
f 2254 2400 2401
f 2254 2401 2398
f 2354 2239 2238
f 2238 2239 2157
f 2238 2157 2147
f 2018 2012 2005
f 2005 2012 1953
f 2005 1953 1874
f 1874 1953 1812
f 1874 1812 1855
f 1855 1812 1836
f 1836 1812 1685
f 1836 1685 1834
f 1722 1764 1767
f 1722 1610 1764
f 1764 1610 1641
f 1764 1641 1754
f 1754 1641 1707
f 1475 1527 1489
f 1489 1527 1655
f 1489 1655 1540
f 1590 1593 1610
f 1610 1593 1599
f 1610 1599 1641
f 1641 1599 1600
f 1641 1600 1597
f 1655 1697 1540
f 1540 1697 1641
f 1540 1641 1596
f 1596 1641 1597
f 1428 1515 1576
f 1576 1515 1528
f 1576 1528 1541
f 1417 1428 1354
f 1354 1428 1320
f 1354 1320 1321
f 1321 1320 1230
f 1321 1230 1229
f 1103 957 1098
f 1098 957 1032
f 1098 1032 1069
f 1103 1107 957
f 957 1107 1119
f 957 1119 1081
f 1081 1119 1146
f 1081 1146 1229
f 892 962 883
f 883 962 897
f 883 897 884
f 884 897 891
f 897 996 891
f 891 996 913
f 891 913 898
f 898 913 910
f 962 1048 897
f 897 1048 1051
f 897 1051 996
f 996 1051 1069
f 996 1069 913
f 913 1069 1032
f 913 1032 910
f 910 1032 957
f 910 957 945
f 945 957 946
f 946 957 1081
f 946 1081 1000
f 1040 1066 1039
f 1273 1280 1350
f 1350 1280 1281
f 1350 1281 1356
f 1356 1281 1276
f 1356 1276 1239
f 1239 1276 1218
f 1239 1218 1154
f 1120 1192 1240
f 1240 1192 1273
f 1240 1273 1357
f 1357 1273 1350
f 979 1041 953
f 953 1041 1082
f 953 1082 927
f 927 958 902
f 902 958 899
f 887 896 886
f 886 896 888
f 993 912 1031
f 1100 1085 1031
f 1031 1085 1070
f 1031 1070 993
f 993 1070 1064
f 993 1064 1049
f 1082 1147 1140
f 927 1082 958
f 958 1082 1140
f 958 1140 1125
f 1125 1112 958
f 958 1112 1031
f 958 1031 899
f 899 1031 912
f 899 912 887
f 887 912 993
f 887 993 896
f 896 993 1049
f 896 1049 888
f 888 1049 965
f 888 965 894
f 1200 1213 1255
f 1255 1213 1231
f 1255 1231 1322
f 1322 1231 1251
f 1322 1251 1413
f 1413 1251 1372
f 1413 1372 1496
f 1609 1581 1578
f 1578 1581 1548
f 1578 1548 1496
f 1496 1548 1516
f 1496 1516 1413
f 1598 1601 1640
f 1640 1601 1602
f 1640 1602 1609
f 1609 1602 1595
f 1609 1595 1581
f 1598 1640 1550
f 1550 1640 1656
f 1550 1656 1529
f 1529 1656 1614
f 1529 1614 1589
f 1995 1875 1815
f 1395 1487 1482
f 1482 1487 1492
f 1265 1258 1254
f 1254 1258 1142
f 1254 1142 1204
f 1204 1142 1170
f 1204 1170 1177
f 1230 1223 1229
f 1229 1223 1207
f 1229 1207 1081
f 1081 1207 1188
f 1188 1175 1081
f 1081 1175 1040
f 1081 1040 1000
f 1000 1040 1039
f 1482 1350 1395
f 1395 1350 1356
f 1395 1356 1329
f 1329 1356 1239
f 1329 1239 1258
f 1258 1239 1154
f 1258 1154 1142
f 1142 1154 1066
f 1142 1066 1170
f 1170 1066 1040
f 1170 1040 1177
f 1177 1040 1175
f 1681 1657 1685
f 1685 1657 1722
f 1685 1722 1834
f 1834 1722 1767
f 1541 1564 1576
f 1576 1564 1610
f 1576 1610 1629
f 1629 1610 1722
f 1629 1722 1631
f 1631 1722 1657
f 2017 2020 1918
f 1918 2020 2052
f 1918 2052 1903
f 1903 2052 2035
f 1903 2035 2004
f 2004 2035 2026
f 2004 2026 2075
f 2075 2026 2141
f 2100 2105 2140
f 2140 2105 2108
f 2140 2108 2141
f 2141 2108 2099
f 2141 2099 2075
f 2303 2248 2140
f 2140 2248 2142
f 2140 2142 2100
f 2100 2142 2027
f 2100 2027 2031
f 2031 2027 1932
f 2211 2175 2142
f 2142 2175 2145
f 2142 2145 2027
f 2027 2145 2036
f 2027 2036 1932
f 1932 2036 1904
f 1932 1904 1902
f 1902 1904 1776
f 1647 1668 1686
f 1686 1668 1688
f 1686 1688 1815
f 1815 1688 1713
f 1815 1713 1781
f 1755 1640 1795
f 1795 1640 1609
f 1795 1609 1721
f 1721 1609 1578
f 1721 1578 1630
f 1630 1647 1721
f 1721 1647 1686
f 1721 1686 1843
f 1843 1686 1815
f 1843 1815 1866
f 1866 1815 1875
f 1041 1178 1082
f 1082 1178 1173
f 1082 1173 1185
f 1255 1147 1200
f 1200 1147 1082
f 1200 1082 1191
f 1191 1082 1185
f 1270 1214 1171
f 1171 1214 1190
f 1171 1190 1189
f 1365 1300 1259
f 1259 1300 1282
f 1171 1143 1270
f 1270 1143 1259
f 1270 1259 1277
f 1277 1259 1282
f 1357 1365 1240
f 1240 1365 1259
f 1240 1259 1120
f 1120 1259 1143
f 1120 1143 1050
f 1050 1143 1171
f 1050 1171 1041
f 1041 1171 1189
f 1041 1189 1178
f 1492 1493 1482
f 1482 1493 1486
f 1482 1486 1350
f 1350 1486 1397
f 1350 1397 1357
f 1357 1397 1386
f 1357 1386 1365
f 1713 1776 1781
f 1781 1776 1919
f 1781 1919 1815
f 1815 1919 1956
f 1815 1956 1995
f 1995 1956 1982
f 1995 1982 2003
f 2004 1901 1903
f 1903 1901 1829
f 1903 1829 1918
f 1918 1829 1779
f 1918 1779 1812
f 1812 1779 1748
f 1812 1748 1687
f 1682 1814 1778
f 1021 1011 1077
f 1698 1760 1777
f 1468 1391 1478
f 2103 2029 2023
f 1911 1849 1882
f 963 949 895
f 768 791 816
f 1057 1087 1130
f 1301 1387 1305
f 1420 1415 1370
f 1415 1420 1574
f 1604 1605 1535
f 2134 2054 2144
f 2144 2234 2134
f 2134 2234 2365
f 2134 2365 2223
f 2223 2365 2331
f 2223 2331 2228
f 2228 2331 2313
f 2196 2216 2313
f 2313 2216 2226
f 2313 2226 2228
f 2313 2297 2196
f 2196 2297 2281
f 2196 2281 2183
f 2183 2281 2243
f 2183 2243 2170
f 2043 1884 1850
f 1850 2006 2043
f 2043 2006 2106
f 2043 2106 2243
f 2243 2106 2161
f 2243 2161 2170
f 1848 1814 1865
f 1865 1814 1850
f 1865 1850 1876
f 1876 1850 1884
f 1720 1741 1682
f 1682 1741 1743
f 1682 1743 1814
f 1814 1743 1828
f 1814 1828 1850
f 1720 1682 1709
f 1709 1682 1567
f 1709 1567 1606
f 1632 1646 1606
f 1606 1646 1704
f 1606 1704 1709
f 1535 1478 1456
f 1574 1604 1415
f 1415 1604 1535
f 1415 1535 1457
f 1457 1535 1456
f 1305 1387 1325
f 1325 1387 1394
f 1325 1394 1391
f 1394 1404 1391
f 1391 1404 1422
f 1391 1422 1478
f 1478 1422 1448
f 1478 1448 1456
f 1301 1305 1241
f 1241 1305 1202
f 1241 1202 1205
f 1205 1202 1101
f 1205 1101 1106
f 1101 1078 1106
f 1106 1078 1055
f 1106 1055 988
f 988 1055 932
f 988 932 973
f 973 932 817
f 940 950 893
f 893 950 951
f 893 951 817
f 817 951 959
f 817 959 973
f 807 867 779
f 779 867 784
f 779 784 772
f 772 784 765
f 784 874 765
f 765 874 789
f 765 789 767
f 767 789 776
f 867 943 784
f 784 943 938
f 784 938 874
f 874 938 940
f 874 940 789
f 789 940 893
f 789 893 776
f 776 893 817
f 776 817 800
f 800 817 801
f 801 817 805
f 805 817 932
f 805 932 851
f 851 932 879
f 851 879 900
f 900 879 1012
f 900 1012 971
f 1115 986 971
f 971 986 972
f 971 972 900
f 1128 1138 1215
f 931 810 878
f 878 810 833
f 878 833 880
f 766 785 771
f 771 785 786
f 875 790 895
f 949 948 895
f 895 948 939
f 895 939 875
f 875 939 936
f 875 936 941
f 987 978 816
f 978 963 816
f 816 963 895
f 816 895 768
f 768 895 790
f 768 790 766
f 766 790 875
f 766 875 785
f 785 875 941
f 785 941 786
f 786 941 866
f 786 866 804
f 1076 1133 1054
f 1054 1133 987
f 1054 987 931
f 931 987 816
f 931 816 810
f 810 816 791
f 1076 1096 1133
f 1133 1096 1099
f 1133 1099 1206
f 1206 1099 1116
f 1206 1116 1296
f 1296 1116 1250
f 1296 1250 1371
f 1439 1421 1504
f 1439 1504 1444
f 1421 1418 1504
f 1504 1418 1416
f 1504 1416 1371
f 1371 1416 1388
f 1371 1388 1296
f 1536 1455 1459
f 1451 1479 1454
f 1454 1479 1458
f 1455 1536 1423
f 1671 1625 1536
f 1536 1625 1617
f 1536 1617 1423
f 1369 1401 1464
f 1464 1401 1423
f 1464 1423 1499
f 1499 1423 1617
f 1499 1617 1573
f 1459 1458 1536
f 1536 1458 1479
f 1536 1479 1671
f 1671 1479 1607
f 1671 1607 1702
f 1849 1742 1680
f 1680 1742 1734
f 1680 1734 1716
f 2187 2284 2206
f 2206 2284 2320
f 2206 2320 2224
f 1911 1882 2072
f 2072 1882 2011
f 2072 2011 2160
f 2160 2011 2107
f 2160 2107 2187
f 2187 2107 2280
f 2187 2280 2284
f 2276 2119 2364
f 2364 2119 2222
f 2364 2222 2320
f 2320 2222 2227
f 2320 2227 2224
f 2276 2233 2119
f 2119 2233 2143
f 2119 2143 2053
f 1808 1777 1816
f 1816 1777 1896
f 1808 1805 1777
f 1777 1805 1807
f 1777 1807 1811
f 1811 1807 1832
f 1811 1832 1856
f 1896 1777 1920
f 1920 1777 1760
f 1920 1760 1997
f 2195 2188 2024
f 2024 2188 2131
f 2024 2131 2028
f 2028 2131 2049
f 2191 2195 2189
f 2189 2195 2024
f 2189 2024 2114
f 2114 2024 2103
f 1848 1827 1814
f 1814 1827 1806
f 1814 1806 1778
f 1778 1806 1818
f 1778 1818 1877
f 1567 1534 1606
f 1606 1534 1508
f 1606 1508 1505
f 1505 1468 1606
f 1606 1468 1478
f 1606 1478 1632
f 1632 1478 1535
f 1632 1535 1626
f 1626 1535 1605
f 1663 1623 1637
f 1637 1623 1594
f 1637 1594 1571
f 1877 1880 1778
f 1778 1880 1761
f 1778 1761 1693
f 1761 1844 1831
f 1831 1753 1761
f 1761 1753 1695
f 1761 1695 1693
f 2103 2024 2029
f 2029 2024 1991
f 2029 1991 1980
f 1880 1923 1761
f 1761 1923 2023
f 1761 2023 1844
f 1844 2023 2029
f 1844 2029 1916
f 1916 2029 1980
f 1769 1867 2028
f 2028 1867 1979
f 2028 1979 2024
f 2024 1979 1985
f 2024 1985 1991
f 2049 2044 2028
f 2028 2044 1997
f 2028 1997 1769
f 1769 1997 1760
f 1769 1760 1765
f 1765 1760 1698
f 1680 1619 1636
f 1636 1619 1634
f 1702 1607 1716
f 1716 1607 1566
f 1716 1566 1680
f 1680 1566 1570
f 1680 1570 1619
f 1451 1444 1479
f 1479 1444 1504
f 1479 1504 1607
f 1607 1504 1519
f 1607 1519 1566
f 1566 1519 1552
f 1566 1552 1570
f 1024 1035 931
f 931 1035 1042
f 931 1042 1054
f 1077 1011 1141
f 1141 1011 970
f 1141 970 1151
f 1151 970 1114
f 1151 1114 1210
f 1294 1237 1219
f 1219 1237 1210
f 1219 1210 1086
f 1086 1210 1114
f 1086 1114 947
f 947 1114 970
f 947 970 880
f 880 970 1011
f 880 1011 878
f 878 1011 1021
f 878 1021 931
f 931 1021 1019
f 931 1019 1024
f 1215 1340 1348
f 947 1034 1086
f 1086 1034 1128
f 1086 1128 1219
f 1219 1128 1215
f 1219 1215 1294
f 1294 1215 1348
f 1347 1351 1340
f 1340 1351 1353
f 1340 1353 1348
f 1216 1225 1220
f 1220 1225 1260
f 1220 1260 1215
f 1215 1260 1326
f 1215 1326 1340
f 1340 1326 1341
f 1340 1341 1347
f 1211 1087 1115
f 1115 1087 1057
f 1115 1057 986
f 1211 1216 1087
f 1087 1216 1220
f 1087 1220 1130
f 1130 1220 1215
f 1130 1215 1139
f 1139 1215 1138
f 1055 1038 932
f 932 1038 1020
f 932 1020 879
f 879 1020 1022
f 879 1022 1012
f 1012 1022 1056
f 1012 1056 971
f 971 1056 1084
f 971 1084 1115
f 1115 1084 1165
f 1115 1165 1211
f 1693 1663 1778
f 1778 1663 1637
f 1778 1637 1682
f 1682 1637 1571
f 1682 1571 1567
f 1567 1571 1563
f 1567 1563 1534
f 1634 1698 1636
f 1636 1698 1777
f 1636 1777 1680
f 1680 1777 1811
f 1680 1811 1849
f 1849 1811 1856
f 1849 1856 1882
f 286 289 300
f 405 401 363
f 401 399 253
f 219 221 365
f 269 268 176
f 553 557 615
f 664 683 616
f 616 683 591
f 616 591 568
f 683 701 591
f 591 701 679
f 591 679 568
f 568 679 638
f 568 638 562
f 562 638 637
f 562 637 551
f 551 637 590
f 551 590 544
f 544 590 534
f 507 512 522
f 522 512 516
f 522 516 518
f 518 521 522
f 522 521 531
f 522 531 590
f 590 531 532
f 590 532 534
f 337 418 427
f 427 418 486
f 378 382 293
f 293 382 394
f 293 394 337
f 337 394 400
f 337 400 418
f 378 293 384
f 384 293 300
f 384 300 385
f 504 494 528
f 528 494 487
f 528 487 446
f 487 478 446
f 446 478 470
f 446 470 468
f 468 466 446
f 446 466 456
f 446 456 353
f 353 456 448
f 353 448 385
f 504 528 553
f 553 528 624
f 553 624 557
f 557 624 666
f 557 666 615
f 615 666 653
f 615 653 644
f 458 536 446
f 446 536 545
f 446 545 528
f 528 545 574
f 528 574 624
f 298 317 238
f 238 317 320
f 238 320 353
f 353 320 339
f 353 339 357
f 357 371 353
f 353 371 380
f 353 380 446
f 446 380 415
f 446 415 458
f 298 238 292
f 292 238 181
f 292 181 268
f 268 181 177
f 268 177 176
f 308 290 233
f 233 290 270
f 233 270 269
f 365 221 368
f 221 323 366
f 368 221 373
f 373 221 366
f 373 366 369
f 311 234 294
f 294 234 273
f 239 291 182
f 182 291 273
f 376 361 354
f 376 354 381
f 381 354 447
f 381 447 460
f 361 348 354
f 354 348 328
f 354 328 239
f 239 328 318
f 239 318 291
f 592 564 527
f 527 564 537
f 527 537 447
f 447 537 500
f 447 500 460
f 668 641 580
f 580 641 634
f 580 634 592
f 668 580 656
f 656 580 584
f 656 584 645
f 483 490 527
f 527 490 493
f 527 493 592
f 592 493 503
f 592 503 580
f 580 503 510
f 580 510 584
f 447 467 479
f 447 479 527
f 527 479 483
f 388 431 354
f 354 431 449
f 354 449 447
f 447 449 455
f 447 455 467
f 387 383 295
f 295 383 377
f 295 377 301
f 301 377 379
f 387 295 409
f 409 295 338
f 409 338 411
f 529 526 524
f 524 526 513
f 524 513 428
f 428 513 508
f 428 508 411
f 529 524 543
f 543 524 589
f 543 589 555
f 555 589 629
f 555 629 561
f 652 702 626
f 626 702 684
f 629 652 561
f 561 652 626
f 561 626 613
f 613 626 684
f 613 684 665
f 541 620 524
f 524 620 621
f 524 621 589
f 589 621 628
f 589 628 629
f 393 404 335
f 335 404 407
f 335 407 428
f 407 419 428
f 428 419 437
f 428 437 454
f 454 461 428
f 428 461 463
f 428 463 524
f 524 463 505
f 524 505 541
f 393 335 392
f 392 335 248
f 392 248 399
f 399 248 251
f 399 251 253
f 497 440 363
f 363 440 414
f 363 414 405
f 355 502 499
f 355 356 502
f 502 356 496
f 502 496 501
f 406 424 362
f 362 424 444
f 362 444 356
f 356 444 464
f 356 464 496
f 334 390 406
f 457 441 427
f 457 427 462
f 486 507 427
f 427 507 522
f 427 522 462
f 462 522 540
f 441 436 427
f 427 436 408
f 427 408 334
f 334 408 403
f 334 403 390
f 637 625 590
f 590 625 619
f 590 619 522
f 522 619 578
f 522 578 540
f 267 271 354
f 354 271 301
f 354 301 388
f 388 301 379
f 182 183 239
f 239 183 213
f 239 213 354
f 354 213 218
f 354 218 267
f 215 234 221
f 221 234 311
f 221 311 323
f 215 193 234
f 234 193 186
f 234 186 273
f 273 186 178
f 273 178 182
f 365 308 219
f 219 308 233
f 219 233 214
f 214 233 187
f 269 176 233
f 233 176 185
f 233 185 187
f 385 300 353
f 353 300 289
f 353 289 281
f 281 266 353
f 353 266 224
f 353 224 238
f 238 224 212
f 238 212 181
f 286 300 279
f 279 300 293
f 279 293 303
f 303 293 337
f 303 337 322
f 406 247 334
f 334 247 274
f 334 274 427
f 427 274 284
f 284 321 427
f 427 321 327
f 427 327 337
f 337 327 329
f 337 329 322
f 356 350 362
f 362 350 312
f 362 312 406
f 406 312 258
f 406 258 247
f 499 497 355
f 355 497 363
f 355 363 351
f 351 363 302
f 401 253 363
f 363 253 297
f 363 297 302
f 411 338 428
f 428 338 331
f 428 331 330
f 330 324 428
f 428 324 296
f 428 296 335
f 335 296 276
f 335 276 248
f 271 288 301
f 301 288 287
f 301 287 295
f 295 287 283
f 295 283 338
f 338 283 325
f 338 325 331
f 536 344 545
f 545 344 358
f 545 358 574
f 491 624 426
f 426 624 574
f 426 574 389
f 389 574 358
f 491 552 624
f 624 552 614
f 624 614 666
f 344 536 204
f 204 536 458
f 204 458 202
f 202 458 415
f 202 415 131
f 131 415 380
f 320 317 96
f 111 357 110
f 110 357 339
f 110 339 108
f 108 339 320
f 108 320 98
f 98 320 96
f 131 380 129
f 129 380 371
f 129 371 121
f 121 371 357
f 121 357 119
f 119 357 111
f 67 292 268
f 67 268 71
f 365 122 308
f 308 122 94
f 308 94 290
f 290 94 86
f 290 86 270
f 270 86 71
f 270 71 269
f 269 71 268
f 292 67 298
f 298 67 96
f 298 96 317
f 369 366 123
f 365 368 122
f 122 368 373
f 122 373 126
f 126 373 369
f 126 369 125
f 125 369 123
f 323 123 366
f 123 323 88
f 323 311 88
f 88 311 294
f 88 294 74
f 74 294 273
f 74 273 68
f 68 273 291
f 68 291 87
f 87 291 318
f 87 318 97
f 376 381 132
f 132 124 376
f 376 124 120
f 376 120 361
f 361 120 117
f 361 117 348
f 117 109 348
f 348 109 104
f 348 104 328
f 328 104 97
f 328 97 318
f 537 346 500
f 500 346 205
f 500 205 460
f 205 203 460
f 460 203 132
f 460 132 381
f 634 519 592
f 592 519 459
f 592 459 564
f 564 459 391
f 564 391 375
f 668 640 641
f 641 640 585
f 641 585 634
f 634 585 535
f 634 535 519
f 375 359 564
f 564 359 346
f 564 346 537
f 1130 1018 1057
f 1057 1018 966
f 1057 966 986
f 986 966 865
f 986 865 972
f 972 865 900
f 800 723 776
f 776 723 704
f 776 704 767
f 767 704 698
f 767 698 765
f 865 788 900
f 900 788 746
f 900 746 851
f 851 746 743
f 851 743 805
f 805 743 723
f 805 723 801
f 801 723 800
f 750 807 779
f 698 696 765
f 765 696 697
f 765 697 772
f 772 697 711
f 772 711 779
f 779 711 728
f 779 728 750
f 1138 1128 1017
f 1017 1023 1138
f 1138 1023 1025
f 1138 1025 1139
f 1139 1025 1018
f 1139 1018 1130
f 786 804 799
f 799 744 786
f 786 744 724
f 786 724 771
f 771 724 706
f 771 706 766
f 766 706 695
f 766 695 768
f 768 695 700
f 768 700 791
f 791 700 716
f 791 716 810
f 810 716 727
f 810 727 833
f 833 727 740
f 833 740 880
f 740 763 880
f 880 763 769
f 880 769 947
f 769 854 947
f 947 854 926
f 947 926 1034
f 1034 926 1017
f 1034 1017 1128
f 1273 1196 1199
f 1273 1199 1280
f 1280 1199 1203
f 1280 1203 1281
f 1281 1203 1195
f 1281 1195 1276
f 887 886 759
f 902 899 770
f 887 759 899
f 899 759 757
f 899 757 770
f 894 882 888
f 888 882 829
f 888 829 886
f 886 829 787
f 886 787 759
f 916 1050 979
f 770 778 902
f 902 778 802
f 902 802 927
f 927 802 806
f 927 806 953
f 953 806 841
f 953 841 979
f 979 841 856
f 979 856 916
f 916 923 1050
f 1050 923 998
f 1050 998 1120
f 1120 998 1090
f 1120 1090 1192
f 1192 1090 1196
f 1192 1196 1273
f 620 485 621
f 621 485 489
f 621 489 628
f 628 489 498
f 628 498 629
f 629 498 511
f 629 511 652
f 652 511 556
f 556 599 652
f 652 599 639
f 652 639 702
f 485 620 345
f 345 620 541
f 345 541 342
f 342 541 505
f 342 505 209
f 209 505 463
f 407 404 147
f 147 150 407
f 407 150 162
f 407 162 419
f 419 162 172
f 419 172 437
f 172 175 437
f 437 175 194
f 437 194 454
f 463 461 209
f 209 461 454
f 209 454 197
f 197 454 194
f 140 392 399
f 140 399 149
f 497 250 440
f 440 250 188
f 440 188 414
f 414 188 161
f 414 161 405
f 405 161 149
f 405 149 401
f 401 149 399
f 392 140 393
f 393 140 147
f 393 147 404
f 501 496 249
f 497 499 250
f 250 499 502
f 250 502 259
f 259 502 501
f 259 501 255
f 255 501 249
f 464 249 496
f 249 464 167
f 464 444 167
f 167 444 424
f 167 424 151
f 151 424 406
f 151 406 139
f 139 406 390
f 139 390 136
f 136 390 403
f 136 403 146
f 457 462 207
f 207 196 457
f 457 196 184
f 457 184 441
f 441 184 174
f 441 174 436
f 174 157 436
f 436 157 152
f 436 152 408
f 408 152 146
f 408 146 403
f 619 484 578
f 578 484 343
f 578 343 540
f 343 341 540
f 540 341 207
f 540 207 462
f 495 492 625
f 495 625 530
f 625 637 530
f 530 637 638
f 530 638 579
f 701 670 679
f 679 670 627
f 679 627 638
f 638 627 586
f 638 586 579
f 492 488 625
f 625 488 484
f 625 484 619
f 283 287 83
f 83 79 283
f 283 79 102
f 283 102 325
f 66 72 267
f 267 72 271
f 72 77 271
f 271 77 84
f 271 84 288
f 288 84 83
f 288 83 287
f 215 49 193
f 193 49 40
f 193 40 186
f 186 40 33
f 186 33 178
f 178 33 28
f 28 27 178
f 178 27 31
f 178 31 182
f 182 31 32
f 182 32 183
f 183 32 213
f 213 32 51
f 213 51 218
f 218 51 66
f 218 66 267
f 219 214 48
f 48 52 219
f 219 52 53
f 219 53 221
f 221 53 49
f 221 49 215
f 266 65 224
f 224 65 54
f 224 54 212
f 212 54 46
f 46 45 212
f 212 45 37
f 212 37 181
f 181 37 30
f 181 30 177
f 177 30 176
f 176 30 29
f 176 29 185
f 185 29 34
f 185 34 187
f 187 34 48
f 187 48 214
f 289 286 82
f 82 85 289
f 289 85 80
f 289 80 281
f 80 75 281
f 281 75 65
f 281 65 266
f 322 100 303
f 303 100 76
f 303 76 279
f 279 76 82
f 279 82 286
f 327 321 99
f 99 103 327
f 327 103 106
f 327 106 329
f 329 106 100
f 329 100 322
f 312 350 112
f 64 258 89
f 89 258 312
f 89 312 95
f 95 312 112
f 64 63 258
f 258 63 59
f 258 59 247
f 247 59 58
f 247 58 274
f 274 58 81
f 274 81 284
f 284 81 99
f 284 99 321
f 355 351 113
f 113 116 355
f 355 116 118
f 355 118 356
f 356 118 112
f 356 112 350
f 324 101 296
f 296 101 90
f 296 90 276
f 276 90 78
f 78 73 276
f 276 73 61
f 276 61 248
f 248 61 60
f 248 60 251
f 251 60 253
f 253 60 62
f 253 62 297
f 297 62 91
f 297 91 302
f 302 91 113
f 302 113 351
f 331 325 102
f 102 105 331
f 331 105 107
f 331 107 330
f 330 107 101
f 330 101 324
f 1486 1435 1367
f 1306 1386 1367
f 1367 1386 1397
f 1367 1397 1486
f 1277 1282 1198
f 1198 1282 1300
f 1198 1300 1306
f 1306 1300 1365
f 1306 1365 1386
f 1083 1190 1214
f 1083 1214 1198
f 1198 1214 1270
f 1198 1270 1277
f 1072 1178 1083
f 1083 1178 1189
f 1083 1189 1190
f 1462 1434 1438
f 1492 1487 1462
f 1462 1438 1492
f 1492 1438 1445
f 1492 1445 1493
f 1493 1445 1435
f 1493 1435 1486
f 1329 1265 1172
f 1172 1265 1254
f 1172 1254 1071
f 1071 1254 1204
f 1071 1204 1177
f 1412 1395 1289
f 1289 1395 1329
f 1289 1329 1224
f 1224 1329 1172
f 1412 1434 1395
f 1395 1434 1462
f 1395 1462 1487
f 1223 1230 1158
f 1158 1132 1223
f 1223 1132 1110
f 1223 1110 1207
f 1207 1110 1094
f 1207 1094 1188
f 1094 1073 1188
f 1188 1073 1068
f 1188 1068 1175
f 1175 1068 1071
f 1175 1071 1177
f 1576 1629 1611
f 1611 1471 1576
f 1576 1471 1335
f 1576 1335 1428
f 1428 1335 1212
f 1428 1212 1320
f 1320 1212 1158
f 1320 1158 1230
f 1638 1633 1687
f 1687 1633 1681
f 1629 1631 1611
f 1611 1631 1657
f 1611 1657 1621
f 1621 1657 1681
f 1621 1681 1627
f 1627 1681 1633
f 2099 2086 2075
f 2075 2086 2041
f 2075 2041 2004
f 2041 1963 2004
f 2004 1963 1861
f 2004 1861 1901
f 1901 1861 1775
f 1901 1775 1829
f 1829 1775 1714
f 1829 1714 1748
f 1748 1714 1638
f 1748 1638 1687
f 2105 2100 2087
f 2087 2094 2105
f 2105 2094 2097
f 2105 2097 2108
f 2108 2097 2086
f 2108 2086 2099
f 1688 1639 1713
f 1713 1639 1706
f 1713 1706 1776
f 1857 1902 1772
f 1772 1902 1776
f 1772 1776 1749
f 1749 1776 1706
f 1857 1858 1902
f 1902 1858 1887
f 1902 1887 1932
f 1932 1887 1895
f 1932 1895 2031
f 1895 2002 2031
f 2031 2002 2087
f 2031 2087 2100
f 1647 1630 1620
f 1639 1688 1635
f 1635 1688 1668
f 1635 1668 1624
f 1624 1668 1647
f 1624 1647 1616
f 1616 1647 1620
f 1616 1620 1612
f 1231 1159 1251
f 1251 1159 1201
f 1251 1201 1372
f 1582 1578 1472
f 1472 1578 1496
f 1472 1496 1368
f 1368 1496 1372
f 1368 1372 1271
f 1271 1372 1201
f 1582 1612 1578
f 1578 1612 1620
f 1578 1620 1630
f 1159 1231 1155
f 1155 1231 1213
f 1155 1213 1131
f 1131 1213 1200
f 1131 1200 1111
f 1111 1200 1191
f 1111 1191 1097
f 1097 1191 1185
f 1097 1185 1075
f 1075 1185 1173
f 1075 1173 1067
f 1067 1173 1178
f 1067 1178 1072
f 1078 1101 985
f 985 954 1078
f 1078 954 942
f 1078 942 1055
f 1055 942 922
f 1055 922 1038
f 922 908 1038
f 1038 908 903
f 1038 903 1020
f 1020 903 906
f 1020 906 1022
f 1505 1461 1468
f 1468 1461 1414
f 1468 1414 1391
f 1391 1414 1343
f 1391 1343 1325
f 1325 1343 1262
f 1325 1262 1305
f 1305 1262 1233
f 1305 1233 1202
f 1233 1044 1202
f 1202 1044 985
f 1202 985 1101
f 1507 1500 1571
f 1571 1500 1563
f 1500 1497 1563
f 1563 1497 1484
f 1563 1484 1534
f 1505 1508 1461
f 1461 1508 1534
f 1461 1534 1483
f 1483 1534 1484
f 1980 1955 1916
f 1916 1955 1912
f 1916 1912 1844
f 1844 1912 1810
f 1844 1810 1831
f 1831 1810 1729
f 1831 1729 1753
f 1753 1729 1654
f 1753 1654 1695
f 1623 1663 1622
f 1622 1663 1654
f 1654 1663 1693
f 1654 1693 1695
f 1571 1594 1507
f 1507 1594 1623
f 1507 1623 1608
f 1608 1623 1622
f 1985 1979 1954
f 1954 1966 1985
f 1985 1966 1973
f 1985 1973 1991
f 1991 1973 1955
f 1991 1955 1980
f 1698 1634 1618
f 1618 1634 1619
f 1618 1619 1525
f 1525 1619 1570
f 1525 1570 1506
f 1698 1618 1765
f 1765 1618 1740
f 1765 1740 1769
f 1769 1740 1766
f 1769 1766 1867
f 1766 1888 1867
f 1867 1888 1954
f 1867 1954 1979
f 1519 1504 1460
f 1506 1570 1501
f 1501 1570 1552
f 1501 1552 1494
f 1494 1552 1519
f 1494 1519 1476
f 1476 1519 1460
f 1099 984 1116
f 1116 984 1043
f 1116 1043 1250
f 1043 1129 1250
f 1250 1129 1232
f 1250 1232 1371
f 1371 1232 1330
f 1330 1429 1371
f 1371 1429 1460
f 1371 1460 1504
f 909 1019 901
f 901 1019 1021
f 901 1021 905
f 1042 1035 909
f 909 1035 1024
f 909 1024 1019
f 909 924 1042
f 1042 924 944
f 1042 944 1054
f 1054 944 952
f 1054 952 1076
f 1099 1096 984
f 984 1096 1076
f 984 1076 961
f 961 1076 952
f 1348 1290 1294
f 1294 1290 1164
f 1294 1164 1237
f 1237 1164 1210
f 1210 1164 1151
f 1151 1164 1028
f 1151 1028 1141
f 1141 1028 919
f 1141 919 1077
f 1077 919 905
f 1077 905 1021
f 1351 1347 1291
f 1291 1299 1351
f 1351 1299 1302
f 1351 1302 1353
f 1353 1302 1290
f 1353 1290 1348
f 1084 994 1062
f 994 1084 906
f 906 1084 1056
f 906 1056 1022
f 1148 1211 1062
f 1062 1211 1165
f 1062 1165 1084
f 1260 1225 1148
f 1148 1225 1216
f 1148 1216 1211
f 1260 1148 1326
f 1326 1148 1272
f 1326 1272 1341
f 1341 1272 1291
f 1341 1291 1347
f 531 332 333
f 507 272 282
f 507 282 512
f 315 516 307
f 307 516 512
f 307 512 299
f 299 512 282
f 332 531 326
f 326 531 521
f 326 521 315
f 315 521 518
f 315 518 516
f 544 534 333
f 333 534 532
f 333 532 531
f 333 349 544
f 544 349 352
f 544 352 551
f 352 364 551
f 551 364 370
f 551 370 562
f 385 448 189
f 189 148 385
f 385 148 137
f 385 137 384
f 137 134 384
f 384 134 130
f 384 130 378
f 418 400 145
f 145 400 394
f 145 394 130
f 130 394 382
f 130 382 378
f 507 486 272
f 272 486 418
f 272 418 173
f 173 418 145
f 256 246 504
f 504 246 494
f 220 487 235
f 235 487 494
f 235 494 243
f 243 494 246
f 210 470 220
f 220 470 478
f 220 478 487
f 456 466 210
f 210 466 468
f 210 468 470
f 210 200 456
f 456 200 189
f 456 189 448
f 644 623 615
f 615 623 550
f 615 550 553
f 256 504 374
f 374 504 553
f 374 553 471
f 471 553 550
f 411 508 275
f 275 228 411
f 411 228 153
f 411 153 409
f 409 153 135
f 409 135 387
f 387 135 383
f 383 135 133
f 383 133 377
f 377 133 127
f 377 127 379
f 379 127 128
f 379 128 388
f 449 431 190
f 190 431 388
f 190 388 138
f 138 388 128
f 372 367 561
f 561 367 555
f 367 360 555
f 555 360 347
f 555 347 543
f 543 347 319
f 543 319 529
f 529 319 316
f 529 316 526
f 526 316 304
f 526 304 513
f 513 304 275
f 513 275 508
f 665 633 613
f 613 633 577
f 372 561 443
f 443 561 613
f 443 613 509
f 509 613 577
f 2272 2268 2264
f 2272 2264 2277
f 2264 2275 2277
f 2277 2275 2317
f 2277 2317 2289
f 2289 2317 2328
f 2289 2328 2330
f 2330 2328 2342
f 2330 2342 2350
f 2342 2345 2350
f 2350 2345 2336
f 2350 2336 2338
f 1874 1851 2005
f 2005 1851 2077
f 2005 2077 2090
f 2090 2077 2201
f 2201 2077 2264
f 2201 2264 2268
f 1855 1851 1874
f 1836 1834 1797
f 1797 1801 1836
f 1836 1801 1830
f 1836 1830 1855
f 1855 1830 1833
f 1855 1833 1851
f 1146 1026 1074
f 1146 1074 1229
f 1074 1157 1229
f 1229 1157 1256
f 1229 1256 1321
f 1321 1256 1354
f 1354 1256 1317
f 1354 1317 1417
f 1417 1317 1466
f 1417 1466 1515
f 1098 980 1103
f 1103 980 983
f 1103 983 1107
f 983 989 1107
f 1107 989 1004
f 1107 1004 1119
f 1004 1007 1119
f 1119 1007 1026
f 1119 1026 1146
f 885 941 936
f 949 843 839
f 949 839 948
f 839 837 948
f 948 837 832
f 948 832 939
f 939 832 831
f 939 831 936
f 936 831 849
f 936 849 885
f 978 987 872
f 872 862 978
f 978 862 848
f 978 848 963
f 963 848 843
f 963 843 949
f 1388 1331 1295
f 1388 1295 1296
f 1295 1221 1296
f 1296 1221 1117
f 1296 1117 1206
f 1206 1117 1033
f 1206 1033 1133
f 1133 1033 872
f 1133 872 987
f 1388 1358 1331
f 1455 1405 1459
f 1459 1405 1409
f 1459 1409 1458
f 1458 1409 1408
f 1458 1408 1454
f 1454 1408 1398
f 1454 1398 1451
f 1451 1398 1444
f 1444 1398 1381
f 1444 1381 1439
f 1439 1381 1358
f 1439 1358 1421
f 1388 1416 1358
f 1358 1416 1418
f 1358 1418 1421
f 1369 1355 1401
f 1401 1355 1364
f 1401 1364 1423
f 1423 1364 1375
f 1423 1375 1455
f 1455 1375 1405
f 1579 1573 1617
f 1664 1652 1702
f 1702 1652 1642
f 1702 1642 1671
f 1671 1642 1628
f 1671 1628 1625
f 1625 1628 1613
f 1625 1613 1617
f 1617 1613 1591
f 1617 1591 1579
f 1718 1708 1742
f 1742 1708 1734
f 1708 1700 1734
f 1734 1700 1678
f 1734 1678 1716
f 1716 1678 1664
f 1716 1664 1702
f 1718 1742 1881
f 1881 1742 1849
f 1881 1849 1958
f 1958 1849 1911
f 1958 1911 2154
f 2154 1911 2072
f 2154 2072 2160
f 2199 2176 2187
f 2187 2176 2154
f 2187 2154 2160
f 2212 2217 2222
f 2222 2217 2227
f 2187 2206 2199
f 2199 2206 2224
f 2199 2224 2215
f 2215 2224 2227
f 2215 2227 2220
f 2220 2227 2217
f 2053 2085 2119
f 2119 2085 2115
f 2119 2115 2222
f 2222 2115 2156
f 2222 2156 2212
f 2271 2233 2276
f 2271 2276 2329
f 2329 2276 2364
f 2329 2364 2358
f 2284 2280 2273
f 2310 2320 2285
f 2285 2320 2284
f 2285 2284 2282
f 2282 2284 2273
f 2358 2364 2334
f 2334 2364 2320
f 2334 2320 2314
f 2314 2320 2310
f 1882 1860 2011
f 2011 1860 2088
f 2011 2088 2107
f 2107 2088 2273
f 2107 2273 2280
f 1816 1790 1808
f 1808 1790 1784
f 1808 1784 1805
f 1805 1784 1788
f 1805 1788 1807
f 1807 1788 1799
f 1807 1799 1832
f 1832 1799 1800
f 1832 1800 1856
f 1800 1837 1856
f 1856 1837 1860
f 1856 1860 1882
f 2188 2177 2131
f 2131 2177 2116
f 2131 2116 2049
f 2049 2116 2040
f 2049 2040 2044
f 2044 2040 2032
f 2044 2032 1997
f 1997 2032 1951
f 1997 1951 1920
f 1920 1951 1905
f 1920 1905 1896
f 1896 1905 1863
f 1896 1863 1816
f 1816 1863 1790
f 2191 2189 2178
f 2178 2184 2191
f 2191 2184 2186
f 2191 2186 2195
f 2195 2186 2177
f 2195 2177 2188
f 1818 1791 1877
f 1877 1791 1859
f 1877 1859 1880
f 1880 1859 1923
f 1859 1908 1923
f 1923 1908 1936
f 1923 1936 2023
f 2023 1936 2025
f 2023 2025 2103
f 2025 2047 2103
f 2103 2047 2101
f 2103 2101 2114
f 2114 2101 2178
f 2114 2178 2189
f 1785 1806 1794
f 1794 1806 1827
f 1794 1827 1796
f 1796 1827 1848
f 1796 1848 1813
f 1813 1848 1865
f 1813 1865 1846
f 1846 1865 1876
f 1846 1876 1862
f 1862 1876 1884
f 1785 1780 1806
f 1806 1780 1791
f 1806 1791 1818
f 2243 2281 2274
f 2243 2274 2043
f 2274 2089 2043
f 2043 2089 1862
f 2043 1862 1884
f 2359 2335 2365
f 2365 2335 2331
f 2335 2318 2331
f 2331 2318 2315
f 2331 2315 2313
f 2313 2315 2311
f 2313 2311 2297
f 2297 2311 2286
f 2297 2286 2281
f 2281 2286 2274
f 1828 1743 1719
f 1828 1719 1850
f 1850 1719 1883
f 1850 1883 2006
f 2006 1883 1959
f 2006 1959 2106
f 2106 1959 2155
f 2106 2155 2161
f 1709 1704 1665
f 1743 1741 1719
f 1719 1741 1720
f 1719 1720 1696
f 1696 1720 1709
f 1696 1709 1670
f 1670 1709 1665
f 988 873 917
f 988 917 1106
f 917 990 1106
f 1106 990 1118
f 1106 1118 1205
f 1205 1118 1241
f 1241 1118 1156
f 1241 1156 1301
f 1156 1227 1301
f 1301 1227 1332
f 1301 1332 1387
f 950 844 951
f 951 844 845
f 951 845 959
f 845 847 959
f 959 847 859
f 959 859 973
f 973 859 873
f 973 873 988
f 995 1049 1064
f 981 977 1100
f 1100 977 1085
f 977 975 1085
f 1085 975 969
f 1085 969 1070
f 1070 969 956
f 1070 956 1064
f 1064 956 968
f 1064 968 995
f 1140 1147 1027
f 1140 1027 1125
f 1027 1008 1125
f 1125 1008 991
f 1125 991 1112
f 1112 991 981
f 1112 981 1100
f 1516 1467 1419
f 1516 1419 1413
f 1419 1349 1413
f 1413 1349 1257
f 1413 1257 1322
f 1322 1257 1217
f 1322 1217 1255
f 1255 1217 1027
f 1255 1027 1147
f 1602 1601 1555
f 1555 1601 1551
f 1551 1601 1598
f 1551 1598 1547
f 1555 1556 1602
f 1602 1556 1543
f 1602 1543 1595
f 1595 1543 1514
f 1595 1514 1581
f 1581 1514 1488
f 1581 1488 1548
f 1548 1488 1467
f 1548 1467 1516
f 1477 1470 1529
f 1529 1470 1481
f 1529 1481 1550
f 1550 1481 1498
f 1550 1498 1598
f 1598 1498 1547
f 1712 1739 1732
f 1732 1739 1755
f 1732 1755 1768
f 1768 1755 1795
f 1768 1795 1774
f 1774 1795 1793
f 1793 1795 1835
f 1793 1835 1798
f 1712 1699 1739
f 1739 1699 1669
f 1739 1669 1656
f 1866 1875 1864
f 1798 1835 1809
f 1809 1835 1843
f 1809 1843 1817
f 1817 1843 1866
f 1817 1866 1840
f 1840 1866 1864
f 1840 1864 1852
f 1864 1875 1995
f 2269 2265 2174
f 2174 2265 2164
f 2174 2164 2091
f 2091 2164 2076
f 2091 2076 1995
f 1995 2076 1852
f 1995 1852 1864
f 2346 2349 2341
f 2341 2349 2340
f 2341 2340 2337
f 2346 2348 2349
f 2349 2348 2343
f 2349 2343 2347
f 2347 2343 2322
f 2347 2322 2323
f 2323 2322 2279
f 2323 2279 2283
f 2283 2279 2265
f 2283 2265 2269
f 2150 2179 2229
f 2229 2179 2225
f 2229 2225 2340
f 2340 2225 2263
f 2340 2263 2337
f 2375 2355 2377
f 2375 2377 2394
f 2394 2377 2403
f 2394 2403 2402
f 2402 2403 2397
f 2397 2403 2395
f 2397 2395 2392
f 2392 2395 2389
f 2383 2381 2385
f 2385 2381 2384
f 2385 2384 2388
f 2388 2384 2389
f 2388 2389 2390
f 2390 2389 2395
f 2019 2010 2112
f 2112 2010 2198
f 2112 2198 2209
f 2209 2198 2381
f 2209 2381 2383
f 1947 1962 1931
f 1931 1927 1947
f 1947 1927 1929
f 1947 1929 1957
f 1957 1929 1952
f 1957 1952 1982
f 1952 1976 1982
f 1982 1976 1990
f 1982 1990 2003
f 2003 1990 2010
f 2003 2010 2019
f 2303 2299 2248
f 2248 2299 2247
f 2248 2247 2214
f 2214 2247 2208
f 2214 2208 2211
f 2211 2208 2175
f 2175 2208 2173
f 2175 2173 2145
f 2145 2173 2169
f 2145 2169 2111
f 2111 2169 2057
f 2111 2057 2078
f 2057 2042 2078
f 2078 2042 2037
f 2078 2037 2016
f 2037 1989 2016
f 2016 1989 1931
f 2016 1931 1962
f 2309 2302 2300
f 2299 2303 2301
f 2301 2303 2316
f 2301 2316 2312
f 2312 2316 2309
f 2312 2309 2307
f 2307 2309 2300
f 2307 2300 2298
f 1961 1930 2017
f 2017 1930 1974
f 2017 1974 2020
f 2020 1974 2030
f 2020 2030 2052
f 2052 2030 2048
f 2052 2048 2139
f 2139 2048 2113
f 2139 2113 2171
f 2300 2302 2210
f 2298 2300 2205
f 2205 2300 2210
f 2205 2210 2172
f 2172 2210 2171
f 2172 2171 2168
f 2168 2171 2113
f 2012 2018 2009
f 2009 2001 2012
f 2012 2001 1969
f 2012 1969 1994
f 1994 1969 1933
f 1994 1933 1968
f 1968 1933 1928
f 1968 1928 1949
f 1949 1928 1924
f 1949 1924 1944
f 1944 1924 1930
f 1944 1930 1961
f 2382 2380 2294
f 2294 2380 2197
f 2294 2197 2207
f 2009 2018 2197
f 2197 2018 2185
f 2197 2185 2207
f 2391 2386 2396
f 2396 2386 2398
f 2396 2398 2399
f 2399 2398 2401
f 2399 2401 2400
f 2391 2387 2386
f 2386 2387 2380
f 2386 2380 2382
f 1672 1691 1557
f 1608 1585 1507
f 1766 1823 1888
f 1525 1584 1618
f 985 1044 1002
f 1483 1484 1427
f 1484 1497 1427
f 1427 1497 1500
f 1427 1500 1507
f 1343 1414 1427
f 1427 1414 1461
f 1427 1461 1483
f 908 922 942
f 994 906 1002
f 1002 906 903
f 954 985 942
f 942 985 1002
f 942 1002 908
f 908 1002 903
f 1044 1233 1002
f 1002 1233 1163
f 1002 1163 994
f 994 1163 1124
f 994 1124 1062
f 1062 1124 1148
f 1373 1302 1299
f 1373 1299 1379
f 1302 1373 1290
f 1290 1373 1244
f 1290 1244 1164
f 925 1043 984
f 909 901 905
f 984 961 925
f 925 961 952
f 925 952 944
f 1232 1129 1001
f 1001 1129 1043
f 1001 1043 905
f 905 1043 925
f 905 925 909
f 909 925 944
f 909 944 924
f 1001 1162 1232
f 1232 1162 1297
f 1232 1297 1330
f 1330 1297 1429
f 1429 1297 1426
f 1429 1426 1460
f 1426 1506 1501
f 1501 1494 1426
f 1426 1494 1476
f 1426 1476 1460
f 1966 1954 1819
f 1819 1824 1912
f 1912 1955 1819
f 1819 1955 1973
f 1819 1973 1966
f 1810 1673 1729
f 1729 1673 1692
f 1729 1692 1654
f 1585 1608 1558
f 1558 1608 1622
f 1558 1622 1654
f 1291 1272 1245
f 1245 1272 1148
f 1245 1148 1269
f 1269 1148 1124
f 1269 1124 1298
f 1298 1124 1163
f 1298 1163 1262
f 1262 1163 1233
f 1262 1343 1298
f 1298 1343 1427
f 1298 1427 1269
f 1269 1427 1393
f 1269 1393 1245
f 1245 1393 1379
f 1245 1379 1291
f 1291 1379 1299
f 1507 1585 1427
f 1427 1585 1558
f 1427 1558 1393
f 1393 1558 1531
f 1393 1531 1379
f 1379 1531 1523
f 1379 1523 1373
f 1373 1523 1378
f 1373 1378 1244
f 1672 1740 1691
f 1691 1740 1618
f 1691 1618 1557
f 1557 1618 1584
f 1557 1584 1426
f 1426 1584 1525
f 1426 1525 1506
f 1954 1888 1819
f 1819 1888 1823
f 1819 1823 1672
f 1672 1823 1766
f 1672 1766 1740
f 1654 1692 1558
f 1558 1692 1673
f 1558 1673 1531
f 1531 1673 1666
f 1531 1666 1523
f 1523 1666 1530
f 1523 1530 1378
f 1378 1530 1392
f 1378 1392 1244
f 1244 1392 1268
f 1244 1268 1164
f 1164 1268 1123
f 1164 1123 1028
f 905 919 1001
f 1001 919 1028
f 1001 1028 1162
f 1162 1028 1123
f 1162 1123 1297
f 1297 1123 1268
f 1297 1268 1426
f 1426 1268 1392
f 1426 1392 1557
f 1557 1392 1530
f 1557 1530 1672
f 1672 1530 1666
f 1672 1666 1819
f 1819 1666 1673
f 1819 1673 1824
f 1824 1673 1810
f 1824 1810 1912
f 2051 2046 2182
f 2775 2408 2406
f 2775 2406 2784
f 2784 2406 2404
f 2784 2404 2786
f 2786 2404 2405
f 2786 2405 2781
f 2409 2768 2772
f 2768 2411 2761
f 2761 2411 2413
f 2761 2413 2757
f 2757 2413 2415
f 2757 2415 2750
f 2391 2415 2387
f 2387 2415 2413
f 2387 2413 2380
f 2380 2413 2411
f 2380 2411 2197
f 2411 2202 2197
f 2197 2202 2068
f 2197 2068 2009
f 1969 2001 2009
f 2009 2068 1969
f 1969 2068 1928
f 1969 1928 1933
f 2045 2030 1974
f 2205 2172 2405
f 2405 2172 2168
f 2781 2405 2407
f 2407 2405 2168
f 2407 2168 2181
f 2181 2168 2113
f 2181 2113 2045
f 2045 2113 2048
f 2045 2048 2030
f 2404 2312 2307
f 2404 2307 2405
f 2405 2307 2298
f 2405 2298 2205
f 2208 2247 2406
f 2406 2247 2299
f 2406 2299 2404
f 2404 2299 2301
f 2404 2301 2312
f 1931 1989 2051
f 2051 1989 2037
f 2051 2037 2046
f 2046 2037 2042
f 2046 2042 2182
f 2182 2042 2057
f 2182 2057 2169
f 1929 1927 2069
f 1990 1976 2069
f 2069 1976 1952
f 2069 1952 1929
f 2203 2198 2010
f 2384 2381 2412
f 2769 2762 2410
f 2410 2762 2412
f 2410 2412 2203
f 2203 2412 2381
f 2203 2381 2198
f 2758 2751 2414
f 2414 2751 2471
f 2414 2471 2393
f 2762 2758 2412
f 2412 2758 2414
f 2412 2414 2384
f 2384 2414 2393
f 2384 2393 2389
f 2389 2393 2392
f 2775 2769 2408
f 2408 2769 2410
f 2408 2410 2193
f 2193 2410 2203
f 2193 2203 2069
f 2069 2203 2010
f 2069 2010 1990
f 1927 1931 2069
f 2069 1931 2051
f 2069 2051 2193
f 2193 2051 2182
f 2193 2182 2408
f 2408 2182 2169
f 2408 2169 2406
f 2406 2169 2173
f 2406 2173 2208
f 2768 2409 2411
f 2411 2409 2192
f 2411 2192 2202
f 2202 2192 2050
f 2202 2050 2068
f 1924 1928 1930
f 1930 1928 2068
f 1930 2068 1974
f 1974 2068 2050
f 1974 2050 2045
f 2045 2050 2192
f 2045 2192 2181
f 2181 2192 2409
f 2181 2409 2407
f 2407 2409 2772
f 2407 2772 2781
f 129 121 119
f 122 114 94
f 88 74 115
f 104 109 117
f 346 261 160
f 698 704 690
f 788 828 689
f 438 433 358
f 358 433 420
f 358 420 389
f 358 344 429
f 438 358 517
f 517 358 429
f 517 429 560
f 617 602 593
f 593 602 558
f 695 687 700
f 700 687 650
f 700 650 716
f 716 650 727
f 727 650 607
f 727 607 740
f 740 607 719
f 740 719 763
f 769 688 854
f 854 688 827
f 854 827 926
f 1023 1017 808
f 808 1017 926
f 865 966 808
f 966 1018 808
f 808 1018 1025
f 808 1025 1023
f 788 689 746
f 608 723 721
f 721 723 743
f 698 690 696
f 696 690 594
f 696 594 632
f 435 359 422
f 422 359 375
f 422 375 391
f 261 346 430
f 435 439 359
f 359 439 520
f 359 520 346
f 132 203 160
f 160 203 205
f 160 205 346
f 97 104 160
f 160 104 117
f 160 117 132
f 132 117 120
f 132 120 124
f 310 115 155
f 155 115 74
f 155 74 93
f 93 74 68
f 93 68 87
f 201 126 125
f 94 114 86
f 86 114 154
f 86 154 71
f 119 111 158
f 158 111 110
f 158 110 108
f 108 98 158
f 158 98 96
f 158 96 92
f 92 96 67
f 158 204 202
f 158 202 119
f 119 202 131
f 119 131 129
f 559 310 430
f 430 310 155
f 430 155 261
f 261 155 93
f 261 93 160
f 160 93 87
f 160 87 97
f 743 746 721
f 721 746 689
f 721 689 608
f 608 689 576
f 608 576 482
f 482 576 417
f 482 417 226
f 226 417 201
f 226 201 123
f 123 201 125
f 704 723 651
f 651 723 608
f 651 608 559
f 559 608 482
f 559 482 310
f 310 482 226
f 310 226 115
f 115 226 123
f 115 123 88
f 481 607 558
f 558 607 650
f 558 650 593
f 593 650 687
f 593 687 617
f 617 687 695
f 481 416 575
f 481 575 607
f 607 575 688
f 607 688 719
f 719 688 769
f 719 769 763
f 926 827 808
f 808 827 688
f 808 688 682
f 682 688 575
f 682 575 565
f 565 575 416
f 565 416 396
f 204 158 260
f 260 158 92
f 260 92 154
f 154 92 67
f 154 67 71
f 126 201 122
f 122 201 225
f 122 225 114
f 114 225 309
f 114 309 154
f 154 309 429
f 154 429 260
f 260 429 344
f 260 344 204
f 346 520 430
f 430 520 563
f 430 563 559
f 559 563 603
f 559 603 618
f 704 651 690
f 690 651 559
f 690 559 594
f 594 559 618
f 594 618 632
f 788 865 828
f 828 865 808
f 828 808 689
f 689 808 682
f 689 682 576
f 576 682 565
f 576 565 417
f 417 565 396
f 417 396 201
f 201 396 416
f 201 416 225
f 225 416 481
f 225 481 309
f 309 481 558
f 309 558 429
f 429 558 602
f 429 602 560
f 1113 1072 1083
f 1306 1279 1198
f 1289 1278 1399
f 1278 1289 1224
f 1775 1838 1689
f 1963 1987 1825
f 1639 1588 1706
f 1706 1588 1717
f 1706 1717 1749
f 1639 1635 1588
f 1588 1635 1624
f 1588 1624 1616
f 1858 1857 1839
f 1839 1857 1772
f 1839 1772 1690
f 1887 1826 1895
f 1895 1826 1988
f 1895 1988 2002
f 2002 1988 2087
f 2041 2086 1983
f 1983 2086 2097
f 1983 2097 2094
f 1963 1825 1861
f 1714 1715 1638
f 1638 1715 1587
f 1638 1587 1633
f 1633 1587 1627
f 1158 1212 1174
f 1174 1212 1335
f 1174 1335 1303
f 1303 1335 1471
f 1303 1471 1432
f 1432 1471 1611
f 1432 1611 1587
f 1587 1611 1621
f 1587 1621 1627
f 1073 1094 1110
f 1303 1172 1174
f 1174 1172 1071
f 1174 1071 1068
f 1132 1158 1110
f 1110 1158 1174
f 1110 1174 1073
f 1073 1174 1068
f 1412 1382 1434
f 1434 1382 1532
f 1434 1532 1438
f 1279 1304 1198
f 1198 1304 1176
f 1198 1176 1083
f 1111 1097 1113
f 1097 1075 1113
f 1113 1075 1067
f 1113 1067 1072
f 1131 1111 1155
f 1155 1111 1113
f 1155 1113 1159
f 1159 1113 1083
f 1159 1083 1201
f 1201 1083 1176
f 1201 1176 1271
f 1616 1612 1588
f 1588 1612 1582
f 1588 1582 1433
f 1433 1582 1472
f 1433 1472 1368
f 2094 2087 1983
f 1983 2087 1988
f 1983 1988 1821
f 1821 1988 1826
f 1821 1826 1667
f 1667 1826 1675
f 1667 1675 1526
f 1526 1675 1533
f 1963 2041 1987
f 1987 2041 1983
f 1987 1983 1825
f 1825 1983 1821
f 1825 1821 1674
f 1674 1821 1667
f 1674 1667 1532
f 1532 1667 1526
f 1532 1526 1438
f 1772 1749 1690
f 1690 1749 1717
f 1690 1717 1560
f 1560 1717 1588
f 1560 1588 1400
f 1400 1588 1433
f 1887 1858 1826
f 1826 1858 1839
f 1826 1839 1675
f 1675 1839 1690
f 1675 1690 1533
f 1533 1690 1560
f 1533 1560 1383
f 1383 1560 1400
f 1775 1861 1838
f 1838 1861 1825
f 1838 1825 1689
f 1689 1825 1674
f 1689 1674 1559
f 1559 1674 1532
f 1559 1532 1399
f 1399 1532 1382
f 1399 1382 1289
f 1289 1382 1412
f 1271 1176 1368
f 1368 1176 1304
f 1368 1304 1433
f 1433 1304 1279
f 1433 1279 1400
f 1400 1279 1306
f 1400 1306 1383
f 1383 1306 1367
f 1383 1367 1533
f 1533 1367 1435
f 1533 1435 1526
f 1526 1435 1445
f 1526 1445 1438
f 1714 1775 1715
f 1715 1775 1689
f 1715 1689 1587
f 1587 1689 1559
f 1587 1559 1432
f 1432 1559 1399
f 1432 1399 1303
f 1303 1399 1278
f 1303 1278 1172
f 1172 1278 1224
f 26 22 55
f 33 24 28
f 48 34 23
f 23 34 29
f 113 91 57
f 57 91 62
f 78 90 50
f 50 90 101
f 101 107 50
f 50 107 105
f 50 105 102
f 73 70 61
f 61 70 42
f 89 95 55
f 95 112 55
f 55 112 118
f 55 118 116
f 64 56 63
f 63 56 25
f 63 25 59
f 106 103 47
f 103 99 47
f 47 99 81
f 47 81 69
f 106 47 100
f 100 47 38
f 100 38 76
f 46 54 35
f 35 54 65
f 85 82 80
f 80 82 35
f 80 35 75
f 75 35 65
f 45 43 37
f 37 43 18
f 49 53 17
f 17 53 52
f 24 33 17
f 17 33 40
f 17 40 49
f 27 10 31
f 31 10 19
f 31 19 32
f 32 19 44
f 84 77 36
f 77 72 36
f 36 72 66
f 36 66 51
f 39 79 83
f 116 113 55
f 55 113 57
f 55 57 26
f 26 57 62
f 26 62 42
f 42 62 60
f 42 60 61
f 8 22 12
f 12 22 26
f 12 26 21
f 21 26 42
f 21 42 50
f 50 42 70
f 50 70 78
f 78 70 73
f 102 79 50
f 50 79 39
f 50 39 21
f 21 39 16
f 21 16 12
f 12 16 6
f 12 6 8
f 8 6 2
f 82 76 35
f 35 76 38
f 35 38 13
f 45 46 43
f 43 46 35
f 43 35 18
f 18 35 13
f 18 13 9
f 52 48 17
f 17 48 23
f 17 23 9
f 9 23 29
f 9 29 18
f 18 29 30
f 18 30 37
f 58 59 41
f 41 59 25
f 41 25 20
f 20 25 11
f 20 11 15
f 15 11 5
f 15 5 3
f 3 5 1
f 3 1 7
f 7 1 4
f 7 4 10
f 10 4 14
f 10 14 19
f 19 14 36
f 19 36 44
f 44 36 51
f 44 51 32
f 81 58 69
f 69 58 41
f 69 41 47
f 47 41 20
f 47 20 38
f 38 20 15
f 38 15 13
f 13 15 3
f 13 3 9
f 9 3 7
f 9 7 17
f 17 7 10
f 17 10 24
f 24 10 27
f 24 27 28
f 64 89 56
f 56 89 55
f 56 55 25
f 25 55 22
f 25 22 11
f 11 22 8
f 11 8 5
f 5 8 2
f 5 2 1
f 1 2 6
f 1 6 4
f 4 6 16
f 4 16 14
f 14 16 39
f 14 39 36
f 36 39 83
f 36 83 84
f 643 601 710
f 841 806 742
f 515 498 489
f 167 151 231
f 152 157 174
f 495 514 492
f 492 514 523
f 492 523 488
f 207 341 263
f 263 341 343
f 263 343 484
f 136 146 263
f 146 152 263
f 263 152 174
f 263 174 207
f 207 174 184
f 207 184 196
f 475 231 313
f 313 231 151
f 313 151 163
f 163 151 139
f 395 259 255
f 314 161 232
f 232 161 188
f 232 188 250
f 175 172 164
f 162 150 172
f 172 150 147
f 172 147 164
f 164 147 140
f 164 140 314
f 314 140 149
f 314 149 161
f 194 175 197
f 197 175 209
f 342 265 345
f 345 265 423
f 345 423 485
f 485 423 547
f 485 547 489
f 547 636 610
f 515 489 525
f 547 610 489
f 489 610 533
f 489 533 525
f 770 761 778
f 778 761 802
f 923 916 835
f 835 916 856
f 835 856 710
f 923 794 998
f 998 794 999
f 998 999 1090
f 1199 1196 982
f 982 1196 1090
f 1045 1105 982
f 1105 1195 982
f 982 1195 1203
f 982 1203 1199
f 1003 997 918
f 918 997 792
f 918 792 911
f 855 834 826
f 826 834 709
f 826 709 803
f 1090 999 982
f 982 999 794
f 982 794 775
f 775 794 674
f 775 674 663
f 663 674 570
f 663 570 554
f 757 692 770
f 770 692 680
f 770 680 761
f 761 680 742
f 761 742 802
f 802 742 806
f 923 835 794
f 794 835 710
f 794 710 674
f 674 710 601
f 674 601 570
f 259 395 250
f 250 395 413
f 250 413 232
f 232 413 476
f 232 476 314
f 692 681 680
f 680 681 643
f 680 643 742
f 742 643 710
f 742 710 841
f 841 710 856
f 476 547 314
f 314 547 423
f 314 423 164
f 164 423 265
f 164 265 175
f 175 265 342
f 175 342 209
f 691 677 678
f 678 677 642
f 678 642 635
f 635 642 546
f 635 546 609
f 163 421 313
f 313 421 546
f 313 546 475
f 475 546 642
f 523 609 488
f 488 609 546
f 488 546 484
f 484 546 421
f 484 421 263
f 263 421 163
f 263 163 136
f 136 163 139
f 741 642 760
f 760 642 677
f 760 677 756
f 756 677 691
f 255 249 395
f 395 249 412
f 395 412 569
f 569 412 600
f 569 600 673
f 673 600 709
f 673 709 792
f 792 709 834
f 792 834 911
f 911 834 855
f 756 777 760
f 760 777 803
f 760 803 741
f 741 803 709
f 741 709 642
f 642 709 600
f 642 600 475
f 475 600 412
f 475 412 231
f 231 412 249
f 231 249 167
f 1003 1045 997
f 997 1045 982
f 997 982 792
f 792 982 775
f 792 775 673
f 673 775 663
f 673 663 569
f 569 663 554
f 569 554 395
f 395 554 570
f 395 570 413
f 413 570 601
f 413 601 476
f 476 601 643
f 476 643 547
f 547 643 681
f 547 681 636
f 2067 1842 1852
f 1842 1798 1809
f 1809 1817 1842
f 1842 1817 1840
f 1842 1840 1852
f 1847 1774 1793
f 2067 2343 2262
f 2262 2343 2348
f 2262 2348 2346
f 2279 2322 2265
f 2265 2322 2343
f 2265 2343 2164
f 2164 2343 2067
f 2164 2067 2076
f 2076 2067 1852
f 2262 2080 2067
f 2067 2080 1847
f 2067 1847 1842
f 1842 1847 1793
f 1842 1793 1798
f 1419 1431 1328
f 1556 1555 1441
f 981 991 1135
f 1135 991 1008
f 1150 975 977
f 1431 1543 1556
f 1514 1543 1488
f 1488 1543 1431
f 1488 1431 1467
f 1467 1431 1419
f 1008 1027 1135
f 1135 1027 1217
f 1135 1217 1228
f 1228 1217 1257
f 1228 1257 1328
f 1328 1257 1349
f 1328 1349 1419
f 1556 1441 1431
f 1431 1441 1338
f 1431 1338 1328
f 1328 1338 1243
f 1328 1243 1228
f 1228 1243 1150
f 1228 1150 1135
f 1135 1150 977
f 1135 977 981
f 192 216 280
f 156 235 243
f 189 200 210
f 220 235 210
f 210 235 156
f 210 156 189
f 189 156 148
f 148 156 137
f 137 156 141
f 137 141 134
f 130 143 145
f 145 143 192
f 145 192 173
f 241 272 173
f 352 349 241
f 241 349 333
f 241 333 332
f 332 326 241
f 241 326 315
f 241 315 307
f 307 299 241
f 241 299 282
f 241 282 272
f 173 192 241
f 241 192 280
f 241 280 352
f 352 280 340
f 352 340 364
f 165 168 143
f 143 168 169
f 143 169 192
f 192 169 199
f 192 199 216
f 130 134 143
f 143 134 141
f 143 141 165
f 165 141 156
f 165 156 179
f 179 156 243
f 179 243 246
f 840 838 937
f 917 921 1047
f 917 873 921
f 921 873 859
f 921 859 847
f 1167 1118 1047
f 1047 1118 990
f 1047 990 917
f 1275 1227 1167
f 1167 1227 1156
f 1167 1156 1118
f 1380 1352 1275
f 1275 1352 1332
f 1275 1332 1227
f 1410 1403 1275
f 1275 1403 1396
f 1275 1396 1380
f 847 845 921
f 921 845 844
f 921 844 840
f 840 937 921
f 921 937 1061
f 921 1061 1047
f 1047 1061 1182
f 1047 1182 1167
f 1167 1182 1284
f 1167 1284 1275
f 1275 1284 1411
f 1275 1411 1410
f 2264 2077 2066
f 2066 2077 1851
f 2066 1851 1841
f 2328 2317 2275
f 2345 2342 2261
f 2261 2342 2328
f 2261 2328 2079
f 1841 1797 1792
f 1801 1797 1830
f 1830 1797 1841
f 1830 1841 1833
f 1833 1841 1851
f 2275 2264 2328
f 2328 2264 2066
f 2328 2066 2079
f 2079 2066 1841
f 2079 1841 1845
f 1845 1841 1792
f 1845 1792 1773
f 1554 1539 1430
f 1026 1007 1134
f 1134 1007 1004
f 1134 1004 989
f 1256 1157 1134
f 1134 1157 1074
f 1134 1074 1026
f 1134 1226 1256
f 1256 1226 1327
f 1256 1327 1317
f 1317 1327 1430
f 1317 1430 1466
f 1539 1511 1430
f 1430 1511 1485
f 1430 1485 1466
f 1440 1553 1554
f 989 983 1134
f 1134 983 980
f 1134 980 976
f 1554 1430 1440
f 1440 1430 1327
f 1440 1327 1337
f 1337 1327 1226
f 1337 1226 1242
f 1242 1226 1134
f 1242 1134 1149
f 1149 1134 976
f 1149 976 974
f 2200 2194 2159
f 1883 2034 1959
f 1959 2034 2159
f 1959 2159 2155
f 2155 2159 2194
f 2155 2194 2180
f 2200 2159 2218
f 2218 2159 2167
f 2218 2167 2221
f 1643 1752 1653
f 1653 1752 1665
f 1665 1752 1893
f 1893 1752 1899
f 1893 1899 1967
f 1696 1670 1719
f 1719 1670 1665
f 1719 1665 1883
f 1883 1665 1893
f 1883 1893 2034
f 2034 1893 1967
f 2034 1967 2159
f 2159 1967 2146
f 2159 2146 2167
f 839 843 920
f 920 843 848
f 920 848 862
f 935 837 839
f 1274 1398 1408
f 839 920 935
f 935 920 1046
f 935 1046 1060
f 1060 1046 1166
f 1060 1166 1181
f 1181 1166 1274
f 1181 1274 1283
f 1283 1274 1408
f 1283 1408 1409
f 862 872 920
f 920 872 1033
f 920 1033 1046
f 1046 1033 1117
f 1046 1117 1166
f 1166 1117 1221
f 1166 1221 1274
f 1274 1221 1295
f 1274 1295 1398
f 1398 1295 1331
f 1398 1331 1381
f 1381 1331 1358
f 2273 2088 2092
f 2040 2332 2356
f 2311 2315 2379
f 2479 2367 2362
f 2479 2362 2477
f 2477 2362 2356
f 2477 2356 2475
f 2475 2356 2332
f 2475 2332 2473
f 2473 2332 2327
f 2473 2327 2472
f 2472 2327 2333
f 2472 2333 2474
f 2474 2333 2357
f 2474 2357 2476
f 2476 2357 2363
f 2476 2363 2478
f 2478 2363 2368
f 2478 2368 2480
f 2480 2368 2372
f 2480 2372 2482
f 2286 2311 2372
f 2372 2311 2379
f 2372 2379 2482
f 2482 2379 2484
f 2286 2372 2274
f 2274 2372 2368
f 2274 2368 2089
f 1813 1943 1796
f 1796 1943 1922
f 1796 1922 1794
f 1794 1922 1785
f 1780 1785 1791
f 1791 1785 1922
f 1791 1922 1859
f 1859 1922 1910
f 1859 1910 1908
f 1908 1910 1936
f 2327 2184 2333
f 2333 2184 2178
f 2333 2178 2101
f 2040 2116 2332
f 2332 2116 2177
f 2332 2177 2327
f 2327 2177 2186
f 2327 2186 2184
f 1951 2032 2055
f 1942 1799 1788
f 1905 1909 1863
f 1863 1909 1921
f 1863 1921 1790
f 1790 1921 1942
f 1790 1942 1784
f 1784 1942 1788
f 1799 1942 1800
f 1800 1942 1860
f 1800 1860 1837
f 2285 2282 2371
f 2371 2282 2367
f 2371 2367 2481
f 2481 2367 2479
f 2481 2483 2371
f 2371 2483 2464
f 2371 2464 2285
f 2285 2464 2319
f 2285 2319 2310
f 2310 2319 2314
f 1943 2093 1922
f 1922 2093 2074
f 1922 2074 1910
f 1910 2074 2056
f 1910 2056 1936
f 1936 2056 2025
f 2101 2047 2333
f 2333 2047 2025
f 2333 2025 2357
f 2357 2025 2056
f 2357 2056 2363
f 2363 2056 2074
f 2363 2074 2368
f 2368 2074 2093
f 2368 2093 2089
f 2089 2093 1943
f 2089 1943 1862
f 1862 1943 1813
f 1862 1813 1846
f 1905 1951 1909
f 1909 1951 2055
f 1909 2055 1921
f 1921 2055 2073
f 1921 2073 1942
f 1942 2073 2092
f 1942 2092 1860
f 1860 2092 2088
f 2032 2040 2055
f 2055 2040 2356
f 2055 2356 2073
f 2073 2356 2362
f 2073 2362 2092
f 2092 2362 2367
f 2092 2367 2273
f 2273 2367 2282
f 2199 2215 2158
f 1700 1708 1694
f 1891 1664 1694
f 1694 1664 1678
f 1694 1678 1700
f 1642 1652 1787
f 1787 1652 1664
f 1787 1664 1897
f 1897 1664 1891
f 1897 1891 1940
f 1940 1891 2033
f 1940 2033 2149
f 2149 2033 2158
f 2149 2158 2166
f 2166 2158 2204
f 2204 2158 2215
f 2204 2215 2220
f 1708 1718 1694
f 1694 1718 1881
f 1694 1881 1891
f 1891 1881 1958
f 1891 1958 2033
f 2033 1958 2154
f 2033 2154 2158
f 2158 2154 2176
f 2158 2176 2199
f 891 898 777
f 777 898 910
f 777 910 803
f 803 910 945
f 803 945 826
f 826 945 946
f 826 946 855
f 855 946 1000
f 855 1000 911
f 911 1000 1039
f 911 1039 918
f 918 1039 1066
f 918 1066 1003
f 1003 1066 1154
f 1003 1154 1045
f 1045 1154 1218
f 1045 1218 1105
f 1105 1218 1276
f 1105 1276 1195
f 836 892 883
f 777 756 891
f 891 756 755
f 891 755 884
f 884 755 764
f 884 764 883
f 883 764 795
f 883 795 836
f 480 616 410
f 410 616 568
f 410 568 370
f 370 568 562
f 480 542 616
f 616 542 606
f 616 606 664
f 510 503 257
f 425 584 386
f 386 584 510
f 386 510 336
f 336 510 257
f 425 506 584
f 584 506 583
f 584 583 645
f 198 467 455
f 198 455 191
f 191 455 449
f 191 449 190
f 198 206 467
f 467 206 223
f 467 223 479
f 479 223 227
f 490 483 227
f 227 483 479
f 227 236 490
f 490 236 240
f 490 240 493
f 257 503 254
f 254 503 493
f 254 493 252
f 252 493 240
f 2254 2338 2336
f 2336 2270 2254
f 2254 2270 2232
f 2254 2232 2239
f 2239 2232 2190
f 2239 2190 2157
f 2157 2190 2147
f 1792 1797 1834
f 1792 1834 1773
f 1773 1834 1767
f 1773 1767 1738
f 1767 1764 1738
f 1738 1764 1754
f 1738 1754 1701
f 1701 1754 1676
f 1754 1707 1676
f 1676 1707 1697
f 1676 1697 1658
f 1658 1697 1655
f 1597 1546 1596
f 1596 1546 1542
f 1596 1542 1540
f 1542 1495 1540
f 1540 1495 1480
f 1540 1480 1489
f 1489 1480 1469
f 1489 1469 1475
f 1515 1466 1528
f 1528 1466 1485
f 1528 1485 1541
f 1541 1485 1511
f 1554 1593 1539
f 1539 1593 1590
f 1539 1590 1511
f 1511 1590 1564
f 1511 1564 1541
f 1553 1600 1554
f 1554 1600 1599
f 1554 1599 1593
f 1553 1549 1600
f 1600 1549 1546
f 1600 1546 1597
f 1051 1048 992
f 976 980 1098
f 976 1098 974
f 974 1098 955
f 955 1098 1069
f 955 1069 964
f 1051 992 1069
f 1069 992 967
f 1069 967 964
f 2234 2249 2365
f 2365 2249 2278
f 2365 2278 2359
f 2098 2054 2134
f 2223 2213 2163
f 2223 2163 2134
f 2134 2163 2120
f 2134 2120 2098
f 2170 2161 2155
f 2170 2155 2183
f 2213 2223 2219
f 2219 2223 2228
f 2219 2228 2221
f 2221 2228 2226
f 2221 2226 2218
f 2218 2226 2216
f 2218 2216 2200
f 2200 2216 2196
f 2200 2196 2194
f 2194 2196 2183
f 2194 2183 2180
f 2180 2183 2155
f 1653 1665 1704
f 1653 1704 1643
f 1643 1704 1646
f 1643 1646 1615
f 1646 1632 1615
f 1615 1632 1626
f 1615 1626 1592
f 1592 1626 1580
f 1626 1605 1580
f 1580 1605 1604
f 1580 1604 1572
f 1572 1604 1574
f 1374 1415 1402
f 1402 1415 1457
f 1402 1457 1406
f 1374 1363 1415
f 1415 1363 1359
f 1415 1359 1370
f 1394 1387 1332
f 1394 1332 1404
f 1448 1422 1380
f 1380 1422 1404
f 1380 1404 1352
f 1352 1404 1332
f 1380 1396 1448
f 1448 1396 1403
f 1448 1403 1456
f 1456 1403 1410
f 1456 1410 1411
f 1411 1407 1456
f 1456 1407 1406
f 1456 1406 1457
f 938 943 881
f 840 844 950
f 840 950 838
f 838 950 830
f 830 950 940
f 830 940 846
f 938 881 940
f 940 881 850
f 940 850 846
f 2399 2400 2378
f 2378 2400 2376
f 2378 2376 2366
f 2366 2376 2354
f 198 191 208
f 227 223 208
f 208 223 206
f 208 206 198
f 180 211 227
f 227 211 237
f 252 240 237
f 237 240 236
f 237 236 227
f 227 208 159
f 227 159 180
f 180 159 142
f 180 142 166
f 166 142 170
f 170 142 144
f 170 144 171
f 171 195 217
f 217 195 242
f 217 242 285
f 367 285 360
f 360 285 242
f 360 242 347
f 347 242 316
f 347 316 319
f 304 316 275
f 275 316 242
f 275 242 228
f 228 242 195
f 228 195 153
f 171 144 195
f 195 144 135
f 195 135 153
f 191 190 208
f 208 190 138
f 208 138 159
f 159 138 128
f 159 128 142
f 142 128 127
f 142 127 144
f 144 127 133
f 144 133 135
f 2614 2981 2969
f 3142 3143 2937
f 2937 3143 3141
f 3009 2989 2937
f 2937 2989 2981
f 2937 2981 2906
f 2906 2981 2891
f 2969 2950 2614
f 2614 2950 2930
f 2614 2930 2903
f 2804 2823 2981
f 2981 2823 2853
f 2981 2853 2891
f 3141 3139 2937
f 2937 3139 3136
f 2937 3136 3133
f 3105 3003 3022
f 2903 2869 2614
f 2614 2869 2828
f 2614 2828 2610
f 2610 2828 2809
f 2610 2809 2609
f 2937 2962 3142
f 3142 2962 2984
f 3142 2984 3140
f 3140 2984 3135
f 3133 3127 2937
f 2937 3127 3119
f 2937 3119 3112
f 2625 2617 2789
f 3022 3037 3105
f 3105 3037 3049
f 3105 3049 3092
f 3118 3126 2984
f 2984 3126 3131
f 2984 3131 3135
f 3052 3041 2937
f 2937 3041 3030
f 2937 3030 3009
f 2614 2615 2981
f 2981 2615 2622
f 2981 2622 2629
f 3003 3105 2984
f 2984 3105 3108
f 2984 3108 3118
f 2789 2617 2809
f 2809 2617 2612
f 2809 2612 2609
f 2629 2637 2981
f 2981 2637 2646
f 2981 2646 2652
f 2735 2753 2981
f 2981 2753 2776
f 2981 2776 2804
f 3057 3072 3049
f 3049 3072 3079
f 3049 3079 3092
f 3112 3106 2937
f 2937 3106 3093
f 2937 3093 3081
f 3081 3074 2937
f 2937 3074 3061
f 2937 3061 3052
f 2647 2789 2656
f 2656 2789 2760
f 2647 2639 2789
f 2789 2639 2631
f 2789 2631 2625
f 2760 2742 2656
f 2656 2742 2724
f 2656 2724 2663
f 2652 2660 2981
f 2981 2660 2671
f 2981 2671 2683
f 2683 2700 2981
f 2981 2700 2719
f 2981 2719 2735
f 2663 2724 2674
f 2674 2724 2710
f 2674 2710 2692
f 2258 2267 2110
f 2110 2267 2293
f 729 661 655
f 597 465 432
f 402 305 244
f 179 229 165
f 623 572 550
f 706 617 695
f 831 870 849
f 1283 1377 1344
f 1377 1283 1409
f 1369 1464 1453
f 2156 2118 2138
f 2118 2156 2115
f 2233 2260 2256
f 2319 2334 2314
f 2531 2532 2425
f 2562 2453 2555
f 2555 2453 2441
f 2425 2532 2431
f 2431 2532 2535
f 2431 2535 2435
f 2435 2535 2538
f 2435 2538 2441
f 2441 2538 2548
f 2441 2548 2555
f 2419 2423 2507
f 2507 2423 2501
f 2501 2423 2499
f 2499 2423 2427
f 2499 2427 2496
f 2496 2427 2430
f 2496 2430 2495
f 2495 2430 2433
f 2495 2433 2493
f 2493 2433 2437
f 2493 2437 2491
f 2491 2437 2439
f 2491 2439 2486
f 2486 2439 2464
f 2486 2464 2483
f 2430 2271 2433
f 2433 2271 2329
f 2433 2329 2437
f 2437 2329 2358
f 2437 2358 2439
f 2439 2358 2334
f 2439 2334 2464
f 2464 2334 2319
f 2166 2204 2156
f 2220 2217 2204
f 2204 2217 2212
f 2204 2212 2156
f 1897 1940 1998
f 1998 1940 2149
f 1613 1628 1783
f 1783 1628 1642
f 1783 1642 1787
f 1783 1751 1613
f 1613 1751 1725
f 1613 1725 1591
f 1591 1725 1705
f 1591 1705 1579
f 1579 1705 1679
f 1579 1679 1573
f 1573 1679 1660
f 1573 1660 1499
f 1409 1405 1377
f 1377 1405 1375
f 1377 1375 1344
f 1344 1375 1364
f 1344 1364 1311
f 1311 1364 1355
f 1311 1355 1286
f 1286 1355 1264
f 1181 1169 1060
f 1060 1169 1127
f 1060 1127 935
f 870 831 914
f 914 831 832
f 914 832 837
f 866 941 1013
f 1013 941 885
f 1013 885 1029
f 1029 885 849
f 667 685 744
f 744 685 724
f 724 685 706
f 706 685 602
f 706 602 617
f 581 517 560
f 517 581 438
f 438 581 566
f 438 566 433
f 552 491 538
f 538 491 426
f 246 256 179
f 179 256 374
f 179 374 229
f 229 374 397
f 229 397 432
f 244 305 168
f 244 168 165
f 646 675 571
f 675 646 699
f 699 646 717
f 699 717 736
f 773 809 717
f 717 809 737
f 717 737 736
f 820 811 819
f 1261 1193 1183
f 1183 1193 960
f 1183 960 929
f 929 960 842
f 929 842 819
f 819 842 822
f 819 822 820
f 1261 1183 1389
f 1389 1183 1345
f 1389 1345 1569
f 1757 1803 1603
f 1803 1757 1981
f 1981 1757 1978
f 1981 1978 2013
f 2013 1978 2015
f 2015 1978 2133
f 2015 2133 2352
f 811 809 819
f 819 809 773
f 819 773 929
f 929 773 889
f 929 889 1183
f 1183 889 1144
f 1183 1144 1345
f 165 229 244
f 244 229 432
f 244 432 402
f 402 432 465
f 402 465 571
f 571 465 597
f 571 597 646
f 659 780 781
f 389 420 426
f 426 420 548
f 426 548 538
f 538 548 655
f 538 655 552
f 552 655 661
f 552 661 614
f 614 661 666
f 797 729 781
f 781 729 655
f 781 655 659
f 659 655 548
f 659 548 566
f 566 548 420
f 566 420 433
f 1355 1369 1264
f 1264 1369 1453
f 1264 1453 1247
f 1247 1453 1447
f 1247 1447 1238
f 1238 1447 1437
f 837 935 914
f 914 935 1127
f 914 1127 870
f 870 1127 1079
f 870 1079 849
f 849 1079 1052
f 849 1052 1029
f 1238 1013 1247
f 1247 1013 1029
f 1247 1029 1264
f 1264 1029 1052
f 1264 1052 1286
f 1286 1052 1079
f 1286 1079 1311
f 1311 1079 1127
f 1311 1127 1344
f 1344 1127 1169
f 1344 1169 1283
f 1283 1169 1181
f 804 866 1005
f 1005 866 1013
f 1005 1013 1235
f 1235 1013 1238
f 1235 1238 1443
f 1443 1238 1437
f 1443 1437 1645
f 1645 1437 1447
f 1645 1447 1649
f 1649 1447 1453
f 1649 1453 1660
f 1660 1453 1464
f 1660 1464 1499
f 2233 2271 2260
f 2260 2271 2430
f 2260 2430 2256
f 2256 2430 2427
f 2256 2427 2246
f 2246 2427 2423
f 2246 2423 2240
f 2240 2423 2419
f 2240 2419 2236
f 2166 2156 2149
f 2149 2156 2138
f 2149 2138 1998
f 1998 2138 2118
f 1998 2118 1965
f 1965 2118 2115
f 1965 2115 1926
f 1926 2115 2085
f 1926 2085 1907
f 1907 2085 2053
f 1907 2053 1894
f 2453 2374 2441
f 2441 2374 2293
f 2441 2293 2435
f 2435 2293 2267
f 2435 2267 2431
f 2431 2267 2258
f 2431 2258 2425
f 1757 1935 1978
f 1978 1935 2110
f 1978 2110 2133
f 2133 2110 2293
f 2133 2293 2352
f 2352 2293 2374
f 2525 2531 2421
f 2421 2531 2425
f 2421 2425 2253
f 2253 2425 2258
f 2253 2258 2096
f 2096 2258 2110
f 2096 2110 1914
f 1914 2110 1935
f 1914 1935 1731
f 1731 1935 1757
f 1731 1757 1569
f 1569 1757 1603
f 1569 1603 1389
f 693 671 747
f 747 671 733
f 747 733 852
f 852 733 812
f 852 812 1091
f 1091 812 1058
f 1091 1058 1315
f 1315 1058 1287
f 1315 1287 1521
f 1521 1287 1491
f 1521 1491 1711
f 1711 1491 1684
f 1711 1684 1900
f 1900 1684 1886
f 1900 1886 2082
f 2082 1886 2065
f 2082 2065 2244
f 2244 2065 2236
f 2244 2236 2418
f 2418 2236 2419
f 2418 2419 2517
f 2517 2419 2507
f 797 781 1036
f 1036 781 1015
f 1036 1015 1266
f 1266 1015 1249
f 1266 1249 1474
f 1474 1249 1450
f 1474 1450 1662
f 1662 1450 1651
f 1662 1651 1873
f 1873 1651 1869
f 1873 1869 2060
f 2060 1869 1871
f 2060 1871 2062
f 2062 1871 1879
f 2062 1879 2071
f 2071 1879 1894
f 2071 1894 2084
f 2084 1894 2053
f 2084 2053 2143
f 644 653 693
f 693 653 666
f 693 666 671
f 671 666 661
f 671 661 733
f 733 661 729
f 733 729 812
f 812 729 797
f 812 797 1058
f 1058 797 1036
f 1058 1036 1287
f 1287 1036 1266
f 1287 1266 1491
f 1491 1266 1474
f 1491 1474 1684
f 1684 1474 1662
f 1684 1662 1886
f 1886 1662 1873
f 1886 1873 2065
f 2065 1873 2060
f 2065 2060 2236
f 2236 2060 2062
f 2236 2062 2240
f 2240 2062 2071
f 2240 2071 2246
f 2246 2071 2084
f 2246 2084 2256
f 2256 2084 2143
f 2256 2143 2233
f 374 471 397
f 397 471 550
f 397 550 432
f 432 550 572
f 432 572 597
f 597 572 623
f 597 623 646
f 646 623 644
f 646 644 717
f 717 644 693
f 717 693 773
f 773 693 747
f 773 747 889
f 889 747 852
f 889 852 1144
f 1144 852 1091
f 1144 1091 1345
f 1345 1091 1315
f 1345 1315 1569
f 1569 1315 1521
f 1569 1521 1731
f 1731 1521 1711
f 1731 1711 1914
f 1914 1711 1900
f 1914 1900 2096
f 2096 1900 2082
f 2096 2082 2253
f 2253 2082 2244
f 2253 2244 2421
f 2421 2244 2418
f 2421 2418 2525
f 2525 2418 2517
f 560 602 581
f 581 602 685
f 581 685 566
f 566 685 667
f 566 667 659
f 659 667 744
f 659 744 780
f 780 744 799
f 780 799 781
f 781 799 804
f 781 804 1015
f 1015 804 1005
f 1015 1005 1249
f 1249 1005 1235
f 1249 1235 1450
f 1450 1235 1443
f 1450 1443 1651
f 1651 1443 1645
f 1651 1645 1869
f 1869 1645 1649
f 1869 1649 1871
f 1871 1649 1660
f 1871 1660 1879
f 1879 1660 1679
f 1879 1679 1894
f 1894 1679 1705
f 1894 1705 1907
f 1907 1705 1725
f 1907 1725 1926
f 1926 1725 1751
f 1926 1751 1965
f 1965 1751 1783
f 1965 1783 1998
f 1998 1783 1787
f 1998 1787 1897
f 2125 2291 2287
f 450 473 604
f 2354 2369 2366
f 2232 2270 2230
f 2230 2270 2250
f 2336 2345 2261
f 1845 1915 2079
f 836 868 892
f 530 514 495
f 542 587 606
f 2460 2714 2462
f 2462 2714 2722
f 2462 2722 2465
f 2465 2722 2732
f 2465 2732 2467
f 2467 2732 2738
f 2467 2738 2469
f 2469 2738 2746
f 2469 2746 2415
f 2415 2746 2750
f 2699 2704 2460
f 2460 2704 2711
f 2460 2711 2714
f 2442 2603 2443
f 2443 2603 2642
f 2443 2642 2446
f 2446 2642 2662
f 2446 2662 2450
f 2450 2662 2673
f 2450 2673 2454
f 2454 2673 2687
f 2454 2687 2456
f 2456 2687 2699
f 2456 2699 2458
f 2458 2699 2460
f 2562 2574 2453
f 2453 2574 2447
f 2453 2447 2374
f 2374 2447 2325
f 2374 2325 2352
f 2352 2325 2151
f 1583 1803 1770
f 1770 1803 1981
f 1770 1981 1999
f 1999 1981 2013
f 1999 2013 2015
f 1261 1389 1361
f 1361 1389 1603
f 1193 1261 1186
f 1186 1261 1361
f 1186 1361 1160
f 1160 1361 1136
f 820 822 818
f 818 822 842
f 820 818 811
f 811 818 793
f 811 793 809
f 277 305 402
f 168 305 169
f 169 305 277
f 169 277 199
f 262 280 216
f 450 442 262
f 262 442 451
f 280 410 340
f 340 410 370
f 340 370 364
f 606 587 664
f 587 654 664
f 664 654 725
f 664 725 714
f 586 627 703
f 703 627 670
f 703 670 707
f 707 670 701
f 707 701 714
f 714 701 683
f 714 683 664
f 514 530 611
f 611 530 595
f 611 595 712
f 635 609 647
f 647 609 523
f 647 523 630
f 756 691 755
f 755 691 764
f 1179 992 1152
f 1152 992 1048
f 1152 1048 1121
f 1149 974 1063
f 1063 974 955
f 1063 955 1009
f 1009 955 964
f 1149 1252 1242
f 1242 1252 1292
f 1242 1292 1337
f 1463 1502 1440
f 1546 1549 1502
f 1502 1549 1553
f 1502 1553 1440
f 1546 1502 1542
f 1542 1502 1463
f 1542 1463 1495
f 1495 1463 1424
f 1495 1424 1480
f 1480 1424 1384
f 1480 1384 1469
f 1655 1527 1575
f 1575 1527 1475
f 1915 1845 1889
f 1762 1786 1658
f 1658 1786 1820
f 1658 1820 1676
f 1676 1820 1853
f 1676 1853 1701
f 1701 1853 1889
f 1701 1889 1738
f 1738 1889 1845
f 1738 1845 1773
f 2369 2354 2360
f 2007 2147 2021
f 2021 2147 2190
f 2021 2190 2038
f 2038 2190 2232
f 2038 2232 2059
f 2059 2232 2230
f 2059 2230 2102
f 2102 2230 2250
f 1469 1384 1475
f 1475 1384 1360
f 1475 1360 1575
f 1575 1360 1333
f 1575 1333 1544
f 1522 1544 1318
f 1318 1544 1333
f 1318 1333 1121
f 1149 1063 1252
f 1252 1063 1009
f 1252 1009 1208
f 1208 1009 964
f 1208 964 1179
f 1179 964 967
f 1179 967 992
f 720 731 630
f 630 731 745
f 630 745 647
f 647 745 678
f 647 678 635
f 1121 1333 1152
f 1152 1333 1360
f 1152 1360 1179
f 1179 1360 1384
f 1179 1384 1208
f 1208 1384 1424
f 1208 1424 1252
f 1252 1424 1463
f 1252 1463 1292
f 1292 1463 1440
f 1292 1440 1337
f 1108 1136 1336
f 1336 1136 1361
f 1336 1361 1583
f 1583 1361 1603
f 1583 1603 1803
f 691 678 764
f 764 678 745
f 764 745 795
f 795 745 731
f 795 731 836
f 836 731 720
f 836 720 868
f 868 720 860
f 868 860 892
f 892 860 1102
f 892 1102 962
f 1658 1655 1762
f 1762 1655 1575
f 1762 1575 1745
f 1745 1575 1544
f 1745 1544 1733
f 1733 1544 1522
f 1733 1522 1510
f 1510 1522 1318
f 1510 1318 1309
f 1309 1318 1121
f 1309 1121 1102
f 1102 1121 1048
f 1102 1048 962
f 530 579 595
f 595 579 586
f 595 586 712
f 712 586 703
f 712 703 751
f 751 703 707
f 751 707 753
f 753 707 714
f 753 714 758
f 758 714 725
f 758 725 793
f 793 725 737
f 793 737 809
f 280 262 410
f 410 262 451
f 410 451 480
f 480 451 442
f 480 442 542
f 542 442 450
f 542 450 587
f 587 450 604
f 587 604 654
f 216 199 262
f 262 199 277
f 262 277 450
f 450 277 402
f 450 402 473
f 473 402 571
f 473 571 604
f 604 571 675
f 604 675 654
f 654 675 699
f 654 699 725
f 725 699 736
f 725 736 737
f 523 514 630
f 630 514 611
f 630 611 720
f 720 611 712
f 720 712 860
f 860 712 751
f 860 751 857
f 857 751 753
f 857 753 863
f 863 753 758
f 863 758 876
f 876 758 793
f 876 793 904
f 904 793 818
f 904 818 933
f 933 818 842
f 933 842 960
f 1092 1108 1323
f 1323 1108 1336
f 1323 1336 1562
f 1562 1336 1583
f 1562 1583 1758
f 1758 1583 1770
f 1758 1770 1984
f 1984 1770 1999
f 1984 1999 2151
f 2151 1999 2015
f 2151 2015 2352
f 2304 2291 2129
f 2129 2291 2125
f 2129 2125 1970
f 1744 1970 1946
f 1946 1970 2125
f 1946 2125 2121
f 2121 2125 2287
f 2121 2287 2290
f 1537 1744 1735
f 1735 1744 1946
f 1735 1946 1938
f 1938 1946 2121
f 1938 2121 2122
f 2122 2121 2290
f 2122 2290 2305
f 2238 2147 2162
f 2162 2147 2007
f 2162 2007 2148
f 2148 2007 1992
f 2148 1992 2135
f 2135 1992 1972
f 2135 1972 2127
f 2127 1972 1945
f 2127 1945 1937
f 1937 1945 1723
f 1937 1723 1726
f 1726 1723 1509
f 1726 1509 1517
f 1517 1509 1307
f 1517 1307 1313
f 1313 1307 1088
f 2354 2238 2360
f 2360 2238 2162
f 2360 2162 2339
f 2339 2162 2148
f 2339 2148 2321
f 2321 2148 2135
f 2321 2135 2305
f 2305 2135 2127
f 2305 2127 2122
f 2122 2127 1937
f 2122 1937 1938
f 1938 1937 1726
f 1938 1726 1735
f 1735 1726 1517
f 1735 1517 1537
f 1537 1517 1313
f 2304 2442 2291
f 2291 2442 2443
f 2291 2443 2287
f 2287 2443 2446
f 2287 2446 2290
f 2290 2446 2450
f 2290 2450 2305
f 2305 2450 2454
f 2305 2454 2321
f 2321 2454 2456
f 2321 2456 2339
f 2339 2456 2458
f 2339 2458 2360
f 2360 2458 2460
f 2360 2460 2369
f 2369 2460 2462
f 2369 2462 2366
f 2366 2462 2465
f 2366 2465 2378
f 2378 2465 2467
f 2378 2467 2399
f 2399 2467 2469
f 2399 2469 2396
f 2396 2469 2415
f 2396 2415 2391
f 1088 1092 1313
f 1313 1092 1323
f 1313 1323 1537
f 1537 1323 1562
f 1537 1562 1744
f 1744 1562 1758
f 1744 1758 1970
f 1970 1758 1984
f 1970 1984 2129
f 2129 1984 2151
f 2129 2151 2304
f 2304 2151 2325
f 2304 2325 2442
f 2442 2325 2447
f 2442 2447 2603
f 2603 2447 2574
f 960 1193 933
f 933 1193 1186
f 933 1186 904
f 904 1186 1160
f 904 1160 876
f 876 1160 1136
f 876 1136 863
f 863 1136 1108
f 863 1108 857
f 857 1108 1092
f 857 1092 860
f 860 1092 1088
f 860 1088 1102
f 1102 1088 1307
f 1102 1307 1309
f 1309 1307 1509
f 1309 1509 1510
f 1510 1509 1723
f 1510 1723 1733
f 1733 1723 1945
f 1733 1945 1745
f 1745 1945 1972
f 1745 1972 1762
f 1762 1972 1992
f 1762 1992 1786
f 1786 1992 2007
f 1786 2007 1820
f 1820 2007 2021
f 1820 2021 1853
f 1853 2021 2038
f 1853 2038 1889
f 1889 2038 2059
f 1889 2059 1915
f 1915 2059 2102
f 1915 2102 2079
f 2079 2102 2250
f 2079 2250 2261
f 2261 2250 2270
f 2261 2270 2336
f 2095 2257 2251
f 1316 1346 1568
f 2234 2259 2249
f 2163 2117 2120
f 1752 1643 1615
f 1061 1168 1182
f 1061 937 915
f 750 782 807
f 563 520 582
f 459 422 391
f 254 252 237
f 180 166 230
f 2485 2484 2379
f 2485 2379 2487
f 2498 2497 2426
f 2426 2497 2494
f 2426 2494 2428
f 2428 2494 2492
f 2428 2492 2432
f 2432 2492 2490
f 2432 2490 2436
f 2436 2490 2487
f 2436 2487 2438
f 2438 2487 2379
f 2498 2426 2500
f 2500 2426 2422
f 2500 2422 2502
f 2502 2422 2503
f 2503 2422 2417
f 2503 2417 2514
f 2434 2536 2429
f 2429 2536 2530
f 2429 2530 2424
f 2424 2530 2524
f 2424 2524 2420
f 2420 2524 2514
f 2420 2514 2416
f 2416 2514 2417
f 2563 2552 2451
f 2451 2552 2440
f 2451 2440 2373
f 2373 2440 2292
f 2132 2351 2292
f 2292 2351 2353
f 2292 2353 2373
f 2014 1977 1960
f 1960 1977 1756
f 1960 1756 1804
f 1804 1756 1802
f 1802 1756 1568
f 1802 1568 1561
f 1561 1568 1346
f 1561 1346 1390
f 1184 1194 1197
f 821 823 825
f 718 739 814
f 472 477 469
f 469 477 622
f 469 622 598
f 598 622 676
f 598 676 648
f 648 676 735
f 648 735 718
f 718 735 738
f 718 738 739
f 166 170 230
f 230 170 222
f 230 222 245
f 245 222 306
f 425 386 230
f 230 386 336
f 180 230 211
f 211 230 336
f 211 336 237
f 237 336 257
f 237 257 254
f 398 434 506
f 506 434 573
f 506 573 583
f 583 573 645
f 422 459 549
f 549 459 539
f 549 539 657
f 582 520 567
f 567 520 439
f 567 439 435
f 618 711 632
f 632 711 697
f 632 697 696
f 1053 881 1030
f 1030 881 943
f 1030 943 1014
f 937 838 915
f 915 838 830
f 915 830 871
f 871 830 846
f 1168 1061 1126
f 1342 1376 1284
f 1406 1407 1376
f 1376 1407 1411
f 1376 1411 1284
f 1406 1376 1402
f 1402 1376 1342
f 1402 1342 1374
f 1374 1342 1310
f 1374 1310 1363
f 1363 1310 1285
f 1363 1285 1359
f 1574 1420 1452
f 1452 1420 1370
f 1750 1592 1724
f 1724 1592 1580
f 1724 1580 1703
f 1703 1580 1572
f 1703 1572 1677
f 1677 1572 1659
f 1967 1899 1782
f 1782 1899 1752
f 1782 1752 1750
f 1750 1752 1615
f 1750 1615 1592
f 2221 2167 2219
f 2219 2167 2213
f 2213 2167 2163
f 2163 2167 2137
f 2163 2137 2117
f 2259 2234 2255
f 1892 2054 1906
f 1906 2054 2098
f 1906 2098 1925
f 1925 2098 2120
f 1925 2120 1964
f 1964 2120 2117
f 1964 2117 1996
f 1996 2117 2137
f 1359 1285 1370
f 1370 1285 1263
f 1370 1263 1452
f 1452 1263 1246
f 1452 1246 1446
f 1436 1446 1236
f 1236 1446 1246
f 1236 1246 1014
f 1061 915 1126
f 1126 915 871
f 1126 871 1080
f 1080 871 846
f 1080 846 1053
f 1053 846 850
f 1053 850 881
f 660 669 567
f 567 669 686
f 567 686 582
f 582 686 603
f 582 603 563
f 1014 1246 1030
f 1030 1246 1263
f 1030 1263 1053
f 1053 1263 1285
f 1053 1285 1080
f 1080 1285 1310
f 1080 1310 1126
f 1126 1310 1342
f 1126 1342 1168
f 1168 1342 1284
f 1168 1284 1182
f 1197 1222 1184
f 1184 1222 1390
f 1184 1390 1145
f 1145 1390 1346
f 1145 1346 1093
f 1093 1346 1316
f 1093 1316 1059
f 618 603 711
f 711 603 686
f 711 686 728
f 728 686 669
f 728 669 750
f 750 669 660
f 750 660 782
f 782 660 783
f 782 783 807
f 807 783 1006
f 807 1006 867
f 1572 1574 1659
f 1659 1574 1452
f 1659 1452 1648
f 1648 1452 1446
f 1648 1446 1644
f 1644 1446 1436
f 1644 1436 1442
f 1442 1436 1236
f 1442 1236 1234
f 1234 1236 1014
f 1234 1014 1006
f 1006 1014 943
f 1006 943 867
f 459 519 539
f 539 519 535
f 539 535 657
f 657 535 662
f 657 662 730
f 730 662 672
f 730 672 734
f 734 672 694
f 734 694 749
f 749 694 718
f 749 718 774
f 774 718 814
f 774 814 821
f 821 814 815
f 821 815 823
f 535 585 662
f 662 585 640
f 662 640 672
f 672 640 668
f 672 668 694
f 694 668 656
f 694 656 718
f 718 656 645
f 718 645 648
f 648 645 573
f 648 573 598
f 598 573 434
f 598 434 469
f 506 425 398
f 398 425 230
f 398 230 434
f 434 230 245
f 434 245 469
f 469 245 306
f 469 306 472
f 435 422 567
f 567 422 549
f 567 549 660
f 660 549 657
f 660 657 783
f 783 657 730
f 783 730 798
f 798 730 734
f 798 734 813
f 813 734 749
f 813 749 853
f 853 749 774
f 853 774 890
f 890 774 821
f 890 821 930
f 930 821 825
f 930 825 928
f 1037 1059 1288
f 1288 1059 1316
f 1288 1316 1520
f 1520 1316 1568
f 1520 1568 1730
f 1730 1568 1756
f 1730 1756 1934
f 1934 1756 1977
f 1934 1977 2132
f 2132 1977 2014
f 2132 2014 2351
f 2266 2257 2109
f 2109 2257 2095
f 2109 2095 1913
f 1710 1913 1898
f 1898 1913 2095
f 1898 2095 2081
f 2081 2095 2251
f 2081 2251 2242
f 1490 1710 1683
f 1683 1710 1898
f 1683 1898 1885
f 1885 1898 2081
f 1885 2081 2064
f 2064 2081 2242
f 2064 2242 2235
f 2144 2054 2083
f 2083 2054 1892
f 2083 1892 2070
f 2070 1892 1878
f 2070 1878 2061
f 2061 1878 1870
f 2061 1870 2058
f 2058 1870 1868
f 2058 1868 1872
f 1872 1868 1650
f 1872 1650 1661
f 1661 1650 1449
f 1661 1449 1473
f 1473 1449 1248
f 1473 1248 1267
f 1267 1248 1016
f 2234 2144 2255
f 2255 2144 2083
f 2255 2083 2245
f 2245 2083 2070
f 2245 2070 2237
f 2237 2070 2061
f 2237 2061 2235
f 2235 2061 2058
f 2235 2058 2064
f 2064 2058 1872
f 2064 1872 1885
f 1885 1872 1661
f 1885 1661 1683
f 1683 1661 1473
f 1683 1473 1490
f 1490 1473 1267
f 2315 2318 2379
f 2379 2318 2335
f 2379 2335 2438
f 2438 2335 2359
f 2438 2359 2436
f 2436 2359 2278
f 2436 2278 2432
f 2432 2278 2249
f 2432 2249 2428
f 2428 2249 2259
f 2428 2259 2426
f 2426 2259 2255
f 2426 2255 2422
f 2422 2255 2245
f 2422 2245 2417
f 2417 2245 2237
f 2417 2237 2416
f 2416 2237 2235
f 2416 2235 2420
f 2420 2235 2242
f 2420 2242 2424
f 2424 2242 2251
f 2424 2251 2429
f 2429 2251 2257
f 2429 2257 2434
f 2434 2257 2266
f 1016 1037 1267
f 1267 1037 1288
f 1267 1288 1490
f 1490 1288 1520
f 1490 1520 1710
f 1710 1520 1730
f 1710 1730 1913
f 1913 1730 1934
f 1913 1934 2109
f 2109 1934 2132
f 2109 2132 2266
f 2266 2132 2292
f 2266 2292 2434
f 2434 2292 2440
f 2434 2440 2536
f 2536 2440 2552
f 2167 2146 2137
f 2137 2146 1967
f 2137 1967 1996
f 1996 1967 1782
f 1996 1782 1964
f 1964 1782 1750
f 1964 1750 1925
f 1925 1750 1724
f 1925 1724 1906
f 1906 1724 1703
f 1906 1703 1892
f 1892 1703 1677
f 1892 1677 1878
f 1878 1677 1659
f 1878 1659 1870
f 1870 1659 1648
f 1870 1648 1868
f 1868 1648 1644
f 1868 1644 1650
f 1650 1644 1442
f 1650 1442 1449
f 1449 1442 1234
f 1449 1234 1248
f 1248 1234 1006
f 1248 1006 1016
f 1016 1006 783
f 1016 783 1037
f 1037 783 798
f 1037 798 1059
f 1059 798 813
f 1059 813 1093
f 1093 813 853
f 1093 853 1145
f 1145 853 890
f 1145 890 1184
f 1184 890 930
f 1184 930 1194
f 1194 930 928
f 2296 2306 2130
f 2130 2306 2326
f 2461 2459 2344
f 752 705 713
f 605 474 452
f 2373 2353 2326
f 217 264 278
f 633 588 577
f 759 692 757
f 894 869 882
f 956 1010 968
f 1477 1589 1577
f 2080 1917 1847
f 2225 2231 2263
f 2263 2231 2252
f 2263 2252 2337
f 2375 2370 2355
f 2393 2397 2392
f 2670 2661 2452
f 2563 2451 2568
f 2568 2451 2449
f 2444 2584 2449
f 2449 2584 2573
f 2449 2573 2568
f 2448 2650 2445
f 2445 2650 2643
f 2445 2643 2444
f 2444 2643 2604
f 2444 2604 2584
f 2461 2701 2459
f 2459 2701 2689
f 2459 2689 2457
f 2718 2713 2461
f 2461 2713 2708
f 2461 2708 2701
f 2393 2471 2397
f 2397 2471 2470
f 2397 2470 2402
f 2402 2470 2468
f 2402 2468 2394
f 2394 2468 2466
f 2394 2466 2375
f 2375 2466 2463
f 2375 2463 2370
f 2370 2463 2361
f 2370 2361 2355
f 2262 2346 2341
f 1774 1847 1768
f 1768 1847 1917
f 1768 1917 1732
f 1732 1917 1890
f 1732 1890 1712
f 1712 1890 1854
f 1712 1854 1699
f 1699 1854 1822
f 1699 1822 1669
f 1669 1822 1789
f 1669 1789 1656
f 1656 1789 1763
f 1656 1763 1614
f 1503 1498 1465
f 1465 1498 1481
f 1465 1481 1425
f 1425 1481 1470
f 1425 1470 1385
f 1385 1470 1362
f 1555 1551 1503
f 1503 1551 1547
f 1503 1547 1498
f 1555 1503 1441
f 1441 1503 1465
f 1441 1465 1338
f 1243 1293 1150
f 1150 1293 1253
f 1010 956 1065
f 1065 956 969
f 1065 969 975
f 965 1049 1122
f 1122 1049 995
f 1122 995 1153
f 1153 995 968
f 882 869 829
f 869 732 829
f 829 732 748
f 829 748 787
f 787 748 759
f 759 748 681
f 759 681 692
f 649 610 636
f 610 649 533
f 533 649 631
f 533 631 525
f 599 556 596
f 596 556 511
f 443 285 372
f 372 285 367
f 278 306 222
f 217 278 171
f 171 278 222
f 171 222 170
f 658 622 605
f 605 622 477
f 605 477 474
f 474 477 472
f 739 738 726
f 726 738 735
f 726 735 658
f 658 735 676
f 658 676 622
f 739 726 814
f 814 726 796
f 814 796 815
f 934 825 824
f 824 825 823
f 1187 1194 934
f 934 1194 928
f 934 928 825
f 1390 1222 1187
f 1187 1222 1197
f 1187 1197 1194
f 1187 1366 1390
f 1390 1366 1586
f 1390 1586 1561
f 1771 1804 1802
f 1804 1771 1960
f 1960 1771 2000
f 1960 2000 2014
f 2014 2000 2153
f 2014 2153 2351
f 823 815 824
f 824 815 796
f 824 796 934
f 934 796 907
f 934 907 1187
f 1187 907 1161
f 1187 1161 1366
f 472 306 474
f 474 306 278
f 474 278 452
f 452 278 264
f 452 264 445
f 445 264 453
f 498 515 511
f 511 515 612
f 511 612 596
f 596 612 713
f 596 713 599
f 599 713 705
f 599 705 639
f 639 705 702
f 858 752 861
f 861 752 713
f 861 713 722
f 722 713 612
f 722 612 631
f 631 612 515
f 631 515 525
f 1470 1477 1362
f 1362 1477 1577
f 1362 1577 1334
f 1334 1577 1545
f 1334 1545 1319
f 1319 1545 1524
f 975 1150 1065
f 1065 1150 1253
f 1065 1253 1010
f 1010 1253 1209
f 1010 1209 968
f 968 1209 1180
f 968 1180 1153
f 1319 1122 1334
f 1334 1122 1153
f 1334 1153 1362
f 1362 1153 1180
f 1362 1180 1385
f 1385 1180 1209
f 1385 1209 1425
f 1425 1209 1253
f 1425 1253 1465
f 1465 1253 1293
f 1465 1293 1338
f 1338 1293 1243
f 2344 2459 2324
f 2324 2459 2457
f 2324 2457 2308
f 894 965 1104
f 1104 965 1122
f 1104 1122 1312
f 1312 1122 1319
f 1312 1319 1513
f 1513 1319 1524
f 1513 1524 1736
f 1736 1524 1545
f 1736 1545 1747
f 1747 1545 1577
f 1747 1577 1763
f 1763 1577 1589
f 1763 1589 1614
f 2344 2361 2461
f 2461 2361 2463
f 2461 2463 2718
f 2718 2463 2466
f 2718 2466 2726
f 2726 2466 2468
f 2726 2468 2734
f 2734 2468 2470
f 2734 2470 2741
f 2741 2470 2471
f 2741 2471 2751
f 2341 2337 2262
f 2262 2337 2252
f 2262 2252 2104
f 2104 2252 2231
f 2104 2231 2063
f 2063 2231 2225
f 2063 2225 2039
f 2039 2225 2179
f 2039 2179 2022
f 2022 2179 2150
f 2022 2150 2008
f 2451 2373 2449
f 2449 2373 2326
f 2449 2326 2444
f 2444 2326 2306
f 2444 2306 2445
f 2445 2306 2296
f 2445 2296 2448
f 1771 1986 2000
f 2000 1986 2130
f 2000 2130 2153
f 2153 2130 2326
f 2153 2326 2351
f 2351 2326 2353
f 2661 2650 2452
f 2452 2650 2448
f 2452 2448 2288
f 2288 2448 2296
f 2288 2296 2126
f 2126 2296 2130
f 2126 2130 1971
f 1971 2130 1986
f 1971 1986 1759
f 1759 1986 1771
f 1759 1771 1586
f 1586 1771 1802
f 1586 1802 1561
f 715 708 762
f 762 708 754
f 762 754 877
f 877 754 864
f 877 864 1137
f 1137 864 1109
f 1137 1109 1339
f 1339 1109 1324
f 1339 1324 1565
f 1565 1324 1538
f 1565 1538 1746
f 1746 1538 1737
f 1746 1737 1950
f 1950 1737 1941
f 1950 1941 2123
f 2123 1941 2124
f 2123 2124 2295
f 2295 2124 2308
f 2295 2308 2455
f 2455 2308 2457
f 2455 2457 2675
f 2675 2457 2689
f 858 861 1095
f 1095 861 1089
f 1095 1089 1314
f 1314 1089 1308
f 1314 1308 1518
f 1518 1308 1512
f 1518 1512 1728
f 1728 1512 1727
f 1728 1727 1939
f 1939 1727 1948
f 1939 1948 2128
f 2128 1948 1975
f 2128 1975 2136
f 2136 1975 1993
f 2136 1993 2152
f 2152 1993 2008
f 2152 2008 2165
f 2165 2008 2150
f 2165 2150 2241
f 665 684 715
f 715 684 702
f 715 702 708
f 708 702 705
f 708 705 754
f 754 705 752
f 754 752 864
f 864 752 858
f 864 858 1109
f 1109 858 1095
f 1109 1095 1324
f 1324 1095 1314
f 1324 1314 1538
f 1538 1314 1518
f 1538 1518 1737
f 1737 1518 1728
f 1737 1728 1941
f 1941 1728 1939
f 1941 1939 2124
f 2124 1939 2128
f 2124 2128 2308
f 2308 2128 2136
f 2308 2136 2324
f 2324 2136 2152
f 2324 2152 2344
f 2344 2152 2165
f 2344 2165 2361
f 2361 2165 2241
f 2361 2241 2355
f 217 285 264
f 264 285 443
f 264 443 453
f 453 443 509
f 453 509 445
f 445 509 577
f 445 577 452
f 452 577 588
f 452 588 605
f 605 588 633
f 605 633 658
f 658 633 665
f 658 665 726
f 726 665 715
f 726 715 796
f 796 715 762
f 796 762 907
f 907 762 877
f 907 877 1161
f 1161 877 1137
f 1161 1137 1366
f 1366 1137 1339
f 1366 1339 1586
f 1586 1339 1565
f 1586 1565 1759
f 1759 1565 1746
f 1759 1746 1971
f 1971 1746 1950
f 1971 1950 2126
f 2126 1950 2123
f 2126 2123 2288
f 2288 2123 2295
f 2288 2295 2452
f 2452 2295 2455
f 2452 2455 2670
f 2670 2455 2675
f 636 681 649
f 649 681 748
f 649 748 631
f 631 748 732
f 631 732 722
f 722 732 869
f 722 869 861
f 861 869 894
f 861 894 1089
f 1089 894 1104
f 1089 1104 1308
f 1308 1104 1312
f 1308 1312 1512
f 1512 1312 1513
f 1512 1513 1727
f 1727 1513 1736
f 1727 1736 1948
f 1948 1736 1747
f 1948 1747 1975
f 1975 1747 1763
f 1975 1763 1993
f 1993 1763 1789
f 1993 1789 2008
f 2008 1789 1822
f 2008 1822 2022
f 2022 1822 1854
f 2022 1854 2039
f 2039 1854 1890
f 2039 1890 2063
f 2063 1890 1917
f 2063 1917 2104
f 2104 1917 2080
f 2104 2080 2262
f 4085 4130 4019
f 3409 3806 3803
f 4085 4019 4006
f 4006 4019 3750
f 4006 3750 3927
f 3927 3750 3463
f 3927 3463 3862
f 4511 4514 4480
f 4039 4480 4217
f 4511 4480 4507
f 3852 3955 3932
f 4048 4432 4122
f 4122 4432 4428
f 4390 4418 4475
f 4130 4085 4281
f 4281 4085 4173
f 4281 4173 4480
f 4480 4173 4213
f 4480 4213 4217
f 3862 3463 3868
f 3868 3463 3409
f 3868 3409 3932
f 3932 3409 3803
f 3932 3803 3852
f 4217 4177 4039
f 4039 4177 4091
f 4039 4091 3955
f 3955 4091 4012
f 3955 4012 3932
f 4475 4463 4390
f 4390 4463 4452
f 4390 4452 4444
f 4428 4431 4122
f 4122 4431 4436
f 4122 4436 4170
f 4170 4436 4439
f 4170 4439 4165
f 4444 4432 4390
f 4390 4432 4048
f 4390 4048 3950
f 3950 4048 3961
f 3950 3961 3409
f 3409 3961 3858
f 3409 3858 3806
f 4488 4493 4039
f 4039 4493 4497
f 4039 4497 4480
f 4480 4497 4503
f 4480 4503 4507
f 4439 4447 4165
f 4165 4447 4456
f 4165 4456 4117
f 4117 4456 4459
f 4117 4459 4039
f 4039 4459 4471
f 4039 4471 4488
f 4471 4459 4461
f 4510 4511 4506
f 4506 4511 4507
f 4506 4507 4501
f 4501 4507 4503
f 4501 4503 4495
f 4495 4503 4497
f 4495 4497 4492
f 4492 4497 4493
f 4492 4493 4489
f 4489 4493 4488
f 4489 4488 4485
f 4485 4488 4471
f 4485 4471 4468
f 4468 4471 4461
f 4510 4512 4511
f 4511 4512 4516
f 4511 4516 4514
f 4482 4480 4516
f 4516 4480 4514
f 3464 3463 3750
f 4480 4482 4281
f 4281 4482 4299
f 4281 4299 4130
f 4130 4299 4131
f 4130 4131 4019
f 4019 4131 4057
f 4019 4057 3750
f 3750 4057 3887
f 3750 3887 3753
f 3753 3739 3750
f 3750 3739 3662
f 3750 3662 3607
f 3607 3598 3750
f 3750 3598 3559
f 3750 3559 3544
f 3544 3534 3750
f 3750 3534 3508
f 3750 3508 3498
f 3498 3478 3750
f 3750 3478 3465
f 3750 3465 3464
f 3950 3409 3412
f 3412 3421 3950
f 3950 3421 3430
f 3950 3430 3443
f 3443 3449 3950
f 3950 3449 3509
f 3950 3509 3528
f 3528 3553 3950
f 3950 3553 3622
f 3950 3622 3755
f 3755 3788 3950
f 3950 3788 4148
f 3950 4148 4390
f 4390 4148 4420
f 4390 4420 4418
f 4477 4475 4420
f 4420 4475 4418
f 4475 4477 4463
f 4463 4477 4464
f 4463 4464 4452
f 4452 4464 4451
f 4452 4451 4444
f 4444 4451 4443
f 4444 4443 4432
f 4432 4443 4430
f 4432 4430 4428
f 4428 4430 4424
f 4428 4424 4431
f 4431 4424 4433
f 4431 4433 4436
f 4436 4433 4439
f 4433 4438 4439
f 4439 4438 4446
f 4439 4446 4447
f 4447 4446 4457
f 4447 4457 4456
f 4456 4457 4461
f 4456 4461 4459
f 3853 3804 3462
f 3738 4007 3462
f 3462 4007 3928
f 3462 3928 3863
f 3462 3804 3408
f 3738 4003 4007
f 4007 4003 4099
f 4007 4099 4086
f 4171 4166 4460
f 4460 4166 4118
f 3804 3807 3408
f 3408 3807 3859
f 3408 3859 3527
f 3527 3859 4021
f 4515 4508 4481
f 4481 4508 4174
f 4481 4174 4422
f 4422 4174 4086
f 4422 4086 4231
f 4231 4086 4099
f 4449 4458 4021
f 3863 3869 3462
f 3462 3869 3956
f 3462 3956 3853
f 4092 4040 4013
f 4013 4040 3956
f 4013 3956 3933
f 3933 3956 3869
f 4508 4500 4174
f 4174 4500 4494
f 4174 4494 4214
f 4214 4494 4490
f 4214 4490 4218
f 4218 4490 4479
f 4218 4479 4178
f 4178 4479 4460
f 4178 4460 4092
f 4092 4460 4118
f 4092 4118 4040
f 3859 3962 4021
f 4021 3962 4049
f 4021 4049 4123
f 4021 4458 4419
f 4419 4458 4472
f 4419 4472 4476
f 4460 4445 4171
f 4171 4445 4441
f 4171 4441 4123
f 4123 4441 4427
f 4427 4426 4123
f 4123 4426 4429
f 4123 4429 4021
f 4021 4429 4442
f 4021 4442 4449
f 4491 4484 4479
f 4479 4484 4462
f 4479 4462 4460
f 4479 4490 4491
f 4491 4490 4494
f 4491 4494 4499
f 4499 4494 4500
f 4499 4500 4502
f 4502 4500 4508
f 4502 4508 4509
f 4509 4508 4515
f 4509 4515 4517
f 4515 4481 4517
f 4517 4481 4483
f 3886 4100 4003
f 3886 4003 3866
f 3866 4003 3743
f 3743 4003 3738
f 3743 3738 3657
f 3738 3462 3469
f 3469 3470 3738
f 3738 3470 3499
f 3738 3499 3524
f 3524 3533 3738
f 3738 3533 3556
f 3738 3556 3564
f 3564 3595 3738
f 3738 3595 3655
f 3738 3655 3657
f 4483 4481 4374
f 4374 4481 4422
f 4374 4422 4121
f 4121 4422 4231
f 4121 4231 4100
f 4100 4231 4099
f 4100 4099 4003
f 4419 4421 4147
f 3527 3456 3451
f 3451 3431 3527
f 3527 3431 3426
f 3527 3426 3423
f 3423 3413 3527
f 3527 3413 3410
f 3527 3410 3408
f 4419 4147 4021
f 4021 4147 3787
f 4021 3787 3527
f 3527 3787 3645
f 3527 3645 3561
f 3561 3560 3527
f 3527 3560 3520
f 3527 3520 3456
f 4419 4476 4421
f 4421 4476 4478
f 4460 4462 4455
f 4460 4455 4445
f 4445 4455 4440
f 4445 4440 4441
f 4441 4440 4427
f 4427 4440 4425
f 4427 4425 4423
f 4449 4442 4434
f 4434 4442 4429
f 4434 4429 4423
f 4423 4429 4426
f 4423 4426 4427
f 4434 4448 4449
f 4449 4448 4450
f 4449 4450 4458
f 4458 4450 4467
f 4458 4467 4472
f 4472 4467 4478
f 4472 4478 4476
f 2864 2875 2905
f 2905 2875 2895
f 2905 2895 2939
f 2600 2601 2864
f 3116 3122 3004
f 3031 3017 2895
f 2895 3017 3005
f 2799 2815 2864
f 2864 2815 2837
f 2864 2837 2875
f 2975 3000 3137
f 3137 3000 3004
f 3137 3004 3132
f 3132 3004 3122
f 3154 2895 3150
f 3150 2895 3144
f 3154 3156 2895
f 2895 3156 3157
f 2895 3157 3155
f 3005 2983 2895
f 2895 2983 2948
f 2895 2948 2939
f 2822 2807 2602
f 2602 2807 2795
f 2602 2795 2605
f 2605 2795 2623
f 2600 2864 2590
f 2748 2767 2864
f 2864 2767 2788
f 2864 2788 2799
f 3144 2895 3137
f 3137 2895 2944
f 3137 2944 2975
f 3155 3151 2895
f 2895 3151 3147
f 2895 3147 3145
f 3145 3134 2895
f 2895 3134 3129
f 2895 3129 3124
f 2822 2602 2864
f 2864 2602 2597
f 2864 2597 2592
f 3116 3004 3101
f 3101 3004 3023
f 3101 3023 3036
f 3065 3048 2895
f 2895 3048 3046
f 2895 3046 3031
f 2664 2754 2752
f 2664 2655 2754
f 2754 2655 2645
f 2754 2645 2785
f 2785 2645 2795
f 2795 2645 2635
f 2795 2635 2623
f 2592 2587 2864
f 2864 2587 2588
f 2864 2588 2590
f 2601 2606 2864
f 2864 2606 2620
f 2864 2620 2624
f 3077 3078 3099
f 3088 3075 2895
f 2895 3075 3067
f 2895 3067 3065
f 3124 3114 2895
f 2895 3114 3096
f 2895 3096 3088
f 2723 2695 2691
f 3036 3045 3101
f 3101 3045 3055
f 3101 3055 3099
f 3099 3055 3058
f 3099 3058 3077
f 2752 2725 2664
f 2664 2725 2723
f 2664 2723 2672
f 2672 2723 2691
f 2624 2638 2864
f 2864 2638 2649
f 2864 2649 2659
f 2659 2669 2864
f 2864 2669 2681
f 2864 2681 2694
f 2694 2715 2864
f 2864 2715 2739
f 2864 2739 2748
f 3224 3223 3194
f 2590 2588 2608
f 3210 3243 3212
f 3212 3243 3246
f 3212 3246 3216
f 3216 3246 3251
f 3216 3251 3219
f 3219 3251 3253
f 3219 3253 3224
f 3224 3253 3255
f 3224 3255 3223
f 3204 3237 3210
f 3210 3237 3239
f 3210 3239 3243
f 3201 3233 3204
f 3204 3233 3236
f 3204 3236 3237
f 3195 3229 3201
f 3201 3229 3232
f 3201 3232 3233
f 3182 3221 3195
f 3195 3221 3227
f 3195 3227 3229
f 3173 3208 3182
f 3182 3208 3215
f 3182 3215 3221
f 3159 3200 3173
f 3173 3200 3205
f 3173 3205 3208
f 3015 3158 3062
f 3062 3158 3174
f 3062 3174 3086
f 3086 3174 3184
f 3086 3184 3123
f 3123 3184 3191
f 3123 3191 3159
f 3159 3191 3197
f 3159 3197 3200
f 2922 2998 2938
f 2938 2998 3020
f 2938 3020 2956
f 2956 3020 3044
f 2956 3044 2974
f 2974 3044 3050
f 2974 3050 3015
f 3015 3050 3087
f 3015 3087 3158
f 2894 2967 2922
f 2922 2967 2977
f 2922 2977 2998
f 2811 2898 2820
f 2820 2898 2912
f 2820 2912 2825
f 2825 2912 2923
f 2825 2923 2832
f 2832 2923 2932
f 2832 2932 2841
f 2841 2932 2936
f 2841 2936 2856
f 2856 2936 2946
f 2856 2946 2872
f 2872 2946 2949
f 2872 2949 2894
f 2894 2949 2959
f 2894 2959 2967
f 2805 2886 2811
f 2811 2886 2892
f 2811 2892 2898
f 2797 2874 2805
f 2805 2874 2882
f 2805 2882 2886
f 2844 2846 2773
f 2773 2846 2851
f 2773 2851 2777
f 2777 2851 2857
f 2777 2857 2787
f 2787 2857 2861
f 2787 2861 2797
f 2797 2861 2866
f 2797 2866 2874
f 2608 2613 2590
f 2590 2613 2621
f 2590 2621 2600
f 2600 2621 2601
f 2601 2621 2630
f 2601 2630 2606
f 2606 2630 2620
f 2620 2630 2644
f 2620 2644 2624
f 2624 2644 2658
f 2624 2658 2638
f 2638 2658 2667
f 2638 2667 2649
f 2649 2667 2677
f 2649 2677 2659
f 2659 2677 2688
f 2659 2688 2669
f 2669 2688 2702
f 2669 2702 2681
f 2681 2702 2717
f 2681 2717 2694
f 2694 2717 2733
f 2694 2733 2715
f 2715 2733 2759
f 2715 2759 2739
f 2739 2759 2748
f 2748 2759 2791
f 2748 2791 2767
f 2767 2791 2788
f 2788 2791 2810
f 2788 2810 2799
f 2799 2810 2829
f 2799 2829 2815
f 2815 2829 2858
f 2815 2858 2837
f 2837 2858 2875
f 2875 2858 2914
f 2875 2914 2895
f 2895 2914 2952
f 2895 2952 2944
f 2944 2952 2970
f 2944 2970 2975
f 3004 3000 3011
f 3011 3000 2975
f 3011 2975 2991
f 2991 2975 2970
f 3004 3011 3023
f 3023 3011 3038
f 3023 3038 3036
f 3036 3038 3056
f 3036 3056 3045
f 3045 3056 3055
f 3055 3056 3076
f 3055 3076 3058
f 3058 3076 3077
f 3077 3076 3100
f 3077 3100 3078
f 3078 3100 3121
f 3078 3121 3099
f 3153 3122 3138
f 3138 3122 3116
f 3138 3116 3121
f 3121 3116 3101
f 3121 3101 3099
f 3156 3154 3169
f 3169 3154 3150
f 3169 3150 3166
f 3166 3150 3144
f 3166 3144 3162
f 3162 3144 3137
f 3162 3137 3153
f 3153 3137 3132
f 3153 3132 3122
f 2588 2587 2608
f 2608 2587 2607
f 2608 2607 2676
f 3157 3156 3170
f 3170 3156 3169
f 3170 3169 3193
f 3193 3169 3166
f 3193 3166 3190
f 3190 3166 3162
f 3190 3162 3186
f 3186 3162 3153
f 3186 3153 3181
f 3181 3153 3138
f 3181 3138 3179
f 3179 3138 3121
f 3179 3121 3175
f 3175 3121 3100
f 3175 3100 3165
f 3165 3100 3076
f 3165 3076 3149
f 3149 3076 3056
f 3149 3056 3117
f 3117 3056 3038
f 3117 3038 3085
f 3085 3038 3011
f 3085 3011 3060
f 3060 3011 2991
f 3060 2991 3039
f 3039 2991 2970
f 3039 2970 3014
f 3014 2970 2952
f 3014 2952 2992
f 2992 2952 2914
f 2992 2914 2953
f 2953 2914 2858
f 2953 2858 2915
f 2915 2858 2829
f 2915 2829 2889
f 2889 2829 2810
f 2889 2810 2863
f 2863 2810 2791
f 2863 2791 2830
f 2830 2791 2759
f 2830 2759 2812
f 2812 2759 2733
f 2812 2733 2798
f 2798 2733 2717
f 2798 2717 2783
f 2783 2717 2702
f 2783 2702 2766
f 2766 2702 2688
f 2766 2688 2755
f 2755 2688 2677
f 2755 2677 2745
f 2745 2677 2667
f 2745 2667 2736
f 2736 2667 2658
f 2736 2658 2728
f 2728 2658 2644
f 2728 2644 2712
f 2712 2644 2630
f 2712 2630 2696
f 2696 2630 2621
f 2696 2621 2686
f 2686 2621 2613
f 2686 2613 2680
f 2680 2613 2608
f 2680 2608 2678
f 2678 2608 2676
f 2678 2676 2771
f 2845 2844 2771
f 2771 2844 2773
f 2771 2773 2678
f 2678 2773 2777
f 2678 2777 2680
f 2680 2777 2787
f 2680 2787 2686
f 2686 2787 2797
f 2686 2797 2696
f 2696 2797 2805
f 2696 2805 2712
f 2712 2805 2811
f 2712 2811 2728
f 2728 2811 2820
f 2728 2820 2736
f 2736 2820 2825
f 2736 2825 2745
f 2745 2825 2832
f 2745 2832 2755
f 2755 2832 2841
f 2755 2841 2766
f 2766 2841 2856
f 2766 2856 2783
f 2783 2856 2872
f 2783 2872 2798
f 2798 2872 2894
f 2798 2894 2812
f 2812 2894 2922
f 2812 2922 2830
f 2830 2922 2938
f 2830 2938 2863
f 2863 2938 2956
f 2863 2956 2889
f 2889 2956 2974
f 2889 2974 2915
f 2915 2974 3015
f 2915 3015 2953
f 2953 3015 3062
f 2953 3062 2992
f 2992 3062 3086
f 2992 3086 3014
f 3014 3086 3123
f 3014 3123 3039
f 3039 3123 3159
f 3039 3159 3060
f 3060 3159 3173
f 3060 3173 3085
f 3085 3173 3182
f 3085 3182 3117
f 3117 3182 3195
f 3117 3195 3149
f 3149 3195 3201
f 3149 3201 3165
f 3165 3201 3204
f 3165 3204 3175
f 3175 3204 3210
f 3175 3210 3179
f 3179 3210 3212
f 3179 3212 3181
f 3181 3212 3216
f 3181 3216 3186
f 3186 3216 3219
f 3186 3219 3190
f 3190 3219 3224
f 3190 3224 3193
f 3193 3224 3194
f 3193 3194 3170
f 4961 4954 4734
f 4938 4942 4734
f 4938 4734 4907
f 4942 4966 4734
f 4734 4966 4971
f 4734 4971 4974
f 4734 4987 4984
f 4974 4985 4734
f 4734 4985 4989
f 4734 4989 4987
f 4816 4825 4734
f 4734 4825 4845
f 4984 4975 4734
f 4734 4975 4965
f 4734 4965 4961
f 4734 4766 4771
f 4845 4864 4734
f 4734 4864 4902
f 4734 4902 4907
f 4771 4791 4734
f 4734 4791 4803
f 4734 4803 4816
f 4837 4656 4661
f 4734 4954 4708
f 4708 4954 4929
f 4708 4929 4704
f 4704 4929 4920
f 4704 4920 4688
f 4688 4920 4896
f 4688 4896 4666
f 4666 4896 4661
f 4661 4896 4872
f 4661 4872 4837
f 4656 4837 4617
f 4617 4837 4833
f 4617 4833 4609
f 4833 4780 4609
f 4609 4780 4755
f 4609 4755 4602
f 4602 4755 4726
f 4602 4726 4578
f 4726 4674 4578
f 4578 4674 4636
f 4578 4636 4556
f 4556 4636 4630
f 4556 4630 4543
f 4543 4630 4581
f 3488 3396 3490
f 3490 3396 3397
f 3490 3397 3489
f 3766 3661 3787
f 3787 3661 3645
f 3645 3661 3561
f 3561 3661 3590
f 3561 3590 3560
f 3590 3581 3560
f 3560 3581 3547
f 3560 3547 3520
f 3520 3547 3507
f 3520 3507 3456
f 3507 3482 3456
f 3456 3482 3444
f 3456 3444 3451
f 3451 3444 3438
f 3451 3438 3431
f 3438 3427 3431
f 3431 3427 3420
f 3431 3420 3426
f 3426 3420 3417
f 3426 3417 3423
f 3423 3417 3407
f 3423 3407 3413
f 3407 3400 3413
f 3413 3400 3399
f 3413 3399 3410
f 3410 3399 3398
f 3410 3398 3408
f 3398 3396 3408
f 3408 3396 3488
f 3408 3488 3462
f 3462 3488 3495
f 3462 3495 3469
f 3469 3495 3505
f 3469 3505 3470
f 3470 3505 3519
f 3470 3519 3499
f 3499 3519 3535
f 3499 3535 3524
f 3524 3535 3539
f 3524 3539 3533
f 3533 3539 3567
f 3533 3567 3556
f 3556 3567 3586
f 3556 3586 3564
f 3586 3587 3564
f 3564 3587 3619
f 3564 3619 3595
f 3595 3619 3672
f 3595 3672 3655
f 3655 3672 3657
f 3672 3680 3657
f 3657 3680 3796
f 3657 3796 3743
f 3743 3796 3838
f 3743 3838 3866
f 3866 3838 3892
f 3866 3892 3886
f 4580 4542 4478
f 4580 4517 4483
f 3766 3787 4256
f 4256 3787 4147
f 4256 4147 4542
f 4542 4147 4421
f 4542 4421 4478
f 4580 4483 4371
f 4425 4440 4478
f 4478 4440 4455
f 4478 4455 4580
f 4580 4455 4462
f 4483 4374 4371
f 4371 4374 4121
f 4371 4121 3892
f 3892 4121 4100
f 3892 4100 3886
f 4502 4509 4517
f 4448 4478 4450
f 4450 4478 4467
f 4448 4434 4478
f 4478 4434 4423
f 4478 4423 4425
f 4462 4484 4580
f 4580 4484 4491
f 4580 4491 4517
f 4517 4491 4499
f 4517 4499 4502
f 4542 4580 4664
f 4542 4664 4564
f 4564 4664 4706
f 4564 4706 4582
f 4582 4706 4731
f 4582 4731 4765
f 4799 4635 4765
f 4765 4635 4629
f 4629 4618 4765
f 4765 4618 4601
f 4765 4601 4582
f 4799 4831 4635
f 4635 4831 4855
f 4635 4855 4665
f 4665 4855 4681
f 4855 4895 4681
f 4681 4895 4900
f 4681 4900 4687
f 4687 4900 4915
f 4687 4915 4705
f 4705 4915 4718
f 4952 4733 4951
f 4951 4733 4718
f 4951 4718 4937
f 4937 4718 4915
f 4953 4936 4733
f 4986 4976 4733
f 4733 4976 4968
f 4733 4968 4953
f 4897 4776 4762
f 4936 4919 4733
f 4733 4919 4897
f 4733 4897 4752
f 4752 4897 4762
f 4733 4952 4970
f 4897 4868 4776
f 4776 4868 4839
f 4776 4839 4788
f 4788 4839 4814
f 4970 4981 4733
f 4733 4981 4988
f 4733 4988 4986
f 3788 3765 4148
f 4148 3765 4258
f 4148 4258 4420
f 4420 4258 4543
f 4420 4543 4477
f 4477 4543 4581
f 4477 4581 4516
f 3891 3887 4057
f 4446 4438 4477
f 3891 4057 4372
f 4446 4477 4457
f 4057 4131 4372
f 4372 4131 4299
f 4372 4299 4581
f 4581 4299 4482
f 4581 4482 4516
f 4438 4433 4477
f 4477 4433 4424
f 4477 4424 4430
f 4489 4485 4516
f 4516 4485 4468
f 4516 4468 4477
f 4477 4468 4461
f 4477 4461 4457
f 4430 4443 4477
f 4477 4443 4451
f 4477 4451 4464
f 4512 4495 4516
f 4516 4495 4492
f 4516 4492 4489
f 4510 4506 4512
f 4512 4506 4501
f 4512 4501 4495
f 3412 3409 3397
f 3397 3409 3489
f 3489 3409 3463
f 3489 3463 3492
f 3463 3464 3492
f 3492 3464 3465
f 3492 3465 3496
f 3496 3465 3478
f 3559 3568 3544
f 3544 3568 3552
f 3544 3552 3534
f 3534 3552 3550
f 3534 3550 3508
f 3508 3550 3537
f 3508 3537 3498
f 3498 3537 3526
f 3498 3526 3478
f 3478 3526 3522
f 3478 3522 3496
f 3625 3621 3559
f 3559 3621 3611
f 3559 3611 3568
f 3559 3598 3625
f 3625 3598 3607
f 3625 3607 3704
f 3704 3607 3729
f 3607 3662 3729
f 3729 3662 3739
f 3729 3739 3891
f 3891 3739 3753
f 3891 3753 3887
f 3397 3401 3412
f 3412 3401 3406
f 3412 3406 3421
f 3421 3406 3411
f 3421 3411 3430
f 3430 3411 3422
f 3430 3422 3443
f 3443 3422 3432
f 3443 3432 3437
f 3437 3452 3443
f 3443 3452 3506
f 3443 3506 3449
f 3449 3506 3509
f 3509 3506 3521
f 3509 3521 3528
f 3528 3521 3551
f 3528 3551 3553
f 3553 3551 3606
f 3553 3606 3622
f 3606 3660 3622
f 3622 3660 3700
f 3622 3700 3755
f 3755 3700 3765
f 3755 3765 3788
f 3501 3336 3334
f 3935 3967 3946
f 4395 4368 4417
f 4869 4867 4473
f 3251 3296 3298
f 2946 2936 3257
f 3256 2932 2923
f 3305 2846 3303
f 3303 2846 2844
f 3303 2844 3279
f 3307 2857 3305
f 3305 2857 2851
f 3305 2851 2846
f 3309 2866 3307
f 3307 2866 2861
f 3307 2861 2857
f 3314 2892 3313
f 3313 2892 2886
f 3313 2886 3311
f 3311 2886 2882
f 3311 2882 3309
f 3309 2882 2874
f 3309 2874 2866
f 2898 3316 2912
f 2912 3316 3318
f 2912 3318 2923
f 2923 3318 3320
f 2923 3320 3256
f 3256 3320 3257
f 3256 3257 2932
f 2932 3257 2936
f 3264 2998 3262
f 3262 2998 2977
f 3262 2977 3260
f 3260 2977 2967
f 3260 2967 3259
f 3259 2967 2959
f 3259 2959 3258
f 3258 2959 2949
f 3268 3050 3266
f 3266 3050 3044
f 3266 3044 3264
f 3264 3044 3020
f 3264 3020 2998
f 3087 3270 3158
f 3158 3270 3272
f 3158 3272 3174
f 3174 3272 3184
f 3184 3272 3274
f 3184 3274 3191
f 3191 3274 3197
f 3197 3274 3276
f 3197 3276 3200
f 3200 3276 3205
f 3205 3276 3277
f 3205 3277 3208
f 3208 3277 3215
f 3215 3277 3280
f 3215 3280 3221
f 3221 3280 3227
f 3227 3280 3282
f 3227 3282 3229
f 3229 3282 3232
f 3232 3282 3285
f 3232 3285 3233
f 3233 3285 3236
f 3236 3285 3288
f 3236 3288 3237
f 3237 3288 3290
f 3237 3290 3239
f 3239 3290 3292
f 3239 3292 3243
f 3251 3298 3253
f 3253 3298 3300
f 3253 3300 3255
f 3447 3301 3445
f 3445 3301 3366
f 3363 3455 3366
f 3366 3455 3450
f 3366 3450 3445
f 3548 3542 3361
f 3361 3542 3493
f 3361 3493 3363
f 3363 3493 3466
f 3363 3466 3455
f 3608 3616 3612
f 3612 3616 3734
f 4496 4504 4279
f 4279 4504 4388
f 4279 4388 3916
f 4647 4613 4504
f 4504 4613 4593
f 4504 4593 4388
f 4838 4820 4496
f 4496 4820 4779
f 4779 4774 4496
f 4496 4774 4720
f 4496 4720 4504
f 4504 4720 4711
f 4504 4711 4647
f 4875 4470 4879
f 4879 4470 4466
f 4879 4466 4884
f 4884 4466 4454
f 4884 4454 4880
f 4880 4454 4437
f 4880 4437 4873
f 4873 4437 4417
f 4873 4417 4858
f 4858 4417 4415
f 4858 4415 4852
f 4541 4815 4818
f 4815 4541 4805
f 4805 4541 4539
f 4805 4539 4790
f 4537 4773 4539
f 4539 4773 4787
f 4539 4787 4790
f 4537 4535 4773
f 4773 4535 4533
f 4773 4533 4756
f 4756 4533 4531
f 4756 4531 4730
f 4730 4531 4529
f 4730 4529 4707
f 4521 4659 4523
f 4523 4659 4671
f 4523 4671 4525
f 4525 4671 4679
f 4525 4679 4527
f 4527 4679 4690
f 4527 4690 4698
f 4614 4622 4521
f 4521 4622 4637
f 4521 4637 4659
f 4588 4614 4579
f 4579 4614 4521
f 4579 4521 4562
f 4562 4521 4519
f 4562 4519 4544
f 4544 4519 4263
f 3576 3629 3727
f 3425 3475 3307
f 3307 3475 3510
f 3307 3510 3309
f 3373 3375 3305
f 3305 3375 3380
f 3305 3380 3307
f 3307 3380 3387
f 3307 3387 3425
f 3373 3305 3370
f 3370 3305 3303
f 3370 3303 3368
f 3368 3303 3279
f 3368 3279 3367
f 3546 3649 3555
f 3555 3649 3654
f 3770 3717 3543
f 3543 3717 3681
f 3543 3681 3546
f 3546 3681 3653
f 3546 3653 3649
f 3770 3543 3831
f 3831 3543 3531
f 3831 3531 3894
f 3894 3531 3881
f 3894 3881 3974
f 4275 4221 4415
f 4415 4221 4413
f 4415 4413 4852
f 4852 4413 4826
f 4221 4156 4413
f 4413 4156 4101
f 4413 4101 3881
f 3881 4101 4028
f 3881 4028 3974
f 4417 4368 4415
f 4415 4368 4322
f 4415 4322 4275
f 4395 4417 4404
f 4404 4417 4437
f 4404 4437 4407
f 4407 4437 4402
f 4402 4437 4454
f 4402 4454 4400
f 4400 4454 4379
f 4379 4454 4466
f 4379 4466 4344
f 4065 4136 4235
f 4136 4169 4235
f 4235 4169 4206
f 4235 4206 4270
f 3967 3999 3946
f 3946 3999 4065
f 3946 4065 3953
f 3953 4065 4235
f 3953 4235 3964
f 3846 3577 3793
f 3793 3577 3563
f 3793 3563 3790
f 3654 3671 3555
f 3555 3671 3685
f 3555 3685 3563
f 3563 3685 3745
f 3563 3745 3790
f 3628 3328 3689
f 3689 3328 3326
f 3689 3326 3706
f 3706 3326 3751
f 4073 4035 3768
f 3768 4035 3968
f 3768 3968 3785
f 3785 3968 3889
f 3785 3889 3829
f 4269 4384 4318
f 4318 4384 4398
f 4318 4398 4350
f 4109 4375 4183
f 4183 4375 4384
f 4183 4384 4225
f 4225 4384 4269
f 4350 4398 4362
f 4362 4398 4403
f 4362 4403 4364
f 4364 4403 4406
f 4364 4406 4343
f 4343 4406 4316
f 4316 4406 4409
f 4316 4409 4277
f 3845 3981 4037
f 3845 4037 4411
f 4037 4108 4411
f 4411 4108 4168
f 4411 4168 4409
f 4409 4168 4224
f 4409 4224 4277
f 3501 3334 3845
f 3332 3646 3334
f 3334 3646 3686
f 3686 3749 3334
f 3334 3749 3823
f 3334 3823 3845
f 3845 3823 3893
f 3845 3893 3981
f 3628 3603 3328
f 3328 3603 3592
f 3328 3592 3330
f 3330 3592 3591
f 3330 3591 3332
f 3332 3591 3600
f 3332 3600 3646
f 3817 3734 3609
f 3609 3734 3616
f 3609 3616 3361
f 3361 3616 3608
f 3361 3608 3548
f 3301 3300 3366
f 3366 3300 3298
f 3366 3298 3363
f 3363 3298 3296
f 3363 3296 3361
f 3846 3935 3577
f 3577 3935 3946
f 3577 3946 3588
f 3588 3946 3953
f 3588 3953 3593
f 3593 3953 3964
f 3593 3964 3596
f 3338 3531 3340
f 3340 3531 3543
f 3340 3543 3342
f 3342 3543 3546
f 3342 3546 3344
f 3344 3546 3555
f 3344 3555 3346
f 3346 3555 3563
f 3346 3563 3347
f 3347 3563 3577
f 3347 3577 3349
f 3349 3577 3588
f 3349 3588 3352
f 3352 3588 3593
f 3352 3593 3355
f 3355 3593 3596
f 3355 3596 3357
f 3270 3338 3272
f 3272 3338 3340
f 3272 3340 3274
f 3274 3340 3342
f 3274 3342 3276
f 3276 3342 3344
f 3276 3344 3277
f 3277 3344 3346
f 3277 3346 3280
f 3280 3346 3347
f 3280 3347 3282
f 3282 3347 3349
f 3282 3349 3285
f 3285 3349 3352
f 3285 3352 3288
f 3288 3352 3355
f 3288 3355 3290
f 3290 3355 3357
f 3290 3357 3292
f 3510 3576 3309
f 3309 3576 3727
f 3309 3727 3311
f 3311 3727 3733
f 3311 3733 3313
f 3313 3733 3742
f 3313 3742 3314
f 3314 3742 3748
f 3829 3751 3785
f 3785 3751 3326
f 3785 3326 3768
f 3768 3326 3323
f 3768 3323 3760
f 3258 3323 3259
f 3259 3323 3326
f 3259 3326 3260
f 3260 3326 3328
f 3260 3328 3262
f 3262 3328 3330
f 3262 3330 3264
f 3264 3330 3332
f 3264 3332 3266
f 3266 3332 3334
f 3266 3334 3268
f 3268 3334 3336
f 2949 2946 3258
f 3258 2946 3257
f 3258 3257 3323
f 3323 3257 3320
f 3323 3320 3760
f 3760 3320 3318
f 3760 3318 3748
f 3748 3318 3316
f 3748 3316 3314
f 3314 3316 2898
f 3314 2898 2892
f 4375 4529 4384
f 4384 4529 4531
f 4384 4531 4398
f 4398 4531 4533
f 4398 4533 4403
f 4403 4533 4535
f 4403 4535 4406
f 4406 4535 4537
f 4406 4537 4409
f 4409 4537 4539
f 4409 4539 4411
f 4411 4539 4541
f 4411 4541 4826
f 4826 4541 4818
f 4527 4367 4525
f 4525 4367 4353
f 4525 4353 4523
f 4523 4353 4342
f 4523 4342 4521
f 4521 4342 4334
f 4521 4334 4519
f 4519 4334 4331
f 4519 4331 4263
f 3776 4263 4045
f 4045 4263 4331
f 4045 4331 4052
f 4052 4331 4334
f 4052 4334 4058
f 4058 4334 4342
f 4058 4342 4069
f 4069 4342 4353
f 4069 4353 4075
f 4075 4353 4367
f 4075 4367 4375
f 4375 4367 4527
f 4375 4527 4529
f 4529 4527 4698
f 4529 4698 4707
f 3629 3776 3727
f 3727 3776 4045
f 3727 4045 3733
f 3733 4045 4052
f 3733 4052 3742
f 3742 4052 4058
f 3742 4058 3748
f 3748 4058 4069
f 3748 4069 3760
f 3760 4069 4075
f 3760 4075 3768
f 3768 4075 4375
f 3768 4375 4073
f 4073 4375 4109
f 3916 3993 4279
f 4279 3993 4272
f 4279 4272 4496
f 4496 4272 4486
f 4496 4486 4838
f 4838 4486 4854
f 4867 4854 4473
f 4473 4854 4486
f 4473 4486 4250
f 4250 4486 4272
f 4250 4272 3990
f 3990 4272 3993
f 3990 3993 3609
f 3609 3993 3916
f 3609 3916 3817
f 3251 3246 3296
f 3296 3246 3294
f 3296 3294 3361
f 3361 3294 3359
f 3361 3359 3609
f 3609 3359 3604
f 3609 3604 3990
f 3990 3604 3972
f 3990 3972 4250
f 4250 3972 4245
f 4250 4245 4473
f 4473 4245 4470
f 4473 4470 4869
f 4869 4470 4875
f 3246 3243 3294
f 3294 3243 3292
f 3294 3292 3359
f 3359 3292 3357
f 3359 3357 3604
f 3604 3357 3596
f 3604 3596 3972
f 3972 3596 3964
f 3972 3964 4245
f 4245 3964 4235
f 4245 4235 4470
f 4470 4235 4270
f 4470 4270 4466
f 4466 4270 4278
f 4466 4278 4344
f 4826 4413 4411
f 4411 4413 3881
f 4411 3881 3845
f 3845 3881 3531
f 3845 3531 3501
f 3501 3531 3338
f 3501 3338 3336
f 3336 3338 3270
f 3336 3270 3268
f 3268 3270 3087
f 3268 3087 3050
f 4721 4712 4724
f 4703 4693 4660
f 4811 4835 4825
f 4825 4816 4811
f 4811 4816 4803
f 4811 4803 4784
f 4784 4803 4791
f 4784 4791 4775
f 4775 4791 4771
f 4775 4771 4761
f 4761 4771 4766
f 4761 4766 4746
f 4746 4766 4734
f 4746 4734 4728
f 4767 4732 4744
f 4767 4744 4786
f 4744 4759 4786
f 4786 4759 4764
f 4786 4764 4807
f 4856 4911 4866
f 4866 4911 4908
f 4866 4908 4871
f 4871 4908 4917
f 4924 4926 4885
f 4885 4926 4882
f 4885 4883 4924
f 4924 4883 4877
f 4924 4877 4917
f 4917 4877 4874
f 4917 4874 4871
f 4861 4822 4888
f 4888 4822 4834
f 4888 4834 4901
f 4921 4876 4926
f 4926 4876 4878
f 4926 4878 4882
f 4834 4851 4901
f 4901 4851 4853
f 4901 4853 4909
f 4909 4853 4857
f 4909 4857 4921
f 4921 4857 4870
f 4921 4870 4876
f 4712 4693 4724
f 4724 4693 4703
f 4724 4703 4740
f 4740 4703 4714
f 4740 4714 4758
f 4758 4714 4725
f 4758 4725 4770
f 4770 4725 4739
f 4770 4739 4793
f 4793 4739 4767
f 4793 4767 4817
f 4817 4767 4786
f 4817 4786 4836
f 4836 4786 4807
f 4836 4807 4863
f 4863 4807 4824
f 4863 4824 4892
f 4892 4824 4846
f 4892 4846 4906
f 4906 4846 4861
f 4906 4861 4927
f 4927 4861 4888
f 4927 4888 4939
f 4939 4888 4901
f 4939 4901 4948
f 4948 4901 4909
f 4948 4909 4955
f 4955 4909 4921
f 4955 4921 4959
f 4959 4921 4926
f 4959 4926 4958
f 4958 4926 4924
f 4958 4924 4949
f 4949 4924 4917
f 4949 4917 4941
f 4941 4917 4908
f 4941 4908 4932
f 4932 4908 4911
f 4962 4943 4954
f 4954 4961 4962
f 4962 4961 4965
f 4962 4965 4969
f 4969 4965 4975
f 4969 4975 4978
f 4975 4984 4978
f 4978 4984 4987
f 4978 4987 4983
f 4983 4987 4989
f 4983 4989 4979
f 4979 4989 4985
f 4979 4985 4972
f 4985 4974 4972
f 4972 4974 4971
f 4972 4971 4963
f 4963 4971 4966
f 4963 4966 4946
f 4946 4966 4942
f 4946 4942 4933
f 4933 4942 4938
f 4933 4938 4914
f 4914 4938 4907
f 4914 4907 4894
f 4894 4907 4902
f 4894 4902 4865
f 4865 4902 4864
f 4865 4864 4835
f 4835 4864 4845
f 4835 4845 4825
f 4660 4670 4703
f 4703 4670 4673
f 4703 4673 4714
f 4714 4673 4685
f 4714 4685 4725
f 4725 4685 4710
f 4725 4710 4739
f 4739 4710 4717
f 4739 4717 4767
f 4767 4717 4729
f 4767 4729 4732
f 4764 4769 4807
f 4807 4769 4789
f 4807 4789 4824
f 4824 4789 4795
f 4824 4795 4846
f 4846 4795 4812
f 4846 4812 4861
f 4861 4812 4819
f 4861 4819 4822
f 4728 4721 4746
f 4746 4721 4724
f 4746 4724 4761
f 4761 4724 4740
f 4761 4740 4775
f 4775 4740 4758
f 4775 4758 4784
f 4784 4758 4770
f 4784 4770 4811
f 4811 4770 4793
f 4811 4793 4835
f 4835 4793 4817
f 4835 4817 4865
f 4865 4817 4836
f 4865 4836 4894
f 4894 4836 4863
f 4894 4863 4914
f 4914 4863 4892
f 4914 4892 4933
f 4933 4892 4906
f 4933 4906 4946
f 4946 4906 4927
f 4946 4927 4963
f 4963 4927 4939
f 4963 4939 4972
f 4972 4939 4948
f 4972 4948 4979
f 4979 4948 4955
f 4979 4955 4983
f 4983 4955 4959
f 4983 4959 4978
f 4978 4959 4958
f 4978 4958 4969
f 4969 4958 4949
f 4969 4949 4962
f 4962 4949 4941
f 4962 4941 4943
f 4943 4941 4932
f 4721 4728 4716
f 4556 4543 4549
f 4663 4656 4634
f 4634 4656 4617
f 4634 4617 4607
f 4607 4617 4609
f 4556 4575 4578
f 4578 4575 4607
f 4578 4607 4602
f 4602 4607 4609
f 4549 4561 4556
f 4556 4561 4576
f 4556 4576 4575
f 4575 4576 4608
f 4575 4608 4607
f 4607 4608 4633
f 4607 4633 4634
f 4634 4633 4658
f 4634 4658 4663
f 4616 4599 4590
f 4590 4599 4570
f 4590 4570 4568
f 4568 4570 4557
f 4568 4557 4554
f 4624 4616 4612
f 4612 4616 4590
f 4612 4590 4586
f 4586 4590 4568
f 4586 4568 4566
f 4566 4568 4554
f 4566 4554 4553
f 4557 4551 4554
f 4554 4551 4550
f 4554 4550 4553
f 4553 4550 4546
f 4553 4546 4566
f 4566 4546 4563
f 4566 4563 4586
f 4586 4563 4577
f 4586 4577 4612
f 4612 4577 4600
f 4612 4600 4624
f 4624 4600 4610
f 4624 4610 4646
f 4668 4696 4646
f 4646 4696 4672
f 4646 4672 4624
f 4624 4672 4642
f 4624 4642 4616
f 4616 4642 4621
f 4616 4621 4599
f 4708 4704 4683
f 4683 4704 4688
f 4683 4688 4658
f 4658 4688 4666
f 4658 4666 4663
f 4663 4666 4661
f 4663 4661 4656
f 4721 4696 4712
f 4712 4696 4668
f 4712 4668 4693
f 4660 4693 4640
f 4640 4693 4668
f 4640 4668 4628
f 4628 4668 4646
f 4628 4646 4619
f 4619 4646 4610
f 4549 4560 4561
f 4561 4560 4574
f 4561 4574 4576
f 4576 4574 4604
f 4576 4604 4608
f 4608 4604 4627
f 4608 4627 4633
f 4633 4627 4655
f 4633 4655 4658
f 4658 4655 4676
f 4658 4676 4683
f 4683 4676 4716
f 4683 4716 4708
f 4708 4716 4728
f 4708 4728 4734
f 4721 4716 4696
f 4696 4716 4676
f 4696 4676 4672
f 4672 4676 4655
f 4672 4655 4642
f 4642 4655 4627
f 4642 4627 4621
f 4621 4627 4604
f 4621 4604 4599
f 4599 4604 4574
f 4599 4574 4570
f 4570 4574 4560
f 4570 4560 4557
f 4557 4560 4549
f 4557 4549 4551
f 4747 4750 4797
f 4699 4691 4651
f 4929 4954 4935
f 4935 4954 4943
f 4935 4943 4932
f 4598 4592 4651
f 4651 4592 4650
f 4651 4650 4699
f 4699 4650 4697
f 4737 4747 4777
f 4777 4747 4797
f 4777 4797 4810
f 4594 4598 4625
f 4625 4598 4651
f 4625 4651 4648
f 4648 4651 4691
f 4648 4691 4719
f 4677 4630 4636
f 4592 4584 4644
f 4636 4674 4677
f 4677 4674 4726
f 4677 4726 4735
f 4735 4726 4755
f 4735 4755 4794
f 4581 4630 4639
f 4639 4630 4677
f 4639 4677 4684
f 4684 4677 4735
f 4684 4735 4743
f 4743 4735 4794
f 4743 4794 4800
f 4800 4794 4844
f 4800 4844 4848
f 4755 4780 4794
f 4794 4780 4833
f 4794 4833 4844
f 4844 4833 4837
f 4844 4837 4848
f 4848 4837 4872
f 4848 4872 4898
f 4898 4872 4896
f 4898 4896 4920
f 4920 4929 4898
f 4898 4929 4935
f 4898 4935 4918
f 4918 4935 4932
f 4918 4932 4890
f 4890 4932 4911
f 4890 4911 4856
f 4829 4823 4850
f 4850 4823 4810
f 4850 4810 4828
f 4828 4810 4797
f 4697 4750 4699
f 4699 4750 4747
f 4699 4747 4691
f 4691 4747 4737
f 4691 4737 4719
f 4719 4737 4777
f 4719 4777 4781
f 4781 4777 4810
f 4781 4810 4785
f 4785 4810 4823
f 4592 4644 4650
f 4650 4644 4689
f 4650 4689 4697
f 4697 4689 4749
f 4697 4749 4750
f 4750 4749 4801
f 4750 4801 4797
f 4797 4801 4841
f 4797 4841 4828
f 4828 4841 4881
f 4828 4881 4850
f 4856 4829 4890
f 4890 4829 4850
f 4890 4850 4918
f 4918 4850 4881
f 4918 4881 4898
f 4898 4881 4841
f 4898 4841 4848
f 4848 4841 4801
f 4848 4801 4800
f 4800 4801 4749
f 4800 4749 4743
f 4743 4749 4689
f 4743 4689 4684
f 4684 4689 4644
f 4684 4644 4639
f 4639 4644 4584
f 4639 4584 4581
f 4264 4255 3775
f 3775 4255 3777
f 4254 4253 3773
f 3773 4253 4251
f 3773 4251 3771
f 3771 4251 4258
f 3771 4258 3765
f 4264 4327 4255
f 4255 4327 4513
f 4255 4513 4550
f 4550 4513 4518
f 4550 4518 4546
f 4543 4258 4549
f 4549 4258 4251
f 4549 4251 4551
f 4551 4251 4253
f 4551 4253 4550
f 4550 4253 4254
f 4550 4254 4255
f 4255 4254 3773
f 4255 3773 3777
f 4598 4594 4389
f 3891 4372 4381
f 4385 3909 4381
f 4381 3909 3899
f 4381 3899 3891
f 4394 3919 4392
f 4392 3919 3915
f 4392 3915 4385
f 4385 3915 3910
f 4385 3910 3909
f 3917 3919 4389
f 4389 3919 4394
f 4389 4394 4598
f 4598 4394 4392
f 4598 4392 4592
f 4592 4392 4385
f 4592 4385 4584
f 4584 4385 4381
f 4584 4381 4581
f 4581 4381 4372
f 3484 3429 3424
f 3700 3660 3665
f 3606 3551 3583
f 3411 3406 3403
f 3403 3406 3401
f 3403 3401 3394
f 3394 3401 3397
f 3394 3397 3391
f 3521 3506 3513
f 3513 3506 3452
f 3513 3452 3442
f 3442 3452 3437
f 3442 3437 3432
f 3700 3665 3765
f 3765 3665 3771
f 3771 3665 3670
f 3771 3670 3773
f 3775 3777 3667
f 3424 3429 3389
f 3389 3429 3405
f 3389 3405 3388
f 3384 3377 3386
f 3386 3377 3379
f 3386 3379 3393
f 3393 3379 3381
f 3393 3381 3415
f 3777 3773 3667
f 3667 3773 3670
f 3667 3670 3580
f 3580 3585 3484
f 3484 3585 3503
f 3484 3503 3429
f 3429 3503 3434
f 3429 3434 3405
f 3418 3436 3440
f 3440 3436 3511
f 3440 3511 3517
f 3411 3403 3422
f 3422 3403 3418
f 3422 3418 3432
f 3432 3418 3440
f 3432 3440 3442
f 3442 3440 3517
f 3442 3517 3513
f 3580 3670 3585
f 3585 3670 3665
f 3585 3665 3583
f 3583 3665 3660
f 3583 3660 3606
f 3377 3369 3379
f 3379 3369 3371
f 3379 3371 3381
f 3381 3371 3372
f 3381 3372 3374
f 3391 3384 3394
f 3394 3384 3386
f 3394 3386 3403
f 3403 3386 3393
f 3403 3393 3418
f 3418 3393 3415
f 3418 3415 3436
f 3424 3474 3484
f 3484 3474 3502
f 3484 3502 3580
f 3580 3502 3575
f 3580 3575 3667
f 3667 3575 3599
f 3667 3599 3775
f 3374 3388 3381
f 3381 3388 3405
f 3381 3405 3415
f 3415 3405 3434
f 3415 3434 3436
f 3436 3434 3503
f 3436 3503 3511
f 3511 3503 3585
f 3511 3585 3517
f 3517 3585 3583
f 3517 3583 3513
f 3513 3583 3551
f 3513 3551 3521
f 3492 3496 3485
f 3740 3709 3719
f 3573 3571 3627
f 3627 3621 3625
f 3569 3573 3631
f 3631 3573 3627
f 3631 3627 3711
f 3711 3627 3625
f 3711 3810 3818
f 3625 3704 3711
f 3711 3704 3729
f 3711 3729 3810
f 3810 3729 3891
f 3569 3631 3635
f 3635 3631 3711
f 3635 3711 3721
f 3721 3711 3818
f 3721 3818 3820
f 3818 3910 3915
f 3467 3454 3453
f 3453 3448 3460
f 3525 3532 3557
f 3557 3532 3565
f 3557 3565 3623
f 3623 3565 3633
f 3623 3633 3719
f 3492 3485 3489
f 3489 3485 3481
f 3481 3485 3476
f 3481 3476 3472
f 3472 3476 3460
f 3472 3460 3458
f 3458 3460 3448
f 3458 3448 3446
f 3514 3522 3526
f 3526 3538 3514
f 3514 3538 3532
f 3514 3532 3491
f 3491 3532 3525
f 3491 3525 3467
f 3467 3525 3479
f 3467 3479 3454
f 3537 3550 3573
f 3573 3550 3552
f 3573 3552 3571
f 3571 3552 3568
f 3571 3568 3627
f 3627 3568 3611
f 3627 3611 3621
f 3453 3460 3467
f 3467 3460 3476
f 3467 3476 3491
f 3491 3476 3485
f 3491 3485 3514
f 3514 3485 3496
f 3514 3496 3522
f 3818 3915 3820
f 3820 3915 3920
f 3820 3920 3921
f 3891 3896 3810
f 3810 3896 3898
f 3810 3898 3818
f 3818 3898 3909
f 3818 3909 3910
f 3719 3709 3623
f 3623 3709 3613
f 3623 3613 3557
f 3557 3613 3549
f 3557 3549 3525
f 3525 3549 3497
f 3525 3497 3479
f 3526 3537 3538
f 3538 3537 3573
f 3538 3573 3532
f 3532 3573 3569
f 3532 3569 3565
f 3565 3569 3635
f 3565 3635 3633
f 3633 3635 3721
f 3633 3721 3719
f 3719 3721 3820
f 3719 3820 3740
f 3740 3820 3921
f 3740 3921 3917
f 3899 3896 3891
f 3917 3921 3919
f 3921 3920 3919
f 3919 3920 3915
f 3899 3909 3898
f 3899 3898 3896
f 3459 3447 3445
f 3480 3488 3490
f 3490 3483 3480
f 3480 3483 3473
f 3480 3473 3471
f 3471 3473 3459
f 3471 3459 3457
f 3457 3459 3445
f 3376 3368 3367
f 3391 3397 3396
f 3396 3390 3391
f 3391 3390 3383
f 3391 3383 3384
f 3384 3383 3376
f 3384 3376 3377
f 3377 3376 3367
f 3377 3367 3369
f 3458 3446 3447
f 3483 3490 3489
f 3489 3481 3483
f 3483 3481 3472
f 3483 3472 3473
f 3473 3472 3458
f 3473 3458 3459
f 3459 3458 3447
f 3796 3680 3710
f 3536 3516 3494
f 3572 3539 3540
f 3540 3539 3535
f 3540 3535 3519
f 3461 3494 3477
f 3477 3494 3516
f 3477 3516 3486
f 3542 3558 3493
f 3493 3558 3523
f 3493 3523 3466
f 3466 3523 3455
f 3922 3918 3821
f 3821 3918 3819
f 3821 3819 3718
f 3718 3819 3720
f 3718 3720 3624
f 3624 3720 3634
f 3624 3634 3558
f 3558 3634 3566
f 3558 3566 3523
f 3892 3838 3811
f 3918 3911 3819
f 3819 3911 3908
f 3819 3908 3811
f 3811 3908 3900
f 3811 3900 3892
f 3587 3586 3572
f 3572 3586 3567
f 3572 3567 3539
f 3587 3572 3619
f 3619 3572 3626
f 3619 3626 3672
f 3680 3672 3710
f 3710 3672 3626
f 3710 3626 3632
f 3632 3626 3572
f 3632 3572 3574
f 3574 3572 3540
f 3574 3540 3536
f 3536 3540 3519
f 3536 3519 3516
f 3516 3519 3505
f 3516 3505 3486
f 3486 3505 3495
f 3445 3450 3461
f 3461 3450 3468
f 3461 3468 3494
f 3494 3468 3530
f 3494 3530 3536
f 3536 3530 3570
f 3536 3570 3574
f 3574 3570 3637
f 3574 3637 3632
f 3632 3637 3715
f 3632 3715 3710
f 3445 3461 3457
f 3457 3461 3477
f 3457 3477 3471
f 3471 3477 3486
f 3471 3486 3480
f 3480 3486 3495
f 3480 3495 3488
f 3916 3922 3817
f 3817 3922 3821
f 3817 3821 3734
f 3734 3821 3718
f 3734 3718 3612
f 3612 3718 3624
f 3612 3624 3608
f 3608 3624 3558
f 3608 3558 3548
f 3548 3558 3542
f 3838 3796 3811
f 3811 3796 3710
f 3811 3710 3819
f 3819 3710 3715
f 3819 3715 3720
f 3720 3715 3637
f 3720 3637 3634
f 3634 3637 3570
f 3634 3570 3566
f 3566 3570 3530
f 3566 3530 3523
f 3523 3530 3468
f 3523 3468 3455
f 3455 3468 3450
f 3427 3438 3441
f 3400 3407 3402
f 3398 3399 3392
f 3373 3370 3378
f 3629 3576 3579
f 3438 3444 3441
f 3441 3444 3515
f 3441 3515 3439
f 3582 3581 3590
f 3435 3439 3518
f 3518 3439 3515
f 3518 3515 3582
f 3444 3482 3515
f 3515 3482 3507
f 3515 3507 3582
f 3582 3507 3547
f 3582 3547 3581
f 3669 3582 3666
f 3666 3582 3590
f 3666 3590 3661
f 3435 3518 3512
f 3512 3518 3582
f 3512 3582 3584
f 3584 3582 3669
f 3584 3669 3668
f 3579 3576 3487
f 3382 3375 3373
f 3404 3414 3428
f 3428 3414 3433
f 3428 3433 3487
f 3487 3433 3504
f 3487 3504 3579
f 3390 3396 3398
f 3398 3392 3390
f 3390 3392 3385
f 3390 3385 3383
f 3383 3385 3378
f 3383 3378 3376
f 3376 3378 3370
f 3376 3370 3368
f 3420 3419 3417
f 3417 3419 3416
f 3417 3416 3407
f 3407 3416 3402
f 3402 3416 3414
f 3402 3414 3395
f 3395 3414 3404
f 3395 3404 3382
f 3382 3404 3380
f 3382 3380 3375
f 3373 3378 3382
f 3382 3378 3385
f 3382 3385 3395
f 3395 3385 3392
f 3395 3392 3402
f 3402 3392 3399
f 3402 3399 3400
f 3776 3668 3778
f 3778 3668 3669
f 3778 3669 3774
f 3774 3669 3666
f 3774 3666 3772
f 3772 3666 3661
f 3772 3661 3766
f 3576 3510 3487
f 3487 3510 3475
f 3487 3475 3428
f 3428 3475 3425
f 3428 3425 3404
f 3404 3425 3387
f 3404 3387 3380
f 3420 3427 3419
f 3419 3427 3441
f 3419 3441 3416
f 3416 3441 3439
f 3416 3439 3414
f 3414 3439 3435
f 3414 3435 3433
f 3433 3435 3512
f 3433 3512 3504
f 3504 3512 3584
f 3504 3584 3579
f 3579 3584 3668
f 3579 3668 3629
f 3629 3668 3776
f 4544 4263 4547
f 4547 4263 4267
f 4547 4267 4265
f 4548 4262 4545
f 4545 4262 4261
f 4545 4261 4542
f 4542 4261 4256
f 4263 3776 4267
f 4267 3776 3778
f 4267 3778 4265
f 4265 3778 3774
f 3766 4256 3772
f 3772 4256 4261
f 3772 4261 3774
f 3774 4261 4262
f 3774 4262 4265
f 4265 4262 4548
f 4265 4548 4547
f 4371 3892 3900
f 4580 4371 4380
f 4371 3900 4380
f 4380 3900 3908
f 4380 3908 4382
f 4382 3908 3911
f 4382 3911 4386
f 4386 3911 3918
f 4386 3918 4391
f 4391 3918 3922
f 4391 3922 4393
f 4393 3922 3916
f 4393 3916 4388
f 4580 4380 4583
f 4583 4380 4382
f 4583 4382 4587
f 4587 4382 4386
f 4587 4386 4591
f 4591 4386 4391
f 4591 4391 4595
f 4595 4391 4393
f 4595 4393 4597
f 4597 4393 4388
f 4597 4388 4593
f 4951 4937 4934
f 4664 4580 4583
f 4843 4831 4796
f 4796 4831 4799
f 4799 4765 4796
f 4796 4765 4731
f 4796 4731 4741
f 4895 4855 4847
f 4741 4731 4678
f 4678 4731 4706
f 4678 4706 4664
f 4900 4895 4903
f 4903 4895 4847
f 4903 4847 4840
f 4840 4847 4802
f 4840 4802 4804
f 4804 4802 4748
f 4804 4748 4753
f 4753 4748 4686
f 4753 4686 4692
f 4692 4686 4638
f 4692 4638 4643
f 4587 4643 4583
f 4583 4643 4638
f 4583 4638 4664
f 4664 4638 4686
f 4664 4686 4678
f 4678 4686 4748
f 4678 4748 4741
f 4741 4748 4802
f 4741 4802 4796
f 4796 4802 4847
f 4796 4847 4843
f 4843 4847 4855
f 4843 4855 4831
f 4751 4700 4701
f 4701 4700 4649
f 4701 4649 4653
f 4653 4649 4591
f 4653 4591 4595
f 4778 4751 4742
f 4742 4751 4701
f 4742 4701 4695
f 4695 4701 4653
f 4695 4653 4652
f 4652 4653 4595
f 4652 4595 4597
f 4899 4930 4889
f 4889 4930 4916
f 4889 4916 4849
f 4849 4916 4886
f 4849 4886 4808
f 4808 4886 4827
f 4808 4827 4778
f 4778 4827 4798
f 4778 4798 4751
f 4751 4798 4754
f 4751 4754 4700
f 4934 4937 4903
f 4903 4937 4915
f 4903 4915 4900
f 4952 4951 4947
f 4947 4951 4934
f 4947 4934 4930
f 4854 4899 4838
f 4838 4899 4889
f 4838 4889 4820
f 4820 4889 4849
f 4820 4849 4779
f 4779 4849 4808
f 4779 4808 4774
f 4774 4808 4778
f 4774 4778 4720
f 4720 4778 4742
f 4720 4742 4711
f 4711 4742 4695
f 4711 4695 4647
f 4647 4695 4652
f 4647 4652 4613
f 4613 4652 4597
f 4613 4597 4593
f 4930 4934 4916
f 4916 4934 4903
f 4916 4903 4886
f 4886 4903 4840
f 4886 4840 4827
f 4827 4840 4804
f 4827 4804 4798
f 4798 4804 4753
f 4798 4753 4754
f 4754 4753 4692
f 4754 4692 4700
f 4700 4692 4643
f 4700 4643 4649
f 4649 4643 4587
f 4649 4587 4591
f 4715 4727 4709
f 4559 4542 4564
f 4641 4669 4645
f 4562 4544 4547
f 4733 4727 4718
f 4718 4727 4715
f 4718 4715 4705
f 4705 4715 4682
f 4705 4682 4687
f 4687 4682 4681
f 4548 4555 4552
f 4552 4555 4567
f 4552 4567 4565
f 4565 4567 4589
f 4565 4589 4585
f 4585 4589 4615
f 4585 4615 4611
f 4611 4615 4623
f 4555 4569 4567
f 4567 4569 4596
f 4567 4596 4589
f 4589 4596 4620
f 4589 4620 4615
f 4615 4620 4641
f 4615 4641 4623
f 4623 4641 4645
f 4559 4564 4573
f 4605 4601 4632
f 4632 4601 4618
f 4665 4662 4635
f 4635 4662 4632
f 4635 4632 4629
f 4629 4632 4618
f 4681 4682 4665
f 4665 4682 4657
f 4665 4657 4662
f 4662 4657 4631
f 4662 4631 4632
f 4632 4631 4606
f 4632 4606 4605
f 4605 4606 4573
f 4605 4573 4572
f 4572 4573 4564
f 4572 4564 4605
f 4605 4564 4582
f 4605 4582 4601
f 4659 4637 4680
f 4680 4637 4667
f 4680 4667 4709
f 4709 4667 4694
f 4709 4694 4715
f 4715 4694 4675
f 4715 4675 4682
f 4682 4675 4654
f 4682 4654 4657
f 4657 4654 4626
f 4657 4626 4631
f 4631 4626 4603
f 4631 4603 4606
f 4606 4603 4571
f 4606 4571 4573
f 4573 4571 4558
f 4573 4558 4559
f 4559 4558 4545
f 4559 4545 4542
f 4645 4622 4623
f 4623 4622 4614
f 4623 4614 4611
f 4611 4614 4588
f 4611 4588 4585
f 4585 4588 4579
f 4585 4579 4565
f 4565 4579 4562
f 4565 4562 4552
f 4552 4562 4547
f 4552 4547 4548
f 4637 4622 4667
f 4667 4622 4645
f 4667 4645 4694
f 4694 4645 4669
f 4694 4669 4675
f 4675 4669 4641
f 4675 4641 4654
f 4654 4641 4620
f 4654 4620 4626
f 4626 4620 4596
f 4626 4596 4603
f 4603 4596 4569
f 4603 4569 4571
f 4571 4569 4555
f 4571 4555 4558
f 4558 4555 4548
f 4558 4548 4545
f 4867 4869 4913
f 4702 4680 4709
f 4893 4862 4868
f 4977 4982 4988
f 4970 4952 4947
f 4981 4970 4967
f 4988 4982 4986
f 4986 4982 4980
f 4986 4980 4976
f 4976 4980 4973
f 4976 4973 4968
f 4968 4973 4964
f 4968 4964 4953
f 4953 4964 4945
f 4953 4945 4936
f 4936 4945 4931
f 4936 4931 4919
f 4868 4862 4839
f 4839 4862 4830
f 4839 4830 4814
f 4814 4830 4809
f 4814 4809 4788
f 4788 4809 4783
f 4788 4783 4776
f 4776 4783 4772
f 4776 4772 4762
f 4762 4772 4760
f 4762 4760 4752
f 4752 4760 4745
f 4752 4745 4733
f 4977 4956 4960
f 4977 4960 4982
f 4982 4960 4957
f 4982 4957 4980
f 4980 4957 4950
f 4980 4950 4973
f 4973 4950 4940
f 4973 4940 4964
f 4964 4940 4925
f 4964 4925 4945
f 4945 4925 4905
f 4945 4905 4931
f 4893 4860 4832
f 4893 4832 4862
f 4862 4832 4813
f 4862 4813 4830
f 4830 4813 4792
f 4830 4792 4809
f 4809 4792 4768
f 4809 4768 4783
f 4783 4768 4757
f 4783 4757 4772
f 4772 4757 4738
f 4772 4738 4760
f 4760 4738 4723
f 4760 4723 4745
f 4745 4723 4727
f 4745 4727 4733
f 4956 4923 4928
f 4956 4928 4960
f 4960 4928 4922
f 4960 4922 4957
f 4957 4922 4910
f 4957 4910 4950
f 4950 4910 4904
f 4950 4904 4940
f 4940 4904 4887
f 4940 4887 4925
f 4925 4887 4859
f 4925 4859 4905
f 4860 4821 4806
f 4860 4806 4832
f 4832 4806 4782
f 4832 4782 4813
f 4813 4782 4763
f 4813 4763 4792
f 4792 4763 4736
f 4792 4736 4768
f 4768 4736 4722
f 4768 4722 4757
f 4757 4722 4713
f 4757 4713 4738
f 4738 4713 4702
f 4738 4702 4723
f 4723 4702 4709
f 4723 4709 4727
f 4970 4947 4967
f 4967 4947 4930
f 4967 4930 4944
f 4944 4930 4899
f 4944 4899 4913
f 4913 4899 4854
f 4913 4854 4867
f 4988 4981 4977
f 4977 4981 4967
f 4977 4967 4956
f 4956 4967 4944
f 4956 4944 4923
f 4923 4944 4913
f 4923 4913 4875
f 4875 4913 4869
f 4818 4859 4826
f 4826 4859 4887
f 4826 4887 4852
f 4852 4887 4904
f 4852 4904 4858
f 4858 4904 4910
f 4858 4910 4873
f 4873 4910 4922
f 4873 4922 4880
f 4880 4922 4928
f 4880 4928 4884
f 4884 4928 4923
f 4884 4923 4879
f 4879 4923 4875
f 4818 4815 4859
f 4859 4815 4842
f 4859 4842 4905
f 4905 4842 4891
f 4905 4891 4931
f 4931 4891 4912
f 4931 4912 4919
f 4919 4912 4897
f 4815 4805 4842
f 4842 4805 4821
f 4842 4821 4891
f 4891 4821 4860
f 4891 4860 4912
f 4912 4860 4893
f 4912 4893 4897
f 4897 4893 4868
f 4805 4790 4821
f 4821 4790 4787
f 4821 4787 4806
f 4806 4787 4773
f 4806 4773 4782
f 4782 4773 4756
f 4782 4756 4763
f 4763 4756 4730
f 4763 4730 4736
f 4736 4730 4707
f 4736 4707 4722
f 4659 4680 4671
f 4671 4680 4702
f 4671 4702 4679
f 4679 4702 4713
f 4679 4713 4690
f 4690 4713 4722
f 4690 4722 4698
f 4698 4722 4707
f 2691 2695 2716
f 2822 2838 2817
f 2847 2845 2771
f 2849 2847 2774
f 2774 2847 2771
f 2774 2771 2676
f 2849 2774 2852
f 2852 2774 2780
f 2852 2780 2854
f 2854 2780 2859
f 2859 2780 2793
f 2859 2793 2865
f 2865 2793 2873
f 2873 2793 2800
f 2873 2800 2879
f 2879 2800 2885
f 2885 2800 2808
f 2885 2808 2888
f 2888 2808 2897
f 2897 2808 2819
f 2897 2819 2899
f 2899 2819 2913
f 2913 2819 2831
f 2913 2831 2928
f 2884 2942 2867
f 2867 2942 2933
f 2867 2933 2855
f 2855 2933 2928
f 2855 2928 2840
f 2840 2928 2831
f 2902 2961 2884
f 2884 2961 2951
f 2884 2951 2942
f 2931 2973 2902
f 2902 2973 2968
f 2902 2968 2961
f 2980 3034 2960
f 2960 3034 3006
f 2960 3006 2947
f 2947 3006 2985
f 2947 2985 2931
f 2931 2985 2982
f 2931 2982 2973
f 3027 3080 2980
f 2980 3080 3053
f 2980 3053 3034
f 3188 3161 3199
f 3199 3161 3177
f 3199 3177 3207
f 3185 3214 3177
f 3177 3214 3209
f 3177 3209 3207
f 3226 3225 3185
f 3185 3225 3222
f 3185 3222 3214
f 3226 3185 3228
f 3228 3185 3196
f 3228 3196 3230
f 3230 3196 3198
f 3230 3198 3231
f 3231 3198 3202
f 3231 3202 3234
f 3234 3202 3203
f 3234 3203 3235
f 3235 3203 3206
f 3235 3206 3238
f 3238 3206 3240
f 3240 3206 3211
f 3240 3211 3241
f 3241 3211 3242
f 3242 3211 3213
f 3242 3213 3244
f 3252 3250 3217
f 3217 3250 3249
f 3249 3248 3217
f 3217 3248 3247
f 3217 3247 3213
f 3213 3247 3245
f 3213 3245 3244
f 3151 3155 3168
f 3168 3155 3157
f 3114 3124 3148
f 3148 3124 3129
f 3148 3129 3160
f 3160 3129 3134
f 3160 3134 3164
f 3164 3134 3145
f 3164 3145 3147
f 3094 3088 3110
f 3110 3088 3096
f 3110 3096 3120
f 3120 3096 3114
f 3120 3114 3128
f 3128 3114 3148
f 3046 3048 3063
f 3063 3048 3065
f 3063 3065 3082
f 3082 3065 3067
f 3082 3067 3094
f 3094 3067 3075
f 3094 3075 3088
f 2924 2939 2957
f 2957 2939 2948
f 2957 2948 2976
f 2976 2948 2983
f 2976 2983 2997
f 2997 2983 3005
f 2997 3005 3021
f 3021 3005 3017
f 3021 3017 3042
f 3042 3017 3031
f 3042 3031 3046
f 2838 2822 2870
f 2870 2822 2864
f 2870 2864 2924
f 2924 2864 2905
f 2924 2905 2939
f 2802 2795 2817
f 2817 2795 2807
f 2817 2807 2822
f 2743 2752 2770
f 2770 2752 2754
f 2770 2754 2802
f 2802 2754 2785
f 2802 2785 2795
f 2716 2695 2731
f 2731 2695 2723
f 2731 2723 2743
f 2743 2723 2725
f 2743 2725 2752
f 2716 2703 2691
f 2691 2703 2690
f 2691 2690 2672
f 2672 2690 2664
f 2664 2690 2668
f 2664 2668 2655
f 2655 2668 2645
f 2645 2668 2657
f 2645 2657 2635
f 2635 2657 2640
f 2635 2640 2623
f 2623 2640 2628
f 2623 2628 2605
f 2611 2592 2618
f 2618 2592 2597
f 2618 2597 2628
f 2628 2597 2602
f 2628 2602 2605
f 3091 3063 3125
f 3125 3063 3082
f 3125 3082 3152
f 3152 3082 3094
f 3152 3094 3163
f 3163 3094 3110
f 3163 3110 3171
f 3171 3110 3120
f 3171 3120 3172
f 3172 3120 3128
f 3172 3128 3178
f 3178 3128 3148
f 3178 3148 3180
f 3180 3148 3160
f 3180 3160 3183
f 3183 3160 3164
f 3183 3164 3187
f 3042 3066 3021
f 3021 3066 3047
f 3021 3047 2997
f 2997 3047 3025
f 2997 3025 2976
f 2976 3025 2999
f 2976 2999 2957
f 2957 2999 2958
f 2957 2958 2924
f 2924 2958 2925
f 2924 2925 2870
f 2870 2925 2896
f 2870 2896 2838
f 2838 2896 2876
f 2838 2876 2817
f 2817 2876 2839
f 2817 2839 2802
f 2802 2839 2821
f 2802 2821 2770
f 2770 2821 2806
f 2770 2806 2743
f 2743 2806 2796
f 2743 2796 2731
f 2731 2796 2779
f 2731 2779 2716
f 2716 2779 2765
f 2716 2765 2703
f 2703 2765 2756
f 2703 2756 2690
f 2690 2756 2737
f 2690 2737 2668
f 2668 2737 2720
f 2668 2720 2657
f 2657 2720 2706
f 2657 2706 2640
f 2640 2706 2693
f 2640 2693 2628
f 2628 2693 2682
f 2628 2682 2618
f 2618 2682 2679
f 2618 2679 2611
f 2611 2679 2607
f 2611 2607 2592
f 2592 2607 2587
f 3161 3091 3177
f 3177 3091 3125
f 3177 3125 3185
f 3185 3125 3152
f 3185 3152 3196
f 3196 3152 3163
f 3196 3163 3198
f 3198 3163 3171
f 3198 3171 3202
f 3202 3171 3172
f 3202 3172 3203
f 3203 3172 3178
f 3203 3178 3206
f 3206 3178 3180
f 3206 3180 3211
f 3211 3180 3183
f 3211 3183 3213
f 3213 3183 3187
f 3213 3187 3217
f 3066 3130 3047
f 3047 3130 3095
f 3047 3095 3025
f 3025 3095 3068
f 3025 3068 2999
f 2999 3068 3027
f 2999 3027 2958
f 2958 3027 2980
f 2958 2980 2925
f 2925 2980 2960
f 2925 2960 2896
f 2896 2960 2947
f 2896 2947 2876
f 2876 2947 2931
f 2876 2931 2839
f 2839 2931 2902
f 2839 2902 2821
f 2821 2902 2884
f 2821 2884 2806
f 2806 2884 2867
f 2806 2867 2796
f 2796 2867 2855
f 2796 2855 2779
f 2779 2855 2840
f 2779 2840 2765
f 2765 2840 2831
f 2765 2831 2756
f 2756 2831 2819
f 2756 2819 2737
f 2737 2819 2808
f 2737 2808 2720
f 2720 2808 2800
f 2720 2800 2706
f 2706 2800 2793
f 2706 2793 2693
f 2693 2793 2780
f 2693 2780 2682
f 2682 2780 2774
f 2682 2774 2679
f 2679 2774 2676
f 2679 2676 2607
f 3157 3170 3168
f 3168 3170 3194
f 3168 3194 3192
f 3192 3194 3223
f 3192 3223 3220
f 3220 3223 3255
f 3255 3254 3220
f 3220 3254 3218
f 3220 3218 3192
f 3192 3218 3189
f 3192 3189 3168
f 3168 3189 3167
f 3168 3167 3151
f 3254 3252 3218
f 3218 3252 3217
f 3218 3217 3189
f 3189 3217 3187
f 3189 3187 3167
f 3167 3187 3164
f 3167 3164 3151
f 3151 3164 3147
f 3046 3063 3042
f 3042 3063 3091
f 3042 3091 3066
f 3066 3091 3161
f 3066 3161 3130
f 3130 3161 3188
f 3130 3188 3095
f 3095 3188 3176
f 3095 3176 3068
f 3068 3176 3146
f 3068 3146 3027
f 3027 3146 3102
f 3027 3102 3080
f 4412 4410 3844
f 3300 3301 3365
f 3549 3613 3617
f 3740 3917 3994
f 4856 4487 4498
f 4883 4885 4465
f 4410 4412 4540
f 4546 4518 4520
f 4513 4329 4333
f 4329 4513 4327
f 3374 3372 3304
f 3367 3279 3369
f 3369 3279 3302
f 3304 3372 3302
f 3302 3372 3371
f 3302 3371 3369
f 3474 3424 3306
f 3306 3424 3389
f 3306 3389 3304
f 3304 3389 3388
f 3304 3388 3374
f 3599 3575 3308
f 3308 3575 3502
f 4546 4520 4563
f 4520 4619 4610
f 4610 4600 4520
f 4520 4600 4577
f 4520 4577 4563
f 4522 4640 4520
f 4520 4640 4628
f 4520 4628 4619
f 4526 4673 4524
f 4524 4673 4670
f 4524 4670 4522
f 4522 4670 4660
f 4522 4660 4640
f 4528 4710 4685
f 4530 4729 4528
f 4528 4729 4717
f 4528 4717 4710
f 4764 4759 4532
f 4532 4759 4744
f 4532 4744 4530
f 4530 4744 4732
f 4530 4732 4729
f 4795 4789 4538
f 4538 4789 4769
f 4538 4769 4536
f 4536 4769 4764
f 4536 4764 4534
f 4534 4764 4532
f 4819 4812 4540
f 4853 4851 4412
f 4412 4851 4834
f 4412 4834 4540
f 4540 4834 4822
f 4540 4822 4819
f 4465 4885 4453
f 4453 4885 4882
f 4453 4882 4878
f 4487 4856 4474
f 4856 4866 4474
f 4474 4866 4871
f 4474 4871 4469
f 4469 4871 4874
f 4469 4874 4877
f 4785 4823 4498
f 4498 4823 4829
f 4498 4829 4856
f 4280 4389 4505
f 4505 4389 4594
f 4505 4594 4625
f 4625 4648 4505
f 4505 4648 4719
f 4505 4719 4498
f 4498 4719 4781
f 4498 4781 4785
f 3497 3362 3479
f 3479 3362 3364
f 3479 3364 3454
f 3454 3364 3453
f 3453 3364 3448
f 3448 3364 3365
f 3448 3365 3446
f 3446 3365 3301
f 3446 3301 3447
f 3254 3255 3300
f 3295 3252 3297
f 3297 3252 3254
f 3297 3254 3299
f 3299 3254 3300
f 3293 3245 3295
f 3295 3245 3247
f 3295 3247 3248
f 3248 3249 3295
f 3295 3249 3250
f 3295 3250 3252
f 3291 3242 3293
f 3293 3242 3244
f 3293 3244 3245
f 3284 3234 3286
f 3286 3234 3235
f 3286 3235 3287
f 3287 3235 3238
f 3287 3238 3289
f 3289 3238 3240
f 3289 3240 3291
f 3291 3240 3241
f 3291 3241 3242
f 3283 3230 3284
f 3284 3230 3231
f 3284 3231 3234
f 3222 3225 3281
f 3281 3225 3226
f 3281 3226 3283
f 3283 3226 3228
f 3283 3228 3230
f 3222 3281 3214
f 3214 3281 3278
f 3214 3278 3209
f 3209 3278 3207
f 3207 3278 3275
f 3207 3275 3199
f 3199 3275 3273
f 3199 3273 3188
f 3188 3273 3271
f 3188 3271 3176
f 3176 3271 3269
f 3176 3269 3146
f 3146 3269 3267
f 3146 3267 3102
f 3102 3267 3080
f 3080 3267 3265
f 3080 3265 3053
f 3053 3265 3263
f 3053 3263 3034
f 3034 3263 3261
f 3034 3261 3006
f 3325 2973 3327
f 3327 2973 2982
f 3327 2982 3261
f 3261 2982 2985
f 3261 2985 3006
f 3322 2951 3324
f 3324 2951 2961
f 3324 2961 3325
f 3325 2961 2968
f 3325 2968 2973
f 2899 2913 3315
f 3315 2913 2928
f 3315 2928 3317
f 3317 2928 2933
f 3317 2933 3319
f 3319 2933 2942
f 2897 3312 2888
f 2888 3312 3310
f 2865 2873 3308
f 3308 2873 2879
f 3308 2879 3310
f 3310 2879 2885
f 3310 2885 2888
f 2859 2865 3306
f 3306 2865 3308
f 3306 3308 3474
f 3474 3308 3502
f 2859 3306 2854
f 2854 3306 3304
f 2854 3304 2852
f 2852 3304 2849
f 2849 3304 3302
f 2849 3302 2847
f 2847 3302 2845
f 2845 3302 3279
f 2845 3279 2844
f 4212 4453 4223
f 4223 4453 4435
f 4223 4435 4222
f 4212 4199 4453
f 4453 4199 4194
f 4453 4194 4176
f 4176 4159 4453
f 4453 4159 4152
f 4453 4152 4111
f 4106 4084 3936
f 3936 4084 4063
f 4063 4053 3936
f 3936 4053 4016
f 3936 4016 4002
f 4002 3959 3936
f 3936 3959 3952
f 3936 3952 3930
f 4416 4180 4186
f 4186 4205 4416
f 4416 4205 4210
f 4416 4210 4435
f 4435 4210 4216
f 4435 4216 4222
f 3914 3931 3888
f 3888 3931 3966
f 3966 3976 3888
f 3888 3976 4015
f 3888 4015 4017
f 4020 4072 4414
f 4414 4072 4076
f 4076 4094 4414
f 4414 4094 4120
f 4414 4120 4416
f 4416 4120 4134
f 4416 4134 4180
f 3851 3867 3545
f 3874 3865 3554
f 3554 3865 3857
f 3554 3857 3545
f 3545 3857 3849
f 3545 3849 3851
f 3867 3878 3545
f 3545 3878 3883
f 3545 3883 3541
f 3562 3906 3554
f 3554 3906 3890
f 3554 3890 3874
f 4163 4182 4401
f 4401 4182 4405
f 4405 4182 4181
f 4405 4181 4164
f 3824 3827 3791
f 3791 3827 3850
f 3850 3861 3791
f 3791 3861 3876
f 3791 3876 3926
f 3926 3939 3791
f 3791 3939 3960
f 3791 3960 3992
f 4000 4038 4396
f 4396 4038 4047
f 4396 4047 4054
f 4054 4098 4396
f 4396 4098 4107
f 4396 4107 4125
f 4125 4135 4396
f 4396 4135 4141
f 4396 4141 4401
f 4401 4141 4162
f 4401 4162 4163
f 3329 3331 3801
f 3801 3799 3329
f 3329 3799 3798
f 3329 3798 3797
f 3797 3798 3800
f 3797 3800 3809
f 3855 3832 3816
f 3816 3832 3825
f 3816 3825 3802
f 4110 4103 4408
f 4164 4149 4405
f 4405 4149 4140
f 4405 4140 4408
f 4408 4140 4116
f 4408 4116 4110
f 4011 3826 4046
f 4046 3826 4408
f 4046 4408 4060
f 4060 4408 4103
f 4011 3995 3826
f 3826 3995 3958
f 3826 3958 3951
f 3951 3937 3826
f 3826 3937 3882
f 3826 3882 3816
f 3816 3882 3871
f 3816 3871 3855
f 3775 3599 3726
f 3726 3599 3308
f 3726 3308 3732
f 3732 3308 3310
f 3732 3310 3741
f 3741 3310 3312
f 3741 3312 3747
f 2942 3321 3319
f 3319 3321 3758
f 3319 3758 3317
f 3317 3758 3747
f 3317 3747 3315
f 3315 3747 3312
f 3315 3312 2899
f 2899 3312 2897
f 3327 3791 3325
f 3325 3791 3784
f 3325 3784 3324
f 3324 3784 3764
f 3324 3764 3322
f 3930 3906 3936
f 3936 3906 3562
f 3936 3562 3945
f 3945 3562 3578
f 3945 3578 3954
f 3954 3578 3589
f 3954 3589 3965
f 3613 3709 3617
f 3617 3709 3740
f 3617 3740 3610
f 3610 3740 3994
f 3610 3994 3605
f 3605 3994 3991
f 3605 3991 3597
f 3597 3991 3973
f 3597 3973 3594
f 3973 3965 3594
f 3594 3965 3589
f 3594 3589 3351
f 3497 3549 3362
f 3362 3549 3617
f 3362 3617 3360
f 3360 3617 3610
f 3360 3610 3358
f 3358 3610 3605
f 3358 3605 3356
f 3356 3605 3597
f 3356 3597 3354
f 3354 3597 3594
f 3354 3594 3353
f 3353 3594 3351
f 3802 3801 3816
f 3816 3801 3331
f 3816 3331 3826
f 3826 3331 3333
f 3826 3333 3500
f 3500 3333 3335
f 3500 3335 3529
f 3529 3335 3337
f 3529 3337 3541
f 3541 3337 3339
f 3541 3339 3545
f 3545 3339 3341
f 3545 3341 3554
f 3554 3341 3343
f 3554 3343 3562
f 3562 3343 3345
f 3562 3345 3578
f 3578 3345 3348
f 3578 3348 3589
f 3589 3348 3350
f 3589 3350 3351
f 3299 3300 3365
f 3299 3365 3297
f 3297 3365 3364
f 3297 3364 3295
f 3295 3364 3362
f 3295 3362 3293
f 3293 3362 3360
f 3293 3360 3291
f 3291 3360 3358
f 3291 3358 3289
f 3289 3358 3356
f 3289 3356 3287
f 3287 3356 3354
f 3287 3354 3286
f 3286 3354 3353
f 3286 3353 3284
f 3284 3353 3351
f 3284 3351 3283
f 3283 3351 3350
f 3283 3350 3281
f 3281 3350 3348
f 3281 3348 3278
f 3278 3348 3345
f 3278 3345 3275
f 3275 3345 3343
f 3275 3343 3273
f 3273 3343 3341
f 3273 3341 3271
f 3271 3341 3339
f 3271 3339 3269
f 3269 3339 3337
f 3269 3337 3267
f 3267 3337 3335
f 3267 3335 3265
f 3265 3335 3333
f 3265 3333 3263
f 3263 3333 3331
f 3263 3331 3261
f 3261 3331 3329
f 3261 3329 3327
f 3327 3329 3797
f 3327 3797 3791
f 3791 3797 3809
f 3791 3809 3824
f 4017 4020 3888
f 3888 4020 4414
f 3888 4414 3879
f 4878 4876 4453
f 4453 4876 4870
f 4453 4870 4435
f 4435 4870 4857
f 4435 4857 4416
f 4416 4857 4853
f 4416 4853 4414
f 4414 4853 4412
f 4414 4412 3879
f 3879 4412 3844
f 4280 4505 4273
f 4273 4505 4498
f 4273 4498 4252
f 4252 4498 4487
f 4252 4487 4246
f 4246 4487 4474
f 4246 4474 4236
f 4236 4474 4469
f 4236 4469 4465
f 4465 4469 4877
f 4465 4877 4883
f 3917 4389 3994
f 3994 4389 4280
f 3994 4280 3991
f 3991 4280 4273
f 3991 4273 3973
f 3973 4273 4252
f 3973 4252 3965
f 3965 4252 4246
f 3965 4246 3954
f 3954 4246 4236
f 3954 4236 3945
f 3945 4236 4465
f 3945 4465 3936
f 3936 4465 4453
f 3936 4453 4106
f 4106 4453 4111
f 4408 4538 4405
f 4405 4538 4536
f 4405 4536 4401
f 4401 4536 4534
f 4401 4534 4396
f 4396 4534 4532
f 4396 4532 4383
f 4383 4532 4530
f 4383 4530 4373
f 4373 4530 4528
f 4365 4526 4352
f 4352 4526 4524
f 4352 4524 4341
f 4341 4524 4522
f 4341 4522 4333
f 4333 4522 4520
f 4333 4520 4513
f 4513 4520 4518
f 4327 4264 4329
f 4329 4264 4042
f 4329 4042 4333
f 4333 4042 4051
f 4333 4051 4341
f 4341 4051 4056
f 4341 4056 4352
f 4352 4056 4067
f 4352 4067 4365
f 4365 4067 4074
f 4365 4074 3764
f 3992 4000 3791
f 3791 4000 4396
f 3791 4396 3784
f 3784 4396 4383
f 3784 4383 3764
f 3764 4383 4373
f 3764 4373 4365
f 4365 4373 4528
f 4365 4528 4526
f 4526 4528 4685
f 4526 4685 4673
f 4264 3775 4042
f 4042 3775 3726
f 4042 3726 4051
f 4051 3726 3732
f 4051 3732 4056
f 4056 3732 3741
f 4056 3741 4067
f 4067 3741 3747
f 4067 3747 4074
f 4074 3747 3758
f 4074 3758 3764
f 3764 3758 3321
f 3764 3321 3322
f 3322 3321 2942
f 3322 2942 2951
f 3883 3914 3541
f 3541 3914 3888
f 3541 3888 3529
f 3529 3888 3879
f 3529 3879 3500
f 3500 3879 3844
f 3500 3844 3826
f 3826 3844 4410
f 3826 4410 4408
f 4408 4410 4540
f 4408 4540 4538
f 4538 4540 4812
f 4538 4812 4795
f 4068 4093 4014
f 3929 3736 3864
f 3864 3736 3692
f 3864 3692 3870
f 3870 3692 3723
f 3870 3723 3934
f 3934 3723 3813
f 3934 3813 4014
f 4014 3813 3949
f 4014 3949 4068
f 4068 4128 4093
f 4093 4128 4189
f 4093 4189 4179
f 4179 4189 4288
f 4179 4288 4219
f 4219 4288 4348
f 4219 4348 4215
f 4215 4348 4354
f 4215 4354 4175
f 4354 4304 4175
f 4175 4304 4209
f 4175 4209 4087
f 4087 4209 4090
f 4087 4090 4008
f 4008 4090 3971
f 4008 3971 3929
f 3929 3971 3834
f 3929 3834 3736
f 4018 4050 3963
f 3805 3639 3808
f 3808 3639 3658
f 3808 3658 3860
f 3860 3658 3752
f 3860 3752 3963
f 3963 3752 3885
f 3963 3885 4018
f 4167 4249 4119
f 4119 4249 4161
f 4119 4161 4041
f 4041 4161 4043
f 4041 4043 3957
f 3957 4043 3924
f 3957 3924 3854
f 3854 3924 3781
f 3854 3781 3805
f 3805 3781 3677
f 3805 3677 3639
f 4018 4078 4050
f 4050 4078 4138
f 4050 4138 4124
f 4124 4138 4232
f 4124 4232 4172
f 4172 4232 4296
f 4172 4296 4167
f 4167 4296 4303
f 4167 4303 4249
f 4370 4378 4369
f 4335 4347 4319
f 3967 3935 3940
f 3873 3856 3795
f 4387 4399 4407
f 4395 4404 4397
f 4407 4402 4387
f 4387 4402 4400
f 4387 4400 4359
f 4359 4400 4379
f 4359 4379 4315
f 4315 4379 4344
f 4315 4344 4259
f 4005 4009 4071
f 4071 4009 4070
f 4071 4070 4133
f 4133 4070 4132
f 4133 4132 4201
f 4201 4132 4198
f 4201 4198 4259
f 4259 4198 4247
f 4259 4247 4315
f 4315 4247 4307
f 4315 4307 4359
f 4359 4307 4345
f 4359 4345 4387
f 4387 4345 4369
f 4387 4369 4399
f 4399 4369 4378
f 3873 3795 3875
f 4133 4136 4071
f 4071 4136 4065
f 4071 4065 4005
f 4005 4065 3999
f 4005 3999 3967
f 3935 3846 3856
f 3856 3846 3793
f 3856 3793 3795
f 3795 3793 3790
f 3795 3790 3744
f 3744 3790 3745
f 3744 3745 3699
f 3675 3688 3699
f 3699 3688 3708
f 3699 3708 3744
f 3744 3708 3757
f 3744 3757 3795
f 3795 3757 3812
f 3795 3812 3875
f 4113 4055 4062
f 4062 4055 3997
f 4062 3997 3996
f 3996 3997 3970
f 3872 3938 3941
f 3872 3941 3877
f 3724 3714 3737
f 3724 3737 3762
f 3762 3737 3759
f 3762 3759 3815
f 3815 3759 3835
f 3815 3835 3877
f 3877 3835 3848
f 3877 3848 3872
f 3714 3724 3703
f 3703 3724 3696
f 3703 3696 3697
f 4001 3947 3944
f 3944 3947 3875
f 4361 4356 4363
f 4363 4356 4349
f 4185 4184 4228
f 4228 4184 4208
f 4062 4089 4113
f 4113 4089 4112
f 4113 4112 4185
f 4185 4112 4155
f 4185 4155 4184
f 4208 4240 4228
f 4228 4240 4282
f 4228 4282 4284
f 4284 4282 4305
f 4284 4305 4319
f 4319 4305 4320
f 4319 4320 4335
f 4395 4397 4377
f 4377 4397 4376
f 4377 4376 4358
f 4358 4376 4363
f 4358 4363 4340
f 4340 4363 4349
f 4340 4349 4337
f 4366 4370 4357
f 4357 4370 4369
f 4357 4369 4336
f 4336 4369 4345
f 4336 4345 4295
f 4295 4345 4307
f 4295 4307 4241
f 4241 4307 4247
f 4241 4247 4193
f 4193 4247 4198
f 4193 4198 4129
f 4129 4198 4132
f 4129 4132 4066
f 4066 4132 4070
f 4066 4070 4010
f 4010 4070 4009
f 4360 4361 4366
f 4366 4361 4363
f 4366 4363 4370
f 4370 4363 4376
f 4370 4376 4378
f 4378 4376 4397
f 4378 4397 4399
f 4399 4397 4404
f 4399 4404 4407
f 3935 3856 3940
f 3940 3856 3873
f 3940 3873 3943
f 3943 3873 3875
f 3943 3875 3948
f 3948 3875 3947
f 3948 3947 4004
f 4004 3947 4001
f 4004 4001 4064
f 4064 4001 4059
f 4064 4059 4126
f 4126 4059 4115
f 4126 4115 4188
f 4188 4115 4187
f 4188 4187 4239
f 4239 4187 4229
f 4239 4229 4291
f 4291 4229 4287
f 4291 4287 4328
f 4328 4287 4325
f 4328 4325 4351
f 3944 3997 4001
f 4001 3997 4055
f 4001 4055 4059
f 4059 4055 4113
f 4059 4113 4115
f 4115 4113 4185
f 4115 4185 4187
f 4187 4185 4228
f 4187 4228 4229
f 4229 4228 4284
f 4229 4284 4287
f 4287 4284 4319
f 4287 4319 4325
f 4325 4319 4347
f 4325 4347 4351
f 4351 4347 4355
f 3654 3675 3671
f 3671 3675 3699
f 3671 3699 3685
f 3685 3699 3745
f 4344 4278 4259
f 4259 4278 4270
f 4259 4270 4201
f 4201 4270 4206
f 4201 4206 4133
f 4133 4206 4169
f 4133 4169 4136
f 3688 3696 3708
f 3708 3696 3724
f 3708 3724 3757
f 3757 3724 3762
f 3757 3762 3812
f 3812 3762 3815
f 3812 3815 3875
f 3875 3815 3877
f 3875 3877 3944
f 3944 3877 3941
f 3944 3941 3997
f 3997 3941 3938
f 3997 3938 3970
f 3967 3940 4005
f 4005 3940 3943
f 4005 3943 4009
f 4009 3943 3948
f 4009 3948 4010
f 4010 3948 4004
f 4010 4004 4066
f 4066 4004 4064
f 4066 4064 4129
f 4129 4064 4126
f 4129 4126 4193
f 4193 4126 4188
f 4193 4188 4241
f 4241 4188 4239
f 4241 4239 4295
f 4295 4239 4291
f 4295 4291 4336
f 4336 4291 4328
f 4336 4328 4357
f 4357 4328 4351
f 4357 4351 4366
f 4366 4351 4355
f 4366 4355 4360
f 4226 4230 4196
f 4302 4308 4312
f 4294 4274 4292
f 4292 4274 4271
f 4230 4226 4274
f 4274 4226 4248
f 4274 4248 4271
f 4082 4146 4142
f 4142 4146 4160
f 4142 4160 4196
f 4196 4160 4191
f 4196 4191 4226
f 3713 3786 3779
f 3779 3786 3842
f 3779 3842 3836
f 3836 3842 3925
f 3836 3925 3902
f 3902 3925 3984
f 3902 3984 3977
f 3977 3984 4032
f 3977 4032 4025
f 4025 4032 4044
f 4025 4044 4082
f 4082 4044 4080
f 4082 4080 4146
f 3638 3642 3630
f 3630 3642 3651
f 3630 3651 3648
f 3648 3651 3676
f 3648 3676 3678
f 3678 3676 3684
f 3678 3684 3713
f 3713 3684 3730
f 3713 3730 3786
f 3638 3630 3640
f 3640 3630 3636
f 3640 3636 3641
f 3591 3592 3602
f 4323 4338 4326
f 3602 3601 3591
f 3591 3601 3615
f 3591 3615 3600
f 3600 3615 3652
f 3600 3652 3646
f 3646 3652 3698
f 3646 3698 3686
f 3686 3698 3761
f 3686 3761 3749
f 3749 3761 3828
f 3749 3828 3823
f 3823 3828 3897
f 3823 3897 3893
f 3893 3897 3987
f 3893 3987 3981
f 3981 3987 4036
f 3981 4036 4037
f 4037 4036 4105
f 4037 4105 4108
f 4108 4105 4157
f 4108 4157 4168
f 4168 4157 4211
f 4168 4211 4224
f 4224 4211 4257
f 4224 4257 4277
f 4277 4257 4300
f 4277 4300 4316
f 4316 4300 4326
f 4316 4326 4343
f 4343 4326 4338
f 4343 4338 4364
f 4312 4323 4311
f 4311 4323 4326
f 4311 4326 4285
f 4285 4326 4300
f 4285 4300 4242
f 4242 4300 4257
f 4242 4257 4203
f 4203 4257 4211
f 4203 4211 4151
f 4151 4211 4157
f 4151 4157 4097
f 4097 4157 4105
f 4097 4105 4031
f 4031 4105 4036
f 4031 4036 3985
f 3985 4036 3987
f 3985 3987 3901
f 3901 3987 3897
f 3901 3897 3833
f 3833 3897 3828
f 3833 3828 3767
f 3767 3828 3761
f 3767 3761 3707
f 3707 3761 3698
f 3707 3698 3663
f 3663 3698 3652
f 3663 3652 3643
f 3643 3652 3615
f 3643 3615 3614
f 3614 3615 3601
f 3614 3601 3618
f 3618 3601 3602
f 3618 3636 3614
f 3614 3636 3630
f 3614 3630 3643
f 3643 3630 3648
f 3643 3648 3663
f 3663 3648 3678
f 3663 3678 3707
f 3707 3678 3713
f 3707 3713 3767
f 3767 3713 3779
f 3767 3779 3833
f 3833 3779 3836
f 3833 3836 3901
f 3901 3836 3902
f 3901 3902 3985
f 3985 3902 3977
f 3985 3977 4031
f 4031 3977 4025
f 4031 4025 4097
f 4097 4025 4082
f 4097 4082 4151
f 4151 4082 4142
f 4151 4142 4203
f 4203 4142 4196
f 4203 4196 4242
f 4242 4196 4230
f 4242 4230 4285
f 4285 4230 4274
f 4285 4274 4311
f 4311 4274 4294
f 4311 4294 4312
f 4312 4294 4292
f 4312 4292 4302
f 4358 4340 4317
f 3769 3754 3794
f 4340 4337 4321
f 3693 3690 3691
f 3691 3690 3695
f 3691 3695 3701
f 3701 3695 3712
f 3701 3712 3722
f 3754 3769 3712
f 3712 3769 3731
f 3712 3731 3722
f 3880 3822 3794
f 3794 3822 3814
f 3794 3814 3769
f 3794 3847 3880
f 3880 3847 3923
f 3880 3923 3942
f 3942 3923 3986
f 3942 3986 3998
f 3998 3986 4022
f 3998 4022 4079
f 4340 4321 4317
f 4317 4321 4289
f 4317 4289 4283
f 4283 4289 4238
f 4283 4238 4237
f 4237 4238 4190
f 4237 4190 4195
f 4195 4190 4127
f 4195 4127 4139
f 4139 4127 4114
f 4139 4114 4079
f 4079 4114 4061
f 4079 4061 3998
f 3688 3675 3664
f 4395 4346 4368
f 4368 4346 4310
f 4368 4310 4322
f 4322 4310 4260
f 4322 4260 4275
f 4275 4260 4207
f 4275 4207 4221
f 4221 4207 4153
f 4221 4153 4156
f 4156 4153 4096
f 4156 4096 4101
f 4101 4096 4029
f 4101 4029 4028
f 4028 4029 3980
f 4028 3980 3974
f 3974 3980 3907
f 3974 3907 3894
f 3894 3907 3841
f 3894 3841 3831
f 3831 3841 3789
f 3831 3789 3770
f 3770 3789 3735
f 3770 3735 3717
f 3717 3735 3694
f 3717 3694 3681
f 3681 3694 3674
f 3681 3674 3653
f 3653 3674 3664
f 3653 3664 3649
f 3649 3664 3675
f 3649 3675 3654
f 4395 4377 4346
f 4346 4377 4332
f 4346 4332 4310
f 4310 4332 4293
f 4310 4293 4260
f 4260 4293 4244
f 4260 4244 4207
f 4207 4244 4202
f 4207 4202 4153
f 4153 4202 4145
f 4153 4145 4096
f 4096 4145 4083
f 4096 4083 4029
f 4029 4083 4026
f 4029 4026 3980
f 3980 4026 3989
f 3980 3989 3907
f 3907 3989 3913
f 3907 3913 3841
f 3841 3913 3843
f 3841 3843 3789
f 3789 3843 3792
f 3789 3792 3735
f 3735 3792 3746
f 3735 3746 3694
f 3694 3746 3705
f 3694 3705 3674
f 3674 3705 3687
f 3674 3687 3664
f 3664 3687 3683
f 3664 3683 3688
f 3688 3683 3696
f 4377 4358 4332
f 4332 4358 4317
f 4332 4317 4293
f 4293 4317 4283
f 4293 4283 4244
f 4244 4283 4237
f 4244 4237 4202
f 4202 4237 4195
f 4202 4195 4145
f 4145 4195 4139
f 4145 4139 4083
f 4083 4139 4079
f 4083 4079 4026
f 4026 4079 4022
f 4026 4022 3989
f 3989 4022 3986
f 3989 3986 3913
f 3913 3986 3923
f 3913 3923 3843
f 3843 3923 3847
f 3843 3847 3792
f 3792 3847 3794
f 3792 3794 3746
f 3746 3794 3754
f 3746 3754 3705
f 3705 3754 3712
f 3705 3712 3687
f 3687 3712 3695
f 3687 3695 3683
f 3683 3695 3690
f 3683 3690 3696
f 3696 3690 3693
f 3696 3693 3697
f 3975 3912 3903
f 3903 3912 3884
f 3903 3884 3839
f 4227 4192 4197
f 4197 4192 4137
f 4197 4137 4143
f 4143 4137 4077
f 4143 4077 4081
f 4081 4077 4024
f 4081 4024 4023
f 4023 4024 3988
f 4023 3988 3975
f 3975 3988 3969
f 3975 3969 3912
f 4234 4276 4233
f 4233 4276 4266
f 4266 4276 4290
f 4290 4276 4298
f 4290 4298 4297
f 4297 4298 4314
f 4297 4314 4306
f 4306 4314 4309
f 4309 4314 4312
f 4309 4312 4308
f 3689 3702 3628
f 3628 3702 3656
f 3628 3656 3603
f 3603 3656 3620
f 3603 3620 3592
f 3592 3620 3602
f 3618 3602 3647
f 3647 3602 3620
f 3647 3620 3673
f 3673 3620 3656
f 3673 3656 3716
f 3716 3656 3702
f 3716 3702 3780
f 3689 3706 3702
f 3702 3706 3763
f 3702 3763 3780
f 3780 3763 3837
f 3830 3895 3904
f 3904 3895 3983
f 3904 3983 3982
f 3982 3983 4033
f 3982 4033 4030
f 4030 4033 4102
f 4030 4102 4095
f 4095 4102 4154
f 4095 4154 4150
f 3895 3979 3983
f 3983 3979 4034
f 3983 4034 4033
f 4033 4034 4104
f 4033 4104 4102
f 4102 4104 4158
f 4102 4158 4154
f 4154 4158 4220
f 4154 4220 4150
f 4338 4323 4339
f 4339 4323 4324
f 4339 4324 4330
f 4330 4324 4313
f 4330 4313 4301
f 4301 4313 4286
f 4301 4286 4268
f 4268 4286 4243
f 4268 4243 4220
f 4220 4243 4204
f 4220 4204 4150
f 3884 3840 3839
f 3839 3840 3782
f 3839 3782 3783
f 3783 3782 3756
f 3783 3756 3728
f 3728 3756 3725
f 3728 3725 3682
f 3682 3725 3679
f 3682 3679 3650
f 3650 3679 3659
f 3650 3659 3636
f 3636 3659 3644
f 3636 3644 3641
f 3839 3905 3903
f 3903 3905 3978
f 3903 3978 3975
f 3975 3978 4027
f 3975 4027 4023
f 4023 4027 4088
f 4023 4088 4081
f 4081 4088 4144
f 4081 4144 4143
f 4143 4144 4200
f 4143 4200 4197
f 3636 3618 3650
f 3650 3618 3647
f 3650 3647 3682
f 3682 3647 3673
f 3682 3673 3728
f 3728 3673 3716
f 3728 3716 3783
f 3783 3716 3780
f 3783 3780 3839
f 3839 3780 3837
f 3839 3837 3905
f 4364 4338 4362
f 4362 4338 4339
f 4362 4339 4350
f 4350 4339 4330
f 4350 4330 4318
f 4318 4330 4301
f 4318 4301 4269
f 4269 4301 4268
f 4269 4268 4225
f 4225 4268 4220
f 4225 4220 4183
f 4183 4220 4158
f 4183 4158 4109
f 4109 4158 4104
f 4109 4104 4073
f 4073 4104 4035
f 4035 4104 4034
f 4035 4034 3968
f 3968 4034 3979
f 3968 3979 3889
f 3889 3979 3895
f 3889 3895 3829
f 3829 3895 3830
f 3829 3830 3751
f 4323 4312 4324
f 4324 4312 4314
f 4324 4314 4313
f 4313 4314 4298
f 4313 4298 4286
f 4286 4298 4276
f 4286 4276 4243
f 4243 4276 4234
f 4233 4227 4234
f 4234 4227 4197
f 4234 4197 4243
f 4243 4197 4200
f 4243 4200 4204
f 4204 4200 4144
f 4204 4144 4150
f 4150 4144 4088
f 4150 4088 4095
f 4095 4088 4027
f 4095 4027 4030
f 4030 4027 3978
f 4030 3978 3982
f 3982 3978 3905
f 3982 3905 3904
f 3904 3905 3837
f 3904 3837 3830
f 3830 3837 3763
f 3830 3763 3751
f 3751 3763 3706
f 4290 4297 4296
f 3885 3912 3969
f 3885 3969 4018
f 3756 3782 3752
f 3752 3782 3840
f 3752 3840 3885
f 3885 3840 3884
f 3885 3884 3912
f 3756 3752 3725
f 3725 3752 3658
f 3725 3658 3679
f 3640 3641 3639
f 3639 3641 3644
f 3639 3644 3658
f 3658 3644 3659
f 3658 3659 3679
f 3676 3651 3677
f 3677 3651 3642
f 3677 3642 3639
f 3639 3642 3638
f 3639 3638 3640
f 3781 3730 3677
f 3677 3730 3684
f 3677 3684 3676
f 3924 3842 3781
f 3781 3842 3786
f 3781 3786 3730
f 4043 4044 3924
f 3924 4044 4032
f 4032 3984 3924
f 3924 3984 3925
f 3924 3925 3842
f 4191 4160 4161
f 4161 4160 4146
f 4161 4146 4043
f 4043 4146 4080
f 4043 4080 4044
f 4249 4248 4161
f 4161 4248 4226
f 4161 4226 4191
f 4303 4292 4249
f 4249 4292 4271
f 4249 4271 4248
f 4296 4297 4303
f 4303 4297 4306
f 4303 4306 4309
f 4309 4308 4303
f 4303 4308 4302
f 4303 4302 4292
f 4192 4232 4137
f 4137 4232 4138
f 4137 4138 4078
f 4192 4227 4232
f 4232 4227 4233
f 4232 4233 4296
f 4296 4233 4266
f 4296 4266 4290
f 3969 3988 4018
f 4018 3988 4024
f 4018 4024 4078
f 4078 4024 4077
f 4078 4077 4137
f 3996 3970 3971
f 3701 3722 3723
f 4068 4061 4114
f 4068 4114 4128
f 4061 4068 3998
f 3998 4068 3949
f 3998 3949 3942
f 3942 3949 3880
f 3880 3949 3813
f 3880 3813 3822
f 3722 3731 3723
f 3723 3731 3769
f 3723 3769 3813
f 3813 3769 3814
f 3813 3814 3822
f 3703 3692 3714
f 3714 3692 3736
f 3703 3697 3692
f 3692 3697 3693
f 3692 3693 3723
f 3723 3693 3691
f 3723 3691 3701
f 3834 3759 3736
f 3736 3759 3737
f 3736 3737 3714
f 3971 3970 3834
f 3834 3970 3938
f 3834 3938 3872
f 3872 3848 3834
f 3834 3848 3835
f 3834 3835 3759
f 4184 4155 4090
f 4155 4112 4090
f 4090 4112 4089
f 4090 4089 3971
f 3971 4089 4062
f 3971 4062 3996
f 4184 4090 4208
f 4208 4090 4209
f 4208 4209 4240
f 4240 4209 4304
f 4240 4304 4282
f 4347 4335 4354
f 4354 4335 4320
f 4354 4320 4304
f 4304 4320 4305
f 4304 4305 4282
f 4348 4349 4356
f 4356 4361 4348
f 4348 4361 4360
f 4348 4360 4354
f 4354 4360 4355
f 4354 4355 4347
f 4349 4348 4337
f 4337 4348 4288
f 4337 4288 4321
f 4114 4127 4128
f 4128 4127 4190
f 4128 4190 4189
f 4189 4190 4238
f 4189 4238 4288
f 4288 4238 4289
f 4288 4289 4321
f 4017 4015 4012
f 4173 4176 4213
f 4213 4176 4194
f 4106 4111 4085
f 4085 4111 4152
f 4085 4152 4173
f 4173 4152 4159
f 4173 4159 4176
f 4006 4002 4016
f 4016 4053 4006
f 4006 4053 4063
f 4006 4063 4085
f 4085 4063 4084
f 4085 4084 4106
f 4002 4006 3959
f 3959 4006 3927
f 3959 3927 3952
f 3874 3890 3862
f 3862 3890 3906
f 3862 3906 3927
f 3927 3906 3930
f 3927 3930 3952
f 3851 3849 3868
f 3868 3849 3857
f 3868 3857 3862
f 3862 3857 3865
f 3862 3865 3874
f 3966 3931 3932
f 3932 3931 3914
f 3914 3883 3932
f 3932 3883 3878
f 3932 3878 3868
f 3868 3878 3867
f 3868 3867 3851
f 4012 4015 3932
f 3932 4015 3976
f 3932 3976 3966
f 4091 4094 4012
f 4012 4094 4076
f 4076 4072 4012
f 4012 4072 4020
f 4012 4020 4017
f 4177 4134 4091
f 4091 4134 4120
f 4091 4120 4094
f 4205 4186 4177
f 4177 4186 4180
f 4177 4180 4134
f 4194 4199 4213
f 4213 4199 4212
f 4213 4212 4217
f 4217 4212 4223
f 4223 4222 4217
f 4217 4222 4216
f 4217 4216 4177
f 4177 4216 4210
f 4177 4210 4205
f 4164 4165 4149
f 4149 4165 4117
f 4149 4117 4140
f 4039 4046 4060
f 4060 4103 4039
f 4039 4103 4110
f 4039 4110 4117
f 4117 4110 4116
f 4117 4116 4140
f 4046 4039 4011
f 4011 4039 3955
f 4011 3955 3995
f 3832 3855 3852
f 3852 3855 3871
f 3852 3871 3882
f 3882 3937 3852
f 3852 3937 3951
f 3852 3951 3955
f 3955 3951 3958
f 3955 3958 3995
f 3832 3852 3825
f 3825 3852 3803
f 3825 3803 3802
f 3798 3799 3803
f 3803 3799 3801
f 3803 3801 3802
f 3827 3824 3806
f 3806 3824 3809
f 3806 3809 3803
f 3803 3809 3800
f 3803 3800 3798
f 3926 3876 3858
f 3858 3876 3861
f 3858 3861 3806
f 3806 3861 3850
f 3806 3850 3827
f 4000 3992 3961
f 3961 3992 3960
f 3961 3960 3858
f 3858 3960 3939
f 3858 3939 3926
f 4098 4048 4107
f 4107 4048 4122
f 4098 4054 4048
f 4048 4054 4047
f 4048 4047 3961
f 3961 4047 4038
f 3961 4038 4000
f 4162 4141 4170
f 4170 4141 4135
f 4170 4135 4122
f 4122 4135 4125
f 4122 4125 4107
f 4164 4181 4165
f 4165 4181 4182
f 4165 4182 4170
f 4170 4182 4163
f 4170 4163 4162
f 4214 4175 4174
f 4174 4175 4087
f 4174 4087 4086
f 4086 4087 4008
f 4086 4008 4007
f 4007 4008 3929
f 4007 3929 3928
f 3928 3929 3864
f 3928 3864 3863
f 3863 3864 3870
f 3863 3870 3869
f 3869 3870 3934
f 3869 3934 3933
f 3933 3934 4014
f 3933 4014 4013
f 4013 4014 4093
f 4013 4093 4092
f 4092 4093 4179
f 4092 4179 4178
f 4178 4179 4219
f 4178 4219 4218
f 4218 4219 4215
f 4218 4215 4214
f 4214 4215 4175
f 4166 4119 4118
f 4118 4119 4041
f 4118 4041 4040
f 4040 4041 3957
f 4040 3957 3956
f 3956 3957 3854
f 3956 3854 3853
f 3853 3854 3805
f 3853 3805 3804
f 3804 3805 3808
f 3804 3808 3807
f 3807 3808 3860
f 3807 3860 3859
f 3859 3860 3963
f 3859 3963 3962
f 3962 3963 4050
f 3962 4050 4049
f 4049 4050 4124
f 4049 4124 4123
f 4123 4124 4172
f 4123 4172 4171
f 4171 4172 4167
f 4171 4167 4166
f 4166 4167 4119
