time,Fx,Fy,Fz,Mx,My,Mz
0.000000,0.639859640,-0.049496412,3.877758618,0.039594571,0.666729602,0.038335147
0.001000,0.620145239,-0.070186893,3.867849440,0.041751991,0.667035086,0.038617637
0.002000,0.600430838,-0.090877374,3.857940262,0.043909411,0.667340569,0.038900128
0.003000,0.581085686,-0.110457446,3.849520515,0.045928041,0.667609100,0.039145094
0.004000,0.579096845,-0.100639330,3.873026335,0.044294669,0.668019246,0.039717304
0.005000,0.588362571,-0.078368655,3.916487302,0.040846264,0.668571835,0.041164247
0.006000,0.598217968,-0.055384095,3.960667563,0.037346008,0.669121201,0.042675567
0.007000,0.608073365,-0.032399535,4.004847824,0.033845753,0.669670567,0.044186886
0.008000,0.616921558,-0.010426634,4.048871386,0.030390415,0.670201617,0.045663589
0.009000,0.613463356,-0.008043472,4.060604835,0.028434387,0.671704589,0.046982306
0.010000,0.604669646,-0.017995638,4.048400030,0.027537890,0.673663461,0.046705922
0.011000,0.595875936,-0.027947804,4.036195225,0.026641393,0.675622333,0.046429537
0.012000,0.587082226,-0.037899970,4.023990421,0.025744896,0.677581205,0.046153153
0.013000,0.579482920,-0.046432697,4.014904731,0.024819847,0.679562243,0.045876328
0.014000,0.585768786,-0.048897700,4.033585342,0.023957215,0.681336294,0.045663528
0.015000,0.590334002,-0.061709873,4.070031950,0.023906720,0.682869466,0.045969729
0.016000,0.594899217,-0.074522047,4.106478557,0.023856224,0.684402638,0.046275929
0.017000,0.599464433,-0.087334220,4.142925165,0.023805729,0.685935810,0.046582130
0.018000,0.606228530,-0.099154730,4.175388254,0.023732275,0.687798310,0.046914226
0.019000,0.609457339,-0.116427213,4.179313668,0.023604597,0.690859756,0.046253749
0.020000,0.608360990,-0.124151933,4.175059740,0.021915028,0.693691371,0.043656097
0.021000,0.607264641,-0.131876654,4.170805812,0.020225459,0.696522985,0.041058444
0.022000,0.606168291,-0.139601375,4.166551883,0.018535890,0.699354600,0.038460792
0.023000,0.603446937,-0.144362032,4.162521674,0.016675987,0.702062514,0.035690096
0.024000,0.598447068,-0.129270676,4.149493366,0.014284015,0.704485079,0.033675466
0.025000,0.603752782,-0.110057531,4.120163695,0.012750566,0.707349438,0.033353980
0.026000,0.609058496,-0.090844386,4.090834025,0.011217117,0.710213797,0.033032495
0.027000,0.614364209,-0.071631241,4.061504354,0.009683669,0.713078155,0.032711009
0.028000,0.619937714,-0.055054207,4.035020064,0.008281752,0.715861470,0.032377082
0.029000,0.637261958,-0.061958186,4.040512588,0.007976295,0.717424018,0.032508227
0.030000,0.652594486,-0.072637182,4.058236476,0.007706479,0.718513237,0.032507885
0.031000,0.667927014,-0.083316178,4.075960364,0.007436662,0.719602457,0.032507542
0.032000,0.683259541,-0.093995173,4.093684253,0.007166845,0.720691676,0.032507200
0.033000,0.697602519,-0.103682410,4.109739267,0.006913704,0.721686945,0.032475759
0.034000,0.691770842,-0.106508838,4.082116280,0.007638676,0.722076149,0.032223108
0.035000,0.688576513,-0.117802049,4.031422582,0.009551283,0.722695729,0.032889662
0.036000,0.685382183,-0.129095260,3.980728884,0.011463889,0.723315309,0.033556217
0.037000,0.682187854,-0.140388470,3.930035187,0.013376496,0.723934889,0.034222771
0.038000,0.675845203,-0.151884108,3.882139539,0.014568519,0.724315958,0.035049881
0.039000,0.663309859,-0.126839883,3.852824148,0.010537940,0.722791549,0.035712227
0.040000,0.647323265,-0.077895147,3.832140421,0.004691848,0.720728750,0.035612380
0.041000,0.631336672,-0.028950410,3.811456695,-0.001154244,0.718665951,0.035512533
0.042000,0.615350079,0.019994326,3.790772968,-0.007000336,0.716603152,0.035412687
0.043000,0.600009974,0.065721363,3.770026163,-0.012510471,0.714491131,0.035187005
0.044000,0.598787257,0.058703373,3.746998213,-0.012937662,0.712160776,0.034354813
0.045000,0.600198781,0.030100092,3.719778800,-0.011118124,0.709447519,0.033399299
0.046000,0.601610306,0.001496811,3.692559388,-0.009298586,0.706734262,0.032443786
0.047000,0.603021831,-0.027106471,3.665339975,-0.007479047,0.704021004,0.031488273
0.048000,0.603803769,-0.054066398,3.637916505,-0.005725068,0.701206201,0.030461711
0.049000,0.582610749,-0.056032416,3.615699079,-0.004713867,0.696286689,0.029313479
0.050000,0.558578657,-0.049145877,3.594578298,-0.003907576,0.690778148,0.028092355
0.051000,0.534546565,-0.042259339,3.573457517,-0.003101286,0.685269608,0.026871231
0.052000,0.510514473,-0.035372801,3.552336736,-0.002294995,0.679761067,0.025650107
0.053000,0.489369266,-0.028000113,3.531260949,-0.001761208,0.674354069,0.024537123
0.054000,0.493256212,-0.021341904,3.512494103,-0.004395419,0.670063984,0.024164391
0.055000,0.497160599,-0.014408181,3.497548461,-0.008173756,0.665754602,0.024056301
0.056000,0.501064987,-0.007474459,3.482602819,-0.011952093,0.661445220,0.023948211
0.057000,0.504969374,-0.000540736,3.467657177,-0.015730430,0.657135839,0.023840120
0.058000,0.507882974,0.006190955,3.452690263,-0.019455732,0.652770488,0.023800531
0.059000,0.506941533,0.016073704,3.428272283,-0.021600188,0.647953993,0.024440500
0.060000,0.513602408,0.027854115,3.399124455,-0.023075967,0.643386649,0.025171982
0.061000,0.520263284,0.039634527,3.369976627,-0.024551746,0.638819305,0.025903465
0.062000,0.526924159,0.051414939,3.340828799,-0.026027525,0.634251962,0.026634948
0.063000,0.532162675,0.061143968,3.310396269,-0.027255886,0.629679551,0.027276433
0.064000,0.512618247,0.053012207,3.274513887,-0.026248049,0.624591834,0.027821694
0.065000,0.475718786,0.040568370,3.238300746,-0.024640304,0.618896370,0.028480050
0.066000,0.438819324,0.028124534,3.202087606,-0.023032559,0.613200907,0.029138406
0.067000,0.401919863,0.015680698,3.165874465,-0.021424814,0.607505443,0.029796762
0.068000,0.367072346,0.004883786,3.131589599,-0.019960798,0.601916534,0.030560161
0.069000,0.374410633,0.010528356,3.117780274,-0.020748851,0.598485872,0.031961525
0.070000,0.402353358,0.016560472,3.106875237,-0.022114583,0.596097998,0.033463191
0.071000,0.430296083,0.022592588,3.095970200,-0.023480314,0.593710124,0.034964857
0.072000,0.458238807,0.028624704,3.085065163,-0.024846046,0.591322251,0.036466523
0.073000,0.485613497,0.034653269,3.074004787,-0.026207856,0.588884440,0.037995067
0.074000,0.480530412,0.043794836,3.049798381,-0.027797792,0.585477545,0.040299844
0.075000,0.459425564,0.050641485,3.026163405,-0.029175888,0.581523059,0.042800219
0.076000,0.438320716,0.057488135,3.002528429,-0.030553984,0.577568572,0.045300595
0.077000,0.417215868,0.064334784,2.978893453,-0.031932080,0.573614085,0.047800970
0.078000,0.396155460,0.071066188,2.955426950,-0.033282835,0.569679988,0.050312124
0.079000,0.399991863,0.069049045,2.939754887,-0.033362978,0.566726242,0.054769318
0.080000,0.418749005,0.065366633,2.923088186,-0.033067596,0.564368032,0.060503107
0.081000,0.437506146,0.061684221,2.906421485,-0.032772214,0.562009823,0.066236896
0.082000,0.456263288,0.058001808,2.889754784,-0.032476831,0.559651613,0.071970684
0.083000,0.474580317,0.053818901,2.870718899,-0.032102659,0.557342484,0.077649771
0.084000,0.471741249,0.040620977,2.851951724,-0.030781291,0.554574583,0.082143608
0.085000,0.453565541,0.024155850,2.843502380,-0.029041352,0.551154089,0.085807354
0.086000,0.435389834,0.007690722,2.835053036,-0.027301413,0.547733596,0.089471101
0.087000,0.417214127,-0.008774405,2.826603692,-0.025561474,0.544313102,0.093134847
0.088000,0.400024434,-0.025849516,2.817499908,-0.023933352,0.540886845,0.096796591
0.089000,0.395879171,-0.037757193,2.799399821,-0.025753220,0.537237819,0.099978278
0.090000,0.399776313,-0.042588942,2.775543209,-0.029865903,0.533554010,0.102877060
0.091000,0.403673456,-0.047420690,2.751686597,-0.033978587,0.529870200,0.105775843
0.092000,0.407570598,-0.052252439,2.727829985,-0.038091270,0.526186391,0.108674625
0.093000,0.410884850,-0.056623677,2.704699610,-0.042026669,0.522426774,0.111565159
0.094000,0.397692252,-0.058960646,2.680092241,-0.043268085,0.517645301,0.114743128
0.095000,0.376127779,-0.067570780,2.653677091,-0.042960878,0.512503844,0.118204022
0.096000,0.354563307,-0.076180914,2.627261941,-0.042653672,0.507362387,0.121664916
0.097000,0.332998834,-0.084791048,2.600846791,-0.042346466,0.502220929,0.125125810
0.098000,0.311308910,-0.094693790,2.573671108,-0.041954028,0.497079230,0.128445310
0.099000,0.310744568,-0.128911834,2.545629993,-0.041182345,0.492662881,0.129932825
0.100000,0.326794401,-0.168235499,2.517621881,-0.040819559,0.488556010,0.130711411
0.101000,0.342844235,-0.207559164,2.489613770,-0.040456773,0.484449138,0.131489998
0.102000,0.358894069,-0.246882830,2.461605658,-0.040093987,0.480342267,0.132268584
0.103000,0.371355476,-0.279658321,2.427585677,-0.040056912,0.475933141,0.133052820
0.104000,0.383738600,-0.263773889,2.396039057,-0.041657150,0.469707967,0.134307402
0.105000,0.381848796,-0.229714827,2.367230188,-0.043789034,0.462018947,0.136273399
0.106000,0.379958991,-0.195655765,2.338421319,-0.045920918,0.454329927,0.138239397
0.107000,0.377208937,-0.162246494,2.309516526,-0.048047072,0.446585897,0.140222909
0.108000,0.360484523,-0.137421888,2.279136557,-0.050102939,0.438052919,0.142394473
0.109000,0.279525632,-0.138177350,2.215757299,-0.052064456,0.426850790,0.145474290
0.110000,0.182780742,-0.148432031,2.131461783,-0.053839648,0.415543231,0.148860603
0.111000,0.086035852,-0.158686712,2.047166267,-0.055614841,0.404235671,0.152246916
0.112000,-0.010772239,-0.168432864,1.963085091,-0.057401904,0.392956922,0.155613453
0.113000,-0.093000612,-0.171443564,1.882961578,-0.059228502,0.382275813,0.158598895
0.114000,-0.037274068,-0.189883867,1.831206978,-0.059051611,0.376496912,0.160417433
0.115000,0.046009930,-0.213279843,1.786095858,-0.058418052,0.371682233,0.162035148
0.116000,0.129293928,-0.236675819,1.740984738,-0.057784494,0.366867555,0.163652864
0.117000,0.212577927,-0.260071795,1.695873618,-0.057150935,0.362052876,0.165270579
0.118000,0.285371422,-0.281115201,1.651068149,-0.056558606,0.356789328,0.166796578
0.119000,0.283654291,-0.270295978,1.600737337,-0.056214451,0.347424182,0.167457284
0.120000,0.252832883,-0.243107497,1.549678342,-0.056173795,0.336546615,0.168051823
0.121000,0.222011476,-0.215919017,1.498619347,-0.056133139,0.325669047,0.168646362
0.122000,0.191190068,-0.188730537,1.447560352,-0.056092483,0.314791480,0.169240901
0.123000,0.163171271,-0.165501376,1.399080844,-0.056059315,0.304032921,0.169755759
0.124000,0.128693730,-0.163363881,1.347918629,-0.057056396,0.292534906,0.169675360
0.125000,0.090802153,-0.165720391,1.290059065,-0.058385478,0.280897962,0.169644493
0.126000,0.052910577,-0.168076901,1.232199501,-0.059714561,0.269261018,0.169613626
0.127000,0.015019000,-0.170433412,1.174339936,-0.061043644,0.257624074,0.169582758
0.128000,-0.022408167,-0.172496493,1.116696746,-0.062308504,0.246032968,0.169578912
0.129000,-0.035903450,-0.165188833,1.071848028,-0.061810612,0.235692414,0.169952814
0.130000,-0.034922294,-0.149597627,1.033178646,-0.060715050,0.225948817,0.170307492
0.131000,-0.033941138,-0.134006420,0.994509264,-0.059619489,0.216205220,0.170662169
0.132000,-0.032959981,-0.118415213,0.955839882,-0.058523927,0.206461623,0.171016846
0.133000,-0.029933609,-0.103271820,0.917195356,-0.057496480,0.196884994,0.171101407
0.134000,0.000172532,-0.090722593,0.896892387,-0.057556518,0.189913587,0.167819909
0.135000,0.040082252,-0.085049505,0.886239780,-0.058008381,0.183953929,0.162862018
0.136000,0.079991973,-0.079376417,0.875587173,-0.058460243,0.177994272,0.157904126
0.137000,0.119901693,-0.073703329,0.864934565,-0.058912105,0.172034614,0.152946234
0.138000,0.154898290,-0.070374087,0.853383367,-0.059334066,0.165766226,0.147578606
0.139000,0.133421507,-0.074394038,0.818928902,-0.060389292,0.156406538,0.137354146
0.140000,0.085709896,-0.079209782,0.780682340,-0.061613810,0.145808330,0.125504404
0.141000,0.037998285,-0.084025527,0.742435778,-0.062838328,0.135210122,0.113654662
0.142000,-0.009160382,-0.088958905,0.705480675,-0.064067329,0.124762322,0.101822949
0.143000,-0.056329326,-0.089437389,0.675059224,-0.065436476,0.114840046,0.090051479
0.144000,-0.085351241,-0.064441010,0.646183094,-0.067550230,0.106421120,0.077964046
0.145000,-0.068909777,-0.031651488,0.612368231,-0.070444181,0.101027152,0.065456700
0.146000,-0.032524035,0.009364385,0.569846135,-0.074105107,0.096561472,0.052417750
0.147000,0.003861707,0.050380258,0.527324039,-0.077766033,0.092095792,0.039378799
0.148000,0.037703543,0.085684118,0.484793103,-0.081169576,0.087579027,0.026205851
0.149000,0.040248914,0.073553620,0.453582122,-0.083040626,0.082161320,0.011412669
0.150000,0.039085164,0.055363654,0.423898134,-0.084640635,0.076075590,-0.003711837
0.151000,0.037921413,0.037173687,0.394214145,-0.086240644,0.069989861,-0.018836343
0.152000,0.036757662,0.018983721,0.364530157,-0.087840654,0.063904132,-0.033960849
0.153000,0.033190850,0.003428728,0.335711250,-0.089495358,0.057821685,-0.049114909
0.154000,0.013166952,0.019714680,0.309157686,-0.091754816,0.050503820,-0.063938356
0.155000,-0.010579406,0.044175875,0.283480013,-0.094139527,0.042869171,-0.078254141
0.156000,-0.034325763,0.068637071,0.257802339,-0.096524237,0.035234521,-0.092569926
0.157000,-0.058072120,0.093098267,0.232124665,-0.098908947,0.027599872,-0.106885712
0.158000,-0.077824837,0.118372424,0.204720217,-0.101504273,0.020076256,-0.121028025
0.159000,-0.048375000,0.157987073,0.167054539,-0.106478539,0.014889113,-0.132277459
0.160000,-0.001075434,0.197232907,0.121680552,-0.111750854,0.010526775,-0.142889276
0.161000,0.046224132,0.236478740,0.076306566,-0.117023168,0.006164437,-0.153501092
0.162000,0.093523698,0.275724574,0.030932579,-0.122295483,0.001802100,-0.164112909
0.163000,0.137352475,0.312738930,-0.015861582,-0.127103650,-0.002556460,-0.174644719
0.164000,0.138213193,0.316836488,-0.078644918,-0.125588012,-0.007154398,-0.184090162
0.165000,0.113386425,0.315516900,-0.145432236,-0.122045121,-0.012087521,-0.193482115
0.166000,0.088559657,0.314197311,-0.212219554,-0.118502230,-0.017020644,-0.202874068
0.167000,0.063732890,0.312877723,-0.279006872,-0.114959338,-0.021953766,-0.212266020
0.168000,0.039068756,0.308280813,-0.339503740,-0.111692931,-0.026966466,-0.221065113
0.169000,0.018107822,0.290630287,-0.352758115,-0.111501085,-0.032760424,-0.225350905
0.170000,0.000650876,0.260820280,-0.348900804,-0.111778551,-0.038769967,-0.228160521
0.171000,-0.016806070,0.231010273,-0.345043492,-0.112056017,-0.044779511,-0.230970138
0.172000,-0.034263015,0.201200267,-0.341186180,-0.112333483,-0.050789054,-0.233779754
0.173000,-0.046196480,0.176091460,-0.340599997,-0.112910259,-0.056562443,-0.236196742
0.174000,-0.014410686,0.234039631,-0.368114566,-0.118095422,-0.059964077,-0.233458691
0.175000,0.027487794,0.315258091,-0.408049734,-0.124201617,-0.062747874,-0.229434995
0.176000,0.069386274,0.396476552,-0.447984901,-0.130307811,-0.065531671,-0.225411298
0.177000,0.111284753,0.477695013,-0.487920068,-0.136414005,-0.068315468,-0.221387601
0.178000,0.150735070,0.553979476,-0.530525450,-0.142065974,-0.071082880,-0.217342263
0.179000,0.154888931,0.548475404,-0.585724799,-0.139959545,-0.073389690,-0.212845393
0.180000,0.142068841,0.496094301,-0.639790117,-0.133695915,-0.075430101,-0.207707158
0.181000,0.129248750,0.443713199,-0.693855435,-0.127432285,-0.077470512,-0.202568922
0.182000,0.116428660,0.391332096,-0.747920754,-0.121168656,-0.079510923,-0.197430687
0.183000,0.102923060,0.339165299,-0.795427012,-0.114982857,-0.081685288,-0.192289305
0.184000,0.083487820,0.297042849,-0.795009395,-0.110332432,-0.084648779,-0.185460750
0.185000,0.059977777,0.255661306,-0.784658050,-0.106372149,-0.088169005,-0.178231033
0.186000,0.036467735,0.214279764,-0.774306705,-0.102411866,-0.091689232,-0.171001315
0.187000,0.012957693,0.172898221,-0.763955360,-0.098451583,-0.095209458,-0.163771598
0.188000,-0.007324416,0.135025650,-0.753643131,-0.094925352,-0.098524978,-0.156429182
0.189000,0.020772594,0.173082781,-0.753317335,-0.099332279,-0.099173473,-0.147986906
0.190000,0.071834524,0.226727301,-0.761036838,-0.105617840,-0.098671967,-0.139541735
0.191000,0.122896454,0.280371821,-0.768756341,-0.111903400,-0.098170460,-0.131096564
0.192000,0.173958384,0.334016341,-0.776475844,-0.118188961,-0.097668954,-0.122651393
0.193000,0.219153000,0.382217729,-0.788366792,-0.123999412,-0.097278774,-0.114389242
0.194000,0.211843362,0.365231300,-0.819662862,-0.125254711,-0.098119151,-0.108075545
0.195000,0.179172387,0.330341542,-0.853453557,-0.125008590,-0.099655320,-0.102112891
0.196000,0.146501411,0.295451784,-0.887244251,-0.124762470,-0.101191489,-0.096150238
0.197000,0.113830435,0.260562027,-0.921034946,-0.124516349,-0.102727658,-0.090187585
0.198000,0.082231473,0.224117682,-0.953234747,-0.124020123,-0.104264640,-0.084095871
0.199000,0.051960113,0.187791207,-0.981965256,-0.121045261,-0.106150691,-0.076831878
0.200000,0.024837505,0.154349765,-1.006106479,-0.116935107,-0.108431035,-0.068908635
0.201000,-0.002285102,0.120908322,-1.030247702,-0.112824952,-0.110711379,-0.060985392
0.202000,-0.029407710,0.087466880,-1.054388926,-0.108714797,-0.112991722,-0.053062149
0.203000,-0.051752094,0.054136226,-1.077509926,-0.104910963,-0.115074798,-0.045076399
0.204000,-0.027221434,0.046690152,-1.094192921,-0.105874635,-0.115445392,-0.036120656
0.205000,0.016437138,0.053711093,-1.111129887,-0.108811417,-0.115204177,-0.026699888
0.206000,0.060095711,0.060732034,-1.128066852,-0.111748200,-0.114962962,-0.017279120
0.207000,0.103754283,0.067752974,-1.145003818,-0.114684982,-0.114721747,-0.007858352
0.208000,0.142901490,0.075463606,-1.162296459,-0.117367869,-0.114626244,0.001466258
0.209000,0.128548034,0.074310773,-1.184133588,-0.116584748,-0.116030303,0.009421712
0.210000,0.090152217,0.065612946,-1.217562623,-0.114269530,-0.117828187,0.016708640
0.211000,0.051756399,0.056915118,-1.250991657,-0.111954311,-0.119626071,0.023995568
0.212000,0.013360581,0.048217291,-1.284420692,-0.109639092,-0.121423955,0.031282496
0.213000,-0.024015629,0.035209051,-1.318803872,-0.106810332,-0.123087114,0.038384071
0.214000,-0.034485698,-0.005889673,-1.353259078,-0.099506637,-0.122928387,0.043152825
0.215000,-0.035651297,-0.044136987,-1.386539247,-0.091684079,-0.122404929,0.047148928
0.216000,-0.036816896,-0.082384301,-1.419819415,-0.083861520,-0.121881470,0.051145031
0.217000,-0.037982495,-0.120631615,-1.453099584,-0.076038961,-0.121358012,0.055141133
0.218000,-0.039030343,-0.156837524,-1.485137195,-0.068488195,-0.120779721,0.059079786
0.219000,-0.024354930,-0.160477338,-1.479980056,-0.065405912,-0.119149983,0.062139996
0.220000,-0.004238333,-0.157608322,-1.463370705,-0.063407684,-0.117057599,0.064775064
0.221000,0.015878265,-0.154739306,-1.446761354,-0.061409455,-0.114965215,0.067410133
0.222000,0.035994863,-0.151870289,-1.430152003,-0.059411227,-0.112872831,0.070045201
0.223000,0.056781876,-0.149723055,-1.412786930,-0.057361572,-0.110716397,0.072657980
0.224000,0.050819256,-0.156222477,-1.409055352,-0.055005142,-0.109027115,0.074116091
0.225000,0.026507477,-0.153031179,-1.409456336,-0.053608756,-0.107656129,0.075347883
0.226000,0.002195698,-0.149839882,-1.409857319,-0.052212370,-0.106285143,0.076579675
0.227000,-0.022116080,-0.146648584,-1.410258303,-0.050815984,-0.104914157,0.077811467
0.228000,-0.046114780,-0.145172062,-1.411518168,-0.049285053,-0.103549075,0.078988020
0.229000,-0.049685484,-0.168914680,-1.424525134,-0.044511565,-0.101550123,0.079257520
0.230000,-0.036296783,-0.195971043,-1.440641476,-0.038789479,-0.098651421,0.078457448
0.231000,-0.022908083,-0.223027407,-1.456757818,-0.033067393,-0.095752720,0.077657377
0.232000,-0.009519383,-0.250083771,-1.472874160,-0.027345307,-0.092854018,0.076857305
0.233000,0.003298059,-0.275883900,-1.488551272,-0.021799738,-0.089985940,0.076181761
0.234000,0.006128702,-0.274463435,-1.487623797,-0.019782045,-0.088179097,0.078399149
0.235000,0.000884468,-0.262490757,-1.477232377,-0.018845574,-0.086650404,0.081129133
0.236000,-0.004359766,-0.250518078,-1.466840957,-0.017909103,-0.085121711,0.083859117
0.237000,-0.009604000,-0.238545400,-1.456449537,-0.016972632,-0.083593019,0.086589100
0.238000,-0.014223085,-0.228048513,-1.444562328,-0.016160039,-0.082092789,0.089165565
0.239000,-0.021996918,-0.229179554,-1.442283709,-0.016738525,-0.081034247,0.090976493
0.240000,-0.027933248,-0.234955425,-1.447327132,-0.017896250,-0.080281584,0.092988065
0.241000,-0.033869578,-0.240731296,-1.452370555,-0.019053975,-0.079528920,0.094999636
0.242000,-0.039805908,-0.246507167,-1.457413978,-0.020211700,-0.078776257,0.097011208
0.243000,-0.046404154,-0.251999980,-1.462779731,-0.021407803,-0.078052383,0.098965733
0.244000,-0.035678328,-0.241237375,-1.462121116,-0.024440363,-0.077231034,0.101629198
0.245000,-0.006754215,-0.224046439,-1.456956631,-0.028087298,-0.075897502,0.104281836
0.246000,0.022169897,-0.206855504,-1.451792147,-0.031734233,-0.074563970,0.106934475
0.247000,0.051094010,-0.189664568,-1.446627662,-0.035381168,-0.073230438,0.109587114
0.248000,0.079805943,-0.168908722,-1.438915258,-0.039319968,-0.071928099,0.112363395
0.249000,0.100670477,-0.152604279,-1.431694037,-0.044299783,-0.070256555,0.114512306
0.250000,0.108896847,-0.140659211,-1.429339665,-0.049581306,-0.068916521,0.116394547
0.251000,0.117123217,-0.128714143,-1.426985294,-0.054862829,-0.067576488,0.118276788
0.252000,0.125349586,-0.116769075,-1.424630923,-0.060144352,-0.066236454,0.120159029
0.253000,0.132437493,-0.106075034,-1.424819241,-0.065304031,-0.064919780,0.121901991
0.254000,0.108122467,-0.124637920,-1.436749064,-0.067504755,-0.065414209,0.121496358
0.255000,0.078799207,-0.153872642,-1.446622274,-0.068326288,-0.066316028,0.120400289
0.256000,0.049475946,-0.183107365,-1.456495484,-0.069147822,-0.067217846,0.119304219
0.257000,0.020152686,-0.212342087,-1.466368694,-0.069969356,-0.068119665,0.118208149
0.258000,-0.006664731,-0.237729094,-1.475923475,-0.070962917,-0.069008335,0.117122251
0.259000,-0.013501878,-0.224700809,-1.468723030,-0.073410634,-0.069836540,0.115080070
0.260000,-0.019016319,-0.201169756,-1.460369216,-0.076341346,-0.070777179,0.112668229
0.261000,-0.024530761,-0.177638703,-1.452015402,-0.079272057,-0.071717817,0.110256389
0.262000,-0.030045203,-0.154107650,-1.443661588,-0.082202769,-0.072658456,0.107844548
0.263000,-0.034018183,-0.129690394,-1.435016145,-0.085160054,-0.073557034,0.105396985
0.264000,-0.020858637,-0.111192206,-1.436668158,-0.087610798,-0.073498229,0.102014103
0.265000,-0.000472153,-0.096749211,-1.444799237,-0.089896029,-0.072990091,0.098242198
0.266000,0.019914331,-0.082306216,-1.452930317,-0.092181260,-0.072481953,0.094470292
0.267000,0.040300815,-0.067863220,-1.461061397,-0.094466491,-0.071973816,0.090698387
0.268000,0.059172473,-0.055118311,-1.470012502,-0.096591793,-0.071552898,0.086885522
0.269000,0.053625044,-0.060979724,-1.485368807,-0.096487076,-0.072709076,0.081145948
0.270000,0.021732320,-0.076997335,-1.499964586,-0.095222776,-0.075332755,0.074216779
0.271000,-0.010160403,-0.093014947,-1.514560366,-0.093958475,-0.077956434,0.067287609
0.272000,-0.042053127,-0.109032558,-1.529156146,-0.092694175,-0.080580112,0.060358440
0.273000,-0.072322346,-0.124630160,-1.544183328,-0.091331529,-0.083149052,0.053410261
0.274000,-0.082621980,-0.121987425,-1.556823460,-0.088964950,-0.085521253,0.046192120
0.275000,-0.082320766,-0.110473866,-1.562726756,-0.086187114,-0.087661504,0.038954464
0.276000,-0.082019551,-0.098960308,-1.568630051,-0.083409277,-0.089801756,0.031716808
0.277000,-0.081718337,-0.087446749,-1.574533347,-0.080631440,-0.091942007,0.024479151
0.278000,-0.081101095,-0.077680727,-1.581323822,-0.077979066,-0.094026994,0.017350944
0.279000,-0.063386134,-0.063355100,-1.584276640,-0.077575059,-0.095704449,0.009916313
0.280000,-0.041771725,-0.050252402,-1.588000385,-0.078053350,-0.097398762,0.002082741
0.281000,-0.020157316,-0.037149703,-1.591724129,-0.078531641,-0.099093075,-0.005750831
0.282000,0.001457094,-0.024047005,-1.595447873,-0.079009932,-0.100787388,-0.013584402
0.283000,0.022296211,-0.012970110,-1.600961870,-0.079326294,-0.102523346,-0.021426753
0.284000,0.021142778,-0.008279466,-1.624914032,-0.078954396,-0.105257348,-0.028601089
0.285000,0.001572075,-0.008875668,-1.653444535,-0.077855096,-0.108723626,-0.035525245
0.286000,-0.017998627,-0.009471870,-1.681975039,-0.076755796,-0.112189905,-0.042449401
0.287000,-0.037569329,-0.010068073,-1.710505543,-0.075656495,-0.115656183,-0.049373557
0.288000,-0.051699574,-0.006648825,-1.737586979,-0.074804375,-0.118889591,-0.056128810
0.289000,-0.034638283,0.003496601,-1.750511429,-0.074009527,-0.121109269,-0.061693446
0.290000,-0.008067800,0.007165429,-1.763494961,-0.072251672,-0.123051891,-0.066756562
0.291000,0.018502683,0.010834256,-1.776478493,-0.070493817,-0.124994512,-0.071819677
0.292000,0.045373126,0.014385731,-1.789513187,-0.068728881,-0.126924925,-0.076868133
0.293000,0.070032306,0.015394249,-1.804826546,-0.066931657,-0.128896879,-0.081604581
0.294000,0.071123088,0.016982357,-1.826243593,-0.065727987,-0.131674284,-0.084883971
0.295000,0.064713712,0.017359131,-1.851342224,-0.064568316,-0.134528947,-0.087673297
0.296000,0.058241576,0.017676874,-1.876488284,-0.063406168,-0.137383889,-0.090461216
0.297000,0.051769439,0.017994618,-1.901634344,-0.062244019,-0.140238831,-0.093249135
0.298000,0.044915881,0.017271189,-1.926815219,-0.060949826,-0.143108414,-0.095886151
0.299000,0.040377089,0.018352244,-1.952523922,-0.060566142,-0.145608666,-0.096573408
0.300000,0.037149862,0.018269630,-1.980031044,-0.060426852,-0.147827662,-0.096808813
0.301000,0.033922636,0.018187016,-2.007538167,-0.060287562,-0.150046659,-0.097044218
0.302000,0.030695409,0.018104402,-2.035045289,-0.060148272,-0.152265655,-0.097279623
0.303000,0.029194119,0.019129299,-2.061948486,-0.060125262,-0.154384935,-0.097440626
0.304000,0.039511165,0.028284312,-2.072576532,-0.061251678,-0.155576905,-0.095856737
0.305000,0.049303409,0.038089179,-2.080279391,-0.062449061,-0.156579870,-0.093716926
0.306000,0.059095653,0.047894047,-2.087982251,-0.063646443,-0.157582834,-0.091577115
0.307000,0.068887897,0.057698915,-2.095685110,-0.064843826,-0.158585799,-0.089437304
0.308000,0.076614849,0.063577290,-2.103151538,-0.065984222,-0.159615900,-0.087220771
0.309000,0.075660269,0.056037776,-2.115934489,-0.067275496,-0.160378343,-0.084210561
0.310000,0.078908212,0.056760491,-2.128489077,-0.069505801,-0.160748127,-0.080572571
0.311000,0.082156156,0.057483206,-2.141043665,-0.071736107,-0.161117911,-0.076934581
0.312000,0.085404099,0.058205921,-2.153598253,-0.073966412,-0.161487695,-0.073296591
0.313000,0.089921820,0.058514962,-2.166841346,-0.076115435,-0.161788975,-0.069641562
0.314000,0.089454889,0.048913344,-2.193193323,-0.077173231,-0.161875542,-0.065748933
0.315000,0.086202695,0.033978069,-2.223826855,-0.077744183,-0.161810173,-0.061758664
0.316000,0.082950500,0.019042794,-2.254460387,-0.078315135,-0.161744804,-0.057768396
0.317000,0.079698305,0.004107519,-2.285093919,-0.078886087,-0.161679435,-0.053778127
0.318000,0.079460700,-0.008378614,-2.314240454,-0.079541098,-0.161445657,-0.049736788
0.319000,0.092540167,-0.005873941,-2.333512198,-0.080382015,-0.160740205,-0.045520854
0.320000,0.115288075,0.003580108,-2.349570659,-0.081273427,-0.159530823,-0.041357034
0.321000,0.138035982,0.013034158,-2.365629120,-0.082164839,-0.158321440,-0.037193214
0.322000,0.160783890,0.022488207,-2.381687581,-0.083056251,-0.157112058,-0.033029394
0.323000,0.175805090,0.026189485,-2.395089163,-0.083652134,-0.156268216,-0.028953350
0.324000,0.167219511,0.005292058,-2.394850939,-0.083286488,-0.156776194,-0.025320482
0.325000,0.156128210,-0.023323175,-2.390112667,-0.082812094,-0.157562675,-0.021802688
0.326000,0.145036910,-0.051938408,-2.385374396,-0.082337700,-0.158349156,-0.018284893
0.327000,0.133945609,-0.080553640,-2.380636124,-0.081863306,-0.159135637,-0.014767099
0.328000,0.123674655,-0.107182215,-2.376267742,-0.081603840,-0.159867949,-0.011288847
0.329000,0.121228084,-0.095819741,-2.390290436,-0.085467270,-0.159892495,-0.008491428
0.330000,0.123674626,-0.069299882,-2.413128491,-0.090600804,-0.159397732,-0.005972939
0.331000,0.126121169,-0.042780023,-2.435966547,-0.095734337,-0.158902969,-0.003454450
0.332000,0.128567712,-0.016260164,-2.458804603,-0.100867871,-0.158408206,-0.000935961
0.333000,0.129444494,0.007245077,-2.480259904,-0.105720997,-0.158047633,0.001564856
0.334000,0.137402534,-0.004119441,-2.498617627,-0.107405161,-0.157901345,0.003005753
0.335000,0.149073568,-0.023639199,-2.519514523,-0.108327564,-0.157815959,0.004179752
0.336000,0.160744603,-0.043158956,-2.540411419,-0.109249967,-0.157730573,0.005353752
0.337000,0.172415637,-0.062678713,-2.561308315,-0.110172371,-0.157645186,0.006527751
0.338000,0.182854769,-0.083081670,-2.581157558,-0.110871864,-0.157707625,0.007675471
0.339000,0.178756463,-0.088468020,-2.590457534,-0.110931576,-0.159381223,0.008266609
0.340000,0.173605926,-0.086530055,-2.589242855,-0.110580152,-0.161624330,0.008634139
0.341000,0.168380685,-0.084566787,-2.587960349,-0.110213561,-0.163877801,0.008994940
0.342000,0.163155444,-0.082603519,-2.586677843,-0.109846970,-0.166131272,0.009355740
0.343000,0.156294580,-0.081916030,-2.584633358,-0.109463039,-0.168478823,0.009617436
0.344000,0.146088489,-0.097142657,-2.583872617,-0.108774626,-0.171427486,0.009341767
0.345000,0.136928755,-0.120016736,-2.586886293,-0.108231488,-0.174812237,0.008605276
0.346000,0.132996057,-0.140664854,-2.589147703,-0.108481020,-0.178288651,0.007705677
0.347000,0.129356537,-0.161142309,-2.591297436,-0.108777663,-0.181762151,0.006806752
0.348000,0.125496339,-0.179675992,-2.594175663,-0.109287346,-0.185197002,0.006043253
0.349000,0.138446679,-0.172248637,-2.601898466,-0.111567303,-0.188094618,0.005407684
0.350000,0.165963844,-0.152217721,-2.612177439,-0.114698983,-0.190381477,0.004753767
0.351000,0.194369673,-0.130968355,-2.622870374,-0.117950687,-0.192609728,0.004087304
0.352000,0.222775503,-0.109718989,-2.633563309,-0.121202391,-0.194837979,0.003420840
0.353000,0.248273801,-0.090880676,-2.644355906,-0.124141125,-0.197249151,0.002609081
0.354000,0.244036802,-0.097174642,-2.663634286,-0.124399236,-0.201423433,0.001336710
0.355000,0.225637813,-0.112050941,-2.688266500,-0.123799848,-0.206401904,-0.000142442
0.356000,0.207238824,-0.126927239,-2.712898714,-0.123200459,-0.211380375,-0.001621594
0.357000,0.188839835,-0.141803538,-2.737530927,-0.122601071,-0.216358845,-0.003100746
0.358000,0.177520984,-0.154434961,-2.760693547,-0.121477089,-0.221058849,-0.004475956
0.359000,0.192697099,-0.163948383,-2.772780799,-0.117031716,-0.224742341,-0.005599738
0.360000,0.213333412,-0.173420422,-2.779290706,-0.112070005,-0.228202223,-0.006648399
0.361000,0.233975259,-0.182905508,-2.785774675,-0.107107278,-0.231662470,-0.007696874
0.362000,0.254617105,-0.192390595,-2.792258644,-0.102144550,-0.235122716,-0.008745350
0.363000,0.273457153,-0.201672434,-2.797627836,-0.097587671,-0.238707597,-0.009743049
0.364000,0.276680946,-0.196965055,-2.798085491,-0.098480360,-0.243104674,-0.010167149
0.365000,0.267707252,-0.184674096,-2.795140749,-0.101470074,-0.248375608,-0.010166069
0.366000,0.258733558,-0.172383137,-2.792196007,-0.104459788,-0.253646542,-0.010164988
0.367000,0.249759864,-0.160092178,-2.789251265,-0.107449501,-0.258917476,-0.010163907
0.368000,0.242099066,-0.147119774,-2.788682439,-0.110401724,-0.264008978,-0.010177458
0.369000,0.245533827,-0.140749886,-2.800630381,-0.112081123,-0.267693184,-0.010538977
0.370000,0.251960416,-0.138847192,-2.812384341,-0.113217393,-0.270777803,-0.011034677
0.371000,0.258387005,-0.136944499,-2.824138302,-0.114353663,-0.273862423,-0.011530378
0.372000,0.264813593,-0.135041805,-2.835892262,-0.115489933,-0.276947042,-0.012026079
0.373000,0.270860960,-0.133824668,-2.848663375,-0.116403787,-0.279993539,-0.012546518
0.374000,0.268111072,-0.141185295,-2.870078474,-0.115419775,-0.283308263,-0.012808399
0.375000,0.262669549,-0.163340397,-2.897523148,-0.112832323,-0.286843854,-0.013136562
0.376000,0.257228026,-0.185495500,-2.924967823,-0.110244871,-0.290379446,-0.013464725
0.377000,0.251786503,-0.207650602,-2.952412498,-0.107657419,-0.293915037,-0.013792887
0.378000,0.248619216,-0.227172598,-2.978136641,-0.105492150,-0.297403716,-0.014120152
0.379000,0.261970718,-0.210945917,-2.991522863,-0.108164876,-0.300758976,-0.013911803
0.380000,0.278271107,-0.167492513,-3.000691987,-0.113294294,-0.304028163,-0.013586517
0.381000,0.294571495,-0.124039108,-3.009861111,-0.118423712,-0.307297350,-0.013261231
0.382000,0.310871884,-0.080585703,-3.019030236,-0.123553131,-0.310566537,-0.012935945
0.383000,0.327902640,-0.040360710,-3.028548087,-0.128570376,-0.313851275,-0.012746292
0.384000,0.341623893,-0.035348854,-3.025953627,-0.132406792,-0.317397350,-0.014161151
0.385000,0.351570717,-0.044270759,-3.022415907,-0.135734714,-0.321003590,-0.016155962
0.386000,0.361517541,-0.053192664,-3.018878187,-0.139062635,-0.324609831,-0.018150773
0.387000,0.371464365,-0.062114569,-3.015340467,-0.142390557,-0.328216071,-0.020145584
0.388000,0.378380394,-0.072812205,-3.013954864,-0.145437699,-0.331933506,-0.022205426
0.389000,0.362121813,-0.080804737,-3.050597476,-0.146170417,-0.336270057,-0.024180783
0.390000,0.339986846,-0.091552504,-3.096406849,-0.145895705,-0.340773383,-0.026209427
0.391000,0.317851880,-0.102300270,-3.142216222,-0.145620994,-0.345276708,-0.028238070
0.392000,0.295716913,-0.113048037,-3.188025595,-0.145346283,-0.349780034,-0.030266714
0.393000,0.276032271,-0.121104991,-3.230573344,-0.145403254,-0.354299627,-0.032069463
0.394000,0.275094541,-0.133846878,-3.245930112,-0.146492354,-0.359350119,-0.032999005
0.395000,0.282073840,-0.154161963,-3.246425558,-0.147762764,-0.364549274,-0.033404562
0.396000,0.289068556,-0.174483589,-3.246906330,-0.149033386,-0.369747986,-0.033810079
0.397000,0.296063272,-0.194805214,-3.247387103,-0.150304008,-0.374946697,-0.034215595
0.398000,0.306083836,-0.210490130,-3.248306728,-0.152010059,-0.380004273,-0.034623828
0.399000,0.330794093,-0.171657387,-3.259812639,-0.158514167,-0.383993283,-0.034884982
0.400000,0.352484830,-0.113426117,-3.280529112,-0.166631571,-0.387670993,-0.035211697
0.401000,0.374175568,-0.055194847,-3.301245585,-0.174748975,-0.391348704,-0.035538412
0.402000,0.395866305,0.003036423,-3.321962058,-0.182866379,-0.395026415,-0.035865126
0.403000,0.413503733,0.058045861,-3.345020792,-0.190656776,-0.398788987,-0.036328888
0.404000,0.393585899,0.058532188,-3.390694335,-0.193132565,-0.403157246,-0.038481536
0.405000,0.366257517,0.039733371,-3.440690261,-0.193499593,-0.407825082,-0.041176991
0.406000,0.338894966,0.020836472,-3.490714557,-0.193852023,-0.412496418,-0.043875125
0.407000,0.311532415,0.001939574,-3.540738853,-0.194204453,-0.417167754,-0.046573259
0.408000,0.285288304,-0.016694322,-3.589744327,-0.194512748,-0.421847327,-0.049276319
0.409000,0.295295655,-0.029759348,-3.604609733,-0.194329469,-0.426719611,-0.052170896
0.410000,0.322468612,-0.045103983,-3.600912595,-0.194113189,-0.431545125,-0.054912518
0.411000,0.349685470,-0.060475382,-3.597144322,-0.193898238,-0.436369576,-0.057654196
0.412000,0.376902329,-0.075846781,-3.593376048,-0.193683287,-0.441194027,-0.060395874
0.413000,0.402770406,-0.091124254,-3.589453866,-0.193649201,-0.446030658,-0.063161132
0.414000,0.393556964,-0.085841891,-3.595608746,-0.198452577,-0.451431761,-0.065848990
0.415000,0.373423595,-0.068620980,-3.607215280,-0.205038284,-0.456914200,-0.068559418
0.416000,0.353290226,-0.051400070,-3.618821814,-0.211623992,-0.462396640,-0.071269846
0.417000,0.333156856,-0.034179159,-3.630428348,-0.218209699,-0.467879080,-0.073980274
0.418000,0.314460627,-0.019293145,-3.643977514,-0.224314482,-0.473280514,-0.076674310
0.419000,0.330777602,-0.026620639,-3.670942102,-0.225591601,-0.476642524,-0.079002105
0.420000,0.362148811,-0.047371112,-3.701681972,-0.225010359,-0.479114776,-0.081283216
0.421000,0.393520020,-0.068121586,-3.732421842,-0.224429117,-0.481587028,-0.083564326
0.422000,0.424891228,-0.088872059,-3.763161711,-0.223847874,-0.484059281,-0.085845437
0.423000,0.453037819,-0.108445889,-3.790367037,-0.223153953,-0.486624267,-0.088189955
0.424000,0.440519010,-0.129962987,-3.786811802,-0.221740827,-0.490821001,-0.091235750
0.425000,0.416211899,-0.152959796,-3.773847134,-0.219998796,-0.495635584,-0.094562385
0.426000,0.391904789,-0.175956605,-3.760882466,-0.218256765,-0.500450167,-0.097889021
0.427000,0.367597679,-0.198953414,-3.747917798,-0.216514735,-0.505264749,-0.101215656
0.428000,0.345470255,-0.218844920,-3.735692567,-0.215030985,-0.509910563,-0.104496530
0.429000,0.350503647,-0.186828425,-3.739158841,-0.218025483,-0.512403336,-0.107362212
0.430000,0.362168209,-0.126954976,-3.758453487,-0.223957054,-0.514118538,-0.110059514
0.431000,0.373832771,-0.067081527,-3.777748132,-0.229888625,-0.515833740,-0.112756815
0.432000,0.385497333,-0.007208078,-3.797042778,-0.235820197,-0.517548942,-0.115454117
0.433000,0.397434545,0.044109240,-3.812946694,-0.240814085,-0.519293129,-0.118136919
0.434000,0.409860627,0.024194730,-3.818608088,-0.238230069,-0.521378929,-0.120319271
0.435000,0.422694781,-0.017515440,-3.825346170,-0.233062595,-0.523508178,-0.121904967
0.436000,0.435707447,-0.059830373,-3.832081815,-0.227836054,-0.525632999,-0.123468662
0.437000,0.448720113,-0.102145307,-3.838817460,-0.222609513,-0.527757820,-0.125032357
0.438000,0.461598721,-0.142072283,-3.845418231,-0.217554454,-0.529862148,-0.126549582
0.439000,0.457921907,-0.126840479,-3.857204418,-0.216407494,-0.532079828,-0.126778843
0.440000,0.440993838,-0.079186640,-3.871070450,-0.217711520,-0.534303187,-0.126263328
0.441000,0.424045571,-0.031355129,-3.884886109,-0.219027371,-0.536523569,-0.125747666
0.442000,0.407097304,0.016476382,-3.898701768,-0.220343222,-0.538743951,-0.125232004
0.443000,0.391729218,0.061526684,-3.912832317,-0.221495995,-0.540841704,-0.124710115
0.444000,0.404727541,0.071329609,-3.928507909,-0.220991330,-0.541182130,-0.123822209
0.445000,0.437800927,0.064791601,-3.947903016,-0.219838246,-0.540493959,-0.123017841
0.446000,0.470885082,0.058217728,-3.967313717,-0.218684221,-0.539805138,-0.122214207
0.447000,0.503969237,0.051643856,-3.986724419,-0.217530197,-0.539116317,-0.121410573
0.448000,0.534928462,0.043349594,-4.006004809,-0.216210011,-0.538548369,-0.120627693
0.449000,0.546973055,0.041359389,-3.991257463,-0.214577774,-0.539320219,-0.119208199
0.450000,0.552267679,0.049714635,-3.942676014,-0.213026886,-0.541002713,-0.116823508
0.451000,0.557562228,0.058072865,-3.894080382,-0.211476109,-0.542685512,-0.114438672
0.452000,0.562856777,0.066431095,-3.845484750,-0.209925332,-0.544368311,-0.112053835
0.453000,0.565269569,0.075361429,-3.798326834,-0.208344123,-0.546143559,-0.109575401
0.454000,0.531699101,0.090616133,-3.791378863,-0.206502820,-0.548534961,-0.105743220
0.455000,0.482408996,0.108388754,-3.803954365,-0.204432660,-0.551025429,-0.101244038
0.456000,0.433118891,0.126161374,-3.816529868,-0.202362501,-0.553515897,-0.096744856
0.457000,0.383828785,0.143933995,-3.829105371,-0.200292341,-0.556006366,-0.092245675
0.458000,0.340492186,0.156154561,-3.840771482,-0.197888990,-0.558166433,-0.087763502
0.459000,0.347266728,0.133374237,-3.833909090,-0.192669035,-0.557966503,-0.082654924
0.460000,0.370646193,0.103339086,-3.816143238,-0.186704549,-0.557177483,-0.077294828
0.461000,0.394025658,0.073303935,-3.798377386,-0.180740062,-0.556388463,-0.071934733
0.462000,0.417405122,0.043268784,-3.780611534,-0.174775576,-0.555599442,-0.066574638
0.463000,0.439388780,0.016860856,-3.764244904,-0.169077345,-0.554835003,-0.061212283
0.464000,0.440357311,0.023966827,-3.784202111,-0.174344727,-0.559762712,-0.060498048
0.465000,0.433552983,0.040957264,-3.812186992,-0.172862147,-0.558926458,-0.055591243
0.466000,0.426748654,0.057947700,-3.840171873,-0.171379567,-0.558090203,-0.050684437
0.467000,0.419944326,0.074938137,-3.868156754,-0.169896987,-0.557253949,-0.045777632
0.468000,0.413777467,0.089855327,-3.895089070,-0.168203907,-0.556482103,-0.040871915
0.469000,0.440500985,0.061790829,-3.896556739,-0.163725580,-0.555596692,-0.036341632
0.470000,0.484247118,0.016665001,-3.883627263,-0.158122013,-0.554704599,-0.032020552
0.471000,0.528300005,-0.028671350,-3.870700503,-0.152489353,-0.553810821,-0.027707209
0.472000,0.572352892,-0.074007702,-3.857773742,-0.146856692,-0.552917044,-0.023393867
0.473000,0.611185771,-0.114732517,-3.845134654,-0.141578357,-0.552200541,-0.019042805
0.474000,0.578200179,-0.109091345,-3.837166355,-0.139282860,-0.553970096,-0.014259486
0.475000,0.506547776,-0.084631408,-3.837695218,-0.138019683,-0.557142533,-0.009143364
0.476000,0.434895374,-0.060171471,-3.838224081,-0.136756506,-0.560314969,-0.004027241
0.477000,0.363242972,-0.035711533,-3.838752944,-0.135493329,-0.563487406,0.001088881
0.478000,0.296251380,-0.016776062,-3.839196591,-0.133978418,-0.566416845,0.005972749
0.479000,0.286119499,-0.038237520,-3.836402066,-0.130613282,-0.566583947,0.009134522
0.480000,0.296534598,-0.071334091,-3.830458021,-0.126628699,-0.565732116,0.011721192
0.481000,0.306949698,-0.104430662,-3.824513977,-0.122644116,-0.564880284,0.014307862
0.482000,0.317364798,-0.137527233,-3.818569933,-0.118659534,-0.564028452,0.016894532
0.483000,0.329015541,-0.169301157,-3.812276364,-0.114805659,-0.563056742,0.019401308
0.484000,0.373053606,-0.186646370,-3.810785998,-0.113150216,-0.559868107,0.020004977
0.485000,0.434064440,-0.196907440,-3.816568981,-0.112578121,-0.555367989,0.019624998
0.486000,0.495075274,-0.207168509,-3.822351963,-0.112006025,-0.550867872,0.019245019
0.487000,0.556086108,-0.217429578,-3.828134946,-0.111433929,-0.546367754,0.018865041
0.488000,0.611439052,-0.227925405,-3.832058676,-0.110570859,-0.542317167,0.018860596
0.489000,0.636718075,-0.237930310,-3.817677970,-0.106814433,-0.540302900,0.020942794
0.490000,0.661608427,-0.247885850,-3.798262625,-0.102257307,-0.538514168,0.023701056
0.491000,0.684947228,-0.254899392,-3.776745439,-0.097600537,-0.536872832,0.026712525
0.492000,0.708286029,-0.261912934,-3.755228252,-0.092943767,-0.535231496,0.029723994
0.493000,0.729938984,-0.265976449,-3.735460031,-0.088520232,-0.533609619,0.032938809
0.494000,0.725683672,-0.233202068,-3.732824637,-0.089263888,-0.532485591,0.037367871
0.495000,0.704653560,-0.174161401,-3.729691959,-0.093439023,-0.531707495,0.041910047
0.496000,0.683591755,-0.114855854,-3.726520667,-0.097639544,-0.530927594,0.046460985
0.497000,0.662529950,-0.055550307,-3.723349375,-0.101840066,-0.530147693,0.051011923
0.498000,0.641364079,-0.000443791,-3.717326438,-0.105837984,-0.529464258,0.055408603
0.499000,0.602943836,-0.020307922,-3.673725353,-0.104604897,-0.531138992,0.057646717
0.500000,0.567605765,-0.065614692,-3.620497675,-0.101059894,-0.533119963,0.059393120
0.501000,0.532267693,-0.110921463,-3.567269998,-0.097514891,-0.535100933,0.061139522
0.502000,0.496929622,-0.156228233,-3.514042321,-0.093969888,-0.537081904,0.062885925
0.503000,0.458112121,-0.197152817,-3.463382811,-0.090529550,-0.538945325,0.064578699
0.504000,0.428585846,-0.212956148,-3.444221917,-0.088088940,-0.537754436,0.065137139
0.505000,0.410728356,-0.225260867,-3.432610653,-0.086017929,-0.535281914,0.065018680
0.506000,0.392870867,-0.237565586,-3.420999388,-0.083946917,-0.532809392,0.064900222
0.507000,0.375013377,-0.249870306,-3.409388124,-0.081875905,-0.530336869,0.064781763
0.508000,0.358382953,-0.261057228,-3.397368074,-0.079875320,-0.527786836,0.064675507
0.509000,0.339441456,-0.248684032,-3.389422663,-0.079134200,-0.524740942,0.066150355
0.510000,0.313366532,-0.227036626,-3.388768618,-0.078926118,-0.521562642,0.068459482
0.511000,0.287291608,-0.205389220,-3.388114574,-0.078718036,-0.518384342,0.070768609
0.512000,0.261216684,-0.183741814,-3.387460530,-0.078509955,-0.515206042,0.073077736
0.513000,0.237235580,-0.163678758,-3.385089687,-0.078290337,-0.511988952,0.075336464
0.514000,0.260443589,-0.158552469,-3.367971470,-0.078312368,-0.507005720,0.076813072
0.515000,0.301359371,-0.155683830,-3.344148085,-0.078586001,-0.501421632,0.077932244
0.516000,0.342275154,-0.152815190,-3.320324699,-0.078859634,-0.495837544,0.079051415
0.517000,0.383190936,-0.149946551,-3.296501313,-0.079133267,-0.490253456,0.080170587
0.518000,0.423486278,-0.146250651,-3.272298406,-0.079456783,-0.484689167,0.081232979
0.519000,0.421852200,-0.119636490,-3.251040470,-0.080554663,-0.480000552,0.081333813
0.520000,0.390155284,-0.081590522,-3.239814421,-0.081833716,-0.475788159,0.081168512
0.521000,0.355478216,-0.042570973,-3.230043451,-0.083162318,-0.471610592,0.081001861
0.522000,0.320801148,-0.003551424,-3.220272481,-0.084490921,-0.467433026,0.080835210
0.523000,0.290906639,0.031680344,-3.208512307,-0.085555553,-0.463129904,0.080591034
0.524000,0.301291599,0.009415537,-3.186418909,-0.083254387,-0.456804205,0.079493964
0.525000,0.339483045,-0.056132801,-3.154411211,-0.078604399,-0.448911981,0.077438567
0.526000,0.378474729,-0.123702977,-3.121763529,-0.073837056,-0.441006000,0.075293627
0.527000,0.417466413,-0.191273153,-3.089115846,-0.069069712,-0.433100019,0.073148686
0.528000,0.452895274,-0.255308530,-3.057676255,-0.064539265,-0.425345767,0.070993559
0.529000,0.447426343,-0.250748103,-3.040533581,-0.064437552,-0.419528028,0.068920124
0.530000,0.426931143,-0.220955196,-3.028032113,-0.066157355,-0.414473961,0.066885325
0.531000,0.406435943,-0.191162289,-3.015530645,-0.067877157,-0.409419894,0.064850526
0.532000,0.385940742,-0.161369382,-3.003029176,-0.069596960,-0.404365828,0.062815727
0.533000,0.366754306,-0.132178116,-2.987742024,-0.071279125,-0.399281840,0.060748294
0.534000,0.362653794,-0.119394337,-2.950299788,-0.072390775,-0.393700047,0.058419092
0.535000,0.364103001,-0.117786505,-2.911222352,-0.072975379,-0.388135739,0.056179805
0.536000,0.365552208,-0.116178673,-2.872144916,-0.073559983,-0.382571431,0.053940519
0.537000,0.367166105,-0.113733731,-2.832989069,-0.074156772,-0.376986038,0.051692585
0.538000,0.369157988,-0.104989627,-2.793609730,-0.074818238,-0.371212699,0.049341875
0.539000,0.367454146,-0.093224435,-2.769768039,-0.073924795,-0.364783631,0.046887009
0.540000,0.362336278,-0.087147298,-2.754766490,-0.072000338,-0.358026522,0.044334214
0.541000,0.357218410,-0.081070162,-2.739764941,-0.070075880,-0.351269412,0.041781419
0.542000,0.352100542,-0.074993026,-2.724763392,-0.068151422,-0.344512302,0.039228624
0.543000,0.347531478,-0.068887845,-2.708728561,-0.066265391,-0.337734337,0.036661776
0.544000,0.336043182,-0.072050821,-2.680804360,-0.064740895,-0.331103862,0.034009808
0.545000,0.316580064,-0.082975386,-2.644386680,-0.063112201,-0.324798667,0.031273103
0.546000,0.293235560,-0.097434122,-2.610146342,-0.061702995,-0.318601736,0.028479075
0.547000,0.269891057,-0.111892858,-2.575906004,-0.060293790,-0.312404805,0.025685048
0.548000,0.247153065,-0.124467596,-2.540520802,-0.059045426,-0.306276347,0.022887651
0.549000,0.250141679,-0.113222897,-2.493992312,-0.059476592,-0.300065948,0.019510404
0.550000,0.264077721,-0.090424145,-2.447403484,-0.060806972,-0.293802867,0.015937363
0.551000,0.278013763,-0.067625394,-2.400814657,-0.062137352,-0.287539785,0.012364321
0.552000,0.291949804,-0.044826643,-2.354225829,-0.063467732,-0.281276704,0.008791280
0.553000,0.305536209,-0.022065693,-2.308132252,-0.064778577,-0.275018749,0.005229871
0.554000,0.297247298,-0.019488742,-2.299567709,-0.063530756,-0.269116980,0.001925164
0.555000,0.279124526,-0.031703904,-2.309480068,-0.060795409,-0.263330205,-0.001402492
0.556000,0.261001754,-0.043919067,-2.319392427,-0.058060063,-0.257543429,-0.004730148
0.557000,0.242878982,-0.056134229,-2.329304786,-0.055324716,-0.251756653,-0.008057804
0.558000,0.225814132,-0.068668186,-2.337178297,-0.052613023,-0.245932910,-0.011447360
0.559000,0.235743293,-0.072922150,-2.303932898,-0.052129331,-0.239371395,-0.015668244
0.560000,0.255002880,-0.068292812,-2.259478883,-0.053239282,-0.232560249,-0.020209179
0.561000,0.274262467,-0.063663474,-2.215024869,-0.054349232,-0.225749103,-0.024750113
0.562000,0.293522053,-0.059034136,-2.170570854,-0.055459183,-0.218937956,-0.029291048
0.563000,0.313645106,-0.056959928,-2.125339394,-0.056233639,-0.212187502,-0.033548423
0.564000,0.318747343,-0.063085217,-2.086909649,-0.054767799,-0.205942145,-0.036359589
0.565000,0.313684093,-0.073478416,-2.050514116,-0.052205020,-0.200115246,-0.038749281
0.566000,0.308620843,-0.083871614,-2.014118584,-0.049642241,-0.194288348,-0.041138973
0.567000,0.303557593,-0.094264813,-1.977723051,-0.047079462,-0.188461449,-0.043528665
0.568000,0.299313124,-0.103583653,-1.942096229,-0.044701497,-0.182599551,-0.045900119
0.569000,0.308839094,-0.079583499,-1.923220897,-0.046613463,-0.176633811,-0.047729807
0.570000,0.319224698,-0.041557024,-1.907000544,-0.050321658,-0.170654180,-0.049431865
0.571000,0.329610301,-0.003530549,-1.890780191,-0.054029853,-0.164674549,-0.051133923
0.572000,0.339995904,0.034495926,-1.874559838,-0.057738048,-0.158694918,-0.052835981
0.573000,0.348631631,0.066539580,-1.858415457,-0.060790668,-0.152743707,-0.054552217
0.574000,0.320724717,0.070212960,-1.831122267,-0.058889345,-0.147554570,-0.056218954
0.575000,0.281405353,0.068428470,-1.803767053,-0.055873638,-0.142689402,-0.057979018
0.576000,0.242085989,0.066643979,-1.776411839,-0.052857932,-0.137824234,-0.059739082
0.577000,0.202766625,0.064859489,-1.749056624,-0.049842225,-0.132959066,-0.061499146
0.578000,0.167580960,0.062628093,-1.719788474,-0.046976416,-0.128018942,-0.063207690
0.579000,0.178170361,0.074319083,-1.683715549,-0.047656830,-0.122877280,-0.064279747
0.580000,0.202089447,0.094132286,-1.644006947,-0.049547585,-0.117772652,-0.065054821
0.581000,0.226008532,0.113945488,-1.604298346,-0.051438340,-0.112668024,-0.065829895
0.582000,0.249927618,0.133758691,-1.564589744,-0.053329095,-0.107563396,-0.066604970
0.583000,0.269726268,0.154681708,-1.525531335,-0.055139688,-0.102606232,-0.067378417
0.584000,0.254276053,0.172457965,-1.486166191,-0.055596786,-0.098365457,-0.068156322
0.585000,0.230518959,0.181180422,-1.449482849,-0.055663327,-0.094067236,-0.069080887
0.586000,0.206761865,0.189902878,-1.412799508,-0.055729867,-0.089769016,-0.070005452
0.587000,0.183004771,0.198625335,-1.376116166,-0.055796407,-0.085470795,-0.070930016
0.588000,0.161363635,0.205352837,-1.340277501,-0.055714715,-0.081112712,-0.071755320
0.589000,0.181001781,0.190522461,-1.317932332,-0.054360877,-0.075638972,-0.071218470
0.590000,0.217409275,0.169972851,-1.298109722,-0.052448337,-0.069713807,-0.070094969
0.591000,0.253816769,0.149423241,-1.278287111,-0.050535798,-0.063788642,-0.068971469
0.592000,0.290224263,0.128873631,-1.258464501,-0.048623259,-0.057863478,-0.067847969
0.593000,0.325944700,0.110523917,-1.239145135,-0.046864934,-0.051924288,-0.066802813
0.594000,0.330755170,0.115959688,-1.225153923,-0.047120878,-0.046636411,-0.066646978
0.595000,0.309739308,0.126538216,-1.209838915,-0.048151317,-0.042073763,-0.066823177
0.596000,0.288723445,0.137116744,-1.194523907,-0.049181757,-0.037511115,-0.066999376
0.597000,0.267707582,0.147695272,-1.179208899,-0.050212197,-0.032948466,-0.067175575
0.598000,0.247040750,0.157467583,-1.163345640,-0.051145881,-0.028465429,-0.067250025
0.599000,0.245581898,0.146955121,-1.132898700,-0.050147379,-0.024672547,-0.066067492
0.600000,0.260532631,0.129479115,-1.092989478,-0.048397651,-0.020830190,-0.064495673
0.601000,0.275946249,0.112029492,-1.052935812,-0.046649347,-0.016982345,-0.062916188
0.602000,0.291359867,0.094579870,-1.012882146,-0.044901043,-0.013134500,-0.061336702
0.603000,0.305957311,0.078055897,-0.972991001,-0.043231270,-0.009289504,-0.059845220
0.604000,0.294447197,0.082666302,-0.943297137,-0.043756155,-0.006347609,-0.058660468
0.605000,0.269419493,0.089484203,-0.924192332,-0.045078824,-0.003902582,-0.057426554
0.606000,0.244391790,0.096302104,-0.905087527,-0.046401492,-0.001457555,-0.056192640
0.607000,0.219364087,0.103120005,-0.885982722,-0.047724161,0.000987472,-0.054958726
0.608000,0.195335741,0.110927734,-0.866989387,-0.048966254,0.003411894,-0.053584078
0.609000,0.193850671,0.105442339,-0.842927496,-0.047832480,0.006252401,-0.051266784
0.610000,0.201868289,0.091225210,-0.814289222,-0.045658020,0.009511426,-0.048600179
0.611000,0.209885906,0.077008081,-0.785650948,-0.043483559,0.012770451,-0.045933573
0.612000,0.217903524,0.062790953,-0.757012674,-0.041309098,0.016029475,-0.043266968
0.613000,0.226698366,0.047795901,-0.728349699,-0.039114025,0.019332297,-0.040639026
0.614000,0.228306418,0.029165160,-0.700888204,-0.038114696,0.022473413,-0.038677598
0.615000,0.217741874,-0.000160413,-0.685520794,-0.037426873,0.025422366,-0.037187846
0.616000,0.207177329,-0.029485986,-0.670153383,-0.036739051,0.028371319,-0.035698094
0.617000,0.196612785,-0.058811559,-0.654785972,-0.036051228,0.031320272,-0.034208342
0.618000,0.184917060,-0.083652256,-0.638956966,-0.035493895,0.034122671,-0.032634193
0.619000,0.166709506,-0.050929831,-0.631140625,-0.036128485,0.035138813,-0.030073992
0.620000,0.150730656,-0.007217048,-0.621017508,-0.037010845,0.035870787,-0.027386841
0.621000,0.134751806,0.036495734,-0.610894391,-0.037893206,0.036602761,-0.024699690
0.622000,0.118772955,0.080208516,-0.600771274,-0.038775566,0.037334735,-0.022012539
0.623000,0.104064965,0.121062437,-0.590374830,-0.039548395,0.038099693,-0.019337978
0.624000,0.116495949,0.102023308,-0.561663150,-0.038985506,0.039456607,-0.016807316
0.625000,0.142492699,0.056966791,-0.521407802,-0.037647001,0.041167380,-0.014321550
0.626000,0.168489449,0.011910273,-0.481152453,-0.036308495,0.042878154,-0.011835783
0.627000,0.194486198,-0.033146244,-0.440897105,-0.034969990,0.044588928,-0.009350017
0.628000,0.219519046,-0.076079035,-0.401398799,-0.033807682,0.046274196,-0.006813201
0.629000,0.215393758,-0.069465360,-0.377139932,-0.034874668,0.046853854,-0.003555829
0.630000,0.200890566,-0.040144758,-0.358091887,-0.037167899,0.046899190,-0.000068420
0.631000,0.186387373,-0.010824156,-0.339043842,-0.039461130,0.046944526,0.003418988
0.632000,0.171884181,0.018496446,-0.319995797,-0.041754362,0.046989862,0.006906396
0.633000,0.157844563,0.043548396,-0.300127458,-0.043740009,0.047004842,0.010331612
0.634000,0.160007097,0.023371442,-0.277884926,-0.042260541,0.047446858,0.012671984
0.635000,0.170303720,-0.015644492,-0.253018376,-0.039388636,0.048105724,0.014638456
0.636000,0.180600343,-0.054660426,-0.228151827,-0.036516731,0.048764590,0.016604928
0.637000,0.190896967,-0.093676360,-0.203285277,-0.033644826,0.049423456,0.018571400
0.638000,0.199642810,-0.130052140,-0.179222714,-0.030948778,0.050045325,0.020564062
0.639000,0.183781457,-0.122906084,-0.161884189,-0.030598072,0.049749824,0.023613555
0.640000,0.155810132,-0.099978490,-0.144156607,-0.031361214,0.048767318,0.026938232
0.641000,0.127838807,-0.077050897,-0.126429025,-0.032124356,0.047784811,0.030262909
0.642000,0.099867482,-0.054123303,-0.108701443,-0.032887497,0.046802305,0.033587586
0.643000,0.073830536,-0.033576679,-0.090263574,-0.033476356,0.045865538,0.036867749
0.644000,0.065031837,-0.030271059,-0.071447425,-0.032451605,0.045011772,0.039167704
0.645000,0.059138267,-0.034343885,-0.055932418,-0.030633006,0.044033562,0.041266676
0.646000,0.053244696,-0.038416712,-0.040417410,-0.028814408,0.043055351,0.043365648
0.647000,0.047351125,-0.042489539,-0.024902403,-0.026995809,0.042077141,0.045464620
0.648000,0.042589706,-0.046592227,-0.008829051,-0.025306570,0.041157544,0.047574390
0.649000,0.052800820,-0.051764582,0.018899561,-0.025137735,0.040655807,0.049697009
0.650000,0.074691579,-0.058671462,0.051150084,-0.025806008,0.040377699,0.051959732
0.651000,0.096582338,-0.065578341,0.083400607,-0.026474281,0.040099591,0.054222455
0.652000,0.118473097,-0.072485221,0.115651130,-0.027142554,0.039821483,0.056485178
0.653000,0.137952569,-0.078568893,0.146855311,-0.027789152,0.039501178,0.058745651
0.654000,0.126437666,-0.061068676,0.146867632,-0.029117576,0.038913085,0.060860862
0.655000,0.101670232,-0.036453910,0.129704346,-0.030390579,0.038189797,0.062663347
0.656000,0.076902797,-0.011839144,0.112541061,-0.031663581,0.037466508,0.064465832
0.657000,0.052135363,0.012775621,0.095377776,-0.032936584,0.036743220,0.066268316
0.658000,0.029888178,0.033261796,0.078958117,-0.033931857,0.036059429,0.068004468
0.659000,0.040874114,-0.007444475,0.089379198,-0.030788923,0.035956937,0.068631989
0.660000,0.058448532,-0.067849845,0.108343863,-0.026090013,0.035804621,0.068937678
0.661000,0.076022950,-0.128255214,0.127308528,-0.021391103,0.035652305,0.069243367
0.662000,0.093597369,-0.188660583,0.146273193,-0.016692193,0.035499989,0.069549056
0.663000,0.108680145,-0.241003167,0.168360703,-0.012766031,0.035245644,0.069943874
0.664000,0.096536716,-0.223000701,0.199706432,-0.015227951,0.033477784,0.070709248
0.665000,0.066873889,-0.167827207,0.239756789,-0.021112251,0.031024238,0.071496029
0.666000,0.037211062,-0.112653714,0.279807145,-0.026996551,0.028570691,0.072282809
0.667000,0.007548234,-0.057480220,0.319857502,-0.032880852,0.026117145,0.073069589
0.668000,-0.016627705,-0.008966058,0.354161499,-0.037836880,0.023993158,0.073846906
0.669000,-0.001046531,-0.005487058,0.342245608,-0.036115885,0.024438650,0.074480064
0.670000,0.020874056,-0.010325939,0.320807872,-0.033057815,0.025278751,0.075231341
0.671000,0.042794644,-0.015164820,0.299370137,-0.029999745,0.026118851,0.075982618
0.672000,0.064715232,-0.020003702,0.277932401,-0.026941675,0.026958952,0.076733895
0.673000,0.082427333,-0.023275056,0.262641381,-0.024145474,0.027568335,0.077377629
0.674000,0.071550537,-0.048271219,0.280172817,-0.019635806,0.026861089,0.076635140
0.675000,0.050815023,-0.086452431,0.307166875,-0.013858295,0.025743797,0.075391168
0.676000,0.030079509,-0.124633642,0.334160934,-0.008080783,0.024626505,0.074147197
0.677000,0.009343995,-0.162814854,0.361154992,-0.002303272,0.023509213,0.072903225
0.678000,-0.013490879,-0.198224779,0.388652551,0.003068054,0.022313485,0.071699576
0.679000,-0.040084142,-0.182948931,0.419305584,0.002411898,0.020649723,0.071523411
0.680000,-0.059920035,-0.140612660,0.449269813,-0.001137092,0.018929405,0.071914710
0.681000,-0.079727726,-0.098195430,0.479270198,-0.004695490,0.017208374,0.072307876
0.682000,-0.099535418,-0.055778200,0.509270583,-0.008253888,0.015487342,0.072701043
0.683000,-0.115882287,-0.015583357,0.535427972,-0.011628050,0.013979271,0.073051884
0.684000,-0.092762697,-0.007189599,0.536272392,-0.012800056,0.014992578,0.072850372
0.685000,-0.053839140,-0.009161628,0.536275473,-0.013177836,0.016906608,0.072400490
0.686000,-0.014910124,-0.011299285,0.536473802,-0.013546209,0.018816738,0.071948942
0.687000,0.024018893,-0.013436942,0.536672132,-0.013914582,0.020726868,0.071497395
0.688000,0.059300229,-0.017666685,0.537246468,-0.013896051,0.022519460,0.070990994
0.689000,0.045387468,-0.053876721,0.545415483,-0.009239552,0.022117672,0.069825771
0.690000,0.015106932,-0.097007885,0.552167800,-0.003354165,0.020990333,0.068693581
0.691000,-0.015173604,-0.140139048,0.558920117,0.002531222,0.019862993,0.067561391
0.692000,-0.045454140,-0.183270212,0.565672434,0.008416609,0.018735653,0.066429202
0.693000,-0.073806199,-0.226040097,0.574040085,0.014130501,0.017681844,0.065237633
0.694000,-0.071977872,-0.233988920,0.592442598,0.015529335,0.017780197,0.064194631
0.695000,-0.057307421,-0.217169135,0.611082468,0.014710308,0.018211755,0.063280910
0.696000,-0.042636969,-0.200349349,0.629722337,0.013891281,0.018643313,0.062367188
0.697000,-0.027966517,-0.183529563,0.648362207,0.013072254,0.019074870,0.061453466
0.698000,-0.014349089,-0.165925821,0.667216105,0.012094733,0.019457850,0.060618575
0.699000,-0.014905475,-0.149700543,0.686107519,0.010685475,0.019809103,0.060381487
0.700000,-0.019376704,-0.139372479,0.703061834,0.009441968,0.020408252,0.060237405
0.701000,-0.023847932,-0.129044414,0.720016148,0.008198461,0.021007400,0.060093324
0.702000,-0.028319161,-0.118716350,0.736970463,0.006954954,0.021606549,0.059949243
0.703000,-0.032813558,-0.106799630,0.754304670,0.005742647,0.022158785,0.059806580
0.704000,-0.030032469,-0.106558226,0.767319365,0.006292086,0.022761191,0.058835624
0.705000,-0.031975327,-0.113226024,0.776890602,0.007744359,0.023292241,0.057298766
0.706000,-0.033918185,-0.119893821,0.786461839,0.009196632,0.023823292,0.055761908
0.707000,-0.035861043,-0.126561619,0.796033075,0.010648905,0.024354342,0.054225049
0.708000,-0.036694742,-0.134217562,0.804989057,0.012230287,0.024950956,0.052677036
0.709000,-0.048119920,-0.134135257,0.813632242,0.015284228,0.025229172,0.051332106
0.710000,-0.069563114,-0.130193142,0.827755647,0.019210911,0.024918680,0.050134492
0.711000,-0.091006309,-0.126251026,0.841879052,0.023137594,0.024608189,0.048936878
0.712000,-0.112449503,-0.122308911,0.856002457,0.027064277,0.024297698,0.047739264
0.713000,-0.131361743,-0.121013918,0.869694778,0.030956192,0.024224135,0.046610713
0.714000,-0.127260251,-0.132557627,0.893331469,0.033560628,0.025527750,0.045581329
0.715000,-0.107380662,-0.143859547,0.924645504,0.035181111,0.027436654,0.044436649
0.716000,-0.087501072,-0.155161468,0.955959540,0.036801594,0.029345558,0.043291970
0.717000,-0.067621483,-0.166463388,0.987273575,0.038422077,0.031254462,0.042147290
0.718000,-0.047738307,-0.177252560,1.018712492,0.040076318,0.033153910,0.040988820
0.719000,-0.038640159,-0.163688593,1.051234789,0.040388592,0.034593583,0.040411692
0.720000,-0.036528641,-0.136471339,1.080281235,0.040009519,0.036078306,0.039806097
0.721000,-0.034417122,-0.109254085,1.109327682,0.039630446,0.037563029,0.039200502
0.722000,-0.032305604,-0.082036831,1.138374128,0.039251373,0.039047752,0.038594908
0.723000,-0.028565741,-0.055018347,1.166616532,0.038868958,0.040612867,0.037992658
0.724000,-0.021009875,-0.059263419,1.181296282,0.040082246,0.042907055,0.036565604
0.725000,-0.016560837,-0.083663326,1.186584309,0.042466010,0.045384132,0.034582416
0.726000,-0.012111800,-0.108063233,1.191872337,0.044849773,0.047861209,0.032599229
0.727000,-0.007662763,-0.132463139,1.197160365,0.047233536,0.050338287,0.030616041
0.728000,-0.002709283,-0.156538677,1.202967726,0.049605436,0.052835585,0.028637754
0.729000,0.001450858,-0.170224244,1.217289592,0.051780796,0.055528244,0.027000524
0.730000,0.008015857,-0.178515817,1.237592358,0.053717261,0.058276615,0.025785155
0.731000,0.014580857,-0.186807391,1.257895124,0.055653727,0.061024985,0.024569785
0.732000,0.021145856,-0.195098964,1.278197889,0.057590192,0.063773356,0.023354415
0.733000,0.026003145,-0.203069662,1.298374703,0.059452740,0.066418020,0.022151336
0.734000,0.028637600,-0.186515162,1.321783562,0.059245600,0.069069446,0.021684316
0.735000,0.026679662,-0.146693950,1.347643323,0.057245109,0.071557182,0.022106704
0.736000,0.024721724,-0.106872738,1.373503083,0.055244619,0.074044918,0.022529091
0.737000,0.022763786,-0.067051527,1.399362844,0.053244129,0.076532653,0.022951479
0.738000,0.022066173,-0.028573625,1.425311307,0.051260602,0.079096217,0.023300385
0.739000,0.026240243,-0.031833944,1.440156571,0.050949271,0.082121791,0.022947326
0.740000,0.030884980,-0.063268015,1.437981944,0.052111970,0.085683934,0.022704980
0.741000,0.035536521,-0.094655539,1.435732494,0.053278210,0.089246399,0.022471919
0.742000,0.040188063,-0.126043064,1.433483044,0.054444449,0.092808865,0.022238858
0.743000,0.045445335,-0.155182557,1.432132271,0.055610601,0.096339873,0.021961086
0.744000,0.034331192,-0.170216233,1.442575991,0.057448170,0.098569213,0.021685855
0.745000,0.018241744,-0.160640603,1.449203731,0.059103957,0.100979369,0.021546676
0.746000,0.001634467,-0.141999830,1.455095523,0.060752319,0.103385013,0.021588671
0.747000,-0.014972809,-0.123359056,1.460987315,0.062400680,0.105790657,0.021630666
0.748000,-0.028906436,-0.103873895,1.465910839,0.063976736,0.108315214,0.021661473
0.749000,-0.017457169,-0.103132657,1.457683502,0.065602133,0.112488859,0.021485118
0.750000,-0.003725214,-0.121394526,1.442015510,0.067879940,0.116802387,0.021684062
0.751000,0.010006741,-0.139656396,1.426347518,0.070157746,0.121115915,0.021883006
0.752000,0.023738697,-0.157918266,1.410679526,0.072435552,0.125429443,0.022081951
0.753000,0.036821711,-0.175953536,1.394510711,0.074678984,0.129823958,0.022258495
0.754000,0.041670130,-0.182896117,1.384740340,0.076007559,0.133601693,0.022607505
0.755000,0.052499199,-0.181582849,1.383006105,0.076654934,0.137349760,0.022653300
0.756000,0.063328269,-0.180269581,1.381271870,0.077302309,0.141097828,0.022699095
0.757000,0.074157338,-0.178956314,1.379537636,0.077949684,0.144845895,0.022744889
0.758000,0.085193265,-0.176183799,1.378403023,0.078639207,0.148522207,0.022854093
0.759000,0.084693444,-0.172644651,1.376296705,0.080804457,0.151524551,0.023370461
0.760000,0.073466494,-0.176928992,1.375272406,0.084060869,0.153844634,0.023818212
0.761000,0.062239545,-0.181213333,1.374248107,0.087317281,0.156164717,0.024265962
0.762000,0.051012595,-0.185497674,1.373223808,0.090573693,0.158484800,0.024713712
0.763000,0.040189981,-0.190044727,1.372249037,0.093853058,0.160862566,0.025202892
0.764000,0.047472292,-0.202373232,1.385453515,0.096445785,0.163750879,0.025752300
0.765000,0.060013239,-0.220313233,1.405401396,0.099027655,0.167072764,0.026015996
0.766000,0.072554186,-0.238253235,1.425349277,0.101609525,0.170394648,0.026279691
0.767000,0.085095134,-0.256193236,1.445297159,0.104191395,0.173716533,0.026543387
0.768000,0.098680661,-0.269870296,1.465656067,0.106577468,0.177107448,0.026787392
0.769000,0.091761221,-0.258848828,1.472590317,0.107062205,0.180661931,0.027075340
0.770000,0.081784555,-0.236064441,1.473009214,0.106474602,0.184638258,0.027491698
0.771000,0.071807890,-0.213280055,1.473428111,0.105887000,0.188614585,0.027908056
0.772000,0.061831224,-0.190495668,1.473847008,0.105299397,0.192590912,0.028324413
0.773000,0.052967648,-0.169694012,1.475102574,0.104840063,0.196618711,0.028702553
0.774000,0.066913171,-0.176399808,1.478970056,0.106642703,0.201991372,0.028473476
0.775000,0.083942266,-0.193232149,1.482831077,0.109293046,0.207656493,0.028037100
0.776000,0.100565772,-0.210538499,1.486636567,0.111979388,0.213337023,0.027592180
0.777000,0.117189279,-0.227844849,1.490442057,0.114665730,0.219017553,0.027147259
0.778000,0.132080070,-0.248191263,1.493369064,0.117547008,0.224732684,0.026734722
0.779000,0.128240185,-0.252576636,1.507510811,0.120443386,0.230225828,0.026813298
0.780000,0.113155859,-0.256985635,1.520214758,0.123934311,0.235906889,0.026895620
0.781000,0.098071534,-0.261394635,1.532918704,0.127425235,0.241587950,0.026977942
0.782000,0.082987208,-0.265803634,1.545622651,0.130916160,0.247269012,0.027060264
0.783000,0.066488037,-0.267996937,1.560239591,0.134357941,0.252873702,0.027147585
0.784000,0.067895601,-0.268648882,1.571729097,0.137338944,0.259018133,0.027343149
0.785000,0.089156372,-0.260793958,1.587190761,0.139593424,0.265522184,0.027739113
0.786000,0.110417142,-0.252939034,1.602652424,0.141847903,0.272026236,0.028135078
0.787000,0.131677913,-0.245084109,1.618114088,0.144102383,0.278530287,0.028531042
0.788000,0.154116379,-0.237191561,1.633796878,0.146342809,0.285095434,0.028890740
0.789000,0.178934943,-0.243380216,1.652655333,0.149383418,0.292151817,0.029266390
0.790000,0.193172361,-0.262236253,1.670355417,0.153200732,0.298946916,0.029633517
0.791000,0.207409780,-0.281092290,1.688055501,0.157018046,0.305742015,0.030000645
0.792000,0.221647198,-0.299948327,1.705755586,0.160835360,0.312537114,0.030367772
0.793000,0.234870618,-0.317711002,1.723653596,0.164700652,0.319308191,0.030794280
0.794000,0.242478956,-0.313671022,1.735185087,0.167692383,0.326435824,0.031326318
0.795000,0.247768363,-0.303080529,1.742646205,0.170756932,0.333630370,0.031955213
0.796000,0.253057771,-0.292490037,1.750107323,0.173821482,0.340824916,0.032584108
0.797000,0.258347178,-0.281899544,1.757568441,0.176886031,0.348019462,0.033213003
0.798000,0.262538072,-0.269804556,1.765528047,0.179924181,0.355154283,0.033791158
0.799000,0.268301864,-0.278432283,1.779280907,0.184733018,0.361418701,0.034207726
0.800000,0.285401284,-0.292567962,1.799494617,0.189880704,0.367588661,0.034826449
0.801000,0.302500705,-0.306703642,1.819708328,0.195028390,0.373758621,0.035445173
0.802000,0.319600126,-0.320839322,1.839922038,0.200176077,0.379928582,0.036063896
0.803000,0.336029241,-0.337019663,1.860531037,0.205425010,0.386039997,0.036625308
0.804000,0.341535157,-0.340962055,1.890398471,0.210222915,0.390934254,0.037350169
0.805000,0.334509132,-0.341842970,1.926766555,0.214813787,0.394858670,0.037991964
0.806000,0.327483106,-0.342723885,1.963134638,0.219404658,0.398783085,0.038633759
0.807000,0.320457080,-0.343604801,1.999502721,0.223995530,0.402707500,0.039275553
0.808000,0.311613051,-0.343615352,2.037513486,0.228407586,0.406450067,0.039769664
0.809000,0.302324682,-0.349577825,2.075908978,0.231019348,0.409906360,0.039619606
0.810000,0.298519313,-0.358248635,2.107788840,0.233005300,0.413414750,0.039211758
0.811000,0.294713945,-0.366919444,2.139668702,0.234991253,0.416923141,0.038803909
0.812000,0.290908576,-0.375590253,2.171548565,0.236977205,0.420431532,0.038396061
0.813000,0.287402174,-0.383663484,2.201412208,0.238766167,0.423859706,0.038082958
0.814000,0.285918527,-0.378100023,2.221017846,0.238594787,0.426516637,0.038293768
0.815000,0.292554926,-0.371716183,2.240417565,0.237466920,0.429235741,0.038576298
0.816000,0.299191325,-0.365332343,2.259817284,0.236339054,0.431954845,0.038858828
0.817000,0.305827724,-0.358948503,2.279217003,0.235211187,0.434673949,0.039141357
0.818000,0.312737002,-0.352388678,2.298477403,0.234055703,0.437403221,0.039407312
0.819000,0.310413110,-0.351190444,2.313598869,0.233475162,0.439462050,0.040033598
0.820000,0.300369285,-0.355805396,2.327832912,0.233136630,0.441048512,0.040685552
0.821000,0.290325460,-0.360420347,2.342066954,0.232798098,0.442634973,0.041337505
0.822000,0.280281635,-0.365035299,2.356300997,0.232459566,0.444221434,0.041989458
0.823000,0.270181220,-0.371221556,2.370552113,0.232137611,0.445783076,0.042647747
0.824000,0.276857067,-0.383544583,2.391287876,0.229917130,0.447737824,0.043239357
0.825000,0.287357096,-0.392083337,2.415216805,0.226874677,0.449728241,0.043818567
0.826000,0.297857126,-0.400622092,2.439145733,0.223832225,0.451718659,0.044397777
0.827000,0.308357155,-0.409160847,2.463074662,0.220789772,0.453709076,0.044976987
0.828000,0.319415238,-0.417018638,2.485825427,0.217817200,0.455708305,0.045521296
0.829000,0.326347899,-0.409532773,2.491686261,0.214973197,0.457276694,0.045246122
0.830000,0.333757497,-0.397532762,2.489877151,0.211816753,0.458914528,0.044784078
0.831000,0.341167096,-0.385532750,2.488068042,0.208660310,0.460552361,0.044322034
0.832000,0.348576694,-0.373532738,2.486258932,0.205503867,0.462190194,0.043859990
0.833000,0.355706636,-0.364098169,2.485096663,0.202472150,0.463770834,0.043330821
0.834000,0.352738486,-0.367970145,2.493777825,0.199662314,0.464294000,0.042347122
0.835000,0.339629350,-0.370592718,2.506540466,0.196401099,0.464189653,0.041118883
0.836000,0.326520214,-0.373215291,2.519303107,0.193139885,0.464085306,0.039890645
0.837000,0.313411078,-0.375837864,2.532065748,0.189878670,0.463980960,0.038662406
0.838000,0.300380226,-0.378016391,2.546099066,0.186552395,0.463871574,0.037477630
0.839000,0.295697563,-0.361642034,2.554280317,0.182080880,0.464150225,0.036954864
0.840000,0.297324969,-0.331468600,2.561742706,0.176866447,0.464390041,0.036666492
0.841000,0.298952376,-0.301295165,2.569205095,0.171652013,0.464629856,0.036378119
0.842000,0.300579782,-0.271121731,2.576667483,0.166437579,0.464869672,0.036089747
0.843000,0.301950090,-0.242674382,2.583553819,0.161450606,0.465123960,0.035780135
0.844000,0.308669221,-0.241477996,2.580754870,0.160801386,0.465883068,0.035219846
0.845000,0.315470081,-0.258611223,2.575110351,0.162425798,0.466974644,0.034539281
0.846000,0.322270941,-0.275744449,2.569465832,0.164050209,0.468066220,0.033858715
0.847000,0.329071802,-0.292877676,2.563821313,0.165674621,0.469157796,0.033178150
0.848000,0.335702755,-0.307610676,2.559431383,0.167225404,0.470205527,0.032565612
0.849000,0.330065509,-0.323777261,2.577933007,0.168205063,0.470573494,0.031919264
0.850000,0.319413074,-0.339409320,2.603061259,0.168883787,0.470472576,0.031315850
0.851000,0.308760640,-0.355041378,2.628189512,0.169562510,0.470371659,0.030712436
0.852000,0.298108205,-0.370673437,2.653317764,0.170241234,0.470270741,0.030109022
0.853000,0.287560360,-0.385383080,2.678316594,0.170774809,0.470209106,0.029509829
0.854000,0.292502632,-0.351840867,2.694812854,0.166080665,0.471127784,0.030091657
0.855000,0.306624408,-0.298988243,2.707333959,0.159333501,0.472576407,0.031442648
0.856000,0.320746184,-0.246135619,2.719855064,0.152586338,0.474025030,0.032793639
0.857000,0.334867960,-0.193282996,2.732376169,0.145839174,0.475473654,0.034144630
0.858000,0.349394168,-0.145017457,2.741569265,0.139499198,0.477106531,0.035314093
0.859000,0.367225744,-0.140595696,2.713525573,0.138532491,0.479970273,0.035309264
0.860000,0.382396405,-0.151257896,2.678720299,0.139659453,0.482871071,0.034984392
0.861000,0.397567066,-0.161920095,2.643915024,0.140786414,0.485771868,0.034659521
0.862000,0.412737726,-0.172582295,2.609109750,0.141913375,0.488672666,0.034334649
0.863000,0.427770746,-0.183828481,2.575848856,0.143086314,0.491513865,0.034009796
0.864000,0.417851477,-0.210418984,2.600906296,0.145330751,0.491914821,0.034131620
0.865000,0.398121600,-0.236440923,2.645600827,0.147481340,0.491394886,0.034352734
0.866000,0.378391722,-0.262462862,2.690295357,0.149631929,0.490874951,0.034573847
0.867000,0.358661845,-0.288484801,2.734989887,0.151782518,0.490355016,0.034794961
0.868000,0.342138355,-0.309236757,2.779512737,0.153486892,0.489984376,0.035137901
0.869000,0.364215170,-0.270959153,2.813035904,0.149696393,0.491757849,0.036796202
0.870000,0.399945650,-0.221245459,2.840400336,0.144368077,0.494507086,0.038926721
0.871000,0.435676130,-0.171531765,2.867764769,0.139039760,0.497256323,0.041057241
0.872000,0.471406610,-0.121818071,2.895129201,0.133711444,0.500005560,0.043187760
0.873000,0.503902795,-0.078579725,2.917788214,0.129244171,0.502883924,0.045088935
0.874000,0.508057356,-0.095066333,2.909976492,0.129835086,0.505424450,0.045723306
0.875000,0.500559518,-0.134333573,2.890188546,0.132682767,0.507910998,0.045775937
0.876000,0.493061681,-0.173600812,2.870400600,0.135530449,0.510397546,0.045828568
0.877000,0.485563843,-0.212868051,2.850612654,0.138378130,0.512884094,0.045881199
0.878000,0.476586329,-0.250260982,2.837510976,0.141196234,0.515108077,0.045993488
0.879000,0.461689307,-0.263064566,2.854207311,0.142770867,0.515671215,0.045915239
0.880000,0.443436807,-0.259262527,2.881468912,0.143261800,0.515266862,0.045859994
0.881000,0.425184307,-0.255460489,2.908730513,0.143752733,0.514862509,0.045804749
0.882000,0.406966104,-0.251652720,2.935959722,0.144241194,0.514459132,0.045748692
0.883000,0.392774114,-0.246860283,2.960712120,0.144441426,0.514189209,0.045652039
0.884000,0.410465043,-0.226117893,2.992572781,0.142036985,0.515284972,0.046250367
0.885000,0.440427361,-0.203279326,3.025094043,0.138935487,0.516977750,0.047133572
0.886000,0.470389679,-0.180440759,3.057615305,0.135833989,0.518670529,0.048016776
0.887000,0.500351997,-0.157602192,3.090136566,0.132732492,0.520363307,0.048899981
0.888000,0.530212085,-0.135947977,3.121959693,0.129767825,0.522069481,0.049736707
0.889000,0.535602366,-0.162382055,3.122132273,0.130813455,0.522968156,0.049123562
0.890000,0.529666740,-0.203285039,3.112261792,0.133008334,0.523342850,0.047922349
0.891000,0.523731115,-0.244188023,3.102391311,0.135203213,0.523717544,0.046721136
0.892000,0.517795489,-0.285091007,3.092520830,0.137398091,0.524092238,0.045519923
0.893000,0.511081719,-0.323882200,3.085999519,0.139681033,0.524440381,0.044391500
0.894000,0.491134453,-0.347042849,3.096863097,0.142803670,0.523963566,0.043683625
0.895000,0.465615706,-0.366018170,3.112521407,0.146581490,0.523204745,0.043178871
0.896000,0.440096959,-0.384993490,3.128179716,0.150359310,0.522445924,0.042674118
0.897000,0.414578212,-0.403968811,3.143838025,0.154137130,0.521687104,0.042169365
0.898000,0.390441072,-0.422274210,3.159336541,0.157698479,0.520962069,0.041614855
0.899000,0.404804127,-0.400364153,3.173246325,0.156051375,0.522046952,0.041141693
0.900000,0.433123743,-0.360511694,3.188711679,0.152686586,0.523885615,0.040956735
0.901000,0.461443359,-0.320659236,3.204177033,0.149321798,0.525724277,0.040771776
0.902000,0.489762975,-0.280806777,3.219642387,0.145957009,0.527562940,0.040586818
0.903000,0.516851745,-0.241794576,3.234214619,0.142679103,0.529392672,0.040395830
0.904000,0.514174042,-0.226901419,3.229877572,0.141556839,0.530761640,0.040418746
0.905000,0.502957009,-0.218634983,3.217905079,0.140764536,0.532204542,0.040289884
0.906000,0.491739975,-0.210368548,3.205932586,0.139972233,0.533647443,0.040161023
0.907000,0.480522942,-0.202102112,3.193960094,0.139179929,0.535090344,0.040032161
0.908000,0.469063354,-0.194382794,3.182352971,0.138420650,0.536522594,0.039887160
0.909000,0.464201976,-0.208472729,3.203411124,0.138681571,0.537702089,0.038726027
0.910000,0.463821288,-0.228537004,3.233321261,0.139299961,0.538793493,0.037450901
0.911000,0.463440600,-0.248601280,3.263231398,0.139918351,0.539884896,0.036175775
0.912000,0.463059911,-0.268665556,3.293141536,0.140536741,0.540976300,0.034900650
0.913000,0.462873252,-0.287777612,3.322437414,0.141102677,0.542116018,0.033649338
0.914000,0.477742730,-0.283839543,3.327735341,0.140515295,0.545308206,0.033309482
0.915000,0.499163997,-0.266003450,3.328858246,0.139623275,0.549540697,0.033062060
0.916000,0.520585263,-0.248167357,3.329981150,0.138731256,0.553773187,0.032814637
0.917000,0.542006530,-0.230331264,3.331104054,0.137839236,0.558005678,0.032567215
0.918000,0.563454940,-0.212649894,3.333160704,0.136908059,0.562178370,0.032322373
0.919000,0.572751463,-0.209559911,3.351166094,0.135976941,0.565087185,0.031593106
0.920000,0.572489469,-0.221251142,3.376965586,0.134846295,0.567124267,0.030845085
0.921000,0.571762525,-0.237718996,3.406058967,0.133691088,0.569107476,0.030122383
0.922000,0.571035582,-0.254186850,3.435152348,0.132535882,0.571090685,0.029399681
0.923000,0.570754810,-0.269816383,3.463104518,0.131401070,0.573135307,0.028643925
0.924000,0.570776390,-0.263641018,3.476924497,0.129902101,0.575856177,0.028227620
0.925000,0.568358639,-0.243802183,3.487358257,0.128310136,0.578723559,0.028132368
0.926000,0.565940888,-0.223963349,3.497792017,0.126718172,0.581590941,0.028037115
0.927000,0.563523137,-0.204124515,3.508225777,0.125126208,0.584458323,0.027941863
0.928000,0.562569174,-0.185951400,3.518289839,0.123543094,0.587394750,0.027852120
0.929000,0.581917179,-0.180907235,3.522470786,0.122388582,0.591247909,0.027456650
0.930000,0.612314553,-0.178629367,3.527577353,0.121274976,0.595426106,0.026980734
0.931000,0.642711927,-0.176351499,3.532683920,0.120161371,0.599604302,0.026504817
0.932000,0.673109301,-0.174073631,3.537790487,0.119047765,0.603782498,0.026028900
0.933000,0.701114199,-0.171079590,3.543287081,0.117940580,0.607842789,0.025520485
0.934000,0.706405852,-0.165087525,3.559587621,0.116976998,0.610772859,0.024796750
0.935000,0.700533772,-0.158285399,3.572247485,0.116135078,0.613170409,0.023900252
0.936000,0.694661692,-0.151483273,3.584907348,0.115293157,0.615567959,0.023003753
0.937000,0.688789612,-0.144681147,3.597567211,0.114451236,0.617965508,0.022107254
0.938000,0.683063522,-0.138204371,3.609329155,0.113476513,0.620373325,0.021310489
0.939000,0.672674302,-0.132725728,3.603205429,0.111566899,0.622950264,0.021608304
0.940000,0.664182146,-0.130379709,3.589823763,0.109534306,0.625747562,0.022148591
0.941000,0.655689990,-0.128033689,3.576442096,0.107501712,0.628544860,0.022688878
0.942000,0.646982289,-0.124463309,3.564422287,0.105448475,0.631287970,0.023243787
0.943000,0.638482593,-0.118068999,3.556137545,0.103354058,0.633909511,0.023807690
0.944000,0.654425304,-0.114326471,3.568205036,0.101663880,0.636899181,0.023424980
0.945000,0.687814486,-0.116287298,3.591486171,0.100299814,0.640433700,0.022253052
0.946000,0.725734488,-0.118933171,3.617143544,0.098884795,0.644229490,0.020979151
0.947000,0.763654490,-0.121579043,3.642800917,0.097469776,0.648025280,0.019705249
0.948000,0.796532816,-0.124382597,3.667307654,0.096153298,0.651581342,0.018577732
0.949000,0.784159011,-0.132484181,3.677144840,0.095867476,0.653152448,0.018759094
0.950000,0.753761567,-0.141172543,3.679483664,0.095857009,0.653762629,0.019408695
0.951000,0.723369564,-0.149284240,3.681888249,0.095824819,0.654354471,0.020084958
0.952000,0.692977561,-0.157395937,3.684292834,0.095792629,0.654946312,0.020761221
0.953000,0.664405878,-0.166745252,3.685516330,0.095742070,0.655575506,0.021375571
0.954000,0.667687300,-0.166814343,3.697595339,0.094005721,0.656647990,0.021447298
0.955000,0.688171252,-0.156165089,3.717381702,0.091363068,0.658059173,0.021430074
0.956000,0.708655204,-0.145515836,3.737168065,0.088720416,0.659470356,0.021412851
0.957000,0.729139156,-0.134866582,3.756954428,0.086077764,0.660881539,0.021395628
0.958000,0.749103536,-0.124380363,3.776225023,0.083459611,0.662292576,0.021374057
0.959000,0.756771023,-0.110795297,3.781351517,0.081114698,0.663462282,0.021779389
0.960000,0.751618065,-0.094737034,3.780351978,0.079005213,0.664268832,0.022385074
0.961000,0.746465106,-0.078678771,3.779352439,0.076895728,0.665075382,0.022990759
0.962000,0.741312148,-0.062620508,3.778352899,0.074786243,0.665881932,0.023596444
0.963000,0.736955187,-0.049111309,3.778177774,0.072681174,0.666608718,0.024205554
0.964000,0.728818579,-0.064546427,3.782469316,0.071930224,0.666376126,0.023903834
0.965000,0.720011522,-0.086608097,3.786595483,0.071544808,0.665951952,0.023293238
0.966000,0.711204464,-0.108669766,3.790721650,0.071159391,0.665527779,0.022682642
0.967000,0.702397407,-0.130731436,3.794847817,0.070773975,0.665103606,0.022072046
0.968000,0.693124586,-0.152161450,3.799457786,0.070363487,0.664670193,0.021482483
0.969000,0.685928155,-0.157203197,3.808308289,0.070042792,0.664301798,0.021601105
0.970000,0.683524475,-0.151066609,3.818040240,0.069723418,0.664215143,0.022250658
0.971000,0.681120796,-0.144930021,3.827772190,0.069404045,0.664128488,0.022900212
0.972000,0.678717116,-0.138793433,3.837504140,0.069084672,0.664041833,0.023549765
0.973000,0.674901122,-0.133124316,3.847036225,0.068644842,0.663894232,0.024169754
0.974000,0.671227716,-0.121684918,3.841041482,0.065462031,0.663860924,0.024567881
0.975000,0.668788893,-0.101779706,3.822457241,0.060799356,0.663902633,0.024737790
0.976000,0.666350070,-0.081874495,3.803873000,0.056136681,0.663944343,0.024907699
0.977000,0.663911247,-0.061969283,3.785288758,0.051474006,0.663986052,0.025077608
0.978000,0.662203046,-0.043981586,3.768365644,0.047083953,0.664026627,0.025234004
0.979000,0.657602436,-0.046269114,3.770838419,0.045909149,0.663794340,0.025598218
0.980000,0.651517606,-0.059377357,3.780162018,0.046296281,0.663480700,0.026268772
0.981000,0.645432776,-0.072485601,3.789485617,0.046683412,0.663167060,0.026939325
0.982000,0.639347946,-0.085593844,3.798809216,0.047070543,0.662853420,0.027609879
0.983000,0.633581517,-0.098571745,3.808164344,0.047453339,0.662548207,0.028263261
0.984000,0.632864627,-0.099352591,3.799731517,0.047833068,0.662395700,0.028164525
0.985000,0.638366382,-0.088900263,3.785727076,0.048181617,0.662377569,0.026982029
0.986000,0.643868136,-0.078447935,3.771722635,0.048530167,0.662359439,0.025799534
0.987000,0.649369890,-0.067995606,3.757718194,0.048878716,0.662341309,0.024617038
0.988000,0.654811894,-0.057776665,3.743609546,0.049218336,0.662353573,0.023526646
0.989000,0.657874425,-0.055408592,3.756944381,0.048561967,0.662444660,0.024062722
0.990000,0.660329977,-0.059902795,3.781588371,0.046872884,0.662658133,0.025460212
0.991000,0.662785530,-0.064396997,3.806232360,0.045183802,0.662871606,0.026857702
0.992000,0.665241082,-0.068891199,3.830876350,0.043494719,0.663085079,0.028255191
0.993000,0.668028147,-0.072948661,3.855531601,0.041821824,0.663284992,0.029661814
0.994000,0.671321760,-0.069498286,3.864695745,0.040694687,0.663669580,0.031286164
0.995000,0.672016355,-0.056575452,3.872475717,0.039585984,0.664237828,0.032781610
0.996000,0.672710951,-0.043652617,3.880255689,0.038477280,0.664806076,0.034277056
0.997000,0.673405546,-0.030729783,3.888035661,0.037368577,0.665374324,0.035772502
0.998000,0.673476223,-0.018069021,3.893600709,0.036318767,0.665947797,0.037259942
0.999000,0.659574041,-0.028805931,3.887667796,0.037437150,0.666424119,0.038052656
1.000000,0.639859640,-0.049496412,3.877758618,0.039594571,0.666729602,0.038335147
1.001000,0.620145239,-0.070186893,3.867849440,0.041751991,0.667035086,0.038617637
1.002000,0.600430838,-0.090877374,3.857940262,0.043909411,0.667340569,0.038900128
1.003000,0.581085686,-0.110457446,3.849520515,0.045928041,0.667609100,0.039145094
1.004000,0.579096845,-0.100639330,3.873026335,0.044294669,0.668019246,0.039717304
1.005000,0.588362571,-0.078368655,3.916487302,0.040846264,0.668571835,0.041164247
1.006000,0.598217968,-0.055384095,3.960667563,0.037346008,0.669121201,0.042675567
1.007000,0.608073365,-0.032399535,4.004847824,0.033845753,0.669670567,0.044186886
1.008000,0.616921558,-0.010426634,4.048871386,0.030390415,0.670201617,0.045663589
1.009000,0.613463356,-0.008043472,4.060604835,0.028434387,0.671704589,0.046982306
1.010000,0.604669646,-0.017995638,4.048400030,0.027537890,0.673663461,0.046705922
1.011000,0.595875936,-0.027947804,4.036195225,0.026641393,0.675622333,0.046429537
1.012000,0.587082226,-0.037899970,4.023990421,0.025744896,0.677581205,0.046153153
1.013000,0.579482920,-0.046432697,4.014904731,0.024819847,0.679562243,0.045876328
1.014000,0.585768786,-0.048897700,4.033585342,0.023957215,0.681336294,0.045663528
1.015000,0.590334002,-0.061709873,4.070031950,0.023906720,0.682869466,0.045969729
1.016000,0.594899217,-0.074522047,4.106478557,0.023856224,0.684402638,0.046275929
1.017000,0.599464433,-0.087334220,4.142925165,0.023805729,0.685935810,0.046582130
1.018000,0.606228530,-0.099154730,4.175388254,0.023732275,0.687798310,0.046914226
1.019000,0.609457339,-0.116427213,4.179313668,0.023604597,0.690859756,0.046253749
1.020000,0.608360990,-0.124151933,4.175059740,0.021915028,0.693691371,0.043656097
1.021000,0.607264641,-0.131876654,4.170805812,0.020225459,0.696522985,0.041058444
1.022000,0.606168291,-0.139601375,4.166551883,0.018535890,0.699354600,0.038460792
1.023000,0.603446937,-0.144362032,4.162521674,0.016675987,0.702062514,0.035690096
1.024000,0.598447068,-0.129270676,4.149493366,0.014284015,0.704485079,0.033675466
1.025000,0.603752782,-0.110057531,4.120163695,0.012750566,0.707349438,0.033353980
1.026000,0.609058496,-0.090844386,4.090834025,0.011217117,0.710213797,0.033032495
1.027000,0.614364209,-0.071631241,4.061504354,0.009683669,0.713078155,0.032711009
1.028000,0.619937714,-0.055054207,4.035020064,0.008281752,0.715861470,0.032377082
1.029000,0.637261958,-0.061958186,4.040512588,0.007976295,0.717424018,0.032508227
1.030000,0.652594486,-0.072637182,4.058236476,0.007706479,0.718513237,0.032507885
1.031000,0.667927014,-0.083316178,4.075960364,0.007436662,0.719602457,0.032507542
1.032000,0.683259541,-0.093995173,4.093684253,0.007166845,0.720691676,0.032507200
1.033000,0.697602519,-0.103682410,4.109739267,0.006913704,0.721686945,0.032475759
1.034000,0.691770842,-0.106508838,4.082116280,0.007638676,0.722076149,0.032223108
1.035000,0.688576513,-0.117802049,4.031422582,0.009551283,0.722695729,0.032889662
1.036000,0.685382183,-0.129095260,3.980728884,0.011463889,0.723315309,0.033556217
1.037000,0.682187854,-0.140388470,3.930035187,0.013376496,0.723934889,0.034222771
1.038000,0.675845203,-0.151884108,3.882139539,0.014568519,0.724315958,0.035049881
1.039000,0.663309859,-0.126839883,3.852824148,0.010537940,0.722791549,0.035712227
1.040000,0.647323265,-0.077895147,3.832140421,0.004691848,0.720728750,0.035612380
1.041000,0.631336672,-0.028950410,3.811456695,-0.001154244,0.718665951,0.035512533
1.042000,0.615350079,0.019994326,3.790772968,-0.007000336,0.716603152,0.035412687
1.043000,0.600009974,0.065721363,3.770026163,-0.012510471,0.714491131,0.035187005
1.044000,0.598787257,0.058703373,3.746998213,-0.012937662,0.712160776,0.034354813
1.045000,0.600198781,0.030100092,3.719778800,-0.011118124,0.709447519,0.033399299
1.046000,0.601610306,0.001496811,3.692559388,-0.009298586,0.706734262,0.032443786
1.047000,0.603021831,-0.027106471,3.665339975,-0.007479047,0.704021004,0.031488273
1.048000,0.603803769,-0.054066398,3.637916505,-0.005725068,0.701206201,0.030461711
1.049000,0.582610749,-0.056032416,3.615699079,-0.004713867,0.696286689,0.029313479
1.050000,0.558578657,-0.049145877,3.594578298,-0.003907576,0.690778148,0.028092355
1.051000,0.534546565,-0.042259339,3.573457517,-0.003101286,0.685269608,0.026871231
1.052000,0.510514473,-0.035372801,3.552336736,-0.002294995,0.679761067,0.025650107
1.053000,0.489369266,-0.028000113,3.531260949,-0.001761208,0.674354069,0.024537123
1.054000,0.493256212,-0.021341904,3.512494103,-0.004395419,0.670063984,0.024164391
1.055000,0.497160599,-0.014408181,3.497548461,-0.008173756,0.665754602,0.024056301
1.056000,0.501064987,-0.007474459,3.482602819,-0.011952093,0.661445220,0.023948211
1.057000,0.504969374,-0.000540736,3.467657177,-0.015730430,0.657135839,0.023840120
1.058000,0.507882974,0.006190955,3.452690263,-0.019455732,0.652770488,0.023800531
1.059000,0.506941533,0.016073704,3.428272283,-0.021600188,0.647953993,0.024440500
1.060000,0.513602408,0.027854115,3.399124455,-0.023075967,0.643386649,0.025171982
1.061000,0.520263284,0.039634527,3.369976627,-0.024551746,0.638819305,0.025903465
1.062000,0.526924159,0.051414939,3.340828799,-0.026027525,0.634251962,0.026634948
1.063000,0.532162675,0.061143968,3.310396269,-0.027255886,0.629679551,0.027276433
1.064000,0.512618247,0.053012207,3.274513887,-0.026248049,0.624591834,0.027821694
1.065000,0.475718786,0.040568370,3.238300746,-0.024640304,0.618896370,0.028480050
1.066000,0.438819324,0.028124534,3.202087606,-0.023032559,0.613200907,0.029138406
1.067000,0.401919863,0.015680698,3.165874465,-0.021424814,0.607505443,0.029796762
1.068000,0.367072346,0.004883786,3.131589599,-0.019960798,0.601916534,0.030560161
1.069000,0.374410633,0.010528356,3.117780274,-0.020748851,0.598485872,0.031961525
1.070000,0.402353358,0.016560472,3.106875237,-0.022114583,0.596097998,0.033463191
1.071000,0.430296083,0.022592588,3.095970200,-0.023480314,0.593710124,0.034964857
1.072000,0.458238807,0.028624704,3.085065163,-0.024846046,0.591322251,0.036466523
1.073000,0.485613497,0.034653269,3.074004787,-0.026207856,0.588884440,0.037995067
1.074000,0.480530412,0.043794836,3.049798381,-0.027797792,0.585477545,0.040299844
1.075000,0.459425564,0.050641485,3.026163405,-0.029175888,0.581523059,0.042800219
1.076000,0.438320716,0.057488135,3.002528429,-0.030553984,0.577568572,0.045300595
1.077000,0.417215868,0.064334784,2.978893453,-0.031932080,0.573614085,0.047800970
1.078000,0.396155460,0.071066188,2.955426950,-0.033282835,0.569679988,0.050312124
1.079000,0.399991863,0.069049045,2.939754887,-0.033362978,0.566726242,0.054769318
1.080000,0.418749005,0.065366633,2.923088186,-0.033067596,0.564368032,0.060503107
1.081000,0.437506146,0.061684221,2.906421485,-0.032772214,0.562009823,0.066236896
1.082000,0.456263288,0.058001808,2.889754784,-0.032476831,0.559651613,0.071970684
1.083000,0.474580317,0.053818901,2.870718899,-0.032102659,0.557342484,0.077649771
1.084000,0.471741249,0.040620977,2.851951724,-0.030781291,0.554574583,0.082143608
1.085000,0.453565541,0.024155850,2.843502380,-0.029041352,0.551154089,0.085807354
1.086000,0.435389834,0.007690722,2.835053036,-0.027301413,0.547733596,0.089471101
1.087000,0.417214127,-0.008774405,2.826603692,-0.025561474,0.544313102,0.093134847
1.088000,0.400024434,-0.025849516,2.817499908,-0.023933352,0.540886845,0.096796591
1.089000,0.395879171,-0.037757193,2.799399821,-0.025753220,0.537237819,0.099978278
1.090000,0.399776313,-0.042588942,2.775543209,-0.029865903,0.533554010,0.102877060
1.091000,0.403673456,-0.047420690,2.751686597,-0.033978587,0.529870200,0.105775843
1.092000,0.407570598,-0.052252439,2.727829985,-0.038091270,0.526186391,0.108674625
1.093000,0.410884850,-0.056623677,2.704699610,-0.042026669,0.522426774,0.111565159
1.094000,0.397692252,-0.058960646,2.680092241,-0.043268085,0.517645301,0.114743128
1.095000,0.376127779,-0.067570780,2.653677091,-0.042960878,0.512503844,0.118204022
1.096000,0.354563307,-0.076180914,2.627261941,-0.042653672,0.507362387,0.121664916
1.097000,0.332998834,-0.084791048,2.600846791,-0.042346466,0.502220929,0.125125810
1.098000,0.311308910,-0.094693790,2.573671108,-0.041954028,0.497079230,0.128445310
1.099000,0.310744568,-0.128911834,2.545629993,-0.041182345,0.492662881,0.129932825
1.100000,0.326794401,-0.168235499,2.517621881,-0.040819559,0.488556010,0.130711411
1.101000,0.342844235,-0.207559164,2.489613770,-0.040456773,0.484449138,0.131489998
1.102000,0.358894069,-0.246882830,2.461605658,-0.040093987,0.480342267,0.132268584
1.103000,0.371355476,-0.279658321,2.427585677,-0.040056912,0.475933141,0.133052820
1.104000,0.383738600,-0.263773889,2.396039057,-0.041657150,0.469707967,0.134307402
1.105000,0.381848796,-0.229714827,2.367230188,-0.043789034,0.462018947,0.136273399
1.106000,0.379958991,-0.195655765,2.338421319,-0.045920918,0.454329927,0.138239397
1.107000,0.377208937,-0.162246494,2.309516526,-0.048047072,0.446585897,0.140222909
1.108000,0.360484523,-0.137421888,2.279136557,-0.050102939,0.438052919,0.142394473
1.109000,0.279525632,-0.138177350,2.215757299,-0.052064456,0.426850790,0.145474290
1.110000,0.182780742,-0.148432031,2.131461783,-0.053839648,0.415543231,0.148860603
1.111000,0.086035852,-0.158686712,2.047166267,-0.055614841,0.404235671,0.152246916
1.112000,-0.010772239,-0.168432864,1.963085091,-0.057401904,0.392956922,0.155613453
1.113000,-0.093000612,-0.171443564,1.882961578,-0.059228502,0.382275813,0.158598895
1.114000,-0.037274068,-0.189883867,1.831206978,-0.059051611,0.376496912,0.160417433
1.115000,0.046009930,-0.213279843,1.786095858,-0.058418052,0.371682233,0.162035148
1.116000,0.129293928,-0.236675819,1.740984738,-0.057784494,0.366867555,0.163652864
1.117000,0.212577927,-0.260071795,1.695873618,-0.057150935,0.362052876,0.165270579
1.118000,0.285371422,-0.281115201,1.651068149,-0.056558606,0.356789328,0.166796578
1.119000,0.283654291,-0.270295978,1.600737337,-0.056214451,0.347424182,0.167457284
1.120000,0.252832883,-0.243107497,1.549678342,-0.056173795,0.336546615,0.168051823
1.121000,0.222011476,-0.215919017,1.498619347,-0.056133139,0.325669047,0.168646362
1.122000,0.191190068,-0.188730537,1.447560352,-0.056092483,0.314791480,0.169240901
1.123000,0.163171271,-0.165501376,1.399080844,-0.056059315,0.304032921,0.169755759
1.124000,0.128693730,-0.163363881,1.347918629,-0.057056396,0.292534906,0.169675360
1.125000,0.090802153,-0.165720391,1.290059065,-0.058385478,0.280897962,0.169644493
1.126000,0.052910577,-0.168076901,1.232199501,-0.059714561,0.269261018,0.169613626
1.127000,0.015019000,-0.170433412,1.174339936,-0.061043644,0.257624074,0.169582758
1.128000,-0.022408167,-0.172496493,1.116696746,-0.062308504,0.246032968,0.169578912
1.129000,-0.035903450,-0.165188833,1.071848028,-0.061810612,0.235692414,0.169952814
1.130000,-0.034922294,-0.149597627,1.033178646,-0.060715050,0.225948817,0.170307492
1.131000,-0.033941138,-0.134006420,0.994509264,-0.059619489,0.216205220,0.170662169
1.132000,-0.032959981,-0.118415213,0.955839882,-0.058523927,0.206461623,0.171016846
1.133000,-0.029933609,-0.103271820,0.917195356,-0.057496480,0.196884994,0.171101407
1.134000,0.000172532,-0.090722593,0.896892387,-0.057556518,0.189913587,0.167819909
1.135000,0.040082252,-0.085049505,0.886239780,-0.058008381,0.183953929,0.162862018
1.136000,0.079991973,-0.079376417,0.875587173,-0.058460243,0.177994272,0.157904126
1.137000,0.119901693,-0.073703329,0.864934565,-0.058912105,0.172034614,0.152946234
1.138000,0.154898290,-0.070374087,0.853383367,-0.059334066,0.165766226,0.147578606
1.139000,0.133421507,-0.074394038,0.818928902,-0.060389292,0.156406538,0.137354146
1.140000,0.085709896,-0.079209782,0.780682340,-0.061613810,0.145808330,0.125504404
1.141000,0.037998285,-0.084025527,0.742435778,-0.062838328,0.135210122,0.113654662
1.142000,-0.009160382,-0.088958905,0.705480675,-0.064067329,0.124762322,0.101822949
1.143000,-0.056329326,-0.089437389,0.675059224,-0.065436476,0.114840046,0.090051479
1.144000,-0.085351241,-0.064441010,0.646183094,-0.067550230,0.106421120,0.077964046
1.145000,-0.068909777,-0.031651488,0.612368231,-0.070444181,0.101027152,0.065456700
1.146000,-0.032524035,0.009364385,0.569846135,-0.074105107,0.096561472,0.052417750
1.147000,0.003861707,0.050380258,0.527324039,-0.077766033,0.092095792,0.039378799
1.148000,0.037703543,0.085684118,0.484793103,-0.081169576,0.087579027,0.026205851
1.149000,0.040248914,0.073553620,0.453582122,-0.083040626,0.082161320,0.011412669
1.150000,0.039085164,0.055363654,0.423898134,-0.084640635,0.076075590,-0.003711837
1.151000,0.037921413,0.037173687,0.394214145,-0.086240644,0.069989861,-0.018836343
1.152000,0.036757662,0.018983721,0.364530157,-0.087840654,0.063904132,-0.033960849
1.153000,0.033190850,0.003428728,0.335711250,-0.089495358,0.057821685,-0.049114909
1.154000,0.013166952,0.019714680,0.309157686,-0.091754816,0.050503820,-0.063938356
1.155000,-0.010579406,0.044175875,0.283480013,-0.094139527,0.042869171,-0.078254141
1.156000,-0.034325763,0.068637071,0.257802339,-0.096524237,0.035234521,-0.092569926
1.157000,-0.058072120,0.093098267,0.232124665,-0.098908947,0.027599872,-0.106885712
1.158000,-0.077824837,0.118372424,0.204720217,-0.101504273,0.020076256,-0.121028025
1.159000,-0.048375000,0.157987073,0.167054539,-0.106478539,0.014889113,-0.132277459
1.160000,-0.001075434,0.197232907,0.121680552,-0.111750854,0.010526775,-0.142889276
1.161000,0.046224132,0.236478740,0.076306566,-0.117023168,0.006164437,-0.153501092
1.162000,0.093523698,0.275724574,0.030932579,-0.122295483,0.001802100,-0.164112909
1.163000,0.137352475,0.312738930,-0.015861582,-0.127103650,-0.002556460,-0.174644719
1.164000,0.138213193,0.316836488,-0.078644918,-0.125588012,-0.007154398,-0.184090162
1.165000,0.113386425,0.315516900,-0.145432236,-0.122045121,-0.012087521,-0.193482115
1.166000,0.088559657,0.314197311,-0.212219554,-0.118502230,-0.017020644,-0.202874068
1.167000,0.063732890,0.312877723,-0.279006872,-0.114959338,-0.021953766,-0.212266020
1.168000,0.039068756,0.308280813,-0.339503740,-0.111692931,-0.026966466,-0.221065113
1.169000,0.018107822,0.290630287,-0.352758115,-0.111501085,-0.032760424,-0.225350905
1.170000,0.000650876,0.260820280,-0.348900804,-0.111778551,-0.038769967,-0.228160521
1.171000,-0.016806070,0.231010273,-0.345043492,-0.112056017,-0.044779511,-0.230970138
1.172000,-0.034263015,0.201200267,-0.341186180,-0.112333483,-0.050789054,-0.233779754
1.173000,-0.046196480,0.176091460,-0.340599997,-0.112910259,-0.056562443,-0.236196742
1.174000,-0.014410686,0.234039631,-0.368114566,-0.118095422,-0.059964077,-0.233458691
1.175000,0.027487794,0.315258091,-0.408049734,-0.124201617,-0.062747874,-0.229434995
1.176000,0.069386274,0.396476552,-0.447984901,-0.130307811,-0.065531671,-0.225411298
1.177000,0.111284753,0.477695013,-0.487920068,-0.136414005,-0.068315468,-0.221387601
1.178000,0.150735070,0.553979476,-0.530525450,-0.142065974,-0.071082880,-0.217342263
1.179000,0.154888931,0.548475404,-0.585724799,-0.139959545,-0.073389690,-0.212845393
1.180000,0.142068841,0.496094301,-0.639790117,-0.133695915,-0.075430101,-0.207707158
1.181000,0.129248750,0.443713199,-0.693855435,-0.127432285,-0.077470512,-0.202568922
1.182000,0.116428660,0.391332096,-0.747920754,-0.121168656,-0.079510923,-0.197430687
1.183000,0.102923060,0.339165299,-0.795427012,-0.114982857,-0.081685288,-0.192289305
1.184000,0.083487820,0.297042849,-0.795009395,-0.110332432,-0.084648779,-0.185460750
1.185000,0.059977777,0.255661306,-0.784658050,-0.106372149,-0.088169005,-0.178231033
1.186000,0.036467735,0.214279764,-0.774306705,-0.102411866,-0.091689232,-0.171001315
1.187000,0.012957693,0.172898221,-0.763955360,-0.098451583,-0.095209458,-0.163771598
1.188000,-0.007324416,0.135025650,-0.753643131,-0.094925352,-0.098524978,-0.156429182
1.189000,0.020772594,0.173082781,-0.753317335,-0.099332279,-0.099173473,-0.147986906
1.190000,0.071834524,0.226727301,-0.761036838,-0.105617840,-0.098671967,-0.139541735
1.191000,0.122896454,0.280371821,-0.768756341,-0.111903400,-0.098170460,-0.131096564
1.192000,0.173958384,0.334016341,-0.776475844,-0.118188961,-0.097668954,-0.122651393
1.193000,0.219153000,0.382217729,-0.788366792,-0.123999412,-0.097278774,-0.114389242
1.194000,0.211843362,0.365231300,-0.819662862,-0.125254711,-0.098119151,-0.108075545
1.195000,0.179172387,0.330341542,-0.853453557,-0.125008590,-0.099655320,-0.102112891
1.196000,0.146501411,0.295451784,-0.887244251,-0.124762470,-0.101191489,-0.096150238
1.197000,0.113830435,0.260562027,-0.921034946,-0.124516349,-0.102727658,-0.090187585
1.198000,0.082231473,0.224117682,-0.953234747,-0.124020123,-0.104264640,-0.084095871
1.199000,0.051960113,0.187791207,-0.981965256,-0.121045261,-0.106150691,-0.076831878
1.200000,0.024837505,0.154349765,-1.006106479,-0.116935107,-0.108431035,-0.068908635
1.201000,-0.002285102,0.120908322,-1.030247702,-0.112824952,-0.110711379,-0.060985392
1.202000,-0.029407710,0.087466880,-1.054388926,-0.108714797,-0.112991722,-0.053062149
1.203000,-0.051752094,0.054136226,-1.077509926,-0.104910963,-0.115074798,-0.045076399
1.204000,-0.027221434,0.046690152,-1.094192921,-0.105874635,-0.115445392,-0.036120656
1.205000,0.016437138,0.053711093,-1.111129887,-0.108811417,-0.115204177,-0.026699888
1.206000,0.060095711,0.060732034,-1.128066852,-0.111748200,-0.114962962,-0.017279120
1.207000,0.103754283,0.067752974,-1.145003818,-0.114684982,-0.114721747,-0.007858352
1.208000,0.142901490,0.075463606,-1.162296459,-0.117367869,-0.114626244,0.001466258
1.209000,0.128548034,0.074310773,-1.184133588,-0.116584748,-0.116030303,0.009421712
1.210000,0.090152217,0.065612946,-1.217562623,-0.114269530,-0.117828187,0.016708640
1.211000,0.051756399,0.056915118,-1.250991657,-0.111954311,-0.119626071,0.023995568
1.212000,0.013360581,0.048217291,-1.284420692,-0.109639092,-0.121423955,0.031282496
1.213000,-0.024015629,0.035209051,-1.318803872,-0.106810332,-0.123087114,0.038384071
1.214000,-0.034485698,-0.005889673,-1.353259078,-0.099506637,-0.122928387,0.043152825
1.215000,-0.035651297,-0.044136987,-1.386539247,-0.091684079,-0.122404929,0.047148928
1.216000,-0.036816896,-0.082384301,-1.419819415,-0.083861520,-0.121881470,0.051145031
1.217000,-0.037982495,-0.120631615,-1.453099584,-0.076038961,-0.121358012,0.055141133
1.218000,-0.039030343,-0.156837524,-1.485137195,-0.068488195,-0.120779721,0.059079786
1.219000,-0.024354930,-0.160477338,-1.479980056,-0.065405912,-0.119149983,0.062139996
1.220000,-0.004238333,-0.157608322,-1.463370705,-0.063407684,-0.117057599,0.064775064
1.221000,0.015878265,-0.154739306,-1.446761354,-0.061409455,-0.114965215,0.067410133
1.222000,0.035994863,-0.151870289,-1.430152003,-0.059411227,-0.112872831,0.070045201
1.223000,0.056781876,-0.149723055,-1.412786930,-0.057361572,-0.110716397,0.072657980
1.224000,0.050819256,-0.156222477,-1.409055352,-0.055005142,-0.109027115,0.074116091
1.225000,0.026507477,-0.153031179,-1.409456336,-0.053608756,-0.107656129,0.075347883
1.226000,0.002195698,-0.149839882,-1.409857319,-0.052212370,-0.106285143,0.076579675
1.227000,-0.022116080,-0.146648584,-1.410258303,-0.050815984,-0.104914157,0.077811467
1.228000,-0.046114780,-0.145172062,-1.411518168,-0.049285053,-0.103549075,0.078988020
1.229000,-0.049685484,-0.168914680,-1.424525134,-0.044511565,-0.101550123,0.079257520
1.230000,-0.036296783,-0.195971043,-1.440641476,-0.038789479,-0.098651421,0.078457448
1.231000,-0.022908083,-0.223027407,-1.456757818,-0.033067393,-0.095752720,0.077657377
1.232000,-0.009519383,-0.250083771,-1.472874160,-0.027345307,-0.092854018,0.076857305
1.233000,0.003298059,-0.275883900,-1.488551272,-0.021799738,-0.089985940,0.076181761
1.234000,0.006128702,-0.274463435,-1.487623797,-0.019782045,-0.088179097,0.078399149
1.235000,0.000884468,-0.262490757,-1.477232377,-0.018845574,-0.086650404,0.081129133
1.236000,-0.004359766,-0.250518078,-1.466840957,-0.017909103,-0.085121711,0.083859117
1.237000,-0.009604000,-0.238545400,-1.456449537,-0.016972632,-0.083593019,0.086589100
1.238000,-0.014223085,-0.228048513,-1.444562328,-0.016160039,-0.082092789,0.089165565
1.239000,-0.021996918,-0.229179554,-1.442283709,-0.016738525,-0.081034247,0.090976493
1.240000,-0.027933248,-0.234955425,-1.447327132,-0.017896250,-0.080281584,0.092988065
1.241000,-0.033869578,-0.240731296,-1.452370555,-0.019053975,-0.079528920,0.094999636
1.242000,-0.039805908,-0.246507167,-1.457413978,-0.020211700,-0.078776257,0.097011208
1.243000,-0.046404154,-0.251999980,-1.462779731,-0.021407803,-0.078052383,0.098965733
1.244000,-0.035678328,-0.241237375,-1.462121116,-0.024440363,-0.077231034,0.101629198
1.245000,-0.006754215,-0.224046439,-1.456956631,-0.028087298,-0.075897502,0.104281836
1.246000,0.022169897,-0.206855504,-1.451792147,-0.031734233,-0.074563970,0.106934475
1.247000,0.051094010,-0.189664568,-1.446627662,-0.035381168,-0.073230438,0.109587114
1.248000,0.079805943,-0.168908722,-1.438915258,-0.039319968,-0.071928099,0.112363395
1.249000,0.100670477,-0.152604279,-1.431694037,-0.044299783,-0.070256555,0.114512306
1.250000,0.108896847,-0.140659211,-1.429339665,-0.049581306,-0.068916521,0.116394547
1.251000,0.117123217,-0.128714143,-1.426985294,-0.054862829,-0.067576488,0.118276788
1.252000,0.125349586,-0.116769075,-1.424630923,-0.060144352,-0.066236454,0.120159029
1.253000,0.132437493,-0.106075034,-1.424819241,-0.065304031,-0.064919780,0.121901991
1.254000,0.108122467,-0.124637920,-1.436749064,-0.067504755,-0.065414209,0.121496358
1.255000,0.078799207,-0.153872642,-1.446622274,-0.068326288,-0.066316028,0.120400289
1.256000,0.049475946,-0.183107365,-1.456495484,-0.069147822,-0.067217846,0.119304219
1.257000,0.020152686,-0.212342087,-1.466368694,-0.069969356,-0.068119665,0.118208149
1.258000,-0.006664731,-0.237729094,-1.475923475,-0.070962917,-0.069008335,0.117122251
1.259000,-0.013501878,-0.224700809,-1.468723030,-0.073410634,-0.069836540,0.115080070
1.260000,-0.019016319,-0.201169756,-1.460369216,-0.076341346,-0.070777179,0.112668229
1.261000,-0.024530761,-0.177638703,-1.452015402,-0.079272057,-0.071717817,0.110256389
1.262000,-0.030045203,-0.154107650,-1.443661588,-0.082202769,-0.072658456,0.107844548
1.263000,-0.034018183,-0.129690394,-1.435016145,-0.085160054,-0.073557034,0.105396985
1.264000,-0.020858637,-0.111192206,-1.436668158,-0.087610798,-0.073498229,0.102014103
1.265000,-0.000472153,-0.096749211,-1.444799237,-0.089896029,-0.072990091,0.098242198
1.266000,0.019914331,-0.082306216,-1.452930317,-0.092181260,-0.072481953,0.094470292
1.267000,0.040300815,-0.067863220,-1.461061397,-0.094466491,-0.071973816,0.090698387
1.268000,0.059172473,-0.055118311,-1.470012502,-0.096591793,-0.071552898,0.086885522
1.269000,0.053625044,-0.060979724,-1.485368807,-0.096487076,-0.072709076,0.081145948
1.270000,0.021732320,-0.076997335,-1.499964586,-0.095222776,-0.075332755,0.074216779
1.271000,-0.010160403,-0.093014947,-1.514560366,-0.093958475,-0.077956434,0.067287609
1.272000,-0.042053127,-0.109032558,-1.529156146,-0.092694175,-0.080580112,0.060358440
1.273000,-0.072322346,-0.124630160,-1.544183328,-0.091331529,-0.083149052,0.053410261
1.274000,-0.082621980,-0.121987425,-1.556823460,-0.088964950,-0.085521253,0.046192120
1.275000,-0.082320766,-0.110473866,-1.562726756,-0.086187114,-0.087661504,0.038954464
1.276000,-0.082019551,-0.098960308,-1.568630051,-0.083409277,-0.089801756,0.031716808
1.277000,-0.081718337,-0.087446749,-1.574533347,-0.080631440,-0.091942007,0.024479151
1.278000,-0.081101095,-0.077680727,-1.581323822,-0.077979066,-0.094026994,0.017350944
1.279000,-0.063386134,-0.063355100,-1.584276640,-0.077575059,-0.095704449,0.009916313
1.280000,-0.041771725,-0.050252402,-1.588000385,-0.078053350,-0.097398762,0.002082741
1.281000,-0.020157316,-0.037149703,-1.591724129,-0.078531641,-0.099093075,-0.005750831
1.282000,0.001457094,-0.024047005,-1.595447873,-0.079009932,-0.100787388,-0.013584402
1.283000,0.022296211,-0.012970110,-1.600961870,-0.079326294,-0.102523346,-0.021426753
1.284000,0.021142778,-0.008279466,-1.624914032,-0.078954396,-0.105257348,-0.028601089
1.285000,0.001572075,-0.008875668,-1.653444535,-0.077855096,-0.108723626,-0.035525245
1.286000,-0.017998627,-0.009471870,-1.681975039,-0.076755796,-0.112189905,-0.042449401
1.287000,-0.037569329,-0.010068073,-1.710505543,-0.075656495,-0.115656183,-0.049373557
1.288000,-0.051699574,-0.006648825,-1.737586979,-0.074804375,-0.118889591,-0.056128810
1.289000,-0.034638283,0.003496601,-1.750511429,-0.074009527,-0.121109269,-0.061693446
1.290000,-0.008067800,0.007165429,-1.763494961,-0.072251672,-0.123051891,-0.066756562
1.291000,0.018502683,0.010834256,-1.776478493,-0.070493817,-0.124994512,-0.071819677
1.292000,0.045373126,0.014385731,-1.789513187,-0.068728881,-0.126924925,-0.076868133
1.293000,0.070032306,0.015394249,-1.804826546,-0.066931657,-0.128896879,-0.081604581
1.294000,0.071123088,0.016982357,-1.826243593,-0.065727987,-0.131674284,-0.084883971
1.295000,0.064713712,0.017359131,-1.851342224,-0.064568316,-0.134528947,-0.087673297
1.296000,0.058241576,0.017676874,-1.876488284,-0.063406168,-0.137383889,-0.090461216
1.297000,0.051769439,0.017994618,-1.901634344,-0.062244019,-0.140238831,-0.093249135
1.298000,0.044915881,0.017271189,-1.926815219,-0.060949826,-0.143108414,-0.095886151
1.299000,0.040377089,0.018352244,-1.952523922,-0.060566142,-0.145608666,-0.096573408
1.300000,0.037149862,0.018269630,-1.980031044,-0.060426852,-0.147827662,-0.096808813
1.301000,0.033922636,0.018187016,-2.007538167,-0.060287562,-0.150046659,-0.097044218
1.302000,0.030695409,0.018104402,-2.035045289,-0.060148272,-0.152265655,-0.097279623
1.303000,0.029194119,0.019129299,-2.061948486,-0.060125262,-0.154384935,-0.097440626
1.304000,0.039511165,0.028284312,-2.072576532,-0.061251678,-0.155576905,-0.095856737
1.305000,0.049303409,0.038089179,-2.080279391,-0.062449061,-0.156579870,-0.093716926
1.306000,0.059095653,0.047894047,-2.087982251,-0.063646443,-0.157582834,-0.091577115
1.307000,0.068887897,0.057698915,-2.095685110,-0.064843826,-0.158585799,-0.089437304
1.308000,0.076614849,0.063577290,-2.103151538,-0.065984222,-0.159615900,-0.087220771
1.309000,0.075660269,0.056037776,-2.115934489,-0.067275496,-0.160378343,-0.084210561
1.310000,0.078908212,0.056760491,-2.128489077,-0.069505801,-0.160748127,-0.080572571
1.311000,0.082156156,0.057483206,-2.141043665,-0.071736107,-0.161117911,-0.076934581
1.312000,0.085404099,0.058205921,-2.153598253,-0.073966412,-0.161487695,-0.073296591
1.313000,0.089921820,0.058514962,-2.166841346,-0.076115435,-0.161788975,-0.069641562
1.314000,0.089454889,0.048913344,-2.193193323,-0.077173231,-0.161875542,-0.065748933
1.315000,0.086202695,0.033978069,-2.223826855,-0.077744183,-0.161810173,-0.061758664
1.316000,0.082950500,0.019042794,-2.254460387,-0.078315135,-0.161744804,-0.057768396
1.317000,0.079698305,0.004107519,-2.285093919,-0.078886087,-0.161679435,-0.053778127
1.318000,0.079460700,-0.008378614,-2.314240454,-0.079541098,-0.161445657,-0.049736788
1.319000,0.092540167,-0.005873941,-2.333512198,-0.080382015,-0.160740205,-0.045520854
1.320000,0.115288075,0.003580108,-2.349570659,-0.081273427,-0.159530823,-0.041357034
1.321000,0.138035982,0.013034158,-2.365629120,-0.082164839,-0.158321440,-0.037193214
1.322000,0.160783890,0.022488207,-2.381687581,-0.083056251,-0.157112058,-0.033029394
1.323000,0.175805090,0.026189485,-2.395089163,-0.083652134,-0.156268216,-0.028953350
1.324000,0.167219511,0.005292058,-2.394850939,-0.083286488,-0.156776194,-0.025320482
1.325000,0.156128210,-0.023323175,-2.390112667,-0.082812094,-0.157562675,-0.021802688
1.326000,0.145036910,-0.051938408,-2.385374396,-0.082337700,-0.158349156,-0.018284893
1.327000,0.133945609,-0.080553640,-2.380636124,-0.081863306,-0.159135637,-0.014767099
1.328000,0.123674655,-0.107182215,-2.376267742,-0.081603840,-0.159867949,-0.011288847
1.329000,0.121228084,-0.095819741,-2.390290436,-0.085467270,-0.159892495,-0.008491428
1.330000,0.123674626,-0.069299882,-2.413128491,-0.090600804,-0.159397732,-0.005972939
1.331000,0.126121169,-0.042780023,-2.435966547,-0.095734337,-0.158902969,-0.003454450
1.332000,0.128567712,-0.016260164,-2.458804603,-0.100867871,-0.158408206,-0.000935961
1.333000,0.129444494,0.007245077,-2.480259904,-0.105720997,-0.158047633,0.001564856
1.334000,0.137402534,-0.004119441,-2.498617627,-0.107405161,-0.157901345,0.003005753
1.335000,0.149073568,-0.023639199,-2.519514523,-0.108327564,-0.157815959,0.004179752
1.336000,0.160744603,-0.043158956,-2.540411419,-0.109249967,-0.157730573,0.005353752
1.337000,0.172415637,-0.062678713,-2.561308315,-0.110172371,-0.157645186,0.006527751
1.338000,0.182854769,-0.083081670,-2.581157558,-0.110871864,-0.157707625,0.007675471
1.339000,0.178756463,-0.088468020,-2.590457534,-0.110931576,-0.159381223,0.008266609
1.340000,0.173605926,-0.086530055,-2.589242855,-0.110580152,-0.161624330,0.008634139
1.341000,0.168380685,-0.084566787,-2.587960349,-0.110213561,-0.163877801,0.008994940
1.342000,0.163155444,-0.082603519,-2.586677843,-0.109846970,-0.166131272,0.009355740
1.343000,0.156294580,-0.081916030,-2.584633358,-0.109463039,-0.168478823,0.009617436
1.344000,0.146088489,-0.097142657,-2.583872617,-0.108774626,-0.171427486,0.009341767
1.345000,0.136928755,-0.120016736,-2.586886293,-0.108231488,-0.174812237,0.008605276
1.346000,0.132996057,-0.140664854,-2.589147703,-0.108481020,-0.178288651,0.007705677
1.347000,0.129356537,-0.161142309,-2.591297436,-0.108777663,-0.181762151,0.006806752
1.348000,0.125496339,-0.179675992,-2.594175663,-0.109287346,-0.185197002,0.006043253
1.349000,0.138446679,-0.172248637,-2.601898466,-0.111567303,-0.188094618,0.005407684
1.350000,0.165963844,-0.152217721,-2.612177439,-0.114698983,-0.190381477,0.004753767
1.351000,0.194369673,-0.130968355,-2.622870374,-0.117950687,-0.192609728,0.004087304
1.352000,0.222775503,-0.109718989,-2.633563309,-0.121202391,-0.194837979,0.003420840
1.353000,0.248273801,-0.090880676,-2.644355906,-0.124141125,-0.197249151,0.002609081
1.354000,0.244036802,-0.097174642,-2.663634286,-0.124399236,-0.201423433,0.001336710
1.355000,0.225637813,-0.112050941,-2.688266500,-0.123799848,-0.206401904,-0.000142442
1.356000,0.207238824,-0.126927239,-2.712898714,-0.123200459,-0.211380375,-0.001621594
1.357000,0.188839835,-0.141803538,-2.737530927,-0.122601071,-0.216358845,-0.003100746
1.358000,0.177520984,-0.154434961,-2.760693547,-0.121477089,-0.221058849,-0.004475956
1.359000,0.192697099,-0.163948383,-2.772780799,-0.117031716,-0.224742341,-0.005599738
1.360000,0.213333412,-0.173420422,-2.779290706,-0.112070005,-0.228202223,-0.006648399
1.361000,0.233975259,-0.182905508,-2.785774675,-0.107107278,-0.231662470,-0.007696874
1.362000,0.254617105,-0.192390595,-2.792258644,-0.102144550,-0.235122716,-0.008745350
1.363000,0.273457153,-0.201672434,-2.797627836,-0.097587671,-0.238707597,-0.009743049
1.364000,0.276680946,-0.196965055,-2.798085491,-0.098480360,-0.243104674,-0.010167149
1.365000,0.267707252,-0.184674096,-2.795140749,-0.101470074,-0.248375608,-0.010166069
1.366000,0.258733558,-0.172383137,-2.792196007,-0.104459788,-0.253646542,-0.010164988
1.367000,0.249759864,-0.160092178,-2.789251265,-0.107449501,-0.258917476,-0.010163907
1.368000,0.242099066,-0.147119774,-2.788682439,-0.110401724,-0.264008978,-0.010177458
1.369000,0.245533827,-0.140749886,-2.800630381,-0.112081123,-0.267693184,-0.010538977
1.370000,0.251960416,-0.138847192,-2.812384341,-0.113217393,-0.270777803,-0.011034677
1.371000,0.258387005,-0.136944499,-2.824138302,-0.114353663,-0.273862423,-0.011530378
1.372000,0.264813593,-0.135041805,-2.835892262,-0.115489933,-0.276947042,-0.012026079
1.373000,0.270860960,-0.133824668,-2.848663375,-0.116403787,-0.279993539,-0.012546518
1.374000,0.268111072,-0.141185295,-2.870078474,-0.115419775,-0.283308263,-0.012808399
1.375000,0.262669549,-0.163340397,-2.897523148,-0.112832323,-0.286843854,-0.013136562
1.376000,0.257228026,-0.185495500,-2.924967823,-0.110244871,-0.290379446,-0.013464725
1.377000,0.251786503,-0.207650602,-2.952412498,-0.107657419,-0.293915037,-0.013792887
1.378000,0.248619216,-0.227172598,-2.978136641,-0.105492150,-0.297403716,-0.014120152
1.379000,0.261970718,-0.210945917,-2.991522863,-0.108164876,-0.300758976,-0.013911803
1.380000,0.278271107,-0.167492513,-3.000691987,-0.113294294,-0.304028163,-0.013586517
1.381000,0.294571495,-0.124039108,-3.009861111,-0.118423712,-0.307297350,-0.013261231
1.382000,0.310871884,-0.080585703,-3.019030236,-0.123553131,-0.310566537,-0.012935945
1.383000,0.327902640,-0.040360710,-3.028548087,-0.128570376,-0.313851275,-0.012746292
1.384000,0.341623893,-0.035348854,-3.025953627,-0.132406792,-0.317397350,-0.014161151
1.385000,0.351570717,-0.044270759,-3.022415907,-0.135734714,-0.321003590,-0.016155962
1.386000,0.361517541,-0.053192664,-3.018878187,-0.139062635,-0.324609831,-0.018150773
1.387000,0.371464365,-0.062114569,-3.015340467,-0.142390557,-0.328216071,-0.020145584
1.388000,0.378380394,-0.072812205,-3.013954864,-0.145437699,-0.331933506,-0.022205426
1.389000,0.362121813,-0.080804737,-3.050597476,-0.146170417,-0.336270057,-0.024180783
1.390000,0.339986846,-0.091552504,-3.096406849,-0.145895705,-0.340773383,-0.026209427
1.391000,0.317851880,-0.102300270,-3.142216222,-0.145620994,-0.345276708,-0.028238070
1.392000,0.295716913,-0.113048037,-3.188025595,-0.145346283,-0.349780034,-0.030266714
1.393000,0.276032271,-0.121104991,-3.230573344,-0.145403254,-0.354299627,-0.032069463
1.394000,0.275094541,-0.133846878,-3.245930112,-0.146492354,-0.359350119,-0.032999005
1.395000,0.282073840,-0.154161963,-3.246425558,-0.147762764,-0.364549274,-0.033404562
1.396000,0.289068556,-0.174483589,-3.246906330,-0.149033386,-0.369747986,-0.033810079
1.397000,0.296063272,-0.194805214,-3.247387103,-0.150304008,-0.374946697,-0.034215595
1.398000,0.306083836,-0.210490130,-3.248306728,-0.152010059,-0.380004273,-0.034623828
1.399000,0.330794093,-0.171657387,-3.259812639,-0.158514167,-0.383993283,-0.034884982
1.400000,0.352484830,-0.113426117,-3.280529112,-0.166631571,-0.387670993,-0.035211697
1.401000,0.374175568,-0.055194847,-3.301245585,-0.174748975,-0.391348704,-0.035538412
1.402000,0.395866305,0.003036423,-3.321962058,-0.182866379,-0.395026415,-0.035865126
1.403000,0.413503733,0.058045861,-3.345020792,-0.190656776,-0.398788987,-0.036328888
1.404000,0.393585899,0.058532188,-3.390694335,-0.193132565,-0.403157246,-0.038481536
1.405000,0.366257517,0.039733371,-3.440690261,-0.193499593,-0.407825082,-0.041176991
1.406000,0.338894966,0.020836472,-3.490714557,-0.193852023,-0.412496418,-0.043875125
1.407000,0.311532415,0.001939574,-3.540738853,-0.194204453,-0.417167754,-0.046573259
1.408000,0.285288304,-0.016694322,-3.589744327,-0.194512748,-0.421847327,-0.049276319
1.409000,0.295295655,-0.029759348,-3.604609733,-0.194329469,-0.426719611,-0.052170896
1.410000,0.322468612,-0.045103983,-3.600912595,-0.194113189,-0.431545125,-0.054912518
1.411000,0.349685470,-0.060475382,-3.597144322,-0.193898238,-0.436369576,-0.057654196
1.412000,0.376902329,-0.075846781,-3.593376048,-0.193683287,-0.441194027,-0.060395874
1.413000,0.402770406,-0.091124254,-3.589453866,-0.193649201,-0.446030658,-0.063161132
1.414000,0.393556964,-0.085841891,-3.595608746,-0.198452577,-0.451431761,-0.065848990
1.415000,0.373423595,-0.068620980,-3.607215280,-0.205038284,-0.456914200,-0.068559418
1.416000,0.353290226,-0.051400070,-3.618821814,-0.211623992,-0.462396640,-0.071269846
1.417000,0.333156856,-0.034179159,-3.630428348,-0.218209699,-0.467879080,-0.073980274
1.418000,0.314460627,-0.019293145,-3.643977514,-0.224314482,-0.473280514,-0.076674310
1.419000,0.330777602,-0.026620639,-3.670942102,-0.225591601,-0.476642524,-0.079002105
1.420000,0.362148811,-0.047371112,-3.701681972,-0.225010359,-0.479114776,-0.081283216
1.421000,0.393520020,-0.068121586,-3.732421842,-0.224429117,-0.481587028,-0.083564326
1.422000,0.424891228,-0.088872059,-3.763161711,-0.223847874,-0.484059281,-0.085845437
1.423000,0.453037819,-0.108445889,-3.790367037,-0.223153953,-0.486624267,-0.088189955
1.424000,0.440519010,-0.129962987,-3.786811802,-0.221740827,-0.490821001,-0.091235750
1.425000,0.416211899,-0.152959796,-3.773847134,-0.219998796,-0.495635584,-0.094562385
1.426000,0.391904789,-0.175956605,-3.760882466,-0.218256765,-0.500450167,-0.097889021
1.427000,0.367597679,-0.198953414,-3.747917798,-0.216514735,-0.505264749,-0.101215656
1.428000,0.345470255,-0.218844920,-3.735692567,-0.215030985,-0.509910563,-0.104496530
1.429000,0.350503647,-0.186828425,-3.739158841,-0.218025483,-0.512403336,-0.107362212
1.430000,0.362168209,-0.126954976,-3.758453487,-0.223957054,-0.514118538,-0.110059514
1.431000,0.373832771,-0.067081527,-3.777748132,-0.229888625,-0.515833740,-0.112756815
1.432000,0.385497333,-0.007208078,-3.797042778,-0.235820197,-0.517548942,-0.115454117
1.433000,0.397434545,0.044109240,-3.812946694,-0.240814085,-0.519293129,-0.118136919
1.434000,0.409860627,0.024194730,-3.818608088,-0.238230069,-0.521378929,-0.120319271
1.435000,0.422694781,-0.017515440,-3.825346170,-0.233062595,-0.523508178,-0.121904967
1.436000,0.435707447,-0.059830373,-3.832081815,-0.227836054,-0.525632999,-0.123468662
1.437000,0.448720113,-0.102145307,-3.838817460,-0.222609513,-0.527757820,-0.125032357
1.438000,0.461598721,-0.142072283,-3.845418231,-0.217554454,-0.529862148,-0.126549582
1.439000,0.457921907,-0.126840479,-3.857204418,-0.216407494,-0.532079828,-0.126778843
1.440000,0.440993838,-0.079186640,-3.871070450,-0.217711520,-0.534303187,-0.126263328
1.441000,0.424045571,-0.031355129,-3.884886109,-0.219027371,-0.536523569,-0.125747666
1.442000,0.407097304,0.016476382,-3.898701768,-0.220343222,-0.538743951,-0.125232004
1.443000,0.391729218,0.061526684,-3.912832317,-0.221495995,-0.540841704,-0.124710115
1.444000,0.404727541,0.071329609,-3.928507909,-0.220991330,-0.541182130,-0.123822209
1.445000,0.437800927,0.064791601,-3.947903016,-0.219838246,-0.540493959,-0.123017841
1.446000,0.470885082,0.058217728,-3.967313717,-0.218684221,-0.539805138,-0.122214207
1.447000,0.503969237,0.051643856,-3.986724419,-0.217530197,-0.539116317,-0.121410573
1.448000,0.534928462,0.043349594,-4.006004809,-0.216210011,-0.538548369,-0.120627693
1.449000,0.546973055,0.041359389,-3.991257463,-0.214577774,-0.539320219,-0.119208199
1.450000,0.552267679,0.049714635,-3.942676014,-0.213026886,-0.541002713,-0.116823508
1.451000,0.557562228,0.058072865,-3.894080382,-0.211476109,-0.542685512,-0.114438672
1.452000,0.562856777,0.066431095,-3.845484750,-0.209925332,-0.544368311,-0.112053835
1.453000,0.565269569,0.075361429,-3.798326834,-0.208344123,-0.546143559,-0.109575401
1.454000,0.531699101,0.090616133,-3.791378863,-0.206502820,-0.548534961,-0.105743220
1.455000,0.482408996,0.108388754,-3.803954365,-0.204432660,-0.551025429,-0.101244038
1.456000,0.433118891,0.126161374,-3.816529868,-0.202362501,-0.553515897,-0.096744856
1.457000,0.383828785,0.143933995,-3.829105371,-0.200292341,-0.556006366,-0.092245675
1.458000,0.340492186,0.156154561,-3.840771482,-0.197888990,-0.558166433,-0.087763502
1.459000,0.347266728,0.133374237,-3.833909090,-0.192669035,-0.557966503,-0.082654924
1.460000,0.370646193,0.103339086,-3.816143238,-0.186704549,-0.557177483,-0.077294828
1.461000,0.394025658,0.073303935,-3.798377386,-0.180740062,-0.556388463,-0.071934733
1.462000,0.417405122,0.043268784,-3.780611534,-0.174775576,-0.555599442,-0.066574638
1.463000,0.439388780,0.016860856,-3.764244904,-0.169077345,-0.554835003,-0.061212283
1.464000,0.440357311,0.023966827,-3.784202111,-0.174344727,-0.559762712,-0.060498048
1.465000,0.433552983,0.040957264,-3.812186992,-0.172862147,-0.558926458,-0.055591243
1.466000,0.426748654,0.057947700,-3.840171873,-0.171379567,-0.558090203,-0.050684437
1.467000,0.419944326,0.074938137,-3.868156754,-0.169896987,-0.557253949,-0.045777632
1.468000,0.413777467,0.089855327,-3.895089070,-0.168203907,-0.556482103,-0.040871915
1.469000,0.440500985,0.061790829,-3.896556739,-0.163725580,-0.555596692,-0.036341632
1.470000,0.484247118,0.016665001,-3.883627263,-0.158122013,-0.554704599,-0.032020552
1.471000,0.528300005,-0.028671350,-3.870700503,-0.152489353,-0.553810821,-0.027707209
1.472000,0.572352892,-0.074007702,-3.857773742,-0.146856692,-0.552917044,-0.023393867
1.473000,0.611185771,-0.114732517,-3.845134654,-0.141578357,-0.552200541,-0.019042805
1.474000,0.578200179,-0.109091345,-3.837166355,-0.139282860,-0.553970096,-0.014259486
1.475000,0.506547776,-0.084631408,-3.837695218,-0.138019683,-0.557142533,-0.009143364
1.476000,0.434895374,-0.060171471,-3.838224081,-0.136756506,-0.560314969,-0.004027241
1.477000,0.363242972,-0.035711533,-3.838752944,-0.135493329,-0.563487406,0.001088881
1.478000,0.296251380,-0.016776062,-3.839196591,-0.133978418,-0.566416845,0.005972749
1.479000,0.286119499,-0.038237520,-3.836402066,-0.130613282,-0.566583947,0.009134522
1.480000,0.296534598,-0.071334091,-3.830458021,-0.126628699,-0.565732116,0.011721192
1.481000,0.306949698,-0.104430662,-3.824513977,-0.122644116,-0.564880284,0.014307862
1.482000,0.317364798,-0.137527233,-3.818569933,-0.118659534,-0.564028452,0.016894532
1.483000,0.329015541,-0.169301157,-3.812276364,-0.114805659,-0.563056742,0.019401308
1.484000,0.373053606,-0.186646370,-3.810785998,-0.113150216,-0.559868107,0.020004977
1.485000,0.434064440,-0.196907440,-3.816568981,-0.112578121,-0.555367989,0.019624998
1.486000,0.495075274,-0.207168509,-3.822351963,-0.112006025,-0.550867872,0.019245019
1.487000,0.556086108,-0.217429578,-3.828134946,-0.111433929,-0.546367754,0.018865041
1.488000,0.611439052,-0.227925405,-3.832058676,-0.110570859,-0.542317167,0.018860596
1.489000,0.636718075,-0.237930310,-3.817677970,-0.106814433,-0.540302900,0.020942794
1.490000,0.661608427,-0.247885850,-3.798262625,-0.102257307,-0.538514168,0.023701056
1.491000,0.684947228,-0.254899392,-3.776745439,-0.097600537,-0.536872832,0.026712525
1.492000,0.708286029,-0.261912934,-3.755228252,-0.092943767,-0.535231496,0.029723994
1.493000,0.729938984,-0.265976449,-3.735460031,-0.088520232,-0.533609619,0.032938809
1.494000,0.725683672,-0.233202068,-3.732824637,-0.089263888,-0.532485591,0.037367871
1.495000,0.704653560,-0.174161401,-3.729691959,-0.093439023,-0.531707495,0.041910047
1.496000,0.683591755,-0.114855854,-3.726520667,-0.097639544,-0.530927594,0.046460985
1.497000,0.662529950,-0.055550307,-3.723349375,-0.101840066,-0.530147693,0.051011923
1.498000,0.641364079,-0.000443791,-3.717326438,-0.105837984,-0.529464258,0.055408603
1.499000,0.602943836,-0.020307922,-3.673725353,-0.104604897,-0.531138992,0.057646717
1.500000,0.567605765,-0.065614692,-3.620497675,-0.101059894,-0.533119963,0.059393120
1.501000,0.532267693,-0.110921463,-3.567269998,-0.097514891,-0.535100933,0.061139522
1.502000,0.496929622,-0.156228233,-3.514042321,-0.093969888,-0.537081904,0.062885925
1.503000,0.458112121,-0.197152817,-3.463382811,-0.090529550,-0.538945325,0.064578699
1.504000,0.428585846,-0.212956148,-3.444221917,-0.088088940,-0.537754436,0.065137139
1.505000,0.410728356,-0.225260867,-3.432610653,-0.086017929,-0.535281914,0.065018680
1.506000,0.392870867,-0.237565586,-3.420999388,-0.083946917,-0.532809392,0.064900222
1.507000,0.375013377,-0.249870306,-3.409388124,-0.081875905,-0.530336869,0.064781763
1.508000,0.358382953,-0.261057228,-3.397368074,-0.079875320,-0.527786836,0.064675507
1.509000,0.339441456,-0.248684032,-3.389422663,-0.079134200,-0.524740942,0.066150355
1.510000,0.313366532,-0.227036626,-3.388768618,-0.078926118,-0.521562642,0.068459482
1.511000,0.287291608,-0.205389220,-3.388114574,-0.078718036,-0.518384342,0.070768609
1.512000,0.261216684,-0.183741814,-3.387460530,-0.078509955,-0.515206042,0.073077736
1.513000,0.237235580,-0.163678758,-3.385089687,-0.078290337,-0.511988952,0.075336464
1.514000,0.260443589,-0.158552469,-3.367971470,-0.078312368,-0.507005720,0.076813072
1.515000,0.301359371,-0.155683830,-3.344148085,-0.078586001,-0.501421632,0.077932244
1.516000,0.342275154,-0.152815190,-3.320324699,-0.078859634,-0.495837544,0.079051415
1.517000,0.383190936,-0.149946551,-3.296501313,-0.079133267,-0.490253456,0.080170587
1.518000,0.423486278,-0.146250651,-3.272298406,-0.079456783,-0.484689167,0.081232979
1.519000,0.421852200,-0.119636490,-3.251040470,-0.080554663,-0.480000552,0.081333813
1.520000,0.390155284,-0.081590522,-3.239814421,-0.081833716,-0.475788159,0.081168512
1.521000,0.355478216,-0.042570973,-3.230043451,-0.083162318,-0.471610592,0.081001861
1.522000,0.320801148,-0.003551424,-3.220272481,-0.084490921,-0.467433026,0.080835210
1.523000,0.290906639,0.031680344,-3.208512307,-0.085555553,-0.463129904,0.080591034
1.524000,0.301291599,0.009415537,-3.186418909,-0.083254387,-0.456804205,0.079493964
1.525000,0.339483045,-0.056132801,-3.154411211,-0.078604399,-0.448911981,0.077438567
1.526000,0.378474729,-0.123702977,-3.121763529,-0.073837056,-0.441006000,0.075293627
1.527000,0.417466413,-0.191273153,-3.089115846,-0.069069712,-0.433100019,0.073148686
1.528000,0.452895274,-0.255308530,-3.057676255,-0.064539265,-0.425345767,0.070993559
1.529000,0.447426343,-0.250748103,-3.040533581,-0.064437552,-0.419528028,0.068920124
1.530000,0.426931143,-0.220955196,-3.028032113,-0.066157355,-0.414473961,0.066885325
1.531000,0.406435943,-0.191162289,-3.015530645,-0.067877157,-0.409419894,0.064850526
1.532000,0.385940742,-0.161369382,-3.003029176,-0.069596960,-0.404365828,0.062815727
1.533000,0.366754306,-0.132178116,-2.987742024,-0.071279125,-0.399281840,0.060748294
1.534000,0.362653794,-0.119394337,-2.950299788,-0.072390775,-0.393700047,0.058419092
1.535000,0.364103001,-0.117786505,-2.911222352,-0.072975379,-0.388135739,0.056179805
1.536000,0.365552208,-0.116178673,-2.872144916,-0.073559983,-0.382571431,0.053940519
1.537000,0.367166105,-0.113733731,-2.832989069,-0.074156772,-0.376986038,0.051692585
1.538000,0.369157988,-0.104989627,-2.793609730,-0.074818238,-0.371212699,0.049341875
1.539000,0.367454146,-0.093224435,-2.769768039,-0.073924795,-0.364783631,0.046887009
1.540000,0.362336278,-0.087147298,-2.754766490,-0.072000338,-0.358026522,0.044334214
1.541000,0.357218410,-0.081070162,-2.739764941,-0.070075880,-0.351269412,0.041781419
1.542000,0.352100542,-0.074993026,-2.724763392,-0.068151422,-0.344512302,0.039228624
1.543000,0.347531478,-0.068887845,-2.708728561,-0.066265391,-0.337734337,0.036661776
1.544000,0.336043182,-0.072050821,-2.680804360,-0.064740895,-0.331103862,0.034009808
1.545000,0.316580064,-0.082975386,-2.644386680,-0.063112201,-0.324798667,0.031273103
1.546000,0.293235560,-0.097434122,-2.610146342,-0.061702995,-0.318601736,0.028479075
1.547000,0.269891057,-0.111892858,-2.575906004,-0.060293790,-0.312404805,0.025685048
1.548000,0.247153065,-0.124467596,-2.540520802,-0.059045426,-0.306276347,0.022887651
1.549000,0.250141679,-0.113222897,-2.493992312,-0.059476592,-0.300065948,0.019510404
1.550000,0.264077721,-0.090424145,-2.447403484,-0.060806972,-0.293802867,0.015937363
1.551000,0.278013763,-0.067625394,-2.400814657,-0.062137352,-0.287539785,0.012364321
1.552000,0.291949804,-0.044826643,-2.354225829,-0.063467732,-0.281276704,0.008791280
1.553000,0.305536209,-0.022065693,-2.308132252,-0.064778577,-0.275018749,0.005229871
1.554000,0.297247298,-0.019488742,-2.299567709,-0.063530756,-0.269116980,0.001925164
1.555000,0.279124526,-0.031703904,-2.309480068,-0.060795409,-0.263330205,-0.001402492
1.556000,0.261001754,-0.043919067,-2.319392427,-0.058060063,-0.257543429,-0.004730148
1.557000,0.242878982,-0.056134229,-2.329304786,-0.055324716,-0.251756653,-0.008057804
1.558000,0.225814132,-0.068668186,-2.337178297,-0.052613023,-0.245932910,-0.011447360
1.559000,0.235743293,-0.072922150,-2.303932898,-0.052129331,-0.239371395,-0.015668244
1.560000,0.255002880,-0.068292812,-2.259478883,-0.053239282,-0.232560249,-0.020209179
1.561000,0.274262467,-0.063663474,-2.215024869,-0.054349232,-0.225749103,-0.024750113
1.562000,0.293522053,-0.059034136,-2.170570854,-0.055459183,-0.218937956,-0.029291048
1.563000,0.313645106,-0.056959928,-2.125339394,-0.056233639,-0.212187502,-0.033548423
1.564000,0.318747343,-0.063085217,-2.086909649,-0.054767799,-0.205942145,-0.036359589
1.565000,0.313684093,-0.073478416,-2.050514116,-0.052205020,-0.200115246,-0.038749281
1.566000,0.308620843,-0.083871614,-2.014118584,-0.049642241,-0.194288348,-0.041138973
1.567000,0.303557593,-0.094264813,-1.977723051,-0.047079462,-0.188461449,-0.043528665
1.568000,0.299313124,-0.103583653,-1.942096229,-0.044701497,-0.182599551,-0.045900119
1.569000,0.308839094,-0.079583499,-1.923220897,-0.046613463,-0.176633811,-0.047729807
1.570000,0.319224698,-0.041557024,-1.907000544,-0.050321658,-0.170654180,-0.049431865
1.571000,0.329610301,-0.003530549,-1.890780191,-0.054029853,-0.164674549,-0.051133923
1.572000,0.339995904,0.034495926,-1.874559838,-0.057738048,-0.158694918,-0.052835981
1.573000,0.348631631,0.066539580,-1.858415457,-0.060790668,-0.152743707,-0.054552217
1.574000,0.320724717,0.070212960,-1.831122267,-0.058889345,-0.147554570,-0.056218954
1.575000,0.281405353,0.068428470,-1.803767053,-0.055873638,-0.142689402,-0.057979018
1.576000,0.242085989,0.066643979,-1.776411839,-0.052857932,-0.137824234,-0.059739082
1.577000,0.202766625,0.064859489,-1.749056624,-0.049842225,-0.132959066,-0.061499146
1.578000,0.167580960,0.062628093,-1.719788474,-0.046976416,-0.128018942,-0.063207690
1.579000,0.178170361,0.074319083,-1.683715549,-0.047656830,-0.122877280,-0.064279747
1.580000,0.202089447,0.094132286,-1.644006947,-0.049547585,-0.117772652,-0.065054821
1.581000,0.226008532,0.113945488,-1.604298346,-0.051438340,-0.112668024,-0.065829895
1.582000,0.249927618,0.133758691,-1.564589744,-0.053329095,-0.107563396,-0.066604970
1.583000,0.269726268,0.154681708,-1.525531335,-0.055139688,-0.102606232,-0.067378417
1.584000,0.254276053,0.172457965,-1.486166191,-0.055596786,-0.098365457,-0.068156322
1.585000,0.230518959,0.181180422,-1.449482849,-0.055663327,-0.094067236,-0.069080887
1.586000,0.206761865,0.189902878,-1.412799508,-0.055729867,-0.089769016,-0.070005452
1.587000,0.183004771,0.198625335,-1.376116166,-0.055796407,-0.085470795,-0.070930016
1.588000,0.161363635,0.205352837,-1.340277501,-0.055714715,-0.081112712,-0.071755320
1.589000,0.181001781,0.190522461,-1.317932332,-0.054360877,-0.075638972,-0.071218470
1.590000,0.217409275,0.169972851,-1.298109722,-0.052448337,-0.069713807,-0.070094969
1.591000,0.253816769,0.149423241,-1.278287111,-0.050535798,-0.063788642,-0.068971469
1.592000,0.290224263,0.128873631,-1.258464501,-0.048623259,-0.057863478,-0.067847969
1.593000,0.325944700,0.110523917,-1.239145135,-0.046864934,-0.051924288,-0.066802813
1.594000,0.330755170,0.115959688,-1.225153923,-0.047120878,-0.046636411,-0.066646978
1.595000,0.309739308,0.126538216,-1.209838915,-0.048151317,-0.042073763,-0.066823177
1.596000,0.288723445,0.137116744,-1.194523907,-0.049181757,-0.037511115,-0.066999376
1.597000,0.267707582,0.147695272,-1.179208899,-0.050212197,-0.032948466,-0.067175575
1.598000,0.247040750,0.157467583,-1.163345640,-0.051145881,-0.028465429,-0.067250025
1.599000,0.245581898,0.146955121,-1.132898700,-0.050147379,-0.024672547,-0.066067492
1.600000,0.260532631,0.129479115,-1.092989478,-0.048397651,-0.020830190,-0.064495673
1.601000,0.275946249,0.112029492,-1.052935812,-0.046649347,-0.016982345,-0.062916188
1.602000,0.291359867,0.094579870,-1.012882146,-0.044901043,-0.013134500,-0.061336702
1.603000,0.305957311,0.078055897,-0.972991001,-0.043231270,-0.009289504,-0.059845220
1.604000,0.294447197,0.082666302,-0.943297137,-0.043756155,-0.006347609,-0.058660468
1.605000,0.269419493,0.089484203,-0.924192332,-0.045078824,-0.003902582,-0.057426554
1.606000,0.244391790,0.096302104,-0.905087527,-0.046401492,-0.001457555,-0.056192640
1.607000,0.219364087,0.103120005,-0.885982722,-0.047724161,0.000987472,-0.054958726
1.608000,0.195335741,0.110927734,-0.866989387,-0.048966254,0.003411894,-0.053584078
1.609000,0.193850671,0.105442339,-0.842927496,-0.047832480,0.006252401,-0.051266784
1.610000,0.201868289,0.091225210,-0.814289222,-0.045658020,0.009511426,-0.048600179
1.611000,0.209885906,0.077008081,-0.785650948,-0.043483559,0.012770451,-0.045933573
1.612000,0.217903524,0.062790953,-0.757012674,-0.041309098,0.016029475,-0.043266968
1.613000,0.226698366,0.047795901,-0.728349699,-0.039114025,0.019332297,-0.040639026
1.614000,0.228306418,0.029165160,-0.700888204,-0.038114696,0.022473413,-0.038677598
1.615000,0.217741874,-0.000160413,-0.685520794,-0.037426873,0.025422366,-0.037187846
1.616000,0.207177329,-0.029485986,-0.670153383,-0.036739051,0.028371319,-0.035698094
1.617000,0.196612785,-0.058811559,-0.654785972,-0.036051228,0.031320272,-0.034208342
1.618000,0.184917060,-0.083652256,-0.638956966,-0.035493895,0.034122671,-0.032634193
1.619000,0.166709506,-0.050929831,-0.631140625,-0.036128485,0.035138813,-0.030073992
1.620000,0.150730656,-0.007217048,-0.621017508,-0.037010845,0.035870787,-0.027386841
1.621000,0.134751806,0.036495734,-0.610894391,-0.037893206,0.036602761,-0.024699690
1.622000,0.118772955,0.080208516,-0.600771274,-0.038775566,0.037334735,-0.022012539
1.623000,0.104064965,0.121062437,-0.590374830,-0.039548395,0.038099693,-0.019337978
1.624000,0.116495949,0.102023308,-0.561663150,-0.038985506,0.039456607,-0.016807316
1.625000,0.142492699,0.056966791,-0.521407802,-0.037647001,0.041167380,-0.014321550
1.626000,0.168489449,0.011910273,-0.481152453,-0.036308495,0.042878154,-0.011835783
1.627000,0.194486198,-0.033146244,-0.440897105,-0.034969990,0.044588928,-0.009350017
1.628000,0.219519046,-0.076079035,-0.401398799,-0.033807682,0.046274196,-0.006813201
1.629000,0.215393758,-0.069465360,-0.377139932,-0.034874668,0.046853854,-0.003555829
1.630000,0.200890566,-0.040144758,-0.358091887,-0.037167899,0.046899190,-0.000068420
1.631000,0.186387373,-0.010824156,-0.339043842,-0.039461130,0.046944526,0.003418988
1.632000,0.171884181,0.018496446,-0.319995797,-0.041754362,0.046989862,0.006906396
1.633000,0.157844563,0.043548396,-0.300127458,-0.043740009,0.047004842,0.010331612
1.634000,0.160007097,0.023371442,-0.277884926,-0.042260541,0.047446858,0.012671984
1.635000,0.170303720,-0.015644492,-0.253018376,-0.039388636,0.048105724,0.014638456
1.636000,0.180600343,-0.054660426,-0.228151827,-0.036516731,0.048764590,0.016604928
1.637000,0.190896967,-0.093676360,-0.203285277,-0.033644826,0.049423456,0.018571400
1.638000,0.199642810,-0.130052140,-0.179222714,-0.030948778,0.050045325,0.020564062
1.639000,0.183781457,-0.122906084,-0.161884189,-0.030598072,0.049749824,0.023613555
1.640000,0.155810132,-0.099978490,-0.144156607,-0.031361214,0.048767318,0.026938232
1.641000,0.127838807,-0.077050897,-0.126429025,-0.032124356,0.047784811,0.030262909
1.642000,0.099867482,-0.054123303,-0.108701443,-0.032887497,0.046802305,0.033587586
1.643000,0.073830536,-0.033576679,-0.090263574,-0.033476356,0.045865538,0.036867749
1.644000,0.065031837,-0.030271059,-0.071447425,-0.032451605,0.045011772,0.039167704
1.645000,0.059138267,-0.034343885,-0.055932418,-0.030633006,0.044033562,0.041266676
1.646000,0.053244696,-0.038416712,-0.040417410,-0.028814408,0.043055351,0.043365648
1.647000,0.047351125,-0.042489539,-0.024902403,-0.026995809,0.042077141,0.045464620
1.648000,0.042589706,-0.046592227,-0.008829051,-0.025306570,0.041157544,0.047574390
1.649000,0.052800820,-0.051764582,0.018899561,-0.025137735,0.040655807,0.049697009
1.650000,0.074691579,-0.058671462,0.051150084,-0.025806008,0.040377699,0.051959732
1.651000,0.096582338,-0.065578341,0.083400607,-0.026474281,0.040099591,0.054222455
1.652000,0.118473097,-0.072485221,0.115651130,-0.027142554,0.039821483,0.056485178
1.653000,0.137952569,-0.078568893,0.146855311,-0.027789152,0.039501178,0.058745651
1.654000,0.126437666,-0.061068676,0.146867632,-0.029117576,0.038913085,0.060860862
1.655000,0.101670232,-0.036453910,0.129704346,-0.030390579,0.038189797,0.062663347
1.656000,0.076902797,-0.011839144,0.112541061,-0.031663581,0.037466508,0.064465832
1.657000,0.052135363,0.012775621,0.095377776,-0.032936584,0.036743220,0.066268316
1.658000,0.029888178,0.033261796,0.078958117,-0.033931857,0.036059429,0.068004468
1.659000,0.040874114,-0.007444475,0.089379198,-0.030788923,0.035956937,0.068631989
1.660000,0.058448532,-0.067849845,0.108343863,-0.026090013,0.035804621,0.068937678
1.661000,0.076022950,-0.128255214,0.127308528,-0.021391103,0.035652305,0.069243367
1.662000,0.093597369,-0.188660583,0.146273193,-0.016692193,0.035499989,0.069549056
1.663000,0.108680145,-0.241003167,0.168360703,-0.012766031,0.035245644,0.069943874
1.664000,0.096536716,-0.223000701,0.199706432,-0.015227951,0.033477784,0.070709248
1.665000,0.066873889,-0.167827207,0.239756789,-0.021112251,0.031024238,0.071496029
1.666000,0.037211062,-0.112653714,0.279807145,-0.026996551,0.028570691,0.072282809
1.667000,0.007548234,-0.057480220,0.319857502,-0.032880852,0.026117145,0.073069589
1.668000,-0.016627705,-0.008966058,0.354161499,-0.037836880,0.023993158,0.073846906
1.669000,-0.001046531,-0.005487058,0.342245608,-0.036115885,0.024438650,0.074480064
1.670000,0.020874056,-0.010325939,0.320807872,-0.033057815,0.025278751,0.075231341
1.671000,0.042794644,-0.015164820,0.299370137,-0.029999745,0.026118851,0.075982618
1.672000,0.064715232,-0.020003702,0.277932401,-0.026941675,0.026958952,0.076733895
1.673000,0.082427333,-0.023275056,0.262641381,-0.024145474,0.027568335,0.077377629
1.674000,0.071550537,-0.048271219,0.280172817,-0.019635806,0.026861089,0.076635140
1.675000,0.050815023,-0.086452431,0.307166875,-0.013858295,0.025743797,0.075391168
1.676000,0.030079509,-0.124633642,0.334160934,-0.008080783,0.024626505,0.074147197
1.677000,0.009343995,-0.162814854,0.361154992,-0.002303272,0.023509213,0.072903225
1.678000,-0.013490879,-0.198224779,0.388652551,0.003068054,0.022313485,0.071699576
1.679000,-0.040084142,-0.182948931,0.419305584,0.002411898,0.020649723,0.071523411
1.680000,-0.059920035,-0.140612660,0.449269813,-0.001137092,0.018929405,0.071914710
1.681000,-0.079727726,-0.098195430,0.479270198,-0.004695490,0.017208374,0.072307876
1.682000,-0.099535418,-0.055778200,0.509270583,-0.008253888,0.015487342,0.072701043
1.683000,-0.115882287,-0.015583357,0.535427972,-0.011628050,0.013979271,0.073051884
1.684000,-0.092762697,-0.007189599,0.536272392,-0.012800056,0.014992578,0.072850372
1.685000,-0.053839140,-0.009161628,0.536275473,-0.013177836,0.016906608,0.072400490
1.686000,-0.014910124,-0.011299285,0.536473802,-0.013546209,0.018816738,0.071948942
1.687000,0.024018893,-0.013436942,0.536672132,-0.013914582,0.020726868,0.071497395
1.688000,0.059300229,-0.017666685,0.537246468,-0.013896051,0.022519460,0.070990994
1.689000,0.045387468,-0.053876721,0.545415483,-0.009239552,0.022117672,0.069825771
1.690000,0.015106932,-0.097007885,0.552167800,-0.003354165,0.020990333,0.068693581
1.691000,-0.015173604,-0.140139048,0.558920117,0.002531222,0.019862993,0.067561391
1.692000,-0.045454140,-0.183270212,0.565672434,0.008416609,0.018735653,0.066429202
1.693000,-0.073806199,-0.226040097,0.574040085,0.014130501,0.017681844,0.065237633
1.694000,-0.071977872,-0.233988920,0.592442598,0.015529335,0.017780197,0.064194631
1.695000,-0.057307421,-0.217169135,0.611082468,0.014710308,0.018211755,0.063280910
1.696000,-0.042636969,-0.200349349,0.629722337,0.013891281,0.018643313,0.062367188
1.697000,-0.027966517,-0.183529563,0.648362207,0.013072254,0.019074870,0.061453466
1.698000,-0.014349089,-0.165925821,0.667216105,0.012094733,0.019457850,0.060618575
1.699000,-0.014905475,-0.149700543,0.686107519,0.010685475,0.019809103,0.060381487
1.700000,-0.019376704,-0.139372479,0.703061834,0.009441968,0.020408252,0.060237405
1.701000,-0.023847932,-0.129044414,0.720016148,0.008198461,0.021007400,0.060093324
1.702000,-0.028319161,-0.118716350,0.736970463,0.006954954,0.021606549,0.059949243
1.703000,-0.032813558,-0.106799630,0.754304670,0.005742647,0.022158785,0.059806580
1.704000,-0.030032469,-0.106558226,0.767319365,0.006292086,0.022761191,0.058835624
1.705000,-0.031975327,-0.113226024,0.776890602,0.007744359,0.023292241,0.057298766
1.706000,-0.033918185,-0.119893821,0.786461839,0.009196632,0.023823292,0.055761908
1.707000,-0.035861043,-0.126561619,0.796033075,0.010648905,0.024354342,0.054225049
1.708000,-0.036694742,-0.134217562,0.804989057,0.012230287,0.024950956,0.052677036
1.709000,-0.048119920,-0.134135257,0.813632242,0.015284228,0.025229172,0.051332106
1.710000,-0.069563114,-0.130193142,0.827755647,0.019210911,0.024918680,0.050134492
1.711000,-0.091006309,-0.126251026,0.841879052,0.023137594,0.024608189,0.048936878
1.712000,-0.112449503,-0.122308911,0.856002457,0.027064277,0.024297698,0.047739264
1.713000,-0.131361743,-0.121013918,0.869694778,0.030956192,0.024224135,0.046610713
1.714000,-0.127260251,-0.132557627,0.893331469,0.033560628,0.025527750,0.045581329
1.715000,-0.107380662,-0.143859547,0.924645504,0.035181111,0.027436654,0.044436649
1.716000,-0.087501072,-0.155161468,0.955959540,0.036801594,0.029345558,0.043291970
1.717000,-0.067621483,-0.166463388,0.987273575,0.038422077,0.031254462,0.042147290
1.718000,-0.047738307,-0.177252560,1.018712492,0.040076318,0.033153910,0.040988820
1.719000,-0.038640159,-0.163688593,1.051234789,0.040388592,0.034593583,0.040411692
1.720000,-0.036528641,-0.136471339,1.080281235,0.040009519,0.036078306,0.039806097
1.721000,-0.034417122,-0.109254085,1.109327682,0.039630446,0.037563029,0.039200502
1.722000,-0.032305604,-0.082036831,1.138374128,0.039251373,0.039047752,0.038594908
1.723000,-0.028565741,-0.055018347,1.166616532,0.038868958,0.040612867,0.037992658
1.724000,-0.021009875,-0.059263419,1.181296282,0.040082246,0.042907055,0.036565604
1.725000,-0.016560837,-0.083663326,1.186584309,0.042466010,0.045384132,0.034582416
1.726000,-0.012111800,-0.108063233,1.191872337,0.044849773,0.047861209,0.032599229
1.727000,-0.007662763,-0.132463139,1.197160365,0.047233536,0.050338287,0.030616041
1.728000,-0.002709283,-0.156538677,1.202967726,0.049605436,0.052835585,0.028637754
1.729000,0.001450858,-0.170224244,1.217289592,0.051780796,0.055528244,0.027000524
1.730000,0.008015857,-0.178515817,1.237592358,0.053717261,0.058276615,0.025785155
1.731000,0.014580857,-0.186807391,1.257895124,0.055653727,0.061024985,0.024569785
1.732000,0.021145856,-0.195098964,1.278197889,0.057590192,0.063773356,0.023354415
1.733000,0.026003145,-0.203069662,1.298374703,0.059452740,0.066418020,0.022151336
1.734000,0.028637600,-0.186515162,1.321783562,0.059245600,0.069069446,0.021684316
1.735000,0.026679662,-0.146693950,1.347643323,0.057245109,0.071557182,0.022106704
1.736000,0.024721724,-0.106872738,1.373503083,0.055244619,0.074044918,0.022529091
1.737000,0.022763786,-0.067051527,1.399362844,0.053244129,0.076532653,0.022951479
1.738000,0.022066173,-0.028573625,1.425311307,0.051260602,0.079096217,0.023300385
1.739000,0.026240243,-0.031833944,1.440156571,0.050949271,0.082121791,0.022947326
1.740000,0.030884980,-0.063268015,1.437981944,0.052111970,0.085683934,0.022704980
1.741000,0.035536521,-0.094655539,1.435732494,0.053278210,0.089246399,0.022471919
1.742000,0.040188063,-0.126043064,1.433483044,0.054444449,0.092808865,0.022238858
1.743000,0.045445335,-0.155182557,1.432132271,0.055610601,0.096339873,0.021961086
1.744000,0.034331192,-0.170216233,1.442575991,0.057448170,0.098569213,0.021685855
1.745000,0.018241744,-0.160640603,1.449203731,0.059103957,0.100979369,0.021546676
1.746000,0.001634467,-0.141999830,1.455095523,0.060752319,0.103385013,0.021588671
1.747000,-0.014972809,-0.123359056,1.460987315,0.062400680,0.105790657,0.021630666
1.748000,-0.028906436,-0.103873895,1.465910839,0.063976736,0.108315214,0.021661473
1.749000,-0.017457169,-0.103132657,1.457683502,0.065602133,0.112488859,0.021485118
1.750000,-0.003725214,-0.121394526,1.442015510,0.067879940,0.116802387,0.021684062
1.751000,0.010006741,-0.139656396,1.426347518,0.070157746,0.121115915,0.021883006
1.752000,0.023738697,-0.157918266,1.410679526,0.072435552,0.125429443,0.022081951
1.753000,0.036821711,-0.175953536,1.394510711,0.074678984,0.129823958,0.022258495
1.754000,0.041670130,-0.182896117,1.384740340,0.076007559,0.133601693,0.022607505
1.755000,0.052499199,-0.181582849,1.383006105,0.076654934,0.137349760,0.022653300
1.756000,0.063328269,-0.180269581,1.381271870,0.077302309,0.141097828,0.022699095
1.757000,0.074157338,-0.178956314,1.379537636,0.077949684,0.144845895,0.022744889
1.758000,0.085193265,-0.176183799,1.378403023,0.078639207,0.148522207,0.022854093
1.759000,0.084693444,-0.172644651,1.376296705,0.080804457,0.151524551,0.023370461
1.760000,0.073466494,-0.176928992,1.375272406,0.084060869,0.153844634,0.023818212
1.761000,0.062239545,-0.181213333,1.374248107,0.087317281,0.156164717,0.024265962
1.762000,0.051012595,-0.185497674,1.373223808,0.090573693,0.158484800,0.024713712
1.763000,0.040189981,-0.190044727,1.372249037,0.093853058,0.160862566,0.025202892
1.764000,0.047472292,-0.202373232,1.385453515,0.096445785,0.163750879,0.025752300
1.765000,0.060013239,-0.220313233,1.405401396,0.099027655,0.167072764,0.026015996
1.766000,0.072554186,-0.238253235,1.425349277,0.101609525,0.170394648,0.026279691
1.767000,0.085095134,-0.256193236,1.445297159,0.104191395,0.173716533,0.026543387
1.768000,0.098680661,-0.269870296,1.465656067,0.106577468,0.177107448,0.026787392
1.769000,0.091761221,-0.258848828,1.472590317,0.107062205,0.180661931,0.027075340
1.770000,0.081784555,-0.236064441,1.473009214,0.106474602,0.184638258,0.027491698
1.771000,0.071807890,-0.213280055,1.473428111,0.105887000,0.188614585,0.027908056
1.772000,0.061831224,-0.190495668,1.473847008,0.105299397,0.192590912,0.028324413
1.773000,0.052967648,-0.169694012,1.475102574,0.104840063,0.196618711,0.028702553
1.774000,0.066913171,-0.176399808,1.478970056,0.106642703,0.201991372,0.028473476
1.775000,0.083942266,-0.193232149,1.482831077,0.109293046,0.207656493,0.028037100
1.776000,0.100565772,-0.210538499,1.486636567,0.111979388,0.213337023,0.027592180
1.777000,0.117189279,-0.227844849,1.490442057,0.114665730,0.219017553,0.027147259
1.778000,0.132080070,-0.248191263,1.493369064,0.117547008,0.224732684,0.026734722
1.779000,0.128240185,-0.252576636,1.507510811,0.120443386,0.230225828,0.026813298
1.780000,0.113155859,-0.256985635,1.520214758,0.123934311,0.235906889,0.026895620
1.781000,0.098071534,-0.261394635,1.532918704,0.127425235,0.241587950,0.026977942
1.782000,0.082987208,-0.265803634,1.545622651,0.130916160,0.247269012,0.027060264
1.783000,0.066488037,-0.267996937,1.560239591,0.134357941,0.252873702,0.027147585
1.784000,0.067895601,-0.268648882,1.571729097,0.137338944,0.259018133,0.027343149
1.785000,0.089156372,-0.260793958,1.587190761,0.139593424,0.265522184,0.027739113
1.786000,0.110417142,-0.252939034,1.602652424,0.141847903,0.272026236,0.028135078
1.787000,0.131677913,-0.245084109,1.618114088,0.144102383,0.278530287,0.028531042
1.788000,0.154116379,-0.237191561,1.633796878,0.146342809,0.285095434,0.028890740
1.789000,0.178934943,-0.243380216,1.652655333,0.149383418,0.292151817,0.029266390
1.790000,0.193172361,-0.262236253,1.670355417,0.153200732,0.298946916,0.029633517
1.791000,0.207409780,-0.281092290,1.688055501,0.157018046,0.305742015,0.030000645
1.792000,0.221647198,-0.299948327,1.705755586,0.160835360,0.312537114,0.030367772
1.793000,0.234870618,-0.317711002,1.723653596,0.164700652,0.319308191,0.030794280
1.794000,0.242478956,-0.313671022,1.735185087,0.167692383,0.326435824,0.031326318
1.795000,0.247768363,-0.303080529,1.742646205,0.170756932,0.333630370,0.031955213
1.796000,0.253057771,-0.292490037,1.750107323,0.173821482,0.340824916,0.032584108
1.797000,0.258347178,-0.281899544,1.757568441,0.176886031,0.348019462,0.033213003
1.798000,0.262538072,-0.269804556,1.765528047,0.179924181,0.355154283,0.033791158
1.799000,0.268301864,-0.278432283,1.779280907,0.184733018,0.361418701,0.034207726
1.800000,0.285401284,-0.292567962,1.799494617,0.189880704,0.367588661,0.034826449
1.801000,0.302500705,-0.306703642,1.819708328,0.195028390,0.373758621,0.035445173
1.802000,0.319600126,-0.320839322,1.839922038,0.200176077,0.379928582,0.036063896
1.803000,0.336029241,-0.337019663,1.860531037,0.205425010,0.386039997,0.036625308
1.804000,0.341535157,-0.340962055,1.890398471,0.210222915,0.390934254,0.037350169
1.805000,0.334509132,-0.341842970,1.926766555,0.214813787,0.394858670,0.037991964
1.806000,0.327483106,-0.342723885,1.963134638,0.219404658,0.398783085,0.038633759
1.807000,0.320457080,-0.343604801,1.999502721,0.223995530,0.402707500,0.039275553
1.808000,0.311613051,-0.343615352,2.037513486,0.228407586,0.406450067,0.039769664
1.809000,0.302324682,-0.349577825,2.075908978,0.231019348,0.409906360,0.039619606
1.810000,0.298519313,-0.358248635,2.107788840,0.233005300,0.413414750,0.039211758
1.811000,0.294713945,-0.366919444,2.139668702,0.234991253,0.416923141,0.038803909
1.812000,0.290908576,-0.375590253,2.171548565,0.236977205,0.420431532,0.038396061
1.813000,0.287402174,-0.383663484,2.201412208,0.238766167,0.423859706,0.038082958
1.814000,0.285918527,-0.378100023,2.221017846,0.238594787,0.426516637,0.038293768
1.815000,0.292554926,-0.371716183,2.240417565,0.237466920,0.429235741,0.038576298
1.816000,0.299191325,-0.365332343,2.259817284,0.236339054,0.431954845,0.038858828
1.817000,0.305827724,-0.358948503,2.279217003,0.235211187,0.434673949,0.039141357
1.818000,0.312737002,-0.352388678,2.298477403,0.234055703,0.437403221,0.039407312
1.819000,0.310413110,-0.351190444,2.313598869,0.233475162,0.439462050,0.040033598
1.820000,0.300369285,-0.355805396,2.327832912,0.233136630,0.441048512,0.040685552
1.821000,0.290325460,-0.360420347,2.342066954,0.232798098,0.442634973,0.041337505
1.822000,0.280281635,-0.365035299,2.356300997,0.232459566,0.444221434,0.041989458
1.823000,0.270181220,-0.371221556,2.370552113,0.232137611,0.445783076,0.042647747
1.824000,0.276857067,-0.383544583,2.391287876,0.229917130,0.447737824,0.043239357
1.825000,0.287357096,-0.392083337,2.415216805,0.226874677,0.449728241,0.043818567
1.826000,0.297857126,-0.400622092,2.439145733,0.223832225,0.451718659,0.044397777
1.827000,0.308357155,-0.409160847,2.463074662,0.220789772,0.453709076,0.044976987
1.828000,0.319415238,-0.417018638,2.485825427,0.217817200,0.455708305,0.045521296
1.829000,0.326347899,-0.409532773,2.491686261,0.214973197,0.457276694,0.045246122
1.830000,0.333757497,-0.397532762,2.489877151,0.211816753,0.458914528,0.044784078
1.831000,0.341167096,-0.385532750,2.488068042,0.208660310,0.460552361,0.044322034
1.832000,0.348576694,-0.373532738,2.486258932,0.205503867,0.462190194,0.043859990
1.833000,0.355706636,-0.364098169,2.485096663,0.202472150,0.463770834,0.043330821
1.834000,0.352738486,-0.367970145,2.493777825,0.199662314,0.464294000,0.042347122
1.835000,0.339629350,-0.370592718,2.506540466,0.196401099,0.464189653,0.041118883
1.836000,0.326520214,-0.373215291,2.519303107,0.193139885,0.464085306,0.039890645
1.837000,0.313411078,-0.375837864,2.532065748,0.189878670,0.463980960,0.038662406
1.838000,0.300380226,-0.378016391,2.546099066,0.186552395,0.463871574,0.037477630
1.839000,0.295697563,-0.361642034,2.554280317,0.182080880,0.464150225,0.036954864
1.840000,0.297324969,-0.331468600,2.561742706,0.176866447,0.464390041,0.036666492
1.841000,0.298952376,-0.301295165,2.569205095,0.171652013,0.464629856,0.036378119
1.842000,0.300579782,-0.271121731,2.576667483,0.166437579,0.464869672,0.036089747
1.843000,0.301950090,-0.242674382,2.583553819,0.161450606,0.465123960,0.035780135
1.844000,0.308669221,-0.241477996,2.580754870,0.160801386,0.465883068,0.035219846
1.845000,0.315470081,-0.258611223,2.575110351,0.162425798,0.466974644,0.034539281
1.846000,0.322270941,-0.275744449,2.569465832,0.164050209,0.468066220,0.033858715
1.847000,0.329071802,-0.292877676,2.563821313,0.165674621,0.469157796,0.033178150
1.848000,0.335702755,-0.307610676,2.559431383,0.167225404,0.470205527,0.032565612
1.849000,0.330065509,-0.323777261,2.577933007,0.168205063,0.470573494,0.031919264
1.850000,0.319413074,-0.339409320,2.603061259,0.168883787,0.470472576,0.031315850
1.851000,0.308760640,-0.355041378,2.628189512,0.169562510,0.470371659,0.030712436
1.852000,0.298108205,-0.370673437,2.653317764,0.170241234,0.470270741,0.030109022
1.853000,0.287560360,-0.385383080,2.678316594,0.170774809,0.470209106,0.029509829
1.854000,0.292502632,-0.351840867,2.694812854,0.166080665,0.471127784,0.030091657
1.855000,0.306624408,-0.298988243,2.707333959,0.159333501,0.472576407,0.031442648
1.856000,0.320746184,-0.246135619,2.719855064,0.152586338,0.474025030,0.032793639
1.857000,0.334867960,-0.193282996,2.732376169,0.145839174,0.475473654,0.034144630
1.858000,0.349394168,-0.145017457,2.741569265,0.139499198,0.477106531,0.035314093
1.859000,0.367225744,-0.140595696,2.713525573,0.138532491,0.479970273,0.035309264
1.860000,0.382396405,-0.151257896,2.678720299,0.139659453,0.482871071,0.034984392
1.861000,0.397567066,-0.161920095,2.643915024,0.140786414,0.485771868,0.034659521
1.862000,0.412737726,-0.172582295,2.609109750,0.141913375,0.488672666,0.034334649
1.863000,0.427770746,-0.183828481,2.575848856,0.143086314,0.491513865,0.034009796
1.864000,0.417851477,-0.210418984,2.600906296,0.145330751,0.491914821,0.034131620
1.865000,0.398121600,-0.236440923,2.645600827,0.147481340,0.491394886,0.034352734
1.866000,0.378391722,-0.262462862,2.690295357,0.149631929,0.490874951,0.034573847
1.867000,0.358661845,-0.288484801,2.734989887,0.151782518,0.490355016,0.034794961
1.868000,0.342138355,-0.309236757,2.779512737,0.153486892,0.489984376,0.035137901
1.869000,0.364215170,-0.270959153,2.813035904,0.149696393,0.491757849,0.036796202
1.870000,0.399945650,-0.221245459,2.840400336,0.144368077,0.494507086,0.038926721
1.871000,0.435676130,-0.171531765,2.867764769,0.139039760,0.497256323,0.041057241
1.872000,0.471406610,-0.121818071,2.895129201,0.133711444,0.500005560,0.043187760
1.873000,0.503902795,-0.078579725,2.917788214,0.129244171,0.502883924,0.045088935
1.874000,0.508057356,-0.095066333,2.909976492,0.129835086,0.505424450,0.045723306
1.875000,0.500559518,-0.134333573,2.890188546,0.132682767,0.507910998,0.045775937
1.876000,0.493061681,-0.173600812,2.870400600,0.135530449,0.510397546,0.045828568
1.877000,0.485563843,-0.212868051,2.850612654,0.138378130,0.512884094,0.045881199
1.878000,0.476586329,-0.250260982,2.837510976,0.141196234,0.515108077,0.045993488
1.879000,0.461689307,-0.263064566,2.854207311,0.142770867,0.515671215,0.045915239
1.880000,0.443436807,-0.259262527,2.881468912,0.143261800,0.515266862,0.045859994
1.881000,0.425184307,-0.255460489,2.908730513,0.143752733,0.514862509,0.045804749
1.882000,0.406966104,-0.251652720,2.935959722,0.144241194,0.514459132,0.045748692
1.883000,0.392774114,-0.246860283,2.960712120,0.144441426,0.514189209,0.045652039
1.884000,0.410465043,-0.226117893,2.992572781,0.142036985,0.515284972,0.046250367
1.885000,0.440427361,-0.203279326,3.025094043,0.138935487,0.516977750,0.047133572
1.886000,0.470389679,-0.180440759,3.057615305,0.135833989,0.518670529,0.048016776
1.887000,0.500351997,-0.157602192,3.090136566,0.132732492,0.520363307,0.048899981
1.888000,0.530212085,-0.135947977,3.121959693,0.129767825,0.522069481,0.049736707
1.889000,0.535602366,-0.162382055,3.122132273,0.130813455,0.522968156,0.049123562
1.890000,0.529666740,-0.203285039,3.112261792,0.133008334,0.523342850,0.047922349
1.891000,0.523731115,-0.244188023,3.102391311,0.135203213,0.523717544,0.046721136
1.892000,0.517795489,-0.285091007,3.092520830,0.137398091,0.524092238,0.045519923
1.893000,0.511081719,-0.323882200,3.085999519,0.139681033,0.524440381,0.044391500
1.894000,0.491134453,-0.347042849,3.096863097,0.142803670,0.523963566,0.043683625
1.895000,0.465615706,-0.366018170,3.112521407,0.146581490,0.523204745,0.043178871
1.896000,0.440096959,-0.384993490,3.128179716,0.150359310,0.522445924,0.042674118
1.897000,0.414578212,-0.403968811,3.143838025,0.154137130,0.521687104,0.042169365
1.898000,0.390441072,-0.422274210,3.159336541,0.157698479,0.520962069,0.041614855
1.899000,0.404804127,-0.400364153,3.173246325,0.156051375,0.522046952,0.041141693
1.900000,0.433123743,-0.360511694,3.188711679,0.152686586,0.523885615,0.040956735
1.901000,0.461443359,-0.320659236,3.204177033,0.149321798,0.525724277,0.040771776
1.902000,0.489762975,-0.280806777,3.219642387,0.145957009,0.527562940,0.040586818
1.903000,0.516851745,-0.241794576,3.234214619,0.142679103,0.529392672,0.040395830
1.904000,0.514174042,-0.226901419,3.229877572,0.141556839,0.530761640,0.040418746
1.905000,0.502957009,-0.218634983,3.217905079,0.140764536,0.532204542,0.040289884
1.906000,0.491739975,-0.210368548,3.205932586,0.139972233,0.533647443,0.040161023
1.907000,0.480522942,-0.202102112,3.193960094,0.139179929,0.535090344,0.040032161
1.908000,0.469063354,-0.194382794,3.182352971,0.138420650,0.536522594,0.039887160
1.909000,0.464201976,-0.208472729,3.203411124,0.138681571,0.537702089,0.038726027
1.910000,0.463821288,-0.228537004,3.233321261,0.139299961,0.538793493,0.037450901
1.911000,0.463440600,-0.248601280,3.263231398,0.139918351,0.539884896,0.036175775
1.912000,0.463059911,-0.268665556,3.293141536,0.140536741,0.540976300,0.034900650
1.913000,0.462873252,-0.287777612,3.322437414,0.141102677,0.542116018,0.033649338
1.914000,0.477742730,-0.283839543,3.327735341,0.140515295,0.545308206,0.033309482
1.915000,0.499163997,-0.266003450,3.328858246,0.139623275,0.549540697,0.033062060
1.916000,0.520585263,-0.248167357,3.329981150,0.138731256,0.553773187,0.032814637
1.917000,0.542006530,-0.230331264,3.331104054,0.137839236,0.558005678,0.032567215
1.918000,0.563454940,-0.212649894,3.333160704,0.136908059,0.562178370,0.032322373
1.919000,0.572751463,-0.209559911,3.351166094,0.135976941,0.565087185,0.031593106
1.920000,0.572489469,-0.221251142,3.376965586,0.134846295,0.567124267,0.030845085
1.921000,0.571762525,-0.237718996,3.406058967,0.133691088,0.569107476,0.030122383
1.922000,0.571035582,-0.254186850,3.435152348,0.132535882,0.571090685,0.029399681
1.923000,0.570754810,-0.269816383,3.463104518,0.131401070,0.573135307,0.028643925
1.924000,0.570776390,-0.263641018,3.476924497,0.129902101,0.575856177,0.028227620
1.925000,0.568358639,-0.243802183,3.487358257,0.128310136,0.578723559,0.028132368
1.926000,0.565940888,-0.223963349,3.497792017,0.126718172,0.581590941,0.028037115
1.927000,0.563523137,-0.204124515,3.508225777,0.125126208,0.584458323,0.027941863
1.928000,0.562569174,-0.185951400,3.518289839,0.123543094,0.587394750,0.027852120
1.929000,0.581917179,-0.180907235,3.522470786,0.122388582,0.591247909,0.027456650
1.930000,0.612314553,-0.178629367,3.527577353,0.121274976,0.595426106,0.026980734
1.931000,0.642711927,-0.176351499,3.532683920,0.120161371,0.599604302,0.026504817
1.932000,0.673109301,-0.174073631,3.537790487,0.119047765,0.603782498,0.026028900
1.933000,0.701114199,-0.171079590,3.543287081,0.117940580,0.607842789,0.025520485
1.934000,0.706405852,-0.165087525,3.559587621,0.116976998,0.610772859,0.024796750
1.935000,0.700533772,-0.158285399,3.572247485,0.116135078,0.613170409,0.023900252
1.936000,0.694661692,-0.151483273,3.584907348,0.115293157,0.615567959,0.023003753
1.937000,0.688789612,-0.144681147,3.597567211,0.114451236,0.617965508,0.022107254
1.938000,0.683063522,-0.138204371,3.609329155,0.113476513,0.620373325,0.021310489
1.939000,0.672674302,-0.132725728,3.603205429,0.111566899,0.622950264,0.021608304
1.940000,0.664182146,-0.130379709,3.589823763,0.109534306,0.625747562,0.022148591
1.941000,0.655689990,-0.128033689,3.576442096,0.107501712,0.628544860,0.022688878
1.942000,0.646982289,-0.124463309,3.564422287,0.105448475,0.631287970,0.023243787
1.943000,0.638482593,-0.118068999,3.556137545,0.103354058,0.633909511,0.023807690
1.944000,0.654425304,-0.114326471,3.568205036,0.101663880,0.636899181,0.023424980
1.945000,0.687814486,-0.116287298,3.591486171,0.100299814,0.640433700,0.022253052
1.946000,0.725734488,-0.118933171,3.617143544,0.098884795,0.644229490,0.020979151
1.947000,0.763654490,-0.121579043,3.642800917,0.097469776,0.648025280,0.019705249
1.948000,0.796532816,-0.124382597,3.667307654,0.096153298,0.651581342,0.018577732
1.949000,0.784159011,-0.132484181,3.677144840,0.095867476,0.653152448,0.018759094
1.950000,0.753761567,-0.141172543,3.679483664,0.095857009,0.653762629,0.019408695
1.951000,0.723369564,-0.149284240,3.681888249,0.095824819,0.654354471,0.020084958
1.952000,0.692977561,-0.157395937,3.684292834,0.095792629,0.654946312,0.020761221
1.953000,0.664405878,-0.166745252,3.685516330,0.095742070,0.655575506,0.021375571
1.954000,0.667687300,-0.166814343,3.697595339,0.094005721,0.656647990,0.021447298
1.955000,0.688171252,-0.156165089,3.717381702,0.091363068,0.658059173,0.021430074
1.956000,0.708655204,-0.145515836,3.737168065,0.088720416,0.659470356,0.021412851
1.957000,0.729139156,-0.134866582,3.756954428,0.086077764,0.660881539,0.021395628
1.958000,0.749103536,-0.124380363,3.776225023,0.083459611,0.662292576,0.021374057
1.959000,0.756771023,-0.110795297,3.781351517,0.081114698,0.663462282,0.021779389
1.960000,0.751618065,-0.094737034,3.780351978,0.079005213,0.664268832,0.022385074
1.961000,0.746465106,-0.078678771,3.779352439,0.076895728,0.665075382,0.022990759
1.962000,0.741312148,-0.062620508,3.778352899,0.074786243,0.665881932,0.023596444
1.963000,0.736955187,-0.049111309,3.778177774,0.072681174,0.666608718,0.024205554
1.964000,0.728818579,-0.064546427,3.782469316,0.071930224,0.666376126,0.023903834
1.965000,0.720011522,-0.086608097,3.786595483,0.071544808,0.665951952,0.023293238
1.966000,0.711204464,-0.108669766,3.790721650,0.071159391,0.665527779,0.022682642
1.967000,0.702397407,-0.130731436,3.794847817,0.070773975,0.665103606,0.022072046
1.968000,0.693124586,-0.152161450,3.799457786,0.070363487,0.664670193,0.021482483
1.969000,0.685928155,-0.157203197,3.808308289,0.070042792,0.664301798,0.021601105
1.970000,0.683524475,-0.151066609,3.818040240,0.069723418,0.664215143,0.022250658
1.971000,0.681120796,-0.144930021,3.827772190,0.069404045,0.664128488,0.022900212
1.972000,0.678717116,-0.138793433,3.837504140,0.069084672,0.664041833,0.023549765
1.973000,0.674901122,-0.133124316,3.847036225,0.068644842,0.663894232,0.024169754
1.974000,0.671227716,-0.121684918,3.841041482,0.065462031,0.663860924,0.024567881
1.975000,0.668788893,-0.101779706,3.822457241,0.060799356,0.663902633,0.024737790
1.976000,0.666350070,-0.081874495,3.803873000,0.056136681,0.663944343,0.024907699
1.977000,0.663911247,-0.061969283,3.785288758,0.051474006,0.663986052,0.025077608
1.978000,0.662203046,-0.043981586,3.768365644,0.047083953,0.664026627,0.025234004
1.979000,0.657602436,-0.046269114,3.770838419,0.045909149,0.663794340,0.025598218
1.980000,0.651517606,-0.059377357,3.780162018,0.046296281,0.663480700,0.026268772
1.981000,0.645432776,-0.072485601,3.789485617,0.046683412,0.663167060,0.026939325
1.982000,0.639347946,-0.085593844,3.798809216,0.047070543,0.662853420,0.027609879
1.983000,0.633581517,-0.098571745,3.808164344,0.047453339,0.662548207,0.028263261
1.984000,0.632864627,-0.099352591,3.799731517,0.047833068,0.662395700,0.028164525
1.985000,0.638366382,-0.088900263,3.785727076,0.048181617,0.662377569,0.026982029
1.986000,0.643868136,-0.078447935,3.771722635,0.048530167,0.662359439,0.025799534
1.987000,0.649369890,-0.067995606,3.757718194,0.048878716,0.662341309,0.024617038
1.988000,0.654811894,-0.057776665,3.743609546,0.049218336,0.662353573,0.023526646
1.989000,0.657874425,-0.055408592,3.756944381,0.048561967,0.662444660,0.024062722
1.990000,0.660329977,-0.059902795,3.781588371,0.046872884,0.662658133,0.025460212
1.991000,0.662785530,-0.064396997,3.806232360,0.045183802,0.662871606,0.026857702
1.992000,0.665241082,-0.068891199,3.830876350,0.043494719,0.663085079,0.028255191
1.993000,0.668028147,-0.072948661,3.855531601,0.041821824,0.663284992,0.029661814
1.994000,0.671321760,-0.069498286,3.864695745,0.040694687,0.663669580,0.031286164
1.995000,0.672016355,-0.056575452,3.872475717,0.039585984,0.664237828,0.032781610
1.996000,0.672710951,-0.043652617,3.880255689,0.038477280,0.664806076,0.034277056
1.997000,0.673405546,-0.030729783,3.888035661,0.037368577,0.665374324,0.035772502
1.998000,0.673476223,-0.018069021,3.893600709,0.036318767,0.665947797,0.037259942
1.999000,0.659574041,-0.028805931,3.887667796,0.037437150,0.666424119,0.038052656
2.000000,0.639859640,-0.049496412,3.877758618,0.039594571,0.666729602,0.038335147
2.001000,0.620145239,-0.070186893,3.867849440,0.041751991,0.667035086,0.038617637
2.002000,0.600430838,-0.090877374,3.857940262,0.043909411,0.667340569,0.038900128
2.003000,0.581085686,-0.110457446,3.849520515,0.045928041,0.667609100,0.039145094
2.004000,0.579096845,-0.100639330,3.873026335,0.044294669,0.668019246,0.039717304
2.005000,0.588362571,-0.078368655,3.916487302,0.040846264,0.668571835,0.041164247
2.006000,0.598217968,-0.055384095,3.960667563,0.037346008,0.669121201,0.042675567
2.007000,0.608073365,-0.032399535,4.004847824,0.033845753,0.669670567,0.044186886
2.008000,0.616921558,-0.010426634,4.048871386,0.030390415,0.670201617,0.045663589
2.009000,0.613463356,-0.008043472,4.060604835,0.028434387,0.671704589,0.046982306
2.010000,0.604669646,-0.017995638,4.048400030,0.027537890,0.673663461,0.046705922
2.011000,0.595875936,-0.027947804,4.036195225,0.026641393,0.675622333,0.046429537
2.012000,0.587082226,-0.037899970,4.023990421,0.025744896,0.677581205,0.046153153
2.013000,0.579482920,-0.046432697,4.014904731,0.024819847,0.679562243,0.045876328
2.014000,0.585768786,-0.048897700,4.033585342,0.023957215,0.681336294,0.045663528
2.015000,0.590334002,-0.061709873,4.070031950,0.023906720,0.682869466,0.045969729
2.016000,0.594899217,-0.074522047,4.106478557,0.023856224,0.684402638,0.046275929
2.017000,0.599464433,-0.087334220,4.142925165,0.023805729,0.685935810,0.046582130
2.018000,0.606228530,-0.099154730,4.175388254,0.023732275,0.687798310,0.046914226
2.019000,0.609457339,-0.116427213,4.179313668,0.023604597,0.690859756,0.046253749
2.020000,0.608360990,-0.124151933,4.175059740,0.021915028,0.693691371,0.043656097
2.021000,0.607264641,-0.131876654,4.170805812,0.020225459,0.696522985,0.041058444
2.022000,0.606168291,-0.139601375,4.166551883,0.018535890,0.699354600,0.038460792
2.023000,0.603446937,-0.144362032,4.162521674,0.016675987,0.702062514,0.035690096
2.024000,0.598447068,-0.129270676,4.149493366,0.014284015,0.704485079,0.033675466
2.025000,0.603752782,-0.110057531,4.120163695,0.012750566,0.707349438,0.033353980
2.026000,0.609058496,-0.090844386,4.090834025,0.011217117,0.710213797,0.033032495
2.027000,0.614364209,-0.071631241,4.061504354,0.009683669,0.713078155,0.032711009
2.028000,0.619937714,-0.055054207,4.035020064,0.008281752,0.715861470,0.032377082
2.029000,0.637261958,-0.061958186,4.040512588,0.007976295,0.717424018,0.032508227
2.030000,0.652594486,-0.072637182,4.058236476,0.007706479,0.718513237,0.032507885
2.031000,0.667927014,-0.083316178,4.075960364,0.007436662,0.719602457,0.032507542
2.032000,0.683259541,-0.093995173,4.093684253,0.007166845,0.720691676,0.032507200
2.033000,0.697602519,-0.103682410,4.109739267,0.006913704,0.721686945,0.032475759
2.034000,0.691770842,-0.106508838,4.082116280,0.007638676,0.722076149,0.032223108
2.035000,0.688576513,-0.117802049,4.031422582,0.009551283,0.722695729,0.032889662
2.036000,0.685382183,-0.129095260,3.980728884,0.011463889,0.723315309,0.033556217
2.037000,0.682187854,-0.140388470,3.930035187,0.013376496,0.723934889,0.034222771
2.038000,0.675845203,-0.151884108,3.882139539,0.014568519,0.724315958,0.035049881
2.039000,0.663309859,-0.126839883,3.852824148,0.010537940,0.722791549,0.035712227
2.040000,0.647323265,-0.077895147,3.832140421,0.004691848,0.720728750,0.035612380
2.041000,0.631336672,-0.028950410,3.811456695,-0.001154244,0.718665951,0.035512533
2.042000,0.615350079,0.019994326,3.790772968,-0.007000336,0.716603152,0.035412687
2.043000,0.600009974,0.065721363,3.770026163,-0.012510471,0.714491131,0.035187005
2.044000,0.598787257,0.058703373,3.746998213,-0.012937662,0.712160776,0.034354813
2.045000,0.600198781,0.030100092,3.719778800,-0.011118124,0.709447519,0.033399299
2.046000,0.601610306,0.001496811,3.692559388,-0.009298586,0.706734262,0.032443786
2.047000,0.603021831,-0.027106471,3.665339975,-0.007479047,0.704021004,0.031488273
2.048000,0.603803769,-0.054066398,3.637916505,-0.005725068,0.701206201,0.030461711
2.049000,0.582610749,-0.056032416,3.615699079,-0.004713867,0.696286689,0.029313479
2.050000,0.558578657,-0.049145877,3.594578298,-0.003907576,0.690778148,0.028092355
2.051000,0.534546565,-0.042259339,3.573457517,-0.003101286,0.685269608,0.026871231
2.052000,0.510514473,-0.035372801,3.552336736,-0.002294995,0.679761067,0.025650107
2.053000,0.489369266,-0.028000113,3.531260949,-0.001761208,0.674354069,0.024537123
2.054000,0.493256212,-0.021341904,3.512494103,-0.004395419,0.670063984,0.024164391
2.055000,0.497160599,-0.014408181,3.497548461,-0.008173756,0.665754602,0.024056301
2.056000,0.501064987,-0.007474459,3.482602819,-0.011952093,0.661445220,0.023948211
2.057000,0.504969374,-0.000540736,3.467657177,-0.015730430,0.657135839,0.023840120
2.058000,0.507882974,0.006190955,3.452690263,-0.019455732,0.652770488,0.023800531
2.059000,0.506941533,0.016073704,3.428272283,-0.021600188,0.647953993,0.024440500
2.060000,0.513602408,0.027854115,3.399124455,-0.023075967,0.643386649,0.025171982
2.061000,0.520263284,0.039634527,3.369976627,-0.024551746,0.638819305,0.025903465
2.062000,0.526924159,0.051414939,3.340828799,-0.026027525,0.634251962,0.026634948
2.063000,0.532162675,0.061143968,3.310396269,-0.027255886,0.629679551,0.027276433
2.064000,0.512618247,0.053012207,3.274513887,-0.026248049,0.624591834,0.027821694
2.065000,0.475718786,0.040568370,3.238300746,-0.024640304,0.618896370,0.028480050
2.066000,0.438819324,0.028124534,3.202087606,-0.023032559,0.613200907,0.029138406
2.067000,0.401919863,0.015680698,3.165874465,-0.021424814,0.607505443,0.029796762
2.068000,0.367072346,0.004883786,3.131589599,-0.019960798,0.601916534,0.030560161
2.069000,0.374410633,0.010528356,3.117780274,-0.020748851,0.598485872,0.031961525
2.070000,0.402353358,0.016560472,3.106875237,-0.022114583,0.596097998,0.033463191
2.071000,0.430296083,0.022592588,3.095970200,-0.023480314,0.593710124,0.034964857
2.072000,0.458238807,0.028624704,3.085065163,-0.024846046,0.591322251,0.036466523
2.073000,0.485613497,0.034653269,3.074004787,-0.026207856,0.588884440,0.037995067
2.074000,0.480530412,0.043794836,3.049798381,-0.027797792,0.585477545,0.040299844
2.075000,0.459425564,0.050641485,3.026163405,-0.029175888,0.581523059,0.042800219
2.076000,0.438320716,0.057488135,3.002528429,-0.030553984,0.577568572,0.045300595
2.077000,0.417215868,0.064334784,2.978893453,-0.031932080,0.573614085,0.047800970
2.078000,0.396155460,0.071066188,2.955426950,-0.033282835,0.569679988,0.050312124
2.079000,0.399991863,0.069049045,2.939754887,-0.033362978,0.566726242,0.054769318
2.080000,0.418749005,0.065366633,2.923088186,-0.033067596,0.564368032,0.060503107
2.081000,0.437506146,0.061684221,2.906421485,-0.032772214,0.562009823,0.066236896
2.082000,0.456263288,0.058001808,2.889754784,-0.032476831,0.559651613,0.071970684
2.083000,0.474580317,0.053818901,2.870718899,-0.032102659,0.557342484,0.077649771
2.084000,0.471741249,0.040620977,2.851951724,-0.030781291,0.554574583,0.082143608
2.085000,0.453565541,0.024155850,2.843502380,-0.029041352,0.551154089,0.085807354
2.086000,0.435389834,0.007690722,2.835053036,-0.027301413,0.547733596,0.089471101
2.087000,0.417214127,-0.008774405,2.826603692,-0.025561474,0.544313102,0.093134847
2.088000,0.400024434,-0.025849516,2.817499908,-0.023933352,0.540886845,0.096796591
2.089000,0.395879171,-0.037757193,2.799399821,-0.025753220,0.537237819,0.099978278
2.090000,0.399776313,-0.042588942,2.775543209,-0.029865903,0.533554010,0.102877060
2.091000,0.403673456,-0.047420690,2.751686597,-0.033978587,0.529870200,0.105775843
2.092000,0.407570598,-0.052252439,2.727829985,-0.038091270,0.526186391,0.108674625
2.093000,0.410884850,-0.056623677,2.704699610,-0.042026669,0.522426774,0.111565159
2.094000,0.397692252,-0.058960646,2.680092241,-0.043268085,0.517645301,0.114743128
2.095000,0.376127779,-0.067570780,2.653677091,-0.042960878,0.512503844,0.118204022
2.096000,0.354563307,-0.076180914,2.627261941,-0.042653672,0.507362387,0.121664916
2.097000,0.332998834,-0.084791048,2.600846791,-0.042346466,0.502220929,0.125125810
2.098000,0.311308910,-0.094693790,2.573671108,-0.041954028,0.497079230,0.128445310
2.099000,0.310744568,-0.128911834,2.545629993,-0.041182345,0.492662881,0.129932825
2.100000,0.326794401,-0.168235499,2.517621881,-0.040819559,0.488556010,0.130711411
2.101000,0.342844235,-0.207559164,2.489613770,-0.040456773,0.484449138,0.131489998
2.102000,0.358894069,-0.246882830,2.461605658,-0.040093987,0.480342267,0.132268584
2.103000,0.371355476,-0.279658321,2.427585677,-0.040056912,0.475933141,0.133052820
2.104000,0.383738600,-0.263773889,2.396039057,-0.041657150,0.469707967,0.134307402
2.105000,0.381848796,-0.229714827,2.367230188,-0.043789034,0.462018947,0.136273399
2.106000,0.379958991,-0.195655765,2.338421319,-0.045920918,0.454329927,0.138239397
2.107000,0.377208937,-0.162246494,2.309516526,-0.048047072,0.446585897,0.140222909
2.108000,0.360484523,-0.137421888,2.279136557,-0.050102939,0.438052919,0.142394473
2.109000,0.279525632,-0.138177350,2.215757299,-0.052064456,0.426850790,0.145474290
2.110000,0.182780742,-0.148432031,2.131461783,-0.053839648,0.415543231,0.148860603
2.111000,0.086035852,-0.158686712,2.047166267,-0.055614841,0.404235671,0.152246916
2.112000,-0.010772239,-0.168432864,1.963085091,-0.057401904,0.392956922,0.155613453
2.113000,-0.093000612,-0.171443564,1.882961578,-0.059228502,0.382275813,0.158598895
2.114000,-0.037274068,-0.189883867,1.831206978,-0.059051611,0.376496912,0.160417433
2.115000,0.046009930,-0.213279843,1.786095858,-0.058418052,0.371682233,0.162035148
2.116000,0.129293928,-0.236675819,1.740984738,-0.057784494,0.366867555,0.163652864
2.117000,0.212577927,-0.260071795,1.695873618,-0.057150935,0.362052876,0.165270579
2.118000,0.285371422,-0.281115201,1.651068149,-0.056558606,0.356789328,0.166796578
2.119000,0.283654291,-0.270295978,1.600737337,-0.056214451,0.347424182,0.167457284
2.120000,0.252832883,-0.243107497,1.549678342,-0.056173795,0.336546615,0.168051823
2.121000,0.222011476,-0.215919017,1.498619347,-0.056133139,0.325669047,0.168646362
2.122000,0.191190068,-0.188730537,1.447560352,-0.056092483,0.314791480,0.169240901
2.123000,0.163171271,-0.165501376,1.399080844,-0.056059315,0.304032921,0.169755759
2.124000,0.128693730,-0.163363881,1.347918629,-0.057056396,0.292534906,0.169675360
2.125000,0.090802153,-0.165720391,1.290059065,-0.058385478,0.280897962,0.169644493
2.126000,0.052910577,-0.168076901,1.232199501,-0.059714561,0.269261018,0.169613626
2.127000,0.015019000,-0.170433412,1.174339936,-0.061043644,0.257624074,0.169582758
2.128000,-0.022408167,-0.172496493,1.116696746,-0.062308504,0.246032968,0.169578912
2.129000,-0.035903450,-0.165188833,1.071848028,-0.061810612,0.235692414,0.169952814
2.130000,-0.034922294,-0.149597627,1.033178646,-0.060715050,0.225948817,0.170307492
2.131000,-0.033941138,-0.134006420,0.994509264,-0.059619489,0.216205220,0.170662169
2.132000,-0.032959981,-0.118415213,0.955839882,-0.058523927,0.206461623,0.171016846
2.133000,-0.029933609,-0.103271820,0.917195356,-0.057496480,0.196884994,0.171101407
2.134000,0.000172532,-0.090722593,0.896892387,-0.057556518,0.189913587,0.167819909
2.135000,0.040082252,-0.085049505,0.886239780,-0.058008381,0.183953929,0.162862018
2.136000,0.079991973,-0.079376417,0.875587173,-0.058460243,0.177994272,0.157904126
2.137000,0.119901693,-0.073703329,0.864934565,-0.058912105,0.172034614,0.152946234
2.138000,0.154898290,-0.070374087,0.853383367,-0.059334066,0.165766226,0.147578606
2.139000,0.133421507,-0.074394038,0.818928902,-0.060389292,0.156406538,0.137354146
2.140000,0.085709896,-0.079209782,0.780682340,-0.061613810,0.145808330,0.125504404
2.141000,0.037998285,-0.084025527,0.742435778,-0.062838328,0.135210122,0.113654662
2.142000,-0.009160382,-0.088958905,0.705480675,-0.064067329,0.124762322,0.101822949
2.143000,-0.056329326,-0.089437389,0.675059224,-0.065436476,0.114840046,0.090051479
2.144000,-0.085351241,-0.064441010,0.646183094,-0.067550230,0.106421120,0.077964046
2.145000,-0.068909777,-0.031651488,0.612368231,-0.070444181,0.101027152,0.065456700
2.146000,-0.032524035,0.009364385,0.569846135,-0.074105107,0.096561472,0.052417750
2.147000,0.003861707,0.050380258,0.527324039,-0.077766033,0.092095792,0.039378799
2.148000,0.037703543,0.085684118,0.484793103,-0.081169576,0.087579027,0.026205851
2.149000,0.040248914,0.073553620,0.453582122,-0.083040626,0.082161320,0.011412669
2.150000,0.039085164,0.055363654,0.423898134,-0.084640635,0.076075590,-0.003711837
2.151000,0.037921413,0.037173687,0.394214145,-0.086240644,0.069989861,-0.018836343
2.152000,0.036757662,0.018983721,0.364530157,-0.087840654,0.063904132,-0.033960849
2.153000,0.033190850,0.003428728,0.335711250,-0.089495358,0.057821685,-0.049114909
2.154000,0.013166952,0.019714680,0.309157686,-0.091754816,0.050503820,-0.063938356
2.155000,-0.010579406,0.044175875,0.283480013,-0.094139527,0.042869171,-0.078254141
2.156000,-0.034325763,0.068637071,0.257802339,-0.096524237,0.035234521,-0.092569926
2.157000,-0.058072120,0.093098267,0.232124665,-0.098908947,0.027599872,-0.106885712
2.158000,-0.077824837,0.118372424,0.204720217,-0.101504273,0.020076256,-0.121028025
2.159000,-0.048375000,0.157987073,0.167054539,-0.106478539,0.014889113,-0.132277459
2.160000,-0.001075434,0.197232907,0.121680552,-0.111750854,0.010526775,-0.142889276
2.161000,0.046224132,0.236478740,0.076306566,-0.117023168,0.006164437,-0.153501092
2.162000,0.093523698,0.275724574,0.030932579,-0.122295483,0.001802100,-0.164112909
2.163000,0.137352475,0.312738930,-0.015861582,-0.127103650,-0.002556460,-0.174644719
2.164000,0.138213193,0.316836488,-0.078644918,-0.125588012,-0.007154398,-0.184090162
2.165000,0.113386425,0.315516900,-0.145432236,-0.122045121,-0.012087521,-0.193482115
2.166000,0.088559657,0.314197311,-0.212219554,-0.118502230,-0.017020644,-0.202874068
2.167000,0.063732890,0.312877723,-0.279006872,-0.114959338,-0.021953766,-0.212266020
2.168000,0.039068756,0.308280813,-0.339503740,-0.111692931,-0.026966466,-0.221065113
2.169000,0.018107822,0.290630287,-0.352758115,-0.111501085,-0.032760424,-0.225350905
2.170000,0.000650876,0.260820280,-0.348900804,-0.111778551,-0.038769967,-0.228160521
2.171000,-0.016806070,0.231010273,-0.345043492,-0.112056017,-0.044779511,-0.230970138
2.172000,-0.034263015,0.201200267,-0.341186180,-0.112333483,-0.050789054,-0.233779754
2.173000,-0.046196480,0.176091460,-0.340599997,-0.112910259,-0.056562443,-0.236196742
2.174000,-0.014410686,0.234039631,-0.368114566,-0.118095422,-0.059964077,-0.233458691
2.175000,0.027487794,0.315258091,-0.408049734,-0.124201617,-0.062747874,-0.229434995
2.176000,0.069386274,0.396476552,-0.447984901,-0.130307811,-0.065531671,-0.225411298
2.177000,0.111284753,0.477695013,-0.487920068,-0.136414005,-0.068315468,-0.221387601
2.178000,0.150735070,0.553979476,-0.530525450,-0.142065974,-0.071082880,-0.217342263
2.179000,0.154888931,0.548475404,-0.585724799,-0.139959545,-0.073389690,-0.212845393
2.180000,0.142068841,0.496094301,-0.639790117,-0.133695915,-0.075430101,-0.207707158
2.181000,0.129248750,0.443713199,-0.693855435,-0.127432285,-0.077470512,-0.202568922
2.182000,0.116428660,0.391332096,-0.747920754,-0.121168656,-0.079510923,-0.197430687
2.183000,0.102923060,0.339165299,-0.795427012,-0.114982857,-0.081685288,-0.192289305
2.184000,0.083487820,0.297042849,-0.795009395,-0.110332432,-0.084648779,-0.185460750
2.185000,0.059977777,0.255661306,-0.784658050,-0.106372149,-0.088169005,-0.178231033
2.186000,0.036467735,0.214279764,-0.774306705,-0.102411866,-0.091689232,-0.171001315
2.187000,0.012957693,0.172898221,-0.763955360,-0.098451583,-0.095209458,-0.163771598
2.188000,-0.007324416,0.135025650,-0.753643131,-0.094925352,-0.098524978,-0.156429182
2.189000,0.020772594,0.173082781,-0.753317335,-0.099332279,-0.099173473,-0.147986906
2.190000,0.071834524,0.226727301,-0.761036838,-0.105617840,-0.098671967,-0.139541735
2.191000,0.122896454,0.280371821,-0.768756341,-0.111903400,-0.098170460,-0.131096564
2.192000,0.173958384,0.334016341,-0.776475844,-0.118188961,-0.097668954,-0.122651393
2.193000,0.219153000,0.382217729,-0.788366792,-0.123999412,-0.097278774,-0.114389242
2.194000,0.211843362,0.365231300,-0.819662862,-0.125254711,-0.098119151,-0.108075545
2.195000,0.179172387,0.330341542,-0.853453557,-0.125008590,-0.099655320,-0.102112891
2.196000,0.146501411,0.295451784,-0.887244251,-0.124762470,-0.101191489,-0.096150238
2.197000,0.113830435,0.260562027,-0.921034946,-0.124516349,-0.102727658,-0.090187585
2.198000,0.082231473,0.224117682,-0.953234747,-0.124020123,-0.104264640,-0.084095871
2.199000,0.051960113,0.187791207,-0.981965256,-0.121045261,-0.106150691,-0.076831878
2.200000,0.024837505,0.154349765,-1.006106479,-0.116935107,-0.108431035,-0.068908635
2.201000,-0.002285102,0.120908322,-1.030247702,-0.112824952,-0.110711379,-0.060985392
2.202000,-0.029407710,0.087466880,-1.054388926,-0.108714797,-0.112991722,-0.053062149
2.203000,-0.051752094,0.054136226,-1.077509926,-0.104910963,-0.115074798,-0.045076399
2.204000,-0.027221434,0.046690152,-1.094192921,-0.105874635,-0.115445392,-0.036120656
2.205000,0.016437138,0.053711093,-1.111129887,-0.108811417,-0.115204177,-0.026699888
2.206000,0.060095711,0.060732034,-1.128066852,-0.111748200,-0.114962962,-0.017279120
2.207000,0.103754283,0.067752974,-1.145003818,-0.114684982,-0.114721747,-0.007858352
2.208000,0.142901490,0.075463606,-1.162296459,-0.117367869,-0.114626244,0.001466258
2.209000,0.128548034,0.074310773,-1.184133588,-0.116584748,-0.116030303,0.009421712
2.210000,0.090152217,0.065612946,-1.217562623,-0.114269530,-0.117828187,0.016708640
2.211000,0.051756399,0.056915118,-1.250991657,-0.111954311,-0.119626071,0.023995568
2.212000,0.013360581,0.048217291,-1.284420692,-0.109639092,-0.121423955,0.031282496
2.213000,-0.024015629,0.035209051,-1.318803872,-0.106810332,-0.123087114,0.038384071
2.214000,-0.034485698,-0.005889673,-1.353259078,-0.099506637,-0.122928387,0.043152825
2.215000,-0.035651297,-0.044136987,-1.386539247,-0.091684079,-0.122404929,0.047148928
2.216000,-0.036816896,-0.082384301,-1.419819415,-0.083861520,-0.121881470,0.051145031
2.217000,-0.037982495,-0.120631615,-1.453099584,-0.076038961,-0.121358012,0.055141133
2.218000,-0.039030343,-0.156837524,-1.485137195,-0.068488195,-0.120779721,0.059079786
2.219000,-0.024354930,-0.160477338,-1.479980056,-0.065405912,-0.119149983,0.062139996
2.220000,-0.004238333,-0.157608322,-1.463370705,-0.063407684,-0.117057599,0.064775064
2.221000,0.015878265,-0.154739306,-1.446761354,-0.061409455,-0.114965215,0.067410133
2.222000,0.035994863,-0.151870289,-1.430152003,-0.059411227,-0.112872831,0.070045201
2.223000,0.056781876,-0.149723055,-1.412786930,-0.057361572,-0.110716397,0.072657980
2.224000,0.050819256,-0.156222477,-1.409055352,-0.055005142,-0.109027115,0.074116091
2.225000,0.026507477,-0.153031179,-1.409456336,-0.053608756,-0.107656129,0.075347883
2.226000,0.002195698,-0.149839882,-1.409857319,-0.052212370,-0.106285143,0.076579675
2.227000,-0.022116080,-0.146648584,-1.410258303,-0.050815984,-0.104914157,0.077811467
2.228000,-0.046114780,-0.145172062,-1.411518168,-0.049285053,-0.103549075,0.078988020
2.229000,-0.049685484,-0.168914680,-1.424525134,-0.044511565,-0.101550123,0.079257520
2.230000,-0.036296783,-0.195971043,-1.440641476,-0.038789479,-0.098651421,0.078457448
2.231000,-0.022908083,-0.223027407,-1.456757818,-0.033067393,-0.095752720,0.077657377
2.232000,-0.009519383,-0.250083771,-1.472874160,-0.027345307,-0.092854018,0.076857305
2.233000,0.003298059,-0.275883900,-1.488551272,-0.021799738,-0.089985940,0.076181761
2.234000,0.006128702,-0.274463435,-1.487623797,-0.019782045,-0.088179097,0.078399149
2.235000,0.000884468,-0.262490757,-1.477232377,-0.018845574,-0.086650404,0.081129133
2.236000,-0.004359766,-0.250518078,-1.466840957,-0.017909103,-0.085121711,0.083859117
2.237000,-0.009604000,-0.238545400,-1.456449537,-0.016972632,-0.083593019,0.086589100
2.238000,-0.014223085,-0.228048513,-1.444562328,-0.016160039,-0.082092789,0.089165565
2.239000,-0.021996918,-0.229179554,-1.442283709,-0.016738525,-0.081034247,0.090976493
2.240000,-0.027933248,-0.234955425,-1.447327132,-0.017896250,-0.080281584,0.092988065
2.241000,-0.033869578,-0.240731296,-1.452370555,-0.019053975,-0.079528920,0.094999636
2.242000,-0.039805908,-0.246507167,-1.457413978,-0.020211700,-0.078776257,0.097011208
2.243000,-0.046404154,-0.251999980,-1.462779731,-0.021407803,-0.078052383,0.098965733
2.244000,-0.035678328,-0.241237375,-1.462121116,-0.024440363,-0.077231034,0.101629198
2.245000,-0.006754215,-0.224046439,-1.456956631,-0.028087298,-0.075897502,0.104281836
2.246000,0.022169897,-0.206855504,-1.451792147,-0.031734233,-0.074563970,0.106934475
2.247000,0.051094010,-0.189664568,-1.446627662,-0.035381168,-0.073230438,0.109587114
2.248000,0.079805943,-0.168908722,-1.438915258,-0.039319968,-0.071928099,0.112363395
2.249000,0.100670477,-0.152604279,-1.431694037,-0.044299783,-0.070256555,0.114512306
2.250000,0.108896847,-0.140659211,-1.429339665,-0.049581306,-0.068916521,0.116394547
2.251000,0.117123217,-0.128714143,-1.426985294,-0.054862829,-0.067576488,0.118276788
2.252000,0.125349586,-0.116769075,-1.424630923,-0.060144352,-0.066236454,0.120159029
2.253000,0.132437493,-0.106075034,-1.424819241,-0.065304031,-0.064919780,0.121901991
2.254000,0.108122467,-0.124637920,-1.436749064,-0.067504755,-0.065414209,0.121496358
2.255000,0.078799207,-0.153872642,-1.446622274,-0.068326288,-0.066316028,0.120400289
2.256000,0.049475946,-0.183107365,-1.456495484,-0.069147822,-0.067217846,0.119304219
2.257000,0.020152686,-0.212342087,-1.466368694,-0.069969356,-0.068119665,0.118208149
2.258000,-0.006664731,-0.237729094,-1.475923475,-0.070962917,-0.069008335,0.117122251
2.259000,-0.013501878,-0.224700809,-1.468723030,-0.073410634,-0.069836540,0.115080070
2.260000,-0.019016319,-0.201169756,-1.460369216,-0.076341346,-0.070777179,0.112668229
2.261000,-0.024530761,-0.177638703,-1.452015402,-0.079272057,-0.071717817,0.110256389
2.262000,-0.030045203,-0.154107650,-1.443661588,-0.082202769,-0.072658456,0.107844548
2.263000,-0.034018183,-0.129690394,-1.435016145,-0.085160054,-0.073557034,0.105396985
2.264000,-0.020858637,-0.111192206,-1.436668158,-0.087610798,-0.073498229,0.102014103
2.265000,-0.000472153,-0.096749211,-1.444799237,-0.089896029,-0.072990091,0.098242198
2.266000,0.019914331,-0.082306216,-1.452930317,-0.092181260,-0.072481953,0.094470292
2.267000,0.040300815,-0.067863220,-1.461061397,-0.094466491,-0.071973816,0.090698387
2.268000,0.059172473,-0.055118311,-1.470012502,-0.096591793,-0.071552898,0.086885522
2.269000,0.053625044,-0.060979724,-1.485368807,-0.096487076,-0.072709076,0.081145948
2.270000,0.021732320,-0.076997335,-1.499964586,-0.095222776,-0.075332755,0.074216779
2.271000,-0.010160403,-0.093014947,-1.514560366,-0.093958475,-0.077956434,0.067287609
2.272000,-0.042053127,-0.109032558,-1.529156146,-0.092694175,-0.080580112,0.060358440
2.273000,-0.072322346,-0.124630160,-1.544183328,-0.091331529,-0.083149052,0.053410261
2.274000,-0.082621980,-0.121987425,-1.556823460,-0.088964950,-0.085521253,0.046192120
2.275000,-0.082320766,-0.110473866,-1.562726756,-0.086187114,-0.087661504,0.038954464
2.276000,-0.082019551,-0.098960308,-1.568630051,-0.083409277,-0.089801756,0.031716808
2.277000,-0.081718337,-0.087446749,-1.574533347,-0.080631440,-0.091942007,0.024479151
2.278000,-0.081101095,-0.077680727,-1.581323822,-0.077979066,-0.094026994,0.017350944
2.279000,-0.063386134,-0.063355100,-1.584276640,-0.077575059,-0.095704449,0.009916313
2.280000,-0.041771725,-0.050252402,-1.588000385,-0.078053350,-0.097398762,0.002082741
2.281000,-0.020157316,-0.037149703,-1.591724129,-0.078531641,-0.099093075,-0.005750831
2.282000,0.001457094,-0.024047005,-1.595447873,-0.079009932,-0.100787388,-0.013584402
2.283000,0.022296211,-0.012970110,-1.600961870,-0.079326294,-0.102523346,-0.021426753
2.284000,0.021142778,-0.008279466,-1.624914032,-0.078954396,-0.105257348,-0.028601089
2.285000,0.001572075,-0.008875668,-1.653444535,-0.077855096,-0.108723626,-0.035525245
2.286000,-0.017998627,-0.009471870,-1.681975039,-0.076755796,-0.112189905,-0.042449401
2.287000,-0.037569329,-0.010068073,-1.710505543,-0.075656495,-0.115656183,-0.049373557
2.288000,-0.051699574,-0.006648825,-1.737586979,-0.074804375,-0.118889591,-0.056128810
2.289000,-0.034638283,0.003496601,-1.750511429,-0.074009527,-0.121109269,-0.061693446
2.290000,-0.008067800,0.007165429,-1.763494961,-0.072251672,-0.123051891,-0.066756562
2.291000,0.018502683,0.010834256,-1.776478493,-0.070493817,-0.124994512,-0.071819677
2.292000,0.045373126,0.014385731,-1.789513187,-0.068728881,-0.126924925,-0.076868133
2.293000,0.070032306,0.015394249,-1.804826546,-0.066931657,-0.128896879,-0.081604581
2.294000,0.071123088,0.016982357,-1.826243593,-0.065727987,-0.131674284,-0.084883971
2.295000,0.064713712,0.017359131,-1.851342224,-0.064568316,-0.134528947,-0.087673297
2.296000,0.058241576,0.017676874,-1.876488284,-0.063406168,-0.137383889,-0.090461216
2.297000,0.051769439,0.017994618,-1.901634344,-0.062244019,-0.140238831,-0.093249135
2.298000,0.044915881,0.017271189,-1.926815219,-0.060949826,-0.143108414,-0.095886151
2.299000,0.040377089,0.018352244,-1.952523922,-0.060566142,-0.145608666,-0.096573408
2.300000,0.037149862,0.018269630,-1.980031044,-0.060426852,-0.147827662,-0.096808813
2.301000,0.033922636,0.018187016,-2.007538167,-0.060287562,-0.150046659,-0.097044218
2.302000,0.030695409,0.018104402,-2.035045289,-0.060148272,-0.152265655,-0.097279623
2.303000,0.029194119,0.019129299,-2.061948486,-0.060125262,-0.154384935,-0.097440626
2.304000,0.039511165,0.028284312,-2.072576532,-0.061251678,-0.155576905,-0.095856737
2.305000,0.049303409,0.038089179,-2.080279391,-0.062449061,-0.156579870,-0.093716926
2.306000,0.059095653,0.047894047,-2.087982251,-0.063646443,-0.157582834,-0.091577115
2.307000,0.068887897,0.057698915,-2.095685110,-0.064843826,-0.158585799,-0.089437304
2.308000,0.076614849,0.063577290,-2.103151538,-0.065984222,-0.159615900,-0.087220771
2.309000,0.075660269,0.056037776,-2.115934489,-0.067275496,-0.160378343,-0.084210561
2.310000,0.078908212,0.056760491,-2.128489077,-0.069505801,-0.160748127,-0.080572571
2.311000,0.082156156,0.057483206,-2.141043665,-0.071736107,-0.161117911,-0.076934581
2.312000,0.085404099,0.058205921,-2.153598253,-0.073966412,-0.161487695,-0.073296591
2.313000,0.089921820,0.058514962,-2.166841346,-0.076115435,-0.161788975,-0.069641562
2.314000,0.089454889,0.048913344,-2.193193323,-0.077173231,-0.161875542,-0.065748933
2.315000,0.086202695,0.033978069,-2.223826855,-0.077744183,-0.161810173,-0.061758664
2.316000,0.082950500,0.019042794,-2.254460387,-0.078315135,-0.161744804,-0.057768396
2.317000,0.079698305,0.004107519,-2.285093919,-0.078886087,-0.161679435,-0.053778127
2.318000,0.079460700,-0.008378614,-2.314240454,-0.079541098,-0.161445657,-0.049736788
2.319000,0.092540167,-0.005873941,-2.333512198,-0.080382015,-0.160740205,-0.045520854
2.320000,0.115288075,0.003580108,-2.349570659,-0.081273427,-0.159530823,-0.041357034
2.321000,0.138035982,0.013034158,-2.365629120,-0.082164839,-0.158321440,-0.037193214
2.322000,0.160783890,0.022488207,-2.381687581,-0.083056251,-0.157112058,-0.033029394
2.323000,0.175805090,0.026189485,-2.395089163,-0.083652134,-0.156268216,-0.028953350
2.324000,0.167219511,0.005292058,-2.394850939,-0.083286488,-0.156776194,-0.025320482
2.325000,0.156128210,-0.023323175,-2.390112667,-0.082812094,-0.157562675,-0.021802688
2.326000,0.145036910,-0.051938408,-2.385374396,-0.082337700,-0.158349156,-0.018284893
2.327000,0.133945609,-0.080553640,-2.380636124,-0.081863306,-0.159135637,-0.014767099
2.328000,0.123674655,-0.107182215,-2.376267742,-0.081603840,-0.159867949,-0.011288847
2.329000,0.121228084,-0.095819741,-2.390290436,-0.085467270,-0.159892495,-0.008491428
2.330000,0.123674626,-0.069299882,-2.413128491,-0.090600804,-0.159397732,-0.005972939
2.331000,0.126121169,-0.042780023,-2.435966547,-0.095734337,-0.158902969,-0.003454450
2.332000,0.128567712,-0.016260164,-2.458804603,-0.100867871,-0.158408206,-0.000935961
2.333000,0.129444494,0.007245077,-2.480259904,-0.105720997,-0.158047633,0.001564856
2.334000,0.137402534,-0.004119441,-2.498617627,-0.107405161,-0.157901345,0.003005753
2.335000,0.149073568,-0.023639199,-2.519514523,-0.108327564,-0.157815959,0.004179752
2.336000,0.160744603,-0.043158956,-2.540411419,-0.109249967,-0.157730573,0.005353752
2.337000,0.172415637,-0.062678713,-2.561308315,-0.110172371,-0.157645186,0.006527751
2.338000,0.182854769,-0.083081670,-2.581157558,-0.110871864,-0.157707625,0.007675471
2.339000,0.178756463,-0.088468020,-2.590457534,-0.110931576,-0.159381223,0.008266609
2.340000,0.173605926,-0.086530055,-2.589242855,-0.110580152,-0.161624330,0.008634139
2.341000,0.168380685,-0.084566787,-2.587960349,-0.110213561,-0.163877801,0.008994940
2.342000,0.163155444,-0.082603519,-2.586677843,-0.109846970,-0.166131272,0.009355740
2.343000,0.156294580,-0.081916030,-2.584633358,-0.109463039,-0.168478823,0.009617436
2.344000,0.146088489,-0.097142657,-2.583872617,-0.108774626,-0.171427486,0.009341767
2.345000,0.136928755,-0.120016736,-2.586886293,-0.108231488,-0.174812237,0.008605276
2.346000,0.132996057,-0.140664854,-2.589147703,-0.108481020,-0.178288651,0.007705677
2.347000,0.129356537,-0.161142309,-2.591297436,-0.108777663,-0.181762151,0.006806752
2.348000,0.125496339,-0.179675992,-2.594175663,-0.109287346,-0.185197002,0.006043253
2.349000,0.138446679,-0.172248637,-2.601898466,-0.111567303,-0.188094618,0.005407684
2.350000,0.165963844,-0.152217721,-2.612177439,-0.114698983,-0.190381477,0.004753767
2.351000,0.194369673,-0.130968355,-2.622870374,-0.117950687,-0.192609728,0.004087304
2.352000,0.222775503,-0.109718989,-2.633563309,-0.121202391,-0.194837979,0.003420840
2.353000,0.248273801,-0.090880676,-2.644355906,-0.124141125,-0.197249151,0.002609081
2.354000,0.244036802,-0.097174642,-2.663634286,-0.124399236,-0.201423433,0.001336710
2.355000,0.225637813,-0.112050941,-2.688266500,-0.123799848,-0.206401904,-0.000142442
2.356000,0.207238824,-0.126927239,-2.712898714,-0.123200459,-0.211380375,-0.001621594
2.357000,0.188839835,-0.141803538,-2.737530927,-0.122601071,-0.216358845,-0.003100746
2.358000,0.177520984,-0.154434961,-2.760693547,-0.121477089,-0.221058849,-0.004475956
2.359000,0.192697099,-0.163948383,-2.772780799,-0.117031716,-0.224742341,-0.005599738
2.360000,0.213333412,-0.173420422,-2.779290706,-0.112070005,-0.228202223,-0.006648399
2.361000,0.233975259,-0.182905508,-2.785774675,-0.107107278,-0.231662470,-0.007696874
2.362000,0.254617105,-0.192390595,-2.792258644,-0.102144550,-0.235122716,-0.008745350
2.363000,0.273457153,-0.201672434,-2.797627836,-0.097587671,-0.238707597,-0.009743049
2.364000,0.276680946,-0.196965055,-2.798085491,-0.098480360,-0.243104674,-0.010167149
2.365000,0.267707252,-0.184674096,-2.795140749,-0.101470074,-0.248375608,-0.010166069
2.366000,0.258733558,-0.172383137,-2.792196007,-0.104459788,-0.253646542,-0.010164988
2.367000,0.249759864,-0.160092178,-2.789251265,-0.107449501,-0.258917476,-0.010163907
2.368000,0.242099066,-0.147119774,-2.788682439,-0.110401724,-0.264008978,-0.010177458
2.369000,0.245533827,-0.140749886,-2.800630381,-0.112081123,-0.267693184,-0.010538977
2.370000,0.251960416,-0.138847192,-2.812384341,-0.113217393,-0.270777803,-0.011034677
2.371000,0.258387005,-0.136944499,-2.824138302,-0.114353663,-0.273862423,-0.011530378
2.372000,0.264813593,-0.135041805,-2.835892262,-0.115489933,-0.276947042,-0.012026079
2.373000,0.270860960,-0.133824668,-2.848663375,-0.116403787,-0.279993539,-0.012546518
2.374000,0.268111072,-0.141185295,-2.870078474,-0.115419775,-0.283308263,-0.012808399
2.375000,0.262669549,-0.163340397,-2.897523148,-0.112832323,-0.286843854,-0.013136562
2.376000,0.257228026,-0.185495500,-2.924967823,-0.110244871,-0.290379446,-0.013464725
2.377000,0.251786503,-0.207650602,-2.952412498,-0.107657419,-0.293915037,-0.013792887
2.378000,0.248619216,-0.227172598,-2.978136641,-0.105492150,-0.297403716,-0.014120152
2.379000,0.261970718,-0.210945917,-2.991522863,-0.108164876,-0.300758976,-0.013911803
2.380000,0.278271107,-0.167492513,-3.000691987,-0.113294294,-0.304028163,-0.013586517
2.381000,0.294571495,-0.124039108,-3.009861111,-0.118423712,-0.307297350,-0.013261231
2.382000,0.310871884,-0.080585703,-3.019030236,-0.123553131,-0.310566537,-0.012935945
2.383000,0.327902640,-0.040360710,-3.028548087,-0.128570376,-0.313851275,-0.012746292
2.384000,0.341623893,-0.035348854,-3.025953627,-0.132406792,-0.317397350,-0.014161151
2.385000,0.351570717,-0.044270759,-3.022415907,-0.135734714,-0.321003590,-0.016155962
2.386000,0.361517541,-0.053192664,-3.018878187,-0.139062635,-0.324609831,-0.018150773
2.387000,0.371464365,-0.062114569,-3.015340467,-0.142390557,-0.328216071,-0.020145584
2.388000,0.378380394,-0.072812205,-3.013954864,-0.145437699,-0.331933506,-0.022205426
2.389000,0.362121813,-0.080804737,-3.050597476,-0.146170417,-0.336270057,-0.024180783
2.390000,0.339986846,-0.091552504,-3.096406849,-0.145895705,-0.340773383,-0.026209427
2.391000,0.317851880,-0.102300270,-3.142216222,-0.145620994,-0.345276708,-0.028238070
2.392000,0.295716913,-0.113048037,-3.188025595,-0.145346283,-0.349780034,-0.030266714
2.393000,0.276032271,-0.121104991,-3.230573344,-0.145403254,-0.354299627,-0.032069463
2.394000,0.275094541,-0.133846878,-3.245930112,-0.146492354,-0.359350119,-0.032999005
2.395000,0.282073840,-0.154161963,-3.246425558,-0.147762764,-0.364549274,-0.033404562
2.396000,0.289068556,-0.174483589,-3.246906330,-0.149033386,-0.369747986,-0.033810079
2.397000,0.296063272,-0.194805214,-3.247387103,-0.150304008,-0.374946697,-0.034215595
2.398000,0.306083836,-0.210490130,-3.248306728,-0.152010059,-0.380004273,-0.034623828
2.399000,0.330794093,-0.171657387,-3.259812639,-0.158514167,-0.383993283,-0.034884982
2.400000,0.352484830,-0.113426117,-3.280529112,-0.166631571,-0.387670993,-0.035211697
2.401000,0.374175568,-0.055194847,-3.301245585,-0.174748975,-0.391348704,-0.035538412
2.402000,0.395866305,0.003036423,-3.321962058,-0.182866379,-0.395026415,-0.035865126
2.403000,0.413503733,0.058045861,-3.345020792,-0.190656776,-0.398788987,-0.036328888
2.404000,0.393585899,0.058532188,-3.390694335,-0.193132565,-0.403157246,-0.038481536
2.405000,0.366257517,0.039733371,-3.440690261,-0.193499593,-0.407825082,-0.041176991
2.406000,0.338894966,0.020836472,-3.490714557,-0.193852023,-0.412496418,-0.043875125
2.407000,0.311532415,0.001939574,-3.540738853,-0.194204453,-0.417167754,-0.046573259
2.408000,0.285288304,-0.016694322,-3.589744327,-0.194512748,-0.421847327,-0.049276319
2.409000,0.295295655,-0.029759348,-3.604609733,-0.194329469,-0.426719611,-0.052170896
2.410000,0.322468612,-0.045103983,-3.600912595,-0.194113189,-0.431545125,-0.054912518
2.411000,0.349685470,-0.060475382,-3.597144322,-0.193898238,-0.436369576,-0.057654196
2.412000,0.376902329,-0.075846781,-3.593376048,-0.193683287,-0.441194027,-0.060395874
2.413000,0.402770406,-0.091124254,-3.589453866,-0.193649201,-0.446030658,-0.063161132
2.414000,0.393556964,-0.085841891,-3.595608746,-0.198452577,-0.451431761,-0.065848990
2.415000,0.373423595,-0.068620980,-3.607215280,-0.205038284,-0.456914200,-0.068559418
2.416000,0.353290226,-0.051400070,-3.618821814,-0.211623992,-0.462396640,-0.071269846
2.417000,0.333156856,-0.034179159,-3.630428348,-0.218209699,-0.467879080,-0.073980274
2.418000,0.314460627,-0.019293145,-3.643977514,-0.224314482,-0.473280514,-0.076674310
2.419000,0.330777602,-0.026620639,-3.670942102,-0.225591601,-0.476642524,-0.079002105
2.420000,0.362148811,-0.047371112,-3.701681972,-0.225010359,-0.479114776,-0.081283216
2.421000,0.393520020,-0.068121586,-3.732421842,-0.224429117,-0.481587028,-0.083564326
2.422000,0.424891228,-0.088872059,-3.763161711,-0.223847874,-0.484059281,-0.085845437
2.423000,0.453037819,-0.108445889,-3.790367037,-0.223153953,-0.486624267,-0.088189955
2.424000,0.440519010,-0.129962987,-3.786811802,-0.221740827,-0.490821001,-0.091235750
2.425000,0.416211899,-0.152959796,-3.773847134,-0.219998796,-0.495635584,-0.094562385
2.426000,0.391904789,-0.175956605,-3.760882466,-0.218256765,-0.500450167,-0.097889021
2.427000,0.367597679,-0.198953414,-3.747917798,-0.216514735,-0.505264749,-0.101215656
2.428000,0.345470255,-0.218844920,-3.735692567,-0.215030985,-0.509910563,-0.104496530
2.429000,0.350503647,-0.186828425,-3.739158841,-0.218025483,-0.512403336,-0.107362212
2.430000,0.362168209,-0.126954976,-3.758453487,-0.223957054,-0.514118538,-0.110059514
2.431000,0.373832771,-0.067081527,-3.777748132,-0.229888625,-0.515833740,-0.112756815
2.432000,0.385497333,-0.007208078,-3.797042778,-0.235820197,-0.517548942,-0.115454117
2.433000,0.397434545,0.044109240,-3.812946694,-0.240814085,-0.519293129,-0.118136919
2.434000,0.409860627,0.024194730,-3.818608088,-0.238230069,-0.521378929,-0.120319271
2.435000,0.422694781,-0.017515440,-3.825346170,-0.233062595,-0.523508178,-0.121904967
2.436000,0.435707447,-0.059830373,-3.832081815,-0.227836054,-0.525632999,-0.123468662
2.437000,0.448720113,-0.102145307,-3.838817460,-0.222609513,-0.527757820,-0.125032357
2.438000,0.461598721,-0.142072283,-3.845418231,-0.217554454,-0.529862148,-0.126549582
2.439000,0.457921907,-0.126840479,-3.857204418,-0.216407494,-0.532079828,-0.126778843
2.440000,0.440993838,-0.079186640,-3.871070450,-0.217711520,-0.534303187,-0.126263328
2.441000,0.424045571,-0.031355129,-3.884886109,-0.219027371,-0.536523569,-0.125747666
2.442000,0.407097304,0.016476382,-3.898701768,-0.220343222,-0.538743951,-0.125232004
2.443000,0.391729218,0.061526684,-3.912832317,-0.221495995,-0.540841704,-0.124710115
2.444000,0.404727541,0.071329609,-3.928507909,-0.220991330,-0.541182130,-0.123822209
2.445000,0.437800927,0.064791601,-3.947903016,-0.219838246,-0.540493959,-0.123017841
2.446000,0.470885082,0.058217728,-3.967313717,-0.218684221,-0.539805138,-0.122214207
2.447000,0.503969237,0.051643856,-3.986724419,-0.217530197,-0.539116317,-0.121410573
2.448000,0.534928462,0.043349594,-4.006004809,-0.216210011,-0.538548369,-0.120627693
2.449000,0.546973055,0.041359389,-3.991257463,-0.214577774,-0.539320219,-0.119208199
2.450000,0.552267679,0.049714635,-3.942676014,-0.213026886,-0.541002713,-0.116823508
2.451000,0.557562228,0.058072865,-3.894080382,-0.211476109,-0.542685512,-0.114438672
2.452000,0.562856777,0.066431095,-3.845484750,-0.209925332,-0.544368311,-0.112053835
2.453000,0.565269569,0.075361429,-3.798326834,-0.208344123,-0.546143559,-0.109575401
2.454000,0.531699101,0.090616133,-3.791378863,-0.206502820,-0.548534961,-0.105743220
2.455000,0.482408996,0.108388754,-3.803954365,-0.204432660,-0.551025429,-0.101244038
2.456000,0.433118891,0.126161374,-3.816529868,-0.202362501,-0.553515897,-0.096744856
2.457000,0.383828785,0.143933995,-3.829105371,-0.200292341,-0.556006366,-0.092245675
2.458000,0.340492186,0.156154561,-3.840771482,-0.197888990,-0.558166433,-0.087763502
2.459000,0.347266728,0.133374237,-3.833909090,-0.192669035,-0.557966503,-0.082654924
2.460000,0.370646193,0.103339086,-3.816143238,-0.186704549,-0.557177483,-0.077294828
2.461000,0.394025658,0.073303935,-3.798377386,-0.180740062,-0.556388463,-0.071934733
2.462000,0.417405122,0.043268784,-3.780611534,-0.174775576,-0.555599442,-0.066574638
2.463000,0.439388780,0.016860856,-3.764244904,-0.169077345,-0.554835003,-0.061212283
2.464000,0.440357311,0.023966827,-3.784202111,-0.174344727,-0.559762712,-0.060498048
2.465000,0.433552983,0.040957264,-3.812186992,-0.172862147,-0.558926458,-0.055591243
2.466000,0.426748654,0.057947700,-3.840171873,-0.171379567,-0.558090203,-0.050684437
2.467000,0.419944326,0.074938137,-3.868156754,-0.169896987,-0.557253949,-0.045777632
2.468000,0.413777467,0.089855327,-3.895089070,-0.168203907,-0.556482103,-0.040871915
2.469000,0.440500985,0.061790829,-3.896556739,-0.163725580,-0.555596692,-0.036341632
2.470000,0.484247118,0.016665001,-3.883627263,-0.158122013,-0.554704599,-0.032020552
2.471000,0.528300005,-0.028671350,-3.870700503,-0.152489353,-0.553810821,-0.027707209
2.472000,0.572352892,-0.074007702,-3.857773742,-0.146856692,-0.552917044,-0.023393867
2.473000,0.611185771,-0.114732517,-3.845134654,-0.141578357,-0.552200541,-0.019042805
2.474000,0.578200179,-0.109091345,-3.837166355,-0.139282860,-0.553970096,-0.014259486
2.475000,0.506547776,-0.084631408,-3.837695218,-0.138019683,-0.557142533,-0.009143364
2.476000,0.434895374,-0.060171471,-3.838224081,-0.136756506,-0.560314969,-0.004027241
2.477000,0.363242972,-0.035711533,-3.838752944,-0.135493329,-0.563487406,0.001088881
2.478000,0.296251380,-0.016776062,-3.839196591,-0.133978418,-0.566416845,0.005972749
2.479000,0.286119499,-0.038237520,-3.836402066,-0.130613282,-0.566583947,0.009134522
2.480000,0.296534598,-0.071334091,-3.830458021,-0.126628699,-0.565732116,0.011721192
2.481000,0.306949698,-0.104430662,-3.824513977,-0.122644116,-0.564880284,0.014307862
2.482000,0.317364798,-0.137527233,-3.818569933,-0.118659534,-0.564028452,0.016894532
2.483000,0.329015541,-0.169301157,-3.812276364,-0.114805659,-0.563056742,0.019401308
2.484000,0.373053606,-0.186646370,-3.810785998,-0.113150216,-0.559868107,0.020004977
2.485000,0.434064440,-0.196907440,-3.816568981,-0.112578121,-0.555367989,0.019624998
2.486000,0.495075274,-0.207168509,-3.822351963,-0.112006025,-0.550867872,0.019245019
2.487000,0.556086108,-0.217429578,-3.828134946,-0.111433929,-0.546367754,0.018865041
2.488000,0.611439052,-0.227925405,-3.832058676,-0.110570859,-0.542317167,0.018860596
2.489000,0.636718075,-0.237930310,-3.817677970,-0.106814433,-0.540302900,0.020942794
2.490000,0.661608427,-0.247885850,-3.798262625,-0.102257307,-0.538514168,0.023701056
2.491000,0.684947228,-0.254899392,-3.776745439,-0.097600537,-0.536872832,0.026712525
2.492000,0.708286029,-0.261912934,-3.755228252,-0.092943767,-0.535231496,0.029723994
2.493000,0.729938984,-0.265976449,-3.735460031,-0.088520232,-0.533609619,0.032938809
2.494000,0.725683672,-0.233202068,-3.732824637,-0.089263888,-0.532485591,0.037367871
2.495000,0.704653560,-0.174161401,-3.729691959,-0.093439023,-0.531707495,0.041910047
2.496000,0.683591755,-0.114855854,-3.726520667,-0.097639544,-0.530927594,0.046460985
2.497000,0.662529950,-0.055550307,-3.723349375,-0.101840066,-0.530147693,0.051011923
2.498000,0.641364079,-0.000443791,-3.717326438,-0.105837984,-0.529464258,0.055408603
2.499000,0.602943836,-0.020307922,-3.673725353,-0.104604897,-0.531138992,0.057646717
2.500000,0.567605765,-0.065614692,-3.620497675,-0.101059894,-0.533119963,0.059393120
2.501000,0.532267693,-0.110921463,-3.567269998,-0.097514891,-0.535100933,0.061139522
2.502000,0.496929622,-0.156228233,-3.514042321,-0.093969888,-0.537081904,0.062885925
2.503000,0.458112121,-0.197152817,-3.463382811,-0.090529550,-0.538945325,0.064578699
2.504000,0.428585846,-0.212956148,-3.444221917,-0.088088940,-0.537754436,0.065137139
2.505000,0.410728356,-0.225260867,-3.432610653,-0.086017929,-0.535281914,0.065018680
2.506000,0.392870867,-0.237565586,-3.420999388,-0.083946917,-0.532809392,0.064900222
2.507000,0.375013377,-0.249870306,-3.409388124,-0.081875905,-0.530336869,0.064781763
2.508000,0.358382953,-0.261057228,-3.397368074,-0.079875320,-0.527786836,0.064675507
2.509000,0.339441456,-0.248684032,-3.389422663,-0.079134200,-0.524740942,0.066150355
2.510000,0.313366532,-0.227036626,-3.388768618,-0.078926118,-0.521562642,0.068459482
2.511000,0.287291608,-0.205389220,-3.388114574,-0.078718036,-0.518384342,0.070768609
2.512000,0.261216684,-0.183741814,-3.387460530,-0.078509955,-0.515206042,0.073077736
2.513000,0.237235580,-0.163678758,-3.385089687,-0.078290337,-0.511988952,0.075336464
2.514000,0.260443589,-0.158552469,-3.367971470,-0.078312368,-0.507005720,0.076813072
2.515000,0.301359371,-0.155683830,-3.344148085,-0.078586001,-0.501421632,0.077932244
2.516000,0.342275154,-0.152815190,-3.320324699,-0.078859634,-0.495837544,0.079051415
2.517000,0.383190936,-0.149946551,-3.296501313,-0.079133267,-0.490253456,0.080170587
2.518000,0.423486278,-0.146250651,-3.272298406,-0.079456783,-0.484689167,0.081232979
2.519000,0.421852200,-0.119636490,-3.251040470,-0.080554663,-0.480000552,0.081333813
2.520000,0.390155284,-0.081590522,-3.239814421,-0.081833716,-0.475788159,0.081168512
2.521000,0.355478216,-0.042570973,-3.230043451,-0.083162318,-0.471610592,0.081001861
2.522000,0.320801148,-0.003551424,-3.220272481,-0.084490921,-0.467433026,0.080835210
2.523000,0.290906639,0.031680344,-3.208512307,-0.085555553,-0.463129904,0.080591034
2.524000,0.301291599,0.009415537,-3.186418909,-0.083254387,-0.456804205,0.079493964
2.525000,0.339483045,-0.056132801,-3.154411211,-0.078604399,-0.448911981,0.077438567
2.526000,0.378474729,-0.123702977,-3.121763529,-0.073837056,-0.441006000,0.075293627
2.527000,0.417466413,-0.191273153,-3.089115846,-0.069069712,-0.433100019,0.073148686
2.528000,0.452895274,-0.255308530,-3.057676255,-0.064539265,-0.425345767,0.070993559
2.529000,0.447426343,-0.250748103,-3.040533581,-0.064437552,-0.419528028,0.068920124
2.530000,0.426931143,-0.220955196,-3.028032113,-0.066157355,-0.414473961,0.066885325
2.531000,0.406435943,-0.191162289,-3.015530645,-0.067877157,-0.409419894,0.064850526
2.532000,0.385940742,-0.161369382,-3.003029176,-0.069596960,-0.404365828,0.062815727
2.533000,0.366754306,-0.132178116,-2.987742024,-0.071279125,-0.399281840,0.060748294
2.534000,0.362653794,-0.119394337,-2.950299788,-0.072390775,-0.393700047,0.058419092
2.535000,0.364103001,-0.117786505,-2.911222352,-0.072975379,-0.388135739,0.056179805
2.536000,0.365552208,-0.116178673,-2.872144916,-0.073559983,-0.382571431,0.053940519
2.537000,0.367166105,-0.113733731,-2.832989069,-0.074156772,-0.376986038,0.051692585
2.538000,0.369157988,-0.104989627,-2.793609730,-0.074818238,-0.371212699,0.049341875
2.539000,0.367454146,-0.093224435,-2.769768039,-0.073924795,-0.364783631,0.046887009
2.540000,0.362336278,-0.087147298,-2.754766490,-0.072000338,-0.358026522,0.044334214
2.541000,0.357218410,-0.081070162,-2.739764941,-0.070075880,-0.351269412,0.041781419
2.542000,0.352100542,-0.074993026,-2.724763392,-0.068151422,-0.344512302,0.039228624
2.543000,0.347531478,-0.068887845,-2.708728561,-0.066265391,-0.337734337,0.036661776
2.544000,0.336043182,-0.072050821,-2.680804360,-0.064740895,-0.331103862,0.034009808
2.545000,0.316580064,-0.082975386,-2.644386680,-0.063112201,-0.324798667,0.031273103
2.546000,0.293235560,-0.097434122,-2.610146342,-0.061702995,-0.318601736,0.028479075
2.547000,0.269891057,-0.111892858,-2.575906004,-0.060293790,-0.312404805,0.025685048
2.548000,0.247153065,-0.124467596,-2.540520802,-0.059045426,-0.306276347,0.022887651
2.549000,0.250141679,-0.113222897,-2.493992312,-0.059476592,-0.300065948,0.019510404
2.550000,0.264077721,-0.090424145,-2.447403484,-0.060806972,-0.293802867,0.015937363
2.551000,0.278013763,-0.067625394,-2.400814657,-0.062137352,-0.287539785,0.012364321
2.552000,0.291949804,-0.044826643,-2.354225829,-0.063467732,-0.281276704,0.008791280
2.553000,0.305536209,-0.022065693,-2.308132252,-0.064778577,-0.275018749,0.005229871
2.554000,0.297247298,-0.019488742,-2.299567709,-0.063530756,-0.269116980,0.001925164
2.555000,0.279124526,-0.031703904,-2.309480068,-0.060795409,-0.263330205,-0.001402492
2.556000,0.261001754,-0.043919067,-2.319392427,-0.058060063,-0.257543429,-0.004730148
2.557000,0.242878982,-0.056134229,-2.329304786,-0.055324716,-0.251756653,-0.008057804
2.558000,0.225814132,-0.068668186,-2.337178297,-0.052613023,-0.245932910,-0.011447360
2.559000,0.235743293,-0.072922150,-2.303932898,-0.052129331,-0.239371395,-0.015668244
2.560000,0.255002880,-0.068292812,-2.259478883,-0.053239282,-0.232560249,-0.020209179
2.561000,0.274262467,-0.063663474,-2.215024869,-0.054349232,-0.225749103,-0.024750113
2.562000,0.293522053,-0.059034136,-2.170570854,-0.055459183,-0.218937956,-0.029291048
2.563000,0.313645106,-0.056959928,-2.125339394,-0.056233639,-0.212187502,-0.033548423
2.564000,0.318747343,-0.063085217,-2.086909649,-0.054767799,-0.205942145,-0.036359589
2.565000,0.313684093,-0.073478416,-2.050514116,-0.052205020,-0.200115246,-0.038749281
2.566000,0.308620843,-0.083871614,-2.014118584,-0.049642241,-0.194288348,-0.041138973
2.567000,0.303557593,-0.094264813,-1.977723051,-0.047079462,-0.188461449,-0.043528665
2.568000,0.299313124,-0.103583653,-1.942096229,-0.044701497,-0.182599551,-0.045900119
2.569000,0.308839094,-0.079583499,-1.923220897,-0.046613463,-0.176633811,-0.047729807
2.570000,0.319224698,-0.041557024,-1.907000544,-0.050321658,-0.170654180,-0.049431865
2.571000,0.329610301,-0.003530549,-1.890780191,-0.054029853,-0.164674549,-0.051133923
2.572000,0.339995904,0.034495926,-1.874559838,-0.057738048,-0.158694918,-0.052835981
2.573000,0.348631631,0.066539580,-1.858415457,-0.060790668,-0.152743707,-0.054552217
2.574000,0.320724717,0.070212960,-1.831122267,-0.058889345,-0.147554570,-0.056218954
2.575000,0.281405353,0.068428470,-1.803767053,-0.055873638,-0.142689402,-0.057979018
2.576000,0.242085989,0.066643979,-1.776411839,-0.052857932,-0.137824234,-0.059739082
2.577000,0.202766625,0.064859489,-1.749056624,-0.049842225,-0.132959066,-0.061499146
2.578000,0.167580960,0.062628093,-1.719788474,-0.046976416,-0.128018942,-0.063207690
2.579000,0.178170361,0.074319083,-1.683715549,-0.047656830,-0.122877280,-0.064279747
2.580000,0.202089447,0.094132286,-1.644006947,-0.049547585,-0.117772652,-0.065054821
2.581000,0.226008532,0.113945488,-1.604298346,-0.051438340,-0.112668024,-0.065829895
2.582000,0.249927618,0.133758691,-1.564589744,-0.053329095,-0.107563396,-0.066604970
2.583000,0.269726268,0.154681708,-1.525531335,-0.055139688,-0.102606232,-0.067378417
2.584000,0.254276053,0.172457965,-1.486166191,-0.055596786,-0.098365457,-0.068156322
2.585000,0.230518959,0.181180422,-1.449482849,-0.055663327,-0.094067236,-0.069080887
2.586000,0.206761865,0.189902878,-1.412799508,-0.055729867,-0.089769016,-0.070005452
2.587000,0.183004771,0.198625335,-1.376116166,-0.055796407,-0.085470795,-0.070930016
2.588000,0.161363635,0.205352837,-1.340277501,-0.055714715,-0.081112712,-0.071755320
2.589000,0.181001781,0.190522461,-1.317932332,-0.054360877,-0.075638972,-0.071218470
2.590000,0.217409275,0.169972851,-1.298109722,-0.052448337,-0.069713807,-0.070094969
2.591000,0.253816769,0.149423241,-1.278287111,-0.050535798,-0.063788642,-0.068971469
2.592000,0.290224263,0.128873631,-1.258464501,-0.048623259,-0.057863478,-0.067847969
2.593000,0.325944700,0.110523917,-1.239145135,-0.046864934,-0.051924288,-0.066802813
2.594000,0.330755170,0.115959688,-1.225153923,-0.047120878,-0.046636411,-0.066646978
2.595000,0.309739308,0.126538216,-1.209838915,-0.048151317,-0.042073763,-0.066823177
2.596000,0.288723445,0.137116744,-1.194523907,-0.049181757,-0.037511115,-0.066999376
2.597000,0.267707582,0.147695272,-1.179208899,-0.050212197,-0.032948466,-0.067175575
2.598000,0.247040750,0.157467583,-1.163345640,-0.051145881,-0.028465429,-0.067250025
2.599000,0.245581898,0.146955121,-1.132898700,-0.050147379,-0.024672547,-0.066067492
2.600000,0.260532631,0.129479115,-1.092989478,-0.048397651,-0.020830190,-0.064495673
2.601000,0.275946249,0.112029492,-1.052935812,-0.046649347,-0.016982345,-0.062916188
2.602000,0.291359867,0.094579870,-1.012882146,-0.044901043,-0.013134500,-0.061336702
2.603000,0.305957311,0.078055897,-0.972991001,-0.043231270,-0.009289504,-0.059845220
2.604000,0.294447197,0.082666302,-0.943297137,-0.043756155,-0.006347609,-0.058660468
2.605000,0.269419493,0.089484203,-0.924192332,-0.045078824,-0.003902582,-0.057426554
2.606000,0.244391790,0.096302104,-0.905087527,-0.046401492,-0.001457555,-0.056192640
2.607000,0.219364087,0.103120005,-0.885982722,-0.047724161,0.000987472,-0.054958726
2.608000,0.195335741,0.110927734,-0.866989387,-0.048966254,0.003411894,-0.053584078
2.609000,0.193850671,0.105442339,-0.842927496,-0.047832480,0.006252401,-0.051266784
2.610000,0.201868289,0.091225210,-0.814289222,-0.045658020,0.009511426,-0.048600179
2.611000,0.209885906,0.077008081,-0.785650948,-0.043483559,0.012770451,-0.045933573
2.612000,0.217903524,0.062790953,-0.757012674,-0.041309098,0.016029475,-0.043266968
2.613000,0.226698366,0.047795901,-0.728349699,-0.039114025,0.019332297,-0.040639026
2.614000,0.228306418,0.029165160,-0.700888204,-0.038114696,0.022473413,-0.038677598
2.615000,0.217741874,-0.000160413,-0.685520794,-0.037426873,0.025422366,-0.037187846
2.616000,0.207177329,-0.029485986,-0.670153383,-0.036739051,0.028371319,-0.035698094
2.617000,0.196612785,-0.058811559,-0.654785972,-0.036051228,0.031320272,-0.034208342
2.618000,0.184917060,-0.083652256,-0.638956966,-0.035493895,0.034122671,-0.032634193
2.619000,0.166709506,-0.050929831,-0.631140625,-0.036128485,0.035138813,-0.030073992
2.620000,0.150730656,-0.007217048,-0.621017508,-0.037010845,0.035870787,-0.027386841
2.621000,0.134751806,0.036495734,-0.610894391,-0.037893206,0.036602761,-0.024699690
2.622000,0.118772955,0.080208516,-0.600771274,-0.038775566,0.037334735,-0.022012539
2.623000,0.104064965,0.121062437,-0.590374830,-0.039548395,0.038099693,-0.019337978
2.624000,0.116495949,0.102023308,-0.561663150,-0.038985506,0.039456607,-0.016807316
2.625000,0.142492699,0.056966791,-0.521407802,-0.037647001,0.041167380,-0.014321550
2.626000,0.168489449,0.011910273,-0.481152453,-0.036308495,0.042878154,-0.011835783
2.627000,0.194486198,-0.033146244,-0.440897105,-0.034969990,0.044588928,-0.009350017
2.628000,0.219519046,-0.076079035,-0.401398799,-0.033807682,0.046274196,-0.006813201
2.629000,0.215393758,-0.069465360,-0.377139932,-0.034874668,0.046853854,-0.003555829
2.630000,0.200890566,-0.040144758,-0.358091887,-0.037167899,0.046899190,-0.000068420
2.631000,0.186387373,-0.010824156,-0.339043842,-0.039461130,0.046944526,0.003418988
2.632000,0.171884181,0.018496446,-0.319995797,-0.041754362,0.046989862,0.006906396
2.633000,0.157844563,0.043548396,-0.300127458,-0.043740009,0.047004842,0.010331612
2.634000,0.160007097,0.023371442,-0.277884926,-0.042260541,0.047446858,0.012671984
2.635000,0.170303720,-0.015644492,-0.253018376,-0.039388636,0.048105724,0.014638456
2.636000,0.180600343,-0.054660426,-0.228151827,-0.036516731,0.048764590,0.016604928
2.637000,0.190896967,-0.093676360,-0.203285277,-0.033644826,0.049423456,0.018571400
2.638000,0.199642810,-0.130052140,-0.179222714,-0.030948778,0.050045325,0.020564062
2.639000,0.183781457,-0.122906084,-0.161884189,-0.030598072,0.049749824,0.023613555
2.640000,0.155810132,-0.099978490,-0.144156607,-0.031361214,0.048767318,0.026938232
2.641000,0.127838807,-0.077050897,-0.126429025,-0.032124356,0.047784811,0.030262909
2.642000,0.099867482,-0.054123303,-0.108701443,-0.032887497,0.046802305,0.033587586
2.643000,0.073830536,-0.033576679,-0.090263574,-0.033476356,0.045865538,0.036867749
2.644000,0.065031837,-0.030271059,-0.071447425,-0.032451605,0.045011772,0.039167704
2.645000,0.059138267,-0.034343885,-0.055932418,-0.030633006,0.044033562,0.041266676
2.646000,0.053244696,-0.038416712,-0.040417410,-0.028814408,0.043055351,0.043365648
2.647000,0.047351125,-0.042489539,-0.024902403,-0.026995809,0.042077141,0.045464620
2.648000,0.042589706,-0.046592227,-0.008829051,-0.025306570,0.041157544,0.047574390
2.649000,0.052800820,-0.051764582,0.018899561,-0.025137735,0.040655807,0.049697009
2.650000,0.074691579,-0.058671462,0.051150084,-0.025806008,0.040377699,0.051959732
2.651000,0.096582338,-0.065578341,0.083400607,-0.026474281,0.040099591,0.054222455
2.652000,0.118473097,-0.072485221,0.115651130,-0.027142554,0.039821483,0.056485178
2.653000,0.137952569,-0.078568893,0.146855311,-0.027789152,0.039501178,0.058745651
2.654000,0.126437666,-0.061068676,0.146867632,-0.029117576,0.038913085,0.060860862
2.655000,0.101670232,-0.036453910,0.129704346,-0.030390579,0.038189797,0.062663347
2.656000,0.076902797,-0.011839144,0.112541061,-0.031663581,0.037466508,0.064465832
2.657000,0.052135363,0.012775621,0.095377776,-0.032936584,0.036743220,0.066268316
2.658000,0.029888178,0.033261796,0.078958117,-0.033931857,0.036059429,0.068004468
2.659000,0.040874114,-0.007444475,0.089379198,-0.030788923,0.035956937,0.068631989
2.660000,0.058448532,-0.067849845,0.108343863,-0.026090013,0.035804621,0.068937678
2.661000,0.076022950,-0.128255214,0.127308528,-0.021391103,0.035652305,0.069243367
2.662000,0.093597369,-0.188660583,0.146273193,-0.016692193,0.035499989,0.069549056
2.663000,0.108680145,-0.241003167,0.168360703,-0.012766031,0.035245644,0.069943874
2.664000,0.096536716,-0.223000701,0.199706432,-0.015227951,0.033477784,0.070709248
2.665000,0.066873889,-0.167827207,0.239756789,-0.021112251,0.031024238,0.071496029
2.666000,0.037211062,-0.112653714,0.279807145,-0.026996551,0.028570691,0.072282809
2.667000,0.007548234,-0.057480220,0.319857502,-0.032880852,0.026117145,0.073069589
2.668000,-0.016627705,-0.008966058,0.354161499,-0.037836880,0.023993158,0.073846906
2.669000,-0.001046531,-0.005487058,0.342245608,-0.036115885,0.024438650,0.074480064
2.670000,0.020874056,-0.010325939,0.320807872,-0.033057815,0.025278751,0.075231341
2.671000,0.042794644,-0.015164820,0.299370137,-0.029999745,0.026118851,0.075982618
2.672000,0.064715232,-0.020003702,0.277932401,-0.026941675,0.026958952,0.076733895
2.673000,0.082427333,-0.023275056,0.262641381,-0.024145474,0.027568335,0.077377629
2.674000,0.071550537,-0.048271219,0.280172817,-0.019635806,0.026861089,0.076635140
2.675000,0.050815023,-0.086452431,0.307166875,-0.013858295,0.025743797,0.075391168
2.676000,0.030079509,-0.124633642,0.334160934,-0.008080783,0.024626505,0.074147197
2.677000,0.009343995,-0.162814854,0.361154992,-0.002303272,0.023509213,0.072903225
2.678000,-0.013490879,-0.198224779,0.388652551,0.003068054,0.022313485,0.071699576
2.679000,-0.040084142,-0.182948931,0.419305584,0.002411898,0.020649723,0.071523411
2.680000,-0.059920035,-0.140612660,0.449269813,-0.001137092,0.018929405,0.071914710
2.681000,-0.079727726,-0.098195430,0.479270198,-0.004695490,0.017208374,0.072307876
2.682000,-0.099535418,-0.055778200,0.509270583,-0.008253888,0.015487342,0.072701043
2.683000,-0.115882287,-0.015583357,0.535427972,-0.011628050,0.013979271,0.073051884
2.684000,-0.092762697,-0.007189599,0.536272392,-0.012800056,0.014992578,0.072850372
2.685000,-0.053839140,-0.009161628,0.536275473,-0.013177836,0.016906608,0.072400490
2.686000,-0.014910124,-0.011299285,0.536473802,-0.013546209,0.018816738,0.071948942
2.687000,0.024018893,-0.013436942,0.536672132,-0.013914582,0.020726868,0.071497395
2.688000,0.059300229,-0.017666685,0.537246468,-0.013896051,0.022519460,0.070990994
2.689000,0.045387468,-0.053876721,0.545415483,-0.009239552,0.022117672,0.069825771
2.690000,0.015106932,-0.097007885,0.552167800,-0.003354165,0.020990333,0.068693581
2.691000,-0.015173604,-0.140139048,0.558920117,0.002531222,0.019862993,0.067561391
2.692000,-0.045454140,-0.183270212,0.565672434,0.008416609,0.018735653,0.066429202
2.693000,-0.073806199,-0.226040097,0.574040085,0.014130501,0.017681844,0.065237633
2.694000,-0.071977872,-0.233988920,0.592442598,0.015529335,0.017780197,0.064194631
2.695000,-0.057307421,-0.217169135,0.611082468,0.014710308,0.018211755,0.063280910
2.696000,-0.042636969,-0.200349349,0.629722337,0.013891281,0.018643313,0.062367188
2.697000,-0.027966517,-0.183529563,0.648362207,0.013072254,0.019074870,0.061453466
2.698000,-0.014349089,-0.165925821,0.667216105,0.012094733,0.019457850,0.060618575
2.699000,-0.014905475,-0.149700543,0.686107519,0.010685475,0.019809103,0.060381487
2.700000,-0.019376704,-0.139372479,0.703061834,0.009441968,0.020408252,0.060237405
2.701000,-0.023847932,-0.129044414,0.720016148,0.008198461,0.021007400,0.060093324
2.702000,-0.028319161,-0.118716350,0.736970463,0.006954954,0.021606549,0.059949243
2.703000,-0.032813558,-0.106799630,0.754304670,0.005742647,0.022158785,0.059806580
2.704000,-0.030032469,-0.106558226,0.767319365,0.006292086,0.022761191,0.058835624
2.705000,-0.031975327,-0.113226024,0.776890602,0.007744359,0.023292241,0.057298766
2.706000,-0.033918185,-0.119893821,0.786461839,0.009196632,0.023823292,0.055761908
2.707000,-0.035861043,-0.126561619,0.796033075,0.010648905,0.024354342,0.054225049
2.708000,-0.036694742,-0.134217562,0.804989057,0.012230287,0.024950956,0.052677036
2.709000,-0.048119920,-0.134135257,0.813632242,0.015284228,0.025229172,0.051332106
2.710000,-0.069563114,-0.130193142,0.827755647,0.019210911,0.024918680,0.050134492
2.711000,-0.091006309,-0.126251026,0.841879052,0.023137594,0.024608189,0.048936878
2.712000,-0.112449503,-0.122308911,0.856002457,0.027064277,0.024297698,0.047739264
2.713000,-0.131361743,-0.121013918,0.869694778,0.030956192,0.024224135,0.046610713
2.714000,-0.127260251,-0.132557627,0.893331469,0.033560628,0.025527750,0.045581329
2.715000,-0.107380662,-0.143859547,0.924645504,0.035181111,0.027436654,0.044436649
2.716000,-0.087501072,-0.155161468,0.955959540,0.036801594,0.029345558,0.043291970
2.717000,-0.067621483,-0.166463388,0.987273575,0.038422077,0.031254462,0.042147290
2.718000,-0.047738307,-0.177252560,1.018712492,0.040076318,0.033153910,0.040988820
2.719000,-0.038640159,-0.163688593,1.051234789,0.040388592,0.034593583,0.040411692
2.720000,-0.036528641,-0.136471339,1.080281235,0.040009519,0.036078306,0.039806097
2.721000,-0.034417122,-0.109254085,1.109327682,0.039630446,0.037563029,0.039200502
2.722000,-0.032305604,-0.082036831,1.138374128,0.039251373,0.039047752,0.038594908
2.723000,-0.028565741,-0.055018347,1.166616532,0.038868958,0.040612867,0.037992658
2.724000,-0.021009875,-0.059263419,1.181296282,0.040082246,0.042907055,0.036565604
2.725000,-0.016560837,-0.083663326,1.186584309,0.042466010,0.045384132,0.034582416
2.726000,-0.012111800,-0.108063233,1.191872337,0.044849773,0.047861209,0.032599229
2.727000,-0.007662763,-0.132463139,1.197160365,0.047233536,0.050338287,0.030616041
2.728000,-0.002709283,-0.156538677,1.202967726,0.049605436,0.052835585,0.028637754
2.729000,0.001450858,-0.170224244,1.217289592,0.051780796,0.055528244,0.027000524
2.730000,0.008015857,-0.178515817,1.237592358,0.053717261,0.058276615,0.025785155
2.731000,0.014580857,-0.186807391,1.257895124,0.055653727,0.061024985,0.024569785
2.732000,0.021145856,-0.195098964,1.278197889,0.057590192,0.063773356,0.023354415
2.733000,0.026003145,-0.203069662,1.298374703,0.059452740,0.066418020,0.022151336
2.734000,0.028637600,-0.186515162,1.321783562,0.059245600,0.069069446,0.021684316
2.735000,0.026679662,-0.146693950,1.347643323,0.057245109,0.071557182,0.022106704
2.736000,0.024721724,-0.106872738,1.373503083,0.055244619,0.074044918,0.022529091
2.737000,0.022763786,-0.067051527,1.399362844,0.053244129,0.076532653,0.022951479
2.738000,0.022066173,-0.028573625,1.425311307,0.051260602,0.079096217,0.023300385
2.739000,0.026240243,-0.031833944,1.440156571,0.050949271,0.082121791,0.022947326
2.740000,0.030884980,-0.063268015,1.437981944,0.052111970,0.085683934,0.022704980
2.741000,0.035536521,-0.094655539,1.435732494,0.053278210,0.089246399,0.022471919
2.742000,0.040188063,-0.126043064,1.433483044,0.054444449,0.092808865,0.022238858
2.743000,0.045445335,-0.155182557,1.432132271,0.055610601,0.096339873,0.021961086
2.744000,0.034331192,-0.170216233,1.442575991,0.057448170,0.098569213,0.021685855
2.745000,0.018241744,-0.160640603,1.449203731,0.059103957,0.100979369,0.021546676
2.746000,0.001634467,-0.141999830,1.455095523,0.060752319,0.103385013,0.021588671
2.747000,-0.014972809,-0.123359056,1.460987315,0.062400680,0.105790657,0.021630666
2.748000,-0.028906436,-0.103873895,1.465910839,0.063976736,0.108315214,0.021661473
2.749000,-0.017457169,-0.103132657,1.457683502,0.065602133,0.112488859,0.021485118
2.750000,-0.003725214,-0.121394526,1.442015510,0.067879940,0.116802387,0.021684062
2.751000,0.010006741,-0.139656396,1.426347518,0.070157746,0.121115915,0.021883006
2.752000,0.023738697,-0.157918266,1.410679526,0.072435552,0.125429443,0.022081951
2.753000,0.036821711,-0.175953536,1.394510711,0.074678984,0.129823958,0.022258495
2.754000,0.041670130,-0.182896117,1.384740340,0.076007559,0.133601693,0.022607505
2.755000,0.052499199,-0.181582849,1.383006105,0.076654934,0.137349760,0.022653300
2.756000,0.063328269,-0.180269581,1.381271870,0.077302309,0.141097828,0.022699095
2.757000,0.074157338,-0.178956314,1.379537636,0.077949684,0.144845895,0.022744889
2.758000,0.085193265,-0.176183799,1.378403023,0.078639207,0.148522207,0.022854093
2.759000,0.084693444,-0.172644651,1.376296705,0.080804457,0.151524551,0.023370461
2.760000,0.073466494,-0.176928992,1.375272406,0.084060869,0.153844634,0.023818212
2.761000,0.062239545,-0.181213333,1.374248107,0.087317281,0.156164717,0.024265962
2.762000,0.051012595,-0.185497674,1.373223808,0.090573693,0.158484800,0.024713712
2.763000,0.040189981,-0.190044727,1.372249037,0.093853058,0.160862566,0.025202892
2.764000,0.047472292,-0.202373232,1.385453515,0.096445785,0.163750879,0.025752300
2.765000,0.060013239,-0.220313233,1.405401396,0.099027655,0.167072764,0.026015996
2.766000,0.072554186,-0.238253235,1.425349277,0.101609525,0.170394648,0.026279691
2.767000,0.085095134,-0.256193236,1.445297159,0.104191395,0.173716533,0.026543387
2.768000,0.098680661,-0.269870296,1.465656067,0.106577468,0.177107448,0.026787392
2.769000,0.091761221,-0.258848828,1.472590317,0.107062205,0.180661931,0.027075340
2.770000,0.081784555,-0.236064441,1.473009214,0.106474602,0.184638258,0.027491698
2.771000,0.071807890,-0.213280055,1.473428111,0.105887000,0.188614585,0.027908056
2.772000,0.061831224,-0.190495668,1.473847008,0.105299397,0.192590912,0.028324413
2.773000,0.052967648,-0.169694012,1.475102574,0.104840063,0.196618711,0.028702553
2.774000,0.066913171,-0.176399808,1.478970056,0.106642703,0.201991372,0.028473476
2.775000,0.083942266,-0.193232149,1.482831077,0.109293046,0.207656493,0.028037100
2.776000,0.100565772,-0.210538499,1.486636567,0.111979388,0.213337023,0.027592180
2.777000,0.117189279,-0.227844849,1.490442057,0.114665730,0.219017553,0.027147259
2.778000,0.132080070,-0.248191263,1.493369064,0.117547008,0.224732684,0.026734722
2.779000,0.128240185,-0.252576636,1.507510811,0.120443386,0.230225828,0.026813298
2.780000,0.113155859,-0.256985635,1.520214758,0.123934311,0.235906889,0.026895620
2.781000,0.098071534,-0.261394635,1.532918704,0.127425235,0.241587950,0.026977942
2.782000,0.082987208,-0.265803634,1.545622651,0.130916160,0.247269012,0.027060264
2.783000,0.066488037,-0.267996937,1.560239591,0.134357941,0.252873702,0.027147585
2.784000,0.067895601,-0.268648882,1.571729097,0.137338944,0.259018133,0.027343149
2.785000,0.089156372,-0.260793958,1.587190761,0.139593424,0.265522184,0.027739113
2.786000,0.110417142,-0.252939034,1.602652424,0.141847903,0.272026236,0.028135078
2.787000,0.131677913,-0.245084109,1.618114088,0.144102383,0.278530287,0.028531042
2.788000,0.154116379,-0.237191561,1.633796878,0.146342809,0.285095434,0.028890740
2.789000,0.178934943,-0.243380216,1.652655333,0.149383418,0.292151817,0.029266390
2.790000,0.193172361,-0.262236253,1.670355417,0.153200732,0.298946916,0.029633517
2.791000,0.207409780,-0.281092290,1.688055501,0.157018046,0.305742015,0.030000645
2.792000,0.221647198,-0.299948327,1.705755586,0.160835360,0.312537114,0.030367772
2.793000,0.234870618,-0.317711002,1.723653596,0.164700652,0.319308191,0.030794280
2.794000,0.242478956,-0.313671022,1.735185087,0.167692383,0.326435824,0.031326318
2.795000,0.247768363,-0.303080529,1.742646205,0.170756932,0.333630370,0.031955213
2.796000,0.253057771,-0.292490037,1.750107323,0.173821482,0.340824916,0.032584108
2.797000,0.258347178,-0.281899544,1.757568441,0.176886031,0.348019462,0.033213003
2.798000,0.262538072,-0.269804556,1.765528047,0.179924181,0.355154283,0.033791158
2.799000,0.268301864,-0.278432283,1.779280907,0.184733018,0.361418701,0.034207726
2.800000,0.285401284,-0.292567962,1.799494617,0.189880704,0.367588661,0.034826449
2.801000,0.302500705,-0.306703642,1.819708328,0.195028390,0.373758621,0.035445173
2.802000,0.319600126,-0.320839322,1.839922038,0.200176077,0.379928582,0.036063896
2.803000,0.336029241,-0.337019663,1.860531037,0.205425010,0.386039997,0.036625308
2.804000,0.341535157,-0.340962055,1.890398471,0.210222915,0.390934254,0.037350169
2.805000,0.334509132,-0.341842970,1.926766555,0.214813787,0.394858670,0.037991964
2.806000,0.327483106,-0.342723885,1.963134638,0.219404658,0.398783085,0.038633759
2.807000,0.320457080,-0.343604801,1.999502721,0.223995530,0.402707500,0.039275553
2.808000,0.311613051,-0.343615352,2.037513486,0.228407586,0.406450067,0.039769664
2.809000,0.302324682,-0.349577825,2.075908978,0.231019348,0.409906360,0.039619606
2.810000,0.298519313,-0.358248635,2.107788840,0.233005300,0.413414750,0.039211758
2.811000,0.294713945,-0.366919444,2.139668702,0.234991253,0.416923141,0.038803909
2.812000,0.290908576,-0.375590253,2.171548565,0.236977205,0.420431532,0.038396061
2.813000,0.287402174,-0.383663484,2.201412208,0.238766167,0.423859706,0.038082958
2.814000,0.285918527,-0.378100023,2.221017846,0.238594787,0.426516637,0.038293768
2.815000,0.292554926,-0.371716183,2.240417565,0.237466920,0.429235741,0.038576298
2.816000,0.299191325,-0.365332343,2.259817284,0.236339054,0.431954845,0.038858828
2.817000,0.305827724,-0.358948503,2.279217003,0.235211187,0.434673949,0.039141357
2.818000,0.312737002,-0.352388678,2.298477403,0.234055703,0.437403221,0.039407312
2.819000,0.310413110,-0.351190444,2.313598869,0.233475162,0.439462050,0.040033598
2.820000,0.300369285,-0.355805396,2.327832912,0.233136630,0.441048512,0.040685552
2.821000,0.290325460,-0.360420347,2.342066954,0.232798098,0.442634973,0.041337505
2.822000,0.280281635,-0.365035299,2.356300997,0.232459566,0.444221434,0.041989458
2.823000,0.270181220,-0.371221556,2.370552113,0.232137611,0.445783076,0.042647747
2.824000,0.276857067,-0.383544583,2.391287876,0.229917130,0.447737824,0.043239357
2.825000,0.287357096,-0.392083337,2.415216805,0.226874677,0.449728241,0.043818567
2.826000,0.297857126,-0.400622092,2.439145733,0.223832225,0.451718659,0.044397777
2.827000,0.308357155,-0.409160847,2.463074662,0.220789772,0.453709076,0.044976987
2.828000,0.319415238,-0.417018638,2.485825427,0.217817200,0.455708305,0.045521296
2.829000,0.326347899,-0.409532773,2.491686261,0.214973197,0.457276694,0.045246122
2.830000,0.333757497,-0.397532762,2.489877151,0.211816753,0.458914528,0.044784078
2.831000,0.341167096,-0.385532750,2.488068042,0.208660310,0.460552361,0.044322034
2.832000,0.348576694,-0.373532738,2.486258932,0.205503867,0.462190194,0.043859990
2.833000,0.355706636,-0.364098169,2.485096663,0.202472150,0.463770834,0.043330821
2.834000,0.352738486,-0.367970145,2.493777825,0.199662314,0.464294000,0.042347122
2.835000,0.339629350,-0.370592718,2.506540466,0.196401099,0.464189653,0.041118883
2.836000,0.326520214,-0.373215291,2.519303107,0.193139885,0.464085306,0.039890645
2.837000,0.313411078,-0.375837864,2.532065748,0.189878670,0.463980960,0.038662406
2.838000,0.300380226,-0.378016391,2.546099066,0.186552395,0.463871574,0.037477630
2.839000,0.295697563,-0.361642034,2.554280317,0.182080880,0.464150225,0.036954864
2.840000,0.297324969,-0.331468600,2.561742706,0.176866447,0.464390041,0.036666492
2.841000,0.298952376,-0.301295165,2.569205095,0.171652013,0.464629856,0.036378119
2.842000,0.300579782,-0.271121731,2.576667483,0.166437579,0.464869672,0.036089747
2.843000,0.301950090,-0.242674382,2.583553819,0.161450606,0.465123960,0.035780135
2.844000,0.308669221,-0.241477996,2.580754870,0.160801386,0.465883068,0.035219846
2.845000,0.315470081,-0.258611223,2.575110351,0.162425798,0.466974644,0.034539281
2.846000,0.322270941,-0.275744449,2.569465832,0.164050209,0.468066220,0.033858715
2.847000,0.329071802,-0.292877676,2.563821313,0.165674621,0.469157796,0.033178150
2.848000,0.335702755,-0.307610676,2.559431383,0.167225404,0.470205527,0.032565612
2.849000,0.330065509,-0.323777261,2.577933007,0.168205063,0.470573494,0.031919264
2.850000,0.319413074,-0.339409320,2.603061259,0.168883787,0.470472576,0.031315850
2.851000,0.308760640,-0.355041378,2.628189512,0.169562510,0.470371659,0.030712436
2.852000,0.298108205,-0.370673437,2.653317764,0.170241234,0.470270741,0.030109022
2.853000,0.287560360,-0.385383080,2.678316594,0.170774809,0.470209106,0.029509829
2.854000,0.292502632,-0.351840867,2.694812854,0.166080665,0.471127784,0.030091657
2.855000,0.306624408,-0.298988243,2.707333959,0.159333501,0.472576407,0.031442648
2.856000,0.320746184,-0.246135619,2.719855064,0.152586338,0.474025030,0.032793639
2.857000,0.334867960,-0.193282996,2.732376169,0.145839174,0.475473654,0.034144630
2.858000,0.349394168,-0.145017457,2.741569265,0.139499198,0.477106531,0.035314093
2.859000,0.367225744,-0.140595696,2.713525573,0.138532491,0.479970273,0.035309264
2.860000,0.382396405,-0.151257896,2.678720299,0.139659453,0.482871071,0.034984392
2.861000,0.397567066,-0.161920095,2.643915024,0.140786414,0.485771868,0.034659521
2.862000,0.412737726,-0.172582295,2.609109750,0.141913375,0.488672666,0.034334649
2.863000,0.427770746,-0.183828481,2.575848856,0.143086314,0.491513865,0.034009796
2.864000,0.417851477,-0.210418984,2.600906296,0.145330751,0.491914821,0.034131620
2.865000,0.398121600,-0.236440923,2.645600827,0.147481340,0.491394886,0.034352734
2.866000,0.378391722,-0.262462862,2.690295357,0.149631929,0.490874951,0.034573847
2.867000,0.358661845,-0.288484801,2.734989887,0.151782518,0.490355016,0.034794961
2.868000,0.342138355,-0.309236757,2.779512737,0.153486892,0.489984376,0.035137901
2.869000,0.364215170,-0.270959153,2.813035904,0.149696393,0.491757849,0.036796202
2.870000,0.399945650,-0.221245459,2.840400336,0.144368077,0.494507086,0.038926721
2.871000,0.435676130,-0.171531765,2.867764769,0.139039760,0.497256323,0.041057241
2.872000,0.471406610,-0.121818071,2.895129201,0.133711444,0.500005560,0.043187760
2.873000,0.503902795,-0.078579725,2.917788214,0.129244171,0.502883924,0.045088935
2.874000,0.508057356,-0.095066333,2.909976492,0.129835086,0.505424450,0.045723306
2.875000,0.500559518,-0.134333573,2.890188546,0.132682767,0.507910998,0.045775937
2.876000,0.493061681,-0.173600812,2.870400600,0.135530449,0.510397546,0.045828568
2.877000,0.485563843,-0.212868051,2.850612654,0.138378130,0.512884094,0.045881199
2.878000,0.476586329,-0.250260982,2.837510976,0.141196234,0.515108077,0.045993488
2.879000,0.461689307,-0.263064566,2.854207311,0.142770867,0.515671215,0.045915239
2.880000,0.443436807,-0.259262527,2.881468912,0.143261800,0.515266862,0.045859994
2.881000,0.425184307,-0.255460489,2.908730513,0.143752733,0.514862509,0.045804749
2.882000,0.406966104,-0.251652720,2.935959722,0.144241194,0.514459132,0.045748692
2.883000,0.392774114,-0.246860283,2.960712120,0.144441426,0.514189209,0.045652039
2.884000,0.410465043,-0.226117893,2.992572781,0.142036985,0.515284972,0.046250367
2.885000,0.440427361,-0.203279326,3.025094043,0.138935487,0.516977750,0.047133572
2.886000,0.470389679,-0.180440759,3.057615305,0.135833989,0.518670529,0.048016776
2.887000,0.500351997,-0.157602192,3.090136566,0.132732492,0.520363307,0.048899981
2.888000,0.530212085,-0.135947977,3.121959693,0.129767825,0.522069481,0.049736707
2.889000,0.535602366,-0.162382055,3.122132273,0.130813455,0.522968156,0.049123562
2.890000,0.529666740,-0.203285039,3.112261792,0.133008334,0.523342850,0.047922349
2.891000,0.523731115,-0.244188023,3.102391311,0.135203213,0.523717544,0.046721136
2.892000,0.517795489,-0.285091007,3.092520830,0.137398091,0.524092238,0.045519923
2.893000,0.511081719,-0.323882200,3.085999519,0.139681033,0.524440381,0.044391500
2.894000,0.491134453,-0.347042849,3.096863097,0.142803670,0.523963566,0.043683625
2.895000,0.465615706,-0.366018170,3.112521407,0.146581490,0.523204745,0.043178871
2.896000,0.440096959,-0.384993490,3.128179716,0.150359310,0.522445924,0.042674118
2.897000,0.414578212,-0.403968811,3.143838025,0.154137130,0.521687104,0.042169365
2.898000,0.390441072,-0.422274210,3.159336541,0.157698479,0.520962069,0.041614855
2.899000,0.404804127,-0.400364153,3.173246325,0.156051375,0.522046952,0.041141693
2.900000,0.433123743,-0.360511694,3.188711679,0.152686586,0.523885615,0.040956735
2.901000,0.461443359,-0.320659236,3.204177033,0.149321798,0.525724277,0.040771776
2.902000,0.489762975,-0.280806777,3.219642387,0.145957009,0.527562940,0.040586818
2.903000,0.516851745,-0.241794576,3.234214619,0.142679103,0.529392672,0.040395830
2.904000,0.514174042,-0.226901419,3.229877572,0.141556839,0.530761640,0.040418746
2.905000,0.502957009,-0.218634983,3.217905079,0.140764536,0.532204542,0.040289884
2.906000,0.491739975,-0.210368548,3.205932586,0.139972233,0.533647443,0.040161023
2.907000,0.480522942,-0.202102112,3.193960094,0.139179929,0.535090344,0.040032161
2.908000,0.469063354,-0.194382794,3.182352971,0.138420650,0.536522594,0.039887160
2.909000,0.464201976,-0.208472729,3.203411124,0.138681571,0.537702089,0.038726027
2.910000,0.463821288,-0.228537004,3.233321261,0.139299961,0.538793493,0.037450901
2.911000,0.463440600,-0.248601280,3.263231398,0.139918351,0.539884896,0.036175775
2.912000,0.463059911,-0.268665556,3.293141536,0.140536741,0.540976300,0.034900650
2.913000,0.462873252,-0.287777612,3.322437414,0.141102677,0.542116018,0.033649338
2.914000,0.477742730,-0.283839543,3.327735341,0.140515295,0.545308206,0.033309482
2.915000,0.499163997,-0.266003450,3.328858246,0.139623275,0.549540697,0.033062060
2.916000,0.520585263,-0.248167357,3.329981150,0.138731256,0.553773187,0.032814637
2.917000,0.542006530,-0.230331264,3.331104054,0.137839236,0.558005678,0.032567215
2.918000,0.563454940,-0.212649894,3.333160704,0.136908059,0.562178370,0.032322373
2.919000,0.572751463,-0.209559911,3.351166094,0.135976941,0.565087185,0.031593106
2.920000,0.572489469,-0.221251142,3.376965586,0.134846295,0.567124267,0.030845085
2.921000,0.571762525,-0.237718996,3.406058967,0.133691088,0.569107476,0.030122383
2.922000,0.571035582,-0.254186850,3.435152348,0.132535882,0.571090685,0.029399681
2.923000,0.570754810,-0.269816383,3.463104518,0.131401070,0.573135307,0.028643925
2.924000,0.570776390,-0.263641018,3.476924497,0.129902101,0.575856177,0.028227620
2.925000,0.568358639,-0.243802183,3.487358257,0.128310136,0.578723559,0.028132368
2.926000,0.565940888,-0.223963349,3.497792017,0.126718172,0.581590941,0.028037115
2.927000,0.563523137,-0.204124515,3.508225777,0.125126208,0.584458323,0.027941863
2.928000,0.562569174,-0.185951400,3.518289839,0.123543094,0.587394750,0.027852120
2.929000,0.581917179,-0.180907235,3.522470786,0.122388582,0.591247909,0.027456650
2.930000,0.612314553,-0.178629367,3.527577353,0.121274976,0.595426106,0.026980734
2.931000,0.642711927,-0.176351499,3.532683920,0.120161371,0.599604302,0.026504817
2.932000,0.673109301,-0.174073631,3.537790487,0.119047765,0.603782498,0.026028900
2.933000,0.701114199,-0.171079590,3.543287081,0.117940580,0.607842789,0.025520485
2.934000,0.706405852,-0.165087525,3.559587621,0.116976998,0.610772859,0.024796750
2.935000,0.700533772,-0.158285399,3.572247485,0.116135078,0.613170409,0.023900252
2.936000,0.694661692,-0.151483273,3.584907348,0.115293157,0.615567959,0.023003753
2.937000,0.688789612,-0.144681147,3.597567211,0.114451236,0.617965508,0.022107254
2.938000,0.683063522,-0.138204371,3.609329155,0.113476513,0.620373325,0.021310489
2.939000,0.672674302,-0.132725728,3.603205429,0.111566899,0.622950264,0.021608304
2.940000,0.664182146,-0.130379709,3.589823763,0.109534306,0.625747562,0.022148591
2.941000,0.655689990,-0.128033689,3.576442096,0.107501712,0.628544860,0.022688878
2.942000,0.646982289,-0.124463309,3.564422287,0.105448475,0.631287970,0.023243787
2.943000,0.638482593,-0.118068999,3.556137545,0.103354058,0.633909511,0.023807690
2.944000,0.654425304,-0.114326471,3.568205036,0.101663880,0.636899181,0.023424980
2.945000,0.687814486,-0.116287298,3.591486171,0.100299814,0.640433700,0.022253052
2.946000,0.725734488,-0.118933171,3.617143544,0.098884795,0.644229490,0.020979151
2.947000,0.763654490,-0.121579043,3.642800917,0.097469776,0.648025280,0.019705249
2.948000,0.796532816,-0.124382597,3.667307654,0.096153298,0.651581342,0.018577732
2.949000,0.784159011,-0.132484181,3.677144840,0.095867476,0.653152448,0.018759094
2.950000,0.753761567,-0.141172543,3.679483664,0.095857009,0.653762629,0.019408695
2.951000,0.723369564,-0.149284240,3.681888249,0.095824819,0.654354471,0.020084958
2.952000,0.692977561,-0.157395937,3.684292834,0.095792629,0.654946312,0.020761221
2.953000,0.664405878,-0.166745252,3.685516330,0.095742070,0.655575506,0.021375571
2.954000,0.667687300,-0.166814343,3.697595339,0.094005721,0.656647990,0.021447298
2.955000,0.688171252,-0.156165089,3.717381702,0.091363068,0.658059173,0.021430074
2.956000,0.708655204,-0.145515836,3.737168065,0.088720416,0.659470356,0.021412851
2.957000,0.729139156,-0.134866582,3.756954428,0.086077764,0.660881539,0.021395628
2.958000,0.749103536,-0.124380363,3.776225023,0.083459611,0.662292576,0.021374057
2.959000,0.756771023,-0.110795297,3.781351517,0.081114698,0.663462282,0.021779389
2.960000,0.751618065,-0.094737034,3.780351978,0.079005213,0.664268832,0.022385074
2.961000,0.746465106,-0.078678771,3.779352439,0.076895728,0.665075382,0.022990759
2.962000,0.741312148,-0.062620508,3.778352899,0.074786243,0.665881932,0.023596444
2.963000,0.736955187,-0.049111309,3.778177774,0.072681174,0.666608718,0.024205554
2.964000,0.728818579,-0.064546427,3.782469316,0.071930224,0.666376126,0.023903834
2.965000,0.720011522,-0.086608097,3.786595483,0.071544808,0.665951952,0.023293238
2.966000,0.711204464,-0.108669766,3.790721650,0.071159391,0.665527779,0.022682642
2.967000,0.702397407,-0.130731436,3.794847817,0.070773975,0.665103606,0.022072046
2.968000,0.693124586,-0.152161450,3.799457786,0.070363487,0.664670193,0.021482483
2.969000,0.685928155,-0.157203197,3.808308289,0.070042792,0.664301798,0.021601105
2.970000,0.683524475,-0.151066609,3.818040240,0.069723418,0.664215143,0.022250658
2.971000,0.681120796,-0.144930021,3.827772190,0.069404045,0.664128488,0.022900212
2.972000,0.678717116,-0.138793433,3.837504140,0.069084672,0.664041833,0.023549765
2.973000,0.674901122,-0.133124316,3.847036225,0.068644842,0.663894232,0.024169754
2.974000,0.671227716,-0.121684918,3.841041482,0.065462031,0.663860924,0.024567881
2.975000,0.668788893,-0.101779706,3.822457241,0.060799356,0.663902633,0.024737790
2.976000,0.666350070,-0.081874495,3.803873000,0.056136681,0.663944343,0.024907699
2.977000,0.663911247,-0.061969283,3.785288758,0.051474006,0.663986052,0.025077608
2.978000,0.662203046,-0.043981586,3.768365644,0.047083953,0.664026627,0.025234004
2.979000,0.657602436,-0.046269114,3.770838419,0.045909149,0.663794340,0.025598218
2.980000,0.651517606,-0.059377357,3.780162018,0.046296281,0.663480700,0.026268772
2.981000,0.645432776,-0.072485601,3.789485617,0.046683412,0.663167060,0.026939325
2.982000,0.639347946,-0.085593844,3.798809216,0.047070543,0.662853420,0.027609879
2.983000,0.633581517,-0.098571745,3.808164344,0.047453339,0.662548207,0.028263261
2.984000,0.632864627,-0.099352591,3.799731517,0.047833068,0.662395700,0.028164525
2.985000,0.638366382,-0.088900263,3.785727076,0.048181617,0.662377569,0.026982029
2.986000,0.643868136,-0.078447935,3.771722635,0.048530167,0.662359439,0.025799534
2.987000,0.649369890,-0.067995606,3.757718194,0.048878716,0.662341309,0.024617038
2.988000,0.654811894,-0.057776665,3.743609546,0.049218336,0.662353573,0.023526646
2.989000,0.657874425,-0.055408592,3.756944381,0.048561967,0.662444660,0.024062722
2.990000,0.660329977,-0.059902795,3.781588371,0.046872884,0.662658133,0.025460212
2.991000,0.662785530,-0.064396997,3.806232360,0.045183802,0.662871606,0.026857702
2.992000,0.665241082,-0.068891199,3.830876350,0.043494719,0.663085079,0.028255191
2.993000,0.668028147,-0.072948661,3.855531601,0.041821824,0.663284992,0.029661814
2.994000,0.671321760,-0.069498286,3.864695745,0.040694687,0.663669580,0.031286164
2.995000,0.672016355,-0.056575452,3.872475717,0.039585984,0.664237828,0.032781610
2.996000,0.672710951,-0.043652617,3.880255689,0.038477280,0.664806076,0.034277056
2.997000,0.673405546,-0.030729783,3.888035661,0.037368577,0.665374324,0.035772502
2.998000,0.673476223,-0.018069021,3.893600709,0.036318767,0.665947797,0.037259942
2.999000,0.659574041,-0.028805931,3.887667796,0.037437150,0.666424119,0.038052656
3.000000,0.639859640,-0.049496412,3.877758618,0.039594571,0.666729602,0.038335147
3.001000,0.620145239,-0.070186893,3.867849440,0.041751991,0.667035086,0.038617637
3.002000,0.600430838,-0.090877374,3.857940262,0.043909411,0.667340569,0.038900128
3.003000,0.581085686,-0.110457446,3.849520515,0.045928041,0.667609100,0.039145094
3.004000,0.579096845,-0.100639330,3.873026335,0.044294669,0.668019246,0.039717304
3.005000,0.588362571,-0.078368655,3.916487302,0.040846264,0.668571835,0.041164247
3.006000,0.598217968,-0.055384095,3.960667563,0.037346008,0.669121201,0.042675567
3.007000,0.608073365,-0.032399535,4.004847824,0.033845753,0.669670567,0.044186886
3.008000,0.616921558,-0.010426634,4.048871386,0.030390415,0.670201617,0.045663589
3.009000,0.613463356,-0.008043472,4.060604835,0.028434387,0.671704589,0.046982306
3.010000,0.604669646,-0.017995638,4.048400030,0.027537890,0.673663461,0.046705922
3.011000,0.595875936,-0.027947804,4.036195225,0.026641393,0.675622333,0.046429537
3.012000,0.587082226,-0.037899970,4.023990421,0.025744896,0.677581205,0.046153153
3.013000,0.579482920,-0.046432697,4.014904731,0.024819847,0.679562243,0.045876328
3.014000,0.585768786,-0.048897700,4.033585342,0.023957215,0.681336294,0.045663528
3.015000,0.590334002,-0.061709873,4.070031950,0.023906720,0.682869466,0.045969729
3.016000,0.594899217,-0.074522047,4.106478557,0.023856224,0.684402638,0.046275929
3.017000,0.599464433,-0.087334220,4.142925165,0.023805729,0.685935810,0.046582130
3.018000,0.606228530,-0.099154730,4.175388254,0.023732275,0.687798310,0.046914226
3.019000,0.609457339,-0.116427213,4.179313668,0.023604597,0.690859756,0.046253749
3.020000,0.608360990,-0.124151933,4.175059740,0.021915028,0.693691371,0.043656097
3.021000,0.607264641,-0.131876654,4.170805812,0.020225459,0.696522985,0.041058444
3.022000,0.606168291,-0.139601375,4.166551883,0.018535890,0.699354600,0.038460792
3.023000,0.603446937,-0.144362032,4.162521674,0.016675987,0.702062514,0.035690096
3.024000,0.598447068,-0.129270676,4.149493366,0.014284015,0.704485079,0.033675466
3.025000,0.603752782,-0.110057531,4.120163695,0.012750566,0.707349438,0.033353980
3.026000,0.609058496,-0.090844386,4.090834025,0.011217117,0.710213797,0.033032495
3.027000,0.614364209,-0.071631241,4.061504354,0.009683669,0.713078155,0.032711009
3.028000,0.619937714,-0.055054207,4.035020064,0.008281752,0.715861470,0.032377082
3.029000,0.637261958,-0.061958186,4.040512588,0.007976295,0.717424018,0.032508227
3.030000,0.652594486,-0.072637182,4.058236476,0.007706479,0.718513237,0.032507885
3.031000,0.667927014,-0.083316178,4.075960364,0.007436662,0.719602457,0.032507542
3.032000,0.683259541,-0.093995173,4.093684253,0.007166845,0.720691676,0.032507200
3.033000,0.697602519,-0.103682410,4.109739267,0.006913704,0.721686945,0.032475759
3.034000,0.691770842,-0.106508838,4.082116280,0.007638676,0.722076149,0.032223108
3.035000,0.688576513,-0.117802049,4.031422582,0.009551283,0.722695729,0.032889662
3.036000,0.685382183,-0.129095260,3.980728884,0.011463889,0.723315309,0.033556217
3.037000,0.682187854,-0.140388470,3.930035187,0.013376496,0.723934889,0.034222771
3.038000,0.675845203,-0.151884108,3.882139539,0.014568519,0.724315958,0.035049881
3.039000,0.663309859,-0.126839883,3.852824148,0.010537940,0.722791549,0.035712227
3.040000,0.647323265,-0.077895147,3.832140421,0.004691848,0.720728750,0.035612380
3.041000,0.631336672,-0.028950410,3.811456695,-0.001154244,0.718665951,0.035512533
3.042000,0.615350079,0.019994326,3.790772968,-0.007000336,0.716603152,0.035412687
3.043000,0.600009974,0.065721363,3.770026163,-0.012510471,0.714491131,0.035187005
3.044000,0.598787257,0.058703373,3.746998213,-0.012937662,0.712160776,0.034354813
3.045000,0.600198781,0.030100092,3.719778800,-0.011118124,0.709447519,0.033399299
3.046000,0.601610306,0.001496811,3.692559388,-0.009298586,0.706734262,0.032443786
3.047000,0.603021831,-0.027106471,3.665339975,-0.007479047,0.704021004,0.031488273
3.048000,0.603803769,-0.054066398,3.637916505,-0.005725068,0.701206201,0.030461711
3.049000,0.582610749,-0.056032416,3.615699079,-0.004713867,0.696286689,0.029313479
3.050000,0.558578657,-0.049145877,3.594578298,-0.003907576,0.690778148,0.028092355
3.051000,0.534546565,-0.042259339,3.573457517,-0.003101286,0.685269608,0.026871231
3.052000,0.510514473,-0.035372801,3.552336736,-0.002294995,0.679761067,0.025650107
3.053000,0.489369266,-0.028000113,3.531260949,-0.001761208,0.674354069,0.024537123
3.054000,0.493256212,-0.021341904,3.512494103,-0.004395419,0.670063984,0.024164391
3.055000,0.497160599,-0.014408181,3.497548461,-0.008173756,0.665754602,0.024056301
3.056000,0.501064987,-0.007474459,3.482602819,-0.011952093,0.661445220,0.023948211
3.057000,0.504969374,-0.000540736,3.467657177,-0.015730430,0.657135839,0.023840120
3.058000,0.507882974,0.006190955,3.452690263,-0.019455732,0.652770488,0.023800531
3.059000,0.506941533,0.016073704,3.428272283,-0.021600188,0.647953993,0.024440500
3.060000,0.513602408,0.027854115,3.399124455,-0.023075967,0.643386649,0.025171982
3.061000,0.520263284,0.039634527,3.369976627,-0.024551746,0.638819305,0.025903465
3.062000,0.526924159,0.051414939,3.340828799,-0.026027525,0.634251962,0.026634948
3.063000,0.532162675,0.061143968,3.310396269,-0.027255886,0.629679551,0.027276433
3.064000,0.512618247,0.053012207,3.274513887,-0.026248049,0.624591834,0.027821694
3.065000,0.475718786,0.040568370,3.238300746,-0.024640304,0.618896370,0.028480050
3.066000,0.438819324,0.028124534,3.202087606,-0.023032559,0.613200907,0.029138406
3.067000,0.401919863,0.015680698,3.165874465,-0.021424814,0.607505443,0.029796762
3.068000,0.367072346,0.004883786,3.131589599,-0.019960798,0.601916534,0.030560161
3.069000,0.374410633,0.010528356,3.117780274,-0.020748851,0.598485872,0.031961525
3.070000,0.402353358,0.016560472,3.106875237,-0.022114583,0.596097998,0.033463191
3.071000,0.430296083,0.022592588,3.095970200,-0.023480314,0.593710124,0.034964857
3.072000,0.458238807,0.028624704,3.085065163,-0.024846046,0.591322251,0.036466523
3.073000,0.485613497,0.034653269,3.074004787,-0.026207856,0.588884440,0.037995067
3.074000,0.480530412,0.043794836,3.049798381,-0.027797792,0.585477545,0.040299844
3.075000,0.459425564,0.050641485,3.026163405,-0.029175888,0.581523059,0.042800219
3.076000,0.438320716,0.057488135,3.002528429,-0.030553984,0.577568572,0.045300595
3.077000,0.417215868,0.064334784,2.978893453,-0.031932080,0.573614085,0.047800970
3.078000,0.396155460,0.071066188,2.955426950,-0.033282835,0.569679988,0.050312124
3.079000,0.399991863,0.069049045,2.939754887,-0.033362978,0.566726242,0.054769318
3.080000,0.418749005,0.065366633,2.923088186,-0.033067596,0.564368032,0.060503107
3.081000,0.437506146,0.061684221,2.906421485,-0.032772214,0.562009823,0.066236896
3.082000,0.456263288,0.058001808,2.889754784,-0.032476831,0.559651613,0.071970684
3.083000,0.474580317,0.053818901,2.870718899,-0.032102659,0.557342484,0.077649771
3.084000,0.471741249,0.040620977,2.851951724,-0.030781291,0.554574583,0.082143608
3.085000,0.453565541,0.024155850,2.843502380,-0.029041352,0.551154089,0.085807354
3.086000,0.435389834,0.007690722,2.835053036,-0.027301413,0.547733596,0.089471101
3.087000,0.417214127,-0.008774405,2.826603692,-0.025561474,0.544313102,0.093134847
3.088000,0.400024434,-0.025849516,2.817499908,-0.023933352,0.540886845,0.096796591
3.089000,0.395879171,-0.037757193,2.799399821,-0.025753220,0.537237819,0.099978278
3.090000,0.399776313,-0.042588942,2.775543209,-0.029865903,0.533554010,0.102877060
3.091000,0.403673456,-0.047420690,2.751686597,-0.033978587,0.529870200,0.105775843
3.092000,0.407570598,-0.052252439,2.727829985,-0.038091270,0.526186391,0.108674625
3.093000,0.410884850,-0.056623677,2.704699610,-0.042026669,0.522426774,0.111565159
3.094000,0.397692252,-0.058960646,2.680092241,-0.043268085,0.517645301,0.114743128
3.095000,0.376127779,-0.067570780,2.653677091,-0.042960878,0.512503844,0.118204022
3.096000,0.354563307,-0.076180914,2.627261941,-0.042653672,0.507362387,0.121664916
3.097000,0.332998834,-0.084791048,2.600846791,-0.042346466,0.502220929,0.125125810
3.098000,0.311308910,-0.094693790,2.573671108,-0.041954028,0.497079230,0.128445310
3.099000,0.310744568,-0.128911834,2.545629993,-0.041182345,0.492662881,0.129932825
3.100000,0.326794401,-0.168235499,2.517621881,-0.040819559,0.488556010,0.130711411
3.101000,0.342844235,-0.207559164,2.489613770,-0.040456773,0.484449138,0.131489998
3.102000,0.358894069,-0.246882830,2.461605658,-0.040093987,0.480342267,0.132268584
3.103000,0.371355476,-0.279658321,2.427585677,-0.040056912,0.475933141,0.133052820
3.104000,0.383738600,-0.263773889,2.396039057,-0.041657150,0.469707967,0.134307402
3.105000,0.381848796,-0.229714827,2.367230188,-0.043789034,0.462018947,0.136273399
3.106000,0.379958991,-0.195655765,2.338421319,-0.045920918,0.454329927,0.138239397
3.107000,0.377208937,-0.162246494,2.309516526,-0.048047072,0.446585897,0.140222909
3.108000,0.360484523,-0.137421888,2.279136557,-0.050102939,0.438052919,0.142394473
3.109000,0.279525632,-0.138177350,2.215757299,-0.052064456,0.426850790,0.145474290
3.110000,0.182780742,-0.148432031,2.131461783,-0.053839648,0.415543231,0.148860603
3.111000,0.086035852,-0.158686712,2.047166267,-0.055614841,0.404235671,0.152246916
3.112000,-0.010772239,-0.168432864,1.963085091,-0.057401904,0.392956922,0.155613453
3.113000,-0.093000612,-0.171443564,1.882961578,-0.059228502,0.382275813,0.158598895
3.114000,-0.037274068,-0.189883867,1.831206978,-0.059051611,0.376496912,0.160417433
3.115000,0.046009930,-0.213279843,1.786095858,-0.058418052,0.371682233,0.162035148
3.116000,0.129293928,-0.236675819,1.740984738,-0.057784494,0.366867555,0.163652864
3.117000,0.212577927,-0.260071795,1.695873618,-0.057150935,0.362052876,0.165270579
3.118000,0.285371422,-0.281115201,1.651068149,-0.056558606,0.356789328,0.166796578
3.119000,0.283654291,-0.270295978,1.600737337,-0.056214451,0.347424182,0.167457284
3.120000,0.252832883,-0.243107497,1.549678342,-0.056173795,0.336546615,0.168051823
3.121000,0.222011476,-0.215919017,1.498619347,-0.056133139,0.325669047,0.168646362
3.122000,0.191190068,-0.188730537,1.447560352,-0.056092483,0.314791480,0.169240901
3.123000,0.163171271,-0.165501376,1.399080844,-0.056059315,0.304032921,0.169755759
3.124000,0.128693730,-0.163363881,1.347918629,-0.057056396,0.292534906,0.169675360
3.125000,0.090802153,-0.165720391,1.290059065,-0.058385478,0.280897962,0.169644493
3.126000,0.052910577,-0.168076901,1.232199501,-0.059714561,0.269261018,0.169613626
3.127000,0.015019000,-0.170433412,1.174339936,-0.061043644,0.257624074,0.169582758
3.128000,-0.022408167,-0.172496493,1.116696746,-0.062308504,0.246032968,0.169578912
3.129000,-0.035903450,-0.165188833,1.071848028,-0.061810612,0.235692414,0.169952814
3.130000,-0.034922294,-0.149597627,1.033178646,-0.060715050,0.225948817,0.170307492
3.131000,-0.033941138,-0.134006420,0.994509264,-0.059619489,0.216205220,0.170662169
3.132000,-0.032959981,-0.118415213,0.955839882,-0.058523927,0.206461623,0.171016846
3.133000,-0.029933609,-0.103271820,0.917195356,-0.057496480,0.196884994,0.171101407
3.134000,0.000172532,-0.090722593,0.896892387,-0.057556518,0.189913587,0.167819909
3.135000,0.040082252,-0.085049505,0.886239780,-0.058008381,0.183953929,0.162862018
3.136000,0.079991973,-0.079376417,0.875587173,-0.058460243,0.177994272,0.157904126
3.137000,0.119901693,-0.073703329,0.864934565,-0.058912105,0.172034614,0.152946234
3.138000,0.154898290,-0.070374087,0.853383367,-0.059334066,0.165766226,0.147578606
3.139000,0.133421507,-0.074394038,0.818928902,-0.060389292,0.156406538,0.137354146
3.140000,0.085709896,-0.079209782,0.780682340,-0.061613810,0.145808330,0.125504404
3.141000,0.037998285,-0.084025527,0.742435778,-0.062838328,0.135210122,0.113654662
3.142000,-0.009160382,-0.088958905,0.705480675,-0.064067329,0.124762322,0.101822949
3.143000,-0.056329326,-0.089437389,0.675059224,-0.065436476,0.114840046,0.090051479
3.144000,-0.085351241,-0.064441010,0.646183094,-0.067550230,0.106421120,0.077964046
3.145000,-0.068909777,-0.031651488,0.612368231,-0.070444181,0.101027152,0.065456700
3.146000,-0.032524035,0.009364385,0.569846135,-0.074105107,0.096561472,0.052417750
3.147000,0.003861707,0.050380258,0.527324039,-0.077766033,0.092095792,0.039378799
3.148000,0.037703543,0.085684118,0.484793103,-0.081169576,0.087579027,0.026205851
3.149000,0.040248914,0.073553620,0.453582122,-0.083040626,0.082161320,0.011412669
3.150000,0.039085164,0.055363654,0.423898134,-0.084640635,0.076075590,-0.003711837
3.151000,0.037921413,0.037173687,0.394214145,-0.086240644,0.069989861,-0.018836343
3.152000,0.036757662,0.018983721,0.364530157,-0.087840654,0.063904132,-0.033960849
3.153000,0.033190850,0.003428728,0.335711250,-0.089495358,0.057821685,-0.049114909
3.154000,0.013166952,0.019714680,0.309157686,-0.091754816,0.050503820,-0.063938356
3.155000,-0.010579406,0.044175875,0.283480013,-0.094139527,0.042869171,-0.078254141
3.156000,-0.034325763,0.068637071,0.257802339,-0.096524237,0.035234521,-0.092569926
3.157000,-0.058072120,0.093098267,0.232124665,-0.098908947,0.027599872,-0.106885712
3.158000,-0.077824837,0.118372424,0.204720217,-0.101504273,0.020076256,-0.121028025
3.159000,-0.048375000,0.157987073,0.167054539,-0.106478539,0.014889113,-0.132277459
3.160000,-0.001075434,0.197232907,0.121680552,-0.111750854,0.010526775,-0.142889276
3.161000,0.046224132,0.236478740,0.076306566,-0.117023168,0.006164437,-0.153501092
3.162000,0.093523698,0.275724574,0.030932579,-0.122295483,0.001802100,-0.164112909
3.163000,0.137352475,0.312738930,-0.015861582,-0.127103650,-0.002556460,-0.174644719
3.164000,0.138213193,0.316836488,-0.078644918,-0.125588012,-0.007154398,-0.184090162
3.165000,0.113386425,0.315516900,-0.145432236,-0.122045121,-0.012087521,-0.193482115
3.166000,0.088559657,0.314197311,-0.212219554,-0.118502230,-0.017020644,-0.202874068
3.167000,0.063732890,0.312877723,-0.279006872,-0.114959338,-0.021953766,-0.212266020
3.168000,0.039068756,0.308280813,-0.339503740,-0.111692931,-0.026966466,-0.221065113
3.169000,0.018107822,0.290630287,-0.352758115,-0.111501085,-0.032760424,-0.225350905
3.170000,0.000650876,0.260820280,-0.348900804,-0.111778551,-0.038769967,-0.228160521
3.171000,-0.016806070,0.231010273,-0.345043492,-0.112056017,-0.044779511,-0.230970138
3.172000,-0.034263015,0.201200267,-0.341186180,-0.112333483,-0.050789054,-0.233779754
3.173000,-0.046196480,0.176091460,-0.340599997,-0.112910259,-0.056562443,-0.236196742
3.174000,-0.014410686,0.234039631,-0.368114566,-0.118095422,-0.059964077,-0.233458691
3.175000,0.027487794,0.315258091,-0.408049734,-0.124201617,-0.062747874,-0.229434995
3.176000,0.069386274,0.396476552,-0.447984901,-0.130307811,-0.065531671,-0.225411298
3.177000,0.111284753,0.477695013,-0.487920068,-0.136414005,-0.068315468,-0.221387601
3.178000,0.150735070,0.553979476,-0.530525450,-0.142065974,-0.071082880,-0.217342263
3.179000,0.154888931,0.548475404,-0.585724799,-0.139959545,-0.073389690,-0.212845393
3.180000,0.142068841,0.496094301,-0.639790117,-0.133695915,-0.075430101,-0.207707158
3.181000,0.129248750,0.443713199,-0.693855435,-0.127432285,-0.077470512,-0.202568922
3.182000,0.116428660,0.391332096,-0.747920754,-0.121168656,-0.079510923,-0.197430687
3.183000,0.102923060,0.339165299,-0.795427012,-0.114982857,-0.081685288,-0.192289305
3.184000,0.083487820,0.297042849,-0.795009395,-0.110332432,-0.084648779,-0.185460750
3.185000,0.059977777,0.255661306,-0.784658050,-0.106372149,-0.088169005,-0.178231033
3.186000,0.036467735,0.214279764,-0.774306705,-0.102411866,-0.091689232,-0.171001315
3.187000,0.012957693,0.172898221,-0.763955360,-0.098451583,-0.095209458,-0.163771598
3.188000,-0.007324416,0.135025650,-0.753643131,-0.094925352,-0.098524978,-0.156429182
3.189000,0.020772594,0.173082781,-0.753317335,-0.099332279,-0.099173473,-0.147986906
3.190000,0.071834524,0.226727301,-0.761036838,-0.105617840,-0.098671967,-0.139541735
3.191000,0.122896454,0.280371821,-0.768756341,-0.111903400,-0.098170460,-0.131096564
3.192000,0.173958384,0.334016341,-0.776475844,-0.118188961,-0.097668954,-0.122651393
3.193000,0.219153000,0.382217729,-0.788366792,-0.123999412,-0.097278774,-0.114389242
3.194000,0.211843362,0.365231300,-0.819662862,-0.125254711,-0.098119151,-0.108075545
3.195000,0.179172387,0.330341542,-0.853453557,-0.125008590,-0.099655320,-0.102112891
3.196000,0.146501411,0.295451784,-0.887244251,-0.124762470,-0.101191489,-0.096150238
3.197000,0.113830435,0.260562027,-0.921034946,-0.124516349,-0.102727658,-0.090187585
3.198000,0.082231473,0.224117682,-0.953234747,-0.124020123,-0.104264640,-0.084095871
3.199000,0.051960113,0.187791207,-0.981965256,-0.121045261,-0.106150691,-0.076831878
3.200000,0.024837505,0.154349765,-1.006106479,-0.116935107,-0.108431035,-0.068908635
3.201000,-0.002285102,0.120908322,-1.030247702,-0.112824952,-0.110711379,-0.060985392
3.202000,-0.029407710,0.087466880,-1.054388926,-0.108714797,-0.112991722,-0.053062149
3.203000,-0.051752094,0.054136226,-1.077509926,-0.104910963,-0.115074798,-0.045076399
3.204000,-0.027221434,0.046690152,-1.094192921,-0.105874635,-0.115445392,-0.036120656
3.205000,0.016437138,0.053711093,-1.111129887,-0.108811417,-0.115204177,-0.026699888
3.206000,0.060095711,0.060732034,-1.128066852,-0.111748200,-0.114962962,-0.017279120
3.207000,0.103754283,0.067752974,-1.145003818,-0.114684982,-0.114721747,-0.007858352
3.208000,0.142901490,0.075463606,-1.162296459,-0.117367869,-0.114626244,0.001466258
3.209000,0.128548034,0.074310773,-1.184133588,-0.116584748,-0.116030303,0.009421712
3.210000,0.090152217,0.065612946,-1.217562623,-0.114269530,-0.117828187,0.016708640
3.211000,0.051756399,0.056915118,-1.250991657,-0.111954311,-0.119626071,0.023995568
3.212000,0.013360581,0.048217291,-1.284420692,-0.109639092,-0.121423955,0.031282496
3.213000,-0.024015629,0.035209051,-1.318803872,-0.106810332,-0.123087114,0.038384071
3.214000,-0.034485698,-0.005889673,-1.353259078,-0.099506637,-0.122928387,0.043152825
3.215000,-0.035651297,-0.044136987,-1.386539247,-0.091684079,-0.122404929,0.047148928
3.216000,-0.036816896,-0.082384301,-1.419819415,-0.083861520,-0.121881470,0.051145031
3.217000,-0.037982495,-0.120631615,-1.453099584,-0.076038961,-0.121358012,0.055141133
3.218000,-0.039030343,-0.156837524,-1.485137195,-0.068488195,-0.120779721,0.059079786
3.219000,-0.024354930,-0.160477338,-1.479980056,-0.065405912,-0.119149983,0.062139996
3.220000,-0.004238333,-0.157608322,-1.463370705,-0.063407684,-0.117057599,0.064775064
3.221000,0.015878265,-0.154739306,-1.446761354,-0.061409455,-0.114965215,0.067410133
3.222000,0.035994863,-0.151870289,-1.430152003,-0.059411227,-0.112872831,0.070045201
3.223000,0.056781876,-0.149723055,-1.412786930,-0.057361572,-0.110716397,0.072657980
3.224000,0.050819256,-0.156222477,-1.409055352,-0.055005142,-0.109027115,0.074116091
3.225000,0.026507477,-0.153031179,-1.409456336,-0.053608756,-0.107656129,0.075347883
3.226000,0.002195698,-0.149839882,-1.409857319,-0.052212370,-0.106285143,0.076579675
3.227000,-0.022116080,-0.146648584,-1.410258303,-0.050815984,-0.104914157,0.077811467
3.228000,-0.046114780,-0.145172062,-1.411518168,-0.049285053,-0.103549075,0.078988020
3.229000,-0.049685484,-0.168914680,-1.424525134,-0.044511565,-0.101550123,0.079257520
3.230000,-0.036296783,-0.195971043,-1.440641476,-0.038789479,-0.098651421,0.078457448
3.231000,-0.022908083,-0.223027407,-1.456757818,-0.033067393,-0.095752720,0.077657377
3.232000,-0.009519383,-0.250083771,-1.472874160,-0.027345307,-0.092854018,0.076857305
3.233000,0.003298059,-0.275883900,-1.488551272,-0.021799738,-0.089985940,0.076181761
3.234000,0.006128702,-0.274463435,-1.487623797,-0.019782045,-0.088179097,0.078399149
3.235000,0.000884468,-0.262490757,-1.477232377,-0.018845574,-0.086650404,0.081129133
3.236000,-0.004359766,-0.250518078,-1.466840957,-0.017909103,-0.085121711,0.083859117
3.237000,-0.009604000,-0.238545400,-1.456449537,-0.016972632,-0.083593019,0.086589100
3.238000,-0.014223085,-0.228048513,-1.444562328,-0.016160039,-0.082092789,0.089165565
3.239000,-0.021996918,-0.229179554,-1.442283709,-0.016738525,-0.081034247,0.090976493
3.240000,-0.027933248,-0.234955425,-1.447327132,-0.017896250,-0.080281584,0.092988065
3.241000,-0.033869578,-0.240731296,-1.452370555,-0.019053975,-0.079528920,0.094999636
3.242000,-0.039805908,-0.246507167,-1.457413978,-0.020211700,-0.078776257,0.097011208
3.243000,-0.046404154,-0.251999980,-1.462779731,-0.021407803,-0.078052383,0.098965733
3.244000,-0.035678328,-0.241237375,-1.462121116,-0.024440363,-0.077231034,0.101629198
3.245000,-0.006754215,-0.224046439,-1.456956631,-0.028087298,-0.075897502,0.104281836
3.246000,0.022169897,-0.206855504,-1.451792147,-0.031734233,-0.074563970,0.106934475
3.247000,0.051094010,-0.189664568,-1.446627662,-0.035381168,-0.073230438,0.109587114
3.248000,0.079805943,-0.168908722,-1.438915258,-0.039319968,-0.071928099,0.112363395
3.249000,0.100670477,-0.152604279,-1.431694037,-0.044299783,-0.070256555,0.114512306
3.250000,0.108896847,-0.140659211,-1.429339665,-0.049581306,-0.068916521,0.116394547
3.251000,0.117123217,-0.128714143,-1.426985294,-0.054862829,-0.067576488,0.118276788
3.252000,0.125349586,-0.116769075,-1.424630923,-0.060144352,-0.066236454,0.120159029
3.253000,0.132437493,-0.106075034,-1.424819241,-0.065304031,-0.064919780,0.121901991
3.254000,0.108122467,-0.124637920,-1.436749064,-0.067504755,-0.065414209,0.121496358
3.255000,0.078799207,-0.153872642,-1.446622274,-0.068326288,-0.066316028,0.120400289
3.256000,0.049475946,-0.183107365,-1.456495484,-0.069147822,-0.067217846,0.119304219
3.257000,0.020152686,-0.212342087,-1.466368694,-0.069969356,-0.068119665,0.118208149
3.258000,-0.006664731,-0.237729094,-1.475923475,-0.070962917,-0.069008335,0.117122251
3.259000,-0.013501878,-0.224700809,-1.468723030,-0.073410634,-0.069836540,0.115080070
3.260000,-0.019016319,-0.201169756,-1.460369216,-0.076341346,-0.070777179,0.112668229
3.261000,-0.024530761,-0.177638703,-1.452015402,-0.079272057,-0.071717817,0.110256389
3.262000,-0.030045203,-0.154107650,-1.443661588,-0.082202769,-0.072658456,0.107844548
3.263000,-0.034018183,-0.129690394,-1.435016145,-0.085160054,-0.073557034,0.105396985
3.264000,-0.020858637,-0.111192206,-1.436668158,-0.087610798,-0.073498229,0.102014103
3.265000,-0.000472153,-0.096749211,-1.444799237,-0.089896029,-0.072990091,0.098242198
3.266000,0.019914331,-0.082306216,-1.452930317,-0.092181260,-0.072481953,0.094470292
3.267000,0.040300815,-0.067863220,-1.461061397,-0.094466491,-0.071973816,0.090698387
3.268000,0.059172473,-0.055118311,-1.470012502,-0.096591793,-0.071552898,0.086885522
3.269000,0.053625044,-0.060979724,-1.485368807,-0.096487076,-0.072709076,0.081145948
3.270000,0.021732320,-0.076997335,-1.499964586,-0.095222776,-0.075332755,0.074216779
3.271000,-0.010160403,-0.093014947,-1.514560366,-0.093958475,-0.077956434,0.067287609
3.272000,-0.042053127,-0.109032558,-1.529156146,-0.092694175,-0.080580112,0.060358440
3.273000,-0.072322346,-0.124630160,-1.544183328,-0.091331529,-0.083149052,0.053410261
3.274000,-0.082621980,-0.121987425,-1.556823460,-0.088964950,-0.085521253,0.046192120
3.275000,-0.082320766,-0.110473866,-1.562726756,-0.086187114,-0.087661504,0.038954464
3.276000,-0.082019551,-0.098960308,-1.568630051,-0.083409277,-0.089801756,0.031716808
3.277000,-0.081718337,-0.087446749,-1.574533347,-0.080631440,-0.091942007,0.024479151
3.278000,-0.081101095,-0.077680727,-1.581323822,-0.077979066,-0.094026994,0.017350944
3.279000,-0.063386134,-0.063355100,-1.584276640,-0.077575059,-0.095704449,0.009916313
3.280000,-0.041771725,-0.050252402,-1.588000385,-0.078053350,-0.097398762,0.002082741
3.281000,-0.020157316,-0.037149703,-1.591724129,-0.078531641,-0.099093075,-0.005750831
3.282000,0.001457094,-0.024047005,-1.595447873,-0.079009932,-0.100787388,-0.013584402
3.283000,0.022296211,-0.012970110,-1.600961870,-0.079326294,-0.102523346,-0.021426753
3.284000,0.021142778,-0.008279466,-1.624914032,-0.078954396,-0.105257348,-0.028601089
3.285000,0.001572075,-0.008875668,-1.653444535,-0.077855096,-0.108723626,-0.035525245
3.286000,-0.017998627,-0.009471870,-1.681975039,-0.076755796,-0.112189905,-0.042449401
3.287000,-0.037569329,-0.010068073,-1.710505543,-0.075656495,-0.115656183,-0.049373557
3.288000,-0.051699574,-0.006648825,-1.737586979,-0.074804375,-0.118889591,-0.056128810
3.289000,-0.034638283,0.003496601,-1.750511429,-0.074009527,-0.121109269,-0.061693446
3.290000,-0.008067800,0.007165429,-1.763494961,-0.072251672,-0.123051891,-0.066756562
3.291000,0.018502683,0.010834256,-1.776478493,-0.070493817,-0.124994512,-0.071819677
3.292000,0.045373126,0.014385731,-1.789513187,-0.068728881,-0.126924925,-0.076868133
3.293000,0.070032306,0.015394249,-1.804826546,-0.066931657,-0.128896879,-0.081604581
3.294000,0.071123088,0.016982357,-1.826243593,-0.065727987,-0.131674284,-0.084883971
3.295000,0.064713712,0.017359131,-1.851342224,-0.064568316,-0.134528947,-0.087673297
3.296000,0.058241576,0.017676874,-1.876488284,-0.063406168,-0.137383889,-0.090461216
3.297000,0.051769439,0.017994618,-1.901634344,-0.062244019,-0.140238831,-0.093249135
3.298000,0.044915881,0.017271189,-1.926815219,-0.060949826,-0.143108414,-0.095886151
3.299000,0.040377089,0.018352244,-1.952523922,-0.060566142,-0.145608666,-0.096573408
3.300000,0.037149862,0.018269630,-1.980031044,-0.060426852,-0.147827662,-0.096808813
3.301000,0.033922636,0.018187016,-2.007538167,-0.060287562,-0.150046659,-0.097044218
3.302000,0.030695409,0.018104402,-2.035045289,-0.060148272,-0.152265655,-0.097279623
3.303000,0.029194119,0.019129299,-2.061948486,-0.060125262,-0.154384935,-0.097440626
3.304000,0.039511165,0.028284312,-2.072576532,-0.061251678,-0.155576905,-0.095856737
3.305000,0.049303409,0.038089179,-2.080279391,-0.062449061,-0.156579870,-0.093716926
3.306000,0.059095653,0.047894047,-2.087982251,-0.063646443,-0.157582834,-0.091577115
3.307000,0.068887897,0.057698915,-2.095685110,-0.064843826,-0.158585799,-0.089437304
3.308000,0.076614849,0.063577290,-2.103151538,-0.065984222,-0.159615900,-0.087220771
3.309000,0.075660269,0.056037776,-2.115934489,-0.067275496,-0.160378343,-0.084210561
3.310000,0.078908212,0.056760491,-2.128489077,-0.069505801,-0.160748127,-0.080572571
3.311000,0.082156156,0.057483206,-2.141043665,-0.071736107,-0.161117911,-0.076934581
3.312000,0.085404099,0.058205921,-2.153598253,-0.073966412,-0.161487695,-0.073296591
3.313000,0.089921820,0.058514962,-2.166841346,-0.076115435,-0.161788975,-0.069641562
3.314000,0.089454889,0.048913344,-2.193193323,-0.077173231,-0.161875542,-0.065748933
3.315000,0.086202695,0.033978069,-2.223826855,-0.077744183,-0.161810173,-0.061758664
3.316000,0.082950500,0.019042794,-2.254460387,-0.078315135,-0.161744804,-0.057768396
3.317000,0.079698305,0.004107519,-2.285093919,-0.078886087,-0.161679435,-0.053778127
3.318000,0.079460700,-0.008378614,-2.314240454,-0.079541098,-0.161445657,-0.049736788
3.319000,0.092540167,-0.005873941,-2.333512198,-0.080382015,-0.160740205,-0.045520854
3.320000,0.115288075,0.003580108,-2.349570659,-0.081273427,-0.159530823,-0.041357034
3.321000,0.138035982,0.013034158,-2.365629120,-0.082164839,-0.158321440,-0.037193214
3.322000,0.160783890,0.022488207,-2.381687581,-0.083056251,-0.157112058,-0.033029394
3.323000,0.175805090,0.026189485,-2.395089163,-0.083652134,-0.156268216,-0.028953350
3.324000,0.167219511,0.005292058,-2.394850939,-0.083286488,-0.156776194,-0.025320482
3.325000,0.156128210,-0.023323175,-2.390112667,-0.082812094,-0.157562675,-0.021802688
3.326000,0.145036910,-0.051938408,-2.385374396,-0.082337700,-0.158349156,-0.018284893
3.327000,0.133945609,-0.080553640,-2.380636124,-0.081863306,-0.159135637,-0.014767099
3.328000,0.123674655,-0.107182215,-2.376267742,-0.081603840,-0.159867949,-0.011288847
3.329000,0.121228084,-0.095819741,-2.390290436,-0.085467270,-0.159892495,-0.008491428
3.330000,0.123674626,-0.069299882,-2.413128491,-0.090600804,-0.159397732,-0.005972939
3.331000,0.126121169,-0.042780023,-2.435966547,-0.095734337,-0.158902969,-0.003454450
3.332000,0.128567712,-0.016260164,-2.458804603,-0.100867871,-0.158408206,-0.000935961
3.333000,0.129444494,0.007245077,-2.480259904,-0.105720997,-0.158047633,0.001564856
3.334000,0.137402534,-0.004119441,-2.498617627,-0.107405161,-0.157901345,0.003005753
3.335000,0.149073568,-0.023639199,-2.519514523,-0.108327564,-0.157815959,0.004179752
3.336000,0.160744603,-0.043158956,-2.540411419,-0.109249967,-0.157730573,0.005353752
3.337000,0.172415637,-0.062678713,-2.561308315,-0.110172371,-0.157645186,0.006527751
3.338000,0.182854769,-0.083081670,-2.581157558,-0.110871864,-0.157707625,0.007675471
3.339000,0.178756463,-0.088468020,-2.590457534,-0.110931576,-0.159381223,0.008266609
3.340000,0.173605926,-0.086530055,-2.589242855,-0.110580152,-0.161624330,0.008634139
3.341000,0.168380685,-0.084566787,-2.587960349,-0.110213561,-0.163877801,0.008994940
3.342000,0.163155444,-0.082603519,-2.586677843,-0.109846970,-0.166131272,0.009355740
3.343000,0.156294580,-0.081916030,-2.584633358,-0.109463039,-0.168478823,0.009617436
3.344000,0.146088489,-0.097142657,-2.583872617,-0.108774626,-0.171427486,0.009341767
3.345000,0.136928755,-0.120016736,-2.586886293,-0.108231488,-0.174812237,0.008605276
3.346000,0.132996057,-0.140664854,-2.589147703,-0.108481020,-0.178288651,0.007705677
3.347000,0.129356537,-0.161142309,-2.591297436,-0.108777663,-0.181762151,0.006806752
3.348000,0.125496339,-0.179675992,-2.594175663,-0.109287346,-0.185197002,0.006043253
3.349000,0.138446679,-0.172248637,-2.601898466,-0.111567303,-0.188094618,0.005407684
3.350000,0.165963844,-0.152217721,-2.612177439,-0.114698983,-0.190381477,0.004753767
3.351000,0.194369673,-0.130968355,-2.622870374,-0.117950687,-0.192609728,0.004087304
3.352000,0.222775503,-0.109718989,-2.633563309,-0.121202391,-0.194837979,0.003420840
3.353000,0.248273801,-0.090880676,-2.644355906,-0.124141125,-0.197249151,0.002609081
3.354000,0.244036802,-0.097174642,-2.663634286,-0.124399236,-0.201423433,0.001336710
3.355000,0.225637813,-0.112050941,-2.688266500,-0.123799848,-0.206401904,-0.000142442
3.356000,0.207238824,-0.126927239,-2.712898714,-0.123200459,-0.211380375,-0.001621594
3.357000,0.188839835,-0.141803538,-2.737530927,-0.122601071,-0.216358845,-0.003100746
3.358000,0.177520984,-0.154434961,-2.760693547,-0.121477089,-0.221058849,-0.004475956
3.359000,0.192697099,-0.163948383,-2.772780799,-0.117031716,-0.224742341,-0.005599738
3.360000,0.213333412,-0.173420422,-2.779290706,-0.112070005,-0.228202223,-0.006648399
3.361000,0.233975259,-0.182905508,-2.785774675,-0.107107278,-0.231662470,-0.007696874
3.362000,0.254617105,-0.192390595,-2.792258644,-0.102144550,-0.235122716,-0.008745350
3.363000,0.273457153,-0.201672434,-2.797627836,-0.097587671,-0.238707597,-0.009743049
3.364000,0.276680946,-0.196965055,-2.798085491,-0.098480360,-0.243104674,-0.010167149
3.365000,0.267707252,-0.184674096,-2.795140749,-0.101470074,-0.248375608,-0.010166069
3.366000,0.258733558,-0.172383137,-2.792196007,-0.104459788,-0.253646542,-0.010164988
3.367000,0.249759864,-0.160092178,-2.789251265,-0.107449501,-0.258917476,-0.010163907
3.368000,0.242099066,-0.147119774,-2.788682439,-0.110401724,-0.264008978,-0.010177458
3.369000,0.245533827,-0.140749886,-2.800630381,-0.112081123,-0.267693184,-0.010538977
3.370000,0.251960416,-0.138847192,-2.812384341,-0.113217393,-0.270777803,-0.011034677
3.371000,0.258387005,-0.136944499,-2.824138302,-0.114353663,-0.273862423,-0.011530378
3.372000,0.264813593,-0.135041805,-2.835892262,-0.115489933,-0.276947042,-0.012026079
3.373000,0.270860960,-0.133824668,-2.848663375,-0.116403787,-0.279993539,-0.012546518
3.374000,0.268111072,-0.141185295,-2.870078474,-0.115419775,-0.283308263,-0.012808399
3.375000,0.262669549,-0.163340397,-2.897523148,-0.112832323,-0.286843854,-0.013136562
3.376000,0.257228026,-0.185495500,-2.924967823,-0.110244871,-0.290379446,-0.013464725
3.377000,0.251786503,-0.207650602,-2.952412498,-0.107657419,-0.293915037,-0.013792887
3.378000,0.248619216,-0.227172598,-2.978136641,-0.105492150,-0.297403716,-0.014120152
3.379000,0.261970718,-0.210945917,-2.991522863,-0.108164876,-0.300758976,-0.013911803
3.380000,0.278271107,-0.167492513,-3.000691987,-0.113294294,-0.304028163,-0.013586517
3.381000,0.294571495,-0.124039108,-3.009861111,-0.118423712,-0.307297350,-0.013261231
3.382000,0.310871884,-0.080585703,-3.019030236,-0.123553131,-0.310566537,-0.012935945
3.383000,0.327902640,-0.040360710,-3.028548087,-0.128570376,-0.313851275,-0.012746292
3.384000,0.341623893,-0.035348854,-3.025953627,-0.132406792,-0.317397350,-0.014161151
3.385000,0.351570717,-0.044270759,-3.022415907,-0.135734714,-0.321003590,-0.016155962
3.386000,0.361517541,-0.053192664,-3.018878187,-0.139062635,-0.324609831,-0.018150773
3.387000,0.371464365,-0.062114569,-3.015340467,-0.142390557,-0.328216071,-0.020145584
3.388000,0.378380394,-0.072812205,-3.013954864,-0.145437699,-0.331933506,-0.022205426
3.389000,0.362121813,-0.080804737,-3.050597476,-0.146170417,-0.336270057,-0.024180783
3.390000,0.339986846,-0.091552504,-3.096406849,-0.145895705,-0.340773383,-0.026209427
3.391000,0.317851880,-0.102300270,-3.142216222,-0.145620994,-0.345276708,-0.028238070
3.392000,0.295716913,-0.113048037,-3.188025595,-0.145346283,-0.349780034,-0.030266714
3.393000,0.276032271,-0.121104991,-3.230573344,-0.145403254,-0.354299627,-0.032069463
3.394000,0.275094541,-0.133846878,-3.245930112,-0.146492354,-0.359350119,-0.032999005
3.395000,0.282073840,-0.154161963,-3.246425558,-0.147762764,-0.364549274,-0.033404562
3.396000,0.289068556,-0.174483589,-3.246906330,-0.149033386,-0.369747986,-0.033810079
3.397000,0.296063272,-0.194805214,-3.247387103,-0.150304008,-0.374946697,-0.034215595
3.398000,0.306083836,-0.210490130,-3.248306728,-0.152010059,-0.380004273,-0.034623828
3.399000,0.330794093,-0.171657387,-3.259812639,-0.158514167,-0.383993283,-0.034884982
3.400000,0.352484830,-0.113426117,-3.280529112,-0.166631571,-0.387670993,-0.035211697
3.401000,0.374175568,-0.055194847,-3.301245585,-0.174748975,-0.391348704,-0.035538412
3.402000,0.395866305,0.003036423,-3.321962058,-0.182866379,-0.395026415,-0.035865126
3.403000,0.413503733,0.058045861,-3.345020792,-0.190656776,-0.398788987,-0.036328888
3.404000,0.393585899,0.058532188,-3.390694335,-0.193132565,-0.403157246,-0.038481536
3.405000,0.366257517,0.039733371,-3.440690261,-0.193499593,-0.407825082,-0.041176991
3.406000,0.338894966,0.020836472,-3.490714557,-0.193852023,-0.412496418,-0.043875125
3.407000,0.311532415,0.001939574,-3.540738853,-0.194204453,-0.417167754,-0.046573259
3.408000,0.285288304,-0.016694322,-3.589744327,-0.194512748,-0.421847327,-0.049276319
3.409000,0.295295655,-0.029759348,-3.604609733,-0.194329469,-0.426719611,-0.052170896
3.410000,0.322468612,-0.045103983,-3.600912595,-0.194113189,-0.431545125,-0.054912518
3.411000,0.349685470,-0.060475382,-3.597144322,-0.193898238,-0.436369576,-0.057654196
3.412000,0.376902329,-0.075846781,-3.593376048,-0.193683287,-0.441194027,-0.060395874
3.413000,0.402770406,-0.091124254,-3.589453866,-0.193649201,-0.446030658,-0.063161132
3.414000,0.393556964,-0.085841891,-3.595608746,-0.198452577,-0.451431761,-0.065848990
3.415000,0.373423595,-0.068620980,-3.607215280,-0.205038284,-0.456914200,-0.068559418
3.416000,0.353290226,-0.051400070,-3.618821814,-0.211623992,-0.462396640,-0.071269846
3.417000,0.333156856,-0.034179159,-3.630428348,-0.218209699,-0.467879080,-0.073980274
3.418000,0.314460627,-0.019293145,-3.643977514,-0.224314482,-0.473280514,-0.076674310
3.419000,0.330777602,-0.026620639,-3.670942102,-0.225591601,-0.476642524,-0.079002105
3.420000,0.362148811,-0.047371112,-3.701681972,-0.225010359,-0.479114776,-0.081283216
3.421000,0.393520020,-0.068121586,-3.732421842,-0.224429117,-0.481587028,-0.083564326
3.422000,0.424891228,-0.088872059,-3.763161711,-0.223847874,-0.484059281,-0.085845437
3.423000,0.453037819,-0.108445889,-3.790367037,-0.223153953,-0.486624267,-0.088189955
3.424000,0.440519010,-0.129962987,-3.786811802,-0.221740827,-0.490821001,-0.091235750
3.425000,0.416211899,-0.152959796,-3.773847134,-0.219998796,-0.495635584,-0.094562385
3.426000,0.391904789,-0.175956605,-3.760882466,-0.218256765,-0.500450167,-0.097889021
3.427000,0.367597679,-0.198953414,-3.747917798,-0.216514735,-0.505264749,-0.101215656
3.428000,0.345470255,-0.218844920,-3.735692567,-0.215030985,-0.509910563,-0.104496530
3.429000,0.350503647,-0.186828425,-3.739158841,-0.218025483,-0.512403336,-0.107362212
3.430000,0.362168209,-0.126954976,-3.758453487,-0.223957054,-0.514118538,-0.110059514
3.431000,0.373832771,-0.067081527,-3.777748132,-0.229888625,-0.515833740,-0.112756815
3.432000,0.385497333,-0.007208078,-3.797042778,-0.235820197,-0.517548942,-0.115454117
3.433000,0.397434545,0.044109240,-3.812946694,-0.240814085,-0.519293129,-0.118136919
3.434000,0.409860627,0.024194730,-3.818608088,-0.238230069,-0.521378929,-0.120319271
3.435000,0.422694781,-0.017515440,-3.825346170,-0.233062595,-0.523508178,-0.121904967
3.436000,0.435707447,-0.059830373,-3.832081815,-0.227836054,-0.525632999,-0.123468662
3.437000,0.448720113,-0.102145307,-3.838817460,-0.222609513,-0.527757820,-0.125032357
3.438000,0.461598721,-0.142072283,-3.845418231,-0.217554454,-0.529862148,-0.126549582
3.439000,0.457921907,-0.126840479,-3.857204418,-0.216407494,-0.532079828,-0.126778843
3.440000,0.440993838,-0.079186640,-3.871070450,-0.217711520,-0.534303187,-0.126263328
3.441000,0.424045571,-0.031355129,-3.884886109,-0.219027371,-0.536523569,-0.125747666
3.442000,0.407097304,0.016476382,-3.898701768,-0.220343222,-0.538743951,-0.125232004
3.443000,0.391729218,0.061526684,-3.912832317,-0.221495995,-0.540841704,-0.124710115
3.444000,0.404727541,0.071329609,-3.928507909,-0.220991330,-0.541182130,-0.123822209
3.445000,0.437800927,0.064791601,-3.947903016,-0.219838246,-0.540493959,-0.123017841
3.446000,0.470885082,0.058217728,-3.967313717,-0.218684221,-0.539805138,-0.122214207
3.447000,0.503969237,0.051643856,-3.986724419,-0.217530197,-0.539116317,-0.121410573
3.448000,0.534928462,0.043349594,-4.006004809,-0.216210011,-0.538548369,-0.120627693
3.449000,0.546973055,0.041359389,-3.991257463,-0.214577774,-0.539320219,-0.119208199
3.450000,0.552267679,0.049714635,-3.942676014,-0.213026886,-0.541002713,-0.116823508
3.451000,0.557562228,0.058072865,-3.894080382,-0.211476109,-0.542685512,-0.114438672
3.452000,0.562856777,0.066431095,-3.845484750,-0.209925332,-0.544368311,-0.112053835
3.453000,0.565269569,0.075361429,-3.798326834,-0.208344123,-0.546143559,-0.109575401
3.454000,0.531699101,0.090616133,-3.791378863,-0.206502820,-0.548534961,-0.105743220
3.455000,0.482408996,0.108388754,-3.803954365,-0.204432660,-0.551025429,-0.101244038
3.456000,0.433118891,0.126161374,-3.816529868,-0.202362501,-0.553515897,-0.096744856
3.457000,0.383828785,0.143933995,-3.829105371,-0.200292341,-0.556006366,-0.092245675
3.458000,0.340492186,0.156154561,-3.840771482,-0.197888990,-0.558166433,-0.087763502
3.459000,0.347266728,0.133374237,-3.833909090,-0.192669035,-0.557966503,-0.082654924
3.460000,0.370646193,0.103339086,-3.816143238,-0.186704549,-0.557177483,-0.077294828
3.461000,0.394025658,0.073303935,-3.798377386,-0.180740062,-0.556388463,-0.071934733
3.462000,0.417405122,0.043268784,-3.780611534,-0.174775576,-0.555599442,-0.066574638
3.463000,0.439388780,0.016860856,-3.764244904,-0.169077345,-0.554835003,-0.061212283
3.464000,0.440357311,0.023966827,-3.784202111,-0.174344727,-0.559762712,-0.060498048
3.465000,0.433552983,0.040957264,-3.812186992,-0.172862147,-0.558926458,-0.055591243
3.466000,0.426748654,0.057947700,-3.840171873,-0.171379567,-0.558090203,-0.050684437
3.467000,0.419944326,0.074938137,-3.868156754,-0.169896987,-0.557253949,-0.045777632
3.468000,0.413777467,0.089855327,-3.895089070,-0.168203907,-0.556482103,-0.040871915
3.469000,0.440500985,0.061790829,-3.896556739,-0.163725580,-0.555596692,-0.036341632
3.470000,0.484247118,0.016665001,-3.883627263,-0.158122013,-0.554704599,-0.032020552
3.471000,0.528300005,-0.028671350,-3.870700503,-0.152489353,-0.553810821,-0.027707209
3.472000,0.572352892,-0.074007702,-3.857773742,-0.146856692,-0.552917044,-0.023393867
3.473000,0.611185771,-0.114732517,-3.845134654,-0.141578357,-0.552200541,-0.019042805
3.474000,0.578200179,-0.109091345,-3.837166355,-0.139282860,-0.553970096,-0.014259486
3.475000,0.506547776,-0.084631408,-3.837695218,-0.138019683,-0.557142533,-0.009143364
3.476000,0.434895374,-0.060171471,-3.838224081,-0.136756506,-0.560314969,-0.004027241
3.477000,0.363242972,-0.035711533,-3.838752944,-0.135493329,-0.563487406,0.001088881
3.478000,0.296251380,-0.016776062,-3.839196591,-0.133978418,-0.566416845,0.005972749
3.479000,0.286119499,-0.038237520,-3.836402066,-0.130613282,-0.566583947,0.009134522
3.480000,0.296534598,-0.071334091,-3.830458021,-0.126628699,-0.565732116,0.011721192
3.481000,0.306949698,-0.104430662,-3.824513977,-0.122644116,-0.564880284,0.014307862
3.482000,0.317364798,-0.137527233,-3.818569933,-0.118659534,-0.564028452,0.016894532
3.483000,0.329015541,-0.169301157,-3.812276364,-0.114805659,-0.563056742,0.019401308
3.484000,0.373053606,-0.186646370,-3.810785998,-0.113150216,-0.559868107,0.020004977
3.485000,0.434064440,-0.196907440,-3.816568981,-0.112578121,-0.555367989,0.019624998
3.486000,0.495075274,-0.207168509,-3.822351963,-0.112006025,-0.550867872,0.019245019
3.487000,0.556086108,-0.217429578,-3.828134946,-0.111433929,-0.546367754,0.018865041
3.488000,0.611439052,-0.227925405,-3.832058676,-0.110570859,-0.542317167,0.018860596
3.489000,0.636718075,-0.237930310,-3.817677970,-0.106814433,-0.540302900,0.020942794
3.490000,0.661608427,-0.247885850,-3.798262625,-0.102257307,-0.538514168,0.023701056
3.491000,0.684947228,-0.254899392,-3.776745439,-0.097600537,-0.536872832,0.026712525
3.492000,0.708286029,-0.261912934,-3.755228252,-0.092943767,-0.535231496,0.029723994
3.493000,0.729938984,-0.265976449,-3.735460031,-0.088520232,-0.533609619,0.032938809
3.494000,0.725683672,-0.233202068,-3.732824637,-0.089263888,-0.532485591,0.037367871
3.495000,0.704653560,-0.174161401,-3.729691959,-0.093439023,-0.531707495,0.041910047
3.496000,0.683591755,-0.114855854,-3.726520667,-0.097639544,-0.530927594,0.046460985
3.497000,0.662529950,-0.055550307,-3.723349375,-0.101840066,-0.530147693,0.051011923
3.498000,0.641364079,-0.000443791,-3.717326438,-0.105837984,-0.529464258,0.055408603
3.499000,0.602943836,-0.020307922,-3.673725353,-0.104604897,-0.531138992,0.057646717
3.500000,0.567605765,-0.065614692,-3.620497675,-0.101059894,-0.533119963,0.059393120
3.501000,0.532267693,-0.110921463,-3.567269998,-0.097514891,-0.535100933,0.061139522
3.502000,0.496929622,-0.156228233,-3.514042321,-0.093969888,-0.537081904,0.062885925
3.503000,0.458112121,-0.197152817,-3.463382811,-0.090529550,-0.538945325,0.064578699
3.504000,0.428585846,-0.212956148,-3.444221917,-0.088088940,-0.537754436,0.065137139
3.505000,0.410728356,-0.225260867,-3.432610653,-0.086017929,-0.535281914,0.065018680
3.506000,0.392870867,-0.237565586,-3.420999388,-0.083946917,-0.532809392,0.064900222
3.507000,0.375013377,-0.249870306,-3.409388124,-0.081875905,-0.530336869,0.064781763
3.508000,0.358382953,-0.261057228,-3.397368074,-0.079875320,-0.527786836,0.064675507
3.509000,0.339441456,-0.248684032,-3.389422663,-0.079134200,-0.524740942,0.066150355
3.510000,0.313366532,-0.227036626,-3.388768618,-0.078926118,-0.521562642,0.068459482
3.511000,0.287291608,-0.205389220,-3.388114574,-0.078718036,-0.518384342,0.070768609
3.512000,0.261216684,-0.183741814,-3.387460530,-0.078509955,-0.515206042,0.073077736
3.513000,0.237235580,-0.163678758,-3.385089687,-0.078290337,-0.511988952,0.075336464
3.514000,0.260443589,-0.158552469,-3.367971470,-0.078312368,-0.507005720,0.076813072
3.515000,0.301359371,-0.155683830,-3.344148085,-0.078586001,-0.501421632,0.077932244
3.516000,0.342275154,-0.152815190,-3.320324699,-0.078859634,-0.495837544,0.079051415
3.517000,0.383190936,-0.149946551,-3.296501313,-0.079133267,-0.490253456,0.080170587
3.518000,0.423486278,-0.146250651,-3.272298406,-0.079456783,-0.484689167,0.081232979
3.519000,0.421852200,-0.119636490,-3.251040470,-0.080554663,-0.480000552,0.081333813
3.520000,0.390155284,-0.081590522,-3.239814421,-0.081833716,-0.475788159,0.081168512
3.521000,0.355478216,-0.042570973,-3.230043451,-0.083162318,-0.471610592,0.081001861
3.522000,0.320801148,-0.003551424,-3.220272481,-0.084490921,-0.467433026,0.080835210
3.523000,0.290906639,0.031680344,-3.208512307,-0.085555553,-0.463129904,0.080591034
3.524000,0.301291599,0.009415537,-3.186418909,-0.083254387,-0.456804205,0.079493964
3.525000,0.339483045,-0.056132801,-3.154411211,-0.078604399,-0.448911981,0.077438567
3.526000,0.378474729,-0.123702977,-3.121763529,-0.073837056,-0.441006000,0.075293627
3.527000,0.417466413,-0.191273153,-3.089115846,-0.069069712,-0.433100019,0.073148686
3.528000,0.452895274,-0.255308530,-3.057676255,-0.064539265,-0.425345767,0.070993559
3.529000,0.447426343,-0.250748103,-3.040533581,-0.064437552,-0.419528028,0.068920124
3.530000,0.426931143,-0.220955196,-3.028032113,-0.066157355,-0.414473961,0.066885325
3.531000,0.406435943,-0.191162289,-3.015530645,-0.067877157,-0.409419894,0.064850526
3.532000,0.385940742,-0.161369382,-3.003029176,-0.069596960,-0.404365828,0.062815727
3.533000,0.366754306,-0.132178116,-2.987742024,-0.071279125,-0.399281840,0.060748294
3.534000,0.362653794,-0.119394337,-2.950299788,-0.072390775,-0.393700047,0.058419092
3.535000,0.364103001,-0.117786505,-2.911222352,-0.072975379,-0.388135739,0.056179805
3.536000,0.365552208,-0.116178673,-2.872144916,-0.073559983,-0.382571431,0.053940519
3.537000,0.367166105,-0.113733731,-2.832989069,-0.074156772,-0.376986038,0.051692585
3.538000,0.369157988,-0.104989627,-2.793609730,-0.074818238,-0.371212699,0.049341875
3.539000,0.367454146,-0.093224435,-2.769768039,-0.073924795,-0.364783631,0.046887009
3.540000,0.362336278,-0.087147298,-2.754766490,-0.072000338,-0.358026522,0.044334214
3.541000,0.357218410,-0.081070162,-2.739764941,-0.070075880,-0.351269412,0.041781419
3.542000,0.352100542,-0.074993026,-2.724763392,-0.068151422,-0.344512302,0.039228624
3.543000,0.347531478,-0.068887845,-2.708728561,-0.066265391,-0.337734337,0.036661776
3.544000,0.336043182,-0.072050821,-2.680804360,-0.064740895,-0.331103862,0.034009808
3.545000,0.316580064,-0.082975386,-2.644386680,-0.063112201,-0.324798667,0.031273103
3.546000,0.293235560,-0.097434122,-2.610146342,-0.061702995,-0.318601736,0.028479075
3.547000,0.269891057,-0.111892858,-2.575906004,-0.060293790,-0.312404805,0.025685048
3.548000,0.247153065,-0.124467596,-2.540520802,-0.059045426,-0.306276347,0.022887651
3.549000,0.250141679,-0.113222897,-2.493992312,-0.059476592,-0.300065948,0.019510404
3.550000,0.264077721,-0.090424145,-2.447403484,-0.060806972,-0.293802867,0.015937363
3.551000,0.278013763,-0.067625394,-2.400814657,-0.062137352,-0.287539785,0.012364321
3.552000,0.291949804,-0.044826643,-2.354225829,-0.063467732,-0.281276704,0.008791280
3.553000,0.305536209,-0.022065693,-2.308132252,-0.064778577,-0.275018749,0.005229871
3.554000,0.297247298,-0.019488742,-2.299567709,-0.063530756,-0.269116980,0.001925164
3.555000,0.279124526,-0.031703904,-2.309480068,-0.060795409,-0.263330205,-0.001402492
3.556000,0.261001754,-0.043919067,-2.319392427,-0.058060063,-0.257543429,-0.004730148
3.557000,0.242878982,-0.056134229,-2.329304786,-0.055324716,-0.251756653,-0.008057804
3.558000,0.225814132,-0.068668186,-2.337178297,-0.052613023,-0.245932910,-0.011447360
3.559000,0.235743293,-0.072922150,-2.303932898,-0.052129331,-0.239371395,-0.015668244
3.560000,0.255002880,-0.068292812,-2.259478883,-0.053239282,-0.232560249,-0.020209179
3.561000,0.274262467,-0.063663474,-2.215024869,-0.054349232,-0.225749103,-0.024750113
3.562000,0.293522053,-0.059034136,-2.170570854,-0.055459183,-0.218937956,-0.029291048
3.563000,0.313645106,-0.056959928,-2.125339394,-0.056233639,-0.212187502,-0.033548423
3.564000,0.318747343,-0.063085217,-2.086909649,-0.054767799,-0.205942145,-0.036359589
3.565000,0.313684093,-0.073478416,-2.050514116,-0.052205020,-0.200115246,-0.038749281
3.566000,0.308620843,-0.083871614,-2.014118584,-0.049642241,-0.194288348,-0.041138973
3.567000,0.303557593,-0.094264813,-1.977723051,-0.047079462,-0.188461449,-0.043528665
3.568000,0.299313124,-0.103583653,-1.942096229,-0.044701497,-0.182599551,-0.045900119
3.569000,0.308839094,-0.079583499,-1.923220897,-0.046613463,-0.176633811,-0.047729807
3.570000,0.319224698,-0.041557024,-1.907000544,-0.050321658,-0.170654180,-0.049431865
3.571000,0.329610301,-0.003530549,-1.890780191,-0.054029853,-0.164674549,-0.051133923
3.572000,0.339995904,0.034495926,-1.874559838,-0.057738048,-0.158694918,-0.052835981
3.573000,0.348631631,0.066539580,-1.858415457,-0.060790668,-0.152743707,-0.054552217
3.574000,0.320724717,0.070212960,-1.831122267,-0.058889345,-0.147554570,-0.056218954
3.575000,0.281405353,0.068428470,-1.803767053,-0.055873638,-0.142689402,-0.057979018
3.576000,0.242085989,0.066643979,-1.776411839,-0.052857932,-0.137824234,-0.059739082
3.577000,0.202766625,0.064859489,-1.749056624,-0.049842225,-0.132959066,-0.061499146
3.578000,0.167580960,0.062628093,-1.719788474,-0.046976416,-0.128018942,-0.063207690
3.579000,0.178170361,0.074319083,-1.683715549,-0.047656830,-0.122877280,-0.064279747
3.580000,0.202089447,0.094132286,-1.644006947,-0.049547585,-0.117772652,-0.065054821
3.581000,0.226008532,0.113945488,-1.604298346,-0.051438340,-0.112668024,-0.065829895
3.582000,0.249927618,0.133758691,-1.564589744,-0.053329095,-0.107563396,-0.066604970
3.583000,0.269726268,0.154681708,-1.525531335,-0.055139688,-0.102606232,-0.067378417
3.584000,0.254276053,0.172457965,-1.486166191,-0.055596786,-0.098365457,-0.068156322
3.585000,0.230518959,0.181180422,-1.449482849,-0.055663327,-0.094067236,-0.069080887
3.586000,0.206761865,0.189902878,-1.412799508,-0.055729867,-0.089769016,-0.070005452
3.587000,0.183004771,0.198625335,-1.376116166,-0.055796407,-0.085470795,-0.070930016
3.588000,0.161363635,0.205352837,-1.340277501,-0.055714715,-0.081112712,-0.071755320
3.589000,0.181001781,0.190522461,-1.317932332,-0.054360877,-0.075638972,-0.071218470
3.590000,0.217409275,0.169972851,-1.298109722,-0.052448337,-0.069713807,-0.070094969
3.591000,0.253816769,0.149423241,-1.278287111,-0.050535798,-0.063788642,-0.068971469
3.592000,0.290224263,0.128873631,-1.258464501,-0.048623259,-0.057863478,-0.067847969
3.593000,0.325944700,0.110523917,-1.239145135,-0.046864934,-0.051924288,-0.066802813
3.594000,0.330755170,0.115959688,-1.225153923,-0.047120878,-0.046636411,-0.066646978
3.595000,0.309739308,0.126538216,-1.209838915,-0.048151317,-0.042073763,-0.066823177
3.596000,0.288723445,0.137116744,-1.194523907,-0.049181757,-0.037511115,-0.066999376
3.597000,0.267707582,0.147695272,-1.179208899,-0.050212197,-0.032948466,-0.067175575
3.598000,0.247040750,0.157467583,-1.163345640,-0.051145881,-0.028465429,-0.067250025
3.599000,0.245581898,0.146955121,-1.132898700,-0.050147379,-0.024672547,-0.066067492
3.600000,0.260532631,0.129479115,-1.092989478,-0.048397651,-0.020830190,-0.064495673
3.601000,0.275946249,0.112029492,-1.052935812,-0.046649347,-0.016982345,-0.062916188
3.602000,0.291359867,0.094579870,-1.012882146,-0.044901043,-0.013134500,-0.061336702
3.603000,0.305957311,0.078055897,-0.972991001,-0.043231270,-0.009289504,-0.059845220
3.604000,0.294447197,0.082666302,-0.943297137,-0.043756155,-0.006347609,-0.058660468
3.605000,0.269419493,0.089484203,-0.924192332,-0.045078824,-0.003902582,-0.057426554
3.606000,0.244391790,0.096302104,-0.905087527,-0.046401492,-0.001457555,-0.056192640
3.607000,0.219364087,0.103120005,-0.885982722,-0.047724161,0.000987472,-0.054958726
3.608000,0.195335741,0.110927734,-0.866989387,-0.048966254,0.003411894,-0.053584078
3.609000,0.193850671,0.105442339,-0.842927496,-0.047832480,0.006252401,-0.051266784
3.610000,0.201868289,0.091225210,-0.814289222,-0.045658020,0.009511426,-0.048600179
3.611000,0.209885906,0.077008081,-0.785650948,-0.043483559,0.012770451,-0.045933573
3.612000,0.217903524,0.062790953,-0.757012674,-0.041309098,0.016029475,-0.043266968
3.613000,0.226698366,0.047795901,-0.728349699,-0.039114025,0.019332297,-0.040639026
3.614000,0.228306418,0.029165160,-0.700888204,-0.038114696,0.022473413,-0.038677598
3.615000,0.217741874,-0.000160413,-0.685520794,-0.037426873,0.025422366,-0.037187846
3.616000,0.207177329,-0.029485986,-0.670153383,-0.036739051,0.028371319,-0.035698094
3.617000,0.196612785,-0.058811559,-0.654785972,-0.036051228,0.031320272,-0.034208342
3.618000,0.184917060,-0.083652256,-0.638956966,-0.035493895,0.034122671,-0.032634193
3.619000,0.166709506,-0.050929831,-0.631140625,-0.036128485,0.035138813,-0.030073992
3.620000,0.150730656,-0.007217048,-0.621017508,-0.037010845,0.035870787,-0.027386841
3.621000,0.134751806,0.036495734,-0.610894391,-0.037893206,0.036602761,-0.024699690
3.622000,0.118772955,0.080208516,-0.600771274,-0.038775566,0.037334735,-0.022012539
3.623000,0.104064965,0.121062437,-0.590374830,-0.039548395,0.038099693,-0.019337978
3.624000,0.116495949,0.102023308,-0.561663150,-0.038985506,0.039456607,-0.016807316
3.625000,0.142492699,0.056966791,-0.521407802,-0.037647001,0.041167380,-0.014321550
3.626000,0.168489449,0.011910273,-0.481152453,-0.036308495,0.042878154,-0.011835783
3.627000,0.194486198,-0.033146244,-0.440897105,-0.034969990,0.044588928,-0.009350017
3.628000,0.219519046,-0.076079035,-0.401398799,-0.033807682,0.046274196,-0.006813201
3.629000,0.215393758,-0.069465360,-0.377139932,-0.034874668,0.046853854,-0.003555829
3.630000,0.200890566,-0.040144758,-0.358091887,-0.037167899,0.046899190,-0.000068420
3.631000,0.186387373,-0.010824156,-0.339043842,-0.039461130,0.046944526,0.003418988
3.632000,0.171884181,0.018496446,-0.319995797,-0.041754362,0.046989862,0.006906396
3.633000,0.157844563,0.043548396,-0.300127458,-0.043740009,0.047004842,0.010331612
3.634000,0.160007097,0.023371442,-0.277884926,-0.042260541,0.047446858,0.012671984
3.635000,0.170303720,-0.015644492,-0.253018376,-0.039388636,0.048105724,0.014638456
3.636000,0.180600343,-0.054660426,-0.228151827,-0.036516731,0.048764590,0.016604928
3.637000,0.190896967,-0.093676360,-0.203285277,-0.033644826,0.049423456,0.018571400
3.638000,0.199642810,-0.130052140,-0.179222714,-0.030948778,0.050045325,0.020564062
3.639000,0.183781457,-0.122906084,-0.161884189,-0.030598072,0.049749824,0.023613555
3.640000,0.155810132,-0.099978490,-0.144156607,-0.031361214,0.048767318,0.026938232
3.641000,0.127838807,-0.077050897,-0.126429025,-0.032124356,0.047784811,0.030262909
3.642000,0.099867482,-0.054123303,-0.108701443,-0.032887497,0.046802305,0.033587586
3.643000,0.073830536,-0.033576679,-0.090263574,-0.033476356,0.045865538,0.036867749
3.644000,0.065031837,-0.030271059,-0.071447425,-0.032451605,0.045011772,0.039167704
3.645000,0.059138267,-0.034343885,-0.055932418,-0.030633006,0.044033562,0.041266676
3.646000,0.053244696,-0.038416712,-0.040417410,-0.028814408,0.043055351,0.043365648
3.647000,0.047351125,-0.042489539,-0.024902403,-0.026995809,0.042077141,0.045464620
3.648000,0.042589706,-0.046592227,-0.008829051,-0.025306570,0.041157544,0.047574390
3.649000,0.052800820,-0.051764582,0.018899561,-0.025137735,0.040655807,0.049697009
3.650000,0.074691579,-0.058671462,0.051150084,-0.025806008,0.040377699,0.051959732
3.651000,0.096582338,-0.065578341,0.083400607,-0.026474281,0.040099591,0.054222455
3.652000,0.118473097,-0.072485221,0.115651130,-0.027142554,0.039821483,0.056485178
3.653000,0.137952569,-0.078568893,0.146855311,-0.027789152,0.039501178,0.058745651
3.654000,0.126437666,-0.061068676,0.146867632,-0.029117576,0.038913085,0.060860862
3.655000,0.101670232,-0.036453910,0.129704346,-0.030390579,0.038189797,0.062663347
3.656000,0.076902797,-0.011839144,0.112541061,-0.031663581,0.037466508,0.064465832
3.657000,0.052135363,0.012775621,0.095377776,-0.032936584,0.036743220,0.066268316
3.658000,0.029888178,0.033261796,0.078958117,-0.033931857,0.036059429,0.068004468
3.659000,0.040874114,-0.007444475,0.089379198,-0.030788923,0.035956937,0.068631989
3.660000,0.058448532,-0.067849845,0.108343863,-0.026090013,0.035804621,0.068937678
3.661000,0.076022950,-0.128255214,0.127308528,-0.021391103,0.035652305,0.069243367
3.662000,0.093597369,-0.188660583,0.146273193,-0.016692193,0.035499989,0.069549056
3.663000,0.108680145,-0.241003167,0.168360703,-0.012766031,0.035245644,0.069943874
3.664000,0.096536716,-0.223000701,0.199706432,-0.015227951,0.033477784,0.070709248
3.665000,0.066873889,-0.167827207,0.239756789,-0.021112251,0.031024238,0.071496029
3.666000,0.037211062,-0.112653714,0.279807145,-0.026996551,0.028570691,0.072282809
3.667000,0.007548234,-0.057480220,0.319857502,-0.032880852,0.026117145,0.073069589
3.668000,-0.016627705,-0.008966058,0.354161499,-0.037836880,0.023993158,0.073846906
3.669000,-0.001046531,-0.005487058,0.342245608,-0.036115885,0.024438650,0.074480064
3.670000,0.020874056,-0.010325939,0.320807872,-0.033057815,0.025278751,0.075231341
3.671000,0.042794644,-0.015164820,0.299370137,-0.029999745,0.026118851,0.075982618
3.672000,0.064715232,-0.020003702,0.277932401,-0.026941675,0.026958952,0.076733895
3.673000,0.082427333,-0.023275056,0.262641381,-0.024145474,0.027568335,0.077377629
3.674000,0.071550537,-0.048271219,0.280172817,-0.019635806,0.026861089,0.076635140
3.675000,0.050815023,-0.086452431,0.307166875,-0.013858295,0.025743797,0.075391168
3.676000,0.030079509,-0.124633642,0.334160934,-0.008080783,0.024626505,0.074147197
3.677000,0.009343995,-0.162814854,0.361154992,-0.002303272,0.023509213,0.072903225
3.678000,-0.013490879,-0.198224779,0.388652551,0.003068054,0.022313485,0.071699576
3.679000,-0.040084142,-0.182948931,0.419305584,0.002411898,0.020649723,0.071523411
3.680000,-0.059920035,-0.140612660,0.449269813,-0.001137092,0.018929405,0.071914710
3.681000,-0.079727726,-0.098195430,0.479270198,-0.004695490,0.017208374,0.072307876
3.682000,-0.099535418,-0.055778200,0.509270583,-0.008253888,0.015487342,0.072701043
3.683000,-0.115882287,-0.015583357,0.535427972,-0.011628050,0.013979271,0.073051884
3.684000,-0.092762697,-0.007189599,0.536272392,-0.012800056,0.014992578,0.072850372
3.685000,-0.053839140,-0.009161628,0.536275473,-0.013177836,0.016906608,0.072400490
3.686000,-0.014910124,-0.011299285,0.536473802,-0.013546209,0.018816738,0.071948942
3.687000,0.024018893,-0.013436942,0.536672132,-0.013914582,0.020726868,0.071497395
3.688000,0.059300229,-0.017666685,0.537246468,-0.013896051,0.022519460,0.070990994
3.689000,0.045387468,-0.053876721,0.545415483,-0.009239552,0.022117672,0.069825771
3.690000,0.015106932,-0.097007885,0.552167800,-0.003354165,0.020990333,0.068693581
3.691000,-0.015173604,-0.140139048,0.558920117,0.002531222,0.019862993,0.067561391
3.692000,-0.045454140,-0.183270212,0.565672434,0.008416609,0.018735653,0.066429202
3.693000,-0.073806199,-0.226040097,0.574040085,0.014130501,0.017681844,0.065237633
3.694000,-0.071977872,-0.233988920,0.592442598,0.015529335,0.017780197,0.064194631
3.695000,-0.057307421,-0.217169135,0.611082468,0.014710308,0.018211755,0.063280910
3.696000,-0.042636969,-0.200349349,0.629722337,0.013891281,0.018643313,0.062367188
3.697000,-0.027966517,-0.183529563,0.648362207,0.013072254,0.019074870,0.061453466
3.698000,-0.014349089,-0.165925821,0.667216105,0.012094733,0.019457850,0.060618575
3.699000,-0.014905475,-0.149700543,0.686107519,0.010685475,0.019809103,0.060381487
3.700000,-0.019376704,-0.139372479,0.703061834,0.009441968,0.020408252,0.060237405
3.701000,-0.023847932,-0.129044414,0.720016148,0.008198461,0.021007400,0.060093324
3.702000,-0.028319161,-0.118716350,0.736970463,0.006954954,0.021606549,0.059949243
3.703000,-0.032813558,-0.106799630,0.754304670,0.005742647,0.022158785,0.059806580
3.704000,-0.030032469,-0.106558226,0.767319365,0.006292086,0.022761191,0.058835624
3.705000,-0.031975327,-0.113226024,0.776890602,0.007744359,0.023292241,0.057298766
3.706000,-0.033918185,-0.119893821,0.786461839,0.009196632,0.023823292,0.055761908
3.707000,-0.035861043,-0.126561619,0.796033075,0.010648905,0.024354342,0.054225049
3.708000,-0.036694742,-0.134217562,0.804989057,0.012230287,0.024950956,0.052677036
3.709000,-0.048119920,-0.134135257,0.813632242,0.015284228,0.025229172,0.051332106
3.710000,-0.069563114,-0.130193142,0.827755647,0.019210911,0.024918680,0.050134492
3.711000,-0.091006309,-0.126251026,0.841879052,0.023137594,0.024608189,0.048936878
3.712000,-0.112449503,-0.122308911,0.856002457,0.027064277,0.024297698,0.047739264
3.713000,-0.131361743,-0.121013918,0.869694778,0.030956192,0.024224135,0.046610713
3.714000,-0.127260251,-0.132557627,0.893331469,0.033560628,0.025527750,0.045581329
3.715000,-0.107380662,-0.143859547,0.924645504,0.035181111,0.027436654,0.044436649
3.716000,-0.087501072,-0.155161468,0.955959540,0.036801594,0.029345558,0.043291970
3.717000,-0.067621483,-0.166463388,0.987273575,0.038422077,0.031254462,0.042147290
3.718000,-0.047738307,-0.177252560,1.018712492,0.040076318,0.033153910,0.040988820
3.719000,-0.038640159,-0.163688593,1.051234789,0.040388592,0.034593583,0.040411692
3.720000,-0.036528641,-0.136471339,1.080281235,0.040009519,0.036078306,0.039806097
3.721000,-0.034417122,-0.109254085,1.109327682,0.039630446,0.037563029,0.039200502
3.722000,-0.032305604,-0.082036831,1.138374128,0.039251373,0.039047752,0.038594908
3.723000,-0.028565741,-0.055018347,1.166616532,0.038868958,0.040612867,0.037992658
3.724000,-0.021009875,-0.059263419,1.181296282,0.040082246,0.042907055,0.036565604
3.725000,-0.016560837,-0.083663326,1.186584309,0.042466010,0.045384132,0.034582416
3.726000,-0.012111800,-0.108063233,1.191872337,0.044849773,0.047861209,0.032599229
3.727000,-0.007662763,-0.132463139,1.197160365,0.047233536,0.050338287,0.030616041
3.728000,-0.002709283,-0.156538677,1.202967726,0.049605436,0.052835585,0.028637754
3.729000,0.001450858,-0.170224244,1.217289592,0.051780796,0.055528244,0.027000524
3.730000,0.008015857,-0.178515817,1.237592358,0.053717261,0.058276615,0.025785155
3.731000,0.014580857,-0.186807391,1.257895124,0.055653727,0.061024985,0.024569785
3.732000,0.021145856,-0.195098964,1.278197889,0.057590192,0.063773356,0.023354415
3.733000,0.026003145,-0.203069662,1.298374703,0.059452740,0.066418020,0.022151336
3.734000,0.028637600,-0.186515162,1.321783562,0.059245600,0.069069446,0.021684316
3.735000,0.026679662,-0.146693950,1.347643323,0.057245109,0.071557182,0.022106704
3.736000,0.024721724,-0.106872738,1.373503083,0.055244619,0.074044918,0.022529091
3.737000,0.022763786,-0.067051527,1.399362844,0.053244129,0.076532653,0.022951479
3.738000,0.022066173,-0.028573625,1.425311307,0.051260602,0.079096217,0.023300385
3.739000,0.026240243,-0.031833944,1.440156571,0.050949271,0.082121791,0.022947326
3.740000,0.030884980,-0.063268015,1.437981944,0.052111970,0.085683934,0.022704980
3.741000,0.035536521,-0.094655539,1.435732494,0.053278210,0.089246399,0.022471919
3.742000,0.040188063,-0.126043064,1.433483044,0.054444449,0.092808865,0.022238858
3.743000,0.045445335,-0.155182557,1.432132271,0.055610601,0.096339873,0.021961086
3.744000,0.034331192,-0.170216233,1.442575991,0.057448170,0.098569213,0.021685855
3.745000,0.018241744,-0.160640603,1.449203731,0.059103957,0.100979369,0.021546676
3.746000,0.001634467,-0.141999830,1.455095523,0.060752319,0.103385013,0.021588671
3.747000,-0.014972809,-0.123359056,1.460987315,0.062400680,0.105790657,0.021630666
3.748000,-0.028906436,-0.103873895,1.465910839,0.063976736,0.108315214,0.021661473
3.749000,-0.017457169,-0.103132657,1.457683502,0.065602133,0.112488859,0.021485118
3.750000,-0.003725214,-0.121394526,1.442015510,0.067879940,0.116802387,0.021684062
3.751000,0.010006741,-0.139656396,1.426347518,0.070157746,0.121115915,0.021883006
3.752000,0.023738697,-0.157918266,1.410679526,0.072435552,0.125429443,0.022081951
3.753000,0.036821711,-0.175953536,1.394510711,0.074678984,0.129823958,0.022258495
3.754000,0.041670130,-0.182896117,1.384740340,0.076007559,0.133601693,0.022607505
3.755000,0.052499199,-0.181582849,1.383006105,0.076654934,0.137349760,0.022653300
3.756000,0.063328269,-0.180269581,1.381271870,0.077302309,0.141097828,0.022699095
3.757000,0.074157338,-0.178956314,1.379537636,0.077949684,0.144845895,0.022744889
3.758000,0.085193265,-0.176183799,1.378403023,0.078639207,0.148522207,0.022854093
3.759000,0.084693444,-0.172644651,1.376296705,0.080804457,0.151524551,0.023370461
3.760000,0.073466494,-0.176928992,1.375272406,0.084060869,0.153844634,0.023818212
3.761000,0.062239545,-0.181213333,1.374248107,0.087317281,0.156164717,0.024265962
3.762000,0.051012595,-0.185497674,1.373223808,0.090573693,0.158484800,0.024713712
3.763000,0.040189981,-0.190044727,1.372249037,0.093853058,0.160862566,0.025202892
3.764000,0.047472292,-0.202373232,1.385453515,0.096445785,0.163750879,0.025752300
3.765000,0.060013239,-0.220313233,1.405401396,0.099027655,0.167072764,0.026015996
3.766000,0.072554186,-0.238253235,1.425349277,0.101609525,0.170394648,0.026279691
3.767000,0.085095134,-0.256193236,1.445297159,0.104191395,0.173716533,0.026543387
3.768000,0.098680661,-0.269870296,1.465656067,0.106577468,0.177107448,0.026787392
3.769000,0.091761221,-0.258848828,1.472590317,0.107062205,0.180661931,0.027075340
3.770000,0.081784555,-0.236064441,1.473009214,0.106474602,0.184638258,0.027491698
3.771000,0.071807890,-0.213280055,1.473428111,0.105887000,0.188614585,0.027908056
3.772000,0.061831224,-0.190495668,1.473847008,0.105299397,0.192590912,0.028324413
3.773000,0.052967648,-0.169694012,1.475102574,0.104840063,0.196618711,0.028702553
3.774000,0.066913171,-0.176399808,1.478970056,0.106642703,0.201991372,0.028473476
3.775000,0.083942266,-0.193232149,1.482831077,0.109293046,0.207656493,0.028037100
3.776000,0.100565772,-0.210538499,1.486636567,0.111979388,0.213337023,0.027592180
3.777000,0.117189279,-0.227844849,1.490442057,0.114665730,0.219017553,0.027147259
3.778000,0.132080070,-0.248191263,1.493369064,0.117547008,0.224732684,0.026734722
3.779000,0.128240185,-0.252576636,1.507510811,0.120443386,0.230225828,0.026813298
3.780000,0.113155859,-0.256985635,1.520214758,0.123934311,0.235906889,0.026895620
3.781000,0.098071534,-0.261394635,1.532918704,0.127425235,0.241587950,0.026977942
3.782000,0.082987208,-0.265803634,1.545622651,0.130916160,0.247269012,0.027060264
3.783000,0.066488037,-0.267996937,1.560239591,0.134357941,0.252873702,0.027147585
3.784000,0.067895601,-0.268648882,1.571729097,0.137338944,0.259018133,0.027343149
3.785000,0.089156372,-0.260793958,1.587190761,0.139593424,0.265522184,0.027739113
3.786000,0.110417142,-0.252939034,1.602652424,0.141847903,0.272026236,0.028135078
3.787000,0.131677913,-0.245084109,1.618114088,0.144102383,0.278530287,0.028531042
3.788000,0.154116379,-0.237191561,1.633796878,0.146342809,0.285095434,0.028890740
3.789000,0.178934943,-0.243380216,1.652655333,0.149383418,0.292151817,0.029266390
3.790000,0.193172361,-0.262236253,1.670355417,0.153200732,0.298946916,0.029633517
3.791000,0.207409780,-0.281092290,1.688055501,0.157018046,0.305742015,0.030000645
3.792000,0.221647198,-0.299948327,1.705755586,0.160835360,0.312537114,0.030367772
3.793000,0.234870618,-0.317711002,1.723653596,0.164700652,0.319308191,0.030794280
3.794000,0.242478956,-0.313671022,1.735185087,0.167692383,0.326435824,0.031326318
3.795000,0.247768363,-0.303080529,1.742646205,0.170756932,0.333630370,0.031955213
3.796000,0.253057771,-0.292490037,1.750107323,0.173821482,0.340824916,0.032584108
3.797000,0.258347178,-0.281899544,1.757568441,0.176886031,0.348019462,0.033213003
3.798000,0.262538072,-0.269804556,1.765528047,0.179924181,0.355154283,0.033791158
3.799000,0.268301864,-0.278432283,1.779280907,0.184733018,0.361418701,0.034207726
3.800000,0.285401284,-0.292567962,1.799494617,0.189880704,0.367588661,0.034826449
3.801000,0.302500705,-0.306703642,1.819708328,0.195028390,0.373758621,0.035445173
3.802000,0.319600126,-0.320839322,1.839922038,0.200176077,0.379928582,0.036063896
3.803000,0.336029241,-0.337019663,1.860531037,0.205425010,0.386039997,0.036625308
3.804000,0.341535157,-0.340962055,1.890398471,0.210222915,0.390934254,0.037350169
3.805000,0.334509132,-0.341842970,1.926766555,0.214813787,0.394858670,0.037991964
3.806000,0.327483106,-0.342723885,1.963134638,0.219404658,0.398783085,0.038633759
3.807000,0.320457080,-0.343604801,1.999502721,0.223995530,0.402707500,0.039275553
3.808000,0.311613051,-0.343615352,2.037513486,0.228407586,0.406450067,0.039769664
3.809000,0.302324682,-0.349577825,2.075908978,0.231019348,0.409906360,0.039619606
3.810000,0.298519313,-0.358248635,2.107788840,0.233005300,0.413414750,0.039211758
3.811000,0.294713945,-0.366919444,2.139668702,0.234991253,0.416923141,0.038803909
3.812000,0.290908576,-0.375590253,2.171548565,0.236977205,0.420431532,0.038396061
3.813000,0.287402174,-0.383663484,2.201412208,0.238766167,0.423859706,0.038082958
3.814000,0.285918527,-0.378100023,2.221017846,0.238594787,0.426516637,0.038293768
3.815000,0.292554926,-0.371716183,2.240417565,0.237466920,0.429235741,0.038576298
3.816000,0.299191325,-0.365332343,2.259817284,0.236339054,0.431954845,0.038858828
3.817000,0.305827724,-0.358948503,2.279217003,0.235211187,0.434673949,0.039141357
3.818000,0.312737002,-0.352388678,2.298477403,0.234055703,0.437403221,0.039407312
3.819000,0.310413110,-0.351190444,2.313598869,0.233475162,0.439462050,0.040033598
3.820000,0.300369285,-0.355805396,2.327832912,0.233136630,0.441048512,0.040685552
3.821000,0.290325460,-0.360420347,2.342066954,0.232798098,0.442634973,0.041337505
3.822000,0.280281635,-0.365035299,2.356300997,0.232459566,0.444221434,0.041989458
3.823000,0.270181220,-0.371221556,2.370552113,0.232137611,0.445783076,0.042647747
3.824000,0.276857067,-0.383544583,2.391287876,0.229917130,0.447737824,0.043239357
3.825000,0.287357096,-0.392083337,2.415216805,0.226874677,0.449728241,0.043818567
3.826000,0.297857126,-0.400622092,2.439145733,0.223832225,0.451718659,0.044397777
3.827000,0.308357155,-0.409160847,2.463074662,0.220789772,0.453709076,0.044976987
3.828000,0.319415238,-0.417018638,2.485825427,0.217817200,0.455708305,0.045521296
3.829000,0.326347899,-0.409532773,2.491686261,0.214973197,0.457276694,0.045246122
3.830000,0.333757497,-0.397532762,2.489877151,0.211816753,0.458914528,0.044784078
3.831000,0.341167096,-0.385532750,2.488068042,0.208660310,0.460552361,0.044322034
3.832000,0.348576694,-0.373532738,2.486258932,0.205503867,0.462190194,0.043859990
3.833000,0.355706636,-0.364098169,2.485096663,0.202472150,0.463770834,0.043330821
3.834000,0.352738486,-0.367970145,2.493777825,0.199662314,0.464294000,0.042347122
3.835000,0.339629350,-0.370592718,2.506540466,0.196401099,0.464189653,0.041118883
3.836000,0.326520214,-0.373215291,2.519303107,0.193139885,0.464085306,0.039890645
3.837000,0.313411078,-0.375837864,2.532065748,0.189878670,0.463980960,0.038662406
3.838000,0.300380226,-0.378016391,2.546099066,0.186552395,0.463871574,0.037477630
3.839000,0.295697563,-0.361642034,2.554280317,0.182080880,0.464150225,0.036954864
3.840000,0.297324969,-0.331468600,2.561742706,0.176866447,0.464390041,0.036666492
3.841000,0.298952376,-0.301295165,2.569205095,0.171652013,0.464629856,0.036378119
3.842000,0.300579782,-0.271121731,2.576667483,0.166437579,0.464869672,0.036089747
3.843000,0.301950090,-0.242674382,2.583553819,0.161450606,0.465123960,0.035780135
3.844000,0.308669221,-0.241477996,2.580754870,0.160801386,0.465883068,0.035219846
3.845000,0.315470081,-0.258611223,2.575110351,0.162425798,0.466974644,0.034539281
3.846000,0.322270941,-0.275744449,2.569465832,0.164050209,0.468066220,0.033858715
3.847000,0.329071802,-0.292877676,2.563821313,0.165674621,0.469157796,0.033178150
3.848000,0.335702755,-0.307610676,2.559431383,0.167225404,0.470205527,0.032565612
3.849000,0.330065509,-0.323777261,2.577933007,0.168205063,0.470573494,0.031919264
3.850000,0.319413074,-0.339409320,2.603061259,0.168883787,0.470472576,0.031315850
3.851000,0.308760640,-0.355041378,2.628189512,0.169562510,0.470371659,0.030712436
3.852000,0.298108205,-0.370673437,2.653317764,0.170241234,0.470270741,0.030109022
3.853000,0.287560360,-0.385383080,2.678316594,0.170774809,0.470209106,0.029509829
3.854000,0.292502632,-0.351840867,2.694812854,0.166080665,0.471127784,0.030091657
3.855000,0.306624408,-0.298988243,2.707333959,0.159333501,0.472576407,0.031442648
3.856000,0.320746184,-0.246135619,2.719855064,0.152586338,0.474025030,0.032793639
3.857000,0.334867960,-0.193282996,2.732376169,0.145839174,0.475473654,0.034144630
3.858000,0.349394168,-0.145017457,2.741569265,0.139499198,0.477106531,0.035314093
3.859000,0.367225744,-0.140595696,2.713525573,0.138532491,0.479970273,0.035309264
3.860000,0.382396405,-0.151257896,2.678720299,0.139659453,0.482871071,0.034984392
3.861000,0.397567066,-0.161920095,2.643915024,0.140786414,0.485771868,0.034659521
3.862000,0.412737726,-0.172582295,2.609109750,0.141913375,0.488672666,0.034334649
3.863000,0.427770746,-0.183828481,2.575848856,0.143086314,0.491513865,0.034009796
3.864000,0.417851477,-0.210418984,2.600906296,0.145330751,0.491914821,0.034131620
3.865000,0.398121600,-0.236440923,2.645600827,0.147481340,0.491394886,0.034352734
3.866000,0.378391722,-0.262462862,2.690295357,0.149631929,0.490874951,0.034573847
3.867000,0.358661845,-0.288484801,2.734989887,0.151782518,0.490355016,0.034794961
3.868000,0.342138355,-0.309236757,2.779512737,0.153486892,0.489984376,0.035137901
3.869000,0.364215170,-0.270959153,2.813035904,0.149696393,0.491757849,0.036796202
3.870000,0.399945650,-0.221245459,2.840400336,0.144368077,0.494507086,0.038926721
3.871000,0.435676130,-0.171531765,2.867764769,0.139039760,0.497256323,0.041057241
3.872000,0.471406610,-0.121818071,2.895129201,0.133711444,0.500005560,0.043187760
3.873000,0.503902795,-0.078579725,2.917788214,0.129244171,0.502883924,0.045088935
3.874000,0.508057356,-0.095066333,2.909976492,0.129835086,0.505424450,0.045723306
3.875000,0.500559518,-0.134333573,2.890188546,0.132682767,0.507910998,0.045775937
3.876000,0.493061681,-0.173600812,2.870400600,0.135530449,0.510397546,0.045828568
3.877000,0.485563843,-0.212868051,2.850612654,0.138378130,0.512884094,0.045881199
3.878000,0.476586329,-0.250260982,2.837510976,0.141196234,0.515108077,0.045993488
3.879000,0.461689307,-0.263064566,2.854207311,0.142770867,0.515671215,0.045915239
3.880000,0.443436807,-0.259262527,2.881468912,0.143261800,0.515266862,0.045859994
3.881000,0.425184307,-0.255460489,2.908730513,0.143752733,0.514862509,0.045804749
3.882000,0.406966104,-0.251652720,2.935959722,0.144241194,0.514459132,0.045748692
3.883000,0.392774114,-0.246860283,2.960712120,0.144441426,0.514189209,0.045652039
3.884000,0.410465043,-0.226117893,2.992572781,0.142036985,0.515284972,0.046250367
3.885000,0.440427361,-0.203279326,3.025094043,0.138935487,0.516977750,0.047133572
3.886000,0.470389679,-0.180440759,3.057615305,0.135833989,0.518670529,0.048016776
3.887000,0.500351997,-0.157602192,3.090136566,0.132732492,0.520363307,0.048899981
3.888000,0.530212085,-0.135947977,3.121959693,0.129767825,0.522069481,0.049736707
3.889000,0.535602366,-0.162382055,3.122132273,0.130813455,0.522968156,0.049123562
3.890000,0.529666740,-0.203285039,3.112261792,0.133008334,0.523342850,0.047922349
3.891000,0.523731115,-0.244188023,3.102391311,0.135203213,0.523717544,0.046721136
3.892000,0.517795489,-0.285091007,3.092520830,0.137398091,0.524092238,0.045519923
3.893000,0.511081719,-0.323882200,3.085999519,0.139681033,0.524440381,0.044391500
3.894000,0.491134453,-0.347042849,3.096863097,0.142803670,0.523963566,0.043683625
3.895000,0.465615706,-0.366018170,3.112521407,0.146581490,0.523204745,0.043178871
3.896000,0.440096959,-0.384993490,3.128179716,0.150359310,0.522445924,0.042674118
3.897000,0.414578212,-0.403968811,3.143838025,0.154137130,0.521687104,0.042169365
3.898000,0.390441072,-0.422274210,3.159336541,0.157698479,0.520962069,0.041614855
3.899000,0.404804127,-0.400364153,3.173246325,0.156051375,0.522046952,0.041141693
3.900000,0.433123743,-0.360511694,3.188711679,0.152686586,0.523885615,0.040956735
3.901000,0.461443359,-0.320659236,3.204177033,0.149321798,0.525724277,0.040771776
3.902000,0.489762975,-0.280806777,3.219642387,0.145957009,0.527562940,0.040586818
3.903000,0.516851745,-0.241794576,3.234214619,0.142679103,0.529392672,0.040395830
3.904000,0.514174042,-0.226901419,3.229877572,0.141556839,0.530761640,0.040418746
3.905000,0.502957009,-0.218634983,3.217905079,0.140764536,0.532204542,0.040289884
3.906000,0.491739975,-0.210368548,3.205932586,0.139972233,0.533647443,0.040161023
3.907000,0.480522942,-0.202102112,3.193960094,0.139179929,0.535090344,0.040032161
3.908000,0.469063354,-0.194382794,3.182352971,0.138420650,0.536522594,0.039887160
3.909000,0.464201976,-0.208472729,3.203411124,0.138681571,0.537702089,0.038726027
3.910000,0.463821288,-0.228537004,3.233321261,0.139299961,0.538793493,0.037450901
3.911000,0.463440600,-0.248601280,3.263231398,0.139918351,0.539884896,0.036175775
3.912000,0.463059911,-0.268665556,3.293141536,0.140536741,0.540976300,0.034900650
3.913000,0.462873252,-0.287777612,3.322437414,0.141102677,0.542116018,0.033649338
3.914000,0.477742730,-0.283839543,3.327735341,0.140515295,0.545308206,0.033309482
3.915000,0.499163997,-0.266003450,3.328858246,0.139623275,0.549540697,0.033062060
3.916000,0.520585263,-0.248167357,3.329981150,0.138731256,0.553773187,0.032814637
3.917000,0.542006530,-0.230331264,3.331104054,0.137839236,0.558005678,0.032567215
3.918000,0.563454940,-0.212649894,3.333160704,0.136908059,0.562178370,0.032322373
3.919000,0.572751463,-0.209559911,3.351166094,0.135976941,0.565087185,0.031593106
3.920000,0.572489469,-0.221251142,3.376965586,0.134846295,0.567124267,0.030845085
3.921000,0.571762525,-0.237718996,3.406058967,0.133691088,0.569107476,0.030122383
3.922000,0.571035582,-0.254186850,3.435152348,0.132535882,0.571090685,0.029399681
3.923000,0.570754810,-0.269816383,3.463104518,0.131401070,0.573135307,0.028643925
3.924000,0.570776390,-0.263641018,3.476924497,0.129902101,0.575856177,0.028227620
3.925000,0.568358639,-0.243802183,3.487358257,0.128310136,0.578723559,0.028132368
3.926000,0.565940888,-0.223963349,3.497792017,0.126718172,0.581590941,0.028037115
3.927000,0.563523137,-0.204124515,3.508225777,0.125126208,0.584458323,0.027941863
3.928000,0.562569174,-0.185951400,3.518289839,0.123543094,0.587394750,0.027852120
3.929000,0.581917179,-0.180907235,3.522470786,0.122388582,0.591247909,0.027456650
3.930000,0.612314553,-0.178629367,3.527577353,0.121274976,0.595426106,0.026980734
3.931000,0.642711927,-0.176351499,3.532683920,0.120161371,0.599604302,0.026504817
3.932000,0.673109301,-0.174073631,3.537790487,0.119047765,0.603782498,0.026028900
3.933000,0.701114199,-0.171079590,3.543287081,0.117940580,0.607842789,0.025520485
3.934000,0.706405852,-0.165087525,3.559587621,0.116976998,0.610772859,0.024796750
3.935000,0.700533772,-0.158285399,3.572247485,0.116135078,0.613170409,0.023900252
3.936000,0.694661692,-0.151483273,3.584907348,0.115293157,0.615567959,0.023003753
3.937000,0.688789612,-0.144681147,3.597567211,0.114451236,0.617965508,0.022107254
3.938000,0.683063522,-0.138204371,3.609329155,0.113476513,0.620373325,0.021310489
3.939000,0.672674302,-0.132725728,3.603205429,0.111566899,0.622950264,0.021608304
3.940000,0.664182146,-0.130379709,3.589823763,0.109534306,0.625747562,0.022148591
3.941000,0.655689990,-0.128033689,3.576442096,0.107501712,0.628544860,0.022688878
3.942000,0.646982289,-0.124463309,3.564422287,0.105448475,0.631287970,0.023243787
3.943000,0.638482593,-0.118068999,3.556137545,0.103354058,0.633909511,0.023807690
3.944000,0.654425304,-0.114326471,3.568205036,0.101663880,0.636899181,0.023424980
3.945000,0.687814486,-0.116287298,3.591486171,0.100299814,0.640433700,0.022253052
3.946000,0.725734488,-0.118933171,3.617143544,0.098884795,0.644229490,0.020979151
3.947000,0.763654490,-0.121579043,3.642800917,0.097469776,0.648025280,0.019705249
3.948000,0.796532816,-0.124382597,3.667307654,0.096153298,0.651581342,0.018577732
3.949000,0.784159011,-0.132484181,3.677144840,0.095867476,0.653152448,0.018759094
3.950000,0.753761567,-0.141172543,3.679483664,0.095857009,0.653762629,0.019408695
3.951000,0.723369564,-0.149284240,3.681888249,0.095824819,0.654354471,0.020084958
3.952000,0.692977561,-0.157395937,3.684292834,0.095792629,0.654946312,0.020761221
3.953000,0.664405878,-0.166745252,3.685516330,0.095742070,0.655575506,0.021375571
3.954000,0.667687300,-0.166814343,3.697595339,0.094005721,0.656647990,0.021447298
3.955000,0.688171252,-0.156165089,3.717381702,0.091363068,0.658059173,0.021430074
3.956000,0.708655204,-0.145515836,3.737168065,0.088720416,0.659470356,0.021412851
3.957000,0.729139156,-0.134866582,3.756954428,0.086077764,0.660881539,0.021395628
3.958000,0.749103536,-0.124380363,3.776225023,0.083459611,0.662292576,0.021374057
3.959000,0.756771023,-0.110795297,3.781351517,0.081114698,0.663462282,0.021779389
3.960000,0.751618065,-0.094737034,3.780351978,0.079005213,0.664268832,0.022385074
3.961000,0.746465106,-0.078678771,3.779352439,0.076895728,0.665075382,0.022990759
3.962000,0.741312148,-0.062620508,3.778352899,0.074786243,0.665881932,0.023596444
3.963000,0.736955187,-0.049111309,3.778177774,0.072681174,0.666608718,0.024205554
3.964000,0.728818579,-0.064546427,3.782469316,0.071930224,0.666376126,0.023903834
3.965000,0.720011522,-0.086608097,3.786595483,0.071544808,0.665951952,0.023293238
3.966000,0.711204464,-0.108669766,3.790721650,0.071159391,0.665527779,0.022682642
3.967000,0.702397407,-0.130731436,3.794847817,0.070773975,0.665103606,0.022072046
3.968000,0.693124586,-0.152161450,3.799457786,0.070363487,0.664670193,0.021482483
3.969000,0.685928155,-0.157203197,3.808308289,0.070042792,0.664301798,0.021601105
3.970000,0.683524475,-0.151066609,3.818040240,0.069723418,0.664215143,0.022250658
3.971000,0.681120796,-0.144930021,3.827772190,0.069404045,0.664128488,0.022900212
3.972000,0.678717116,-0.138793433,3.837504140,0.069084672,0.664041833,0.023549765
3.973000,0.674901122,-0.133124316,3.847036225,0.068644842,0.663894232,0.024169754
3.974000,0.671227716,-0.121684918,3.841041482,0.065462031,0.663860924,0.024567881
3.975000,0.668788893,-0.101779706,3.822457241,0.060799356,0.663902633,0.024737790
3.976000,0.666350070,-0.081874495,3.803873000,0.056136681,0.663944343,0.024907699
3.977000,0.663911247,-0.061969283,3.785288758,0.051474006,0.663986052,0.025077608
3.978000,0.662203046,-0.043981586,3.768365644,0.047083953,0.664026627,0.025234004
3.979000,0.657602436,-0.046269114,3.770838419,0.045909149,0.663794340,0.025598218
3.980000,0.651517606,-0.059377357,3.780162018,0.046296281,0.663480700,0.026268772
3.981000,0.645432776,-0.072485601,3.789485617,0.046683412,0.663167060,0.026939325
3.982000,0.639347946,-0.085593844,3.798809216,0.047070543,0.662853420,0.027609879
3.983000,0.633581517,-0.098571745,3.808164344,0.047453339,0.662548207,0.028263261
3.984000,0.632864627,-0.099352591,3.799731517,0.047833068,0.662395700,0.028164525
3.985000,0.638366382,-0.088900263,3.785727076,0.048181617,0.662377569,0.026982029
3.986000,0.643868136,-0.078447935,3.771722635,0.048530167,0.662359439,0.025799534
3.987000,0.649369890,-0.067995606,3.757718194,0.048878716,0.662341309,0.024617038
3.988000,0.654811894,-0.057776665,3.743609546,0.049218336,0.662353573,0.023526646
3.989000,0.657874425,-0.055408592,3.756944381,0.048561967,0.662444660,0.024062722
3.990000,0.660329977,-0.059902795,3.781588371,0.046872884,0.662658133,0.025460212
3.991000,0.662785530,-0.064396997,3.806232360,0.045183802,0.662871606,0.026857702
3.992000,0.665241082,-0.068891199,3.830876350,0.043494719,0.663085079,0.028255191
3.993000,0.668028147,-0.072948661,3.855531601,0.041821824,0.663284992,0.029661814
3.994000,0.671321760,-0.069498286,3.864695745,0.040694687,0.663669580,0.031286164
3.995000,0.672016355,-0.056575452,3.872475717,0.039585984,0.664237828,0.032781610
3.996000,0.672710951,-0.043652617,3.880255689,0.038477280,0.664806076,0.034277056
3.997000,0.673405546,-0.030729783,3.888035661,0.037368577,0.665374324,0.035772502
3.998000,0.673476223,-0.018069021,3.893600709,0.036318767,0.665947797,0.037259942
3.999000,0.659574041,-0.028805931,3.887667796,0.037437150,0.666424119,0.038052656
4.000000,0.639859640,-0.049496412,3.877758618,0.039594571,0.666729602,0.038335147
4.001000,0.620145239,-0.070186893,3.867849440,0.041751991,0.667035086,0.038617637
4.002000,0.600430838,-0.090877374,3.857940262,0.043909411,0.667340569,0.038900128
4.003000,0.581085686,-0.110457446,3.849520515,0.045928041,0.667609100,0.039145094
4.004000,0.579096845,-0.100639330,3.873026335,0.044294669,0.668019246,0.039717304
4.005000,0.588362571,-0.078368655,3.916487302,0.040846264,0.668571835,0.041164247
4.006000,0.598217968,-0.055384095,3.960667563,0.037346008,0.669121201,0.042675567
4.007000,0.608073365,-0.032399535,4.004847824,0.033845753,0.669670567,0.044186886
4.008000,0.616921558,-0.010426634,4.048871386,0.030390415,0.670201617,0.045663589
4.009000,0.613463356,-0.008043472,4.060604835,0.028434387,0.671704589,0.046982306
4.010000,0.604669646,-0.017995638,4.048400030,0.027537890,0.673663461,0.046705922
4.011000,0.595875936,-0.027947804,4.036195225,0.026641393,0.675622333,0.046429537
4.012000,0.587082226,-0.037899970,4.023990421,0.025744896,0.677581205,0.046153153
4.013000,0.579482920,-0.046432697,4.014904731,0.024819847,0.679562243,0.045876328
4.014000,0.585768786,-0.048897700,4.033585342,0.023957215,0.681336294,0.045663528
4.015000,0.590334002,-0.061709873,4.070031950,0.023906720,0.682869466,0.045969729
4.016000,0.594899217,-0.074522047,4.106478557,0.023856224,0.684402638,0.046275929
4.017000,0.599464433,-0.087334220,4.142925165,0.023805729,0.685935810,0.046582130
4.018000,0.606228530,-0.099154730,4.175388254,0.023732275,0.687798310,0.046914226
4.019000,0.609457339,-0.116427213,4.179313668,0.023604597,0.690859756,0.046253749
4.020000,0.608360990,-0.124151933,4.175059740,0.021915028,0.693691371,0.043656097
4.021000,0.607264641,-0.131876654,4.170805812,0.020225459,0.696522985,0.041058444
4.022000,0.606168291,-0.139601375,4.166551883,0.018535890,0.699354600,0.038460792
4.023000,0.603446937,-0.144362032,4.162521674,0.016675987,0.702062514,0.035690096
4.024000,0.598447068,-0.129270676,4.149493366,0.014284015,0.704485079,0.033675466
4.025000,0.603752782,-0.110057531,4.120163695,0.012750566,0.707349438,0.033353980
4.026000,0.609058496,-0.090844386,4.090834025,0.011217117,0.710213797,0.033032495
4.027000,0.614364209,-0.071631241,4.061504354,0.009683669,0.713078155,0.032711009
4.028000,0.619937714,-0.055054207,4.035020064,0.008281752,0.715861470,0.032377082
4.029000,0.637261958,-0.061958186,4.040512588,0.007976295,0.717424018,0.032508227
4.030000,0.652594486,-0.072637182,4.058236476,0.007706479,0.718513237,0.032507885
4.031000,0.667927014,-0.083316178,4.075960364,0.007436662,0.719602457,0.032507542
4.032000,0.683259541,-0.093995173,4.093684253,0.007166845,0.720691676,0.032507200
4.033000,0.697602519,-0.103682410,4.109739267,0.006913704,0.721686945,0.032475759
4.034000,0.691770842,-0.106508838,4.082116280,0.007638676,0.722076149,0.032223108
4.035000,0.688576513,-0.117802049,4.031422582,0.009551283,0.722695729,0.032889662
4.036000,0.685382183,-0.129095260,3.980728884,0.011463889,0.723315309,0.033556217
4.037000,0.682187854,-0.140388470,3.930035187,0.013376496,0.723934889,0.034222771
4.038000,0.675845203,-0.151884108,3.882139539,0.014568519,0.724315958,0.035049881
4.039000,0.663309859,-0.126839883,3.852824148,0.010537940,0.722791549,0.035712227
4.040000,0.647323265,-0.077895147,3.832140421,0.004691848,0.720728750,0.035612380
4.041000,0.631336672,-0.028950410,3.811456695,-0.001154244,0.718665951,0.035512533
4.042000,0.615350079,0.019994326,3.790772968,-0.007000336,0.716603152,0.035412687
4.043000,0.600009974,0.065721363,3.770026163,-0.012510471,0.714491131,0.035187005
4.044000,0.598787257,0.058703373,3.746998213,-0.012937662,0.712160776,0.034354813
4.045000,0.600198781,0.030100092,3.719778800,-0.011118124,0.709447519,0.033399299
4.046000,0.601610306,0.001496811,3.692559388,-0.009298586,0.706734262,0.032443786
4.047000,0.603021831,-0.027106471,3.665339975,-0.007479047,0.704021004,0.031488273
4.048000,0.603803769,-0.054066398,3.637916505,-0.005725068,0.701206201,0.030461711
4.049000,0.582610749,-0.056032416,3.615699079,-0.004713867,0.696286689,0.029313479
4.050000,0.558578657,-0.049145877,3.594578298,-0.003907576,0.690778148,0.028092355
4.051000,0.534546565,-0.042259339,3.573457517,-0.003101286,0.685269608,0.026871231
4.052000,0.510514473,-0.035372801,3.552336736,-0.002294995,0.679761067,0.025650107
4.053000,0.489369266,-0.028000113,3.531260949,-0.001761208,0.674354069,0.024537123
4.054000,0.493256212,-0.021341904,3.512494103,-0.004395419,0.670063984,0.024164391
4.055000,0.497160599,-0.014408181,3.497548461,-0.008173756,0.665754602,0.024056301
4.056000,0.501064987,-0.007474459,3.482602819,-0.011952093,0.661445220,0.023948211
4.057000,0.504969374,-0.000540736,3.467657177,-0.015730430,0.657135839,0.023840120
4.058000,0.507882974,0.006190955,3.452690263,-0.019455732,0.652770488,0.023800531
4.059000,0.506941533,0.016073704,3.428272283,-0.021600188,0.647953993,0.024440500
4.060000,0.513602408,0.027854115,3.399124455,-0.023075967,0.643386649,0.025171982
4.061000,0.520263284,0.039634527,3.369976627,-0.024551746,0.638819305,0.025903465
4.062000,0.526924159,0.051414939,3.340828799,-0.026027525,0.634251962,0.026634948
4.063000,0.532162675,0.061143968,3.310396269,-0.027255886,0.629679551,0.027276433
4.064000,0.512618247,0.053012207,3.274513887,-0.026248049,0.624591834,0.027821694
4.065000,0.475718786,0.040568370,3.238300746,-0.024640304,0.618896370,0.028480050
4.066000,0.438819324,0.028124534,3.202087606,-0.023032559,0.613200907,0.029138406
4.067000,0.401919863,0.015680698,3.165874465,-0.021424814,0.607505443,0.029796762
4.068000,0.367072346,0.004883786,3.131589599,-0.019960798,0.601916534,0.030560161
4.069000,0.374410633,0.010528356,3.117780274,-0.020748851,0.598485872,0.031961525
4.070000,0.402353358,0.016560472,3.106875237,-0.022114583,0.596097998,0.033463191
4.071000,0.430296083,0.022592588,3.095970200,-0.023480314,0.593710124,0.034964857
4.072000,0.458238807,0.028624704,3.085065163,-0.024846046,0.591322251,0.036466523
4.073000,0.485613497,0.034653269,3.074004787,-0.026207856,0.588884440,0.037995067
4.074000,0.480530412,0.043794836,3.049798381,-0.027797792,0.585477545,0.040299844
4.075000,0.459425564,0.050641485,3.026163405,-0.029175888,0.581523059,0.042800219
4.076000,0.438320716,0.057488135,3.002528429,-0.030553984,0.577568572,0.045300595
4.077000,0.417215868,0.064334784,2.978893453,-0.031932080,0.573614085,0.047800970
4.078000,0.396155460,0.071066188,2.955426950,-0.033282835,0.569679988,0.050312124
4.079000,0.399991863,0.069049045,2.939754887,-0.033362978,0.566726242,0.054769318
4.080000,0.418749005,0.065366633,2.923088186,-0.033067596,0.564368032,0.060503107
4.081000,0.437506146,0.061684221,2.906421485,-0.032772214,0.562009823,0.066236896
4.082000,0.456263288,0.058001808,2.889754784,-0.032476831,0.559651613,0.071970684
4.083000,0.474580317,0.053818901,2.870718899,-0.032102659,0.557342484,0.077649771
4.084000,0.471741249,0.040620977,2.851951724,-0.030781291,0.554574583,0.082143608
4.085000,0.453565541,0.024155850,2.843502380,-0.029041352,0.551154089,0.085807354
4.086000,0.435389834,0.007690722,2.835053036,-0.027301413,0.547733596,0.089471101
4.087000,0.417214127,-0.008774405,2.826603692,-0.025561474,0.544313102,0.093134847
4.088000,0.400024434,-0.025849516,2.817499908,-0.023933352,0.540886845,0.096796591
4.089000,0.395879171,-0.037757193,2.799399821,-0.025753220,0.537237819,0.099978278
4.090000,0.399776313,-0.042588942,2.775543209,-0.029865903,0.533554010,0.102877060
4.091000,0.403673456,-0.047420690,2.751686597,-0.033978587,0.529870200,0.105775843
4.092000,0.407570598,-0.052252439,2.727829985,-0.038091270,0.526186391,0.108674625
4.093000,0.410884850,-0.056623677,2.704699610,-0.042026669,0.522426774,0.111565159
4.094000,0.397692252,-0.058960646,2.680092241,-0.043268085,0.517645301,0.114743128
4.095000,0.376127779,-0.067570780,2.653677091,-0.042960878,0.512503844,0.118204022
4.096000,0.354563307,-0.076180914,2.627261941,-0.042653672,0.507362387,0.121664916
4.097000,0.332998834,-0.084791048,2.600846791,-0.042346466,0.502220929,0.125125810
4.098000,0.311308910,-0.094693790,2.573671108,-0.041954028,0.497079230,0.128445310
4.099000,0.310744568,-0.128911834,2.545629993,-0.041182345,0.492662881,0.129932825
4.100000,0.326794401,-0.168235499,2.517621881,-0.040819559,0.488556010,0.130711411
4.101000,0.342844235,-0.207559164,2.489613770,-0.040456773,0.484449138,0.131489998
4.102000,0.358894069,-0.246882830,2.461605658,-0.040093987,0.480342267,0.132268584
4.103000,0.371355476,-0.279658321,2.427585677,-0.040056912,0.475933141,0.133052820
4.104000,0.383738600,-0.263773889,2.396039057,-0.041657150,0.469707967,0.134307402
4.105000,0.381848796,-0.229714827,2.367230188,-0.043789034,0.462018947,0.136273399
4.106000,0.379958991,-0.195655765,2.338421319,-0.045920918,0.454329927,0.138239397
4.107000,0.377208937,-0.162246494,2.309516526,-0.048047072,0.446585897,0.140222909
4.108000,0.360484523,-0.137421888,2.279136557,-0.050102939,0.438052919,0.142394473
4.109000,0.279525632,-0.138177350,2.215757299,-0.052064456,0.426850790,0.145474290
4.110000,0.182780742,-0.148432031,2.131461783,-0.053839648,0.415543231,0.148860603
4.111000,0.086035852,-0.158686712,2.047166267,-0.055614841,0.404235671,0.152246916
4.112000,-0.010772239,-0.168432864,1.963085091,-0.057401904,0.392956922,0.155613453
4.113000,-0.093000612,-0.171443564,1.882961578,-0.059228502,0.382275813,0.158598895
4.114000,-0.037274068,-0.189883867,1.831206978,-0.059051611,0.376496912,0.160417433
4.115000,0.046009930,-0.213279843,1.786095858,-0.058418052,0.371682233,0.162035148
4.116000,0.129293928,-0.236675819,1.740984738,-0.057784494,0.366867555,0.163652864
4.117000,0.212577927,-0.260071795,1.695873618,-0.057150935,0.362052876,0.165270579
4.118000,0.285371422,-0.281115201,1.651068149,-0.056558606,0.356789328,0.166796578
4.119000,0.283654291,-0.270295978,1.600737337,-0.056214451,0.347424182,0.167457284
4.120000,0.252832883,-0.243107497,1.549678342,-0.056173795,0.336546615,0.168051823
4.121000,0.222011476,-0.215919017,1.498619347,-0.056133139,0.325669047,0.168646362
4.122000,0.191190068,-0.188730537,1.447560352,-0.056092483,0.314791480,0.169240901
4.123000,0.163171271,-0.165501376,1.399080844,-0.056059315,0.304032921,0.169755759
4.124000,0.128693730,-0.163363881,1.347918629,-0.057056396,0.292534906,0.169675360
4.125000,0.090802153,-0.165720391,1.290059065,-0.058385478,0.280897962,0.169644493
4.126000,0.052910577,-0.168076901,1.232199501,-0.059714561,0.269261018,0.169613626
4.127000,0.015019000,-0.170433412,1.174339936,-0.061043644,0.257624074,0.169582758
4.128000,-0.022408167,-0.172496493,1.116696746,-0.062308504,0.246032968,0.169578912
4.129000,-0.035903450,-0.165188833,1.071848028,-0.061810612,0.235692414,0.169952814
4.130000,-0.034922294,-0.149597627,1.033178646,-0.060715050,0.225948817,0.170307492
4.131000,-0.033941138,-0.134006420,0.994509264,-0.059619489,0.216205220,0.170662169
4.132000,-0.032959981,-0.118415213,0.955839882,-0.058523927,0.206461623,0.171016846
4.133000,-0.029933609,-0.103271820,0.917195356,-0.057496480,0.196884994,0.171101407
4.134000,0.000172532,-0.090722593,0.896892387,-0.057556518,0.189913587,0.167819909
4.135000,0.040082252,-0.085049505,0.886239780,-0.058008381,0.183953929,0.162862018
4.136000,0.079991973,-0.079376417,0.875587173,-0.058460243,0.177994272,0.157904126
4.137000,0.119901693,-0.073703329,0.864934565,-0.058912105,0.172034614,0.152946234
4.138000,0.154898290,-0.070374087,0.853383367,-0.059334066,0.165766226,0.147578606
4.139000,0.133421507,-0.074394038,0.818928902,-0.060389292,0.156406538,0.137354146
4.140000,0.085709896,-0.079209782,0.780682340,-0.061613810,0.145808330,0.125504404
4.141000,0.037998285,-0.084025527,0.742435778,-0.062838328,0.135210122,0.113654662
4.142000,-0.009160382,-0.088958905,0.705480675,-0.064067329,0.124762322,0.101822949
4.143000,-0.056329326,-0.089437389,0.675059224,-0.065436476,0.114840046,0.090051479
4.144000,-0.085351241,-0.064441010,0.646183094,-0.067550230,0.106421120,0.077964046
4.145000,-0.068909777,-0.031651488,0.612368231,-0.070444181,0.101027152,0.065456700
4.146000,-0.032524035,0.009364385,0.569846135,-0.074105107,0.096561472,0.052417750
4.147000,0.003861707,0.050380258,0.527324039,-0.077766033,0.092095792,0.039378799
4.148000,0.037703543,0.085684118,0.484793103,-0.081169576,0.087579027,0.026205851
4.149000,0.040248914,0.073553620,0.453582122,-0.083040626,0.082161320,0.011412669
4.150000,0.039085164,0.055363654,0.423898134,-0.084640635,0.076075590,-0.003711837
4.151000,0.037921413,0.037173687,0.394214145,-0.086240644,0.069989861,-0.018836343
4.152000,0.036757662,0.018983721,0.364530157,-0.087840654,0.063904132,-0.033960849
4.153000,0.033190850,0.003428728,0.335711250,-0.089495358,0.057821685,-0.049114909
4.154000,0.013166952,0.019714680,0.309157686,-0.091754816,0.050503820,-0.063938356
4.155000,-0.010579406,0.044175875,0.283480013,-0.094139527,0.042869171,-0.078254141
4.156000,-0.034325763,0.068637071,0.257802339,-0.096524237,0.035234521,-0.092569926
4.157000,-0.058072120,0.093098267,0.232124665,-0.098908947,0.027599872,-0.106885712
4.158000,-0.077824837,0.118372424,0.204720217,-0.101504273,0.020076256,-0.121028025
4.159000,-0.048375000,0.157987073,0.167054539,-0.106478539,0.014889113,-0.132277459
4.160000,-0.001075434,0.197232907,0.121680552,-0.111750854,0.010526775,-0.142889276
4.161000,0.046224132,0.236478740,0.076306566,-0.117023168,0.006164437,-0.153501092
4.162000,0.093523698,0.275724574,0.030932579,-0.122295483,0.001802100,-0.164112909
4.163000,0.137352475,0.312738930,-0.015861582,-0.127103650,-0.002556460,-0.174644719
4.164000,0.138213193,0.316836488,-0.078644918,-0.125588012,-0.007154398,-0.184090162
4.165000,0.113386425,0.315516900,-0.145432236,-0.122045121,-0.012087521,-0.193482115
4.166000,0.088559657,0.314197311,-0.212219554,-0.118502230,-0.017020644,-0.202874068
4.167000,0.063732890,0.312877723,-0.279006872,-0.114959338,-0.021953766,-0.212266020
4.168000,0.039068756,0.308280813,-0.339503740,-0.111692931,-0.026966466,-0.221065113
4.169000,0.018107822,0.290630287,-0.352758115,-0.111501085,-0.032760424,-0.225350905
4.170000,0.000650876,0.260820280,-0.348900804,-0.111778551,-0.038769967,-0.228160521
4.171000,-0.016806070,0.231010273,-0.345043492,-0.112056017,-0.044779511,-0.230970138
4.172000,-0.034263015,0.201200267,-0.341186180,-0.112333483,-0.050789054,-0.233779754
4.173000,-0.046196480,0.176091460,-0.340599997,-0.112910259,-0.056562443,-0.236196742
4.174000,-0.014410686,0.234039631,-0.368114566,-0.118095422,-0.059964077,-0.233458691
4.175000,0.027487794,0.315258091,-0.408049734,-0.124201617,-0.062747874,-0.229434995
4.176000,0.069386274,0.396476552,-0.447984901,-0.130307811,-0.065531671,-0.225411298
4.177000,0.111284753,0.477695013,-0.487920068,-0.136414005,-0.068315468,-0.221387601
4.178000,0.150735070,0.553979476,-0.530525450,-0.142065974,-0.071082880,-0.217342263
4.179000,0.154888931,0.548475404,-0.585724799,-0.139959545,-0.073389690,-0.212845393
4.180000,0.142068841,0.496094301,-0.639790117,-0.133695915,-0.075430101,-0.207707158
4.181000,0.129248750,0.443713199,-0.693855435,-0.127432285,-0.077470512,-0.202568922
4.182000,0.116428660,0.391332096,-0.747920754,-0.121168656,-0.079510923,-0.197430687
4.183000,0.102923060,0.339165299,-0.795427012,-0.114982857,-0.081685288,-0.192289305
4.184000,0.083487820,0.297042849,-0.795009395,-0.110332432,-0.084648779,-0.185460750
4.185000,0.059977777,0.255661306,-0.784658050,-0.106372149,-0.088169005,-0.178231033
4.186000,0.036467735,0.214279764,-0.774306705,-0.102411866,-0.091689232,-0.171001315
4.187000,0.012957693,0.172898221,-0.763955360,-0.098451583,-0.095209458,-0.163771598
4.188000,-0.007324416,0.135025650,-0.753643131,-0.094925352,-0.098524978,-0.156429182
4.189000,0.020772594,0.173082781,-0.753317335,-0.099332279,-0.099173473,-0.147986906
4.190000,0.071834524,0.226727301,-0.761036838,-0.105617840,-0.098671967,-0.139541735
4.191000,0.122896454,0.280371821,-0.768756341,-0.111903400,-0.098170460,-0.131096564
4.192000,0.173958384,0.334016341,-0.776475844,-0.118188961,-0.097668954,-0.122651393
4.193000,0.219153000,0.382217729,-0.788366792,-0.123999412,-0.097278774,-0.114389242
4.194000,0.211843362,0.365231300,-0.819662862,-0.125254711,-0.098119151,-0.108075545
4.195000,0.179172387,0.330341542,-0.853453557,-0.125008590,-0.099655320,-0.102112891
4.196000,0.146501411,0.295451784,-0.887244251,-0.124762470,-0.101191489,-0.096150238
4.197000,0.113830435,0.260562027,-0.921034946,-0.124516349,-0.102727658,-0.090187585
4.198000,0.082231473,0.224117682,-0.953234747,-0.124020123,-0.104264640,-0.084095871
4.199000,0.051960113,0.187791207,-0.981965256,-0.121045261,-0.106150691,-0.076831878
4.200000,0.024837505,0.154349765,-1.006106479,-0.116935107,-0.108431035,-0.068908635
4.201000,-0.002285102,0.120908322,-1.030247702,-0.112824952,-0.110711379,-0.060985392
4.202000,-0.029407710,0.087466880,-1.054388926,-0.108714797,-0.112991722,-0.053062149
4.203000,-0.051752094,0.054136226,-1.077509926,-0.104910963,-0.115074798,-0.045076399
4.204000,-0.027221434,0.046690152,-1.094192921,-0.105874635,-0.115445392,-0.036120656
4.205000,0.016437138,0.053711093,-1.111129887,-0.108811417,-0.115204177,-0.026699888
4.206000,0.060095711,0.060732034,-1.128066852,-0.111748200,-0.114962962,-0.017279120
4.207000,0.103754283,0.067752974,-1.145003818,-0.114684982,-0.114721747,-0.007858352
4.208000,0.142901490,0.075463606,-1.162296459,-0.117367869,-0.114626244,0.001466258
4.209000,0.128548034,0.074310773,-1.184133588,-0.116584748,-0.116030303,0.009421712
4.210000,0.090152217,0.065612946,-1.217562623,-0.114269530,-0.117828187,0.016708640
4.211000,0.051756399,0.056915118,-1.250991657,-0.111954311,-0.119626071,0.023995568
4.212000,0.013360581,0.048217291,-1.284420692,-0.109639092,-0.121423955,0.031282496
4.213000,-0.024015629,0.035209051,-1.318803872,-0.106810332,-0.123087114,0.038384071
4.214000,-0.034485698,-0.005889673,-1.353259078,-0.099506637,-0.122928387,0.043152825
4.215000,-0.035651297,-0.044136987,-1.386539247,-0.091684079,-0.122404929,0.047148928
4.216000,-0.036816896,-0.082384301,-1.419819415,-0.083861520,-0.121881470,0.051145031
4.217000,-0.037982495,-0.120631615,-1.453099584,-0.076038961,-0.121358012,0.055141133
4.218000,-0.039030343,-0.156837524,-1.485137195,-0.068488195,-0.120779721,0.059079786
4.219000,-0.024354930,-0.160477338,-1.479980056,-0.065405912,-0.119149983,0.062139996
4.220000,-0.004238333,-0.157608322,-1.463370705,-0.063407684,-0.117057599,0.064775064
4.221000,0.015878265,-0.154739306,-1.446761354,-0.061409455,-0.114965215,0.067410133
4.222000,0.035994863,-0.151870289,-1.430152003,-0.059411227,-0.112872831,0.070045201
4.223000,0.056781876,-0.149723055,-1.412786930,-0.057361572,-0.110716397,0.072657980
4.224000,0.050819256,-0.156222477,-1.409055352,-0.055005142,-0.109027115,0.074116091
4.225000,0.026507477,-0.153031179,-1.409456336,-0.053608756,-0.107656129,0.075347883
4.226000,0.002195698,-0.149839882,-1.409857319,-0.052212370,-0.106285143,0.076579675
4.227000,-0.022116080,-0.146648584,-1.410258303,-0.050815984,-0.104914157,0.077811467
4.228000,-0.046114780,-0.145172062,-1.411518168,-0.049285053,-0.103549075,0.078988020
4.229000,-0.049685484,-0.168914680,-1.424525134,-0.044511565,-0.101550123,0.079257520
4.230000,-0.036296783,-0.195971043,-1.440641476,-0.038789479,-0.098651421,0.078457448
4.231000,-0.022908083,-0.223027407,-1.456757818,-0.033067393,-0.095752720,0.077657377
4.232000,-0.009519383,-0.250083771,-1.472874160,-0.027345307,-0.092854018,0.076857305
4.233000,0.003298059,-0.275883900,-1.488551272,-0.021799738,-0.089985940,0.076181761
4.234000,0.006128702,-0.274463435,-1.487623797,-0.019782045,-0.088179097,0.078399149
4.235000,0.000884468,-0.262490757,-1.477232377,-0.018845574,-0.086650404,0.081129133
4.236000,-0.004359766,-0.250518078,-1.466840957,-0.017909103,-0.085121711,0.083859117
4.237000,-0.009604000,-0.238545400,-1.456449537,-0.016972632,-0.083593019,0.086589100
4.238000,-0.014223085,-0.228048513,-1.444562328,-0.016160039,-0.082092789,0.089165565
4.239000,-0.021996918,-0.229179554,-1.442283709,-0.016738525,-0.081034247,0.090976493
4.240000,-0.027933248,-0.234955425,-1.447327132,-0.017896250,-0.080281584,0.092988065
4.241000,-0.033869578,-0.240731296,-1.452370555,-0.019053975,-0.079528920,0.094999636
4.242000,-0.039805908,-0.246507167,-1.457413978,-0.020211700,-0.078776257,0.097011208
4.243000,-0.046404154,-0.251999980,-1.462779731,-0.021407803,-0.078052383,0.098965733
4.244000,-0.035678328,-0.241237375,-1.462121116,-0.024440363,-0.077231034,0.101629198
4.245000,-0.006754215,-0.224046439,-1.456956631,-0.028087298,-0.075897502,0.104281836
4.246000,0.022169897,-0.206855504,-1.451792147,-0.031734233,-0.074563970,0.106934475
4.247000,0.051094010,-0.189664568,-1.446627662,-0.035381168,-0.073230438,0.109587114
4.248000,0.079805943,-0.168908722,-1.438915258,-0.039319968,-0.071928099,0.112363395
4.249000,0.100670477,-0.152604279,-1.431694037,-0.044299783,-0.070256555,0.114512306
4.250000,0.108896847,-0.140659211,-1.429339665,-0.049581306,-0.068916521,0.116394547
4.251000,0.117123217,-0.128714143,-1.426985294,-0.054862829,-0.067576488,0.118276788
4.252000,0.125349586,-0.116769075,-1.424630923,-0.060144352,-0.066236454,0.120159029
4.253000,0.132437493,-0.106075034,-1.424819241,-0.065304031,-0.064919780,0.121901991
4.254000,0.108122467,-0.124637920,-1.436749064,-0.067504755,-0.065414209,0.121496358
4.255000,0.078799207,-0.153872642,-1.446622274,-0.068326288,-0.066316028,0.120400289
4.256000,0.049475946,-0.183107365,-1.456495484,-0.069147822,-0.067217846,0.119304219
4.257000,0.020152686,-0.212342087,-1.466368694,-0.069969356,-0.068119665,0.118208149
4.258000,-0.006664731,-0.237729094,-1.475923475,-0.070962917,-0.069008335,0.117122251
4.259000,-0.013501878,-0.224700809,-1.468723030,-0.073410634,-0.069836540,0.115080070
4.260000,-0.019016319,-0.201169756,-1.460369216,-0.076341346,-0.070777179,0.112668229
4.261000,-0.024530761,-0.177638703,-1.452015402,-0.079272057,-0.071717817,0.110256389
4.262000,-0.030045203,-0.154107650,-1.443661588,-0.082202769,-0.072658456,0.107844548
4.263000,-0.034018183,-0.129690394,-1.435016145,-0.085160054,-0.073557034,0.105396985
4.264000,-0.020858637,-0.111192206,-1.436668158,-0.087610798,-0.073498229,0.102014103
4.265000,-0.000472153,-0.096749211,-1.444799237,-0.089896029,-0.072990091,0.098242198
4.266000,0.019914331,-0.082306216,-1.452930317,-0.092181260,-0.072481953,0.094470292
4.267000,0.040300815,-0.067863220,-1.461061397,-0.094466491,-0.071973816,0.090698387
4.268000,0.059172473,-0.055118311,-1.470012502,-0.096591793,-0.071552898,0.086885522
4.269000,0.053625044,-0.060979724,-1.485368807,-0.096487076,-0.072709076,0.081145948
4.270000,0.021732320,-0.076997335,-1.499964586,-0.095222776,-0.075332755,0.074216779
4.271000,-0.010160403,-0.093014947,-1.514560366,-0.093958475,-0.077956434,0.067287609
4.272000,-0.042053127,-0.109032558,-1.529156146,-0.092694175,-0.080580112,0.060358440
4.273000,-0.072322346,-0.124630160,-1.544183328,-0.091331529,-0.083149052,0.053410261
4.274000,-0.082621980,-0.121987425,-1.556823460,-0.088964950,-0.085521253,0.046192120
4.275000,-0.082320766,-0.110473866,-1.562726756,-0.086187114,-0.087661504,0.038954464
4.276000,-0.082019551,-0.098960308,-1.568630051,-0.083409277,-0.089801756,0.031716808
4.277000,-0.081718337,-0.087446749,-1.574533347,-0.080631440,-0.091942007,0.024479151
4.278000,-0.081101095,-0.077680727,-1.581323822,-0.077979066,-0.094026994,0.017350944
4.279000,-0.063386134,-0.063355100,-1.584276640,-0.077575059,-0.095704449,0.009916313
4.280000,-0.041771725,-0.050252402,-1.588000385,-0.078053350,-0.097398762,0.002082741
4.281000,-0.020157316,-0.037149703,-1.591724129,-0.078531641,-0.099093075,-0.005750831
4.282000,0.001457094,-0.024047005,-1.595447873,-0.079009932,-0.100787388,-0.013584402
4.283000,0.022296211,-0.012970110,-1.600961870,-0.079326294,-0.102523346,-0.021426753
4.284000,0.021142778,-0.008279466,-1.624914032,-0.078954396,-0.105257348,-0.028601089
4.285000,0.001572075,-0.008875668,-1.653444535,-0.077855096,-0.108723626,-0.035525245
4.286000,-0.017998627,-0.009471870,-1.681975039,-0.076755796,-0.112189905,-0.042449401
4.287000,-0.037569329,-0.010068073,-1.710505543,-0.075656495,-0.115656183,-0.049373557
4.288000,-0.051699574,-0.006648825,-1.737586979,-0.074804375,-0.118889591,-0.056128810
4.289000,-0.034638283,0.003496601,-1.750511429,-0.074009527,-0.121109269,-0.061693446
4.290000,-0.008067800,0.007165429,-1.763494961,-0.072251672,-0.123051891,-0.066756562
4.291000,0.018502683,0.010834256,-1.776478493,-0.070493817,-0.124994512,-0.071819677
4.292000,0.045373126,0.014385731,-1.789513187,-0.068728881,-0.126924925,-0.076868133
4.293000,0.070032306,0.015394249,-1.804826546,-0.066931657,-0.128896879,-0.081604581
4.294000,0.071123088,0.016982357,-1.826243593,-0.065727987,-0.131674284,-0.084883971
4.295000,0.064713712,0.017359131,-1.851342224,-0.064568316,-0.134528947,-0.087673297
4.296000,0.058241576,0.017676874,-1.876488284,-0.063406168,-0.137383889,-0.090461216
4.297000,0.051769439,0.017994618,-1.901634344,-0.062244019,-0.140238831,-0.093249135
4.298000,0.044915881,0.017271189,-1.926815219,-0.060949826,-0.143108414,-0.095886151
4.299000,0.040377089,0.018352244,-1.952523922,-0.060566142,-0.145608666,-0.096573408
4.300000,0.037149862,0.018269630,-1.980031044,-0.060426852,-0.147827662,-0.096808813
4.301000,0.033922636,0.018187016,-2.007538167,-0.060287562,-0.150046659,-0.097044218
4.302000,0.030695409,0.018104402,-2.035045289,-0.060148272,-0.152265655,-0.097279623
4.303000,0.029194119,0.019129299,-2.061948486,-0.060125262,-0.154384935,-0.097440626
4.304000,0.039511165,0.028284312,-2.072576532,-0.061251678,-0.155576905,-0.095856737
4.305000,0.049303409,0.038089179,-2.080279391,-0.062449061,-0.156579870,-0.093716926
4.306000,0.059095653,0.047894047,-2.087982251,-0.063646443,-0.157582834,-0.091577115
4.307000,0.068887897,0.057698915,-2.095685110,-0.064843826,-0.158585799,-0.089437304
4.308000,0.076614849,0.063577290,-2.103151538,-0.065984222,-0.159615900,-0.087220771
4.309000,0.075660269,0.056037776,-2.115934489,-0.067275496,-0.160378343,-0.084210561
4.310000,0.078908212,0.056760491,-2.128489077,-0.069505801,-0.160748127,-0.080572571
4.311000,0.082156156,0.057483206,-2.141043665,-0.071736107,-0.161117911,-0.076934581
4.312000,0.085404099,0.058205921,-2.153598253,-0.073966412,-0.161487695,-0.073296591
4.313000,0.089921820,0.058514962,-2.166841346,-0.076115435,-0.161788975,-0.069641562
4.314000,0.089454889,0.048913344,-2.193193323,-0.077173231,-0.161875542,-0.065748933
4.315000,0.086202695,0.033978069,-2.223826855,-0.077744183,-0.161810173,-0.061758664
4.316000,0.082950500,0.019042794,-2.254460387,-0.078315135,-0.161744804,-0.057768396
4.317000,0.079698305,0.004107519,-2.285093919,-0.078886087,-0.161679435,-0.053778127
4.318000,0.079460700,-0.008378614,-2.314240454,-0.079541098,-0.161445657,-0.049736788
4.319000,0.092540167,-0.005873941,-2.333512198,-0.080382015,-0.160740205,-0.045520854
4.320000,0.115288075,0.003580108,-2.349570659,-0.081273427,-0.159530823,-0.041357034
4.321000,0.138035982,0.013034158,-2.365629120,-0.082164839,-0.158321440,-0.037193214
4.322000,0.160783890,0.022488207,-2.381687581,-0.083056251,-0.157112058,-0.033029394
4.323000,0.175805090,0.026189485,-2.395089163,-0.083652134,-0.156268216,-0.028953350
4.324000,0.167219511,0.005292058,-2.394850939,-0.083286488,-0.156776194,-0.025320482
4.325000,0.156128210,-0.023323175,-2.390112667,-0.082812094,-0.157562675,-0.021802688
4.326000,0.145036910,-0.051938408,-2.385374396,-0.082337700,-0.158349156,-0.018284893
4.327000,0.133945609,-0.080553640,-2.380636124,-0.081863306,-0.159135637,-0.014767099
4.328000,0.123674655,-0.107182215,-2.376267742,-0.081603840,-0.159867949,-0.011288847
4.329000,0.121228084,-0.095819741,-2.390290436,-0.085467270,-0.159892495,-0.008491428
4.330000,0.123674626,-0.069299882,-2.413128491,-0.090600804,-0.159397732,-0.005972939
4.331000,0.126121169,-0.042780023,-2.435966547,-0.095734337,-0.158902969,-0.003454450
4.332000,0.128567712,-0.016260164,-2.458804603,-0.100867871,-0.158408206,-0.000935961
4.333000,0.129444494,0.007245077,-2.480259904,-0.105720997,-0.158047633,0.001564856
4.334000,0.137402534,-0.004119441,-2.498617627,-0.107405161,-0.157901345,0.003005753
4.335000,0.149073568,-0.023639199,-2.519514523,-0.108327564,-0.157815959,0.004179752
4.336000,0.160744603,-0.043158956,-2.540411419,-0.109249967,-0.157730573,0.005353752
4.337000,0.172415637,-0.062678713,-2.561308315,-0.110172371,-0.157645186,0.006527751
4.338000,0.182854769,-0.083081670,-2.581157558,-0.110871864,-0.157707625,0.007675471
4.339000,0.178756463,-0.088468020,-2.590457534,-0.110931576,-0.159381223,0.008266609
4.340000,0.173605926,-0.086530055,-2.589242855,-0.110580152,-0.161624330,0.008634139
4.341000,0.168380685,-0.084566787,-2.587960349,-0.110213561,-0.163877801,0.008994940
4.342000,0.163155444,-0.082603519,-2.586677843,-0.109846970,-0.166131272,0.009355740
4.343000,0.156294580,-0.081916030,-2.584633358,-0.109463039,-0.168478823,0.009617436
4.344000,0.146088489,-0.097142657,-2.583872617,-0.108774626,-0.171427486,0.009341767
4.345000,0.136928755,-0.120016736,-2.586886293,-0.108231488,-0.174812237,0.008605276
4.346000,0.132996057,-0.140664854,-2.589147703,-0.108481020,-0.178288651,0.007705677
4.347000,0.129356537,-0.161142309,-2.591297436,-0.108777663,-0.181762151,0.006806752
4.348000,0.125496339,-0.179675992,-2.594175663,-0.109287346,-0.185197002,0.006043253
4.349000,0.138446679,-0.172248637,-2.601898466,-0.111567303,-0.188094618,0.005407684
4.350000,0.165963844,-0.152217721,-2.612177439,-0.114698983,-0.190381477,0.004753767
4.351000,0.194369673,-0.130968355,-2.622870374,-0.117950687,-0.192609728,0.004087304
4.352000,0.222775503,-0.109718989,-2.633563309,-0.121202391,-0.194837979,0.003420840
4.353000,0.248273801,-0.090880676,-2.644355906,-0.124141125,-0.197249151,0.002609081
4.354000,0.244036802,-0.097174642,-2.663634286,-0.124399236,-0.201423433,0.001336710
4.355000,0.225637813,-0.112050941,-2.688266500,-0.123799848,-0.206401904,-0.000142442
4.356000,0.207238824,-0.126927239,-2.712898714,-0.123200459,-0.211380375,-0.001621594
4.357000,0.188839835,-0.141803538,-2.737530927,-0.122601071,-0.216358845,-0.003100746
4.358000,0.177520984,-0.154434961,-2.760693547,-0.121477089,-0.221058849,-0.004475956
4.359000,0.192697099,-0.163948383,-2.772780799,-0.117031716,-0.224742341,-0.005599738
4.360000,0.213333412,-0.173420422,-2.779290706,-0.112070005,-0.228202223,-0.006648399
4.361000,0.233975259,-0.182905508,-2.785774675,-0.107107278,-0.231662470,-0.007696874
4.362000,0.254617105,-0.192390595,-2.792258644,-0.102144550,-0.235122716,-0.008745350
4.363000,0.273457153,-0.201672434,-2.797627836,-0.097587671,-0.238707597,-0.009743049
4.364000,0.276680946,-0.196965055,-2.798085491,-0.098480360,-0.243104674,-0.010167149
4.365000,0.267707252,-0.184674096,-2.795140749,-0.101470074,-0.248375608,-0.010166069
4.366000,0.258733558,-0.172383137,-2.792196007,-0.104459788,-0.253646542,-0.010164988
4.367000,0.249759864,-0.160092178,-2.789251265,-0.107449501,-0.258917476,-0.010163907
4.368000,0.242099066,-0.147119774,-2.788682439,-0.110401724,-0.264008978,-0.010177458
4.369000,0.245533827,-0.140749886,-2.800630381,-0.112081123,-0.267693184,-0.010538977
4.370000,0.251960416,-0.138847192,-2.812384341,-0.113217393,-0.270777803,-0.011034677
4.371000,0.258387005,-0.136944499,-2.824138302,-0.114353663,-0.273862423,-0.011530378
4.372000,0.264813593,-0.135041805,-2.835892262,-0.115489933,-0.276947042,-0.012026079
4.373000,0.270860960,-0.133824668,-2.848663375,-0.116403787,-0.279993539,-0.012546518
4.374000,0.268111072,-0.141185295,-2.870078474,-0.115419775,-0.283308263,-0.012808399
4.375000,0.262669549,-0.163340397,-2.897523148,-0.112832323,-0.286843854,-0.013136562
4.376000,0.257228026,-0.185495500,-2.924967823,-0.110244871,-0.290379446,-0.013464725
4.377000,0.251786503,-0.207650602,-2.952412498,-0.107657419,-0.293915037,-0.013792887
4.378000,0.248619216,-0.227172598,-2.978136641,-0.105492150,-0.297403716,-0.014120152
4.379000,0.261970718,-0.210945917,-2.991522863,-0.108164876,-0.300758976,-0.013911803
4.380000,0.278271107,-0.167492513,-3.000691987,-0.113294294,-0.304028163,-0.013586517
4.381000,0.294571495,-0.124039108,-3.009861111,-0.118423712,-0.307297350,-0.013261231
4.382000,0.310871884,-0.080585703,-3.019030236,-0.123553131,-0.310566537,-0.012935945
4.383000,0.327902640,-0.040360710,-3.028548087,-0.128570376,-0.313851275,-0.012746292
4.384000,0.341623893,-0.035348854,-3.025953627,-0.132406792,-0.317397350,-0.014161151
4.385000,0.351570717,-0.044270759,-3.022415907,-0.135734714,-0.321003590,-0.016155962
4.386000,0.361517541,-0.053192664,-3.018878187,-0.139062635,-0.324609831,-0.018150773
4.387000,0.371464365,-0.062114569,-3.015340467,-0.142390557,-0.328216071,-0.020145584
4.388000,0.378380394,-0.072812205,-3.013954864,-0.145437699,-0.331933506,-0.022205426
4.389000,0.362121813,-0.080804737,-3.050597476,-0.146170417,-0.336270057,-0.024180783
4.390000,0.339986846,-0.091552504,-3.096406849,-0.145895705,-0.340773383,-0.026209427
4.391000,0.317851880,-0.102300270,-3.142216222,-0.145620994,-0.345276708,-0.028238070
4.392000,0.295716913,-0.113048037,-3.188025595,-0.145346283,-0.349780034,-0.030266714
4.393000,0.276032271,-0.121104991,-3.230573344,-0.145403254,-0.354299627,-0.032069463
4.394000,0.275094541,-0.133846878,-3.245930112,-0.146492354,-0.359350119,-0.032999005
4.395000,0.282073840,-0.154161963,-3.246425558,-0.147762764,-0.364549274,-0.033404562
4.396000,0.289068556,-0.174483589,-3.246906330,-0.149033386,-0.369747986,-0.033810079
4.397000,0.296063272,-0.194805214,-3.247387103,-0.150304008,-0.374946697,-0.034215595
4.398000,0.306083836,-0.210490130,-3.248306728,-0.152010059,-0.380004273,-0.034623828
4.399000,0.330794093,-0.171657387,-3.259812639,-0.158514167,-0.383993283,-0.034884982
4.400000,0.352484830,-0.113426117,-3.280529112,-0.166631571,-0.387670993,-0.035211697
4.401000,0.374175568,-0.055194847,-3.301245585,-0.174748975,-0.391348704,-0.035538412
4.402000,0.395866305,0.003036423,-3.321962058,-0.182866379,-0.395026415,-0.035865126
4.403000,0.413503733,0.058045861,-3.345020792,-0.190656776,-0.398788987,-0.036328888
4.404000,0.393585899,0.058532188,-3.390694335,-0.193132565,-0.403157246,-0.038481536
4.405000,0.366257517,0.039733371,-3.440690261,-0.193499593,-0.407825082,-0.041176991
4.406000,0.338894966,0.020836472,-3.490714557,-0.193852023,-0.412496418,-0.043875125
4.407000,0.311532415,0.001939574,-3.540738853,-0.194204453,-0.417167754,-0.046573259
4.408000,0.285288304,-0.016694322,-3.589744327,-0.194512748,-0.421847327,-0.049276319
4.409000,0.295295655,-0.029759348,-3.604609733,-0.194329469,-0.426719611,-0.052170896
4.410000,0.322468612,-0.045103983,-3.600912595,-0.194113189,-0.431545125,-0.054912518
4.411000,0.349685470,-0.060475382,-3.597144322,-0.193898238,-0.436369576,-0.057654196
4.412000,0.376902329,-0.075846781,-3.593376048,-0.193683287,-0.441194027,-0.060395874
4.413000,0.402770406,-0.091124254,-3.589453866,-0.193649201,-0.446030658,-0.063161132
4.414000,0.393556964,-0.085841891,-3.595608746,-0.198452577,-0.451431761,-0.065848990
4.415000,0.373423595,-0.068620980,-3.607215280,-0.205038284,-0.456914200,-0.068559418
4.416000,0.353290226,-0.051400070,-3.618821814,-0.211623992,-0.462396640,-0.071269846
4.417000,0.333156856,-0.034179159,-3.630428348,-0.218209699,-0.467879080,-0.073980274
4.418000,0.314460627,-0.019293145,-3.643977514,-0.224314482,-0.473280514,-0.076674310
4.419000,0.330777602,-0.026620639,-3.670942102,-0.225591601,-0.476642524,-0.079002105
4.420000,0.362148811,-0.047371112,-3.701681972,-0.225010359,-0.479114776,-0.081283216
4.421000,0.393520020,-0.068121586,-3.732421842,-0.224429117,-0.481587028,-0.083564326
4.422000,0.424891228,-0.088872059,-3.763161711,-0.223847874,-0.484059281,-0.085845437
4.423000,0.453037819,-0.108445889,-3.790367037,-0.223153953,-0.486624267,-0.088189955
4.424000,0.440519010,-0.129962987,-3.786811802,-0.221740827,-0.490821001,-0.091235750
4.425000,0.416211899,-0.152959796,-3.773847134,-0.219998796,-0.495635584,-0.094562385
4.426000,0.391904789,-0.175956605,-3.760882466,-0.218256765,-0.500450167,-0.097889021
4.427000,0.367597679,-0.198953414,-3.747917798,-0.216514735,-0.505264749,-0.101215656
4.428000,0.345470255,-0.218844920,-3.735692567,-0.215030985,-0.509910563,-0.104496530
4.429000,0.350503647,-0.186828425,-3.739158841,-0.218025483,-0.512403336,-0.107362212
4.430000,0.362168209,-0.126954976,-3.758453487,-0.223957054,-0.514118538,-0.110059514
4.431000,0.373832771,-0.067081527,-3.777748132,-0.229888625,-0.515833740,-0.112756815
4.432000,0.385497333,-0.007208078,-3.797042778,-0.235820197,-0.517548942,-0.115454117
4.433000,0.397434545,0.044109240,-3.812946694,-0.240814085,-0.519293129,-0.118136919
4.434000,0.409860627,0.024194730,-3.818608088,-0.238230069,-0.521378929,-0.120319271
4.435000,0.422694781,-0.017515440,-3.825346170,-0.233062595,-0.523508178,-0.121904967
4.436000,0.435707447,-0.059830373,-3.832081815,-0.227836054,-0.525632999,-0.123468662
4.437000,0.448720113,-0.102145307,-3.838817460,-0.222609513,-0.527757820,-0.125032357
4.438000,0.461598721,-0.142072283,-3.845418231,-0.217554454,-0.529862148,-0.126549582
4.439000,0.457921907,-0.126840479,-3.857204418,-0.216407494,-0.532079828,-0.126778843
4.440000,0.440993838,-0.079186640,-3.871070450,-0.217711520,-0.534303187,-0.126263328
4.441000,0.424045571,-0.031355129,-3.884886109,-0.219027371,-0.536523569,-0.125747666
4.442000,0.407097304,0.016476382,-3.898701768,-0.220343222,-0.538743951,-0.125232004
4.443000,0.391729218,0.061526684,-3.912832317,-0.221495995,-0.540841704,-0.124710115
4.444000,0.404727541,0.071329609,-3.928507909,-0.220991330,-0.541182130,-0.123822209
4.445000,0.437800927,0.064791601,-3.947903016,-0.219838246,-0.540493959,-0.123017841
4.446000,0.470885082,0.058217728,-3.967313717,-0.218684221,-0.539805138,-0.122214207
4.447000,0.503969237,0.051643856,-3.986724419,-0.217530197,-0.539116317,-0.121410573
4.448000,0.534928462,0.043349594,-4.006004809,-0.216210011,-0.538548369,-0.120627693
4.449000,0.546973055,0.041359389,-3.991257463,-0.214577774,-0.539320219,-0.119208199
4.450000,0.552267679,0.049714635,-3.942676014,-0.213026886,-0.541002713,-0.116823508
4.451000,0.557562228,0.058072865,-3.894080382,-0.211476109,-0.542685512,-0.114438672
4.452000,0.562856777,0.066431095,-3.845484750,-0.209925332,-0.544368311,-0.112053835
4.453000,0.565269569,0.075361429,-3.798326834,-0.208344123,-0.546143559,-0.109575401
4.454000,0.531699101,0.090616133,-3.791378863,-0.206502820,-0.548534961,-0.105743220
4.455000,0.482408996,0.108388754,-3.803954365,-0.204432660,-0.551025429,-0.101244038
4.456000,0.433118891,0.126161374,-3.816529868,-0.202362501,-0.553515897,-0.096744856
4.457000,0.383828785,0.143933995,-3.829105371,-0.200292341,-0.556006366,-0.092245675
4.458000,0.340492186,0.156154561,-3.840771482,-0.197888990,-0.558166433,-0.087763502
4.459000,0.347266728,0.133374237,-3.833909090,-0.192669035,-0.557966503,-0.082654924
4.460000,0.370646193,0.103339086,-3.816143238,-0.186704549,-0.557177483,-0.077294828
4.461000,0.394025658,0.073303935,-3.798377386,-0.180740062,-0.556388463,-0.071934733
4.462000,0.417405122,0.043268784,-3.780611534,-0.174775576,-0.555599442,-0.066574638
4.463000,0.439388780,0.016860856,-3.764244904,-0.169077345,-0.554835003,-0.061212283
4.464000,0.440357311,0.023966827,-3.784202111,-0.174344727,-0.559762712,-0.060498048
4.465000,0.433552983,0.040957264,-3.812186992,-0.172862147,-0.558926458,-0.055591243
4.466000,0.426748654,0.057947700,-3.840171873,-0.171379567,-0.558090203,-0.050684437
4.467000,0.419944326,0.074938137,-3.868156754,-0.169896987,-0.557253949,-0.045777632
4.468000,0.413777467,0.089855327,-3.895089070,-0.168203907,-0.556482103,-0.040871915
4.469000,0.440500985,0.061790829,-3.896556739,-0.163725580,-0.555596692,-0.036341632
4.470000,0.484247118,0.016665001,-3.883627263,-0.158122013,-0.554704599,-0.032020552
4.471000,0.528300005,-0.028671350,-3.870700503,-0.152489353,-0.553810821,-0.027707209
4.472000,0.572352892,-0.074007702,-3.857773742,-0.146856692,-0.552917044,-0.023393867
4.473000,0.611185771,-0.114732517,-3.845134654,-0.141578357,-0.552200541,-0.019042805
4.474000,0.578200179,-0.109091345,-3.837166355,-0.139282860,-0.553970096,-0.014259486
4.475000,0.506547776,-0.084631408,-3.837695218,-0.138019683,-0.557142533,-0.009143364
4.476000,0.434895374,-0.060171471,-3.838224081,-0.136756506,-0.560314969,-0.004027241
4.477000,0.363242972,-0.035711533,-3.838752944,-0.135493329,-0.563487406,0.001088881
4.478000,0.296251380,-0.016776062,-3.839196591,-0.133978418,-0.566416845,0.005972749
4.479000,0.286119499,-0.038237520,-3.836402066,-0.130613282,-0.566583947,0.009134522
4.480000,0.296534598,-0.071334091,-3.830458021,-0.126628699,-0.565732116,0.011721192
4.481000,0.306949698,-0.104430662,-3.824513977,-0.122644116,-0.564880284,0.014307862
4.482000,0.317364798,-0.137527233,-3.818569933,-0.118659534,-0.564028452,0.016894532
4.483000,0.329015541,-0.169301157,-3.812276364,-0.114805659,-0.563056742,0.019401308
4.484000,0.373053606,-0.186646370,-3.810785998,-0.113150216,-0.559868107,0.020004977
4.485000,0.434064440,-0.196907440,-3.816568981,-0.112578121,-0.555367989,0.019624998
4.486000,0.495075274,-0.207168509,-3.822351963,-0.112006025,-0.550867872,0.019245019
4.487000,0.556086108,-0.217429578,-3.828134946,-0.111433929,-0.546367754,0.018865041
4.488000,0.611439052,-0.227925405,-3.832058676,-0.110570859,-0.542317167,0.018860596
4.489000,0.636718075,-0.237930310,-3.817677970,-0.106814433,-0.540302900,0.020942794
4.490000,0.661608427,-0.247885850,-3.798262625,-0.102257307,-0.538514168,0.023701056
4.491000,0.684947228,-0.254899392,-3.776745439,-0.097600537,-0.536872832,0.026712525
4.492000,0.708286029,-0.261912934,-3.755228252,-0.092943767,-0.535231496,0.029723994
4.493000,0.729938984,-0.265976449,-3.735460031,-0.088520232,-0.533609619,0.032938809
4.494000,0.725683672,-0.233202068,-3.732824637,-0.089263888,-0.532485591,0.037367871
4.495000,0.704653560,-0.174161401,-3.729691959,-0.093439023,-0.531707495,0.041910047
4.496000,0.683591755,-0.114855854,-3.726520667,-0.097639544,-0.530927594,0.046460985
4.497000,0.662529950,-0.055550307,-3.723349375,-0.101840066,-0.530147693,0.051011923
4.498000,0.641364079,-0.000443791,-3.717326438,-0.105837984,-0.529464258,0.055408603
4.499000,0.602943836,-0.020307922,-3.673725353,-0.104604897,-0.531138992,0.057646717
4.500000,0.567605765,-0.065614692,-3.620497675,-0.101059894,-0.533119963,0.059393120
4.501000,0.532267693,-0.110921463,-3.567269998,-0.097514891,-0.535100933,0.061139522
4.502000,0.496929622,-0.156228233,-3.514042321,-0.093969888,-0.537081904,0.062885925
4.503000,0.458112121,-0.197152817,-3.463382811,-0.090529550,-0.538945325,0.064578699
4.504000,0.428585846,-0.212956148,-3.444221917,-0.088088940,-0.537754436,0.065137139
4.505000,0.410728356,-0.225260867,-3.432610653,-0.086017929,-0.535281914,0.065018680
4.506000,0.392870867,-0.237565586,-3.420999388,-0.083946917,-0.532809392,0.064900222
4.507000,0.375013377,-0.249870306,-3.409388124,-0.081875905,-0.530336869,0.064781763
4.508000,0.358382953,-0.261057228,-3.397368074,-0.079875320,-0.527786836,0.064675507
4.509000,0.339441456,-0.248684032,-3.389422663,-0.079134200,-0.524740942,0.066150355
4.510000,0.313366532,-0.227036626,-3.388768618,-0.078926118,-0.521562642,0.068459482
4.511000,0.287291608,-0.205389220,-3.388114574,-0.078718036,-0.518384342,0.070768609
4.512000,0.261216684,-0.183741814,-3.387460530,-0.078509955,-0.515206042,0.073077736
4.513000,0.237235580,-0.163678758,-3.385089687,-0.078290337,-0.511988952,0.075336464
4.514000,0.260443589,-0.158552469,-3.367971470,-0.078312368,-0.507005720,0.076813072
4.515000,0.301359371,-0.155683830,-3.344148085,-0.078586001,-0.501421632,0.077932244
4.516000,0.342275154,-0.152815190,-3.320324699,-0.078859634,-0.495837544,0.079051415
4.517000,0.383190936,-0.149946551,-3.296501313,-0.079133267,-0.490253456,0.080170587
4.518000,0.423486278,-0.146250651,-3.272298406,-0.079456783,-0.484689167,0.081232979
4.519000,0.421852200,-0.119636490,-3.251040470,-0.080554663,-0.480000552,0.081333813
4.520000,0.390155284,-0.081590522,-3.239814421,-0.081833716,-0.475788159,0.081168512
4.521000,0.355478216,-0.042570973,-3.230043451,-0.083162318,-0.471610592,0.081001861
4.522000,0.320801148,-0.003551424,-3.220272481,-0.084490921,-0.467433026,0.080835210
4.523000,0.290906639,0.031680344,-3.208512307,-0.085555553,-0.463129904,0.080591034
4.524000,0.301291599,0.009415537,-3.186418909,-0.083254387,-0.456804205,0.079493964
4.525000,0.339483045,-0.056132801,-3.154411211,-0.078604399,-0.448911981,0.077438567
4.526000,0.378474729,-0.123702977,-3.121763529,-0.073837056,-0.441006000,0.075293627
4.527000,0.417466413,-0.191273153,-3.089115846,-0.069069712,-0.433100019,0.073148686
4.528000,0.452895274,-0.255308530,-3.057676255,-0.064539265,-0.425345767,0.070993559
4.529000,0.447426343,-0.250748103,-3.040533581,-0.064437552,-0.419528028,0.068920124
4.530000,0.426931143,-0.220955196,-3.028032113,-0.066157355,-0.414473961,0.066885325
4.531000,0.406435943,-0.191162289,-3.015530645,-0.067877157,-0.409419894,0.064850526
4.532000,0.385940742,-0.161369382,-3.003029176,-0.069596960,-0.404365828,0.062815727
4.533000,0.366754306,-0.132178116,-2.987742024,-0.071279125,-0.399281840,0.060748294
4.534000,0.362653794,-0.119394337,-2.950299788,-0.072390775,-0.393700047,0.058419092
4.535000,0.364103001,-0.117786505,-2.911222352,-0.072975379,-0.388135739,0.056179805
4.536000,0.365552208,-0.116178673,-2.872144916,-0.073559983,-0.382571431,0.053940519
4.537000,0.367166105,-0.113733731,-2.832989069,-0.074156772,-0.376986038,0.051692585
4.538000,0.369157988,-0.104989627,-2.793609730,-0.074818238,-0.371212699,0.049341875
4.539000,0.367454146,-0.093224435,-2.769768039,-0.073924795,-0.364783631,0.046887009
4.540000,0.362336278,-0.087147298,-2.754766490,-0.072000338,-0.358026522,0.044334214
4.541000,0.357218410,-0.081070162,-2.739764941,-0.070075880,-0.351269412,0.041781419
4.542000,0.352100542,-0.074993026,-2.724763392,-0.068151422,-0.344512302,0.039228624
4.543000,0.347531478,-0.068887845,-2.708728561,-0.066265391,-0.337734337,0.036661776
4.544000,0.336043182,-0.072050821,-2.680804360,-0.064740895,-0.331103862,0.034009808
4.545000,0.316580064,-0.082975386,-2.644386680,-0.063112201,-0.324798667,0.031273103
4.546000,0.293235560,-0.097434122,-2.610146342,-0.061702995,-0.318601736,0.028479075
4.547000,0.269891057,-0.111892858,-2.575906004,-0.060293790,-0.312404805,0.025685048
4.548000,0.247153065,-0.124467596,-2.540520802,-0.059045426,-0.306276347,0.022887651
4.549000,0.250141679,-0.113222897,-2.493992312,-0.059476592,-0.300065948,0.019510404
4.550000,0.264077721,-0.090424145,-2.447403484,-0.060806972,-0.293802867,0.015937363
4.551000,0.278013763,-0.067625394,-2.400814657,-0.062137352,-0.287539785,0.012364321
4.552000,0.291949804,-0.044826643,-2.354225829,-0.063467732,-0.281276704,0.008791280
4.553000,0.305536209,-0.022065693,-2.308132252,-0.064778577,-0.275018749,0.005229871
4.554000,0.297247298,-0.019488742,-2.299567709,-0.063530756,-0.269116980,0.001925164
4.555000,0.279124526,-0.031703904,-2.309480068,-0.060795409,-0.263330205,-0.001402492
4.556000,0.261001754,-0.043919067,-2.319392427,-0.058060063,-0.257543429,-0.004730148
4.557000,0.242878982,-0.056134229,-2.329304786,-0.055324716,-0.251756653,-0.008057804
4.558000,0.225814132,-0.068668186,-2.337178297,-0.052613023,-0.245932910,-0.011447360
4.559000,0.235743293,-0.072922150,-2.303932898,-0.052129331,-0.239371395,-0.015668244
4.560000,0.255002880,-0.068292812,-2.259478883,-0.053239282,-0.232560249,-0.020209179
4.561000,0.274262467,-0.063663474,-2.215024869,-0.054349232,-0.225749103,-0.024750113
4.562000,0.293522053,-0.059034136,-2.170570854,-0.055459183,-0.218937956,-0.029291048
4.563000,0.313645106,-0.056959928,-2.125339394,-0.056233639,-0.212187502,-0.033548423
4.564000,0.318747343,-0.063085217,-2.086909649,-0.054767799,-0.205942145,-0.036359589
4.565000,0.313684093,-0.073478416,-2.050514116,-0.052205020,-0.200115246,-0.038749281
4.566000,0.308620843,-0.083871614,-2.014118584,-0.049642241,-0.194288348,-0.041138973
4.567000,0.303557593,-0.094264813,-1.977723051,-0.047079462,-0.188461449,-0.043528665
4.568000,0.299313124,-0.103583653,-1.942096229,-0.044701497,-0.182599551,-0.045900119
4.569000,0.308839094,-0.079583499,-1.923220897,-0.046613463,-0.176633811,-0.047729807
4.570000,0.319224698,-0.041557024,-1.907000544,-0.050321658,-0.170654180,-0.049431865
4.571000,0.329610301,-0.003530549,-1.890780191,-0.054029853,-0.164674549,-0.051133923
4.572000,0.339995904,0.034495926,-1.874559838,-0.057738048,-0.158694918,-0.052835981
4.573000,0.348631631,0.066539580,-1.858415457,-0.060790668,-0.152743707,-0.054552217
4.574000,0.320724717,0.070212960,-1.831122267,-0.058889345,-0.147554570,-0.056218954
4.575000,0.281405353,0.068428470,-1.803767053,-0.055873638,-0.142689402,-0.057979018
4.576000,0.242085989,0.066643979,-1.776411839,-0.052857932,-0.137824234,-0.059739082
4.577000,0.202766625,0.064859489,-1.749056624,-0.049842225,-0.132959066,-0.061499146
4.578000,0.167580960,0.062628093,-1.719788474,-0.046976416,-0.128018942,-0.063207690
4.579000,0.178170361,0.074319083,-1.683715549,-0.047656830,-0.122877280,-0.064279747
4.580000,0.202089447,0.094132286,-1.644006947,-0.049547585,-0.117772652,-0.065054821
4.581000,0.226008532,0.113945488,-1.604298346,-0.051438340,-0.112668024,-0.065829895
4.582000,0.249927618,0.133758691,-1.564589744,-0.053329095,-0.107563396,-0.066604970
4.583000,0.269726268,0.154681708,-1.525531335,-0.055139688,-0.102606232,-0.067378417
4.584000,0.254276053,0.172457965,-1.486166191,-0.055596786,-0.098365457,-0.068156322
4.585000,0.230518959,0.181180422,-1.449482849,-0.055663327,-0.094067236,-0.069080887
4.586000,0.206761865,0.189902878,-1.412799508,-0.055729867,-0.089769016,-0.070005452
4.587000,0.183004771,0.198625335,-1.376116166,-0.055796407,-0.085470795,-0.070930016
4.588000,0.161363635,0.205352837,-1.340277501,-0.055714715,-0.081112712,-0.071755320
4.589000,0.181001781,0.190522461,-1.317932332,-0.054360877,-0.075638972,-0.071218470
4.590000,0.217409275,0.169972851,-1.298109722,-0.052448337,-0.069713807,-0.070094969
4.591000,0.253816769,0.149423241,-1.278287111,-0.050535798,-0.063788642,-0.068971469
4.592000,0.290224263,0.128873631,-1.258464501,-0.048623259,-0.057863478,-0.067847969
4.593000,0.325944700,0.110523917,-1.239145135,-0.046864934,-0.051924288,-0.066802813
4.594000,0.330755170,0.115959688,-1.225153923,-0.047120878,-0.046636411,-0.066646978
4.595000,0.309739308,0.126538216,-1.209838915,-0.048151317,-0.042073763,-0.066823177
4.596000,0.288723445,0.137116744,-1.194523907,-0.049181757,-0.037511115,-0.066999376
4.597000,0.267707582,0.147695272,-1.179208899,-0.050212197,-0.032948466,-0.067175575
4.598000,0.247040750,0.157467583,-1.163345640,-0.051145881,-0.028465429,-0.067250025
4.599000,0.245581898,0.146955121,-1.132898700,-0.050147379,-0.024672547,-0.066067492
4.600000,0.260532631,0.129479115,-1.092989478,-0.048397651,-0.020830190,-0.064495673
4.601000,0.275946249,0.112029492,-1.052935812,-0.046649347,-0.016982345,-0.062916188
4.602000,0.291359867,0.094579870,-1.012882146,-0.044901043,-0.013134500,-0.061336702
4.603000,0.305957311,0.078055897,-0.972991001,-0.043231270,-0.009289504,-0.059845220
4.604000,0.294447197,0.082666302,-0.943297137,-0.043756155,-0.006347609,-0.058660468
4.605000,0.269419493,0.089484203,-0.924192332,-0.045078824,-0.003902582,-0.057426554
4.606000,0.244391790,0.096302104,-0.905087527,-0.046401492,-0.001457555,-0.056192640
4.607000,0.219364087,0.103120005,-0.885982722,-0.047724161,0.000987472,-0.054958726
4.608000,0.195335741,0.110927734,-0.866989387,-0.048966254,0.003411894,-0.053584078
4.609000,0.193850671,0.105442339,-0.842927496,-0.047832480,0.006252401,-0.051266784
4.610000,0.201868289,0.091225210,-0.814289222,-0.045658020,0.009511426,-0.048600179
4.611000,0.209885906,0.077008081,-0.785650948,-0.043483559,0.012770451,-0.045933573
4.612000,0.217903524,0.062790953,-0.757012674,-0.041309098,0.016029475,-0.043266968
4.613000,0.226698366,0.047795901,-0.728349699,-0.039114025,0.019332297,-0.040639026
4.614000,0.228306418,0.029165160,-0.700888204,-0.038114696,0.022473413,-0.038677598
4.615000,0.217741874,-0.000160413,-0.685520794,-0.037426873,0.025422366,-0.037187846
4.616000,0.207177329,-0.029485986,-0.670153383,-0.036739051,0.028371319,-0.035698094
4.617000,0.196612785,-0.058811559,-0.654785972,-0.036051228,0.031320272,-0.034208342
4.618000,0.184917060,-0.083652256,-0.638956966,-0.035493895,0.034122671,-0.032634193
4.619000,0.166709506,-0.050929831,-0.631140625,-0.036128485,0.035138813,-0.030073992
4.620000,0.150730656,-0.007217048,-0.621017508,-0.037010845,0.035870787,-0.027386841
4.621000,0.134751806,0.036495734,-0.610894391,-0.037893206,0.036602761,-0.024699690
4.622000,0.118772955,0.080208516,-0.600771274,-0.038775566,0.037334735,-0.022012539
4.623000,0.104064965,0.121062437,-0.590374830,-0.039548395,0.038099693,-0.019337978
4.624000,0.116495949,0.102023308,-0.561663150,-0.038985506,0.039456607,-0.016807316
4.625000,0.142492699,0.056966791,-0.521407802,-0.037647001,0.041167380,-0.014321550
4.626000,0.168489449,0.011910273,-0.481152453,-0.036308495,0.042878154,-0.011835783
4.627000,0.194486198,-0.033146244,-0.440897105,-0.034969990,0.044588928,-0.009350017
4.628000,0.219519046,-0.076079035,-0.401398799,-0.033807682,0.046274196,-0.006813201
4.629000,0.215393758,-0.069465360,-0.377139932,-0.034874668,0.046853854,-0.003555829
4.630000,0.200890566,-0.040144758,-0.358091887,-0.037167899,0.046899190,-0.000068420
4.631000,0.186387373,-0.010824156,-0.339043842,-0.039461130,0.046944526,0.003418988
4.632000,0.171884181,0.018496446,-0.319995797,-0.041754362,0.046989862,0.006906396
4.633000,0.157844563,0.043548396,-0.300127458,-0.043740009,0.047004842,0.010331612
4.634000,0.160007097,0.023371442,-0.277884926,-0.042260541,0.047446858,0.012671984
4.635000,0.170303720,-0.015644492,-0.253018376,-0.039388636,0.048105724,0.014638456
4.636000,0.180600343,-0.054660426,-0.228151827,-0.036516731,0.048764590,0.016604928
4.637000,0.190896967,-0.093676360,-0.203285277,-0.033644826,0.049423456,0.018571400
4.638000,0.199642810,-0.130052140,-0.179222714,-0.030948778,0.050045325,0.020564062
4.639000,0.183781457,-0.122906084,-0.161884189,-0.030598072,0.049749824,0.023613555
4.640000,0.155810132,-0.099978490,-0.144156607,-0.031361214,0.048767318,0.026938232
4.641000,0.127838807,-0.077050897,-0.126429025,-0.032124356,0.047784811,0.030262909
4.642000,0.099867482,-0.054123303,-0.108701443,-0.032887497,0.046802305,0.033587586
4.643000,0.073830536,-0.033576679,-0.090263574,-0.033476356,0.045865538,0.036867749
4.644000,0.065031837,-0.030271059,-0.071447425,-0.032451605,0.045011772,0.039167704
4.645000,0.059138267,-0.034343885,-0.055932418,-0.030633006,0.044033562,0.041266676
4.646000,0.053244696,-0.038416712,-0.040417410,-0.028814408,0.043055351,0.043365648
4.647000,0.047351125,-0.042489539,-0.024902403,-0.026995809,0.042077141,0.045464620
4.648000,0.042589706,-0.046592227,-0.008829051,-0.025306570,0.041157544,0.047574390
4.649000,0.052800820,-0.051764582,0.018899561,-0.025137735,0.040655807,0.049697009
4.650000,0.074691579,-0.058671462,0.051150084,-0.025806008,0.040377699,0.051959732
4.651000,0.096582338,-0.065578341,0.083400607,-0.026474281,0.040099591,0.054222455
4.652000,0.118473097,-0.072485221,0.115651130,-0.027142554,0.039821483,0.056485178
4.653000,0.137952569,-0.078568893,0.146855311,-0.027789152,0.039501178,0.058745651
4.654000,0.126437666,-0.061068676,0.146867632,-0.029117576,0.038913085,0.060860862
4.655000,0.101670232,-0.036453910,0.129704346,-0.030390579,0.038189797,0.062663347
4.656000,0.076902797,-0.011839144,0.112541061,-0.031663581,0.037466508,0.064465832
4.657000,0.052135363,0.012775621,0.095377776,-0.032936584,0.036743220,0.066268316
4.658000,0.029888178,0.033261796,0.078958117,-0.033931857,0.036059429,0.068004468
4.659000,0.040874114,-0.007444475,0.089379198,-0.030788923,0.035956937,0.068631989
4.660000,0.058448532,-0.067849845,0.108343863,-0.026090013,0.035804621,0.068937678
4.661000,0.076022950,-0.128255214,0.127308528,-0.021391103,0.035652305,0.069243367
4.662000,0.093597369,-0.188660583,0.146273193,-0.016692193,0.035499989,0.069549056
4.663000,0.108680145,-0.241003167,0.168360703,-0.012766031,0.035245644,0.069943874
4.664000,0.096536716,-0.223000701,0.199706432,-0.015227951,0.033477784,0.070709248
4.665000,0.066873889,-0.167827207,0.239756789,-0.021112251,0.031024238,0.071496029
4.666000,0.037211062,-0.112653714,0.279807145,-0.026996551,0.028570691,0.072282809
4.667000,0.007548234,-0.057480220,0.319857502,-0.032880852,0.026117145,0.073069589
4.668000,-0.016627705,-0.008966058,0.354161499,-0.037836880,0.023993158,0.073846906
4.669000,-0.001046531,-0.005487058,0.342245608,-0.036115885,0.024438650,0.074480064
4.670000,0.020874056,-0.010325939,0.320807872,-0.033057815,0.025278751,0.075231341
4.671000,0.042794644,-0.015164820,0.299370137,-0.029999745,0.026118851,0.075982618
4.672000,0.064715232,-0.020003702,0.277932401,-0.026941675,0.026958952,0.076733895
4.673000,0.082427333,-0.023275056,0.262641381,-0.024145474,0.027568335,0.077377629
4.674000,0.071550537,-0.048271219,0.280172817,-0.019635806,0.026861089,0.076635140
4.675000,0.050815023,-0.086452431,0.307166875,-0.013858295,0.025743797,0.075391168
4.676000,0.030079509,-0.124633642,0.334160934,-0.008080783,0.024626505,0.074147197
4.677000,0.009343995,-0.162814854,0.361154992,-0.002303272,0.023509213,0.072903225
4.678000,-0.013490879,-0.198224779,0.388652551,0.003068054,0.022313485,0.071699576
4.679000,-0.040084142,-0.182948931,0.419305584,0.002411898,0.020649723,0.071523411
4.680000,-0.059920035,-0.140612660,0.449269813,-0.001137092,0.018929405,0.071914710
4.681000,-0.079727726,-0.098195430,0.479270198,-0.004695490,0.017208374,0.072307876
4.682000,-0.099535418,-0.055778200,0.509270583,-0.008253888,0.015487342,0.072701043
4.683000,-0.115882287,-0.015583357,0.535427972,-0.011628050,0.013979271,0.073051884
4.684000,-0.092762697,-0.007189599,0.536272392,-0.012800056,0.014992578,0.072850372
4.685000,-0.053839140,-0.009161628,0.536275473,-0.013177836,0.016906608,0.072400490
4.686000,-0.014910124,-0.011299285,0.536473802,-0.013546209,0.018816738,0.071948942
4.687000,0.024018893,-0.013436942,0.536672132,-0.013914582,0.020726868,0.071497395
4.688000,0.059300229,-0.017666685,0.537246468,-0.013896051,0.022519460,0.070990994
4.689000,0.045387468,-0.053876721,0.545415483,-0.009239552,0.022117672,0.069825771
4.690000,0.015106932,-0.097007885,0.552167800,-0.003354165,0.020990333,0.068693581
4.691000,-0.015173604,-0.140139048,0.558920117,0.002531222,0.019862993,0.067561391
4.692000,-0.045454140,-0.183270212,0.565672434,0.008416609,0.018735653,0.066429202
4.693000,-0.073806199,-0.226040097,0.574040085,0.014130501,0.017681844,0.065237633
4.694000,-0.071977872,-0.233988920,0.592442598,0.015529335,0.017780197,0.064194631
4.695000,-0.057307421,-0.217169135,0.611082468,0.014710308,0.018211755,0.063280910
4.696000,-0.042636969,-0.200349349,0.629722337,0.013891281,0.018643313,0.062367188
4.697000,-0.027966517,-0.183529563,0.648362207,0.013072254,0.019074870,0.061453466
4.698000,-0.014349089,-0.165925821,0.667216105,0.012094733,0.019457850,0.060618575
4.699000,-0.014905475,-0.149700543,0.686107519,0.010685475,0.019809103,0.060381487
4.700000,-0.019376704,-0.139372479,0.703061834,0.009441968,0.020408252,0.060237405
4.701000,-0.023847932,-0.129044414,0.720016148,0.008198461,0.021007400,0.060093324
4.702000,-0.028319161,-0.118716350,0.736970463,0.006954954,0.021606549,0.059949243
4.703000,-0.032813558,-0.106799630,0.754304670,0.005742647,0.022158785,0.059806580
4.704000,-0.030032469,-0.106558226,0.767319365,0.006292086,0.022761191,0.058835624
4.705000,-0.031975327,-0.113226024,0.776890602,0.007744359,0.023292241,0.057298766
4.706000,-0.033918185,-0.119893821,0.786461839,0.009196632,0.023823292,0.055761908
4.707000,-0.035861043,-0.126561619,0.796033075,0.010648905,0.024354342,0.054225049
4.708000,-0.036694742,-0.134217562,0.804989057,0.012230287,0.024950956,0.052677036
4.709000,-0.048119920,-0.134135257,0.813632242,0.015284228,0.025229172,0.051332106
4.710000,-0.069563114,-0.130193142,0.827755647,0.019210911,0.024918680,0.050134492
4.711000,-0.091006309,-0.126251026,0.841879052,0.023137594,0.024608189,0.048936878
4.712000,-0.112449503,-0.122308911,0.856002457,0.027064277,0.024297698,0.047739264
4.713000,-0.131361743,-0.121013918,0.869694778,0.030956192,0.024224135,0.046610713
4.714000,-0.127260251,-0.132557627,0.893331469,0.033560628,0.025527750,0.045581329
4.715000,-0.107380662,-0.143859547,0.924645504,0.035181111,0.027436654,0.044436649
4.716000,-0.087501072,-0.155161468,0.955959540,0.036801594,0.029345558,0.043291970
4.717000,-0.067621483,-0.166463388,0.987273575,0.038422077,0.031254462,0.042147290
4.718000,-0.047738307,-0.177252560,1.018712492,0.040076318,0.033153910,0.040988820
4.719000,-0.038640159,-0.163688593,1.051234789,0.040388592,0.034593583,0.040411692
4.720000,-0.036528641,-0.136471339,1.080281235,0.040009519,0.036078306,0.039806097
4.721000,-0.034417122,-0.109254085,1.109327682,0.039630446,0.037563029,0.039200502
4.722000,-0.032305604,-0.082036831,1.138374128,0.039251373,0.039047752,0.038594908
4.723000,-0.028565741,-0.055018347,1.166616532,0.038868958,0.040612867,0.037992658
4.724000,-0.021009875,-0.059263419,1.181296282,0.040082246,0.042907055,0.036565604
4.725000,-0.016560837,-0.083663326,1.186584309,0.042466010,0.045384132,0.034582416
4.726000,-0.012111800,-0.108063233,1.191872337,0.044849773,0.047861209,0.032599229
4.727000,-0.007662763,-0.132463139,1.197160365,0.047233536,0.050338287,0.030616041
4.728000,-0.002709283,-0.156538677,1.202967726,0.049605436,0.052835585,0.028637754
4.729000,0.001450858,-0.170224244,1.217289592,0.051780796,0.055528244,0.027000524
4.730000,0.008015857,-0.178515817,1.237592358,0.053717261,0.058276615,0.025785155
4.731000,0.014580857,-0.186807391,1.257895124,0.055653727,0.061024985,0.024569785
4.732000,0.021145856,-0.195098964,1.278197889,0.057590192,0.063773356,0.023354415
4.733000,0.026003145,-0.203069662,1.298374703,0.059452740,0.066418020,0.022151336
4.734000,0.028637600,-0.186515162,1.321783562,0.059245600,0.069069446,0.021684316
4.735000,0.026679662,-0.146693950,1.347643323,0.057245109,0.071557182,0.022106704
4.736000,0.024721724,-0.106872738,1.373503083,0.055244619,0.074044918,0.022529091
4.737000,0.022763786,-0.067051527,1.399362844,0.053244129,0.076532653,0.022951479
4.738000,0.022066173,-0.028573625,1.425311307,0.051260602,0.079096217,0.023300385
4.739000,0.026240243,-0.031833944,1.440156571,0.050949271,0.082121791,0.022947326
4.740000,0.030884980,-0.063268015,1.437981944,0.052111970,0.085683934,0.022704980
4.741000,0.035536521,-0.094655539,1.435732494,0.053278210,0.089246399,0.022471919
4.742000,0.040188063,-0.126043064,1.433483044,0.054444449,0.092808865,0.022238858
4.743000,0.045445335,-0.155182557,1.432132271,0.055610601,0.096339873,0.021961086
4.744000,0.034331192,-0.170216233,1.442575991,0.057448170,0.098569213,0.021685855
4.745000,0.018241744,-0.160640603,1.449203731,0.059103957,0.100979369,0.021546676
4.746000,0.001634467,-0.141999830,1.455095523,0.060752319,0.103385013,0.021588671
4.747000,-0.014972809,-0.123359056,1.460987315,0.062400680,0.105790657,0.021630666
4.748000,-0.028906436,-0.103873895,1.465910839,0.063976736,0.108315214,0.021661473
4.749000,-0.017457169,-0.103132657,1.457683502,0.065602133,0.112488859,0.021485118
4.750000,-0.003725214,-0.121394526,1.442015510,0.067879940,0.116802387,0.021684062
4.751000,0.010006741,-0.139656396,1.426347518,0.070157746,0.121115915,0.021883006
4.752000,0.023738697,-0.157918266,1.410679526,0.072435552,0.125429443,0.022081951
4.753000,0.036821711,-0.175953536,1.394510711,0.074678984,0.129823958,0.022258495
4.754000,0.041670130,-0.182896117,1.384740340,0.076007559,0.133601693,0.022607505
4.755000,0.052499199,-0.181582849,1.383006105,0.076654934,0.137349760,0.022653300
4.756000,0.063328269,-0.180269581,1.381271870,0.077302309,0.141097828,0.022699095
4.757000,0.074157338,-0.178956314,1.379537636,0.077949684,0.144845895,0.022744889
4.758000,0.085193265,-0.176183799,1.378403023,0.078639207,0.148522207,0.022854093
4.759000,0.084693444,-0.172644651,1.376296705,0.080804457,0.151524551,0.023370461
4.760000,0.073466494,-0.176928992,1.375272406,0.084060869,0.153844634,0.023818212
4.761000,0.062239545,-0.181213333,1.374248107,0.087317281,0.156164717,0.024265962
4.762000,0.051012595,-0.185497674,1.373223808,0.090573693,0.158484800,0.024713712
4.763000,0.040189981,-0.190044727,1.372249037,0.093853058,0.160862566,0.025202892
4.764000,0.047472292,-0.202373232,1.385453515,0.096445785,0.163750879,0.025752300
4.765000,0.060013239,-0.220313233,1.405401396,0.099027655,0.167072764,0.026015996
4.766000,0.072554186,-0.238253235,1.425349277,0.101609525,0.170394648,0.026279691
4.767000,0.085095134,-0.256193236,1.445297159,0.104191395,0.173716533,0.026543387
4.768000,0.098680661,-0.269870296,1.465656067,0.106577468,0.177107448,0.026787392
4.769000,0.091761221,-0.258848828,1.472590317,0.107062205,0.180661931,0.027075340
4.770000,0.081784555,-0.236064441,1.473009214,0.106474602,0.184638258,0.027491698
4.771000,0.071807890,-0.213280055,1.473428111,0.105887000,0.188614585,0.027908056
4.772000,0.061831224,-0.190495668,1.473847008,0.105299397,0.192590912,0.028324413
4.773000,0.052967648,-0.169694012,1.475102574,0.104840063,0.196618711,0.028702553
4.774000,0.066913171,-0.176399808,1.478970056,0.106642703,0.201991372,0.028473476
4.775000,0.083942266,-0.193232149,1.482831077,0.109293046,0.207656493,0.028037100
4.776000,0.100565772,-0.210538499,1.486636567,0.111979388,0.213337023,0.027592180
4.777000,0.117189279,-0.227844849,1.490442057,0.114665730,0.219017553,0.027147259
4.778000,0.132080070,-0.248191263,1.493369064,0.117547008,0.224732684,0.026734722
4.779000,0.128240185,-0.252576636,1.507510811,0.120443386,0.230225828,0.026813298
4.780000,0.113155859,-0.256985635,1.520214758,0.123934311,0.235906889,0.026895620
4.781000,0.098071534,-0.261394635,1.532918704,0.127425235,0.241587950,0.026977942
4.782000,0.082987208,-0.265803634,1.545622651,0.130916160,0.247269012,0.027060264
4.783000,0.066488037,-0.267996937,1.560239591,0.134357941,0.252873702,0.027147585
4.784000,0.067895601,-0.268648882,1.571729097,0.137338944,0.259018133,0.027343149
4.785000,0.089156372,-0.260793958,1.587190761,0.139593424,0.265522184,0.027739113
4.786000,0.110417142,-0.252939034,1.602652424,0.141847903,0.272026236,0.028135078
4.787000,0.131677913,-0.245084109,1.618114088,0.144102383,0.278530287,0.028531042
4.788000,0.154116379,-0.237191561,1.633796878,0.146342809,0.285095434,0.028890740
4.789000,0.178934943,-0.243380216,1.652655333,0.149383418,0.292151817,0.029266390
4.790000,0.193172361,-0.262236253,1.670355417,0.153200732,0.298946916,0.029633517
4.791000,0.207409780,-0.281092290,1.688055501,0.157018046,0.305742015,0.030000645
4.792000,0.221647198,-0.299948327,1.705755586,0.160835360,0.312537114,0.030367772
4.793000,0.234870618,-0.317711002,1.723653596,0.164700652,0.319308191,0.030794280
4.794000,0.242478956,-0.313671022,1.735185087,0.167692383,0.326435824,0.031326318
4.795000,0.247768363,-0.303080529,1.742646205,0.170756932,0.333630370,0.031955213
4.796000,0.253057771,-0.292490037,1.750107323,0.173821482,0.340824916,0.032584108
4.797000,0.258347178,-0.281899544,1.757568441,0.176886031,0.348019462,0.033213003
4.798000,0.262538072,-0.269804556,1.765528047,0.179924181,0.355154283,0.033791158
4.799000,0.268301864,-0.278432283,1.779280907,0.184733018,0.361418701,0.034207726
4.800000,0.285401284,-0.292567962,1.799494617,0.189880704,0.367588661,0.034826449
4.801000,0.302500705,-0.306703642,1.819708328,0.195028390,0.373758621,0.035445173
4.802000,0.319600126,-0.320839322,1.839922038,0.200176077,0.379928582,0.036063896
4.803000,0.336029241,-0.337019663,1.860531037,0.205425010,0.386039997,0.036625308
4.804000,0.341535157,-0.340962055,1.890398471,0.210222915,0.390934254,0.037350169
4.805000,0.334509132,-0.341842970,1.926766555,0.214813787,0.394858670,0.037991964
4.806000,0.327483106,-0.342723885,1.963134638,0.219404658,0.398783085,0.038633759
4.807000,0.320457080,-0.343604801,1.999502721,0.223995530,0.402707500,0.039275553
4.808000,0.311613051,-0.343615352,2.037513486,0.228407586,0.406450067,0.039769664
4.809000,0.302324682,-0.349577825,2.075908978,0.231019348,0.409906360,0.039619606
4.810000,0.298519313,-0.358248635,2.107788840,0.233005300,0.413414750,0.039211758
4.811000,0.294713945,-0.366919444,2.139668702,0.234991253,0.416923141,0.038803909
4.812000,0.290908576,-0.375590253,2.171548565,0.236977205,0.420431532,0.038396061
4.813000,0.287402174,-0.383663484,2.201412208,0.238766167,0.423859706,0.038082958
4.814000,0.285918527,-0.378100023,2.221017846,0.238594787,0.426516637,0.038293768
4.815000,0.292554926,-0.371716183,2.240417565,0.237466920,0.429235741,0.038576298
4.816000,0.299191325,-0.365332343,2.259817284,0.236339054,0.431954845,0.038858828
4.817000,0.305827724,-0.358948503,2.279217003,0.235211187,0.434673949,0.039141357
4.818000,0.312737002,-0.352388678,2.298477403,0.234055703,0.437403221,0.039407312
4.819000,0.310413110,-0.351190444,2.313598869,0.233475162,0.439462050,0.040033598
4.820000,0.300369285,-0.355805396,2.327832912,0.233136630,0.441048512,0.040685552
4.821000,0.290325460,-0.360420347,2.342066954,0.232798098,0.442634973,0.041337505
4.822000,0.280281635,-0.365035299,2.356300997,0.232459566,0.444221434,0.041989458
4.823000,0.270181220,-0.371221556,2.370552113,0.232137611,0.445783076,0.042647747
4.824000,0.276857067,-0.383544583,2.391287876,0.229917130,0.447737824,0.043239357
4.825000,0.287357096,-0.392083337,2.415216805,0.226874677,0.449728241,0.043818567
4.826000,0.297857126,-0.400622092,2.439145733,0.223832225,0.451718659,0.044397777
4.827000,0.308357155,-0.409160847,2.463074662,0.220789772,0.453709076,0.044976987
4.828000,0.319415238,-0.417018638,2.485825427,0.217817200,0.455708305,0.045521296
4.829000,0.326347899,-0.409532773,2.491686261,0.214973197,0.457276694,0.045246122
4.830000,0.333757497,-0.397532762,2.489877151,0.211816753,0.458914528,0.044784078
4.831000,0.341167096,-0.385532750,2.488068042,0.208660310,0.460552361,0.044322034
4.832000,0.348576694,-0.373532738,2.486258932,0.205503867,0.462190194,0.043859990
4.833000,0.355706636,-0.364098169,2.485096663,0.202472150,0.463770834,0.043330821
4.834000,0.352738486,-0.367970145,2.493777825,0.199662314,0.464294000,0.042347122
4.835000,0.339629350,-0.370592718,2.506540466,0.196401099,0.464189653,0.041118883
4.836000,0.326520214,-0.373215291,2.519303107,0.193139885,0.464085306,0.039890645
4.837000,0.313411078,-0.375837864,2.532065748,0.189878670,0.463980960,0.038662406
4.838000,0.300380226,-0.378016391,2.546099066,0.186552395,0.463871574,0.037477630
4.839000,0.295697563,-0.361642034,2.554280317,0.182080880,0.464150225,0.036954864
4.840000,0.297324969,-0.331468600,2.561742706,0.176866447,0.464390041,0.036666492
4.841000,0.298952376,-0.301295165,2.569205095,0.171652013,0.464629856,0.036378119
4.842000,0.300579782,-0.271121731,2.576667483,0.166437579,0.464869672,0.036089747
4.843000,0.301950090,-0.242674382,2.583553819,0.161450606,0.465123960,0.035780135
4.844000,0.308669221,-0.241477996,2.580754870,0.160801386,0.465883068,0.035219846
4.845000,0.315470081,-0.258611223,2.575110351,0.162425798,0.466974644,0.034539281
4.846000,0.322270941,-0.275744449,2.569465832,0.164050209,0.468066220,0.033858715
4.847000,0.329071802,-0.292877676,2.563821313,0.165674621,0.469157796,0.033178150
4.848000,0.335702755,-0.307610676,2.559431383,0.167225404,0.470205527,0.032565612
4.849000,0.330065509,-0.323777261,2.577933007,0.168205063,0.470573494,0.031919264
4.850000,0.319413074,-0.339409320,2.603061259,0.168883787,0.470472576,0.031315850
4.851000,0.308760640,-0.355041378,2.628189512,0.169562510,0.470371659,0.030712436
4.852000,0.298108205,-0.370673437,2.653317764,0.170241234,0.470270741,0.030109022
4.853000,0.287560360,-0.385383080,2.678316594,0.170774809,0.470209106,0.029509829
4.854000,0.292502632,-0.351840867,2.694812854,0.166080665,0.471127784,0.030091657
4.855000,0.306624408,-0.298988243,2.707333959,0.159333501,0.472576407,0.031442648
4.856000,0.320746184,-0.246135619,2.719855064,0.152586338,0.474025030,0.032793639
4.857000,0.334867960,-0.193282996,2.732376169,0.145839174,0.475473654,0.034144630
4.858000,0.349394168,-0.145017457,2.741569265,0.139499198,0.477106531,0.035314093
4.859000,0.367225744,-0.140595696,2.713525573,0.138532491,0.479970273,0.035309264
4.860000,0.382396405,-0.151257896,2.678720299,0.139659453,0.482871071,0.034984392
4.861000,0.397567066,-0.161920095,2.643915024,0.140786414,0.485771868,0.034659521
4.862000,0.412737726,-0.172582295,2.609109750,0.141913375,0.488672666,0.034334649
4.863000,0.427770746,-0.183828481,2.575848856,0.143086314,0.491513865,0.034009796
4.864000,0.417851477,-0.210418984,2.600906296,0.145330751,0.491914821,0.034131620
4.865000,0.398121600,-0.236440923,2.645600827,0.147481340,0.491394886,0.034352734
4.866000,0.378391722,-0.262462862,2.690295357,0.149631929,0.490874951,0.034573847
4.867000,0.358661845,-0.288484801,2.734989887,0.151782518,0.490355016,0.034794961
4.868000,0.342138355,-0.309236757,2.779512737,0.153486892,0.489984376,0.035137901
4.869000,0.364215170,-0.270959153,2.813035904,0.149696393,0.491757849,0.036796202
4.870000,0.399945650,-0.221245459,2.840400336,0.144368077,0.494507086,0.038926721
4.871000,0.435676130,-0.171531765,2.867764769,0.139039760,0.497256323,0.041057241
4.872000,0.471406610,-0.121818071,2.895129201,0.133711444,0.500005560,0.043187760
4.873000,0.503902795,-0.078579725,2.917788214,0.129244171,0.502883924,0.045088935
4.874000,0.508057356,-0.095066333,2.909976492,0.129835086,0.505424450,0.045723306
4.875000,0.500559518,-0.134333573,2.890188546,0.132682767,0.507910998,0.045775937
4.876000,0.493061681,-0.173600812,2.870400600,0.135530449,0.510397546,0.045828568
4.877000,0.485563843,-0.212868051,2.850612654,0.138378130,0.512884094,0.045881199
4.878000,0.476586329,-0.250260982,2.837510976,0.141196234,0.515108077,0.045993488
4.879000,0.461689307,-0.263064566,2.854207311,0.142770867,0.515671215,0.045915239
4.880000,0.443436807,-0.259262527,2.881468912,0.143261800,0.515266862,0.045859994
4.881000,0.425184307,-0.255460489,2.908730513,0.143752733,0.514862509,0.045804749
4.882000,0.406966104,-0.251652720,2.935959722,0.144241194,0.514459132,0.045748692
4.883000,0.392774114,-0.246860283,2.960712120,0.144441426,0.514189209,0.045652039
4.884000,0.410465043,-0.226117893,2.992572781,0.142036985,0.515284972,0.046250367
4.885000,0.440427361,-0.203279326,3.025094043,0.138935487,0.516977750,0.047133572
4.886000,0.470389679,-0.180440759,3.057615305,0.135833989,0.518670529,0.048016776
4.887000,0.500351997,-0.157602192,3.090136566,0.132732492,0.520363307,0.048899981
4.888000,0.530212085,-0.135947977,3.121959693,0.129767825,0.522069481,0.049736707
4.889000,0.535602366,-0.162382055,3.122132273,0.130813455,0.522968156,0.049123562
4.890000,0.529666740,-0.203285039,3.112261792,0.133008334,0.523342850,0.047922349
4.891000,0.523731115,-0.244188023,3.102391311,0.135203213,0.523717544,0.046721136
4.892000,0.517795489,-0.285091007,3.092520830,0.137398091,0.524092238,0.045519923
4.893000,0.511081719,-0.323882200,3.085999519,0.139681033,0.524440381,0.044391500
4.894000,0.491134453,-0.347042849,3.096863097,0.142803670,0.523963566,0.043683625
4.895000,0.465615706,-0.366018170,3.112521407,0.146581490,0.523204745,0.043178871
4.896000,0.440096959,-0.384993490,3.128179716,0.150359310,0.522445924,0.042674118
4.897000,0.414578212,-0.403968811,3.143838025,0.154137130,0.521687104,0.042169365
4.898000,0.390441072,-0.422274210,3.159336541,0.157698479,0.520962069,0.041614855
4.899000,0.404804127,-0.400364153,3.173246325,0.156051375,0.522046952,0.041141693
4.900000,0.433123743,-0.360511694,3.188711679,0.152686586,0.523885615,0.040956735
4.901000,0.461443359,-0.320659236,3.204177033,0.149321798,0.525724277,0.040771776
4.902000,0.489762975,-0.280806777,3.219642387,0.145957009,0.527562940,0.040586818
4.903000,0.516851745,-0.241794576,3.234214619,0.142679103,0.529392672,0.040395830
4.904000,0.514174042,-0.226901419,3.229877572,0.141556839,0.530761640,0.040418746
4.905000,0.502957009,-0.218634983,3.217905079,0.140764536,0.532204542,0.040289884
4.906000,0.491739975,-0.210368548,3.205932586,0.139972233,0.533647443,0.040161023
4.907000,0.480522942,-0.202102112,3.193960094,0.139179929,0.535090344,0.040032161
4.908000,0.469063354,-0.194382794,3.182352971,0.138420650,0.536522594,0.039887160
4.909000,0.464201976,-0.208472729,3.203411124,0.138681571,0.537702089,0.038726027
4.910000,0.463821288,-0.228537004,3.233321261,0.139299961,0.538793493,0.037450901
4.911000,0.463440600,-0.248601280,3.263231398,0.139918351,0.539884896,0.036175775
4.912000,0.463059911,-0.268665556,3.293141536,0.140536741,0.540976300,0.034900650
4.913000,0.462873252,-0.287777612,3.322437414,0.141102677,0.542116018,0.033649338
4.914000,0.477742730,-0.283839543,3.327735341,0.140515295,0.545308206,0.033309482
4.915000,0.499163997,-0.266003450,3.328858246,0.139623275,0.549540697,0.033062060
4.916000,0.520585263,-0.248167357,3.329981150,0.138731256,0.553773187,0.032814637
4.917000,0.542006530,-0.230331264,3.331104054,0.137839236,0.558005678,0.032567215
4.918000,0.563454940,-0.212649894,3.333160704,0.136908059,0.562178370,0.032322373
4.919000,0.572751463,-0.209559911,3.351166094,0.135976941,0.565087185,0.031593106
4.920000,0.572489469,-0.221251142,3.376965586,0.134846295,0.567124267,0.030845085
4.921000,0.571762525,-0.237718996,3.406058967,0.133691088,0.569107476,0.030122383
4.922000,0.571035582,-0.254186850,3.435152348,0.132535882,0.571090685,0.029399681
4.923000,0.570754810,-0.269816383,3.463104518,0.131401070,0.573135307,0.028643925
4.924000,0.570776390,-0.263641018,3.476924497,0.129902101,0.575856177,0.028227620
4.925000,0.568358639,-0.243802183,3.487358257,0.128310136,0.578723559,0.028132368
4.926000,0.565940888,-0.223963349,3.497792017,0.126718172,0.581590941,0.028037115
4.927000,0.563523137,-0.204124515,3.508225777,0.125126208,0.584458323,0.027941863
4.928000,0.562569174,-0.185951400,3.518289839,0.123543094,0.587394750,0.027852120
4.929000,0.581917179,-0.180907235,3.522470786,0.122388582,0.591247909,0.027456650
4.930000,0.612314553,-0.178629367,3.527577353,0.121274976,0.595426106,0.026980734
4.931000,0.642711927,-0.176351499,3.532683920,0.120161371,0.599604302,0.026504817
4.932000,0.673109301,-0.174073631,3.537790487,0.119047765,0.603782498,0.026028900
4.933000,0.701114199,-0.171079590,3.543287081,0.117940580,0.607842789,0.025520485
4.934000,0.706405852,-0.165087525,3.559587621,0.116976998,0.610772859,0.024796750
4.935000,0.700533772,-0.158285399,3.572247485,0.116135078,0.613170409,0.023900252
4.936000,0.694661692,-0.151483273,3.584907348,0.115293157,0.615567959,0.023003753
4.937000,0.688789612,-0.144681147,3.597567211,0.114451236,0.617965508,0.022107254
4.938000,0.683063522,-0.138204371,3.609329155,0.113476513,0.620373325,0.021310489
4.939000,0.672674302,-0.132725728,3.603205429,0.111566899,0.622950264,0.021608304
4.940000,0.664182146,-0.130379709,3.589823763,0.109534306,0.625747562,0.022148591
4.941000,0.655689990,-0.128033689,3.576442096,0.107501712,0.628544860,0.022688878
4.942000,0.646982289,-0.124463309,3.564422287,0.105448475,0.631287970,0.023243787
4.943000,0.638482593,-0.118068999,3.556137545,0.103354058,0.633909511,0.023807690
4.944000,0.654425304,-0.114326471,3.568205036,0.101663880,0.636899181,0.023424980
4.945000,0.687814486,-0.116287298,3.591486171,0.100299814,0.640433700,0.022253052
4.946000,0.725734488,-0.118933171,3.617143544,0.098884795,0.644229490,0.020979151
4.947000,0.763654490,-0.121579043,3.642800917,0.097469776,0.648025280,0.019705249
4.948000,0.796532816,-0.124382597,3.667307654,0.096153298,0.651581342,0.018577732
4.949000,0.784159011,-0.132484181,3.677144840,0.095867476,0.653152448,0.018759094
4.950000,0.753761567,-0.141172543,3.679483664,0.095857009,0.653762629,0.019408695
4.951000,0.723369564,-0.149284240,3.681888249,0.095824819,0.654354471,0.020084958
4.952000,0.692977561,-0.157395937,3.684292834,0.095792629,0.654946312,0.020761221
4.953000,0.664405878,-0.166745252,3.685516330,0.095742070,0.655575506,0.021375571
4.954000,0.667687300,-0.166814343,3.697595339,0.094005721,0.656647990,0.021447298
4.955000,0.688171252,-0.156165089,3.717381702,0.091363068,0.658059173,0.021430074
4.956000,0.708655204,-0.145515836,3.737168065,0.088720416,0.659470356,0.021412851
4.957000,0.729139156,-0.134866582,3.756954428,0.086077764,0.660881539,0.021395628
4.958000,0.749103536,-0.124380363,3.776225023,0.083459611,0.662292576,0.021374057
4.959000,0.756771023,-0.110795297,3.781351517,0.081114698,0.663462282,0.021779389
4.960000,0.751618065,-0.094737034,3.780351978,0.079005213,0.664268832,0.022385074
4.961000,0.746465106,-0.078678771,3.779352439,0.076895728,0.665075382,0.022990759
4.962000,0.741312148,-0.062620508,3.778352899,0.074786243,0.665881932,0.023596444
4.963000,0.736955187,-0.049111309,3.778177774,0.072681174,0.666608718,0.024205554
4.964000,0.728818579,-0.064546427,3.782469316,0.071930224,0.666376126,0.023903834
4.965000,0.720011522,-0.086608097,3.786595483,0.071544808,0.665951952,0.023293238
4.966000,0.711204464,-0.108669766,3.790721650,0.071159391,0.665527779,0.022682642
4.967000,0.702397407,-0.130731436,3.794847817,0.070773975,0.665103606,0.022072046
4.968000,0.693124586,-0.152161450,3.799457786,0.070363487,0.664670193,0.021482483
4.969000,0.685928155,-0.157203197,3.808308289,0.070042792,0.664301798,0.021601105
4.970000,0.683524475,-0.151066609,3.818040240,0.069723418,0.664215143,0.022250658
4.971000,0.681120796,-0.144930021,3.827772190,0.069404045,0.664128488,0.022900212
4.972000,0.678717116,-0.138793433,3.837504140,0.069084672,0.664041833,0.023549765
4.973000,0.674901122,-0.133124316,3.847036225,0.068644842,0.663894232,0.024169754
4.974000,0.671227716,-0.121684918,3.841041482,0.065462031,0.663860924,0.024567881
4.975000,0.668788893,-0.101779706,3.822457241,0.060799356,0.663902633,0.024737790
4.976000,0.666350070,-0.081874495,3.803873000,0.056136681,0.663944343,0.024907699
4.977000,0.663911247,-0.061969283,3.785288758,0.051474006,0.663986052,0.025077608
4.978000,0.662203046,-0.043981586,3.768365644,0.047083953,0.664026627,0.025234004
4.979000,0.657602436,-0.046269114,3.770838419,0.045909149,0.663794340,0.025598218
4.980000,0.651517606,-0.059377357,3.780162018,0.046296281,0.663480700,0.026268772
4.981000,0.645432776,-0.072485601,3.789485617,0.046683412,0.663167060,0.026939325
4.982000,0.639347946,-0.085593844,3.798809216,0.047070543,0.662853420,0.027609879
4.983000,0.633581517,-0.098571745,3.808164344,0.047453339,0.662548207,0.028263261
4.984000,0.632864627,-0.099352591,3.799731517,0.047833068,0.662395700,0.028164525
4.985000,0.638366382,-0.088900263,3.785727076,0.048181617,0.662377569,0.026982029
4.986000,0.643868136,-0.078447935,3.771722635,0.048530167,0.662359439,0.025799534
4.987000,0.649369890,-0.067995606,3.757718194,0.048878716,0.662341309,0.024617038
4.988000,0.654811894,-0.057776665,3.743609546,0.049218336,0.662353573,0.023526646
4.989000,0.657874425,-0.055408592,3.756944381,0.048561967,0.662444660,0.024062722
4.990000,0.660329977,-0.059902795,3.781588371,0.046872884,0.662658133,0.025460212
4.991000,0.662785530,-0.064396997,3.806232360,0.045183802,0.662871606,0.026857702
4.992000,0.665241082,-0.068891199,3.830876350,0.043494719,0.663085079,0.028255191
4.993000,0.668028147,-0.072948661,3.855531601,0.041821824,0.663284992,0.029661814
4.994000,0.671321760,-0.069498286,3.864695745,0.040694687,0.663669580,0.031286164
4.995000,0.672016355,-0.056575452,3.872475717,0.039585984,0.664237828,0.032781610
4.996000,0.672710951,-0.043652617,3.880255689,0.038477280,0.664806076,0.034277056
4.997000,0.673405546,-0.030729783,3.888035661,0.037368577,0.665374324,0.035772502
4.998000,0.673476223,-0.018069021,3.893600709,0.036318767,0.665947797,0.037259942
4.999000,0.659574041,-0.028805931,3.887667796,0.037437150,0.666424119,0.038052656
5.000000,0.639859640,-0.049496412,3.877758618,0.039594571,0.666729602,0.038335147
5.001000,0.620145239,-0.070186893,3.867849440,0.041751991,0.667035086,0.038617637
5.002000,0.600430838,-0.090877374,3.857940262,0.043909411,0.667340569,0.038900128
5.003000,0.581085686,-0.110457446,3.849520515,0.045928041,0.667609100,0.039145094
5.004000,0.579096845,-0.100639330,3.873026335,0.044294669,0.668019246,0.039717304
5.005000,0.588362571,-0.078368655,3.916487302,0.040846264,0.668571835,0.041164247
5.006000,0.598217968,-0.055384095,3.960667563,0.037346008,0.669121201,0.042675567
5.007000,0.608073365,-0.032399535,4.004847824,0.033845753,0.669670567,0.044186886
5.008000,0.616921558,-0.010426634,4.048871386,0.030390415,0.670201617,0.045663589
5.009000,0.613463356,-0.008043472,4.060604835,0.028434387,0.671704589,0.046982306
5.010000,0.604669646,-0.017995638,4.048400030,0.027537890,0.673663461,0.046705922
5.011000,0.595875936,-0.027947804,4.036195225,0.026641393,0.675622333,0.046429537
5.012000,0.587082226,-0.037899970,4.023990421,0.025744896,0.677581205,0.046153153
5.013000,0.579482920,-0.046432697,4.014904731,0.024819847,0.679562243,0.045876328
5.014000,0.585768786,-0.048897700,4.033585342,0.023957215,0.681336294,0.045663528
5.015000,0.590334002,-0.061709873,4.070031950,0.023906720,0.682869466,0.045969729
5.016000,0.594899217,-0.074522047,4.106478557,0.023856224,0.684402638,0.046275929
5.017000,0.599464433,-0.087334220,4.142925165,0.023805729,0.685935810,0.046582130
5.018000,0.606228530,-0.099154730,4.175388254,0.023732275,0.687798310,0.046914226
5.019000,0.609457339,-0.116427213,4.179313668,0.023604597,0.690859756,0.046253749
5.020000,0.608360990,-0.124151933,4.175059740,0.021915028,0.693691371,0.043656097
5.021000,0.607264641,-0.131876654,4.170805812,0.020225459,0.696522985,0.041058444
5.022000,0.606168291,-0.139601375,4.166551883,0.018535890,0.699354600,0.038460792
5.023000,0.603446937,-0.144362032,4.162521674,0.016675987,0.702062514,0.035690096
5.024000,0.598447068,-0.129270676,4.149493366,0.014284015,0.704485079,0.033675466
5.025000,0.603752782,-0.110057531,4.120163695,0.012750566,0.707349438,0.033353980
5.026000,0.609058496,-0.090844386,4.090834025,0.011217117,0.710213797,0.033032495
5.027000,0.614364209,-0.071631241,4.061504354,0.009683669,0.713078155,0.032711009
5.028000,0.619937714,-0.055054207,4.035020064,0.008281752,0.715861470,0.032377082
5.029000,0.637261958,-0.061958186,4.040512588,0.007976295,0.717424018,0.032508227
5.030000,0.652594486,-0.072637182,4.058236476,0.007706479,0.718513237,0.032507885
5.031000,0.667927014,-0.083316178,4.075960364,0.007436662,0.719602457,0.032507542
5.032000,0.683259541,-0.093995173,4.093684253,0.007166845,0.720691676,0.032507200
5.033000,0.697602519,-0.103682410,4.109739267,0.006913704,0.721686945,0.032475759
5.034000,0.691770842,-0.106508838,4.082116280,0.007638676,0.722076149,0.032223108
5.035000,0.688576513,-0.117802049,4.031422582,0.009551283,0.722695729,0.032889662
5.036000,0.685382183,-0.129095260,3.980728884,0.011463889,0.723315309,0.033556217
5.037000,0.682187854,-0.140388470,3.930035187,0.013376496,0.723934889,0.034222771
5.038000,0.675845203,-0.151884108,3.882139539,0.014568519,0.724315958,0.035049881
5.039000,0.663309859,-0.126839883,3.852824148,0.010537940,0.722791549,0.035712227
5.040000,0.647323265,-0.077895147,3.832140421,0.004691848,0.720728750,0.035612380
5.041000,0.631336672,-0.028950410,3.811456695,-0.001154244,0.718665951,0.035512533
5.042000,0.615350079,0.019994326,3.790772968,-0.007000336,0.716603152,0.035412687
5.043000,0.600009974,0.065721363,3.770026163,-0.012510471,0.714491131,0.035187005
5.044000,0.598787257,0.058703373,3.746998213,-0.012937662,0.712160776,0.034354813
5.045000,0.600198781,0.030100092,3.719778800,-0.011118124,0.709447519,0.033399299
5.046000,0.601610306,0.001496811,3.692559388,-0.009298586,0.706734262,0.032443786
5.047000,0.603021831,-0.027106471,3.665339975,-0.007479047,0.704021004,0.031488273
5.048000,0.603803769,-0.054066398,3.637916505,-0.005725068,0.701206201,0.030461711
5.049000,0.582610749,-0.056032416,3.615699079,-0.004713867,0.696286689,0.029313479
5.050000,0.558578657,-0.049145877,3.594578298,-0.003907576,0.690778148,0.028092355
5.051000,0.534546565,-0.042259339,3.573457517,-0.003101286,0.685269608,0.026871231
5.052000,0.510514473,-0.035372801,3.552336736,-0.002294995,0.679761067,0.025650107
5.053000,0.489369266,-0.028000113,3.531260949,-0.001761208,0.674354069,0.024537123
5.054000,0.493256212,-0.021341904,3.512494103,-0.004395419,0.670063984,0.024164391
5.055000,0.497160599,-0.014408181,3.497548461,-0.008173756,0.665754602,0.024056301
5.056000,0.501064987,-0.007474459,3.482602819,-0.011952093,0.661445220,0.023948211
5.057000,0.504969374,-0.000540736,3.467657177,-0.015730430,0.657135839,0.023840120
5.058000,0.507882974,0.006190955,3.452690263,-0.019455732,0.652770488,0.023800531
5.059000,0.506941533,0.016073704,3.428272283,-0.021600188,0.647953993,0.024440500
5.060000,0.513602408,0.027854115,3.399124455,-0.023075967,0.643386649,0.025171982
5.061000,0.520263284,0.039634527,3.369976627,-0.024551746,0.638819305,0.025903465
5.062000,0.526924159,0.051414939,3.340828799,-0.026027525,0.634251962,0.026634948
5.063000,0.532162675,0.061143968,3.310396269,-0.027255886,0.629679551,0.027276433
5.064000,0.512618247,0.053012207,3.274513887,-0.026248049,0.624591834,0.027821694
5.065000,0.475718786,0.040568370,3.238300746,-0.024640304,0.618896370,0.028480050
5.066000,0.438819324,0.028124534,3.202087606,-0.023032559,0.613200907,0.029138406
5.067000,0.401919863,0.015680698,3.165874465,-0.021424814,0.607505443,0.029796762
5.068000,0.367072346,0.004883786,3.131589599,-0.019960798,0.601916534,0.030560161
5.069000,0.374410633,0.010528356,3.117780274,-0.020748851,0.598485872,0.031961525
5.070000,0.402353358,0.016560472,3.106875237,-0.022114583,0.596097998,0.033463191
5.071000,0.430296083,0.022592588,3.095970200,-0.023480314,0.593710124,0.034964857
5.072000,0.458238807,0.028624704,3.085065163,-0.024846046,0.591322251,0.036466523
5.073000,0.485613497,0.034653269,3.074004787,-0.026207856,0.588884440,0.037995067
5.074000,0.480530412,0.043794836,3.049798381,-0.027797792,0.585477545,0.040299844
5.075000,0.459425564,0.050641485,3.026163405,-0.029175888,0.581523059,0.042800219
5.076000,0.438320716,0.057488135,3.002528429,-0.030553984,0.577568572,0.045300595
5.077000,0.417215868,0.064334784,2.978893453,-0.031932080,0.573614085,0.047800970
5.078000,0.396155460,0.071066188,2.955426950,-0.033282835,0.569679988,0.050312124
5.079000,0.399991863,0.069049045,2.939754887,-0.033362978,0.566726242,0.054769318
5.080000,0.418749005,0.065366633,2.923088186,-0.033067596,0.564368032,0.060503107
5.081000,0.437506146,0.061684221,2.906421485,-0.032772214,0.562009823,0.066236896
5.082000,0.456263288,0.058001808,2.889754784,-0.032476831,0.559651613,0.071970684
5.083000,0.474580317,0.053818901,2.870718899,-0.032102659,0.557342484,0.077649771
5.084000,0.471741249,0.040620977,2.851951724,-0.030781291,0.554574583,0.082143608
5.085000,0.453565541,0.024155850,2.843502380,-0.029041352,0.551154089,0.085807354
5.086000,0.435389834,0.007690722,2.835053036,-0.027301413,0.547733596,0.089471101
5.087000,0.417214127,-0.008774405,2.826603692,-0.025561474,0.544313102,0.093134847
5.088000,0.400024434,-0.025849516,2.817499908,-0.023933352,0.540886845,0.096796591
5.089000,0.395879171,-0.037757193,2.799399821,-0.025753220,0.537237819,0.099978278
5.090000,0.399776313,-0.042588942,2.775543209,-0.029865903,0.533554010,0.102877060
5.091000,0.403673456,-0.047420690,2.751686597,-0.033978587,0.529870200,0.105775843
5.092000,0.407570598,-0.052252439,2.727829985,-0.038091270,0.526186391,0.108674625
5.093000,0.410884850,-0.056623677,2.704699610,-0.042026669,0.522426774,0.111565159
5.094000,0.397692252,-0.058960646,2.680092241,-0.043268085,0.517645301,0.114743128
5.095000,0.376127779,-0.067570780,2.653677091,-0.042960878,0.512503844,0.118204022
5.096000,0.354563307,-0.076180914,2.627261941,-0.042653672,0.507362387,0.121664916
5.097000,0.332998834,-0.084791048,2.600846791,-0.042346466,0.502220929,0.125125810
5.098000,0.311308910,-0.094693790,2.573671108,-0.041954028,0.497079230,0.128445310
5.099000,0.310744568,-0.128911834,2.545629993,-0.041182345,0.492662881,0.129932825
5.100000,0.326794401,-0.168235499,2.517621881,-0.040819559,0.488556010,0.130711411
5.101000,0.342844235,-0.207559164,2.489613770,-0.040456773,0.484449138,0.131489998
5.102000,0.358894069,-0.246882830,2.461605658,-0.040093987,0.480342267,0.132268584
5.103000,0.371355476,-0.279658321,2.427585677,-0.040056912,0.475933141,0.133052820
5.104000,0.383738600,-0.263773889,2.396039057,-0.041657150,0.469707967,0.134307402
5.105000,0.381848796,-0.229714827,2.367230188,-0.043789034,0.462018947,0.136273399
5.106000,0.379958991,-0.195655765,2.338421319,-0.045920918,0.454329927,0.138239397
5.107000,0.377208937,-0.162246494,2.309516526,-0.048047072,0.446585897,0.140222909
5.108000,0.360484523,-0.137421888,2.279136557,-0.050102939,0.438052919,0.142394473
5.109000,0.279525632,-0.138177350,2.215757299,-0.052064456,0.426850790,0.145474290
5.110000,0.182780742,-0.148432031,2.131461783,-0.053839648,0.415543231,0.148860603
5.111000,0.086035852,-0.158686712,2.047166267,-0.055614841,0.404235671,0.152246916
5.112000,-0.010772239,-0.168432864,1.963085091,-0.057401904,0.392956922,0.155613453
5.113000,-0.093000612,-0.171443564,1.882961578,-0.059228502,0.382275813,0.158598895
5.114000,-0.037274068,-0.189883867,1.831206978,-0.059051611,0.376496912,0.160417433
5.115000,0.046009930,-0.213279843,1.786095858,-0.058418052,0.371682233,0.162035148
5.116000,0.129293928,-0.236675819,1.740984738,-0.057784494,0.366867555,0.163652864
5.117000,0.212577927,-0.260071795,1.695873618,-0.057150935,0.362052876,0.165270579
5.118000,0.285371422,-0.281115201,1.651068149,-0.056558606,0.356789328,0.166796578
5.119000,0.283654291,-0.270295978,1.600737337,-0.056214451,0.347424182,0.167457284
5.120000,0.252832883,-0.243107497,1.549678342,-0.056173795,0.336546615,0.168051823
5.121000,0.222011476,-0.215919017,1.498619347,-0.056133139,0.325669047,0.168646362
5.122000,0.191190068,-0.188730537,1.447560352,-0.056092483,0.314791480,0.169240901
5.123000,0.163171271,-0.165501376,1.399080844,-0.056059315,0.304032921,0.169755759
5.124000,0.128693730,-0.163363881,1.347918629,-0.057056396,0.292534906,0.169675360
5.125000,0.090802153,-0.165720391,1.290059065,-0.058385478,0.280897962,0.169644493
5.126000,0.052910577,-0.168076901,1.232199501,-0.059714561,0.269261018,0.169613626
5.127000,0.015019000,-0.170433412,1.174339936,-0.061043644,0.257624074,0.169582758
5.128000,-0.022408167,-0.172496493,1.116696746,-0.062308504,0.246032968,0.169578912
5.129000,-0.035903450,-0.165188833,1.071848028,-0.061810612,0.235692414,0.169952814
5.130000,-0.034922294,-0.149597627,1.033178646,-0.060715050,0.225948817,0.170307492
5.131000,-0.033941138,-0.134006420,0.994509264,-0.059619489,0.216205220,0.170662169
5.132000,-0.032959981,-0.118415213,0.955839882,-0.058523927,0.206461623,0.171016846
5.133000,-0.029933609,-0.103271820,0.917195356,-0.057496480,0.196884994,0.171101407
5.134000,0.000172532,-0.090722593,0.896892387,-0.057556518,0.189913587,0.167819909
5.135000,0.040082252,-0.085049505,0.886239780,-0.058008381,0.183953929,0.162862018
5.136000,0.079991973,-0.079376417,0.875587173,-0.058460243,0.177994272,0.157904126
5.137000,0.119901693,-0.073703329,0.864934565,-0.058912105,0.172034614,0.152946234
5.138000,0.154898290,-0.070374087,0.853383367,-0.059334066,0.165766226,0.147578606
5.139000,0.133421507,-0.074394038,0.818928902,-0.060389292,0.156406538,0.137354146
5.140000,0.085709896,-0.079209782,0.780682340,-0.061613810,0.145808330,0.125504404
5.141000,0.037998285,-0.084025527,0.742435778,-0.062838328,0.135210122,0.113654662
5.142000,-0.009160382,-0.088958905,0.705480675,-0.064067329,0.124762322,0.101822949
5.143000,-0.056329326,-0.089437389,0.675059224,-0.065436476,0.114840046,0.090051479
5.144000,-0.085351241,-0.064441010,0.646183094,-0.067550230,0.106421120,0.077964046
5.145000,-0.068909777,-0.031651488,0.612368231,-0.070444181,0.101027152,0.065456700
5.146000,-0.032524035,0.009364385,0.569846135,-0.074105107,0.096561472,0.052417750
5.147000,0.003861707,0.050380258,0.527324039,-0.077766033,0.092095792,0.039378799
5.148000,0.037703543,0.085684118,0.484793103,-0.081169576,0.087579027,0.026205851
5.149000,0.040248914,0.073553620,0.453582122,-0.083040626,0.082161320,0.011412669
5.150000,0.039085164,0.055363654,0.423898134,-0.084640635,0.076075590,-0.003711837
5.151000,0.037921413,0.037173687,0.394214145,-0.086240644,0.069989861,-0.018836343
5.152000,0.036757662,0.018983721,0.364530157,-0.087840654,0.063904132,-0.033960849
5.153000,0.033190850,0.003428728,0.335711250,-0.089495358,0.057821685,-0.049114909
5.154000,0.013166952,0.019714680,0.309157686,-0.091754816,0.050503820,-0.063938356
5.155000,-0.010579406,0.044175875,0.283480013,-0.094139527,0.042869171,-0.078254141
5.156000,-0.034325763,0.068637071,0.257802339,-0.096524237,0.035234521,-0.092569926
5.157000,-0.058072120,0.093098267,0.232124665,-0.098908947,0.027599872,-0.106885712
5.158000,-0.077824837,0.118372424,0.204720217,-0.101504273,0.020076256,-0.121028025
5.159000,-0.048375000,0.157987073,0.167054539,-0.106478539,0.014889113,-0.132277459
5.160000,-0.001075434,0.197232907,0.121680552,-0.111750854,0.010526775,-0.142889276
5.161000,0.046224132,0.236478740,0.076306566,-0.117023168,0.006164437,-0.153501092
5.162000,0.093523698,0.275724574,0.030932579,-0.122295483,0.001802100,-0.164112909
5.163000,0.137352475,0.312738930,-0.015861582,-0.127103650,-0.002556460,-0.174644719
5.164000,0.138213193,0.316836488,-0.078644918,-0.125588012,-0.007154398,-0.184090162
5.165000,0.113386425,0.315516900,-0.145432236,-0.122045121,-0.012087521,-0.193482115
5.166000,0.088559657,0.314197311,-0.212219554,-0.118502230,-0.017020644,-0.202874068
5.167000,0.063732890,0.312877723,-0.279006872,-0.114959338,-0.021953766,-0.212266020
5.168000,0.039068756,0.308280813,-0.339503740,-0.111692931,-0.026966466,-0.221065113
5.169000,0.018107822,0.290630287,-0.352758115,-0.111501085,-0.032760424,-0.225350905
5.170000,0.000650876,0.260820280,-0.348900804,-0.111778551,-0.038769967,-0.228160521
5.171000,-0.016806070,0.231010273,-0.345043492,-0.112056017,-0.044779511,-0.230970138
5.172000,-0.034263015,0.201200267,-0.341186180,-0.112333483,-0.050789054,-0.233779754
5.173000,-0.046196480,0.176091460,-0.340599997,-0.112910259,-0.056562443,-0.236196742
5.174000,-0.014410686,0.234039631,-0.368114566,-0.118095422,-0.059964077,-0.233458691
5.175000,0.027487794,0.315258091,-0.408049734,-0.124201617,-0.062747874,-0.229434995
5.176000,0.069386274,0.396476552,-0.447984901,-0.130307811,-0.065531671,-0.225411298
5.177000,0.111284753,0.477695013,-0.487920068,-0.136414005,-0.068315468,-0.221387601
5.178000,0.150735070,0.553979476,-0.530525450,-0.142065974,-0.071082880,-0.217342263
5.179000,0.154888931,0.548475404,-0.585724799,-0.139959545,-0.073389690,-0.212845393
5.180000,0.142068841,0.496094301,-0.639790117,-0.133695915,-0.075430101,-0.207707158
5.181000,0.129248750,0.443713199,-0.693855435,-0.127432285,-0.077470512,-0.202568922
5.182000,0.116428660,0.391332096,-0.747920754,-0.121168656,-0.079510923,-0.197430687
5.183000,0.102923060,0.339165299,-0.795427012,-0.114982857,-0.081685288,-0.192289305
5.184000,0.083487820,0.297042849,-0.795009395,-0.110332432,-0.084648779,-0.185460750
5.185000,0.059977777,0.255661306,-0.784658050,-0.106372149,-0.088169005,-0.178231033
5.186000,0.036467735,0.214279764,-0.774306705,-0.102411866,-0.091689232,-0.171001315
5.187000,0.012957693,0.172898221,-0.763955360,-0.098451583,-0.095209458,-0.163771598
5.188000,-0.007324416,0.135025650,-0.753643131,-0.094925352,-0.098524978,-0.156429182
5.189000,0.020772594,0.173082781,-0.753317335,-0.099332279,-0.099173473,-0.147986906
5.190000,0.071834524,0.226727301,-0.761036838,-0.105617840,-0.098671967,-0.139541735
5.191000,0.122896454,0.280371821,-0.768756341,-0.111903400,-0.098170460,-0.131096564
5.192000,0.173958384,0.334016341,-0.776475844,-0.118188961,-0.097668954,-0.122651393
5.193000,0.219153000,0.382217729,-0.788366792,-0.123999412,-0.097278774,-0.114389242
5.194000,0.211843362,0.365231300,-0.819662862,-0.125254711,-0.098119151,-0.108075545
5.195000,0.179172387,0.330341542,-0.853453557,-0.125008590,-0.099655320,-0.102112891
5.196000,0.146501411,0.295451784,-0.887244251,-0.124762470,-0.101191489,-0.096150238
5.197000,0.113830435,0.260562027,-0.921034946,-0.124516349,-0.102727658,-0.090187585
5.198000,0.082231473,0.224117682,-0.953234747,-0.124020123,-0.104264640,-0.084095871
5.199000,0.051960113,0.187791207,-0.981965256,-0.121045261,-0.106150691,-0.076831878
5.200000,0.024837505,0.154349765,-1.006106479,-0.116935107,-0.108431035,-0.068908635
5.201000,-0.002285102,0.120908322,-1.030247702,-0.112824952,-0.110711379,-0.060985392
5.202000,-0.029407710,0.087466880,-1.054388926,-0.108714797,-0.112991722,-0.053062149
5.203000,-0.051752094,0.054136226,-1.077509926,-0.104910963,-0.115074798,-0.045076399
5.204000,-0.027221434,0.046690152,-1.094192921,-0.105874635,-0.115445392,-0.036120656
5.205000,0.016437138,0.053711093,-1.111129887,-0.108811417,-0.115204177,-0.026699888
5.206000,0.060095711,0.060732034,-1.128066852,-0.111748200,-0.114962962,-0.017279120
5.207000,0.103754283,0.067752974,-1.145003818,-0.114684982,-0.114721747,-0.007858352
5.208000,0.142901490,0.075463606,-1.162296459,-0.117367869,-0.114626244,0.001466258
5.209000,0.128548034,0.074310773,-1.184133588,-0.116584748,-0.116030303,0.009421712
5.210000,0.090152217,0.065612946,-1.217562623,-0.114269530,-0.117828187,0.016708640
5.211000,0.051756399,0.056915118,-1.250991657,-0.111954311,-0.119626071,0.023995568
5.212000,0.013360581,0.048217291,-1.284420692,-0.109639092,-0.121423955,0.031282496
5.213000,-0.024015629,0.035209051,-1.318803872,-0.106810332,-0.123087114,0.038384071
5.214000,-0.034485698,-0.005889673,-1.353259078,-0.099506637,-0.122928387,0.043152825
5.215000,-0.035651297,-0.044136987,-1.386539247,-0.091684079,-0.122404929,0.047148928
5.216000,-0.036816896,-0.082384301,-1.419819415,-0.083861520,-0.121881470,0.051145031
5.217000,-0.037982495,-0.120631615,-1.453099584,-0.076038961,-0.121358012,0.055141133
5.218000,-0.039030343,-0.156837524,-1.485137195,-0.068488195,-0.120779721,0.059079786
5.219000,-0.024354930,-0.160477338,-1.479980056,-0.065405912,-0.119149983,0.062139996
5.220000,-0.004238333,-0.157608322,-1.463370705,-0.063407684,-0.117057599,0.064775064
5.221000,0.015878265,-0.154739306,-1.446761354,-0.061409455,-0.114965215,0.067410133
5.222000,0.035994863,-0.151870289,-1.430152003,-0.059411227,-0.112872831,0.070045201
5.223000,0.056781876,-0.149723055,-1.412786930,-0.057361572,-0.110716397,0.072657980
5.224000,0.050819256,-0.156222477,-1.409055352,-0.055005142,-0.109027115,0.074116091
5.225000,0.026507477,-0.153031179,-1.409456336,-0.053608756,-0.107656129,0.075347883
5.226000,0.002195698,-0.149839882,-1.409857319,-0.052212370,-0.106285143,0.076579675
5.227000,-0.022116080,-0.146648584,-1.410258303,-0.050815984,-0.104914157,0.077811467
5.228000,-0.046114780,-0.145172062,-1.411518168,-0.049285053,-0.103549075,0.078988020
5.229000,-0.049685484,-0.168914680,-1.424525134,-0.044511565,-0.101550123,0.079257520
5.230000,-0.036296783,-0.195971043,-1.440641476,-0.038789479,-0.098651421,0.078457448
5.231000,-0.022908083,-0.223027407,-1.456757818,-0.033067393,-0.095752720,0.077657377
5.232000,-0.009519383,-0.250083771,-1.472874160,-0.027345307,-0.092854018,0.076857305
5.233000,0.003298059,-0.275883900,-1.488551272,-0.021799738,-0.089985940,0.076181761
5.234000,0.006128702,-0.274463435,-1.487623797,-0.019782045,-0.088179097,0.078399149
5.235000,0.000884468,-0.262490757,-1.477232377,-0.018845574,-0.086650404,0.081129133
5.236000,-0.004359766,-0.250518078,-1.466840957,-0.017909103,-0.085121711,0.083859117
5.237000,-0.009604000,-0.238545400,-1.456449537,-0.016972632,-0.083593019,0.086589100
5.238000,-0.014223085,-0.228048513,-1.444562328,-0.016160039,-0.082092789,0.089165565
5.239000,-0.021996918,-0.229179554,-1.442283709,-0.016738525,-0.081034247,0.090976493
5.240000,-0.027933248,-0.234955425,-1.447327132,-0.017896250,-0.080281584,0.092988065
5.241000,-0.033869578,-0.240731296,-1.452370555,-0.019053975,-0.079528920,0.094999636
5.242000,-0.039805908,-0.246507167,-1.457413978,-0.020211700,-0.078776257,0.097011208
5.243000,-0.046404154,-0.251999980,-1.462779731,-0.021407803,-0.078052383,0.098965733
5.244000,-0.035678328,-0.241237375,-1.462121116,-0.024440363,-0.077231034,0.101629198
5.245000,-0.006754215,-0.224046439,-1.456956631,-0.028087298,-0.075897502,0.104281836
5.246000,0.022169897,-0.206855504,-1.451792147,-0.031734233,-0.074563970,0.106934475
5.247000,0.051094010,-0.189664568,-1.446627662,-0.035381168,-0.073230438,0.109587114
5.248000,0.079805943,-0.168908722,-1.438915258,-0.039319968,-0.071928099,0.112363395
5.249000,0.100670477,-0.152604279,-1.431694037,-0.044299783,-0.070256555,0.114512306
5.250000,0.108896847,-0.140659211,-1.429339665,-0.049581306,-0.068916521,0.116394547
5.251000,0.117123217,-0.128714143,-1.426985294,-0.054862829,-0.067576488,0.118276788
5.252000,0.125349586,-0.116769075,-1.424630923,-0.060144352,-0.066236454,0.120159029
5.253000,0.132437493,-0.106075034,-1.424819241,-0.065304031,-0.064919780,0.121901991
5.254000,0.108122467,-0.124637920,-1.436749064,-0.067504755,-0.065414209,0.121496358
5.255000,0.078799207,-0.153872642,-1.446622274,-0.068326288,-0.066316028,0.120400289
5.256000,0.049475946,-0.183107365,-1.456495484,-0.069147822,-0.067217846,0.119304219
5.257000,0.020152686,-0.212342087,-1.466368694,-0.069969356,-0.068119665,0.118208149
5.258000,-0.006664731,-0.237729094,-1.475923475,-0.070962917,-0.069008335,0.117122251
5.259000,-0.013501878,-0.224700809,-1.468723030,-0.073410634,-0.069836540,0.115080070
5.260000,-0.019016319,-0.201169756,-1.460369216,-0.076341346,-0.070777179,0.112668229
5.261000,-0.024530761,-0.177638703,-1.452015402,-0.079272057,-0.071717817,0.110256389
5.262000,-0.030045203,-0.154107650,-1.443661588,-0.082202769,-0.072658456,0.107844548
5.263000,-0.034018183,-0.129690394,-1.435016145,-0.085160054,-0.073557034,0.105396985
5.264000,-0.020858637,-0.111192206,-1.436668158,-0.087610798,-0.073498229,0.102014103
5.265000,-0.000472153,-0.096749211,-1.444799237,-0.089896029,-0.072990091,0.098242198
5.266000,0.019914331,-0.082306216,-1.452930317,-0.092181260,-0.072481953,0.094470292
5.267000,0.040300815,-0.067863220,-1.461061397,-0.094466491,-0.071973816,0.090698387
5.268000,0.059172473,-0.055118311,-1.470012502,-0.096591793,-0.071552898,0.086885522
5.269000,0.053625044,-0.060979724,-1.485368807,-0.096487076,-0.072709076,0.081145948
5.270000,0.021732320,-0.076997335,-1.499964586,-0.095222776,-0.075332755,0.074216779
5.271000,-0.010160403,-0.093014947,-1.514560366,-0.093958475,-0.077956434,0.067287609
5.272000,-0.042053127,-0.109032558,-1.529156146,-0.092694175,-0.080580112,0.060358440
5.273000,-0.072322346,-0.124630160,-1.544183328,-0.091331529,-0.083149052,0.053410261
5.274000,-0.082621980,-0.121987425,-1.556823460,-0.088964950,-0.085521253,0.046192120
5.275000,-0.082320766,-0.110473866,-1.562726756,-0.086187114,-0.087661504,0.038954464
5.276000,-0.082019551,-0.098960308,-1.568630051,-0.083409277,-0.089801756,0.031716808
5.277000,-0.081718337,-0.087446749,-1.574533347,-0.080631440,-0.091942007,0.024479151
5.278000,-0.081101095,-0.077680727,-1.581323822,-0.077979066,-0.094026994,0.017350944
5.279000,-0.063386134,-0.063355100,-1.584276640,-0.077575059,-0.095704449,0.009916313
5.280000,-0.041771725,-0.050252402,-1.588000385,-0.078053350,-0.097398762,0.002082741
5.281000,-0.020157316,-0.037149703,-1.591724129,-0.078531641,-0.099093075,-0.005750831
5.282000,0.001457094,-0.024047005,-1.595447873,-0.079009932,-0.100787388,-0.013584402
5.283000,0.022296211,-0.012970110,-1.600961870,-0.079326294,-0.102523346,-0.021426753
5.284000,0.021142778,-0.008279466,-1.624914032,-0.078954396,-0.105257348,-0.028601089
5.285000,0.001572075,-0.008875668,-1.653444535,-0.077855096,-0.108723626,-0.035525245
5.286000,-0.017998627,-0.009471870,-1.681975039,-0.076755796,-0.112189905,-0.042449401
5.287000,-0.037569329,-0.010068073,-1.710505543,-0.075656495,-0.115656183,-0.049373557
5.288000,-0.051699574,-0.006648825,-1.737586979,-0.074804375,-0.118889591,-0.056128810
5.289000,-0.034638283,0.003496601,-1.750511429,-0.074009527,-0.121109269,-0.061693446
5.290000,-0.008067800,0.007165429,-1.763494961,-0.072251672,-0.123051891,-0.066756562
5.291000,0.018502683,0.010834256,-1.776478493,-0.070493817,-0.124994512,-0.071819677
5.292000,0.045373126,0.014385731,-1.789513187,-0.068728881,-0.126924925,-0.076868133
5.293000,0.070032306,0.015394249,-1.804826546,-0.066931657,-0.128896879,-0.081604581
5.294000,0.071123088,0.016982357,-1.826243593,-0.065727987,-0.131674284,-0.084883971
5.295000,0.064713712,0.017359131,-1.851342224,-0.064568316,-0.134528947,-0.087673297
5.296000,0.058241576,0.017676874,-1.876488284,-0.063406168,-0.137383889,-0.090461216
5.297000,0.051769439,0.017994618,-1.901634344,-0.062244019,-0.140238831,-0.093249135
5.298000,0.044915881,0.017271189,-1.926815219,-0.060949826,-0.143108414,-0.095886151
5.299000,0.040377089,0.018352244,-1.952523922,-0.060566142,-0.145608666,-0.096573408
5.300000,0.037149862,0.018269630,-1.980031044,-0.060426852,-0.147827662,-0.096808813
5.301000,0.033922636,0.018187016,-2.007538167,-0.060287562,-0.150046659,-0.097044218
5.302000,0.030695409,0.018104402,-2.035045289,-0.060148272,-0.152265655,-0.097279623
5.303000,0.029194119,0.019129299,-2.061948486,-0.060125262,-0.154384935,-0.097440626
5.304000,0.039511165,0.028284312,-2.072576532,-0.061251678,-0.155576905,-0.095856737
5.305000,0.049303409,0.038089179,-2.080279391,-0.062449061,-0.156579870,-0.093716926
5.306000,0.059095653,0.047894047,-2.087982251,-0.063646443,-0.157582834,-0.091577115
5.307000,0.068887897,0.057698915,-2.095685110,-0.064843826,-0.158585799,-0.089437304
5.308000,0.076614849,0.063577290,-2.103151538,-0.065984222,-0.159615900,-0.087220771
5.309000,0.075660269,0.056037776,-2.115934489,-0.067275496,-0.160378343,-0.084210561
5.310000,0.078908212,0.056760491,-2.128489077,-0.069505801,-0.160748127,-0.080572571
5.311000,0.082156156,0.057483206,-2.141043665,-0.071736107,-0.161117911,-0.076934581
5.312000,0.085404099,0.058205921,-2.153598253,-0.073966412,-0.161487695,-0.073296591
5.313000,0.089921820,0.058514962,-2.166841346,-0.076115435,-0.161788975,-0.069641562
5.314000,0.089454889,0.048913344,-2.193193323,-0.077173231,-0.161875542,-0.065748933
5.315000,0.086202695,0.033978069,-2.223826855,-0.077744183,-0.161810173,-0.061758664
5.316000,0.082950500,0.019042794,-2.254460387,-0.078315135,-0.161744804,-0.057768396
5.317000,0.079698305,0.004107519,-2.285093919,-0.078886087,-0.161679435,-0.053778127
5.318000,0.079460700,-0.008378614,-2.314240454,-0.079541098,-0.161445657,-0.049736788
5.319000,0.092540167,-0.005873941,-2.333512198,-0.080382015,-0.160740205,-0.045520854
5.320000,0.115288075,0.003580108,-2.349570659,-0.081273427,-0.159530823,-0.041357034
5.321000,0.138035982,0.013034158,-2.365629120,-0.082164839,-0.158321440,-0.037193214
5.322000,0.160783890,0.022488207,-2.381687581,-0.083056251,-0.157112058,-0.033029394
5.323000,0.175805090,0.026189485,-2.395089163,-0.083652134,-0.156268216,-0.028953350
5.324000,0.167219511,0.005292058,-2.394850939,-0.083286488,-0.156776194,-0.025320482
5.325000,0.156128210,-0.023323175,-2.390112667,-0.082812094,-0.157562675,-0.021802688
5.326000,0.145036910,-0.051938408,-2.385374396,-0.082337700,-0.158349156,-0.018284893
5.327000,0.133945609,-0.080553640,-2.380636124,-0.081863306,-0.159135637,-0.014767099
5.328000,0.123674655,-0.107182215,-2.376267742,-0.081603840,-0.159867949,-0.011288847
5.329000,0.121228084,-0.095819741,-2.390290436,-0.085467270,-0.159892495,-0.008491428
5.330000,0.123674626,-0.069299882,-2.413128491,-0.090600804,-0.159397732,-0.005972939
5.331000,0.126121169,-0.042780023,-2.435966547,-0.095734337,-0.158902969,-0.003454450
5.332000,0.128567712,-0.016260164,-2.458804603,-0.100867871,-0.158408206,-0.000935961
5.333000,0.129444494,0.007245077,-2.480259904,-0.105720997,-0.158047633,0.001564856
5.334000,0.137402534,-0.004119441,-2.498617627,-0.107405161,-0.157901345,0.003005753
5.335000,0.149073568,-0.023639199,-2.519514523,-0.108327564,-0.157815959,0.004179752
5.336000,0.160744603,-0.043158956,-2.540411419,-0.109249967,-0.157730573,0.005353752
5.337000,0.172415637,-0.062678713,-2.561308315,-0.110172371,-0.157645186,0.006527751
5.338000,0.182854769,-0.083081670,-2.581157558,-0.110871864,-0.157707625,0.007675471
5.339000,0.178756463,-0.088468020,-2.590457534,-0.110931576,-0.159381223,0.008266609
5.340000,0.173605926,-0.086530055,-2.589242855,-0.110580152,-0.161624330,0.008634139
5.341000,0.168380685,-0.084566787,-2.587960349,-0.110213561,-0.163877801,0.008994940
5.342000,0.163155444,-0.082603519,-2.586677843,-0.109846970,-0.166131272,0.009355740
5.343000,0.156294580,-0.081916030,-2.584633358,-0.109463039,-0.168478823,0.009617436
5.344000,0.146088489,-0.097142657,-2.583872617,-0.108774626,-0.171427486,0.009341767
5.345000,0.136928755,-0.120016736,-2.586886293,-0.108231488,-0.174812237,0.008605276
5.346000,0.132996057,-0.140664854,-2.589147703,-0.108481020,-0.178288651,0.007705677
5.347000,0.129356537,-0.161142309,-2.591297436,-0.108777663,-0.181762151,0.006806752
5.348000,0.125496339,-0.179675992,-2.594175663,-0.109287346,-0.185197002,0.006043253
5.349000,0.138446679,-0.172248637,-2.601898466,-0.111567303,-0.188094618,0.005407684
5.350000,0.165963844,-0.152217721,-2.612177439,-0.114698983,-0.190381477,0.004753767
5.351000,0.194369673,-0.130968355,-2.622870374,-0.117950687,-0.192609728,0.004087304
5.352000,0.222775503,-0.109718989,-2.633563309,-0.121202391,-0.194837979,0.003420840
5.353000,0.248273801,-0.090880676,-2.644355906,-0.124141125,-0.197249151,0.002609081
5.354000,0.244036802,-0.097174642,-2.663634286,-0.124399236,-0.201423433,0.001336710
5.355000,0.225637813,-0.112050941,-2.688266500,-0.123799848,-0.206401904,-0.000142442
5.356000,0.207238824,-0.126927239,-2.712898714,-0.123200459,-0.211380375,-0.001621594
5.357000,0.188839835,-0.141803538,-2.737530927,-0.122601071,-0.216358845,-0.003100746
5.358000,0.177520984,-0.154434961,-2.760693547,-0.121477089,-0.221058849,-0.004475956
5.359000,0.192697099,-0.163948383,-2.772780799,-0.117031716,-0.224742341,-0.005599738
5.360000,0.213333412,-0.173420422,-2.779290706,-0.112070005,-0.228202223,-0.006648399
5.361000,0.233975259,-0.182905508,-2.785774675,-0.107107278,-0.231662470,-0.007696874
5.362000,0.254617105,-0.192390595,-2.792258644,-0.102144550,-0.235122716,-0.008745350
5.363000,0.273457153,-0.201672434,-2.797627836,-0.097587671,-0.238707597,-0.009743049
5.364000,0.276680946,-0.196965055,-2.798085491,-0.098480360,-0.243104674,-0.010167149
5.365000,0.267707252,-0.184674096,-2.795140749,-0.101470074,-0.248375608,-0.010166069
5.366000,0.258733558,-0.172383137,-2.792196007,-0.104459788,-0.253646542,-0.010164988
5.367000,0.249759864,-0.160092178,-2.789251265,-0.107449501,-0.258917476,-0.010163907
5.368000,0.242099066,-0.147119774,-2.788682439,-0.110401724,-0.264008978,-0.010177458
5.369000,0.245533827,-0.140749886,-2.800630381,-0.112081123,-0.267693184,-0.010538977
5.370000,0.251960416,-0.138847192,-2.812384341,-0.113217393,-0.270777803,-0.011034677
5.371000,0.258387005,-0.136944499,-2.824138302,-0.114353663,-0.273862423,-0.011530378
5.372000,0.264813593,-0.135041805,-2.835892262,-0.115489933,-0.276947042,-0.012026079
5.373000,0.270860960,-0.133824668,-2.848663375,-0.116403787,-0.279993539,-0.012546518
5.374000,0.268111072,-0.141185295,-2.870078474,-0.115419775,-0.283308263,-0.012808399
5.375000,0.262669549,-0.163340397,-2.897523148,-0.112832323,-0.286843854,-0.013136562
5.376000,0.257228026,-0.185495500,-2.924967823,-0.110244871,-0.290379446,-0.013464725
5.377000,0.251786503,-0.207650602,-2.952412498,-0.107657419,-0.293915037,-0.013792887
5.378000,0.248619216,-0.227172598,-2.978136641,-0.105492150,-0.297403716,-0.014120152
5.379000,0.261970718,-0.210945917,-2.991522863,-0.108164876,-0.300758976,-0.013911803
5.380000,0.278271107,-0.167492513,-3.000691987,-0.113294294,-0.304028163,-0.013586517
5.381000,0.294571495,-0.124039108,-3.009861111,-0.118423712,-0.307297350,-0.013261231
5.382000,0.310871884,-0.080585703,-3.019030236,-0.123553131,-0.310566537,-0.012935945
5.383000,0.327902640,-0.040360710,-3.028548087,-0.128570376,-0.313851275,-0.012746292
5.384000,0.341623893,-0.035348854,-3.025953627,-0.132406792,-0.317397350,-0.014161151
5.385000,0.351570717,-0.044270759,-3.022415907,-0.135734714,-0.321003590,-0.016155962
5.386000,0.361517541,-0.053192664,-3.018878187,-0.139062635,-0.324609831,-0.018150773
5.387000,0.371464365,-0.062114569,-3.015340467,-0.142390557,-0.328216071,-0.020145584
5.388000,0.378380394,-0.072812205,-3.013954864,-0.145437699,-0.331933506,-0.022205426
5.389000,0.362121813,-0.080804737,-3.050597476,-0.146170417,-0.336270057,-0.024180783
5.390000,0.339986846,-0.091552504,-3.096406849,-0.145895705,-0.340773383,-0.026209427
5.391000,0.317851880,-0.102300270,-3.142216222,-0.145620994,-0.345276708,-0.028238070
5.392000,0.295716913,-0.113048037,-3.188025595,-0.145346283,-0.349780034,-0.030266714
5.393000,0.276032271,-0.121104991,-3.230573344,-0.145403254,-0.354299627,-0.032069463
5.394000,0.275094541,-0.133846878,-3.245930112,-0.146492354,-0.359350119,-0.032999005
5.395000,0.282073840,-0.154161963,-3.246425558,-0.147762764,-0.364549274,-0.033404562
5.396000,0.289068556,-0.174483589,-3.246906330,-0.149033386,-0.369747986,-0.033810079
5.397000,0.296063272,-0.194805214,-3.247387103,-0.150304008,-0.374946697,-0.034215595
5.398000,0.306083836,-0.210490130,-3.248306728,-0.152010059,-0.380004273,-0.034623828
5.399000,0.330794093,-0.171657387,-3.259812639,-0.158514167,-0.383993283,-0.034884982
5.400000,0.352484830,-0.113426117,-3.280529112,-0.166631571,-0.387670993,-0.035211697
5.401000,0.374175568,-0.055194847,-3.301245585,-0.174748975,-0.391348704,-0.035538412
5.402000,0.395866305,0.003036423,-3.321962058,-0.182866379,-0.395026415,-0.035865126
5.403000,0.413503733,0.058045861,-3.345020792,-0.190656776,-0.398788987,-0.036328888
5.404000,0.393585899,0.058532188,-3.390694335,-0.193132565,-0.403157246,-0.038481536
5.405000,0.366257517,0.039733371,-3.440690261,-0.193499593,-0.407825082,-0.041176991
5.406000,0.338894966,0.020836472,-3.490714557,-0.193852023,-0.412496418,-0.043875125
5.407000,0.311532415,0.001939574,-3.540738853,-0.194204453,-0.417167754,-0.046573259
5.408000,0.285288304,-0.016694322,-3.589744327,-0.194512748,-0.421847327,-0.049276319
5.409000,0.295295655,-0.029759348,-3.604609733,-0.194329469,-0.426719611,-0.052170896
5.410000,0.322468612,-0.045103983,-3.600912595,-0.194113189,-0.431545125,-0.054912518
5.411000,0.349685470,-0.060475382,-3.597144322,-0.193898238,-0.436369576,-0.057654196
5.412000,0.376902329,-0.075846781,-3.593376048,-0.193683287,-0.441194027,-0.060395874
5.413000,0.402770406,-0.091124254,-3.589453866,-0.193649201,-0.446030658,-0.063161132
5.414000,0.393556964,-0.085841891,-3.595608746,-0.198452577,-0.451431761,-0.065848990
5.415000,0.373423595,-0.068620980,-3.607215280,-0.205038284,-0.456914200,-0.068559418
5.416000,0.353290226,-0.051400070,-3.618821814,-0.211623992,-0.462396640,-0.071269846
5.417000,0.333156856,-0.034179159,-3.630428348,-0.218209699,-0.467879080,-0.073980274
5.418000,0.314460627,-0.019293145,-3.643977514,-0.224314482,-0.473280514,-0.076674310
5.419000,0.330777602,-0.026620639,-3.670942102,-0.225591601,-0.476642524,-0.079002105
5.420000,0.362148811,-0.047371112,-3.701681972,-0.225010359,-0.479114776,-0.081283216
5.421000,0.393520020,-0.068121586,-3.732421842,-0.224429117,-0.481587028,-0.083564326
5.422000,0.424891228,-0.088872059,-3.763161711,-0.223847874,-0.484059281,-0.085845437
5.423000,0.453037819,-0.108445889,-3.790367037,-0.223153953,-0.486624267,-0.088189955
5.424000,0.440519010,-0.129962987,-3.786811802,-0.221740827,-0.490821001,-0.091235750
5.425000,0.416211899,-0.152959796,-3.773847134,-0.219998796,-0.495635584,-0.094562385
5.426000,0.391904789,-0.175956605,-3.760882466,-0.218256765,-0.500450167,-0.097889021
5.427000,0.367597679,-0.198953414,-3.747917798,-0.216514735,-0.505264749,-0.101215656
5.428000,0.345470255,-0.218844920,-3.735692567,-0.215030985,-0.509910563,-0.104496530
5.429000,0.350503647,-0.186828425,-3.739158841,-0.218025483,-0.512403336,-0.107362212
5.430000,0.362168209,-0.126954976,-3.758453487,-0.223957054,-0.514118538,-0.110059514
5.431000,0.373832771,-0.067081527,-3.777748132,-0.229888625,-0.515833740,-0.112756815
5.432000,0.385497333,-0.007208078,-3.797042778,-0.235820197,-0.517548942,-0.115454117
5.433000,0.397434545,0.044109240,-3.812946694,-0.240814085,-0.519293129,-0.118136919
5.434000,0.409860627,0.024194730,-3.818608088,-0.238230069,-0.521378929,-0.120319271
5.435000,0.422694781,-0.017515440,-3.825346170,-0.233062595,-0.523508178,-0.121904967
5.436000,0.435707447,-0.059830373,-3.832081815,-0.227836054,-0.525632999,-0.123468662
5.437000,0.448720113,-0.102145307,-3.838817460,-0.222609513,-0.527757820,-0.125032357
5.438000,0.461598721,-0.142072283,-3.845418231,-0.217554454,-0.529862148,-0.126549582
5.439000,0.457921907,-0.126840479,-3.857204418,-0.216407494,-0.532079828,-0.126778843
5.440000,0.440993838,-0.079186640,-3.871070450,-0.217711520,-0.534303187,-0.126263328
5.441000,0.424045571,-0.031355129,-3.884886109,-0.219027371,-0.536523569,-0.125747666
5.442000,0.407097304,0.016476382,-3.898701768,-0.220343222,-0.538743951,-0.125232004
5.443000,0.391729218,0.061526684,-3.912832317,-0.221495995,-0.540841704,-0.124710115
5.444000,0.404727541,0.071329609,-3.928507909,-0.220991330,-0.541182130,-0.123822209
5.445000,0.437800927,0.064791601,-3.947903016,-0.219838246,-0.540493959,-0.123017841
5.446000,0.470885082,0.058217728,-3.967313717,-0.218684221,-0.539805138,-0.122214207
5.447000,0.503969237,0.051643856,-3.986724419,-0.217530197,-0.539116317,-0.121410573
5.448000,0.534928462,0.043349594,-4.006004809,-0.216210011,-0.538548369,-0.120627693
5.449000,0.546973055,0.041359389,-3.991257463,-0.214577774,-0.539320219,-0.119208199
5.450000,0.552267679,0.049714635,-3.942676014,-0.213026886,-0.541002713,-0.116823508
5.451000,0.557562228,0.058072865,-3.894080382,-0.211476109,-0.542685512,-0.114438672
5.452000,0.562856777,0.066431095,-3.845484750,-0.209925332,-0.544368311,-0.112053835
5.453000,0.565269569,0.075361429,-3.798326834,-0.208344123,-0.546143559,-0.109575401
5.454000,0.531699101,0.090616133,-3.791378863,-0.206502820,-0.548534961,-0.105743220
5.455000,0.482408996,0.108388754,-3.803954365,-0.204432660,-0.551025429,-0.101244038
5.456000,0.433118891,0.126161374,-3.816529868,-0.202362501,-0.553515897,-0.096744856
5.457000,0.383828785,0.143933995,-3.829105371,-0.200292341,-0.556006366,-0.092245675
5.458000,0.340492186,0.156154561,-3.840771482,-0.197888990,-0.558166433,-0.087763502
5.459000,0.347266728,0.133374237,-3.833909090,-0.192669035,-0.557966503,-0.082654924
5.460000,0.370646193,0.103339086,-3.816143238,-0.186704549,-0.557177483,-0.077294828
5.461000,0.394025658,0.073303935,-3.798377386,-0.180740062,-0.556388463,-0.071934733
5.462000,0.417405122,0.043268784,-3.780611534,-0.174775576,-0.555599442,-0.066574638
5.463000,0.439388780,0.016860856,-3.764244904,-0.169077345,-0.554835003,-0.061212283
5.464000,0.440357311,0.023966827,-3.784202111,-0.174344727,-0.559762712,-0.060498048
5.465000,0.433552983,0.040957264,-3.812186992,-0.172862147,-0.558926458,-0.055591243
5.466000,0.426748654,0.057947700,-3.840171873,-0.171379567,-0.558090203,-0.050684437
5.467000,0.419944326,0.074938137,-3.868156754,-0.169896987,-0.557253949,-0.045777632
5.468000,0.413777467,0.089855327,-3.895089070,-0.168203907,-0.556482103,-0.040871915
5.469000,0.440500985,0.061790829,-3.896556739,-0.163725580,-0.555596692,-0.036341632
5.470000,0.484247118,0.016665001,-3.883627263,-0.158122013,-0.554704599,-0.032020552
5.471000,0.528300005,-0.028671350,-3.870700503,-0.152489353,-0.553810821,-0.027707209
5.472000,0.572352892,-0.074007702,-3.857773742,-0.146856692,-0.552917044,-0.023393867
5.473000,0.611185771,-0.114732517,-3.845134654,-0.141578357,-0.552200541,-0.019042805
5.474000,0.578200179,-0.109091345,-3.837166355,-0.139282860,-0.553970096,-0.014259486
5.475000,0.506547776,-0.084631408,-3.837695218,-0.138019683,-0.557142533,-0.009143364
5.476000,0.434895374,-0.060171471,-3.838224081,-0.136756506,-0.560314969,-0.004027241
5.477000,0.363242972,-0.035711533,-3.838752944,-0.135493329,-0.563487406,0.001088881
5.478000,0.296251380,-0.016776062,-3.839196591,-0.133978418,-0.566416845,0.005972749
5.479000,0.286119499,-0.038237520,-3.836402066,-0.130613282,-0.566583947,0.009134522
5.480000,0.296534598,-0.071334091,-3.830458021,-0.126628699,-0.565732116,0.011721192
5.481000,0.306949698,-0.104430662,-3.824513977,-0.122644116,-0.564880284,0.014307862
5.482000,0.317364798,-0.137527233,-3.818569933,-0.118659534,-0.564028452,0.016894532
5.483000,0.329015541,-0.169301157,-3.812276364,-0.114805659,-0.563056742,0.019401308
5.484000,0.373053606,-0.186646370,-3.810785998,-0.113150216,-0.559868107,0.020004977
5.485000,0.434064440,-0.196907440,-3.816568981,-0.112578121,-0.555367989,0.019624998
5.486000,0.495075274,-0.207168509,-3.822351963,-0.112006025,-0.550867872,0.019245019
5.487000,0.556086108,-0.217429578,-3.828134946,-0.111433929,-0.546367754,0.018865041
5.488000,0.611439052,-0.227925405,-3.832058676,-0.110570859,-0.542317167,0.018860596
5.489000,0.636718075,-0.237930310,-3.817677970,-0.106814433,-0.540302900,0.020942794
5.490000,0.661608427,-0.247885850,-3.798262625,-0.102257307,-0.538514168,0.023701056
5.491000,0.684947228,-0.254899392,-3.776745439,-0.097600537,-0.536872832,0.026712525
5.492000,0.708286029,-0.261912934,-3.755228252,-0.092943767,-0.535231496,0.029723994
5.493000,0.729938984,-0.265976449,-3.735460031,-0.088520232,-0.533609619,0.032938809
5.494000,0.725683672,-0.233202068,-3.732824637,-0.089263888,-0.532485591,0.037367871
5.495000,0.704653560,-0.174161401,-3.729691959,-0.093439023,-0.531707495,0.041910047
5.496000,0.683591755,-0.114855854,-3.726520667,-0.097639544,-0.530927594,0.046460985
5.497000,0.662529950,-0.055550307,-3.723349375,-0.101840066,-0.530147693,0.051011923
5.498000,0.641364079,-0.000443791,-3.717326438,-0.105837984,-0.529464258,0.055408603
5.499000,0.602943836,-0.020307922,-3.673725353,-0.104604897,-0.531138992,0.057646717
5.500000,0.567605765,-0.065614692,-3.620497675,-0.101059894,-0.533119963,0.059393120
5.501000,0.532267693,-0.110921463,-3.567269998,-0.097514891,-0.535100933,0.061139522
5.502000,0.496929622,-0.156228233,-3.514042321,-0.093969888,-0.537081904,0.062885925
5.503000,0.458112121,-0.197152817,-3.463382811,-0.090529550,-0.538945325,0.064578699
5.504000,0.428585846,-0.212956148,-3.444221917,-0.088088940,-0.537754436,0.065137139
5.505000,0.410728356,-0.225260867,-3.432610653,-0.086017929,-0.535281914,0.065018680
5.506000,0.392870867,-0.237565586,-3.420999388,-0.083946917,-0.532809392,0.064900222
5.507000,0.375013377,-0.249870306,-3.409388124,-0.081875905,-0.530336869,0.064781763
5.508000,0.358382953,-0.261057228,-3.397368074,-0.079875320,-0.527786836,0.064675507
5.509000,0.339441456,-0.248684032,-3.389422663,-0.079134200,-0.524740942,0.066150355
5.510000,0.313366532,-0.227036626,-3.388768618,-0.078926118,-0.521562642,0.068459482
5.511000,0.287291608,-0.205389220,-3.388114574,-0.078718036,-0.518384342,0.070768609
5.512000,0.261216684,-0.183741814,-3.387460530,-0.078509955,-0.515206042,0.073077736
5.513000,0.237235580,-0.163678758,-3.385089687,-0.078290337,-0.511988952,0.075336464
5.514000,0.260443589,-0.158552469,-3.367971470,-0.078312368,-0.507005720,0.076813072
5.515000,0.301359371,-0.155683830,-3.344148085,-0.078586001,-0.501421632,0.077932244
5.516000,0.342275154,-0.152815190,-3.320324699,-0.078859634,-0.495837544,0.079051415
5.517000,0.383190936,-0.149946551,-3.296501313,-0.079133267,-0.490253456,0.080170587
5.518000,0.423486278,-0.146250651,-3.272298406,-0.079456783,-0.484689167,0.081232979
5.519000,0.421852200,-0.119636490,-3.251040470,-0.080554663,-0.480000552,0.081333813
5.520000,0.390155284,-0.081590522,-3.239814421,-0.081833716,-0.475788159,0.081168512
5.521000,0.355478216,-0.042570973,-3.230043451,-0.083162318,-0.471610592,0.081001861
5.522000,0.320801148,-0.003551424,-3.220272481,-0.084490921,-0.467433026,0.080835210
5.523000,0.290906639,0.031680344,-3.208512307,-0.085555553,-0.463129904,0.080591034
5.524000,0.301291599,0.009415537,-3.186418909,-0.083254387,-0.456804205,0.079493964
5.525000,0.339483045,-0.056132801,-3.154411211,-0.078604399,-0.448911981,0.077438567
5.526000,0.378474729,-0.123702977,-3.121763529,-0.073837056,-0.441006000,0.075293627
5.527000,0.417466413,-0.191273153,-3.089115846,-0.069069712,-0.433100019,0.073148686
5.528000,0.452895274,-0.255308530,-3.057676255,-0.064539265,-0.425345767,0.070993559
5.529000,0.447426343,-0.250748103,-3.040533581,-0.064437552,-0.419528028,0.068920124
5.530000,0.426931143,-0.220955196,-3.028032113,-0.066157355,-0.414473961,0.066885325
5.531000,0.406435943,-0.191162289,-3.015530645,-0.067877157,-0.409419894,0.064850526
5.532000,0.385940742,-0.161369382,-3.003029176,-0.069596960,-0.404365828,0.062815727
5.533000,0.366754306,-0.132178116,-2.987742024,-0.071279125,-0.399281840,0.060748294
5.534000,0.362653794,-0.119394337,-2.950299788,-0.072390775,-0.393700047,0.058419092
5.535000,0.364103001,-0.117786505,-2.911222352,-0.072975379,-0.388135739,0.056179805
5.536000,0.365552208,-0.116178673,-2.872144916,-0.073559983,-0.382571431,0.053940519
5.537000,0.367166105,-0.113733731,-2.832989069,-0.074156772,-0.376986038,0.051692585
5.538000,0.369157988,-0.104989627,-2.793609730,-0.074818238,-0.371212699,0.049341875
5.539000,0.367454146,-0.093224435,-2.769768039,-0.073924795,-0.364783631,0.046887009
5.540000,0.362336278,-0.087147298,-2.754766490,-0.072000338,-0.358026522,0.044334214
5.541000,0.357218410,-0.081070162,-2.739764941,-0.070075880,-0.351269412,0.041781419
5.542000,0.352100542,-0.074993026,-2.724763392,-0.068151422,-0.344512302,0.039228624
5.543000,0.347531478,-0.068887845,-2.708728561,-0.066265391,-0.337734337,0.036661776
5.544000,0.336043182,-0.072050821,-2.680804360,-0.064740895,-0.331103862,0.034009808
5.545000,0.316580064,-0.082975386,-2.644386680,-0.063112201,-0.324798667,0.031273103
5.546000,0.293235560,-0.097434122,-2.610146342,-0.061702995,-0.318601736,0.028479075
5.547000,0.269891057,-0.111892858,-2.575906004,-0.060293790,-0.312404805,0.025685048
5.548000,0.247153065,-0.124467596,-2.540520802,-0.059045426,-0.306276347,0.022887651
5.549000,0.250141679,-0.113222897,-2.493992312,-0.059476592,-0.300065948,0.019510404
5.550000,0.264077721,-0.090424145,-2.447403484,-0.060806972,-0.293802867,0.015937363
5.551000,0.278013763,-0.067625394,-2.400814657,-0.062137352,-0.287539785,0.012364321
5.552000,0.291949804,-0.044826643,-2.354225829,-0.063467732,-0.281276704,0.008791280
5.553000,0.305536209,-0.022065693,-2.308132252,-0.064778577,-0.275018749,0.005229871
5.554000,0.297247298,-0.019488742,-2.299567709,-0.063530756,-0.269116980,0.001925164
5.555000,0.279124526,-0.031703904,-2.309480068,-0.060795409,-0.263330205,-0.001402492
5.556000,0.261001754,-0.043919067,-2.319392427,-0.058060063,-0.257543429,-0.004730148
5.557000,0.242878982,-0.056134229,-2.329304786,-0.055324716,-0.251756653,-0.008057804
5.558000,0.225814132,-0.068668186,-2.337178297,-0.052613023,-0.245932910,-0.011447360
5.559000,0.235743293,-0.072922150,-2.303932898,-0.052129331,-0.239371395,-0.015668244
5.560000,0.255002880,-0.068292812,-2.259478883,-0.053239282,-0.232560249,-0.020209179
5.561000,0.274262467,-0.063663474,-2.215024869,-0.054349232,-0.225749103,-0.024750113
5.562000,0.293522053,-0.059034136,-2.170570854,-0.055459183,-0.218937956,-0.029291048
5.563000,0.313645106,-0.056959928,-2.125339394,-0.056233639,-0.212187502,-0.033548423
5.564000,0.318747343,-0.063085217,-2.086909649,-0.054767799,-0.205942145,-0.036359589
5.565000,0.313684093,-0.073478416,-2.050514116,-0.052205020,-0.200115246,-0.038749281
5.566000,0.308620843,-0.083871614,-2.014118584,-0.049642241,-0.194288348,-0.041138973
5.567000,0.303557593,-0.094264813,-1.977723051,-0.047079462,-0.188461449,-0.043528665
5.568000,0.299313124,-0.103583653,-1.942096229,-0.044701497,-0.182599551,-0.045900119
5.569000,0.308839094,-0.079583499,-1.923220897,-0.046613463,-0.176633811,-0.047729807
5.570000,0.319224698,-0.041557024,-1.907000544,-0.050321658,-0.170654180,-0.049431865
5.571000,0.329610301,-0.003530549,-1.890780191,-0.054029853,-0.164674549,-0.051133923
5.572000,0.339995904,0.034495926,-1.874559838,-0.057738048,-0.158694918,-0.052835981
5.573000,0.348631631,0.066539580,-1.858415457,-0.060790668,-0.152743707,-0.054552217
5.574000,0.320724717,0.070212960,-1.831122267,-0.058889345,-0.147554570,-0.056218954
5.575000,0.281405353,0.068428470,-1.803767053,-0.055873638,-0.142689402,-0.057979018
5.576000,0.242085989,0.066643979,-1.776411839,-0.052857932,-0.137824234,-0.059739082
5.577000,0.202766625,0.064859489,-1.749056624,-0.049842225,-0.132959066,-0.061499146
5.578000,0.167580960,0.062628093,-1.719788474,-0.046976416,-0.128018942,-0.063207690
5.579000,0.178170361,0.074319083,-1.683715549,-0.047656830,-0.122877280,-0.064279747
5.580000,0.202089447,0.094132286,-1.644006947,-0.049547585,-0.117772652,-0.065054821
5.581000,0.226008532,0.113945488,-1.604298346,-0.051438340,-0.112668024,-0.065829895
5.582000,0.249927618,0.133758691,-1.564589744,-0.053329095,-0.107563396,-0.066604970
5.583000,0.269726268,0.154681708,-1.525531335,-0.055139688,-0.102606232,-0.067378417
5.584000,0.254276053,0.172457965,-1.486166191,-0.055596786,-0.098365457,-0.068156322
5.585000,0.230518959,0.181180422,-1.449482849,-0.055663327,-0.094067236,-0.069080887
5.586000,0.206761865,0.189902878,-1.412799508,-0.055729867,-0.089769016,-0.070005452
5.587000,0.183004771,0.198625335,-1.376116166,-0.055796407,-0.085470795,-0.070930016
5.588000,0.161363635,0.205352837,-1.340277501,-0.055714715,-0.081112712,-0.071755320
5.589000,0.181001781,0.190522461,-1.317932332,-0.054360877,-0.075638972,-0.071218470
5.590000,0.217409275,0.169972851,-1.298109722,-0.052448337,-0.069713807,-0.070094969
5.591000,0.253816769,0.149423241,-1.278287111,-0.050535798,-0.063788642,-0.068971469
5.592000,0.290224263,0.128873631,-1.258464501,-0.048623259,-0.057863478,-0.067847969
5.593000,0.325944700,0.110523917,-1.239145135,-0.046864934,-0.051924288,-0.066802813
5.594000,0.330755170,0.115959688,-1.225153923,-0.047120878,-0.046636411,-0.066646978
5.595000,0.309739308,0.126538216,-1.209838915,-0.048151317,-0.042073763,-0.066823177
5.596000,0.288723445,0.137116744,-1.194523907,-0.049181757,-0.037511115,-0.066999376
5.597000,0.267707582,0.147695272,-1.179208899,-0.050212197,-0.032948466,-0.067175575
5.598000,0.247040750,0.157467583,-1.163345640,-0.051145881,-0.028465429,-0.067250025
5.599000,0.245581898,0.146955121,-1.132898700,-0.050147379,-0.024672547,-0.066067492
5.600000,0.260532631,0.129479115,-1.092989478,-0.048397651,-0.020830190,-0.064495673
5.601000,0.275946249,0.112029492,-1.052935812,-0.046649347,-0.016982345,-0.062916188
5.602000,0.291359867,0.094579870,-1.012882146,-0.044901043,-0.013134500,-0.061336702
5.603000,0.305957311,0.078055897,-0.972991001,-0.043231270,-0.009289504,-0.059845220
5.604000,0.294447197,0.082666302,-0.943297137,-0.043756155,-0.006347609,-0.058660468
5.605000,0.269419493,0.089484203,-0.924192332,-0.045078824,-0.003902582,-0.057426554
5.606000,0.244391790,0.096302104,-0.905087527,-0.046401492,-0.001457555,-0.056192640
5.607000,0.219364087,0.103120005,-0.885982722,-0.047724161,0.000987472,-0.054958726
5.608000,0.195335741,0.110927734,-0.866989387,-0.048966254,0.003411894,-0.053584078
5.609000,0.193850671,0.105442339,-0.842927496,-0.047832480,0.006252401,-0.051266784
5.610000,0.201868289,0.091225210,-0.814289222,-0.045658020,0.009511426,-0.048600179
5.611000,0.209885906,0.077008081,-0.785650948,-0.043483559,0.012770451,-0.045933573
5.612000,0.217903524,0.062790953,-0.757012674,-0.041309098,0.016029475,-0.043266968
5.613000,0.226698366,0.047795901,-0.728349699,-0.039114025,0.019332297,-0.040639026
5.614000,0.228306418,0.029165160,-0.700888204,-0.038114696,0.022473413,-0.038677598
5.615000,0.217741874,-0.000160413,-0.685520794,-0.037426873,0.025422366,-0.037187846
5.616000,0.207177329,-0.029485986,-0.670153383,-0.036739051,0.028371319,-0.035698094
5.617000,0.196612785,-0.058811559,-0.654785972,-0.036051228,0.031320272,-0.034208342
5.618000,0.184917060,-0.083652256,-0.638956966,-0.035493895,0.034122671,-0.032634193
5.619000,0.166709506,-0.050929831,-0.631140625,-0.036128485,0.035138813,-0.030073992
5.620000,0.150730656,-0.007217048,-0.621017508,-0.037010845,0.035870787,-0.027386841
5.621000,0.134751806,0.036495734,-0.610894391,-0.037893206,0.036602761,-0.024699690
5.622000,0.118772955,0.080208516,-0.600771274,-0.038775566,0.037334735,-0.022012539
5.623000,0.104064965,0.121062437,-0.590374830,-0.039548395,0.038099693,-0.019337978
5.624000,0.116495949,0.102023308,-0.561663150,-0.038985506,0.039456607,-0.016807316
5.625000,0.142492699,0.056966791,-0.521407802,-0.037647001,0.041167380,-0.014321550
5.626000,0.168489449,0.011910273,-0.481152453,-0.036308495,0.042878154,-0.011835783
5.627000,0.194486198,-0.033146244,-0.440897105,-0.034969990,0.044588928,-0.009350017
5.628000,0.219519046,-0.076079035,-0.401398799,-0.033807682,0.046274196,-0.006813201
5.629000,0.215393758,-0.069465360,-0.377139932,-0.034874668,0.046853854,-0.003555829
5.630000,0.200890566,-0.040144758,-0.358091887,-0.037167899,0.046899190,-0.000068420
5.631000,0.186387373,-0.010824156,-0.339043842,-0.039461130,0.046944526,0.003418988
5.632000,0.171884181,0.018496446,-0.319995797,-0.041754362,0.046989862,0.006906396
5.633000,0.157844563,0.043548396,-0.300127458,-0.043740009,0.047004842,0.010331612
5.634000,0.160007097,0.023371442,-0.277884926,-0.042260541,0.047446858,0.012671984
5.635000,0.170303720,-0.015644492,-0.253018376,-0.039388636,0.048105724,0.014638456
5.636000,0.180600343,-0.054660426,-0.228151827,-0.036516731,0.048764590,0.016604928
5.637000,0.190896967,-0.093676360,-0.203285277,-0.033644826,0.049423456,0.018571400
5.638000,0.199642810,-0.130052140,-0.179222714,-0.030948778,0.050045325,0.020564062
5.639000,0.183781457,-0.122906084,-0.161884189,-0.030598072,0.049749824,0.023613555
5.640000,0.155810132,-0.099978490,-0.144156607,-0.031361214,0.048767318,0.026938232
5.641000,0.127838807,-0.077050897,-0.126429025,-0.032124356,0.047784811,0.030262909
5.642000,0.099867482,-0.054123303,-0.108701443,-0.032887497,0.046802305,0.033587586
5.643000,0.073830536,-0.033576679,-0.090263574,-0.033476356,0.045865538,0.036867749
5.644000,0.065031837,-0.030271059,-0.071447425,-0.032451605,0.045011772,0.039167704
5.645000,0.059138267,-0.034343885,-0.055932418,-0.030633006,0.044033562,0.041266676
5.646000,0.053244696,-0.038416712,-0.040417410,-0.028814408,0.043055351,0.043365648
5.647000,0.047351125,-0.042489539,-0.024902403,-0.026995809,0.042077141,0.045464620
5.648000,0.042589706,-0.046592227,-0.008829051,-0.025306570,0.041157544,0.047574390
5.649000,0.052800820,-0.051764582,0.018899561,-0.025137735,0.040655807,0.049697009
5.650000,0.074691579,-0.058671462,0.051150084,-0.025806008,0.040377699,0.051959732
5.651000,0.096582338,-0.065578341,0.083400607,-0.026474281,0.040099591,0.054222455
5.652000,0.118473097,-0.072485221,0.115651130,-0.027142554,0.039821483,0.056485178
5.653000,0.137952569,-0.078568893,0.146855311,-0.027789152,0.039501178,0.058745651
5.654000,0.126437666,-0.061068676,0.146867632,-0.029117576,0.038913085,0.060860862
5.655000,0.101670232,-0.036453910,0.129704346,-0.030390579,0.038189797,0.062663347
5.656000,0.076902797,-0.011839144,0.112541061,-0.031663581,0.037466508,0.064465832
5.657000,0.052135363,0.012775621,0.095377776,-0.032936584,0.036743220,0.066268316
5.658000,0.029888178,0.033261796,0.078958117,-0.033931857,0.036059429,0.068004468
5.659000,0.040874114,-0.007444475,0.089379198,-0.030788923,0.035956937,0.068631989
5.660000,0.058448532,-0.067849845,0.108343863,-0.026090013,0.035804621,0.068937678
5.661000,0.076022950,-0.128255214,0.127308528,-0.021391103,0.035652305,0.069243367
5.662000,0.093597369,-0.188660583,0.146273193,-0.016692193,0.035499989,0.069549056
5.663000,0.108680145,-0.241003167,0.168360703,-0.012766031,0.035245644,0.069943874
5.664000,0.096536716,-0.223000701,0.199706432,-0.015227951,0.033477784,0.070709248
5.665000,0.066873889,-0.167827207,0.239756789,-0.021112251,0.031024238,0.071496029
5.666000,0.037211062,-0.112653714,0.279807145,-0.026996551,0.028570691,0.072282809
5.667000,0.007548234,-0.057480220,0.319857502,-0.032880852,0.026117145,0.073069589
5.668000,-0.016627705,-0.008966058,0.354161499,-0.037836880,0.023993158,0.073846906
5.669000,-0.001046531,-0.005487058,0.342245608,-0.036115885,0.024438650,0.074480064
5.670000,0.020874056,-0.010325939,0.320807872,-0.033057815,0.025278751,0.075231341
5.671000,0.042794644,-0.015164820,0.299370137,-0.029999745,0.026118851,0.075982618
5.672000,0.064715232,-0.020003702,0.277932401,-0.026941675,0.026958952,0.076733895
5.673000,0.082427333,-0.023275056,0.262641381,-0.024145474,0.027568335,0.077377629
5.674000,0.071550537,-0.048271219,0.280172817,-0.019635806,0.026861089,0.076635140
5.675000,0.050815023,-0.086452431,0.307166875,-0.013858295,0.025743797,0.075391168
5.676000,0.030079509,-0.124633642,0.334160934,-0.008080783,0.024626505,0.074147197
5.677000,0.009343995,-0.162814854,0.361154992,-0.002303272,0.023509213,0.072903225
5.678000,-0.013490879,-0.198224779,0.388652551,0.003068054,0.022313485,0.071699576
5.679000,-0.040084142,-0.182948931,0.419305584,0.002411898,0.020649723,0.071523411
5.680000,-0.059920035,-0.140612660,0.449269813,-0.001137092,0.018929405,0.071914710
5.681000,-0.079727726,-0.098195430,0.479270198,-0.004695490,0.017208374,0.072307876
5.682000,-0.099535418,-0.055778200,0.509270583,-0.008253888,0.015487342,0.072701043
5.683000,-0.115882287,-0.015583357,0.535427972,-0.011628050,0.013979271,0.073051884
5.684000,-0.092762697,-0.007189599,0.536272392,-0.012800056,0.014992578,0.072850372
5.685000,-0.053839140,-0.009161628,0.536275473,-0.013177836,0.016906608,0.072400490
5.686000,-0.014910124,-0.011299285,0.536473802,-0.013546209,0.018816738,0.071948942
5.687000,0.024018893,-0.013436942,0.536672132,-0.013914582,0.020726868,0.071497395
5.688000,0.059300229,-0.017666685,0.537246468,-0.013896051,0.022519460,0.070990994
5.689000,0.045387468,-0.053876721,0.545415483,-0.009239552,0.022117672,0.069825771
5.690000,0.015106932,-0.097007885,0.552167800,-0.003354165,0.020990333,0.068693581
5.691000,-0.015173604,-0.140139048,0.558920117,0.002531222,0.019862993,0.067561391
5.692000,-0.045454140,-0.183270212,0.565672434,0.008416609,0.018735653,0.066429202
5.693000,-0.073806199,-0.226040097,0.574040085,0.014130501,0.017681844,0.065237633
5.694000,-0.071977872,-0.233988920,0.592442598,0.015529335,0.017780197,0.064194631
5.695000,-0.057307421,-0.217169135,0.611082468,0.014710308,0.018211755,0.063280910
5.696000,-0.042636969,-0.200349349,0.629722337,0.013891281,0.018643313,0.062367188
5.697000,-0.027966517,-0.183529563,0.648362207,0.013072254,0.019074870,0.061453466
5.698000,-0.014349089,-0.165925821,0.667216105,0.012094733,0.019457850,0.060618575
5.699000,-0.014905475,-0.149700543,0.686107519,0.010685475,0.019809103,0.060381487
5.700000,-0.019376704,-0.139372479,0.703061834,0.009441968,0.020408252,0.060237405
5.701000,-0.023847932,-0.129044414,0.720016148,0.008198461,0.021007400,0.060093324
5.702000,-0.028319161,-0.118716350,0.736970463,0.006954954,0.021606549,0.059949243
5.703000,-0.032813558,-0.106799630,0.754304670,0.005742647,0.022158785,0.059806580
5.704000,-0.030032469,-0.106558226,0.767319365,0.006292086,0.022761191,0.058835624
5.705000,-0.031975327,-0.113226024,0.776890602,0.007744359,0.023292241,0.057298766
5.706000,-0.033918185,-0.119893821,0.786461839,0.009196632,0.023823292,0.055761908
5.707000,-0.035861043,-0.126561619,0.796033075,0.010648905,0.024354342,0.054225049
5.708000,-0.036694742,-0.134217562,0.804989057,0.012230287,0.024950956,0.052677036
5.709000,-0.048119920,-0.134135257,0.813632242,0.015284228,0.025229172,0.051332106
5.710000,-0.069563114,-0.130193142,0.827755647,0.019210911,0.024918680,0.050134492
5.711000,-0.091006309,-0.126251026,0.841879052,0.023137594,0.024608189,0.048936878
5.712000,-0.112449503,-0.122308911,0.856002457,0.027064277,0.024297698,0.047739264
5.713000,-0.131361743,-0.121013918,0.869694778,0.030956192,0.024224135,0.046610713
5.714000,-0.127260251,-0.132557627,0.893331469,0.033560628,0.025527750,0.045581329
5.715000,-0.107380662,-0.143859547,0.924645504,0.035181111,0.027436654,0.044436649
5.716000,-0.087501072,-0.155161468,0.955959540,0.036801594,0.029345558,0.043291970
5.717000,-0.067621483,-0.166463388,0.987273575,0.038422077,0.031254462,0.042147290
5.718000,-0.047738307,-0.177252560,1.018712492,0.040076318,0.033153910,0.040988820
5.719000,-0.038640159,-0.163688593,1.051234789,0.040388592,0.034593583,0.040411692
5.720000,-0.036528641,-0.136471339,1.080281235,0.040009519,0.036078306,0.039806097
5.721000,-0.034417122,-0.109254085,1.109327682,0.039630446,0.037563029,0.039200502
5.722000,-0.032305604,-0.082036831,1.138374128,0.039251373,0.039047752,0.038594908
5.723000,-0.028565741,-0.055018347,1.166616532,0.038868958,0.040612867,0.037992658
5.724000,-0.021009875,-0.059263419,1.181296282,0.040082246,0.042907055,0.036565604
5.725000,-0.016560837,-0.083663326,1.186584309,0.042466010,0.045384132,0.034582416
5.726000,-0.012111800,-0.108063233,1.191872337,0.044849773,0.047861209,0.032599229
5.727000,-0.007662763,-0.132463139,1.197160365,0.047233536,0.050338287,0.030616041
5.728000,-0.002709283,-0.156538677,1.202967726,0.049605436,0.052835585,0.028637754
5.729000,0.001450858,-0.170224244,1.217289592,0.051780796,0.055528244,0.027000524
5.730000,0.008015857,-0.178515817,1.237592358,0.053717261,0.058276615,0.025785155
5.731000,0.014580857,-0.186807391,1.257895124,0.055653727,0.061024985,0.024569785
5.732000,0.021145856,-0.195098964,1.278197889,0.057590192,0.063773356,0.023354415
5.733000,0.026003145,-0.203069662,1.298374703,0.059452740,0.066418020,0.022151336
5.734000,0.028637600,-0.186515162,1.321783562,0.059245600,0.069069446,0.021684316
5.735000,0.026679662,-0.146693950,1.347643323,0.057245109,0.071557182,0.022106704
5.736000,0.024721724,-0.106872738,1.373503083,0.055244619,0.074044918,0.022529091
5.737000,0.022763786,-0.067051527,1.399362844,0.053244129,0.076532653,0.022951479
5.738000,0.022066173,-0.028573625,1.425311307,0.051260602,0.079096217,0.023300385
5.739000,0.026240243,-0.031833944,1.440156571,0.050949271,0.082121791,0.022947326
5.740000,0.030884980,-0.063268015,1.437981944,0.052111970,0.085683934,0.022704980
5.741000,0.035536521,-0.094655539,1.435732494,0.053278210,0.089246399,0.022471919
5.742000,0.040188063,-0.126043064,1.433483044,0.054444449,0.092808865,0.022238858
5.743000,0.045445335,-0.155182557,1.432132271,0.055610601,0.096339873,0.021961086
5.744000,0.034331192,-0.170216233,1.442575991,0.057448170,0.098569213,0.021685855
5.745000,0.018241744,-0.160640603,1.449203731,0.059103957,0.100979369,0.021546676
5.746000,0.001634467,-0.141999830,1.455095523,0.060752319,0.103385013,0.021588671
5.747000,-0.014972809,-0.123359056,1.460987315,0.062400680,0.105790657,0.021630666
5.748000,-0.028906436,-0.103873895,1.465910839,0.063976736,0.108315214,0.021661473
5.749000,-0.017457169,-0.103132657,1.457683502,0.065602133,0.112488859,0.021485118
5.750000,-0.003725214,-0.121394526,1.442015510,0.067879940,0.116802387,0.021684062
5.751000,0.010006741,-0.139656396,1.426347518,0.070157746,0.121115915,0.021883006
5.752000,0.023738697,-0.157918266,1.410679526,0.072435552,0.125429443,0.022081951
5.753000,0.036821711,-0.175953536,1.394510711,0.074678984,0.129823958,0.022258495
5.754000,0.041670130,-0.182896117,1.384740340,0.076007559,0.133601693,0.022607505
5.755000,0.052499199,-0.181582849,1.383006105,0.076654934,0.137349760,0.022653300
5.756000,0.063328269,-0.180269581,1.381271870,0.077302309,0.141097828,0.022699095
5.757000,0.074157338,-0.178956314,1.379537636,0.077949684,0.144845895,0.022744889
5.758000,0.085193265,-0.176183799,1.378403023,0.078639207,0.148522207,0.022854093
5.759000,0.084693444,-0.172644651,1.376296705,0.080804457,0.151524551,0.023370461
5.760000,0.073466494,-0.176928992,1.375272406,0.084060869,0.153844634,0.023818212
5.761000,0.062239545,-0.181213333,1.374248107,0.087317281,0.156164717,0.024265962
5.762000,0.051012595,-0.185497674,1.373223808,0.090573693,0.158484800,0.024713712
5.763000,0.040189981,-0.190044727,1.372249037,0.093853058,0.160862566,0.025202892
5.764000,0.047472292,-0.202373232,1.385453515,0.096445785,0.163750879,0.025752300
5.765000,0.060013239,-0.220313233,1.405401396,0.099027655,0.167072764,0.026015996
5.766000,0.072554186,-0.238253235,1.425349277,0.101609525,0.170394648,0.026279691
5.767000,0.085095134,-0.256193236,1.445297159,0.104191395,0.173716533,0.026543387
5.768000,0.098680661,-0.269870296,1.465656067,0.106577468,0.177107448,0.026787392
5.769000,0.091761221,-0.258848828,1.472590317,0.107062205,0.180661931,0.027075340
5.770000,0.081784555,-0.236064441,1.473009214,0.106474602,0.184638258,0.027491698
5.771000,0.071807890,-0.213280055,1.473428111,0.105887000,0.188614585,0.027908056
5.772000,0.061831224,-0.190495668,1.473847008,0.105299397,0.192590912,0.028324413
5.773000,0.052967648,-0.169694012,1.475102574,0.104840063,0.196618711,0.028702553
5.774000,0.066913171,-0.176399808,1.478970056,0.106642703,0.201991372,0.028473476
5.775000,0.083942266,-0.193232149,1.482831077,0.109293046,0.207656493,0.028037100
5.776000,0.100565772,-0.210538499,1.486636567,0.111979388,0.213337023,0.027592180
5.777000,0.117189279,-0.227844849,1.490442057,0.114665730,0.219017553,0.027147259
5.778000,0.132080070,-0.248191263,1.493369064,0.117547008,0.224732684,0.026734722
5.779000,0.128240185,-0.252576636,1.507510811,0.120443386,0.230225828,0.026813298
5.780000,0.113155859,-0.256985635,1.520214758,0.123934311,0.235906889,0.026895620
5.781000,0.098071534,-0.261394635,1.532918704,0.127425235,0.241587950,0.026977942
5.782000,0.082987208,-0.265803634,1.545622651,0.130916160,0.247269012,0.027060264
5.783000,0.066488037,-0.267996937,1.560239591,0.134357941,0.252873702,0.027147585
5.784000,0.067895601,-0.268648882,1.571729097,0.137338944,0.259018133,0.027343149
5.785000,0.089156372,-0.260793958,1.587190761,0.139593424,0.265522184,0.027739113
5.786000,0.110417142,-0.252939034,1.602652424,0.141847903,0.272026236,0.028135078
5.787000,0.131677913,-0.245084109,1.618114088,0.144102383,0.278530287,0.028531042
5.788000,0.154116379,-0.237191561,1.633796878,0.146342809,0.285095434,0.028890740
5.789000,0.178934943,-0.243380216,1.652655333,0.149383418,0.292151817,0.029266390
5.790000,0.193172361,-0.262236253,1.670355417,0.153200732,0.298946916,0.029633517
5.791000,0.207409780,-0.281092290,1.688055501,0.157018046,0.305742015,0.030000645
5.792000,0.221647198,-0.299948327,1.705755586,0.160835360,0.312537114,0.030367772
5.793000,0.234870618,-0.317711002,1.723653596,0.164700652,0.319308191,0.030794280
5.794000,0.242478956,-0.313671022,1.735185087,0.167692383,0.326435824,0.031326318
5.795000,0.247768363,-0.303080529,1.742646205,0.170756932,0.333630370,0.031955213
5.796000,0.253057771,-0.292490037,1.750107323,0.173821482,0.340824916,0.032584108
5.797000,0.258347178,-0.281899544,1.757568441,0.176886031,0.348019462,0.033213003
5.798000,0.262538072,-0.269804556,1.765528047,0.179924181,0.355154283,0.033791158
5.799000,0.268301864,-0.278432283,1.779280907,0.184733018,0.361418701,0.034207726
5.800000,0.285401284,-0.292567962,1.799494617,0.189880704,0.367588661,0.034826449
5.801000,0.302500705,-0.306703642,1.819708328,0.195028390,0.373758621,0.035445173
5.802000,0.319600126,-0.320839322,1.839922038,0.200176077,0.379928582,0.036063896
5.803000,0.336029241,-0.337019663,1.860531037,0.205425010,0.386039997,0.036625308
5.804000,0.341535157,-0.340962055,1.890398471,0.210222915,0.390934254,0.037350169
5.805000,0.334509132,-0.341842970,1.926766555,0.214813787,0.394858670,0.037991964
5.806000,0.327483106,-0.342723885,1.963134638,0.219404658,0.398783085,0.038633759
5.807000,0.320457080,-0.343604801,1.999502721,0.223995530,0.402707500,0.039275553
5.808000,0.311613051,-0.343615352,2.037513486,0.228407586,0.406450067,0.039769664
5.809000,0.302324682,-0.349577825,2.075908978,0.231019348,0.409906360,0.039619606
5.810000,0.298519313,-0.358248635,2.107788840,0.233005300,0.413414750,0.039211758
5.811000,0.294713945,-0.366919444,2.139668702,0.234991253,0.416923141,0.038803909
5.812000,0.290908576,-0.375590253,2.171548565,0.236977205,0.420431532,0.038396061
5.813000,0.287402174,-0.383663484,2.201412208,0.238766167,0.423859706,0.038082958
5.814000,0.285918527,-0.378100023,2.221017846,0.238594787,0.426516637,0.038293768
5.815000,0.292554926,-0.371716183,2.240417565,0.237466920,0.429235741,0.038576298
5.816000,0.299191325,-0.365332343,2.259817284,0.236339054,0.431954845,0.038858828
5.817000,0.305827724,-0.358948503,2.279217003,0.235211187,0.434673949,0.039141357
5.818000,0.312737002,-0.352388678,2.298477403,0.234055703,0.437403221,0.039407312
5.819000,0.310413110,-0.351190444,2.313598869,0.233475162,0.439462050,0.040033598
5.820000,0.300369285,-0.355805396,2.327832912,0.233136630,0.441048512,0.040685552
5.821000,0.290325460,-0.360420347,2.342066954,0.232798098,0.442634973,0.041337505
5.822000,0.280281635,-0.365035299,2.356300997,0.232459566,0.444221434,0.041989458
5.823000,0.270181220,-0.371221556,2.370552113,0.232137611,0.445783076,0.042647747
5.824000,0.276857067,-0.383544583,2.391287876,0.229917130,0.447737824,0.043239357
5.825000,0.287357096,-0.392083337,2.415216805,0.226874677,0.449728241,0.043818567
5.826000,0.297857126,-0.400622092,2.439145733,0.223832225,0.451718659,0.044397777
5.827000,0.308357155,-0.409160847,2.463074662,0.220789772,0.453709076,0.044976987
5.828000,0.319415238,-0.417018638,2.485825427,0.217817200,0.455708305,0.045521296
5.829000,0.326347899,-0.409532773,2.491686261,0.214973197,0.457276694,0.045246122
5.830000,0.333757497,-0.397532762,2.489877151,0.211816753,0.458914528,0.044784078
5.831000,0.341167096,-0.385532750,2.488068042,0.208660310,0.460552361,0.044322034
5.832000,0.348576694,-0.373532738,2.486258932,0.205503867,0.462190194,0.043859990
5.833000,0.355706636,-0.364098169,2.485096663,0.202472150,0.463770834,0.043330821
5.834000,0.352738486,-0.367970145,2.493777825,0.199662314,0.464294000,0.042347122
5.835000,0.339629350,-0.370592718,2.506540466,0.196401099,0.464189653,0.041118883
5.836000,0.326520214,-0.373215291,2.519303107,0.193139885,0.464085306,0.039890645
5.837000,0.313411078,-0.375837864,2.532065748,0.189878670,0.463980960,0.038662406
5.838000,0.300380226,-0.378016391,2.546099066,0.186552395,0.463871574,0.037477630
5.839000,0.295697563,-0.361642034,2.554280317,0.182080880,0.464150225,0.036954864
5.840000,0.297324969,-0.331468600,2.561742706,0.176866447,0.464390041,0.036666492
5.841000,0.298952376,-0.301295165,2.569205095,0.171652013,0.464629856,0.036378119
5.842000,0.300579782,-0.271121731,2.576667483,0.166437579,0.464869672,0.036089747
5.843000,0.301950090,-0.242674382,2.583553819,0.161450606,0.465123960,0.035780135
5.844000,0.308669221,-0.241477996,2.580754870,0.160801386,0.465883068,0.035219846
5.845000,0.315470081,-0.258611223,2.575110351,0.162425798,0.466974644,0.034539281
5.846000,0.322270941,-0.275744449,2.569465832,0.164050209,0.468066220,0.033858715
5.847000,0.329071802,-0.292877676,2.563821313,0.165674621,0.469157796,0.033178150
5.848000,0.335702755,-0.307610676,2.559431383,0.167225404,0.470205527,0.032565612
5.849000,0.330065509,-0.323777261,2.577933007,0.168205063,0.470573494,0.031919264
5.850000,0.319413074,-0.339409320,2.603061259,0.168883787,0.470472576,0.031315850
5.851000,0.308760640,-0.355041378,2.628189512,0.169562510,0.470371659,0.030712436
5.852000,0.298108205,-0.370673437,2.653317764,0.170241234,0.470270741,0.030109022
5.853000,0.287560360,-0.385383080,2.678316594,0.170774809,0.470209106,0.029509829
5.854000,0.292502632,-0.351840867,2.694812854,0.166080665,0.471127784,0.030091657
5.855000,0.306624408,-0.298988243,2.707333959,0.159333501,0.472576407,0.031442648
5.856000,0.320746184,-0.246135619,2.719855064,0.152586338,0.474025030,0.032793639
5.857000,0.334867960,-0.193282996,2.732376169,0.145839174,0.475473654,0.034144630
5.858000,0.349394168,-0.145017457,2.741569265,0.139499198,0.477106531,0.035314093
5.859000,0.367225744,-0.140595696,2.713525573,0.138532491,0.479970273,0.035309264
5.860000,0.382396405,-0.151257896,2.678720299,0.139659453,0.482871071,0.034984392
5.861000,0.397567066,-0.161920095,2.643915024,0.140786414,0.485771868,0.034659521
5.862000,0.412737726,-0.172582295,2.609109750,0.141913375,0.488672666,0.034334649
5.863000,0.427770746,-0.183828481,2.575848856,0.143086314,0.491513865,0.034009796
5.864000,0.417851477,-0.210418984,2.600906296,0.145330751,0.491914821,0.034131620
5.865000,0.398121600,-0.236440923,2.645600827,0.147481340,0.491394886,0.034352734
5.866000,0.378391722,-0.262462862,2.690295357,0.149631929,0.490874951,0.034573847
5.867000,0.358661845,-0.288484801,2.734989887,0.151782518,0.490355016,0.034794961
5.868000,0.342138355,-0.309236757,2.779512737,0.153486892,0.489984376,0.035137901
5.869000,0.364215170,-0.270959153,2.813035904,0.149696393,0.491757849,0.036796202
5.870000,0.399945650,-0.221245459,2.840400336,0.144368077,0.494507086,0.038926721
5.871000,0.435676130,-0.171531765,2.867764769,0.139039760,0.497256323,0.041057241
5.872000,0.471406610,-0.121818071,2.895129201,0.133711444,0.500005560,0.043187760
5.873000,0.503902795,-0.078579725,2.917788214,0.129244171,0.502883924,0.045088935
5.874000,0.508057356,-0.095066333,2.909976492,0.129835086,0.505424450,0.045723306
5.875000,0.500559518,-0.134333573,2.890188546,0.132682767,0.507910998,0.045775937
5.876000,0.493061681,-0.173600812,2.870400600,0.135530449,0.510397546,0.045828568
5.877000,0.485563843,-0.212868051,2.850612654,0.138378130,0.512884094,0.045881199
5.878000,0.476586329,-0.250260982,2.837510976,0.141196234,0.515108077,0.045993488
5.879000,0.461689307,-0.263064566,2.854207311,0.142770867,0.515671215,0.045915239
5.880000,0.443436807,-0.259262527,2.881468912,0.143261800,0.515266862,0.045859994
5.881000,0.425184307,-0.255460489,2.908730513,0.143752733,0.514862509,0.045804749
5.882000,0.406966104,-0.251652720,2.935959722,0.144241194,0.514459132,0.045748692
5.883000,0.392774114,-0.246860283,2.960712120,0.144441426,0.514189209,0.045652039
5.884000,0.410465043,-0.226117893,2.992572781,0.142036985,0.515284972,0.046250367
5.885000,0.440427361,-0.203279326,3.025094043,0.138935487,0.516977750,0.047133572
5.886000,0.470389679,-0.180440759,3.057615305,0.135833989,0.518670529,0.048016776
5.887000,0.500351997,-0.157602192,3.090136566,0.132732492,0.520363307,0.048899981
5.888000,0.530212085,-0.135947977,3.121959693,0.129767825,0.522069481,0.049736707
5.889000,0.535602366,-0.162382055,3.122132273,0.130813455,0.522968156,0.049123562
5.890000,0.529666740,-0.203285039,3.112261792,0.133008334,0.523342850,0.047922349
5.891000,0.523731115,-0.244188023,3.102391311,0.135203213,0.523717544,0.046721136
5.892000,0.517795489,-0.285091007,3.092520830,0.137398091,0.524092238,0.045519923
5.893000,0.511081719,-0.323882200,3.085999519,0.139681033,0.524440381,0.044391500
5.894000,0.491134453,-0.347042849,3.096863097,0.142803670,0.523963566,0.043683625
5.895000,0.465615706,-0.366018170,3.112521407,0.146581490,0.523204745,0.043178871
5.896000,0.440096959,-0.384993490,3.128179716,0.150359310,0.522445924,0.042674118
5.897000,0.414578212,-0.403968811,3.143838025,0.154137130,0.521687104,0.042169365
5.898000,0.390441072,-0.422274210,3.159336541,0.157698479,0.520962069,0.041614855
5.899000,0.404804127,-0.400364153,3.173246325,0.156051375,0.522046952,0.041141693
5.900000,0.433123743,-0.360511694,3.188711679,0.152686586,0.523885615,0.040956735
5.901000,0.461443359,-0.320659236,3.204177033,0.149321798,0.525724277,0.040771776
5.902000,0.489762975,-0.280806777,3.219642387,0.145957009,0.527562940,0.040586818
5.903000,0.516851745,-0.241794576,3.234214619,0.142679103,0.529392672,0.040395830
5.904000,0.514174042,-0.226901419,3.229877572,0.141556839,0.530761640,0.040418746
5.905000,0.502957009,-0.218634983,3.217905079,0.140764536,0.532204542,0.040289884
5.906000,0.491739975,-0.210368548,3.205932586,0.139972233,0.533647443,0.040161023
5.907000,0.480522942,-0.202102112,3.193960094,0.139179929,0.535090344,0.040032161
5.908000,0.469063354,-0.194382794,3.182352971,0.138420650,0.536522594,0.039887160
5.909000,0.464201976,-0.208472729,3.203411124,0.138681571,0.537702089,0.038726027
5.910000,0.463821288,-0.228537004,3.233321261,0.139299961,0.538793493,0.037450901
5.911000,0.463440600,-0.248601280,3.263231398,0.139918351,0.539884896,0.036175775
5.912000,0.463059911,-0.268665556,3.293141536,0.140536741,0.540976300,0.034900650
5.913000,0.462873252,-0.287777612,3.322437414,0.141102677,0.542116018,0.033649338
5.914000,0.477742730,-0.283839543,3.327735341,0.140515295,0.545308206,0.033309482
5.915000,0.499163997,-0.266003450,3.328858246,0.139623275,0.549540697,0.033062060
5.916000,0.520585263,-0.248167357,3.329981150,0.138731256,0.553773187,0.032814637
5.917000,0.542006530,-0.230331264,3.331104054,0.137839236,0.558005678,0.032567215
5.918000,0.563454940,-0.212649894,3.333160704,0.136908059,0.562178370,0.032322373
5.919000,0.572751463,-0.209559911,3.351166094,0.135976941,0.565087185,0.031593106
5.920000,0.572489469,-0.221251142,3.376965586,0.134846295,0.567124267,0.030845085
5.921000,0.571762525,-0.237718996,3.406058967,0.133691088,0.569107476,0.030122383
5.922000,0.571035582,-0.254186850,3.435152348,0.132535882,0.571090685,0.029399681
5.923000,0.570754810,-0.269816383,3.463104518,0.131401070,0.573135307,0.028643925
5.924000,0.570776390,-0.263641018,3.476924497,0.129902101,0.575856177,0.028227620
5.925000,0.568358639,-0.243802183,3.487358257,0.128310136,0.578723559,0.028132368
5.926000,0.565940888,-0.223963349,3.497792017,0.126718172,0.581590941,0.028037115
5.927000,0.563523137,-0.204124515,3.508225777,0.125126208,0.584458323,0.027941863
5.928000,0.562569174,-0.185951400,3.518289839,0.123543094,0.587394750,0.027852120
5.929000,0.581917179,-0.180907235,3.522470786,0.122388582,0.591247909,0.027456650
5.930000,0.612314553,-0.178629367,3.527577353,0.121274976,0.595426106,0.026980734
5.931000,0.642711927,-0.176351499,3.532683920,0.120161371,0.599604302,0.026504817
5.932000,0.673109301,-0.174073631,3.537790487,0.119047765,0.603782498,0.026028900
5.933000,0.701114199,-0.171079590,3.543287081,0.117940580,0.607842789,0.025520485
5.934000,0.706405852,-0.165087525,3.559587621,0.116976998,0.610772859,0.024796750
5.935000,0.700533772,-0.158285399,3.572247485,0.116135078,0.613170409,0.023900252
5.936000,0.694661692,-0.151483273,3.584907348,0.115293157,0.615567959,0.023003753
5.937000,0.688789612,-0.144681147,3.597567211,0.114451236,0.617965508,0.022107254
5.938000,0.683063522,-0.138204371,3.609329155,0.113476513,0.620373325,0.021310489
5.939000,0.672674302,-0.132725728,3.603205429,0.111566899,0.622950264,0.021608304
5.940000,0.664182146,-0.130379709,3.589823763,0.109534306,0.625747562,0.022148591
5.941000,0.655689990,-0.128033689,3.576442096,0.107501712,0.628544860,0.022688878
5.942000,0.646982289,-0.124463309,3.564422287,0.105448475,0.631287970,0.023243787
5.943000,0.638482593,-0.118068999,3.556137545,0.103354058,0.633909511,0.023807690
5.944000,0.654425304,-0.114326471,3.568205036,0.101663880,0.636899181,0.023424980
5.945000,0.687814486,-0.116287298,3.591486171,0.100299814,0.640433700,0.022253052
5.946000,0.725734488,-0.118933171,3.617143544,0.098884795,0.644229490,0.020979151
5.947000,0.763654490,-0.121579043,3.642800917,0.097469776,0.648025280,0.019705249
5.948000,0.796532816,-0.124382597,3.667307654,0.096153298,0.651581342,0.018577732
5.949000,0.784159011,-0.132484181,3.677144840,0.095867476,0.653152448,0.018759094
5.950000,0.753761567,-0.141172543,3.679483664,0.095857009,0.653762629,0.019408695
5.951000,0.723369564,-0.149284240,3.681888249,0.095824819,0.654354471,0.020084958
5.952000,0.692977561,-0.157395937,3.684292834,0.095792629,0.654946312,0.020761221
5.953000,0.664405878,-0.166745252,3.685516330,0.095742070,0.655575506,0.021375571
5.954000,0.667687300,-0.166814343,3.697595339,0.094005721,0.656647990,0.021447298
5.955000,0.688171252,-0.156165089,3.717381702,0.091363068,0.658059173,0.021430074
5.956000,0.708655204,-0.145515836,3.737168065,0.088720416,0.659470356,0.021412851
5.957000,0.729139156,-0.134866582,3.756954428,0.086077764,0.660881539,0.021395628
5.958000,0.749103536,-0.124380363,3.776225023,0.083459611,0.662292576,0.021374057
5.959000,0.756771023,-0.110795297,3.781351517,0.081114698,0.663462282,0.021779389
5.960000,0.751618065,-0.094737034,3.780351978,0.079005213,0.664268832,0.022385074
5.961000,0.746465106,-0.078678771,3.779352439,0.076895728,0.665075382,0.022990759
5.962000,0.741312148,-0.062620508,3.778352899,0.074786243,0.665881932,0.023596444
5.963000,0.736955187,-0.049111309,3.778177774,0.072681174,0.666608718,0.024205554
5.964000,0.728818579,-0.064546427,3.782469316,0.071930224,0.666376126,0.023903834
5.965000,0.720011522,-0.086608097,3.786595483,0.071544808,0.665951952,0.023293238
5.966000,0.711204464,-0.108669766,3.790721650,0.071159391,0.665527779,0.022682642
5.967000,0.702397407,-0.130731436,3.794847817,0.070773975,0.665103606,0.022072046
5.968000,0.693124586,-0.152161450,3.799457786,0.070363487,0.664670193,0.021482483
5.969000,0.685928155,-0.157203197,3.808308289,0.070042792,0.664301798,0.021601105
5.970000,0.683524475,-0.151066609,3.818040240,0.069723418,0.664215143,0.022250658
5.971000,0.681120796,-0.144930021,3.827772190,0.069404045,0.664128488,0.022900212
5.972000,0.678717116,-0.138793433,3.837504140,0.069084672,0.664041833,0.023549765
5.973000,0.674901122,-0.133124316,3.847036225,0.068644842,0.663894232,0.024169754
5.974000,0.671227716,-0.121684918,3.841041482,0.065462031,0.663860924,0.024567881
5.975000,0.668788893,-0.101779706,3.822457241,0.060799356,0.663902633,0.024737790
5.976000,0.666350070,-0.081874495,3.803873000,0.056136681,0.663944343,0.024907699
5.977000,0.663911247,-0.061969283,3.785288758,0.051474006,0.663986052,0.025077608
5.978000,0.662203046,-0.043981586,3.768365644,0.047083953,0.664026627,0.025234004
5.979000,0.657602436,-0.046269114,3.770838419,0.045909149,0.663794340,0.025598218
5.980000,0.651517606,-0.059377357,3.780162018,0.046296281,0.663480700,0.026268772
5.981000,0.645432776,-0.072485601,3.789485617,0.046683412,0.663167060,0.026939325
5.982000,0.639347946,-0.085593844,3.798809216,0.047070543,0.662853420,0.027609879
5.983000,0.633581517,-0.098571745,3.808164344,0.047453339,0.662548207,0.028263261
5.984000,0.632864627,-0.099352591,3.799731517,0.047833068,0.662395700,0.028164525
5.985000,0.638366382,-0.088900263,3.785727076,0.048181617,0.662377569,0.026982029
5.986000,0.643868136,-0.078447935,3.771722635,0.048530167,0.662359439,0.025799534
5.987000,0.649369890,-0.067995606,3.757718194,0.048878716,0.662341309,0.024617038
5.988000,0.654811894,-0.057776665,3.743609546,0.049218336,0.662353573,0.023526646
5.989000,0.657874425,-0.055408592,3.756944381,0.048561967,0.662444660,0.024062722
5.990000,0.660329977,-0.059902795,3.781588371,0.046872884,0.662658133,0.025460212
5.991000,0.662785530,-0.064396997,3.806232360,0.045183802,0.662871606,0.026857702
5.992000,0.665241082,-0.068891199,3.830876350,0.043494719,0.663085079,0.028255191
5.993000,0.668028147,-0.072948661,3.855531601,0.041821824,0.663284992,0.029661814
5.994000,0.671321760,-0.069498286,3.864695745,0.040694687,0.663669580,0.031286164
5.995000,0.672016355,-0.056575452,3.872475717,0.039585984,0.664237828,0.032781610
5.996000,0.672710951,-0.043652617,3.880255689,0.038477280,0.664806076,0.034277056
5.997000,0.673405546,-0.030729783,3.888035661,0.037368577,0.665374324,0.035772502
5.998000,0.673476223,-0.018069021,3.893600709,0.036318767,0.665947797,0.037259942
5.999000,0.659574041,-0.028805931,3.887667796,0.037437150,0.666424119,0.038052656
6.000000,0.639859640,-0.049496412,3.877758618,0.039594571,0.666729602,0.038335147
6.001000,0.620145239,-0.070186893,3.867849440,0.041751991,0.667035086,0.038617637
6.002000,0.600430838,-0.090877374,3.857940262,0.043909411,0.667340569,0.038900128
6.003000,0.581085686,-0.110457446,3.849520515,0.045928041,0.667609100,0.039145094
6.004000,0.579096845,-0.100639330,3.873026335,0.044294669,0.668019246,0.039717304
6.005000,0.588362571,-0.078368655,3.916487302,0.040846264,0.668571835,0.041164247
6.006000,0.598217968,-0.055384095,3.960667563,0.037346008,0.669121201,0.042675567
6.007000,0.608073365,-0.032399535,4.004847824,0.033845753,0.669670567,0.044186886
6.008000,0.616921558,-0.010426634,4.048871386,0.030390415,0.670201617,0.045663589
6.009000,0.613463356,-0.008043472,4.060604835,0.028434387,0.671704589,0.046982306
6.010000,0.604669646,-0.017995638,4.048400030,0.027537890,0.673663461,0.046705922
6.011000,0.595875936,-0.027947804,4.036195225,0.026641393,0.675622333,0.046429537
6.012000,0.587082226,-0.037899970,4.023990421,0.025744896,0.677581205,0.046153153
6.013000,0.579482920,-0.046432697,4.014904731,0.024819847,0.679562243,0.045876328
6.014000,0.585768786,-0.048897700,4.033585342,0.023957215,0.681336294,0.045663528
6.015000,0.590334002,-0.061709873,4.070031950,0.023906720,0.682869466,0.045969729
6.016000,0.594899217,-0.074522047,4.106478557,0.023856224,0.684402638,0.046275929
6.017000,0.599464433,-0.087334220,4.142925165,0.023805729,0.685935810,0.046582130
6.018000,0.606228530,-0.099154730,4.175388254,0.023732275,0.687798310,0.046914226
6.019000,0.609457339,-0.116427213,4.179313668,0.023604597,0.690859756,0.046253749
6.020000,0.608360990,-0.124151933,4.175059740,0.021915028,0.693691371,0.043656097
6.021000,0.607264641,-0.131876654,4.170805812,0.020225459,0.696522985,0.041058444
6.022000,0.606168291,-0.139601375,4.166551883,0.018535890,0.699354600,0.038460792
6.023000,0.603446937,-0.144362032,4.162521674,0.016675987,0.702062514,0.035690096
6.024000,0.598447068,-0.129270676,4.149493366,0.014284015,0.704485079,0.033675466
6.025000,0.603752782,-0.110057531,4.120163695,0.012750566,0.707349438,0.033353980
6.026000,0.609058496,-0.090844386,4.090834025,0.011217117,0.710213797,0.033032495
6.027000,0.614364209,-0.071631241,4.061504354,0.009683669,0.713078155,0.032711009
6.028000,0.619937714,-0.055054207,4.035020064,0.008281752,0.715861470,0.032377082
6.029000,0.637261958,-0.061958186,4.040512588,0.007976295,0.717424018,0.032508227
6.030000,0.652594486,-0.072637182,4.058236476,0.007706479,0.718513237,0.032507885
6.031000,0.667927014,-0.083316178,4.075960364,0.007436662,0.719602457,0.032507542
6.032000,0.683259541,-0.093995173,4.093684253,0.007166845,0.720691676,0.032507200
6.033000,0.697602519,-0.103682410,4.109739267,0.006913704,0.721686945,0.032475759
6.034000,0.691770842,-0.106508838,4.082116280,0.007638676,0.722076149,0.032223108
6.035000,0.688576513,-0.117802049,4.031422582,0.009551283,0.722695729,0.032889662
6.036000,0.685382183,-0.129095260,3.980728884,0.011463889,0.723315309,0.033556217
6.037000,0.682187854,-0.140388470,3.930035187,0.013376496,0.723934889,0.034222771
6.038000,0.675845203,-0.151884108,3.882139539,0.014568519,0.724315958,0.035049881
6.039000,0.663309859,-0.126839883,3.852824148,0.010537940,0.722791549,0.035712227
6.040000,0.647323265,-0.077895147,3.832140421,0.004691848,0.720728750,0.035612380
6.041000,0.631336672,-0.028950410,3.811456695,-0.001154244,0.718665951,0.035512533
6.042000,0.615350079,0.019994326,3.790772968,-0.007000336,0.716603152,0.035412687
6.043000,0.600009974,0.065721363,3.770026163,-0.012510471,0.714491131,0.035187005
6.044000,0.598787257,0.058703373,3.746998213,-0.012937662,0.712160776,0.034354813
6.045000,0.600198781,0.030100092,3.719778800,-0.011118124,0.709447519,0.033399299
6.046000,0.601610306,0.001496811,3.692559388,-0.009298586,0.706734262,0.032443786
6.047000,0.603021831,-0.027106471,3.665339975,-0.007479047,0.704021004,0.031488273
6.048000,0.603803769,-0.054066398,3.637916505,-0.005725068,0.701206201,0.030461711
6.049000,0.582610749,-0.056032416,3.615699079,-0.004713867,0.696286689,0.029313479
6.050000,0.558578657,-0.049145877,3.594578298,-0.003907576,0.690778148,0.028092355
6.051000,0.534546565,-0.042259339,3.573457517,-0.003101286,0.685269608,0.026871231
6.052000,0.510514473,-0.035372801,3.552336736,-0.002294995,0.679761067,0.025650107
6.053000,0.489369266,-0.028000113,3.531260949,-0.001761208,0.674354069,0.024537123
6.054000,0.493256212,-0.021341904,3.512494103,-0.004395419,0.670063984,0.024164391
6.055000,0.497160599,-0.014408181,3.497548461,-0.008173756,0.665754602,0.024056301
6.056000,0.501064987,-0.007474459,3.482602819,-0.011952093,0.661445220,0.023948211
6.057000,0.504969374,-0.000540736,3.467657177,-0.015730430,0.657135839,0.023840120
6.058000,0.507882974,0.006190955,3.452690263,-0.019455732,0.652770488,0.023800531
6.059000,0.506941533,0.016073704,3.428272283,-0.021600188,0.647953993,0.024440500
6.060000,0.513602408,0.027854115,3.399124455,-0.023075967,0.643386649,0.025171982
6.061000,0.520263284,0.039634527,3.369976627,-0.024551746,0.638819305,0.025903465
6.062000,0.526924159,0.051414939,3.340828799,-0.026027525,0.634251962,0.026634948
6.063000,0.532162675,0.061143968,3.310396269,-0.027255886,0.629679551,0.027276433
6.064000,0.512618247,0.053012207,3.274513887,-0.026248049,0.624591834,0.027821694
6.065000,0.475718786,0.040568370,3.238300746,-0.024640304,0.618896370,0.028480050
6.066000,0.438819324,0.028124534,3.202087606,-0.023032559,0.613200907,0.029138406
6.067000,0.401919863,0.015680698,3.165874465,-0.021424814,0.607505443,0.029796762
6.068000,0.367072346,0.004883786,3.131589599,-0.019960798,0.601916534,0.030560161
6.069000,0.374410633,0.010528356,3.117780274,-0.020748851,0.598485872,0.031961525
6.070000,0.402353358,0.016560472,3.106875237,-0.022114583,0.596097998,0.033463191
6.071000,0.430296083,0.022592588,3.095970200,-0.023480314,0.593710124,0.034964857
6.072000,0.458238807,0.028624704,3.085065163,-0.024846046,0.591322251,0.036466523
6.073000,0.485613497,0.034653269,3.074004787,-0.026207856,0.588884440,0.037995067
6.074000,0.480530412,0.043794836,3.049798381,-0.027797792,0.585477545,0.040299844
6.075000,0.459425564,0.050641485,3.026163405,-0.029175888,0.581523059,0.042800219
6.076000,0.438320716,0.057488135,3.002528429,-0.030553984,0.577568572,0.045300595
6.077000,0.417215868,0.064334784,2.978893453,-0.031932080,0.573614085,0.047800970
6.078000,0.396155460,0.071066188,2.955426950,-0.033282835,0.569679988,0.050312124
6.079000,0.399991863,0.069049045,2.939754887,-0.033362978,0.566726242,0.054769318
6.080000,0.418749005,0.065366633,2.923088186,-0.033067596,0.564368032,0.060503107
6.081000,0.437506146,0.061684221,2.906421485,-0.032772214,0.562009823,0.066236896
6.082000,0.456263288,0.058001808,2.889754784,-0.032476831,0.559651613,0.071970684
6.083000,0.474580317,0.053818901,2.870718899,-0.032102659,0.557342484,0.077649771
6.084000,0.471741249,0.040620977,2.851951724,-0.030781291,0.554574583,0.082143608
6.085000,0.453565541,0.024155850,2.843502380,-0.029041352,0.551154089,0.085807354
6.086000,0.435389834,0.007690722,2.835053036,-0.027301413,0.547733596,0.089471101
6.087000,0.417214127,-0.008774405,2.826603692,-0.025561474,0.544313102,0.093134847
6.088000,0.400024434,-0.025849516,2.817499908,-0.023933352,0.540886845,0.096796591
6.089000,0.395879171,-0.037757193,2.799399821,-0.025753220,0.537237819,0.099978278
6.090000,0.399776313,-0.042588942,2.775543209,-0.029865903,0.533554010,0.102877060
6.091000,0.403673456,-0.047420690,2.751686597,-0.033978587,0.529870200,0.105775843
6.092000,0.407570598,-0.052252439,2.727829985,-0.038091270,0.526186391,0.108674625
6.093000,0.410884850,-0.056623677,2.704699610,-0.042026669,0.522426774,0.111565159
6.094000,0.397692252,-0.058960646,2.680092241,-0.043268085,0.517645301,0.114743128
6.095000,0.376127779,-0.067570780,2.653677091,-0.042960878,0.512503844,0.118204022
6.096000,0.354563307,-0.076180914,2.627261941,-0.042653672,0.507362387,0.121664916
6.097000,0.332998834,-0.084791048,2.600846791,-0.042346466,0.502220929,0.125125810
6.098000,0.311308910,-0.094693790,2.573671108,-0.041954028,0.497079230,0.128445310
6.099000,0.310744568,-0.128911834,2.545629993,-0.041182345,0.492662881,0.129932825
6.100000,0.326794401,-0.168235499,2.517621881,-0.040819559,0.488556010,0.130711411
6.101000,0.342844235,-0.207559164,2.489613770,-0.040456773,0.484449138,0.131489998
6.102000,0.358894069,-0.246882830,2.461605658,-0.040093987,0.480342267,0.132268584
6.103000,0.371355476,-0.279658321,2.427585677,-0.040056912,0.475933141,0.133052820
6.104000,0.383738600,-0.263773889,2.396039057,-0.041657150,0.469707967,0.134307402
6.105000,0.381848796,-0.229714827,2.367230188,-0.043789034,0.462018947,0.136273399
6.106000,0.379958991,-0.195655765,2.338421319,-0.045920918,0.454329927,0.138239397
6.107000,0.377208937,-0.162246494,2.309516526,-0.048047072,0.446585897,0.140222909
6.108000,0.360484523,-0.137421888,2.279136557,-0.050102939,0.438052919,0.142394473
6.109000,0.279525632,-0.138177350,2.215757299,-0.052064456,0.426850790,0.145474290
6.110000,0.182780742,-0.148432031,2.131461783,-0.053839648,0.415543231,0.148860603
6.111000,0.086035852,-0.158686712,2.047166267,-0.055614841,0.404235671,0.152246916
6.112000,-0.010772239,-0.168432864,1.963085091,-0.057401904,0.392956922,0.155613453
6.113000,-0.093000612,-0.171443564,1.882961578,-0.059228502,0.382275813,0.158598895
6.114000,-0.037274068,-0.189883867,1.831206978,-0.059051611,0.376496912,0.160417433
6.115000,0.046009930,-0.213279843,1.786095858,-0.058418052,0.371682233,0.162035148
6.116000,0.129293928,-0.236675819,1.740984738,-0.057784494,0.366867555,0.163652864
6.117000,0.212577927,-0.260071795,1.695873618,-0.057150935,0.362052876,0.165270579
6.118000,0.285371422,-0.281115201,1.651068149,-0.056558606,0.356789328,0.166796578
6.119000,0.283654291,-0.270295978,1.600737337,-0.056214451,0.347424182,0.167457284
6.120000,0.252832883,-0.243107497,1.549678342,-0.056173795,0.336546615,0.168051823
6.121000,0.222011476,-0.215919017,1.498619347,-0.056133139,0.325669047,0.168646362
6.122000,0.191190068,-0.188730537,1.447560352,-0.056092483,0.314791480,0.169240901
6.123000,0.163171271,-0.165501376,1.399080844,-0.056059315,0.304032921,0.169755759
6.124000,0.128693730,-0.163363881,1.347918629,-0.057056396,0.292534906,0.169675360
6.125000,0.090802153,-0.165720391,1.290059065,-0.058385478,0.280897962,0.169644493
6.126000,0.052910577,-0.168076901,1.232199501,-0.059714561,0.269261018,0.169613626
6.127000,0.015019000,-0.170433412,1.174339936,-0.061043644,0.257624074,0.169582758
6.128000,-0.022408167,-0.172496493,1.116696746,-0.062308504,0.246032968,0.169578912
6.129000,-0.035903450,-0.165188833,1.071848028,-0.061810612,0.235692414,0.169952814
6.130000,-0.034922294,-0.149597627,1.033178646,-0.060715050,0.225948817,0.170307492
6.131000,-0.033941138,-0.134006420,0.994509264,-0.059619489,0.216205220,0.170662169
6.132000,-0.032959981,-0.118415213,0.955839882,-0.058523927,0.206461623,0.171016846
6.133000,-0.029933609,-0.103271820,0.917195356,-0.057496480,0.196884994,0.171101407
6.134000,0.000172532,-0.090722593,0.896892387,-0.057556518,0.189913587,0.167819909
6.135000,0.040082252,-0.085049505,0.886239780,-0.058008381,0.183953929,0.162862018
6.136000,0.079991973,-0.079376417,0.875587173,-0.058460243,0.177994272,0.157904126
6.137000,0.119901693,-0.073703329,0.864934565,-0.058912105,0.172034614,0.152946234
6.138000,0.154898290,-0.070374087,0.853383367,-0.059334066,0.165766226,0.147578606
6.139000,0.133421507,-0.074394038,0.818928902,-0.060389292,0.156406538,0.137354146
6.140000,0.085709896,-0.079209782,0.780682340,-0.061613810,0.145808330,0.125504404
6.141000,0.037998285,-0.084025527,0.742435778,-0.062838328,0.135210122,0.113654662
6.142000,-0.009160382,-0.088958905,0.705480675,-0.064067329,0.124762322,0.101822949
6.143000,-0.056329326,-0.089437389,0.675059224,-0.065436476,0.114840046,0.090051479
6.144000,-0.085351241,-0.064441010,0.646183094,-0.067550230,0.106421120,0.077964046
6.145000,-0.068909777,-0.031651488,0.612368231,-0.070444181,0.101027152,0.065456700
6.146000,-0.032524035,0.009364385,0.569846135,-0.074105107,0.096561472,0.052417750
6.147000,0.003861707,0.050380258,0.527324039,-0.077766033,0.092095792,0.039378799
6.148000,0.037703543,0.085684118,0.484793103,-0.081169576,0.087579027,0.026205851
6.149000,0.040248914,0.073553620,0.453582122,-0.083040626,0.082161320,0.011412669
6.150000,0.039085164,0.055363654,0.423898134,-0.084640635,0.076075590,-0.003711837
6.151000,0.037921413,0.037173687,0.394214145,-0.086240644,0.069989861,-0.018836343
6.152000,0.036757662,0.018983721,0.364530157,-0.087840654,0.063904132,-0.033960849
6.153000,0.033190850,0.003428728,0.335711250,-0.089495358,0.057821685,-0.049114909
6.154000,0.013166952,0.019714680,0.309157686,-0.091754816,0.050503820,-0.063938356
6.155000,-0.010579406,0.044175875,0.283480013,-0.094139527,0.042869171,-0.078254141
6.156000,-0.034325763,0.068637071,0.257802339,-0.096524237,0.035234521,-0.092569926
6.157000,-0.058072120,0.093098267,0.232124665,-0.098908947,0.027599872,-0.106885712
6.158000,-0.077824837,0.118372424,0.204720217,-0.101504273,0.020076256,-0.121028025
6.159000,-0.048375000,0.157987073,0.167054539,-0.106478539,0.014889113,-0.132277459
6.160000,-0.001075434,0.197232907,0.121680552,-0.111750854,0.010526775,-0.142889276
6.161000,0.046224132,0.236478740,0.076306566,-0.117023168,0.006164437,-0.153501092
6.162000,0.093523698,0.275724574,0.030932579,-0.122295483,0.001802100,-0.164112909
6.163000,0.137352475,0.312738930,-0.015861582,-0.127103650,-0.002556460,-0.174644719
6.164000,0.138213193,0.316836488,-0.078644918,-0.125588012,-0.007154398,-0.184090162
6.165000,0.113386425,0.315516900,-0.145432236,-0.122045121,-0.012087521,-0.193482115
6.166000,0.088559657,0.314197311,-0.212219554,-0.118502230,-0.017020644,-0.202874068
6.167000,0.063732890,0.312877723,-0.279006872,-0.114959338,-0.021953766,-0.212266020
6.168000,0.039068756,0.308280813,-0.339503740,-0.111692931,-0.026966466,-0.221065113
6.169000,0.018107822,0.290630287,-0.352758115,-0.111501085,-0.032760424,-0.225350905
6.170000,0.000650876,0.260820280,-0.348900804,-0.111778551,-0.038769967,-0.228160521
6.171000,-0.016806070,0.231010273,-0.345043492,-0.112056017,-0.044779511,-0.230970138
6.172000,-0.034263015,0.201200267,-0.341186180,-0.112333483,-0.050789054,-0.233779754
6.173000,-0.046196480,0.176091460,-0.340599997,-0.112910259,-0.056562443,-0.236196742
6.174000,-0.014410686,0.234039631,-0.368114566,-0.118095422,-0.059964077,-0.233458691
6.175000,0.027487794,0.315258091,-0.408049734,-0.124201617,-0.062747874,-0.229434995
6.176000,0.069386274,0.396476552,-0.447984901,-0.130307811,-0.065531671,-0.225411298
6.177000,0.111284753,0.477695013,-0.487920068,-0.136414005,-0.068315468,-0.221387601
6.178000,0.150735070,0.553979476,-0.530525450,-0.142065974,-0.071082880,-0.217342263
6.179000,0.154888931,0.548475404,-0.585724799,-0.139959545,-0.073389690,-0.212845393
6.180000,0.142068841,0.496094301,-0.639790117,-0.133695915,-0.075430101,-0.207707158
6.181000,0.129248750,0.443713199,-0.693855435,-0.127432285,-0.077470512,-0.202568922
6.182000,0.116428660,0.391332096,-0.747920754,-0.121168656,-0.079510923,-0.197430687
6.183000,0.102923060,0.339165299,-0.795427012,-0.114982857,-0.081685288,-0.192289305
6.184000,0.083487820,0.297042849,-0.795009395,-0.110332432,-0.084648779,-0.185460750
6.185000,0.059977777,0.255661306,-0.784658050,-0.106372149,-0.088169005,-0.178231033
6.186000,0.036467735,0.214279764,-0.774306705,-0.102411866,-0.091689232,-0.171001315
6.187000,0.012957693,0.172898221,-0.763955360,-0.098451583,-0.095209458,-0.163771598
6.188000,-0.007324416,0.135025650,-0.753643131,-0.094925352,-0.098524978,-0.156429182
6.189000,0.020772594,0.173082781,-0.753317335,-0.099332279,-0.099173473,-0.147986906
6.190000,0.071834524,0.226727301,-0.761036838,-0.105617840,-0.098671967,-0.139541735
6.191000,0.122896454,0.280371821,-0.768756341,-0.111903400,-0.098170460,-0.131096564
6.192000,0.173958384,0.334016341,-0.776475844,-0.118188961,-0.097668954,-0.122651393
6.193000,0.219153000,0.382217729,-0.788366792,-0.123999412,-0.097278774,-0.114389242
6.194000,0.211843362,0.365231300,-0.819662862,-0.125254711,-0.098119151,-0.108075545
6.195000,0.179172387,0.330341542,-0.853453557,-0.125008590,-0.099655320,-0.102112891
6.196000,0.146501411,0.295451784,-0.887244251,-0.124762470,-0.101191489,-0.096150238
6.197000,0.113830435,0.260562027,-0.921034946,-0.124516349,-0.102727658,-0.090187585
6.198000,0.082231473,0.224117682,-0.953234747,-0.124020123,-0.104264640,-0.084095871
6.199000,0.051960113,0.187791207,-0.981965256,-0.121045261,-0.106150691,-0.076831878
6.200000,0.024837505,0.154349765,-1.006106479,-0.116935107,-0.108431035,-0.068908635
6.201000,-0.002285102,0.120908322,-1.030247702,-0.112824952,-0.110711379,-0.060985392
6.202000,-0.029407710,0.087466880,-1.054388926,-0.108714797,-0.112991722,-0.053062149
6.203000,-0.051752094,0.054136226,-1.077509926,-0.104910963,-0.115074798,-0.045076399
6.204000,-0.027221434,0.046690152,-1.094192921,-0.105874635,-0.115445392,-0.036120656
6.205000,0.016437138,0.053711093,-1.111129887,-0.108811417,-0.115204177,-0.026699888
6.206000,0.060095711,0.060732034,-1.128066852,-0.111748200,-0.114962962,-0.017279120
6.207000,0.103754283,0.067752974,-1.145003818,-0.114684982,-0.114721747,-0.007858352
6.208000,0.142901490,0.075463606,-1.162296459,-0.117367869,-0.114626244,0.001466258
6.209000,0.128548034,0.074310773,-1.184133588,-0.116584748,-0.116030303,0.009421712
6.210000,0.090152217,0.065612946,-1.217562623,-0.114269530,-0.117828187,0.016708640
6.211000,0.051756399,0.056915118,-1.250991657,-0.111954311,-0.119626071,0.023995568
6.212000,0.013360581,0.048217291,-1.284420692,-0.109639092,-0.121423955,0.031282496
6.213000,-0.024015629,0.035209051,-1.318803872,-0.106810332,-0.123087114,0.038384071
6.214000,-0.034485698,-0.005889673,-1.353259078,-0.099506637,-0.122928387,0.043152825
6.215000,-0.035651297,-0.044136987,-1.386539247,-0.091684079,-0.122404929,0.047148928
6.216000,-0.036816896,-0.082384301,-1.419819415,-0.083861520,-0.121881470,0.051145031
6.217000,-0.037982495,-0.120631615,-1.453099584,-0.076038961,-0.121358012,0.055141133
6.218000,-0.039030343,-0.156837524,-1.485137195,-0.068488195,-0.120779721,0.059079786
6.219000,-0.024354930,-0.160477338,-1.479980056,-0.065405912,-0.119149983,0.062139996
6.220000,-0.004238333,-0.157608322,-1.463370705,-0.063407684,-0.117057599,0.064775064
6.221000,0.015878265,-0.154739306,-1.446761354,-0.061409455,-0.114965215,0.067410133
6.222000,0.035994863,-0.151870289,-1.430152003,-0.059411227,-0.112872831,0.070045201
6.223000,0.056781876,-0.149723055,-1.412786930,-0.057361572,-0.110716397,0.072657980
6.224000,0.050819256,-0.156222477,-1.409055352,-0.055005142,-0.109027115,0.074116091
6.225000,0.026507477,-0.153031179,-1.409456336,-0.053608756,-0.107656129,0.075347883
6.226000,0.002195698,-0.149839882,-1.409857319,-0.052212370,-0.106285143,0.076579675
6.227000,-0.022116080,-0.146648584,-1.410258303,-0.050815984,-0.104914157,0.077811467
6.228000,-0.046114780,-0.145172062,-1.411518168,-0.049285053,-0.103549075,0.078988020
6.229000,-0.049685484,-0.168914680,-1.424525134,-0.044511565,-0.101550123,0.079257520
6.230000,-0.036296783,-0.195971043,-1.440641476,-0.038789479,-0.098651421,0.078457448
6.231000,-0.022908083,-0.223027407,-1.456757818,-0.033067393,-0.095752720,0.077657377
6.232000,-0.009519383,-0.250083771,-1.472874160,-0.027345307,-0.092854018,0.076857305
6.233000,0.003298059,-0.275883900,-1.488551272,-0.021799738,-0.089985940,0.076181761
6.234000,0.006128702,-0.274463435,-1.487623797,-0.019782045,-0.088179097,0.078399149
6.235000,0.000884468,-0.262490757,-1.477232377,-0.018845574,-0.086650404,0.081129133
6.236000,-0.004359766,-0.250518078,-1.466840957,-0.017909103,-0.085121711,0.083859117
6.237000,-0.009604000,-0.238545400,-1.456449537,-0.016972632,-0.083593019,0.086589100
6.238000,-0.014223085,-0.228048513,-1.444562328,-0.016160039,-0.082092789,0.089165565
6.239000,-0.021996918,-0.229179554,-1.442283709,-0.016738525,-0.081034247,0.090976493
6.240000,-0.027933248,-0.234955425,-1.447327132,-0.017896250,-0.080281584,0.092988065
6.241000,-0.033869578,-0.240731296,-1.452370555,-0.019053975,-0.079528920,0.094999636
6.242000,-0.039805908,-0.246507167,-1.457413978,-0.020211700,-0.078776257,0.097011208
6.243000,-0.046404154,-0.251999980,-1.462779731,-0.021407803,-0.078052383,0.098965733
6.244000,-0.035678328,-0.241237375,-1.462121116,-0.024440363,-0.077231034,0.101629198
6.245000,-0.006754215,-0.224046439,-1.456956631,-0.028087298,-0.075897502,0.104281836
6.246000,0.022169897,-0.206855504,-1.451792147,-0.031734233,-0.074563970,0.106934475
6.247000,0.051094010,-0.189664568,-1.446627662,-0.035381168,-0.073230438,0.109587114
6.248000,0.079805943,-0.168908722,-1.438915258,-0.039319968,-0.071928099,0.112363395
6.249000,0.100670477,-0.152604279,-1.431694037,-0.044299783,-0.070256555,0.114512306
6.250000,0.108896847,-0.140659211,-1.429339665,-0.049581306,-0.068916521,0.116394547
6.251000,0.117123217,-0.128714143,-1.426985294,-0.054862829,-0.067576488,0.118276788
6.252000,0.125349586,-0.116769075,-1.424630923,-0.060144352,-0.066236454,0.120159029
6.253000,0.132437493,-0.106075034,-1.424819241,-0.065304031,-0.064919780,0.121901991
6.254000,0.108122467,-0.124637920,-1.436749064,-0.067504755,-0.065414209,0.121496358
6.255000,0.078799207,-0.153872642,-1.446622274,-0.068326288,-0.066316028,0.120400289
6.256000,0.049475946,-0.183107365,-1.456495484,-0.069147822,-0.067217846,0.119304219
6.257000,0.020152686,-0.212342087,-1.466368694,-0.069969356,-0.068119665,0.118208149
6.258000,-0.006664731,-0.237729094,-1.475923475,-0.070962917,-0.069008335,0.117122251
6.259000,-0.013501878,-0.224700809,-1.468723030,-0.073410634,-0.069836540,0.115080070
6.260000,-0.019016319,-0.201169756,-1.460369216,-0.076341346,-0.070777179,0.112668229
6.261000,-0.024530761,-0.177638703,-1.452015402,-0.079272057,-0.071717817,0.110256389
6.262000,-0.030045203,-0.154107650,-1.443661588,-0.082202769,-0.072658456,0.107844548
6.263000,-0.034018183,-0.129690394,-1.435016145,-0.085160054,-0.073557034,0.105396985
6.264000,-0.020858637,-0.111192206,-1.436668158,-0.087610798,-0.073498229,0.102014103
6.265000,-0.000472153,-0.096749211,-1.444799237,-0.089896029,-0.072990091,0.098242198
6.266000,0.019914331,-0.082306216,-1.452930317,-0.092181260,-0.072481953,0.094470292
6.267000,0.040300815,-0.067863220,-1.461061397,-0.094466491,-0.071973816,0.090698387
6.268000,0.059172473,-0.055118311,-1.470012502,-0.096591793,-0.071552898,0.086885522
6.269000,0.053625044,-0.060979724,-1.485368807,-0.096487076,-0.072709076,0.081145948
6.270000,0.021732320,-0.076997335,-1.499964586,-0.095222776,-0.075332755,0.074216779
6.271000,-0.010160403,-0.093014947,-1.514560366,-0.093958475,-0.077956434,0.067287609
6.272000,-0.042053127,-0.109032558,-1.529156146,-0.092694175,-0.080580112,0.060358440
6.273000,-0.072322346,-0.124630160,-1.544183328,-0.091331529,-0.083149052,0.053410261
6.274000,-0.082621980,-0.121987425,-1.556823460,-0.088964950,-0.085521253,0.046192120
6.275000,-0.082320766,-0.110473866,-1.562726756,-0.086187114,-0.087661504,0.038954464
6.276000,-0.082019551,-0.098960308,-1.568630051,-0.083409277,-0.089801756,0.031716808
6.277000,-0.081718337,-0.087446749,-1.574533347,-0.080631440,-0.091942007,0.024479151
6.278000,-0.081101095,-0.077680727,-1.581323822,-0.077979066,-0.094026994,0.017350944
6.279000,-0.063386134,-0.063355100,-1.584276640,-0.077575059,-0.095704449,0.009916313
6.280000,-0.041771725,-0.050252402,-1.588000385,-0.078053350,-0.097398762,0.002082741
6.281000,-0.020157316,-0.037149703,-1.591724129,-0.078531641,-0.099093075,-0.005750831
6.282000,0.001457094,-0.024047005,-1.595447873,-0.079009932,-0.100787388,-0.013584402
6.283000,0.022296211,-0.012970110,-1.600961870,-0.079326294,-0.102523346,-0.021426753
6.284000,0.021142778,-0.008279466,-1.624914032,-0.078954396,-0.105257348,-0.028601089
6.285000,0.001572075,-0.008875668,-1.653444535,-0.077855096,-0.108723626,-0.035525245
6.286000,-0.017998627,-0.009471870,-1.681975039,-0.076755796,-0.112189905,-0.042449401
6.287000,-0.037569329,-0.010068073,-1.710505543,-0.075656495,-0.115656183,-0.049373557
6.288000,-0.051699574,-0.006648825,-1.737586979,-0.074804375,-0.118889591,-0.056128810
6.289000,-0.034638283,0.003496601,-1.750511429,-0.074009527,-0.121109269,-0.061693446
6.290000,-0.008067800,0.007165429,-1.763494961,-0.072251672,-0.123051891,-0.066756562
6.291000,0.018502683,0.010834256,-1.776478493,-0.070493817,-0.124994512,-0.071819677
6.292000,0.045373126,0.014385731,-1.789513187,-0.068728881,-0.126924925,-0.076868133
6.293000,0.070032306,0.015394249,-1.804826546,-0.066931657,-0.128896879,-0.081604581
6.294000,0.071123088,0.016982357,-1.826243593,-0.065727987,-0.131674284,-0.084883971
6.295000,0.064713712,0.017359131,-1.851342224,-0.064568316,-0.134528947,-0.087673297
6.296000,0.058241576,0.017676874,-1.876488284,-0.063406168,-0.137383889,-0.090461216
6.297000,0.051769439,0.017994618,-1.901634344,-0.062244019,-0.140238831,-0.093249135
6.298000,0.044915881,0.017271189,-1.926815219,-0.060949826,-0.143108414,-0.095886151
6.299000,0.040377089,0.018352244,-1.952523922,-0.060566142,-0.145608666,-0.096573408
6.300000,0.037149862,0.018269630,-1.980031044,-0.060426852,-0.147827662,-0.096808813
6.301000,0.033922636,0.018187016,-2.007538167,-0.060287562,-0.150046659,-0.097044218
6.302000,0.030695409,0.018104402,-2.035045289,-0.060148272,-0.152265655,-0.097279623
6.303000,0.029194119,0.019129299,-2.061948486,-0.060125262,-0.154384935,-0.097440626
6.304000,0.039511165,0.028284312,-2.072576532,-0.061251678,-0.155576905,-0.095856737
6.305000,0.049303409,0.038089179,-2.080279391,-0.062449061,-0.156579870,-0.093716926
6.306000,0.059095653,0.047894047,-2.087982251,-0.063646443,-0.157582834,-0.091577115
6.307000,0.068887897,0.057698915,-2.095685110,-0.064843826,-0.158585799,-0.089437304
6.308000,0.076614849,0.063577290,-2.103151538,-0.065984222,-0.159615900,-0.087220771
6.309000,0.075660269,0.056037776,-2.115934489,-0.067275496,-0.160378343,-0.084210561
6.310000,0.078908212,0.056760491,-2.128489077,-0.069505801,-0.160748127,-0.080572571
6.311000,0.082156156,0.057483206,-2.141043665,-0.071736107,-0.161117911,-0.076934581
6.312000,0.085404099,0.058205921,-2.153598253,-0.073966412,-0.161487695,-0.073296591
6.313000,0.089921820,0.058514962,-2.166841346,-0.076115435,-0.161788975,-0.069641562
6.314000,0.089454889,0.048913344,-2.193193323,-0.077173231,-0.161875542,-0.065748933
6.315000,0.086202695,0.033978069,-2.223826855,-0.077744183,-0.161810173,-0.061758664
6.316000,0.082950500,0.019042794,-2.254460387,-0.078315135,-0.161744804,-0.057768396
6.317000,0.079698305,0.004107519,-2.285093919,-0.078886087,-0.161679435,-0.053778127
6.318000,0.079460700,-0.008378614,-2.314240454,-0.079541098,-0.161445657,-0.049736788
6.319000,0.092540167,-0.005873941,-2.333512198,-0.080382015,-0.160740205,-0.045520854
6.320000,0.115288075,0.003580108,-2.349570659,-0.081273427,-0.159530823,-0.041357034
6.321000,0.138035982,0.013034158,-2.365629120,-0.082164839,-0.158321440,-0.037193214
6.322000,0.160783890,0.022488207,-2.381687581,-0.083056251,-0.157112058,-0.033029394
6.323000,0.175805090,0.026189485,-2.395089163,-0.083652134,-0.156268216,-0.028953350
6.324000,0.167219511,0.005292058,-2.394850939,-0.083286488,-0.156776194,-0.025320482
6.325000,0.156128210,-0.023323175,-2.390112667,-0.082812094,-0.157562675,-0.021802688
6.326000,0.145036910,-0.051938408,-2.385374396,-0.082337700,-0.158349156,-0.018284893
6.327000,0.133945609,-0.080553640,-2.380636124,-0.081863306,-0.159135637,-0.014767099
6.328000,0.123674655,-0.107182215,-2.376267742,-0.081603840,-0.159867949,-0.011288847
6.329000,0.121228084,-0.095819741,-2.390290436,-0.085467270,-0.159892495,-0.008491428
6.330000,0.123674626,-0.069299882,-2.413128491,-0.090600804,-0.159397732,-0.005972939
6.331000,0.126121169,-0.042780023,-2.435966547,-0.095734337,-0.158902969,-0.003454450
6.332000,0.128567712,-0.016260164,-2.458804603,-0.100867871,-0.158408206,-0.000935961
6.333000,0.129444494,0.007245077,-2.480259904,-0.105720997,-0.158047633,0.001564856
6.334000,0.137402534,-0.004119441,-2.498617627,-0.107405161,-0.157901345,0.003005753
6.335000,0.149073568,-0.023639199,-2.519514523,-0.108327564,-0.157815959,0.004179752
6.336000,0.160744603,-0.043158956,-2.540411419,-0.109249967,-0.157730573,0.005353752
6.337000,0.172415637,-0.062678713,-2.561308315,-0.110172371,-0.157645186,0.006527751
6.338000,0.182854769,-0.083081670,-2.581157558,-0.110871864,-0.157707625,0.007675471
6.339000,0.178756463,-0.088468020,-2.590457534,-0.110931576,-0.159381223,0.008266609
6.340000,0.173605926,-0.086530055,-2.589242855,-0.110580152,-0.161624330,0.008634139
6.341000,0.168380685,-0.084566787,-2.587960349,-0.110213561,-0.163877801,0.008994940
6.342000,0.163155444,-0.082603519,-2.586677843,-0.109846970,-0.166131272,0.009355740
6.343000,0.156294580,-0.081916030,-2.584633358,-0.109463039,-0.168478823,0.009617436
6.344000,0.146088489,-0.097142657,-2.583872617,-0.108774626,-0.171427486,0.009341767
6.345000,0.136928755,-0.120016736,-2.586886293,-0.108231488,-0.174812237,0.008605276
6.346000,0.132996057,-0.140664854,-2.589147703,-0.108481020,-0.178288651,0.007705677
6.347000,0.129356537,-0.161142309,-2.591297436,-0.108777663,-0.181762151,0.006806752
6.348000,0.125496339,-0.179675992,-2.594175663,-0.109287346,-0.185197002,0.006043253
6.349000,0.138446679,-0.172248637,-2.601898466,-0.111567303,-0.188094618,0.005407684
6.350000,0.165963844,-0.152217721,-2.612177439,-0.114698983,-0.190381477,0.004753767
6.351000,0.194369673,-0.130968355,-2.622870374,-0.117950687,-0.192609728,0.004087304
6.352000,0.222775503,-0.109718989,-2.633563309,-0.121202391,-0.194837979,0.003420840
6.353000,0.248273801,-0.090880676,-2.644355906,-0.124141125,-0.197249151,0.002609081
6.354000,0.244036802,-0.097174642,-2.663634286,-0.124399236,-0.201423433,0.001336710
6.355000,0.225637813,-0.112050941,-2.688266500,-0.123799848,-0.206401904,-0.000142442
6.356000,0.207238824,-0.126927239,-2.712898714,-0.123200459,-0.211380375,-0.001621594
6.357000,0.188839835,-0.141803538,-2.737530927,-0.122601071,-0.216358845,-0.003100746
6.358000,0.177520984,-0.154434961,-2.760693547,-0.121477089,-0.221058849,-0.004475956
6.359000,0.192697099,-0.163948383,-2.772780799,-0.117031716,-0.224742341,-0.005599738
6.360000,0.213333412,-0.173420422,-2.779290706,-0.112070005,-0.228202223,-0.006648399
6.361000,0.233975259,-0.182905508,-2.785774675,-0.107107278,-0.231662470,-0.007696874
6.362000,0.254617105,-0.192390595,-2.792258644,-0.102144550,-0.235122716,-0.008745350
6.363000,0.273457153,-0.201672434,-2.797627836,-0.097587671,-0.238707597,-0.009743049
6.364000,0.276680946,-0.196965055,-2.798085491,-0.098480360,-0.243104674,-0.010167149
6.365000,0.267707252,-0.184674096,-2.795140749,-0.101470074,-0.248375608,-0.010166069
6.366000,0.258733558,-0.172383137,-2.792196007,-0.104459788,-0.253646542,-0.010164988
6.367000,0.249759864,-0.160092178,-2.789251265,-0.107449501,-0.258917476,-0.010163907
6.368000,0.242099066,-0.147119774,-2.788682439,-0.110401724,-0.264008978,-0.010177458
6.369000,0.245533827,-0.140749886,-2.800630381,-0.112081123,-0.267693184,-0.010538977
6.370000,0.251960416,-0.138847192,-2.812384341,-0.113217393,-0.270777803,-0.011034677
6.371000,0.258387005,-0.136944499,-2.824138302,-0.114353663,-0.273862423,-0.011530378
6.372000,0.264813593,-0.135041805,-2.835892262,-0.115489933,-0.276947042,-0.012026079
6.373000,0.270860960,-0.133824668,-2.848663375,-0.116403787,-0.279993539,-0.012546518
6.374000,0.268111072,-0.141185295,-2.870078474,-0.115419775,-0.283308263,-0.012808399
6.375000,0.262669549,-0.163340397,-2.897523148,-0.112832323,-0.286843854,-0.013136562
6.376000,0.257228026,-0.185495500,-2.924967823,-0.110244871,-0.290379446,-0.013464725
6.377000,0.251786503,-0.207650602,-2.952412498,-0.107657419,-0.293915037,-0.013792887
6.378000,0.248619216,-0.227172598,-2.978136641,-0.105492150,-0.297403716,-0.014120152
6.379000,0.261970718,-0.210945917,-2.991522863,-0.108164876,-0.300758976,-0.013911803
6.380000,0.278271107,-0.167492513,-3.000691987,-0.113294294,-0.304028163,-0.013586517
6.381000,0.294571495,-0.124039108,-3.009861111,-0.118423712,-0.307297350,-0.013261231
6.382000,0.310871884,-0.080585703,-3.019030236,-0.123553131,-0.310566537,-0.012935945
6.383000,0.327902640,-0.040360710,-3.028548087,-0.128570376,-0.313851275,-0.012746292
6.384000,0.341623893,-0.035348854,-3.025953627,-0.132406792,-0.317397350,-0.014161151
6.385000,0.351570717,-0.044270759,-3.022415907,-0.135734714,-0.321003590,-0.016155962
6.386000,0.361517541,-0.053192664,-3.018878187,-0.139062635,-0.324609831,-0.018150773
6.387000,0.371464365,-0.062114569,-3.015340467,-0.142390557,-0.328216071,-0.020145584
6.388000,0.378380394,-0.072812205,-3.013954864,-0.145437699,-0.331933506,-0.022205426
6.389000,0.362121813,-0.080804737,-3.050597476,-0.146170417,-0.336270057,-0.024180783
6.390000,0.339986846,-0.091552504,-3.096406849,-0.145895705,-0.340773383,-0.026209427
6.391000,0.317851880,-0.102300270,-3.142216222,-0.145620994,-0.345276708,-0.028238070
6.392000,0.295716913,-0.113048037,-3.188025595,-0.145346283,-0.349780034,-0.030266714
6.393000,0.276032271,-0.121104991,-3.230573344,-0.145403254,-0.354299627,-0.032069463
6.394000,0.275094541,-0.133846878,-3.245930112,-0.146492354,-0.359350119,-0.032999005
6.395000,0.282073840,-0.154161963,-3.246425558,-0.147762764,-0.364549274,-0.033404562
6.396000,0.289068556,-0.174483589,-3.246906330,-0.149033386,-0.369747986,-0.033810079
6.397000,0.296063272,-0.194805214,-3.247387103,-0.150304008,-0.374946697,-0.034215595
6.398000,0.306083836,-0.210490130,-3.248306728,-0.152010059,-0.380004273,-0.034623828
6.399000,0.330794093,-0.171657387,-3.259812639,-0.158514167,-0.383993283,-0.034884982
6.400000,0.352484830,-0.113426117,-3.280529112,-0.166631571,-0.387670993,-0.035211697
6.401000,0.374175568,-0.055194847,-3.301245585,-0.174748975,-0.391348704,-0.035538412
6.402000,0.395866305,0.003036423,-3.321962058,-0.182866379,-0.395026415,-0.035865126
6.403000,0.413503733,0.058045861,-3.345020792,-0.190656776,-0.398788987,-0.036328888
6.404000,0.393585899,0.058532188,-3.390694335,-0.193132565,-0.403157246,-0.038481536
6.405000,0.366257517,0.039733371,-3.440690261,-0.193499593,-0.407825082,-0.041176991
6.406000,0.338894966,0.020836472,-3.490714557,-0.193852023,-0.412496418,-0.043875125
6.407000,0.311532415,0.001939574,-3.540738853,-0.194204453,-0.417167754,-0.046573259
6.408000,0.285288304,-0.016694322,-3.589744327,-0.194512748,-0.421847327,-0.049276319
6.409000,0.295295655,-0.029759348,-3.604609733,-0.194329469,-0.426719611,-0.052170896
6.410000,0.322468612,-0.045103983,-3.600912595,-0.194113189,-0.431545125,-0.054912518
6.411000,0.349685470,-0.060475382,-3.597144322,-0.193898238,-0.436369576,-0.057654196
6.412000,0.376902329,-0.075846781,-3.593376048,-0.193683287,-0.441194027,-0.060395874
6.413000,0.402770406,-0.091124254,-3.589453866,-0.193649201,-0.446030658,-0.063161132
6.414000,0.393556964,-0.085841891,-3.595608746,-0.198452577,-0.451431761,-0.065848990
6.415000,0.373423595,-0.068620980,-3.607215280,-0.205038284,-0.456914200,-0.068559418
6.416000,0.353290226,-0.051400070,-3.618821814,-0.211623992,-0.462396640,-0.071269846
6.417000,0.333156856,-0.034179159,-3.630428348,-0.218209699,-0.467879080,-0.073980274
6.418000,0.314460627,-0.019293145,-3.643977514,-0.224314482,-0.473280514,-0.076674310
6.419000,0.330777602,-0.026620639,-3.670942102,-0.225591601,-0.476642524,-0.079002105
6.420000,0.362148811,-0.047371112,-3.701681972,-0.225010359,-0.479114776,-0.081283216
6.421000,0.393520020,-0.068121586,-3.732421842,-0.224429117,-0.481587028,-0.083564326
6.422000,0.424891228,-0.088872059,-3.763161711,-0.223847874,-0.484059281,-0.085845437
6.423000,0.453037819,-0.108445889,-3.790367037,-0.223153953,-0.486624267,-0.088189955
6.424000,0.440519010,-0.129962987,-3.786811802,-0.221740827,-0.490821001,-0.091235750
6.425000,0.416211899,-0.152959796,-3.773847134,-0.219998796,-0.495635584,-0.094562385
6.426000,0.391904789,-0.175956605,-3.760882466,-0.218256765,-0.500450167,-0.097889021
6.427000,0.367597679,-0.198953414,-3.747917798,-0.216514735,-0.505264749,-0.101215656
6.428000,0.345470255,-0.218844920,-3.735692567,-0.215030985,-0.509910563,-0.104496530
6.429000,0.350503647,-0.186828425,-3.739158841,-0.218025483,-0.512403336,-0.107362212
6.430000,0.362168209,-0.126954976,-3.758453487,-0.223957054,-0.514118538,-0.110059514
6.431000,0.373832771,-0.067081527,-3.777748132,-0.229888625,-0.515833740,-0.112756815
6.432000,0.385497333,-0.007208078,-3.797042778,-0.235820197,-0.517548942,-0.115454117
6.433000,0.397434545,0.044109240,-3.812946694,-0.240814085,-0.519293129,-0.118136919
6.434000,0.409860627,0.024194730,-3.818608088,-0.238230069,-0.521378929,-0.120319271
6.435000,0.422694781,-0.017515440,-3.825346170,-0.233062595,-0.523508178,-0.121904967
6.436000,0.435707447,-0.059830373,-3.832081815,-0.227836054,-0.525632999,-0.123468662
6.437000,0.448720113,-0.102145307,-3.838817460,-0.222609513,-0.527757820,-0.125032357
6.438000,0.461598721,-0.142072283,-3.845418231,-0.217554454,-0.529862148,-0.126549582
6.439000,0.457921907,-0.126840479,-3.857204418,-0.216407494,-0.532079828,-0.126778843
6.440000,0.440993838,-0.079186640,-3.871070450,-0.217711520,-0.534303187,-0.126263328
6.441000,0.424045571,-0.031355129,-3.884886109,-0.219027371,-0.536523569,-0.125747666
6.442000,0.407097304,0.016476382,-3.898701768,-0.220343222,-0.538743951,-0.125232004
6.443000,0.391729218,0.061526684,-3.912832317,-0.221495995,-0.540841704,-0.124710115
6.444000,0.404727541,0.071329609,-3.928507909,-0.220991330,-0.541182130,-0.123822209
6.445000,0.437800927,0.064791601,-3.947903016,-0.219838246,-0.540493959,-0.123017841
6.446000,0.470885082,0.058217728,-3.967313717,-0.218684221,-0.539805138,-0.122214207
6.447000,0.503969237,0.051643856,-3.986724419,-0.217530197,-0.539116317,-0.121410573
6.448000,0.534928462,0.043349594,-4.006004809,-0.216210011,-0.538548369,-0.120627693
6.449000,0.546973055,0.041359389,-3.991257463,-0.214577774,-0.539320219,-0.119208199
6.450000,0.552267679,0.049714635,-3.942676014,-0.213026886,-0.541002713,-0.116823508
6.451000,0.557562228,0.058072865,-3.894080382,-0.211476109,-0.542685512,-0.114438672
6.452000,0.562856777,0.066431095,-3.845484750,-0.209925332,-0.544368311,-0.112053835
6.453000,0.565269569,0.075361429,-3.798326834,-0.208344123,-0.546143559,-0.109575401
6.454000,0.531699101,0.090616133,-3.791378863,-0.206502820,-0.548534961,-0.105743220
6.455000,0.482408996,0.108388754,-3.803954365,-0.204432660,-0.551025429,-0.101244038
6.456000,0.433118891,0.126161374,-3.816529868,-0.202362501,-0.553515897,-0.096744856
6.457000,0.383828785,0.143933995,-3.829105371,-0.200292341,-0.556006366,-0.092245675
6.458000,0.340492186,0.156154561,-3.840771482,-0.197888990,-0.558166433,-0.087763502
6.459000,0.347266728,0.133374237,-3.833909090,-0.192669035,-0.557966503,-0.082654924
6.460000,0.370646193,0.103339086,-3.816143238,-0.186704549,-0.557177483,-0.077294828
6.461000,0.394025658,0.073303935,-3.798377386,-0.180740062,-0.556388463,-0.071934733
6.462000,0.417405122,0.043268784,-3.780611534,-0.174775576,-0.555599442,-0.066574638
6.463000,0.439388780,0.016860856,-3.764244904,-0.169077345,-0.554835003,-0.061212283
6.464000,0.440357311,0.023966827,-3.784202111,-0.174344727,-0.559762712,-0.060498048
6.465000,0.433552983,0.040957264,-3.812186992,-0.172862147,-0.558926458,-0.055591243
6.466000,0.426748654,0.057947700,-3.840171873,-0.171379567,-0.558090203,-0.050684437
6.467000,0.419944326,0.074938137,-3.868156754,-0.169896987,-0.557253949,-0.045777632
6.468000,0.413777467,0.089855327,-3.895089070,-0.168203907,-0.556482103,-0.040871915
6.469000,0.440500985,0.061790829,-3.896556739,-0.163725580,-0.555596692,-0.036341632
6.470000,0.484247118,0.016665001,-3.883627263,-0.158122013,-0.554704599,-0.032020552
6.471000,0.528300005,-0.028671350,-3.870700503,-0.152489353,-0.553810821,-0.027707209
6.472000,0.572352892,-0.074007702,-3.857773742,-0.146856692,-0.552917044,-0.023393867
6.473000,0.611185771,-0.114732517,-3.845134654,-0.141578357,-0.552200541,-0.019042805
6.474000,0.578200179,-0.109091345,-3.837166355,-0.139282860,-0.553970096,-0.014259486
6.475000,0.506547776,-0.084631408,-3.837695218,-0.138019683,-0.557142533,-0.009143364
6.476000,0.434895374,-0.060171471,-3.838224081,-0.136756506,-0.560314969,-0.004027241
6.477000,0.363242972,-0.035711533,-3.838752944,-0.135493329,-0.563487406,0.001088881
6.478000,0.296251380,-0.016776062,-3.839196591,-0.133978418,-0.566416845,0.005972749
6.479000,0.286119499,-0.038237520,-3.836402066,-0.130613282,-0.566583947,0.009134522
6.480000,0.296534598,-0.071334091,-3.830458021,-0.126628699,-0.565732116,0.011721192
6.481000,0.306949698,-0.104430662,-3.824513977,-0.122644116,-0.564880284,0.014307862
6.482000,0.317364798,-0.137527233,-3.818569933,-0.118659534,-0.564028452,0.016894532
6.483000,0.329015541,-0.169301157,-3.812276364,-0.114805659,-0.563056742,0.019401308
6.484000,0.373053606,-0.186646370,-3.810785998,-0.113150216,-0.559868107,0.020004977
6.485000,0.434064440,-0.196907440,-3.816568981,-0.112578121,-0.555367989,0.019624998
6.486000,0.495075274,-0.207168509,-3.822351963,-0.112006025,-0.550867872,0.019245019
6.487000,0.556086108,-0.217429578,-3.828134946,-0.111433929,-0.546367754,0.018865041
6.488000,0.611439052,-0.227925405,-3.832058676,-0.110570859,-0.542317167,0.018860596
6.489000,0.636718075,-0.237930310,-3.817677970,-0.106814433,-0.540302900,0.020942794
6.490000,0.661608427,-0.247885850,-3.798262625,-0.102257307,-0.538514168,0.023701056
6.491000,0.684947228,-0.254899392,-3.776745439,-0.097600537,-0.536872832,0.026712525
6.492000,0.708286029,-0.261912934,-3.755228252,-0.092943767,-0.535231496,0.029723994
6.493000,0.729938984,-0.265976449,-3.735460031,-0.088520232,-0.533609619,0.032938809
6.494000,0.725683672,-0.233202068,-3.732824637,-0.089263888,-0.532485591,0.037367871
6.495000,0.704653560,-0.174161401,-3.729691959,-0.093439023,-0.531707495,0.041910047
6.496000,0.683591755,-0.114855854,-3.726520667,-0.097639544,-0.530927594,0.046460985
6.497000,0.662529950,-0.055550307,-3.723349375,-0.101840066,-0.530147693,0.051011923
6.498000,0.641364079,-0.000443791,-3.717326438,-0.105837984,-0.529464258,0.055408603
6.499000,0.602943836,-0.020307922,-3.673725353,-0.104604897,-0.531138992,0.057646717
6.500000,0.567605765,-0.065614692,-3.620497675,-0.101059894,-0.533119963,0.059393120
6.501000,0.532267693,-0.110921463,-3.567269998,-0.097514891,-0.535100933,0.061139522
6.502000,0.496929622,-0.156228233,-3.514042321,-0.093969888,-0.537081904,0.062885925
6.503000,0.458112121,-0.197152817,-3.463382811,-0.090529550,-0.538945325,0.064578699
6.504000,0.428585846,-0.212956148,-3.444221917,-0.088088940,-0.537754436,0.065137139
6.505000,0.410728356,-0.225260867,-3.432610653,-0.086017929,-0.535281914,0.065018680
6.506000,0.392870867,-0.237565586,-3.420999388,-0.083946917,-0.532809392,0.064900222
6.507000,0.375013377,-0.249870306,-3.409388124,-0.081875905,-0.530336869,0.064781763
6.508000,0.358382953,-0.261057228,-3.397368074,-0.079875320,-0.527786836,0.064675507
6.509000,0.339441456,-0.248684032,-3.389422663,-0.079134200,-0.524740942,0.066150355
6.510000,0.313366532,-0.227036626,-3.388768618,-0.078926118,-0.521562642,0.068459482
6.511000,0.287291608,-0.205389220,-3.388114574,-0.078718036,-0.518384342,0.070768609
6.512000,0.261216684,-0.183741814,-3.387460530,-0.078509955,-0.515206042,0.073077736
6.513000,0.237235580,-0.163678758,-3.385089687,-0.078290337,-0.511988952,0.075336464
6.514000,0.260443589,-0.158552469,-3.367971470,-0.078312368,-0.507005720,0.076813072
6.515000,0.301359371,-0.155683830,-3.344148085,-0.078586001,-0.501421632,0.077932244
6.516000,0.342275154,-0.152815190,-3.320324699,-0.078859634,-0.495837544,0.079051415
6.517000,0.383190936,-0.149946551,-3.296501313,-0.079133267,-0.490253456,0.080170587
6.518000,0.423486278,-0.146250651,-3.272298406,-0.079456783,-0.484689167,0.081232979
6.519000,0.421852200,-0.119636490,-3.251040470,-0.080554663,-0.480000552,0.081333813
6.520000,0.390155284,-0.081590522,-3.239814421,-0.081833716,-0.475788159,0.081168512
6.521000,0.355478216,-0.042570973,-3.230043451,-0.083162318,-0.471610592,0.081001861
6.522000,0.320801148,-0.003551424,-3.220272481,-0.084490921,-0.467433026,0.080835210
6.523000,0.290906639,0.031680344,-3.208512307,-0.085555553,-0.463129904,0.080591034
6.524000,0.301291599,0.009415537,-3.186418909,-0.083254387,-0.456804205,0.079493964
6.525000,0.339483045,-0.056132801,-3.154411211,-0.078604399,-0.448911981,0.077438567
6.526000,0.378474729,-0.123702977,-3.121763529,-0.073837056,-0.441006000,0.075293627
6.527000,0.417466413,-0.191273153,-3.089115846,-0.069069712,-0.433100019,0.073148686
6.528000,0.452895274,-0.255308530,-3.057676255,-0.064539265,-0.425345767,0.070993559
6.529000,0.447426343,-0.250748103,-3.040533581,-0.064437552,-0.419528028,0.068920124
6.530000,0.426931143,-0.220955196,-3.028032113,-0.066157355,-0.414473961,0.066885325
6.531000,0.406435943,-0.191162289,-3.015530645,-0.067877157,-0.409419894,0.064850526
6.532000,0.385940742,-0.161369382,-3.003029176,-0.069596960,-0.404365828,0.062815727
6.533000,0.366754306,-0.132178116,-2.987742024,-0.071279125,-0.399281840,0.060748294
6.534000,0.362653794,-0.119394337,-2.950299788,-0.072390775,-0.393700047,0.058419092
6.535000,0.364103001,-0.117786505,-2.911222352,-0.072975379,-0.388135739,0.056179805
6.536000,0.365552208,-0.116178673,-2.872144916,-0.073559983,-0.382571431,0.053940519
6.537000,0.367166105,-0.113733731,-2.832989069,-0.074156772,-0.376986038,0.051692585
6.538000,0.369157988,-0.104989627,-2.793609730,-0.074818238,-0.371212699,0.049341875
6.539000,0.367454146,-0.093224435,-2.769768039,-0.073924795,-0.364783631,0.046887009
6.540000,0.362336278,-0.087147298,-2.754766490,-0.072000338,-0.358026522,0.044334214
6.541000,0.357218410,-0.081070162,-2.739764941,-0.070075880,-0.351269412,0.041781419
6.542000,0.352100542,-0.074993026,-2.724763392,-0.068151422,-0.344512302,0.039228624
6.543000,0.347531478,-0.068887845,-2.708728561,-0.066265391,-0.337734337,0.036661776
6.544000,0.336043182,-0.072050821,-2.680804360,-0.064740895,-0.331103862,0.034009808
6.545000,0.316580064,-0.082975386,-2.644386680,-0.063112201,-0.324798667,0.031273103
6.546000,0.293235560,-0.097434122,-2.610146342,-0.061702995,-0.318601736,0.028479075
6.547000,0.269891057,-0.111892858,-2.575906004,-0.060293790,-0.312404805,0.025685048
6.548000,0.247153065,-0.124467596,-2.540520802,-0.059045426,-0.306276347,0.022887651
6.549000,0.250141679,-0.113222897,-2.493992312,-0.059476592,-0.300065948,0.019510404
6.550000,0.264077721,-0.090424145,-2.447403484,-0.060806972,-0.293802867,0.015937363
6.551000,0.278013763,-0.067625394,-2.400814657,-0.062137352,-0.287539785,0.012364321
6.552000,0.291949804,-0.044826643,-2.354225829,-0.063467732,-0.281276704,0.008791280
6.553000,0.305536209,-0.022065693,-2.308132252,-0.064778577,-0.275018749,0.005229871
6.554000,0.297247298,-0.019488742,-2.299567709,-0.063530756,-0.269116980,0.001925164
6.555000,0.279124526,-0.031703904,-2.309480068,-0.060795409,-0.263330205,-0.001402492
6.556000,0.261001754,-0.043919067,-2.319392427,-0.058060063,-0.257543429,-0.004730148
6.557000,0.242878982,-0.056134229,-2.329304786,-0.055324716,-0.251756653,-0.008057804
6.558000,0.225814132,-0.068668186,-2.337178297,-0.052613023,-0.245932910,-0.011447360
6.559000,0.235743293,-0.072922150,-2.303932898,-0.052129331,-0.239371395,-0.015668244
6.560000,0.255002880,-0.068292812,-2.259478883,-0.053239282,-0.232560249,-0.020209179
6.561000,0.274262467,-0.063663474,-2.215024869,-0.054349232,-0.225749103,-0.024750113
6.562000,0.293522053,-0.059034136,-2.170570854,-0.055459183,-0.218937956,-0.029291048
6.563000,0.313645106,-0.056959928,-2.125339394,-0.056233639,-0.212187502,-0.033548423
6.564000,0.318747343,-0.063085217,-2.086909649,-0.054767799,-0.205942145,-0.036359589
6.565000,0.313684093,-0.073478416,-2.050514116,-0.052205020,-0.200115246,-0.038749281
6.566000,0.308620843,-0.083871614,-2.014118584,-0.049642241,-0.194288348,-0.041138973
6.567000,0.303557593,-0.094264813,-1.977723051,-0.047079462,-0.188461449,-0.043528665
6.568000,0.299313124,-0.103583653,-1.942096229,-0.044701497,-0.182599551,-0.045900119
6.569000,0.308839094,-0.079583499,-1.923220897,-0.046613463,-0.176633811,-0.047729807
6.570000,0.319224698,-0.041557024,-1.907000544,-0.050321658,-0.170654180,-0.049431865
6.571000,0.329610301,-0.003530549,-1.890780191,-0.054029853,-0.164674549,-0.051133923
6.572000,0.339995904,0.034495926,-1.874559838,-0.057738048,-0.158694918,-0.052835981
6.573000,0.348631631,0.066539580,-1.858415457,-0.060790668,-0.152743707,-0.054552217
6.574000,0.320724717,0.070212960,-1.831122267,-0.058889345,-0.147554570,-0.056218954
6.575000,0.281405353,0.068428470,-1.803767053,-0.055873638,-0.142689402,-0.057979018
6.576000,0.242085989,0.066643979,-1.776411839,-0.052857932,-0.137824234,-0.059739082
6.577000,0.202766625,0.064859489,-1.749056624,-0.049842225,-0.132959066,-0.061499146
6.578000,0.167580960,0.062628093,-1.719788474,-0.046976416,-0.128018942,-0.063207690
6.579000,0.178170361,0.074319083,-1.683715549,-0.047656830,-0.122877280,-0.064279747
6.580000,0.202089447,0.094132286,-1.644006947,-0.049547585,-0.117772652,-0.065054821
6.581000,0.226008532,0.113945488,-1.604298346,-0.051438340,-0.112668024,-0.065829895
6.582000,0.249927618,0.133758691,-1.564589744,-0.053329095,-0.107563396,-0.066604970
6.583000,0.269726268,0.154681708,-1.525531335,-0.055139688,-0.102606232,-0.067378417
6.584000,0.254276053,0.172457965,-1.486166191,-0.055596786,-0.098365457,-0.068156322
6.585000,0.230518959,0.181180422,-1.449482849,-0.055663327,-0.094067236,-0.069080887
6.586000,0.206761865,0.189902878,-1.412799508,-0.055729867,-0.089769016,-0.070005452
6.587000,0.183004771,0.198625335,-1.376116166,-0.055796407,-0.085470795,-0.070930016
6.588000,0.161363635,0.205352837,-1.340277501,-0.055714715,-0.081112712,-0.071755320
6.589000,0.181001781,0.190522461,-1.317932332,-0.054360877,-0.075638972,-0.071218470
6.590000,0.217409275,0.169972851,-1.298109722,-0.052448337,-0.069713807,-0.070094969
6.591000,0.253816769,0.149423241,-1.278287111,-0.050535798,-0.063788642,-0.068971469
6.592000,0.290224263,0.128873631,-1.258464501,-0.048623259,-0.057863478,-0.067847969
6.593000,0.325944700,0.110523917,-1.239145135,-0.046864934,-0.051924288,-0.066802813
6.594000,0.330755170,0.115959688,-1.225153923,-0.047120878,-0.046636411,-0.066646978
6.595000,0.309739308,0.126538216,-1.209838915,-0.048151317,-0.042073763,-0.066823177
6.596000,0.288723445,0.137116744,-1.194523907,-0.049181757,-0.037511115,-0.066999376
6.597000,0.267707582,0.147695272,-1.179208899,-0.050212197,-0.032948466,-0.067175575
6.598000,0.247040750,0.157467583,-1.163345640,-0.051145881,-0.028465429,-0.067250025
6.599000,0.245581898,0.146955121,-1.132898700,-0.050147379,-0.024672547,-0.066067492
6.600000,0.260532631,0.129479115,-1.092989478,-0.048397651,-0.020830190,-0.064495673
6.601000,0.275946249,0.112029492,-1.052935812,-0.046649347,-0.016982345,-0.062916188
6.602000,0.291359867,0.094579870,-1.012882146,-0.044901043,-0.013134500,-0.061336702
6.603000,0.305957311,0.078055897,-0.972991001,-0.043231270,-0.009289504,-0.059845220
6.604000,0.294447197,0.082666302,-0.943297137,-0.043756155,-0.006347609,-0.058660468
6.605000,0.269419493,0.089484203,-0.924192332,-0.045078824,-0.003902582,-0.057426554
6.606000,0.244391790,0.096302104,-0.905087527,-0.046401492,-0.001457555,-0.056192640
6.607000,0.219364087,0.103120005,-0.885982722,-0.047724161,0.000987472,-0.054958726
6.608000,0.195335741,0.110927734,-0.866989387,-0.048966254,0.003411894,-0.053584078
6.609000,0.193850671,0.105442339,-0.842927496,-0.047832480,0.006252401,-0.051266784
6.610000,0.201868289,0.091225210,-0.814289222,-0.045658020,0.009511426,-0.048600179
6.611000,0.209885906,0.077008081,-0.785650948,-0.043483559,0.012770451,-0.045933573
6.612000,0.217903524,0.062790953,-0.757012674,-0.041309098,0.016029475,-0.043266968
6.613000,0.226698366,0.047795901,-0.728349699,-0.039114025,0.019332297,-0.040639026
6.614000,0.228306418,0.029165160,-0.700888204,-0.038114696,0.022473413,-0.038677598
6.615000,0.217741874,-0.000160413,-0.685520794,-0.037426873,0.025422366,-0.037187846
6.616000,0.207177329,-0.029485986,-0.670153383,-0.036739051,0.028371319,-0.035698094
6.617000,0.196612785,-0.058811559,-0.654785972,-0.036051228,0.031320272,-0.034208342
6.618000,0.184917060,-0.083652256,-0.638956966,-0.035493895,0.034122671,-0.032634193
6.619000,0.166709506,-0.050929831,-0.631140625,-0.036128485,0.035138813,-0.030073992
6.620000,0.150730656,-0.007217048,-0.621017508,-0.037010845,0.035870787,-0.027386841
6.621000,0.134751806,0.036495734,-0.610894391,-0.037893206,0.036602761,-0.024699690
6.622000,0.118772955,0.080208516,-0.600771274,-0.038775566,0.037334735,-0.022012539
6.623000,0.104064965,0.121062437,-0.590374830,-0.039548395,0.038099693,-0.019337978
6.624000,0.116495949,0.102023308,-0.561663150,-0.038985506,0.039456607,-0.016807316
6.625000,0.142492699,0.056966791,-0.521407802,-0.037647001,0.041167380,-0.014321550
6.626000,0.168489449,0.011910273,-0.481152453,-0.036308495,0.042878154,-0.011835783
6.627000,0.194486198,-0.033146244,-0.440897105,-0.034969990,0.044588928,-0.009350017
6.628000,0.219519046,-0.076079035,-0.401398799,-0.033807682,0.046274196,-0.006813201
6.629000,0.215393758,-0.069465360,-0.377139932,-0.034874668,0.046853854,-0.003555829
6.630000,0.200890566,-0.040144758,-0.358091887,-0.037167899,0.046899190,-0.000068420
6.631000,0.186387373,-0.010824156,-0.339043842,-0.039461130,0.046944526,0.003418988
6.632000,0.171884181,0.018496446,-0.319995797,-0.041754362,0.046989862,0.006906396
6.633000,0.157844563,0.043548396,-0.300127458,-0.043740009,0.047004842,0.010331612
6.634000,0.160007097,0.023371442,-0.277884926,-0.042260541,0.047446858,0.012671984
6.635000,0.170303720,-0.015644492,-0.253018376,-0.039388636,0.048105724,0.014638456
6.636000,0.180600343,-0.054660426,-0.228151827,-0.036516731,0.048764590,0.016604928
6.637000,0.190896967,-0.093676360,-0.203285277,-0.033644826,0.049423456,0.018571400
6.638000,0.199642810,-0.130052140,-0.179222714,-0.030948778,0.050045325,0.020564062
6.639000,0.183781457,-0.122906084,-0.161884189,-0.030598072,0.049749824,0.023613555
6.640000,0.155810132,-0.099978490,-0.144156607,-0.031361214,0.048767318,0.026938232
6.641000,0.127838807,-0.077050897,-0.126429025,-0.032124356,0.047784811,0.030262909
6.642000,0.099867482,-0.054123303,-0.108701443,-0.032887497,0.046802305,0.033587586
6.643000,0.073830536,-0.033576679,-0.090263574,-0.033476356,0.045865538,0.036867749
6.644000,0.065031837,-0.030271059,-0.071447425,-0.032451605,0.045011772,0.039167704
6.645000,0.059138267,-0.034343885,-0.055932418,-0.030633006,0.044033562,0.041266676
6.646000,0.053244696,-0.038416712,-0.040417410,-0.028814408,0.043055351,0.043365648
6.647000,0.047351125,-0.042489539,-0.024902403,-0.026995809,0.042077141,0.045464620
6.648000,0.042589706,-0.046592227,-0.008829051,-0.025306570,0.041157544,0.047574390
6.649000,0.052800820,-0.051764582,0.018899561,-0.025137735,0.040655807,0.049697009
6.650000,0.074691579,-0.058671462,0.051150084,-0.025806008,0.040377699,0.051959732
6.651000,0.096582338,-0.065578341,0.083400607,-0.026474281,0.040099591,0.054222455
6.652000,0.118473097,-0.072485221,0.115651130,-0.027142554,0.039821483,0.056485178
6.653000,0.137952569,-0.078568893,0.146855311,-0.027789152,0.039501178,0.058745651
6.654000,0.126437666,-0.061068676,0.146867632,-0.029117576,0.038913085,0.060860862
6.655000,0.101670232,-0.036453910,0.129704346,-0.030390579,0.038189797,0.062663347
6.656000,0.076902797,-0.011839144,0.112541061,-0.031663581,0.037466508,0.064465832
6.657000,0.052135363,0.012775621,0.095377776,-0.032936584,0.036743220,0.066268316
6.658000,0.029888178,0.033261796,0.078958117,-0.033931857,0.036059429,0.068004468
6.659000,0.040874114,-0.007444475,0.089379198,-0.030788923,0.035956937,0.068631989
6.660000,0.058448532,-0.067849845,0.108343863,-0.026090013,0.035804621,0.068937678
6.661000,0.076022950,-0.128255214,0.127308528,-0.021391103,0.035652305,0.069243367
6.662000,0.093597369,-0.188660583,0.146273193,-0.016692193,0.035499989,0.069549056
6.663000,0.108680145,-0.241003167,0.168360703,-0.012766031,0.035245644,0.069943874
6.664000,0.096536716,-0.223000701,0.199706432,-0.015227951,0.033477784,0.070709248
6.665000,0.066873889,-0.167827207,0.239756789,-0.021112251,0.031024238,0.071496029
6.666000,0.037211062,-0.112653714,0.279807145,-0.026996551,0.028570691,0.072282809
6.667000,0.007548234,-0.057480220,0.319857502,-0.032880852,0.026117145,0.073069589
6.668000,-0.016627705,-0.008966058,0.354161499,-0.037836880,0.023993158,0.073846906
6.669000,-0.001046531,-0.005487058,0.342245608,-0.036115885,0.024438650,0.074480064
6.670000,0.020874056,-0.010325939,0.320807872,-0.033057815,0.025278751,0.075231341
6.671000,0.042794644,-0.015164820,0.299370137,-0.029999745,0.026118851,0.075982618
6.672000,0.064715232,-0.020003702,0.277932401,-0.026941675,0.026958952,0.076733895
6.673000,0.082427333,-0.023275056,0.262641381,-0.024145474,0.027568335,0.077377629
6.674000,0.071550537,-0.048271219,0.280172817,-0.019635806,0.026861089,0.076635140
6.675000,0.050815023,-0.086452431,0.307166875,-0.013858295,0.025743797,0.075391168
6.676000,0.030079509,-0.124633642,0.334160934,-0.008080783,0.024626505,0.074147197
6.677000,0.009343995,-0.162814854,0.361154992,-0.002303272,0.023509213,0.072903225
6.678000,-0.013490879,-0.198224779,0.388652551,0.003068054,0.022313485,0.071699576
6.679000,-0.040084142,-0.182948931,0.419305584,0.002411898,0.020649723,0.071523411
6.680000,-0.059920035,-0.140612660,0.449269813,-0.001137092,0.018929405,0.071914710
6.681000,-0.079727726,-0.098195430,0.479270198,-0.004695490,0.017208374,0.072307876
6.682000,-0.099535418,-0.055778200,0.509270583,-0.008253888,0.015487342,0.072701043
6.683000,-0.115882287,-0.015583357,0.535427972,-0.011628050,0.013979271,0.073051884
6.684000,-0.092762697,-0.007189599,0.536272392,-0.012800056,0.014992578,0.072850372
6.685000,-0.053839140,-0.009161628,0.536275473,-0.013177836,0.016906608,0.072400490
6.686000,-0.014910124,-0.011299285,0.536473802,-0.013546209,0.018816738,0.071948942
6.687000,0.024018893,-0.013436942,0.536672132,-0.013914582,0.020726868,0.071497395
6.688000,0.059300229,-0.017666685,0.537246468,-0.013896051,0.022519460,0.070990994
6.689000,0.045387468,-0.053876721,0.545415483,-0.009239552,0.022117672,0.069825771
6.690000,0.015106932,-0.097007885,0.552167800,-0.003354165,0.020990333,0.068693581
6.691000,-0.015173604,-0.140139048,0.558920117,0.002531222,0.019862993,0.067561391
6.692000,-0.045454140,-0.183270212,0.565672434,0.008416609,0.018735653,0.066429202
6.693000,-0.073806199,-0.226040097,0.574040085,0.014130501,0.017681844,0.065237633
6.694000,-0.071977872,-0.233988920,0.592442598,0.015529335,0.017780197,0.064194631
6.695000,-0.057307421,-0.217169135,0.611082468,0.014710308,0.018211755,0.063280910
6.696000,-0.042636969,-0.200349349,0.629722337,0.013891281,0.018643313,0.062367188
6.697000,-0.027966517,-0.183529563,0.648362207,0.013072254,0.019074870,0.061453466
6.698000,-0.014349089,-0.165925821,0.667216105,0.012094733,0.019457850,0.060618575
6.699000,-0.014905475,-0.149700543,0.686107519,0.010685475,0.019809103,0.060381487
6.700000,-0.019376704,-0.139372479,0.703061834,0.009441968,0.020408252,0.060237405
6.701000,-0.023847932,-0.129044414,0.720016148,0.008198461,0.021007400,0.060093324
6.702000,-0.028319161,-0.118716350,0.736970463,0.006954954,0.021606549,0.059949243
6.703000,-0.032813558,-0.106799630,0.754304670,0.005742647,0.022158785,0.059806580
6.704000,-0.030032469,-0.106558226,0.767319365,0.006292086,0.022761191,0.058835624
6.705000,-0.031975327,-0.113226024,0.776890602,0.007744359,0.023292241,0.057298766
6.706000,-0.033918185,-0.119893821,0.786461839,0.009196632,0.023823292,0.055761908
6.707000,-0.035861043,-0.126561619,0.796033075,0.010648905,0.024354342,0.054225049
6.708000,-0.036694742,-0.134217562,0.804989057,0.012230287,0.024950956,0.052677036
6.709000,-0.048119920,-0.134135257,0.813632242,0.015284228,0.025229172,0.051332106
6.710000,-0.069563114,-0.130193142,0.827755647,0.019210911,0.024918680,0.050134492
6.711000,-0.091006309,-0.126251026,0.841879052,0.023137594,0.024608189,0.048936878
6.712000,-0.112449503,-0.122308911,0.856002457,0.027064277,0.024297698,0.047739264
6.713000,-0.131361743,-0.121013918,0.869694778,0.030956192,0.024224135,0.046610713
6.714000,-0.127260251,-0.132557627,0.893331469,0.033560628,0.025527750,0.045581329
6.715000,-0.107380662,-0.143859547,0.924645504,0.035181111,0.027436654,0.044436649
6.716000,-0.087501072,-0.155161468,0.955959540,0.036801594,0.029345558,0.043291970
6.717000,-0.067621483,-0.166463388,0.987273575,0.038422077,0.031254462,0.042147290
6.718000,-0.047738307,-0.177252560,1.018712492,0.040076318,0.033153910,0.040988820
6.719000,-0.038640159,-0.163688593,1.051234789,0.040388592,0.034593583,0.040411692
6.720000,-0.036528641,-0.136471339,1.080281235,0.040009519,0.036078306,0.039806097
6.721000,-0.034417122,-0.109254085,1.109327682,0.039630446,0.037563029,0.039200502
6.722000,-0.032305604,-0.082036831,1.138374128,0.039251373,0.039047752,0.038594908
6.723000,-0.028565741,-0.055018347,1.166616532,0.038868958,0.040612867,0.037992658
6.724000,-0.021009875,-0.059263419,1.181296282,0.040082246,0.042907055,0.036565604
6.725000,-0.016560837,-0.083663326,1.186584309,0.042466010,0.045384132,0.034582416
6.726000,-0.012111800,-0.108063233,1.191872337,0.044849773,0.047861209,0.032599229
6.727000,-0.007662763,-0.132463139,1.197160365,0.047233536,0.050338287,0.030616041
6.728000,-0.002709283,-0.156538677,1.202967726,0.049605436,0.052835585,0.028637754
6.729000,0.001450858,-0.170224244,1.217289592,0.051780796,0.055528244,0.027000524
6.730000,0.008015857,-0.178515817,1.237592358,0.053717261,0.058276615,0.025785155
6.731000,0.014580857,-0.186807391,1.257895124,0.055653727,0.061024985,0.024569785
6.732000,0.021145856,-0.195098964,1.278197889,0.057590192,0.063773356,0.023354415
6.733000,0.026003145,-0.203069662,1.298374703,0.059452740,0.066418020,0.022151336
6.734000,0.028637600,-0.186515162,1.321783562,0.059245600,0.069069446,0.021684316
6.735000,0.026679662,-0.146693950,1.347643323,0.057245109,0.071557182,0.022106704
6.736000,0.024721724,-0.106872738,1.373503083,0.055244619,0.074044918,0.022529091
6.737000,0.022763786,-0.067051527,1.399362844,0.053244129,0.076532653,0.022951479
6.738000,0.022066173,-0.028573625,1.425311307,0.051260602,0.079096217,0.023300385
6.739000,0.026240243,-0.031833944,1.440156571,0.050949271,0.082121791,0.022947326
6.740000,0.030884980,-0.063268015,1.437981944,0.052111970,0.085683934,0.022704980
6.741000,0.035536521,-0.094655539,1.435732494,0.053278210,0.089246399,0.022471919
6.742000,0.040188063,-0.126043064,1.433483044,0.054444449,0.092808865,0.022238858
6.743000,0.045445335,-0.155182557,1.432132271,0.055610601,0.096339873,0.021961086
6.744000,0.034331192,-0.170216233,1.442575991,0.057448170,0.098569213,0.021685855
6.745000,0.018241744,-0.160640603,1.449203731,0.059103957,0.100979369,0.021546676
6.746000,0.001634467,-0.141999830,1.455095523,0.060752319,0.103385013,0.021588671
6.747000,-0.014972809,-0.123359056,1.460987315,0.062400680,0.105790657,0.021630666
6.748000,-0.028906436,-0.103873895,1.465910839,0.063976736,0.108315214,0.021661473
6.749000,-0.017457169,-0.103132657,1.457683502,0.065602133,0.112488859,0.021485118
6.750000,-0.003725214,-0.121394526,1.442015510,0.067879940,0.116802387,0.021684062
6.751000,0.010006741,-0.139656396,1.426347518,0.070157746,0.121115915,0.021883006
6.752000,0.023738697,-0.157918266,1.410679526,0.072435552,0.125429443,0.022081951
6.753000,0.036821711,-0.175953536,1.394510711,0.074678984,0.129823958,0.022258495
6.754000,0.041670130,-0.182896117,1.384740340,0.076007559,0.133601693,0.022607505
6.755000,0.052499199,-0.181582849,1.383006105,0.076654934,0.137349760,0.022653300
6.756000,0.063328269,-0.180269581,1.381271870,0.077302309,0.141097828,0.022699095
6.757000,0.074157338,-0.178956314,1.379537636,0.077949684,0.144845895,0.022744889
6.758000,0.085193265,-0.176183799,1.378403023,0.078639207,0.148522207,0.022854093
6.759000,0.084693444,-0.172644651,1.376296705,0.080804457,0.151524551,0.023370461
6.760000,0.073466494,-0.176928992,1.375272406,0.084060869,0.153844634,0.023818212
6.761000,0.062239545,-0.181213333,1.374248107,0.087317281,0.156164717,0.024265962
6.762000,0.051012595,-0.185497674,1.373223808,0.090573693,0.158484800,0.024713712
6.763000,0.040189981,-0.190044727,1.372249037,0.093853058,0.160862566,0.025202892
6.764000,0.047472292,-0.202373232,1.385453515,0.096445785,0.163750879,0.025752300
6.765000,0.060013239,-0.220313233,1.405401396,0.099027655,0.167072764,0.026015996
6.766000,0.072554186,-0.238253235,1.425349277,0.101609525,0.170394648,0.026279691
6.767000,0.085095134,-0.256193236,1.445297159,0.104191395,0.173716533,0.026543387
6.768000,0.098680661,-0.269870296,1.465656067,0.106577468,0.177107448,0.026787392
6.769000,0.091761221,-0.258848828,1.472590317,0.107062205,0.180661931,0.027075340
6.770000,0.081784555,-0.236064441,1.473009214,0.106474602,0.184638258,0.027491698
6.771000,0.071807890,-0.213280055,1.473428111,0.105887000,0.188614585,0.027908056
6.772000,0.061831224,-0.190495668,1.473847008,0.105299397,0.192590912,0.028324413
6.773000,0.052967648,-0.169694012,1.475102574,0.104840063,0.196618711,0.028702553
6.774000,0.066913171,-0.176399808,1.478970056,0.106642703,0.201991372,0.028473476
6.775000,0.083942266,-0.193232149,1.482831077,0.109293046,0.207656493,0.028037100
6.776000,0.100565772,-0.210538499,1.486636567,0.111979388,0.213337023,0.027592180
6.777000,0.117189279,-0.227844849,1.490442057,0.114665730,0.219017553,0.027147259
6.778000,0.132080070,-0.248191263,1.493369064,0.117547008,0.224732684,0.026734722
6.779000,0.128240185,-0.252576636,1.507510811,0.120443386,0.230225828,0.026813298
6.780000,0.113155859,-0.256985635,1.520214758,0.123934311,0.235906889,0.026895620
6.781000,0.098071534,-0.261394635,1.532918704,0.127425235,0.241587950,0.026977942
6.782000,0.082987208,-0.265803634,1.545622651,0.130916160,0.247269012,0.027060264
6.783000,0.066488037,-0.267996937,1.560239591,0.134357941,0.252873702,0.027147585
6.784000,0.067895601,-0.268648882,1.571729097,0.137338944,0.259018133,0.027343149
6.785000,0.089156372,-0.260793958,1.587190761,0.139593424,0.265522184,0.027739113
6.786000,0.110417142,-0.252939034,1.602652424,0.141847903,0.272026236,0.028135078
6.787000,0.131677913,-0.245084109,1.618114088,0.144102383,0.278530287,0.028531042
6.788000,0.154116379,-0.237191561,1.633796878,0.146342809,0.285095434,0.028890740
6.789000,0.178934943,-0.243380216,1.652655333,0.149383418,0.292151817,0.029266390
6.790000,0.193172361,-0.262236253,1.670355417,0.153200732,0.298946916,0.029633517
6.791000,0.207409780,-0.281092290,1.688055501,0.157018046,0.305742015,0.030000645
6.792000,0.221647198,-0.299948327,1.705755586,0.160835360,0.312537114,0.030367772
6.793000,0.234870618,-0.317711002,1.723653596,0.164700652,0.319308191,0.030794280
6.794000,0.242478956,-0.313671022,1.735185087,0.167692383,0.326435824,0.031326318
6.795000,0.247768363,-0.303080529,1.742646205,0.170756932,0.333630370,0.031955213
6.796000,0.253057771,-0.292490037,1.750107323,0.173821482,0.340824916,0.032584108
6.797000,0.258347178,-0.281899544,1.757568441,0.176886031,0.348019462,0.033213003
6.798000,0.262538072,-0.269804556,1.765528047,0.179924181,0.355154283,0.033791158
6.799000,0.268301864,-0.278432283,1.779280907,0.184733018,0.361418701,0.034207726
6.800000,0.285401284,-0.292567962,1.799494617,0.189880704,0.367588661,0.034826449
6.801000,0.302500705,-0.306703642,1.819708328,0.195028390,0.373758621,0.035445173
6.802000,0.319600126,-0.320839322,1.839922038,0.200176077,0.379928582,0.036063896
6.803000,0.336029241,-0.337019663,1.860531037,0.205425010,0.386039997,0.036625308
6.804000,0.341535157,-0.340962055,1.890398471,0.210222915,0.390934254,0.037350169
6.805000,0.334509132,-0.341842970,1.926766555,0.214813787,0.394858670,0.037991964
6.806000,0.327483106,-0.342723885,1.963134638,0.219404658,0.398783085,0.038633759
6.807000,0.320457080,-0.343604801,1.999502721,0.223995530,0.402707500,0.039275553
6.808000,0.311613051,-0.343615352,2.037513486,0.228407586,0.406450067,0.039769664
6.809000,0.302324682,-0.349577825,2.075908978,0.231019348,0.409906360,0.039619606
6.810000,0.298519313,-0.358248635,2.107788840,0.233005300,0.413414750,0.039211758
6.811000,0.294713945,-0.366919444,2.139668702,0.234991253,0.416923141,0.038803909
6.812000,0.290908576,-0.375590253,2.171548565,0.236977205,0.420431532,0.038396061
6.813000,0.287402174,-0.383663484,2.201412208,0.238766167,0.423859706,0.038082958
6.814000,0.285918527,-0.378100023,2.221017846,0.238594787,0.426516637,0.038293768
6.815000,0.292554926,-0.371716183,2.240417565,0.237466920,0.429235741,0.038576298
6.816000,0.299191325,-0.365332343,2.259817284,0.236339054,0.431954845,0.038858828
6.817000,0.305827724,-0.358948503,2.279217003,0.235211187,0.434673949,0.039141357
6.818000,0.312737002,-0.352388678,2.298477403,0.234055703,0.437403221,0.039407312
6.819000,0.310413110,-0.351190444,2.313598869,0.233475162,0.439462050,0.040033598
6.820000,0.300369285,-0.355805396,2.327832912,0.233136630,0.441048512,0.040685552
6.821000,0.290325460,-0.360420347,2.342066954,0.232798098,0.442634973,0.041337505
6.822000,0.280281635,-0.365035299,2.356300997,0.232459566,0.444221434,0.041989458
6.823000,0.270181220,-0.371221556,2.370552113,0.232137611,0.445783076,0.042647747
6.824000,0.276857067,-0.383544583,2.391287876,0.229917130,0.447737824,0.043239357
6.825000,0.287357096,-0.392083337,2.415216805,0.226874677,0.449728241,0.043818567
6.826000,0.297857126,-0.400622092,2.439145733,0.223832225,0.451718659,0.044397777
6.827000,0.308357155,-0.409160847,2.463074662,0.220789772,0.453709076,0.044976987
6.828000,0.319415238,-0.417018638,2.485825427,0.217817200,0.455708305,0.045521296
6.829000,0.326347899,-0.409532773,2.491686261,0.214973197,0.457276694,0.045246122
6.830000,0.333757497,-0.397532762,2.489877151,0.211816753,0.458914528,0.044784078
6.831000,0.341167096,-0.385532750,2.488068042,0.208660310,0.460552361,0.044322034
6.832000,0.348576694,-0.373532738,2.486258932,0.205503867,0.462190194,0.043859990
6.833000,0.355706636,-0.364098169,2.485096663,0.202472150,0.463770834,0.043330821
6.834000,0.352738486,-0.367970145,2.493777825,0.199662314,0.464294000,0.042347122
6.835000,0.339629350,-0.370592718,2.506540466,0.196401099,0.464189653,0.041118883
6.836000,0.326520214,-0.373215291,2.519303107,0.193139885,0.464085306,0.039890645
6.837000,0.313411078,-0.375837864,2.532065748,0.189878670,0.463980960,0.038662406
6.838000,0.300380226,-0.378016391,2.546099066,0.186552395,0.463871574,0.037477630
6.839000,0.295697563,-0.361642034,2.554280317,0.182080880,0.464150225,0.036954864
6.840000,0.297324969,-0.331468600,2.561742706,0.176866447,0.464390041,0.036666492
6.841000,0.298952376,-0.301295165,2.569205095,0.171652013,0.464629856,0.036378119
6.842000,0.300579782,-0.271121731,2.576667483,0.166437579,0.464869672,0.036089747
6.843000,0.301950090,-0.242674382,2.583553819,0.161450606,0.465123960,0.035780135
6.844000,0.308669221,-0.241477996,2.580754870,0.160801386,0.465883068,0.035219846
6.845000,0.315470081,-0.258611223,2.575110351,0.162425798,0.466974644,0.034539281
6.846000,0.322270941,-0.275744449,2.569465832,0.164050209,0.468066220,0.033858715
6.847000,0.329071802,-0.292877676,2.563821313,0.165674621,0.469157796,0.033178150
6.848000,0.335702755,-0.307610676,2.559431383,0.167225404,0.470205527,0.032565612
6.849000,0.330065509,-0.323777261,2.577933007,0.168205063,0.470573494,0.031919264
6.850000,0.319413074,-0.339409320,2.603061259,0.168883787,0.470472576,0.031315850
6.851000,0.308760640,-0.355041378,2.628189512,0.169562510,0.470371659,0.030712436
6.852000,0.298108205,-0.370673437,2.653317764,0.170241234,0.470270741,0.030109022
6.853000,0.287560360,-0.385383080,2.678316594,0.170774809,0.470209106,0.029509829
6.854000,0.292502632,-0.351840867,2.694812854,0.166080665,0.471127784,0.030091657
6.855000,0.306624408,-0.298988243,2.707333959,0.159333501,0.472576407,0.031442648
6.856000,0.320746184,-0.246135619,2.719855064,0.152586338,0.474025030,0.032793639
6.857000,0.334867960,-0.193282996,2.732376169,0.145839174,0.475473654,0.034144630
6.858000,0.349394168,-0.145017457,2.741569265,0.139499198,0.477106531,0.035314093
6.859000,0.367225744,-0.140595696,2.713525573,0.138532491,0.479970273,0.035309264
6.860000,0.382396405,-0.151257896,2.678720299,0.139659453,0.482871071,0.034984392
6.861000,0.397567066,-0.161920095,2.643915024,0.140786414,0.485771868,0.034659521
6.862000,0.412737726,-0.172582295,2.609109750,0.141913375,0.488672666,0.034334649
6.863000,0.427770746,-0.183828481,2.575848856,0.143086314,0.491513865,0.034009796
6.864000,0.417851477,-0.210418984,2.600906296,0.145330751,0.491914821,0.034131620
6.865000,0.398121600,-0.236440923,2.645600827,0.147481340,0.491394886,0.034352734
6.866000,0.378391722,-0.262462862,2.690295357,0.149631929,0.490874951,0.034573847
6.867000,0.358661845,-0.288484801,2.734989887,0.151782518,0.490355016,0.034794961
6.868000,0.342138355,-0.309236757,2.779512737,0.153486892,0.489984376,0.035137901
6.869000,0.364215170,-0.270959153,2.813035904,0.149696393,0.491757849,0.036796202
6.870000,0.399945650,-0.221245459,2.840400336,0.144368077,0.494507086,0.038926721
6.871000,0.435676130,-0.171531765,2.867764769,0.139039760,0.497256323,0.041057241
6.872000,0.471406610,-0.121818071,2.895129201,0.133711444,0.500005560,0.043187760
6.873000,0.503902795,-0.078579725,2.917788214,0.129244171,0.502883924,0.045088935
6.874000,0.508057356,-0.095066333,2.909976492,0.129835086,0.505424450,0.045723306
6.875000,0.500559518,-0.134333573,2.890188546,0.132682767,0.507910998,0.045775937
6.876000,0.493061681,-0.173600812,2.870400600,0.135530449,0.510397546,0.045828568
6.877000,0.485563843,-0.212868051,2.850612654,0.138378130,0.512884094,0.045881199
6.878000,0.476586329,-0.250260982,2.837510976,0.141196234,0.515108077,0.045993488
6.879000,0.461689307,-0.263064566,2.854207311,0.142770867,0.515671215,0.045915239
6.880000,0.443436807,-0.259262527,2.881468912,0.143261800,0.515266862,0.045859994
6.881000,0.425184307,-0.255460489,2.908730513,0.143752733,0.514862509,0.045804749
6.882000,0.406966104,-0.251652720,2.935959722,0.144241194,0.514459132,0.045748692
6.883000,0.392774114,-0.246860283,2.960712120,0.144441426,0.514189209,0.045652039
6.884000,0.410465043,-0.226117893,2.992572781,0.142036985,0.515284972,0.046250367
6.885000,0.440427361,-0.203279326,3.025094043,0.138935487,0.516977750,0.047133572
6.886000,0.470389679,-0.180440759,3.057615305,0.135833989,0.518670529,0.048016776
6.887000,0.500351997,-0.157602192,3.090136566,0.132732492,0.520363307,0.048899981
6.888000,0.530212085,-0.135947977,3.121959693,0.129767825,0.522069481,0.049736707
6.889000,0.535602366,-0.162382055,3.122132273,0.130813455,0.522968156,0.049123562
6.890000,0.529666740,-0.203285039,3.112261792,0.133008334,0.523342850,0.047922349
6.891000,0.523731115,-0.244188023,3.102391311,0.135203213,0.523717544,0.046721136
6.892000,0.517795489,-0.285091007,3.092520830,0.137398091,0.524092238,0.045519923
6.893000,0.511081719,-0.323882200,3.085999519,0.139681033,0.524440381,0.044391500
6.894000,0.491134453,-0.347042849,3.096863097,0.142803670,0.523963566,0.043683625
6.895000,0.465615706,-0.366018170,3.112521407,0.146581490,0.523204745,0.043178871
6.896000,0.440096959,-0.384993490,3.128179716,0.150359310,0.522445924,0.042674118
6.897000,0.414578212,-0.403968811,3.143838025,0.154137130,0.521687104,0.042169365
6.898000,0.390441072,-0.422274210,3.159336541,0.157698479,0.520962069,0.041614855
6.899000,0.404804127,-0.400364153,3.173246325,0.156051375,0.522046952,0.041141693
6.900000,0.433123743,-0.360511694,3.188711679,0.152686586,0.523885615,0.040956735
6.901000,0.461443359,-0.320659236,3.204177033,0.149321798,0.525724277,0.040771776
6.902000,0.489762975,-0.280806777,3.219642387,0.145957009,0.527562940,0.040586818
6.903000,0.516851745,-0.241794576,3.234214619,0.142679103,0.529392672,0.040395830
6.904000,0.514174042,-0.226901419,3.229877572,0.141556839,0.530761640,0.040418746
6.905000,0.502957009,-0.218634983,3.217905079,0.140764536,0.532204542,0.040289884
6.906000,0.491739975,-0.210368548,3.205932586,0.139972233,0.533647443,0.040161023
6.907000,0.480522942,-0.202102112,3.193960094,0.139179929,0.535090344,0.040032161
6.908000,0.469063354,-0.194382794,3.182352971,0.138420650,0.536522594,0.039887160
6.909000,0.464201976,-0.208472729,3.203411124,0.138681571,0.537702089,0.038726027
6.910000,0.463821288,-0.228537004,3.233321261,0.139299961,0.538793493,0.037450901
6.911000,0.463440600,-0.248601280,3.263231398,0.139918351,0.539884896,0.036175775
6.912000,0.463059911,-0.268665556,3.293141536,0.140536741,0.540976300,0.034900650
6.913000,0.462873252,-0.287777612,3.322437414,0.141102677,0.542116018,0.033649338
6.914000,0.477742730,-0.283839543,3.327735341,0.140515295,0.545308206,0.033309482
6.915000,0.499163997,-0.266003450,3.328858246,0.139623275,0.549540697,0.033062060
6.916000,0.520585263,-0.248167357,3.329981150,0.138731256,0.553773187,0.032814637
6.917000,0.542006530,-0.230331264,3.331104054,0.137839236,0.558005678,0.032567215
6.918000,0.563454940,-0.212649894,3.333160704,0.136908059,0.562178370,0.032322373
6.919000,0.572751463,-0.209559911,3.351166094,0.135976941,0.565087185,0.031593106
6.920000,0.572489469,-0.221251142,3.376965586,0.134846295,0.567124267,0.030845085
6.921000,0.571762525,-0.237718996,3.406058967,0.133691088,0.569107476,0.030122383
6.922000,0.571035582,-0.254186850,3.435152348,0.132535882,0.571090685,0.029399681
6.923000,0.570754810,-0.269816383,3.463104518,0.131401070,0.573135307,0.028643925
6.924000,0.570776390,-0.263641018,3.476924497,0.129902101,0.575856177,0.028227620
6.925000,0.568358639,-0.243802183,3.487358257,0.128310136,0.578723559,0.028132368
6.926000,0.565940888,-0.223963349,3.497792017,0.126718172,0.581590941,0.028037115
6.927000,0.563523137,-0.204124515,3.508225777,0.125126208,0.584458323,0.027941863
6.928000,0.562569174,-0.185951400,3.518289839,0.123543094,0.587394750,0.027852120
6.929000,0.581917179,-0.180907235,3.522470786,0.122388582,0.591247909,0.027456650
6.930000,0.612314553,-0.178629367,3.527577353,0.121274976,0.595426106,0.026980734
6.931000,0.642711927,-0.176351499,3.532683920,0.120161371,0.599604302,0.026504817
6.932000,0.673109301,-0.174073631,3.537790487,0.119047765,0.603782498,0.026028900
6.933000,0.701114199,-0.171079590,3.543287081,0.117940580,0.607842789,0.025520485
6.934000,0.706405852,-0.165087525,3.559587621,0.116976998,0.610772859,0.024796750
6.935000,0.700533772,-0.158285399,3.572247485,0.116135078,0.613170409,0.023900252
6.936000,0.694661692,-0.151483273,3.584907348,0.115293157,0.615567959,0.023003753
6.937000,0.688789612,-0.144681147,3.597567211,0.114451236,0.617965508,0.022107254
6.938000,0.683063522,-0.138204371,3.609329155,0.113476513,0.620373325,0.021310489
6.939000,0.672674302,-0.132725728,3.603205429,0.111566899,0.622950264,0.021608304
6.940000,0.664182146,-0.130379709,3.589823763,0.109534306,0.625747562,0.022148591
6.941000,0.655689990,-0.128033689,3.576442096,0.107501712,0.628544860,0.022688878
6.942000,0.646982289,-0.124463309,3.564422287,0.105448475,0.631287970,0.023243787
6.943000,0.638482593,-0.118068999,3.556137545,0.103354058,0.633909511,0.023807690
6.944000,0.654425304,-0.114326471,3.568205036,0.101663880,0.636899181,0.023424980
6.945000,0.687814486,-0.116287298,3.591486171,0.100299814,0.640433700,0.022253052
6.946000,0.725734488,-0.118933171,3.617143544,0.098884795,0.644229490,0.020979151
6.947000,0.763654490,-0.121579043,3.642800917,0.097469776,0.648025280,0.019705249
6.948000,0.796532816,-0.124382597,3.667307654,0.096153298,0.651581342,0.018577732
6.949000,0.784159011,-0.132484181,3.677144840,0.095867476,0.653152448,0.018759094
6.950000,0.753761567,-0.141172543,3.679483664,0.095857009,0.653762629,0.019408695
6.951000,0.723369564,-0.149284240,3.681888249,0.095824819,0.654354471,0.020084958
6.952000,0.692977561,-0.157395937,3.684292834,0.095792629,0.654946312,0.020761221
6.953000,0.664405878,-0.166745252,3.685516330,0.095742070,0.655575506,0.021375571
6.954000,0.667687300,-0.166814343,3.697595339,0.094005721,0.656647990,0.021447298
6.955000,0.688171252,-0.156165089,3.717381702,0.091363068,0.658059173,0.021430074
6.956000,0.708655204,-0.145515836,3.737168065,0.088720416,0.659470356,0.021412851
6.957000,0.729139156,-0.134866582,3.756954428,0.086077764,0.660881539,0.021395628
6.958000,0.749103536,-0.124380363,3.776225023,0.083459611,0.662292576,0.021374057
6.959000,0.756771023,-0.110795297,3.781351517,0.081114698,0.663462282,0.021779389
6.960000,0.751618065,-0.094737034,3.780351978,0.079005213,0.664268832,0.022385074
6.961000,0.746465106,-0.078678771,3.779352439,0.076895728,0.665075382,0.022990759
6.962000,0.741312148,-0.062620508,3.778352899,0.074786243,0.665881932,0.023596444
6.963000,0.736955187,-0.049111309,3.778177774,0.072681174,0.666608718,0.024205554
6.964000,0.728818579,-0.064546427,3.782469316,0.071930224,0.666376126,0.023903834
6.965000,0.720011522,-0.086608097,3.786595483,0.071544808,0.665951952,0.023293238
6.966000,0.711204464,-0.108669766,3.790721650,0.071159391,0.665527779,0.022682642
6.967000,0.702397407,-0.130731436,3.794847817,0.070773975,0.665103606,0.022072046
6.968000,0.693124586,-0.152161450,3.799457786,0.070363487,0.664670193,0.021482483
6.969000,0.685928155,-0.157203197,3.808308289,0.070042792,0.664301798,0.021601105
6.970000,0.683524475,-0.151066609,3.818040240,0.069723418,0.664215143,0.022250658
6.971000,0.681120796,-0.144930021,3.827772190,0.069404045,0.664128488,0.022900212
6.972000,0.678717116,-0.138793433,3.837504140,0.069084672,0.664041833,0.023549765
6.973000,0.674901122,-0.133124316,3.847036225,0.068644842,0.663894232,0.024169754
6.974000,0.671227716,-0.121684918,3.841041482,0.065462031,0.663860924,0.024567881
6.975000,0.668788893,-0.101779706,3.822457241,0.060799356,0.663902633,0.024737790
6.976000,0.666350070,-0.081874495,3.803873000,0.056136681,0.663944343,0.024907699
6.977000,0.663911247,-0.061969283,3.785288758,0.051474006,0.663986052,0.025077608
6.978000,0.662203046,-0.043981586,3.768365644,0.047083953,0.664026627,0.025234004
6.979000,0.657602436,-0.046269114,3.770838419,0.045909149,0.663794340,0.025598218
6.980000,0.651517606,-0.059377357,3.780162018,0.046296281,0.663480700,0.026268772
6.981000,0.645432776,-0.072485601,3.789485617,0.046683412,0.663167060,0.026939325
6.982000,0.639347946,-0.085593844,3.798809216,0.047070543,0.662853420,0.027609879
6.983000,0.633581517,-0.098571745,3.808164344,0.047453339,0.662548207,0.028263261
6.984000,0.632864627,-0.099352591,3.799731517,0.047833068,0.662395700,0.028164525
6.985000,0.638366382,-0.088900263,3.785727076,0.048181617,0.662377569,0.026982029
6.986000,0.643868136,-0.078447935,3.771722635,0.048530167,0.662359439,0.025799534
6.987000,0.649369890,-0.067995606,3.757718194,0.048878716,0.662341309,0.024617038
6.988000,0.654811894,-0.057776665,3.743609546,0.049218336,0.662353573,0.023526646
6.989000,0.657874425,-0.055408592,3.756944381,0.048561967,0.662444660,0.024062722
6.990000,0.660329977,-0.059902795,3.781588371,0.046872884,0.662658133,0.025460212
6.991000,0.662785530,-0.064396997,3.806232360,0.045183802,0.662871606,0.026857702
6.992000,0.665241082,-0.068891199,3.830876350,0.043494719,0.663085079,0.028255191
6.993000,0.668028147,-0.072948661,3.855531601,0.041821824,0.663284992,0.029661814
6.994000,0.671321760,-0.069498286,3.864695745,0.040694687,0.663669580,0.031286164
6.995000,0.672016355,-0.056575452,3.872475717,0.039585984,0.664237828,0.032781610
6.996000,0.672710951,-0.043652617,3.880255689,0.038477280,0.664806076,0.034277056
6.997000,0.673405546,-0.030729783,3.888035661,0.037368577,0.665374324,0.035772502
6.998000,0.673476223,-0.018069021,3.893600709,0.036318767,0.665947797,0.037259942
6.999000,0.659574041,-0.028805931,3.887667796,0.037437150,0.666424119,0.038052656
7.000000,0.639859640,-0.049496412,3.877758618,0.039594571,0.666729602,0.038335147
7.001000,0.620145239,-0.070186893,3.867849440,0.041751991,0.667035086,0.038617637
7.002000,0.600430838,-0.090877374,3.857940262,0.043909411,0.667340569,0.038900128
7.003000,0.581085686,-0.110457446,3.849520515,0.045928041,0.667609100,0.039145094
7.004000,0.579096845,-0.100639330,3.873026335,0.044294669,0.668019246,0.039717304
7.005000,0.588362571,-0.078368655,3.916487302,0.040846264,0.668571835,0.041164247
7.006000,0.598217968,-0.055384095,3.960667563,0.037346008,0.669121201,0.042675567
7.007000,0.608073365,-0.032399535,4.004847824,0.033845753,0.669670567,0.044186886
7.008000,0.616921558,-0.010426634,4.048871386,0.030390415,0.670201617,0.045663589
7.009000,0.613463356,-0.008043472,4.060604835,0.028434387,0.671704589,0.046982306
7.010000,0.604669646,-0.017995638,4.048400030,0.027537890,0.673663461,0.046705922
7.011000,0.595875936,-0.027947804,4.036195225,0.026641393,0.675622333,0.046429537
7.012000,0.587082226,-0.037899970,4.023990421,0.025744896,0.677581205,0.046153153
7.013000,0.579482920,-0.046432697,4.014904731,0.024819847,0.679562243,0.045876328
7.014000,0.585768786,-0.048897700,4.033585342,0.023957215,0.681336294,0.045663528
7.015000,0.590334002,-0.061709873,4.070031950,0.023906720,0.682869466,0.045969729
7.016000,0.594899217,-0.074522047,4.106478557,0.023856224,0.684402638,0.046275929
7.017000,0.599464433,-0.087334220,4.142925165,0.023805729,0.685935810,0.046582130
7.018000,0.606228530,-0.099154730,4.175388254,0.023732275,0.687798310,0.046914226
7.019000,0.609457339,-0.116427213,4.179313668,0.023604597,0.690859756,0.046253749
7.020000,0.608360990,-0.124151933,4.175059740,0.021915028,0.693691371,0.043656097
7.021000,0.607264641,-0.131876654,4.170805812,0.020225459,0.696522985,0.041058444
7.022000,0.606168291,-0.139601375,4.166551883,0.018535890,0.699354600,0.038460792
7.023000,0.603446937,-0.144362032,4.162521674,0.016675987,0.702062514,0.035690096
7.024000,0.598447068,-0.129270676,4.149493366,0.014284015,0.704485079,0.033675466
7.025000,0.603752782,-0.110057531,4.120163695,0.012750566,0.707349438,0.033353980
7.026000,0.609058496,-0.090844386,4.090834025,0.011217117,0.710213797,0.033032495
7.027000,0.614364209,-0.071631241,4.061504354,0.009683669,0.713078155,0.032711009
7.028000,0.619937714,-0.055054207,4.035020064,0.008281752,0.715861470,0.032377082
7.029000,0.637261958,-0.061958186,4.040512588,0.007976295,0.717424018,0.032508227
7.030000,0.652594486,-0.072637182,4.058236476,0.007706479,0.718513237,0.032507885
7.031000,0.667927014,-0.083316178,4.075960364,0.007436662,0.719602457,0.032507542
7.032000,0.683259541,-0.093995173,4.093684253,0.007166845,0.720691676,0.032507200
7.033000,0.697602519,-0.103682410,4.109739267,0.006913704,0.721686945,0.032475759
7.034000,0.691770842,-0.106508838,4.082116280,0.007638676,0.722076149,0.032223108
7.035000,0.688576513,-0.117802049,4.031422582,0.009551283,0.722695729,0.032889662
7.036000,0.685382183,-0.129095260,3.980728884,0.011463889,0.723315309,0.033556217
7.037000,0.682187854,-0.140388470,3.930035187,0.013376496,0.723934889,0.034222771
7.038000,0.675845203,-0.151884108,3.882139539,0.014568519,0.724315958,0.035049881
7.039000,0.663309859,-0.126839883,3.852824148,0.010537940,0.722791549,0.035712227
7.040000,0.647323265,-0.077895147,3.832140421,0.004691848,0.720728750,0.035612380
7.041000,0.631336672,-0.028950410,3.811456695,-0.001154244,0.718665951,0.035512533
7.042000,0.615350079,0.019994326,3.790772968,-0.007000336,0.716603152,0.035412687
7.043000,0.600009974,0.065721363,3.770026163,-0.012510471,0.714491131,0.035187005
7.044000,0.598787257,0.058703373,3.746998213,-0.012937662,0.712160776,0.034354813
7.045000,0.600198781,0.030100092,3.719778800,-0.011118124,0.709447519,0.033399299
7.046000,0.601610306,0.001496811,3.692559388,-0.009298586,0.706734262,0.032443786
7.047000,0.603021831,-0.027106471,3.665339975,-0.007479047,0.704021004,0.031488273
7.048000,0.603803769,-0.054066398,3.637916505,-0.005725068,0.701206201,0.030461711
7.049000,0.582610749,-0.056032416,3.615699079,-0.004713867,0.696286689,0.029313479
7.050000,0.558578657,-0.049145877,3.594578298,-0.003907576,0.690778148,0.028092355
7.051000,0.534546565,-0.042259339,3.573457517,-0.003101286,0.685269608,0.026871231
7.052000,0.510514473,-0.035372801,3.552336736,-0.002294995,0.679761067,0.025650107
7.053000,0.489369266,-0.028000113,3.531260949,-0.001761208,0.674354069,0.024537123
7.054000,0.493256212,-0.021341904,3.512494103,-0.004395419,0.670063984,0.024164391
7.055000,0.497160599,-0.014408181,3.497548461,-0.008173756,0.665754602,0.024056301
7.056000,0.501064987,-0.007474459,3.482602819,-0.011952093,0.661445220,0.023948211
7.057000,0.504969374,-0.000540736,3.467657177,-0.015730430,0.657135839,0.023840120
7.058000,0.507882974,0.006190955,3.452690263,-0.019455732,0.652770488,0.023800531
7.059000,0.506941533,0.016073704,3.428272283,-0.021600188,0.647953993,0.024440500
7.060000,0.513602408,0.027854115,3.399124455,-0.023075967,0.643386649,0.025171982
7.061000,0.520263284,0.039634527,3.369976627,-0.024551746,0.638819305,0.025903465
7.062000,0.526924159,0.051414939,3.340828799,-0.026027525,0.634251962,0.026634948
7.063000,0.532162675,0.061143968,3.310396269,-0.027255886,0.629679551,0.027276433
7.064000,0.512618247,0.053012207,3.274513887,-0.026248049,0.624591834,0.027821694
7.065000,0.475718786,0.040568370,3.238300746,-0.024640304,0.618896370,0.028480050
7.066000,0.438819324,0.028124534,3.202087606,-0.023032559,0.613200907,0.029138406
7.067000,0.401919863,0.015680698,3.165874465,-0.021424814,0.607505443,0.029796762
7.068000,0.367072346,0.004883786,3.131589599,-0.019960798,0.601916534,0.030560161
7.069000,0.374410633,0.010528356,3.117780274,-0.020748851,0.598485872,0.031961525
7.070000,0.402353358,0.016560472,3.106875237,-0.022114583,0.596097998,0.033463191
7.071000,0.430296083,0.022592588,3.095970200,-0.023480314,0.593710124,0.034964857
7.072000,0.458238807,0.028624704,3.085065163,-0.024846046,0.591322251,0.036466523
7.073000,0.485613497,0.034653269,3.074004787,-0.026207856,0.588884440,0.037995067
7.074000,0.480530412,0.043794836,3.049798381,-0.027797792,0.585477545,0.040299844
7.075000,0.459425564,0.050641485,3.026163405,-0.029175888,0.581523059,0.042800219
7.076000,0.438320716,0.057488135,3.002528429,-0.030553984,0.577568572,0.045300595
7.077000,0.417215868,0.064334784,2.978893453,-0.031932080,0.573614085,0.047800970
7.078000,0.396155460,0.071066188,2.955426950,-0.033282835,0.569679988,0.050312124
7.079000,0.399991863,0.069049045,2.939754887,-0.033362978,0.566726242,0.054769318
7.080000,0.418749005,0.065366633,2.923088186,-0.033067596,0.564368032,0.060503107
7.081000,0.437506146,0.061684221,2.906421485,-0.032772214,0.562009823,0.066236896
7.082000,0.456263288,0.058001808,2.889754784,-0.032476831,0.559651613,0.071970684
7.083000,0.474580317,0.053818901,2.870718899,-0.032102659,0.557342484,0.077649771
7.084000,0.471741249,0.040620977,2.851951724,-0.030781291,0.554574583,0.082143608
7.085000,0.453565541,0.024155850,2.843502380,-0.029041352,0.551154089,0.085807354
7.086000,0.435389834,0.007690722,2.835053036,-0.027301413,0.547733596,0.089471101
7.087000,0.417214127,-0.008774405,2.826603692,-0.025561474,0.544313102,0.093134847
7.088000,0.400024434,-0.025849516,2.817499908,-0.023933352,0.540886845,0.096796591
7.089000,0.395879171,-0.037757193,2.799399821,-0.025753220,0.537237819,0.099978278
7.090000,0.399776313,-0.042588942,2.775543209,-0.029865903,0.533554010,0.102877060
7.091000,0.403673456,-0.047420690,2.751686597,-0.033978587,0.529870200,0.105775843
7.092000,0.407570598,-0.052252439,2.727829985,-0.038091270,0.526186391,0.108674625
7.093000,0.410884850,-0.056623677,2.704699610,-0.042026669,0.522426774,0.111565159
7.094000,0.397692252,-0.058960646,2.680092241,-0.043268085,0.517645301,0.114743128
7.095000,0.376127779,-0.067570780,2.653677091,-0.042960878,0.512503844,0.118204022
7.096000,0.354563307,-0.076180914,2.627261941,-0.042653672,0.507362387,0.121664916
7.097000,0.332998834,-0.084791048,2.600846791,-0.042346466,0.502220929,0.125125810
7.098000,0.311308910,-0.094693790,2.573671108,-0.041954028,0.497079230,0.128445310
7.099000,0.310744568,-0.128911834,2.545629993,-0.041182345,0.492662881,0.129932825
7.100000,0.326794401,-0.168235499,2.517621881,-0.040819559,0.488556010,0.130711411
7.101000,0.342844235,-0.207559164,2.489613770,-0.040456773,0.484449138,0.131489998
7.102000,0.358894069,-0.246882830,2.461605658,-0.040093987,0.480342267,0.132268584
7.103000,0.371355476,-0.279658321,2.427585677,-0.040056912,0.475933141,0.133052820
7.104000,0.383738600,-0.263773889,2.396039057,-0.041657150,0.469707967,0.134307402
7.105000,0.381848796,-0.229714827,2.367230188,-0.043789034,0.462018947,0.136273399
7.106000,0.379958991,-0.195655765,2.338421319,-0.045920918,0.454329927,0.138239397
7.107000,0.377208937,-0.162246494,2.309516526,-0.048047072,0.446585897,0.140222909
7.108000,0.360484523,-0.137421888,2.279136557,-0.050102939,0.438052919,0.142394473
7.109000,0.279525632,-0.138177350,2.215757299,-0.052064456,0.426850790,0.145474290
7.110000,0.182780742,-0.148432031,2.131461783,-0.053839648,0.415543231,0.148860603
7.111000,0.086035852,-0.158686712,2.047166267,-0.055614841,0.404235671,0.152246916
7.112000,-0.010772239,-0.168432864,1.963085091,-0.057401904,0.392956922,0.155613453
7.113000,-0.093000612,-0.171443564,1.882961578,-0.059228502,0.382275813,0.158598895
7.114000,-0.037274068,-0.189883867,1.831206978,-0.059051611,0.376496912,0.160417433
7.115000,0.046009930,-0.213279843,1.786095858,-0.058418052,0.371682233,0.162035148
7.116000,0.129293928,-0.236675819,1.740984738,-0.057784494,0.366867555,0.163652864
7.117000,0.212577927,-0.260071795,1.695873618,-0.057150935,0.362052876,0.165270579
7.118000,0.285371422,-0.281115201,1.651068149,-0.056558606,0.356789328,0.166796578
7.119000,0.283654291,-0.270295978,1.600737337,-0.056214451,0.347424182,0.167457284
7.120000,0.252832883,-0.243107497,1.549678342,-0.056173795,0.336546615,0.168051823
7.121000,0.222011476,-0.215919017,1.498619347,-0.056133139,0.325669047,0.168646362
7.122000,0.191190068,-0.188730537,1.447560352,-0.056092483,0.314791480,0.169240901
7.123000,0.163171271,-0.165501376,1.399080844,-0.056059315,0.304032921,0.169755759
7.124000,0.128693730,-0.163363881,1.347918629,-0.057056396,0.292534906,0.169675360
7.125000,0.090802153,-0.165720391,1.290059065,-0.058385478,0.280897962,0.169644493
7.126000,0.052910577,-0.168076901,1.232199501,-0.059714561,0.269261018,0.169613626
7.127000,0.015019000,-0.170433412,1.174339936,-0.061043644,0.257624074,0.169582758
7.128000,-0.022408167,-0.172496493,1.116696746,-0.062308504,0.246032968,0.169578912
7.129000,-0.035903450,-0.165188833,1.071848028,-0.061810612,0.235692414,0.169952814
7.130000,-0.034922294,-0.149597627,1.033178646,-0.060715050,0.225948817,0.170307492
7.131000,-0.033941138,-0.134006420,0.994509264,-0.059619489,0.216205220,0.170662169
7.132000,-0.032959981,-0.118415213,0.955839882,-0.058523927,0.206461623,0.171016846
7.133000,-0.029933609,-0.103271820,0.917195356,-0.057496480,0.196884994,0.171101407
7.134000,0.000172532,-0.090722593,0.896892387,-0.057556518,0.189913587,0.167819909
7.135000,0.040082252,-0.085049505,0.886239780,-0.058008381,0.183953929,0.162862018
7.136000,0.079991973,-0.079376417,0.875587173,-0.058460243,0.177994272,0.157904126
7.137000,0.119901693,-0.073703329,0.864934565,-0.058912105,0.172034614,0.152946234
7.138000,0.154898290,-0.070374087,0.853383367,-0.059334066,0.165766226,0.147578606
7.139000,0.133421507,-0.074394038,0.818928902,-0.060389292,0.156406538,0.137354146
7.140000,0.085709896,-0.079209782,0.780682340,-0.061613810,0.145808330,0.125504404
7.141000,0.037998285,-0.084025527,0.742435778,-0.062838328,0.135210122,0.113654662
7.142000,-0.009160382,-0.088958905,0.705480675,-0.064067329,0.124762322,0.101822949
7.143000,-0.056329326,-0.089437389,0.675059224,-0.065436476,0.114840046,0.090051479
7.144000,-0.085351241,-0.064441010,0.646183094,-0.067550230,0.106421120,0.077964046
7.145000,-0.068909777,-0.031651488,0.612368231,-0.070444181,0.101027152,0.065456700
7.146000,-0.032524035,0.009364385,0.569846135,-0.074105107,0.096561472,0.052417750
7.147000,0.003861707,0.050380258,0.527324039,-0.077766033,0.092095792,0.039378799
7.148000,0.037703543,0.085684118,0.484793103,-0.081169576,0.087579027,0.026205851
7.149000,0.040248914,0.073553620,0.453582122,-0.083040626,0.082161320,0.011412669
7.150000,0.039085164,0.055363654,0.423898134,-0.084640635,0.076075590,-0.003711837
7.151000,0.037921413,0.037173687,0.394214145,-0.086240644,0.069989861,-0.018836343
7.152000,0.036757662,0.018983721,0.364530157,-0.087840654,0.063904132,-0.033960849
7.153000,0.033190850,0.003428728,0.335711250,-0.089495358,0.057821685,-0.049114909
7.154000,0.013166952,0.019714680,0.309157686,-0.091754816,0.050503820,-0.063938356
7.155000,-0.010579406,0.044175875,0.283480013,-0.094139527,0.042869171,-0.078254141
7.156000,-0.034325763,0.068637071,0.257802339,-0.096524237,0.035234521,-0.092569926
7.157000,-0.058072120,0.093098267,0.232124665,-0.098908947,0.027599872,-0.106885712
7.158000,-0.077824837,0.118372424,0.204720217,-0.101504273,0.020076256,-0.121028025
7.159000,-0.048375000,0.157987073,0.167054539,-0.106478539,0.014889113,-0.132277459
7.160000,-0.001075434,0.197232907,0.121680552,-0.111750854,0.010526775,-0.142889276
7.161000,0.046224132,0.236478740,0.076306566,-0.117023168,0.006164437,-0.153501092
7.162000,0.093523698,0.275724574,0.030932579,-0.122295483,0.001802100,-0.164112909
7.163000,0.137352475,0.312738930,-0.015861582,-0.127103650,-0.002556460,-0.174644719
7.164000,0.138213193,0.316836488,-0.078644918,-0.125588012,-0.007154398,-0.184090162
7.165000,0.113386425,0.315516900,-0.145432236,-0.122045121,-0.012087521,-0.193482115
7.166000,0.088559657,0.314197311,-0.212219554,-0.118502230,-0.017020644,-0.202874068
7.167000,0.063732890,0.312877723,-0.279006872,-0.114959338,-0.021953766,-0.212266020
7.168000,0.039068756,0.308280813,-0.339503740,-0.111692931,-0.026966466,-0.221065113
7.169000,0.018107822,0.290630287,-0.352758115,-0.111501085,-0.032760424,-0.225350905
7.170000,0.000650876,0.260820280,-0.348900804,-0.111778551,-0.038769967,-0.228160521
7.171000,-0.016806070,0.231010273,-0.345043492,-0.112056017,-0.044779511,-0.230970138
7.172000,-0.034263015,0.201200267,-0.341186180,-0.112333483,-0.050789054,-0.233779754
7.173000,-0.046196480,0.176091460,-0.340599997,-0.112910259,-0.056562443,-0.236196742
7.174000,-0.014410686,0.234039631,-0.368114566,-0.118095422,-0.059964077,-0.233458691
7.175000,0.027487794,0.315258091,-0.408049734,-0.124201617,-0.062747874,-0.229434995
7.176000,0.069386274,0.396476552,-0.447984901,-0.130307811,-0.065531671,-0.225411298
7.177000,0.111284753,0.477695013,-0.487920068,-0.136414005,-0.068315468,-0.221387601
7.178000,0.150735070,0.553979476,-0.530525450,-0.142065974,-0.071082880,-0.217342263
7.179000,0.154888931,0.548475404,-0.585724799,-0.139959545,-0.073389690,-0.212845393
7.180000,0.142068841,0.496094301,-0.639790117,-0.133695915,-0.075430101,-0.207707158
7.181000,0.129248750,0.443713199,-0.693855435,-0.127432285,-0.077470512,-0.202568922
7.182000,0.116428660,0.391332096,-0.747920754,-0.121168656,-0.079510923,-0.197430687
7.183000,0.102923060,0.339165299,-0.795427012,-0.114982857,-0.081685288,-0.192289305
7.184000,0.083487820,0.297042849,-0.795009395,-0.110332432,-0.084648779,-0.185460750
7.185000,0.059977777,0.255661306,-0.784658050,-0.106372149,-0.088169005,-0.178231033
7.186000,0.036467735,0.214279764,-0.774306705,-0.102411866,-0.091689232,-0.171001315
7.187000,0.012957693,0.172898221,-0.763955360,-0.098451583,-0.095209458,-0.163771598
7.188000,-0.007324416,0.135025650,-0.753643131,-0.094925352,-0.098524978,-0.156429182
7.189000,0.020772594,0.173082781,-0.753317335,-0.099332279,-0.099173473,-0.147986906
7.190000,0.071834524,0.226727301,-0.761036838,-0.105617840,-0.098671967,-0.139541735
7.191000,0.122896454,0.280371821,-0.768756341,-0.111903400,-0.098170460,-0.131096564
7.192000,0.173958384,0.334016341,-0.776475844,-0.118188961,-0.097668954,-0.122651393
7.193000,0.219153000,0.382217729,-0.788366792,-0.123999412,-0.097278774,-0.114389242
7.194000,0.211843362,0.365231300,-0.819662862,-0.125254711,-0.098119151,-0.108075545
7.195000,0.179172387,0.330341542,-0.853453557,-0.125008590,-0.099655320,-0.102112891
7.196000,0.146501411,0.295451784,-0.887244251,-0.124762470,-0.101191489,-0.096150238
7.197000,0.113830435,0.260562027,-0.921034946,-0.124516349,-0.102727658,-0.090187585
7.198000,0.082231473,0.224117682,-0.953234747,-0.124020123,-0.104264640,-0.084095871
7.199000,0.051960113,0.187791207,-0.981965256,-0.121045261,-0.106150691,-0.076831878
7.200000,0.024837505,0.154349765,-1.006106479,-0.116935107,-0.108431035,-0.068908635
7.201000,-0.002285102,0.120908322,-1.030247702,-0.112824952,-0.110711379,-0.060985392
7.202000,-0.029407710,0.087466880,-1.054388926,-0.108714797,-0.112991722,-0.053062149
7.203000,-0.051752094,0.054136226,-1.077509926,-0.104910963,-0.115074798,-0.045076399
7.204000,-0.027221434,0.046690152,-1.094192921,-0.105874635,-0.115445392,-0.036120656
7.205000,0.016437138,0.053711093,-1.111129887,-0.108811417,-0.115204177,-0.026699888
7.206000,0.060095711,0.060732034,-1.128066852,-0.111748200,-0.114962962,-0.017279120
7.207000,0.103754283,0.067752974,-1.145003818,-0.114684982,-0.114721747,-0.007858352
7.208000,0.142901490,0.075463606,-1.162296459,-0.117367869,-0.114626244,0.001466258
7.209000,0.128548034,0.074310773,-1.184133588,-0.116584748,-0.116030303,0.009421712
7.210000,0.090152217,0.065612946,-1.217562623,-0.114269530,-0.117828187,0.016708640
7.211000,0.051756399,0.056915118,-1.250991657,-0.111954311,-0.119626071,0.023995568
7.212000,0.013360581,0.048217291,-1.284420692,-0.109639092,-0.121423955,0.031282496
7.213000,-0.024015629,0.035209051,-1.318803872,-0.106810332,-0.123087114,0.038384071
7.214000,-0.034485698,-0.005889673,-1.353259078,-0.099506637,-0.122928387,0.043152825
7.215000,-0.035651297,-0.044136987,-1.386539247,-0.091684079,-0.122404929,0.047148928
7.216000,-0.036816896,-0.082384301,-1.419819415,-0.083861520,-0.121881470,0.051145031
7.217000,-0.037982495,-0.120631615,-1.453099584,-0.076038961,-0.121358012,0.055141133
7.218000,-0.039030343,-0.156837524,-1.485137195,-0.068488195,-0.120779721,0.059079786
7.219000,-0.024354930,-0.160477338,-1.479980056,-0.065405912,-0.119149983,0.062139996
7.220000,-0.004238333,-0.157608322,-1.463370705,-0.063407684,-0.117057599,0.064775064
7.221000,0.015878265,-0.154739306,-1.446761354,-0.061409455,-0.114965215,0.067410133
7.222000,0.035994863,-0.151870289,-1.430152003,-0.059411227,-0.112872831,0.070045201
7.223000,0.056781876,-0.149723055,-1.412786930,-0.057361572,-0.110716397,0.072657980
7.224000,0.050819256,-0.156222477,-1.409055352,-0.055005142,-0.109027115,0.074116091
7.225000,0.026507477,-0.153031179,-1.409456336,-0.053608756,-0.107656129,0.075347883
7.226000,0.002195698,-0.149839882,-1.409857319,-0.052212370,-0.106285143,0.076579675
7.227000,-0.022116080,-0.146648584,-1.410258303,-0.050815984,-0.104914157,0.077811467
7.228000,-0.046114780,-0.145172062,-1.411518168,-0.049285053,-0.103549075,0.078988020
7.229000,-0.049685484,-0.168914680,-1.424525134,-0.044511565,-0.101550123,0.079257520
7.230000,-0.036296783,-0.195971043,-1.440641476,-0.038789479,-0.098651421,0.078457448
7.231000,-0.022908083,-0.223027407,-1.456757818,-0.033067393,-0.095752720,0.077657377
7.232000,-0.009519383,-0.250083771,-1.472874160,-0.027345307,-0.092854018,0.076857305
7.233000,0.003298059,-0.275883900,-1.488551272,-0.021799738,-0.089985940,0.076181761
7.234000,0.006128702,-0.274463435,-1.487623797,-0.019782045,-0.088179097,0.078399149
7.235000,0.000884468,-0.262490757,-1.477232377,-0.018845574,-0.086650404,0.081129133
7.236000,-0.004359766,-0.250518078,-1.466840957,-0.017909103,-0.085121711,0.083859117
7.237000,-0.009604000,-0.238545400,-1.456449537,-0.016972632,-0.083593019,0.086589100
7.238000,-0.014223085,-0.228048513,-1.444562328,-0.016160039,-0.082092789,0.089165565
7.239000,-0.021996918,-0.229179554,-1.442283709,-0.016738525,-0.081034247,0.090976493
7.240000,-0.027933248,-0.234955425,-1.447327132,-0.017896250,-0.080281584,0.092988065
7.241000,-0.033869578,-0.240731296,-1.452370555,-0.019053975,-0.079528920,0.094999636
7.242000,-0.039805908,-0.246507167,-1.457413978,-0.020211700,-0.078776257,0.097011208
7.243000,-0.046404154,-0.251999980,-1.462779731,-0.021407803,-0.078052383,0.098965733
7.244000,-0.035678328,-0.241237375,-1.462121116,-0.024440363,-0.077231034,0.101629198
7.245000,-0.006754215,-0.224046439,-1.456956631,-0.028087298,-0.075897502,0.104281836
7.246000,0.022169897,-0.206855504,-1.451792147,-0.031734233,-0.074563970,0.106934475
7.247000,0.051094010,-0.189664568,-1.446627662,-0.035381168,-0.073230438,0.109587114
7.248000,0.079805943,-0.168908722,-1.438915258,-0.039319968,-0.071928099,0.112363395
7.249000,0.100670477,-0.152604279,-1.431694037,-0.044299783,-0.070256555,0.114512306
7.250000,0.108896847,-0.140659211,-1.429339665,-0.049581306,-0.068916521,0.116394547
7.251000,0.117123217,-0.128714143,-1.426985294,-0.054862829,-0.067576488,0.118276788
7.252000,0.125349586,-0.116769075,-1.424630923,-0.060144352,-0.066236454,0.120159029
7.253000,0.132437493,-0.106075034,-1.424819241,-0.065304031,-0.064919780,0.121901991
7.254000,0.108122467,-0.124637920,-1.436749064,-0.067504755,-0.065414209,0.121496358
7.255000,0.078799207,-0.153872642,-1.446622274,-0.068326288,-0.066316028,0.120400289
7.256000,0.049475946,-0.183107365,-1.456495484,-0.069147822,-0.067217846,0.119304219
7.257000,0.020152686,-0.212342087,-1.466368694,-0.069969356,-0.068119665,0.118208149
7.258000,-0.006664731,-0.237729094,-1.475923475,-0.070962917,-0.069008335,0.117122251
7.259000,-0.013501878,-0.224700809,-1.468723030,-0.073410634,-0.069836540,0.115080070
7.260000,-0.019016319,-0.201169756,-1.460369216,-0.076341346,-0.070777179,0.112668229
7.261000,-0.024530761,-0.177638703,-1.452015402,-0.079272057,-0.071717817,0.110256389
7.262000,-0.030045203,-0.154107650,-1.443661588,-0.082202769,-0.072658456,0.107844548
7.263000,-0.034018183,-0.129690394,-1.435016145,-0.085160054,-0.073557034,0.105396985
7.264000,-0.020858637,-0.111192206,-1.436668158,-0.087610798,-0.073498229,0.102014103
7.265000,-0.000472153,-0.096749211,-1.444799237,-0.089896029,-0.072990091,0.098242198
7.266000,0.019914331,-0.082306216,-1.452930317,-0.092181260,-0.072481953,0.094470292
7.267000,0.040300815,-0.067863220,-1.461061397,-0.094466491,-0.071973816,0.090698387
7.268000,0.059172473,-0.055118311,-1.470012502,-0.096591793,-0.071552898,0.086885522
7.269000,0.053625044,-0.060979724,-1.485368807,-0.096487076,-0.072709076,0.081145948
7.270000,0.021732320,-0.076997335,-1.499964586,-0.095222776,-0.075332755,0.074216779
7.271000,-0.010160403,-0.093014947,-1.514560366,-0.093958475,-0.077956434,0.067287609
7.272000,-0.042053127,-0.109032558,-1.529156146,-0.092694175,-0.080580112,0.060358440
7.273000,-0.072322346,-0.124630160,-1.544183328,-0.091331529,-0.083149052,0.053410261
7.274000,-0.082621980,-0.121987425,-1.556823460,-0.088964950,-0.085521253,0.046192120
7.275000,-0.082320766,-0.110473866,-1.562726756,-0.086187114,-0.087661504,0.038954464
7.276000,-0.082019551,-0.098960308,-1.568630051,-0.083409277,-0.089801756,0.031716808
7.277000,-0.081718337,-0.087446749,-1.574533347,-0.080631440,-0.091942007,0.024479151
7.278000,-0.081101095,-0.077680727,-1.581323822,-0.077979066,-0.094026994,0.017350944
7.279000,-0.063386134,-0.063355100,-1.584276640,-0.077575059,-0.095704449,0.009916313
7.280000,-0.041771725,-0.050252402,-1.588000385,-0.078053350,-0.097398762,0.002082741
7.281000,-0.020157316,-0.037149703,-1.591724129,-0.078531641,-0.099093075,-0.005750831
7.282000,0.001457094,-0.024047005,-1.595447873,-0.079009932,-0.100787388,-0.013584402
7.283000,0.022296211,-0.012970110,-1.600961870,-0.079326294,-0.102523346,-0.021426753
7.284000,0.021142778,-0.008279466,-1.624914032,-0.078954396,-0.105257348,-0.028601089
7.285000,0.001572075,-0.008875668,-1.653444535,-0.077855096,-0.108723626,-0.035525245
7.286000,-0.017998627,-0.009471870,-1.681975039,-0.076755796,-0.112189905,-0.042449401
7.287000,-0.037569329,-0.010068073,-1.710505543,-0.075656495,-0.115656183,-0.049373557
7.288000,-0.051699574,-0.006648825,-1.737586979,-0.074804375,-0.118889591,-0.056128810
7.289000,-0.034638283,0.003496601,-1.750511429,-0.074009527,-0.121109269,-0.061693446
7.290000,-0.008067800,0.007165429,-1.763494961,-0.072251672,-0.123051891,-0.066756562
7.291000,0.018502683,0.010834256,-1.776478493,-0.070493817,-0.124994512,-0.071819677
7.292000,0.045373126,0.014385731,-1.789513187,-0.068728881,-0.126924925,-0.076868133
7.293000,0.070032306,0.015394249,-1.804826546,-0.066931657,-0.128896879,-0.081604581
7.294000,0.071123088,0.016982357,-1.826243593,-0.065727987,-0.131674284,-0.084883971
7.295000,0.064713712,0.017359131,-1.851342224,-0.064568316,-0.134528947,-0.087673297
7.296000,0.058241576,0.017676874,-1.876488284,-0.063406168,-0.137383889,-0.090461216
7.297000,0.051769439,0.017994618,-1.901634344,-0.062244019,-0.140238831,-0.093249135
7.298000,0.044915881,0.017271189,-1.926815219,-0.060949826,-0.143108414,-0.095886151
7.299000,0.040377089,0.018352244,-1.952523922,-0.060566142,-0.145608666,-0.096573408
7.300000,0.037149862,0.018269630,-1.980031044,-0.060426852,-0.147827662,-0.096808813
7.301000,0.033922636,0.018187016,-2.007538167,-0.060287562,-0.150046659,-0.097044218
7.302000,0.030695409,0.018104402,-2.035045289,-0.060148272,-0.152265655,-0.097279623
7.303000,0.029194119,0.019129299,-2.061948486,-0.060125262,-0.154384935,-0.097440626
7.304000,0.039511165,0.028284312,-2.072576532,-0.061251678,-0.155576905,-0.095856737
7.305000,0.049303409,0.038089179,-2.080279391,-0.062449061,-0.156579870,-0.093716926
7.306000,0.059095653,0.047894047,-2.087982251,-0.063646443,-0.157582834,-0.091577115
7.307000,0.068887897,0.057698915,-2.095685110,-0.064843826,-0.158585799,-0.089437304
7.308000,0.076614849,0.063577290,-2.103151538,-0.065984222,-0.159615900,-0.087220771
7.309000,0.075660269,0.056037776,-2.115934489,-0.067275496,-0.160378343,-0.084210561
7.310000,0.078908212,0.056760491,-2.128489077,-0.069505801,-0.160748127,-0.080572571
7.311000,0.082156156,0.057483206,-2.141043665,-0.071736107,-0.161117911,-0.076934581
7.312000,0.085404099,0.058205921,-2.153598253,-0.073966412,-0.161487695,-0.073296591
7.313000,0.089921820,0.058514962,-2.166841346,-0.076115435,-0.161788975,-0.069641562
7.314000,0.089454889,0.048913344,-2.193193323,-0.077173231,-0.161875542,-0.065748933
7.315000,0.086202695,0.033978069,-2.223826855,-0.077744183,-0.161810173,-0.061758664
7.316000,0.082950500,0.019042794,-2.254460387,-0.078315135,-0.161744804,-0.057768396
7.317000,0.079698305,0.004107519,-2.285093919,-0.078886087,-0.161679435,-0.053778127
7.318000,0.079460700,-0.008378614,-2.314240454,-0.079541098,-0.161445657,-0.049736788
7.319000,0.092540167,-0.005873941,-2.333512198,-0.080382015,-0.160740205,-0.045520854
7.320000,0.115288075,0.003580108,-2.349570659,-0.081273427,-0.159530823,-0.041357034
7.321000,0.138035982,0.013034158,-2.365629120,-0.082164839,-0.158321440,-0.037193214
7.322000,0.160783890,0.022488207,-2.381687581,-0.083056251,-0.157112058,-0.033029394
7.323000,0.175805090,0.026189485,-2.395089163,-0.083652134,-0.156268216,-0.028953350
7.324000,0.167219511,0.005292058,-2.394850939,-0.083286488,-0.156776194,-0.025320482
7.325000,0.156128210,-0.023323175,-2.390112667,-0.082812094,-0.157562675,-0.021802688
7.326000,0.145036910,-0.051938408,-2.385374396,-0.082337700,-0.158349156,-0.018284893
7.327000,0.133945609,-0.080553640,-2.380636124,-0.081863306,-0.159135637,-0.014767099
7.328000,0.123674655,-0.107182215,-2.376267742,-0.081603840,-0.159867949,-0.011288847
7.329000,0.121228084,-0.095819741,-2.390290436,-0.085467270,-0.159892495,-0.008491428
7.330000,0.123674626,-0.069299882,-2.413128491,-0.090600804,-0.159397732,-0.005972939
7.331000,0.126121169,-0.042780023,-2.435966547,-0.095734337,-0.158902969,-0.003454450
7.332000,0.128567712,-0.016260164,-2.458804603,-0.100867871,-0.158408206,-0.000935961
7.333000,0.129444494,0.007245077,-2.480259904,-0.105720997,-0.158047633,0.001564856
7.334000,0.137402534,-0.004119441,-2.498617627,-0.107405161,-0.157901345,0.003005753
7.335000,0.149073568,-0.023639199,-2.519514523,-0.108327564,-0.157815959,0.004179752
7.336000,0.160744603,-0.043158956,-2.540411419,-0.109249967,-0.157730573,0.005353752
7.337000,0.172415637,-0.062678713,-2.561308315,-0.110172371,-0.157645186,0.006527751
7.338000,0.182854769,-0.083081670,-2.581157558,-0.110871864,-0.157707625,0.007675471
7.339000,0.178756463,-0.088468020,-2.590457534,-0.110931576,-0.159381223,0.008266609
7.340000,0.173605926,-0.086530055,-2.589242855,-0.110580152,-0.161624330,0.008634139
7.341000,0.168380685,-0.084566787,-2.587960349,-0.110213561,-0.163877801,0.008994940
7.342000,0.163155444,-0.082603519,-2.586677843,-0.109846970,-0.166131272,0.009355740
7.343000,0.156294580,-0.081916030,-2.584633358,-0.109463039,-0.168478823,0.009617436
7.344000,0.146088489,-0.097142657,-2.583872617,-0.108774626,-0.171427486,0.009341767
7.345000,0.136928755,-0.120016736,-2.586886293,-0.108231488,-0.174812237,0.008605276
7.346000,0.132996057,-0.140664854,-2.589147703,-0.108481020,-0.178288651,0.007705677
7.347000,0.129356537,-0.161142309,-2.591297436,-0.108777663,-0.181762151,0.006806752
7.348000,0.125496339,-0.179675992,-2.594175663,-0.109287346,-0.185197002,0.006043253
7.349000,0.138446679,-0.172248637,-2.601898466,-0.111567303,-0.188094618,0.005407684
7.350000,0.165963844,-0.152217721,-2.612177439,-0.114698983,-0.190381477,0.004753767
7.351000,0.194369673,-0.130968355,-2.622870374,-0.117950687,-0.192609728,0.004087304
7.352000,0.222775503,-0.109718989,-2.633563309,-0.121202391,-0.194837979,0.003420840
7.353000,0.248273801,-0.090880676,-2.644355906,-0.124141125,-0.197249151,0.002609081
7.354000,0.244036802,-0.097174642,-2.663634286,-0.124399236,-0.201423433,0.001336710
7.355000,0.225637813,-0.112050941,-2.688266500,-0.123799848,-0.206401904,-0.000142442
7.356000,0.207238824,-0.126927239,-2.712898714,-0.123200459,-0.211380375,-0.001621594
7.357000,0.188839835,-0.141803538,-2.737530927,-0.122601071,-0.216358845,-0.003100746
7.358000,0.177520984,-0.154434961,-2.760693547,-0.121477089,-0.221058849,-0.004475956
7.359000,0.192697099,-0.163948383,-2.772780799,-0.117031716,-0.224742341,-0.005599738
7.360000,0.213333412,-0.173420422,-2.779290706,-0.112070005,-0.228202223,-0.006648399
7.361000,0.233975259,-0.182905508,-2.785774675,-0.107107278,-0.231662470,-0.007696874
7.362000,0.254617105,-0.192390595,-2.792258644,-0.102144550,-0.235122716,-0.008745350
7.363000,0.273457153,-0.201672434,-2.797627836,-0.097587671,-0.238707597,-0.009743049
7.364000,0.276680946,-0.196965055,-2.798085491,-0.098480360,-0.243104674,-0.010167149
7.365000,0.267707252,-0.184674096,-2.795140749,-0.101470074,-0.248375608,-0.010166069
7.366000,0.258733558,-0.172383137,-2.792196007,-0.104459788,-0.253646542,-0.010164988
7.367000,0.249759864,-0.160092178,-2.789251265,-0.107449501,-0.258917476,-0.010163907
7.368000,0.242099066,-0.147119774,-2.788682439,-0.110401724,-0.264008978,-0.010177458
7.369000,0.245533827,-0.140749886,-2.800630381,-0.112081123,-0.267693184,-0.010538977
7.370000,0.251960416,-0.138847192,-2.812384341,-0.113217393,-0.270777803,-0.011034677
7.371000,0.258387005,-0.136944499,-2.824138302,-0.114353663,-0.273862423,-0.011530378
7.372000,0.264813593,-0.135041805,-2.835892262,-0.115489933,-0.276947042,-0.012026079
7.373000,0.270860960,-0.133824668,-2.848663375,-0.116403787,-0.279993539,-0.012546518
7.374000,0.268111072,-0.141185295,-2.870078474,-0.115419775,-0.283308263,-0.012808399
7.375000,0.262669549,-0.163340397,-2.897523148,-0.112832323,-0.286843854,-0.013136562
7.376000,0.257228026,-0.185495500,-2.924967823,-0.110244871,-0.290379446,-0.013464725
7.377000,0.251786503,-0.207650602,-2.952412498,-0.107657419,-0.293915037,-0.013792887
7.378000,0.248619216,-0.227172598,-2.978136641,-0.105492150,-0.297403716,-0.014120152
7.379000,0.261970718,-0.210945917,-2.991522863,-0.108164876,-0.300758976,-0.013911803
7.380000,0.278271107,-0.167492513,-3.000691987,-0.113294294,-0.304028163,-0.013586517
7.381000,0.294571495,-0.124039108,-3.009861111,-0.118423712,-0.307297350,-0.013261231
7.382000,0.310871884,-0.080585703,-3.019030236,-0.123553131,-0.310566537,-0.012935945
7.383000,0.327902640,-0.040360710,-3.028548087,-0.128570376,-0.313851275,-0.012746292
7.384000,0.341623893,-0.035348854,-3.025953627,-0.132406792,-0.317397350,-0.014161151
7.385000,0.351570717,-0.044270759,-3.022415907,-0.135734714,-0.321003590,-0.016155962
7.386000,0.361517541,-0.053192664,-3.018878187,-0.139062635,-0.324609831,-0.018150773
7.387000,0.371464365,-0.062114569,-3.015340467,-0.142390557,-0.328216071,-0.020145584
7.388000,0.378380394,-0.072812205,-3.013954864,-0.145437699,-0.331933506,-0.022205426
7.389000,0.362121813,-0.080804737,-3.050597476,-0.146170417,-0.336270057,-0.024180783
7.390000,0.339986846,-0.091552504,-3.096406849,-0.145895705,-0.340773383,-0.026209427
7.391000,0.317851880,-0.102300270,-3.142216222,-0.145620994,-0.345276708,-0.028238070
7.392000,0.295716913,-0.113048037,-3.188025595,-0.145346283,-0.349780034,-0.030266714
7.393000,0.276032271,-0.121104991,-3.230573344,-0.145403254,-0.354299627,-0.032069463
7.394000,0.275094541,-0.133846878,-3.245930112,-0.146492354,-0.359350119,-0.032999005
7.395000,0.282073840,-0.154161963,-3.246425558,-0.147762764,-0.364549274,-0.033404562
7.396000,0.289068556,-0.174483589,-3.246906330,-0.149033386,-0.369747986,-0.033810079
7.397000,0.296063272,-0.194805214,-3.247387103,-0.150304008,-0.374946697,-0.034215595
7.398000,0.306083836,-0.210490130,-3.248306728,-0.152010059,-0.380004273,-0.034623828
7.399000,0.330794093,-0.171657387,-3.259812639,-0.158514167,-0.383993283,-0.034884982
7.400000,0.352484830,-0.113426117,-3.280529112,-0.166631571,-0.387670993,-0.035211697
7.401000,0.374175568,-0.055194847,-3.301245585,-0.174748975,-0.391348704,-0.035538412
7.402000,0.395866305,0.003036423,-3.321962058,-0.182866379,-0.395026415,-0.035865126
7.403000,0.413503733,0.058045861,-3.345020792,-0.190656776,-0.398788987,-0.036328888
7.404000,0.393585899,0.058532188,-3.390694335,-0.193132565,-0.403157246,-0.038481536
7.405000,0.366257517,0.039733371,-3.440690261,-0.193499593,-0.407825082,-0.041176991
7.406000,0.338894966,0.020836472,-3.490714557,-0.193852023,-0.412496418,-0.043875125
7.407000,0.311532415,0.001939574,-3.540738853,-0.194204453,-0.417167754,-0.046573259
7.408000,0.285288304,-0.016694322,-3.589744327,-0.194512748,-0.421847327,-0.049276319
7.409000,0.295295655,-0.029759348,-3.604609733,-0.194329469,-0.426719611,-0.052170896
7.410000,0.322468612,-0.045103983,-3.600912595,-0.194113189,-0.431545125,-0.054912518
7.411000,0.349685470,-0.060475382,-3.597144322,-0.193898238,-0.436369576,-0.057654196
7.412000,0.376902329,-0.075846781,-3.593376048,-0.193683287,-0.441194027,-0.060395874
7.413000,0.402770406,-0.091124254,-3.589453866,-0.193649201,-0.446030658,-0.063161132
7.414000,0.393556964,-0.085841891,-3.595608746,-0.198452577,-0.451431761,-0.065848990
7.415000,0.373423595,-0.068620980,-3.607215280,-0.205038284,-0.456914200,-0.068559418
7.416000,0.353290226,-0.051400070,-3.618821814,-0.211623992,-0.462396640,-0.071269846
7.417000,0.333156856,-0.034179159,-3.630428348,-0.218209699,-0.467879080,-0.073980274
7.418000,0.314460627,-0.019293145,-3.643977514,-0.224314482,-0.473280514,-0.076674310
7.419000,0.330777602,-0.026620639,-3.670942102,-0.225591601,-0.476642524,-0.079002105
7.420000,0.362148811,-0.047371112,-3.701681972,-0.225010359,-0.479114776,-0.081283216
7.421000,0.393520020,-0.068121586,-3.732421842,-0.224429117,-0.481587028,-0.083564326
7.422000,0.424891228,-0.088872059,-3.763161711,-0.223847874,-0.484059281,-0.085845437
7.423000,0.453037819,-0.108445889,-3.790367037,-0.223153953,-0.486624267,-0.088189955
7.424000,0.440519010,-0.129962987,-3.786811802,-0.221740827,-0.490821001,-0.091235750
7.425000,0.416211899,-0.152959796,-3.773847134,-0.219998796,-0.495635584,-0.094562385
7.426000,0.391904789,-0.175956605,-3.760882466,-0.218256765,-0.500450167,-0.097889021
7.427000,0.367597679,-0.198953414,-3.747917798,-0.216514735,-0.505264749,-0.101215656
7.428000,0.345470255,-0.218844920,-3.735692567,-0.215030985,-0.509910563,-0.104496530
7.429000,0.350503647,-0.186828425,-3.739158841,-0.218025483,-0.512403336,-0.107362212
7.430000,0.362168209,-0.126954976,-3.758453487,-0.223957054,-0.514118538,-0.110059514
7.431000,0.373832771,-0.067081527,-3.777748132,-0.229888625,-0.515833740,-0.112756815
7.432000,0.385497333,-0.007208078,-3.797042778,-0.235820197,-0.517548942,-0.115454117
7.433000,0.397434545,0.044109240,-3.812946694,-0.240814085,-0.519293129,-0.118136919
7.434000,0.409860627,0.024194730,-3.818608088,-0.238230069,-0.521378929,-0.120319271
7.435000,0.422694781,-0.017515440,-3.825346170,-0.233062595,-0.523508178,-0.121904967
7.436000,0.435707447,-0.059830373,-3.832081815,-0.227836054,-0.525632999,-0.123468662
7.437000,0.448720113,-0.102145307,-3.838817460,-0.222609513,-0.527757820,-0.125032357
7.438000,0.461598721,-0.142072283,-3.845418231,-0.217554454,-0.529862148,-0.126549582
7.439000,0.457921907,-0.126840479,-3.857204418,-0.216407494,-0.532079828,-0.126778843
7.440000,0.440993838,-0.079186640,-3.871070450,-0.217711520,-0.534303187,-0.126263328
7.441000,0.424045571,-0.031355129,-3.884886109,-0.219027371,-0.536523569,-0.125747666
7.442000,0.407097304,0.016476382,-3.898701768,-0.220343222,-0.538743951,-0.125232004
7.443000,0.391729218,0.061526684,-3.912832317,-0.221495995,-0.540841704,-0.124710115
7.444000,0.404727541,0.071329609,-3.928507909,-0.220991330,-0.541182130,-0.123822209
7.445000,0.437800927,0.064791601,-3.947903016,-0.219838246,-0.540493959,-0.123017841
7.446000,0.470885082,0.058217728,-3.967313717,-0.218684221,-0.539805138,-0.122214207
7.447000,0.503969237,0.051643856,-3.986724419,-0.217530197,-0.539116317,-0.121410573
7.448000,0.534928462,0.043349594,-4.006004809,-0.216210011,-0.538548369,-0.120627693
7.449000,0.546973055,0.041359389,-3.991257463,-0.214577774,-0.539320219,-0.119208199
7.450000,0.552267679,0.049714635,-3.942676014,-0.213026886,-0.541002713,-0.116823508
7.451000,0.557562228,0.058072865,-3.894080382,-0.211476109,-0.542685512,-0.114438672
7.452000,0.562856777,0.066431095,-3.845484750,-0.209925332,-0.544368311,-0.112053835
7.453000,0.565269569,0.075361429,-3.798326834,-0.208344123,-0.546143559,-0.109575401
7.454000,0.531699101,0.090616133,-3.791378863,-0.206502820,-0.548534961,-0.105743220
7.455000,0.482408996,0.108388754,-3.803954365,-0.204432660,-0.551025429,-0.101244038
7.456000,0.433118891,0.126161374,-3.816529868,-0.202362501,-0.553515897,-0.096744856
7.457000,0.383828785,0.143933995,-3.829105371,-0.200292341,-0.556006366,-0.092245675
7.458000,0.340492186,0.156154561,-3.840771482,-0.197888990,-0.558166433,-0.087763502
7.459000,0.347266728,0.133374237,-3.833909090,-0.192669035,-0.557966503,-0.082654924
7.460000,0.370646193,0.103339086,-3.816143238,-0.186704549,-0.557177483,-0.077294828
7.461000,0.394025658,0.073303935,-3.798377386,-0.180740062,-0.556388463,-0.071934733
7.462000,0.417405122,0.043268784,-3.780611534,-0.174775576,-0.555599442,-0.066574638
7.463000,0.439388780,0.016860856,-3.764244904,-0.169077345,-0.554835003,-0.061212283
7.464000,0.440357311,0.023966827,-3.784202111,-0.174344727,-0.559762712,-0.060498048
7.465000,0.433552983,0.040957264,-3.812186992,-0.172862147,-0.558926458,-0.055591243
7.466000,0.426748654,0.057947700,-3.840171873,-0.171379567,-0.558090203,-0.050684437
7.467000,0.419944326,0.074938137,-3.868156754,-0.169896987,-0.557253949,-0.045777632
7.468000,0.413777467,0.089855327,-3.895089070,-0.168203907,-0.556482103,-0.040871915
7.469000,0.440500985,0.061790829,-3.896556739,-0.163725580,-0.555596692,-0.036341632
7.470000,0.484247118,0.016665001,-3.883627263,-0.158122013,-0.554704599,-0.032020552
7.471000,0.528300005,-0.028671350,-3.870700503,-0.152489353,-0.553810821,-0.027707209
7.472000,0.572352892,-0.074007702,-3.857773742,-0.146856692,-0.552917044,-0.023393867
7.473000,0.611185771,-0.114732517,-3.845134654,-0.141578357,-0.552200541,-0.019042805
7.474000,0.578200179,-0.109091345,-3.837166355,-0.139282860,-0.553970096,-0.014259486
7.475000,0.506547776,-0.084631408,-3.837695218,-0.138019683,-0.557142533,-0.009143364
7.476000,0.434895374,-0.060171471,-3.838224081,-0.136756506,-0.560314969,-0.004027241
7.477000,0.363242972,-0.035711533,-3.838752944,-0.135493329,-0.563487406,0.001088881
7.478000,0.296251380,-0.016776062,-3.839196591,-0.133978418,-0.566416845,0.005972749
7.479000,0.286119499,-0.038237520,-3.836402066,-0.130613282,-0.566583947,0.009134522
7.480000,0.296534598,-0.071334091,-3.830458021,-0.126628699,-0.565732116,0.011721192
7.481000,0.306949698,-0.104430662,-3.824513977,-0.122644116,-0.564880284,0.014307862
7.482000,0.317364798,-0.137527233,-3.818569933,-0.118659534,-0.564028452,0.016894532
7.483000,0.329015541,-0.169301157,-3.812276364,-0.114805659,-0.563056742,0.019401308
7.484000,0.373053606,-0.186646370,-3.810785998,-0.113150216,-0.559868107,0.020004977
7.485000,0.434064440,-0.196907440,-3.816568981,-0.112578121,-0.555367989,0.019624998
7.486000,0.495075274,-0.207168509,-3.822351963,-0.112006025,-0.550867872,0.019245019
7.487000,0.556086108,-0.217429578,-3.828134946,-0.111433929,-0.546367754,0.018865041
7.488000,0.611439052,-0.227925405,-3.832058676,-0.110570859,-0.542317167,0.018860596
7.489000,0.636718075,-0.237930310,-3.817677970,-0.106814433,-0.540302900,0.020942794
7.490000,0.661608427,-0.247885850,-3.798262625,-0.102257307,-0.538514168,0.023701056
7.491000,0.684947228,-0.254899392,-3.776745439,-0.097600537,-0.536872832,0.026712525
7.492000,0.708286029,-0.261912934,-3.755228252,-0.092943767,-0.535231496,0.029723994
7.493000,0.729938984,-0.265976449,-3.735460031,-0.088520232,-0.533609619,0.032938809
7.494000,0.725683672,-0.233202068,-3.732824637,-0.089263888,-0.532485591,0.037367871
7.495000,0.704653560,-0.174161401,-3.729691959,-0.093439023,-0.531707495,0.041910047
7.496000,0.683591755,-0.114855854,-3.726520667,-0.097639544,-0.530927594,0.046460985
7.497000,0.662529950,-0.055550307,-3.723349375,-0.101840066,-0.530147693,0.051011923
7.498000,0.641364079,-0.000443791,-3.717326438,-0.105837984,-0.529464258,0.055408603
7.499000,0.602943836,-0.020307922,-3.673725353,-0.104604897,-0.531138992,0.057646717
7.500000,0.567605765,-0.065614692,-3.620497675,-0.101059894,-0.533119963,0.059393120
7.501000,0.532267693,-0.110921463,-3.567269998,-0.097514891,-0.535100933,0.061139522
7.502000,0.496929622,-0.156228233,-3.514042321,-0.093969888,-0.537081904,0.062885925
7.503000,0.458112121,-0.197152817,-3.463382811,-0.090529550,-0.538945325,0.064578699
7.504000,0.428585846,-0.212956148,-3.444221917,-0.088088940,-0.537754436,0.065137139
7.505000,0.410728356,-0.225260867,-3.432610653,-0.086017929,-0.535281914,0.065018680
7.506000,0.392870867,-0.237565586,-3.420999388,-0.083946917,-0.532809392,0.064900222
7.507000,0.375013377,-0.249870306,-3.409388124,-0.081875905,-0.530336869,0.064781763
7.508000,0.358382953,-0.261057228,-3.397368074,-0.079875320,-0.527786836,0.064675507
7.509000,0.339441456,-0.248684032,-3.389422663,-0.079134200,-0.524740942,0.066150355
7.510000,0.313366532,-0.227036626,-3.388768618,-0.078926118,-0.521562642,0.068459482
7.511000,0.287291608,-0.205389220,-3.388114574,-0.078718036,-0.518384342,0.070768609
7.512000,0.261216684,-0.183741814,-3.387460530,-0.078509955,-0.515206042,0.073077736
7.513000,0.237235580,-0.163678758,-3.385089687,-0.078290337,-0.511988952,0.075336464
7.514000,0.260443589,-0.158552469,-3.367971470,-0.078312368,-0.507005720,0.076813072
7.515000,0.301359371,-0.155683830,-3.344148085,-0.078586001,-0.501421632,0.077932244
7.516000,0.342275154,-0.152815190,-3.320324699,-0.078859634,-0.495837544,0.079051415
7.517000,0.383190936,-0.149946551,-3.296501313,-0.079133267,-0.490253456,0.080170587
7.518000,0.423486278,-0.146250651,-3.272298406,-0.079456783,-0.484689167,0.081232979
7.519000,0.421852200,-0.119636490,-3.251040470,-0.080554663,-0.480000552,0.081333813
7.520000,0.390155284,-0.081590522,-3.239814421,-0.081833716,-0.475788159,0.081168512
7.521000,0.355478216,-0.042570973,-3.230043451,-0.083162318,-0.471610592,0.081001861
7.522000,0.320801148,-0.003551424,-3.220272481,-0.084490921,-0.467433026,0.080835210
7.523000,0.290906639,0.031680344,-3.208512307,-0.085555553,-0.463129904,0.080591034
7.524000,0.301291599,0.009415537,-3.186418909,-0.083254387,-0.456804205,0.079493964
7.525000,0.339483045,-0.056132801,-3.154411211,-0.078604399,-0.448911981,0.077438567
7.526000,0.378474729,-0.123702977,-3.121763529,-0.073837056,-0.441006000,0.075293627
7.527000,0.417466413,-0.191273153,-3.089115846,-0.069069712,-0.433100019,0.073148686
7.528000,0.452895274,-0.255308530,-3.057676255,-0.064539265,-0.425345767,0.070993559
7.529000,0.447426343,-0.250748103,-3.040533581,-0.064437552,-0.419528028,0.068920124
7.530000,0.426931143,-0.220955196,-3.028032113,-0.066157355,-0.414473961,0.066885325
7.531000,0.406435943,-0.191162289,-3.015530645,-0.067877157,-0.409419894,0.064850526
7.532000,0.385940742,-0.161369382,-3.003029176,-0.069596960,-0.404365828,0.062815727
7.533000,0.366754306,-0.132178116,-2.987742024,-0.071279125,-0.399281840,0.060748294
7.534000,0.362653794,-0.119394337,-2.950299788,-0.072390775,-0.393700047,0.058419092
7.535000,0.364103001,-0.117786505,-2.911222352,-0.072975379,-0.388135739,0.056179805
7.536000,0.365552208,-0.116178673,-2.872144916,-0.073559983,-0.382571431,0.053940519
7.537000,0.367166105,-0.113733731,-2.832989069,-0.074156772,-0.376986038,0.051692585
7.538000,0.369157988,-0.104989627,-2.793609730,-0.074818238,-0.371212699,0.049341875
7.539000,0.367454146,-0.093224435,-2.769768039,-0.073924795,-0.364783631,0.046887009
7.540000,0.362336278,-0.087147298,-2.754766490,-0.072000338,-0.358026522,0.044334214
7.541000,0.357218410,-0.081070162,-2.739764941,-0.070075880,-0.351269412,0.041781419
7.542000,0.352100542,-0.074993026,-2.724763392,-0.068151422,-0.344512302,0.039228624
7.543000,0.347531478,-0.068887845,-2.708728561,-0.066265391,-0.337734337,0.036661776
7.544000,0.336043182,-0.072050821,-2.680804360,-0.064740895,-0.331103862,0.034009808
7.545000,0.316580064,-0.082975386,-2.644386680,-0.063112201,-0.324798667,0.031273103
7.546000,0.293235560,-0.097434122,-2.610146342,-0.061702995,-0.318601736,0.028479075
7.547000,0.269891057,-0.111892858,-2.575906004,-0.060293790,-0.312404805,0.025685048
7.548000,0.247153065,-0.124467596,-2.540520802,-0.059045426,-0.306276347,0.022887651
7.549000,0.250141679,-0.113222897,-2.493992312,-0.059476592,-0.300065948,0.019510404
7.550000,0.264077721,-0.090424145,-2.447403484,-0.060806972,-0.293802867,0.015937363
7.551000,0.278013763,-0.067625394,-2.400814657,-0.062137352,-0.287539785,0.012364321
7.552000,0.291949804,-0.044826643,-2.354225829,-0.063467732,-0.281276704,0.008791280
7.553000,0.305536209,-0.022065693,-2.308132252,-0.064778577,-0.275018749,0.005229871
7.554000,0.297247298,-0.019488742,-2.299567709,-0.063530756,-0.269116980,0.001925164
7.555000,0.279124526,-0.031703904,-2.309480068,-0.060795409,-0.263330205,-0.001402492
7.556000,0.261001754,-0.043919067,-2.319392427,-0.058060063,-0.257543429,-0.004730148
7.557000,0.242878982,-0.056134229,-2.329304786,-0.055324716,-0.251756653,-0.008057804
7.558000,0.225814132,-0.068668186,-2.337178297,-0.052613023,-0.245932910,-0.011447360
7.559000,0.235743293,-0.072922150,-2.303932898,-0.052129331,-0.239371395,-0.015668244
7.560000,0.255002880,-0.068292812,-2.259478883,-0.053239282,-0.232560249,-0.020209179
7.561000,0.274262467,-0.063663474,-2.215024869,-0.054349232,-0.225749103,-0.024750113
7.562000,0.293522053,-0.059034136,-2.170570854,-0.055459183,-0.218937956,-0.029291048
7.563000,0.313645106,-0.056959928,-2.125339394,-0.056233639,-0.212187502,-0.033548423
7.564000,0.318747343,-0.063085217,-2.086909649,-0.054767799,-0.205942145,-0.036359589
7.565000,0.313684093,-0.073478416,-2.050514116,-0.052205020,-0.200115246,-0.038749281
7.566000,0.308620843,-0.083871614,-2.014118584,-0.049642241,-0.194288348,-0.041138973
7.567000,0.303557593,-0.094264813,-1.977723051,-0.047079462,-0.188461449,-0.043528665
7.568000,0.299313124,-0.103583653,-1.942096229,-0.044701497,-0.182599551,-0.045900119
7.569000,0.308839094,-0.079583499,-1.923220897,-0.046613463,-0.176633811,-0.047729807
7.570000,0.319224698,-0.041557024,-1.907000544,-0.050321658,-0.170654180,-0.049431865
7.571000,0.329610301,-0.003530549,-1.890780191,-0.054029853,-0.164674549,-0.051133923
7.572000,0.339995904,0.034495926,-1.874559838,-0.057738048,-0.158694918,-0.052835981
7.573000,0.348631631,0.066539580,-1.858415457,-0.060790668,-0.152743707,-0.054552217
7.574000,0.320724717,0.070212960,-1.831122267,-0.058889345,-0.147554570,-0.056218954
7.575000,0.281405353,0.068428470,-1.803767053,-0.055873638,-0.142689402,-0.057979018
7.576000,0.242085989,0.066643979,-1.776411839,-0.052857932,-0.137824234,-0.059739082
7.577000,0.202766625,0.064859489,-1.749056624,-0.049842225,-0.132959066,-0.061499146
7.578000,0.167580960,0.062628093,-1.719788474,-0.046976416,-0.128018942,-0.063207690
7.579000,0.178170361,0.074319083,-1.683715549,-0.047656830,-0.122877280,-0.064279747
7.580000,0.202089447,0.094132286,-1.644006947,-0.049547585,-0.117772652,-0.065054821
7.581000,0.226008532,0.113945488,-1.604298346,-0.051438340,-0.112668024,-0.065829895
7.582000,0.249927618,0.133758691,-1.564589744,-0.053329095,-0.107563396,-0.066604970
7.583000,0.269726268,0.154681708,-1.525531335,-0.055139688,-0.102606232,-0.067378417
7.584000,0.254276053,0.172457965,-1.486166191,-0.055596786,-0.098365457,-0.068156322
7.585000,0.230518959,0.181180422,-1.449482849,-0.055663327,-0.094067236,-0.069080887
7.586000,0.206761865,0.189902878,-1.412799508,-0.055729867,-0.089769016,-0.070005452
7.587000,0.183004771,0.198625335,-1.376116166,-0.055796407,-0.085470795,-0.070930016
7.588000,0.161363635,0.205352837,-1.340277501,-0.055714715,-0.081112712,-0.071755320
7.589000,0.181001781,0.190522461,-1.317932332,-0.054360877,-0.075638972,-0.071218470
7.590000,0.217409275,0.169972851,-1.298109722,-0.052448337,-0.069713807,-0.070094969
7.591000,0.253816769,0.149423241,-1.278287111,-0.050535798,-0.063788642,-0.068971469
7.592000,0.290224263,0.128873631,-1.258464501,-0.048623259,-0.057863478,-0.067847969
7.593000,0.325944700,0.110523917,-1.239145135,-0.046864934,-0.051924288,-0.066802813
7.594000,0.330755170,0.115959688,-1.225153923,-0.047120878,-0.046636411,-0.066646978
7.595000,0.309739308,0.126538216,-1.209838915,-0.048151317,-0.042073763,-0.066823177
7.596000,0.288723445,0.137116744,-1.194523907,-0.049181757,-0.037511115,-0.066999376
7.597000,0.267707582,0.147695272,-1.179208899,-0.050212197,-0.032948466,-0.067175575
7.598000,0.247040750,0.157467583,-1.163345640,-0.051145881,-0.028465429,-0.067250025
7.599000,0.245581898,0.146955121,-1.132898700,-0.050147379,-0.024672547,-0.066067492
7.600000,0.260532631,0.129479115,-1.092989478,-0.048397651,-0.020830190,-0.064495673
7.601000,0.275946249,0.112029492,-1.052935812,-0.046649347,-0.016982345,-0.062916188
7.602000,0.291359867,0.094579870,-1.012882146,-0.044901043,-0.013134500,-0.061336702
7.603000,0.305957311,0.078055897,-0.972991001,-0.043231270,-0.009289504,-0.059845220
7.604000,0.294447197,0.082666302,-0.943297137,-0.043756155,-0.006347609,-0.058660468
7.605000,0.269419493,0.089484203,-0.924192332,-0.045078824,-0.003902582,-0.057426554
7.606000,0.244391790,0.096302104,-0.905087527,-0.046401492,-0.001457555,-0.056192640
7.607000,0.219364087,0.103120005,-0.885982722,-0.047724161,0.000987472,-0.054958726
7.608000,0.195335741,0.110927734,-0.866989387,-0.048966254,0.003411894,-0.053584078
7.609000,0.193850671,0.105442339,-0.842927496,-0.047832480,0.006252401,-0.051266784
7.610000,0.201868289,0.091225210,-0.814289222,-0.045658020,0.009511426,-0.048600179
7.611000,0.209885906,0.077008081,-0.785650948,-0.043483559,0.012770451,-0.045933573
7.612000,0.217903524,0.062790953,-0.757012674,-0.041309098,0.016029475,-0.043266968
7.613000,0.226698366,0.047795901,-0.728349699,-0.039114025,0.019332297,-0.040639026
7.614000,0.228306418,0.029165160,-0.700888204,-0.038114696,0.022473413,-0.038677598
7.615000,0.217741874,-0.000160413,-0.685520794,-0.037426873,0.025422366,-0.037187846
7.616000,0.207177329,-0.029485986,-0.670153383,-0.036739051,0.028371319,-0.035698094
7.617000,0.196612785,-0.058811559,-0.654785972,-0.036051228,0.031320272,-0.034208342
7.618000,0.184917060,-0.083652256,-0.638956966,-0.035493895,0.034122671,-0.032634193
7.619000,0.166709506,-0.050929831,-0.631140625,-0.036128485,0.035138813,-0.030073992
7.620000,0.150730656,-0.007217048,-0.621017508,-0.037010845,0.035870787,-0.027386841
7.621000,0.134751806,0.036495734,-0.610894391,-0.037893206,0.036602761,-0.024699690
7.622000,0.118772955,0.080208516,-0.600771274,-0.038775566,0.037334735,-0.022012539
7.623000,0.104064965,0.121062437,-0.590374830,-0.039548395,0.038099693,-0.019337978
7.624000,0.116495949,0.102023308,-0.561663150,-0.038985506,0.039456607,-0.016807316
7.625000,0.142492699,0.056966791,-0.521407802,-0.037647001,0.041167380,-0.014321550
7.626000,0.168489449,0.011910273,-0.481152453,-0.036308495,0.042878154,-0.011835783
7.627000,0.194486198,-0.033146244,-0.440897105,-0.034969990,0.044588928,-0.009350017
7.628000,0.219519046,-0.076079035,-0.401398799,-0.033807682,0.046274196,-0.006813201
7.629000,0.215393758,-0.069465360,-0.377139932,-0.034874668,0.046853854,-0.003555829
7.630000,0.200890566,-0.040144758,-0.358091887,-0.037167899,0.046899190,-0.000068420
7.631000,0.186387373,-0.010824156,-0.339043842,-0.039461130,0.046944526,0.003418988
7.632000,0.171884181,0.018496446,-0.319995797,-0.041754362,0.046989862,0.006906396
7.633000,0.157844563,0.043548396,-0.300127458,-0.043740009,0.047004842,0.010331612
7.634000,0.160007097,0.023371442,-0.277884926,-0.042260541,0.047446858,0.012671984
7.635000,0.170303720,-0.015644492,-0.253018376,-0.039388636,0.048105724,0.014638456
7.636000,0.180600343,-0.054660426,-0.228151827,-0.036516731,0.048764590,0.016604928
7.637000,0.190896967,-0.093676360,-0.203285277,-0.033644826,0.049423456,0.018571400
7.638000,0.199642810,-0.130052140,-0.179222714,-0.030948778,0.050045325,0.020564062
7.639000,0.183781457,-0.122906084,-0.161884189,-0.030598072,0.049749824,0.023613555
7.640000,0.155810132,-0.099978490,-0.144156607,-0.031361214,0.048767318,0.026938232
7.641000,0.127838807,-0.077050897,-0.126429025,-0.032124356,0.047784811,0.030262909
7.642000,0.099867482,-0.054123303,-0.108701443,-0.032887497,0.046802305,0.033587586
7.643000,0.073830536,-0.033576679,-0.090263574,-0.033476356,0.045865538,0.036867749
7.644000,0.065031837,-0.030271059,-0.071447425,-0.032451605,0.045011772,0.039167704
7.645000,0.059138267,-0.034343885,-0.055932418,-0.030633006,0.044033562,0.041266676
7.646000,0.053244696,-0.038416712,-0.040417410,-0.028814408,0.043055351,0.043365648
7.647000,0.047351125,-0.042489539,-0.024902403,-0.026995809,0.042077141,0.045464620
7.648000,0.042589706,-0.046592227,-0.008829051,-0.025306570,0.041157544,0.047574390
7.649000,0.052800820,-0.051764582,0.018899561,-0.025137735,0.040655807,0.049697009
7.650000,0.074691579,-0.058671462,0.051150084,-0.025806008,0.040377699,0.051959732
7.651000,0.096582338,-0.065578341,0.083400607,-0.026474281,0.040099591,0.054222455
7.652000,0.118473097,-0.072485221,0.115651130,-0.027142554,0.039821483,0.056485178
7.653000,0.137952569,-0.078568893,0.146855311,-0.027789152,0.039501178,0.058745651
7.654000,0.126437666,-0.061068676,0.146867632,-0.029117576,0.038913085,0.060860862
7.655000,0.101670232,-0.036453910,0.129704346,-0.030390579,0.038189797,0.062663347
7.656000,0.076902797,-0.011839144,0.112541061,-0.031663581,0.037466508,0.064465832
7.657000,0.052135363,0.012775621,0.095377776,-0.032936584,0.036743220,0.066268316
7.658000,0.029888178,0.033261796,0.078958117,-0.033931857,0.036059429,0.068004468
7.659000,0.040874114,-0.007444475,0.089379198,-0.030788923,0.035956937,0.068631989
7.660000,0.058448532,-0.067849845,0.108343863,-0.026090013,0.035804621,0.068937678
7.661000,0.076022950,-0.128255214,0.127308528,-0.021391103,0.035652305,0.069243367
7.662000,0.093597369,-0.188660583,0.146273193,-0.016692193,0.035499989,0.069549056
7.663000,0.108680145,-0.241003167,0.168360703,-0.012766031,0.035245644,0.069943874
7.664000,0.096536716,-0.223000701,0.199706432,-0.015227951,0.033477784,0.070709248
7.665000,0.066873889,-0.167827207,0.239756789,-0.021112251,0.031024238,0.071496029
7.666000,0.037211062,-0.112653714,0.279807145,-0.026996551,0.028570691,0.072282809
7.667000,0.007548234,-0.057480220,0.319857502,-0.032880852,0.026117145,0.073069589
7.668000,-0.016627705,-0.008966058,0.354161499,-0.037836880,0.023993158,0.073846906
7.669000,-0.001046531,-0.005487058,0.342245608,-0.036115885,0.024438650,0.074480064
7.670000,0.020874056,-0.010325939,0.320807872,-0.033057815,0.025278751,0.075231341
7.671000,0.042794644,-0.015164820,0.299370137,-0.029999745,0.026118851,0.075982618
7.672000,0.064715232,-0.020003702,0.277932401,-0.026941675,0.026958952,0.076733895
7.673000,0.082427333,-0.023275056,0.262641381,-0.024145474,0.027568335,0.077377629
7.674000,0.071550537,-0.048271219,0.280172817,-0.019635806,0.026861089,0.076635140
7.675000,0.050815023,-0.086452431,0.307166875,-0.013858295,0.025743797,0.075391168
7.676000,0.030079509,-0.124633642,0.334160934,-0.008080783,0.024626505,0.074147197
7.677000,0.009343995,-0.162814854,0.361154992,-0.002303272,0.023509213,0.072903225
7.678000,-0.013490879,-0.198224779,0.388652551,0.003068054,0.022313485,0.071699576
7.679000,-0.040084142,-0.182948931,0.419305584,0.002411898,0.020649723,0.071523411
7.680000,-0.059920035,-0.140612660,0.449269813,-0.001137092,0.018929405,0.071914710
7.681000,-0.079727726,-0.098195430,0.479270198,-0.004695490,0.017208374,0.072307876
7.682000,-0.099535418,-0.055778200,0.509270583,-0.008253888,0.015487342,0.072701043
7.683000,-0.115882287,-0.015583357,0.535427972,-0.011628050,0.013979271,0.073051884
7.684000,-0.092762697,-0.007189599,0.536272392,-0.012800056,0.014992578,0.072850372
7.685000,-0.053839140,-0.009161628,0.536275473,-0.013177836,0.016906608,0.072400490
7.686000,-0.014910124,-0.011299285,0.536473802,-0.013546209,0.018816738,0.071948942
7.687000,0.024018893,-0.013436942,0.536672132,-0.013914582,0.020726868,0.071497395
7.688000,0.059300229,-0.017666685,0.537246468,-0.013896051,0.022519460,0.070990994
7.689000,0.045387468,-0.053876721,0.545415483,-0.009239552,0.022117672,0.069825771
7.690000,0.015106932,-0.097007885,0.552167800,-0.003354165,0.020990333,0.068693581
7.691000,-0.015173604,-0.140139048,0.558920117,0.002531222,0.019862993,0.067561391
7.692000,-0.045454140,-0.183270212,0.565672434,0.008416609,0.018735653,0.066429202
7.693000,-0.073806199,-0.226040097,0.574040085,0.014130501,0.017681844,0.065237633
7.694000,-0.071977872,-0.233988920,0.592442598,0.015529335,0.017780197,0.064194631
7.695000,-0.057307421,-0.217169135,0.611082468,0.014710308,0.018211755,0.063280910
7.696000,-0.042636969,-0.200349349,0.629722337,0.013891281,0.018643313,0.062367188
7.697000,-0.027966517,-0.183529563,0.648362207,0.013072254,0.019074870,0.061453466
7.698000,-0.014349089,-0.165925821,0.667216105,0.012094733,0.019457850,0.060618575
7.699000,-0.014905475,-0.149700543,0.686107519,0.010685475,0.019809103,0.060381487
7.700000,-0.019376704,-0.139372479,0.703061834,0.009441968,0.020408252,0.060237405
7.701000,-0.023847932,-0.129044414,0.720016148,0.008198461,0.021007400,0.060093324
7.702000,-0.028319161,-0.118716350,0.736970463,0.006954954,0.021606549,0.059949243
7.703000,-0.032813558,-0.106799630,0.754304670,0.005742647,0.022158785,0.059806580
7.704000,-0.030032469,-0.106558226,0.767319365,0.006292086,0.022761191,0.058835624
7.705000,-0.031975327,-0.113226024,0.776890602,0.007744359,0.023292241,0.057298766
7.706000,-0.033918185,-0.119893821,0.786461839,0.009196632,0.023823292,0.055761908
7.707000,-0.035861043,-0.126561619,0.796033075,0.010648905,0.024354342,0.054225049
7.708000,-0.036694742,-0.134217562,0.804989057,0.012230287,0.024950956,0.052677036
7.709000,-0.048119920,-0.134135257,0.813632242,0.015284228,0.025229172,0.051332106
7.710000,-0.069563114,-0.130193142,0.827755647,0.019210911,0.024918680,0.050134492
7.711000,-0.091006309,-0.126251026,0.841879052,0.023137594,0.024608189,0.048936878
7.712000,-0.112449503,-0.122308911,0.856002457,0.027064277,0.024297698,0.047739264
7.713000,-0.131361743,-0.121013918,0.869694778,0.030956192,0.024224135,0.046610713
7.714000,-0.127260251,-0.132557627,0.893331469,0.033560628,0.025527750,0.045581329
7.715000,-0.107380662,-0.143859547,0.924645504,0.035181111,0.027436654,0.044436649
7.716000,-0.087501072,-0.155161468,0.955959540,0.036801594,0.029345558,0.043291970
7.717000,-0.067621483,-0.166463388,0.987273575,0.038422077,0.031254462,0.042147290
7.718000,-0.047738307,-0.177252560,1.018712492,0.040076318,0.033153910,0.040988820
7.719000,-0.038640159,-0.163688593,1.051234789,0.040388592,0.034593583,0.040411692
7.720000,-0.036528641,-0.136471339,1.080281235,0.040009519,0.036078306,0.039806097
7.721000,-0.034417122,-0.109254085,1.109327682,0.039630446,0.037563029,0.039200502
7.722000,-0.032305604,-0.082036831,1.138374128,0.039251373,0.039047752,0.038594908
7.723000,-0.028565741,-0.055018347,1.166616532,0.038868958,0.040612867,0.037992658
7.724000,-0.021009875,-0.059263419,1.181296282,0.040082246,0.042907055,0.036565604
7.725000,-0.016560837,-0.083663326,1.186584309,0.042466010,0.045384132,0.034582416
7.726000,-0.012111800,-0.108063233,1.191872337,0.044849773,0.047861209,0.032599229
7.727000,-0.007662763,-0.132463139,1.197160365,0.047233536,0.050338287,0.030616041
7.728000,-0.002709283,-0.156538677,1.202967726,0.049605436,0.052835585,0.028637754
7.729000,0.001450858,-0.170224244,1.217289592,0.051780796,0.055528244,0.027000524
7.730000,0.008015857,-0.178515817,1.237592358,0.053717261,0.058276615,0.025785155
7.731000,0.014580857,-0.186807391,1.257895124,0.055653727,0.061024985,0.024569785
7.732000,0.021145856,-0.195098964,1.278197889,0.057590192,0.063773356,0.023354415
7.733000,0.026003145,-0.203069662,1.298374703,0.059452740,0.066418020,0.022151336
7.734000,0.028637600,-0.186515162,1.321783562,0.059245600,0.069069446,0.021684316
7.735000,0.026679662,-0.146693950,1.347643323,0.057245109,0.071557182,0.022106704
7.736000,0.024721724,-0.106872738,1.373503083,0.055244619,0.074044918,0.022529091
7.737000,0.022763786,-0.067051527,1.399362844,0.053244129,0.076532653,0.022951479
7.738000,0.022066173,-0.028573625,1.425311307,0.051260602,0.079096217,0.023300385
7.739000,0.026240243,-0.031833944,1.440156571,0.050949271,0.082121791,0.022947326
7.740000,0.030884980,-0.063268015,1.437981944,0.052111970,0.085683934,0.022704980
7.741000,0.035536521,-0.094655539,1.435732494,0.053278210,0.089246399,0.022471919
7.742000,0.040188063,-0.126043064,1.433483044,0.054444449,0.092808865,0.022238858
7.743000,0.045445335,-0.155182557,1.432132271,0.055610601,0.096339873,0.021961086
7.744000,0.034331192,-0.170216233,1.442575991,0.057448170,0.098569213,0.021685855
7.745000,0.018241744,-0.160640603,1.449203731,0.059103957,0.100979369,0.021546676
7.746000,0.001634467,-0.141999830,1.455095523,0.060752319,0.103385013,0.021588671
7.747000,-0.014972809,-0.123359056,1.460987315,0.062400680,0.105790657,0.021630666
7.748000,-0.028906436,-0.103873895,1.465910839,0.063976736,0.108315214,0.021661473
7.749000,-0.017457169,-0.103132657,1.457683502,0.065602133,0.112488859,0.021485118
7.750000,-0.003725214,-0.121394526,1.442015510,0.067879940,0.116802387,0.021684062
7.751000,0.010006741,-0.139656396,1.426347518,0.070157746,0.121115915,0.021883006
7.752000,0.023738697,-0.157918266,1.410679526,0.072435552,0.125429443,0.022081951
7.753000,0.036821711,-0.175953536,1.394510711,0.074678984,0.129823958,0.022258495
7.754000,0.041670130,-0.182896117,1.384740340,0.076007559,0.133601693,0.022607505
7.755000,0.052499199,-0.181582849,1.383006105,0.076654934,0.137349760,0.022653300
7.756000,0.063328269,-0.180269581,1.381271870,0.077302309,0.141097828,0.022699095
7.757000,0.074157338,-0.178956314,1.379537636,0.077949684,0.144845895,0.022744889
7.758000,0.085193265,-0.176183799,1.378403023,0.078639207,0.148522207,0.022854093
7.759000,0.084693444,-0.172644651,1.376296705,0.080804457,0.151524551,0.023370461
7.760000,0.073466494,-0.176928992,1.375272406,0.084060869,0.153844634,0.023818212
7.761000,0.062239545,-0.181213333,1.374248107,0.087317281,0.156164717,0.024265962
7.762000,0.051012595,-0.185497674,1.373223808,0.090573693,0.158484800,0.024713712
7.763000,0.040189981,-0.190044727,1.372249037,0.093853058,0.160862566,0.025202892
7.764000,0.047472292,-0.202373232,1.385453515,0.096445785,0.163750879,0.025752300
7.765000,0.060013239,-0.220313233,1.405401396,0.099027655,0.167072764,0.026015996
7.766000,0.072554186,-0.238253235,1.425349277,0.101609525,0.170394648,0.026279691
7.767000,0.085095134,-0.256193236,1.445297159,0.104191395,0.173716533,0.026543387
7.768000,0.098680661,-0.269870296,1.465656067,0.106577468,0.177107448,0.026787392
7.769000,0.091761221,-0.258848828,1.472590317,0.107062205,0.180661931,0.027075340
7.770000,0.081784555,-0.236064441,1.473009214,0.106474602,0.184638258,0.027491698
7.771000,0.071807890,-0.213280055,1.473428111,0.105887000,0.188614585,0.027908056
7.772000,0.061831224,-0.190495668,1.473847008,0.105299397,0.192590912,0.028324413
7.773000,0.052967648,-0.169694012,1.475102574,0.104840063,0.196618711,0.028702553
7.774000,0.066913171,-0.176399808,1.478970056,0.106642703,0.201991372,0.028473476
7.775000,0.083942266,-0.193232149,1.482831077,0.109293046,0.207656493,0.028037100
7.776000,0.100565772,-0.210538499,1.486636567,0.111979388,0.213337023,0.027592180
7.777000,0.117189279,-0.227844849,1.490442057,0.114665730,0.219017553,0.027147259
7.778000,0.132080070,-0.248191263,1.493369064,0.117547008,0.224732684,0.026734722
7.779000,0.128240185,-0.252576636,1.507510811,0.120443386,0.230225828,0.026813298
7.780000,0.113155859,-0.256985635,1.520214758,0.123934311,0.235906889,0.026895620
7.781000,0.098071534,-0.261394635,1.532918704,0.127425235,0.241587950,0.026977942
7.782000,0.082987208,-0.265803634,1.545622651,0.130916160,0.247269012,0.027060264
7.783000,0.066488037,-0.267996937,1.560239591,0.134357941,0.252873702,0.027147585
7.784000,0.067895601,-0.268648882,1.571729097,0.137338944,0.259018133,0.027343149
7.785000,0.089156372,-0.260793958,1.587190761,0.139593424,0.265522184,0.027739113
7.786000,0.110417142,-0.252939034,1.602652424,0.141847903,0.272026236,0.028135078
7.787000,0.131677913,-0.245084109,1.618114088,0.144102383,0.278530287,0.028531042
7.788000,0.154116379,-0.237191561,1.633796878,0.146342809,0.285095434,0.028890740
7.789000,0.178934943,-0.243380216,1.652655333,0.149383418,0.292151817,0.029266390
7.790000,0.193172361,-0.262236253,1.670355417,0.153200732,0.298946916,0.029633517
7.791000,0.207409780,-0.281092290,1.688055501,0.157018046,0.305742015,0.030000645
7.792000,0.221647198,-0.299948327,1.705755586,0.160835360,0.312537114,0.030367772
7.793000,0.234870618,-0.317711002,1.723653596,0.164700652,0.319308191,0.030794280
7.794000,0.242478956,-0.313671022,1.735185087,0.167692383,0.326435824,0.031326318
7.795000,0.247768363,-0.303080529,1.742646205,0.170756932,0.333630370,0.031955213
7.796000,0.253057771,-0.292490037,1.750107323,0.173821482,0.340824916,0.032584108
7.797000,0.258347178,-0.281899544,1.757568441,0.176886031,0.348019462,0.033213003
7.798000,0.262538072,-0.269804556,1.765528047,0.179924181,0.355154283,0.033791158
7.799000,0.268301864,-0.278432283,1.779280907,0.184733018,0.361418701,0.034207726
7.800000,0.285401284,-0.292567962,1.799494617,0.189880704,0.367588661,0.034826449
7.801000,0.302500705,-0.306703642,1.819708328,0.195028390,0.373758621,0.035445173
7.802000,0.319600126,-0.320839322,1.839922038,0.200176077,0.379928582,0.036063896
7.803000,0.336029241,-0.337019663,1.860531037,0.205425010,0.386039997,0.036625308
7.804000,0.341535157,-0.340962055,1.890398471,0.210222915,0.390934254,0.037350169
7.805000,0.334509132,-0.341842970,1.926766555,0.214813787,0.394858670,0.037991964
7.806000,0.327483106,-0.342723885,1.963134638,0.219404658,0.398783085,0.038633759
7.807000,0.320457080,-0.343604801,1.999502721,0.223995530,0.402707500,0.039275553
7.808000,0.311613051,-0.343615352,2.037513486,0.228407586,0.406450067,0.039769664
7.809000,0.302324682,-0.349577825,2.075908978,0.231019348,0.409906360,0.039619606
7.810000,0.298519313,-0.358248635,2.107788840,0.233005300,0.413414750,0.039211758
7.811000,0.294713945,-0.366919444,2.139668702,0.234991253,0.416923141,0.038803909
7.812000,0.290908576,-0.375590253,2.171548565,0.236977205,0.420431532,0.038396061
7.813000,0.287402174,-0.383663484,2.201412208,0.238766167,0.423859706,0.038082958
7.814000,0.285918527,-0.378100023,2.221017846,0.238594787,0.426516637,0.038293768
7.815000,0.292554926,-0.371716183,2.240417565,0.237466920,0.429235741,0.038576298
7.816000,0.299191325,-0.365332343,2.259817284,0.236339054,0.431954845,0.038858828
7.817000,0.305827724,-0.358948503,2.279217003,0.235211187,0.434673949,0.039141357
7.818000,0.312737002,-0.352388678,2.298477403,0.234055703,0.437403221,0.039407312
7.819000,0.310413110,-0.351190444,2.313598869,0.233475162,0.439462050,0.040033598
7.820000,0.300369285,-0.355805396,2.327832912,0.233136630,0.441048512,0.040685552
7.821000,0.290325460,-0.360420347,2.342066954,0.232798098,0.442634973,0.041337505
7.822000,0.280281635,-0.365035299,2.356300997,0.232459566,0.444221434,0.041989458
7.823000,0.270181220,-0.371221556,2.370552113,0.232137611,0.445783076,0.042647747
7.824000,0.276857067,-0.383544583,2.391287876,0.229917130,0.447737824,0.043239357
7.825000,0.287357096,-0.392083337,2.415216805,0.226874677,0.449728241,0.043818567
7.826000,0.297857126,-0.400622092,2.439145733,0.223832225,0.451718659,0.044397777
7.827000,0.308357155,-0.409160847,2.463074662,0.220789772,0.453709076,0.044976987
7.828000,0.319415238,-0.417018638,2.485825427,0.217817200,0.455708305,0.045521296
7.829000,0.326347899,-0.409532773,2.491686261,0.214973197,0.457276694,0.045246122
7.830000,0.333757497,-0.397532762,2.489877151,0.211816753,0.458914528,0.044784078
7.831000,0.341167096,-0.385532750,2.488068042,0.208660310,0.460552361,0.044322034
7.832000,0.348576694,-0.373532738,2.486258932,0.205503867,0.462190194,0.043859990
7.833000,0.355706636,-0.364098169,2.485096663,0.202472150,0.463770834,0.043330821
7.834000,0.352738486,-0.367970145,2.493777825,0.199662314,0.464294000,0.042347122
7.835000,0.339629350,-0.370592718,2.506540466,0.196401099,0.464189653,0.041118883
7.836000,0.326520214,-0.373215291,2.519303107,0.193139885,0.464085306,0.039890645
7.837000,0.313411078,-0.375837864,2.532065748,0.189878670,0.463980960,0.038662406
7.838000,0.300380226,-0.378016391,2.546099066,0.186552395,0.463871574,0.037477630
7.839000,0.295697563,-0.361642034,2.554280317,0.182080880,0.464150225,0.036954864
7.840000,0.297324969,-0.331468600,2.561742706,0.176866447,0.464390041,0.036666492
7.841000,0.298952376,-0.301295165,2.569205095,0.171652013,0.464629856,0.036378119
7.842000,0.300579782,-0.271121731,2.576667483,0.166437579,0.464869672,0.036089747
7.843000,0.301950090,-0.242674382,2.583553819,0.161450606,0.465123960,0.035780135
7.844000,0.308669221,-0.241477996,2.580754870,0.160801386,0.465883068,0.035219846
7.845000,0.315470081,-0.258611223,2.575110351,0.162425798,0.466974644,0.034539281
7.846000,0.322270941,-0.275744449,2.569465832,0.164050209,0.468066220,0.033858715
7.847000,0.329071802,-0.292877676,2.563821313,0.165674621,0.469157796,0.033178150
7.848000,0.335702755,-0.307610676,2.559431383,0.167225404,0.470205527,0.032565612
7.849000,0.330065509,-0.323777261,2.577933007,0.168205063,0.470573494,0.031919264
7.850000,0.319413074,-0.339409320,2.603061259,0.168883787,0.470472576,0.031315850
7.851000,0.308760640,-0.355041378,2.628189512,0.169562510,0.470371659,0.030712436
7.852000,0.298108205,-0.370673437,2.653317764,0.170241234,0.470270741,0.030109022
7.853000,0.287560360,-0.385383080,2.678316594,0.170774809,0.470209106,0.029509829
7.854000,0.292502632,-0.351840867,2.694812854,0.166080665,0.471127784,0.030091657
7.855000,0.306624408,-0.298988243,2.707333959,0.159333501,0.472576407,0.031442648
7.856000,0.320746184,-0.246135619,2.719855064,0.152586338,0.474025030,0.032793639
7.857000,0.334867960,-0.193282996,2.732376169,0.145839174,0.475473654,0.034144630
7.858000,0.349394168,-0.145017457,2.741569265,0.139499198,0.477106531,0.035314093
7.859000,0.367225744,-0.140595696,2.713525573,0.138532491,0.479970273,0.035309264
7.860000,0.382396405,-0.151257896,2.678720299,0.139659453,0.482871071,0.034984392
7.861000,0.397567066,-0.161920095,2.643915024,0.140786414,0.485771868,0.034659521
7.862000,0.412737726,-0.172582295,2.609109750,0.141913375,0.488672666,0.034334649
7.863000,0.427770746,-0.183828481,2.575848856,0.143086314,0.491513865,0.034009796
7.864000,0.417851477,-0.210418984,2.600906296,0.145330751,0.491914821,0.034131620
7.865000,0.398121600,-0.236440923,2.645600827,0.147481340,0.491394886,0.034352734
7.866000,0.378391722,-0.262462862,2.690295357,0.149631929,0.490874951,0.034573847
7.867000,0.358661845,-0.288484801,2.734989887,0.151782518,0.490355016,0.034794961
7.868000,0.342138355,-0.309236757,2.779512737,0.153486892,0.489984376,0.035137901
7.869000,0.364215170,-0.270959153,2.813035904,0.149696393,0.491757849,0.036796202
7.870000,0.399945650,-0.221245459,2.840400336,0.144368077,0.494507086,0.038926721
7.871000,0.435676130,-0.171531765,2.867764769,0.139039760,0.497256323,0.041057241
7.872000,0.471406610,-0.121818071,2.895129201,0.133711444,0.500005560,0.043187760
7.873000,0.503902795,-0.078579725,2.917788214,0.129244171,0.502883924,0.045088935
7.874000,0.508057356,-0.095066333,2.909976492,0.129835086,0.505424450,0.045723306
7.875000,0.500559518,-0.134333573,2.890188546,0.132682767,0.507910998,0.045775937
7.876000,0.493061681,-0.173600812,2.870400600,0.135530449,0.510397546,0.045828568
7.877000,0.485563843,-0.212868051,2.850612654,0.138378130,0.512884094,0.045881199
7.878000,0.476586329,-0.250260982,2.837510976,0.141196234,0.515108077,0.045993488
7.879000,0.461689307,-0.263064566,2.854207311,0.142770867,0.515671215,0.045915239
7.880000,0.443436807,-0.259262527,2.881468912,0.143261800,0.515266862,0.045859994
7.881000,0.425184307,-0.255460489,2.908730513,0.143752733,0.514862509,0.045804749
7.882000,0.406966104,-0.251652720,2.935959722,0.144241194,0.514459132,0.045748692
7.883000,0.392774114,-0.246860283,2.960712120,0.144441426,0.514189209,0.045652039
7.884000,0.410465043,-0.226117893,2.992572781,0.142036985,0.515284972,0.046250367
7.885000,0.440427361,-0.203279326,3.025094043,0.138935487,0.516977750,0.047133572
7.886000,0.470389679,-0.180440759,3.057615305,0.135833989,0.518670529,0.048016776
7.887000,0.500351997,-0.157602192,3.090136566,0.132732492,0.520363307,0.048899981
7.888000,0.530212085,-0.135947977,3.121959693,0.129767825,0.522069481,0.049736707
7.889000,0.535602366,-0.162382055,3.122132273,0.130813455,0.522968156,0.049123562
7.890000,0.529666740,-0.203285039,3.112261792,0.133008334,0.523342850,0.047922349
7.891000,0.523731115,-0.244188023,3.102391311,0.135203213,0.523717544,0.046721136
7.892000,0.517795489,-0.285091007,3.092520830,0.137398091,0.524092238,0.045519923
7.893000,0.511081719,-0.323882200,3.085999519,0.139681033,0.524440381,0.044391500
7.894000,0.491134453,-0.347042849,3.096863097,0.142803670,0.523963566,0.043683625
7.895000,0.465615706,-0.366018170,3.112521407,0.146581490,0.523204745,0.043178871
7.896000,0.440096959,-0.384993490,3.128179716,0.150359310,0.522445924,0.042674118
7.897000,0.414578212,-0.403968811,3.143838025,0.154137130,0.521687104,0.042169365
7.898000,0.390441072,-0.422274210,3.159336541,0.157698479,0.520962069,0.041614855
7.899000,0.404804127,-0.400364153,3.173246325,0.156051375,0.522046952,0.041141693
7.900000,0.433123743,-0.360511694,3.188711679,0.152686586,0.523885615,0.040956735
7.901000,0.461443359,-0.320659236,3.204177033,0.149321798,0.525724277,0.040771776
7.902000,0.489762975,-0.280806777,3.219642387,0.145957009,0.527562940,0.040586818
7.903000,0.516851745,-0.241794576,3.234214619,0.142679103,0.529392672,0.040395830
7.904000,0.514174042,-0.226901419,3.229877572,0.141556839,0.530761640,0.040418746
7.905000,0.502957009,-0.218634983,3.217905079,0.140764536,0.532204542,0.040289884
7.906000,0.491739975,-0.210368548,3.205932586,0.139972233,0.533647443,0.040161023
7.907000,0.480522942,-0.202102112,3.193960094,0.139179929,0.535090344,0.040032161
7.908000,0.469063354,-0.194382794,3.182352971,0.138420650,0.536522594,0.039887160
7.909000,0.464201976,-0.208472729,3.203411124,0.138681571,0.537702089,0.038726027
7.910000,0.463821288,-0.228537004,3.233321261,0.139299961,0.538793493,0.037450901
7.911000,0.463440600,-0.248601280,3.263231398,0.139918351,0.539884896,0.036175775
7.912000,0.463059911,-0.268665556,3.293141536,0.140536741,0.540976300,0.034900650
7.913000,0.462873252,-0.287777612,3.322437414,0.141102677,0.542116018,0.033649338
7.914000,0.477742730,-0.283839543,3.327735341,0.140515295,0.545308206,0.033309482
7.915000,0.499163997,-0.266003450,3.328858246,0.139623275,0.549540697,0.033062060
7.916000,0.520585263,-0.248167357,3.329981150,0.138731256,0.553773187,0.032814637
7.917000,0.542006530,-0.230331264,3.331104054,0.137839236,0.558005678,0.032567215
7.918000,0.563454940,-0.212649894,3.333160704,0.136908059,0.562178370,0.032322373
7.919000,0.572751463,-0.209559911,3.351166094,0.135976941,0.565087185,0.031593106
7.920000,0.572489469,-0.221251142,3.376965586,0.134846295,0.567124267,0.030845085
7.921000,0.571762525,-0.237718996,3.406058967,0.133691088,0.569107476,0.030122383
7.922000,0.571035582,-0.254186850,3.435152348,0.132535882,0.571090685,0.029399681
7.923000,0.570754810,-0.269816383,3.463104518,0.131401070,0.573135307,0.028643925
7.924000,0.570776390,-0.263641018,3.476924497,0.129902101,0.575856177,0.028227620
7.925000,0.568358639,-0.243802183,3.487358257,0.128310136,0.578723559,0.028132368
7.926000,0.565940888,-0.223963349,3.497792017,0.126718172,0.581590941,0.028037115
7.927000,0.563523137,-0.204124515,3.508225777,0.125126208,0.584458323,0.027941863
7.928000,0.562569174,-0.185951400,3.518289839,0.123543094,0.587394750,0.027852120
7.929000,0.581917179,-0.180907235,3.522470786,0.122388582,0.591247909,0.027456650
7.930000,0.612314553,-0.178629367,3.527577353,0.121274976,0.595426106,0.026980734
7.931000,0.642711927,-0.176351499,3.532683920,0.120161371,0.599604302,0.026504817
7.932000,0.673109301,-0.174073631,3.537790487,0.119047765,0.603782498,0.026028900
7.933000,0.701114199,-0.171079590,3.543287081,0.117940580,0.607842789,0.025520485
7.934000,0.706405852,-0.165087525,3.559587621,0.116976998,0.610772859,0.024796750
7.935000,0.700533772,-0.158285399,3.572247485,0.116135078,0.613170409,0.023900252
7.936000,0.694661692,-0.151483273,3.584907348,0.115293157,0.615567959,0.023003753
7.937000,0.688789612,-0.144681147,3.597567211,0.114451236,0.617965508,0.022107254
7.938000,0.683063522,-0.138204371,3.609329155,0.113476513,0.620373325,0.021310489
7.939000,0.672674302,-0.132725728,3.603205429,0.111566899,0.622950264,0.021608304
7.940000,0.664182146,-0.130379709,3.589823763,0.109534306,0.625747562,0.022148591
7.941000,0.655689990,-0.128033689,3.576442096,0.107501712,0.628544860,0.022688878
7.942000,0.646982289,-0.124463309,3.564422287,0.105448475,0.631287970,0.023243787
7.943000,0.638482593,-0.118068999,3.556137545,0.103354058,0.633909511,0.023807690
7.944000,0.654425304,-0.114326471,3.568205036,0.101663880,0.636899181,0.023424980
7.945000,0.687814486,-0.116287298,3.591486171,0.100299814,0.640433700,0.022253052
7.946000,0.725734488,-0.118933171,3.617143544,0.098884795,0.644229490,0.020979151
7.947000,0.763654490,-0.121579043,3.642800917,0.097469776,0.648025280,0.019705249
7.948000,0.796532816,-0.124382597,3.667307654,0.096153298,0.651581342,0.018577732
7.949000,0.784159011,-0.132484181,3.677144840,0.095867476,0.653152448,0.018759094
7.950000,0.753761567,-0.141172543,3.679483664,0.095857009,0.653762629,0.019408695
7.951000,0.723369564,-0.149284240,3.681888249,0.095824819,0.654354471,0.020084958
7.952000,0.692977561,-0.157395937,3.684292834,0.095792629,0.654946312,0.020761221
7.953000,0.664405878,-0.166745252,3.685516330,0.095742070,0.655575506,0.021375571
7.954000,0.667687300,-0.166814343,3.697595339,0.094005721,0.656647990,0.021447298
7.955000,0.688171252,-0.156165089,3.717381702,0.091363068,0.658059173,0.021430074
7.956000,0.708655204,-0.145515836,3.737168065,0.088720416,0.659470356,0.021412851
7.957000,0.729139156,-0.134866582,3.756954428,0.086077764,0.660881539,0.021395628
7.958000,0.749103536,-0.124380363,3.776225023,0.083459611,0.662292576,0.021374057
7.959000,0.756771023,-0.110795297,3.781351517,0.081114698,0.663462282,0.021779389
7.960000,0.751618065,-0.094737034,3.780351978,0.079005213,0.664268832,0.022385074
7.961000,0.746465106,-0.078678771,3.779352439,0.076895728,0.665075382,0.022990759
7.962000,0.741312148,-0.062620508,3.778352899,0.074786243,0.665881932,0.023596444
7.963000,0.736955187,-0.049111309,3.778177774,0.072681174,0.666608718,0.024205554
7.964000,0.728818579,-0.064546427,3.782469316,0.071930224,0.666376126,0.023903834
7.965000,0.720011522,-0.086608097,3.786595483,0.071544808,0.665951952,0.023293238
7.966000,0.711204464,-0.108669766,3.790721650,0.071159391,0.665527779,0.022682642
7.967000,0.702397407,-0.130731436,3.794847817,0.070773975,0.665103606,0.022072046
7.968000,0.693124586,-0.152161450,3.799457786,0.070363487,0.664670193,0.021482483
7.969000,0.685928155,-0.157203197,3.808308289,0.070042792,0.664301798,0.021601105
7.970000,0.683524475,-0.151066609,3.818040240,0.069723418,0.664215143,0.022250658
7.971000,0.681120796,-0.144930021,3.827772190,0.069404045,0.664128488,0.022900212
7.972000,0.678717116,-0.138793433,3.837504140,0.069084672,0.664041833,0.023549765
7.973000,0.674901122,-0.133124316,3.847036225,0.068644842,0.663894232,0.024169754
7.974000,0.671227716,-0.121684918,3.841041482,0.065462031,0.663860924,0.024567881
7.975000,0.668788893,-0.101779706,3.822457241,0.060799356,0.663902633,0.024737790
7.976000,0.666350070,-0.081874495,3.803873000,0.056136681,0.663944343,0.024907699
7.977000,0.663911247,-0.061969283,3.785288758,0.051474006,0.663986052,0.025077608
7.978000,0.662203046,-0.043981586,3.768365644,0.047083953,0.664026627,0.025234004
7.979000,0.657602436,-0.046269114,3.770838419,0.045909149,0.663794340,0.025598218
7.980000,0.651517606,-0.059377357,3.780162018,0.046296281,0.663480700,0.026268772
7.981000,0.645432776,-0.072485601,3.789485617,0.046683412,0.663167060,0.026939325
7.982000,0.639347946,-0.085593844,3.798809216,0.047070543,0.662853420,0.027609879
7.983000,0.633581517,-0.098571745,3.808164344,0.047453339,0.662548207,0.028263261
7.984000,0.632864627,-0.099352591,3.799731517,0.047833068,0.662395700,0.028164525
7.985000,0.638366382,-0.088900263,3.785727076,0.048181617,0.662377569,0.026982029
7.986000,0.643868136,-0.078447935,3.771722635,0.048530167,0.662359439,0.025799534
7.987000,0.649369890,-0.067995606,3.757718194,0.048878716,0.662341309,0.024617038
7.988000,0.654811894,-0.057776665,3.743609546,0.049218336,0.662353573,0.023526646
7.989000,0.657874425,-0.055408592,3.756944381,0.048561967,0.662444660,0.024062722
7.990000,0.660329977,-0.059902795,3.781588371,0.046872884,0.662658133,0.025460212
7.991000,0.662785530,-0.064396997,3.806232360,0.045183802,0.662871606,0.026857702
7.992000,0.665241082,-0.068891199,3.830876350,0.043494719,0.663085079,0.028255191
7.993000,0.668028147,-0.072948661,3.855531601,0.041821824,0.663284992,0.029661814
7.994000,0.671321760,-0.069498286,3.864695745,0.040694687,0.663669580,0.031286164
7.995000,0.672016355,-0.056575452,3.872475717,0.039585984,0.664237828,0.032781610
7.996000,0.672710951,-0.043652617,3.880255689,0.038477280,0.664806076,0.034277056
7.997000,0.673405546,-0.030729783,3.888035661,0.037368577,0.665374324,0.035772502
7.998000,0.673476223,-0.018069021,3.893600709,0.036318767,0.665947797,0.037259942
7.999000,0.659574041,-0.028805931,3.887667796,0.037437150,0.666424119,0.038052656
8.000000,0.639859640,-0.049496412,3.877758618,0.039594571,0.666729602,0.038335147
8.001000,0.620145239,-0.070186893,3.867849440,0.041751991,0.667035086,0.038617637
8.002000,0.600430838,-0.090877374,3.857940262,0.043909411,0.667340569,0.038900128
8.003000,0.581085686,-0.110457446,3.849520515,0.045928041,0.667609100,0.039145094
8.004000,0.579096845,-0.100639330,3.873026335,0.044294669,0.668019246,0.039717304
8.005000,0.588362571,-0.078368655,3.916487302,0.040846264,0.668571835,0.041164247
8.006000,0.598217968,-0.055384095,3.960667563,0.037346008,0.669121201,0.042675567
8.007000,0.608073365,-0.032399535,4.004847824,0.033845753,0.669670567,0.044186886
8.008000,0.616921558,-0.010426634,4.048871386,0.030390415,0.670201617,0.045663589
8.009000,0.613463356,-0.008043472,4.060604835,0.028434387,0.671704589,0.046982306
8.010000,0.604669646,-0.017995638,4.048400030,0.027537890,0.673663461,0.046705922
8.011000,0.595875936,-0.027947804,4.036195225,0.026641393,0.675622333,0.046429537
8.012000,0.587082226,-0.037899970,4.023990421,0.025744896,0.677581205,0.046153153
8.013000,0.579482920,-0.046432697,4.014904731,0.024819847,0.679562243,0.045876328
8.014000,0.585768786,-0.048897700,4.033585342,0.023957215,0.681336294,0.045663528
8.015000,0.590334002,-0.061709873,4.070031950,0.023906720,0.682869466,0.045969729
8.016000,0.594899217,-0.074522047,4.106478557,0.023856224,0.684402638,0.046275929
8.017000,0.599464433,-0.087334220,4.142925165,0.023805729,0.685935810,0.046582130
8.018000,0.606228530,-0.099154730,4.175388254,0.023732275,0.687798310,0.046914226
8.019000,0.609457339,-0.116427213,4.179313668,0.023604597,0.690859756,0.046253749
8.020000,0.608360990,-0.124151933,4.175059740,0.021915028,0.693691371,0.043656097
8.021000,0.607264641,-0.131876654,4.170805812,0.020225459,0.696522985,0.041058444
8.022000,0.606168291,-0.139601375,4.166551883,0.018535890,0.699354600,0.038460792
8.023000,0.603446937,-0.144362032,4.162521674,0.016675987,0.702062514,0.035690096
8.024000,0.598447068,-0.129270676,4.149493366,0.014284015,0.704485079,0.033675466
8.025000,0.603752782,-0.110057531,4.120163695,0.012750566,0.707349438,0.033353980
8.026000,0.609058496,-0.090844386,4.090834025,0.011217117,0.710213797,0.033032495
8.027000,0.614364209,-0.071631241,4.061504354,0.009683669,0.713078155,0.032711009
8.028000,0.619937714,-0.055054207,4.035020064,0.008281752,0.715861470,0.032377082
8.029000,0.637261958,-0.061958186,4.040512588,0.007976295,0.717424018,0.032508227
8.030000,0.652594486,-0.072637182,4.058236476,0.007706479,0.718513237,0.032507885
8.031000,0.667927014,-0.083316178,4.075960364,0.007436662,0.719602457,0.032507542
8.032000,0.683259541,-0.093995173,4.093684253,0.007166845,0.720691676,0.032507200
8.033000,0.697602519,-0.103682410,4.109739267,0.006913704,0.721686945,0.032475759
8.034000,0.691770842,-0.106508838,4.082116280,0.007638676,0.722076149,0.032223108
8.035000,0.688576513,-0.117802049,4.031422582,0.009551283,0.722695729,0.032889662
8.036000,0.685382183,-0.129095260,3.980728884,0.011463889,0.723315309,0.033556217
8.037000,0.682187854,-0.140388470,3.930035187,0.013376496,0.723934889,0.034222771
8.038000,0.675845203,-0.151884108,3.882139539,0.014568519,0.724315958,0.035049881
8.039000,0.663309859,-0.126839883,3.852824148,0.010537940,0.722791549,0.035712227
8.040000,0.647323265,-0.077895147,3.832140421,0.004691848,0.720728750,0.035612380
8.041000,0.631336672,-0.028950410,3.811456695,-0.001154244,0.718665951,0.035512533
8.042000,0.615350079,0.019994326,3.790772968,-0.007000336,0.716603152,0.035412687
8.043000,0.600009974,0.065721363,3.770026163,-0.012510471,0.714491131,0.035187005
8.044000,0.598787257,0.058703373,3.746998213,-0.012937662,0.712160776,0.034354813
8.045000,0.600198781,0.030100092,3.719778800,-0.011118124,0.709447519,0.033399299
8.046000,0.601610306,0.001496811,3.692559388,-0.009298586,0.706734262,0.032443786
8.047000,0.603021831,-0.027106471,3.665339975,-0.007479047,0.704021004,0.031488273
8.048000,0.603803769,-0.054066398,3.637916505,-0.005725068,0.701206201,0.030461711
8.049000,0.582610749,-0.056032416,3.615699079,-0.004713867,0.696286689,0.029313479
8.050000,0.558578657,-0.049145877,3.594578298,-0.003907576,0.690778148,0.028092355
8.051000,0.534546565,-0.042259339,3.573457517,-0.003101286,0.685269608,0.026871231
8.052000,0.510514473,-0.035372801,3.552336736,-0.002294995,0.679761067,0.025650107
8.053000,0.489369266,-0.028000113,3.531260949,-0.001761208,0.674354069,0.024537123
8.054000,0.493256212,-0.021341904,3.512494103,-0.004395419,0.670063984,0.024164391
8.055000,0.497160599,-0.014408181,3.497548461,-0.008173756,0.665754602,0.024056301
8.056000,0.501064987,-0.007474459,3.482602819,-0.011952093,0.661445220,0.023948211
8.057000,0.504969374,-0.000540736,3.467657177,-0.015730430,0.657135839,0.023840120
8.058000,0.507882974,0.006190955,3.452690263,-0.019455732,0.652770488,0.023800531
8.059000,0.506941533,0.016073704,3.428272283,-0.021600188,0.647953993,0.024440500
8.060000,0.513602408,0.027854115,3.399124455,-0.023075967,0.643386649,0.025171982
8.061000,0.520263284,0.039634527,3.369976627,-0.024551746,0.638819305,0.025903465
8.062000,0.526924159,0.051414939,3.340828799,-0.026027525,0.634251962,0.026634948
8.063000,0.532162675,0.061143968,3.310396269,-0.027255886,0.629679551,0.027276433
8.064000,0.512618247,0.053012207,3.274513887,-0.026248049,0.624591834,0.027821694
8.065000,0.475718786,0.040568370,3.238300746,-0.024640304,0.618896370,0.028480050
8.066000,0.438819324,0.028124534,3.202087606,-0.023032559,0.613200907,0.029138406
8.067000,0.401919863,0.015680698,3.165874465,-0.021424814,0.607505443,0.029796762
8.068000,0.367072346,0.004883786,3.131589599,-0.019960798,0.601916534,0.030560161
8.069000,0.374410633,0.010528356,3.117780274,-0.020748851,0.598485872,0.031961525
8.070000,0.402353358,0.016560472,3.106875237,-0.022114583,0.596097998,0.033463191
8.071000,0.430296083,0.022592588,3.095970200,-0.023480314,0.593710124,0.034964857
8.072000,0.458238807,0.028624704,3.085065163,-0.024846046,0.591322251,0.036466523
8.073000,0.485613497,0.034653269,3.074004787,-0.026207856,0.588884440,0.037995067
8.074000,0.480530412,0.043794836,3.049798381,-0.027797792,0.585477545,0.040299844
8.075000,0.459425564,0.050641485,3.026163405,-0.029175888,0.581523059,0.042800219
8.076000,0.438320716,0.057488135,3.002528429,-0.030553984,0.577568572,0.045300595
8.077000,0.417215868,0.064334784,2.978893453,-0.031932080,0.573614085,0.047800970
8.078000,0.396155460,0.071066188,2.955426950,-0.033282835,0.569679988,0.050312124
8.079000,0.399991863,0.069049045,2.939754887,-0.033362978,0.566726242,0.054769318
8.080000,0.418749005,0.065366633,2.923088186,-0.033067596,0.564368032,0.060503107
8.081000,0.437506146,0.061684221,2.906421485,-0.032772214,0.562009823,0.066236896
8.082000,0.456263288,0.058001808,2.889754784,-0.032476831,0.559651613,0.071970684
8.083000,0.474580317,0.053818901,2.870718899,-0.032102659,0.557342484,0.077649771
8.084000,0.471741249,0.040620977,2.851951724,-0.030781291,0.554574583,0.082143608
8.085000,0.453565541,0.024155850,2.843502380,-0.029041352,0.551154089,0.085807354
8.086000,0.435389834,0.007690722,2.835053036,-0.027301413,0.547733596,0.089471101
8.087000,0.417214127,-0.008774405,2.826603692,-0.025561474,0.544313102,0.093134847
8.088000,0.400024434,-0.025849516,2.817499908,-0.023933352,0.540886845,0.096796591
8.089000,0.395879171,-0.037757193,2.799399821,-0.025753220,0.537237819,0.099978278
8.090000,0.399776313,-0.042588942,2.775543209,-0.029865903,0.533554010,0.102877060
8.091000,0.403673456,-0.047420690,2.751686597,-0.033978587,0.529870200,0.105775843
8.092000,0.407570598,-0.052252439,2.727829985,-0.038091270,0.526186391,0.108674625
8.093000,0.410884850,-0.056623677,2.704699610,-0.042026669,0.522426774,0.111565159
8.094000,0.397692252,-0.058960646,2.680092241,-0.043268085,0.517645301,0.114743128
8.095000,0.376127779,-0.067570780,2.653677091,-0.042960878,0.512503844,0.118204022
8.096000,0.354563307,-0.076180914,2.627261941,-0.042653672,0.507362387,0.121664916
8.097000,0.332998834,-0.084791048,2.600846791,-0.042346466,0.502220929,0.125125810
8.098000,0.311308910,-0.094693790,2.573671108,-0.041954028,0.497079230,0.128445310
8.099000,0.310744568,-0.128911834,2.545629993,-0.041182345,0.492662881,0.129932825
8.100000,0.326794401,-0.168235499,2.517621881,-0.040819559,0.488556010,0.130711411
8.101000,0.342844235,-0.207559164,2.489613770,-0.040456773,0.484449138,0.131489998
8.102000,0.358894069,-0.246882830,2.461605658,-0.040093987,0.480342267,0.132268584
8.103000,0.371355476,-0.279658321,2.427585677,-0.040056912,0.475933141,0.133052820
8.104000,0.383738600,-0.263773889,2.396039057,-0.041657150,0.469707967,0.134307402
8.105000,0.381848796,-0.229714827,2.367230188,-0.043789034,0.462018947,0.136273399
8.106000,0.379958991,-0.195655765,2.338421319,-0.045920918,0.454329927,0.138239397
8.107000,0.377208937,-0.162246494,2.309516526,-0.048047072,0.446585897,0.140222909
8.108000,0.360484523,-0.137421888,2.279136557,-0.050102939,0.438052919,0.142394473
8.109000,0.279525632,-0.138177350,2.215757299,-0.052064456,0.426850790,0.145474290
8.110000,0.182780742,-0.148432031,2.131461783,-0.053839648,0.415543231,0.148860603
8.111000,0.086035852,-0.158686712,2.047166267,-0.055614841,0.404235671,0.152246916
8.112000,-0.010772239,-0.168432864,1.963085091,-0.057401904,0.392956922,0.155613453
8.113000,-0.093000612,-0.171443564,1.882961578,-0.059228502,0.382275813,0.158598895
8.114000,-0.037274068,-0.189883867,1.831206978,-0.059051611,0.376496912,0.160417433
8.115000,0.046009930,-0.213279843,1.786095858,-0.058418052,0.371682233,0.162035148
8.116000,0.129293928,-0.236675819,1.740984738,-0.057784494,0.366867555,0.163652864
8.117000,0.212577927,-0.260071795,1.695873618,-0.057150935,0.362052876,0.165270579
8.118000,0.285371422,-0.281115201,1.651068149,-0.056558606,0.356789328,0.166796578
8.119000,0.283654291,-0.270295978,1.600737337,-0.056214451,0.347424182,0.167457284
8.120000,0.252832883,-0.243107497,1.549678342,-0.056173795,0.336546615,0.168051823
8.121000,0.222011476,-0.215919017,1.498619347,-0.056133139,0.325669047,0.168646362
8.122000,0.191190068,-0.188730537,1.447560352,-0.056092483,0.314791480,0.169240901
8.123000,0.163171271,-0.165501376,1.399080844,-0.056059315,0.304032921,0.169755759
8.124000,0.128693730,-0.163363881,1.347918629,-0.057056396,0.292534906,0.169675360
8.125000,0.090802153,-0.165720391,1.290059065,-0.058385478,0.280897962,0.169644493
8.126000,0.052910577,-0.168076901,1.232199501,-0.059714561,0.269261018,0.169613626
8.127000,0.015019000,-0.170433412,1.174339936,-0.061043644,0.257624074,0.169582758
8.128000,-0.022408167,-0.172496493,1.116696746,-0.062308504,0.246032968,0.169578912
8.129000,-0.035903450,-0.165188833,1.071848028,-0.061810612,0.235692414,0.169952814
8.130000,-0.034922294,-0.149597627,1.033178646,-0.060715050,0.225948817,0.170307492
8.131000,-0.033941138,-0.134006420,0.994509264,-0.059619489,0.216205220,0.170662169
8.132000,-0.032959981,-0.118415213,0.955839882,-0.058523927,0.206461623,0.171016846
8.133000,-0.029933609,-0.103271820,0.917195356,-0.057496480,0.196884994,0.171101407
8.134000,0.000172532,-0.090722593,0.896892387,-0.057556518,0.189913587,0.167819909
8.135000,0.040082252,-0.085049505,0.886239780,-0.058008381,0.183953929,0.162862018
8.136000,0.079991973,-0.079376417,0.875587173,-0.058460243,0.177994272,0.157904126
8.137000,0.119901693,-0.073703329,0.864934565,-0.058912105,0.172034614,0.152946234
8.138000,0.154898290,-0.070374087,0.853383367,-0.059334066,0.165766226,0.147578606
8.139000,0.133421507,-0.074394038,0.818928902,-0.060389292,0.156406538,0.137354146
8.140000,0.085709896,-0.079209782,0.780682340,-0.061613810,0.145808330,0.125504404
8.141000,0.037998285,-0.084025527,0.742435778,-0.062838328,0.135210122,0.113654662
8.142000,-0.009160382,-0.088958905,0.705480675,-0.064067329,0.124762322,0.101822949
8.143000,-0.056329326,-0.089437389,0.675059224,-0.065436476,0.114840046,0.090051479
8.144000,-0.085351241,-0.064441010,0.646183094,-0.067550230,0.106421120,0.077964046
8.145000,-0.068909777,-0.031651488,0.612368231,-0.070444181,0.101027152,0.065456700
8.146000,-0.032524035,0.009364385,0.569846135,-0.074105107,0.096561472,0.052417750
8.147000,0.003861707,0.050380258,0.527324039,-0.077766033,0.092095792,0.039378799
8.148000,0.037703543,0.085684118,0.484793103,-0.081169576,0.087579027,0.026205851
8.149000,0.040248914,0.073553620,0.453582122,-0.083040626,0.082161320,0.011412669
8.150000,0.039085164,0.055363654,0.423898134,-0.084640635,0.076075590,-0.003711837
8.151000,0.037921413,0.037173687,0.394214145,-0.086240644,0.069989861,-0.018836343
8.152000,0.036757662,0.018983721,0.364530157,-0.087840654,0.063904132,-0.033960849
8.153000,0.033190850,0.003428728,0.335711250,-0.089495358,0.057821685,-0.049114909
8.154000,0.013166952,0.019714680,0.309157686,-0.091754816,0.050503820,-0.063938356
8.155000,-0.010579406,0.044175875,0.283480013,-0.094139527,0.042869171,-0.078254141
8.156000,-0.034325763,0.068637071,0.257802339,-0.096524237,0.035234521,-0.092569926
8.157000,-0.058072120,0.093098267,0.232124665,-0.098908947,0.027599872,-0.106885712
8.158000,-0.077824837,0.118372424,0.204720217,-0.101504273,0.020076256,-0.121028025
8.159000,-0.048375000,0.157987073,0.167054539,-0.106478539,0.014889113,-0.132277459
8.160000,-0.001075434,0.197232907,0.121680552,-0.111750854,0.010526775,-0.142889276
8.161000,0.046224132,0.236478740,0.076306566,-0.117023168,0.006164437,-0.153501092
8.162000,0.093523698,0.275724574,0.030932579,-0.122295483,0.001802100,-0.164112909
8.163000,0.137352475,0.312738930,-0.015861582,-0.127103650,-0.002556460,-0.174644719
8.164000,0.138213193,0.316836488,-0.078644918,-0.125588012,-0.007154398,-0.184090162
8.165000,0.113386425,0.315516900,-0.145432236,-0.122045121,-0.012087521,-0.193482115
8.166000,0.088559657,0.314197311,-0.212219554,-0.118502230,-0.017020644,-0.202874068
8.167000,0.063732890,0.312877723,-0.279006872,-0.114959338,-0.021953766,-0.212266020
8.168000,0.039068756,0.308280813,-0.339503740,-0.111692931,-0.026966466,-0.221065113
8.169000,0.018107822,0.290630287,-0.352758115,-0.111501085,-0.032760424,-0.225350905
8.170000,0.000650876,0.260820280,-0.348900804,-0.111778551,-0.038769967,-0.228160521
8.171000,-0.016806070,0.231010273,-0.345043492,-0.112056017,-0.044779511,-0.230970138
8.172000,-0.034263015,0.201200267,-0.341186180,-0.112333483,-0.050789054,-0.233779754
8.173000,-0.046196480,0.176091460,-0.340599997,-0.112910259,-0.056562443,-0.236196742
8.174000,-0.014410686,0.234039631,-0.368114566,-0.118095422,-0.059964077,-0.233458691
8.175000,0.027487794,0.315258091,-0.408049734,-0.124201617,-0.062747874,-0.229434995
8.176000,0.069386274,0.396476552,-0.447984901,-0.130307811,-0.065531671,-0.225411298
8.177000,0.111284753,0.477695013,-0.487920068,-0.136414005,-0.068315468,-0.221387601
8.178000,0.150735070,0.553979476,-0.530525450,-0.142065974,-0.071082880,-0.217342263
8.179000,0.154888931,0.548475404,-0.585724799,-0.139959545,-0.073389690,-0.212845393
8.180000,0.142068841,0.496094301,-0.639790117,-0.133695915,-0.075430101,-0.207707158
8.181000,0.129248750,0.443713199,-0.693855435,-0.127432285,-0.077470512,-0.202568922
8.182000,0.116428660,0.391332096,-0.747920754,-0.121168656,-0.079510923,-0.197430687
8.183000,0.102923060,0.339165299,-0.795427012,-0.114982857,-0.081685288,-0.192289305
8.184000,0.083487820,0.297042849,-0.795009395,-0.110332432,-0.084648779,-0.185460750
8.185000,0.059977777,0.255661306,-0.784658050,-0.106372149,-0.088169005,-0.178231033
8.186000,0.036467735,0.214279764,-0.774306705,-0.102411866,-0.091689232,-0.171001315
8.187000,0.012957693,0.172898221,-0.763955360,-0.098451583,-0.095209458,-0.163771598
8.188000,-0.007324416,0.135025650,-0.753643131,-0.094925352,-0.098524978,-0.156429182
8.189000,0.020772594,0.173082781,-0.753317335,-0.099332279,-0.099173473,-0.147986906
8.190000,0.071834524,0.226727301,-0.761036838,-0.105617840,-0.098671967,-0.139541735
8.191000,0.122896454,0.280371821,-0.768756341,-0.111903400,-0.098170460,-0.131096564
8.192000,0.173958384,0.334016341,-0.776475844,-0.118188961,-0.097668954,-0.122651393
8.193000,0.219153000,0.382217729,-0.788366792,-0.123999412,-0.097278774,-0.114389242
8.194000,0.211843362,0.365231300,-0.819662862,-0.125254711,-0.098119151,-0.108075545
8.195000,0.179172387,0.330341542,-0.853453557,-0.125008590,-0.099655320,-0.102112891
8.196000,0.146501411,0.295451784,-0.887244251,-0.124762470,-0.101191489,-0.096150238
8.197000,0.113830435,0.260562027,-0.921034946,-0.124516349,-0.102727658,-0.090187585
8.198000,0.082231473,0.224117682,-0.953234747,-0.124020123,-0.104264640,-0.084095871
8.199000,0.051960113,0.187791207,-0.981965256,-0.121045261,-0.106150691,-0.076831878
8.200000,0.024837505,0.154349765,-1.006106479,-0.116935107,-0.108431035,-0.068908635
8.201000,-0.002285102,0.120908322,-1.030247702,-0.112824952,-0.110711379,-0.060985392
8.202000,-0.029407710,0.087466880,-1.054388926,-0.108714797,-0.112991722,-0.053062149
8.203000,-0.051752094,0.054136226,-1.077509926,-0.104910963,-0.115074798,-0.045076399
8.204000,-0.027221434,0.046690152,-1.094192921,-0.105874635,-0.115445392,-0.036120656
8.205000,0.016437138,0.053711093,-1.111129887,-0.108811417,-0.115204177,-0.026699888
8.206000,0.060095711,0.060732034,-1.128066852,-0.111748200,-0.114962962,-0.017279120
8.207000,0.103754283,0.067752974,-1.145003818,-0.114684982,-0.114721747,-0.007858352
8.208000,0.142901490,0.075463606,-1.162296459,-0.117367869,-0.114626244,0.001466258
8.209000,0.128548034,0.074310773,-1.184133588,-0.116584748,-0.116030303,0.009421712
8.210000,0.090152217,0.065612946,-1.217562623,-0.114269530,-0.117828187,0.016708640
8.211000,0.051756399,0.056915118,-1.250991657,-0.111954311,-0.119626071,0.023995568
8.212000,0.013360581,0.048217291,-1.284420692,-0.109639092,-0.121423955,0.031282496
8.213000,-0.024015629,0.035209051,-1.318803872,-0.106810332,-0.123087114,0.038384071
8.214000,-0.034485698,-0.005889673,-1.353259078,-0.099506637,-0.122928387,0.043152825
8.215000,-0.035651297,-0.044136987,-1.386539247,-0.091684079,-0.122404929,0.047148928
8.216000,-0.036816896,-0.082384301,-1.419819415,-0.083861520,-0.121881470,0.051145031
8.217000,-0.037982495,-0.120631615,-1.453099584,-0.076038961,-0.121358012,0.055141133
8.218000,-0.039030343,-0.156837524,-1.485137195,-0.068488195,-0.120779721,0.059079786
8.219000,-0.024354930,-0.160477338,-1.479980056,-0.065405912,-0.119149983,0.062139996
8.220000,-0.004238333,-0.157608322,-1.463370705,-0.063407684,-0.117057599,0.064775064
8.221000,0.015878265,-0.154739306,-1.446761354,-0.061409455,-0.114965215,0.067410133
8.222000,0.035994863,-0.151870289,-1.430152003,-0.059411227,-0.112872831,0.070045201
8.223000,0.056781876,-0.149723055,-1.412786930,-0.057361572,-0.110716397,0.072657980
8.224000,0.050819256,-0.156222477,-1.409055352,-0.055005142,-0.109027115,0.074116091
8.225000,0.026507477,-0.153031179,-1.409456336,-0.053608756,-0.107656129,0.075347883
8.226000,0.002195698,-0.149839882,-1.409857319,-0.052212370,-0.106285143,0.076579675
8.227000,-0.022116080,-0.146648584,-1.410258303,-0.050815984,-0.104914157,0.077811467
8.228000,-0.046114780,-0.145172062,-1.411518168,-0.049285053,-0.103549075,0.078988020
8.229000,-0.049685484,-0.168914680,-1.424525134,-0.044511565,-0.101550123,0.079257520
8.230000,-0.036296783,-0.195971043,-1.440641476,-0.038789479,-0.098651421,0.078457448
8.231000,-0.022908083,-0.223027407,-1.456757818,-0.033067393,-0.095752720,0.077657377
8.232000,-0.009519383,-0.250083771,-1.472874160,-0.027345307,-0.092854018,0.076857305
8.233000,0.003298059,-0.275883900,-1.488551272,-0.021799738,-0.089985940,0.076181761
8.234000,0.006128702,-0.274463435,-1.487623797,-0.019782045,-0.088179097,0.078399149
8.235000,0.000884468,-0.262490757,-1.477232377,-0.018845574,-0.086650404,0.081129133
8.236000,-0.004359766,-0.250518078,-1.466840957,-0.017909103,-0.085121711,0.083859117
8.237000,-0.009604000,-0.238545400,-1.456449537,-0.016972632,-0.083593019,0.086589100
8.238000,-0.014223085,-0.228048513,-1.444562328,-0.016160039,-0.082092789,0.089165565
8.239000,-0.021996918,-0.229179554,-1.442283709,-0.016738525,-0.081034247,0.090976493
8.240000,-0.027933248,-0.234955425,-1.447327132,-0.017896250,-0.080281584,0.092988065
8.241000,-0.033869578,-0.240731296,-1.452370555,-0.019053975,-0.079528920,0.094999636
8.242000,-0.039805908,-0.246507167,-1.457413978,-0.020211700,-0.078776257,0.097011208
8.243000,-0.046404154,-0.251999980,-1.462779731,-0.021407803,-0.078052383,0.098965733
8.244000,-0.035678328,-0.241237375,-1.462121116,-0.024440363,-0.077231034,0.101629198
8.245000,-0.006754215,-0.224046439,-1.456956631,-0.028087298,-0.075897502,0.104281836
8.246000,0.022169897,-0.206855504,-1.451792147,-0.031734233,-0.074563970,0.106934475
8.247000,0.051094010,-0.189664568,-1.446627662,-0.035381168,-0.073230438,0.109587114
8.248000,0.079805943,-0.168908722,-1.438915258,-0.039319968,-0.071928099,0.112363395
8.249000,0.100670477,-0.152604279,-1.431694037,-0.044299783,-0.070256555,0.114512306
8.250000,0.108896847,-0.140659211,-1.429339665,-0.049581306,-0.068916521,0.116394547
8.251000,0.117123217,-0.128714143,-1.426985294,-0.054862829,-0.067576488,0.118276788
8.252000,0.125349586,-0.116769075,-1.424630923,-0.060144352,-0.066236454,0.120159029
8.253000,0.132437493,-0.106075034,-1.424819241,-0.065304031,-0.064919780,0.121901991
8.254000,0.108122467,-0.124637920,-1.436749064,-0.067504755,-0.065414209,0.121496358
8.255000,0.078799207,-0.153872642,-1.446622274,-0.068326288,-0.066316028,0.120400289
8.256000,0.049475946,-0.183107365,-1.456495484,-0.069147822,-0.067217846,0.119304219
8.257000,0.020152686,-0.212342087,-1.466368694,-0.069969356,-0.068119665,0.118208149
8.258000,-0.006664731,-0.237729094,-1.475923475,-0.070962917,-0.069008335,0.117122251
8.259000,-0.013501878,-0.224700809,-1.468723030,-0.073410634,-0.069836540,0.115080070
8.260000,-0.019016319,-0.201169756,-1.460369216,-0.076341346,-0.070777179,0.112668229
8.261000,-0.024530761,-0.177638703,-1.452015402,-0.079272057,-0.071717817,0.110256389
8.262000,-0.030045203,-0.154107650,-1.443661588,-0.082202769,-0.072658456,0.107844548
8.263000,-0.034018183,-0.129690394,-1.435016145,-0.085160054,-0.073557034,0.105396985
8.264000,-0.020858637,-0.111192206,-1.436668158,-0.087610798,-0.073498229,0.102014103
8.265000,-0.000472153,-0.096749211,-1.444799237,-0.089896029,-0.072990091,0.098242198
8.266000,0.019914331,-0.082306216,-1.452930317,-0.092181260,-0.072481953,0.094470292
8.267000,0.040300815,-0.067863220,-1.461061397,-0.094466491,-0.071973816,0.090698387
8.268000,0.059172473,-0.055118311,-1.470012502,-0.096591793,-0.071552898,0.086885522
8.269000,0.053625044,-0.060979724,-1.485368807,-0.096487076,-0.072709076,0.081145948
8.270000,0.021732320,-0.076997335,-1.499964586,-0.095222776,-0.075332755,0.074216779
8.271000,-0.010160403,-0.093014947,-1.514560366,-0.093958475,-0.077956434,0.067287609
8.272000,-0.042053127,-0.109032558,-1.529156146,-0.092694175,-0.080580112,0.060358440
8.273000,-0.072322346,-0.124630160,-1.544183328,-0.091331529,-0.083149052,0.053410261
8.274000,-0.082621980,-0.121987425,-1.556823460,-0.088964950,-0.085521253,0.046192120
8.275000,-0.082320766,-0.110473866,-1.562726756,-0.086187114,-0.087661504,0.038954464
8.276000,-0.082019551,-0.098960308,-1.568630051,-0.083409277,-0.089801756,0.031716808
8.277000,-0.081718337,-0.087446749,-1.574533347,-0.080631440,-0.091942007,0.024479151
8.278000,-0.081101095,-0.077680727,-1.581323822,-0.077979066,-0.094026994,0.017350944
8.279000,-0.063386134,-0.063355100,-1.584276640,-0.077575059,-0.095704449,0.009916313
8.280000,-0.041771725,-0.050252402,-1.588000385,-0.078053350,-0.097398762,0.002082741
8.281000,-0.020157316,-0.037149703,-1.591724129,-0.078531641,-0.099093075,-0.005750831
8.282000,0.001457094,-0.024047005,-1.595447873,-0.079009932,-0.100787388,-0.013584402
8.283000,0.022296211,-0.012970110,-1.600961870,-0.079326294,-0.102523346,-0.021426753
8.284000,0.021142778,-0.008279466,-1.624914032,-0.078954396,-0.105257348,-0.028601089
8.285000,0.001572075,-0.008875668,-1.653444535,-0.077855096,-0.108723626,-0.035525245
8.286000,-0.017998627,-0.009471870,-1.681975039,-0.076755796,-0.112189905,-0.042449401
8.287000,-0.037569329,-0.010068073,-1.710505543,-0.075656495,-0.115656183,-0.049373557
8.288000,-0.051699574,-0.006648825,-1.737586979,-0.074804375,-0.118889591,-0.056128810
8.289000,-0.034638283,0.003496601,-1.750511429,-0.074009527,-0.121109269,-0.061693446
8.290000,-0.008067800,0.007165429,-1.763494961,-0.072251672,-0.123051891,-0.066756562
8.291000,0.018502683,0.010834256,-1.776478493,-0.070493817,-0.124994512,-0.071819677
8.292000,0.045373126,0.014385731,-1.789513187,-0.068728881,-0.126924925,-0.076868133
8.293000,0.070032306,0.015394249,-1.804826546,-0.066931657,-0.128896879,-0.081604581
8.294000,0.071123088,0.016982357,-1.826243593,-0.065727987,-0.131674284,-0.084883971
8.295000,0.064713712,0.017359131,-1.851342224,-0.064568316,-0.134528947,-0.087673297
8.296000,0.058241576,0.017676874,-1.876488284,-0.063406168,-0.137383889,-0.090461216
8.297000,0.051769439,0.017994618,-1.901634344,-0.062244019,-0.140238831,-0.093249135
8.298000,0.044915881,0.017271189,-1.926815219,-0.060949826,-0.143108414,-0.095886151
8.299000,0.040377089,0.018352244,-1.952523922,-0.060566142,-0.145608666,-0.096573408
8.300000,0.037149862,0.018269630,-1.980031044,-0.060426852,-0.147827662,-0.096808813
8.301000,0.033922636,0.018187016,-2.007538167,-0.060287562,-0.150046659,-0.097044218
8.302000,0.030695409,0.018104402,-2.035045289,-0.060148272,-0.152265655,-0.097279623
8.303000,0.029194119,0.019129299,-2.061948486,-0.060125262,-0.154384935,-0.097440626
8.304000,0.039511165,0.028284312,-2.072576532,-0.061251678,-0.155576905,-0.095856737
8.305000,0.049303409,0.038089179,-2.080279391,-0.062449061,-0.156579870,-0.093716926
8.306000,0.059095653,0.047894047,-2.087982251,-0.063646443,-0.157582834,-0.091577115
8.307000,0.068887897,0.057698915,-2.095685110,-0.064843826,-0.158585799,-0.089437304
8.308000,0.076614849,0.063577290,-2.103151538,-0.065984222,-0.159615900,-0.087220771
8.309000,0.075660269,0.056037776,-2.115934489,-0.067275496,-0.160378343,-0.084210561
8.310000,0.078908212,0.056760491,-2.128489077,-0.069505801,-0.160748127,-0.080572571
8.311000,0.082156156,0.057483206,-2.141043665,-0.071736107,-0.161117911,-0.076934581
8.312000,0.085404099,0.058205921,-2.153598253,-0.073966412,-0.161487695,-0.073296591
8.313000,0.089921820,0.058514962,-2.166841346,-0.076115435,-0.161788975,-0.069641562
8.314000,0.089454889,0.048913344,-2.193193323,-0.077173231,-0.161875542,-0.065748933
8.315000,0.086202695,0.033978069,-2.223826855,-0.077744183,-0.161810173,-0.061758664
8.316000,0.082950500,0.019042794,-2.254460387,-0.078315135,-0.161744804,-0.057768396
8.317000,0.079698305,0.004107519,-2.285093919,-0.078886087,-0.161679435,-0.053778127
8.318000,0.079460700,-0.008378614,-2.314240454,-0.079541098,-0.161445657,-0.049736788
8.319000,0.092540167,-0.005873941,-2.333512198,-0.080382015,-0.160740205,-0.045520854
8.320000,0.115288075,0.003580108,-2.349570659,-0.081273427,-0.159530823,-0.041357034
8.321000,0.138035982,0.013034158,-2.365629120,-0.082164839,-0.158321440,-0.037193214
8.322000,0.160783890,0.022488207,-2.381687581,-0.083056251,-0.157112058,-0.033029394
8.323000,0.175805090,0.026189485,-2.395089163,-0.083652134,-0.156268216,-0.028953350
8.324000,0.167219511,0.005292058,-2.394850939,-0.083286488,-0.156776194,-0.025320482
8.325000,0.156128210,-0.023323175,-2.390112667,-0.082812094,-0.157562675,-0.021802688
8.326000,0.145036910,-0.051938408,-2.385374396,-0.082337700,-0.158349156,-0.018284893
8.327000,0.133945609,-0.080553640,-2.380636124,-0.081863306,-0.159135637,-0.014767099
8.328000,0.123674655,-0.107182215,-2.376267742,-0.081603840,-0.159867949,-0.011288847
8.329000,0.121228084,-0.095819741,-2.390290436,-0.085467270,-0.159892495,-0.008491428
8.330000,0.123674626,-0.069299882,-2.413128491,-0.090600804,-0.159397732,-0.005972939
8.331000,0.126121169,-0.042780023,-2.435966547,-0.095734337,-0.158902969,-0.003454450
8.332000,0.128567712,-0.016260164,-2.458804603,-0.100867871,-0.158408206,-0.000935961
8.333000,0.129444494,0.007245077,-2.480259904,-0.105720997,-0.158047633,0.001564856
8.334000,0.137402534,-0.004119441,-2.498617627,-0.107405161,-0.157901345,0.003005753
8.335000,0.149073568,-0.023639199,-2.519514523,-0.108327564,-0.157815959,0.004179752
8.336000,0.160744603,-0.043158956,-2.540411419,-0.109249967,-0.157730573,0.005353752
8.337000,0.172415637,-0.062678713,-2.561308315,-0.110172371,-0.157645186,0.006527751
8.338000,0.182854769,-0.083081670,-2.581157558,-0.110871864,-0.157707625,0.007675471
8.339000,0.178756463,-0.088468020,-2.590457534,-0.110931576,-0.159381223,0.008266609
8.340000,0.173605926,-0.086530055,-2.589242855,-0.110580152,-0.161624330,0.008634139
8.341000,0.168380685,-0.084566787,-2.587960349,-0.110213561,-0.163877801,0.008994940
8.342000,0.163155444,-0.082603519,-2.586677843,-0.109846970,-0.166131272,0.009355740
8.343000,0.156294580,-0.081916030,-2.584633358,-0.109463039,-0.168478823,0.009617436
8.344000,0.146088489,-0.097142657,-2.583872617,-0.108774626,-0.171427486,0.009341767
8.345000,0.136928755,-0.120016736,-2.586886293,-0.108231488,-0.174812237,0.008605276
8.346000,0.132996057,-0.140664854,-2.589147703,-0.108481020,-0.178288651,0.007705677
8.347000,0.129356537,-0.161142309,-2.591297436,-0.108777663,-0.181762151,0.006806752
8.348000,0.125496339,-0.179675992,-2.594175663,-0.109287346,-0.185197002,0.006043253
8.349000,0.138446679,-0.172248637,-2.601898466,-0.111567303,-0.188094618,0.005407684
8.350000,0.165963844,-0.152217721,-2.612177439,-0.114698983,-0.190381477,0.004753767
8.351000,0.194369673,-0.130968355,-2.622870374,-0.117950687,-0.192609728,0.004087304
8.352000,0.222775503,-0.109718989,-2.633563309,-0.121202391,-0.194837979,0.003420840
8.353000,0.248273801,-0.090880676,-2.644355906,-0.124141125,-0.197249151,0.002609081
8.354000,0.244036802,-0.097174642,-2.663634286,-0.124399236,-0.201423433,0.001336710
8.355000,0.225637813,-0.112050941,-2.688266500,-0.123799848,-0.206401904,-0.000142442
8.356000,0.207238824,-0.126927239,-2.712898714,-0.123200459,-0.211380375,-0.001621594
8.357000,0.188839835,-0.141803538,-2.737530927,-0.122601071,-0.216358845,-0.003100746
8.358000,0.177520984,-0.154434961,-2.760693547,-0.121477089,-0.221058849,-0.004475956
8.359000,0.192697099,-0.163948383,-2.772780799,-0.117031716,-0.224742341,-0.005599738
8.360000,0.213333412,-0.173420422,-2.779290706,-0.112070005,-0.228202223,-0.006648399
8.361000,0.233975259,-0.182905508,-2.785774675,-0.107107278,-0.231662470,-0.007696874
8.362000,0.254617105,-0.192390595,-2.792258644,-0.102144550,-0.235122716,-0.008745350
8.363000,0.273457153,-0.201672434,-2.797627836,-0.097587671,-0.238707597,-0.009743049
8.364000,0.276680946,-0.196965055,-2.798085491,-0.098480360,-0.243104674,-0.010167149
8.365000,0.267707252,-0.184674096,-2.795140749,-0.101470074,-0.248375608,-0.010166069
8.366000,0.258733558,-0.172383137,-2.792196007,-0.104459788,-0.253646542,-0.010164988
8.367000,0.249759864,-0.160092178,-2.789251265,-0.107449501,-0.258917476,-0.010163907
8.368000,0.242099066,-0.147119774,-2.788682439,-0.110401724,-0.264008978,-0.010177458
8.369000,0.245533827,-0.140749886,-2.800630381,-0.112081123,-0.267693184,-0.010538977
8.370000,0.251960416,-0.138847192,-2.812384341,-0.113217393,-0.270777803,-0.011034677
8.371000,0.258387005,-0.136944499,-2.824138302,-0.114353663,-0.273862423,-0.011530378
8.372000,0.264813593,-0.135041805,-2.835892262,-0.115489933,-0.276947042,-0.012026079
8.373000,0.270860960,-0.133824668,-2.848663375,-0.116403787,-0.279993539,-0.012546518
8.374000,0.268111072,-0.141185295,-2.870078474,-0.115419775,-0.283308263,-0.012808399
8.375000,0.262669549,-0.163340397,-2.897523148,-0.112832323,-0.286843854,-0.013136562
8.376000,0.257228026,-0.185495500,-2.924967823,-0.110244871,-0.290379446,-0.013464725
8.377000,0.251786503,-0.207650602,-2.952412498,-0.107657419,-0.293915037,-0.013792887
8.378000,0.248619216,-0.227172598,-2.978136641,-0.105492150,-0.297403716,-0.014120152
8.379000,0.261970718,-0.210945917,-2.991522863,-0.108164876,-0.300758976,-0.013911803
8.380000,0.278271107,-0.167492513,-3.000691987,-0.113294294,-0.304028163,-0.013586517
8.381000,0.294571495,-0.124039108,-3.009861111,-0.118423712,-0.307297350,-0.013261231
8.382000,0.310871884,-0.080585703,-3.019030236,-0.123553131,-0.310566537,-0.012935945
8.383000,0.327902640,-0.040360710,-3.028548087,-0.128570376,-0.313851275,-0.012746292
8.384000,0.341623893,-0.035348854,-3.025953627,-0.132406792,-0.317397350,-0.014161151
8.385000,0.351570717,-0.044270759,-3.022415907,-0.135734714,-0.321003590,-0.016155962
8.386000,0.361517541,-0.053192664,-3.018878187,-0.139062635,-0.324609831,-0.018150773
8.387000,0.371464365,-0.062114569,-3.015340467,-0.142390557,-0.328216071,-0.020145584
8.388000,0.378380394,-0.072812205,-3.013954864,-0.145437699,-0.331933506,-0.022205426
8.389000,0.362121813,-0.080804737,-3.050597476,-0.146170417,-0.336270057,-0.024180783
8.390000,0.339986846,-0.091552504,-3.096406849,-0.145895705,-0.340773383,-0.026209427
8.391000,0.317851880,-0.102300270,-3.142216222,-0.145620994,-0.345276708,-0.028238070
8.392000,0.295716913,-0.113048037,-3.188025595,-0.145346283,-0.349780034,-0.030266714
8.393000,0.276032271,-0.121104991,-3.230573344,-0.145403254,-0.354299627,-0.032069463
8.394000,0.275094541,-0.133846878,-3.245930112,-0.146492354,-0.359350119,-0.032999005
8.395000,0.282073840,-0.154161963,-3.246425558,-0.147762764,-0.364549274,-0.033404562
8.396000,0.289068556,-0.174483589,-3.246906330,-0.149033386,-0.369747986,-0.033810079
8.397000,0.296063272,-0.194805214,-3.247387103,-0.150304008,-0.374946697,-0.034215595
8.398000,0.306083836,-0.210490130,-3.248306728,-0.152010059,-0.380004273,-0.034623828
8.399000,0.330794093,-0.171657387,-3.259812639,-0.158514167,-0.383993283,-0.034884982
8.400000,0.352484830,-0.113426117,-3.280529112,-0.166631571,-0.387670993,-0.035211697
8.401000,0.374175568,-0.055194847,-3.301245585,-0.174748975,-0.391348704,-0.035538412
8.402000,0.395866305,0.003036423,-3.321962058,-0.182866379,-0.395026415,-0.035865126
8.403000,0.413503733,0.058045861,-3.345020792,-0.190656776,-0.398788987,-0.036328888
8.404000,0.393585899,0.058532188,-3.390694335,-0.193132565,-0.403157246,-0.038481536
8.405000,0.366257517,0.039733371,-3.440690261,-0.193499593,-0.407825082,-0.041176991
8.406000,0.338894966,0.020836472,-3.490714557,-0.193852023,-0.412496418,-0.043875125
8.407000,0.311532415,0.001939574,-3.540738853,-0.194204453,-0.417167754,-0.046573259
8.408000,0.285288304,-0.016694322,-3.589744327,-0.194512748,-0.421847327,-0.049276319
8.409000,0.295295655,-0.029759348,-3.604609733,-0.194329469,-0.426719611,-0.052170896
8.410000,0.322468612,-0.045103983,-3.600912595,-0.194113189,-0.431545125,-0.054912518
8.411000,0.349685470,-0.060475382,-3.597144322,-0.193898238,-0.436369576,-0.057654196
8.412000,0.376902329,-0.075846781,-3.593376048,-0.193683287,-0.441194027,-0.060395874
8.413000,0.402770406,-0.091124254,-3.589453866,-0.193649201,-0.446030658,-0.063161132
8.414000,0.393556964,-0.085841891,-3.595608746,-0.198452577,-0.451431761,-0.065848990
8.415000,0.373423595,-0.068620980,-3.607215280,-0.205038284,-0.456914200,-0.068559418
8.416000,0.353290226,-0.051400070,-3.618821814,-0.211623992,-0.462396640,-0.071269846
8.417000,0.333156856,-0.034179159,-3.630428348,-0.218209699,-0.467879080,-0.073980274
8.418000,0.314460627,-0.019293145,-3.643977514,-0.224314482,-0.473280514,-0.076674310
8.419000,0.330777602,-0.026620639,-3.670942102,-0.225591601,-0.476642524,-0.079002105
8.420000,0.362148811,-0.047371112,-3.701681972,-0.225010359,-0.479114776,-0.081283216
8.421000,0.393520020,-0.068121586,-3.732421842,-0.224429117,-0.481587028,-0.083564326
8.422000,0.424891228,-0.088872059,-3.763161711,-0.223847874,-0.484059281,-0.085845437
8.423000,0.453037819,-0.108445889,-3.790367037,-0.223153953,-0.486624267,-0.088189955
8.424000,0.440519010,-0.129962987,-3.786811802,-0.221740827,-0.490821001,-0.091235750
8.425000,0.416211899,-0.152959796,-3.773847134,-0.219998796,-0.495635584,-0.094562385
8.426000,0.391904789,-0.175956605,-3.760882466,-0.218256765,-0.500450167,-0.097889021
8.427000,0.367597679,-0.198953414,-3.747917798,-0.216514735,-0.505264749,-0.101215656
8.428000,0.345470255,-0.218844920,-3.735692567,-0.215030985,-0.509910563,-0.104496530
8.429000,0.350503647,-0.186828425,-3.739158841,-0.218025483,-0.512403336,-0.107362212
8.430000,0.362168209,-0.126954976,-3.758453487,-0.223957054,-0.514118538,-0.110059514
8.431000,0.373832771,-0.067081527,-3.777748132,-0.229888625,-0.515833740,-0.112756815
8.432000,0.385497333,-0.007208078,-3.797042778,-0.235820197,-0.517548942,-0.115454117
8.433000,0.397434545,0.044109240,-3.812946694,-0.240814085,-0.519293129,-0.118136919
8.434000,0.409860627,0.024194730,-3.818608088,-0.238230069,-0.521378929,-0.120319271
8.435000,0.422694781,-0.017515440,-3.825346170,-0.233062595,-0.523508178,-0.121904967
8.436000,0.435707447,-0.059830373,-3.832081815,-0.227836054,-0.525632999,-0.123468662
8.437000,0.448720113,-0.102145307,-3.838817460,-0.222609513,-0.527757820,-0.125032357
8.438000,0.461598721,-0.142072283,-3.845418231,-0.217554454,-0.529862148,-0.126549582
8.439000,0.457921907,-0.126840479,-3.857204418,-0.216407494,-0.532079828,-0.126778843
8.440000,0.440993838,-0.079186640,-3.871070450,-0.217711520,-0.534303187,-0.126263328
8.441000,0.424045571,-0.031355129,-3.884886109,-0.219027371,-0.536523569,-0.125747666
8.442000,0.407097304,0.016476382,-3.898701768,-0.220343222,-0.538743951,-0.125232004
8.443000,0.391729218,0.061526684,-3.912832317,-0.221495995,-0.540841704,-0.124710115
8.444000,0.404727541,0.071329609,-3.928507909,-0.220991330,-0.541182130,-0.123822209
8.445000,0.437800927,0.064791601,-3.947903016,-0.219838246,-0.540493959,-0.123017841
8.446000,0.470885082,0.058217728,-3.967313717,-0.218684221,-0.539805138,-0.122214207
8.447000,0.503969237,0.051643856,-3.986724419,-0.217530197,-0.539116317,-0.121410573
8.448000,0.534928462,0.043349594,-4.006004809,-0.216210011,-0.538548369,-0.120627693
8.449000,0.546973055,0.041359389,-3.991257463,-0.214577774,-0.539320219,-0.119208199
8.450000,0.552267679,0.049714635,-3.942676014,-0.213026886,-0.541002713,-0.116823508
8.451000,0.557562228,0.058072865,-3.894080382,-0.211476109,-0.542685512,-0.114438672
8.452000,0.562856777,0.066431095,-3.845484750,-0.209925332,-0.544368311,-0.112053835
8.453000,0.565269569,0.075361429,-3.798326834,-0.208344123,-0.546143559,-0.109575401
8.454000,0.531699101,0.090616133,-3.791378863,-0.206502820,-0.548534961,-0.105743220
8.455000,0.482408996,0.108388754,-3.803954365,-0.204432660,-0.551025429,-0.101244038
8.456000,0.433118891,0.126161374,-3.816529868,-0.202362501,-0.553515897,-0.096744856
8.457000,0.383828785,0.143933995,-3.829105371,-0.200292341,-0.556006366,-0.092245675
8.458000,0.340492186,0.156154561,-3.840771482,-0.197888990,-0.558166433,-0.087763502
8.459000,0.347266728,0.133374237,-3.833909090,-0.192669035,-0.557966503,-0.082654924
8.460000,0.370646193,0.103339086,-3.816143238,-0.186704549,-0.557177483,-0.077294828
8.461000,0.394025658,0.073303935,-3.798377386,-0.180740062,-0.556388463,-0.071934733
8.462000,0.417405122,0.043268784,-3.780611534,-0.174775576,-0.555599442,-0.066574638
8.463000,0.439388780,0.016860856,-3.764244904,-0.169077345,-0.554835003,-0.061212283
8.464000,0.440357311,0.023966827,-3.784202111,-0.174344727,-0.559762712,-0.060498048
8.465000,0.433552983,0.040957264,-3.812186992,-0.172862147,-0.558926458,-0.055591243
8.466000,0.426748654,0.057947700,-3.840171873,-0.171379567,-0.558090203,-0.050684437
8.467000,0.419944326,0.074938137,-3.868156754,-0.169896987,-0.557253949,-0.045777632
8.468000,0.413777467,0.089855327,-3.895089070,-0.168203907,-0.556482103,-0.040871915
8.469000,0.440500985,0.061790829,-3.896556739,-0.163725580,-0.555596692,-0.036341632
8.470000,0.484247118,0.016665001,-3.883627263,-0.158122013,-0.554704599,-0.032020552
8.471000,0.528300005,-0.028671350,-3.870700503,-0.152489353,-0.553810821,-0.027707209
8.472000,0.572352892,-0.074007702,-3.857773742,-0.146856692,-0.552917044,-0.023393867
8.473000,0.611185771,-0.114732517,-3.845134654,-0.141578357,-0.552200541,-0.019042805
8.474000,0.578200179,-0.109091345,-3.837166355,-0.139282860,-0.553970096,-0.014259486
8.475000,0.506547776,-0.084631408,-3.837695218,-0.138019683,-0.557142533,-0.009143364
8.476000,0.434895374,-0.060171471,-3.838224081,-0.136756506,-0.560314969,-0.004027241
8.477000,0.363242972,-0.035711533,-3.838752944,-0.135493329,-0.563487406,0.001088881
8.478000,0.296251380,-0.016776062,-3.839196591,-0.133978418,-0.566416845,0.005972749
8.479000,0.286119499,-0.038237520,-3.836402066,-0.130613282,-0.566583947,0.009134522
8.480000,0.296534598,-0.071334091,-3.830458021,-0.126628699,-0.565732116,0.011721192
8.481000,0.306949698,-0.104430662,-3.824513977,-0.122644116,-0.564880284,0.014307862
8.482000,0.317364798,-0.137527233,-3.818569933,-0.118659534,-0.564028452,0.016894532
8.483000,0.329015541,-0.169301157,-3.812276364,-0.114805659,-0.563056742,0.019401308
8.484000,0.373053606,-0.186646370,-3.810785998,-0.113150216,-0.559868107,0.020004977
8.485000,0.434064440,-0.196907440,-3.816568981,-0.112578121,-0.555367989,0.019624998
8.486000,0.495075274,-0.207168509,-3.822351963,-0.112006025,-0.550867872,0.019245019
8.487000,0.556086108,-0.217429578,-3.828134946,-0.111433929,-0.546367754,0.018865041
8.488000,0.611439052,-0.227925405,-3.832058676,-0.110570859,-0.542317167,0.018860596
8.489000,0.636718075,-0.237930310,-3.817677970,-0.106814433,-0.540302900,0.020942794
8.490000,0.661608427,-0.247885850,-3.798262625,-0.102257307,-0.538514168,0.023701056
8.491000,0.684947228,-0.254899392,-3.776745439,-0.097600537,-0.536872832,0.026712525
8.492000,0.708286029,-0.261912934,-3.755228252,-0.092943767,-0.535231496,0.029723994
8.493000,0.729938984,-0.265976449,-3.735460031,-0.088520232,-0.533609619,0.032938809
8.494000,0.725683672,-0.233202068,-3.732824637,-0.089263888,-0.532485591,0.037367871
8.495000,0.704653560,-0.174161401,-3.729691959,-0.093439023,-0.531707495,0.041910047
8.496000,0.683591755,-0.114855854,-3.726520667,-0.097639544,-0.530927594,0.046460985
8.497000,0.662529950,-0.055550307,-3.723349375,-0.101840066,-0.530147693,0.051011923
8.498000,0.641364079,-0.000443791,-3.717326438,-0.105837984,-0.529464258,0.055408603
8.499000,0.602943836,-0.020307922,-3.673725353,-0.104604897,-0.531138992,0.057646717
8.500000,0.567605765,-0.065614692,-3.620497675,-0.101059894,-0.533119963,0.059393120
8.501000,0.532267693,-0.110921463,-3.567269998,-0.097514891,-0.535100933,0.061139522
8.502000,0.496929622,-0.156228233,-3.514042321,-0.093969888,-0.537081904,0.062885925
8.503000,0.458112121,-0.197152817,-3.463382811,-0.090529550,-0.538945325,0.064578699
8.504000,0.428585846,-0.212956148,-3.444221917,-0.088088940,-0.537754436,0.065137139
8.505000,0.410728356,-0.225260867,-3.432610653,-0.086017929,-0.535281914,0.065018680
8.506000,0.392870867,-0.237565586,-3.420999388,-0.083946917,-0.532809392,0.064900222
8.507000,0.375013377,-0.249870306,-3.409388124,-0.081875905,-0.530336869,0.064781763
8.508000,0.358382953,-0.261057228,-3.397368074,-0.079875320,-0.527786836,0.064675507
8.509000,0.339441456,-0.248684032,-3.389422663,-0.079134200,-0.524740942,0.066150355
8.510000,0.313366532,-0.227036626,-3.388768618,-0.078926118,-0.521562642,0.068459482
8.511000,0.287291608,-0.205389220,-3.388114574,-0.078718036,-0.518384342,0.070768609
8.512000,0.261216684,-0.183741814,-3.387460530,-0.078509955,-0.515206042,0.073077736
8.513000,0.237235580,-0.163678758,-3.385089687,-0.078290337,-0.511988952,0.075336464
8.514000,0.260443589,-0.158552469,-3.367971470,-0.078312368,-0.507005720,0.076813072
8.515000,0.301359371,-0.155683830,-3.344148085,-0.078586001,-0.501421632,0.077932244
8.516000,0.342275154,-0.152815190,-3.320324699,-0.078859634,-0.495837544,0.079051415
8.517000,0.383190936,-0.149946551,-3.296501313,-0.079133267,-0.490253456,0.080170587
8.518000,0.423486278,-0.146250651,-3.272298406,-0.079456783,-0.484689167,0.081232979
8.519000,0.421852200,-0.119636490,-3.251040470,-0.080554663,-0.480000552,0.081333813
8.520000,0.390155284,-0.081590522,-3.239814421,-0.081833716,-0.475788159,0.081168512
8.521000,0.355478216,-0.042570973,-3.230043451,-0.083162318,-0.471610592,0.081001861
8.522000,0.320801148,-0.003551424,-3.220272481,-0.084490921,-0.467433026,0.080835210
8.523000,0.290906639,0.031680344,-3.208512307,-0.085555553,-0.463129904,0.080591034
8.524000,0.301291599,0.009415537,-3.186418909,-0.083254387,-0.456804205,0.079493964
8.525000,0.339483045,-0.056132801,-3.154411211,-0.078604399,-0.448911981,0.077438567
8.526000,0.378474729,-0.123702977,-3.121763529,-0.073837056,-0.441006000,0.075293627
8.527000,0.417466413,-0.191273153,-3.089115846,-0.069069712,-0.433100019,0.073148686
8.528000,0.452895274,-0.255308530,-3.057676255,-0.064539265,-0.425345767,0.070993559
8.529000,0.447426343,-0.250748103,-3.040533581,-0.064437552,-0.419528028,0.068920124
8.530000,0.426931143,-0.220955196,-3.028032113,-0.066157355,-0.414473961,0.066885325
8.531000,0.406435943,-0.191162289,-3.015530645,-0.067877157,-0.409419894,0.064850526
8.532000,0.385940742,-0.161369382,-3.003029176,-0.069596960,-0.404365828,0.062815727
8.533000,0.366754306,-0.132178116,-2.987742024,-0.071279125,-0.399281840,0.060748294
8.534000,0.362653794,-0.119394337,-2.950299788,-0.072390775,-0.393700047,0.058419092
8.535000,0.364103001,-0.117786505,-2.911222352,-0.072975379,-0.388135739,0.056179805
8.536000,0.365552208,-0.116178673,-2.872144916,-0.073559983,-0.382571431,0.053940519
8.537000,0.367166105,-0.113733731,-2.832989069,-0.074156772,-0.376986038,0.051692585
8.538000,0.369157988,-0.104989627,-2.793609730,-0.074818238,-0.371212699,0.049341875
8.539000,0.367454146,-0.093224435,-2.769768039,-0.073924795,-0.364783631,0.046887009
8.540000,0.362336278,-0.087147298,-2.754766490,-0.072000338,-0.358026522,0.044334214
8.541000,0.357218410,-0.081070162,-2.739764941,-0.070075880,-0.351269412,0.041781419
8.542000,0.352100542,-0.074993026,-2.724763392,-0.068151422,-0.344512302,0.039228624
8.543000,0.347531478,-0.068887845,-2.708728561,-0.066265391,-0.337734337,0.036661776
8.544000,0.336043182,-0.072050821,-2.680804360,-0.064740895,-0.331103862,0.034009808
8.545000,0.316580064,-0.082975386,-2.644386680,-0.063112201,-0.324798667,0.031273103
8.546000,0.293235560,-0.097434122,-2.610146342,-0.061702995,-0.318601736,0.028479075
8.547000,0.269891057,-0.111892858,-2.575906004,-0.060293790,-0.312404805,0.025685048
8.548000,0.247153065,-0.124467596,-2.540520802,-0.059045426,-0.306276347,0.022887651
8.549000,0.250141679,-0.113222897,-2.493992312,-0.059476592,-0.300065948,0.019510404
8.550000,0.264077721,-0.090424145,-2.447403484,-0.060806972,-0.293802867,0.015937363
8.551000,0.278013763,-0.067625394,-2.400814657,-0.062137352,-0.287539785,0.012364321
8.552000,0.291949804,-0.044826643,-2.354225829,-0.063467732,-0.281276704,0.008791280
8.553000,0.305536209,-0.022065693,-2.308132252,-0.064778577,-0.275018749,0.005229871
8.554000,0.297247298,-0.019488742,-2.299567709,-0.063530756,-0.269116980,0.001925164
8.555000,0.279124526,-0.031703904,-2.309480068,-0.060795409,-0.263330205,-0.001402492
8.556000,0.261001754,-0.043919067,-2.319392427,-0.058060063,-0.257543429,-0.004730148
8.557000,0.242878982,-0.056134229,-2.329304786,-0.055324716,-0.251756653,-0.008057804
8.558000,0.225814132,-0.068668186,-2.337178297,-0.052613023,-0.245932910,-0.011447360
8.559000,0.235743293,-0.072922150,-2.303932898,-0.052129331,-0.239371395,-0.015668244
8.560000,0.255002880,-0.068292812,-2.259478883,-0.053239282,-0.232560249,-0.020209179
8.561000,0.274262467,-0.063663474,-2.215024869,-0.054349232,-0.225749103,-0.024750113
8.562000,0.293522053,-0.059034136,-2.170570854,-0.055459183,-0.218937956,-0.029291048
8.563000,0.313645106,-0.056959928,-2.125339394,-0.056233639,-0.212187502,-0.033548423
8.564000,0.318747343,-0.063085217,-2.086909649,-0.054767799,-0.205942145,-0.036359589
8.565000,0.313684093,-0.073478416,-2.050514116,-0.052205020,-0.200115246,-0.038749281
8.566000,0.308620843,-0.083871614,-2.014118584,-0.049642241,-0.194288348,-0.041138973
8.567000,0.303557593,-0.094264813,-1.977723051,-0.047079462,-0.188461449,-0.043528665
8.568000,0.299313124,-0.103583653,-1.942096229,-0.044701497,-0.182599551,-0.045900119
8.569000,0.308839094,-0.079583499,-1.923220897,-0.046613463,-0.176633811,-0.047729807
8.570000,0.319224698,-0.041557024,-1.907000544,-0.050321658,-0.170654180,-0.049431865
8.571000,0.329610301,-0.003530549,-1.890780191,-0.054029853,-0.164674549,-0.051133923
8.572000,0.339995904,0.034495926,-1.874559838,-0.057738048,-0.158694918,-0.052835981
8.573000,0.348631631,0.066539580,-1.858415457,-0.060790668,-0.152743707,-0.054552217
8.574000,0.320724717,0.070212960,-1.831122267,-0.058889345,-0.147554570,-0.056218954
8.575000,0.281405353,0.068428470,-1.803767053,-0.055873638,-0.142689402,-0.057979018
8.576000,0.242085989,0.066643979,-1.776411839,-0.052857932,-0.137824234,-0.059739082
8.577000,0.202766625,0.064859489,-1.749056624,-0.049842225,-0.132959066,-0.061499146
8.578000,0.167580960,0.062628093,-1.719788474,-0.046976416,-0.128018942,-0.063207690
8.579000,0.178170361,0.074319083,-1.683715549,-0.047656830,-0.122877280,-0.064279747
8.580000,0.202089447,0.094132286,-1.644006947,-0.049547585,-0.117772652,-0.065054821
8.581000,0.226008532,0.113945488,-1.604298346,-0.051438340,-0.112668024,-0.065829895
8.582000,0.249927618,0.133758691,-1.564589744,-0.053329095,-0.107563396,-0.066604970
8.583000,0.269726268,0.154681708,-1.525531335,-0.055139688,-0.102606232,-0.067378417
8.584000,0.254276053,0.172457965,-1.486166191,-0.055596786,-0.098365457,-0.068156322
8.585000,0.230518959,0.181180422,-1.449482849,-0.055663327,-0.094067236,-0.069080887
8.586000,0.206761865,0.189902878,-1.412799508,-0.055729867,-0.089769016,-0.070005452
8.587000,0.183004771,0.198625335,-1.376116166,-0.055796407,-0.085470795,-0.070930016
8.588000,0.161363635,0.205352837,-1.340277501,-0.055714715,-0.081112712,-0.071755320
8.589000,0.181001781,0.190522461,-1.317932332,-0.054360877,-0.075638972,-0.071218470
8.590000,0.217409275,0.169972851,-1.298109722,-0.052448337,-0.069713807,-0.070094969
8.591000,0.253816769,0.149423241,-1.278287111,-0.050535798,-0.063788642,-0.068971469
8.592000,0.290224263,0.128873631,-1.258464501,-0.048623259,-0.057863478,-0.067847969
8.593000,0.325944700,0.110523917,-1.239145135,-0.046864934,-0.051924288,-0.066802813
8.594000,0.330755170,0.115959688,-1.225153923,-0.047120878,-0.046636411,-0.066646978
8.595000,0.309739308,0.126538216,-1.209838915,-0.048151317,-0.042073763,-0.066823177
8.596000,0.288723445,0.137116744,-1.194523907,-0.049181757,-0.037511115,-0.066999376
8.597000,0.267707582,0.147695272,-1.179208899,-0.050212197,-0.032948466,-0.067175575
8.598000,0.247040750,0.157467583,-1.163345640,-0.051145881,-0.028465429,-0.067250025
8.599000,0.245581898,0.146955121,-1.132898700,-0.050147379,-0.024672547,-0.066067492
8.600000,0.260532631,0.129479115,-1.092989478,-0.048397651,-0.020830190,-0.064495673
8.601000,0.275946249,0.112029492,-1.052935812,-0.046649347,-0.016982345,-0.062916188
8.602000,0.291359867,0.094579870,-1.012882146,-0.044901043,-0.013134500,-0.061336702
8.603000,0.305957311,0.078055897,-0.972991001,-0.043231270,-0.009289504,-0.059845220
8.604000,0.294447197,0.082666302,-0.943297137,-0.043756155,-0.006347609,-0.058660468
8.605000,0.269419493,0.089484203,-0.924192332,-0.045078824,-0.003902582,-0.057426554
8.606000,0.244391790,0.096302104,-0.905087527,-0.046401492,-0.001457555,-0.056192640
8.607000,0.219364087,0.103120005,-0.885982722,-0.047724161,0.000987472,-0.054958726
8.608000,0.195335741,0.110927734,-0.866989387,-0.048966254,0.003411894,-0.053584078
8.609000,0.193850671,0.105442339,-0.842927496,-0.047832480,0.006252401,-0.051266784
8.610000,0.201868289,0.091225210,-0.814289222,-0.045658020,0.009511426,-0.048600179
8.611000,0.209885906,0.077008081,-0.785650948,-0.043483559,0.012770451,-0.045933573
8.612000,0.217903524,0.062790953,-0.757012674,-0.041309098,0.016029475,-0.043266968
8.613000,0.226698366,0.047795901,-0.728349699,-0.039114025,0.019332297,-0.040639026
8.614000,0.228306418,0.029165160,-0.700888204,-0.038114696,0.022473413,-0.038677598
8.615000,0.217741874,-0.000160413,-0.685520794,-0.037426873,0.025422366,-0.037187846
8.616000,0.207177329,-0.029485986,-0.670153383,-0.036739051,0.028371319,-0.035698094
8.617000,0.196612785,-0.058811559,-0.654785972,-0.036051228,0.031320272,-0.034208342
8.618000,0.184917060,-0.083652256,-0.638956966,-0.035493895,0.034122671,-0.032634193
8.619000,0.166709506,-0.050929831,-0.631140625,-0.036128485,0.035138813,-0.030073992
8.620000,0.150730656,-0.007217048,-0.621017508,-0.037010845,0.035870787,-0.027386841
8.621000,0.134751806,0.036495734,-0.610894391,-0.037893206,0.036602761,-0.024699690
8.622000,0.118772955,0.080208516,-0.600771274,-0.038775566,0.037334735,-0.022012539
8.623000,0.104064965,0.121062437,-0.590374830,-0.039548395,0.038099693,-0.019337978
8.624000,0.116495949,0.102023308,-0.561663150,-0.038985506,0.039456607,-0.016807316
8.625000,0.142492699,0.056966791,-0.521407802,-0.037647001,0.041167380,-0.014321550
8.626000,0.168489449,0.011910273,-0.481152453,-0.036308495,0.042878154,-0.011835783
8.627000,0.194486198,-0.033146244,-0.440897105,-0.034969990,0.044588928,-0.009350017
8.628000,0.219519046,-0.076079035,-0.401398799,-0.033807682,0.046274196,-0.006813201
8.629000,0.215393758,-0.069465360,-0.377139932,-0.034874668,0.046853854,-0.003555829
8.630000,0.200890566,-0.040144758,-0.358091887,-0.037167899,0.046899190,-0.000068420
8.631000,0.186387373,-0.010824156,-0.339043842,-0.039461130,0.046944526,0.003418988
8.632000,0.171884181,0.018496446,-0.319995797,-0.041754362,0.046989862,0.006906396
8.633000,0.157844563,0.043548396,-0.300127458,-0.043740009,0.047004842,0.010331612
8.634000,0.160007097,0.023371442,-0.277884926,-0.042260541,0.047446858,0.012671984
8.635000,0.170303720,-0.015644492,-0.253018376,-0.039388636,0.048105724,0.014638456
8.636000,0.180600343,-0.054660426,-0.228151827,-0.036516731,0.048764590,0.016604928
8.637000,0.190896967,-0.093676360,-0.203285277,-0.033644826,0.049423456,0.018571400
8.638000,0.199642810,-0.130052140,-0.179222714,-0.030948778,0.050045325,0.020564062
8.639000,0.183781457,-0.122906084,-0.161884189,-0.030598072,0.049749824,0.023613555
8.640000,0.155810132,-0.099978490,-0.144156607,-0.031361214,0.048767318,0.026938232
8.641000,0.127838807,-0.077050897,-0.126429025,-0.032124356,0.047784811,0.030262909
8.642000,0.099867482,-0.054123303,-0.108701443,-0.032887497,0.046802305,0.033587586
8.643000,0.073830536,-0.033576679,-0.090263574,-0.033476356,0.045865538,0.036867749
8.644000,0.065031837,-0.030271059,-0.071447425,-0.032451605,0.045011772,0.039167704
8.645000,0.059138267,-0.034343885,-0.055932418,-0.030633006,0.044033562,0.041266676
8.646000,0.053244696,-0.038416712,-0.040417410,-0.028814408,0.043055351,0.043365648
8.647000,0.047351125,-0.042489539,-0.024902403,-0.026995809,0.042077141,0.045464620
8.648000,0.042589706,-0.046592227,-0.008829051,-0.025306570,0.041157544,0.047574390
8.649000,0.052800820,-0.051764582,0.018899561,-0.025137735,0.040655807,0.049697009
8.650000,0.074691579,-0.058671462,0.051150084,-0.025806008,0.040377699,0.051959732
8.651000,0.096582338,-0.065578341,0.083400607,-0.026474281,0.040099591,0.054222455
8.652000,0.118473097,-0.072485221,0.115651130,-0.027142554,0.039821483,0.056485178
8.653000,0.137952569,-0.078568893,0.146855311,-0.027789152,0.039501178,0.058745651
8.654000,0.126437666,-0.061068676,0.146867632,-0.029117576,0.038913085,0.060860862
8.655000,0.101670232,-0.036453910,0.129704346,-0.030390579,0.038189797,0.062663347
8.656000,0.076902797,-0.011839144,0.112541061,-0.031663581,0.037466508,0.064465832
8.657000,0.052135363,0.012775621,0.095377776,-0.032936584,0.036743220,0.066268316
8.658000,0.029888178,0.033261796,0.078958117,-0.033931857,0.036059429,0.068004468
8.659000,0.040874114,-0.007444475,0.089379198,-0.030788923,0.035956937,0.068631989
8.660000,0.058448532,-0.067849845,0.108343863,-0.026090013,0.035804621,0.068937678
8.661000,0.076022950,-0.128255214,0.127308528,-0.021391103,0.035652305,0.069243367
8.662000,0.093597369,-0.188660583,0.146273193,-0.016692193,0.035499989,0.069549056
8.663000,0.108680145,-0.241003167,0.168360703,-0.012766031,0.035245644,0.069943874
8.664000,0.096536716,-0.223000701,0.199706432,-0.015227951,0.033477784,0.070709248
8.665000,0.066873889,-0.167827207,0.239756789,-0.021112251,0.031024238,0.071496029
8.666000,0.037211062,-0.112653714,0.279807145,-0.026996551,0.028570691,0.072282809
8.667000,0.007548234,-0.057480220,0.319857502,-0.032880852,0.026117145,0.073069589
8.668000,-0.016627705,-0.008966058,0.354161499,-0.037836880,0.023993158,0.073846906
8.669000,-0.001046531,-0.005487058,0.342245608,-0.036115885,0.024438650,0.074480064
8.670000,0.020874056,-0.010325939,0.320807872,-0.033057815,0.025278751,0.075231341
8.671000,0.042794644,-0.015164820,0.299370137,-0.029999745,0.026118851,0.075982618
8.672000,0.064715232,-0.020003702,0.277932401,-0.026941675,0.026958952,0.076733895
8.673000,0.082427333,-0.023275056,0.262641381,-0.024145474,0.027568335,0.077377629
8.674000,0.071550537,-0.048271219,0.280172817,-0.019635806,0.026861089,0.076635140
8.675000,0.050815023,-0.086452431,0.307166875,-0.013858295,0.025743797,0.075391168
8.676000,0.030079509,-0.124633642,0.334160934,-0.008080783,0.024626505,0.074147197
8.677000,0.009343995,-0.162814854,0.361154992,-0.002303272,0.023509213,0.072903225
8.678000,-0.013490879,-0.198224779,0.388652551,0.003068054,0.022313485,0.071699576
8.679000,-0.040084142,-0.182948931,0.419305584,0.002411898,0.020649723,0.071523411
8.680000,-0.059920035,-0.140612660,0.449269813,-0.001137092,0.018929405,0.071914710
8.681000,-0.079727726,-0.098195430,0.479270198,-0.004695490,0.017208374,0.072307876
8.682000,-0.099535418,-0.055778200,0.509270583,-0.008253888,0.015487342,0.072701043
8.683000,-0.115882287,-0.015583357,0.535427972,-0.011628050,0.013979271,0.073051884
8.684000,-0.092762697,-0.007189599,0.536272392,-0.012800056,0.014992578,0.072850372
8.685000,-0.053839140,-0.009161628,0.536275473,-0.013177836,0.016906608,0.072400490
8.686000,-0.014910124,-0.011299285,0.536473802,-0.013546209,0.018816738,0.071948942
8.687000,0.024018893,-0.013436942,0.536672132,-0.013914582,0.020726868,0.071497395
8.688000,0.059300229,-0.017666685,0.537246468,-0.013896051,0.022519460,0.070990994
8.689000,0.045387468,-0.053876721,0.545415483,-0.009239552,0.022117672,0.069825771
8.690000,0.015106932,-0.097007885,0.552167800,-0.003354165,0.020990333,0.068693581
8.691000,-0.015173604,-0.140139048,0.558920117,0.002531222,0.019862993,0.067561391
8.692000,-0.045454140,-0.183270212,0.565672434,0.008416609,0.018735653,0.066429202
8.693000,-0.073806199,-0.226040097,0.574040085,0.014130501,0.017681844,0.065237633
8.694000,-0.071977872,-0.233988920,0.592442598,0.015529335,0.017780197,0.064194631
8.695000,-0.057307421,-0.217169135,0.611082468,0.014710308,0.018211755,0.063280910
8.696000,-0.042636969,-0.200349349,0.629722337,0.013891281,0.018643313,0.062367188
8.697000,-0.027966517,-0.183529563,0.648362207,0.013072254,0.019074870,0.061453466
8.698000,-0.014349089,-0.165925821,0.667216105,0.012094733,0.019457850,0.060618575
8.699000,-0.014905475,-0.149700543,0.686107519,0.010685475,0.019809103,0.060381487
8.700000,-0.019376704,-0.139372479,0.703061834,0.009441968,0.020408252,0.060237405
8.701000,-0.023847932,-0.129044414,0.720016148,0.008198461,0.021007400,0.060093324
8.702000,-0.028319161,-0.118716350,0.736970463,0.006954954,0.021606549,0.059949243
8.703000,-0.032813558,-0.106799630,0.754304670,0.005742647,0.022158785,0.059806580
8.704000,-0.030032469,-0.106558226,0.767319365,0.006292086,0.022761191,0.058835624
8.705000,-0.031975327,-0.113226024,0.776890602,0.007744359,0.023292241,0.057298766
8.706000,-0.033918185,-0.119893821,0.786461839,0.009196632,0.023823292,0.055761908
8.707000,-0.035861043,-0.126561619,0.796033075,0.010648905,0.024354342,0.054225049
8.708000,-0.036694742,-0.134217562,0.804989057,0.012230287,0.024950956,0.052677036
8.709000,-0.048119920,-0.134135257,0.813632242,0.015284228,0.025229172,0.051332106
8.710000,-0.069563114,-0.130193142,0.827755647,0.019210911,0.024918680,0.050134492
8.711000,-0.091006309,-0.126251026,0.841879052,0.023137594,0.024608189,0.048936878
8.712000,-0.112449503,-0.122308911,0.856002457,0.027064277,0.024297698,0.047739264
8.713000,-0.131361743,-0.121013918,0.869694778,0.030956192,0.024224135,0.046610713
8.714000,-0.127260251,-0.132557627,0.893331469,0.033560628,0.025527750,0.045581329
8.715000,-0.107380662,-0.143859547,0.924645504,0.035181111,0.027436654,0.044436649
8.716000,-0.087501072,-0.155161468,0.955959540,0.036801594,0.029345558,0.043291970
8.717000,-0.067621483,-0.166463388,0.987273575,0.038422077,0.031254462,0.042147290
8.718000,-0.047738307,-0.177252560,1.018712492,0.040076318,0.033153910,0.040988820
8.719000,-0.038640159,-0.163688593,1.051234789,0.040388592,0.034593583,0.040411692
8.720000,-0.036528641,-0.136471339,1.080281235,0.040009519,0.036078306,0.039806097
8.721000,-0.034417122,-0.109254085,1.109327682,0.039630446,0.037563029,0.039200502
8.722000,-0.032305604,-0.082036831,1.138374128,0.039251373,0.039047752,0.038594908
8.723000,-0.028565741,-0.055018347,1.166616532,0.038868958,0.040612867,0.037992658
8.724000,-0.021009875,-0.059263419,1.181296282,0.040082246,0.042907055,0.036565604
8.725000,-0.016560837,-0.083663326,1.186584309,0.042466010,0.045384132,0.034582416
8.726000,-0.012111800,-0.108063233,1.191872337,0.044849773,0.047861209,0.032599229
8.727000,-0.007662763,-0.132463139,1.197160365,0.047233536,0.050338287,0.030616041
8.728000,-0.002709283,-0.156538677,1.202967726,0.049605436,0.052835585,0.028637754
8.729000,0.001450858,-0.170224244,1.217289592,0.051780796,0.055528244,0.027000524
8.730000,0.008015857,-0.178515817,1.237592358,0.053717261,0.058276615,0.025785155
8.731000,0.014580857,-0.186807391,1.257895124,0.055653727,0.061024985,0.024569785
8.732000,0.021145856,-0.195098964,1.278197889,0.057590192,0.063773356,0.023354415
8.733000,0.026003145,-0.203069662,1.298374703,0.059452740,0.066418020,0.022151336
8.734000,0.028637600,-0.186515162,1.321783562,0.059245600,0.069069446,0.021684316
8.735000,0.026679662,-0.146693950,1.347643323,0.057245109,0.071557182,0.022106704
8.736000,0.024721724,-0.106872738,1.373503083,0.055244619,0.074044918,0.022529091
8.737000,0.022763786,-0.067051527,1.399362844,0.053244129,0.076532653,0.022951479
8.738000,0.022066173,-0.028573625,1.425311307,0.051260602,0.079096217,0.023300385
8.739000,0.026240243,-0.031833944,1.440156571,0.050949271,0.082121791,0.022947326
8.740000,0.030884980,-0.063268015,1.437981944,0.052111970,0.085683934,0.022704980
8.741000,0.035536521,-0.094655539,1.435732494,0.053278210,0.089246399,0.022471919
8.742000,0.040188063,-0.126043064,1.433483044,0.054444449,0.092808865,0.022238858
8.743000,0.045445335,-0.155182557,1.432132271,0.055610601,0.096339873,0.021961086
8.744000,0.034331192,-0.170216233,1.442575991,0.057448170,0.098569213,0.021685855
8.745000,0.018241744,-0.160640603,1.449203731,0.059103957,0.100979369,0.021546676
8.746000,0.001634467,-0.141999830,1.455095523,0.060752319,0.103385013,0.021588671
8.747000,-0.014972809,-0.123359056,1.460987315,0.062400680,0.105790657,0.021630666
8.748000,-0.028906436,-0.103873895,1.465910839,0.063976736,0.108315214,0.021661473
8.749000,-0.017457169,-0.103132657,1.457683502,0.065602133,0.112488859,0.021485118
8.750000,-0.003725214,-0.121394526,1.442015510,0.067879940,0.116802387,0.021684062
8.751000,0.010006741,-0.139656396,1.426347518,0.070157746,0.121115915,0.021883006
8.752000,0.023738697,-0.157918266,1.410679526,0.072435552,0.125429443,0.022081951
8.753000,0.036821711,-0.175953536,1.394510711,0.074678984,0.129823958,0.022258495
8.754000,0.041670130,-0.182896117,1.384740340,0.076007559,0.133601693,0.022607505
8.755000,0.052499199,-0.181582849,1.383006105,0.076654934,0.137349760,0.022653300
8.756000,0.063328269,-0.180269581,1.381271870,0.077302309,0.141097828,0.022699095
8.757000,0.074157338,-0.178956314,1.379537636,0.077949684,0.144845895,0.022744889
8.758000,0.085193265,-0.176183799,1.378403023,0.078639207,0.148522207,0.022854093
8.759000,0.084693444,-0.172644651,1.376296705,0.080804457,0.151524551,0.023370461
8.760000,0.073466494,-0.176928992,1.375272406,0.084060869,0.153844634,0.023818212
8.761000,0.062239545,-0.181213333,1.374248107,0.087317281,0.156164717,0.024265962
8.762000,0.051012595,-0.185497674,1.373223808,0.090573693,0.158484800,0.024713712
8.763000,0.040189981,-0.190044727,1.372249037,0.093853058,0.160862566,0.025202892
8.764000,0.047472292,-0.202373232,1.385453515,0.096445785,0.163750879,0.025752300
8.765000,0.060013239,-0.220313233,1.405401396,0.099027655,0.167072764,0.026015996
8.766000,0.072554186,-0.238253235,1.425349277,0.101609525,0.170394648,0.026279691
8.767000,0.085095134,-0.256193236,1.445297159,0.104191395,0.173716533,0.026543387
8.768000,0.098680661,-0.269870296,1.465656067,0.106577468,0.177107448,0.026787392
8.769000,0.091761221,-0.258848828,1.472590317,0.107062205,0.180661931,0.027075340
8.770000,0.081784555,-0.236064441,1.473009214,0.106474602,0.184638258,0.027491698
8.771000,0.071807890,-0.213280055,1.473428111,0.105887000,0.188614585,0.027908056
8.772000,0.061831224,-0.190495668,1.473847008,0.105299397,0.192590912,0.028324413
8.773000,0.052967648,-0.169694012,1.475102574,0.104840063,0.196618711,0.028702553
8.774000,0.066913171,-0.176399808,1.478970056,0.106642703,0.201991372,0.028473476
8.775000,0.083942266,-0.193232149,1.482831077,0.109293046,0.207656493,0.028037100
8.776000,0.100565772,-0.210538499,1.486636567,0.111979388,0.213337023,0.027592180
8.777000,0.117189279,-0.227844849,1.490442057,0.114665730,0.219017553,0.027147259
8.778000,0.132080070,-0.248191263,1.493369064,0.117547008,0.224732684,0.026734722
8.779000,0.128240185,-0.252576636,1.507510811,0.120443386,0.230225828,0.026813298
8.780000,0.113155859,-0.256985635,1.520214758,0.123934311,0.235906889,0.026895620
8.781000,0.098071534,-0.261394635,1.532918704,0.127425235,0.241587950,0.026977942
8.782000,0.082987208,-0.265803634,1.545622651,0.130916160,0.247269012,0.027060264
8.783000,0.066488037,-0.267996937,1.560239591,0.134357941,0.252873702,0.027147585
8.784000,0.067895601,-0.268648882,1.571729097,0.137338944,0.259018133,0.027343149
8.785000,0.089156372,-0.260793958,1.587190761,0.139593424,0.265522184,0.027739113
8.786000,0.110417142,-0.252939034,1.602652424,0.141847903,0.272026236,0.028135078
8.787000,0.131677913,-0.245084109,1.618114088,0.144102383,0.278530287,0.028531042
8.788000,0.154116379,-0.237191561,1.633796878,0.146342809,0.285095434,0.028890740
8.789000,0.178934943,-0.243380216,1.652655333,0.149383418,0.292151817,0.029266390
8.790000,0.193172361,-0.262236253,1.670355417,0.153200732,0.298946916,0.029633517
8.791000,0.207409780,-0.281092290,1.688055501,0.157018046,0.305742015,0.030000645
8.792000,0.221647198,-0.299948327,1.705755586,0.160835360,0.312537114,0.030367772
8.793000,0.234870618,-0.317711002,1.723653596,0.164700652,0.319308191,0.030794280
8.794000,0.242478956,-0.313671022,1.735185087,0.167692383,0.326435824,0.031326318
8.795000,0.247768363,-0.303080529,1.742646205,0.170756932,0.333630370,0.031955213
8.796000,0.253057771,-0.292490037,1.750107323,0.173821482,0.340824916,0.032584108
8.797000,0.258347178,-0.281899544,1.757568441,0.176886031,0.348019462,0.033213003
8.798000,0.262538072,-0.269804556,1.765528047,0.179924181,0.355154283,0.033791158
8.799000,0.268301864,-0.278432283,1.779280907,0.184733018,0.361418701,0.034207726
8.800000,0.285401284,-0.292567962,1.799494617,0.189880704,0.367588661,0.034826449
8.801000,0.302500705,-0.306703642,1.819708328,0.195028390,0.373758621,0.035445173
8.802000,0.319600126,-0.320839322,1.839922038,0.200176077,0.379928582,0.036063896
8.803000,0.336029241,-0.337019663,1.860531037,0.205425010,0.386039997,0.036625308
8.804000,0.341535157,-0.340962055,1.890398471,0.210222915,0.390934254,0.037350169
8.805000,0.334509132,-0.341842970,1.926766555,0.214813787,0.394858670,0.037991964
8.806000,0.327483106,-0.342723885,1.963134638,0.219404658,0.398783085,0.038633759
8.807000,0.320457080,-0.343604801,1.999502721,0.223995530,0.402707500,0.039275553
8.808000,0.311613051,-0.343615352,2.037513486,0.228407586,0.406450067,0.039769664
8.809000,0.302324682,-0.349577825,2.075908978,0.231019348,0.409906360,0.039619606
8.810000,0.298519313,-0.358248635,2.107788840,0.233005300,0.413414750,0.039211758
8.811000,0.294713945,-0.366919444,2.139668702,0.234991253,0.416923141,0.038803909
8.812000,0.290908576,-0.375590253,2.171548565,0.236977205,0.420431532,0.038396061
8.813000,0.287402174,-0.383663484,2.201412208,0.238766167,0.423859706,0.038082958
8.814000,0.285918527,-0.378100023,2.221017846,0.238594787,0.426516637,0.038293768
8.815000,0.292554926,-0.371716183,2.240417565,0.237466920,0.429235741,0.038576298
8.816000,0.299191325,-0.365332343,2.259817284,0.236339054,0.431954845,0.038858828
8.817000,0.305827724,-0.358948503,2.279217003,0.235211187,0.434673949,0.039141357
8.818000,0.312737002,-0.352388678,2.298477403,0.234055703,0.437403221,0.039407312
8.819000,0.310413110,-0.351190444,2.313598869,0.233475162,0.439462050,0.040033598
8.820000,0.300369285,-0.355805396,2.327832912,0.233136630,0.441048512,0.040685552
8.821000,0.290325460,-0.360420347,2.342066954,0.232798098,0.442634973,0.041337505
8.822000,0.280281635,-0.365035299,2.356300997,0.232459566,0.444221434,0.041989458
8.823000,0.270181220,-0.371221556,2.370552113,0.232137611,0.445783076,0.042647747
8.824000,0.276857067,-0.383544583,2.391287876,0.229917130,0.447737824,0.043239357
8.825000,0.287357096,-0.392083337,2.415216805,0.226874677,0.449728241,0.043818567
8.826000,0.297857126,-0.400622092,2.439145733,0.223832225,0.451718659,0.044397777
8.827000,0.308357155,-0.409160847,2.463074662,0.220789772,0.453709076,0.044976987
8.828000,0.319415238,-0.417018638,2.485825427,0.217817200,0.455708305,0.045521296
8.829000,0.326347899,-0.409532773,2.491686261,0.214973197,0.457276694,0.045246122
8.830000,0.333757497,-0.397532762,2.489877151,0.211816753,0.458914528,0.044784078
8.831000,0.341167096,-0.385532750,2.488068042,0.208660310,0.460552361,0.044322034
8.832000,0.348576694,-0.373532738,2.486258932,0.205503867,0.462190194,0.043859990
8.833000,0.355706636,-0.364098169,2.485096663,0.202472150,0.463770834,0.043330821
8.834000,0.352738486,-0.367970145,2.493777825,0.199662314,0.464294000,0.042347122
8.835000,0.339629350,-0.370592718,2.506540466,0.196401099,0.464189653,0.041118883
8.836000,0.326520214,-0.373215291,2.519303107,0.193139885,0.464085306,0.039890645
8.837000,0.313411078,-0.375837864,2.532065748,0.189878670,0.463980960,0.038662406
8.838000,0.300380226,-0.378016391,2.546099066,0.186552395,0.463871574,0.037477630
8.839000,0.295697563,-0.361642034,2.554280317,0.182080880,0.464150225,0.036954864
8.840000,0.297324969,-0.331468600,2.561742706,0.176866447,0.464390041,0.036666492
8.841000,0.298952376,-0.301295165,2.569205095,0.171652013,0.464629856,0.036378119
8.842000,0.300579782,-0.271121731,2.576667483,0.166437579,0.464869672,0.036089747
8.843000,0.301950090,-0.242674382,2.583553819,0.161450606,0.465123960,0.035780135
8.844000,0.308669221,-0.241477996,2.580754870,0.160801386,0.465883068,0.035219846
8.845000,0.315470081,-0.258611223,2.575110351,0.162425798,0.466974644,0.034539281
8.846000,0.322270941,-0.275744449,2.569465832,0.164050209,0.468066220,0.033858715
8.847000,0.329071802,-0.292877676,2.563821313,0.165674621,0.469157796,0.033178150
8.848000,0.335702755,-0.307610676,2.559431383,0.167225404,0.470205527,0.032565612
8.849000,0.330065509,-0.323777261,2.577933007,0.168205063,0.470573494,0.031919264
8.850000,0.319413074,-0.339409320,2.603061259,0.168883787,0.470472576,0.031315850
8.851000,0.308760640,-0.355041378,2.628189512,0.169562510,0.470371659,0.030712436
8.852000,0.298108205,-0.370673437,2.653317764,0.170241234,0.470270741,0.030109022
8.853000,0.287560360,-0.385383080,2.678316594,0.170774809,0.470209106,0.029509829
8.854000,0.292502632,-0.351840867,2.694812854,0.166080665,0.471127784,0.030091657
8.855000,0.306624408,-0.298988243,2.707333959,0.159333501,0.472576407,0.031442648
8.856000,0.320746184,-0.246135619,2.719855064,0.152586338,0.474025030,0.032793639
8.857000,0.334867960,-0.193282996,2.732376169,0.145839174,0.475473654,0.034144630
8.858000,0.349394168,-0.145017457,2.741569265,0.139499198,0.477106531,0.035314093
8.859000,0.367225744,-0.140595696,2.713525573,0.138532491,0.479970273,0.035309264
8.860000,0.382396405,-0.151257896,2.678720299,0.139659453,0.482871071,0.034984392
8.861000,0.397567066,-0.161920095,2.643915024,0.140786414,0.485771868,0.034659521
8.862000,0.412737726,-0.172582295,2.609109750,0.141913375,0.488672666,0.034334649
8.863000,0.427770746,-0.183828481,2.575848856,0.143086314,0.491513865,0.034009796
8.864000,0.417851477,-0.210418984,2.600906296,0.145330751,0.491914821,0.034131620
8.865000,0.398121600,-0.236440923,2.645600827,0.147481340,0.491394886,0.034352734
8.866000,0.378391722,-0.262462862,2.690295357,0.149631929,0.490874951,0.034573847
8.867000,0.358661845,-0.288484801,2.734989887,0.151782518,0.490355016,0.034794961
8.868000,0.342138355,-0.309236757,2.779512737,0.153486892,0.489984376,0.035137901
8.869000,0.364215170,-0.270959153,2.813035904,0.149696393,0.491757849,0.036796202
8.870000,0.399945650,-0.221245459,2.840400336,0.144368077,0.494507086,0.038926721
8.871000,0.435676130,-0.171531765,2.867764769,0.139039760,0.497256323,0.041057241
8.872000,0.471406610,-0.121818071,2.895129201,0.133711444,0.500005560,0.043187760
8.873000,0.503902795,-0.078579725,2.917788214,0.129244171,0.502883924,0.045088935
8.874000,0.508057356,-0.095066333,2.909976492,0.129835086,0.505424450,0.045723306
8.875000,0.500559518,-0.134333573,2.890188546,0.132682767,0.507910998,0.045775937
8.876000,0.493061681,-0.173600812,2.870400600,0.135530449,0.510397546,0.045828568
8.877000,0.485563843,-0.212868051,2.850612654,0.138378130,0.512884094,0.045881199
8.878000,0.476586329,-0.250260982,2.837510976,0.141196234,0.515108077,0.045993488
8.879000,0.461689307,-0.263064566,2.854207311,0.142770867,0.515671215,0.045915239
8.880000,0.443436807,-0.259262527,2.881468912,0.143261800,0.515266862,0.045859994
8.881000,0.425184307,-0.255460489,2.908730513,0.143752733,0.514862509,0.045804749
8.882000,0.406966104,-0.251652720,2.935959722,0.144241194,0.514459132,0.045748692
8.883000,0.392774114,-0.246860283,2.960712120,0.144441426,0.514189209,0.045652039
8.884000,0.410465043,-0.226117893,2.992572781,0.142036985,0.515284972,0.046250367
8.885000,0.440427361,-0.203279326,3.025094043,0.138935487,0.516977750,0.047133572
8.886000,0.470389679,-0.180440759,3.057615305,0.135833989,0.518670529,0.048016776
8.887000,0.500351997,-0.157602192,3.090136566,0.132732492,0.520363307,0.048899981
8.888000,0.530212085,-0.135947977,3.121959693,0.129767825,0.522069481,0.049736707
8.889000,0.535602366,-0.162382055,3.122132273,0.130813455,0.522968156,0.049123562
8.890000,0.529666740,-0.203285039,3.112261792,0.133008334,0.523342850,0.047922349
8.891000,0.523731115,-0.244188023,3.102391311,0.135203213,0.523717544,0.046721136
8.892000,0.517795489,-0.285091007,3.092520830,0.137398091,0.524092238,0.045519923
8.893000,0.511081719,-0.323882200,3.085999519,0.139681033,0.524440381,0.044391500
8.894000,0.491134453,-0.347042849,3.096863097,0.142803670,0.523963566,0.043683625
8.895000,0.465615706,-0.366018170,3.112521407,0.146581490,0.523204745,0.043178871
8.896000,0.440096959,-0.384993490,3.128179716,0.150359310,0.522445924,0.042674118
8.897000,0.414578212,-0.403968811,3.143838025,0.154137130,0.521687104,0.042169365
8.898000,0.390441072,-0.422274210,3.159336541,0.157698479,0.520962069,0.041614855
8.899000,0.404804127,-0.400364153,3.173246325,0.156051375,0.522046952,0.041141693
8.900000,0.433123743,-0.360511694,3.188711679,0.152686586,0.523885615,0.040956735
8.901000,0.461443359,-0.320659236,3.204177033,0.149321798,0.525724277,0.040771776
8.902000,0.489762975,-0.280806777,3.219642387,0.145957009,0.527562940,0.040586818
8.903000,0.516851745,-0.241794576,3.234214619,0.142679103,0.529392672,0.040395830
8.904000,0.514174042,-0.226901419,3.229877572,0.141556839,0.530761640,0.040418746
8.905000,0.502957009,-0.218634983,3.217905079,0.140764536,0.532204542,0.040289884
8.906000,0.491739975,-0.210368548,3.205932586,0.139972233,0.533647443,0.040161023
8.907000,0.480522942,-0.202102112,3.193960094,0.139179929,0.535090344,0.040032161
8.908000,0.469063354,-0.194382794,3.182352971,0.138420650,0.536522594,0.039887160
8.909000,0.464201976,-0.208472729,3.203411124,0.138681571,0.537702089,0.038726027
8.910000,0.463821288,-0.228537004,3.233321261,0.139299961,0.538793493,0.037450901
8.911000,0.463440600,-0.248601280,3.263231398,0.139918351,0.539884896,0.036175775
8.912000,0.463059911,-0.268665556,3.293141536,0.140536741,0.540976300,0.034900650
8.913000,0.462873252,-0.287777612,3.322437414,0.141102677,0.542116018,0.033649338
8.914000,0.477742730,-0.283839543,3.327735341,0.140515295,0.545308206,0.033309482
8.915000,0.499163997,-0.266003450,3.328858246,0.139623275,0.549540697,0.033062060
8.916000,0.520585263,-0.248167357,3.329981150,0.138731256,0.553773187,0.032814637
8.917000,0.542006530,-0.230331264,3.331104054,0.137839236,0.558005678,0.032567215
8.918000,0.563454940,-0.212649894,3.333160704,0.136908059,0.562178370,0.032322373
8.919000,0.572751463,-0.209559911,3.351166094,0.135976941,0.565087185,0.031593106
8.920000,0.572489469,-0.221251142,3.376965586,0.134846295,0.567124267,0.030845085
8.921000,0.571762525,-0.237718996,3.406058967,0.133691088,0.569107476,0.030122383
8.922000,0.571035582,-0.254186850,3.435152348,0.132535882,0.571090685,0.029399681
8.923000,0.570754810,-0.269816383,3.463104518,0.131401070,0.573135307,0.028643925
8.924000,0.570776390,-0.263641018,3.476924497,0.129902101,0.575856177,0.028227620
8.925000,0.568358639,-0.243802183,3.487358257,0.128310136,0.578723559,0.028132368
8.926000,0.565940888,-0.223963349,3.497792017,0.126718172,0.581590941,0.028037115
8.927000,0.563523137,-0.204124515,3.508225777,0.125126208,0.584458323,0.027941863
8.928000,0.562569174,-0.185951400,3.518289839,0.123543094,0.587394750,0.027852120
8.929000,0.581917179,-0.180907235,3.522470786,0.122388582,0.591247909,0.027456650
8.930000,0.612314553,-0.178629367,3.527577353,0.121274976,0.595426106,0.026980734
8.931000,0.642711927,-0.176351499,3.532683920,0.120161371,0.599604302,0.026504817
8.932000,0.673109301,-0.174073631,3.537790487,0.119047765,0.603782498,0.026028900
8.933000,0.701114199,-0.171079590,3.543287081,0.117940580,0.607842789,0.025520485
8.934000,0.706405852,-0.165087525,3.559587621,0.116976998,0.610772859,0.024796750
8.935000,0.700533772,-0.158285399,3.572247485,0.116135078,0.613170409,0.023900252
8.936000,0.694661692,-0.151483273,3.584907348,0.115293157,0.615567959,0.023003753
8.937000,0.688789612,-0.144681147,3.597567211,0.114451236,0.617965508,0.022107254
8.938000,0.683063522,-0.138204371,3.609329155,0.113476513,0.620373325,0.021310489
8.939000,0.672674302,-0.132725728,3.603205429,0.111566899,0.622950264,0.021608304
8.940000,0.664182146,-0.130379709,3.589823763,0.109534306,0.625747562,0.022148591
8.941000,0.655689990,-0.128033689,3.576442096,0.107501712,0.628544860,0.022688878
8.942000,0.646982289,-0.124463309,3.564422287,0.105448475,0.631287970,0.023243787
8.943000,0.638482593,-0.118068999,3.556137545,0.103354058,0.633909511,0.023807690
8.944000,0.654425304,-0.114326471,3.568205036,0.101663880,0.636899181,0.023424980
8.945000,0.687814486,-0.116287298,3.591486171,0.100299814,0.640433700,0.022253052
8.946000,0.725734488,-0.118933171,3.617143544,0.098884795,0.644229490,0.020979151
8.947000,0.763654490,-0.121579043,3.642800917,0.097469776,0.648025280,0.019705249
8.948000,0.796532816,-0.124382597,3.667307654,0.096153298,0.651581342,0.018577732
8.949000,0.784159011,-0.132484181,3.677144840,0.095867476,0.653152448,0.018759094
8.950000,0.753761567,-0.141172543,3.679483664,0.095857009,0.653762629,0.019408695
8.951000,0.723369564,-0.149284240,3.681888249,0.095824819,0.654354471,0.020084958
8.952000,0.692977561,-0.157395937,3.684292834,0.095792629,0.654946312,0.020761221
8.953000,0.664405878,-0.166745252,3.685516330,0.095742070,0.655575506,0.021375571
8.954000,0.667687300,-0.166814343,3.697595339,0.094005721,0.656647990,0.021447298
8.955000,0.688171252,-0.156165089,3.717381702,0.091363068,0.658059173,0.021430074
8.956000,0.708655204,-0.145515836,3.737168065,0.088720416,0.659470356,0.021412851
8.957000,0.729139156,-0.134866582,3.756954428,0.086077764,0.660881539,0.021395628
8.958000,0.749103536,-0.124380363,3.776225023,0.083459611,0.662292576,0.021374057
8.959000,0.756771023,-0.110795297,3.781351517,0.081114698,0.663462282,0.021779389
8.960000,0.751618065,-0.094737034,3.780351978,0.079005213,0.664268832,0.022385074
8.961000,0.746465106,-0.078678771,3.779352439,0.076895728,0.665075382,0.022990759
8.962000,0.741312148,-0.062620508,3.778352899,0.074786243,0.665881932,0.023596444
8.963000,0.736955187,-0.049111309,3.778177774,0.072681174,0.666608718,0.024205554
8.964000,0.728818579,-0.064546427,3.782469316,0.071930224,0.666376126,0.023903834
8.965000,0.720011522,-0.086608097,3.786595483,0.071544808,0.665951952,0.023293238
8.966000,0.711204464,-0.108669766,3.790721650,0.071159391,0.665527779,0.022682642
8.967000,0.702397407,-0.130731436,3.794847817,0.070773975,0.665103606,0.022072046
8.968000,0.693124586,-0.152161450,3.799457786,0.070363487,0.664670193,0.021482483
8.969000,0.685928155,-0.157203197,3.808308289,0.070042792,0.664301798,0.021601105
8.970000,0.683524475,-0.151066609,3.818040240,0.069723418,0.664215143,0.022250658
8.971000,0.681120796,-0.144930021,3.827772190,0.069404045,0.664128488,0.022900212
8.972000,0.678717116,-0.138793433,3.837504140,0.069084672,0.664041833,0.023549765
8.973000,0.674901122,-0.133124316,3.847036225,0.068644842,0.663894232,0.024169754
8.974000,0.671227716,-0.121684918,3.841041482,0.065462031,0.663860924,0.024567881
8.975000,0.668788893,-0.101779706,3.822457241,0.060799356,0.663902633,0.024737790
8.976000,0.666350070,-0.081874495,3.803873000,0.056136681,0.663944343,0.024907699
8.977000,0.663911247,-0.061969283,3.785288758,0.051474006,0.663986052,0.025077608
8.978000,0.662203046,-0.043981586,3.768365644,0.047083953,0.664026627,0.025234004
8.979000,0.657602436,-0.046269114,3.770838419,0.045909149,0.663794340,0.025598218
8.980000,0.651517606,-0.059377357,3.780162018,0.046296281,0.663480700,0.026268772
8.981000,0.645432776,-0.072485601,3.789485617,0.046683412,0.663167060,0.026939325
8.982000,0.639347946,-0.085593844,3.798809216,0.047070543,0.662853420,0.027609879
8.983000,0.633581517,-0.098571745,3.808164344,0.047453339,0.662548207,0.028263261
8.984000,0.632864627,-0.099352591,3.799731517,0.047833068,0.662395700,0.028164525
8.985000,0.638366382,-0.088900263,3.785727076,0.048181617,0.662377569,0.026982029
8.986000,0.643868136,-0.078447935,3.771722635,0.048530167,0.662359439,0.025799534
8.987000,0.649369890,-0.067995606,3.757718194,0.048878716,0.662341309,0.024617038
8.988000,0.654811894,-0.057776665,3.743609546,0.049218336,0.662353573,0.023526646
8.989000,0.657874425,-0.055408592,3.756944381,0.048561967,0.662444660,0.024062722
8.990000,0.660329977,-0.059902795,3.781588371,0.046872884,0.662658133,0.025460212
8.991000,0.662785530,-0.064396997,3.806232360,0.045183802,0.662871606,0.026857702
8.992000,0.665241082,-0.068891199,3.830876350,0.043494719,0.663085079,0.028255191
8.993000,0.668028147,-0.072948661,3.855531601,0.041821824,0.663284992,0.029661814
8.994000,0.671321760,-0.069498286,3.864695745,0.040694687,0.663669580,0.031286164
8.995000,0.672016355,-0.056575452,3.872475717,0.039585984,0.664237828,0.032781610
8.996000,0.672710951,-0.043652617,3.880255689,0.038477280,0.664806076,0.034277056
8.997000,0.673405546,-0.030729783,3.888035661,0.037368577,0.665374324,0.035772502
8.998000,0.673476223,-0.018069021,3.893600709,0.036318767,0.665947797,0.037259942
8.999000,0.659574041,-0.028805931,3.887667796,0.037437150,0.666424119,0.038052656
9.000000,0.639859640,-0.049496412,3.877758618,0.039594571,0.666729602,0.038335147
9.001000,0.620145239,-0.070186893,3.867849440,0.041751991,0.667035086,0.038617637
9.002000,0.600430838,-0.090877374,3.857940262,0.043909411,0.667340569,0.038900128
9.003000,0.581085686,-0.110457446,3.849520515,0.045928041,0.667609100,0.039145094
9.004000,0.579096845,-0.100639330,3.873026335,0.044294669,0.668019246,0.039717304
9.005000,0.588362571,-0.078368655,3.916487302,0.040846264,0.668571835,0.041164247
9.006000,0.598217968,-0.055384095,3.960667563,0.037346008,0.669121201,0.042675567
9.007000,0.608073365,-0.032399535,4.004847824,0.033845753,0.669670567,0.044186886
9.008000,0.616921558,-0.010426634,4.048871386,0.030390415,0.670201617,0.045663589
9.009000,0.613463356,-0.008043472,4.060604835,0.028434387,0.671704589,0.046982306
9.010000,0.604669646,-0.017995638,4.048400030,0.027537890,0.673663461,0.046705922
9.011000,0.595875936,-0.027947804,4.036195225,0.026641393,0.675622333,0.046429537
9.012000,0.587082226,-0.037899970,4.023990421,0.025744896,0.677581205,0.046153153
9.013000,0.579482920,-0.046432697,4.014904731,0.024819847,0.679562243,0.045876328
9.014000,0.585768786,-0.048897700,4.033585342,0.023957215,0.681336294,0.045663528
9.015000,0.590334002,-0.061709873,4.070031950,0.023906720,0.682869466,0.045969729
9.016000,0.594899217,-0.074522047,4.106478557,0.023856224,0.684402638,0.046275929
9.017000,0.599464433,-0.087334220,4.142925165,0.023805729,0.685935810,0.046582130
9.018000,0.606228530,-0.099154730,4.175388254,0.023732275,0.687798310,0.046914226
9.019000,0.609457339,-0.116427213,4.179313668,0.023604597,0.690859756,0.046253749
9.020000,0.608360990,-0.124151933,4.175059740,0.021915028,0.693691371,0.043656097
9.021000,0.607264641,-0.131876654,4.170805812,0.020225459,0.696522985,0.041058444
9.022000,0.606168291,-0.139601375,4.166551883,0.018535890,0.699354600,0.038460792
9.023000,0.603446937,-0.144362032,4.162521674,0.016675987,0.702062514,0.035690096
9.024000,0.598447068,-0.129270676,4.149493366,0.014284015,0.704485079,0.033675466
9.025000,0.603752782,-0.110057531,4.120163695,0.012750566,0.707349438,0.033353980
9.026000,0.609058496,-0.090844386,4.090834025,0.011217117,0.710213797,0.033032495
9.027000,0.614364209,-0.071631241,4.061504354,0.009683669,0.713078155,0.032711009
9.028000,0.619937714,-0.055054207,4.035020064,0.008281752,0.715861470,0.032377082
9.029000,0.637261958,-0.061958186,4.040512588,0.007976295,0.717424018,0.032508227
9.030000,0.652594486,-0.072637182,4.058236476,0.007706479,0.718513237,0.032507885
9.031000,0.667927014,-0.083316178,4.075960364,0.007436662,0.719602457,0.032507542
9.032000,0.683259541,-0.093995173,4.093684253,0.007166845,0.720691676,0.032507200
9.033000,0.697602519,-0.103682410,4.109739267,0.006913704,0.721686945,0.032475759
9.034000,0.691770842,-0.106508838,4.082116280,0.007638676,0.722076149,0.032223108
9.035000,0.688576513,-0.117802049,4.031422582,0.009551283,0.722695729,0.032889662
9.036000,0.685382183,-0.129095260,3.980728884,0.011463889,0.723315309,0.033556217
9.037000,0.682187854,-0.140388470,3.930035187,0.013376496,0.723934889,0.034222771
9.038000,0.675845203,-0.151884108,3.882139539,0.014568519,0.724315958,0.035049881
9.039000,0.663309859,-0.126839883,3.852824148,0.010537940,0.722791549,0.035712227
9.040000,0.647323265,-0.077895147,3.832140421,0.004691848,0.720728750,0.035612380
9.041000,0.631336672,-0.028950410,3.811456695,-0.001154244,0.718665951,0.035512533
9.042000,0.615350079,0.019994326,3.790772968,-0.007000336,0.716603152,0.035412687
9.043000,0.600009974,0.065721363,3.770026163,-0.012510471,0.714491131,0.035187005
9.044000,0.598787257,0.058703373,3.746998213,-0.012937662,0.712160776,0.034354813
9.045000,0.600198781,0.030100092,3.719778800,-0.011118124,0.709447519,0.033399299
9.046000,0.601610306,0.001496811,3.692559388,-0.009298586,0.706734262,0.032443786
9.047000,0.603021831,-0.027106471,3.665339975,-0.007479047,0.704021004,0.031488273
9.048000,0.603803769,-0.054066398,3.637916505,-0.005725068,0.701206201,0.030461711
9.049000,0.582610749,-0.056032416,3.615699079,-0.004713867,0.696286689,0.029313479
9.050000,0.558578657,-0.049145877,3.594578298,-0.003907576,0.690778148,0.028092355
9.051000,0.534546565,-0.042259339,3.573457517,-0.003101286,0.685269608,0.026871231
9.052000,0.510514473,-0.035372801,3.552336736,-0.002294995,0.679761067,0.025650107
9.053000,0.489369266,-0.028000113,3.531260949,-0.001761208,0.674354069,0.024537123
9.054000,0.493256212,-0.021341904,3.512494103,-0.004395419,0.670063984,0.024164391
9.055000,0.497160599,-0.014408181,3.497548461,-0.008173756,0.665754602,0.024056301
9.056000,0.501064987,-0.007474459,3.482602819,-0.011952093,0.661445220,0.023948211
9.057000,0.504969374,-0.000540736,3.467657177,-0.015730430,0.657135839,0.023840120
9.058000,0.507882974,0.006190955,3.452690263,-0.019455732,0.652770488,0.023800531
9.059000,0.506941533,0.016073704,3.428272283,-0.021600188,0.647953993,0.024440500
9.060000,0.513602408,0.027854115,3.399124455,-0.023075967,0.643386649,0.025171982
9.061000,0.520263284,0.039634527,3.369976627,-0.024551746,0.638819305,0.025903465
9.062000,0.526924159,0.051414939,3.340828799,-0.026027525,0.634251962,0.026634948
9.063000,0.532162675,0.061143968,3.310396269,-0.027255886,0.629679551,0.027276433
9.064000,0.512618247,0.053012207,3.274513887,-0.026248049,0.624591834,0.027821694
9.065000,0.475718786,0.040568370,3.238300746,-0.024640304,0.618896370,0.028480050
9.066000,0.438819324,0.028124534,3.202087606,-0.023032559,0.613200907,0.029138406
9.067000,0.401919863,0.015680698,3.165874465,-0.021424814,0.607505443,0.029796762
9.068000,0.367072346,0.004883786,3.131589599,-0.019960798,0.601916534,0.030560161
9.069000,0.374410633,0.010528356,3.117780274,-0.020748851,0.598485872,0.031961525
9.070000,0.402353358,0.016560472,3.106875237,-0.022114583,0.596097998,0.033463191
9.071000,0.430296083,0.022592588,3.095970200,-0.023480314,0.593710124,0.034964857
9.072000,0.458238807,0.028624704,3.085065163,-0.024846046,0.591322251,0.036466523
9.073000,0.485613497,0.034653269,3.074004787,-0.026207856,0.588884440,0.037995067
9.074000,0.480530412,0.043794836,3.049798381,-0.027797792,0.585477545,0.040299844
9.075000,0.459425564,0.050641485,3.026163405,-0.029175888,0.581523059,0.042800219
9.076000,0.438320716,0.057488135,3.002528429,-0.030553984,0.577568572,0.045300595
9.077000,0.417215868,0.064334784,2.978893453,-0.031932080,0.573614085,0.047800970
9.078000,0.396155460,0.071066188,2.955426950,-0.033282835,0.569679988,0.050312124
9.079000,0.399991863,0.069049045,2.939754887,-0.033362978,0.566726242,0.054769318
9.080000,0.418749005,0.065366633,2.923088186,-0.033067596,0.564368032,0.060503107
9.081000,0.437506146,0.061684221,2.906421485,-0.032772214,0.562009823,0.066236896
9.082000,0.456263288,0.058001808,2.889754784,-0.032476831,0.559651613,0.071970684
9.083000,0.474580317,0.053818901,2.870718899,-0.032102659,0.557342484,0.077649771
9.084000,0.471741249,0.040620977,2.851951724,-0.030781291,0.554574583,0.082143608
9.085000,0.453565541,0.024155850,2.843502380,-0.029041352,0.551154089,0.085807354
9.086000,0.435389834,0.007690722,2.835053036,-0.027301413,0.547733596,0.089471101
9.087000,0.417214127,-0.008774405,2.826603692,-0.025561474,0.544313102,0.093134847
9.088000,0.400024434,-0.025849516,2.817499908,-0.023933352,0.540886845,0.096796591
9.089000,0.395879171,-0.037757193,2.799399821,-0.025753220,0.537237819,0.099978278
9.090000,0.399776313,-0.042588942,2.775543209,-0.029865903,0.533554010,0.102877060
9.091000,0.403673456,-0.047420690,2.751686597,-0.033978587,0.529870200,0.105775843
9.092000,0.407570598,-0.052252439,2.727829985,-0.038091270,0.526186391,0.108674625
9.093000,0.410884850,-0.056623677,2.704699610,-0.042026669,0.522426774,0.111565159
9.094000,0.397692252,-0.058960646,2.680092241,-0.043268085,0.517645301,0.114743128
9.095000,0.376127779,-0.067570780,2.653677091,-0.042960878,0.512503844,0.118204022
9.096000,0.354563307,-0.076180914,2.627261941,-0.042653672,0.507362387,0.121664916
9.097000,0.332998834,-0.084791048,2.600846791,-0.042346466,0.502220929,0.125125810
9.098000,0.311308910,-0.094693790,2.573671108,-0.041954028,0.497079230,0.128445310
9.099000,0.310744568,-0.128911834,2.545629993,-0.041182345,0.492662881,0.129932825
9.100000,0.326794401,-0.168235499,2.517621881,-0.040819559,0.488556010,0.130711411
9.101000,0.342844235,-0.207559164,2.489613770,-0.040456773,0.484449138,0.131489998
9.102000,0.358894069,-0.246882830,2.461605658,-0.040093987,0.480342267,0.132268584
9.103000,0.371355476,-0.279658321,2.427585677,-0.040056912,0.475933141,0.133052820
9.104000,0.383738600,-0.263773889,2.396039057,-0.041657150,0.469707967,0.134307402
9.105000,0.381848796,-0.229714827,2.367230188,-0.043789034,0.462018947,0.136273399
9.106000,0.379958991,-0.195655765,2.338421319,-0.045920918,0.454329927,0.138239397
9.107000,0.377208937,-0.162246494,2.309516526,-0.048047072,0.446585897,0.140222909
9.108000,0.360484523,-0.137421888,2.279136557,-0.050102939,0.438052919,0.142394473
9.109000,0.279525632,-0.138177350,2.215757299,-0.052064456,0.426850790,0.145474290
9.110000,0.182780742,-0.148432031,2.131461783,-0.053839648,0.415543231,0.148860603
9.111000,0.086035852,-0.158686712,2.047166267,-0.055614841,0.404235671,0.152246916
9.112000,-0.010772239,-0.168432864,1.963085091,-0.057401904,0.392956922,0.155613453
9.113000,-0.093000612,-0.171443564,1.882961578,-0.059228502,0.382275813,0.158598895
9.114000,-0.037274068,-0.189883867,1.831206978,-0.059051611,0.376496912,0.160417433
9.115000,0.046009930,-0.213279843,1.786095858,-0.058418052,0.371682233,0.162035148
9.116000,0.129293928,-0.236675819,1.740984738,-0.057784494,0.366867555,0.163652864
9.117000,0.212577927,-0.260071795,1.695873618,-0.057150935,0.362052876,0.165270579
9.118000,0.285371422,-0.281115201,1.651068149,-0.056558606,0.356789328,0.166796578
9.119000,0.283654291,-0.270295978,1.600737337,-0.056214451,0.347424182,0.167457284
9.120000,0.252832883,-0.243107497,1.549678342,-0.056173795,0.336546615,0.168051823
9.121000,0.222011476,-0.215919017,1.498619347,-0.056133139,0.325669047,0.168646362
9.122000,0.191190068,-0.188730537,1.447560352,-0.056092483,0.314791480,0.169240901
9.123000,0.163171271,-0.165501376,1.399080844,-0.056059315,0.304032921,0.169755759
9.124000,0.128693730,-0.163363881,1.347918629,-0.057056396,0.292534906,0.169675360
9.125000,0.090802153,-0.165720391,1.290059065,-0.058385478,0.280897962,0.169644493
9.126000,0.052910577,-0.168076901,1.232199501,-0.059714561,0.269261018,0.169613626
9.127000,0.015019000,-0.170433412,1.174339936,-0.061043644,0.257624074,0.169582758
9.128000,-0.022408167,-0.172496493,1.116696746,-0.062308504,0.246032968,0.169578912
9.129000,-0.035903450,-0.165188833,1.071848028,-0.061810612,0.235692414,0.169952814
9.130000,-0.034922294,-0.149597627,1.033178646,-0.060715050,0.225948817,0.170307492
9.131000,-0.033941138,-0.134006420,0.994509264,-0.059619489,0.216205220,0.170662169
9.132000,-0.032959981,-0.118415213,0.955839882,-0.058523927,0.206461623,0.171016846
9.133000,-0.029933609,-0.103271820,0.917195356,-0.057496480,0.196884994,0.171101407
9.134000,0.000172532,-0.090722593,0.896892387,-0.057556518,0.189913587,0.167819909
9.135000,0.040082252,-0.085049505,0.886239780,-0.058008381,0.183953929,0.162862018
9.136000,0.079991973,-0.079376417,0.875587173,-0.058460243,0.177994272,0.157904126
9.137000,0.119901693,-0.073703329,0.864934565,-0.058912105,0.172034614,0.152946234
9.138000,0.154898290,-0.070374087,0.853383367,-0.059334066,0.165766226,0.147578606
9.139000,0.133421507,-0.074394038,0.818928902,-0.060389292,0.156406538,0.137354146
9.140000,0.085709896,-0.079209782,0.780682340,-0.061613810,0.145808330,0.125504404
9.141000,0.037998285,-0.084025527,0.742435778,-0.062838328,0.135210122,0.113654662
9.142000,-0.009160382,-0.088958905,0.705480675,-0.064067329,0.124762322,0.101822949
9.143000,-0.056329326,-0.089437389,0.675059224,-0.065436476,0.114840046,0.090051479
9.144000,-0.085351241,-0.064441010,0.646183094,-0.067550230,0.106421120,0.077964046
9.145000,-0.068909777,-0.031651488,0.612368231,-0.070444181,0.101027152,0.065456700
9.146000,-0.032524035,0.009364385,0.569846135,-0.074105107,0.096561472,0.052417750
9.147000,0.003861707,0.050380258,0.527324039,-0.077766033,0.092095792,0.039378799
9.148000,0.037703543,0.085684118,0.484793103,-0.081169576,0.087579027,0.026205851
9.149000,0.040248914,0.073553620,0.453582122,-0.083040626,0.082161320,0.011412669
9.150000,0.039085164,0.055363654,0.423898134,-0.084640635,0.076075590,-0.003711837
9.151000,0.037921413,0.037173687,0.394214145,-0.086240644,0.069989861,-0.018836343
9.152000,0.036757662,0.018983721,0.364530157,-0.087840654,0.063904132,-0.033960849
9.153000,0.033190850,0.003428728,0.335711250,-0.089495358,0.057821685,-0.049114909
9.154000,0.013166952,0.019714680,0.309157686,-0.091754816,0.050503820,-0.063938356
9.155000,-0.010579406,0.044175875,0.283480013,-0.094139527,0.042869171,-0.078254141
9.156000,-0.034325763,0.068637071,0.257802339,-0.096524237,0.035234521,-0.092569926
9.157000,-0.058072120,0.093098267,0.232124665,-0.098908947,0.027599872,-0.106885712
9.158000,-0.077824837,0.118372424,0.204720217,-0.101504273,0.020076256,-0.121028025
9.159000,-0.048375000,0.157987073,0.167054539,-0.106478539,0.014889113,-0.132277459
9.160000,-0.001075434,0.197232907,0.121680552,-0.111750854,0.010526775,-0.142889276
9.161000,0.046224132,0.236478740,0.076306566,-0.117023168,0.006164437,-0.153501092
9.162000,0.093523698,0.275724574,0.030932579,-0.122295483,0.001802100,-0.164112909
9.163000,0.137352475,0.312738930,-0.015861582,-0.127103650,-0.002556460,-0.174644719
9.164000,0.138213193,0.316836488,-0.078644918,-0.125588012,-0.007154398,-0.184090162
9.165000,0.113386425,0.315516900,-0.145432236,-0.122045121,-0.012087521,-0.193482115
9.166000,0.088559657,0.314197311,-0.212219554,-0.118502230,-0.017020644,-0.202874068
9.167000,0.063732890,0.312877723,-0.279006872,-0.114959338,-0.021953766,-0.212266020
9.168000,0.039068756,0.308280813,-0.339503740,-0.111692931,-0.026966466,-0.221065113
9.169000,0.018107822,0.290630287,-0.352758115,-0.111501085,-0.032760424,-0.225350905
9.170000,0.000650876,0.260820280,-0.348900804,-0.111778551,-0.038769967,-0.228160521
9.171000,-0.016806070,0.231010273,-0.345043492,-0.112056017,-0.044779511,-0.230970138
9.172000,-0.034263015,0.201200267,-0.341186180,-0.112333483,-0.050789054,-0.233779754
9.173000,-0.046196480,0.176091460,-0.340599997,-0.112910259,-0.056562443,-0.236196742
9.174000,-0.014410686,0.234039631,-0.368114566,-0.118095422,-0.059964077,-0.233458691
9.175000,0.027487794,0.315258091,-0.408049734,-0.124201617,-0.062747874,-0.229434995
9.176000,0.069386274,0.396476552,-0.447984901,-0.130307811,-0.065531671,-0.225411298
9.177000,0.111284753,0.477695013,-0.487920068,-0.136414005,-0.068315468,-0.221387601
9.178000,0.150735070,0.553979476,-0.530525450,-0.142065974,-0.071082880,-0.217342263
9.179000,0.154888931,0.548475404,-0.585724799,-0.139959545,-0.073389690,-0.212845393
9.180000,0.142068841,0.496094301,-0.639790117,-0.133695915,-0.075430101,-0.207707158
9.181000,0.129248750,0.443713199,-0.693855435,-0.127432285,-0.077470512,-0.202568922
9.182000,0.116428660,0.391332096,-0.747920754,-0.121168656,-0.079510923,-0.197430687
9.183000,0.102923060,0.339165299,-0.795427012,-0.114982857,-0.081685288,-0.192289305
9.184000,0.083487820,0.297042849,-0.795009395,-0.110332432,-0.084648779,-0.185460750
9.185000,0.059977777,0.255661306,-0.784658050,-0.106372149,-0.088169005,-0.178231033
9.186000,0.036467735,0.214279764,-0.774306705,-0.102411866,-0.091689232,-0.171001315
9.187000,0.012957693,0.172898221,-0.763955360,-0.098451583,-0.095209458,-0.163771598
9.188000,-0.007324416,0.135025650,-0.753643131,-0.094925352,-0.098524978,-0.156429182
9.189000,0.020772594,0.173082781,-0.753317335,-0.099332279,-0.099173473,-0.147986906
9.190000,0.071834524,0.226727301,-0.761036838,-0.105617840,-0.098671967,-0.139541735
9.191000,0.122896454,0.280371821,-0.768756341,-0.111903400,-0.098170460,-0.131096564
9.192000,0.173958384,0.334016341,-0.776475844,-0.118188961,-0.097668954,-0.122651393
9.193000,0.219153000,0.382217729,-0.788366792,-0.123999412,-0.097278774,-0.114389242
9.194000,0.211843362,0.365231300,-0.819662862,-0.125254711,-0.098119151,-0.108075545
9.195000,0.179172387,0.330341542,-0.853453557,-0.125008590,-0.099655320,-0.102112891
9.196000,0.146501411,0.295451784,-0.887244251,-0.124762470,-0.101191489,-0.096150238
9.197000,0.113830435,0.260562027,-0.921034946,-0.124516349,-0.102727658,-0.090187585
9.198000,0.082231473,0.224117682,-0.953234747,-0.124020123,-0.104264640,-0.084095871
9.199000,0.051960113,0.187791207,-0.981965256,-0.121045261,-0.106150691,-0.076831878
9.200000,0.024837505,0.154349765,-1.006106479,-0.116935107,-0.108431035,-0.068908635
9.201000,-0.002285102,0.120908322,-1.030247702,-0.112824952,-0.110711379,-0.060985392
9.202000,-0.029407710,0.087466880,-1.054388926,-0.108714797,-0.112991722,-0.053062149
9.203000,-0.051752094,0.054136226,-1.077509926,-0.104910963,-0.115074798,-0.045076399
9.204000,-0.027221434,0.046690152,-1.094192921,-0.105874635,-0.115445392,-0.036120656
9.205000,0.016437138,0.053711093,-1.111129887,-0.108811417,-0.115204177,-0.026699888
9.206000,0.060095711,0.060732034,-1.128066852,-0.111748200,-0.114962962,-0.017279120
9.207000,0.103754283,0.067752974,-1.145003818,-0.114684982,-0.114721747,-0.007858352
9.208000,0.142901490,0.075463606,-1.162296459,-0.117367869,-0.114626244,0.001466258
9.209000,0.128548034,0.074310773,-1.184133588,-0.116584748,-0.116030303,0.009421712
9.210000,0.090152217,0.065612946,-1.217562623,-0.114269530,-0.117828187,0.016708640
9.211000,0.051756399,0.056915118,-1.250991657,-0.111954311,-0.119626071,0.023995568
9.212000,0.013360581,0.048217291,-1.284420692,-0.109639092,-0.121423955,0.031282496
9.213000,-0.024015629,0.035209051,-1.318803872,-0.106810332,-0.123087114,0.038384071
9.214000,-0.034485698,-0.005889673,-1.353259078,-0.099506637,-0.122928387,0.043152825
9.215000,-0.035651297,-0.044136987,-1.386539247,-0.091684079,-0.122404929,0.047148928
9.216000,-0.036816896,-0.082384301,-1.419819415,-0.083861520,-0.121881470,0.051145031
9.217000,-0.037982495,-0.120631615,-1.453099584,-0.076038961,-0.121358012,0.055141133
9.218000,-0.039030343,-0.156837524,-1.485137195,-0.068488195,-0.120779721,0.059079786
9.219000,-0.024354930,-0.160477338,-1.479980056,-0.065405912,-0.119149983,0.062139996
9.220000,-0.004238333,-0.157608322,-1.463370705,-0.063407684,-0.117057599,0.064775064
9.221000,0.015878265,-0.154739306,-1.446761354,-0.061409455,-0.114965215,0.067410133
9.222000,0.035994863,-0.151870289,-1.430152003,-0.059411227,-0.112872831,0.070045201
9.223000,0.056781876,-0.149723055,-1.412786930,-0.057361572,-0.110716397,0.072657980
9.224000,0.050819256,-0.156222477,-1.409055352,-0.055005142,-0.109027115,0.074116091
9.225000,0.026507477,-0.153031179,-1.409456336,-0.053608756,-0.107656129,0.075347883
9.226000,0.002195698,-0.149839882,-1.409857319,-0.052212370,-0.106285143,0.076579675
9.227000,-0.022116080,-0.146648584,-1.410258303,-0.050815984,-0.104914157,0.077811467
9.228000,-0.046114780,-0.145172062,-1.411518168,-0.049285053,-0.103549075,0.078988020
9.229000,-0.049685484,-0.168914680,-1.424525134,-0.044511565,-0.101550123,0.079257520
9.230000,-0.036296783,-0.195971043,-1.440641476,-0.038789479,-0.098651421,0.078457448
9.231000,-0.022908083,-0.223027407,-1.456757818,-0.033067393,-0.095752720,0.077657377
9.232000,-0.009519383,-0.250083771,-1.472874160,-0.027345307,-0.092854018,0.076857305
9.233000,0.003298059,-0.275883900,-1.488551272,-0.021799738,-0.089985940,0.076181761
9.234000,0.006128702,-0.274463435,-1.487623797,-0.019782045,-0.088179097,0.078399149
9.235000,0.000884468,-0.262490757,-1.477232377,-0.018845574,-0.086650404,0.081129133
9.236000,-0.004359766,-0.250518078,-1.466840957,-0.017909103,-0.085121711,0.083859117
9.237000,-0.009604000,-0.238545400,-1.456449537,-0.016972632,-0.083593019,0.086589100
9.238000,-0.014223085,-0.228048513,-1.444562328,-0.016160039,-0.082092789,0.089165565
9.239000,-0.021996918,-0.229179554,-1.442283709,-0.016738525,-0.081034247,0.090976493
9.240000,-0.027933248,-0.234955425,-1.447327132,-0.017896250,-0.080281584,0.092988065
9.241000,-0.033869578,-0.240731296,-1.452370555,-0.019053975,-0.079528920,0.094999636
9.242000,-0.039805908,-0.246507167,-1.457413978,-0.020211700,-0.078776257,0.097011208
9.243000,-0.046404154,-0.251999980,-1.462779731,-0.021407803,-0.078052383,0.098965733
9.244000,-0.035678328,-0.241237375,-1.462121116,-0.024440363,-0.077231034,0.101629198
9.245000,-0.006754215,-0.224046439,-1.456956631,-0.028087298,-0.075897502,0.104281836
9.246000,0.022169897,-0.206855504,-1.451792147,-0.031734233,-0.074563970,0.106934475
9.247000,0.051094010,-0.189664568,-1.446627662,-0.035381168,-0.073230438,0.109587114
9.248000,0.079805943,-0.168908722,-1.438915258,-0.039319968,-0.071928099,0.112363395
9.249000,0.100670477,-0.152604279,-1.431694037,-0.044299783,-0.070256555,0.114512306
9.250000,0.108896847,-0.140659211,-1.429339665,-0.049581306,-0.068916521,0.116394547
9.251000,0.117123217,-0.128714143,-1.426985294,-0.054862829,-0.067576488,0.118276788
9.252000,0.125349586,-0.116769075,-1.424630923,-0.060144352,-0.066236454,0.120159029
9.253000,0.132437493,-0.106075034,-1.424819241,-0.065304031,-0.064919780,0.121901991
9.254000,0.108122467,-0.124637920,-1.436749064,-0.067504755,-0.065414209,0.121496358
9.255000,0.078799207,-0.153872642,-1.446622274,-0.068326288,-0.066316028,0.120400289
9.256000,0.049475946,-0.183107365,-1.456495484,-0.069147822,-0.067217846,0.119304219
9.257000,0.020152686,-0.212342087,-1.466368694,-0.069969356,-0.068119665,0.118208149
9.258000,-0.006664731,-0.237729094,-1.475923475,-0.070962917,-0.069008335,0.117122251
9.259000,-0.013501878,-0.224700809,-1.468723030,-0.073410634,-0.069836540,0.115080070
9.260000,-0.019016319,-0.201169756,-1.460369216,-0.076341346,-0.070777179,0.112668229
9.261000,-0.024530761,-0.177638703,-1.452015402,-0.079272057,-0.071717817,0.110256389
9.262000,-0.030045203,-0.154107650,-1.443661588,-0.082202769,-0.072658456,0.107844548
9.263000,-0.034018183,-0.129690394,-1.435016145,-0.085160054,-0.073557034,0.105396985
9.264000,-0.020858637,-0.111192206,-1.436668158,-0.087610798,-0.073498229,0.102014103
9.265000,-0.000472153,-0.096749211,-1.444799237,-0.089896029,-0.072990091,0.098242198
9.266000,0.019914331,-0.082306216,-1.452930317,-0.092181260,-0.072481953,0.094470292
9.267000,0.040300815,-0.067863220,-1.461061397,-0.094466491,-0.071973816,0.090698387
9.268000,0.059172473,-0.055118311,-1.470012502,-0.096591793,-0.071552898,0.086885522
9.269000,0.053625044,-0.060979724,-1.485368807,-0.096487076,-0.072709076,0.081145948
9.270000,0.021732320,-0.076997335,-1.499964586,-0.095222776,-0.075332755,0.074216779
9.271000,-0.010160403,-0.093014947,-1.514560366,-0.093958475,-0.077956434,0.067287609
9.272000,-0.042053127,-0.109032558,-1.529156146,-0.092694175,-0.080580112,0.060358440
9.273000,-0.072322346,-0.124630160,-1.544183328,-0.091331529,-0.083149052,0.053410261
9.274000,-0.082621980,-0.121987425,-1.556823460,-0.088964950,-0.085521253,0.046192120
9.275000,-0.082320766,-0.110473866,-1.562726756,-0.086187114,-0.087661504,0.038954464
9.276000,-0.082019551,-0.098960308,-1.568630051,-0.083409277,-0.089801756,0.031716808
9.277000,-0.081718337,-0.087446749,-1.574533347,-0.080631440,-0.091942007,0.024479151
9.278000,-0.081101095,-0.077680727,-1.581323822,-0.077979066,-0.094026994,0.017350944
9.279000,-0.063386134,-0.063355100,-1.584276640,-0.077575059,-0.095704449,0.009916313
9.280000,-0.041771725,-0.050252402,-1.588000385,-0.078053350,-0.097398762,0.002082741
9.281000,-0.020157316,-0.037149703,-1.591724129,-0.078531641,-0.099093075,-0.005750831
9.282000,0.001457094,-0.024047005,-1.595447873,-0.079009932,-0.100787388,-0.013584402
9.283000,0.022296211,-0.012970110,-1.600961870,-0.079326294,-0.102523346,-0.021426753
9.284000,0.021142778,-0.008279466,-1.624914032,-0.078954396,-0.105257348,-0.028601089
9.285000,0.001572075,-0.008875668,-1.653444535,-0.077855096,-0.108723626,-0.035525245
9.286000,-0.017998627,-0.009471870,-1.681975039,-0.076755796,-0.112189905,-0.042449401
9.287000,-0.037569329,-0.010068073,-1.710505543,-0.075656495,-0.115656183,-0.049373557
9.288000,-0.051699574,-0.006648825,-1.737586979,-0.074804375,-0.118889591,-0.056128810
9.289000,-0.034638283,0.003496601,-1.750511429,-0.074009527,-0.121109269,-0.061693446
9.290000,-0.008067800,0.007165429,-1.763494961,-0.072251672,-0.123051891,-0.066756562
9.291000,0.018502683,0.010834256,-1.776478493,-0.070493817,-0.124994512,-0.071819677
9.292000,0.045373126,0.014385731,-1.789513187,-0.068728881,-0.126924925,-0.076868133
9.293000,0.070032306,0.015394249,-1.804826546,-0.066931657,-0.128896879,-0.081604581
9.294000,0.071123088,0.016982357,-1.826243593,-0.065727987,-0.131674284,-0.084883971
9.295000,0.064713712,0.017359131,-1.851342224,-0.064568316,-0.134528947,-0.087673297
9.296000,0.058241576,0.017676874,-1.876488284,-0.063406168,-0.137383889,-0.090461216
9.297000,0.051769439,0.017994618,-1.901634344,-0.062244019,-0.140238831,-0.093249135
9.298000,0.044915881,0.017271189,-1.926815219,-0.060949826,-0.143108414,-0.095886151
9.299000,0.040377089,0.018352244,-1.952523922,-0.060566142,-0.145608666,-0.096573408
9.300000,0.037149862,0.018269630,-1.980031044,-0.060426852,-0.147827662,-0.096808813
9.301000,0.033922636,0.018187016,-2.007538167,-0.060287562,-0.150046659,-0.097044218
9.302000,0.030695409,0.018104402,-2.035045289,-0.060148272,-0.152265655,-0.097279623
9.303000,0.029194119,0.019129299,-2.061948486,-0.060125262,-0.154384935,-0.097440626
9.304000,0.039511165,0.028284312,-2.072576532,-0.061251678,-0.155576905,-0.095856737
9.305000,0.049303409,0.038089179,-2.080279391,-0.062449061,-0.156579870,-0.093716926
9.306000,0.059095653,0.047894047,-2.087982251,-0.063646443,-0.157582834,-0.091577115
9.307000,0.068887897,0.057698915,-2.095685110,-0.064843826,-0.158585799,-0.089437304
9.308000,0.076614849,0.063577290,-2.103151538,-0.065984222,-0.159615900,-0.087220771
9.309000,0.075660269,0.056037776,-2.115934489,-0.067275496,-0.160378343,-0.084210561
9.310000,0.078908212,0.056760491,-2.128489077,-0.069505801,-0.160748127,-0.080572571
9.311000,0.082156156,0.057483206,-2.141043665,-0.071736107,-0.161117911,-0.076934581
9.312000,0.085404099,0.058205921,-2.153598253,-0.073966412,-0.161487695,-0.073296591
9.313000,0.089921820,0.058514962,-2.166841346,-0.076115435,-0.161788975,-0.069641562
9.314000,0.089454889,0.048913344,-2.193193323,-0.077173231,-0.161875542,-0.065748933
9.315000,0.086202695,0.033978069,-2.223826855,-0.077744183,-0.161810173,-0.061758664
9.316000,0.082950500,0.019042794,-2.254460387,-0.078315135,-0.161744804,-0.057768396
9.317000,0.079698305,0.004107519,-2.285093919,-0.078886087,-0.161679435,-0.053778127
9.318000,0.079460700,-0.008378614,-2.314240454,-0.079541098,-0.161445657,-0.049736788
9.319000,0.092540167,-0.005873941,-2.333512198,-0.080382015,-0.160740205,-0.045520854
9.320000,0.115288075,0.003580108,-2.349570659,-0.081273427,-0.159530823,-0.041357034
9.321000,0.138035982,0.013034158,-2.365629120,-0.082164839,-0.158321440,-0.037193214
9.322000,0.160783890,0.022488207,-2.381687581,-0.083056251,-0.157112058,-0.033029394
9.323000,0.175805090,0.026189485,-2.395089163,-0.083652134,-0.156268216,-0.028953350
9.324000,0.167219511,0.005292058,-2.394850939,-0.083286488,-0.156776194,-0.025320482
9.325000,0.156128210,-0.023323175,-2.390112667,-0.082812094,-0.157562675,-0.021802688
9.326000,0.145036910,-0.051938408,-2.385374396,-0.082337700,-0.158349156,-0.018284893
9.327000,0.133945609,-0.080553640,-2.380636124,-0.081863306,-0.159135637,-0.014767099
9.328000,0.123674655,-0.107182215,-2.376267742,-0.081603840,-0.159867949,-0.011288847
9.329000,0.121228084,-0.095819741,-2.390290436,-0.085467270,-0.159892495,-0.008491428
9.330000,0.123674626,-0.069299882,-2.413128491,-0.090600804,-0.159397732,-0.005972939
9.331000,0.126121169,-0.042780023,-2.435966547,-0.095734337,-0.158902969,-0.003454450
9.332000,0.128567712,-0.016260164,-2.458804603,-0.100867871,-0.158408206,-0.000935961
9.333000,0.129444494,0.007245077,-2.480259904,-0.105720997,-0.158047633,0.001564856
9.334000,0.137402534,-0.004119441,-2.498617627,-0.107405161,-0.157901345,0.003005753
9.335000,0.149073568,-0.023639199,-2.519514523,-0.108327564,-0.157815959,0.004179752
9.336000,0.160744603,-0.043158956,-2.540411419,-0.109249967,-0.157730573,0.005353752
9.337000,0.172415637,-0.062678713,-2.561308315,-0.110172371,-0.157645186,0.006527751
9.338000,0.182854769,-0.083081670,-2.581157558,-0.110871864,-0.157707625,0.007675471
9.339000,0.178756463,-0.088468020,-2.590457534,-0.110931576,-0.159381223,0.008266609
9.340000,0.173605926,-0.086530055,-2.589242855,-0.110580152,-0.161624330,0.008634139
9.341000,0.168380685,-0.084566787,-2.587960349,-0.110213561,-0.163877801,0.008994940
9.342000,0.163155444,-0.082603519,-2.586677843,-0.109846970,-0.166131272,0.009355740
9.343000,0.156294580,-0.081916030,-2.584633358,-0.109463039,-0.168478823,0.009617436
9.344000,0.146088489,-0.097142657,-2.583872617,-0.108774626,-0.171427486,0.009341767
9.345000,0.136928755,-0.120016736,-2.586886293,-0.108231488,-0.174812237,0.008605276
9.346000,0.132996057,-0.140664854,-2.589147703,-0.108481020,-0.178288651,0.007705677
9.347000,0.129356537,-0.161142309,-2.591297436,-0.108777663,-0.181762151,0.006806752
9.348000,0.125496339,-0.179675992,-2.594175663,-0.109287346,-0.185197002,0.006043253
9.349000,0.138446679,-0.172248637,-2.601898466,-0.111567303,-0.188094618,0.005407684
9.350000,0.165963844,-0.152217721,-2.612177439,-0.114698983,-0.190381477,0.004753767
9.351000,0.194369673,-0.130968355,-2.622870374,-0.117950687,-0.192609728,0.004087304
9.352000,0.222775503,-0.109718989,-2.633563309,-0.121202391,-0.194837979,0.003420840
9.353000,0.248273801,-0.090880676,-2.644355906,-0.124141125,-0.197249151,0.002609081
9.354000,0.244036802,-0.097174642,-2.663634286,-0.124399236,-0.201423433,0.001336710
9.355000,0.225637813,-0.112050941,-2.688266500,-0.123799848,-0.206401904,-0.000142442
9.356000,0.207238824,-0.126927239,-2.712898714,-0.123200459,-0.211380375,-0.001621594
9.357000,0.188839835,-0.141803538,-2.737530927,-0.122601071,-0.216358845,-0.003100746
9.358000,0.177520984,-0.154434961,-2.760693547,-0.121477089,-0.221058849,-0.004475956
9.359000,0.192697099,-0.163948383,-2.772780799,-0.117031716,-0.224742341,-0.005599738
9.360000,0.213333412,-0.173420422,-2.779290706,-0.112070005,-0.228202223,-0.006648399
9.361000,0.233975259,-0.182905508,-2.785774675,-0.107107278,-0.231662470,-0.007696874
9.362000,0.254617105,-0.192390595,-2.792258644,-0.102144550,-0.235122716,-0.008745350
9.363000,0.273457153,-0.201672434,-2.797627836,-0.097587671,-0.238707597,-0.009743049
9.364000,0.276680946,-0.196965055,-2.798085491,-0.098480360,-0.243104674,-0.010167149
9.365000,0.267707252,-0.184674096,-2.795140749,-0.101470074,-0.248375608,-0.010166069
9.366000,0.258733558,-0.172383137,-2.792196007,-0.104459788,-0.253646542,-0.010164988
9.367000,0.249759864,-0.160092178,-2.789251265,-0.107449501,-0.258917476,-0.010163907
9.368000,0.242099066,-0.147119774,-2.788682439,-0.110401724,-0.264008978,-0.010177458
9.369000,0.245533827,-0.140749886,-2.800630381,-0.112081123,-0.267693184,-0.010538977
9.370000,0.251960416,-0.138847192,-2.812384341,-0.113217393,-0.270777803,-0.011034677
9.371000,0.258387005,-0.136944499,-2.824138302,-0.114353663,-0.273862423,-0.011530378
9.372000,0.264813593,-0.135041805,-2.835892262,-0.115489933,-0.276947042,-0.012026079
9.373000,0.270860960,-0.133824668,-2.848663375,-0.116403787,-0.279993539,-0.012546518
9.374000,0.268111072,-0.141185295,-2.870078474,-0.115419775,-0.283308263,-0.012808399
9.375000,0.262669549,-0.163340397,-2.897523148,-0.112832323,-0.286843854,-0.013136562
9.376000,0.257228026,-0.185495500,-2.924967823,-0.110244871,-0.290379446,-0.013464725
9.377000,0.251786503,-0.207650602,-2.952412498,-0.107657419,-0.293915037,-0.013792887
9.378000,0.248619216,-0.227172598,-2.978136641,-0.105492150,-0.297403716,-0.014120152
9.379000,0.261970718,-0.210945917,-2.991522863,-0.108164876,-0.300758976,-0.013911803
9.380000,0.278271107,-0.167492513,-3.000691987,-0.113294294,-0.304028163,-0.013586517
9.381000,0.294571495,-0.124039108,-3.009861111,-0.118423712,-0.307297350,-0.013261231
9.382000,0.310871884,-0.080585703,-3.019030236,-0.123553131,-0.310566537,-0.012935945
9.383000,0.327902640,-0.040360710,-3.028548087,-0.128570376,-0.313851275,-0.012746292
9.384000,0.341623893,-0.035348854,-3.025953627,-0.132406792,-0.317397350,-0.014161151
9.385000,0.351570717,-0.044270759,-3.022415907,-0.135734714,-0.321003590,-0.016155962
9.386000,0.361517541,-0.053192664,-3.018878187,-0.139062635,-0.324609831,-0.018150773
9.387000,0.371464365,-0.062114569,-3.015340467,-0.142390557,-0.328216071,-0.020145584
9.388000,0.378380394,-0.072812205,-3.013954864,-0.145437699,-0.331933506,-0.022205426
9.389000,0.362121813,-0.080804737,-3.050597476,-0.146170417,-0.336270057,-0.024180783
9.390000,0.339986846,-0.091552504,-3.096406849,-0.145895705,-0.340773383,-0.026209427
9.391000,0.317851880,-0.102300270,-3.142216222,-0.145620994,-0.345276708,-0.028238070
9.392000,0.295716913,-0.113048037,-3.188025595,-0.145346283,-0.349780034,-0.030266714
9.393000,0.276032271,-0.121104991,-3.230573344,-0.145403254,-0.354299627,-0.032069463
9.394000,0.275094541,-0.133846878,-3.245930112,-0.146492354,-0.359350119,-0.032999005
9.395000,0.282073840,-0.154161963,-3.246425558,-0.147762764,-0.364549274,-0.033404562
9.396000,0.289068556,-0.174483589,-3.246906330,-0.149033386,-0.369747986,-0.033810079
9.397000,0.296063272,-0.194805214,-3.247387103,-0.150304008,-0.374946697,-0.034215595
9.398000,0.306083836,-0.210490130,-3.248306728,-0.152010059,-0.380004273,-0.034623828
9.399000,0.330794093,-0.171657387,-3.259812639,-0.158514167,-0.383993283,-0.034884982
9.400000,0.352484830,-0.113426117,-3.280529112,-0.166631571,-0.387670993,-0.035211697
9.401000,0.374175568,-0.055194847,-3.301245585,-0.174748975,-0.391348704,-0.035538412
9.402000,0.395866305,0.003036423,-3.321962058,-0.182866379,-0.395026415,-0.035865126
9.403000,0.413503733,0.058045861,-3.345020792,-0.190656776,-0.398788987,-0.036328888
9.404000,0.393585899,0.058532188,-3.390694335,-0.193132565,-0.403157246,-0.038481536
9.405000,0.366257517,0.039733371,-3.440690261,-0.193499593,-0.407825082,-0.041176991
9.406000,0.338894966,0.020836472,-3.490714557,-0.193852023,-0.412496418,-0.043875125
9.407000,0.311532415,0.001939574,-3.540738853,-0.194204453,-0.417167754,-0.046573259
9.408000,0.285288304,-0.016694322,-3.589744327,-0.194512748,-0.421847327,-0.049276319
9.409000,0.295295655,-0.029759348,-3.604609733,-0.194329469,-0.426719611,-0.052170896
9.410000,0.322468612,-0.045103983,-3.600912595,-0.194113189,-0.431545125,-0.054912518
9.411000,0.349685470,-0.060475382,-3.597144322,-0.193898238,-0.436369576,-0.057654196
9.412000,0.376902329,-0.075846781,-3.593376048,-0.193683287,-0.441194027,-0.060395874
9.413000,0.402770406,-0.091124254,-3.589453866,-0.193649201,-0.446030658,-0.063161132
9.414000,0.393556964,-0.085841891,-3.595608746,-0.198452577,-0.451431761,-0.065848990
9.415000,0.373423595,-0.068620980,-3.607215280,-0.205038284,-0.456914200,-0.068559418
9.416000,0.353290226,-0.051400070,-3.618821814,-0.211623992,-0.462396640,-0.071269846
9.417000,0.333156856,-0.034179159,-3.630428348,-0.218209699,-0.467879080,-0.073980274
9.418000,0.314460627,-0.019293145,-3.643977514,-0.224314482,-0.473280514,-0.076674310
9.419000,0.330777602,-0.026620639,-3.670942102,-0.225591601,-0.476642524,-0.079002105
9.420000,0.362148811,-0.047371112,-3.701681972,-0.225010359,-0.479114776,-0.081283216
9.421000,0.393520020,-0.068121586,-3.732421842,-0.224429117,-0.481587028,-0.083564326
9.422000,0.424891228,-0.088872059,-3.763161711,-0.223847874,-0.484059281,-0.085845437
9.423000,0.453037819,-0.108445889,-3.790367037,-0.223153953,-0.486624267,-0.088189955
9.424000,0.440519010,-0.129962987,-3.786811802,-0.221740827,-0.490821001,-0.091235750
9.425000,0.416211899,-0.152959796,-3.773847134,-0.219998796,-0.495635584,-0.094562385
9.426000,0.391904789,-0.175956605,-3.760882466,-0.218256765,-0.500450167,-0.097889021
9.427000,0.367597679,-0.198953414,-3.747917798,-0.216514735,-0.505264749,-0.101215656
9.428000,0.345470255,-0.218844920,-3.735692567,-0.215030985,-0.509910563,-0.104496530
9.429000,0.350503647,-0.186828425,-3.739158841,-0.218025483,-0.512403336,-0.107362212
9.430000,0.362168209,-0.126954976,-3.758453487,-0.223957054,-0.514118538,-0.110059514
9.431000,0.373832771,-0.067081527,-3.777748132,-0.229888625,-0.515833740,-0.112756815
9.432000,0.385497333,-0.007208078,-3.797042778,-0.235820197,-0.517548942,-0.115454117
9.433000,0.397434545,0.044109240,-3.812946694,-0.240814085,-0.519293129,-0.118136919
9.434000,0.409860627,0.024194730,-3.818608088,-0.238230069,-0.521378929,-0.120319271
9.435000,0.422694781,-0.017515440,-3.825346170,-0.233062595,-0.523508178,-0.121904967
9.436000,0.435707447,-0.059830373,-3.832081815,-0.227836054,-0.525632999,-0.123468662
9.437000,0.448720113,-0.102145307,-3.838817460,-0.222609513,-0.527757820,-0.125032357
9.438000,0.461598721,-0.142072283,-3.845418231,-0.217554454,-0.529862148,-0.126549582
9.439000,0.457921907,-0.126840479,-3.857204418,-0.216407494,-0.532079828,-0.126778843
9.440000,0.440993838,-0.079186640,-3.871070450,-0.217711520,-0.534303187,-0.126263328
9.441000,0.424045571,-0.031355129,-3.884886109,-0.219027371,-0.536523569,-0.125747666
9.442000,0.407097304,0.016476382,-3.898701768,-0.220343222,-0.538743951,-0.125232004
9.443000,0.391729218,0.061526684,-3.912832317,-0.221495995,-0.540841704,-0.124710115
9.444000,0.404727541,0.071329609,-3.928507909,-0.220991330,-0.541182130,-0.123822209
9.445000,0.437800927,0.064791601,-3.947903016,-0.219838246,-0.540493959,-0.123017841
9.446000,0.470885082,0.058217728,-3.967313717,-0.218684221,-0.539805138,-0.122214207
9.447000,0.503969237,0.051643856,-3.986724419,-0.217530197,-0.539116317,-0.121410573
9.448000,0.534928462,0.043349594,-4.006004809,-0.216210011,-0.538548369,-0.120627693
9.449000,0.546973055,0.041359389,-3.991257463,-0.214577774,-0.539320219,-0.119208199
9.450000,0.552267679,0.049714635,-3.942676014,-0.213026886,-0.541002713,-0.116823508
9.451000,0.557562228,0.058072865,-3.894080382,-0.211476109,-0.542685512,-0.114438672
9.452000,0.562856777,0.066431095,-3.845484750,-0.209925332,-0.544368311,-0.112053835
9.453000,0.565269569,0.075361429,-3.798326834,-0.208344123,-0.546143559,-0.109575401
9.454000,0.531699101,0.090616133,-3.791378863,-0.206502820,-0.548534961,-0.105743220
9.455000,0.482408996,0.108388754,-3.803954365,-0.204432660,-0.551025429,-0.101244038
9.456000,0.433118891,0.126161374,-3.816529868,-0.202362501,-0.553515897,-0.096744856
9.457000,0.383828785,0.143933995,-3.829105371,-0.200292341,-0.556006366,-0.092245675
9.458000,0.340492186,0.156154561,-3.840771482,-0.197888990,-0.558166433,-0.087763502
9.459000,0.347266728,0.133374237,-3.833909090,-0.192669035,-0.557966503,-0.082654924
9.460000,0.370646193,0.103339086,-3.816143238,-0.186704549,-0.557177483,-0.077294828
9.461000,0.394025658,0.073303935,-3.798377386,-0.180740062,-0.556388463,-0.071934733
9.462000,0.417405122,0.043268784,-3.780611534,-0.174775576,-0.555599442,-0.066574638
9.463000,0.439388780,0.016860856,-3.764244904,-0.169077345,-0.554835003,-0.061212283
9.464000,0.440357311,0.023966827,-3.784202111,-0.174344727,-0.559762712,-0.060498048
9.465000,0.433552983,0.040957264,-3.812186992,-0.172862147,-0.558926458,-0.055591243
9.466000,0.426748654,0.057947700,-3.840171873,-0.171379567,-0.558090203,-0.050684437
9.467000,0.419944326,0.074938137,-3.868156754,-0.169896987,-0.557253949,-0.045777632
9.468000,0.413777467,0.089855327,-3.895089070,-0.168203907,-0.556482103,-0.040871915
9.469000,0.440500985,0.061790829,-3.896556739,-0.163725580,-0.555596692,-0.036341632
9.470000,0.484247118,0.016665001,-3.883627263,-0.158122013,-0.554704599,-0.032020552
9.471000,0.528300005,-0.028671350,-3.870700503,-0.152489353,-0.553810821,-0.027707209
9.472000,0.572352892,-0.074007702,-3.857773742,-0.146856692,-0.552917044,-0.023393867
9.473000,0.611185771,-0.114732517,-3.845134654,-0.141578357,-0.552200541,-0.019042805
9.474000,0.578200179,-0.109091345,-3.837166355,-0.139282860,-0.553970096,-0.014259486
9.475000,0.506547776,-0.084631408,-3.837695218,-0.138019683,-0.557142533,-0.009143364
9.476000,0.434895374,-0.060171471,-3.838224081,-0.136756506,-0.560314969,-0.004027241
9.477000,0.363242972,-0.035711533,-3.838752944,-0.135493329,-0.563487406,0.001088881
9.478000,0.296251380,-0.016776062,-3.839196591,-0.133978418,-0.566416845,0.005972749
9.479000,0.286119499,-0.038237520,-3.836402066,-0.130613282,-0.566583947,0.009134522
9.480000,0.296534598,-0.071334091,-3.830458021,-0.126628699,-0.565732116,0.011721192
9.481000,0.306949698,-0.104430662,-3.824513977,-0.122644116,-0.564880284,0.014307862
9.482000,0.317364798,-0.137527233,-3.818569933,-0.118659534,-0.564028452,0.016894532
9.483000,0.329015541,-0.169301157,-3.812276364,-0.114805659,-0.563056742,0.019401308
9.484000,0.373053606,-0.186646370,-3.810785998,-0.113150216,-0.559868107,0.020004977
9.485000,0.434064440,-0.196907440,-3.816568981,-0.112578121,-0.555367989,0.019624998
9.486000,0.495075274,-0.207168509,-3.822351963,-0.112006025,-0.550867872,0.019245019
9.487000,0.556086108,-0.217429578,-3.828134946,-0.111433929,-0.546367754,0.018865041
9.488000,0.611439052,-0.227925405,-3.832058676,-0.110570859,-0.542317167,0.018860596
9.489000,0.636718075,-0.237930310,-3.817677970,-0.106814433,-0.540302900,0.020942794
9.490000,0.661608427,-0.247885850,-3.798262625,-0.102257307,-0.538514168,0.023701056
9.491000,0.684947228,-0.254899392,-3.776745439,-0.097600537,-0.536872832,0.026712525
9.492000,0.708286029,-0.261912934,-3.755228252,-0.092943767,-0.535231496,0.029723994
9.493000,0.729938984,-0.265976449,-3.735460031,-0.088520232,-0.533609619,0.032938809
9.494000,0.725683672,-0.233202068,-3.732824637,-0.089263888,-0.532485591,0.037367871
9.495000,0.704653560,-0.174161401,-3.729691959,-0.093439023,-0.531707495,0.041910047
9.496000,0.683591755,-0.114855854,-3.726520667,-0.097639544,-0.530927594,0.046460985
9.497000,0.662529950,-0.055550307,-3.723349375,-0.101840066,-0.530147693,0.051011923
9.498000,0.641364079,-0.000443791,-3.717326438,-0.105837984,-0.529464258,0.055408603
9.499000,0.602943836,-0.020307922,-3.673725353,-0.104604897,-0.531138992,0.057646717
9.500000,0.567605765,-0.065614692,-3.620497675,-0.101059894,-0.533119963,0.059393120
9.501000,0.532267693,-0.110921463,-3.567269998,-0.097514891,-0.535100933,0.061139522
9.502000,0.496929622,-0.156228233,-3.514042321,-0.093969888,-0.537081904,0.062885925
9.503000,0.458112121,-0.197152817,-3.463382811,-0.090529550,-0.538945325,0.064578699
9.504000,0.428585846,-0.212956148,-3.444221917,-0.088088940,-0.537754436,0.065137139
9.505000,0.410728356,-0.225260867,-3.432610653,-0.086017929,-0.535281914,0.065018680
9.506000,0.392870867,-0.237565586,-3.420999388,-0.083946917,-0.532809392,0.064900222
9.507000,0.375013377,-0.249870306,-3.409388124,-0.081875905,-0.530336869,0.064781763
9.508000,0.358382953,-0.261057228,-3.397368074,-0.079875320,-0.527786836,0.064675507
9.509000,0.339441456,-0.248684032,-3.389422663,-0.079134200,-0.524740942,0.066150355
9.510000,0.313366532,-0.227036626,-3.388768618,-0.078926118,-0.521562642,0.068459482
9.511000,0.287291608,-0.205389220,-3.388114574,-0.078718036,-0.518384342,0.070768609
9.512000,0.261216684,-0.183741814,-3.387460530,-0.078509955,-0.515206042,0.073077736
9.513000,0.237235580,-0.163678758,-3.385089687,-0.078290337,-0.511988952,0.075336464
9.514000,0.260443589,-0.158552469,-3.367971470,-0.078312368,-0.507005720,0.076813072
9.515000,0.301359371,-0.155683830,-3.344148085,-0.078586001,-0.501421632,0.077932244
9.516000,0.342275154,-0.152815190,-3.320324699,-0.078859634,-0.495837544,0.079051415
9.517000,0.383190936,-0.149946551,-3.296501313,-0.079133267,-0.490253456,0.080170587
9.518000,0.423486278,-0.146250651,-3.272298406,-0.079456783,-0.484689167,0.081232979
9.519000,0.421852200,-0.119636490,-3.251040470,-0.080554663,-0.480000552,0.081333813
9.520000,0.390155284,-0.081590522,-3.239814421,-0.081833716,-0.475788159,0.081168512
9.521000,0.355478216,-0.042570973,-3.230043451,-0.083162318,-0.471610592,0.081001861
9.522000,0.320801148,-0.003551424,-3.220272481,-0.084490921,-0.467433026,0.080835210
9.523000,0.290906639,0.031680344,-3.208512307,-0.085555553,-0.463129904,0.080591034
9.524000,0.301291599,0.009415537,-3.186418909,-0.083254387,-0.456804205,0.079493964
9.525000,0.339483045,-0.056132801,-3.154411211,-0.078604399,-0.448911981,0.077438567
9.526000,0.378474729,-0.123702977,-3.121763529,-0.073837056,-0.441006000,0.075293627
9.527000,0.417466413,-0.191273153,-3.089115846,-0.069069712,-0.433100019,0.073148686
9.528000,0.452895274,-0.255308530,-3.057676255,-0.064539265,-0.425345767,0.070993559
9.529000,0.447426343,-0.250748103,-3.040533581,-0.064437552,-0.419528028,0.068920124
9.530000,0.426931143,-0.220955196,-3.028032113,-0.066157355,-0.414473961,0.066885325
9.531000,0.406435943,-0.191162289,-3.015530645,-0.067877157,-0.409419894,0.064850526
9.532000,0.385940742,-0.161369382,-3.003029176,-0.069596960,-0.404365828,0.062815727
9.533000,0.366754306,-0.132178116,-2.987742024,-0.071279125,-0.399281840,0.060748294
9.534000,0.362653794,-0.119394337,-2.950299788,-0.072390775,-0.393700047,0.058419092
9.535000,0.364103001,-0.117786505,-2.911222352,-0.072975379,-0.388135739,0.056179805
9.536000,0.365552208,-0.116178673,-2.872144916,-0.073559983,-0.382571431,0.053940519
9.537000,0.367166105,-0.113733731,-2.832989069,-0.074156772,-0.376986038,0.051692585
9.538000,0.369157988,-0.104989627,-2.793609730,-0.074818238,-0.371212699,0.049341875
9.539000,0.367454146,-0.093224435,-2.769768039,-0.073924795,-0.364783631,0.046887009
9.540000,0.362336278,-0.087147298,-2.754766490,-0.072000338,-0.358026522,0.044334214
9.541000,0.357218410,-0.081070162,-2.739764941,-0.070075880,-0.351269412,0.041781419
9.542000,0.352100542,-0.074993026,-2.724763392,-0.068151422,-0.344512302,0.039228624
9.543000,0.347531478,-0.068887845,-2.708728561,-0.066265391,-0.337734337,0.036661776
9.544000,0.336043182,-0.072050821,-2.680804360,-0.064740895,-0.331103862,0.034009808
9.545000,0.316580064,-0.082975386,-2.644386680,-0.063112201,-0.324798667,0.031273103
9.546000,0.293235560,-0.097434122,-2.610146342,-0.061702995,-0.318601736,0.028479075
9.547000,0.269891057,-0.111892858,-2.575906004,-0.060293790,-0.312404805,0.025685048
9.548000,0.247153065,-0.124467596,-2.540520802,-0.059045426,-0.306276347,0.022887651
9.549000,0.250141679,-0.113222897,-2.493992312,-0.059476592,-0.300065948,0.019510404
9.550000,0.264077721,-0.090424145,-2.447403484,-0.060806972,-0.293802867,0.015937363
9.551000,0.278013763,-0.067625394,-2.400814657,-0.062137352,-0.287539785,0.012364321
9.552000,0.291949804,-0.044826643,-2.354225829,-0.063467732,-0.281276704,0.008791280
9.553000,0.305536209,-0.022065693,-2.308132252,-0.064778577,-0.275018749,0.005229871
9.554000,0.297247298,-0.019488742,-2.299567709,-0.063530756,-0.269116980,0.001925164
9.555000,0.279124526,-0.031703904,-2.309480068,-0.060795409,-0.263330205,-0.001402492
9.556000,0.261001754,-0.043919067,-2.319392427,-0.058060063,-0.257543429,-0.004730148
9.557000,0.242878982,-0.056134229,-2.329304786,-0.055324716,-0.251756653,-0.008057804
9.558000,0.225814132,-0.068668186,-2.337178297,-0.052613023,-0.245932910,-0.011447360
9.559000,0.235743293,-0.072922150,-2.303932898,-0.052129331,-0.239371395,-0.015668244
9.560000,0.255002880,-0.068292812,-2.259478883,-0.053239282,-0.232560249,-0.020209179
9.561000,0.274262467,-0.063663474,-2.215024869,-0.054349232,-0.225749103,-0.024750113
9.562000,0.293522053,-0.059034136,-2.170570854,-0.055459183,-0.218937956,-0.029291048
9.563000,0.313645106,-0.056959928,-2.125339394,-0.056233639,-0.212187502,-0.033548423
9.564000,0.318747343,-0.063085217,-2.086909649,-0.054767799,-0.205942145,-0.036359589
9.565000,0.313684093,-0.073478416,-2.050514116,-0.052205020,-0.200115246,-0.038749281
9.566000,0.308620843,-0.083871614,-2.014118584,-0.049642241,-0.194288348,-0.041138973
9.567000,0.303557593,-0.094264813,-1.977723051,-0.047079462,-0.188461449,-0.043528665
9.568000,0.299313124,-0.103583653,-1.942096229,-0.044701497,-0.182599551,-0.045900119
9.569000,0.308839094,-0.079583499,-1.923220897,-0.046613463,-0.176633811,-0.047729807
9.570000,0.319224698,-0.041557024,-1.907000544,-0.050321658,-0.170654180,-0.049431865
9.571000,0.329610301,-0.003530549,-1.890780191,-0.054029853,-0.164674549,-0.051133923
9.572000,0.339995904,0.034495926,-1.874559838,-0.057738048,-0.158694918,-0.052835981
9.573000,0.348631631,0.066539580,-1.858415457,-0.060790668,-0.152743707,-0.054552217
9.574000,0.320724717,0.070212960,-1.831122267,-0.058889345,-0.147554570,-0.056218954
9.575000,0.281405353,0.068428470,-1.803767053,-0.055873638,-0.142689402,-0.057979018
9.576000,0.242085989,0.066643979,-1.776411839,-0.052857932,-0.137824234,-0.059739082
9.577000,0.202766625,0.064859489,-1.749056624,-0.049842225,-0.132959066,-0.061499146
9.578000,0.167580960,0.062628093,-1.719788474,-0.046976416,-0.128018942,-0.063207690
9.579000,0.178170361,0.074319083,-1.683715549,-0.047656830,-0.122877280,-0.064279747
9.580000,0.202089447,0.094132286,-1.644006947,-0.049547585,-0.117772652,-0.065054821
9.581000,0.226008532,0.113945488,-1.604298346,-0.051438340,-0.112668024,-0.065829895
9.582000,0.249927618,0.133758691,-1.564589744,-0.053329095,-0.107563396,-0.066604970
9.583000,0.269726268,0.154681708,-1.525531335,-0.055139688,-0.102606232,-0.067378417
9.584000,0.254276053,0.172457965,-1.486166191,-0.055596786,-0.098365457,-0.068156322
9.585000,0.230518959,0.181180422,-1.449482849,-0.055663327,-0.094067236,-0.069080887
9.586000,0.206761865,0.189902878,-1.412799508,-0.055729867,-0.089769016,-0.070005452
9.587000,0.183004771,0.198625335,-1.376116166,-0.055796407,-0.085470795,-0.070930016
9.588000,0.161363635,0.205352837,-1.340277501,-0.055714715,-0.081112712,-0.071755320
9.589000,0.181001781,0.190522461,-1.317932332,-0.054360877,-0.075638972,-0.071218470
9.590000,0.217409275,0.169972851,-1.298109722,-0.052448337,-0.069713807,-0.070094969
9.591000,0.253816769,0.149423241,-1.278287111,-0.050535798,-0.063788642,-0.068971469
9.592000,0.290224263,0.128873631,-1.258464501,-0.048623259,-0.057863478,-0.067847969
9.593000,0.325944700,0.110523917,-1.239145135,-0.046864934,-0.051924288,-0.066802813
9.594000,0.330755170,0.115959688,-1.225153923,-0.047120878,-0.046636411,-0.066646978
9.595000,0.309739308,0.126538216,-1.209838915,-0.048151317,-0.042073763,-0.066823177
9.596000,0.288723445,0.137116744,-1.194523907,-0.049181757,-0.037511115,-0.066999376
9.597000,0.267707582,0.147695272,-1.179208899,-0.050212197,-0.032948466,-0.067175575
9.598000,0.247040750,0.157467583,-1.163345640,-0.051145881,-0.028465429,-0.067250025
9.599000,0.245581898,0.146955121,-1.132898700,-0.050147379,-0.024672547,-0.066067492
9.600000,0.260532631,0.129479115,-1.092989478,-0.048397651,-0.020830190,-0.064495673
9.601000,0.275946249,0.112029492,-1.052935812,-0.046649347,-0.016982345,-0.062916188
9.602000,0.291359867,0.094579870,-1.012882146,-0.044901043,-0.013134500,-0.061336702
9.603000,0.305957311,0.078055897,-0.972991001,-0.043231270,-0.009289504,-0.059845220
9.604000,0.294447197,0.082666302,-0.943297137,-0.043756155,-0.006347609,-0.058660468
9.605000,0.269419493,0.089484203,-0.924192332,-0.045078824,-0.003902582,-0.057426554
9.606000,0.244391790,0.096302104,-0.905087527,-0.046401492,-0.001457555,-0.056192640
9.607000,0.219364087,0.103120005,-0.885982722,-0.047724161,0.000987472,-0.054958726
9.608000,0.195335741,0.110927734,-0.866989387,-0.048966254,0.003411894,-0.053584078
9.609000,0.193850671,0.105442339,-0.842927496,-0.047832480,0.006252401,-0.051266784
9.610000,0.201868289,0.091225210,-0.814289222,-0.045658020,0.009511426,-0.048600179
9.611000,0.209885906,0.077008081,-0.785650948,-0.043483559,0.012770451,-0.045933573
9.612000,0.217903524,0.062790953,-0.757012674,-0.041309098,0.016029475,-0.043266968
9.613000,0.226698366,0.047795901,-0.728349699,-0.039114025,0.019332297,-0.040639026
9.614000,0.228306418,0.029165160,-0.700888204,-0.038114696,0.022473413,-0.038677598
9.615000,0.217741874,-0.000160413,-0.685520794,-0.037426873,0.025422366,-0.037187846
9.616000,0.207177329,-0.029485986,-0.670153383,-0.036739051,0.028371319,-0.035698094
9.617000,0.196612785,-0.058811559,-0.654785972,-0.036051228,0.031320272,-0.034208342
9.618000,0.184917060,-0.083652256,-0.638956966,-0.035493895,0.034122671,-0.032634193
9.619000,0.166709506,-0.050929831,-0.631140625,-0.036128485,0.035138813,-0.030073992
9.620000,0.150730656,-0.007217048,-0.621017508,-0.037010845,0.035870787,-0.027386841
9.621000,0.134751806,0.036495734,-0.610894391,-0.037893206,0.036602761,-0.024699690
9.622000,0.118772955,0.080208516,-0.600771274,-0.038775566,0.037334735,-0.022012539
9.623000,0.104064965,0.121062437,-0.590374830,-0.039548395,0.038099693,-0.019337978
9.624000,0.116495949,0.102023308,-0.561663150,-0.038985506,0.039456607,-0.016807316
9.625000,0.142492699,0.056966791,-0.521407802,-0.037647001,0.041167380,-0.014321550
9.626000,0.168489449,0.011910273,-0.481152453,-0.036308495,0.042878154,-0.011835783
9.627000,0.194486198,-0.033146244,-0.440897105,-0.034969990,0.044588928,-0.009350017
9.628000,0.219519046,-0.076079035,-0.401398799,-0.033807682,0.046274196,-0.006813201
9.629000,0.215393758,-0.069465360,-0.377139932,-0.034874668,0.046853854,-0.003555829
9.630000,0.200890566,-0.040144758,-0.358091887,-0.037167899,0.046899190,-0.000068420
9.631000,0.186387373,-0.010824156,-0.339043842,-0.039461130,0.046944526,0.003418988
9.632000,0.171884181,0.018496446,-0.319995797,-0.041754362,0.046989862,0.006906396
9.633000,0.157844563,0.043548396,-0.300127458,-0.043740009,0.047004842,0.010331612
9.634000,0.160007097,0.023371442,-0.277884926,-0.042260541,0.047446858,0.012671984
9.635000,0.170303720,-0.015644492,-0.253018376,-0.039388636,0.048105724,0.014638456
9.636000,0.180600343,-0.054660426,-0.228151827,-0.036516731,0.048764590,0.016604928
9.637000,0.190896967,-0.093676360,-0.203285277,-0.033644826,0.049423456,0.018571400
9.638000,0.199642810,-0.130052140,-0.179222714,-0.030948778,0.050045325,0.020564062
9.639000,0.183781457,-0.122906084,-0.161884189,-0.030598072,0.049749824,0.023613555
9.640000,0.155810132,-0.099978490,-0.144156607,-0.031361214,0.048767318,0.026938232
9.641000,0.127838807,-0.077050897,-0.126429025,-0.032124356,0.047784811,0.030262909
9.642000,0.099867482,-0.054123303,-0.108701443,-0.032887497,0.046802305,0.033587586
9.643000,0.073830536,-0.033576679,-0.090263574,-0.033476356,0.045865538,0.036867749
9.644000,0.065031837,-0.030271059,-0.071447425,-0.032451605,0.045011772,0.039167704
9.645000,0.059138267,-0.034343885,-0.055932418,-0.030633006,0.044033562,0.041266676
9.646000,0.053244696,-0.038416712,-0.040417410,-0.028814408,0.043055351,0.043365648
9.647000,0.047351125,-0.042489539,-0.024902403,-0.026995809,0.042077141,0.045464620
9.648000,0.042589706,-0.046592227,-0.008829051,-0.025306570,0.041157544,0.047574390
9.649000,0.052800820,-0.051764582,0.018899561,-0.025137735,0.040655807,0.049697009
9.650000,0.074691579,-0.058671462,0.051150084,-0.025806008,0.040377699,0.051959732
9.651000,0.096582338,-0.065578341,0.083400607,-0.026474281,0.040099591,0.054222455
9.652000,0.118473097,-0.072485221,0.115651130,-0.027142554,0.039821483,0.056485178
9.653000,0.137952569,-0.078568893,0.146855311,-0.027789152,0.039501178,0.058745651
9.654000,0.126437666,-0.061068676,0.146867632,-0.029117576,0.038913085,0.060860862
9.655000,0.101670232,-0.036453910,0.129704346,-0.030390579,0.038189797,0.062663347
9.656000,0.076902797,-0.011839144,0.112541061,-0.031663581,0.037466508,0.064465832
9.657000,0.052135363,0.012775621,0.095377776,-0.032936584,0.036743220,0.066268316
9.658000,0.029888178,0.033261796,0.078958117,-0.033931857,0.036059429,0.068004468
9.659000,0.040874114,-0.007444475,0.089379198,-0.030788923,0.035956937,0.068631989
9.660000,0.058448532,-0.067849845,0.108343863,-0.026090013,0.035804621,0.068937678
9.661000,0.076022950,-0.128255214,0.127308528,-0.021391103,0.035652305,0.069243367
9.662000,0.093597369,-0.188660583,0.146273193,-0.016692193,0.035499989,0.069549056
9.663000,0.108680145,-0.241003167,0.168360703,-0.012766031,0.035245644,0.069943874
9.664000,0.096536716,-0.223000701,0.199706432,-0.015227951,0.033477784,0.070709248
9.665000,0.066873889,-0.167827207,0.239756789,-0.021112251,0.031024238,0.071496029
9.666000,0.037211062,-0.112653714,0.279807145,-0.026996551,0.028570691,0.072282809
9.667000,0.007548234,-0.057480220,0.319857502,-0.032880852,0.026117145,0.073069589
9.668000,-0.016627705,-0.008966058,0.354161499,-0.037836880,0.023993158,0.073846906
9.669000,-0.001046531,-0.005487058,0.342245608,-0.036115885,0.024438650,0.074480064
9.670000,0.020874056,-0.010325939,0.320807872,-0.033057815,0.025278751,0.075231341
9.671000,0.042794644,-0.015164820,0.299370137,-0.029999745,0.026118851,0.075982618
9.672000,0.064715232,-0.020003702,0.277932401,-0.026941675,0.026958952,0.076733895
9.673000,0.082427333,-0.023275056,0.262641381,-0.024145474,0.027568335,0.077377629
9.674000,0.071550537,-0.048271219,0.280172817,-0.019635806,0.026861089,0.076635140
9.675000,0.050815023,-0.086452431,0.307166875,-0.013858295,0.025743797,0.075391168
9.676000,0.030079509,-0.124633642,0.334160934,-0.008080783,0.024626505,0.074147197
9.677000,0.009343995,-0.162814854,0.361154992,-0.002303272,0.023509213,0.072903225
9.678000,-0.013490879,-0.198224779,0.388652551,0.003068054,0.022313485,0.071699576
9.679000,-0.040084142,-0.182948931,0.419305584,0.002411898,0.020649723,0.071523411
9.680000,-0.059920035,-0.140612660,0.449269813,-0.001137092,0.018929405,0.071914710
9.681000,-0.079727726,-0.098195430,0.479270198,-0.004695490,0.017208374,0.072307876
9.682000,-0.099535418,-0.055778200,0.509270583,-0.008253888,0.015487342,0.072701043
9.683000,-0.115882287,-0.015583357,0.535427972,-0.011628050,0.013979271,0.073051884
9.684000,-0.092762697,-0.007189599,0.536272392,-0.012800056,0.014992578,0.072850372
9.685000,-0.053839140,-0.009161628,0.536275473,-0.013177836,0.016906608,0.072400490
9.686000,-0.014910124,-0.011299285,0.536473802,-0.013546209,0.018816738,0.071948942
9.687000,0.024018893,-0.013436942,0.536672132,-0.013914582,0.020726868,0.071497395
9.688000,0.059300229,-0.017666685,0.537246468,-0.013896051,0.022519460,0.070990994
9.689000,0.045387468,-0.053876721,0.545415483,-0.009239552,0.022117672,0.069825771
9.690000,0.015106932,-0.097007885,0.552167800,-0.003354165,0.020990333,0.068693581
9.691000,-0.015173604,-0.140139048,0.558920117,0.002531222,0.019862993,0.067561391
9.692000,-0.045454140,-0.183270212,0.565672434,0.008416609,0.018735653,0.066429202
9.693000,-0.073806199,-0.226040097,0.574040085,0.014130501,0.017681844,0.065237633
9.694000,-0.071977872,-0.233988920,0.592442598,0.015529335,0.017780197,0.064194631
9.695000,-0.057307421,-0.217169135,0.611082468,0.014710308,0.018211755,0.063280910
9.696000,-0.042636969,-0.200349349,0.629722337,0.013891281,0.018643313,0.062367188
9.697000,-0.027966517,-0.183529563,0.648362207,0.013072254,0.019074870,0.061453466
9.698000,-0.014349089,-0.165925821,0.667216105,0.012094733,0.019457850,0.060618575
9.699000,-0.014905475,-0.149700543,0.686107519,0.010685475,0.019809103,0.060381487
9.700000,-0.019376704,-0.139372479,0.703061834,0.009441968,0.020408252,0.060237405
9.701000,-0.023847932,-0.129044414,0.720016148,0.008198461,0.021007400,0.060093324
9.702000,-0.028319161,-0.118716350,0.736970463,0.006954954,0.021606549,0.059949243
9.703000,-0.032813558,-0.106799630,0.754304670,0.005742647,0.022158785,0.059806580
9.704000,-0.030032469,-0.106558226,0.767319365,0.006292086,0.022761191,0.058835624
9.705000,-0.031975327,-0.113226024,0.776890602,0.007744359,0.023292241,0.057298766
9.706000,-0.033918185,-0.119893821,0.786461839,0.009196632,0.023823292,0.055761908
9.707000,-0.035861043,-0.126561619,0.796033075,0.010648905,0.024354342,0.054225049
9.708000,-0.036694742,-0.134217562,0.804989057,0.012230287,0.024950956,0.052677036
9.709000,-0.048119920,-0.134135257,0.813632242,0.015284228,0.025229172,0.051332106
9.710000,-0.069563114,-0.130193142,0.827755647,0.019210911,0.024918680,0.050134492
9.711000,-0.091006309,-0.126251026,0.841879052,0.023137594,0.024608189,0.048936878
9.712000,-0.112449503,-0.122308911,0.856002457,0.027064277,0.024297698,0.047739264
9.713000,-0.131361743,-0.121013918,0.869694778,0.030956192,0.024224135,0.046610713
9.714000,-0.127260251,-0.132557627,0.893331469,0.033560628,0.025527750,0.045581329
9.715000,-0.107380662,-0.143859547,0.924645504,0.035181111,0.027436654,0.044436649
9.716000,-0.087501072,-0.155161468,0.955959540,0.036801594,0.029345558,0.043291970
9.717000,-0.067621483,-0.166463388,0.987273575,0.038422077,0.031254462,0.042147290
9.718000,-0.047738307,-0.177252560,1.018712492,0.040076318,0.033153910,0.040988820
9.719000,-0.038640159,-0.163688593,1.051234789,0.040388592,0.034593583,0.040411692
9.720000,-0.036528641,-0.136471339,1.080281235,0.040009519,0.036078306,0.039806097
9.721000,-0.034417122,-0.109254085,1.109327682,0.039630446,0.037563029,0.039200502
9.722000,-0.032305604,-0.082036831,1.138374128,0.039251373,0.039047752,0.038594908
9.723000,-0.028565741,-0.055018347,1.166616532,0.038868958,0.040612867,0.037992658
9.724000,-0.021009875,-0.059263419,1.181296282,0.040082246,0.042907055,0.036565604
9.725000,-0.016560837,-0.083663326,1.186584309,0.042466010,0.045384132,0.034582416
9.726000,-0.012111800,-0.108063233,1.191872337,0.044849773,0.047861209,0.032599229
9.727000,-0.007662763,-0.132463139,1.197160365,0.047233536,0.050338287,0.030616041
9.728000,-0.002709283,-0.156538677,1.202967726,0.049605436,0.052835585,0.028637754
9.729000,0.001450858,-0.170224244,1.217289592,0.051780796,0.055528244,0.027000524
9.730000,0.008015857,-0.178515817,1.237592358,0.053717261,0.058276615,0.025785155
9.731000,0.014580857,-0.186807391,1.257895124,0.055653727,0.061024985,0.024569785
9.732000,0.021145856,-0.195098964,1.278197889,0.057590192,0.063773356,0.023354415
9.733000,0.026003145,-0.203069662,1.298374703,0.059452740,0.066418020,0.022151336
9.734000,0.028637600,-0.186515162,1.321783562,0.059245600,0.069069446,0.021684316
9.735000,0.026679662,-0.146693950,1.347643323,0.057245109,0.071557182,0.022106704
9.736000,0.024721724,-0.106872738,1.373503083,0.055244619,0.074044918,0.022529091
9.737000,0.022763786,-0.067051527,1.399362844,0.053244129,0.076532653,0.022951479
9.738000,0.022066173,-0.028573625,1.425311307,0.051260602,0.079096217,0.023300385
9.739000,0.026240243,-0.031833944,1.440156571,0.050949271,0.082121791,0.022947326
9.740000,0.030884980,-0.063268015,1.437981944,0.052111970,0.085683934,0.022704980
9.741000,0.035536521,-0.094655539,1.435732494,0.053278210,0.089246399,0.022471919
9.742000,0.040188063,-0.126043064,1.433483044,0.054444449,0.092808865,0.022238858
9.743000,0.045445335,-0.155182557,1.432132271,0.055610601,0.096339873,0.021961086
9.744000,0.034331192,-0.170216233,1.442575991,0.057448170,0.098569213,0.021685855
9.745000,0.018241744,-0.160640603,1.449203731,0.059103957,0.100979369,0.021546676
9.746000,0.001634467,-0.141999830,1.455095523,0.060752319,0.103385013,0.021588671
9.747000,-0.014972809,-0.123359056,1.460987315,0.062400680,0.105790657,0.021630666
9.748000,-0.028906436,-0.103873895,1.465910839,0.063976736,0.108315214,0.021661473
9.749000,-0.017457169,-0.103132657,1.457683502,0.065602133,0.112488859,0.021485118
9.750000,-0.003725214,-0.121394526,1.442015510,0.067879940,0.116802387,0.021684062
9.751000,0.010006741,-0.139656396,1.426347518,0.070157746,0.121115915,0.021883006
9.752000,0.023738697,-0.157918266,1.410679526,0.072435552,0.125429443,0.022081951
9.753000,0.036821711,-0.175953536,1.394510711,0.074678984,0.129823958,0.022258495
9.754000,0.041670130,-0.182896117,1.384740340,0.076007559,0.133601693,0.022607505
9.755000,0.052499199,-0.181582849,1.383006105,0.076654934,0.137349760,0.022653300
9.756000,0.063328269,-0.180269581,1.381271870,0.077302309,0.141097828,0.022699095
9.757000,0.074157338,-0.178956314,1.379537636,0.077949684,0.144845895,0.022744889
9.758000,0.085193265,-0.176183799,1.378403023,0.078639207,0.148522207,0.022854093
9.759000,0.084693444,-0.172644651,1.376296705,0.080804457,0.151524551,0.023370461
9.760000,0.073466494,-0.176928992,1.375272406,0.084060869,0.153844634,0.023818212
9.761000,0.062239545,-0.181213333,1.374248107,0.087317281,0.156164717,0.024265962
9.762000,0.051012595,-0.185497674,1.373223808,0.090573693,0.158484800,0.024713712
9.763000,0.040189981,-0.190044727,1.372249037,0.093853058,0.160862566,0.025202892
9.764000,0.047472292,-0.202373232,1.385453515,0.096445785,0.163750879,0.025752300
9.765000,0.060013239,-0.220313233,1.405401396,0.099027655,0.167072764,0.026015996
9.766000,0.072554186,-0.238253235,1.425349277,0.101609525,0.170394648,0.026279691
9.767000,0.085095134,-0.256193236,1.445297159,0.104191395,0.173716533,0.026543387
9.768000,0.098680661,-0.269870296,1.465656067,0.106577468,0.177107448,0.026787392
9.769000,0.091761221,-0.258848828,1.472590317,0.107062205,0.180661931,0.027075340
9.770000,0.081784555,-0.236064441,1.473009214,0.106474602,0.184638258,0.027491698
9.771000,0.071807890,-0.213280055,1.473428111,0.105887000,0.188614585,0.027908056
9.772000,0.061831224,-0.190495668,1.473847008,0.105299397,0.192590912,0.028324413
9.773000,0.052967648,-0.169694012,1.475102574,0.104840063,0.196618711,0.028702553
9.774000,0.066913171,-0.176399808,1.478970056,0.106642703,0.201991372,0.028473476
9.775000,0.083942266,-0.193232149,1.482831077,0.109293046,0.207656493,0.028037100
9.776000,0.100565772,-0.210538499,1.486636567,0.111979388,0.213337023,0.027592180
9.777000,0.117189279,-0.227844849,1.490442057,0.114665730,0.219017553,0.027147259
9.778000,0.132080070,-0.248191263,1.493369064,0.117547008,0.224732684,0.026734722
9.779000,0.128240185,-0.252576636,1.507510811,0.120443386,0.230225828,0.026813298
9.780000,0.113155859,-0.256985635,1.520214758,0.123934311,0.235906889,0.026895620
9.781000,0.098071534,-0.261394635,1.532918704,0.127425235,0.241587950,0.026977942
9.782000,0.082987208,-0.265803634,1.545622651,0.130916160,0.247269012,0.027060264
9.783000,0.066488037,-0.267996937,1.560239591,0.134357941,0.252873702,0.027147585
9.784000,0.067895601,-0.268648882,1.571729097,0.137338944,0.259018133,0.027343149
9.785000,0.089156372,-0.260793958,1.587190761,0.139593424,0.265522184,0.027739113
9.786000,0.110417142,-0.252939034,1.602652424,0.141847903,0.272026236,0.028135078
9.787000,0.131677913,-0.245084109,1.618114088,0.144102383,0.278530287,0.028531042
9.788000,0.154116379,-0.237191561,1.633796878,0.146342809,0.285095434,0.028890740
9.789000,0.178934943,-0.243380216,1.652655333,0.149383418,0.292151817,0.029266390
9.790000,0.193172361,-0.262236253,1.670355417,0.153200732,0.298946916,0.029633517
9.791000,0.207409780,-0.281092290,1.688055501,0.157018046,0.305742015,0.030000645
9.792000,0.221647198,-0.299948327,1.705755586,0.160835360,0.312537114,0.030367772
9.793000,0.234870618,-0.317711002,1.723653596,0.164700652,0.319308191,0.030794280
9.794000,0.242478956,-0.313671022,1.735185087,0.167692383,0.326435824,0.031326318
9.795000,0.247768363,-0.303080529,1.742646205,0.170756932,0.333630370,0.031955213
9.796000,0.253057771,-0.292490037,1.750107323,0.173821482,0.340824916,0.032584108
9.797000,0.258347178,-0.281899544,1.757568441,0.176886031,0.348019462,0.033213003
9.798000,0.262538072,-0.269804556,1.765528047,0.179924181,0.355154283,0.033791158
9.799000,0.268301864,-0.278432283,1.779280907,0.184733018,0.361418701,0.034207726
9.800000,0.285401284,-0.292567962,1.799494617,0.189880704,0.367588661,0.034826449
9.801000,0.302500705,-0.306703642,1.819708328,0.195028390,0.373758621,0.035445173
9.802000,0.319600126,-0.320839322,1.839922038,0.200176077,0.379928582,0.036063896
9.803000,0.336029241,-0.337019663,1.860531037,0.205425010,0.386039997,0.036625308
9.804000,0.341535157,-0.340962055,1.890398471,0.210222915,0.390934254,0.037350169
9.805000,0.334509132,-0.341842970,1.926766555,0.214813787,0.394858670,0.037991964
9.806000,0.327483106,-0.342723885,1.963134638,0.219404658,0.398783085,0.038633759
9.807000,0.320457080,-0.343604801,1.999502721,0.223995530,0.402707500,0.039275553
9.808000,0.311613051,-0.343615352,2.037513486,0.228407586,0.406450067,0.039769664
9.809000,0.302324682,-0.349577825,2.075908978,0.231019348,0.409906360,0.039619606
9.810000,0.298519313,-0.358248635,2.107788840,0.233005300,0.413414750,0.039211758
9.811000,0.294713945,-0.366919444,2.139668702,0.234991253,0.416923141,0.038803909
9.812000,0.290908576,-0.375590253,2.171548565,0.236977205,0.420431532,0.038396061
9.813000,0.287402174,-0.383663484,2.201412208,0.238766167,0.423859706,0.038082958
9.814000,0.285918527,-0.378100023,2.221017846,0.238594787,0.426516637,0.038293768
9.815000,0.292554926,-0.371716183,2.240417565,0.237466920,0.429235741,0.038576298
9.816000,0.299191325,-0.365332343,2.259817284,0.236339054,0.431954845,0.038858828
9.817000,0.305827724,-0.358948503,2.279217003,0.235211187,0.434673949,0.039141357
9.818000,0.312737002,-0.352388678,2.298477403,0.234055703,0.437403221,0.039407312
9.819000,0.310413110,-0.351190444,2.313598869,0.233475162,0.439462050,0.040033598
9.820000,0.300369285,-0.355805396,2.327832912,0.233136630,0.441048512,0.040685552
9.821000,0.290325460,-0.360420347,2.342066954,0.232798098,0.442634973,0.041337505
9.822000,0.280281635,-0.365035299,2.356300997,0.232459566,0.444221434,0.041989458
9.823000,0.270181220,-0.371221556,2.370552113,0.232137611,0.445783076,0.042647747
9.824000,0.276857067,-0.383544583,2.391287876,0.229917130,0.447737824,0.043239357
9.825000,0.287357096,-0.392083337,2.415216805,0.226874677,0.449728241,0.043818567
9.826000,0.297857126,-0.400622092,2.439145733,0.223832225,0.451718659,0.044397777
9.827000,0.308357155,-0.409160847,2.463074662,0.220789772,0.453709076,0.044976987
9.828000,0.319415238,-0.417018638,2.485825427,0.217817200,0.455708305,0.045521296
9.829000,0.326347899,-0.409532773,2.491686261,0.214973197,0.457276694,0.045246122
9.830000,0.333757497,-0.397532762,2.489877151,0.211816753,0.458914528,0.044784078
9.831000,0.341167096,-0.385532750,2.488068042,0.208660310,0.460552361,0.044322034
9.832000,0.348576694,-0.373532738,2.486258932,0.205503867,0.462190194,0.043859990
9.833000,0.355706636,-0.364098169,2.485096663,0.202472150,0.463770834,0.043330821
9.834000,0.352738486,-0.367970145,2.493777825,0.199662314,0.464294000,0.042347122
9.835000,0.339629350,-0.370592718,2.506540466,0.196401099,0.464189653,0.041118883
9.836000,0.326520214,-0.373215291,2.519303107,0.193139885,0.464085306,0.039890645
9.837000,0.313411078,-0.375837864,2.532065748,0.189878670,0.463980960,0.038662406
9.838000,0.300380226,-0.378016391,2.546099066,0.186552395,0.463871574,0.037477630
9.839000,0.295697563,-0.361642034,2.554280317,0.182080880,0.464150225,0.036954864
9.840000,0.297324969,-0.331468600,2.561742706,0.176866447,0.464390041,0.036666492
9.841000,0.298952376,-0.301295165,2.569205095,0.171652013,0.464629856,0.036378119
9.842000,0.300579782,-0.271121731,2.576667483,0.166437579,0.464869672,0.036089747
9.843000,0.301950090,-0.242674382,2.583553819,0.161450606,0.465123960,0.035780135
9.844000,0.308669221,-0.241477996,2.580754870,0.160801386,0.465883068,0.035219846
9.845000,0.315470081,-0.258611223,2.575110351,0.162425798,0.466974644,0.034539281
9.846000,0.322270941,-0.275744449,2.569465832,0.164050209,0.468066220,0.033858715
9.847000,0.329071802,-0.292877676,2.563821313,0.165674621,0.469157796,0.033178150
9.848000,0.335702755,-0.307610676,2.559431383,0.167225404,0.470205527,0.032565612
9.849000,0.330065509,-0.323777261,2.577933007,0.168205063,0.470573494,0.031919264
9.850000,0.319413074,-0.339409320,2.603061259,0.168883787,0.470472576,0.031315850
9.851000,0.308760640,-0.355041378,2.628189512,0.169562510,0.470371659,0.030712436
9.852000,0.298108205,-0.370673437,2.653317764,0.170241234,0.470270741,0.030109022
9.853000,0.287560360,-0.385383080,2.678316594,0.170774809,0.470209106,0.029509829
9.854000,0.292502632,-0.351840867,2.694812854,0.166080665,0.471127784,0.030091657
9.855000,0.306624408,-0.298988243,2.707333959,0.159333501,0.472576407,0.031442648
9.856000,0.320746184,-0.246135619,2.719855064,0.152586338,0.474025030,0.032793639
9.857000,0.334867960,-0.193282996,2.732376169,0.145839174,0.475473654,0.034144630
9.858000,0.349394168,-0.145017457,2.741569265,0.139499198,0.477106531,0.035314093
9.859000,0.367225744,-0.140595696,2.713525573,0.138532491,0.479970273,0.035309264
9.860000,0.382396405,-0.151257896,2.678720299,0.139659453,0.482871071,0.034984392
9.861000,0.397567066,-0.161920095,2.643915024,0.140786414,0.485771868,0.034659521
9.862000,0.412737726,-0.172582295,2.609109750,0.141913375,0.488672666,0.034334649
9.863000,0.427770746,-0.183828481,2.575848856,0.143086314,0.491513865,0.034009796
9.864000,0.417851477,-0.210418984,2.600906296,0.145330751,0.491914821,0.034131620
9.865000,0.398121600,-0.236440923,2.645600827,0.147481340,0.491394886,0.034352734
9.866000,0.378391722,-0.262462862,2.690295357,0.149631929,0.490874951,0.034573847
9.867000,0.358661845,-0.288484801,2.734989887,0.151782518,0.490355016,0.034794961
9.868000,0.342138355,-0.309236757,2.779512737,0.153486892,0.489984376,0.035137901
9.869000,0.364215170,-0.270959153,2.813035904,0.149696393,0.491757849,0.036796202
9.870000,0.399945650,-0.221245459,2.840400336,0.144368077,0.494507086,0.038926721
9.871000,0.435676130,-0.171531765,2.867764769,0.139039760,0.497256323,0.041057241
9.872000,0.471406610,-0.121818071,2.895129201,0.133711444,0.500005560,0.043187760
9.873000,0.503902795,-0.078579725,2.917788214,0.129244171,0.502883924,0.045088935
9.874000,0.508057356,-0.095066333,2.909976492,0.129835086,0.505424450,0.045723306
9.875000,0.500559518,-0.134333573,2.890188546,0.132682767,0.507910998,0.045775937
9.876000,0.493061681,-0.173600812,2.870400600,0.135530449,0.510397546,0.045828568
9.877000,0.485563843,-0.212868051,2.850612654,0.138378130,0.512884094,0.045881199
9.878000,0.476586329,-0.250260982,2.837510976,0.141196234,0.515108077,0.045993488
9.879000,0.461689307,-0.263064566,2.854207311,0.142770867,0.515671215,0.045915239
9.880000,0.443436807,-0.259262527,2.881468912,0.143261800,0.515266862,0.045859994
9.881000,0.425184307,-0.255460489,2.908730513,0.143752733,0.514862509,0.045804749
9.882000,0.406966104,-0.251652720,2.935959722,0.144241194,0.514459132,0.045748692
9.883000,0.392774114,-0.246860283,2.960712120,0.144441426,0.514189209,0.045652039
9.884000,0.410465043,-0.226117893,2.992572781,0.142036985,0.515284972,0.046250367
9.885000,0.440427361,-0.203279326,3.025094043,0.138935487,0.516977750,0.047133572
9.886000,0.470389679,-0.180440759,3.057615305,0.135833989,0.518670529,0.048016776
9.887000,0.500351997,-0.157602192,3.090136566,0.132732492,0.520363307,0.048899981
9.888000,0.530212085,-0.135947977,3.121959693,0.129767825,0.522069481,0.049736707
9.889000,0.535602366,-0.162382055,3.122132273,0.130813455,0.522968156,0.049123562
9.890000,0.529666740,-0.203285039,3.112261792,0.133008334,0.523342850,0.047922349
9.891000,0.523731115,-0.244188023,3.102391311,0.135203213,0.523717544,0.046721136
9.892000,0.517795489,-0.285091007,3.092520830,0.137398091,0.524092238,0.045519923
9.893000,0.511081719,-0.323882200,3.085999519,0.139681033,0.524440381,0.044391500
9.894000,0.491134453,-0.347042849,3.096863097,0.142803670,0.523963566,0.043683625
9.895000,0.465615706,-0.366018170,3.112521407,0.146581490,0.523204745,0.043178871
9.896000,0.440096959,-0.384993490,3.128179716,0.150359310,0.522445924,0.042674118
9.897000,0.414578212,-0.403968811,3.143838025,0.154137130,0.521687104,0.042169365
9.898000,0.390441072,-0.422274210,3.159336541,0.157698479,0.520962069,0.041614855
9.899000,0.404804127,-0.400364153,3.173246325,0.156051375,0.522046952,0.041141693
9.900000,0.433123743,-0.360511694,3.188711679,0.152686586,0.523885615,0.040956735
9.901000,0.461443359,-0.320659236,3.204177033,0.149321798,0.525724277,0.040771776
9.902000,0.489762975,-0.280806777,3.219642387,0.145957009,0.527562940,0.040586818
9.903000,0.516851745,-0.241794576,3.234214619,0.142679103,0.529392672,0.040395830
9.904000,0.514174042,-0.226901419,3.229877572,0.141556839,0.530761640,0.040418746
9.905000,0.502957009,-0.218634983,3.217905079,0.140764536,0.532204542,0.040289884
9.906000,0.491739975,-0.210368548,3.205932586,0.139972233,0.533647443,0.040161023
9.907000,0.480522942,-0.202102112,3.193960094,0.139179929,0.535090344,0.040032161
9.908000,0.469063354,-0.194382794,3.182352971,0.138420650,0.536522594,0.039887160
9.909000,0.464201976,-0.208472729,3.203411124,0.138681571,0.537702089,0.038726027
9.910000,0.463821288,-0.228537004,3.233321261,0.139299961,0.538793493,0.037450901
9.911000,0.463440600,-0.248601280,3.263231398,0.139918351,0.539884896,0.036175775
9.912000,0.463059911,-0.268665556,3.293141536,0.140536741,0.540976300,0.034900650
9.913000,0.462873252,-0.287777612,3.322437414,0.141102677,0.542116018,0.033649338
9.914000,0.477742730,-0.283839543,3.327735341,0.140515295,0.545308206,0.033309482
9.915000,0.499163997,-0.266003450,3.328858246,0.139623275,0.549540697,0.033062060
9.916000,0.520585263,-0.248167357,3.329981150,0.138731256,0.553773187,0.032814637
9.917000,0.542006530,-0.230331264,3.331104054,0.137839236,0.558005678,0.032567215
9.918000,0.563454940,-0.212649894,3.333160704,0.136908059,0.562178370,0.032322373
9.919000,0.572751463,-0.209559911,3.351166094,0.135976941,0.565087185,0.031593106
9.920000,0.572489469,-0.221251142,3.376965586,0.134846295,0.567124267,0.030845085
9.921000,0.571762525,-0.237718996,3.406058967,0.133691088,0.569107476,0.030122383
9.922000,0.571035582,-0.254186850,3.435152348,0.132535882,0.571090685,0.029399681
9.923000,0.570754810,-0.269816383,3.463104518,0.131401070,0.573135307,0.028643925
9.924000,0.570776390,-0.263641018,3.476924497,0.129902101,0.575856177,0.028227620
9.925000,0.568358639,-0.243802183,3.487358257,0.128310136,0.578723559,0.028132368
9.926000,0.565940888,-0.223963349,3.497792017,0.126718172,0.581590941,0.028037115
9.927000,0.563523137,-0.204124515,3.508225777,0.125126208,0.584458323,0.027941863
9.928000,0.562569174,-0.185951400,3.518289839,0.123543094,0.587394750,0.027852120
9.929000,0.581917179,-0.180907235,3.522470786,0.122388582,0.591247909,0.027456650
9.930000,0.612314553,-0.178629367,3.527577353,0.121274976,0.595426106,0.026980734
9.931000,0.642711927,-0.176351499,3.532683920,0.120161371,0.599604302,0.026504817
9.932000,0.673109301,-0.174073631,3.537790487,0.119047765,0.603782498,0.026028900
9.933000,0.701114199,-0.171079590,3.543287081,0.117940580,0.607842789,0.025520485
9.934000,0.706405852,-0.165087525,3.559587621,0.116976998,0.610772859,0.024796750
9.935000,0.700533772,-0.158285399,3.572247485,0.116135078,0.613170409,0.023900252
9.936000,0.694661692,-0.151483273,3.584907348,0.115293157,0.615567959,0.023003753
9.937000,0.688789612,-0.144681147,3.597567211,0.114451236,0.617965508,0.022107254
9.938000,0.683063522,-0.138204371,3.609329155,0.113476513,0.620373325,0.021310489
9.939000,0.672674302,-0.132725728,3.603205429,0.111566899,0.622950264,0.021608304
9.940000,0.664182146,-0.130379709,3.589823763,0.109534306,0.625747562,0.022148591
9.941000,0.655689990,-0.128033689,3.576442096,0.107501712,0.628544860,0.022688878
9.942000,0.646982289,-0.124463309,3.564422287,0.105448475,0.631287970,0.023243787
9.943000,0.638482593,-0.118068999,3.556137545,0.103354058,0.633909511,0.023807690
9.944000,0.654425304,-0.114326471,3.568205036,0.101663880,0.636899181,0.023424980
9.945000,0.687814486,-0.116287298,3.591486171,0.100299814,0.640433700,0.022253052
9.946000,0.725734488,-0.118933171,3.617143544,0.098884795,0.644229490,0.020979151
9.947000,0.763654490,-0.121579043,3.642800917,0.097469776,0.648025280,0.019705249
9.948000,0.796532816,-0.124382597,3.667307654,0.096153298,0.651581342,0.018577732
9.949000,0.784159011,-0.132484181,3.677144840,0.095867476,0.653152448,0.018759094
9.950000,0.753761567,-0.141172543,3.679483664,0.095857009,0.653762629,0.019408695
9.951000,0.723369564,-0.149284240,3.681888249,0.095824819,0.654354471,0.020084958
9.952000,0.692977561,-0.157395937,3.684292834,0.095792629,0.654946312,0.020761221
9.953000,0.664405878,-0.166745252,3.685516330,0.095742070,0.655575506,0.021375571
9.954000,0.667687300,-0.166814343,3.697595339,0.094005721,0.656647990,0.021447298
9.955000,0.688171252,-0.156165089,3.717381702,0.091363068,0.658059173,0.021430074
9.956000,0.708655204,-0.145515836,3.737168065,0.088720416,0.659470356,0.021412851
9.957000,0.729139156,-0.134866582,3.756954428,0.086077764,0.660881539,0.021395628
9.958000,0.749103536,-0.124380363,3.776225023,0.083459611,0.662292576,0.021374057
9.959000,0.756771023,-0.110795297,3.781351517,0.081114698,0.663462282,0.021779389
9.960000,0.751618065,-0.094737034,3.780351978,0.079005213,0.664268832,0.022385074
9.961000,0.746465106,-0.078678771,3.779352439,0.076895728,0.665075382,0.022990759
9.962000,0.741312148,-0.062620508,3.778352899,0.074786243,0.665881932,0.023596444
9.963000,0.736955187,-0.049111309,3.778177774,0.072681174,0.666608718,0.024205554
9.964000,0.728818579,-0.064546427,3.782469316,0.071930224,0.666376126,0.023903834
9.965000,0.720011522,-0.086608097,3.786595483,0.071544808,0.665951952,0.023293238
9.966000,0.711204464,-0.108669766,3.790721650,0.071159391,0.665527779,0.022682642
9.967000,0.702397407,-0.130731436,3.794847817,0.070773975,0.665103606,0.022072046
9.968000,0.693124586,-0.152161450,3.799457786,0.070363487,0.664670193,0.021482483
9.969000,0.685928155,-0.157203197,3.808308289,0.070042792,0.664301798,0.021601105
9.970000,0.683524475,-0.151066609,3.818040240,0.069723418,0.664215143,0.022250658
9.971000,0.681120796,-0.144930021,3.827772190,0.069404045,0.664128488,0.022900212
9.972000,0.678717116,-0.138793433,3.837504140,0.069084672,0.664041833,0.023549765
9.973000,0.674901122,-0.133124316,3.847036225,0.068644842,0.663894232,0.024169754
9.974000,0.671227716,-0.121684918,3.841041482,0.065462031,0.663860924,0.024567881
9.975000,0.668788893,-0.101779706,3.822457241,0.060799356,0.663902633,0.024737790
9.976000,0.666350070,-0.081874495,3.803873000,0.056136681,0.663944343,0.024907699
9.977000,0.663911247,-0.061969283,3.785288758,0.051474006,0.663986052,0.025077608
9.978000,0.662203046,-0.043981586,3.768365644,0.047083953,0.664026627,0.025234004
9.979000,0.657602436,-0.046269114,3.770838419,0.045909149,0.663794340,0.025598218
9.980000,0.651517606,-0.059377357,3.780162018,0.046296281,0.663480700,0.026268772
9.981000,0.645432776,-0.072485601,3.789485617,0.046683412,0.663167060,0.026939325
9.982000,0.639347946,-0.085593844,3.798809216,0.047070543,0.662853420,0.027609879
9.983000,0.633581517,-0.098571745,3.808164344,0.047453339,0.662548207,0.028263261
9.984000,0.632864627,-0.099352591,3.799731517,0.047833068,0.662395700,0.028164525
9.985000,0.638366382,-0.088900263,3.785727076,0.048181617,0.662377569,0.026982029
9.986000,0.643868136,-0.078447935,3.771722635,0.048530167,0.662359439,0.025799534
9.987000,0.649369890,-0.067995606,3.757718194,0.048878716,0.662341309,0.024617038
9.988000,0.654811894,-0.057776665,3.743609546,0.049218336,0.662353573,0.023526646
9.989000,0.657874425,-0.055408592,3.756944381,0.048561967,0.662444660,0.024062722
9.990000,0.660329977,-0.059902795,3.781588371,0.046872884,0.662658133,0.025460212
9.991000,0.662785530,-0.064396997,3.806232360,0.045183802,0.662871606,0.026857702
9.992000,0.665241082,-0.068891199,3.830876350,0.043494719,0.663085079,0.028255191
9.993000,0.668028147,-0.072948661,3.855531601,0.041821824,0.663284992,0.029661814
9.994000,0.671321760,-0.069498286,3.864695745,0.040694687,0.663669580,0.031286164
9.995000,0.672016355,-0.056575452,3.872475717,0.039585984,0.664237828,0.032781610
9.996000,0.672710951,-0.043652617,3.880255689,0.038477280,0.664806076,0.034277056
9.997000,0.673405546,-0.030729783,3.888035661,0.037368577,0.665374324,0.035772502
9.998000,0.673476223,-0.018069021,3.893600709,0.036318767,0.665947797,0.037259942
9.999000,0.659574041,-0.028805931,3.887667796,0.037437150,0.666424119,0.038052656
10.000000,0.639859640,-0.049496412,3.877758618,0.039594571,0.666729602,0.038335147
