time,Fx,Fy,Fz,Mx,My,Mz
0.000000,0.098385393,-0.706246235,6.256462785,-0.077051012,0.437211014,0.048011630
0.001000,0.032156083,-0.775605659,6.509900621,-0.048337641,0.489799520,0.035674101
0.002000,0.044309644,-0.866677115,6.766936863,-0.013502652,0.553991618,0.027417360
0.003000,0.132139261,-0.936980923,6.999529569,0.022182606,0.631589999,0.028697534
0.004000,0.296787135,-1.000866400,7.266714377,0.057017653,0.717186334,0.034128866
0.005000,0.565107289,-1.023804376,7.487950686,0.086277673,0.812592519,0.043194089
0.006000,0.900675214,-0.957401321,7.682347669,0.104076966,0.912022619,0.057435507
0.007000,1.283084977,-0.845429708,7.865766929,0.117213061,1.012650799,0.072652491
0.008000,1.705212595,-0.684555910,8.058451935,0.124362007,1.112888470,0.085414989
0.009000,2.051331955,-0.461535685,8.250444320,0.124713957,1.208086976,0.099071787
0.010000,2.365621351,-0.209902151,8.468688621,0.123127494,1.302264008,0.111414906
0.011000,2.630311116,-0.022032385,8.714325908,0.122177983,1.394252496,0.120172066
0.012000,2.837975321,0.127134003,9.001657669,0.119345632,1.484952974,0.125665330
0.013000,3.008914165,0.216892952,9.315746654,0.117037570,1.575518680,0.128627260
0.014000,3.182646194,0.226240228,9.637640548,0.116685682,1.668209524,0.130070353
0.015000,3.367762670,0.156837099,10.001329992,0.119924369,1.763766008,0.128115363
0.016000,3.549774790,0.031394026,10.394811348,0.129485763,1.860194391,0.126650417
0.017000,3.737082073,-0.149259614,10.797105919,0.145597927,1.957380653,0.126205810
0.018000,3.905085247,-0.357392918,11.184721170,0.166185111,2.054801900,0.125373384
0.019000,4.075942941,-0.572467553,11.511625719,0.189722098,2.152502617,0.124816254
0.020000,4.214587667,-0.804520381,11.793926535,0.214242305,2.251662661,0.124784367
0.021000,4.370619455,-0.989276311,11.985296740,0.236257204,2.354745554,0.123273883
0.022000,4.556901404,-1.099766937,12.088822854,0.255965362,2.461328142,0.122646261
0.023000,4.762656955,-1.173737388,12.153841283,0.271620244,2.571016533,0.121439869
0.024000,5.068382665,-1.165781174,12.222542908,0.282968638,2.687743209,0.121098318
0.025000,5.503538041,-0.989625990,12.293971360,0.285613376,2.807819069,0.122015685
0.026000,6.042991305,-0.751562808,12.401501580,0.282523948,2.932306740,0.124325302
0.027000,6.613874241,-0.491661793,12.539283026,0.273539210,3.056532493,0.126957984
0.028000,7.283240717,-0.221860057,12.608440307,0.262901537,3.183560354,0.131194021
0.029000,8.009606111,-0.010771537,12.666736648,0.251112608,3.312291716,0.136039409
0.030000,8.764550027,0.108195879,12.708023677,0.240765572,3.446185679,0.140535840
0.031000,9.461734906,0.086926737,12.731389972,0.237113087,3.576385111,0.145900980
0.032000,10.117350795,0.032116237,12.778963984,0.235340504,3.702754410,0.152554361
0.033000,10.620306568,-0.086640940,12.862764488,0.234833618,3.814556827,0.159184657
0.034000,11.026356535,-0.223148530,12.957066266,0.234853853,3.916505794,0.166084094
0.035000,11.311922565,-0.362132522,13.078281246,0.235575225,4.006433816,0.174259353
0.036000,11.432203421,-0.427610731,13.212209246,0.233903114,4.083307185,0.180146740
0.037000,11.481351532,-0.442782369,13.350791193,0.229716767,4.155403788,0.184904205
0.038000,11.394549736,-0.378055906,13.511935666,0.224447920,4.218405815,0.191106954
0.039000,11.258023977,-0.305069192,13.663931271,0.219945860,4.277350641,0.198309199
0.040000,11.077938955,-0.240450901,13.782501640,0.214264513,4.333019842,0.207283302
0.041000,10.934338136,-0.236951202,13.876674366,0.210267302,4.386637887,0.217258105
0.042000,10.838483909,-0.301596014,13.933290564,0.208574697,4.436668801,0.224702073
0.043000,10.768813020,-0.481846320,13.989674803,0.209762189,4.481503543,0.226506717
0.044000,10.708034763,-0.662326300,14.066865030,0.209636319,4.521595966,0.218237190
0.045000,10.676584436,-0.846411207,14.182065917,0.209870660,4.556696308,0.199545818
0.046000,10.613698489,-0.963799177,14.353507402,0.210055421,4.587352948,0.179182802
0.047000,10.544516458,-1.044152633,14.549812645,0.209737710,4.616183055,0.157188367
0.048000,10.525753805,-0.974311726,14.731438809,0.205504177,4.644547829,0.128462188
0.049000,10.540492073,-0.869296181,14.907468443,0.205705440,4.672487335,0.107379176
0.050000,10.563189886,-0.740506453,15.063763852,0.208069874,4.697280244,0.091590827
0.051000,10.600169504,-0.654302657,15.137963218,0.210855182,4.717813571,0.075034259
0.052000,10.601688314,-0.568520701,15.181342169,0.211972790,4.732833084,0.053969660
0.053000,10.569225101,-0.594088794,15.217415483,0.216444480,4.736759758,0.040903873
0.054000,10.427696931,-0.622966626,15.210789800,0.214265143,4.727751664,0.022613881
0.055000,10.179412079,-0.661860384,15.160856142,0.209074132,4.708518647,0.002791155
0.056000,9.893595824,-0.721556993,15.115412027,0.204885296,4.682118288,-0.014723398
0.057000,9.584428817,-0.780406222,15.070589677,0.201185396,4.651873969,-0.029434092
0.058000,9.148776054,-0.778198972,14.968692914,0.194776467,4.609796873,-0.047757277
0.059000,8.709285364,-0.751713985,14.858137637,0.191261879,4.564474795,-0.065682051
0.060000,8.296958691,-0.732533104,14.746373346,0.191808302,4.512615634,-0.087048436
0.061000,7.837014662,-0.634398349,14.628466626,0.189416019,4.455008165,-0.110980144
0.062000,7.406560862,-0.523415590,14.507750060,0.186795402,4.394780153,-0.134761032
0.063000,7.081519938,-0.464429187,14.393809368,0.187518012,4.334423406,-0.157922590
0.064000,6.815145637,-0.389109616,14.259973652,0.186966530,4.273268442,-0.180272663
0.065000,6.625446313,-0.324206987,14.099472523,0.184589430,4.211885294,-0.199641276
0.066000,6.479437709,-0.344639890,13.895779593,0.185567035,4.144552304,-0.214899619
0.067000,6.326960725,-0.414916218,13.665923692,0.188843639,4.074384191,-0.230083550
0.068000,6.159588973,-0.473174687,13.386375546,0.192389209,3.996243472,-0.238413851
0.069000,5.970450795,-0.522864074,13.116567317,0.194390386,3.912913415,-0.243444123
0.070000,5.690723750,-0.526312775,12.854638548,0.194357035,3.817511169,-0.244753102
0.071000,5.384980485,-0.392248435,12.641993174,0.186602887,3.718165259,-0.245322290
0.072000,5.048578436,-0.243117639,12.417547685,0.179071745,3.614836037,-0.245303152
0.073000,4.611630577,-0.046588761,12.211954566,0.167761168,3.499203343,-0.244419817
0.074000,4.148238007,0.077199875,11.953296784,0.161875410,3.378646179,-0.242774651
0.075000,3.653226159,0.146582857,11.666229560,0.160007464,3.250653861,-0.241560672
0.076000,3.105366612,0.140173027,11.326665651,0.161951055,3.115031196,-0.239963610
0.077000,2.608714568,0.134276041,10.983581747,0.162682540,2.981257356,-0.236794212
0.078000,2.172191820,0.027849074,10.566849159,0.169577853,2.849478755,-0.235520371
0.079000,1.783606263,-0.072460790,10.124889845,0.174931366,2.716332250,-0.235242551
0.080000,1.465596203,-0.127715335,9.638329424,0.174741333,2.584591779,-0.237289222
0.081000,1.196644496,-0.189600681,9.091856069,0.176510391,2.452563278,-0.241282172
0.082000,0.910409650,-0.242975486,8.513016327,0.178354205,2.316229428,-0.249698183
0.083000,0.656945551,-0.206529927,7.969209621,0.172807181,2.179287706,-0.261086420
0.084000,0.428018734,-0.124190921,7.399074478,0.162744820,2.039586836,-0.275537455
0.085000,0.208190541,-0.028530982,6.848132638,0.151518155,1.900884683,-0.290957200
0.086000,-0.017359379,0.127083491,6.331937952,0.133093365,1.762494408,-0.303631612
0.087000,-0.246108404,0.271928973,5.839534056,0.113984284,1.626756231,-0.311632233
0.088000,-0.495341667,0.412381151,5.269694590,0.094398383,1.489769839,-0.315644369
0.089000,-0.750126542,0.547516180,4.703916645,0.074501574,1.354215530,-0.318882783
0.090000,-1.031358314,0.652722811,4.105707691,0.058054573,1.215561571,-0.319248935
0.091000,-1.342865179,0.701226236,3.464874261,0.049612671,1.070347727,-0.320792088
0.092000,-1.670652252,0.716983399,2.838951239,0.046450036,0.922530498,-0.321784196
0.093000,-2.002884751,0.655345342,2.271609834,0.051077209,0.775640817,-0.322343335
0.094000,-2.338948095,0.598003658,1.757083122,0.056348449,0.630321954,-0.323338423
0.095000,-2.667836635,0.552498443,1.288296988,0.061528068,0.489437321,-0.325147775
0.096000,-2.980415495,0.460842087,0.819288008,0.068896200,0.352555445,-0.325565260
0.097000,-3.267743117,0.384267658,0.342404710,0.074175013,0.219475301,-0.325917042
0.098000,-3.535506417,0.359278935,-0.104723172,0.075937116,0.090475905,-0.326136733
0.099000,-3.758728887,0.356916160,-0.542075795,0.074248810,-0.035313672,-0.325003352
0.100000,-3.904182327,0.358301586,-1.015301308,0.070104875,-0.156685340,-0.325955003
0.101000,-3.980157681,0.422614666,-1.503906761,0.063675924,-0.270021676,-0.325611284
0.102000,-4.032563728,0.480643309,-1.985095882,0.058515460,-0.379396759,-0.324502899
0.103000,-3.965409859,0.544718472,-2.477584826,0.052328008,-0.478001488,-0.322099296
0.104000,-3.792680178,0.610799831,-2.994322663,0.046600713,-0.567562063,-0.318750177
0.105000,-3.521893040,0.682820971,-3.513540812,0.039692476,-0.647928865,-0.310822833
0.106000,-3.200316887,0.730911944,-4.044168504,0.031285269,-0.723140599,-0.300414889
0.107000,-2.836293768,0.765756828,-4.595823550,0.021644245,-0.795289875,-0.287638345
0.108000,-2.488020728,0.764676490,-5.128817601,0.010394821,-0.863865485,-0.271369236
0.109000,-2.159062101,0.730629548,-5.637022052,0.000747639,-0.929242286,-0.253972748
0.110000,-1.853881887,0.676513938,-6.093187696,-0.007999794,-0.989695274,-0.235510675
0.111000,-1.599468293,0.590034086,-6.518476642,-0.013379005,-1.049234612,-0.216131984
0.112000,-1.375356770,0.500314883,-6.900430551,-0.016840397,-1.105367002,-0.194923856
0.113000,-1.172994139,0.408568697,-7.232604785,-0.015692425,-1.156772757,-0.173160489
0.114000,-0.978655770,0.325856853,-7.531338074,-0.013061824,-1.203768669,-0.150087641
0.115000,-0.795856067,0.232319804,-7.817859086,-0.007628190,-1.244554012,-0.125380984
0.116000,-0.587510570,0.172513155,-8.082440661,-0.003263117,-1.280276146,-0.100259382
0.117000,-0.355331641,0.110673513,-8.333559549,0.001585143,-1.308559817,-0.074572006
0.118000,-0.070105408,0.030500890,-8.592389859,0.007032455,-1.327289513,-0.048175035
0.119000,0.245400206,-0.062413794,-8.851465809,0.012512378,-1.340714669,-0.022193107
0.120000,0.603597874,-0.144070449,-9.099793378,0.016344000,-1.346617380,0.002304168
0.121000,0.965498389,-0.255550761,-9.338465648,0.020641442,-1.348424895,0.025203359
0.122000,1.344145756,-0.357914990,-9.575098373,0.024467860,-1.347186866,0.047964006
0.123000,1.660739440,-0.410061343,-9.783382350,0.023975838,-1.342701096,0.069767478
0.124000,1.932061605,-0.426273987,-9.977830132,0.020197118,-1.335520001,0.090015093
0.125000,2.145193411,-0.428733813,-10.143795174,0.013836201,-1.325838232,0.108620736
0.126000,2.275930868,-0.388196238,-10.272462142,0.005561066,-1.316151456,0.126054426
0.127000,2.356760174,-0.352457232,-10.374182654,-0.003973380,-1.306032472,0.142374644
0.128000,2.365749224,-0.364512432,-10.420428756,-0.012217327,-1.293216161,0.154770849
0.129000,2.302942805,-0.411149920,-10.417092834,-0.017072093,-1.280643663,0.166732619
0.130000,2.135432964,-0.485182371,-10.360688860,-0.017530183,-1.268923949,0.180116192
0.131000,1.903242155,-0.596364811,-10.289630306,-0.015773748,-1.255516540,0.194224855
0.132000,1.627873753,-0.694034173,-10.201645850,-0.013088261,-1.241852769,0.209114308
0.133000,1.267181109,-0.751862006,-10.115816738,-0.006218053,-1.227399460,0.227077916
0.134000,0.886890618,-0.772261911,-10.056036800,0.002921832,-1.209629442,0.246949480
0.135000,0.529344171,-0.738864603,-10.012301792,0.012700768,-1.185756687,0.268657102
0.136000,0.264505385,-0.670967416,-9.980401715,0.024744453,-1.156098670,0.291214387
0.137000,0.045640696,-0.626900599,-9.981034786,0.040959531,-1.122244569,0.314307907
0.138000,0.024951423,-0.589931829,-9.967349316,0.057855152,-1.075101715,0.337742129
0.139000,0.110735769,-0.572907633,-9.924374036,0.074206466,-1.021097537,0.360855851
0.140000,0.322538440,-0.577294004,-9.860163494,0.086749333,-0.960809648,0.382029112
0.141000,0.561569152,-0.600246328,-9.759843990,0.094150230,-0.899143895,0.400665979
0.142000,0.856224150,-0.628493349,-9.626544162,0.094580465,-0.834791176,0.414970151
0.143000,1.081736865,-0.674012393,-9.456752963,0.086420556,-0.775398292,0.423091911
0.144000,1.262438274,-0.681515704,-9.263932125,0.074694717,-0.721294829,0.430556745
0.145000,1.362944783,-0.669961945,-9.041548383,0.059823613,-0.672624042,0.438707059
0.146000,1.412738543,-0.628173137,-8.835682606,0.044103648,-0.626417007,0.450127631
0.147000,1.364649958,-0.514606442,-8.616787972,0.024322723,-0.586240065,0.468568544
0.148000,1.217149336,-0.317937149,-8.427122181,0.003901417,-0.550351862,0.495767957
0.149000,1.040257916,-0.101696845,-8.265656009,-0.016260197,-0.513875480,0.524332308
0.150000,0.853623969,0.076639053,-8.178209263,-0.032133075,-0.475462822,0.549749132
0.151000,0.741471712,0.173773813,-8.095748559,-0.040972691,-0.434040518,0.564689173
0.152000,0.741677462,0.194968255,-8.012539893,-0.042206554,-0.388577155,0.567343821
0.153000,0.998347296,0.072159827,-7.927083633,-0.029459316,-0.331846599,0.550963087
0.154000,1.378700522,-0.115359098,-7.810406876,-0.008692680,-0.270747952,0.523756232
0.155000,1.907151887,-0.333166222,-7.629078507,0.018494653,-0.206476372,0.485853242
0.156000,2.452673400,-0.544829423,-7.445698391,0.045450141,-0.141661910,0.447788253
0.157000,2.952309247,-0.714626953,-7.262279732,0.068778872,-0.081581819,0.409126101
0.158000,3.324089480,-0.741754321,-6.996023141,0.078695648,-0.037714096,0.368649484
0.159000,3.598509458,-0.690112882,-6.721675902,0.080958555,-0.005344352,0.328689850
0.160000,3.740982335,-0.576868827,-6.473148838,0.076925033,0.014229907,0.290712666
0.161000,3.817411363,-0.483156102,-6.265869986,0.073208952,0.027161301,0.255536857
0.162000,3.824027086,-0.350891581,-6.041311350,0.069048753,0.031907769,0.223219675
0.163000,3.701425656,-0.233951489,-5.865896854,0.071278982,0.025275970,0.198227644
0.164000,3.504223132,-0.163966893,-5.729241775,0.077952029,0.012498213,0.178897249
0.165000,3.274952549,-0.142943268,-5.642711338,0.089748289,-0.005487376,0.166877182
0.166000,3.055668971,-0.140218824,-5.577793006,0.106466448,-0.026827738,0.158120301
0.167000,2.833237409,-0.169438675,-5.542366770,0.124077802,-0.050336716,0.151792425
0.168000,2.668145847,-0.220994983,-5.547689459,0.142167015,-0.076586668,0.146167287
0.169000,2.536833330,-0.249962633,-5.581860036,0.158302266,-0.105952304,0.139794221
0.170000,2.428060674,-0.247098432,-5.632078609,0.171193389,-0.138413921,0.128250771
0.171000,2.286055757,-0.264454740,-5.735350501,0.182836212,-0.173946242,0.111163248
0.172000,2.102290090,-0.248407782,-5.909399006,0.193316223,-0.212115005,0.089247963
0.173000,1.877657233,-0.237382521,-6.149806642,0.202353521,-0.255153172,0.061410832
0.174000,1.661133093,-0.246503863,-6.409540370,0.211844181,-0.299605073,0.031533207
0.175000,1.413664452,-0.271218908,-6.699258831,0.220736333,-0.348582489,0.001949757
0.176000,1.207072758,-0.289634264,-6.980434554,0.226604609,-0.399968653,-0.024280133
0.177000,1.022560620,-0.341204160,-7.215647587,0.231938409,-0.453021948,-0.047056035
0.178000,0.930846559,-0.374834754,-7.417868609,0.231968162,-0.505949525,-0.062163322
0.179000,0.914336665,-0.410504665,-7.616386174,0.228543350,-0.559613002,-0.071280443
0.180000,0.972936537,-0.422652231,-7.827487750,0.221463699,-0.611979496,-0.076662376
0.181000,1.083181229,-0.366589201,-8.057000533,0.209367396,-0.662137562,-0.077644711
0.182000,1.205703189,-0.267865761,-8.342478090,0.221670352,-0.719781253,-0.073048785
0.183000,1.313634119,-0.100286476,-8.647984877,0.204085475,-0.768501482,-0.070968851
0.184000,1.420328902,0.070530243,-8.944326714,0.185791764,-0.816533571,-0.065825659
0.185000,1.527356176,0.163569171,-9.240911462,0.170084260,-0.863522748,-0.057871529
0.186000,1.649390409,0.160637425,-9.540598732,0.158489263,-0.911756889,-0.049802777
0.187000,1.815802766,0.085815251,-9.846950039,0.149507275,-0.958975704,-0.041327578
0.188000,2.045909640,-0.038697244,-10.147644873,0.141639090,-1.006168109,-0.032651887
0.189000,2.308978719,-0.190205081,-10.476259579,0.134148932,-1.053909090,-0.024590821
0.190000,2.605039595,-0.297043371,-10.784179432,0.123799785,-1.101976739,-0.015603697
0.191000,2.920828119,-0.299621509,-11.077569039,0.106348714,-1.149575073,-0.006207534
0.192000,3.226934026,-0.246403594,-11.352829379,0.086379824,-1.197512943,0.002409895
0.193000,3.502498893,-0.178113810,-11.630910008,0.064472679,-1.244999367,0.011343048
0.194000,3.715027880,-0.119587798,-11.917323637,0.044343657,-1.292996715,0.018035667
0.195000,3.910788220,-0.121407180,-12.204016129,0.028553937,-1.339635834,0.023237854
0.196000,4.084446917,-0.176179814,-12.504127813,0.018210485,-1.385490232,0.029714224
0.197000,4.276376288,-0.248490080,-12.824967879,0.009462580,-1.428561108,0.038146003
0.198000,4.530320264,-0.311378755,-13.129427121,0.004159974,-1.465955741,0.048060768
0.199000,4.864937051,-0.342854225,-13.405886521,-0.000422404,-1.497470061,0.060505539
0.200000,5.229283397,-0.363811865,-13.651198640,-0.003330369,-1.524666215,0.073582040
0.201000,5.603599366,-0.405728899,-13.839815026,-0.006494393,-1.549705889,0.082135507
0.202000,5.969459935,-0.457360129,-13.944488282,-0.010818481,-1.574406891,0.087317952
0.203000,6.249246382,-0.522393081,-13.937601671,-0.019710746,-1.602284373,0.083552636
0.204000,6.465301685,-0.583783688,-13.897356867,-0.029944337,-1.631783802,0.075867353
0.205000,6.477573332,-0.621635365,-13.793992664,-0.043505903,-1.668103054,0.060667290
0.206000,6.393758603,-0.632309324,-13.696694023,-0.056802365,-1.706979829,0.043586598
0.207000,6.227855940,-0.646563811,-13.620639145,-0.068471902,-1.748669953,0.024896865
0.208000,5.951526121,-0.693936222,-13.571429229,-0.073599832,-1.793008249,0.006957539
0.209000,5.642056989,-0.756794838,-13.513433964,-0.075946742,-1.837082433,-0.009305683
0.210000,5.277971441,-0.840542378,-13.427095184,-0.075935993,-1.878701271,-0.023634929
0.211000,4.952876933,-0.911757326,-13.320261357,-0.075330312,-1.914648758,-0.032643657
0.212000,4.641525427,-0.958750309,-13.183609560,-0.075117714,-1.947187811,-0.037859926
0.213000,4.323596470,-0.933407848,-12.987966641,-0.077672777,-1.974295867,-0.037993834
0.214000,4.038587380,-0.841410544,-12.755971509,-0.083099049,-1.994669119,-0.034643235
0.215000,3.747424742,-0.719380361,-12.485588519,-0.091661366,-2.011989064,-0.028976844
0.216000,3.379211118,-0.588815040,-12.170020971,-0.101510101,-2.025770408,-0.024392201
0.217000,2.975657322,-0.451776213,-11.849407135,-0.112279251,-2.037791095,-0.021292415
0.218000,2.514700939,-0.316232974,-11.523413340,-0.124896821,-2.044352970,-0.020768068
0.219000,2.023106981,-0.189470293,-11.195772698,-0.136539043,-2.046565698,-0.022387479
0.220000,1.523967804,-0.064577136,-10.885672274,-0.146519186,-2.042188539,-0.026387908
0.221000,1.098302828,0.051807934,-10.586067058,-0.154453085,-2.027752388,-0.031924539
0.222000,0.756890418,0.146980471,-10.311202679,-0.160799727,-2.004381645,-0.038944605
0.223000,0.451733591,0.209053940,-10.031269969,-0.165200155,-1.976634259,-0.047035122
0.224000,0.239265708,0.221227211,-9.726080185,-0.166546217,-1.937475722,-0.057803234
0.225000,0.132870705,0.208468871,-9.386498377,-0.166269408,-1.889823657,-0.070684963
0.226000,0.061934784,0.169239630,-9.029821398,-0.164451111,-1.839875979,-0.084532035
0.227000,0.036836954,0.080171633,-8.651235042,-0.161289563,-1.785792881,-0.099980126
0.228000,0.032972737,0.026974370,-8.265116967,-0.160624904,-1.729441872,-0.116401980
0.229000,0.000103324,-0.008217232,-7.865890379,-0.160849238,-1.671446103,-0.133146051
0.230000,-0.069597001,-0.014069084,-7.464383439,-0.162578986,-1.614149775,-0.149461828
0.231000,-0.199425593,0.058009290,-7.073409177,-0.166146943,-1.555113081,-0.163520699
0.232000,-0.348607133,0.154909252,-6.690009553,-0.171104278,-1.495199251,-0.176943006
0.233000,-0.471104574,0.235250953,-6.318693469,-0.176377298,-1.430011657,-0.188339372
0.234000,-0.532686691,0.308552426,-5.956915240,-0.181940746,-1.359642753,-0.197914841
0.235000,-0.512306970,0.315979982,-5.619124781,-0.185180236,-1.281435463,-0.205661982
0.236000,-0.420565764,0.276670387,-5.276381588,-0.187602902,-1.197941757,-0.212631805
0.237000,-0.298752070,0.202613665,-4.918391198,-0.188444896,-1.111171811,-0.218987241
0.238000,-0.174562692,0.107998851,-4.531409793,-0.186600832,-1.022204082,-0.223828876
0.239000,-0.052354178,0.010208762,-4.140830999,-0.183829898,-0.932193341,-0.228418898
0.240000,0.061263818,-0.058170221,-3.745189229,-0.181663438,-0.842888175,-0.231563232
0.241000,0.141234773,-0.116172615,-3.351445553,-0.179041756,-0.754794624,-0.234556109
0.242000,0.192203466,-0.134652508,-2.964084033,-0.177516143,-0.668645134,-0.238198720
0.243000,0.225014662,-0.117541665,-2.589584313,-0.177707408,-0.583180154,-0.241653129
0.244000,0.252756526,-0.067000178,-2.214044683,-0.180312160,-0.497788782,-0.245980389
0.245000,0.291948458,0.011451469,-1.822117362,-0.185302522,-0.410734543,-0.251018734
0.246000,0.337298596,0.089145799,-1.437938210,-0.189651175,-0.321214705,-0.253694633
0.247000,0.397743800,0.163994309,-1.061376420,-0.193662513,-0.231517243,-0.255985067
0.248000,0.460023184,0.192994759,-0.678012822,-0.195260538,-0.140074105,-0.259158947
0.249000,0.526436907,0.186917902,-0.305748293,-0.194365557,-0.047094097,-0.261411050
0.250000,0.572527455,0.141033361,0.039232662,-0.189364716,0.043754641,-0.262895689
0.251000,0.593430173,0.075585635,0.395192878,-0.182235872,0.132343972,-0.265191211
0.252000,0.588505230,0.012750568,0.772742919,-0.174445552,0.218110991,-0.268034073
0.253000,0.538639342,0.002465906,1.160779579,-0.168087774,0.298558827,-0.267458782
0.254000,0.426672616,0.040471261,1.575812618,-0.163922766,0.374115318,-0.264786353
0.255000,0.299403605,0.119911238,2.012079538,-0.164307504,0.447991635,-0.260439340
0.256000,0.185797931,0.237386463,2.465764625,-0.169870649,0.523067624,-0.252960300
0.257000,0.071395877,0.407870277,2.878567075,-0.181983094,0.600610373,-0.242410800
0.258000,0.028735545,0.589291858,3.210011605,-0.200742637,0.679900341,-0.232523776
0.259000,0.019323487,0.761700334,3.483527374,-0.220617239,0.761687484,-0.222232658
0.260000,0.046073484,0.933771252,3.688752966,-0.239952449,0.844276519,-0.211321527
0.261000,0.139310688,1.044783665,3.831674700,-0.252705689,0.926897905,-0.202338823
0.262000,0.256203525,1.136339539,3.930627480,-0.262770300,1.009145169,-0.194362933
0.263000,0.415840141,1.142435056,3.991524469,-0.263139195,1.093935822,-0.186933982
0.264000,0.632634510,1.083091900,4.061003222,-0.258053615,1.177461146,-0.179362152
0.265000,0.907284493,0.964914107,4.171030775,-0.249263468,1.259586291,-0.170508245
0.266000,1.215797459,0.845007304,4.341615025,-0.239549800,1.336954573,-0.161554225
0.267000,1.549125713,0.698979260,4.564280265,-0.227997952,1.411234797,-0.152336052
0.268000,1.907456009,0.620766163,4.886155827,-0.220251375,1.476973556,-0.141097618
0.269000,2.259973461,0.610280294,5.228770004,-0.215505052,1.536510533,-0.128899355
0.270000,2.594152053,0.636763738,5.575016950,-0.212348247,1.590314861,-0.117999369
0.271000,2.901249798,0.688742712,5.909751709,-0.211871981,1.638157835,-0.107039312
0.272000,3.178632388,0.780916637,6.207944159,-0.214106283,1.677586316,-0.094430081
0.273000,3.422946718,0.828580829,6.437027710,-0.214207020,1.706323723,-0.083267123
0.274000,3.632436928,0.844328974,6.649265425,-0.213097347,1.727370034,-0.072589532
0.275000,3.783770251,0.803687265,6.850145949,-0.210031074,1.741778004,-0.062510727
0.276000,3.873999434,0.696958773,6.998210348,-0.205014772,1.747883248,-0.054705469
0.277000,3.928736166,0.560862611,7.118563257,-0.198296231,1.749419741,-0.047637643
0.278000,3.901034513,0.403513530,7.215201980,-0.191183237,1.742665594,-0.041024966
0.279000,3.810313839,0.257350999,7.287714966,-0.184342003,1.729216530,-0.034346636
0.280000,3.691376403,0.140281888,7.329287334,-0.178147140,1.709824867,-0.026322381
0.281000,3.547707736,0.043031562,7.383212625,-0.169940946,1.684814586,-0.017313742
0.282000,3.373092806,-0.007762663,7.432897201,-0.161674649,1.654087758,-0.004507264
0.283000,3.204734163,0.004104136,7.476733422,-0.154917232,1.618347126,0.010481532
0.284000,3.082490193,0.045213412,7.501893514,-0.149247363,1.583014545,0.024908712
0.285000,2.994302955,0.081613160,7.514168427,-0.143471873,1.547520566,0.037970409
0.286000,2.949059800,0.126775924,7.508207175,-0.137587486,1.510520019,0.052066756
0.287000,2.946581939,0.155580403,7.494510920,-0.130163791,1.472456338,0.065871461
0.288000,2.994783492,0.136791167,7.492209538,-0.120187349,1.432446927,0.077603037
0.289000,3.071453599,0.088329999,7.494949885,-0.107652568,1.390876026,0.088930567
0.290000,3.148387517,0.021188656,7.508593699,-0.094306619,1.346469676,0.100703534
0.291000,3.190066580,-0.050515551,7.532565562,-0.082001653,1.292989741,0.114285421
0.292000,3.181868325,-0.095319400,7.557668284,-0.072906979,1.234268343,0.127191540
0.293000,3.069033026,-0.078598590,7.582861524,-0.068764252,1.166686214,0.141652728
0.294000,2.866317054,0.003176466,7.591632673,-0.069588187,1.094718489,0.157297405
0.295000,2.554813427,0.128534942,7.586377981,-0.076646440,1.016712012,0.172216156
0.296000,2.175999182,0.275695786,7.561391797,-0.086828607,0.935585068,0.187863107
0.297000,1.749352279,0.415487491,7.505253390,-0.097779346,0.852911376,0.203469123
0.298000,1.323846748,0.497841901,7.415258719,-0.108591135,0.771269062,0.218308519
0.299000,0.890316042,0.519447853,7.311619367,-0.116864161,0.688426932,0.230275576
0.300000,0.502810049,0.488263182,7.210908075,-0.119664530,0.607076296,0.239166245
0.301000,0.157872913,0.428574921,7.140436556,-0.119901454,0.526373497,0.245103715
0.302000,-0.155096728,0.354165231,7.061963835,-0.116038041,0.448303236,0.248357395
0.303000,-0.391503753,0.295663118,6.935050144,-0.104669895,0.376819818,0.248756002
0.304000,-0.568874291,0.182921520,6.765345158,-0.083598177,0.311379857,0.248108895
0.305000,-0.687255531,0.013381613,6.596197573,-0.052881186,0.252756879,0.248408914
0.306000,-0.749436328,-0.202119630,6.421111060,-0.012382617,0.201011338,0.251175267
0.307000,-0.763549111,-0.445344729,6.273424004,0.031346594,0.155397360,0.257963572
0.308000,-0.773956600,-0.670348673,6.233491386,0.073711570,0.113590491,0.267879901
0.309000,-0.767490007,-0.808022292,6.250567599,0.103296652,0.078252150,0.280877386
0.310000,-0.716226570,-0.852974782,6.270020612,0.121032709,0.053031677,0.295897088
0.311000,-0.596576415,-0.770723453,6.209210000,0.121309756,0.041977513,0.306646774
0.312000,-0.428603039,-0.642087248,6.110756863,0.109936451,0.040724659,0.314859136
0.313000,-0.117636909,-0.505487795,5.886395392,0.086924327,0.057482185,0.320772704
0.314000,0.253791529,-0.400211239,5.587893096,0.063193798,0.081870289,0.323004643
0.315000,0.683276082,-0.331472610,5.241681447,0.040676524,0.110666648,0.316541237
0.316000,1.134255268,-0.353171265,4.962579443,0.024161362,0.140289025,0.310400443
0.317000,1.591963887,-0.420377357,4.704297639,0.011868667,0.170958816,0.301094673
0.318000,1.925686751,-0.533201595,4.508551342,0.009284494,0.197078980,0.286583009
0.319000,2.174701150,-0.697971356,4.393762641,0.014783171,0.217888173,0.271536063
0.320000,2.302212184,-0.909077228,4.339872926,0.024961007,0.234635311,0.255199455
0.321000,2.278391870,-1.095846169,4.279587036,0.037136812,0.245451743,0.237197275
0.322000,2.169401438,-1.311452402,4.264816956,0.054246778,0.252476416,0.218697875
0.323000,1.940869166,-1.470333198,4.325088489,0.066122464,0.255561772,0.202627961
0.324000,1.713242815,-1.540930606,4.425036381,0.069677519,0.260641798,0.189297148
0.325000,1.509631418,-1.500229616,4.559191608,0.062736278,0.267296955,0.181655437
0.326000,1.343284022,-1.392652978,4.726193244,0.048097404,0.276852806,0.176347054
0.327000,1.182740925,-1.233816138,4.928744901,0.021758650,0.291150045,0.171732148
0.328000,1.048830592,-1.016456625,5.140759992,-0.014391159,0.308555283,0.162021069
0.329000,0.887031207,-0.851393243,5.329913195,-0.046122684,0.326596922,0.147538141
0.330000,0.694246752,-0.731975441,5.517772577,-0.073267058,0.343684049,0.127044264
0.331000,0.504580406,-0.665681751,5.742570740,-0.090690260,0.363606020,0.101433303
0.332000,0.305742244,-0.631564473,5.953123710,-0.096242367,0.387947902,0.074814305
0.333000,0.143641164,-0.685266869,6.174390196,-0.084050938,0.423378794,0.053464523
0.334000,0.038203488,-0.748040205,6.422513935,-0.059286707,0.470070043,0.039193399
0.335000,0.037596663,-0.838909402,6.687906804,-0.024683789,0.531644669,0.029247969
0.336000,0.089411492,-0.916297816,6.917282385,0.009900792,0.603972609,0.027211635
0.337000,0.230926475,-0.981842361,7.172362090,0.046028708,0.687638566,0.031822785
0.338000,0.474908609,-1.019109086,7.416738856,0.076767464,0.780699258,0.040040804
0.339000,0.784102282,-0.992749605,7.619588350,0.099443494,0.878941922,0.052160756
0.340000,1.146789903,-0.885572310,7.806100628,0.113151016,0.978795307,0.067812930
0.341000,1.566093087,-0.742819800,7.992675540,0.122563492,1.079877907,0.081258313
0.342000,1.944415649,-0.543913400,8.184664878,0.125187607,1.176760117,0.094590301
0.343000,2.260291442,-0.294502188,8.395170232,0.123671819,1.270818249,0.107287865
0.344000,2.549296763,-0.075152629,8.630163890,0.122334273,1.363730626,0.117708218
0.345000,2.773091803,0.082699384,8.895825576,0.120228787,1.454793757,0.124309503
0.346000,2.955076505,0.193964207,9.216914905,0.117857877,1.545220487,0.127704367
0.347000,3.120068180,0.237875634,9.521630340,0.116289455,1.636671050,0.129973466
0.348000,3.306538043,0.182778084,9.879682263,0.118731616,1.731908853,0.128921625
0.349000,3.488344579,0.081407270,10.260627536,0.125168351,1.828142939,0.126861435
0.350000,3.677819098,-0.085463028,10.662329459,0.139839769,1.924845428,0.126327017
0.351000,3.847235564,-0.287095790,11.060590810,0.158509876,2.022478833,0.125396629
0.352000,4.020136768,-0.499978866,11.411731905,0.181809078,2.119753910,0.125127003
0.353000,4.171235745,-0.728543166,11.701808992,0.205973807,2.218653586,0.124595945
0.354000,4.313059248,-0.939774112,11.938922631,0.229414338,2.319743945,0.123870802
0.355000,4.493145336,-1.068254412,12.061160456,0.249846993,2.425382843,0.122850161
0.356000,4.691186221,-1.153643855,12.130035910,0.266915216,2.534172133,0.121745934
0.357000,4.944743638,-1.196782592,12.196177147,0.280781868,2.647673620,0.121041431
0.358000,5.355548527,-1.050393096,12.269641361,0.284813387,2.767791068,0.121685679
0.359000,5.853860008,-0.830279944,12.362518102,0.283930192,2.890220845,0.123510558
0.360000,6.420931317,-0.583693267,12.501401757,0.276898584,3.015224244,0.125963768
0.361000,7.046691621,-0.307679859,12.590427319,0.266885595,3.140918762,0.129872399
0.362000,7.763072489,-0.070797538,12.651055233,0.255101249,3.268892633,0.134314924
0.363000,8.512062875,0.071208103,12.694838628,0.244120818,3.401358097,0.139096406
0.364000,9.237509131,0.097817004,12.721678220,0.237915886,3.533750574,0.143812118
0.365000,9.907862624,0.062188666,12.753475453,0.235626226,3.661396266,0.150188272
0.366000,10.470442011,-0.044113390,12.834870580,0.234777618,3.779135112,0.156807593
0.367000,10.906738097,-0.174223124,12.920736090,0.234712148,3.884060109,0.163747589
0.368000,11.221435635,-0.316039925,13.037012724,0.235296357,3.976953086,0.171434909
0.369000,11.405767951,-0.414825608,13.165947293,0.235039572,4.058606821,0.178588307
0.370000,11.483275543,-0.451215759,13.304716611,0.231540509,4.132604908,0.183258756
0.371000,11.431921512,-0.404845161,13.450517424,0.226134427,4.197975957,0.189252012
0.372000,11.310727202,-0.325880597,13.621562618,0.221289567,4.258537441,0.195396810
0.373000,11.139351293,-0.262885221,13.743432135,0.216261026,4.314437522,0.204276699
0.374000,10.972741017,-0.229824131,13.851756644,0.211268558,4.369023753,0.214012187
0.375000,10.868456272,-0.269210965,13.917196496,0.208704468,4.420442005,0.222332150
0.376000,10.792444146,-0.418592710,13.974637825,0.209744195,4.467059467,0.226898343
0.377000,10.722497051,-0.606876949,14.035151187,0.209836244,4.508957955,0.223345276
0.378000,10.686076680,-0.782272645,14.142986813,0.209563938,4.545124385,0.205710663
0.379000,10.638909048,-0.934369977,14.288472161,0.210016139,4.577736091,0.185934030
0.380000,10.564040810,-1.022088297,14.486341449,0.209993867,4.606548013,0.164878865
0.381000,10.526972491,-1.007152794,14.665895522,0.206262883,4.635063038,0.137152442
0.382000,10.532644175,-0.900092033,14.851452149,0.204525472,4.663752902,0.112343628
0.383000,10.555827847,-0.788240390,15.012668805,0.207577988,4.689044004,0.097206386
0.384000,10.591413734,-0.679131373,15.121295370,0.210160583,4.711727018,0.081249613
0.385000,10.601675163,-0.594637078,15.167837259,0.211487347,4.728005375,0.060925174
0.386000,10.588401565,-0.584588722,15.212204707,0.215679536,4.736938550,0.045925669
0.387000,10.500516064,-0.620388546,15.220768297,0.216380369,4.733074927,0.029810624
0.388000,10.262400158,-0.647605749,15.177918917,0.210736963,4.714978147,0.009302455
0.389000,9.988320273,-0.698740058,15.129770563,0.205921595,4.691562216,-0.009522928
0.390000,9.700997656,-0.761030519,15.085957752,0.202460195,4.663092310,-0.024652158
0.391000,9.299135526,-0.783405272,15.005168594,0.196772396,4.624412545,-0.041373296
0.392000,8.848356926,-0.759337098,14.895948497,0.191629645,4.580012036,-0.059725148
0.393000,8.434920159,-0.739774244,14.783340614,0.191653026,4.529966710,-0.079909917
0.394000,7.989980281,-0.678281656,14.667791842,0.190601854,4.475017645,-0.102930995
0.395000,7.545945179,-0.559382057,14.548268204,0.187652122,4.414831051,-0.126911438
0.396000,7.178477531,-0.483895430,14.431085077,0.187183725,4.354598384,-0.150223799
0.397000,6.891222007,-0.422227174,14.309529232,0.187762365,4.293801929,-0.173837637
0.398000,6.684051725,-0.342991583,14.152011062,0.185473895,4.232323392,-0.193427767
0.399000,6.528766868,-0.320793557,13.972392294,0.184498670,4.167776217,-0.209775050
0.400000,6.380779389,-0.392332557,13.742554191,0.187703764,4.098104479,-0.225148756
0.401000,6.213668733,-0.455830900,13.482139006,0.191690132,4.023062494,-0.236324892
0.402000,6.050436371,-0.508664769,13.199753325,0.193892800,3.942321978,-0.242176008
0.403000,5.788873039,-0.531016716,12.942733105,0.194563085,3.849935415,-0.244468698
0.404000,5.486168095,-0.444352462,12.710626336,0.189462899,3.751576566,-0.245335498
0.405000,5.168450748,-0.295102445,12.490715942,0.181749831,3.649958657,-0.245287303
0.406000,4.762029360,-0.110293181,12.280003558,0.171377185,3.538482493,-0.244956532
0.407000,4.307870675,0.057723664,12.056313499,0.162035923,3.420228393,-0.243298663
0.408000,3.818711805,0.122959278,11.761216828,0.160688322,3.293397492,-0.241956674
0.409000,3.286202678,0.142558451,11.441338618,0.161467489,3.160307802,-0.240538156
0.410000,2.767842739,0.138291828,11.100372244,0.162349834,3.025668895,-0.237799182
0.411000,2.314748199,0.069850583,10.714288762,0.166743464,2.893666466,-0.235798397
0.412000,1.896251453,-0.053632659,10.269151143,0.174669080,2.760523672,-0.235270076
0.413000,1.567976658,-0.110693895,9.806274747,0.174747911,2.628400106,-0.236611505
0.414000,1.286037485,-0.166372434,9.277431326,0.175763361,2.497013867,-0.239560489
0.415000,1.005239092,-0.227328460,8.705423196,0.177925705,2.361707204,-0.246822444
0.416000,0.736964980,-0.228502019,8.163257655,0.175457312,2.225964760,-0.256468503
0.417000,0.503169068,-0.154061383,7.587997211,0.166396683,2.086327462,-0.270382772
0.418000,0.281289208,-0.062873126,7.028414952,0.155585320,1.947028180,-0.285857419
0.419000,0.059071749,0.072097090,6.502049600,0.139557928,1.808419321,-0.299961062
0.420000,-0.169136945,0.224165566,6.004497705,0.120351935,1.671863426,-0.309147706
0.421000,-0.410501510,0.367000944,5.457946829,0.101052620,1.534923013,-0.314513184
0.422000,-0.665021980,0.503141565,4.893190113,0.081089908,1.399463490,-0.317906739
0.423000,-0.930016128,0.624154271,4.313288231,0.062635275,1.262807801,-0.319477040
0.424000,-1.238906370,0.686783183,3.679157113,0.052077384,1.118969992,-0.320095595
0.425000,-1.560376588,0.716178508,3.046253286,0.046986335,0.971859445,-0.321564133
0.426000,-1.889090470,0.676126140,2.459132903,0.049273835,0.824927914,-0.322234824
0.427000,-2.227525041,0.608971830,1.914179579,0.055016868,0.677883486,-0.322917086
0.428000,-2.558123629,0.569816652,1.444703288,0.059625778,0.536188585,-0.324548320
0.429000,-2.880991488,0.492788734,0.976254155,0.066585052,0.397577188,-0.325531120
0.430000,-3.173950508,0.407160973,0.499689659,0.072593546,0.263583101,-0.325690313
0.431000,-3.450151554,0.363024676,0.038938692,0.075991201,0.132957587,-0.326279011
0.432000,-3.696500506,0.355353151,-0.394190323,0.075354902,0.005933860,-0.325486570
0.433000,-3.855699074,0.357344158,-0.856503783,0.071513446,-0.116329345,-0.325557260
0.434000,-3.956758570,0.397653905,-1.340922573,0.065761334,-0.232689689,-0.325816385
0.435000,-4.016590402,0.460961248,-1.824724503,0.060278485,-0.343069756,-0.324908900
0.436000,-4.011373433,0.524988729,-2.307190535,0.054190550,-0.446939612,-0.322889272
0.437000,-3.859830337,0.588493841,-2.820473542,0.048457456,-0.538799840,-0.320248181
0.438000,-3.614893464,0.658152545,-3.339595617,0.042097511,-0.621467285,-0.313677217
0.439000,-3.317433731,0.717343460,-3.865341970,0.034397957,-0.699019606,-0.304143236
0.440000,-2.958172446,0.756298792,-4.410811209,0.024988771,-0.771382344,-0.292306635
0.441000,-2.598726239,0.766395921,-4.952569437,0.014104432,-0.841239351,-0.276926412
0.442000,-2.265931589,0.747865105,-5.478193422,0.003626054,-0.908370375,-0.259946530
0.443000,-1.955608625,0.694552475,-5.941132481,-0.005083983,-0.969544278,-0.241664699
0.444000,-1.677253992,0.621918650,-6.382334467,-0.012089607,-1.029654993,-0.222845839
0.445000,-1.446783804,0.531420061,-6.779516602,-0.015964204,-1.086968099,-0.202014124
0.446000,-1.241661094,0.437683360,-7.125424296,-0.016217939,-1.139975585,-0.180587742
0.447000,-1.041174113,0.353661391,-7.435919461,-0.014352020,-1.189356949,-0.158251522
0.448000,-0.856789302,0.263498820,-7.722352082,-0.009439401,-1.230958898,-0.133616536
0.449000,-0.661220869,0.188899116,-7.996067583,-0.004613687,-1.269618839,-0.108727212
0.450000,-0.436942564,0.131467591,-8.248774293,-0.000109152,-1.299902221,-0.083060052
0.451000,-0.166442006,0.058418433,-8.506702375,0.005147070,-1.321568190,-0.057026386
0.452000,0.132266480,-0.030219996,-8.764918424,0.010787146,-1.337565623,-0.030640467
0.453000,0.484652737,-0.117578517,-9.018013705,0.015077110,-1.344774129,-0.005767192
0.454000,0.843831587,-0.212145438,-9.259523382,0.019079503,-1.348190849,0.017619557
0.455000,1.220089410,-0.325230709,-9.498120379,0.023295782,-1.347651584,0.040391742
0.456000,1.558307678,-0.396247150,-9.713943696,0.024485119,-1.344569245,0.062717685
0.457000,1.852169463,-0.424866086,-9.917670864,0.021974550,-1.338578654,0.083671335
0.458000,2.077503026,-0.428101866,-10.089450180,0.015955072,-1.329012096,0.102462066
0.459000,2.240568430,-0.406223861,-10.233900205,0.008648465,-1.319476729,0.120431988
0.460000,2.335195977,-0.361302833,-10.345950081,-0.000675765,-1.309472514,0.137006805
0.461000,2.368081877,-0.357823421,-10.407403280,-0.009678441,-1.297508874,0.150762899
0.462000,2.344848537,-0.388151222,-10.431416853,-0.016283362,-1.284702221,0.162644846
0.463000,2.192589630,-0.460986465,-10.380831884,-0.017407474,-1.272940589,0.175523668
0.464000,1.988608592,-0.556500221,-10.314300621,-0.016612101,-1.260030174,0.189455951
0.465000,1.725527879,-0.662984457,-10.232277070,-0.014358548,-1.246389284,0.203830084
0.466000,1.396131622,-0.739258567,-10.143474422,-0.008718190,-1.232314933,0.220798994
0.467000,1.011986568,-0.773569944,-10.069977356,-0.000474024,-1.216551324,0.239948183
0.468000,0.648526320,-0.749997039,-10.026880128,0.009441123,-1.193714272,0.261421228
0.469000,0.341054026,-0.695083734,-9.988402314,0.020315364,-1.166814433,0.283700921
0.470000,0.112092619,-0.642219956,-9.979257515,0.035505626,-1.134097468,0.306527487
0.471000,0.015754819,-0.598771566,-9.975932063,0.052032348,-1.091709966,0.330092086
0.472000,0.058696363,-0.571987545,-9.941670226,0.068750613,-1.040554548,0.353242035
0.473000,0.246846348,-0.574976543,-9.882675203,0.082866563,-0.981173743,0.375148503
0.474000,0.472717664,-0.591149566,-9.801128141,0.092977778,-0.920154844,0.395148103
0.475000,0.766905830,-0.613132993,-9.674445929,0.095382750,-0.855549084,0.410886780
0.476000,1.004528403,-0.660434796,-9.511525882,0.089446181,-0.795245741,0.420582733
0.477000,1.222732729,-0.684156029,-9.337101401,0.079431653,-0.737746601,0.428000187
0.478000,1.329442613,-0.673813198,-9.115676297,0.064780648,-0.688847637,0.435990288
0.479000,1.407168348,-0.651597126,-8.901306102,0.049765353,-0.641156395,0.445280647
0.480000,1.383341744,-0.555200683,-8.688399167,0.030954524,-0.599473588,0.462198565
0.481000,1.274600512,-0.393084446,-8.490630960,0.010903361,-0.562063190,0.485789875
0.482000,1.098723775,-0.174190809,-8.304905201,-0.009800280,-0.526665108,0.515363297
0.483000,0.917686292,0.020294372,-8.205834039,-0.027085192,-0.488239416,0.541391629
0.484000,0.765958677,0.149593688,-8.125756019,-0.038858793,-0.448309930,0.561242972
0.485000,0.730470475,0.194138361,-8.038420685,-0.042547167,-0.404277780,0.567167813
0.486000,0.893272386,0.129337700,-7.958256112,-0.035102757,-0.351551831,0.558455772
0.487000,1.226567807,-0.043360679,-7.859826860,-0.017209820,-0.291658741,0.535000533
0.488000,1.724671189,-0.262311074,-7.690309038,0.009457951,-0.228139129,0.498544443
0.489000,2.272113283,-0.474876518,-7.506617445,0.036568058,-0.163150858,0.460470841
0.490000,2.795806071,-0.673735197,-7.333645385,0.062178414,-0.100152075,0.422391703
0.491000,3.211973692,-0.744618941,-7.084737818,0.076418179,-0.051248777,0.381996357
0.492000,3.532649533,-0.722586634,-6.811721909,0.081804393,-0.013192907,0.341731369
0.493000,3.696218046,-0.615748733,-6.554763939,0.078384286,0.007957385,0.303276293
0.494000,3.799283850,-0.510753691,-6.330747244,0.074135030,0.023630686,0.266941447
0.495000,3.830982727,-0.395678003,-6.112708381,0.070113403,0.031132809,0.233599204
0.496000,3.745973985,-0.270945914,-5.921291179,0.069967208,0.028019639,0.206077167
0.497000,3.586345645,-0.175618697,-5.764079698,0.074609912,0.018184683,0.183755809
0.498000,3.352065114,-0.149356635,-5.671200147,0.085722109,0.000608339,0.170822188
0.499000,3.128075049,-0.140919425,-5.597437227,0.100638556,-0.019437865,0.160740045
0.500000,2.904466101,-0.161136166,-5.550280441,0.118247477,-0.042430119,0.153848339
0.501000,2.718658364,-0.198328169,-5.544470181,0.135828470,-0.067524640,0.148054733
0.502000,2.576445147,-0.245420552,-5.564652278,0.153547436,-0.095528144,0.142243295
0.503000,2.463770078,-0.246266422,-5.611440157,0.167113226,-0.127664499,0.132317982
0.504000,2.335432103,-0.260752752,-5.692510517,0.179088925,-0.161827831,0.117583365
0.505000,2.173392053,-0.252478220,-5.847353007,0.189823588,-0.198902085,0.096960157
0.506000,1.950527469,-0.243989848,-6.067453344,0.199644464,-0.240773429,0.070842394
0.507000,1.732455787,-0.239650865,-6.318216191,0.208475580,-0.284447386,0.041814934
0.508000,1.496318159,-0.263491005,-6.599964701,0.218084089,-0.332040124,0.011693474
0.509000,1.271110566,-0.278089885,-6.894346717,0.224779507,-0.382560859,-0.016172073
0.510000,1.079209223,-0.331896895,-7.137667810,0.230801142,-0.435329038,-0.039860919
0.511000,0.945971436,-0.356556490,-7.354383362,0.232251859,-0.488282234,-0.058184160
0.512000,0.910906131,-0.402183619,-7.547975550,0.230337019,-0.541655039,-0.068995860
0.513000,0.952025504,-0.419646794,-7.758628668,0.223904835,-0.594574252,-0.075017619
0.514000,1.045756426,-0.391302796,-7.976089878,0.213655550,-0.645480951,-0.077480227
0.515000,1.155008677,-0.291753039,-8.221816292,0.199249010,-0.695964520,-0.078060420
0.516000,1.281281374,-0.160144382,-8.546489303,0.210096314,-0.752077949,-0.072099523
0.517000,1.381872208,0.016826487,-8.846686803,0.191920342,-0.800855918,-0.068006932
0.518000,1.491952447,0.133292988,-9.141823308,0.175276728,-0.847838726,-0.060525846
0.519000,1.601842029,0.178560965,-9.442032935,0.161760019,-0.895770165,-0.052524007
0.520000,1.756666515,0.111279991,-9.747284344,0.152449041,-0.943199729,-0.044187978
0.521000,1.964643891,0.011950648,-10.041028103,0.143942815,-0.990375363,-0.035509747
0.522000,2.214716905,-0.142950983,-10.366207289,0.136941480,-1.037908773,-0.027307465
0.523000,2.502595447,-0.264947860,-10.682427933,0.127488079,-1.086024639,-0.018742364
0.524000,2.816299922,-0.312381130,-10.980644118,0.112908443,-1.133664293,-0.009304185
0.525000,3.128039157,-0.264977084,-11.259986359,0.093199654,-1.181523956,-0.000519685
0.526000,3.416845168,-0.204889924,-11.536532723,0.071906612,-1.229208019,0.008766804
0.527000,3.655476525,-0.125824364,-11.819677236,0.050354608,-1.276879417,0.016412091
0.528000,3.845173552,-0.117780210,-12.109291118,0.033454600,-1.324198710,0.021452606
0.529000,4.025093927,-0.155706425,-12.400331401,0.021360078,-1.370484116,0.027297130
0.530000,4.199756433,-0.221429120,-12.715069098,0.012024645,-1.414924235,0.035564693
0.531000,4.441147773,-0.291190575,-13.032039767,0.005533324,-1.453966324,0.044279746
0.532000,4.741825052,-0.336981191,-13.317359811,0.001069551,-1.487827583,0.056217412
0.533000,5.108643787,-0.356260383,-13.569743737,-0.002415659,-1.515590758,0.069222703
0.534000,5.477595044,-0.388364428,-13.793066752,-0.005381582,-1.541599258,0.080142890
0.535000,5.852071595,-0.441729737,-13.925854105,-0.008857106,-1.566089431,0.085956176
0.536000,6.164249330,-0.499490457,-13.946873045,-0.016425030,-1.592693421,0.085537099
0.537000,6.405656733,-0.565883301,-13.914774396,-0.026523696,-1.621688652,0.079199228
0.538000,6.481597295,-0.609108027,-13.830798045,-0.038863773,-1.655760991,0.065982698
0.539000,6.438579427,-0.629202542,-13.723684292,-0.052632345,-1.693436593,0.049816556
0.540000,6.297468911,-0.640512793,-13.644079745,-0.065057599,-1.734345163,0.031030789
0.541000,6.047740206,-0.675816734,-13.585370331,-0.072354360,-1.778303863,0.012960512
0.542000,5.753235401,-0.733582675,-13.536605612,-0.075403219,-1.822601244,-0.004280401
0.543000,5.399221308,-0.812440719,-13.456017637,-0.075947484,-1.864861378,-0.018900598
0.544000,5.055985093,-0.893173126,-13.361648584,-0.075494253,-1.903504518,-0.030564568
0.545000,4.745865304,-0.942158423,-13.229958442,-0.075205158,-1.936649080,-0.036214303
0.546000,4.426353653,-0.953267012,-13.060918875,-0.076533776,-1.966032445,-0.038604911
0.547000,4.130449096,-0.874887611,-12.836639237,-0.081062308,-1.988672872,-0.036014932
0.548000,3.844836780,-0.760789182,-12.577107538,-0.088692383,-2.006391508,-0.030818752
0.549000,3.512500908,-0.634428910,-12.277817636,-0.098012945,-2.021412136,-0.025657266
0.550000,3.112856103,-0.498408350,-11.956881718,-0.108582553,-2.034030854,-0.022142416
0.551000,2.673939616,-0.358271566,-11.632461758,-0.120705625,-2.042524941,-0.020696611
0.552000,2.190254945,-0.232707052,-11.303004894,-0.133003699,-2.047336224,-0.021343747
0.553000,1.690347529,-0.106208188,-10.989039082,-0.143192471,-2.043647592,-0.025054432
0.554000,1.224056298,0.018348387,-10.681347745,-0.152283690,-2.034583476,-0.029703509
0.555000,0.870694555,0.115256292,-10.402824138,-0.158684179,-2.012171893,-0.036604583
0.556000,0.542974189,0.198798605,-10.126009838,-0.164453243,-1.987553217,-0.043988309
0.557000,0.297900664,0.223252869,-9.830756979,-0.166345617,-1.951593891,-0.053885324
0.558000,0.165537540,0.212556291,-9.500661997,-0.166398855,-1.905912900,-0.066352181
0.559000,0.077236668,0.187344639,-9.151981378,-0.165278372,-1.857181322,-0.079777601
0.560000,0.042029260,0.107757863,-8.778506434,-0.162175898,-1.803973815,-0.094840726
0.561000,0.034442670,0.042567619,-8.396473542,-0.160654661,-1.748522691,-0.110826850
0.562000,0.016020722,-0.002772130,-7.999953046,-0.160463462,-1.690831653,-0.127541999
0.563000,-0.044631484,-0.012380542,-7.597151354,-0.161968537,-1.633207159,-0.144047518
0.564000,-0.148414116,0.027732985,-7.202719979,-0.164603715,-1.574990162,-0.159004323
0.565000,-0.298505095,0.122288351,-6.816969663,-0.169407450,-1.515242786,-0.172521206
0.566000,-0.439415999,0.210758194,-6.440212857,-0.174497060,-1.452563879,-0.184764671
0.567000,-0.520714872,0.293726215,-6.073763363,-0.180480822,-1.383987121,-0.194965359
0.568000,-0.526555297,0.318796579,-5.732359041,-0.184216606,-1.308031215,-0.203205387
0.569000,-0.460292969,0.296011465,-5.393750719,-0.186949291,-1.226510954,-0.210379169
0.570000,-0.340583078,0.230907492,-5.039851535,-0.188433445,-1.140279241,-0.216962773
0.571000,-0.217460799,0.137835455,-4.662322361,-0.187365794,-1.052019075,-0.222315772
0.572000,-0.090315570,0.040184311,-4.272280725,-0.184718941,-0.962303901,-0.226978562
0.573000,0.023082346,-0.036869019,-3.876958197,-0.182349192,-0.872556325,-0.230553850
0.574000,0.119893744,-0.101954581,-3.479200937,-0.179822058,-0.783911067,-0.233478359
0.575000,0.176403579,-0.129626371,-3.092534795,-0.177970089,-0.697264679,-0.237020992
0.576000,0.215318329,-0.127437893,-2.712856742,-0.177392277,-0.611534706,-0.240410455
0.577000,0.241368386,-0.090072164,-2.342003353,-0.178968310,-0.526497347,-0.244407245
0.578000,0.279238389,-0.013961671,-1.952586091,-0.183686497,-0.439873484,-0.249398268
0.579000,0.320173456,0.065585091,-1.562454762,-0.188472685,-0.351081477,-0.253008668
0.580000,0.377620315,0.139263430,-1.186770784,-0.192357320,-0.261378882,-0.255223021
0.581000,0.436708714,0.186421198,-0.808245376,-0.194849476,-0.170778474,-0.258057009
0.582000,0.506793587,0.194523066,-0.424594909,-0.195205081,-0.077952754,-0.260823169
0.583000,0.557336392,0.156860677,-0.075497825,-0.191107887,0.013526490,-0.262416301
0.584000,0.590827830,0.097010852,0.272500200,-0.184739346,0.103247271,-0.264307295
0.585000,0.590411620,0.031811189,0.645846021,-0.176896756,0.189589630,-0.267165725
0.586000,0.564592184,0.000811968,1.033350488,-0.170267827,0.272518207,-0.268054499
0.587000,0.467622690,0.020310462,1.428933843,-0.164613226,0.349230760,-0.265946226
0.588000,0.341826609,0.093431246,1.866657231,-0.164179258,0.423366196,-0.261888344
0.589000,0.221468136,0.187430323,2.319269762,-0.166632599,0.497449717,-0.256305675
0.590000,0.104603407,0.350950590,2.745053660,-0.177762697,0.574526462,-0.245811335
0.591000,0.039579503,0.527993299,3.100813451,-0.194138621,0.653271939,-0.235914959
0.592000,0.015500370,0.704827106,3.407693023,-0.214038127,0.734098200,-0.225794223
0.593000,0.031479790,0.879843023,3.621723089,-0.233748409,0.816760939,-0.214885384
0.594000,0.104274169,1.011607618,3.791884270,-0.248904744,0.899462964,-0.205096455
0.595000,0.213805198,1.110789819,3.899257587,-0.260278433,0.981527887,-0.197461778
0.596000,0.359713160,1.146617120,3.973188928,-0.263542581,1.065545502,-0.189208754
0.597000,0.549597721,1.115278326,4.033250479,-0.260648567,1.150051030,-0.181951579
0.598000,0.815138711,1.003934298,4.133051757,-0.252180473,1.232257755,-0.173464750
0.599000,1.109029065,0.888595491,4.278121783,-0.243106561,1.311571091,-0.164549339
0.600000,1.436517797,0.744526625,4.481412020,-0.231609878,1.387075602,-0.155484006
0.601000,1.786387277,0.641887784,4.777498886,-0.222596071,1.455647861,-0.145035209
0.602000,2.145760078,0.604137936,5.113120245,-0.216658140,1.517808155,-0.132790183
0.603000,2.482759189,0.627935923,5.459601301,-0.213400516,1.572380085,-0.121632697
0.604000,2.804946439,0.662382374,5.804605341,-0.211474647,1.623842988,-0.110971915
0.605000,3.089853574,0.753687752,6.117008815,-0.213441163,1.665261188,-0.098467177
0.606000,3.342669569,0.815262364,6.364258639,-0.214411098,1.697695462,-0.087046489
0.607000,3.571093153,0.844553413,6.579481198,-0.213599979,1.721477987,-0.076078978
0.608000,3.738301683,0.825341453,6.785258563,-0.211276568,1.737524953,-0.065491874
0.609000,3.852776800,0.741892773,6.956792560,-0.207181430,1.747026224,-0.057102507
0.610000,3.916444703,0.607090773,7.081045924,-0.200681455,1.749597295,-0.049911392
0.611000,3.918511003,0.457565608,7.183329114,-0.193504798,1.745545629,-0.043085816
0.612000,3.847792343,0.304008430,7.268749550,-0.186604748,1.734634386,-0.036669312
0.613000,3.731022215,0.179304925,7.315429878,-0.180212094,1.716288754,-0.028997132
0.614000,3.601733771,0.068163354,7.364308179,-0.172744710,1.694163130,-0.020766318
0.615000,3.430799171,0.005689262,7.417489161,-0.164532903,1.664810680,-0.009149815
0.616000,3.260916784,-0.005026670,7.461778045,-0.156959568,1.630527455,0.005357824
0.617000,3.115514821,0.033579304,7.498438057,-0.151171549,1.594624994,0.020466036
0.618000,3.023698701,0.069479911,7.510076789,-0.145397036,1.559351892,0.033616510
0.619000,2.955603750,0.113234427,7.511608700,-0.139704431,1.523021463,0.047338907
0.620000,2.947145127,0.145679108,7.498196751,-0.132521978,1.485290034,0.061449510
0.621000,2.968747509,0.148811525,7.493111904,-0.124106888,1.445903888,0.073836413
0.622000,3.046100042,0.106235662,7.493266797,-0.111940488,1.404902536,0.085150816
0.623000,3.123140975,0.049932446,7.500160735,-0.098950031,1.362325751,0.096513395
0.624000,3.182293786,-0.029366876,7.524633980,-0.085673235,1.311556852,0.109816137
0.625000,3.194717558,-0.084285112,7.551500937,-0.075513204,1.254635494,0.122819183
0.626000,3.120229669,-0.091756198,7.571576118,-0.069387563,1.190132588,0.136605424
0.627000,2.945560571,-0.033220780,7.593819697,-0.068677980,1.119195127,0.151967649
0.628000,2.661635465,0.085761156,7.589169887,-0.074164195,1.042831258,0.167251748
0.629000,2.310851198,0.225134195,7.574269570,-0.083207754,0.962928928,0.182597570
0.630000,1.888515593,0.376390655,7.524799053,-0.094369030,0.880308815,0.198302873
0.631000,1.469930557,0.473933905,7.451022364,-0.104869621,0.798706289,0.213655442
0.632000,1.029467447,0.523440042,7.343636439,-0.115036366,0.715869283,0.226895095
0.633000,0.625783219,0.499619232,7.240834401,-0.118848394,0.634151494,0.236162483
0.634000,0.267898851,0.455987005,7.162301967,-0.120759094,0.552928246,0.243780483
0.635000,-0.058845879,0.369576788,7.095694383,-0.117528103,0.473515916,0.247501156
0.636000,-0.319455762,0.323856183,6.983809385,-0.109910192,0.400163596,0.248878498
0.637000,-0.519362565,0.228652829,6.824718161,-0.092071786,0.332135784,0.248377595
0.638000,-0.650411685,0.075231138,6.653005681,-0.064034057,0.271745106,0.248341383
0.639000,-0.737059173,-0.128944775,6.478542286,-0.026423967,0.217208923,0.249498456
0.640000,-0.759082860,-0.360998378,6.310262975,0.016642895,0.170187218,0.255521016
0.641000,-0.773832869,-0.601927275,6.235154623,0.060206754,0.127217652,0.264323270
0.642000,-0.776518010,-0.781932186,6.242261841,0.096209864,0.088025312,0.275878122
0.643000,-0.737317946,-0.845387585,6.268747655,0.115689111,0.060731486,0.291374176
0.644000,-0.639446462,-0.804413307,6.235000732,0.122845124,0.044441613,0.303502345
0.645000,-0.508761345,-0.687360961,6.152473425,0.115287212,0.038825236,0.312065742
0.646000,-0.227203639,-0.552452840,5.974969050,0.095458960,0.050626165,0.318848864
0.647000,0.125695903,-0.421794708,5.694458066,0.070563497,0.073134815,0.323858371
0.648000,0.536959189,-0.352469642,5.356639883,0.048032545,0.100895426,0.318915186
0.649000,0.978619983,-0.338814408,5.045485400,0.029159362,0.130227460,0.312713679
0.650000,1.451136680,-0.394864038,4.788904680,0.015329058,0.160928972,0.304622552
0.651000,1.816446502,-0.483260755,4.563329063,0.008714556,0.188505935,0.292000549
0.652000,2.106570862,-0.640825351,4.417230308,0.012221629,0.211745375,0.276142992
0.653000,2.265249287,-0.839203186,4.357070161,0.021568856,0.229243251,0.260693365
0.654000,2.302791834,-1.028110996,4.295713062,0.032111443,0.242557343,0.243433591
0.655000,2.214413675,-1.238724127,4.266677187,0.048534632,0.250253069,0.224485006
0.656000,2.016810349,-1.428115651,4.293266916,0.062686285,0.254942413,0.207770795
0.657000,1.792547316,-1.535724625,4.390922382,0.070423089,0.258413449,0.192879872
0.658000,1.574627775,-1.519163311,4.511172142,0.065462535,0.265131153,0.183891345
0.659000,1.399915636,-1.442260782,4.660830288,0.054860384,0.273164345,0.177671398
0.660000,1.234135379,-1.288838137,4.856481012,0.031664384,0.285784344,0.174419191
0.661000,1.090991557,-1.094380067,5.071139803,-0.001737403,0.302615997,0.165345344
0.662000,0.945231610,-0.890914954,5.266577808,-0.036737281,0.320617564,0.153561532
0.663000,0.757224913,-0.770013330,5.455115074,-0.064633666,0.337820856,0.134260540
0.664000,0.570877394,-0.681563945,5.662042096,-0.086529730,0.356494875,0.110534248
0.665000,0.371316713,-0.639367011,5.892115080,-0.095634413,0.378994258,0.083221086
0.666000,0.186892056,-0.658393152,6.096196282,-0.090496857,0.410015065,0.059677090
0.667000,0.055742533,-0.726699586,6.337664083,-0.069132063,0.452082141,0.043045579
0.668000,0.035796007,-0.808664224,6.600060215,-0.036086345,0.510584644,0.032160854
0.669000,0.057318692,-0.892353587,6.837756572,-0.002226198,0.577937768,0.026924477
0.670000,0.174867030,-0.957664029,7.081776754,0.034464420,0.659207390,0.030183432
0.671000,0.384963301,-1.013825024,7.345461076,0.067206780,0.748822974,0.036935797
0.672000,0.671993770,-1.018401612,7.555087677,0.094015739,0.845705458,0.047246505
0.673000,1.017248146,-0.922053037,7.745106988,0.108710437,0.945103315,0.062710259
0.674000,1.426446402,-0.797792237,7.927536311,0.120397670,1.046588520,0.077003987
0.675000,1.833051441,-0.620305927,8.121012448,0.125180269,1.145174501,0.090055358
0.676000,2.154961533,-0.379102224,8.321651844,0.124216144,1.239372489,0.103160824
0.677000,2.463341239,-0.130401820,8.547253757,0.122534127,1.333077238,0.115053338
0.678000,2.703747677,0.032003461,8.802552338,0.121109709,1.424543782,0.122409415
0.679000,2.898520647,0.165509663,9.112906482,0.118616831,1.514990018,0.126700860
0.680000,3.062751825,0.239821698,9.414578402,0.116217263,1.605816873,0.129550154
0.681000,3.245313416,0.208719069,9.758034534,0.117538863,1.700051699,0.129727888
0.682000,3.427654515,0.124828991,10.126720816,0.121901453,1.795985775,0.127405684
0.683000,3.613885325,-0.025651169,10.526823649,0.134507899,1.892466625,0.126505426
0.684000,3.792169542,-0.217957189,10.929070527,0.151809755,1.989989384,0.125845781
0.685000,3.963391407,-0.427897649,11.307561735,0.173972670,2.087112475,0.125420267
0.686000,4.126926700,-0.651897240,11.608946195,0.197780863,2.185604654,0.124507342
0.687000,4.258729875,-0.881891112,11.884295614,0.222279246,2.285183601,0.124542144
0.688000,4.431861592,-1.028831919,12.023314289,0.243057743,2.390058969,0.123061956
0.689000,4.621606644,-1.130040965,12.113974184,0.261901085,2.497415215,0.122353302
0.690000,4.841275624,-1.193714749,12.177436702,0.276453924,2.608328183,0.121088657
0.691000,5.207559012,-1.111160202,12.245311361,0.284013398,2.727763067,0.121355673
0.692000,5.667196136,-0.909861268,12.323029339,0.285237703,2.848329612,0.122678782
0.693000,6.231967970,-0.667843473,12.450998858,0.279769338,2.973791387,0.125144349
0.694000,6.825483473,-0.398672332,12.567013091,0.270421958,3.098629755,0.128426425
0.695000,7.519796390,-0.136269575,12.627029240,0.258878018,3.226201761,0.132517707
0.696000,8.259884056,0.033425910,12.681330090,0.247517300,3.356579102,0.137644735
0.697000,9.010757889,0.108479591,12.713789842,0.238808134,3.490829243,0.141849207
0.698000,9.685960682,0.076036469,12.741101725,0.236310289,3.619019647,0.147989843
0.699000,10.308528041,-0.007167843,12.804920355,0.235036575,3.742375978,0.154767798
0.700000,10.770171125,-0.129168489,12.890658397,0.234889618,3.849978542,0.161561721
0.701000,11.128380360,-0.270391329,12.996180094,0.235122474,3.947270458,0.168654297
0.702000,11.377919740,-0.400568337,13.119897098,0.236111919,4.033798790,0.177026741
0.703000,11.458638892,-0.440395854,13.258471199,0.232766656,4.108007549,0.181705172
0.704000,11.458715165,-0.424911566,13.399358601,0.227906032,4.176790982,0.187102967
0.705000,11.357177960,-0.351266650,13.573353908,0.222761413,4.238835674,0.192961897
0.706000,11.200763631,-0.285319540,13.704362631,0.218257540,4.295855203,0.201270095
0.707000,11.016889509,-0.224132967,13.821524232,0.212258286,4.351103737,0.210374647
0.708000,10.900002140,-0.248457115,13.898824957,0.209279253,4.403676853,0.219821127
0.709000,10.815370075,-0.357635109,13.954581875,0.209290998,4.452110132,0.226315659
0.710000,10.745181894,-0.545099930,14.004711782,0.209780184,4.495947619,0.226115091
0.711000,10.695568924,-0.718134082,14.103907710,0.209257217,4.533552462,0.211875507
0.712000,10.664910694,-0.907623652,14.224898307,0.210237609,4.568030781,0.192838116
0.713000,10.588869650,-0.992943737,14.419924425,0.210024644,4.596950481,0.172030834
0.714000,10.533863622,-1.029775931,14.606782205,0.207792865,4.625583437,0.146850724
0.715000,10.525665084,-0.941650049,14.796446878,0.204850074,4.654063797,0.119912725
0.716000,10.548465808,-0.835974326,14.961573757,0.207086101,4.680807764,0.102821944
0.717000,10.577725845,-0.701316607,15.102542360,0.209199390,4.704948410,0.086873539
0.718000,10.600922333,-0.624469868,15.152900239,0.211171265,4.722909473,0.067979716
0.719000,10.598435853,-0.572765620,15.198390785,0.214109023,4.735675227,0.050052318
0.720000,10.547374512,-0.603737523,15.222980934,0.217076948,4.736373730,0.035745867
0.721000,10.345388238,-0.633351114,15.194981691,0.212399794,4.721437647,0.015813756
0.722000,10.083562086,-0.677928289,15.144971833,0.207313759,4.700529265,-0.003546380
0.723000,9.799007679,-0.740477888,15.100764363,0.203633045,4.672758585,-0.019720166
0.724000,9.438912110,-0.781329890,15.040909959,0.198761841,4.638309993,-0.035408640
0.725000,8.998416583,-0.772992672,14.932217235,0.192780538,4.595181201,-0.054141259
0.726000,8.572881626,-0.747015384,14.820307882,0.191497750,4.547317787,-0.072771398
0.727000,8.150101267,-0.715965133,14.706502430,0.191705862,4.494514486,-0.094863077
0.728000,7.691479920,-0.596890203,14.588367415,0.188534071,4.434919608,-0.118945791
0.729000,7.285997352,-0.503041733,14.469755162,0.186840694,4.374702050,-0.142512785
0.730000,6.984562344,-0.444962943,14.356533659,0.187852299,4.314248428,-0.165621381
0.731000,6.745701925,-0.363333766,14.205452779,0.186279618,4.252772995,-0.187011213
0.732000,6.577238520,-0.313956568,14.040972624,0.184137875,4.190301198,-0.204804390
0.733000,6.430108549,-0.368486224,13.819166892,0.186635399,4.121328392,-0.220024187
0.734000,6.276095684,-0.435422159,13.580843488,0.190296498,4.049506741,-0.233612559
0.735000,6.105509212,-0.490518473,13.290612085,0.193088286,3.969424449,-0.240502810
0.736000,5.884194056,-0.532618238,13.030570781,0.194646542,3.882067912,-0.244197350
0.737000,5.586250538,-0.496189217,12.777964363,0.192394444,3.784795921,-0.245299857
0.738000,5.277295820,-0.344187756,12.565848332,0.184216240,3.684108667,-0.245291163
0.739000,4.909672757,-0.179517862,12.349920454,0.175327172,3.577264275,-0.245253007
0.740000,4.461231794,0.017115659,12.143905574,0.164145152,3.459924194,-0.243883102
0.741000,3.984099468,0.099243781,11.856117465,0.161375039,3.336132769,-0.242349438
0.742000,3.470875265,0.145816462,11.556512929,0.160828032,3.205784887,-0.240970814
0.743000,2.936604675,0.139232428,11.213518948,0.162150444,3.070350045,-0.238881396
0.744000,2.459023834,0.100518182,10.850727089,0.164769059,2.937234044,-0.236236327
0.745000,2.029635442,-0.014152435,10.419409557,0.172412241,2.805291043,-0.235242345
0.746000,1.675421821,-0.090721420,9.966962464,0.174789655,2.672343805,-0.235871740
0.747000,1.373893676,-0.142698687,9.460268667,0.175034873,2.541110067,-0.238144378
0.748000,1.100941794,-0.208464570,8.898639633,0.177218048,2.407135241,-0.244052308
0.749000,0.822311354,-0.238418832,8.341906645,0.177127821,2.271393766,-0.252850312
0.750000,0.577063106,-0.184273176,7.775488773,0.170124508,2.132611755,-0.265718724
0.751000,0.353939739,-0.095008799,7.212129827,0.159260733,1.993126408,-0.280835410
0.752000,0.135147394,0.015673623,6.674017137,0.146064135,1.854492234,-0.296013283
0.753000,-0.093248162,0.175624529,6.168217829,0.126722650,1.717178917,-0.306389659
0.754000,-0.326954656,0.321478529,5.650497174,0.107487620,1.580670187,-0.313339526
0.755000,-0.580181824,0.457761358,5.081442352,0.087744146,1.444616664,-0.316775554
0.756000,-0.836038374,0.588820570,4.511525209,0.068114454,1.308678176,-0.319385162
0.757000,-1.136519880,0.669664568,3.894121223,0.054919036,1.167436834,-0.319283125
0.758000,-1.451779898,0.710689394,3.254649728,0.048046200,1.021028527,-0.321277195
0.759000,-1.778178372,0.696197301,2.647894959,0.047739351,0.873883249,-0.322051040
0.760000,-2.116699870,0.634482530,2.084230670,0.052883330,0.726360768,-0.322457157
0.761000,-2.449057891,0.585758024,1.600932555,0.057833288,0.583046405,-0.323888516
0.762000,-2.778726305,0.529035311,1.130918328,0.063852715,0.443138483,-0.325507225
0.763000,-3.077183002,0.434001530,0.659488834,0.070744873,0.308069273,-0.325627787
0.764000,-3.365716801,0.373366359,0.188120846,0.075290176,0.175665853,-0.326204248
0.765000,-3.620861281,0.355533195,-0.248385035,0.075883032,0.047994222,-0.325994456
0.766000,-3.806163188,0.357220638,-0.698136659,0.072869482,-0.075867941,-0.325145071
0.767000,-3.931272039,0.372577077,-1.178738250,0.067968352,-0.195001965,-0.326026255
0.768000,-3.998374041,0.441787957,-1.664315632,0.061977205,-0.306545716,-0.325260092
0.769000,-4.028256177,0.502867621,-2.145354638,0.056319587,-0.413741982,-0.323663532
0.770000,-3.917389125,0.563953628,-2.649478251,0.050497317,-0.508985815,-0.321255432
0.771000,-3.705671289,0.633431392,-3.166156325,0.044440430,-0.594792296,-0.316393212
0.772000,-3.424142454,0.701908457,-3.688473287,0.037184440,-0.673944133,-0.307584440
0.773000,-3.080714188,0.744780244,-4.226732107,0.028173202,-0.747293943,-0.296513885
0.774000,-2.715253826,0.767373981,-4.776014475,0.017846746,-0.818600559,-0.282482474
0.775000,-2.377305625,0.762828626,-5.305023826,0.006694769,-0.886484324,-0.265812056
0.776000,-2.057335363,0.712591011,-5.789077267,-0.002168172,-0.949393282,-0.247818724
0.777000,-1.757053210,0.654457409,-6.243852728,-0.010531820,-1.009697195,-0.229412115
0.778000,-1.521370949,0.560783030,-6.650192211,-0.014725382,-1.068132442,-0.209046719
0.779000,-1.308751495,0.468659534,-7.014452804,-0.016678577,-1.122892183,-0.187827986
0.780000,-1.104327184,0.379454035,-7.339785274,-0.015166911,-1.173569929,-0.165733236
0.781000,-0.917722536,0.294677837,-7.626845078,-0.011250613,-1.217363783,-0.141852089
0.782000,-0.731235373,0.204845378,-7.908547157,-0.005998114,-1.257740368,-0.117014274
0.783000,-0.514986575,0.151532380,-8.165614541,-0.001691504,-1.290410668,-0.091684886
0.784000,-0.262773399,0.086302127,-8.421020830,0.003263081,-1.315842882,-0.065878702
0.785000,0.026231190,0.002583346,-8.678077343,0.008917840,-1.333010837,-0.039323685
0.786000,0.365026471,-0.089996156,-8.934739757,0.013794744,-1.342744399,-0.013980149
0.787000,0.722976198,-0.171549128,-9.180304324,0.017570342,-1.347797577,0.010045769
0.788000,1.092793899,-0.290390735,-9.418293014,0.021968612,-1.348038240,0.032797551
0.789000,1.454993652,-0.382178622,-9.644634815,0.024952981,-1.346325174,0.055576776
0.790000,1.763171202,-0.423875536,-9.852821005,0.023466556,-1.340832948,0.076817271
0.791000,2.004782315,-0.427187927,-10.033640156,0.018076095,-1.332266048,0.096238580
0.792000,2.199342271,-0.425884806,-10.193179566,0.011638552,-1.322777485,0.114650393
0.793000,2.305563422,-0.374749536,-10.309206111,0.002442650,-1.312811985,0.131530615
0.794000,2.369980043,-0.351173453,-10.394220196,-0.007131816,-1.301803532,0.146746259
0.795000,2.363416572,-0.371201443,-10.433454232,-0.014756212,-1.288923448,0.158778799
0.796000,2.247766218,-0.436068192,-10.398962359,-0.017239784,-1.276792126,0.171128144
0.797000,2.071171185,-0.512736696,-10.336494098,-0.017513074,-1.264520613,0.184711470
0.798000,1.814385017,-0.629674634,-10.260953688,-0.015066148,-1.250952912,0.199027470
0.799000,1.520640339,-0.723149528,-10.171617066,-0.011095965,-1.237151492,0.214684977
0.800000,1.138230596,-0.764465446,-10.088159054,-0.003717916,-1.222483986,0.233356838
0.801000,0.767708469,-0.761129475,-10.041458464,0.006181477,-1.201671857,0.254185354
0.802000,0.425670222,-0.720389435,-9.999811485,0.016317551,-1.176866940,0.276134549
0.803000,0.188299002,-0.656593686,-9.979829615,0.030125039,-1.145098069,0.298870937
0.804000,0.012288468,-0.608389839,-9.983873889,0.046484084,-1.108032120,0.322421375
0.805000,0.034148027,-0.581092093,-9.958766569,0.063677955,-1.058493464,0.345392172
0.806000,0.171576573,-0.572730031,-9.905094987,0.078959058,-1.001515597,0.368253199
0.807000,0.397362358,-0.581126972,-9.836598765,0.090563810,-0.940482577,0.388890128
0.808000,0.664237491,-0.606689660,-9.717144959,0.094766490,-0.877346490,0.405776380
0.809000,0.927319942,-0.646857199,-9.566298802,0.092471806,-0.815093189,0.418073554
0.810000,1.158691266,-0.683771058,-9.399494733,0.083275290,-0.755670523,0.425655202
0.811000,1.295940444,-0.677664451,-9.189804211,0.069737682,-0.705071233,0.433273516
0.812000,1.395293976,-0.665579016,-8.967587234,0.054859376,-0.656444317,0.441469896
0.813000,1.398040143,-0.591686910,-8.762040887,0.037529086,-0.612945298,0.456163098
0.814000,1.330965692,-0.459136301,-8.553632941,0.017536328,-0.573816297,0.476345753
0.815000,1.159698161,-0.242789851,-8.363613402,-0.003100527,-0.538640533,0.505746040
0.816000,0.981791168,-0.036408719,-8.233624908,-0.022010117,-0.501005908,0.532986217
0.817000,0.802031207,0.117171706,-8.153475332,-0.035930196,-0.462123436,0.556181346
0.818000,0.735971094,0.183956087,-8.067084622,-0.041759929,-0.419159149,0.565928493
0.819000,0.800823512,0.173059544,-7.988669752,-0.039552546,-0.370700047,0.564681817
0.820000,1.103422207,0.014981955,-7.895911154,-0.023815874,-0.312141367,0.543470401
0.821000,1.542190491,-0.191455926,-7.751539569,0.000421248,-0.249801886,0.511235643
0.822000,2.089632585,-0.404021370,-7.567847976,0.027531356,-0.184813615,0.473162042
0.823000,2.623699827,-0.612066792,-7.389295520,0.053777245,-0.120887791,0.435190008
0.824000,3.089450395,-0.737718336,-7.173968168,0.073390012,-0.065512962,0.395624590
0.825000,3.436205268,-0.738889702,-6.907308465,0.080973116,-0.024179415,0.355302612
0.826000,3.647363752,-0.652930808,-6.638219921,0.079671421,0.001306517,0.315983072
0.827000,3.777313709,-0.534936133,-6.395373278,0.075129561,0.019710592,0.278459240
0.828000,3.825383074,-0.441395516,-6.191067748,0.071769334,0.029328889,0.244517516
0.829000,3.790207855,-0.310451282,-5.977084745,0.069037823,0.030456482,0.213979890
0.830000,3.654830189,-0.198757036,-5.810916913,0.072631078,0.022405881,0.190485564
0.831000,3.428144123,-0.156661764,-5.700220961,0.081837069,0.006553276,0.174859719
0.832000,3.199619199,-0.145547044,-5.618873273,0.094978258,-0.012225231,0.163535283
0.833000,2.980067536,-0.150677495,-5.564036724,0.112356963,-0.034628929,0.155984320
0.834000,2.775599766,-0.178783580,-5.543231971,0.129728536,-0.058565242,0.149983510
0.835000,2.617577036,-0.242871924,-5.551167800,0.148464377,-0.085684065,0.144300836
0.836000,2.500301704,-0.248114527,-5.596650096,0.162707746,-0.116808401,0.136056101
0.837000,2.385888412,-0.251562641,-5.656833412,0.175230426,-0.149785050,0.123617828
0.838000,2.239059837,-0.258905983,-5.789252863,0.186475001,-0.186088680,0.104228561
0.839000,2.023397706,-0.250597176,-5.985100046,0.196935408,-0.226393687,0.080273956
0.840000,1.804728035,-0.231670703,-6.232255992,0.205127202,-0.269561744,0.051928127
0.841000,1.582839138,-0.253513560,-6.504670585,0.215056238,-0.315447741,0.021479694
0.842000,1.335837767,-0.274230942,-6.802500619,0.223068989,-0.365388245,-0.007723780
0.843000,1.143140990,-0.310765579,-7.059051182,0.228702875,-0.417648845,-0.032070526
0.844000,0.978718908,-0.346376653,-7.285861717,0.232251156,-0.470639272,-0.053115930
0.845000,0.915721682,-0.393113018,-7.481353855,0.231684465,-0.523616817,-0.066142484
0.846000,0.933181084,-0.415075730,-7.687507421,0.226224093,-0.577093627,-0.073149031
0.847000,1.008144451,-0.413056793,-7.895742176,0.217790959,-0.628873389,-0.077311631
0.848000,1.119094953,-0.329171120,-8.139408413,0.204308203,-0.679051041,-0.077852565
0.849000,1.245632505,-0.218677595,-8.441312764,0.216080243,-0.735736850,-0.072955065
0.850000,1.345986864,-0.040428569,-8.749480451,0.198074635,-0.784925015,-0.069838179
0.851000,1.456276063,0.102128891,-9.043078857,0.180523785,-0.832182921,-0.063176205
0.852000,1.560928974,0.179969985,-9.343118246,0.165643719,-0.879637907,-0.055196875
0.853000,1.703028462,0.135958708,-9.643941538,0.155469152,-0.927478309,-0.046995377
0.854000,1.887395759,0.050973609,-9.943258893,0.146744129,-0.974750355,-0.038376236
0.855000,2.127175390,-0.089345136,-10.254261642,0.139335366,-1.021960855,-0.029794028
0.856000,2.400661905,-0.232071402,-10.580470576,0.131104538,-1.070057055,-0.021871578
0.857000,2.713086460,-0.316142338,-10.883062422,0.119062729,-1.117733481,-0.012349588
0.858000,3.024433638,-0.282299297,-11.168777699,0.099774184,-1.165549514,-0.003363609
0.859000,3.323420366,-0.226752175,-11.443595495,0.079214280,-1.213415605,0.005915696
0.860000,3.581621500,-0.150379114,-11.726347640,0.057210055,-1.260944385,0.013900750
0.861000,3.779558884,-0.114153241,-12.014566107,0.038355262,-1.308761587,0.019667357
0.862000,3.965983974,-0.134844291,-12.298651190,0.024564409,-1.355287533,0.025158152
0.863000,4.138944461,-0.198022277,-12.608999068,0.015051451,-1.400390801,0.032702197
0.864000,4.355091229,-0.270704807,-12.933827325,0.007248469,-1.441817763,0.040770025
0.865000,4.625487475,-0.327963624,-13.225933114,0.002617012,-1.477574183,0.051991647
0.866000,4.988006736,-0.348767191,-13.488268365,-0.001499671,-1.506512438,0.064855295
0.867000,5.349138282,-0.376919619,-13.728483640,-0.004168714,-1.533491972,0.077092354
0.868000,5.728079430,-0.424045400,-13.884822215,-0.007593919,-1.557879667,0.084047639
0.869000,6.073001716,-0.479476460,-13.949818299,-0.013236442,-1.583351129,0.087045187
0.870000,6.334243435,-0.545295705,-13.928330296,-0.022996462,-1.611875325,0.081568173
0.871000,6.485117420,-0.596099662,-13.867602116,-0.034223175,-1.643428467,0.071289121
0.872000,6.462955039,-0.626528870,-13.757811779,-0.048130069,-1.680658749,0.055236589
0.873000,6.345613757,-0.636411059,-13.670386884,-0.060929982,-1.720662496,0.037308693
0.874000,6.142512804,-0.657114731,-13.600080256,-0.071107337,-1.763564591,0.018925454
0.875000,5.856354220,-0.712715066,-13.556559039,-0.074686115,-1.807700879,0.001077020
0.876000,5.520639149,-0.784617779,-13.484725801,-0.075947113,-1.850971906,-0.014103140
0.877000,5.161765758,-0.868389556,-13.395454012,-0.075789772,-1.891705791,-0.027573820
0.878000,4.849371118,-0.926957875,-13.275109899,-0.075267735,-1.925648919,-0.034428980
0.879000,4.536260436,-0.966611373,-13.131071653,-0.075517763,-1.957061758,-0.038810790
0.880000,4.225215562,-0.909500238,-12.914348555,-0.079011891,-1.982149111,-0.037320763
0.881000,3.940670481,-0.802177723,-12.667422939,-0.085732594,-2.000761492,-0.032692640
0.882000,3.635366545,-0.676803180,-12.383877402,-0.094809875,-2.016872962,-0.027194303
0.883000,3.246033611,-0.543611695,-12.063451344,-0.105046327,-2.029900631,-0.023267308
0.884000,2.830917318,-0.402194107,-11.741375214,-0.116417442,-2.040610879,-0.020708150
0.885000,2.355462262,-0.274194383,-11.414364922,-0.129088017,-2.046180998,-0.020839525
0.886000,1.856727255,-0.147839241,-11.092405890,-0.139865757,-2.045106645,-0.023720956
0.887000,1.361905535,-0.022138467,-10.781707301,-0.149696080,-2.039960747,-0.027827772
0.888000,0.984498691,0.083532113,-10.494445598,-0.156568632,-2.019962141,-0.034264561
0.889000,0.648907743,0.175195234,-10.218532448,-0.162819131,-1.996224634,-0.041402163
0.890000,0.367567409,0.218345860,-9.933764413,-0.165828131,-1.964784731,-0.050269827
0.891000,0.198204375,0.216643710,-9.614825618,-0.166528303,-1.922002142,-0.062019399
0.892000,0.099396116,0.203126659,-9.271389582,-0.166097327,-1.873864453,-0.075075667
0.893000,0.051982022,0.138498746,-8.904163916,-0.163313505,-1.821924897,-0.089686381
0.894000,0.034867001,0.059032929,-8.524410498,-0.160751930,-1.767356270,-0.105359299
0.895000,0.028286300,0.010405349,-8.131993845,-0.160467302,-1.710122279,-0.121891358
0.896000,-0.020122850,-0.010169766,-7.730227447,-0.161358563,-1.652266878,-0.138613844
0.897000,-0.107846096,0.001628239,-7.334014966,-0.163329717,-1.594886377,-0.154378854
0.898000,-0.248965344,0.090148821,-6.945189420,-0.167777196,-1.535177934,-0.168020953
0.899000,-0.398724032,0.185414719,-6.564241727,-0.172821346,-1.474418209,-0.180971411
0.900000,-0.500469540,0.260711917,-6.197532205,-0.178327075,-1.407332198,-0.191888949
0.901000,-0.531941345,0.315414009,-5.844210665,-0.183162891,-1.334053376,-0.200665474
0.902000,-0.492493891,0.310504902,-5.506230171,-0.186144321,-1.254400025,-0.208089165
0.903000,-0.380574421,0.253788940,-5.158116562,-0.188018174,-1.169110499,-0.214797289
0.904000,-0.256384301,0.169234342,-4.791601948,-0.188036482,-1.081564697,-0.220849133
0.905000,-0.131740444,0.077174364,-4.400856166,-0.185794700,-0.992364602,-0.225354177
0.906000,-0.015099126,-0.015567817,-4.008727166,-0.183034945,-0.902224476,-0.229544468
0.907000,0.093257206,-0.081728580,-3.611825500,-0.180770972,-0.813398443,-0.232509906
0.908000,0.158819176,-0.122899493,-3.221990174,-0.178505922,-0.726029651,-0.235788550
0.909000,0.205067670,-0.133423904,-2.838447672,-0.177275573,-0.640238925,-0.239223615
0.910000,0.233929317,-0.106674125,-2.466125921,-0.178137732,-0.554792405,-0.242956608
0.911000,0.265997457,-0.040480924,-2.083315387,-0.181999329,-0.468831133,-0.247689328
0.912000,0.305903984,0.038712018,-1.691618951,-0.186933810,-0.380867309,-0.252123174
0.913000,0.357459456,0.114204615,-1.312354497,-0.191004247,-0.291296794,-0.254458827
0.914000,0.415633088,0.178777213,-0.936655367,-0.194426151,-0.201168593,-0.256913058
0.915000,0.485074133,0.198644507,-0.546631971,-0.195661363,-0.109055344,-0.260192117
0.916000,0.542145328,0.172687993,-0.190228312,-0.192851058,-0.016701661,-0.261936913
0.917000,0.584026484,0.118552052,0.153484629,-0.187107788,0.073660476,-0.263533741
0.918000,0.591920896,0.053698412,0.520519450,-0.179566314,0.160966801,-0.266178468
0.919000,0.579644189,0.004825057,0.905323433,-0.172398064,0.245712550,-0.268309979
0.920000,0.507418889,0.005514223,1.289461169,-0.165933232,0.324250225,-0.266766777
0.921000,0.384249612,0.066951254,1.721234924,-0.164051012,0.398740757,-0.263337349
0.922000,0.259371243,0.150062234,2.163216582,-0.164950767,0.472620394,-0.258585292
0.923000,0.145200669,0.294168526,2.605409143,-0.173816673,0.548797043,-0.249385817
0.924000,0.051400316,0.466575955,2.991637441,-0.187618345,0.626731326,-0.239279561
0.925000,0.018530726,0.649707109,3.317441217,-0.207313763,0.706571286,-0.229146917
0.926000,0.025401639,0.820771679,3.552625231,-0.227182824,0.789224211,-0.218559021
0.927000,0.070830837,0.978306917,3.747770616,-0.245093296,0.871941580,-0.208084058
0.928000,0.176557943,1.077786742,3.865466144,-0.256492061,0.954212896,-0.199900300
0.929000,0.303524682,1.150274819,3.954933746,-0.263888284,1.037159114,-0.191516496
0.930000,0.473548454,1.137026748,4.010576522,-0.262620839,1.122271233,-0.184621223
0.931000,0.723886611,1.043513099,4.097027490,-0.255117044,1.204859451,-0.176413451
0.932000,1.006695852,0.926251995,4.221700877,-0.246240623,1.285955920,-0.167493683
0.933000,1.326157628,0.794766965,4.411513522,-0.235579839,1.362015088,-0.158519116
0.934000,1.666107419,0.665142458,4.666787862,-0.225050146,1.433925473,-0.148873587
0.935000,2.028189667,0.602647437,4.996463204,-0.218017227,1.498110216,-0.137067064
0.936000,2.371366325,0.619108109,5.344185653,-0.214452784,1.554445309,-0.125266026
0.937000,2.702767180,0.646691890,5.689732843,-0.211548935,1.607806469,-0.114438587
0.938000,2.995551686,0.721215232,6.013380262,-0.212656572,1.651709512,-0.102753244
0.939000,3.263874170,0.801798675,6.290728587,-0.214582488,1.688711264,-0.090819811
0.940000,3.502345379,0.841088458,6.509537894,-0.213987355,1.714807825,-0.079515069
0.941000,3.687224876,0.838704132,6.718127373,-0.212371712,1.732617553,-0.069049954
0.942000,3.821259970,0.775557143,6.906755236,-0.208693043,1.744898415,-0.059770990
0.943000,3.895222069,0.652024773,7.039628136,-0.202848114,1.748740272,-0.052308431
0.944000,3.930198937,0.510255827,7.151015887,-0.195840468,1.747951635,-0.045311440
0.945000,3.882005703,0.351357532,7.246333760,-0.188890773,1.739544658,-0.038916656
0.946000,3.770668027,0.218327962,7.301572422,-0.182277049,1.722752642,-0.031671884
0.947000,3.651178049,0.102407833,7.345118651,-0.175682472,1.702724220,-0.023596909
0.948000,3.491803497,0.024277826,7.401400001,-0.167238379,1.675031532,-0.013400272
0.949000,3.316587551,-0.013409559,7.447056950,-0.159020661,1.642659554,0.000254571
0.950000,3.151281454,0.015508427,7.490985439,-0.152963863,1.606277793,0.015626551
0.951000,3.053094447,0.057346661,7.505985152,-0.147322200,1.571183219,0.029262611
0.952000,2.969218082,0.095964917,7.513547034,-0.141622953,1.535379685,0.042530293
0.953000,2.948102463,0.136227516,7.503201963,-0.135054732,1.497905026,0.056758133
0.954000,2.950300442,0.158225057,7.493803379,-0.127637108,1.459267739,0.070024355
0.955000,3.020746484,0.124141325,7.491583709,-0.116228409,1.418929046,0.081371065
0.956000,3.096807157,0.070424336,7.496632973,-0.103364647,1.376849516,0.092710318
0.957000,3.170136155,-0.003699562,7.517029897,-0.089736067,1.329628058,0.105267707
0.958000,3.192392069,-0.067400332,7.542033249,-0.078757429,1.273812617,0.118552302
0.959000,3.159754905,-0.098292599,7.564404909,-0.070743495,1.212753669,0.131666209
0.960000,3.017836383,-0.065440981,7.594146931,-0.068140942,1.143239840,0.146700032
0.961000,2.768457503,0.042987370,7.591961794,-0.071681949,1.068950504,0.162287340
0.962000,2.437853742,0.174271905,7.582715893,-0.079709589,0.990014622,0.177295764
0.963000,2.032257388,0.326043221,7.543095425,-0.090598819,0.907946942,0.193082990
0.964000,1.610681926,0.446744751,7.480673048,-0.101267967,0.825791513,0.208772607
0.965000,1.174408232,0.513771824,7.376130919,-0.111895188,0.743617440,0.222786541
0.966000,0.755405313,0.510356413,7.274154949,-0.117990597,0.661264009,0.233314471
0.967000,0.384447143,0.474783535,7.183280612,-0.120399832,0.579939724,0.241924866
0.968000,0.049513517,0.399075855,7.118065470,-0.118714778,0.499944707,0.246302435
0.969000,-0.244165300,0.345186393,7.026917686,-0.113966579,0.423853308,0.248837201
0.970000,-0.461140705,0.266685829,6.885013341,-0.099272441,0.353746671,0.248620277
0.971000,-0.609804098,0.129659385,6.710231463,-0.073970033,0.291488833,0.248184625
0.972000,-0.718358402,-0.055208751,6.538966166,-0.040717417,0.234232699,0.248625962
0.973000,-0.754259594,-0.281559004,6.365687017,0.002130139,0.185599278,0.253348142
0.974000,-0.769338310,-0.529462623,6.245865513,0.046281389,0.141064867,0.260820441
0.975000,-0.774473120,-0.737464127,6.232248453,0.087026179,0.100010113,0.271450018
0.976000,-0.752403976,-0.826704938,6.259657627,0.109492881,0.069491818,0.286125781
0.977000,-0.683914011,-0.834803946,6.259295696,0.123322383,0.047568867,0.300034399
0.978000,-0.553934436,-0.729361567,6.182278786,0.118507458,0.040214439,0.309458110
0.979000,-0.336816073,-0.595652123,6.053390891,0.103210614,0.044503602,0.317102556
0.980000,-0.004843757,-0.460306194,5.795949189,0.078548725,0.064593011,0.322655249
0.981000,0.391586022,-0.376822339,5.472126137,0.055585544,0.091160877,0.321324283
0.982000,0.833007355,-0.327806676,5.131920575,0.034418867,0.120544847,0.314445444
0.983000,1.293517985,-0.373613090,4.875680448,0.019693548,0.150613763,0.307548992
0.984000,1.710266733,-0.446094836,4.624525712,0.009396267,0.179974475,0.297060473
0.985000,2.024711846,-0.584442484,4.458348254,0.010276660,0.204923714,0.281218002
0.986000,2.223055336,-0.766136192,4.375912724,0.018080749,0.223602499,0.266312676
0.987000,2.315464152,-0.966999210,4.317983209,0.028165197,0.239055788,0.249544437
0.988000,2.246402773,-1.167285148,4.273132111,0.042835722,0.247852406,0.230841140
0.989000,2.103318238,-1.377402059,4.273471283,0.059137758,0.254188277,0.213259972
0.990000,1.866547372,-1.507233752,4.357735209,0.068821197,0.256681030,0.197621199
0.991000,1.639624132,-1.538097005,4.463152676,0.068188792,0.262965352,0.186127252
0.992000,1.455257974,-1.480175726,4.605018315,0.059748606,0.270018430,0.179393875
0.993000,1.288709700,-1.340745558,4.791337128,0.039880894,0.281318575,0.175383123
0.994000,1.133152522,-1.172303509,5.001519614,0.010916354,0.296676711,0.168669618
0.995000,0.998793096,-0.947399257,5.204688079,-0.026154344,0.314558501,0.158242217
0.996000,0.822128060,-0.810703287,5.392514135,-0.055378175,0.332208889,0.140899340
0.997000,0.633926612,-0.702533558,5.582897618,-0.080659403,0.349886307,0.119224390
0.998000,0.437948560,-0.652524381,5.817342910,-0.093162337,0.371300139,0.092327195
0.999000,0.241439656,-0.633001282,6.017141773,-0.095302146,0.397800817,0.066757569
1.000000,0.098385393,-0.706246235,6.256462785,-0.077051012,0.437211014,0.048011630
1.001000,0.032156083,-0.775605659,6.509900621,-0.048337641,0.489799520,0.035674101
1.002000,0.044309644,-0.866677115,6.766936863,-0.013502652,0.553991618,0.027417360
1.003000,0.132139261,-0.936980923,6.999529569,0.022182606,0.631589999,0.028697534
1.004000,0.296787135,-1.000866400,7.266714377,0.057017653,0.717186334,0.034128866
1.005000,0.565107289,-1.023804376,7.487950686,0.086277673,0.812592519,0.043194089
1.006000,0.900675214,-0.957401321,7.682347669,0.104076966,0.912022619,0.057435507
1.007000,1.283084977,-0.845429708,7.865766929,0.117213061,1.012650799,0.072652491
1.008000,1.705212595,-0.684555910,8.058451935,0.124362007,1.112888470,0.085414989
1.009000,2.051331955,-0.461535685,8.250444320,0.124713957,1.208086976,0.099071787
1.010000,2.365621351,-0.209902151,8.468688621,0.123127494,1.302264008,0.111414906
1.011000,2.630311116,-0.022032385,8.714325908,0.122177983,1.394252496,0.120172066
1.012000,2.837975321,0.127134003,9.001657669,0.119345632,1.484952974,0.125665330
1.013000,3.008914165,0.216892952,9.315746654,0.117037570,1.575518680,0.128627260
1.014000,3.182646194,0.226240228,9.637640548,0.116685682,1.668209524,0.130070353
1.015000,3.367762670,0.156837099,10.001329992,0.119924369,1.763766008,0.128115363
1.016000,3.549774790,0.031394026,10.394811348,0.129485763,1.860194391,0.126650417
1.017000,3.737082073,-0.149259614,10.797105919,0.145597927,1.957380653,0.126205810
1.018000,3.905085247,-0.357392918,11.184721170,0.166185111,2.054801900,0.125373384
1.019000,4.075942941,-0.572467553,11.511625719,0.189722098,2.152502617,0.124816254
1.020000,4.214587667,-0.804520381,11.793926535,0.214242305,2.251662661,0.124784367
1.021000,4.370619455,-0.989276311,11.985296740,0.236257204,2.354745554,0.123273883
1.022000,4.556901404,-1.099766937,12.088822854,0.255965362,2.461328142,0.122646261
1.023000,4.762656955,-1.173737388,12.153841283,0.271620244,2.571016533,0.121439869
1.024000,5.068382665,-1.165781174,12.222542908,0.282968638,2.687743209,0.121098318
1.025000,5.503538041,-0.989625990,12.293971360,0.285613376,2.807819069,0.122015685
1.026000,6.042991305,-0.751562808,12.401501580,0.282523948,2.932306740,0.124325302
1.027000,6.613874241,-0.491661793,12.539283026,0.273539210,3.056532493,0.126957984
1.028000,7.283240717,-0.221860057,12.608440307,0.262901537,3.183560354,0.131194021
1.029000,8.009606111,-0.010771537,12.666736648,0.251112608,3.312291716,0.136039409
1.030000,8.764550027,0.108195879,12.708023677,0.240765572,3.446185679,0.140535840
1.031000,9.461734906,0.086926737,12.731389972,0.237113087,3.576385111,0.145900980
1.032000,10.117350795,0.032116237,12.778963984,0.235340504,3.702754410,0.152554361
1.033000,10.620306568,-0.086640940,12.862764488,0.234833618,3.814556827,0.159184657
1.034000,11.026356535,-0.223148530,12.957066266,0.234853853,3.916505794,0.166084094
1.035000,11.311922565,-0.362132522,13.078281246,0.235575225,4.006433816,0.174259353
1.036000,11.432203421,-0.427610731,13.212209246,0.233903114,4.083307185,0.180146740
1.037000,11.481351532,-0.442782369,13.350791193,0.229716767,4.155403788,0.184904205
1.038000,11.394549736,-0.378055906,13.511935666,0.224447920,4.218405815,0.191106954
1.039000,11.258023977,-0.305069192,13.663931271,0.219945860,4.277350641,0.198309199
1.040000,11.077938955,-0.240450901,13.782501640,0.214264513,4.333019842,0.207283302
1.041000,10.934338136,-0.236951202,13.876674366,0.210267302,4.386637887,0.217258105
1.042000,10.838483909,-0.301596014,13.933290564,0.208574697,4.436668801,0.224702073
1.043000,10.768813020,-0.481846320,13.989674803,0.209762189,4.481503543,0.226506717
1.044000,10.708034763,-0.662326300,14.066865030,0.209636319,4.521595966,0.218237190
1.045000,10.676584436,-0.846411207,14.182065917,0.209870660,4.556696308,0.199545818
1.046000,10.613698489,-0.963799177,14.353507402,0.210055421,4.587352948,0.179182802
1.047000,10.544516458,-1.044152633,14.549812645,0.209737710,4.616183055,0.157188367
1.048000,10.525753805,-0.974311726,14.731438809,0.205504177,4.644547829,0.128462188
1.049000,10.540492073,-0.869296181,14.907468443,0.205705440,4.672487335,0.107379176
1.050000,10.563189886,-0.740506453,15.063763852,0.208069874,4.697280244,0.091590827
1.051000,10.600169504,-0.654302657,15.137963218,0.210855182,4.717813571,0.075034259
1.052000,10.601688314,-0.568520701,15.181342169,0.211972790,4.732833084,0.053969660
1.053000,10.569225101,-0.594088794,15.217415483,0.216444480,4.736759758,0.040903873
1.054000,10.427696931,-0.622966626,15.210789800,0.214265143,4.727751664,0.022613881
1.055000,10.179412079,-0.661860384,15.160856142,0.209074132,4.708518647,0.002791155
1.056000,9.893595824,-0.721556993,15.115412027,0.204885296,4.682118288,-0.014723398
1.057000,9.584428817,-0.780406222,15.070589677,0.201185396,4.651873969,-0.029434092
1.058000,9.148776054,-0.778198972,14.968692914,0.194776467,4.609796873,-0.047757277
1.059000,8.709285364,-0.751713985,14.858137637,0.191261879,4.564474795,-0.065682051
1.060000,8.296958691,-0.732533104,14.746373346,0.191808302,4.512615634,-0.087048436
1.061000,7.837014662,-0.634398349,14.628466626,0.189416019,4.455008165,-0.110980144
1.062000,7.406560862,-0.523415590,14.507750060,0.186795402,4.394780153,-0.134761032
1.063000,7.081519938,-0.464429187,14.393809368,0.187518012,4.334423406,-0.157922590
1.064000,6.815145637,-0.389109616,14.259973652,0.186966530,4.273268442,-0.180272663
1.065000,6.625446313,-0.324206987,14.099472523,0.184589430,4.211885294,-0.199641276
1.066000,6.479437709,-0.344639890,13.895779593,0.185567035,4.144552304,-0.214899619
1.067000,6.326960725,-0.414916218,13.665923692,0.188843639,4.074384191,-0.230083550
1.068000,6.159588973,-0.473174687,13.386375546,0.192389209,3.996243472,-0.238413851
1.069000,5.970450795,-0.522864074,13.116567317,0.194390386,3.912913415,-0.243444123
1.070000,5.690723750,-0.526312775,12.854638548,0.194357035,3.817511169,-0.244753102
1.071000,5.384980485,-0.392248435,12.641993174,0.186602887,3.718165259,-0.245322290
1.072000,5.048578436,-0.243117639,12.417547685,0.179071745,3.614836037,-0.245303152
1.073000,4.611630577,-0.046588761,12.211954566,0.167761168,3.499203343,-0.244419817
1.074000,4.148238007,0.077199875,11.953296784,0.161875410,3.378646179,-0.242774651
1.075000,3.653226159,0.146582857,11.666229560,0.160007464,3.250653861,-0.241560672
1.076000,3.105366612,0.140173027,11.326665651,0.161951055,3.115031196,-0.239963610
1.077000,2.608714568,0.134276041,10.983581747,0.162682540,2.981257356,-0.236794212
1.078000,2.172191820,0.027849074,10.566849159,0.169577853,2.849478755,-0.235520371
1.079000,1.783606263,-0.072460790,10.124889845,0.174931366,2.716332250,-0.235242551
1.080000,1.465596203,-0.127715335,9.638329424,0.174741333,2.584591779,-0.237289222
1.081000,1.196644496,-0.189600681,9.091856069,0.176510391,2.452563278,-0.241282172
1.082000,0.910409650,-0.242975486,8.513016327,0.178354205,2.316229428,-0.249698183
1.083000,0.656945551,-0.206529927,7.969209621,0.172807181,2.179287706,-0.261086420
1.084000,0.428018734,-0.124190921,7.399074478,0.162744820,2.039586836,-0.275537455
1.085000,0.208190541,-0.028530982,6.848132638,0.151518155,1.900884683,-0.290957200
1.086000,-0.017359379,0.127083491,6.331937952,0.133093365,1.762494408,-0.303631612
1.087000,-0.246108404,0.271928973,5.839534056,0.113984284,1.626756231,-0.311632233
1.088000,-0.495341667,0.412381151,5.269694590,0.094398383,1.489769839,-0.315644369
1.089000,-0.750126542,0.547516180,4.703916645,0.074501574,1.354215530,-0.318882783
1.090000,-1.031358314,0.652722811,4.105707691,0.058054573,1.215561571,-0.319248935
1.091000,-1.342865179,0.701226236,3.464874261,0.049612671,1.070347727,-0.320792088
1.092000,-1.670652252,0.716983399,2.838951239,0.046450036,0.922530498,-0.321784196
1.093000,-2.002884751,0.655345342,2.271609834,0.051077209,0.775640817,-0.322343335
1.094000,-2.338948095,0.598003658,1.757083122,0.056348449,0.630321954,-0.323338423
1.095000,-2.667836635,0.552498443,1.288296988,0.061528068,0.489437321,-0.325147775
1.096000,-2.980415495,0.460842087,0.819288008,0.068896200,0.352555445,-0.325565260
1.097000,-3.267743117,0.384267658,0.342404710,0.074175013,0.219475301,-0.325917042
1.098000,-3.535506417,0.359278935,-0.104723172,0.075937116,0.090475905,-0.326136733
1.099000,-3.758728887,0.356916160,-0.542075795,0.074248810,-0.035313672,-0.325003352
1.100000,-3.904182327,0.358301586,-1.015301308,0.070104875,-0.156685340,-0.325955003
1.101000,-3.980157681,0.422614666,-1.503906761,0.063675924,-0.270021676,-0.325611284
1.102000,-4.032563728,0.480643309,-1.985095882,0.058515460,-0.379396759,-0.324502899
1.103000,-3.965409859,0.544718472,-2.477584826,0.052328008,-0.478001488,-0.322099296
1.104000,-3.792680178,0.610799831,-2.994322663,0.046600713,-0.567562063,-0.318750177
1.105000,-3.521893040,0.682820971,-3.513540812,0.039692476,-0.647928865,-0.310822833
1.106000,-3.200316887,0.730911944,-4.044168504,0.031285269,-0.723140599,-0.300414889
1.107000,-2.836293768,0.765756828,-4.595823550,0.021644245,-0.795289875,-0.287638345
1.108000,-2.488020728,0.764676490,-5.128817601,0.010394821,-0.863865485,-0.271369236
1.109000,-2.159062101,0.730629548,-5.637022052,0.000747639,-0.929242286,-0.253972748
1.110000,-1.853881887,0.676513938,-6.093187696,-0.007999794,-0.989695274,-0.235510675
1.111000,-1.599468293,0.590034086,-6.518476642,-0.013379005,-1.049234612,-0.216131984
1.112000,-1.375356770,0.500314883,-6.900430551,-0.016840397,-1.105367002,-0.194923856
1.113000,-1.172994139,0.408568697,-7.232604785,-0.015692425,-1.156772757,-0.173160489
1.114000,-0.978655770,0.325856853,-7.531338074,-0.013061824,-1.203768669,-0.150087641
1.115000,-0.795856067,0.232319804,-7.817859086,-0.007628190,-1.244554012,-0.125380984
1.116000,-0.587510570,0.172513155,-8.082440661,-0.003263117,-1.280276146,-0.100259382
1.117000,-0.355331641,0.110673513,-8.333559549,0.001585143,-1.308559817,-0.074572006
1.118000,-0.070105408,0.030500890,-8.592389859,0.007032455,-1.327289513,-0.048175035
1.119000,0.245400206,-0.062413794,-8.851465809,0.012512378,-1.340714669,-0.022193107
1.120000,0.603597874,-0.144070449,-9.099793378,0.016344000,-1.346617380,0.002304168
1.121000,0.965498389,-0.255550761,-9.338465648,0.020641442,-1.348424895,0.025203359
1.122000,1.344145756,-0.357914990,-9.575098373,0.024467860,-1.347186866,0.047964006
1.123000,1.660739440,-0.410061343,-9.783382350,0.023975838,-1.342701096,0.069767478
1.124000,1.932061605,-0.426273987,-9.977830132,0.020197118,-1.335520001,0.090015093
1.125000,2.145193411,-0.428733813,-10.143795174,0.013836201,-1.325838232,0.108620736
1.126000,2.275930868,-0.388196238,-10.272462142,0.005561066,-1.316151456,0.126054426
1.127000,2.356760174,-0.352457232,-10.374182654,-0.003973380,-1.306032472,0.142374644
1.128000,2.365749224,-0.364512432,-10.420428756,-0.012217327,-1.293216161,0.154770849
1.129000,2.302942805,-0.411149920,-10.417092834,-0.017072093,-1.280643663,0.166732619
1.130000,2.135432964,-0.485182371,-10.360688860,-0.017530183,-1.268923949,0.180116192
1.131000,1.903242155,-0.596364811,-10.289630306,-0.015773748,-1.255516540,0.194224855
1.132000,1.627873753,-0.694034173,-10.201645850,-0.013088261,-1.241852769,0.209114308
1.133000,1.267181109,-0.751862006,-10.115816738,-0.006218053,-1.227399460,0.227077916
1.134000,0.886890618,-0.772261911,-10.056036800,0.002921832,-1.209629442,0.246949480
1.135000,0.529344171,-0.738864603,-10.012301792,0.012700768,-1.185756687,0.268657102
1.136000,0.264505385,-0.670967416,-9.980401715,0.024744453,-1.156098670,0.291214387
1.137000,0.045640696,-0.626900599,-9.981034786,0.040959531,-1.122244569,0.314307907
1.138000,0.024951423,-0.589931829,-9.967349316,0.057855152,-1.075101715,0.337742129
1.139000,0.110735769,-0.572907633,-9.924374036,0.074206466,-1.021097537,0.360855851
1.140000,0.322538440,-0.577294004,-9.860163494,0.086749333,-0.960809648,0.382029112
1.141000,0.561569152,-0.600246328,-9.759843990,0.094150230,-0.899143895,0.400665979
1.142000,0.856224150,-0.628493349,-9.626544162,0.094580465,-0.834791176,0.414970151
1.143000,1.081736865,-0.674012393,-9.456752963,0.086420556,-0.775398292,0.423091911
1.144000,1.262438274,-0.681515704,-9.263932125,0.074694717,-0.721294829,0.430556745
1.145000,1.362944783,-0.669961945,-9.041548383,0.059823613,-0.672624042,0.438707059
1.146000,1.412738543,-0.628173137,-8.835682606,0.044103648,-0.626417007,0.450127631
1.147000,1.364649958,-0.514606442,-8.616787972,0.024322723,-0.586240065,0.468568544
1.148000,1.217149336,-0.317937149,-8.427122181,0.003901417,-0.550351862,0.495767957
1.149000,1.040257916,-0.101696845,-8.265656009,-0.016260197,-0.513875480,0.524332308
1.150000,0.853623969,0.076639053,-8.178209263,-0.032133075,-0.475462822,0.549749132
1.151000,0.741471712,0.173773813,-8.095748559,-0.040972691,-0.434040518,0.564689173
1.152000,0.741677462,0.194968255,-8.012539893,-0.042206554,-0.388577155,0.567343821
1.153000,0.998347296,0.072159827,-7.927083633,-0.029459316,-0.331846599,0.550963087
1.154000,1.378700522,-0.115359098,-7.810406876,-0.008692680,-0.270747952,0.523756232
1.155000,1.907151887,-0.333166222,-7.629078507,0.018494653,-0.206476372,0.485853242
1.156000,2.452673400,-0.544829423,-7.445698391,0.045450141,-0.141661910,0.447788253
1.157000,2.952309247,-0.714626953,-7.262279732,0.068778872,-0.081581819,0.409126101
1.158000,3.324089480,-0.741754321,-6.996023141,0.078695648,-0.037714096,0.368649484
1.159000,3.598509458,-0.690112882,-6.721675902,0.080958555,-0.005344352,0.328689850
1.160000,3.740982335,-0.576868827,-6.473148838,0.076925033,0.014229907,0.290712666
1.161000,3.817411363,-0.483156102,-6.265869986,0.073208952,0.027161301,0.255536857
1.162000,3.824027086,-0.350891581,-6.041311350,0.069048753,0.031907769,0.223219675
1.163000,3.701425656,-0.233951489,-5.865896854,0.071278982,0.025275970,0.198227644
1.164000,3.504223132,-0.163966893,-5.729241775,0.077952029,0.012498213,0.178897249
1.165000,3.274952549,-0.142943268,-5.642711338,0.089748289,-0.005487376,0.166877182
1.166000,3.055668971,-0.140218824,-5.577793006,0.106466448,-0.026827738,0.158120301
1.167000,2.833237409,-0.169438675,-5.542366770,0.124077802,-0.050336716,0.151792425
1.168000,2.668145847,-0.220994983,-5.547689459,0.142167015,-0.076586668,0.146167287
1.169000,2.536833330,-0.249962633,-5.581860036,0.158302266,-0.105952304,0.139794221
1.170000,2.428060674,-0.247098432,-5.632078609,0.171193389,-0.138413921,0.128250771
1.171000,2.286055757,-0.264454740,-5.735350501,0.182836212,-0.173946242,0.111163248
1.172000,2.102290090,-0.248407782,-5.909399006,0.193316223,-0.212115005,0.089247963
1.173000,1.877657233,-0.237382521,-6.149806642,0.202353521,-0.255153172,0.061410832
1.174000,1.661133093,-0.246503863,-6.409540370,0.211844181,-0.299605073,0.031533207
1.175000,1.413664452,-0.271218908,-6.699258831,0.220736333,-0.348582489,0.001949757
1.176000,1.207072758,-0.289634264,-6.980434554,0.226604609,-0.399968653,-0.024280133
1.177000,1.022560620,-0.341204160,-7.215647587,0.231938409,-0.453021948,-0.047056035
1.178000,0.930846559,-0.374834754,-7.417868609,0.231968162,-0.505949525,-0.062163322
1.179000,0.914336665,-0.410504665,-7.616386174,0.228543350,-0.559613002,-0.071280443
1.180000,0.972936537,-0.422652231,-7.827487750,0.221463699,-0.611979496,-0.076662376
1.181000,1.083181229,-0.366589201,-8.057000533,0.209367396,-0.662137562,-0.077644711
1.182000,1.205703189,-0.267865761,-8.342478090,0.221670352,-0.719781253,-0.073048785
1.183000,1.313634119,-0.100286476,-8.647984877,0.204085475,-0.768501482,-0.070968851
1.184000,1.420328902,0.070530243,-8.944326714,0.185791764,-0.816533571,-0.065825659
1.185000,1.527356176,0.163569171,-9.240911462,0.170084260,-0.863522748,-0.057871529
1.186000,1.649390409,0.160637425,-9.540598732,0.158489263,-0.911756889,-0.049802777
1.187000,1.815802766,0.085815251,-9.846950039,0.149507275,-0.958975704,-0.041327578
1.188000,2.045909640,-0.038697244,-10.147644873,0.141639090,-1.006168109,-0.032651887
1.189000,2.308978719,-0.190205081,-10.476259579,0.134148932,-1.053909090,-0.024590821
1.190000,2.605039595,-0.297043371,-10.784179432,0.123799785,-1.101976739,-0.015603697
1.191000,2.920828119,-0.299621509,-11.077569039,0.106348714,-1.149575073,-0.006207534
1.192000,3.226934026,-0.246403594,-11.352829379,0.086379824,-1.197512943,0.002409895
1.193000,3.502498893,-0.178113810,-11.630910008,0.064472679,-1.244999367,0.011343048
1.194000,3.715027880,-0.119587798,-11.917323637,0.044343657,-1.292996715,0.018035667
1.195000,3.910788220,-0.121407180,-12.204016129,0.028553937,-1.339635834,0.023237854
1.196000,4.084446917,-0.176179814,-12.504127813,0.018210485,-1.385490232,0.029714224
1.197000,4.276376288,-0.248490080,-12.824967879,0.009462580,-1.428561108,0.038146003
1.198000,4.530320264,-0.311378755,-13.129427121,0.004159974,-1.465955741,0.048060768
1.199000,4.864937051,-0.342854225,-13.405886521,-0.000422404,-1.497470061,0.060505539
1.200000,5.229283397,-0.363811865,-13.651198640,-0.003330369,-1.524666215,0.073582040
1.201000,5.603599366,-0.405728899,-13.839815026,-0.006494393,-1.549705889,0.082135507
1.202000,5.969459935,-0.457360129,-13.944488282,-0.010818481,-1.574406891,0.087317952
1.203000,6.249246382,-0.522393081,-13.937601671,-0.019710746,-1.602284373,0.083552636
1.204000,6.465301685,-0.583783688,-13.897356867,-0.029944337,-1.631783802,0.075867353
1.205000,6.477573332,-0.621635365,-13.793992664,-0.043505903,-1.668103054,0.060667290
1.206000,6.393758603,-0.632309324,-13.696694023,-0.056802365,-1.706979829,0.043586598
1.207000,6.227855940,-0.646563811,-13.620639145,-0.068471902,-1.748669953,0.024896865
1.208000,5.951526121,-0.693936222,-13.571429229,-0.073599832,-1.793008249,0.006957539
1.209000,5.642056989,-0.756794838,-13.513433964,-0.075946742,-1.837082433,-0.009305683
1.210000,5.277971441,-0.840542378,-13.427095184,-0.075935993,-1.878701271,-0.023634929
1.211000,4.952876933,-0.911757326,-13.320261357,-0.075330312,-1.914648758,-0.032643657
1.212000,4.641525427,-0.958750309,-13.183609560,-0.075117714,-1.947187811,-0.037859926
1.213000,4.323596470,-0.933407848,-12.987966641,-0.077672777,-1.974295867,-0.037993834
1.214000,4.038587380,-0.841410544,-12.755971509,-0.083099049,-1.994669119,-0.034643235
1.215000,3.747424742,-0.719380361,-12.485588519,-0.091661366,-2.011989064,-0.028976844
1.216000,3.379211118,-0.588815040,-12.170020971,-0.101510101,-2.025770408,-0.024392201
1.217000,2.975657322,-0.451776213,-11.849407135,-0.112279251,-2.037791095,-0.021292415
1.218000,2.514700939,-0.316232974,-11.523413340,-0.124896821,-2.044352970,-0.020768068
1.219000,2.023106981,-0.189470293,-11.195772698,-0.136539043,-2.046565698,-0.022387479
1.220000,1.523967804,-0.064577136,-10.885672274,-0.146519186,-2.042188539,-0.026387908
1.221000,1.098302828,0.051807934,-10.586067058,-0.154453085,-2.027752388,-0.031924539
1.222000,0.756890418,0.146980471,-10.311202679,-0.160799727,-2.004381645,-0.038944605
1.223000,0.451733591,0.209053940,-10.031269969,-0.165200155,-1.976634259,-0.047035122
1.224000,0.239265708,0.221227211,-9.726080185,-0.166546217,-1.937475722,-0.057803234
1.225000,0.132870705,0.208468871,-9.386498377,-0.166269408,-1.889823657,-0.070684963
1.226000,0.061934784,0.169239630,-9.029821398,-0.164451111,-1.839875979,-0.084532035
1.227000,0.036836954,0.080171633,-8.651235042,-0.161289563,-1.785792881,-0.099980126
1.228000,0.032972737,0.026974370,-8.265116967,-0.160624904,-1.729441872,-0.116401980
1.229000,0.000103324,-0.008217232,-7.865890379,-0.160849238,-1.671446103,-0.133146051
1.230000,-0.069597001,-0.014069084,-7.464383439,-0.162578986,-1.614149775,-0.149461828
1.231000,-0.199425593,0.058009290,-7.073409177,-0.166146943,-1.555113081,-0.163520699
1.232000,-0.348607133,0.154909252,-6.690009553,-0.171104278,-1.495199251,-0.176943006
1.233000,-0.471104574,0.235250953,-6.318693469,-0.176377298,-1.430011657,-0.188339372
1.234000,-0.532686691,0.308552426,-5.956915240,-0.181940746,-1.359642753,-0.197914841
1.235000,-0.512306970,0.315979982,-5.619124781,-0.185180236,-1.281435463,-0.205661982
1.236000,-0.420565764,0.276670387,-5.276381588,-0.187602902,-1.197941757,-0.212631805
1.237000,-0.298752070,0.202613665,-4.918391198,-0.188444896,-1.111171811,-0.218987241
1.238000,-0.174562692,0.107998851,-4.531409793,-0.186600832,-1.022204082,-0.223828876
1.239000,-0.052354178,0.010208762,-4.140830999,-0.183829898,-0.932193341,-0.228418898
1.240000,0.061263818,-0.058170221,-3.745189229,-0.181663438,-0.842888175,-0.231563232
1.241000,0.141234773,-0.116172615,-3.351445553,-0.179041756,-0.754794624,-0.234556109
1.242000,0.192203466,-0.134652508,-2.964084033,-0.177516143,-0.668645134,-0.238198720
1.243000,0.225014662,-0.117541665,-2.589584313,-0.177707408,-0.583180154,-0.241653129
1.244000,0.252756526,-0.067000178,-2.214044683,-0.180312160,-0.497788782,-0.245980389
1.245000,0.291948458,0.011451469,-1.822117362,-0.185302522,-0.410734543,-0.251018734
1.246000,0.337298596,0.089145799,-1.437938210,-0.189651175,-0.321214705,-0.253694633
1.247000,0.397743800,0.163994309,-1.061376420,-0.193662513,-0.231517243,-0.255985067
1.248000,0.460023184,0.192994759,-0.678012822,-0.195260538,-0.140074105,-0.259158947
1.249000,0.526436907,0.186917902,-0.305748293,-0.194365557,-0.047094097,-0.261411050
1.250000,0.572527455,0.141033361,0.039232662,-0.189364716,0.043754641,-0.262895689
1.251000,0.593430173,0.075585635,0.395192878,-0.182235872,0.132343972,-0.265191211
1.252000,0.588505230,0.012750568,0.772742919,-0.174445552,0.218110991,-0.268034073
1.253000,0.538639342,0.002465906,1.160779579,-0.168087774,0.298558827,-0.267458782
1.254000,0.426672616,0.040471261,1.575812618,-0.163922766,0.374115318,-0.264786353
1.255000,0.299403605,0.119911238,2.012079538,-0.164307504,0.447991635,-0.260439340
1.256000,0.185797931,0.237386463,2.465764625,-0.169870649,0.523067624,-0.252960300
1.257000,0.071395877,0.407870277,2.878567075,-0.181983094,0.600610373,-0.242410800
1.258000,0.028735545,0.589291858,3.210011605,-0.200742637,0.679900341,-0.232523776
1.259000,0.019323487,0.761700334,3.483527374,-0.220617239,0.761687484,-0.222232658
1.260000,0.046073484,0.933771252,3.688752966,-0.239952449,0.844276519,-0.211321527
1.261000,0.139310688,1.044783665,3.831674700,-0.252705689,0.926897905,-0.202338823
1.262000,0.256203525,1.136339539,3.930627480,-0.262770300,1.009145169,-0.194362933
1.263000,0.415840141,1.142435056,3.991524469,-0.263139195,1.093935822,-0.186933982
1.264000,0.632634510,1.083091900,4.061003222,-0.258053615,1.177461146,-0.179362152
1.265000,0.907284493,0.964914107,4.171030775,-0.249263468,1.259586291,-0.170508245
1.266000,1.215797459,0.845007304,4.341615025,-0.239549800,1.336954573,-0.161554225
1.267000,1.549125713,0.698979260,4.564280265,-0.227997952,1.411234797,-0.152336052
1.268000,1.907456009,0.620766163,4.886155827,-0.220251375,1.476973556,-0.141097618
1.269000,2.259973461,0.610280294,5.228770004,-0.215505052,1.536510533,-0.128899355
1.270000,2.594152053,0.636763738,5.575016950,-0.212348247,1.590314861,-0.117999369
1.271000,2.901249798,0.688742712,5.909751709,-0.211871981,1.638157835,-0.107039312
1.272000,3.178632388,0.780916637,6.207944159,-0.214106283,1.677586316,-0.094430081
1.273000,3.422946718,0.828580829,6.437027710,-0.214207020,1.706323723,-0.083267123
1.274000,3.632436928,0.844328974,6.649265425,-0.213097347,1.727370034,-0.072589532
1.275000,3.783770251,0.803687265,6.850145949,-0.210031074,1.741778004,-0.062510727
1.276000,3.873999434,0.696958773,6.998210348,-0.205014772,1.747883248,-0.054705469
1.277000,3.928736166,0.560862611,7.118563257,-0.198296231,1.749419741,-0.047637643
1.278000,3.901034513,0.403513530,7.215201980,-0.191183237,1.742665594,-0.041024966
1.279000,3.810313839,0.257350999,7.287714966,-0.184342003,1.729216530,-0.034346636
1.280000,3.691376403,0.140281888,7.329287334,-0.178147140,1.709824867,-0.026322381
1.281000,3.547707736,0.043031562,7.383212625,-0.169940946,1.684814586,-0.017313742
1.282000,3.373092806,-0.007762663,7.432897201,-0.161674649,1.654087758,-0.004507264
1.283000,3.204734163,0.004104136,7.476733422,-0.154917232,1.618347126,0.010481532
1.284000,3.082490193,0.045213412,7.501893514,-0.149247363,1.583014545,0.024908712
1.285000,2.994302955,0.081613160,7.514168427,-0.143471873,1.547520566,0.037970409
1.286000,2.949059800,0.126775924,7.508207175,-0.137587486,1.510520019,0.052066756
1.287000,2.946581939,0.155580403,7.494510920,-0.130163791,1.472456338,0.065871461
1.288000,2.994783492,0.136791167,7.492209538,-0.120187349,1.432446927,0.077603037
1.289000,3.071453599,0.088329999,7.494949885,-0.107652568,1.390876026,0.088930567
1.290000,3.148387517,0.021188656,7.508593699,-0.094306619,1.346469676,0.100703534
1.291000,3.190066580,-0.050515551,7.532565562,-0.082001653,1.292989741,0.114285421
1.292000,3.181868325,-0.095319400,7.557668284,-0.072906979,1.234268343,0.127191540
1.293000,3.069033026,-0.078598590,7.582861524,-0.068764252,1.166686214,0.141652728
1.294000,2.866317054,0.003176466,7.591632673,-0.069588187,1.094718489,0.157297405
1.295000,2.554813427,0.128534942,7.586377981,-0.076646440,1.016712012,0.172216156
1.296000,2.175999182,0.275695786,7.561391797,-0.086828607,0.935585068,0.187863107
1.297000,1.749352279,0.415487491,7.505253390,-0.097779346,0.852911376,0.203469123
1.298000,1.323846748,0.497841901,7.415258719,-0.108591135,0.771269062,0.218308519
1.299000,0.890316042,0.519447853,7.311619367,-0.116864161,0.688426932,0.230275576
1.300000,0.502810049,0.488263182,7.210908075,-0.119664530,0.607076296,0.239166245
1.301000,0.157872913,0.428574921,7.140436556,-0.119901454,0.526373497,0.245103715
1.302000,-0.155096728,0.354165231,7.061963835,-0.116038041,0.448303236,0.248357395
1.303000,-0.391503753,0.295663118,6.935050144,-0.104669895,0.376819818,0.248756002
1.304000,-0.568874291,0.182921520,6.765345158,-0.083598177,0.311379857,0.248108895
1.305000,-0.687255531,0.013381613,6.596197573,-0.052881186,0.252756879,0.248408914
1.306000,-0.749436328,-0.202119630,6.421111060,-0.012382617,0.201011338,0.251175267
1.307000,-0.763549111,-0.445344729,6.273424004,0.031346594,0.155397360,0.257963572
1.308000,-0.773956600,-0.670348673,6.233491386,0.073711570,0.113590491,0.267879901
1.309000,-0.767490007,-0.808022292,6.250567599,0.103296652,0.078252150,0.280877386
1.310000,-0.716226570,-0.852974782,6.270020612,0.121032709,0.053031677,0.295897088
1.311000,-0.596576415,-0.770723453,6.209210000,0.121309756,0.041977513,0.306646774
1.312000,-0.428603039,-0.642087248,6.110756863,0.109936451,0.040724659,0.314859136
1.313000,-0.117636909,-0.505487795,5.886395392,0.086924327,0.057482185,0.320772704
1.314000,0.253791529,-0.400211239,5.587893096,0.063193798,0.081870289,0.323004643
1.315000,0.683276082,-0.331472610,5.241681447,0.040676524,0.110666648,0.316541237
1.316000,1.134255268,-0.353171265,4.962579443,0.024161362,0.140289025,0.310400443
1.317000,1.591963887,-0.420377357,4.704297639,0.011868667,0.170958816,0.301094673
1.318000,1.925686751,-0.533201595,4.508551342,0.009284494,0.197078980,0.286583009
1.319000,2.174701150,-0.697971356,4.393762641,0.014783171,0.217888173,0.271536063
1.320000,2.302212184,-0.909077228,4.339872926,0.024961007,0.234635311,0.255199455
1.321000,2.278391870,-1.095846169,4.279587036,0.037136812,0.245451743,0.237197275
1.322000,2.169401438,-1.311452402,4.264816956,0.054246778,0.252476416,0.218697875
1.323000,1.940869166,-1.470333198,4.325088489,0.066122464,0.255561772,0.202627961
1.324000,1.713242815,-1.540930606,4.425036381,0.069677519,0.260641798,0.189297148
1.325000,1.509631418,-1.500229616,4.559191608,0.062736278,0.267296955,0.181655437
1.326000,1.343284022,-1.392652978,4.726193244,0.048097404,0.276852806,0.176347054
1.327000,1.182740925,-1.233816138,4.928744901,0.021758650,0.291150045,0.171732148
1.328000,1.048830592,-1.016456625,5.140759992,-0.014391159,0.308555283,0.162021069
1.329000,0.887031207,-0.851393243,5.329913195,-0.046122684,0.326596922,0.147538141
1.330000,0.694246752,-0.731975441,5.517772577,-0.073267058,0.343684049,0.127044264
1.331000,0.504580406,-0.665681751,5.742570740,-0.090690260,0.363606020,0.101433303
1.332000,0.305742244,-0.631564473,5.953123710,-0.096242367,0.387947902,0.074814305
1.333000,0.143641164,-0.685266869,6.174390196,-0.084050938,0.423378794,0.053464523
1.334000,0.038203488,-0.748040205,6.422513935,-0.059286707,0.470070043,0.039193399
1.335000,0.037596663,-0.838909402,6.687906804,-0.024683789,0.531644669,0.029247969
1.336000,0.089411492,-0.916297816,6.917282385,0.009900792,0.603972609,0.027211635
1.337000,0.230926475,-0.981842361,7.172362090,0.046028708,0.687638566,0.031822785
1.338000,0.474908609,-1.019109086,7.416738856,0.076767464,0.780699258,0.040040804
1.339000,0.784102282,-0.992749605,7.619588350,0.099443494,0.878941922,0.052160756
1.340000,1.146789903,-0.885572310,7.806100628,0.113151016,0.978795307,0.067812930
1.341000,1.566093087,-0.742819800,7.992675540,0.122563492,1.079877907,0.081258313
1.342000,1.944415649,-0.543913400,8.184664878,0.125187607,1.176760117,0.094590301
1.343000,2.260291442,-0.294502188,8.395170232,0.123671819,1.270818249,0.107287865
1.344000,2.549296763,-0.075152629,8.630163890,0.122334273,1.363730626,0.117708218
1.345000,2.773091803,0.082699384,8.895825576,0.120228787,1.454793757,0.124309503
1.346000,2.955076505,0.193964207,9.216914905,0.117857877,1.545220487,0.127704367
1.347000,3.120068180,0.237875634,9.521630340,0.116289455,1.636671050,0.129973466
1.348000,3.306538043,0.182778084,9.879682263,0.118731616,1.731908853,0.128921625
1.349000,3.488344579,0.081407270,10.260627536,0.125168351,1.828142939,0.126861435
1.350000,3.677819098,-0.085463028,10.662329459,0.139839769,1.924845428,0.126327017
1.351000,3.847235564,-0.287095790,11.060590810,0.158509876,2.022478833,0.125396629
1.352000,4.020136768,-0.499978866,11.411731905,0.181809078,2.119753910,0.125127003
1.353000,4.171235745,-0.728543166,11.701808992,0.205973807,2.218653586,0.124595945
1.354000,4.313059248,-0.939774112,11.938922631,0.229414338,2.319743945,0.123870802
1.355000,4.493145336,-1.068254412,12.061160456,0.249846993,2.425382843,0.122850161
1.356000,4.691186221,-1.153643855,12.130035910,0.266915216,2.534172133,0.121745934
1.357000,4.944743638,-1.196782592,12.196177147,0.280781868,2.647673620,0.121041431
1.358000,5.355548527,-1.050393096,12.269641361,0.284813387,2.767791068,0.121685679
1.359000,5.853860008,-0.830279944,12.362518102,0.283930192,2.890220845,0.123510558
1.360000,6.420931317,-0.583693267,12.501401757,0.276898584,3.015224244,0.125963768
1.361000,7.046691621,-0.307679859,12.590427319,0.266885595,3.140918762,0.129872399
1.362000,7.763072489,-0.070797538,12.651055233,0.255101249,3.268892633,0.134314924
1.363000,8.512062875,0.071208103,12.694838628,0.244120818,3.401358097,0.139096406
1.364000,9.237509131,0.097817004,12.721678220,0.237915886,3.533750574,0.143812118
1.365000,9.907862624,0.062188666,12.753475453,0.235626226,3.661396266,0.150188272
1.366000,10.470442011,-0.044113390,12.834870580,0.234777618,3.779135112,0.156807593
1.367000,10.906738097,-0.174223124,12.920736090,0.234712148,3.884060109,0.163747589
1.368000,11.221435635,-0.316039925,13.037012724,0.235296357,3.976953086,0.171434909
1.369000,11.405767951,-0.414825608,13.165947293,0.235039572,4.058606821,0.178588307
1.370000,11.483275543,-0.451215759,13.304716611,0.231540509,4.132604908,0.183258756
1.371000,11.431921512,-0.404845161,13.450517424,0.226134427,4.197975957,0.189252012
1.372000,11.310727202,-0.325880597,13.621562618,0.221289567,4.258537441,0.195396810
1.373000,11.139351293,-0.262885221,13.743432135,0.216261026,4.314437522,0.204276699
1.374000,10.972741017,-0.229824131,13.851756644,0.211268558,4.369023753,0.214012187
1.375000,10.868456272,-0.269210965,13.917196496,0.208704468,4.420442005,0.222332150
1.376000,10.792444146,-0.418592710,13.974637825,0.209744195,4.467059467,0.226898343
1.377000,10.722497051,-0.606876949,14.035151187,0.209836244,4.508957955,0.223345276
1.378000,10.686076680,-0.782272645,14.142986813,0.209563938,4.545124385,0.205710663
1.379000,10.638909048,-0.934369977,14.288472161,0.210016139,4.577736091,0.185934030
1.380000,10.564040810,-1.022088297,14.486341449,0.209993867,4.606548013,0.164878865
1.381000,10.526972491,-1.007152794,14.665895522,0.206262883,4.635063038,0.137152442
1.382000,10.532644175,-0.900092033,14.851452149,0.204525472,4.663752902,0.112343628
1.383000,10.555827847,-0.788240390,15.012668805,0.207577988,4.689044004,0.097206386
1.384000,10.591413734,-0.679131373,15.121295370,0.210160583,4.711727018,0.081249613
1.385000,10.601675163,-0.594637078,15.167837259,0.211487347,4.728005375,0.060925174
1.386000,10.588401565,-0.584588722,15.212204707,0.215679536,4.736938550,0.045925669
1.387000,10.500516064,-0.620388546,15.220768297,0.216380369,4.733074927,0.029810624
1.388000,10.262400158,-0.647605749,15.177918917,0.210736963,4.714978147,0.009302455
1.389000,9.988320273,-0.698740058,15.129770563,0.205921595,4.691562216,-0.009522928
1.390000,9.700997656,-0.761030519,15.085957752,0.202460195,4.663092310,-0.024652158
1.391000,9.299135526,-0.783405272,15.005168594,0.196772396,4.624412545,-0.041373296
1.392000,8.848356926,-0.759337098,14.895948497,0.191629645,4.580012036,-0.059725148
1.393000,8.434920159,-0.739774244,14.783340614,0.191653026,4.529966710,-0.079909917
1.394000,7.989980281,-0.678281656,14.667791842,0.190601854,4.475017645,-0.102930995
1.395000,7.545945179,-0.559382057,14.548268204,0.187652122,4.414831051,-0.126911438
1.396000,7.178477531,-0.483895430,14.431085077,0.187183725,4.354598384,-0.150223799
1.397000,6.891222007,-0.422227174,14.309529232,0.187762365,4.293801929,-0.173837637
1.398000,6.684051725,-0.342991583,14.152011062,0.185473895,4.232323392,-0.193427767
1.399000,6.528766868,-0.320793557,13.972392294,0.184498670,4.167776217,-0.209775050
1.400000,6.380779389,-0.392332557,13.742554191,0.187703764,4.098104479,-0.225148756
1.401000,6.213668733,-0.455830900,13.482139006,0.191690132,4.023062494,-0.236324892
1.402000,6.050436371,-0.508664769,13.199753325,0.193892800,3.942321978,-0.242176008
1.403000,5.788873039,-0.531016716,12.942733105,0.194563085,3.849935415,-0.244468698
1.404000,5.486168095,-0.444352462,12.710626336,0.189462899,3.751576566,-0.245335498
1.405000,5.168450748,-0.295102445,12.490715942,0.181749831,3.649958657,-0.245287303
1.406000,4.762029360,-0.110293181,12.280003558,0.171377185,3.538482493,-0.244956532
1.407000,4.307870675,0.057723664,12.056313499,0.162035923,3.420228393,-0.243298663
1.408000,3.818711805,0.122959278,11.761216828,0.160688322,3.293397492,-0.241956674
1.409000,3.286202678,0.142558451,11.441338618,0.161467489,3.160307802,-0.240538156
1.410000,2.767842739,0.138291828,11.100372244,0.162349834,3.025668895,-0.237799182
1.411000,2.314748199,0.069850583,10.714288762,0.166743464,2.893666466,-0.235798397
1.412000,1.896251453,-0.053632659,10.269151143,0.174669080,2.760523672,-0.235270076
1.413000,1.567976658,-0.110693895,9.806274747,0.174747911,2.628400106,-0.236611505
1.414000,1.286037485,-0.166372434,9.277431326,0.175763361,2.497013867,-0.239560489
1.415000,1.005239092,-0.227328460,8.705423196,0.177925705,2.361707204,-0.246822444
1.416000,0.736964980,-0.228502019,8.163257655,0.175457312,2.225964760,-0.256468503
1.417000,0.503169068,-0.154061383,7.587997211,0.166396683,2.086327462,-0.270382772
1.418000,0.281289208,-0.062873126,7.028414952,0.155585320,1.947028180,-0.285857419
1.419000,0.059071749,0.072097090,6.502049600,0.139557928,1.808419321,-0.299961062
1.420000,-0.169136945,0.224165566,6.004497705,0.120351935,1.671863426,-0.309147706
1.421000,-0.410501510,0.367000944,5.457946829,0.101052620,1.534923013,-0.314513184
1.422000,-0.665021980,0.503141565,4.893190113,0.081089908,1.399463490,-0.317906739
1.423000,-0.930016128,0.624154271,4.313288231,0.062635275,1.262807801,-0.319477040
1.424000,-1.238906370,0.686783183,3.679157113,0.052077384,1.118969992,-0.320095595
1.425000,-1.560376588,0.716178508,3.046253286,0.046986335,0.971859445,-0.321564133
1.426000,-1.889090470,0.676126140,2.459132903,0.049273835,0.824927914,-0.322234824
1.427000,-2.227525041,0.608971830,1.914179579,0.055016868,0.677883486,-0.322917086
1.428000,-2.558123629,0.569816652,1.444703288,0.059625778,0.536188585,-0.324548320
1.429000,-2.880991488,0.492788734,0.976254155,0.066585052,0.397577188,-0.325531120
1.430000,-3.173950508,0.407160973,0.499689659,0.072593546,0.263583101,-0.325690313
1.431000,-3.450151554,0.363024676,0.038938692,0.075991201,0.132957587,-0.326279011
1.432000,-3.696500506,0.355353151,-0.394190323,0.075354902,0.005933860,-0.325486570
1.433000,-3.855699074,0.357344158,-0.856503783,0.071513446,-0.116329345,-0.325557260
1.434000,-3.956758570,0.397653905,-1.340922573,0.065761334,-0.232689689,-0.325816385
1.435000,-4.016590402,0.460961248,-1.824724503,0.060278485,-0.343069756,-0.324908900
1.436000,-4.011373433,0.524988729,-2.307190535,0.054190550,-0.446939612,-0.322889272
1.437000,-3.859830337,0.588493841,-2.820473542,0.048457456,-0.538799840,-0.320248181
1.438000,-3.614893464,0.658152545,-3.339595617,0.042097511,-0.621467285,-0.313677217
1.439000,-3.317433731,0.717343460,-3.865341970,0.034397957,-0.699019606,-0.304143236
1.440000,-2.958172446,0.756298792,-4.410811209,0.024988771,-0.771382344,-0.292306635
1.441000,-2.598726239,0.766395921,-4.952569437,0.014104432,-0.841239351,-0.276926412
1.442000,-2.265931589,0.747865105,-5.478193422,0.003626054,-0.908370375,-0.259946530
1.443000,-1.955608625,0.694552475,-5.941132481,-0.005083983,-0.969544278,-0.241664699
1.444000,-1.677253992,0.621918650,-6.382334467,-0.012089607,-1.029654993,-0.222845839
1.445000,-1.446783804,0.531420061,-6.779516602,-0.015964204,-1.086968099,-0.202014124
1.446000,-1.241661094,0.437683360,-7.125424296,-0.016217939,-1.139975585,-0.180587742
1.447000,-1.041174113,0.353661391,-7.435919461,-0.014352020,-1.189356949,-0.158251522
1.448000,-0.856789302,0.263498820,-7.722352082,-0.009439401,-1.230958898,-0.133616536
1.449000,-0.661220869,0.188899116,-7.996067583,-0.004613687,-1.269618839,-0.108727212
1.450000,-0.436942564,0.131467591,-8.248774293,-0.000109152,-1.299902221,-0.083060052
1.451000,-0.166442006,0.058418433,-8.506702375,0.005147070,-1.321568190,-0.057026386
1.452000,0.132266480,-0.030219996,-8.764918424,0.010787146,-1.337565623,-0.030640467
1.453000,0.484652737,-0.117578517,-9.018013705,0.015077110,-1.344774129,-0.005767192
1.454000,0.843831587,-0.212145438,-9.259523382,0.019079503,-1.348190849,0.017619557
1.455000,1.220089410,-0.325230709,-9.498120379,0.023295782,-1.347651584,0.040391742
1.456000,1.558307678,-0.396247150,-9.713943696,0.024485119,-1.344569245,0.062717685
1.457000,1.852169463,-0.424866086,-9.917670864,0.021974550,-1.338578654,0.083671335
1.458000,2.077503026,-0.428101866,-10.089450180,0.015955072,-1.329012096,0.102462066
1.459000,2.240568430,-0.406223861,-10.233900205,0.008648465,-1.319476729,0.120431988
1.460000,2.335195977,-0.361302833,-10.345950081,-0.000675765,-1.309472514,0.137006805
1.461000,2.368081877,-0.357823421,-10.407403280,-0.009678441,-1.297508874,0.150762899
1.462000,2.344848537,-0.388151222,-10.431416853,-0.016283362,-1.284702221,0.162644846
1.463000,2.192589630,-0.460986465,-10.380831884,-0.017407474,-1.272940589,0.175523668
1.464000,1.988608592,-0.556500221,-10.314300621,-0.016612101,-1.260030174,0.189455951
1.465000,1.725527879,-0.662984457,-10.232277070,-0.014358548,-1.246389284,0.203830084
1.466000,1.396131622,-0.739258567,-10.143474422,-0.008718190,-1.232314933,0.220798994
1.467000,1.011986568,-0.773569944,-10.069977356,-0.000474024,-1.216551324,0.239948183
1.468000,0.648526320,-0.749997039,-10.026880128,0.009441123,-1.193714272,0.261421228
1.469000,0.341054026,-0.695083734,-9.988402314,0.020315364,-1.166814433,0.283700921
1.470000,0.112092619,-0.642219956,-9.979257515,0.035505626,-1.134097468,0.306527487
1.471000,0.015754819,-0.598771566,-9.975932063,0.052032348,-1.091709966,0.330092086
1.472000,0.058696363,-0.571987545,-9.941670226,0.068750613,-1.040554548,0.353242035
1.473000,0.246846348,-0.574976543,-9.882675203,0.082866563,-0.981173743,0.375148503
1.474000,0.472717664,-0.591149566,-9.801128141,0.092977778,-0.920154844,0.395148103
1.475000,0.766905830,-0.613132993,-9.674445929,0.095382750,-0.855549084,0.410886780
1.476000,1.004528403,-0.660434796,-9.511525882,0.089446181,-0.795245741,0.420582733
1.477000,1.222732729,-0.684156029,-9.337101401,0.079431653,-0.737746601,0.428000187
1.478000,1.329442613,-0.673813198,-9.115676297,0.064780648,-0.688847637,0.435990288
1.479000,1.407168348,-0.651597126,-8.901306102,0.049765353,-0.641156395,0.445280647
1.480000,1.383341744,-0.555200683,-8.688399167,0.030954524,-0.599473588,0.462198565
1.481000,1.274600512,-0.393084446,-8.490630960,0.010903361,-0.562063190,0.485789875
1.482000,1.098723775,-0.174190809,-8.304905201,-0.009800280,-0.526665108,0.515363297
1.483000,0.917686292,0.020294372,-8.205834039,-0.027085192,-0.488239416,0.541391629
1.484000,0.765958677,0.149593688,-8.125756019,-0.038858793,-0.448309930,0.561242972
1.485000,0.730470475,0.194138361,-8.038420685,-0.042547167,-0.404277780,0.567167813
1.486000,0.893272386,0.129337700,-7.958256112,-0.035102757,-0.351551831,0.558455772
1.487000,1.226567807,-0.043360679,-7.859826860,-0.017209820,-0.291658741,0.535000533
1.488000,1.724671189,-0.262311074,-7.690309038,0.009457951,-0.228139129,0.498544443
1.489000,2.272113283,-0.474876518,-7.506617445,0.036568058,-0.163150858,0.460470841
1.490000,2.795806071,-0.673735197,-7.333645385,0.062178414,-0.100152075,0.422391703
1.491000,3.211973692,-0.744618941,-7.084737818,0.076418179,-0.051248777,0.381996357
1.492000,3.532649533,-0.722586634,-6.811721909,0.081804393,-0.013192907,0.341731369
1.493000,3.696218046,-0.615748733,-6.554763939,0.078384286,0.007957385,0.303276293
1.494000,3.799283850,-0.510753691,-6.330747244,0.074135030,0.023630686,0.266941447
1.495000,3.830982727,-0.395678003,-6.112708381,0.070113403,0.031132809,0.233599204
1.496000,3.745973985,-0.270945914,-5.921291179,0.069967208,0.028019639,0.206077167
1.497000,3.586345645,-0.175618697,-5.764079698,0.074609912,0.018184683,0.183755809
1.498000,3.352065114,-0.149356635,-5.671200147,0.085722109,0.000608339,0.170822188
1.499000,3.128075049,-0.140919425,-5.597437227,0.100638556,-0.019437865,0.160740045
1.500000,2.904466101,-0.161136166,-5.550280441,0.118247477,-0.042430119,0.153848339
1.501000,2.718658364,-0.198328169,-5.544470181,0.135828470,-0.067524640,0.148054733
1.502000,2.576445147,-0.245420552,-5.564652278,0.153547436,-0.095528144,0.142243295
1.503000,2.463770078,-0.246266422,-5.611440157,0.167113226,-0.127664499,0.132317982
1.504000,2.335432103,-0.260752752,-5.692510517,0.179088925,-0.161827831,0.117583365
1.505000,2.173392053,-0.252478220,-5.847353007,0.189823588,-0.198902085,0.096960157
1.506000,1.950527469,-0.243989848,-6.067453344,0.199644464,-0.240773429,0.070842394
1.507000,1.732455787,-0.239650865,-6.318216191,0.208475580,-0.284447386,0.041814934
1.508000,1.496318159,-0.263491005,-6.599964701,0.218084089,-0.332040124,0.011693474
1.509000,1.271110566,-0.278089885,-6.894346717,0.224779507,-0.382560859,-0.016172073
1.510000,1.079209223,-0.331896895,-7.137667810,0.230801142,-0.435329038,-0.039860919
1.511000,0.945971436,-0.356556490,-7.354383362,0.232251859,-0.488282234,-0.058184160
1.512000,0.910906131,-0.402183619,-7.547975550,0.230337019,-0.541655039,-0.068995860
1.513000,0.952025504,-0.419646794,-7.758628668,0.223904835,-0.594574252,-0.075017619
1.514000,1.045756426,-0.391302796,-7.976089878,0.213655550,-0.645480951,-0.077480227
1.515000,1.155008677,-0.291753039,-8.221816292,0.199249010,-0.695964520,-0.078060420
1.516000,1.281281374,-0.160144382,-8.546489303,0.210096314,-0.752077949,-0.072099523
1.517000,1.381872208,0.016826487,-8.846686803,0.191920342,-0.800855918,-0.068006932
1.518000,1.491952447,0.133292988,-9.141823308,0.175276728,-0.847838726,-0.060525846
1.519000,1.601842029,0.178560965,-9.442032935,0.161760019,-0.895770165,-0.052524007
1.520000,1.756666515,0.111279991,-9.747284344,0.152449041,-0.943199729,-0.044187978
1.521000,1.964643891,0.011950648,-10.041028103,0.143942815,-0.990375363,-0.035509747
1.522000,2.214716905,-0.142950983,-10.366207289,0.136941480,-1.037908773,-0.027307465
1.523000,2.502595447,-0.264947860,-10.682427933,0.127488079,-1.086024639,-0.018742364
1.524000,2.816299922,-0.312381130,-10.980644118,0.112908443,-1.133664293,-0.009304185
1.525000,3.128039157,-0.264977084,-11.259986359,0.093199654,-1.181523956,-0.000519685
1.526000,3.416845168,-0.204889924,-11.536532723,0.071906612,-1.229208019,0.008766804
1.527000,3.655476525,-0.125824364,-11.819677236,0.050354608,-1.276879417,0.016412091
1.528000,3.845173552,-0.117780210,-12.109291118,0.033454600,-1.324198710,0.021452606
1.529000,4.025093927,-0.155706425,-12.400331401,0.021360078,-1.370484116,0.027297130
1.530000,4.199756433,-0.221429120,-12.715069098,0.012024645,-1.414924235,0.035564693
1.531000,4.441147773,-0.291190575,-13.032039767,0.005533324,-1.453966324,0.044279746
1.532000,4.741825052,-0.336981191,-13.317359811,0.001069551,-1.487827583,0.056217412
1.533000,5.108643787,-0.356260383,-13.569743737,-0.002415659,-1.515590758,0.069222703
1.534000,5.477595044,-0.388364428,-13.793066752,-0.005381582,-1.541599258,0.080142890
1.535000,5.852071595,-0.441729737,-13.925854105,-0.008857106,-1.566089431,0.085956176
1.536000,6.164249330,-0.499490457,-13.946873045,-0.016425030,-1.592693421,0.085537099
1.537000,6.405656733,-0.565883301,-13.914774396,-0.026523696,-1.621688652,0.079199228
1.538000,6.481597295,-0.609108027,-13.830798045,-0.038863773,-1.655760991,0.065982698
1.539000,6.438579427,-0.629202542,-13.723684292,-0.052632345,-1.693436593,0.049816556
1.540000,6.297468911,-0.640512793,-13.644079745,-0.065057599,-1.734345163,0.031030789
1.541000,6.047740206,-0.675816734,-13.585370331,-0.072354360,-1.778303863,0.012960512
1.542000,5.753235401,-0.733582675,-13.536605612,-0.075403219,-1.822601244,-0.004280401
1.543000,5.399221308,-0.812440719,-13.456017637,-0.075947484,-1.864861378,-0.018900598
1.544000,5.055985093,-0.893173126,-13.361648584,-0.075494253,-1.903504518,-0.030564568
1.545000,4.745865304,-0.942158423,-13.229958442,-0.075205158,-1.936649080,-0.036214303
1.546000,4.426353653,-0.953267012,-13.060918875,-0.076533776,-1.966032445,-0.038604911
1.547000,4.130449096,-0.874887611,-12.836639237,-0.081062308,-1.988672872,-0.036014932
1.548000,3.844836780,-0.760789182,-12.577107538,-0.088692383,-2.006391508,-0.030818752
1.549000,3.512500908,-0.634428910,-12.277817636,-0.098012945,-2.021412136,-0.025657266
1.550000,3.112856103,-0.498408350,-11.956881718,-0.108582553,-2.034030854,-0.022142416
1.551000,2.673939616,-0.358271566,-11.632461758,-0.120705625,-2.042524941,-0.020696611
1.552000,2.190254945,-0.232707052,-11.303004894,-0.133003699,-2.047336224,-0.021343747
1.553000,1.690347529,-0.106208188,-10.989039082,-0.143192471,-2.043647592,-0.025054432
1.554000,1.224056298,0.018348387,-10.681347745,-0.152283690,-2.034583476,-0.029703509
1.555000,0.870694555,0.115256292,-10.402824138,-0.158684179,-2.012171893,-0.036604583
1.556000,0.542974189,0.198798605,-10.126009838,-0.164453243,-1.987553217,-0.043988309
1.557000,0.297900664,0.223252869,-9.830756979,-0.166345617,-1.951593891,-0.053885324
1.558000,0.165537540,0.212556291,-9.500661997,-0.166398855,-1.905912900,-0.066352181
1.559000,0.077236668,0.187344639,-9.151981378,-0.165278372,-1.857181322,-0.079777601
1.560000,0.042029260,0.107757863,-8.778506434,-0.162175898,-1.803973815,-0.094840726
1.561000,0.034442670,0.042567619,-8.396473542,-0.160654661,-1.748522691,-0.110826850
1.562000,0.016020722,-0.002772130,-7.999953046,-0.160463462,-1.690831653,-0.127541999
1.563000,-0.044631484,-0.012380542,-7.597151354,-0.161968537,-1.633207159,-0.144047518
1.564000,-0.148414116,0.027732985,-7.202719979,-0.164603715,-1.574990162,-0.159004323
1.565000,-0.298505095,0.122288351,-6.816969663,-0.169407450,-1.515242786,-0.172521206
1.566000,-0.439415999,0.210758194,-6.440212857,-0.174497060,-1.452563879,-0.184764671
1.567000,-0.520714872,0.293726215,-6.073763363,-0.180480822,-1.383987121,-0.194965359
1.568000,-0.526555297,0.318796579,-5.732359041,-0.184216606,-1.308031215,-0.203205387
1.569000,-0.460292969,0.296011465,-5.393750719,-0.186949291,-1.226510954,-0.210379169
1.570000,-0.340583078,0.230907492,-5.039851535,-0.188433445,-1.140279241,-0.216962773
1.571000,-0.217460799,0.137835455,-4.662322361,-0.187365794,-1.052019075,-0.222315772
1.572000,-0.090315570,0.040184311,-4.272280725,-0.184718941,-0.962303901,-0.226978562
1.573000,0.023082346,-0.036869019,-3.876958197,-0.182349192,-0.872556325,-0.230553850
1.574000,0.119893744,-0.101954581,-3.479200937,-0.179822058,-0.783911067,-0.233478359
1.575000,0.176403579,-0.129626371,-3.092534795,-0.177970089,-0.697264679,-0.237020992
1.576000,0.215318329,-0.127437893,-2.712856742,-0.177392277,-0.611534706,-0.240410455
1.577000,0.241368386,-0.090072164,-2.342003353,-0.178968310,-0.526497347,-0.244407245
1.578000,0.279238389,-0.013961671,-1.952586091,-0.183686497,-0.439873484,-0.249398268
1.579000,0.320173456,0.065585091,-1.562454762,-0.188472685,-0.351081477,-0.253008668
1.580000,0.377620315,0.139263430,-1.186770784,-0.192357320,-0.261378882,-0.255223021
1.581000,0.436708714,0.186421198,-0.808245376,-0.194849476,-0.170778474,-0.258057009
1.582000,0.506793587,0.194523066,-0.424594909,-0.195205081,-0.077952754,-0.260823169
1.583000,0.557336392,0.156860677,-0.075497825,-0.191107887,0.013526490,-0.262416301
1.584000,0.590827830,0.097010852,0.272500200,-0.184739346,0.103247271,-0.264307295
1.585000,0.590411620,0.031811189,0.645846021,-0.176896756,0.189589630,-0.267165725
1.586000,0.564592184,0.000811968,1.033350488,-0.170267827,0.272518207,-0.268054499
1.587000,0.467622690,0.020310462,1.428933843,-0.164613226,0.349230760,-0.265946226
1.588000,0.341826609,0.093431246,1.866657231,-0.164179258,0.423366196,-0.261888344
1.589000,0.221468136,0.187430323,2.319269762,-0.166632599,0.497449717,-0.256305675
1.590000,0.104603407,0.350950590,2.745053660,-0.177762697,0.574526462,-0.245811335
1.591000,0.039579503,0.527993299,3.100813451,-0.194138621,0.653271939,-0.235914959
1.592000,0.015500370,0.704827106,3.407693023,-0.214038127,0.734098200,-0.225794223
1.593000,0.031479790,0.879843023,3.621723089,-0.233748409,0.816760939,-0.214885384
1.594000,0.104274169,1.011607618,3.791884270,-0.248904744,0.899462964,-0.205096455
1.595000,0.213805198,1.110789819,3.899257587,-0.260278433,0.981527887,-0.197461778
1.596000,0.359713160,1.146617120,3.973188928,-0.263542581,1.065545502,-0.189208754
1.597000,0.549597721,1.115278326,4.033250479,-0.260648567,1.150051030,-0.181951579
1.598000,0.815138711,1.003934298,4.133051757,-0.252180473,1.232257755,-0.173464750
1.599000,1.109029065,0.888595491,4.278121783,-0.243106561,1.311571091,-0.164549339
1.600000,1.436517797,0.744526625,4.481412020,-0.231609878,1.387075602,-0.155484006
1.601000,1.786387277,0.641887784,4.777498886,-0.222596071,1.455647861,-0.145035209
1.602000,2.145760078,0.604137936,5.113120245,-0.216658140,1.517808155,-0.132790183
1.603000,2.482759189,0.627935923,5.459601301,-0.213400516,1.572380085,-0.121632697
1.604000,2.804946439,0.662382374,5.804605341,-0.211474647,1.623842988,-0.110971915
1.605000,3.089853574,0.753687752,6.117008815,-0.213441163,1.665261188,-0.098467177
1.606000,3.342669569,0.815262364,6.364258639,-0.214411098,1.697695462,-0.087046489
1.607000,3.571093153,0.844553413,6.579481198,-0.213599979,1.721477987,-0.076078978
1.608000,3.738301683,0.825341453,6.785258563,-0.211276568,1.737524953,-0.065491874
1.609000,3.852776800,0.741892773,6.956792560,-0.207181430,1.747026224,-0.057102507
1.610000,3.916444703,0.607090773,7.081045924,-0.200681455,1.749597295,-0.049911392
1.611000,3.918511003,0.457565608,7.183329114,-0.193504798,1.745545629,-0.043085816
1.612000,3.847792343,0.304008430,7.268749550,-0.186604748,1.734634386,-0.036669312
1.613000,3.731022215,0.179304925,7.315429878,-0.180212094,1.716288754,-0.028997132
1.614000,3.601733771,0.068163354,7.364308179,-0.172744710,1.694163130,-0.020766318
1.615000,3.430799171,0.005689262,7.417489161,-0.164532903,1.664810680,-0.009149815
1.616000,3.260916784,-0.005026670,7.461778045,-0.156959568,1.630527455,0.005357824
1.617000,3.115514821,0.033579304,7.498438057,-0.151171549,1.594624994,0.020466036
1.618000,3.023698701,0.069479911,7.510076789,-0.145397036,1.559351892,0.033616510
1.619000,2.955603750,0.113234427,7.511608700,-0.139704431,1.523021463,0.047338907
1.620000,2.947145127,0.145679108,7.498196751,-0.132521978,1.485290034,0.061449510
1.621000,2.968747509,0.148811525,7.493111904,-0.124106888,1.445903888,0.073836413
1.622000,3.046100042,0.106235662,7.493266797,-0.111940488,1.404902536,0.085150816
1.623000,3.123140975,0.049932446,7.500160735,-0.098950031,1.362325751,0.096513395
1.624000,3.182293786,-0.029366876,7.524633980,-0.085673235,1.311556852,0.109816137
1.625000,3.194717558,-0.084285112,7.551500937,-0.075513204,1.254635494,0.122819183
1.626000,3.120229669,-0.091756198,7.571576118,-0.069387563,1.190132588,0.136605424
1.627000,2.945560571,-0.033220780,7.593819697,-0.068677980,1.119195127,0.151967649
1.628000,2.661635465,0.085761156,7.589169887,-0.074164195,1.042831258,0.167251748
1.629000,2.310851198,0.225134195,7.574269570,-0.083207754,0.962928928,0.182597570
1.630000,1.888515593,0.376390655,7.524799053,-0.094369030,0.880308815,0.198302873
1.631000,1.469930557,0.473933905,7.451022364,-0.104869621,0.798706289,0.213655442
1.632000,1.029467447,0.523440042,7.343636439,-0.115036366,0.715869283,0.226895095
1.633000,0.625783219,0.499619232,7.240834401,-0.118848394,0.634151494,0.236162483
1.634000,0.267898851,0.455987005,7.162301967,-0.120759094,0.552928246,0.243780483
1.635000,-0.058845879,0.369576788,7.095694383,-0.117528103,0.473515916,0.247501156
1.636000,-0.319455762,0.323856183,6.983809385,-0.109910192,0.400163596,0.248878498
1.637000,-0.519362565,0.228652829,6.824718161,-0.092071786,0.332135784,0.248377595
1.638000,-0.650411685,0.075231138,6.653005681,-0.064034057,0.271745106,0.248341383
1.639000,-0.737059173,-0.128944775,6.478542286,-0.026423967,0.217208923,0.249498456
1.640000,-0.759082860,-0.360998378,6.310262975,0.016642895,0.170187218,0.255521016
1.641000,-0.773832869,-0.601927275,6.235154623,0.060206754,0.127217652,0.264323270
1.642000,-0.776518010,-0.781932186,6.242261841,0.096209864,0.088025312,0.275878122
1.643000,-0.737317946,-0.845387585,6.268747655,0.115689111,0.060731486,0.291374176
1.644000,-0.639446462,-0.804413307,6.235000732,0.122845124,0.044441613,0.303502345
1.645000,-0.508761345,-0.687360961,6.152473425,0.115287212,0.038825236,0.312065742
1.646000,-0.227203639,-0.552452840,5.974969050,0.095458960,0.050626165,0.318848864
1.647000,0.125695903,-0.421794708,5.694458066,0.070563497,0.073134815,0.323858371
1.648000,0.536959189,-0.352469642,5.356639883,0.048032545,0.100895426,0.318915186
1.649000,0.978619983,-0.338814408,5.045485400,0.029159362,0.130227460,0.312713679
1.650000,1.451136680,-0.394864038,4.788904680,0.015329058,0.160928972,0.304622552
1.651000,1.816446502,-0.483260755,4.563329063,0.008714556,0.188505935,0.292000549
1.652000,2.106570862,-0.640825351,4.417230308,0.012221629,0.211745375,0.276142992
1.653000,2.265249287,-0.839203186,4.357070161,0.021568856,0.229243251,0.260693365
1.654000,2.302791834,-1.028110996,4.295713062,0.032111443,0.242557343,0.243433591
1.655000,2.214413675,-1.238724127,4.266677187,0.048534632,0.250253069,0.224485006
1.656000,2.016810349,-1.428115651,4.293266916,0.062686285,0.254942413,0.207770795
1.657000,1.792547316,-1.535724625,4.390922382,0.070423089,0.258413449,0.192879872
1.658000,1.574627775,-1.519163311,4.511172142,0.065462535,0.265131153,0.183891345
1.659000,1.399915636,-1.442260782,4.660830288,0.054860384,0.273164345,0.177671398
1.660000,1.234135379,-1.288838137,4.856481012,0.031664384,0.285784344,0.174419191
1.661000,1.090991557,-1.094380067,5.071139803,-0.001737403,0.302615997,0.165345344
1.662000,0.945231610,-0.890914954,5.266577808,-0.036737281,0.320617564,0.153561532
1.663000,0.757224913,-0.770013330,5.455115074,-0.064633666,0.337820856,0.134260540
1.664000,0.570877394,-0.681563945,5.662042096,-0.086529730,0.356494875,0.110534248
1.665000,0.371316713,-0.639367011,5.892115080,-0.095634413,0.378994258,0.083221086
1.666000,0.186892056,-0.658393152,6.096196282,-0.090496857,0.410015065,0.059677090
1.667000,0.055742533,-0.726699586,6.337664083,-0.069132063,0.452082141,0.043045579
1.668000,0.035796007,-0.808664224,6.600060215,-0.036086345,0.510584644,0.032160854
1.669000,0.057318692,-0.892353587,6.837756572,-0.002226198,0.577937768,0.026924477
1.670000,0.174867030,-0.957664029,7.081776754,0.034464420,0.659207390,0.030183432
1.671000,0.384963301,-1.013825024,7.345461076,0.067206780,0.748822974,0.036935797
1.672000,0.671993770,-1.018401612,7.555087677,0.094015739,0.845705458,0.047246505
1.673000,1.017248146,-0.922053037,7.745106988,0.108710437,0.945103315,0.062710259
1.674000,1.426446402,-0.797792237,7.927536311,0.120397670,1.046588520,0.077003987
1.675000,1.833051441,-0.620305927,8.121012448,0.125180269,1.145174501,0.090055358
1.676000,2.154961533,-0.379102224,8.321651844,0.124216144,1.239372489,0.103160824
1.677000,2.463341239,-0.130401820,8.547253757,0.122534127,1.333077238,0.115053338
1.678000,2.703747677,0.032003461,8.802552338,0.121109709,1.424543782,0.122409415
1.679000,2.898520647,0.165509663,9.112906482,0.118616831,1.514990018,0.126700860
1.680000,3.062751825,0.239821698,9.414578402,0.116217263,1.605816873,0.129550154
1.681000,3.245313416,0.208719069,9.758034534,0.117538863,1.700051699,0.129727888
1.682000,3.427654515,0.124828991,10.126720816,0.121901453,1.795985775,0.127405684
1.683000,3.613885325,-0.025651169,10.526823649,0.134507899,1.892466625,0.126505426
1.684000,3.792169542,-0.217957189,10.929070527,0.151809755,1.989989384,0.125845781
1.685000,3.963391407,-0.427897649,11.307561735,0.173972670,2.087112475,0.125420267
1.686000,4.126926700,-0.651897240,11.608946195,0.197780863,2.185604654,0.124507342
1.687000,4.258729875,-0.881891112,11.884295614,0.222279246,2.285183601,0.124542144
1.688000,4.431861592,-1.028831919,12.023314289,0.243057743,2.390058969,0.123061956
1.689000,4.621606644,-1.130040965,12.113974184,0.261901085,2.497415215,0.122353302
1.690000,4.841275624,-1.193714749,12.177436702,0.276453924,2.608328183,0.121088657
1.691000,5.207559012,-1.111160202,12.245311361,0.284013398,2.727763067,0.121355673
1.692000,5.667196136,-0.909861268,12.323029339,0.285237703,2.848329612,0.122678782
1.693000,6.231967970,-0.667843473,12.450998858,0.279769338,2.973791387,0.125144349
1.694000,6.825483473,-0.398672332,12.567013091,0.270421958,3.098629755,0.128426425
1.695000,7.519796390,-0.136269575,12.627029240,0.258878018,3.226201761,0.132517707
1.696000,8.259884056,0.033425910,12.681330090,0.247517300,3.356579102,0.137644735
1.697000,9.010757889,0.108479591,12.713789842,0.238808134,3.490829243,0.141849207
1.698000,9.685960682,0.076036469,12.741101725,0.236310289,3.619019647,0.147989843
1.699000,10.308528041,-0.007167843,12.804920355,0.235036575,3.742375978,0.154767798
1.700000,10.770171125,-0.129168489,12.890658397,0.234889618,3.849978542,0.161561721
1.701000,11.128380360,-0.270391329,12.996180094,0.235122474,3.947270458,0.168654297
1.702000,11.377919740,-0.400568337,13.119897098,0.236111919,4.033798790,0.177026741
1.703000,11.458638892,-0.440395854,13.258471199,0.232766656,4.108007549,0.181705172
1.704000,11.458715165,-0.424911566,13.399358601,0.227906032,4.176790982,0.187102967
1.705000,11.357177960,-0.351266650,13.573353908,0.222761413,4.238835674,0.192961897
1.706000,11.200763631,-0.285319540,13.704362631,0.218257540,4.295855203,0.201270095
1.707000,11.016889509,-0.224132967,13.821524232,0.212258286,4.351103737,0.210374647
1.708000,10.900002140,-0.248457115,13.898824957,0.209279253,4.403676853,0.219821127
1.709000,10.815370075,-0.357635109,13.954581875,0.209290998,4.452110132,0.226315659
1.710000,10.745181894,-0.545099930,14.004711782,0.209780184,4.495947619,0.226115091
1.711000,10.695568924,-0.718134082,14.103907710,0.209257217,4.533552462,0.211875507
1.712000,10.664910694,-0.907623652,14.224898307,0.210237609,4.568030781,0.192838116
1.713000,10.588869650,-0.992943737,14.419924425,0.210024644,4.596950481,0.172030834
1.714000,10.533863622,-1.029775931,14.606782205,0.207792865,4.625583437,0.146850724
1.715000,10.525665084,-0.941650049,14.796446878,0.204850074,4.654063797,0.119912725
1.716000,10.548465808,-0.835974326,14.961573757,0.207086101,4.680807764,0.102821944
1.717000,10.577725845,-0.701316607,15.102542360,0.209199390,4.704948410,0.086873539
1.718000,10.600922333,-0.624469868,15.152900239,0.211171265,4.722909473,0.067979716
1.719000,10.598435853,-0.572765620,15.198390785,0.214109023,4.735675227,0.050052318
1.720000,10.547374512,-0.603737523,15.222980934,0.217076948,4.736373730,0.035745867
1.721000,10.345388238,-0.633351114,15.194981691,0.212399794,4.721437647,0.015813756
1.722000,10.083562086,-0.677928289,15.144971833,0.207313759,4.700529265,-0.003546380
1.723000,9.799007679,-0.740477888,15.100764363,0.203633045,4.672758585,-0.019720166
1.724000,9.438912110,-0.781329890,15.040909959,0.198761841,4.638309993,-0.035408640
1.725000,8.998416583,-0.772992672,14.932217235,0.192780538,4.595181201,-0.054141259
1.726000,8.572881626,-0.747015384,14.820307882,0.191497750,4.547317787,-0.072771398
1.727000,8.150101267,-0.715965133,14.706502430,0.191705862,4.494514486,-0.094863077
1.728000,7.691479920,-0.596890203,14.588367415,0.188534071,4.434919608,-0.118945791
1.729000,7.285997352,-0.503041733,14.469755162,0.186840694,4.374702050,-0.142512785
1.730000,6.984562344,-0.444962943,14.356533659,0.187852299,4.314248428,-0.165621381
1.731000,6.745701925,-0.363333766,14.205452779,0.186279618,4.252772995,-0.187011213
1.732000,6.577238520,-0.313956568,14.040972624,0.184137875,4.190301198,-0.204804390
1.733000,6.430108549,-0.368486224,13.819166892,0.186635399,4.121328392,-0.220024187
1.734000,6.276095684,-0.435422159,13.580843488,0.190296498,4.049506741,-0.233612559
1.735000,6.105509212,-0.490518473,13.290612085,0.193088286,3.969424449,-0.240502810
1.736000,5.884194056,-0.532618238,13.030570781,0.194646542,3.882067912,-0.244197350
1.737000,5.586250538,-0.496189217,12.777964363,0.192394444,3.784795921,-0.245299857
1.738000,5.277295820,-0.344187756,12.565848332,0.184216240,3.684108667,-0.245291163
1.739000,4.909672757,-0.179517862,12.349920454,0.175327172,3.577264275,-0.245253007
1.740000,4.461231794,0.017115659,12.143905574,0.164145152,3.459924194,-0.243883102
1.741000,3.984099468,0.099243781,11.856117465,0.161375039,3.336132769,-0.242349438
1.742000,3.470875265,0.145816462,11.556512929,0.160828032,3.205784887,-0.240970814
1.743000,2.936604675,0.139232428,11.213518948,0.162150444,3.070350045,-0.238881396
1.744000,2.459023834,0.100518182,10.850727089,0.164769059,2.937234044,-0.236236327
1.745000,2.029635442,-0.014152435,10.419409557,0.172412241,2.805291043,-0.235242345
1.746000,1.675421821,-0.090721420,9.966962464,0.174789655,2.672343805,-0.235871740
1.747000,1.373893676,-0.142698687,9.460268667,0.175034873,2.541110067,-0.238144378
1.748000,1.100941794,-0.208464570,8.898639633,0.177218048,2.407135241,-0.244052308
1.749000,0.822311354,-0.238418832,8.341906645,0.177127821,2.271393766,-0.252850312
1.750000,0.577063106,-0.184273176,7.775488773,0.170124508,2.132611755,-0.265718724
1.751000,0.353939739,-0.095008799,7.212129827,0.159260733,1.993126408,-0.280835410
1.752000,0.135147394,0.015673623,6.674017137,0.146064135,1.854492234,-0.296013283
1.753000,-0.093248162,0.175624529,6.168217829,0.126722650,1.717178917,-0.306389659
1.754000,-0.326954656,0.321478529,5.650497174,0.107487620,1.580670187,-0.313339526
1.755000,-0.580181824,0.457761358,5.081442352,0.087744146,1.444616664,-0.316775554
1.756000,-0.836038374,0.588820570,4.511525209,0.068114454,1.308678176,-0.319385162
1.757000,-1.136519880,0.669664568,3.894121223,0.054919036,1.167436834,-0.319283125
1.758000,-1.451779898,0.710689394,3.254649728,0.048046200,1.021028527,-0.321277195
1.759000,-1.778178372,0.696197301,2.647894959,0.047739351,0.873883249,-0.322051040
1.760000,-2.116699870,0.634482530,2.084230670,0.052883330,0.726360768,-0.322457157
1.761000,-2.449057891,0.585758024,1.600932555,0.057833288,0.583046405,-0.323888516
1.762000,-2.778726305,0.529035311,1.130918328,0.063852715,0.443138483,-0.325507225
1.763000,-3.077183002,0.434001530,0.659488834,0.070744873,0.308069273,-0.325627787
1.764000,-3.365716801,0.373366359,0.188120846,0.075290176,0.175665853,-0.326204248
1.765000,-3.620861281,0.355533195,-0.248385035,0.075883032,0.047994222,-0.325994456
1.766000,-3.806163188,0.357220638,-0.698136659,0.072869482,-0.075867941,-0.325145071
1.767000,-3.931272039,0.372577077,-1.178738250,0.067968352,-0.195001965,-0.326026255
1.768000,-3.998374041,0.441787957,-1.664315632,0.061977205,-0.306545716,-0.325260092
1.769000,-4.028256177,0.502867621,-2.145354638,0.056319587,-0.413741982,-0.323663532
1.770000,-3.917389125,0.563953628,-2.649478251,0.050497317,-0.508985815,-0.321255432
1.771000,-3.705671289,0.633431392,-3.166156325,0.044440430,-0.594792296,-0.316393212
1.772000,-3.424142454,0.701908457,-3.688473287,0.037184440,-0.673944133,-0.307584440
1.773000,-3.080714188,0.744780244,-4.226732107,0.028173202,-0.747293943,-0.296513885
1.774000,-2.715253826,0.767373981,-4.776014475,0.017846746,-0.818600559,-0.282482474
1.775000,-2.377305625,0.762828626,-5.305023826,0.006694769,-0.886484324,-0.265812056
1.776000,-2.057335363,0.712591011,-5.789077267,-0.002168172,-0.949393282,-0.247818724
1.777000,-1.757053210,0.654457409,-6.243852728,-0.010531820,-1.009697195,-0.229412115
1.778000,-1.521370949,0.560783030,-6.650192211,-0.014725382,-1.068132442,-0.209046719
1.779000,-1.308751495,0.468659534,-7.014452804,-0.016678577,-1.122892183,-0.187827986
1.780000,-1.104327184,0.379454035,-7.339785274,-0.015166911,-1.173569929,-0.165733236
1.781000,-0.917722536,0.294677837,-7.626845078,-0.011250613,-1.217363783,-0.141852089
1.782000,-0.731235373,0.204845378,-7.908547157,-0.005998114,-1.257740368,-0.117014274
1.783000,-0.514986575,0.151532380,-8.165614541,-0.001691504,-1.290410668,-0.091684886
1.784000,-0.262773399,0.086302127,-8.421020830,0.003263081,-1.315842882,-0.065878702
1.785000,0.026231190,0.002583346,-8.678077343,0.008917840,-1.333010837,-0.039323685
1.786000,0.365026471,-0.089996156,-8.934739757,0.013794744,-1.342744399,-0.013980149
1.787000,0.722976198,-0.171549128,-9.180304324,0.017570342,-1.347797577,0.010045769
1.788000,1.092793899,-0.290390735,-9.418293014,0.021968612,-1.348038240,0.032797551
1.789000,1.454993652,-0.382178622,-9.644634815,0.024952981,-1.346325174,0.055576776
1.790000,1.763171202,-0.423875536,-9.852821005,0.023466556,-1.340832948,0.076817271
1.791000,2.004782315,-0.427187927,-10.033640156,0.018076095,-1.332266048,0.096238580
1.792000,2.199342271,-0.425884806,-10.193179566,0.011638552,-1.322777485,0.114650393
1.793000,2.305563422,-0.374749536,-10.309206111,0.002442650,-1.312811985,0.131530615
1.794000,2.369980043,-0.351173453,-10.394220196,-0.007131816,-1.301803532,0.146746259
1.795000,2.363416572,-0.371201443,-10.433454232,-0.014756212,-1.288923448,0.158778799
1.796000,2.247766218,-0.436068192,-10.398962359,-0.017239784,-1.276792126,0.171128144
1.797000,2.071171185,-0.512736696,-10.336494098,-0.017513074,-1.264520613,0.184711470
1.798000,1.814385017,-0.629674634,-10.260953688,-0.015066148,-1.250952912,0.199027470
1.799000,1.520640339,-0.723149528,-10.171617066,-0.011095965,-1.237151492,0.214684977
1.800000,1.138230596,-0.764465446,-10.088159054,-0.003717916,-1.222483986,0.233356838
1.801000,0.767708469,-0.761129475,-10.041458464,0.006181477,-1.201671857,0.254185354
1.802000,0.425670222,-0.720389435,-9.999811485,0.016317551,-1.176866940,0.276134549
1.803000,0.188299002,-0.656593686,-9.979829615,0.030125039,-1.145098069,0.298870937
1.804000,0.012288468,-0.608389839,-9.983873889,0.046484084,-1.108032120,0.322421375
1.805000,0.034148027,-0.581092093,-9.958766569,0.063677955,-1.058493464,0.345392172
1.806000,0.171576573,-0.572730031,-9.905094987,0.078959058,-1.001515597,0.368253199
1.807000,0.397362358,-0.581126972,-9.836598765,0.090563810,-0.940482577,0.388890128
1.808000,0.664237491,-0.606689660,-9.717144959,0.094766490,-0.877346490,0.405776380
1.809000,0.927319942,-0.646857199,-9.566298802,0.092471806,-0.815093189,0.418073554
1.810000,1.158691266,-0.683771058,-9.399494733,0.083275290,-0.755670523,0.425655202
1.811000,1.295940444,-0.677664451,-9.189804211,0.069737682,-0.705071233,0.433273516
1.812000,1.395293976,-0.665579016,-8.967587234,0.054859376,-0.656444317,0.441469896
1.813000,1.398040143,-0.591686910,-8.762040887,0.037529086,-0.612945298,0.456163098
1.814000,1.330965692,-0.459136301,-8.553632941,0.017536328,-0.573816297,0.476345753
1.815000,1.159698161,-0.242789851,-8.363613402,-0.003100527,-0.538640533,0.505746040
1.816000,0.981791168,-0.036408719,-8.233624908,-0.022010117,-0.501005908,0.532986217
1.817000,0.802031207,0.117171706,-8.153475332,-0.035930196,-0.462123436,0.556181346
1.818000,0.735971094,0.183956087,-8.067084622,-0.041759929,-0.419159149,0.565928493
1.819000,0.800823512,0.173059544,-7.988669752,-0.039552546,-0.370700047,0.564681817
1.820000,1.103422207,0.014981955,-7.895911154,-0.023815874,-0.312141367,0.543470401
1.821000,1.542190491,-0.191455926,-7.751539569,0.000421248,-0.249801886,0.511235643
1.822000,2.089632585,-0.404021370,-7.567847976,0.027531356,-0.184813615,0.473162042
1.823000,2.623699827,-0.612066792,-7.389295520,0.053777245,-0.120887791,0.435190008
1.824000,3.089450395,-0.737718336,-7.173968168,0.073390012,-0.065512962,0.395624590
1.825000,3.436205268,-0.738889702,-6.907308465,0.080973116,-0.024179415,0.355302612
1.826000,3.647363752,-0.652930808,-6.638219921,0.079671421,0.001306517,0.315983072
1.827000,3.777313709,-0.534936133,-6.395373278,0.075129561,0.019710592,0.278459240
1.828000,3.825383074,-0.441395516,-6.191067748,0.071769334,0.029328889,0.244517516
1.829000,3.790207855,-0.310451282,-5.977084745,0.069037823,0.030456482,0.213979890
1.830000,3.654830189,-0.198757036,-5.810916913,0.072631078,0.022405881,0.190485564
1.831000,3.428144123,-0.156661764,-5.700220961,0.081837069,0.006553276,0.174859719
1.832000,3.199619199,-0.145547044,-5.618873273,0.094978258,-0.012225231,0.163535283
1.833000,2.980067536,-0.150677495,-5.564036724,0.112356963,-0.034628929,0.155984320
1.834000,2.775599766,-0.178783580,-5.543231971,0.129728536,-0.058565242,0.149983510
1.835000,2.617577036,-0.242871924,-5.551167800,0.148464377,-0.085684065,0.144300836
1.836000,2.500301704,-0.248114527,-5.596650096,0.162707746,-0.116808401,0.136056101
1.837000,2.385888412,-0.251562641,-5.656833412,0.175230426,-0.149785050,0.123617828
1.838000,2.239059837,-0.258905983,-5.789252863,0.186475001,-0.186088680,0.104228561
1.839000,2.023397706,-0.250597176,-5.985100046,0.196935408,-0.226393687,0.080273956
1.840000,1.804728035,-0.231670703,-6.232255992,0.205127202,-0.269561744,0.051928127
1.841000,1.582839138,-0.253513560,-6.504670585,0.215056238,-0.315447741,0.021479694
1.842000,1.335837767,-0.274230942,-6.802500619,0.223068989,-0.365388245,-0.007723780
1.843000,1.143140990,-0.310765579,-7.059051182,0.228702875,-0.417648845,-0.032070526
1.844000,0.978718908,-0.346376653,-7.285861717,0.232251156,-0.470639272,-0.053115930
1.845000,0.915721682,-0.393113018,-7.481353855,0.231684465,-0.523616817,-0.066142484
1.846000,0.933181084,-0.415075730,-7.687507421,0.226224093,-0.577093627,-0.073149031
1.847000,1.008144451,-0.413056793,-7.895742176,0.217790959,-0.628873389,-0.077311631
1.848000,1.119094953,-0.329171120,-8.139408413,0.204308203,-0.679051041,-0.077852565
1.849000,1.245632505,-0.218677595,-8.441312764,0.216080243,-0.735736850,-0.072955065
1.850000,1.345986864,-0.040428569,-8.749480451,0.198074635,-0.784925015,-0.069838179
1.851000,1.456276063,0.102128891,-9.043078857,0.180523785,-0.832182921,-0.063176205
1.852000,1.560928974,0.179969985,-9.343118246,0.165643719,-0.879637907,-0.055196875
1.853000,1.703028462,0.135958708,-9.643941538,0.155469152,-0.927478309,-0.046995377
1.854000,1.887395759,0.050973609,-9.943258893,0.146744129,-0.974750355,-0.038376236
1.855000,2.127175390,-0.089345136,-10.254261642,0.139335366,-1.021960855,-0.029794028
1.856000,2.400661905,-0.232071402,-10.580470576,0.131104538,-1.070057055,-0.021871578
1.857000,2.713086460,-0.316142338,-10.883062422,0.119062729,-1.117733481,-0.012349588
1.858000,3.024433638,-0.282299297,-11.168777699,0.099774184,-1.165549514,-0.003363609
1.859000,3.323420366,-0.226752175,-11.443595495,0.079214280,-1.213415605,0.005915696
1.860000,3.581621500,-0.150379114,-11.726347640,0.057210055,-1.260944385,0.013900750
1.861000,3.779558884,-0.114153241,-12.014566107,0.038355262,-1.308761587,0.019667357
1.862000,3.965983974,-0.134844291,-12.298651190,0.024564409,-1.355287533,0.025158152
1.863000,4.138944461,-0.198022277,-12.608999068,0.015051451,-1.400390801,0.032702197
1.864000,4.355091229,-0.270704807,-12.933827325,0.007248469,-1.441817763,0.040770025
1.865000,4.625487475,-0.327963624,-13.225933114,0.002617012,-1.477574183,0.051991647
1.866000,4.988006736,-0.348767191,-13.488268365,-0.001499671,-1.506512438,0.064855295
1.867000,5.349138282,-0.376919619,-13.728483640,-0.004168714,-1.533491972,0.077092354
1.868000,5.728079430,-0.424045400,-13.884822215,-0.007593919,-1.557879667,0.084047639
1.869000,6.073001716,-0.479476460,-13.949818299,-0.013236442,-1.583351129,0.087045187
1.870000,6.334243435,-0.545295705,-13.928330296,-0.022996462,-1.611875325,0.081568173
1.871000,6.485117420,-0.596099662,-13.867602116,-0.034223175,-1.643428467,0.071289121
1.872000,6.462955039,-0.626528870,-13.757811779,-0.048130069,-1.680658749,0.055236589
1.873000,6.345613757,-0.636411059,-13.670386884,-0.060929982,-1.720662496,0.037308693
1.874000,6.142512804,-0.657114731,-13.600080256,-0.071107337,-1.763564591,0.018925454
1.875000,5.856354220,-0.712715066,-13.556559039,-0.074686115,-1.807700879,0.001077020
1.876000,5.520639149,-0.784617779,-13.484725801,-0.075947113,-1.850971906,-0.014103140
1.877000,5.161765758,-0.868389556,-13.395454012,-0.075789772,-1.891705791,-0.027573820
1.878000,4.849371118,-0.926957875,-13.275109899,-0.075267735,-1.925648919,-0.034428980
1.879000,4.536260436,-0.966611373,-13.131071653,-0.075517763,-1.957061758,-0.038810790
1.880000,4.225215562,-0.909500238,-12.914348555,-0.079011891,-1.982149111,-0.037320763
1.881000,3.940670481,-0.802177723,-12.667422939,-0.085732594,-2.000761492,-0.032692640
1.882000,3.635366545,-0.676803180,-12.383877402,-0.094809875,-2.016872962,-0.027194303
1.883000,3.246033611,-0.543611695,-12.063451344,-0.105046327,-2.029900631,-0.023267308
1.884000,2.830917318,-0.402194107,-11.741375214,-0.116417442,-2.040610879,-0.020708150
1.885000,2.355462262,-0.274194383,-11.414364922,-0.129088017,-2.046180998,-0.020839525
1.886000,1.856727255,-0.147839241,-11.092405890,-0.139865757,-2.045106645,-0.023720956
1.887000,1.361905535,-0.022138467,-10.781707301,-0.149696080,-2.039960747,-0.027827772
1.888000,0.984498691,0.083532113,-10.494445598,-0.156568632,-2.019962141,-0.034264561
1.889000,0.648907743,0.175195234,-10.218532448,-0.162819131,-1.996224634,-0.041402163
1.890000,0.367567409,0.218345860,-9.933764413,-0.165828131,-1.964784731,-0.050269827
1.891000,0.198204375,0.216643710,-9.614825618,-0.166528303,-1.922002142,-0.062019399
1.892000,0.099396116,0.203126659,-9.271389582,-0.166097327,-1.873864453,-0.075075667
1.893000,0.051982022,0.138498746,-8.904163916,-0.163313505,-1.821924897,-0.089686381
1.894000,0.034867001,0.059032929,-8.524410498,-0.160751930,-1.767356270,-0.105359299
1.895000,0.028286300,0.010405349,-8.131993845,-0.160467302,-1.710122279,-0.121891358
1.896000,-0.020122850,-0.010169766,-7.730227447,-0.161358563,-1.652266878,-0.138613844
1.897000,-0.107846096,0.001628239,-7.334014966,-0.163329717,-1.594886377,-0.154378854
1.898000,-0.248965344,0.090148821,-6.945189420,-0.167777196,-1.535177934,-0.168020953
1.899000,-0.398724032,0.185414719,-6.564241727,-0.172821346,-1.474418209,-0.180971411
1.900000,-0.500469540,0.260711917,-6.197532205,-0.178327075,-1.407332198,-0.191888949
1.901000,-0.531941345,0.315414009,-5.844210665,-0.183162891,-1.334053376,-0.200665474
1.902000,-0.492493891,0.310504902,-5.506230171,-0.186144321,-1.254400025,-0.208089165
1.903000,-0.380574421,0.253788940,-5.158116562,-0.188018174,-1.169110499,-0.214797289
1.904000,-0.256384301,0.169234342,-4.791601948,-0.188036482,-1.081564697,-0.220849133
1.905000,-0.131740444,0.077174364,-4.400856166,-0.185794700,-0.992364602,-0.225354177
1.906000,-0.015099126,-0.015567817,-4.008727166,-0.183034945,-0.902224476,-0.229544468
1.907000,0.093257206,-0.081728580,-3.611825500,-0.180770972,-0.813398443,-0.232509906
1.908000,0.158819176,-0.122899493,-3.221990174,-0.178505922,-0.726029651,-0.235788550
1.909000,0.205067670,-0.133423904,-2.838447672,-0.177275573,-0.640238925,-0.239223615
1.910000,0.233929317,-0.106674125,-2.466125921,-0.178137732,-0.554792405,-0.242956608
1.911000,0.265997457,-0.040480924,-2.083315387,-0.181999329,-0.468831133,-0.247689328
1.912000,0.305903984,0.038712018,-1.691618951,-0.186933810,-0.380867309,-0.252123174
1.913000,0.357459456,0.114204615,-1.312354497,-0.191004247,-0.291296794,-0.254458827
1.914000,0.415633088,0.178777213,-0.936655367,-0.194426151,-0.201168593,-0.256913058
1.915000,0.485074133,0.198644507,-0.546631971,-0.195661363,-0.109055344,-0.260192117
1.916000,0.542145328,0.172687993,-0.190228312,-0.192851058,-0.016701661,-0.261936913
1.917000,0.584026484,0.118552052,0.153484629,-0.187107788,0.073660476,-0.263533741
1.918000,0.591920896,0.053698412,0.520519450,-0.179566314,0.160966801,-0.266178468
1.919000,0.579644189,0.004825057,0.905323433,-0.172398064,0.245712550,-0.268309979
1.920000,0.507418889,0.005514223,1.289461169,-0.165933232,0.324250225,-0.266766777
1.921000,0.384249612,0.066951254,1.721234924,-0.164051012,0.398740757,-0.263337349
1.922000,0.259371243,0.150062234,2.163216582,-0.164950767,0.472620394,-0.258585292
1.923000,0.145200669,0.294168526,2.605409143,-0.173816673,0.548797043,-0.249385817
1.924000,0.051400316,0.466575955,2.991637441,-0.187618345,0.626731326,-0.239279561
1.925000,0.018530726,0.649707109,3.317441217,-0.207313763,0.706571286,-0.229146917
1.926000,0.025401639,0.820771679,3.552625231,-0.227182824,0.789224211,-0.218559021
1.927000,0.070830837,0.978306917,3.747770616,-0.245093296,0.871941580,-0.208084058
1.928000,0.176557943,1.077786742,3.865466144,-0.256492061,0.954212896,-0.199900300
1.929000,0.303524682,1.150274819,3.954933746,-0.263888284,1.037159114,-0.191516496
1.930000,0.473548454,1.137026748,4.010576522,-0.262620839,1.122271233,-0.184621223
1.931000,0.723886611,1.043513099,4.097027490,-0.255117044,1.204859451,-0.176413451
1.932000,1.006695852,0.926251995,4.221700877,-0.246240623,1.285955920,-0.167493683
1.933000,1.326157628,0.794766965,4.411513522,-0.235579839,1.362015088,-0.158519116
1.934000,1.666107419,0.665142458,4.666787862,-0.225050146,1.433925473,-0.148873587
1.935000,2.028189667,0.602647437,4.996463204,-0.218017227,1.498110216,-0.137067064
1.936000,2.371366325,0.619108109,5.344185653,-0.214452784,1.554445309,-0.125266026
1.937000,2.702767180,0.646691890,5.689732843,-0.211548935,1.607806469,-0.114438587
1.938000,2.995551686,0.721215232,6.013380262,-0.212656572,1.651709512,-0.102753244
1.939000,3.263874170,0.801798675,6.290728587,-0.214582488,1.688711264,-0.090819811
1.940000,3.502345379,0.841088458,6.509537894,-0.213987355,1.714807825,-0.079515069
1.941000,3.687224876,0.838704132,6.718127373,-0.212371712,1.732617553,-0.069049954
1.942000,3.821259970,0.775557143,6.906755236,-0.208693043,1.744898415,-0.059770990
1.943000,3.895222069,0.652024773,7.039628136,-0.202848114,1.748740272,-0.052308431
1.944000,3.930198937,0.510255827,7.151015887,-0.195840468,1.747951635,-0.045311440
1.945000,3.882005703,0.351357532,7.246333760,-0.188890773,1.739544658,-0.038916656
1.946000,3.770668027,0.218327962,7.301572422,-0.182277049,1.722752642,-0.031671884
1.947000,3.651178049,0.102407833,7.345118651,-0.175682472,1.702724220,-0.023596909
1.948000,3.491803497,0.024277826,7.401400001,-0.167238379,1.675031532,-0.013400272
1.949000,3.316587551,-0.013409559,7.447056950,-0.159020661,1.642659554,0.000254571
1.950000,3.151281454,0.015508427,7.490985439,-0.152963863,1.606277793,0.015626551
1.951000,3.053094447,0.057346661,7.505985152,-0.147322200,1.571183219,0.029262611
1.952000,2.969218082,0.095964917,7.513547034,-0.141622953,1.535379685,0.042530293
1.953000,2.948102463,0.136227516,7.503201963,-0.135054732,1.497905026,0.056758133
1.954000,2.950300442,0.158225057,7.493803379,-0.127637108,1.459267739,0.070024355
1.955000,3.020746484,0.124141325,7.491583709,-0.116228409,1.418929046,0.081371065
1.956000,3.096807157,0.070424336,7.496632973,-0.103364647,1.376849516,0.092710318
1.957000,3.170136155,-0.003699562,7.517029897,-0.089736067,1.329628058,0.105267707
1.958000,3.192392069,-0.067400332,7.542033249,-0.078757429,1.273812617,0.118552302
1.959000,3.159754905,-0.098292599,7.564404909,-0.070743495,1.212753669,0.131666209
1.960000,3.017836383,-0.065440981,7.594146931,-0.068140942,1.143239840,0.146700032
1.961000,2.768457503,0.042987370,7.591961794,-0.071681949,1.068950504,0.162287340
1.962000,2.437853742,0.174271905,7.582715893,-0.079709589,0.990014622,0.177295764
1.963000,2.032257388,0.326043221,7.543095425,-0.090598819,0.907946942,0.193082990
1.964000,1.610681926,0.446744751,7.480673048,-0.101267967,0.825791513,0.208772607
1.965000,1.174408232,0.513771824,7.376130919,-0.111895188,0.743617440,0.222786541
1.966000,0.755405313,0.510356413,7.274154949,-0.117990597,0.661264009,0.233314471
1.967000,0.384447143,0.474783535,7.183280612,-0.120399832,0.579939724,0.241924866
1.968000,0.049513517,0.399075855,7.118065470,-0.118714778,0.499944707,0.246302435
1.969000,-0.244165300,0.345186393,7.026917686,-0.113966579,0.423853308,0.248837201
1.970000,-0.461140705,0.266685829,6.885013341,-0.099272441,0.353746671,0.248620277
1.971000,-0.609804098,0.129659385,6.710231463,-0.073970033,0.291488833,0.248184625
1.972000,-0.718358402,-0.055208751,6.538966166,-0.040717417,0.234232699,0.248625962
1.973000,-0.754259594,-0.281559004,6.365687017,0.002130139,0.185599278,0.253348142
1.974000,-0.769338310,-0.529462623,6.245865513,0.046281389,0.141064867,0.260820441
1.975000,-0.774473120,-0.737464127,6.232248453,0.087026179,0.100010113,0.271450018
1.976000,-0.752403976,-0.826704938,6.259657627,0.109492881,0.069491818,0.286125781
1.977000,-0.683914011,-0.834803946,6.259295696,0.123322383,0.047568867,0.300034399
1.978000,-0.553934436,-0.729361567,6.182278786,0.118507458,0.040214439,0.309458110
1.979000,-0.336816073,-0.595652123,6.053390891,0.103210614,0.044503602,0.317102556
1.980000,-0.004843757,-0.460306194,5.795949189,0.078548725,0.064593011,0.322655249
1.981000,0.391586022,-0.376822339,5.472126137,0.055585544,0.091160877,0.321324283
1.982000,0.833007355,-0.327806676,5.131920575,0.034418867,0.120544847,0.314445444
1.983000,1.293517985,-0.373613090,4.875680448,0.019693548,0.150613763,0.307548992
1.984000,1.710266733,-0.446094836,4.624525712,0.009396267,0.179974475,0.297060473
1.985000,2.024711846,-0.584442484,4.458348254,0.010276660,0.204923714,0.281218002
1.986000,2.223055336,-0.766136192,4.375912724,0.018080749,0.223602499,0.266312676
1.987000,2.315464152,-0.966999210,4.317983209,0.028165197,0.239055788,0.249544437
1.988000,2.246402773,-1.167285148,4.273132111,0.042835722,0.247852406,0.230841140
1.989000,2.103318238,-1.377402059,4.273471283,0.059137758,0.254188277,0.213259972
1.990000,1.866547372,-1.507233752,4.357735209,0.068821197,0.256681030,0.197621199
1.991000,1.639624132,-1.538097005,4.463152676,0.068188792,0.262965352,0.186127252
1.992000,1.455257974,-1.480175726,4.605018315,0.059748606,0.270018430,0.179393875
1.993000,1.288709700,-1.340745558,4.791337128,0.039880894,0.281318575,0.175383123
1.994000,1.133152522,-1.172303509,5.001519614,0.010916354,0.296676711,0.168669618
1.995000,0.998793096,-0.947399257,5.204688079,-0.026154344,0.314558501,0.158242217
1.996000,0.822128060,-0.810703287,5.392514135,-0.055378175,0.332208889,0.140899340
1.997000,0.633926612,-0.702533558,5.582897618,-0.080659403,0.349886307,0.119224390
1.998000,0.437948560,-0.652524381,5.817342910,-0.093162337,0.371300139,0.092327195
1.999000,0.241439656,-0.633001282,6.017141773,-0.095302146,0.397800817,0.066757569
2.000000,0.098385393,-0.706246235,6.256462785,-0.077051012,0.437211014,0.048011630
2.001000,0.032156083,-0.775605659,6.509900621,-0.048337641,0.489799520,0.035674101
2.002000,0.044309644,-0.866677115,6.766936863,-0.013502652,0.553991618,0.027417360
2.003000,0.132139261,-0.936980923,6.999529569,0.022182606,0.631589999,0.028697534
2.004000,0.296787135,-1.000866400,7.266714377,0.057017653,0.717186334,0.034128866
2.005000,0.565107289,-1.023804376,7.487950686,0.086277673,0.812592519,0.043194089
2.006000,0.900675214,-0.957401321,7.682347669,0.104076966,0.912022619,0.057435507
2.007000,1.283084977,-0.845429708,7.865766929,0.117213061,1.012650799,0.072652491
2.008000,1.705212595,-0.684555910,8.058451935,0.124362007,1.112888470,0.085414989
2.009000,2.051331955,-0.461535685,8.250444320,0.124713957,1.208086976,0.099071787
2.010000,2.365621351,-0.209902151,8.468688621,0.123127494,1.302264008,0.111414906
2.011000,2.630311116,-0.022032385,8.714325908,0.122177983,1.394252496,0.120172066
2.012000,2.837975321,0.127134003,9.001657669,0.119345632,1.484952974,0.125665330
2.013000,3.008914165,0.216892952,9.315746654,0.117037570,1.575518680,0.128627260
2.014000,3.182646194,0.226240228,9.637640548,0.116685682,1.668209524,0.130070353
2.015000,3.367762670,0.156837099,10.001329992,0.119924369,1.763766008,0.128115363
2.016000,3.549774790,0.031394026,10.394811348,0.129485763,1.860194391,0.126650417
2.017000,3.737082073,-0.149259614,10.797105919,0.145597927,1.957380653,0.126205810
2.018000,3.905085247,-0.357392918,11.184721170,0.166185111,2.054801900,0.125373384
2.019000,4.075942941,-0.572467553,11.511625719,0.189722098,2.152502617,0.124816254
2.020000,4.214587667,-0.804520381,11.793926535,0.214242305,2.251662661,0.124784367
2.021000,4.370619455,-0.989276311,11.985296740,0.236257204,2.354745554,0.123273883
2.022000,4.556901404,-1.099766937,12.088822854,0.255965362,2.461328142,0.122646261
2.023000,4.762656955,-1.173737388,12.153841283,0.271620244,2.571016533,0.121439869
2.024000,5.068382665,-1.165781174,12.222542908,0.282968638,2.687743209,0.121098318
2.025000,5.503538041,-0.989625990,12.293971360,0.285613376,2.807819069,0.122015685
2.026000,6.042991305,-0.751562808,12.401501580,0.282523948,2.932306740,0.124325302
2.027000,6.613874241,-0.491661793,12.539283026,0.273539210,3.056532493,0.126957984
2.028000,7.283240717,-0.221860057,12.608440307,0.262901537,3.183560354,0.131194021
2.029000,8.009606111,-0.010771537,12.666736648,0.251112608,3.312291716,0.136039409
2.030000,8.764550027,0.108195879,12.708023677,0.240765572,3.446185679,0.140535840
2.031000,9.461734906,0.086926737,12.731389972,0.237113087,3.576385111,0.145900980
2.032000,10.117350795,0.032116237,12.778963984,0.235340504,3.702754410,0.152554361
2.033000,10.620306568,-0.086640940,12.862764488,0.234833618,3.814556827,0.159184657
2.034000,11.026356535,-0.223148530,12.957066266,0.234853853,3.916505794,0.166084094
2.035000,11.311922565,-0.362132522,13.078281246,0.235575225,4.006433816,0.174259353
2.036000,11.432203421,-0.427610731,13.212209246,0.233903114,4.083307185,0.180146740
2.037000,11.481351532,-0.442782369,13.350791193,0.229716767,4.155403788,0.184904205
2.038000,11.394549736,-0.378055906,13.511935666,0.224447920,4.218405815,0.191106954
2.039000,11.258023977,-0.305069192,13.663931271,0.219945860,4.277350641,0.198309199
2.040000,11.077938955,-0.240450901,13.782501640,0.214264513,4.333019842,0.207283302
2.041000,10.934338136,-0.236951202,13.876674366,0.210267302,4.386637887,0.217258105
2.042000,10.838483909,-0.301596014,13.933290564,0.208574697,4.436668801,0.224702073
2.043000,10.768813020,-0.481846320,13.989674803,0.209762189,4.481503543,0.226506717
2.044000,10.708034763,-0.662326300,14.066865030,0.209636319,4.521595966,0.218237190
2.045000,10.676584436,-0.846411207,14.182065917,0.209870660,4.556696308,0.199545818
2.046000,10.613698489,-0.963799177,14.353507402,0.210055421,4.587352948,0.179182802
2.047000,10.544516458,-1.044152633,14.549812645,0.209737710,4.616183055,0.157188367
2.048000,10.525753805,-0.974311726,14.731438809,0.205504177,4.644547829,0.128462188
2.049000,10.540492073,-0.869296181,14.907468443,0.205705440,4.672487335,0.107379176
2.050000,10.563189886,-0.740506453,15.063763852,0.208069874,4.697280244,0.091590827
2.051000,10.600169504,-0.654302657,15.137963218,0.210855182,4.717813571,0.075034259
2.052000,10.601688314,-0.568520701,15.181342169,0.211972790,4.732833084,0.053969660
2.053000,10.569225101,-0.594088794,15.217415483,0.216444480,4.736759758,0.040903873
2.054000,10.427696931,-0.622966626,15.210789800,0.214265143,4.727751664,0.022613881
2.055000,10.179412079,-0.661860384,15.160856142,0.209074132,4.708518647,0.002791155
2.056000,9.893595824,-0.721556993,15.115412027,0.204885296,4.682118288,-0.014723398
2.057000,9.584428817,-0.780406222,15.070589677,0.201185396,4.651873969,-0.029434092
2.058000,9.148776054,-0.778198972,14.968692914,0.194776467,4.609796873,-0.047757277
2.059000,8.709285364,-0.751713985,14.858137637,0.191261879,4.564474795,-0.065682051
2.060000,8.296958691,-0.732533104,14.746373346,0.191808302,4.512615634,-0.087048436
2.061000,7.837014662,-0.634398349,14.628466626,0.189416019,4.455008165,-0.110980144
2.062000,7.406560862,-0.523415590,14.507750060,0.186795402,4.394780153,-0.134761032
2.063000,7.081519938,-0.464429187,14.393809368,0.187518012,4.334423406,-0.157922590
2.064000,6.815145637,-0.389109616,14.259973652,0.186966530,4.273268442,-0.180272663
2.065000,6.625446313,-0.324206987,14.099472523,0.184589430,4.211885294,-0.199641276
2.066000,6.479437709,-0.344639890,13.895779593,0.185567035,4.144552304,-0.214899619
2.067000,6.326960725,-0.414916218,13.665923692,0.188843639,4.074384191,-0.230083550
2.068000,6.159588973,-0.473174687,13.386375546,0.192389209,3.996243472,-0.238413851
2.069000,5.970450795,-0.522864074,13.116567317,0.194390386,3.912913415,-0.243444123
2.070000,5.690723750,-0.526312775,12.854638548,0.194357035,3.817511169,-0.244753102
2.071000,5.384980485,-0.392248435,12.641993174,0.186602887,3.718165259,-0.245322290
2.072000,5.048578436,-0.243117639,12.417547685,0.179071745,3.614836037,-0.245303152
2.073000,4.611630577,-0.046588761,12.211954566,0.167761168,3.499203343,-0.244419817
2.074000,4.148238007,0.077199875,11.953296784,0.161875410,3.378646179,-0.242774651
2.075000,3.653226159,0.146582857,11.666229560,0.160007464,3.250653861,-0.241560672
2.076000,3.105366612,0.140173027,11.326665651,0.161951055,3.115031196,-0.239963610
2.077000,2.608714568,0.134276041,10.983581747,0.162682540,2.981257356,-0.236794212
2.078000,2.172191820,0.027849074,10.566849159,0.169577853,2.849478755,-0.235520371
2.079000,1.783606263,-0.072460790,10.124889845,0.174931366,2.716332250,-0.235242551
2.080000,1.465596203,-0.127715335,9.638329424,0.174741333,2.584591779,-0.237289222
2.081000,1.196644496,-0.189600681,9.091856069,0.176510391,2.452563278,-0.241282172
2.082000,0.910409650,-0.242975486,8.513016327,0.178354205,2.316229428,-0.249698183
2.083000,0.656945551,-0.206529927,7.969209621,0.172807181,2.179287706,-0.261086420
2.084000,0.428018734,-0.124190921,7.399074478,0.162744820,2.039586836,-0.275537455
2.085000,0.208190541,-0.028530982,6.848132638,0.151518155,1.900884683,-0.290957200
2.086000,-0.017359379,0.127083491,6.331937952,0.133093365,1.762494408,-0.303631612
2.087000,-0.246108404,0.271928973,5.839534056,0.113984284,1.626756231,-0.311632233
2.088000,-0.495341667,0.412381151,5.269694590,0.094398383,1.489769839,-0.315644369
2.089000,-0.750126542,0.547516180,4.703916645,0.074501574,1.354215530,-0.318882783
2.090000,-1.031358314,0.652722811,4.105707691,0.058054573,1.215561571,-0.319248935
2.091000,-1.342865179,0.701226236,3.464874261,0.049612671,1.070347727,-0.320792088
2.092000,-1.670652252,0.716983399,2.838951239,0.046450036,0.922530498,-0.321784196
2.093000,-2.002884751,0.655345342,2.271609834,0.051077209,0.775640817,-0.322343335
2.094000,-2.338948095,0.598003658,1.757083122,0.056348449,0.630321954,-0.323338423
2.095000,-2.667836635,0.552498443,1.288296988,0.061528068,0.489437321,-0.325147775
2.096000,-2.980415495,0.460842087,0.819288008,0.068896200,0.352555445,-0.325565260
2.097000,-3.267743117,0.384267658,0.342404710,0.074175013,0.219475301,-0.325917042
2.098000,-3.535506417,0.359278935,-0.104723172,0.075937116,0.090475905,-0.326136733
2.099000,-3.758728887,0.356916160,-0.542075795,0.074248810,-0.035313672,-0.325003352
2.100000,-3.904182327,0.358301586,-1.015301308,0.070104875,-0.156685340,-0.325955003
2.101000,-3.980157681,0.422614666,-1.503906761,0.063675924,-0.270021676,-0.325611284
2.102000,-4.032563728,0.480643309,-1.985095882,0.058515460,-0.379396759,-0.324502899
2.103000,-3.965409859,0.544718472,-2.477584826,0.052328008,-0.478001488,-0.322099296
2.104000,-3.792680178,0.610799831,-2.994322663,0.046600713,-0.567562063,-0.318750177
2.105000,-3.521893040,0.682820971,-3.513540812,0.039692476,-0.647928865,-0.310822833
2.106000,-3.200316887,0.730911944,-4.044168504,0.031285269,-0.723140599,-0.300414889
2.107000,-2.836293768,0.765756828,-4.595823550,0.021644245,-0.795289875,-0.287638345
2.108000,-2.488020728,0.764676490,-5.128817601,0.010394821,-0.863865485,-0.271369236
2.109000,-2.159062101,0.730629548,-5.637022052,0.000747639,-0.929242286,-0.253972748
2.110000,-1.853881887,0.676513938,-6.093187696,-0.007999794,-0.989695274,-0.235510675
2.111000,-1.599468293,0.590034086,-6.518476642,-0.013379005,-1.049234612,-0.216131984
2.112000,-1.375356770,0.500314883,-6.900430551,-0.016840397,-1.105367002,-0.194923856
2.113000,-1.172994139,0.408568697,-7.232604785,-0.015692425,-1.156772757,-0.173160489
2.114000,-0.978655770,0.325856853,-7.531338074,-0.013061824,-1.203768669,-0.150087641
2.115000,-0.795856067,0.232319804,-7.817859086,-0.007628190,-1.244554012,-0.125380984
2.116000,-0.587510570,0.172513155,-8.082440661,-0.003263117,-1.280276146,-0.100259382
2.117000,-0.355331641,0.110673513,-8.333559549,0.001585143,-1.308559817,-0.074572006
2.118000,-0.070105408,0.030500890,-8.592389859,0.007032455,-1.327289513,-0.048175035
2.119000,0.245400206,-0.062413794,-8.851465809,0.012512378,-1.340714669,-0.022193107
2.120000,0.603597874,-0.144070449,-9.099793378,0.016344000,-1.346617380,0.002304168
2.121000,0.965498389,-0.255550761,-9.338465648,0.020641442,-1.348424895,0.025203359
2.122000,1.344145756,-0.357914990,-9.575098373,0.024467860,-1.347186866,0.047964006
2.123000,1.660739440,-0.410061343,-9.783382350,0.023975838,-1.342701096,0.069767478
2.124000,1.932061605,-0.426273987,-9.977830132,0.020197118,-1.335520001,0.090015093
2.125000,2.145193411,-0.428733813,-10.143795174,0.013836201,-1.325838232,0.108620736
2.126000,2.275930868,-0.388196238,-10.272462142,0.005561066,-1.316151456,0.126054426
2.127000,2.356760174,-0.352457232,-10.374182654,-0.003973380,-1.306032472,0.142374644
2.128000,2.365749224,-0.364512432,-10.420428756,-0.012217327,-1.293216161,0.154770849
2.129000,2.302942805,-0.411149920,-10.417092834,-0.017072093,-1.280643663,0.166732619
2.130000,2.135432964,-0.485182371,-10.360688860,-0.017530183,-1.268923949,0.180116192
2.131000,1.903242155,-0.596364811,-10.289630306,-0.015773748,-1.255516540,0.194224855
2.132000,1.627873753,-0.694034173,-10.201645850,-0.013088261,-1.241852769,0.209114308
2.133000,1.267181109,-0.751862006,-10.115816738,-0.006218053,-1.227399460,0.227077916
2.134000,0.886890618,-0.772261911,-10.056036800,0.002921832,-1.209629442,0.246949480
2.135000,0.529344171,-0.738864603,-10.012301792,0.012700768,-1.185756687,0.268657102
2.136000,0.264505385,-0.670967416,-9.980401715,0.024744453,-1.156098670,0.291214387
2.137000,0.045640696,-0.626900599,-9.981034786,0.040959531,-1.122244569,0.314307907
2.138000,0.024951423,-0.589931829,-9.967349316,0.057855152,-1.075101715,0.337742129
2.139000,0.110735769,-0.572907633,-9.924374036,0.074206466,-1.021097537,0.360855851
2.140000,0.322538440,-0.577294004,-9.860163494,0.086749333,-0.960809648,0.382029112
2.141000,0.561569152,-0.600246328,-9.759843990,0.094150230,-0.899143895,0.400665979
2.142000,0.856224150,-0.628493349,-9.626544162,0.094580465,-0.834791176,0.414970151
2.143000,1.081736865,-0.674012393,-9.456752963,0.086420556,-0.775398292,0.423091911
2.144000,1.262438274,-0.681515704,-9.263932125,0.074694717,-0.721294829,0.430556745
2.145000,1.362944783,-0.669961945,-9.041548383,0.059823613,-0.672624042,0.438707059
2.146000,1.412738543,-0.628173137,-8.835682606,0.044103648,-0.626417007,0.450127631
2.147000,1.364649958,-0.514606442,-8.616787972,0.024322723,-0.586240065,0.468568544
2.148000,1.217149336,-0.317937149,-8.427122181,0.003901417,-0.550351862,0.495767957
2.149000,1.040257916,-0.101696845,-8.265656009,-0.016260197,-0.513875480,0.524332308
2.150000,0.853623969,0.076639053,-8.178209263,-0.032133075,-0.475462822,0.549749132
2.151000,0.741471712,0.173773813,-8.095748559,-0.040972691,-0.434040518,0.564689173
2.152000,0.741677462,0.194968255,-8.012539893,-0.042206554,-0.388577155,0.567343821
2.153000,0.998347296,0.072159827,-7.927083633,-0.029459316,-0.331846599,0.550963087
2.154000,1.378700522,-0.115359098,-7.810406876,-0.008692680,-0.270747952,0.523756232
2.155000,1.907151887,-0.333166222,-7.629078507,0.018494653,-0.206476372,0.485853242
2.156000,2.452673400,-0.544829423,-7.445698391,0.045450141,-0.141661910,0.447788253
2.157000,2.952309247,-0.714626953,-7.262279732,0.068778872,-0.081581819,0.409126101
2.158000,3.324089480,-0.741754321,-6.996023141,0.078695648,-0.037714096,0.368649484
2.159000,3.598509458,-0.690112882,-6.721675902,0.080958555,-0.005344352,0.328689850
2.160000,3.740982335,-0.576868827,-6.473148838,0.076925033,0.014229907,0.290712666
2.161000,3.817411363,-0.483156102,-6.265869986,0.073208952,0.027161301,0.255536857
2.162000,3.824027086,-0.350891581,-6.041311350,0.069048753,0.031907769,0.223219675
2.163000,3.701425656,-0.233951489,-5.865896854,0.071278982,0.025275970,0.198227644
2.164000,3.504223132,-0.163966893,-5.729241775,0.077952029,0.012498213,0.178897249
2.165000,3.274952549,-0.142943268,-5.642711338,0.089748289,-0.005487376,0.166877182
2.166000,3.055668971,-0.140218824,-5.577793006,0.106466448,-0.026827738,0.158120301
2.167000,2.833237409,-0.169438675,-5.542366770,0.124077802,-0.050336716,0.151792425
2.168000,2.668145847,-0.220994983,-5.547689459,0.142167015,-0.076586668,0.146167287
2.169000,2.536833330,-0.249962633,-5.581860036,0.158302266,-0.105952304,0.139794221
2.170000,2.428060674,-0.247098432,-5.632078609,0.171193389,-0.138413921,0.128250771
2.171000,2.286055757,-0.264454740,-5.735350501,0.182836212,-0.173946242,0.111163248
2.172000,2.102290090,-0.248407782,-5.909399006,0.193316223,-0.212115005,0.089247963
2.173000,1.877657233,-0.237382521,-6.149806642,0.202353521,-0.255153172,0.061410832
2.174000,1.661133093,-0.246503863,-6.409540370,0.211844181,-0.299605073,0.031533207
2.175000,1.413664452,-0.271218908,-6.699258831,0.220736333,-0.348582489,0.001949757
2.176000,1.207072758,-0.289634264,-6.980434554,0.226604609,-0.399968653,-0.024280133
2.177000,1.022560620,-0.341204160,-7.215647587,0.231938409,-0.453021948,-0.047056035
2.178000,0.930846559,-0.374834754,-7.417868609,0.231968162,-0.505949525,-0.062163322
2.179000,0.914336665,-0.410504665,-7.616386174,0.228543350,-0.559613002,-0.071280443
2.180000,0.972936537,-0.422652231,-7.827487750,0.221463699,-0.611979496,-0.076662376
2.181000,1.083181229,-0.366589201,-8.057000533,0.209367396,-0.662137562,-0.077644711
2.182000,1.205703189,-0.267865761,-8.342478090,0.221670352,-0.719781253,-0.073048785
2.183000,1.313634119,-0.100286476,-8.647984877,0.204085475,-0.768501482,-0.070968851
2.184000,1.420328902,0.070530243,-8.944326714,0.185791764,-0.816533571,-0.065825659
2.185000,1.527356176,0.163569171,-9.240911462,0.170084260,-0.863522748,-0.057871529
2.186000,1.649390409,0.160637425,-9.540598732,0.158489263,-0.911756889,-0.049802777
2.187000,1.815802766,0.085815251,-9.846950039,0.149507275,-0.958975704,-0.041327578
2.188000,2.045909640,-0.038697244,-10.147644873,0.141639090,-1.006168109,-0.032651887
2.189000,2.308978719,-0.190205081,-10.476259579,0.134148932,-1.053909090,-0.024590821
2.190000,2.605039595,-0.297043371,-10.784179432,0.123799785,-1.101976739,-0.015603697
2.191000,2.920828119,-0.299621509,-11.077569039,0.106348714,-1.149575073,-0.006207534
2.192000,3.226934026,-0.246403594,-11.352829379,0.086379824,-1.197512943,0.002409895
2.193000,3.502498893,-0.178113810,-11.630910008,0.064472679,-1.244999367,0.011343048
2.194000,3.715027880,-0.119587798,-11.917323637,0.044343657,-1.292996715,0.018035667
2.195000,3.910788220,-0.121407180,-12.204016129,0.028553937,-1.339635834,0.023237854
2.196000,4.084446917,-0.176179814,-12.504127813,0.018210485,-1.385490232,0.029714224
2.197000,4.276376288,-0.248490080,-12.824967879,0.009462580,-1.428561108,0.038146003
2.198000,4.530320264,-0.311378755,-13.129427121,0.004159974,-1.465955741,0.048060768
2.199000,4.864937051,-0.342854225,-13.405886521,-0.000422404,-1.497470061,0.060505539
2.200000,5.229283397,-0.363811865,-13.651198640,-0.003330369,-1.524666215,0.073582040
2.201000,5.603599366,-0.405728899,-13.839815026,-0.006494393,-1.549705889,0.082135507
2.202000,5.969459935,-0.457360129,-13.944488282,-0.010818481,-1.574406891,0.087317952
2.203000,6.249246382,-0.522393081,-13.937601671,-0.019710746,-1.602284373,0.083552636
2.204000,6.465301685,-0.583783688,-13.897356867,-0.029944337,-1.631783802,0.075867353
2.205000,6.477573332,-0.621635365,-13.793992664,-0.043505903,-1.668103054,0.060667290
2.206000,6.393758603,-0.632309324,-13.696694023,-0.056802365,-1.706979829,0.043586598
2.207000,6.227855940,-0.646563811,-13.620639145,-0.068471902,-1.748669953,0.024896865
2.208000,5.951526121,-0.693936222,-13.571429229,-0.073599832,-1.793008249,0.006957539
2.209000,5.642056989,-0.756794838,-13.513433964,-0.075946742,-1.837082433,-0.009305683
2.210000,5.277971441,-0.840542378,-13.427095184,-0.075935993,-1.878701271,-0.023634929
2.211000,4.952876933,-0.911757326,-13.320261357,-0.075330312,-1.914648758,-0.032643657
2.212000,4.641525427,-0.958750309,-13.183609560,-0.075117714,-1.947187811,-0.037859926
2.213000,4.323596470,-0.933407848,-12.987966641,-0.077672777,-1.974295867,-0.037993834
2.214000,4.038587380,-0.841410544,-12.755971509,-0.083099049,-1.994669119,-0.034643235
2.215000,3.747424742,-0.719380361,-12.485588519,-0.091661366,-2.011989064,-0.028976844
2.216000,3.379211118,-0.588815040,-12.170020971,-0.101510101,-2.025770408,-0.024392201
2.217000,2.975657322,-0.451776213,-11.849407135,-0.112279251,-2.037791095,-0.021292415
2.218000,2.514700939,-0.316232974,-11.523413340,-0.124896821,-2.044352970,-0.020768068
2.219000,2.023106981,-0.189470293,-11.195772698,-0.136539043,-2.046565698,-0.022387479
2.220000,1.523967804,-0.064577136,-10.885672274,-0.146519186,-2.042188539,-0.026387908
2.221000,1.098302828,0.051807934,-10.586067058,-0.154453085,-2.027752388,-0.031924539
2.222000,0.756890418,0.146980471,-10.311202679,-0.160799727,-2.004381645,-0.038944605
2.223000,0.451733591,0.209053940,-10.031269969,-0.165200155,-1.976634259,-0.047035122
2.224000,0.239265708,0.221227211,-9.726080185,-0.166546217,-1.937475722,-0.057803234
2.225000,0.132870705,0.208468871,-9.386498377,-0.166269408,-1.889823657,-0.070684963
2.226000,0.061934784,0.169239630,-9.029821398,-0.164451111,-1.839875979,-0.084532035
2.227000,0.036836954,0.080171633,-8.651235042,-0.161289563,-1.785792881,-0.099980126
2.228000,0.032972737,0.026974370,-8.265116967,-0.160624904,-1.729441872,-0.116401980
2.229000,0.000103324,-0.008217232,-7.865890379,-0.160849238,-1.671446103,-0.133146051
2.230000,-0.069597001,-0.014069084,-7.464383439,-0.162578986,-1.614149775,-0.149461828
2.231000,-0.199425593,0.058009290,-7.073409177,-0.166146943,-1.555113081,-0.163520699
2.232000,-0.348607133,0.154909252,-6.690009553,-0.171104278,-1.495199251,-0.176943006
2.233000,-0.471104574,0.235250953,-6.318693469,-0.176377298,-1.430011657,-0.188339372
2.234000,-0.532686691,0.308552426,-5.956915240,-0.181940746,-1.359642753,-0.197914841
2.235000,-0.512306970,0.315979982,-5.619124781,-0.185180236,-1.281435463,-0.205661982
2.236000,-0.420565764,0.276670387,-5.276381588,-0.187602902,-1.197941757,-0.212631805
2.237000,-0.298752070,0.202613665,-4.918391198,-0.188444896,-1.111171811,-0.218987241
2.238000,-0.174562692,0.107998851,-4.531409793,-0.186600832,-1.022204082,-0.223828876
2.239000,-0.052354178,0.010208762,-4.140830999,-0.183829898,-0.932193341,-0.228418898
2.240000,0.061263818,-0.058170221,-3.745189229,-0.181663438,-0.842888175,-0.231563232
2.241000,0.141234773,-0.116172615,-3.351445553,-0.179041756,-0.754794624,-0.234556109
2.242000,0.192203466,-0.134652508,-2.964084033,-0.177516143,-0.668645134,-0.238198720
2.243000,0.225014662,-0.117541665,-2.589584313,-0.177707408,-0.583180154,-0.241653129
2.244000,0.252756526,-0.067000178,-2.214044683,-0.180312160,-0.497788782,-0.245980389
2.245000,0.291948458,0.011451469,-1.822117362,-0.185302522,-0.410734543,-0.251018734
2.246000,0.337298596,0.089145799,-1.437938210,-0.189651175,-0.321214705,-0.253694633
2.247000,0.397743800,0.163994309,-1.061376420,-0.193662513,-0.231517243,-0.255985067
2.248000,0.460023184,0.192994759,-0.678012822,-0.195260538,-0.140074105,-0.259158947
2.249000,0.526436907,0.186917902,-0.305748293,-0.194365557,-0.047094097,-0.261411050
2.250000,0.572527455,0.141033361,0.039232662,-0.189364716,0.043754641,-0.262895689
2.251000,0.593430173,0.075585635,0.395192878,-0.182235872,0.132343972,-0.265191211
2.252000,0.588505230,0.012750568,0.772742919,-0.174445552,0.218110991,-0.268034073
2.253000,0.538639342,0.002465906,1.160779579,-0.168087774,0.298558827,-0.267458782
2.254000,0.426672616,0.040471261,1.575812618,-0.163922766,0.374115318,-0.264786353
2.255000,0.299403605,0.119911238,2.012079538,-0.164307504,0.447991635,-0.260439340
2.256000,0.185797931,0.237386463,2.465764625,-0.169870649,0.523067624,-0.252960300
2.257000,0.071395877,0.407870277,2.878567075,-0.181983094,0.600610373,-0.242410800
2.258000,0.028735545,0.589291858,3.210011605,-0.200742637,0.679900341,-0.232523776
2.259000,0.019323487,0.761700334,3.483527374,-0.220617239,0.761687484,-0.222232658
2.260000,0.046073484,0.933771252,3.688752966,-0.239952449,0.844276519,-0.211321527
2.261000,0.139310688,1.044783665,3.831674700,-0.252705689,0.926897905,-0.202338823
2.262000,0.256203525,1.136339539,3.930627480,-0.262770300,1.009145169,-0.194362933
2.263000,0.415840141,1.142435056,3.991524469,-0.263139195,1.093935822,-0.186933982
2.264000,0.632634510,1.083091900,4.061003222,-0.258053615,1.177461146,-0.179362152
2.265000,0.907284493,0.964914107,4.171030775,-0.249263468,1.259586291,-0.170508245
2.266000,1.215797459,0.845007304,4.341615025,-0.239549800,1.336954573,-0.161554225
2.267000,1.549125713,0.698979260,4.564280265,-0.227997952,1.411234797,-0.152336052
2.268000,1.907456009,0.620766163,4.886155827,-0.220251375,1.476973556,-0.141097618
2.269000,2.259973461,0.610280294,5.228770004,-0.215505052,1.536510533,-0.128899355
2.270000,2.594152053,0.636763738,5.575016950,-0.212348247,1.590314861,-0.117999369
2.271000,2.901249798,0.688742712,5.909751709,-0.211871981,1.638157835,-0.107039312
2.272000,3.178632388,0.780916637,6.207944159,-0.214106283,1.677586316,-0.094430081
2.273000,3.422946718,0.828580829,6.437027710,-0.214207020,1.706323723,-0.083267123
2.274000,3.632436928,0.844328974,6.649265425,-0.213097347,1.727370034,-0.072589532
2.275000,3.783770251,0.803687265,6.850145949,-0.210031074,1.741778004,-0.062510727
2.276000,3.873999434,0.696958773,6.998210348,-0.205014772,1.747883248,-0.054705469
2.277000,3.928736166,0.560862611,7.118563257,-0.198296231,1.749419741,-0.047637643
2.278000,3.901034513,0.403513530,7.215201980,-0.191183237,1.742665594,-0.041024966
2.279000,3.810313839,0.257350999,7.287714966,-0.184342003,1.729216530,-0.034346636
2.280000,3.691376403,0.140281888,7.329287334,-0.178147140,1.709824867,-0.026322381
2.281000,3.547707736,0.043031562,7.383212625,-0.169940946,1.684814586,-0.017313742
2.282000,3.373092806,-0.007762663,7.432897201,-0.161674649,1.654087758,-0.004507264
2.283000,3.204734163,0.004104136,7.476733422,-0.154917232,1.618347126,0.010481532
2.284000,3.082490193,0.045213412,7.501893514,-0.149247363,1.583014545,0.024908712
2.285000,2.994302955,0.081613160,7.514168427,-0.143471873,1.547520566,0.037970409
2.286000,2.949059800,0.126775924,7.508207175,-0.137587486,1.510520019,0.052066756
2.287000,2.946581939,0.155580403,7.494510920,-0.130163791,1.472456338,0.065871461
2.288000,2.994783492,0.136791167,7.492209538,-0.120187349,1.432446927,0.077603037
2.289000,3.071453599,0.088329999,7.494949885,-0.107652568,1.390876026,0.088930567
2.290000,3.148387517,0.021188656,7.508593699,-0.094306619,1.346469676,0.100703534
2.291000,3.190066580,-0.050515551,7.532565562,-0.082001653,1.292989741,0.114285421
2.292000,3.181868325,-0.095319400,7.557668284,-0.072906979,1.234268343,0.127191540
2.293000,3.069033026,-0.078598590,7.582861524,-0.068764252,1.166686214,0.141652728
2.294000,2.866317054,0.003176466,7.591632673,-0.069588187,1.094718489,0.157297405
2.295000,2.554813427,0.128534942,7.586377981,-0.076646440,1.016712012,0.172216156
2.296000,2.175999182,0.275695786,7.561391797,-0.086828607,0.935585068,0.187863107
2.297000,1.749352279,0.415487491,7.505253390,-0.097779346,0.852911376,0.203469123
2.298000,1.323846748,0.497841901,7.415258719,-0.108591135,0.771269062,0.218308519
2.299000,0.890316042,0.519447853,7.311619367,-0.116864161,0.688426932,0.230275576
2.300000,0.502810049,0.488263182,7.210908075,-0.119664530,0.607076296,0.239166245
2.301000,0.157872913,0.428574921,7.140436556,-0.119901454,0.526373497,0.245103715
2.302000,-0.155096728,0.354165231,7.061963835,-0.116038041,0.448303236,0.248357395
2.303000,-0.391503753,0.295663118,6.935050144,-0.104669895,0.376819818,0.248756002
2.304000,-0.568874291,0.182921520,6.765345158,-0.083598177,0.311379857,0.248108895
2.305000,-0.687255531,0.013381613,6.596197573,-0.052881186,0.252756879,0.248408914
2.306000,-0.749436328,-0.202119630,6.421111060,-0.012382617,0.201011338,0.251175267
2.307000,-0.763549111,-0.445344729,6.273424004,0.031346594,0.155397360,0.257963572
2.308000,-0.773956600,-0.670348673,6.233491386,0.073711570,0.113590491,0.267879901
2.309000,-0.767490007,-0.808022292,6.250567599,0.103296652,0.078252150,0.280877386
2.310000,-0.716226570,-0.852974782,6.270020612,0.121032709,0.053031677,0.295897088
2.311000,-0.596576415,-0.770723453,6.209210000,0.121309756,0.041977513,0.306646774
2.312000,-0.428603039,-0.642087248,6.110756863,0.109936451,0.040724659,0.314859136
2.313000,-0.117636909,-0.505487795,5.886395392,0.086924327,0.057482185,0.320772704
2.314000,0.253791529,-0.400211239,5.587893096,0.063193798,0.081870289,0.323004643
2.315000,0.683276082,-0.331472610,5.241681447,0.040676524,0.110666648,0.316541237
2.316000,1.134255268,-0.353171265,4.962579443,0.024161362,0.140289025,0.310400443
2.317000,1.591963887,-0.420377357,4.704297639,0.011868667,0.170958816,0.301094673
2.318000,1.925686751,-0.533201595,4.508551342,0.009284494,0.197078980,0.286583009
2.319000,2.174701150,-0.697971356,4.393762641,0.014783171,0.217888173,0.271536063
2.320000,2.302212184,-0.909077228,4.339872926,0.024961007,0.234635311,0.255199455
2.321000,2.278391870,-1.095846169,4.279587036,0.037136812,0.245451743,0.237197275
2.322000,2.169401438,-1.311452402,4.264816956,0.054246778,0.252476416,0.218697875
2.323000,1.940869166,-1.470333198,4.325088489,0.066122464,0.255561772,0.202627961
2.324000,1.713242815,-1.540930606,4.425036381,0.069677519,0.260641798,0.189297148
2.325000,1.509631418,-1.500229616,4.559191608,0.062736278,0.267296955,0.181655437
2.326000,1.343284022,-1.392652978,4.726193244,0.048097404,0.276852806,0.176347054
2.327000,1.182740925,-1.233816138,4.928744901,0.021758650,0.291150045,0.171732148
2.328000,1.048830592,-1.016456625,5.140759992,-0.014391159,0.308555283,0.162021069
2.329000,0.887031207,-0.851393243,5.329913195,-0.046122684,0.326596922,0.147538141
2.330000,0.694246752,-0.731975441,5.517772577,-0.073267058,0.343684049,0.127044264
2.331000,0.504580406,-0.665681751,5.742570740,-0.090690260,0.363606020,0.101433303
2.332000,0.305742244,-0.631564473,5.953123710,-0.096242367,0.387947902,0.074814305
2.333000,0.143641164,-0.685266869,6.174390196,-0.084050938,0.423378794,0.053464523
2.334000,0.038203488,-0.748040205,6.422513935,-0.059286707,0.470070043,0.039193399
2.335000,0.037596663,-0.838909402,6.687906804,-0.024683789,0.531644669,0.029247969
2.336000,0.089411492,-0.916297816,6.917282385,0.009900792,0.603972609,0.027211635
2.337000,0.230926475,-0.981842361,7.172362090,0.046028708,0.687638566,0.031822785
2.338000,0.474908609,-1.019109086,7.416738856,0.076767464,0.780699258,0.040040804
2.339000,0.784102282,-0.992749605,7.619588350,0.099443494,0.878941922,0.052160756
2.340000,1.146789903,-0.885572310,7.806100628,0.113151016,0.978795307,0.067812930
2.341000,1.566093087,-0.742819800,7.992675540,0.122563492,1.079877907,0.081258313
2.342000,1.944415649,-0.543913400,8.184664878,0.125187607,1.176760117,0.094590301
2.343000,2.260291442,-0.294502188,8.395170232,0.123671819,1.270818249,0.107287865
2.344000,2.549296763,-0.075152629,8.630163890,0.122334273,1.363730626,0.117708218
2.345000,2.773091803,0.082699384,8.895825576,0.120228787,1.454793757,0.124309503
2.346000,2.955076505,0.193964207,9.216914905,0.117857877,1.545220487,0.127704367
2.347000,3.120068180,0.237875634,9.521630340,0.116289455,1.636671050,0.129973466
2.348000,3.306538043,0.182778084,9.879682263,0.118731616,1.731908853,0.128921625
2.349000,3.488344579,0.081407270,10.260627536,0.125168351,1.828142939,0.126861435
2.350000,3.677819098,-0.085463028,10.662329459,0.139839769,1.924845428,0.126327017
2.351000,3.847235564,-0.287095790,11.060590810,0.158509876,2.022478833,0.125396629
2.352000,4.020136768,-0.499978866,11.411731905,0.181809078,2.119753910,0.125127003
2.353000,4.171235745,-0.728543166,11.701808992,0.205973807,2.218653586,0.124595945
2.354000,4.313059248,-0.939774112,11.938922631,0.229414338,2.319743945,0.123870802
2.355000,4.493145336,-1.068254412,12.061160456,0.249846993,2.425382843,0.122850161
2.356000,4.691186221,-1.153643855,12.130035910,0.266915216,2.534172133,0.121745934
2.357000,4.944743638,-1.196782592,12.196177147,0.280781868,2.647673620,0.121041431
2.358000,5.355548527,-1.050393096,12.269641361,0.284813387,2.767791068,0.121685679
2.359000,5.853860008,-0.830279944,12.362518102,0.283930192,2.890220845,0.123510558
2.360000,6.420931317,-0.583693267,12.501401757,0.276898584,3.015224244,0.125963768
2.361000,7.046691621,-0.307679859,12.590427319,0.266885595,3.140918762,0.129872399
2.362000,7.763072489,-0.070797538,12.651055233,0.255101249,3.268892633,0.134314924
2.363000,8.512062875,0.071208103,12.694838628,0.244120818,3.401358097,0.139096406
2.364000,9.237509131,0.097817004,12.721678220,0.237915886,3.533750574,0.143812118
2.365000,9.907862624,0.062188666,12.753475453,0.235626226,3.661396266,0.150188272
2.366000,10.470442011,-0.044113390,12.834870580,0.234777618,3.779135112,0.156807593
2.367000,10.906738097,-0.174223124,12.920736090,0.234712148,3.884060109,0.163747589
2.368000,11.221435635,-0.316039925,13.037012724,0.235296357,3.976953086,0.171434909
2.369000,11.405767951,-0.414825608,13.165947293,0.235039572,4.058606821,0.178588307
2.370000,11.483275543,-0.451215759,13.304716611,0.231540509,4.132604908,0.183258756
2.371000,11.431921512,-0.404845161,13.450517424,0.226134427,4.197975957,0.189252012
2.372000,11.310727202,-0.325880597,13.621562618,0.221289567,4.258537441,0.195396810
2.373000,11.139351293,-0.262885221,13.743432135,0.216261026,4.314437522,0.204276699
2.374000,10.972741017,-0.229824131,13.851756644,0.211268558,4.369023753,0.214012187
2.375000,10.868456272,-0.269210965,13.917196496,0.208704468,4.420442005,0.222332150
2.376000,10.792444146,-0.418592710,13.974637825,0.209744195,4.467059467,0.226898343
2.377000,10.722497051,-0.606876949,14.035151187,0.209836244,4.508957955,0.223345276
2.378000,10.686076680,-0.782272645,14.142986813,0.209563938,4.545124385,0.205710663
2.379000,10.638909048,-0.934369977,14.288472161,0.210016139,4.577736091,0.185934030
2.380000,10.564040810,-1.022088297,14.486341449,0.209993867,4.606548013,0.164878865
2.381000,10.526972491,-1.007152794,14.665895522,0.206262883,4.635063038,0.137152442
2.382000,10.532644175,-0.900092033,14.851452149,0.204525472,4.663752902,0.112343628
2.383000,10.555827847,-0.788240390,15.012668805,0.207577988,4.689044004,0.097206386
2.384000,10.591413734,-0.679131373,15.121295370,0.210160583,4.711727018,0.081249613
2.385000,10.601675163,-0.594637078,15.167837259,0.211487347,4.728005375,0.060925174
2.386000,10.588401565,-0.584588722,15.212204707,0.215679536,4.736938550,0.045925669
2.387000,10.500516064,-0.620388546,15.220768297,0.216380369,4.733074927,0.029810624
2.388000,10.262400158,-0.647605749,15.177918917,0.210736963,4.714978147,0.009302455
2.389000,9.988320273,-0.698740058,15.129770563,0.205921595,4.691562216,-0.009522928
2.390000,9.700997656,-0.761030519,15.085957752,0.202460195,4.663092310,-0.024652158
2.391000,9.299135526,-0.783405272,15.005168594,0.196772396,4.624412545,-0.041373296
2.392000,8.848356926,-0.759337098,14.895948497,0.191629645,4.580012036,-0.059725148
2.393000,8.434920159,-0.739774244,14.783340614,0.191653026,4.529966710,-0.079909917
2.394000,7.989980281,-0.678281656,14.667791842,0.190601854,4.475017645,-0.102930995
2.395000,7.545945179,-0.559382057,14.548268204,0.187652122,4.414831051,-0.126911438
2.396000,7.178477531,-0.483895430,14.431085077,0.187183725,4.354598384,-0.150223799
2.397000,6.891222007,-0.422227174,14.309529232,0.187762365,4.293801929,-0.173837637
2.398000,6.684051725,-0.342991583,14.152011062,0.185473895,4.232323392,-0.193427767
2.399000,6.528766868,-0.320793557,13.972392294,0.184498670,4.167776217,-0.209775050
2.400000,6.380779389,-0.392332557,13.742554191,0.187703764,4.098104479,-0.225148756
2.401000,6.213668733,-0.455830900,13.482139006,0.191690132,4.023062494,-0.236324892
2.402000,6.050436371,-0.508664769,13.199753325,0.193892800,3.942321978,-0.242176008
2.403000,5.788873039,-0.531016716,12.942733105,0.194563085,3.849935415,-0.244468698
2.404000,5.486168095,-0.444352462,12.710626336,0.189462899,3.751576566,-0.245335498
2.405000,5.168450748,-0.295102445,12.490715942,0.181749831,3.649958657,-0.245287303
2.406000,4.762029360,-0.110293181,12.280003558,0.171377185,3.538482493,-0.244956532
2.407000,4.307870675,0.057723664,12.056313499,0.162035923,3.420228393,-0.243298663
2.408000,3.818711805,0.122959278,11.761216828,0.160688322,3.293397492,-0.241956674
2.409000,3.286202678,0.142558451,11.441338618,0.161467489,3.160307802,-0.240538156
2.410000,2.767842739,0.138291828,11.100372244,0.162349834,3.025668895,-0.237799182
2.411000,2.314748199,0.069850583,10.714288762,0.166743464,2.893666466,-0.235798397
2.412000,1.896251453,-0.053632659,10.269151143,0.174669080,2.760523672,-0.235270076
2.413000,1.567976658,-0.110693895,9.806274747,0.174747911,2.628400106,-0.236611505
2.414000,1.286037485,-0.166372434,9.277431326,0.175763361,2.497013867,-0.239560489
2.415000,1.005239092,-0.227328460,8.705423196,0.177925705,2.361707204,-0.246822444
2.416000,0.736964980,-0.228502019,8.163257655,0.175457312,2.225964760,-0.256468503
2.417000,0.503169068,-0.154061383,7.587997211,0.166396683,2.086327462,-0.270382772
2.418000,0.281289208,-0.062873126,7.028414952,0.155585320,1.947028180,-0.285857419
2.419000,0.059071749,0.072097090,6.502049600,0.139557928,1.808419321,-0.299961062
2.420000,-0.169136945,0.224165566,6.004497705,0.120351935,1.671863426,-0.309147706
2.421000,-0.410501510,0.367000944,5.457946829,0.101052620,1.534923013,-0.314513184
2.422000,-0.665021980,0.503141565,4.893190113,0.081089908,1.399463490,-0.317906739
2.423000,-0.930016128,0.624154271,4.313288231,0.062635275,1.262807801,-0.319477040
2.424000,-1.238906370,0.686783183,3.679157113,0.052077384,1.118969992,-0.320095595
2.425000,-1.560376588,0.716178508,3.046253286,0.046986335,0.971859445,-0.321564133
2.426000,-1.889090470,0.676126140,2.459132903,0.049273835,0.824927914,-0.322234824
2.427000,-2.227525041,0.608971830,1.914179579,0.055016868,0.677883486,-0.322917086
2.428000,-2.558123629,0.569816652,1.444703288,0.059625778,0.536188585,-0.324548320
2.429000,-2.880991488,0.492788734,0.976254155,0.066585052,0.397577188,-0.325531120
2.430000,-3.173950508,0.407160973,0.499689659,0.072593546,0.263583101,-0.325690313
2.431000,-3.450151554,0.363024676,0.038938692,0.075991201,0.132957587,-0.326279011
2.432000,-3.696500506,0.355353151,-0.394190323,0.075354902,0.005933860,-0.325486570
2.433000,-3.855699074,0.357344158,-0.856503783,0.071513446,-0.116329345,-0.325557260
2.434000,-3.956758570,0.397653905,-1.340922573,0.065761334,-0.232689689,-0.325816385
2.435000,-4.016590402,0.460961248,-1.824724503,0.060278485,-0.343069756,-0.324908900
2.436000,-4.011373433,0.524988729,-2.307190535,0.054190550,-0.446939612,-0.322889272
2.437000,-3.859830337,0.588493841,-2.820473542,0.048457456,-0.538799840,-0.320248181
2.438000,-3.614893464,0.658152545,-3.339595617,0.042097511,-0.621467285,-0.313677217
2.439000,-3.317433731,0.717343460,-3.865341970,0.034397957,-0.699019606,-0.304143236
2.440000,-2.958172446,0.756298792,-4.410811209,0.024988771,-0.771382344,-0.292306635
2.441000,-2.598726239,0.766395921,-4.952569437,0.014104432,-0.841239351,-0.276926412
2.442000,-2.265931589,0.747865105,-5.478193422,0.003626054,-0.908370375,-0.259946530
2.443000,-1.955608625,0.694552475,-5.941132481,-0.005083983,-0.969544278,-0.241664699
2.444000,-1.677253992,0.621918650,-6.382334467,-0.012089607,-1.029654993,-0.222845839
2.445000,-1.446783804,0.531420061,-6.779516602,-0.015964204,-1.086968099,-0.202014124
2.446000,-1.241661094,0.437683360,-7.125424296,-0.016217939,-1.139975585,-0.180587742
2.447000,-1.041174113,0.353661391,-7.435919461,-0.014352020,-1.189356949,-0.158251522
2.448000,-0.856789302,0.263498820,-7.722352082,-0.009439401,-1.230958898,-0.133616536
2.449000,-0.661220869,0.188899116,-7.996067583,-0.004613687,-1.269618839,-0.108727212
2.450000,-0.436942564,0.131467591,-8.248774293,-0.000109152,-1.299902221,-0.083060052
2.451000,-0.166442006,0.058418433,-8.506702375,0.005147070,-1.321568190,-0.057026386
2.452000,0.132266480,-0.030219996,-8.764918424,0.010787146,-1.337565623,-0.030640467
2.453000,0.484652737,-0.117578517,-9.018013705,0.015077110,-1.344774129,-0.005767192
2.454000,0.843831587,-0.212145438,-9.259523382,0.019079503,-1.348190849,0.017619557
2.455000,1.220089410,-0.325230709,-9.498120379,0.023295782,-1.347651584,0.040391742
2.456000,1.558307678,-0.396247150,-9.713943696,0.024485119,-1.344569245,0.062717685
2.457000,1.852169463,-0.424866086,-9.917670864,0.021974550,-1.338578654,0.083671335
2.458000,2.077503026,-0.428101866,-10.089450180,0.015955072,-1.329012096,0.102462066
2.459000,2.240568430,-0.406223861,-10.233900205,0.008648465,-1.319476729,0.120431988
2.460000,2.335195977,-0.361302833,-10.345950081,-0.000675765,-1.309472514,0.137006805
2.461000,2.368081877,-0.357823421,-10.407403280,-0.009678441,-1.297508874,0.150762899
2.462000,2.344848537,-0.388151222,-10.431416853,-0.016283362,-1.284702221,0.162644846
2.463000,2.192589630,-0.460986465,-10.380831884,-0.017407474,-1.272940589,0.175523668
2.464000,1.988608592,-0.556500221,-10.314300621,-0.016612101,-1.260030174,0.189455951
2.465000,1.725527879,-0.662984457,-10.232277070,-0.014358548,-1.246389284,0.203830084
2.466000,1.396131622,-0.739258567,-10.143474422,-0.008718190,-1.232314933,0.220798994
2.467000,1.011986568,-0.773569944,-10.069977356,-0.000474024,-1.216551324,0.239948183
2.468000,0.648526320,-0.749997039,-10.026880128,0.009441123,-1.193714272,0.261421228
2.469000,0.341054026,-0.695083734,-9.988402314,0.020315364,-1.166814433,0.283700921
2.470000,0.112092619,-0.642219956,-9.979257515,0.035505626,-1.134097468,0.306527487
2.471000,0.015754819,-0.598771566,-9.975932063,0.052032348,-1.091709966,0.330092086
2.472000,0.058696363,-0.571987545,-9.941670226,0.068750613,-1.040554548,0.353242035
2.473000,0.246846348,-0.574976543,-9.882675203,0.082866563,-0.981173743,0.375148503
2.474000,0.472717664,-0.591149566,-9.801128141,0.092977778,-0.920154844,0.395148103
2.475000,0.766905830,-0.613132993,-9.674445929,0.095382750,-0.855549084,0.410886780
2.476000,1.004528403,-0.660434796,-9.511525882,0.089446181,-0.795245741,0.420582733
2.477000,1.222732729,-0.684156029,-9.337101401,0.079431653,-0.737746601,0.428000187
2.478000,1.329442613,-0.673813198,-9.115676297,0.064780648,-0.688847637,0.435990288
2.479000,1.407168348,-0.651597126,-8.901306102,0.049765353,-0.641156395,0.445280647
2.480000,1.383341744,-0.555200683,-8.688399167,0.030954524,-0.599473588,0.462198565
2.481000,1.274600512,-0.393084446,-8.490630960,0.010903361,-0.562063190,0.485789875
2.482000,1.098723775,-0.174190809,-8.304905201,-0.009800280,-0.526665108,0.515363297
2.483000,0.917686292,0.020294372,-8.205834039,-0.027085192,-0.488239416,0.541391629
2.484000,0.765958677,0.149593688,-8.125756019,-0.038858793,-0.448309930,0.561242972
2.485000,0.730470475,0.194138361,-8.038420685,-0.042547167,-0.404277780,0.567167813
2.486000,0.893272386,0.129337700,-7.958256112,-0.035102757,-0.351551831,0.558455772
2.487000,1.226567807,-0.043360679,-7.859826860,-0.017209820,-0.291658741,0.535000533
2.488000,1.724671189,-0.262311074,-7.690309038,0.009457951,-0.228139129,0.498544443
2.489000,2.272113283,-0.474876518,-7.506617445,0.036568058,-0.163150858,0.460470841
2.490000,2.795806071,-0.673735197,-7.333645385,0.062178414,-0.100152075,0.422391703
2.491000,3.211973692,-0.744618941,-7.084737818,0.076418179,-0.051248777,0.381996357
2.492000,3.532649533,-0.722586634,-6.811721909,0.081804393,-0.013192907,0.341731369
2.493000,3.696218046,-0.615748733,-6.554763939,0.078384286,0.007957385,0.303276293
2.494000,3.799283850,-0.510753691,-6.330747244,0.074135030,0.023630686,0.266941447
2.495000,3.830982727,-0.395678003,-6.112708381,0.070113403,0.031132809,0.233599204
2.496000,3.745973985,-0.270945914,-5.921291179,0.069967208,0.028019639,0.206077167
2.497000,3.586345645,-0.175618697,-5.764079698,0.074609912,0.018184683,0.183755809
2.498000,3.352065114,-0.149356635,-5.671200147,0.085722109,0.000608339,0.170822188
2.499000,3.128075049,-0.140919425,-5.597437227,0.100638556,-0.019437865,0.160740045
2.500000,2.904466101,-0.161136166,-5.550280441,0.118247477,-0.042430119,0.153848339
2.501000,2.718658364,-0.198328169,-5.544470181,0.135828470,-0.067524640,0.148054733
2.502000,2.576445147,-0.245420552,-5.564652278,0.153547436,-0.095528144,0.142243295
2.503000,2.463770078,-0.246266422,-5.611440157,0.167113226,-0.127664499,0.132317982
2.504000,2.335432103,-0.260752752,-5.692510517,0.179088925,-0.161827831,0.117583365
2.505000,2.173392053,-0.252478220,-5.847353007,0.189823588,-0.198902085,0.096960157
2.506000,1.950527469,-0.243989848,-6.067453344,0.199644464,-0.240773429,0.070842394
2.507000,1.732455787,-0.239650865,-6.318216191,0.208475580,-0.284447386,0.041814934
2.508000,1.496318159,-0.263491005,-6.599964701,0.218084089,-0.332040124,0.011693474
2.509000,1.271110566,-0.278089885,-6.894346717,0.224779507,-0.382560859,-0.016172073
2.510000,1.079209223,-0.331896895,-7.137667810,0.230801142,-0.435329038,-0.039860919
2.511000,0.945971436,-0.356556490,-7.354383362,0.232251859,-0.488282234,-0.058184160
2.512000,0.910906131,-0.402183619,-7.547975550,0.230337019,-0.541655039,-0.068995860
2.513000,0.952025504,-0.419646794,-7.758628668,0.223904835,-0.594574252,-0.075017619
2.514000,1.045756426,-0.391302796,-7.976089878,0.213655550,-0.645480951,-0.077480227
2.515000,1.155008677,-0.291753039,-8.221816292,0.199249010,-0.695964520,-0.078060420
2.516000,1.281281374,-0.160144382,-8.546489303,0.210096314,-0.752077949,-0.072099523
2.517000,1.381872208,0.016826487,-8.846686803,0.191920342,-0.800855918,-0.068006932
2.518000,1.491952447,0.133292988,-9.141823308,0.175276728,-0.847838726,-0.060525846
2.519000,1.601842029,0.178560965,-9.442032935,0.161760019,-0.895770165,-0.052524007
2.520000,1.756666515,0.111279991,-9.747284344,0.152449041,-0.943199729,-0.044187978
2.521000,1.964643891,0.011950648,-10.041028103,0.143942815,-0.990375363,-0.035509747
2.522000,2.214716905,-0.142950983,-10.366207289,0.136941480,-1.037908773,-0.027307465
2.523000,2.502595447,-0.264947860,-10.682427933,0.127488079,-1.086024639,-0.018742364
2.524000,2.816299922,-0.312381130,-10.980644118,0.112908443,-1.133664293,-0.009304185
2.525000,3.128039157,-0.264977084,-11.259986359,0.093199654,-1.181523956,-0.000519685
2.526000,3.416845168,-0.204889924,-11.536532723,0.071906612,-1.229208019,0.008766804
2.527000,3.655476525,-0.125824364,-11.819677236,0.050354608,-1.276879417,0.016412091
2.528000,3.845173552,-0.117780210,-12.109291118,0.033454600,-1.324198710,0.021452606
2.529000,4.025093927,-0.155706425,-12.400331401,0.021360078,-1.370484116,0.027297130
2.530000,4.199756433,-0.221429120,-12.715069098,0.012024645,-1.414924235,0.035564693
2.531000,4.441147773,-0.291190575,-13.032039767,0.005533324,-1.453966324,0.044279746
2.532000,4.741825052,-0.336981191,-13.317359811,0.001069551,-1.487827583,0.056217412
2.533000,5.108643787,-0.356260383,-13.569743737,-0.002415659,-1.515590758,0.069222703
2.534000,5.477595044,-0.388364428,-13.793066752,-0.005381582,-1.541599258,0.080142890
2.535000,5.852071595,-0.441729737,-13.925854105,-0.008857106,-1.566089431,0.085956176
2.536000,6.164249330,-0.499490457,-13.946873045,-0.016425030,-1.592693421,0.085537099
2.537000,6.405656733,-0.565883301,-13.914774396,-0.026523696,-1.621688652,0.079199228
2.538000,6.481597295,-0.609108027,-13.830798045,-0.038863773,-1.655760991,0.065982698
2.539000,6.438579427,-0.629202542,-13.723684292,-0.052632345,-1.693436593,0.049816556
2.540000,6.297468911,-0.640512793,-13.644079745,-0.065057599,-1.734345163,0.031030789
2.541000,6.047740206,-0.675816734,-13.585370331,-0.072354360,-1.778303863,0.012960512
2.542000,5.753235401,-0.733582675,-13.536605612,-0.075403219,-1.822601244,-0.004280401
2.543000,5.399221308,-0.812440719,-13.456017637,-0.075947484,-1.864861378,-0.018900598
2.544000,5.055985093,-0.893173126,-13.361648584,-0.075494253,-1.903504518,-0.030564568
2.545000,4.745865304,-0.942158423,-13.229958442,-0.075205158,-1.936649080,-0.036214303
2.546000,4.426353653,-0.953267012,-13.060918875,-0.076533776,-1.966032445,-0.038604911
2.547000,4.130449096,-0.874887611,-12.836639237,-0.081062308,-1.988672872,-0.036014932
2.548000,3.844836780,-0.760789182,-12.577107538,-0.088692383,-2.006391508,-0.030818752
2.549000,3.512500908,-0.634428910,-12.277817636,-0.098012945,-2.021412136,-0.025657266
2.550000,3.112856103,-0.498408350,-11.956881718,-0.108582553,-2.034030854,-0.022142416
2.551000,2.673939616,-0.358271566,-11.632461758,-0.120705625,-2.042524941,-0.020696611
2.552000,2.190254945,-0.232707052,-11.303004894,-0.133003699,-2.047336224,-0.021343747
2.553000,1.690347529,-0.106208188,-10.989039082,-0.143192471,-2.043647592,-0.025054432
2.554000,1.224056298,0.018348387,-10.681347745,-0.152283690,-2.034583476,-0.029703509
2.555000,0.870694555,0.115256292,-10.402824138,-0.158684179,-2.012171893,-0.036604583
2.556000,0.542974189,0.198798605,-10.126009838,-0.164453243,-1.987553217,-0.043988309
2.557000,0.297900664,0.223252869,-9.830756979,-0.166345617,-1.951593891,-0.053885324
2.558000,0.165537540,0.212556291,-9.500661997,-0.166398855,-1.905912900,-0.066352181
2.559000,0.077236668,0.187344639,-9.151981378,-0.165278372,-1.857181322,-0.079777601
2.560000,0.042029260,0.107757863,-8.778506434,-0.162175898,-1.803973815,-0.094840726
2.561000,0.034442670,0.042567619,-8.396473542,-0.160654661,-1.748522691,-0.110826850
2.562000,0.016020722,-0.002772130,-7.999953046,-0.160463462,-1.690831653,-0.127541999
2.563000,-0.044631484,-0.012380542,-7.597151354,-0.161968537,-1.633207159,-0.144047518
2.564000,-0.148414116,0.027732985,-7.202719979,-0.164603715,-1.574990162,-0.159004323
2.565000,-0.298505095,0.122288351,-6.816969663,-0.169407450,-1.515242786,-0.172521206
2.566000,-0.439415999,0.210758194,-6.440212857,-0.174497060,-1.452563879,-0.184764671
2.567000,-0.520714872,0.293726215,-6.073763363,-0.180480822,-1.383987121,-0.194965359
2.568000,-0.526555297,0.318796579,-5.732359041,-0.184216606,-1.308031215,-0.203205387
2.569000,-0.460292969,0.296011465,-5.393750719,-0.186949291,-1.226510954,-0.210379169
2.570000,-0.340583078,0.230907492,-5.039851535,-0.188433445,-1.140279241,-0.216962773
2.571000,-0.217460799,0.137835455,-4.662322361,-0.187365794,-1.052019075,-0.222315772
2.572000,-0.090315570,0.040184311,-4.272280725,-0.184718941,-0.962303901,-0.226978562
2.573000,0.023082346,-0.036869019,-3.876958197,-0.182349192,-0.872556325,-0.230553850
2.574000,0.119893744,-0.101954581,-3.479200937,-0.179822058,-0.783911067,-0.233478359
2.575000,0.176403579,-0.129626371,-3.092534795,-0.177970089,-0.697264679,-0.237020992
2.576000,0.215318329,-0.127437893,-2.712856742,-0.177392277,-0.611534706,-0.240410455
2.577000,0.241368386,-0.090072164,-2.342003353,-0.178968310,-0.526497347,-0.244407245
2.578000,0.279238389,-0.013961671,-1.952586091,-0.183686497,-0.439873484,-0.249398268
2.579000,0.320173456,0.065585091,-1.562454762,-0.188472685,-0.351081477,-0.253008668
2.580000,0.377620315,0.139263430,-1.186770784,-0.192357320,-0.261378882,-0.255223021
2.581000,0.436708714,0.186421198,-0.808245376,-0.194849476,-0.170778474,-0.258057009
2.582000,0.506793587,0.194523066,-0.424594909,-0.195205081,-0.077952754,-0.260823169
2.583000,0.557336392,0.156860677,-0.075497825,-0.191107887,0.013526490,-0.262416301
2.584000,0.590827830,0.097010852,0.272500200,-0.184739346,0.103247271,-0.264307295
2.585000,0.590411620,0.031811189,0.645846021,-0.176896756,0.189589630,-0.267165725
2.586000,0.564592184,0.000811968,1.033350488,-0.170267827,0.272518207,-0.268054499
2.587000,0.467622690,0.020310462,1.428933843,-0.164613226,0.349230760,-0.265946226
2.588000,0.341826609,0.093431246,1.866657231,-0.164179258,0.423366196,-0.261888344
2.589000,0.221468136,0.187430323,2.319269762,-0.166632599,0.497449717,-0.256305675
2.590000,0.104603407,0.350950590,2.745053660,-0.177762697,0.574526462,-0.245811335
2.591000,0.039579503,0.527993299,3.100813451,-0.194138621,0.653271939,-0.235914959
2.592000,0.015500370,0.704827106,3.407693023,-0.214038127,0.734098200,-0.225794223
2.593000,0.031479790,0.879843023,3.621723089,-0.233748409,0.816760939,-0.214885384
2.594000,0.104274169,1.011607618,3.791884270,-0.248904744,0.899462964,-0.205096455
2.595000,0.213805198,1.110789819,3.899257587,-0.260278433,0.981527887,-0.197461778
2.596000,0.359713160,1.146617120,3.973188928,-0.263542581,1.065545502,-0.189208754
2.597000,0.549597721,1.115278326,4.033250479,-0.260648567,1.150051030,-0.181951579
2.598000,0.815138711,1.003934298,4.133051757,-0.252180473,1.232257755,-0.173464750
2.599000,1.109029065,0.888595491,4.278121783,-0.243106561,1.311571091,-0.164549339
2.600000,1.436517797,0.744526625,4.481412020,-0.231609878,1.387075602,-0.155484006
2.601000,1.786387277,0.641887784,4.777498886,-0.222596071,1.455647861,-0.145035209
2.602000,2.145760078,0.604137936,5.113120245,-0.216658140,1.517808155,-0.132790183
2.603000,2.482759189,0.627935923,5.459601301,-0.213400516,1.572380085,-0.121632697
2.604000,2.804946439,0.662382374,5.804605341,-0.211474647,1.623842988,-0.110971915
2.605000,3.089853574,0.753687752,6.117008815,-0.213441163,1.665261188,-0.098467177
2.606000,3.342669569,0.815262364,6.364258639,-0.214411098,1.697695462,-0.087046489
2.607000,3.571093153,0.844553413,6.579481198,-0.213599979,1.721477987,-0.076078978
2.608000,3.738301683,0.825341453,6.785258563,-0.211276568,1.737524953,-0.065491874
2.609000,3.852776800,0.741892773,6.956792560,-0.207181430,1.747026224,-0.057102507
2.610000,3.916444703,0.607090773,7.081045924,-0.200681455,1.749597295,-0.049911392
2.611000,3.918511003,0.457565608,7.183329114,-0.193504798,1.745545629,-0.043085816
2.612000,3.847792343,0.304008430,7.268749550,-0.186604748,1.734634386,-0.036669312
2.613000,3.731022215,0.179304925,7.315429878,-0.180212094,1.716288754,-0.028997132
2.614000,3.601733771,0.068163354,7.364308179,-0.172744710,1.694163130,-0.020766318
2.615000,3.430799171,0.005689262,7.417489161,-0.164532903,1.664810680,-0.009149815
2.616000,3.260916784,-0.005026670,7.461778045,-0.156959568,1.630527455,0.005357824
2.617000,3.115514821,0.033579304,7.498438057,-0.151171549,1.594624994,0.020466036
2.618000,3.023698701,0.069479911,7.510076789,-0.145397036,1.559351892,0.033616510
2.619000,2.955603750,0.113234427,7.511608700,-0.139704431,1.523021463,0.047338907
2.620000,2.947145127,0.145679108,7.498196751,-0.132521978,1.485290034,0.061449510
2.621000,2.968747509,0.148811525,7.493111904,-0.124106888,1.445903888,0.073836413
2.622000,3.046100042,0.106235662,7.493266797,-0.111940488,1.404902536,0.085150816
2.623000,3.123140975,0.049932446,7.500160735,-0.098950031,1.362325751,0.096513395
2.624000,3.182293786,-0.029366876,7.524633980,-0.085673235,1.311556852,0.109816137
2.625000,3.194717558,-0.084285112,7.551500937,-0.075513204,1.254635494,0.122819183
2.626000,3.120229669,-0.091756198,7.571576118,-0.069387563,1.190132588,0.136605424
2.627000,2.945560571,-0.033220780,7.593819697,-0.068677980,1.119195127,0.151967649
2.628000,2.661635465,0.085761156,7.589169887,-0.074164195,1.042831258,0.167251748
2.629000,2.310851198,0.225134195,7.574269570,-0.083207754,0.962928928,0.182597570
2.630000,1.888515593,0.376390655,7.524799053,-0.094369030,0.880308815,0.198302873
2.631000,1.469930557,0.473933905,7.451022364,-0.104869621,0.798706289,0.213655442
2.632000,1.029467447,0.523440042,7.343636439,-0.115036366,0.715869283,0.226895095
2.633000,0.625783219,0.499619232,7.240834401,-0.118848394,0.634151494,0.236162483
2.634000,0.267898851,0.455987005,7.162301967,-0.120759094,0.552928246,0.243780483
2.635000,-0.058845879,0.369576788,7.095694383,-0.117528103,0.473515916,0.247501156
2.636000,-0.319455762,0.323856183,6.983809385,-0.109910192,0.400163596,0.248878498
2.637000,-0.519362565,0.228652829,6.824718161,-0.092071786,0.332135784,0.248377595
2.638000,-0.650411685,0.075231138,6.653005681,-0.064034057,0.271745106,0.248341383
2.639000,-0.737059173,-0.128944775,6.478542286,-0.026423967,0.217208923,0.249498456
2.640000,-0.759082860,-0.360998378,6.310262975,0.016642895,0.170187218,0.255521016
2.641000,-0.773832869,-0.601927275,6.235154623,0.060206754,0.127217652,0.264323270
2.642000,-0.776518010,-0.781932186,6.242261841,0.096209864,0.088025312,0.275878122
2.643000,-0.737317946,-0.845387585,6.268747655,0.115689111,0.060731486,0.291374176
2.644000,-0.639446462,-0.804413307,6.235000732,0.122845124,0.044441613,0.303502345
2.645000,-0.508761345,-0.687360961,6.152473425,0.115287212,0.038825236,0.312065742
2.646000,-0.227203639,-0.552452840,5.974969050,0.095458960,0.050626165,0.318848864
2.647000,0.125695903,-0.421794708,5.694458066,0.070563497,0.073134815,0.323858371
2.648000,0.536959189,-0.352469642,5.356639883,0.048032545,0.100895426,0.318915186
2.649000,0.978619983,-0.338814408,5.045485400,0.029159362,0.130227460,0.312713679
2.650000,1.451136680,-0.394864038,4.788904680,0.015329058,0.160928972,0.304622552
2.651000,1.816446502,-0.483260755,4.563329063,0.008714556,0.188505935,0.292000549
2.652000,2.106570862,-0.640825351,4.417230308,0.012221629,0.211745375,0.276142992
2.653000,2.265249287,-0.839203186,4.357070161,0.021568856,0.229243251,0.260693365
2.654000,2.302791834,-1.028110996,4.295713062,0.032111443,0.242557343,0.243433591
2.655000,2.214413675,-1.238724127,4.266677187,0.048534632,0.250253069,0.224485006
2.656000,2.016810349,-1.428115651,4.293266916,0.062686285,0.254942413,0.207770795
2.657000,1.792547316,-1.535724625,4.390922382,0.070423089,0.258413449,0.192879872
2.658000,1.574627775,-1.519163311,4.511172142,0.065462535,0.265131153,0.183891345
2.659000,1.399915636,-1.442260782,4.660830288,0.054860384,0.273164345,0.177671398
2.660000,1.234135379,-1.288838137,4.856481012,0.031664384,0.285784344,0.174419191
2.661000,1.090991557,-1.094380067,5.071139803,-0.001737403,0.302615997,0.165345344
2.662000,0.945231610,-0.890914954,5.266577808,-0.036737281,0.320617564,0.153561532
2.663000,0.757224913,-0.770013330,5.455115074,-0.064633666,0.337820856,0.134260540
2.664000,0.570877394,-0.681563945,5.662042096,-0.086529730,0.356494875,0.110534248
2.665000,0.371316713,-0.639367011,5.892115080,-0.095634413,0.378994258,0.083221086
2.666000,0.186892056,-0.658393152,6.096196282,-0.090496857,0.410015065,0.059677090
2.667000,0.055742533,-0.726699586,6.337664083,-0.069132063,0.452082141,0.043045579
2.668000,0.035796007,-0.808664224,6.600060215,-0.036086345,0.510584644,0.032160854
2.669000,0.057318692,-0.892353587,6.837756572,-0.002226198,0.577937768,0.026924477
2.670000,0.174867030,-0.957664029,7.081776754,0.034464420,0.659207390,0.030183432
2.671000,0.384963301,-1.013825024,7.345461076,0.067206780,0.748822974,0.036935797
2.672000,0.671993770,-1.018401612,7.555087677,0.094015739,0.845705458,0.047246505
2.673000,1.017248146,-0.922053037,7.745106988,0.108710437,0.945103315,0.062710259
2.674000,1.426446402,-0.797792237,7.927536311,0.120397670,1.046588520,0.077003987
2.675000,1.833051441,-0.620305927,8.121012448,0.125180269,1.145174501,0.090055358
2.676000,2.154961533,-0.379102224,8.321651844,0.124216144,1.239372489,0.103160824
2.677000,2.463341239,-0.130401820,8.547253757,0.122534127,1.333077238,0.115053338
2.678000,2.703747677,0.032003461,8.802552338,0.121109709,1.424543782,0.122409415
2.679000,2.898520647,0.165509663,9.112906482,0.118616831,1.514990018,0.126700860
2.680000,3.062751825,0.239821698,9.414578402,0.116217263,1.605816873,0.129550154
2.681000,3.245313416,0.208719069,9.758034534,0.117538863,1.700051699,0.129727888
2.682000,3.427654515,0.124828991,10.126720816,0.121901453,1.795985775,0.127405684
2.683000,3.613885325,-0.025651169,10.526823649,0.134507899,1.892466625,0.126505426
2.684000,3.792169542,-0.217957189,10.929070527,0.151809755,1.989989384,0.125845781
2.685000,3.963391407,-0.427897649,11.307561735,0.173972670,2.087112475,0.125420267
2.686000,4.126926700,-0.651897240,11.608946195,0.197780863,2.185604654,0.124507342
2.687000,4.258729875,-0.881891112,11.884295614,0.222279246,2.285183601,0.124542144
2.688000,4.431861592,-1.028831919,12.023314289,0.243057743,2.390058969,0.123061956
2.689000,4.621606644,-1.130040965,12.113974184,0.261901085,2.497415215,0.122353302
2.690000,4.841275624,-1.193714749,12.177436702,0.276453924,2.608328183,0.121088657
2.691000,5.207559012,-1.111160202,12.245311361,0.284013398,2.727763067,0.121355673
2.692000,5.667196136,-0.909861268,12.323029339,0.285237703,2.848329612,0.122678782
2.693000,6.231967970,-0.667843473,12.450998858,0.279769338,2.973791387,0.125144349
2.694000,6.825483473,-0.398672332,12.567013091,0.270421958,3.098629755,0.128426425
2.695000,7.519796390,-0.136269575,12.627029240,0.258878018,3.226201761,0.132517707
2.696000,8.259884056,0.033425910,12.681330090,0.247517300,3.356579102,0.137644735
2.697000,9.010757889,0.108479591,12.713789842,0.238808134,3.490829243,0.141849207
2.698000,9.685960682,0.076036469,12.741101725,0.236310289,3.619019647,0.147989843
2.699000,10.308528041,-0.007167843,12.804920355,0.235036575,3.742375978,0.154767798
2.700000,10.770171125,-0.129168489,12.890658397,0.234889618,3.849978542,0.161561721
2.701000,11.128380360,-0.270391329,12.996180094,0.235122474,3.947270458,0.168654297
2.702000,11.377919740,-0.400568337,13.119897098,0.236111919,4.033798790,0.177026741
2.703000,11.458638892,-0.440395854,13.258471199,0.232766656,4.108007549,0.181705172
2.704000,11.458715165,-0.424911566,13.399358601,0.227906032,4.176790982,0.187102967
2.705000,11.357177960,-0.351266650,13.573353908,0.222761413,4.238835674,0.192961897
2.706000,11.200763631,-0.285319540,13.704362631,0.218257540,4.295855203,0.201270095
2.707000,11.016889509,-0.224132967,13.821524232,0.212258286,4.351103737,0.210374647
2.708000,10.900002140,-0.248457115,13.898824957,0.209279253,4.403676853,0.219821127
2.709000,10.815370075,-0.357635109,13.954581875,0.209290998,4.452110132,0.226315659
2.710000,10.745181894,-0.545099930,14.004711782,0.209780184,4.495947619,0.226115091
2.711000,10.695568924,-0.718134082,14.103907710,0.209257217,4.533552462,0.211875507
2.712000,10.664910694,-0.907623652,14.224898307,0.210237609,4.568030781,0.192838116
2.713000,10.588869650,-0.992943737,14.419924425,0.210024644,4.596950481,0.172030834
2.714000,10.533863622,-1.029775931,14.606782205,0.207792865,4.625583437,0.146850724
2.715000,10.525665084,-0.941650049,14.796446878,0.204850074,4.654063797,0.119912725
2.716000,10.548465808,-0.835974326,14.961573757,0.207086101,4.680807764,0.102821944
2.717000,10.577725845,-0.701316607,15.102542360,0.209199390,4.704948410,0.086873539
2.718000,10.600922333,-0.624469868,15.152900239,0.211171265,4.722909473,0.067979716
2.719000,10.598435853,-0.572765620,15.198390785,0.214109023,4.735675227,0.050052318
2.720000,10.547374512,-0.603737523,15.222980934,0.217076948,4.736373730,0.035745867
2.721000,10.345388238,-0.633351114,15.194981691,0.212399794,4.721437647,0.015813756
2.722000,10.083562086,-0.677928289,15.144971833,0.207313759,4.700529265,-0.003546380
2.723000,9.799007679,-0.740477888,15.100764363,0.203633045,4.672758585,-0.019720166
2.724000,9.438912110,-0.781329890,15.040909959,0.198761841,4.638309993,-0.035408640
2.725000,8.998416583,-0.772992672,14.932217235,0.192780538,4.595181201,-0.054141259
2.726000,8.572881626,-0.747015384,14.820307882,0.191497750,4.547317787,-0.072771398
2.727000,8.150101267,-0.715965133,14.706502430,0.191705862,4.494514486,-0.094863077
2.728000,7.691479920,-0.596890203,14.588367415,0.188534071,4.434919608,-0.118945791
2.729000,7.285997352,-0.503041733,14.469755162,0.186840694,4.374702050,-0.142512785
2.730000,6.984562344,-0.444962943,14.356533659,0.187852299,4.314248428,-0.165621381
2.731000,6.745701925,-0.363333766,14.205452779,0.186279618,4.252772995,-0.187011213
2.732000,6.577238520,-0.313956568,14.040972624,0.184137875,4.190301198,-0.204804390
2.733000,6.430108549,-0.368486224,13.819166892,0.186635399,4.121328392,-0.220024187
2.734000,6.276095684,-0.435422159,13.580843488,0.190296498,4.049506741,-0.233612559
2.735000,6.105509212,-0.490518473,13.290612085,0.193088286,3.969424449,-0.240502810
2.736000,5.884194056,-0.532618238,13.030570781,0.194646542,3.882067912,-0.244197350
2.737000,5.586250538,-0.496189217,12.777964363,0.192394444,3.784795921,-0.245299857
2.738000,5.277295820,-0.344187756,12.565848332,0.184216240,3.684108667,-0.245291163
2.739000,4.909672757,-0.179517862,12.349920454,0.175327172,3.577264275,-0.245253007
2.740000,4.461231794,0.017115659,12.143905574,0.164145152,3.459924194,-0.243883102
2.741000,3.984099468,0.099243781,11.856117465,0.161375039,3.336132769,-0.242349438
2.742000,3.470875265,0.145816462,11.556512929,0.160828032,3.205784887,-0.240970814
2.743000,2.936604675,0.139232428,11.213518948,0.162150444,3.070350045,-0.238881396
2.744000,2.459023834,0.100518182,10.850727089,0.164769059,2.937234044,-0.236236327
2.745000,2.029635442,-0.014152435,10.419409557,0.172412241,2.805291043,-0.235242345
2.746000,1.675421821,-0.090721420,9.966962464,0.174789655,2.672343805,-0.235871740
2.747000,1.373893676,-0.142698687,9.460268667,0.175034873,2.541110067,-0.238144378
2.748000,1.100941794,-0.208464570,8.898639633,0.177218048,2.407135241,-0.244052308
2.749000,0.822311354,-0.238418832,8.341906645,0.177127821,2.271393766,-0.252850312
2.750000,0.577063106,-0.184273176,7.775488773,0.170124508,2.132611755,-0.265718724
2.751000,0.353939739,-0.095008799,7.212129827,0.159260733,1.993126408,-0.280835410
2.752000,0.135147394,0.015673623,6.674017137,0.146064135,1.854492234,-0.296013283
2.753000,-0.093248162,0.175624529,6.168217829,0.126722650,1.717178917,-0.306389659
2.754000,-0.326954656,0.321478529,5.650497174,0.107487620,1.580670187,-0.313339526
2.755000,-0.580181824,0.457761358,5.081442352,0.087744146,1.444616664,-0.316775554
2.756000,-0.836038374,0.588820570,4.511525209,0.068114454,1.308678176,-0.319385162
2.757000,-1.136519880,0.669664568,3.894121223,0.054919036,1.167436834,-0.319283125
2.758000,-1.451779898,0.710689394,3.254649728,0.048046200,1.021028527,-0.321277195
2.759000,-1.778178372,0.696197301,2.647894959,0.047739351,0.873883249,-0.322051040
2.760000,-2.116699870,0.634482530,2.084230670,0.052883330,0.726360768,-0.322457157
2.761000,-2.449057891,0.585758024,1.600932555,0.057833288,0.583046405,-0.323888516
2.762000,-2.778726305,0.529035311,1.130918328,0.063852715,0.443138483,-0.325507225
2.763000,-3.077183002,0.434001530,0.659488834,0.070744873,0.308069273,-0.325627787
2.764000,-3.365716801,0.373366359,0.188120846,0.075290176,0.175665853,-0.326204248
2.765000,-3.620861281,0.355533195,-0.248385035,0.075883032,0.047994222,-0.325994456
2.766000,-3.806163188,0.357220638,-0.698136659,0.072869482,-0.075867941,-0.325145071
2.767000,-3.931272039,0.372577077,-1.178738250,0.067968352,-0.195001965,-0.326026255
2.768000,-3.998374041,0.441787957,-1.664315632,0.061977205,-0.306545716,-0.325260092
2.769000,-4.028256177,0.502867621,-2.145354638,0.056319587,-0.413741982,-0.323663532
2.770000,-3.917389125,0.563953628,-2.649478251,0.050497317,-0.508985815,-0.321255432
2.771000,-3.705671289,0.633431392,-3.166156325,0.044440430,-0.594792296,-0.316393212
2.772000,-3.424142454,0.701908457,-3.688473287,0.037184440,-0.673944133,-0.307584440
2.773000,-3.080714188,0.744780244,-4.226732107,0.028173202,-0.747293943,-0.296513885
2.774000,-2.715253826,0.767373981,-4.776014475,0.017846746,-0.818600559,-0.282482474
2.775000,-2.377305625,0.762828626,-5.305023826,0.006694769,-0.886484324,-0.265812056
2.776000,-2.057335363,0.712591011,-5.789077267,-0.002168172,-0.949393282,-0.247818724
2.777000,-1.757053210,0.654457409,-6.243852728,-0.010531820,-1.009697195,-0.229412115
2.778000,-1.521370949,0.560783030,-6.650192211,-0.014725382,-1.068132442,-0.209046719
2.779000,-1.308751495,0.468659534,-7.014452804,-0.016678577,-1.122892183,-0.187827986
2.780000,-1.104327184,0.379454035,-7.339785274,-0.015166911,-1.173569929,-0.165733236
2.781000,-0.917722536,0.294677837,-7.626845078,-0.011250613,-1.217363783,-0.141852089
2.782000,-0.731235373,0.204845378,-7.908547157,-0.005998114,-1.257740368,-0.117014274
2.783000,-0.514986575,0.151532380,-8.165614541,-0.001691504,-1.290410668,-0.091684886
2.784000,-0.262773399,0.086302127,-8.421020830,0.003263081,-1.315842882,-0.065878702
2.785000,0.026231190,0.002583346,-8.678077343,0.008917840,-1.333010837,-0.039323685
2.786000,0.365026471,-0.089996156,-8.934739757,0.013794744,-1.342744399,-0.013980149
2.787000,0.722976198,-0.171549128,-9.180304324,0.017570342,-1.347797577,0.010045769
2.788000,1.092793899,-0.290390735,-9.418293014,0.021968612,-1.348038240,0.032797551
2.789000,1.454993652,-0.382178622,-9.644634815,0.024952981,-1.346325174,0.055576776
2.790000,1.763171202,-0.423875536,-9.852821005,0.023466556,-1.340832948,0.076817271
2.791000,2.004782315,-0.427187927,-10.033640156,0.018076095,-1.332266048,0.096238580
2.792000,2.199342271,-0.425884806,-10.193179566,0.011638552,-1.322777485,0.114650393
2.793000,2.305563422,-0.374749536,-10.309206111,0.002442650,-1.312811985,0.131530615
2.794000,2.369980043,-0.351173453,-10.394220196,-0.007131816,-1.301803532,0.146746259
2.795000,2.363416572,-0.371201443,-10.433454232,-0.014756212,-1.288923448,0.158778799
2.796000,2.247766218,-0.436068192,-10.398962359,-0.017239784,-1.276792126,0.171128144
2.797000,2.071171185,-0.512736696,-10.336494098,-0.017513074,-1.264520613,0.184711470
2.798000,1.814385017,-0.629674634,-10.260953688,-0.015066148,-1.250952912,0.199027470
2.799000,1.520640339,-0.723149528,-10.171617066,-0.011095965,-1.237151492,0.214684977
2.800000,1.138230596,-0.764465446,-10.088159054,-0.003717916,-1.222483986,0.233356838
2.801000,0.767708469,-0.761129475,-10.041458464,0.006181477,-1.201671857,0.254185354
2.802000,0.425670222,-0.720389435,-9.999811485,0.016317551,-1.176866940,0.276134549
2.803000,0.188299002,-0.656593686,-9.979829615,0.030125039,-1.145098069,0.298870937
2.804000,0.012288468,-0.608389839,-9.983873889,0.046484084,-1.108032120,0.322421375
2.805000,0.034148027,-0.581092093,-9.958766569,0.063677955,-1.058493464,0.345392172
2.806000,0.171576573,-0.572730031,-9.905094987,0.078959058,-1.001515597,0.368253199
2.807000,0.397362358,-0.581126972,-9.836598765,0.090563810,-0.940482577,0.388890128
2.808000,0.664237491,-0.606689660,-9.717144959,0.094766490,-0.877346490,0.405776380
2.809000,0.927319942,-0.646857199,-9.566298802,0.092471806,-0.815093189,0.418073554
2.810000,1.158691266,-0.683771058,-9.399494733,0.083275290,-0.755670523,0.425655202
2.811000,1.295940444,-0.677664451,-9.189804211,0.069737682,-0.705071233,0.433273516
2.812000,1.395293976,-0.665579016,-8.967587234,0.054859376,-0.656444317,0.441469896
2.813000,1.398040143,-0.591686910,-8.762040887,0.037529086,-0.612945298,0.456163098
2.814000,1.330965692,-0.459136301,-8.553632941,0.017536328,-0.573816297,0.476345753
2.815000,1.159698161,-0.242789851,-8.363613402,-0.003100527,-0.538640533,0.505746040
2.816000,0.981791168,-0.036408719,-8.233624908,-0.022010117,-0.501005908,0.532986217
2.817000,0.802031207,0.117171706,-8.153475332,-0.035930196,-0.462123436,0.556181346
2.818000,0.735971094,0.183956087,-8.067084622,-0.041759929,-0.419159149,0.565928493
2.819000,0.800823512,0.173059544,-7.988669752,-0.039552546,-0.370700047,0.564681817
2.820000,1.103422207,0.014981955,-7.895911154,-0.023815874,-0.312141367,0.543470401
2.821000,1.542190491,-0.191455926,-7.751539569,0.000421248,-0.249801886,0.511235643
2.822000,2.089632585,-0.404021370,-7.567847976,0.027531356,-0.184813615,0.473162042
2.823000,2.623699827,-0.612066792,-7.389295520,0.053777245,-0.120887791,0.435190008
2.824000,3.089450395,-0.737718336,-7.173968168,0.073390012,-0.065512962,0.395624590
2.825000,3.436205268,-0.738889702,-6.907308465,0.080973116,-0.024179415,0.355302612
2.826000,3.647363752,-0.652930808,-6.638219921,0.079671421,0.001306517,0.315983072
2.827000,3.777313709,-0.534936133,-6.395373278,0.075129561,0.019710592,0.278459240
2.828000,3.825383074,-0.441395516,-6.191067748,0.071769334,0.029328889,0.244517516
2.829000,3.790207855,-0.310451282,-5.977084745,0.069037823,0.030456482,0.213979890
2.830000,3.654830189,-0.198757036,-5.810916913,0.072631078,0.022405881,0.190485564
2.831000,3.428144123,-0.156661764,-5.700220961,0.081837069,0.006553276,0.174859719
2.832000,3.199619199,-0.145547044,-5.618873273,0.094978258,-0.012225231,0.163535283
2.833000,2.980067536,-0.150677495,-5.564036724,0.112356963,-0.034628929,0.155984320
2.834000,2.775599766,-0.178783580,-5.543231971,0.129728536,-0.058565242,0.149983510
2.835000,2.617577036,-0.242871924,-5.551167800,0.148464377,-0.085684065,0.144300836
2.836000,2.500301704,-0.248114527,-5.596650096,0.162707746,-0.116808401,0.136056101
2.837000,2.385888412,-0.251562641,-5.656833412,0.175230426,-0.149785050,0.123617828
2.838000,2.239059837,-0.258905983,-5.789252863,0.186475001,-0.186088680,0.104228561
2.839000,2.023397706,-0.250597176,-5.985100046,0.196935408,-0.226393687,0.080273956
2.840000,1.804728035,-0.231670703,-6.232255992,0.205127202,-0.269561744,0.051928127
2.841000,1.582839138,-0.253513560,-6.504670585,0.215056238,-0.315447741,0.021479694
2.842000,1.335837767,-0.274230942,-6.802500619,0.223068989,-0.365388245,-0.007723780
2.843000,1.143140990,-0.310765579,-7.059051182,0.228702875,-0.417648845,-0.032070526
2.844000,0.978718908,-0.346376653,-7.285861717,0.232251156,-0.470639272,-0.053115930
2.845000,0.915721682,-0.393113018,-7.481353855,0.231684465,-0.523616817,-0.066142484
2.846000,0.933181084,-0.415075730,-7.687507421,0.226224093,-0.577093627,-0.073149031
2.847000,1.008144451,-0.413056793,-7.895742176,0.217790959,-0.628873389,-0.077311631
2.848000,1.119094953,-0.329171120,-8.139408413,0.204308203,-0.679051041,-0.077852565
2.849000,1.245632505,-0.218677595,-8.441312764,0.216080243,-0.735736850,-0.072955065
2.850000,1.345986864,-0.040428569,-8.749480451,0.198074635,-0.784925015,-0.069838179
2.851000,1.456276063,0.102128891,-9.043078857,0.180523785,-0.832182921,-0.063176205
2.852000,1.560928974,0.179969985,-9.343118246,0.165643719,-0.879637907,-0.055196875
2.853000,1.703028462,0.135958708,-9.643941538,0.155469152,-0.927478309,-0.046995377
2.854000,1.887395759,0.050973609,-9.943258893,0.146744129,-0.974750355,-0.038376236
2.855000,2.127175390,-0.089345136,-10.254261642,0.139335366,-1.021960855,-0.029794028
2.856000,2.400661905,-0.232071402,-10.580470576,0.131104538,-1.070057055,-0.021871578
2.857000,2.713086460,-0.316142338,-10.883062422,0.119062729,-1.117733481,-0.012349588
2.858000,3.024433638,-0.282299297,-11.168777699,0.099774184,-1.165549514,-0.003363609
2.859000,3.323420366,-0.226752175,-11.443595495,0.079214280,-1.213415605,0.005915696
2.860000,3.581621500,-0.150379114,-11.726347640,0.057210055,-1.260944385,0.013900750
2.861000,3.779558884,-0.114153241,-12.014566107,0.038355262,-1.308761587,0.019667357
2.862000,3.965983974,-0.134844291,-12.298651190,0.024564409,-1.355287533,0.025158152
2.863000,4.138944461,-0.198022277,-12.608999068,0.015051451,-1.400390801,0.032702197
2.864000,4.355091229,-0.270704807,-12.933827325,0.007248469,-1.441817763,0.040770025
2.865000,4.625487475,-0.327963624,-13.225933114,0.002617012,-1.477574183,0.051991647
2.866000,4.988006736,-0.348767191,-13.488268365,-0.001499671,-1.506512438,0.064855295
2.867000,5.349138282,-0.376919619,-13.728483640,-0.004168714,-1.533491972,0.077092354
2.868000,5.728079430,-0.424045400,-13.884822215,-0.007593919,-1.557879667,0.084047639
2.869000,6.073001716,-0.479476460,-13.949818299,-0.013236442,-1.583351129,0.087045187
2.870000,6.334243435,-0.545295705,-13.928330296,-0.022996462,-1.611875325,0.081568173
2.871000,6.485117420,-0.596099662,-13.867602116,-0.034223175,-1.643428467,0.071289121
2.872000,6.462955039,-0.626528870,-13.757811779,-0.048130069,-1.680658749,0.055236589
2.873000,6.345613757,-0.636411059,-13.670386884,-0.060929982,-1.720662496,0.037308693
2.874000,6.142512804,-0.657114731,-13.600080256,-0.071107337,-1.763564591,0.018925454
2.875000,5.856354220,-0.712715066,-13.556559039,-0.074686115,-1.807700879,0.001077020
2.876000,5.520639149,-0.784617779,-13.484725801,-0.075947113,-1.850971906,-0.014103140
2.877000,5.161765758,-0.868389556,-13.395454012,-0.075789772,-1.891705791,-0.027573820
2.878000,4.849371118,-0.926957875,-13.275109899,-0.075267735,-1.925648919,-0.034428980
2.879000,4.536260436,-0.966611373,-13.131071653,-0.075517763,-1.957061758,-0.038810790
2.880000,4.225215562,-0.909500238,-12.914348555,-0.079011891,-1.982149111,-0.037320763
2.881000,3.940670481,-0.802177723,-12.667422939,-0.085732594,-2.000761492,-0.032692640
2.882000,3.635366545,-0.676803180,-12.383877402,-0.094809875,-2.016872962,-0.027194303
2.883000,3.246033611,-0.543611695,-12.063451344,-0.105046327,-2.029900631,-0.023267308
2.884000,2.830917318,-0.402194107,-11.741375214,-0.116417442,-2.040610879,-0.020708150
2.885000,2.355462262,-0.274194383,-11.414364922,-0.129088017,-2.046180998,-0.020839525
2.886000,1.856727255,-0.147839241,-11.092405890,-0.139865757,-2.045106645,-0.023720956
2.887000,1.361905535,-0.022138467,-10.781707301,-0.149696080,-2.039960747,-0.027827772
2.888000,0.984498691,0.083532113,-10.494445598,-0.156568632,-2.019962141,-0.034264561
2.889000,0.648907743,0.175195234,-10.218532448,-0.162819131,-1.996224634,-0.041402163
2.890000,0.367567409,0.218345860,-9.933764413,-0.165828131,-1.964784731,-0.050269827
2.891000,0.198204375,0.216643710,-9.614825618,-0.166528303,-1.922002142,-0.062019399
2.892000,0.099396116,0.203126659,-9.271389582,-0.166097327,-1.873864453,-0.075075667
2.893000,0.051982022,0.138498746,-8.904163916,-0.163313505,-1.821924897,-0.089686381
2.894000,0.034867001,0.059032929,-8.524410498,-0.160751930,-1.767356270,-0.105359299
2.895000,0.028286300,0.010405349,-8.131993845,-0.160467302,-1.710122279,-0.121891358
2.896000,-0.020122850,-0.010169766,-7.730227447,-0.161358563,-1.652266878,-0.138613844
2.897000,-0.107846096,0.001628239,-7.334014966,-0.163329717,-1.594886377,-0.154378854
2.898000,-0.248965344,0.090148821,-6.945189420,-0.167777196,-1.535177934,-0.168020953
2.899000,-0.398724032,0.185414719,-6.564241727,-0.172821346,-1.474418209,-0.180971411
2.900000,-0.500469540,0.260711917,-6.197532205,-0.178327075,-1.407332198,-0.191888949
2.901000,-0.531941345,0.315414009,-5.844210665,-0.183162891,-1.334053376,-0.200665474
2.902000,-0.492493891,0.310504902,-5.506230171,-0.186144321,-1.254400025,-0.208089165
2.903000,-0.380574421,0.253788940,-5.158116562,-0.188018174,-1.169110499,-0.214797289
2.904000,-0.256384301,0.169234342,-4.791601948,-0.188036482,-1.081564697,-0.220849133
2.905000,-0.131740444,0.077174364,-4.400856166,-0.185794700,-0.992364602,-0.225354177
2.906000,-0.015099126,-0.015567817,-4.008727166,-0.183034945,-0.902224476,-0.229544468
2.907000,0.093257206,-0.081728580,-3.611825500,-0.180770972,-0.813398443,-0.232509906
2.908000,0.158819176,-0.122899493,-3.221990174,-0.178505922,-0.726029651,-0.235788550
2.909000,0.205067670,-0.133423904,-2.838447672,-0.177275573,-0.640238925,-0.239223615
2.910000,0.233929317,-0.106674125,-2.466125921,-0.178137732,-0.554792405,-0.242956608
2.911000,0.265997457,-0.040480924,-2.083315387,-0.181999329,-0.468831133,-0.247689328
2.912000,0.305903984,0.038712018,-1.691618951,-0.186933810,-0.380867309,-0.252123174
2.913000,0.357459456,0.114204615,-1.312354497,-0.191004247,-0.291296794,-0.254458827
2.914000,0.415633088,0.178777213,-0.936655367,-0.194426151,-0.201168593,-0.256913058
2.915000,0.485074133,0.198644507,-0.546631971,-0.195661363,-0.109055344,-0.260192117
2.916000,0.542145328,0.172687993,-0.190228312,-0.192851058,-0.016701661,-0.261936913
2.917000,0.584026484,0.118552052,0.153484629,-0.187107788,0.073660476,-0.263533741
2.918000,0.591920896,0.053698412,0.520519450,-0.179566314,0.160966801,-0.266178468
2.919000,0.579644189,0.004825057,0.905323433,-0.172398064,0.245712550,-0.268309979
2.920000,0.507418889,0.005514223,1.289461169,-0.165933232,0.324250225,-0.266766777
2.921000,0.384249612,0.066951254,1.721234924,-0.164051012,0.398740757,-0.263337349
2.922000,0.259371243,0.150062234,2.163216582,-0.164950767,0.472620394,-0.258585292
2.923000,0.145200669,0.294168526,2.605409143,-0.173816673,0.548797043,-0.249385817
2.924000,0.051400316,0.466575955,2.991637441,-0.187618345,0.626731326,-0.239279561
2.925000,0.018530726,0.649707109,3.317441217,-0.207313763,0.706571286,-0.229146917
2.926000,0.025401639,0.820771679,3.552625231,-0.227182824,0.789224211,-0.218559021
2.927000,0.070830837,0.978306917,3.747770616,-0.245093296,0.871941580,-0.208084058
2.928000,0.176557943,1.077786742,3.865466144,-0.256492061,0.954212896,-0.199900300
2.929000,0.303524682,1.150274819,3.954933746,-0.263888284,1.037159114,-0.191516496
2.930000,0.473548454,1.137026748,4.010576522,-0.262620839,1.122271233,-0.184621223
2.931000,0.723886611,1.043513099,4.097027490,-0.255117044,1.204859451,-0.176413451
2.932000,1.006695852,0.926251995,4.221700877,-0.246240623,1.285955920,-0.167493683
2.933000,1.326157628,0.794766965,4.411513522,-0.235579839,1.362015088,-0.158519116
2.934000,1.666107419,0.665142458,4.666787862,-0.225050146,1.433925473,-0.148873587
2.935000,2.028189667,0.602647437,4.996463204,-0.218017227,1.498110216,-0.137067064
2.936000,2.371366325,0.619108109,5.344185653,-0.214452784,1.554445309,-0.125266026
2.937000,2.702767180,0.646691890,5.689732843,-0.211548935,1.607806469,-0.114438587
2.938000,2.995551686,0.721215232,6.013380262,-0.212656572,1.651709512,-0.102753244
2.939000,3.263874170,0.801798675,6.290728587,-0.214582488,1.688711264,-0.090819811
2.940000,3.502345379,0.841088458,6.509537894,-0.213987355,1.714807825,-0.079515069
2.941000,3.687224876,0.838704132,6.718127373,-0.212371712,1.732617553,-0.069049954
2.942000,3.821259970,0.775557143,6.906755236,-0.208693043,1.744898415,-0.059770990
2.943000,3.895222069,0.652024773,7.039628136,-0.202848114,1.748740272,-0.052308431
2.944000,3.930198937,0.510255827,7.151015887,-0.195840468,1.747951635,-0.045311440
2.945000,3.882005703,0.351357532,7.246333760,-0.188890773,1.739544658,-0.038916656
2.946000,3.770668027,0.218327962,7.301572422,-0.182277049,1.722752642,-0.031671884
2.947000,3.651178049,0.102407833,7.345118651,-0.175682472,1.702724220,-0.023596909
2.948000,3.491803497,0.024277826,7.401400001,-0.167238379,1.675031532,-0.013400272
2.949000,3.316587551,-0.013409559,7.447056950,-0.159020661,1.642659554,0.000254571
2.950000,3.151281454,0.015508427,7.490985439,-0.152963863,1.606277793,0.015626551
2.951000,3.053094447,0.057346661,7.505985152,-0.147322200,1.571183219,0.029262611
2.952000,2.969218082,0.095964917,7.513547034,-0.141622953,1.535379685,0.042530293
2.953000,2.948102463,0.136227516,7.503201963,-0.135054732,1.497905026,0.056758133
2.954000,2.950300442,0.158225057,7.493803379,-0.127637108,1.459267739,0.070024355
2.955000,3.020746484,0.124141325,7.491583709,-0.116228409,1.418929046,0.081371065
2.956000,3.096807157,0.070424336,7.496632973,-0.103364647,1.376849516,0.092710318
2.957000,3.170136155,-0.003699562,7.517029897,-0.089736067,1.329628058,0.105267707
2.958000,3.192392069,-0.067400332,7.542033249,-0.078757429,1.273812617,0.118552302
2.959000,3.159754905,-0.098292599,7.564404909,-0.070743495,1.212753669,0.131666209
2.960000,3.017836383,-0.065440981,7.594146931,-0.068140942,1.143239840,0.146700032
2.961000,2.768457503,0.042987370,7.591961794,-0.071681949,1.068950504,0.162287340
2.962000,2.437853742,0.174271905,7.582715893,-0.079709589,0.990014622,0.177295764
2.963000,2.032257388,0.326043221,7.543095425,-0.090598819,0.907946942,0.193082990
2.964000,1.610681926,0.446744751,7.480673048,-0.101267967,0.825791513,0.208772607
2.965000,1.174408232,0.513771824,7.376130919,-0.111895188,0.743617440,0.222786541
2.966000,0.755405313,0.510356413,7.274154949,-0.117990597,0.661264009,0.233314471
2.967000,0.384447143,0.474783535,7.183280612,-0.120399832,0.579939724,0.241924866
2.968000,0.049513517,0.399075855,7.118065470,-0.118714778,0.499944707,0.246302435
2.969000,-0.244165300,0.345186393,7.026917686,-0.113966579,0.423853308,0.248837201
2.970000,-0.461140705,0.266685829,6.885013341,-0.099272441,0.353746671,0.248620277
2.971000,-0.609804098,0.129659385,6.710231463,-0.073970033,0.291488833,0.248184625
2.972000,-0.718358402,-0.055208751,6.538966166,-0.040717417,0.234232699,0.248625962
2.973000,-0.754259594,-0.281559004,6.365687017,0.002130139,0.185599278,0.253348142
2.974000,-0.769338310,-0.529462623,6.245865513,0.046281389,0.141064867,0.260820441
2.975000,-0.774473120,-0.737464127,6.232248453,0.087026179,0.100010113,0.271450018
2.976000,-0.752403976,-0.826704938,6.259657627,0.109492881,0.069491818,0.286125781
2.977000,-0.683914011,-0.834803946,6.259295696,0.123322383,0.047568867,0.300034399
2.978000,-0.553934436,-0.729361567,6.182278786,0.118507458,0.040214439,0.309458110
2.979000,-0.336816073,-0.595652123,6.053390891,0.103210614,0.044503602,0.317102556
2.980000,-0.004843757,-0.460306194,5.795949189,0.078548725,0.064593011,0.322655249
2.981000,0.391586022,-0.376822339,5.472126137,0.055585544,0.091160877,0.321324283
2.982000,0.833007355,-0.327806676,5.131920575,0.034418867,0.120544847,0.314445444
2.983000,1.293517985,-0.373613090,4.875680448,0.019693548,0.150613763,0.307548992
2.984000,1.710266733,-0.446094836,4.624525712,0.009396267,0.179974475,0.297060473
2.985000,2.024711846,-0.584442484,4.458348254,0.010276660,0.204923714,0.281218002
2.986000,2.223055336,-0.766136192,4.375912724,0.018080749,0.223602499,0.266312676
2.987000,2.315464152,-0.966999210,4.317983209,0.028165197,0.239055788,0.249544437
2.988000,2.246402773,-1.167285148,4.273132111,0.042835722,0.247852406,0.230841140
2.989000,2.103318238,-1.377402059,4.273471283,0.059137758,0.254188277,0.213259972
2.990000,1.866547372,-1.507233752,4.357735209,0.068821197,0.256681030,0.197621199
2.991000,1.639624132,-1.538097005,4.463152676,0.068188792,0.262965352,0.186127252
2.992000,1.455257974,-1.480175726,4.605018315,0.059748606,0.270018430,0.179393875
2.993000,1.288709700,-1.340745558,4.791337128,0.039880894,0.281318575,0.175383123
2.994000,1.133152522,-1.172303509,5.001519614,0.010916354,0.296676711,0.168669618
2.995000,0.998793096,-0.947399257,5.204688079,-0.026154344,0.314558501,0.158242217
2.996000,0.822128060,-0.810703287,5.392514135,-0.055378175,0.332208889,0.140899340
2.997000,0.633926612,-0.702533558,5.582897618,-0.080659403,0.349886307,0.119224390
2.998000,0.437948560,-0.652524381,5.817342910,-0.093162337,0.371300139,0.092327195
2.999000,0.241439656,-0.633001282,6.017141773,-0.095302146,0.397800817,0.066757569
3.000000,0.098385393,-0.706246235,6.256462785,-0.077051012,0.437211014,0.048011630
3.001000,0.032156083,-0.775605659,6.509900621,-0.048337641,0.489799520,0.035674101
3.002000,0.044309644,-0.866677115,6.766936863,-0.013502652,0.553991618,0.027417360
3.003000,0.132139261,-0.936980923,6.999529569,0.022182606,0.631589999,0.028697534
3.004000,0.296787135,-1.000866400,7.266714377,0.057017653,0.717186334,0.034128866
3.005000,0.565107289,-1.023804376,7.487950686,0.086277673,0.812592519,0.043194089
3.006000,0.900675214,-0.957401321,7.682347669,0.104076966,0.912022619,0.057435507
3.007000,1.283084977,-0.845429708,7.865766929,0.117213061,1.012650799,0.072652491
3.008000,1.705212595,-0.684555910,8.058451935,0.124362007,1.112888470,0.085414989
3.009000,2.051331955,-0.461535685,8.250444320,0.124713957,1.208086976,0.099071787
3.010000,2.365621351,-0.209902151,8.468688621,0.123127494,1.302264008,0.111414906
3.011000,2.630311116,-0.022032385,8.714325908,0.122177983,1.394252496,0.120172066
3.012000,2.837975321,0.127134003,9.001657669,0.119345632,1.484952974,0.125665330
3.013000,3.008914165,0.216892952,9.315746654,0.117037570,1.575518680,0.128627260
3.014000,3.182646194,0.226240228,9.637640548,0.116685682,1.668209524,0.130070353
3.015000,3.367762670,0.156837099,10.001329992,0.119924369,1.763766008,0.128115363
3.016000,3.549774790,0.031394026,10.394811348,0.129485763,1.860194391,0.126650417
3.017000,3.737082073,-0.149259614,10.797105919,0.145597927,1.957380653,0.126205810
3.018000,3.905085247,-0.357392918,11.184721170,0.166185111,2.054801900,0.125373384
3.019000,4.075942941,-0.572467553,11.511625719,0.189722098,2.152502617,0.124816254
3.020000,4.214587667,-0.804520381,11.793926535,0.214242305,2.251662661,0.124784367
3.021000,4.370619455,-0.989276311,11.985296740,0.236257204,2.354745554,0.123273883
3.022000,4.556901404,-1.099766937,12.088822854,0.255965362,2.461328142,0.122646261
3.023000,4.762656955,-1.173737388,12.153841283,0.271620244,2.571016533,0.121439869
3.024000,5.068382665,-1.165781174,12.222542908,0.282968638,2.687743209,0.121098318
3.025000,5.503538041,-0.989625990,12.293971360,0.285613376,2.807819069,0.122015685
3.026000,6.042991305,-0.751562808,12.401501580,0.282523948,2.932306740,0.124325302
3.027000,6.613874241,-0.491661793,12.539283026,0.273539210,3.056532493,0.126957984
3.028000,7.283240717,-0.221860057,12.608440307,0.262901537,3.183560354,0.131194021
3.029000,8.009606111,-0.010771537,12.666736648,0.251112608,3.312291716,0.136039409
3.030000,8.764550027,0.108195879,12.708023677,0.240765572,3.446185679,0.140535840
3.031000,9.461734906,0.086926737,12.731389972,0.237113087,3.576385111,0.145900980
3.032000,10.117350795,0.032116237,12.778963984,0.235340504,3.702754410,0.152554361
3.033000,10.620306568,-0.086640940,12.862764488,0.234833618,3.814556827,0.159184657
3.034000,11.026356535,-0.223148530,12.957066266,0.234853853,3.916505794,0.166084094
3.035000,11.311922565,-0.362132522,13.078281246,0.235575225,4.006433816,0.174259353
3.036000,11.432203421,-0.427610731,13.212209246,0.233903114,4.083307185,0.180146740
3.037000,11.481351532,-0.442782369,13.350791193,0.229716767,4.155403788,0.184904205
3.038000,11.394549736,-0.378055906,13.511935666,0.224447920,4.218405815,0.191106954
3.039000,11.258023977,-0.305069192,13.663931271,0.219945860,4.277350641,0.198309199
3.040000,11.077938955,-0.240450901,13.782501640,0.214264513,4.333019842,0.207283302
3.041000,10.934338136,-0.236951202,13.876674366,0.210267302,4.386637887,0.217258105
3.042000,10.838483909,-0.301596014,13.933290564,0.208574697,4.436668801,0.224702073
3.043000,10.768813020,-0.481846320,13.989674803,0.209762189,4.481503543,0.226506717
3.044000,10.708034763,-0.662326300,14.066865030,0.209636319,4.521595966,0.218237190
3.045000,10.676584436,-0.846411207,14.182065917,0.209870660,4.556696308,0.199545818
3.046000,10.613698489,-0.963799177,14.353507402,0.210055421,4.587352948,0.179182802
3.047000,10.544516458,-1.044152633,14.549812645,0.209737710,4.616183055,0.157188367
3.048000,10.525753805,-0.974311726,14.731438809,0.205504177,4.644547829,0.128462188
3.049000,10.540492073,-0.869296181,14.907468443,0.205705440,4.672487335,0.107379176
3.050000,10.563189886,-0.740506453,15.063763852,0.208069874,4.697280244,0.091590827
3.051000,10.600169504,-0.654302657,15.137963218,0.210855182,4.717813571,0.075034259
3.052000,10.601688314,-0.568520701,15.181342169,0.211972790,4.732833084,0.053969660
3.053000,10.569225101,-0.594088794,15.217415483,0.216444480,4.736759758,0.040903873
3.054000,10.427696931,-0.622966626,15.210789800,0.214265143,4.727751664,0.022613881
3.055000,10.179412079,-0.661860384,15.160856142,0.209074132,4.708518647,0.002791155
3.056000,9.893595824,-0.721556993,15.115412027,0.204885296,4.682118288,-0.014723398
3.057000,9.584428817,-0.780406222,15.070589677,0.201185396,4.651873969,-0.029434092
3.058000,9.148776054,-0.778198972,14.968692914,0.194776467,4.609796873,-0.047757277
3.059000,8.709285364,-0.751713985,14.858137637,0.191261879,4.564474795,-0.065682051
3.060000,8.296958691,-0.732533104,14.746373346,0.191808302,4.512615634,-0.087048436
3.061000,7.837014662,-0.634398349,14.628466626,0.189416019,4.455008165,-0.110980144
3.062000,7.406560862,-0.523415590,14.507750060,0.186795402,4.394780153,-0.134761032
3.063000,7.081519938,-0.464429187,14.393809368,0.187518012,4.334423406,-0.157922590
3.064000,6.815145637,-0.389109616,14.259973652,0.186966530,4.273268442,-0.180272663
3.065000,6.625446313,-0.324206987,14.099472523,0.184589430,4.211885294,-0.199641276
3.066000,6.479437709,-0.344639890,13.895779593,0.185567035,4.144552304,-0.214899619
3.067000,6.326960725,-0.414916218,13.665923692,0.188843639,4.074384191,-0.230083550
3.068000,6.159588973,-0.473174687,13.386375546,0.192389209,3.996243472,-0.238413851
3.069000,5.970450795,-0.522864074,13.116567317,0.194390386,3.912913415,-0.243444123
3.070000,5.690723750,-0.526312775,12.854638548,0.194357035,3.817511169,-0.244753102
3.071000,5.384980485,-0.392248435,12.641993174,0.186602887,3.718165259,-0.245322290
3.072000,5.048578436,-0.243117639,12.417547685,0.179071745,3.614836037,-0.245303152
3.073000,4.611630577,-0.046588761,12.211954566,0.167761168,3.499203343,-0.244419817
3.074000,4.148238007,0.077199875,11.953296784,0.161875410,3.378646179,-0.242774651
3.075000,3.653226159,0.146582857,11.666229560,0.160007464,3.250653861,-0.241560672
3.076000,3.105366612,0.140173027,11.326665651,0.161951055,3.115031196,-0.239963610
3.077000,2.608714568,0.134276041,10.983581747,0.162682540,2.981257356,-0.236794212
3.078000,2.172191820,0.027849074,10.566849159,0.169577853,2.849478755,-0.235520371
3.079000,1.783606263,-0.072460790,10.124889845,0.174931366,2.716332250,-0.235242551
3.080000,1.465596203,-0.127715335,9.638329424,0.174741333,2.584591779,-0.237289222
3.081000,1.196644496,-0.189600681,9.091856069,0.176510391,2.452563278,-0.241282172
3.082000,0.910409650,-0.242975486,8.513016327,0.178354205,2.316229428,-0.249698183
3.083000,0.656945551,-0.206529927,7.969209621,0.172807181,2.179287706,-0.261086420
3.084000,0.428018734,-0.124190921,7.399074478,0.162744820,2.039586836,-0.275537455
3.085000,0.208190541,-0.028530982,6.848132638,0.151518155,1.900884683,-0.290957200
3.086000,-0.017359379,0.127083491,6.331937952,0.133093365,1.762494408,-0.303631612
3.087000,-0.246108404,0.271928973,5.839534056,0.113984284,1.626756231,-0.311632233
3.088000,-0.495341667,0.412381151,5.269694590,0.094398383,1.489769839,-0.315644369
3.089000,-0.750126542,0.547516180,4.703916645,0.074501574,1.354215530,-0.318882783
3.090000,-1.031358314,0.652722811,4.105707691,0.058054573,1.215561571,-0.319248935
3.091000,-1.342865179,0.701226236,3.464874261,0.049612671,1.070347727,-0.320792088
3.092000,-1.670652252,0.716983399,2.838951239,0.046450036,0.922530498,-0.321784196
3.093000,-2.002884751,0.655345342,2.271609834,0.051077209,0.775640817,-0.322343335
3.094000,-2.338948095,0.598003658,1.757083122,0.056348449,0.630321954,-0.323338423
3.095000,-2.667836635,0.552498443,1.288296988,0.061528068,0.489437321,-0.325147775
3.096000,-2.980415495,0.460842087,0.819288008,0.068896200,0.352555445,-0.325565260
3.097000,-3.267743117,0.384267658,0.342404710,0.074175013,0.219475301,-0.325917042
3.098000,-3.535506417,0.359278935,-0.104723172,0.075937116,0.090475905,-0.326136733
3.099000,-3.758728887,0.356916160,-0.542075795,0.074248810,-0.035313672,-0.325003352
3.100000,-3.904182327,0.358301586,-1.015301308,0.070104875,-0.156685340,-0.325955003
3.101000,-3.980157681,0.422614666,-1.503906761,0.063675924,-0.270021676,-0.325611284
3.102000,-4.032563728,0.480643309,-1.985095882,0.058515460,-0.379396759,-0.324502899
3.103000,-3.965409859,0.544718472,-2.477584826,0.052328008,-0.478001488,-0.322099296
3.104000,-3.792680178,0.610799831,-2.994322663,0.046600713,-0.567562063,-0.318750177
3.105000,-3.521893040,0.682820971,-3.513540812,0.039692476,-0.647928865,-0.310822833
3.106000,-3.200316887,0.730911944,-4.044168504,0.031285269,-0.723140599,-0.300414889
3.107000,-2.836293768,0.765756828,-4.595823550,0.021644245,-0.795289875,-0.287638345
3.108000,-2.488020728,0.764676490,-5.128817601,0.010394821,-0.863865485,-0.271369236
3.109000,-2.159062101,0.730629548,-5.637022052,0.000747639,-0.929242286,-0.253972748
3.110000,-1.853881887,0.676513938,-6.093187696,-0.007999794,-0.989695274,-0.235510675
3.111000,-1.599468293,0.590034086,-6.518476642,-0.013379005,-1.049234612,-0.216131984
3.112000,-1.375356770,0.500314883,-6.900430551,-0.016840397,-1.105367002,-0.194923856
3.113000,-1.172994139,0.408568697,-7.232604785,-0.015692425,-1.156772757,-0.173160489
3.114000,-0.978655770,0.325856853,-7.531338074,-0.013061824,-1.203768669,-0.150087641
3.115000,-0.795856067,0.232319804,-7.817859086,-0.007628190,-1.244554012,-0.125380984
3.116000,-0.587510570,0.172513155,-8.082440661,-0.003263117,-1.280276146,-0.100259382
3.117000,-0.355331641,0.110673513,-8.333559549,0.001585143,-1.308559817,-0.074572006
3.118000,-0.070105408,0.030500890,-8.592389859,0.007032455,-1.327289513,-0.048175035
3.119000,0.245400206,-0.062413794,-8.851465809,0.012512378,-1.340714669,-0.022193107
3.120000,0.603597874,-0.144070449,-9.099793378,0.016344000,-1.346617380,0.002304168
3.121000,0.965498389,-0.255550761,-9.338465648,0.020641442,-1.348424895,0.025203359
3.122000,1.344145756,-0.357914990,-9.575098373,0.024467860,-1.347186866,0.047964006
3.123000,1.660739440,-0.410061343,-9.783382350,0.023975838,-1.342701096,0.069767478
3.124000,1.932061605,-0.426273987,-9.977830132,0.020197118,-1.335520001,0.090015093
3.125000,2.145193411,-0.428733813,-10.143795174,0.013836201,-1.325838232,0.108620736
3.126000,2.275930868,-0.388196238,-10.272462142,0.005561066,-1.316151456,0.126054426
3.127000,2.356760174,-0.352457232,-10.374182654,-0.003973380,-1.306032472,0.142374644
3.128000,2.365749224,-0.364512432,-10.420428756,-0.012217327,-1.293216161,0.154770849
3.129000,2.302942805,-0.411149920,-10.417092834,-0.017072093,-1.280643663,0.166732619
3.130000,2.135432964,-0.485182371,-10.360688860,-0.017530183,-1.268923949,0.180116192
3.131000,1.903242155,-0.596364811,-10.289630306,-0.015773748,-1.255516540,0.194224855
3.132000,1.627873753,-0.694034173,-10.201645850,-0.013088261,-1.241852769,0.209114308
3.133000,1.267181109,-0.751862006,-10.115816738,-0.006218053,-1.227399460,0.227077916
3.134000,0.886890618,-0.772261911,-10.056036800,0.002921832,-1.209629442,0.246949480
3.135000,0.529344171,-0.738864603,-10.012301792,0.012700768,-1.185756687,0.268657102
3.136000,0.264505385,-0.670967416,-9.980401715,0.024744453,-1.156098670,0.291214387
3.137000,0.045640696,-0.626900599,-9.981034786,0.040959531,-1.122244569,0.314307907
3.138000,0.024951423,-0.589931829,-9.967349316,0.057855152,-1.075101715,0.337742129
3.139000,0.110735769,-0.572907633,-9.924374036,0.074206466,-1.021097537,0.360855851
3.140000,0.322538440,-0.577294004,-9.860163494,0.086749333,-0.960809648,0.382029112
3.141000,0.561569152,-0.600246328,-9.759843990,0.094150230,-0.899143895,0.400665979
3.142000,0.856224150,-0.628493349,-9.626544162,0.094580465,-0.834791176,0.414970151
3.143000,1.081736865,-0.674012393,-9.456752963,0.086420556,-0.775398292,0.423091911
3.144000,1.262438274,-0.681515704,-9.263932125,0.074694717,-0.721294829,0.430556745
3.145000,1.362944783,-0.669961945,-9.041548383,0.059823613,-0.672624042,0.438707059
3.146000,1.412738543,-0.628173137,-8.835682606,0.044103648,-0.626417007,0.450127631
3.147000,1.364649958,-0.514606442,-8.616787972,0.024322723,-0.586240065,0.468568544
3.148000,1.217149336,-0.317937149,-8.427122181,0.003901417,-0.550351862,0.495767957
3.149000,1.040257916,-0.101696845,-8.265656009,-0.016260197,-0.513875480,0.524332308
3.150000,0.853623969,0.076639053,-8.178209263,-0.032133075,-0.475462822,0.549749132
3.151000,0.741471712,0.173773813,-8.095748559,-0.040972691,-0.434040518,0.564689173
3.152000,0.741677462,0.194968255,-8.012539893,-0.042206554,-0.388577155,0.567343821
3.153000,0.998347296,0.072159827,-7.927083633,-0.029459316,-0.331846599,0.550963087
3.154000,1.378700522,-0.115359098,-7.810406876,-0.008692680,-0.270747952,0.523756232
3.155000,1.907151887,-0.333166222,-7.629078507,0.018494653,-0.206476372,0.485853242
3.156000,2.452673400,-0.544829423,-7.445698391,0.045450141,-0.141661910,0.447788253
3.157000,2.952309247,-0.714626953,-7.262279732,0.068778872,-0.081581819,0.409126101
3.158000,3.324089480,-0.741754321,-6.996023141,0.078695648,-0.037714096,0.368649484
3.159000,3.598509458,-0.690112882,-6.721675902,0.080958555,-0.005344352,0.328689850
3.160000,3.740982335,-0.576868827,-6.473148838,0.076925033,0.014229907,0.290712666
3.161000,3.817411363,-0.483156102,-6.265869986,0.073208952,0.027161301,0.255536857
3.162000,3.824027086,-0.350891581,-6.041311350,0.069048753,0.031907769,0.223219675
3.163000,3.701425656,-0.233951489,-5.865896854,0.071278982,0.025275970,0.198227644
3.164000,3.504223132,-0.163966893,-5.729241775,0.077952029,0.012498213,0.178897249
3.165000,3.274952549,-0.142943268,-5.642711338,0.089748289,-0.005487376,0.166877182
3.166000,3.055668971,-0.140218824,-5.577793006,0.106466448,-0.026827738,0.158120301
3.167000,2.833237409,-0.169438675,-5.542366770,0.124077802,-0.050336716,0.151792425
3.168000,2.668145847,-0.220994983,-5.547689459,0.142167015,-0.076586668,0.146167287
3.169000,2.536833330,-0.249962633,-5.581860036,0.158302266,-0.105952304,0.139794221
3.170000,2.428060674,-0.247098432,-5.632078609,0.171193389,-0.138413921,0.128250771
3.171000,2.286055757,-0.264454740,-5.735350501,0.182836212,-0.173946242,0.111163248
3.172000,2.102290090,-0.248407782,-5.909399006,0.193316223,-0.212115005,0.089247963
3.173000,1.877657233,-0.237382521,-6.149806642,0.202353521,-0.255153172,0.061410832
3.174000,1.661133093,-0.246503863,-6.409540370,0.211844181,-0.299605073,0.031533207
3.175000,1.413664452,-0.271218908,-6.699258831,0.220736333,-0.348582489,0.001949757
3.176000,1.207072758,-0.289634264,-6.980434554,0.226604609,-0.399968653,-0.024280133
3.177000,1.022560620,-0.341204160,-7.215647587,0.231938409,-0.453021948,-0.047056035
3.178000,0.930846559,-0.374834754,-7.417868609,0.231968162,-0.505949525,-0.062163322
3.179000,0.914336665,-0.410504665,-7.616386174,0.228543350,-0.559613002,-0.071280443
3.180000,0.972936537,-0.422652231,-7.827487750,0.221463699,-0.611979496,-0.076662376
3.181000,1.083181229,-0.366589201,-8.057000533,0.209367396,-0.662137562,-0.077644711
3.182000,1.205703189,-0.267865761,-8.342478090,0.221670352,-0.719781253,-0.073048785
3.183000,1.313634119,-0.100286476,-8.647984877,0.204085475,-0.768501482,-0.070968851
3.184000,1.420328902,0.070530243,-8.944326714,0.185791764,-0.816533571,-0.065825659
3.185000,1.527356176,0.163569171,-9.240911462,0.170084260,-0.863522748,-0.057871529
3.186000,1.649390409,0.160637425,-9.540598732,0.158489263,-0.911756889,-0.049802777
3.187000,1.815802766,0.085815251,-9.846950039,0.149507275,-0.958975704,-0.041327578
3.188000,2.045909640,-0.038697244,-10.147644873,0.141639090,-1.006168109,-0.032651887
3.189000,2.308978719,-0.190205081,-10.476259579,0.134148932,-1.053909090,-0.024590821
3.190000,2.605039595,-0.297043371,-10.784179432,0.123799785,-1.101976739,-0.015603697
3.191000,2.920828119,-0.299621509,-11.077569039,0.106348714,-1.149575073,-0.006207534
3.192000,3.226934026,-0.246403594,-11.352829379,0.086379824,-1.197512943,0.002409895
3.193000,3.502498893,-0.178113810,-11.630910008,0.064472679,-1.244999367,0.011343048
3.194000,3.715027880,-0.119587798,-11.917323637,0.044343657,-1.292996715,0.018035667
3.195000,3.910788220,-0.121407180,-12.204016129,0.028553937,-1.339635834,0.023237854
3.196000,4.084446917,-0.176179814,-12.504127813,0.018210485,-1.385490232,0.029714224
3.197000,4.276376288,-0.248490080,-12.824967879,0.009462580,-1.428561108,0.038146003
3.198000,4.530320264,-0.311378755,-13.129427121,0.004159974,-1.465955741,0.048060768
3.199000,4.864937051,-0.342854225,-13.405886521,-0.000422404,-1.497470061,0.060505539
3.200000,5.229283397,-0.363811865,-13.651198640,-0.003330369,-1.524666215,0.073582040
3.201000,5.603599366,-0.405728899,-13.839815026,-0.006494393,-1.549705889,0.082135507
3.202000,5.969459935,-0.457360129,-13.944488282,-0.010818481,-1.574406891,0.087317952
3.203000,6.249246382,-0.522393081,-13.937601671,-0.019710746,-1.602284373,0.083552636
3.204000,6.465301685,-0.583783688,-13.897356867,-0.029944337,-1.631783802,0.075867353
3.205000,6.477573332,-0.621635365,-13.793992664,-0.043505903,-1.668103054,0.060667290
3.206000,6.393758603,-0.632309324,-13.696694023,-0.056802365,-1.706979829,0.043586598
3.207000,6.227855940,-0.646563811,-13.620639145,-0.068471902,-1.748669953,0.024896865
3.208000,5.951526121,-0.693936222,-13.571429229,-0.073599832,-1.793008249,0.006957539
3.209000,5.642056989,-0.756794838,-13.513433964,-0.075946742,-1.837082433,-0.009305683
3.210000,5.277971441,-0.840542378,-13.427095184,-0.075935993,-1.878701271,-0.023634929
3.211000,4.952876933,-0.911757326,-13.320261357,-0.075330312,-1.914648758,-0.032643657
3.212000,4.641525427,-0.958750309,-13.183609560,-0.075117714,-1.947187811,-0.037859926
3.213000,4.323596470,-0.933407848,-12.987966641,-0.077672777,-1.974295867,-0.037993834
3.214000,4.038587380,-0.841410544,-12.755971509,-0.083099049,-1.994669119,-0.034643235
3.215000,3.747424742,-0.719380361,-12.485588519,-0.091661366,-2.011989064,-0.028976844
3.216000,3.379211118,-0.588815040,-12.170020971,-0.101510101,-2.025770408,-0.024392201
3.217000,2.975657322,-0.451776213,-11.849407135,-0.112279251,-2.037791095,-0.021292415
3.218000,2.514700939,-0.316232974,-11.523413340,-0.124896821,-2.044352970,-0.020768068
3.219000,2.023106981,-0.189470293,-11.195772698,-0.136539043,-2.046565698,-0.022387479
3.220000,1.523967804,-0.064577136,-10.885672274,-0.146519186,-2.042188539,-0.026387908
3.221000,1.098302828,0.051807934,-10.586067058,-0.154453085,-2.027752388,-0.031924539
3.222000,0.756890418,0.146980471,-10.311202679,-0.160799727,-2.004381645,-0.038944605
3.223000,0.451733591,0.209053940,-10.031269969,-0.165200155,-1.976634259,-0.047035122
3.224000,0.239265708,0.221227211,-9.726080185,-0.166546217,-1.937475722,-0.057803234
3.225000,0.132870705,0.208468871,-9.386498377,-0.166269408,-1.889823657,-0.070684963
3.226000,0.061934784,0.169239630,-9.029821398,-0.164451111,-1.839875979,-0.084532035
3.227000,0.036836954,0.080171633,-8.651235042,-0.161289563,-1.785792881,-0.099980126
3.228000,0.032972737,0.026974370,-8.265116967,-0.160624904,-1.729441872,-0.116401980
3.229000,0.000103324,-0.008217232,-7.865890379,-0.160849238,-1.671446103,-0.133146051
3.230000,-0.069597001,-0.014069084,-7.464383439,-0.162578986,-1.614149775,-0.149461828
3.231000,-0.199425593,0.058009290,-7.073409177,-0.166146943,-1.555113081,-0.163520699
3.232000,-0.348607133,0.154909252,-6.690009553,-0.171104278,-1.495199251,-0.176943006
3.233000,-0.471104574,0.235250953,-6.318693469,-0.176377298,-1.430011657,-0.188339372
3.234000,-0.532686691,0.308552426,-5.956915240,-0.181940746,-1.359642753,-0.197914841
3.235000,-0.512306970,0.315979982,-5.619124781,-0.185180236,-1.281435463,-0.205661982
3.236000,-0.420565764,0.276670387,-5.276381588,-0.187602902,-1.197941757,-0.212631805
3.237000,-0.298752070,0.202613665,-4.918391198,-0.188444896,-1.111171811,-0.218987241
3.238000,-0.174562692,0.107998851,-4.531409793,-0.186600832,-1.022204082,-0.223828876
3.239000,-0.052354178,0.010208762,-4.140830999,-0.183829898,-0.932193341,-0.228418898
3.240000,0.061263818,-0.058170221,-3.745189229,-0.181663438,-0.842888175,-0.231563232
3.241000,0.141234773,-0.116172615,-3.351445553,-0.179041756,-0.754794624,-0.234556109
3.242000,0.192203466,-0.134652508,-2.964084033,-0.177516143,-0.668645134,-0.238198720
3.243000,0.225014662,-0.117541665,-2.589584313,-0.177707408,-0.583180154,-0.241653129
3.244000,0.252756526,-0.067000178,-2.214044683,-0.180312160,-0.497788782,-0.245980389
3.245000,0.291948458,0.011451469,-1.822117362,-0.185302522,-0.410734543,-0.251018734
3.246000,0.337298596,0.089145799,-1.437938210,-0.189651175,-0.321214705,-0.253694633
3.247000,0.397743800,0.163994309,-1.061376420,-0.193662513,-0.231517243,-0.255985067
3.248000,0.460023184,0.192994759,-0.678012822,-0.195260538,-0.140074105,-0.259158947
3.249000,0.526436907,0.186917902,-0.305748293,-0.194365557,-0.047094097,-0.261411050
3.250000,0.572527455,0.141033361,0.039232662,-0.189364716,0.043754641,-0.262895689
3.251000,0.593430173,0.075585635,0.395192878,-0.182235872,0.132343972,-0.265191211
3.252000,0.588505230,0.012750568,0.772742919,-0.174445552,0.218110991,-0.268034073
3.253000,0.538639342,0.002465906,1.160779579,-0.168087774,0.298558827,-0.267458782
3.254000,0.426672616,0.040471261,1.575812618,-0.163922766,0.374115318,-0.264786353
3.255000,0.299403605,0.119911238,2.012079538,-0.164307504,0.447991635,-0.260439340
3.256000,0.185797931,0.237386463,2.465764625,-0.169870649,0.523067624,-0.252960300
3.257000,0.071395877,0.407870277,2.878567075,-0.181983094,0.600610373,-0.242410800
3.258000,0.028735545,0.589291858,3.210011605,-0.200742637,0.679900341,-0.232523776
3.259000,0.019323487,0.761700334,3.483527374,-0.220617239,0.761687484,-0.222232658
3.260000,0.046073484,0.933771252,3.688752966,-0.239952449,0.844276519,-0.211321527
3.261000,0.139310688,1.044783665,3.831674700,-0.252705689,0.926897905,-0.202338823
3.262000,0.256203525,1.136339539,3.930627480,-0.262770300,1.009145169,-0.194362933
3.263000,0.415840141,1.142435056,3.991524469,-0.263139195,1.093935822,-0.186933982
3.264000,0.632634510,1.083091900,4.061003222,-0.258053615,1.177461146,-0.179362152
3.265000,0.907284493,0.964914107,4.171030775,-0.249263468,1.259586291,-0.170508245
3.266000,1.215797459,0.845007304,4.341615025,-0.239549800,1.336954573,-0.161554225
3.267000,1.549125713,0.698979260,4.564280265,-0.227997952,1.411234797,-0.152336052
3.268000,1.907456009,0.620766163,4.886155827,-0.220251375,1.476973556,-0.141097618
3.269000,2.259973461,0.610280294,5.228770004,-0.215505052,1.536510533,-0.128899355
3.270000,2.594152053,0.636763738,5.575016950,-0.212348247,1.590314861,-0.117999369
3.271000,2.901249798,0.688742712,5.909751709,-0.211871981,1.638157835,-0.107039312
3.272000,3.178632388,0.780916637,6.207944159,-0.214106283,1.677586316,-0.094430081
3.273000,3.422946718,0.828580829,6.437027710,-0.214207020,1.706323723,-0.083267123
3.274000,3.632436928,0.844328974,6.649265425,-0.213097347,1.727370034,-0.072589532
3.275000,3.783770251,0.803687265,6.850145949,-0.210031074,1.741778004,-0.062510727
3.276000,3.873999434,0.696958773,6.998210348,-0.205014772,1.747883248,-0.054705469
3.277000,3.928736166,0.560862611,7.118563257,-0.198296231,1.749419741,-0.047637643
3.278000,3.901034513,0.403513530,7.215201980,-0.191183237,1.742665594,-0.041024966
3.279000,3.810313839,0.257350999,7.287714966,-0.184342003,1.729216530,-0.034346636
3.280000,3.691376403,0.140281888,7.329287334,-0.178147140,1.709824867,-0.026322381
3.281000,3.547707736,0.043031562,7.383212625,-0.169940946,1.684814586,-0.017313742
3.282000,3.373092806,-0.007762663,7.432897201,-0.161674649,1.654087758,-0.004507264
3.283000,3.204734163,0.004104136,7.476733422,-0.154917232,1.618347126,0.010481532
3.284000,3.082490193,0.045213412,7.501893514,-0.149247363,1.583014545,0.024908712
3.285000,2.994302955,0.081613160,7.514168427,-0.143471873,1.547520566,0.037970409
3.286000,2.949059800,0.126775924,7.508207175,-0.137587486,1.510520019,0.052066756
3.287000,2.946581939,0.155580403,7.494510920,-0.130163791,1.472456338,0.065871461
3.288000,2.994783492,0.136791167,7.492209538,-0.120187349,1.432446927,0.077603037
3.289000,3.071453599,0.088329999,7.494949885,-0.107652568,1.390876026,0.088930567
3.290000,3.148387517,0.021188656,7.508593699,-0.094306619,1.346469676,0.100703534
3.291000,3.190066580,-0.050515551,7.532565562,-0.082001653,1.292989741,0.114285421
3.292000,3.181868325,-0.095319400,7.557668284,-0.072906979,1.234268343,0.127191540
3.293000,3.069033026,-0.078598590,7.582861524,-0.068764252,1.166686214,0.141652728
3.294000,2.866317054,0.003176466,7.591632673,-0.069588187,1.094718489,0.157297405
3.295000,2.554813427,0.128534942,7.586377981,-0.076646440,1.016712012,0.172216156
3.296000,2.175999182,0.275695786,7.561391797,-0.086828607,0.935585068,0.187863107
3.297000,1.749352279,0.415487491,7.505253390,-0.097779346,0.852911376,0.203469123
3.298000,1.323846748,0.497841901,7.415258719,-0.108591135,0.771269062,0.218308519
3.299000,0.890316042,0.519447853,7.311619367,-0.116864161,0.688426932,0.230275576
3.300000,0.502810049,0.488263182,7.210908075,-0.119664530,0.607076296,0.239166245
3.301000,0.157872913,0.428574921,7.140436556,-0.119901454,0.526373497,0.245103715
3.302000,-0.155096728,0.354165231,7.061963835,-0.116038041,0.448303236,0.248357395
3.303000,-0.391503753,0.295663118,6.935050144,-0.104669895,0.376819818,0.248756002
3.304000,-0.568874291,0.182921520,6.765345158,-0.083598177,0.311379857,0.248108895
3.305000,-0.687255531,0.013381613,6.596197573,-0.052881186,0.252756879,0.248408914
3.306000,-0.749436328,-0.202119630,6.421111060,-0.012382617,0.201011338,0.251175267
3.307000,-0.763549111,-0.445344729,6.273424004,0.031346594,0.155397360,0.257963572
3.308000,-0.773956600,-0.670348673,6.233491386,0.073711570,0.113590491,0.267879901
3.309000,-0.767490007,-0.808022292,6.250567599,0.103296652,0.078252150,0.280877386
3.310000,-0.716226570,-0.852974782,6.270020612,0.121032709,0.053031677,0.295897088
3.311000,-0.596576415,-0.770723453,6.209210000,0.121309756,0.041977513,0.306646774
3.312000,-0.428603039,-0.642087248,6.110756863,0.109936451,0.040724659,0.314859136
3.313000,-0.117636909,-0.505487795,5.886395392,0.086924327,0.057482185,0.320772704
3.314000,0.253791529,-0.400211239,5.587893096,0.063193798,0.081870289,0.323004643
3.315000,0.683276082,-0.331472610,5.241681447,0.040676524,0.110666648,0.316541237
3.316000,1.134255268,-0.353171265,4.962579443,0.024161362,0.140289025,0.310400443
3.317000,1.591963887,-0.420377357,4.704297639,0.011868667,0.170958816,0.301094673
3.318000,1.925686751,-0.533201595,4.508551342,0.009284494,0.197078980,0.286583009
3.319000,2.174701150,-0.697971356,4.393762641,0.014783171,0.217888173,0.271536063
3.320000,2.302212184,-0.909077228,4.339872926,0.024961007,0.234635311,0.255199455
3.321000,2.278391870,-1.095846169,4.279587036,0.037136812,0.245451743,0.237197275
3.322000,2.169401438,-1.311452402,4.264816956,0.054246778,0.252476416,0.218697875
3.323000,1.940869166,-1.470333198,4.325088489,0.066122464,0.255561772,0.202627961
3.324000,1.713242815,-1.540930606,4.425036381,0.069677519,0.260641798,0.189297148
3.325000,1.509631418,-1.500229616,4.559191608,0.062736278,0.267296955,0.181655437
3.326000,1.343284022,-1.392652978,4.726193244,0.048097404,0.276852806,0.176347054
3.327000,1.182740925,-1.233816138,4.928744901,0.021758650,0.291150045,0.171732148
3.328000,1.048830592,-1.016456625,5.140759992,-0.014391159,0.308555283,0.162021069
3.329000,0.887031207,-0.851393243,5.329913195,-0.046122684,0.326596922,0.147538141
3.330000,0.694246752,-0.731975441,5.517772577,-0.073267058,0.343684049,0.127044264
3.331000,0.504580406,-0.665681751,5.742570740,-0.090690260,0.363606020,0.101433303
3.332000,0.305742244,-0.631564473,5.953123710,-0.096242367,0.387947902,0.074814305
3.333000,0.143641164,-0.685266869,6.174390196,-0.084050938,0.423378794,0.053464523
3.334000,0.038203488,-0.748040205,6.422513935,-0.059286707,0.470070043,0.039193399
3.335000,0.037596663,-0.838909402,6.687906804,-0.024683789,0.531644669,0.029247969
3.336000,0.089411492,-0.916297816,6.917282385,0.009900792,0.603972609,0.027211635
3.337000,0.230926475,-0.981842361,7.172362090,0.046028708,0.687638566,0.031822785
3.338000,0.474908609,-1.019109086,7.416738856,0.076767464,0.780699258,0.040040804
3.339000,0.784102282,-0.992749605,7.619588350,0.099443494,0.878941922,0.052160756
3.340000,1.146789903,-0.885572310,7.806100628,0.113151016,0.978795307,0.067812930
3.341000,1.566093087,-0.742819800,7.992675540,0.122563492,1.079877907,0.081258313
3.342000,1.944415649,-0.543913400,8.184664878,0.125187607,1.176760117,0.094590301
3.343000,2.260291442,-0.294502188,8.395170232,0.123671819,1.270818249,0.107287865
3.344000,2.549296763,-0.075152629,8.630163890,0.122334273,1.363730626,0.117708218
3.345000,2.773091803,0.082699384,8.895825576,0.120228787,1.454793757,0.124309503
3.346000,2.955076505,0.193964207,9.216914905,0.117857877,1.545220487,0.127704367
3.347000,3.120068180,0.237875634,9.521630340,0.116289455,1.636671050,0.129973466
3.348000,3.306538043,0.182778084,9.879682263,0.118731616,1.731908853,0.128921625
3.349000,3.488344579,0.081407270,10.260627536,0.125168351,1.828142939,0.126861435
3.350000,3.677819098,-0.085463028,10.662329459,0.139839769,1.924845428,0.126327017
3.351000,3.847235564,-0.287095790,11.060590810,0.158509876,2.022478833,0.125396629
3.352000,4.020136768,-0.499978866,11.411731905,0.181809078,2.119753910,0.125127003
3.353000,4.171235745,-0.728543166,11.701808992,0.205973807,2.218653586,0.124595945
3.354000,4.313059248,-0.939774112,11.938922631,0.229414338,2.319743945,0.123870802
3.355000,4.493145336,-1.068254412,12.061160456,0.249846993,2.425382843,0.122850161
3.356000,4.691186221,-1.153643855,12.130035910,0.266915216,2.534172133,0.121745934
3.357000,4.944743638,-1.196782592,12.196177147,0.280781868,2.647673620,0.121041431
3.358000,5.355548527,-1.050393096,12.269641361,0.284813387,2.767791068,0.121685679
3.359000,5.853860008,-0.830279944,12.362518102,0.283930192,2.890220845,0.123510558
3.360000,6.420931317,-0.583693267,12.501401757,0.276898584,3.015224244,0.125963768
3.361000,7.046691621,-0.307679859,12.590427319,0.266885595,3.140918762,0.129872399
3.362000,7.763072489,-0.070797538,12.651055233,0.255101249,3.268892633,0.134314924
3.363000,8.512062875,0.071208103,12.694838628,0.244120818,3.401358097,0.139096406
3.364000,9.237509131,0.097817004,12.721678220,0.237915886,3.533750574,0.143812118
3.365000,9.907862624,0.062188666,12.753475453,0.235626226,3.661396266,0.150188272
3.366000,10.470442011,-0.044113390,12.834870580,0.234777618,3.779135112,0.156807593
3.367000,10.906738097,-0.174223124,12.920736090,0.234712148,3.884060109,0.163747589
3.368000,11.221435635,-0.316039925,13.037012724,0.235296357,3.976953086,0.171434909
3.369000,11.405767951,-0.414825608,13.165947293,0.235039572,4.058606821,0.178588307
3.370000,11.483275543,-0.451215759,13.304716611,0.231540509,4.132604908,0.183258756
3.371000,11.431921512,-0.404845161,13.450517424,0.226134427,4.197975957,0.189252012
3.372000,11.310727202,-0.325880597,13.621562618,0.221289567,4.258537441,0.195396810
3.373000,11.139351293,-0.262885221,13.743432135,0.216261026,4.314437522,0.204276699
3.374000,10.972741017,-0.229824131,13.851756644,0.211268558,4.369023753,0.214012187
3.375000,10.868456272,-0.269210965,13.917196496,0.208704468,4.420442005,0.222332150
3.376000,10.792444146,-0.418592710,13.974637825,0.209744195,4.467059467,0.226898343
3.377000,10.722497051,-0.606876949,14.035151187,0.209836244,4.508957955,0.223345276
3.378000,10.686076680,-0.782272645,14.142986813,0.209563938,4.545124385,0.205710663
3.379000,10.638909048,-0.934369977,14.288472161,0.210016139,4.577736091,0.185934030
3.380000,10.564040810,-1.022088297,14.486341449,0.209993867,4.606548013,0.164878865
3.381000,10.526972491,-1.007152794,14.665895522,0.206262883,4.635063038,0.137152442
3.382000,10.532644175,-0.900092033,14.851452149,0.204525472,4.663752902,0.112343628
3.383000,10.555827847,-0.788240390,15.012668805,0.207577988,4.689044004,0.097206386
3.384000,10.591413734,-0.679131373,15.121295370,0.210160583,4.711727018,0.081249613
3.385000,10.601675163,-0.594637078,15.167837259,0.211487347,4.728005375,0.060925174
3.386000,10.588401565,-0.584588722,15.212204707,0.215679536,4.736938550,0.045925669
3.387000,10.500516064,-0.620388546,15.220768297,0.216380369,4.733074927,0.029810624
3.388000,10.262400158,-0.647605749,15.177918917,0.210736963,4.714978147,0.009302455
3.389000,9.988320273,-0.698740058,15.129770563,0.205921595,4.691562216,-0.009522928
3.390000,9.700997656,-0.761030519,15.085957752,0.202460195,4.663092310,-0.024652158
3.391000,9.299135526,-0.783405272,15.005168594,0.196772396,4.624412545,-0.041373296
3.392000,8.848356926,-0.759337098,14.895948497,0.191629645,4.580012036,-0.059725148
3.393000,8.434920159,-0.739774244,14.783340614,0.191653026,4.529966710,-0.079909917
3.394000,7.989980281,-0.678281656,14.667791842,0.190601854,4.475017645,-0.102930995
3.395000,7.545945179,-0.559382057,14.548268204,0.187652122,4.414831051,-0.126911438
3.396000,7.178477531,-0.483895430,14.431085077,0.187183725,4.354598384,-0.150223799
3.397000,6.891222007,-0.422227174,14.309529232,0.187762365,4.293801929,-0.173837637
3.398000,6.684051725,-0.342991583,14.152011062,0.185473895,4.232323392,-0.193427767
3.399000,6.528766868,-0.320793557,13.972392294,0.184498670,4.167776217,-0.209775050
3.400000,6.380779389,-0.392332557,13.742554191,0.187703764,4.098104479,-0.225148756
3.401000,6.213668733,-0.455830900,13.482139006,0.191690132,4.023062494,-0.236324892
3.402000,6.050436371,-0.508664769,13.199753325,0.193892800,3.942321978,-0.242176008
3.403000,5.788873039,-0.531016716,12.942733105,0.194563085,3.849935415,-0.244468698
3.404000,5.486168095,-0.444352462,12.710626336,0.189462899,3.751576566,-0.245335498
3.405000,5.168450748,-0.295102445,12.490715942,0.181749831,3.649958657,-0.245287303
3.406000,4.762029360,-0.110293181,12.280003558,0.171377185,3.538482493,-0.244956532
3.407000,4.307870675,0.057723664,12.056313499,0.162035923,3.420228393,-0.243298663
3.408000,3.818711805,0.122959278,11.761216828,0.160688322,3.293397492,-0.241956674
3.409000,3.286202678,0.142558451,11.441338618,0.161467489,3.160307802,-0.240538156
3.410000,2.767842739,0.138291828,11.100372244,0.162349834,3.025668895,-0.237799182
3.411000,2.314748199,0.069850583,10.714288762,0.166743464,2.893666466,-0.235798397
3.412000,1.896251453,-0.053632659,10.269151143,0.174669080,2.760523672,-0.235270076
3.413000,1.567976658,-0.110693895,9.806274747,0.174747911,2.628400106,-0.236611505
3.414000,1.286037485,-0.166372434,9.277431326,0.175763361,2.497013867,-0.239560489
3.415000,1.005239092,-0.227328460,8.705423196,0.177925705,2.361707204,-0.246822444
3.416000,0.736964980,-0.228502019,8.163257655,0.175457312,2.225964760,-0.256468503
3.417000,0.503169068,-0.154061383,7.587997211,0.166396683,2.086327462,-0.270382772
3.418000,0.281289208,-0.062873126,7.028414952,0.155585320,1.947028180,-0.285857419
3.419000,0.059071749,0.072097090,6.502049600,0.139557928,1.808419321,-0.299961062
3.420000,-0.169136945,0.224165566,6.004497705,0.120351935,1.671863426,-0.309147706
3.421000,-0.410501510,0.367000944,5.457946829,0.101052620,1.534923013,-0.314513184
3.422000,-0.665021980,0.503141565,4.893190113,0.081089908,1.399463490,-0.317906739
3.423000,-0.930016128,0.624154271,4.313288231,0.062635275,1.262807801,-0.319477040
3.424000,-1.238906370,0.686783183,3.679157113,0.052077384,1.118969992,-0.320095595
3.425000,-1.560376588,0.716178508,3.046253286,0.046986335,0.971859445,-0.321564133
3.426000,-1.889090470,0.676126140,2.459132903,0.049273835,0.824927914,-0.322234824
3.427000,-2.227525041,0.608971830,1.914179579,0.055016868,0.677883486,-0.322917086
3.428000,-2.558123629,0.569816652,1.444703288,0.059625778,0.536188585,-0.324548320
3.429000,-2.880991488,0.492788734,0.976254155,0.066585052,0.397577188,-0.325531120
3.430000,-3.173950508,0.407160973,0.499689659,0.072593546,0.263583101,-0.325690313
3.431000,-3.450151554,0.363024676,0.038938692,0.075991201,0.132957587,-0.326279011
3.432000,-3.696500506,0.355353151,-0.394190323,0.075354902,0.005933860,-0.325486570
3.433000,-3.855699074,0.357344158,-0.856503783,0.071513446,-0.116329345,-0.325557260
3.434000,-3.956758570,0.397653905,-1.340922573,0.065761334,-0.232689689,-0.325816385
3.435000,-4.016590402,0.460961248,-1.824724503,0.060278485,-0.343069756,-0.324908900
3.436000,-4.011373433,0.524988729,-2.307190535,0.054190550,-0.446939612,-0.322889272
3.437000,-3.859830337,0.588493841,-2.820473542,0.048457456,-0.538799840,-0.320248181
3.438000,-3.614893464,0.658152545,-3.339595617,0.042097511,-0.621467285,-0.313677217
3.439000,-3.317433731,0.717343460,-3.865341970,0.034397957,-0.699019606,-0.304143236
3.440000,-2.958172446,0.756298792,-4.410811209,0.024988771,-0.771382344,-0.292306635
3.441000,-2.598726239,0.766395921,-4.952569437,0.014104432,-0.841239351,-0.276926412
3.442000,-2.265931589,0.747865105,-5.478193422,0.003626054,-0.908370375,-0.259946530
3.443000,-1.955608625,0.694552475,-5.941132481,-0.005083983,-0.969544278,-0.241664699
3.444000,-1.677253992,0.621918650,-6.382334467,-0.012089607,-1.029654993,-0.222845839
3.445000,-1.446783804,0.531420061,-6.779516602,-0.015964204,-1.086968099,-0.202014124
3.446000,-1.241661094,0.437683360,-7.125424296,-0.016217939,-1.139975585,-0.180587742
3.447000,-1.041174113,0.353661391,-7.435919461,-0.014352020,-1.189356949,-0.158251522
3.448000,-0.856789302,0.263498820,-7.722352082,-0.009439401,-1.230958898,-0.133616536
3.449000,-0.661220869,0.188899116,-7.996067583,-0.004613687,-1.269618839,-0.108727212
3.450000,-0.436942564,0.131467591,-8.248774293,-0.000109152,-1.299902221,-0.083060052
3.451000,-0.166442006,0.058418433,-8.506702375,0.005147070,-1.321568190,-0.057026386
3.452000,0.132266480,-0.030219996,-8.764918424,0.010787146,-1.337565623,-0.030640467
3.453000,0.484652737,-0.117578517,-9.018013705,0.015077110,-1.344774129,-0.005767192
3.454000,0.843831587,-0.212145438,-9.259523382,0.019079503,-1.348190849,0.017619557
3.455000,1.220089410,-0.325230709,-9.498120379,0.023295782,-1.347651584,0.040391742
3.456000,1.558307678,-0.396247150,-9.713943696,0.024485119,-1.344569245,0.062717685
3.457000,1.852169463,-0.424866086,-9.917670864,0.021974550,-1.338578654,0.083671335
3.458000,2.077503026,-0.428101866,-10.089450180,0.015955072,-1.329012096,0.102462066
3.459000,2.240568430,-0.406223861,-10.233900205,0.008648465,-1.319476729,0.120431988
3.460000,2.335195977,-0.361302833,-10.345950081,-0.000675765,-1.309472514,0.137006805
3.461000,2.368081877,-0.357823421,-10.407403280,-0.009678441,-1.297508874,0.150762899
3.462000,2.344848537,-0.388151222,-10.431416853,-0.016283362,-1.284702221,0.162644846
3.463000,2.192589630,-0.460986465,-10.380831884,-0.017407474,-1.272940589,0.175523668
3.464000,1.988608592,-0.556500221,-10.314300621,-0.016612101,-1.260030174,0.189455951
3.465000,1.725527879,-0.662984457,-10.232277070,-0.014358548,-1.246389284,0.203830084
3.466000,1.396131622,-0.739258567,-10.143474422,-0.008718190,-1.232314933,0.220798994
3.467000,1.011986568,-0.773569944,-10.069977356,-0.000474024,-1.216551324,0.239948183
3.468000,0.648526320,-0.749997039,-10.026880128,0.009441123,-1.193714272,0.261421228
3.469000,0.341054026,-0.695083734,-9.988402314,0.020315364,-1.166814433,0.283700921
3.470000,0.112092619,-0.642219956,-9.979257515,0.035505626,-1.134097468,0.306527487
3.471000,0.015754819,-0.598771566,-9.975932063,0.052032348,-1.091709966,0.330092086
3.472000,0.058696363,-0.571987545,-9.941670226,0.068750613,-1.040554548,0.353242035
3.473000,0.246846348,-0.574976543,-9.882675203,0.082866563,-0.981173743,0.375148503
3.474000,0.472717664,-0.591149566,-9.801128141,0.092977778,-0.920154844,0.395148103
3.475000,0.766905830,-0.613132993,-9.674445929,0.095382750,-0.855549084,0.410886780
3.476000,1.004528403,-0.660434796,-9.511525882,0.089446181,-0.795245741,0.420582733
3.477000,1.222732729,-0.684156029,-9.337101401,0.079431653,-0.737746601,0.428000187
3.478000,1.329442613,-0.673813198,-9.115676297,0.064780648,-0.688847637,0.435990288
3.479000,1.407168348,-0.651597126,-8.901306102,0.049765353,-0.641156395,0.445280647
3.480000,1.383341744,-0.555200683,-8.688399167,0.030954524,-0.599473588,0.462198565
3.481000,1.274600512,-0.393084446,-8.490630960,0.010903361,-0.562063190,0.485789875
3.482000,1.098723775,-0.174190809,-8.304905201,-0.009800280,-0.526665108,0.515363297
3.483000,0.917686292,0.020294372,-8.205834039,-0.027085192,-0.488239416,0.541391629
3.484000,0.765958677,0.149593688,-8.125756019,-0.038858793,-0.448309930,0.561242972
3.485000,0.730470475,0.194138361,-8.038420685,-0.042547167,-0.404277780,0.567167813
3.486000,0.893272386,0.129337700,-7.958256112,-0.035102757,-0.351551831,0.558455772
3.487000,1.226567807,-0.043360679,-7.859826860,-0.017209820,-0.291658741,0.535000533
3.488000,1.724671189,-0.262311074,-7.690309038,0.009457951,-0.228139129,0.498544443
3.489000,2.272113283,-0.474876518,-7.506617445,0.036568058,-0.163150858,0.460470841
3.490000,2.795806071,-0.673735197,-7.333645385,0.062178414,-0.100152075,0.422391703
3.491000,3.211973692,-0.744618941,-7.084737818,0.076418179,-0.051248777,0.381996357
3.492000,3.532649533,-0.722586634,-6.811721909,0.081804393,-0.013192907,0.341731369
3.493000,3.696218046,-0.615748733,-6.554763939,0.078384286,0.007957385,0.303276293
3.494000,3.799283850,-0.510753691,-6.330747244,0.074135030,0.023630686,0.266941447
3.495000,3.830982727,-0.395678003,-6.112708381,0.070113403,0.031132809,0.233599204
3.496000,3.745973985,-0.270945914,-5.921291179,0.069967208,0.028019639,0.206077167
3.497000,3.586345645,-0.175618697,-5.764079698,0.074609912,0.018184683,0.183755809
3.498000,3.352065114,-0.149356635,-5.671200147,0.085722109,0.000608339,0.170822188
3.499000,3.128075049,-0.140919425,-5.597437227,0.100638556,-0.019437865,0.160740045
3.500000,2.904466101,-0.161136166,-5.550280441,0.118247477,-0.042430119,0.153848339
3.501000,2.718658364,-0.198328169,-5.544470181,0.135828470,-0.067524640,0.148054733
3.502000,2.576445147,-0.245420552,-5.564652278,0.153547436,-0.095528144,0.142243295
3.503000,2.463770078,-0.246266422,-5.611440157,0.167113226,-0.127664499,0.132317982
3.504000,2.335432103,-0.260752752,-5.692510517,0.179088925,-0.161827831,0.117583365
3.505000,2.173392053,-0.252478220,-5.847353007,0.189823588,-0.198902085,0.096960157
3.506000,1.950527469,-0.243989848,-6.067453344,0.199644464,-0.240773429,0.070842394
3.507000,1.732455787,-0.239650865,-6.318216191,0.208475580,-0.284447386,0.041814934
3.508000,1.496318159,-0.263491005,-6.599964701,0.218084089,-0.332040124,0.011693474
3.509000,1.271110566,-0.278089885,-6.894346717,0.224779507,-0.382560859,-0.016172073
3.510000,1.079209223,-0.331896895,-7.137667810,0.230801142,-0.435329038,-0.039860919
3.511000,0.945971436,-0.356556490,-7.354383362,0.232251859,-0.488282234,-0.058184160
3.512000,0.910906131,-0.402183619,-7.547975550,0.230337019,-0.541655039,-0.068995860
3.513000,0.952025504,-0.419646794,-7.758628668,0.223904835,-0.594574252,-0.075017619
3.514000,1.045756426,-0.391302796,-7.976089878,0.213655550,-0.645480951,-0.077480227
3.515000,1.155008677,-0.291753039,-8.221816292,0.199249010,-0.695964520,-0.078060420
3.516000,1.281281374,-0.160144382,-8.546489303,0.210096314,-0.752077949,-0.072099523
3.517000,1.381872208,0.016826487,-8.846686803,0.191920342,-0.800855918,-0.068006932
3.518000,1.491952447,0.133292988,-9.141823308,0.175276728,-0.847838726,-0.060525846
3.519000,1.601842029,0.178560965,-9.442032935,0.161760019,-0.895770165,-0.052524007
3.520000,1.756666515,0.111279991,-9.747284344,0.152449041,-0.943199729,-0.044187978
3.521000,1.964643891,0.011950648,-10.041028103,0.143942815,-0.990375363,-0.035509747
3.522000,2.214716905,-0.142950983,-10.366207289,0.136941480,-1.037908773,-0.027307465
3.523000,2.502595447,-0.264947860,-10.682427933,0.127488079,-1.086024639,-0.018742364
3.524000,2.816299922,-0.312381130,-10.980644118,0.112908443,-1.133664293,-0.009304185
3.525000,3.128039157,-0.264977084,-11.259986359,0.093199654,-1.181523956,-0.000519685
3.526000,3.416845168,-0.204889924,-11.536532723,0.071906612,-1.229208019,0.008766804
3.527000,3.655476525,-0.125824364,-11.819677236,0.050354608,-1.276879417,0.016412091
3.528000,3.845173552,-0.117780210,-12.109291118,0.033454600,-1.324198710,0.021452606
3.529000,4.025093927,-0.155706425,-12.400331401,0.021360078,-1.370484116,0.027297130
3.530000,4.199756433,-0.221429120,-12.715069098,0.012024645,-1.414924235,0.035564693
3.531000,4.441147773,-0.291190575,-13.032039767,0.005533324,-1.453966324,0.044279746
3.532000,4.741825052,-0.336981191,-13.317359811,0.001069551,-1.487827583,0.056217412
3.533000,5.108643787,-0.356260383,-13.569743737,-0.002415659,-1.515590758,0.069222703
3.534000,5.477595044,-0.388364428,-13.793066752,-0.005381582,-1.541599258,0.080142890
3.535000,5.852071595,-0.441729737,-13.925854105,-0.008857106,-1.566089431,0.085956176
3.536000,6.164249330,-0.499490457,-13.946873045,-0.016425030,-1.592693421,0.085537099
3.537000,6.405656733,-0.565883301,-13.914774396,-0.026523696,-1.621688652,0.079199228
3.538000,6.481597295,-0.609108027,-13.830798045,-0.038863773,-1.655760991,0.065982698
3.539000,6.438579427,-0.629202542,-13.723684292,-0.052632345,-1.693436593,0.049816556
3.540000,6.297468911,-0.640512793,-13.644079745,-0.065057599,-1.734345163,0.031030789
3.541000,6.047740206,-0.675816734,-13.585370331,-0.072354360,-1.778303863,0.012960512
3.542000,5.753235401,-0.733582675,-13.536605612,-0.075403219,-1.822601244,-0.004280401
3.543000,5.399221308,-0.812440719,-13.456017637,-0.075947484,-1.864861378,-0.018900598
3.544000,5.055985093,-0.893173126,-13.361648584,-0.075494253,-1.903504518,-0.030564568
3.545000,4.745865304,-0.942158423,-13.229958442,-0.075205158,-1.936649080,-0.036214303
3.546000,4.426353653,-0.953267012,-13.060918875,-0.076533776,-1.966032445,-0.038604911
3.547000,4.130449096,-0.874887611,-12.836639237,-0.081062308,-1.988672872,-0.036014932
3.548000,3.844836780,-0.760789182,-12.577107538,-0.088692383,-2.006391508,-0.030818752
3.549000,3.512500908,-0.634428910,-12.277817636,-0.098012945,-2.021412136,-0.025657266
3.550000,3.112856103,-0.498408350,-11.956881718,-0.108582553,-2.034030854,-0.022142416
3.551000,2.673939616,-0.358271566,-11.632461758,-0.120705625,-2.042524941,-0.020696611
3.552000,2.190254945,-0.232707052,-11.303004894,-0.133003699,-2.047336224,-0.021343747
3.553000,1.690347529,-0.106208188,-10.989039082,-0.143192471,-2.043647592,-0.025054432
3.554000,1.224056298,0.018348387,-10.681347745,-0.152283690,-2.034583476,-0.029703509
3.555000,0.870694555,0.115256292,-10.402824138,-0.158684179,-2.012171893,-0.036604583
3.556000,0.542974189,0.198798605,-10.126009838,-0.164453243,-1.987553217,-0.043988309
3.557000,0.297900664,0.223252869,-9.830756979,-0.166345617,-1.951593891,-0.053885324
3.558000,0.165537540,0.212556291,-9.500661997,-0.166398855,-1.905912900,-0.066352181
3.559000,0.077236668,0.187344639,-9.151981378,-0.165278372,-1.857181322,-0.079777601
3.560000,0.042029260,0.107757863,-8.778506434,-0.162175898,-1.803973815,-0.094840726
3.561000,0.034442670,0.042567619,-8.396473542,-0.160654661,-1.748522691,-0.110826850
3.562000,0.016020722,-0.002772130,-7.999953046,-0.160463462,-1.690831653,-0.127541999
3.563000,-0.044631484,-0.012380542,-7.597151354,-0.161968537,-1.633207159,-0.144047518
3.564000,-0.148414116,0.027732985,-7.202719979,-0.164603715,-1.574990162,-0.159004323
3.565000,-0.298505095,0.122288351,-6.816969663,-0.169407450,-1.515242786,-0.172521206
3.566000,-0.439415999,0.210758194,-6.440212857,-0.174497060,-1.452563879,-0.184764671
3.567000,-0.520714872,0.293726215,-6.073763363,-0.180480822,-1.383987121,-0.194965359
3.568000,-0.526555297,0.318796579,-5.732359041,-0.184216606,-1.308031215,-0.203205387
3.569000,-0.460292969,0.296011465,-5.393750719,-0.186949291,-1.226510954,-0.210379169
3.570000,-0.340583078,0.230907492,-5.039851535,-0.188433445,-1.140279241,-0.216962773
3.571000,-0.217460799,0.137835455,-4.662322361,-0.187365794,-1.052019075,-0.222315772
3.572000,-0.090315570,0.040184311,-4.272280725,-0.184718941,-0.962303901,-0.226978562
3.573000,0.023082346,-0.036869019,-3.876958197,-0.182349192,-0.872556325,-0.230553850
3.574000,0.119893744,-0.101954581,-3.479200937,-0.179822058,-0.783911067,-0.233478359
3.575000,0.176403579,-0.129626371,-3.092534795,-0.177970089,-0.697264679,-0.237020992
3.576000,0.215318329,-0.127437893,-2.712856742,-0.177392277,-0.611534706,-0.240410455
3.577000,0.241368386,-0.090072164,-2.342003353,-0.178968310,-0.526497347,-0.244407245
3.578000,0.279238389,-0.013961671,-1.952586091,-0.183686497,-0.439873484,-0.249398268
3.579000,0.320173456,0.065585091,-1.562454762,-0.188472685,-0.351081477,-0.253008668
3.580000,0.377620315,0.139263430,-1.186770784,-0.192357320,-0.261378882,-0.255223021
3.581000,0.436708714,0.186421198,-0.808245376,-0.194849476,-0.170778474,-0.258057009
3.582000,0.506793587,0.194523066,-0.424594909,-0.195205081,-0.077952754,-0.260823169
3.583000,0.557336392,0.156860677,-0.075497825,-0.191107887,0.013526490,-0.262416301
3.584000,0.590827830,0.097010852,0.272500200,-0.184739346,0.103247271,-0.264307295
3.585000,0.590411620,0.031811189,0.645846021,-0.176896756,0.189589630,-0.267165725
3.586000,0.564592184,0.000811968,1.033350488,-0.170267827,0.272518207,-0.268054499
3.587000,0.467622690,0.020310462,1.428933843,-0.164613226,0.349230760,-0.265946226
3.588000,0.341826609,0.093431246,1.866657231,-0.164179258,0.423366196,-0.261888344
3.589000,0.221468136,0.187430323,2.319269762,-0.166632599,0.497449717,-0.256305675
3.590000,0.104603407,0.350950590,2.745053660,-0.177762697,0.574526462,-0.245811335
3.591000,0.039579503,0.527993299,3.100813451,-0.194138621,0.653271939,-0.235914959
3.592000,0.015500370,0.704827106,3.407693023,-0.214038127,0.734098200,-0.225794223
3.593000,0.031479790,0.879843023,3.621723089,-0.233748409,0.816760939,-0.214885384
3.594000,0.104274169,1.011607618,3.791884270,-0.248904744,0.899462964,-0.205096455
3.595000,0.213805198,1.110789819,3.899257587,-0.260278433,0.981527887,-0.197461778
3.596000,0.359713160,1.146617120,3.973188928,-0.263542581,1.065545502,-0.189208754
3.597000,0.549597721,1.115278326,4.033250479,-0.260648567,1.150051030,-0.181951579
3.598000,0.815138711,1.003934298,4.133051757,-0.252180473,1.232257755,-0.173464750
3.599000,1.109029065,0.888595491,4.278121783,-0.243106561,1.311571091,-0.164549339
3.600000,1.436517797,0.744526625,4.481412020,-0.231609878,1.387075602,-0.155484006
3.601000,1.786387277,0.641887784,4.777498886,-0.222596071,1.455647861,-0.145035209
3.602000,2.145760078,0.604137936,5.113120245,-0.216658140,1.517808155,-0.132790183
3.603000,2.482759189,0.627935923,5.459601301,-0.213400516,1.572380085,-0.121632697
3.604000,2.804946439,0.662382374,5.804605341,-0.211474647,1.623842988,-0.110971915
3.605000,3.089853574,0.753687752,6.117008815,-0.213441163,1.665261188,-0.098467177
3.606000,3.342669569,0.815262364,6.364258639,-0.214411098,1.697695462,-0.087046489
3.607000,3.571093153,0.844553413,6.579481198,-0.213599979,1.721477987,-0.076078978
3.608000,3.738301683,0.825341453,6.785258563,-0.211276568,1.737524953,-0.065491874
3.609000,3.852776800,0.741892773,6.956792560,-0.207181430,1.747026224,-0.057102507
3.610000,3.916444703,0.607090773,7.081045924,-0.200681455,1.749597295,-0.049911392
3.611000,3.918511003,0.457565608,7.183329114,-0.193504798,1.745545629,-0.043085816
3.612000,3.847792343,0.304008430,7.268749550,-0.186604748,1.734634386,-0.036669312
3.613000,3.731022215,0.179304925,7.315429878,-0.180212094,1.716288754,-0.028997132
3.614000,3.601733771,0.068163354,7.364308179,-0.172744710,1.694163130,-0.020766318
3.615000,3.430799171,0.005689262,7.417489161,-0.164532903,1.664810680,-0.009149815
3.616000,3.260916784,-0.005026670,7.461778045,-0.156959568,1.630527455,0.005357824
3.617000,3.115514821,0.033579304,7.498438057,-0.151171549,1.594624994,0.020466036
3.618000,3.023698701,0.069479911,7.510076789,-0.145397036,1.559351892,0.033616510
3.619000,2.955603750,0.113234427,7.511608700,-0.139704431,1.523021463,0.047338907
3.620000,2.947145127,0.145679108,7.498196751,-0.132521978,1.485290034,0.061449510
3.621000,2.968747509,0.148811525,7.493111904,-0.124106888,1.445903888,0.073836413
3.622000,3.046100042,0.106235662,7.493266797,-0.111940488,1.404902536,0.085150816
3.623000,3.123140975,0.049932446,7.500160735,-0.098950031,1.362325751,0.096513395
3.624000,3.182293786,-0.029366876,7.524633980,-0.085673235,1.311556852,0.109816137
3.625000,3.194717558,-0.084285112,7.551500937,-0.075513204,1.254635494,0.122819183
3.626000,3.120229669,-0.091756198,7.571576118,-0.069387563,1.190132588,0.136605424
3.627000,2.945560571,-0.033220780,7.593819697,-0.068677980,1.119195127,0.151967649
3.628000,2.661635465,0.085761156,7.589169887,-0.074164195,1.042831258,0.167251748
3.629000,2.310851198,0.225134195,7.574269570,-0.083207754,0.962928928,0.182597570
3.630000,1.888515593,0.376390655,7.524799053,-0.094369030,0.880308815,0.198302873
3.631000,1.469930557,0.473933905,7.451022364,-0.104869621,0.798706289,0.213655442
3.632000,1.029467447,0.523440042,7.343636439,-0.115036366,0.715869283,0.226895095
3.633000,0.625783219,0.499619232,7.240834401,-0.118848394,0.634151494,0.236162483
3.634000,0.267898851,0.455987005,7.162301967,-0.120759094,0.552928246,0.243780483
3.635000,-0.058845879,0.369576788,7.095694383,-0.117528103,0.473515916,0.247501156
3.636000,-0.319455762,0.323856183,6.983809385,-0.109910192,0.400163596,0.248878498
3.637000,-0.519362565,0.228652829,6.824718161,-0.092071786,0.332135784,0.248377595
3.638000,-0.650411685,0.075231138,6.653005681,-0.064034057,0.271745106,0.248341383
3.639000,-0.737059173,-0.128944775,6.478542286,-0.026423967,0.217208923,0.249498456
3.640000,-0.759082860,-0.360998378,6.310262975,0.016642895,0.170187218,0.255521016
3.641000,-0.773832869,-0.601927275,6.235154623,0.060206754,0.127217652,0.264323270
3.642000,-0.776518010,-0.781932186,6.242261841,0.096209864,0.088025312,0.275878122
3.643000,-0.737317946,-0.845387585,6.268747655,0.115689111,0.060731486,0.291374176
3.644000,-0.639446462,-0.804413307,6.235000732,0.122845124,0.044441613,0.303502345
3.645000,-0.508761345,-0.687360961,6.152473425,0.115287212,0.038825236,0.312065742
3.646000,-0.227203639,-0.552452840,5.974969050,0.095458960,0.050626165,0.318848864
3.647000,0.125695903,-0.421794708,5.694458066,0.070563497,0.073134815,0.323858371
3.648000,0.536959189,-0.352469642,5.356639883,0.048032545,0.100895426,0.318915186
3.649000,0.978619983,-0.338814408,5.045485400,0.029159362,0.130227460,0.312713679
3.650000,1.451136680,-0.394864038,4.788904680,0.015329058,0.160928972,0.304622552
3.651000,1.816446502,-0.483260755,4.563329063,0.008714556,0.188505935,0.292000549
3.652000,2.106570862,-0.640825351,4.417230308,0.012221629,0.211745375,0.276142992
3.653000,2.265249287,-0.839203186,4.357070161,0.021568856,0.229243251,0.260693365
3.654000,2.302791834,-1.028110996,4.295713062,0.032111443,0.242557343,0.243433591
3.655000,2.214413675,-1.238724127,4.266677187,0.048534632,0.250253069,0.224485006
3.656000,2.016810349,-1.428115651,4.293266916,0.062686285,0.254942413,0.207770795
3.657000,1.792547316,-1.535724625,4.390922382,0.070423089,0.258413449,0.192879872
3.658000,1.574627775,-1.519163311,4.511172142,0.065462535,0.265131153,0.183891345
3.659000,1.399915636,-1.442260782,4.660830288,0.054860384,0.273164345,0.177671398
3.660000,1.234135379,-1.288838137,4.856481012,0.031664384,0.285784344,0.174419191
3.661000,1.090991557,-1.094380067,5.071139803,-0.001737403,0.302615997,0.165345344
3.662000,0.945231610,-0.890914954,5.266577808,-0.036737281,0.320617564,0.153561532
3.663000,0.757224913,-0.770013330,5.455115074,-0.064633666,0.337820856,0.134260540
3.664000,0.570877394,-0.681563945,5.662042096,-0.086529730,0.356494875,0.110534248
3.665000,0.371316713,-0.639367011,5.892115080,-0.095634413,0.378994258,0.083221086
3.666000,0.186892056,-0.658393152,6.096196282,-0.090496857,0.410015065,0.059677090
3.667000,0.055742533,-0.726699586,6.337664083,-0.069132063,0.452082141,0.043045579
3.668000,0.035796007,-0.808664224,6.600060215,-0.036086345,0.510584644,0.032160854
3.669000,0.057318692,-0.892353587,6.837756572,-0.002226198,0.577937768,0.026924477
3.670000,0.174867030,-0.957664029,7.081776754,0.034464420,0.659207390,0.030183432
3.671000,0.384963301,-1.013825024,7.345461076,0.067206780,0.748822974,0.036935797
3.672000,0.671993770,-1.018401612,7.555087677,0.094015739,0.845705458,0.047246505
3.673000,1.017248146,-0.922053037,7.745106988,0.108710437,0.945103315,0.062710259
3.674000,1.426446402,-0.797792237,7.927536311,0.120397670,1.046588520,0.077003987
3.675000,1.833051441,-0.620305927,8.121012448,0.125180269,1.145174501,0.090055358
3.676000,2.154961533,-0.379102224,8.321651844,0.124216144,1.239372489,0.103160824
3.677000,2.463341239,-0.130401820,8.547253757,0.122534127,1.333077238,0.115053338
3.678000,2.703747677,0.032003461,8.802552338,0.121109709,1.424543782,0.122409415
3.679000,2.898520647,0.165509663,9.112906482,0.118616831,1.514990018,0.126700860
3.680000,3.062751825,0.239821698,9.414578402,0.116217263,1.605816873,0.129550154
3.681000,3.245313416,0.208719069,9.758034534,0.117538863,1.700051699,0.129727888
3.682000,3.427654515,0.124828991,10.126720816,0.121901453,1.795985775,0.127405684
3.683000,3.613885325,-0.025651169,10.526823649,0.134507899,1.892466625,0.126505426
3.684000,3.792169542,-0.217957189,10.929070527,0.151809755,1.989989384,0.125845781
3.685000,3.963391407,-0.427897649,11.307561735,0.173972670,2.087112475,0.125420267
3.686000,4.126926700,-0.651897240,11.608946195,0.197780863,2.185604654,0.124507342
3.687000,4.258729875,-0.881891112,11.884295614,0.222279246,2.285183601,0.124542144
3.688000,4.431861592,-1.028831919,12.023314289,0.243057743,2.390058969,0.123061956
3.689000,4.621606644,-1.130040965,12.113974184,0.261901085,2.497415215,0.122353302
3.690000,4.841275624,-1.193714749,12.177436702,0.276453924,2.608328183,0.121088657
3.691000,5.207559012,-1.111160202,12.245311361,0.284013398,2.727763067,0.121355673
3.692000,5.667196136,-0.909861268,12.323029339,0.285237703,2.848329612,0.122678782
3.693000,6.231967970,-0.667843473,12.450998858,0.279769338,2.973791387,0.125144349
3.694000,6.825483473,-0.398672332,12.567013091,0.270421958,3.098629755,0.128426425
3.695000,7.519796390,-0.136269575,12.627029240,0.258878018,3.226201761,0.132517707
3.696000,8.259884056,0.033425910,12.681330090,0.247517300,3.356579102,0.137644735
3.697000,9.010757889,0.108479591,12.713789842,0.238808134,3.490829243,0.141849207
3.698000,9.685960682,0.076036469,12.741101725,0.236310289,3.619019647,0.147989843
3.699000,10.308528041,-0.007167843,12.804920355,0.235036575,3.742375978,0.154767798
3.700000,10.770171125,-0.129168489,12.890658397,0.234889618,3.849978542,0.161561721
3.701000,11.128380360,-0.270391329,12.996180094,0.235122474,3.947270458,0.168654297
3.702000,11.377919740,-0.400568337,13.119897098,0.236111919,4.033798790,0.177026741
3.703000,11.458638892,-0.440395854,13.258471199,0.232766656,4.108007549,0.181705172
3.704000,11.458715165,-0.424911566,13.399358601,0.227906032,4.176790982,0.187102967
3.705000,11.357177960,-0.351266650,13.573353908,0.222761413,4.238835674,0.192961897
3.706000,11.200763631,-0.285319540,13.704362631,0.218257540,4.295855203,0.201270095
3.707000,11.016889509,-0.224132967,13.821524232,0.212258286,4.351103737,0.210374647
3.708000,10.900002140,-0.248457115,13.898824957,0.209279253,4.403676853,0.219821127
3.709000,10.815370075,-0.357635109,13.954581875,0.209290998,4.452110132,0.226315659
3.710000,10.745181894,-0.545099930,14.004711782,0.209780184,4.495947619,0.226115091
3.711000,10.695568924,-0.718134082,14.103907710,0.209257217,4.533552462,0.211875507
3.712000,10.664910694,-0.907623652,14.224898307,0.210237609,4.568030781,0.192838116
3.713000,10.588869650,-0.992943737,14.419924425,0.210024644,4.596950481,0.172030834
3.714000,10.533863622,-1.029775931,14.606782205,0.207792865,4.625583437,0.146850724
3.715000,10.525665084,-0.941650049,14.796446878,0.204850074,4.654063797,0.119912725
3.716000,10.548465808,-0.835974326,14.961573757,0.207086101,4.680807764,0.102821944
3.717000,10.577725845,-0.701316607,15.102542360,0.209199390,4.704948410,0.086873539
3.718000,10.600922333,-0.624469868,15.152900239,0.211171265,4.722909473,0.067979716
3.719000,10.598435853,-0.572765620,15.198390785,0.214109023,4.735675227,0.050052318
3.720000,10.547374512,-0.603737523,15.222980934,0.217076948,4.736373730,0.035745867
3.721000,10.345388238,-0.633351114,15.194981691,0.212399794,4.721437647,0.015813756
3.722000,10.083562086,-0.677928289,15.144971833,0.207313759,4.700529265,-0.003546380
3.723000,9.799007679,-0.740477888,15.100764363,0.203633045,4.672758585,-0.019720166
3.724000,9.438912110,-0.781329890,15.040909959,0.198761841,4.638309993,-0.035408640
3.725000,8.998416583,-0.772992672,14.932217235,0.192780538,4.595181201,-0.054141259
3.726000,8.572881626,-0.747015384,14.820307882,0.191497750,4.547317787,-0.072771398
3.727000,8.150101267,-0.715965133,14.706502430,0.191705862,4.494514486,-0.094863077
3.728000,7.691479920,-0.596890203,14.588367415,0.188534071,4.434919608,-0.118945791
3.729000,7.285997352,-0.503041733,14.469755162,0.186840694,4.374702050,-0.142512785
3.730000,6.984562344,-0.444962943,14.356533659,0.187852299,4.314248428,-0.165621381
3.731000,6.745701925,-0.363333766,14.205452779,0.186279618,4.252772995,-0.187011213
3.732000,6.577238520,-0.313956568,14.040972624,0.184137875,4.190301198,-0.204804390
3.733000,6.430108549,-0.368486224,13.819166892,0.186635399,4.121328392,-0.220024187
3.734000,6.276095684,-0.435422159,13.580843488,0.190296498,4.049506741,-0.233612559
3.735000,6.105509212,-0.490518473,13.290612085,0.193088286,3.969424449,-0.240502810
3.736000,5.884194056,-0.532618238,13.030570781,0.194646542,3.882067912,-0.244197350
3.737000,5.586250538,-0.496189217,12.777964363,0.192394444,3.784795921,-0.245299857
3.738000,5.277295820,-0.344187756,12.565848332,0.184216240,3.684108667,-0.245291163
3.739000,4.909672757,-0.179517862,12.349920454,0.175327172,3.577264275,-0.245253007
3.740000,4.461231794,0.017115659,12.143905574,0.164145152,3.459924194,-0.243883102
3.741000,3.984099468,0.099243781,11.856117465,0.161375039,3.336132769,-0.242349438
3.742000,3.470875265,0.145816462,11.556512929,0.160828032,3.205784887,-0.240970814
3.743000,2.936604675,0.139232428,11.213518948,0.162150444,3.070350045,-0.238881396
3.744000,2.459023834,0.100518182,10.850727089,0.164769059,2.937234044,-0.236236327
3.745000,2.029635442,-0.014152435,10.419409557,0.172412241,2.805291043,-0.235242345
3.746000,1.675421821,-0.090721420,9.966962464,0.174789655,2.672343805,-0.235871740
3.747000,1.373893676,-0.142698687,9.460268667,0.175034873,2.541110067,-0.238144378
3.748000,1.100941794,-0.208464570,8.898639633,0.177218048,2.407135241,-0.244052308
3.749000,0.822311354,-0.238418832,8.341906645,0.177127821,2.271393766,-0.252850312
3.750000,0.577063106,-0.184273176,7.775488773,0.170124508,2.132611755,-0.265718724
3.751000,0.353939739,-0.095008799,7.212129827,0.159260733,1.993126408,-0.280835410
3.752000,0.135147394,0.015673623,6.674017137,0.146064135,1.854492234,-0.296013283
3.753000,-0.093248162,0.175624529,6.168217829,0.126722650,1.717178917,-0.306389659
3.754000,-0.326954656,0.321478529,5.650497174,0.107487620,1.580670187,-0.313339526
3.755000,-0.580181824,0.457761358,5.081442352,0.087744146,1.444616664,-0.316775554
3.756000,-0.836038374,0.588820570,4.511525209,0.068114454,1.308678176,-0.319385162
3.757000,-1.136519880,0.669664568,3.894121223,0.054919036,1.167436834,-0.319283125
3.758000,-1.451779898,0.710689394,3.254649728,0.048046200,1.021028527,-0.321277195
3.759000,-1.778178372,0.696197301,2.647894959,0.047739351,0.873883249,-0.322051040
3.760000,-2.116699870,0.634482530,2.084230670,0.052883330,0.726360768,-0.322457157
3.761000,-2.449057891,0.585758024,1.600932555,0.057833288,0.583046405,-0.323888516
3.762000,-2.778726305,0.529035311,1.130918328,0.063852715,0.443138483,-0.325507225
3.763000,-3.077183002,0.434001530,0.659488834,0.070744873,0.308069273,-0.325627787
3.764000,-3.365716801,0.373366359,0.188120846,0.075290176,0.175665853,-0.326204248
3.765000,-3.620861281,0.355533195,-0.248385035,0.075883032,0.047994222,-0.325994456
3.766000,-3.806163188,0.357220638,-0.698136659,0.072869482,-0.075867941,-0.325145071
3.767000,-3.931272039,0.372577077,-1.178738250,0.067968352,-0.195001965,-0.326026255
3.768000,-3.998374041,0.441787957,-1.664315632,0.061977205,-0.306545716,-0.325260092
3.769000,-4.028256177,0.502867621,-2.145354638,0.056319587,-0.413741982,-0.323663532
3.770000,-3.917389125,0.563953628,-2.649478251,0.050497317,-0.508985815,-0.321255432
3.771000,-3.705671289,0.633431392,-3.166156325,0.044440430,-0.594792296,-0.316393212
3.772000,-3.424142454,0.701908457,-3.688473287,0.037184440,-0.673944133,-0.307584440
3.773000,-3.080714188,0.744780244,-4.226732107,0.028173202,-0.747293943,-0.296513885
3.774000,-2.715253826,0.767373981,-4.776014475,0.017846746,-0.818600559,-0.282482474
3.775000,-2.377305625,0.762828626,-5.305023826,0.006694769,-0.886484324,-0.265812056
3.776000,-2.057335363,0.712591011,-5.789077267,-0.002168172,-0.949393282,-0.247818724
3.777000,-1.757053210,0.654457409,-6.243852728,-0.010531820,-1.009697195,-0.229412115
3.778000,-1.521370949,0.560783030,-6.650192211,-0.014725382,-1.068132442,-0.209046719
3.779000,-1.308751495,0.468659534,-7.014452804,-0.016678577,-1.122892183,-0.187827986
3.780000,-1.104327184,0.379454035,-7.339785274,-0.015166911,-1.173569929,-0.165733236
3.781000,-0.917722536,0.294677837,-7.626845078,-0.011250613,-1.217363783,-0.141852089
3.782000,-0.731235373,0.204845378,-7.908547157,-0.005998114,-1.257740368,-0.117014274
3.783000,-0.514986575,0.151532380,-8.165614541,-0.001691504,-1.290410668,-0.091684886
3.784000,-0.262773399,0.086302127,-8.421020830,0.003263081,-1.315842882,-0.065878702
3.785000,0.026231190,0.002583346,-8.678077343,0.008917840,-1.333010837,-0.039323685
3.786000,0.365026471,-0.089996156,-8.934739757,0.013794744,-1.342744399,-0.013980149
3.787000,0.722976198,-0.171549128,-9.180304324,0.017570342,-1.347797577,0.010045769
3.788000,1.092793899,-0.290390735,-9.418293014,0.021968612,-1.348038240,0.032797551
3.789000,1.454993652,-0.382178622,-9.644634815,0.024952981,-1.346325174,0.055576776
3.790000,1.763171202,-0.423875536,-9.852821005,0.023466556,-1.340832948,0.076817271
3.791000,2.004782315,-0.427187927,-10.033640156,0.018076095,-1.332266048,0.096238580
3.792000,2.199342271,-0.425884806,-10.193179566,0.011638552,-1.322777485,0.114650393
3.793000,2.305563422,-0.374749536,-10.309206111,0.002442650,-1.312811985,0.131530615
3.794000,2.369980043,-0.351173453,-10.394220196,-0.007131816,-1.301803532,0.146746259
3.795000,2.363416572,-0.371201443,-10.433454232,-0.014756212,-1.288923448,0.158778799
3.796000,2.247766218,-0.436068192,-10.398962359,-0.017239784,-1.276792126,0.171128144
3.797000,2.071171185,-0.512736696,-10.336494098,-0.017513074,-1.264520613,0.184711470
3.798000,1.814385017,-0.629674634,-10.260953688,-0.015066148,-1.250952912,0.199027470
3.799000,1.520640339,-0.723149528,-10.171617066,-0.011095965,-1.237151492,0.214684977
3.800000,1.138230596,-0.764465446,-10.088159054,-0.003717916,-1.222483986,0.233356838
3.801000,0.767708469,-0.761129475,-10.041458464,0.006181477,-1.201671857,0.254185354
3.802000,0.425670222,-0.720389435,-9.999811485,0.016317551,-1.176866940,0.276134549
3.803000,0.188299002,-0.656593686,-9.979829615,0.030125039,-1.145098069,0.298870937
3.804000,0.012288468,-0.608389839,-9.983873889,0.046484084,-1.108032120,0.322421375
3.805000,0.034148027,-0.581092093,-9.958766569,0.063677955,-1.058493464,0.345392172
3.806000,0.171576573,-0.572730031,-9.905094987,0.078959058,-1.001515597,0.368253199
3.807000,0.397362358,-0.581126972,-9.836598765,0.090563810,-0.940482577,0.388890128
3.808000,0.664237491,-0.606689660,-9.717144959,0.094766490,-0.877346490,0.405776380
3.809000,0.927319942,-0.646857199,-9.566298802,0.092471806,-0.815093189,0.418073554
3.810000,1.158691266,-0.683771058,-9.399494733,0.083275290,-0.755670523,0.425655202
3.811000,1.295940444,-0.677664451,-9.189804211,0.069737682,-0.705071233,0.433273516
3.812000,1.395293976,-0.665579016,-8.967587234,0.054859376,-0.656444317,0.441469896
3.813000,1.398040143,-0.591686910,-8.762040887,0.037529086,-0.612945298,0.456163098
3.814000,1.330965692,-0.459136301,-8.553632941,0.017536328,-0.573816297,0.476345753
3.815000,1.159698161,-0.242789851,-8.363613402,-0.003100527,-0.538640533,0.505746040
3.816000,0.981791168,-0.036408719,-8.233624908,-0.022010117,-0.501005908,0.532986217
3.817000,0.802031207,0.117171706,-8.153475332,-0.035930196,-0.462123436,0.556181346
3.818000,0.735971094,0.183956087,-8.067084622,-0.041759929,-0.419159149,0.565928493
3.819000,0.800823512,0.173059544,-7.988669752,-0.039552546,-0.370700047,0.564681817
3.820000,1.103422207,0.014981955,-7.895911154,-0.023815874,-0.312141367,0.543470401
3.821000,1.542190491,-0.191455926,-7.751539569,0.000421248,-0.249801886,0.511235643
3.822000,2.089632585,-0.404021370,-7.567847976,0.027531356,-0.184813615,0.473162042
3.823000,2.623699827,-0.612066792,-7.389295520,0.053777245,-0.120887791,0.435190008
3.824000,3.089450395,-0.737718336,-7.173968168,0.073390012,-0.065512962,0.395624590
3.825000,3.436205268,-0.738889702,-6.907308465,0.080973116,-0.024179415,0.355302612
3.826000,3.647363752,-0.652930808,-6.638219921,0.079671421,0.001306517,0.315983072
3.827000,3.777313709,-0.534936133,-6.395373278,0.075129561,0.019710592,0.278459240
3.828000,3.825383074,-0.441395516,-6.191067748,0.071769334,0.029328889,0.244517516
3.829000,3.790207855,-0.310451282,-5.977084745,0.069037823,0.030456482,0.213979890
3.830000,3.654830189,-0.198757036,-5.810916913,0.072631078,0.022405881,0.190485564
3.831000,3.428144123,-0.156661764,-5.700220961,0.081837069,0.006553276,0.174859719
3.832000,3.199619199,-0.145547044,-5.618873273,0.094978258,-0.012225231,0.163535283
3.833000,2.980067536,-0.150677495,-5.564036724,0.112356963,-0.034628929,0.155984320
3.834000,2.775599766,-0.178783580,-5.543231971,0.129728536,-0.058565242,0.149983510
3.835000,2.617577036,-0.242871924,-5.551167800,0.148464377,-0.085684065,0.144300836
3.836000,2.500301704,-0.248114527,-5.596650096,0.162707746,-0.116808401,0.136056101
3.837000,2.385888412,-0.251562641,-5.656833412,0.175230426,-0.149785050,0.123617828
3.838000,2.239059837,-0.258905983,-5.789252863,0.186475001,-0.186088680,0.104228561
3.839000,2.023397706,-0.250597176,-5.985100046,0.196935408,-0.226393687,0.080273956
3.840000,1.804728035,-0.231670703,-6.232255992,0.205127202,-0.269561744,0.051928127
3.841000,1.582839138,-0.253513560,-6.504670585,0.215056238,-0.315447741,0.021479694
3.842000,1.335837767,-0.274230942,-6.802500619,0.223068989,-0.365388245,-0.007723780
3.843000,1.143140990,-0.310765579,-7.059051182,0.228702875,-0.417648845,-0.032070526
3.844000,0.978718908,-0.346376653,-7.285861717,0.232251156,-0.470639272,-0.053115930
3.845000,0.915721682,-0.393113018,-7.481353855,0.231684465,-0.523616817,-0.066142484
3.846000,0.933181084,-0.415075730,-7.687507421,0.226224093,-0.577093627,-0.073149031
3.847000,1.008144451,-0.413056793,-7.895742176,0.217790959,-0.628873389,-0.077311631
3.848000,1.119094953,-0.329171120,-8.139408413,0.204308203,-0.679051041,-0.077852565
3.849000,1.245632505,-0.218677595,-8.441312764,0.216080243,-0.735736850,-0.072955065
3.850000,1.345986864,-0.040428569,-8.749480451,0.198074635,-0.784925015,-0.069838179
3.851000,1.456276063,0.102128891,-9.043078857,0.180523785,-0.832182921,-0.063176205
3.852000,1.560928974,0.179969985,-9.343118246,0.165643719,-0.879637907,-0.055196875
3.853000,1.703028462,0.135958708,-9.643941538,0.155469152,-0.927478309,-0.046995377
3.854000,1.887395759,0.050973609,-9.943258893,0.146744129,-0.974750355,-0.038376236
3.855000,2.127175390,-0.089345136,-10.254261642,0.139335366,-1.021960855,-0.029794028
3.856000,2.400661905,-0.232071402,-10.580470576,0.131104538,-1.070057055,-0.021871578
3.857000,2.713086460,-0.316142338,-10.883062422,0.119062729,-1.117733481,-0.012349588
3.858000,3.024433638,-0.282299297,-11.168777699,0.099774184,-1.165549514,-0.003363609
3.859000,3.323420366,-0.226752175,-11.443595495,0.079214280,-1.213415605,0.005915696
3.860000,3.581621500,-0.150379114,-11.726347640,0.057210055,-1.260944385,0.013900750
3.861000,3.779558884,-0.114153241,-12.014566107,0.038355262,-1.308761587,0.019667357
3.862000,3.965983974,-0.134844291,-12.298651190,0.024564409,-1.355287533,0.025158152
3.863000,4.138944461,-0.198022277,-12.608999068,0.015051451,-1.400390801,0.032702197
3.864000,4.355091229,-0.270704807,-12.933827325,0.007248469,-1.441817763,0.040770025
3.865000,4.625487475,-0.327963624,-13.225933114,0.002617012,-1.477574183,0.051991647
3.866000,4.988006736,-0.348767191,-13.488268365,-0.001499671,-1.506512438,0.064855295
3.867000,5.349138282,-0.376919619,-13.728483640,-0.004168714,-1.533491972,0.077092354
3.868000,5.728079430,-0.424045400,-13.884822215,-0.007593919,-1.557879667,0.084047639
3.869000,6.073001716,-0.479476460,-13.949818299,-0.013236442,-1.583351129,0.087045187
3.870000,6.334243435,-0.545295705,-13.928330296,-0.022996462,-1.611875325,0.081568173
3.871000,6.485117420,-0.596099662,-13.867602116,-0.034223175,-1.643428467,0.071289121
3.872000,6.462955039,-0.626528870,-13.757811779,-0.048130069,-1.680658749,0.055236589
3.873000,6.345613757,-0.636411059,-13.670386884,-0.060929982,-1.720662496,0.037308693
3.874000,6.142512804,-0.657114731,-13.600080256,-0.071107337,-1.763564591,0.018925454
3.875000,5.856354220,-0.712715066,-13.556559039,-0.074686115,-1.807700879,0.001077020
3.876000,5.520639149,-0.784617779,-13.484725801,-0.075947113,-1.850971906,-0.014103140
3.877000,5.161765758,-0.868389556,-13.395454012,-0.075789772,-1.891705791,-0.027573820
3.878000,4.849371118,-0.926957875,-13.275109899,-0.075267735,-1.925648919,-0.034428980
3.879000,4.536260436,-0.966611373,-13.131071653,-0.075517763,-1.957061758,-0.038810790
3.880000,4.225215562,-0.909500238,-12.914348555,-0.079011891,-1.982149111,-0.037320763
3.881000,3.940670481,-0.802177723,-12.667422939,-0.085732594,-2.000761492,-0.032692640
3.882000,3.635366545,-0.676803180,-12.383877402,-0.094809875,-2.016872962,-0.027194303
3.883000,3.246033611,-0.543611695,-12.063451344,-0.105046327,-2.029900631,-0.023267308
3.884000,2.830917318,-0.402194107,-11.741375214,-0.116417442,-2.040610879,-0.020708150
3.885000,2.355462262,-0.274194383,-11.414364922,-0.129088017,-2.046180998,-0.020839525
3.886000,1.856727255,-0.147839241,-11.092405890,-0.139865757,-2.045106645,-0.023720956
3.887000,1.361905535,-0.022138467,-10.781707301,-0.149696080,-2.039960747,-0.027827772
3.888000,0.984498691,0.083532113,-10.494445598,-0.156568632,-2.019962141,-0.034264561
3.889000,0.648907743,0.175195234,-10.218532448,-0.162819131,-1.996224634,-0.041402163
3.890000,0.367567409,0.218345860,-9.933764413,-0.165828131,-1.964784731,-0.050269827
3.891000,0.198204375,0.216643710,-9.614825618,-0.166528303,-1.922002142,-0.062019399
3.892000,0.099396116,0.203126659,-9.271389582,-0.166097327,-1.873864453,-0.075075667
3.893000,0.051982022,0.138498746,-8.904163916,-0.163313505,-1.821924897,-0.089686381
3.894000,0.034867001,0.059032929,-8.524410498,-0.160751930,-1.767356270,-0.105359299
3.895000,0.028286300,0.010405349,-8.131993845,-0.160467302,-1.710122279,-0.121891358
3.896000,-0.020122850,-0.010169766,-7.730227447,-0.161358563,-1.652266878,-0.138613844
3.897000,-0.107846096,0.001628239,-7.334014966,-0.163329717,-1.594886377,-0.154378854
3.898000,-0.248965344,0.090148821,-6.945189420,-0.167777196,-1.535177934,-0.168020953
3.899000,-0.398724032,0.185414719,-6.564241727,-0.172821346,-1.474418209,-0.180971411
3.900000,-0.500469540,0.260711917,-6.197532205,-0.178327075,-1.407332198,-0.191888949
3.901000,-0.531941345,0.315414009,-5.844210665,-0.183162891,-1.334053376,-0.200665474
3.902000,-0.492493891,0.310504902,-5.506230171,-0.186144321,-1.254400025,-0.208089165
3.903000,-0.380574421,0.253788940,-5.158116562,-0.188018174,-1.169110499,-0.214797289
3.904000,-0.256384301,0.169234342,-4.791601948,-0.188036482,-1.081564697,-0.220849133
3.905000,-0.131740444,0.077174364,-4.400856166,-0.185794700,-0.992364602,-0.225354177
3.906000,-0.015099126,-0.015567817,-4.008727166,-0.183034945,-0.902224476,-0.229544468
3.907000,0.093257206,-0.081728580,-3.611825500,-0.180770972,-0.813398443,-0.232509906
3.908000,0.158819176,-0.122899493,-3.221990174,-0.178505922,-0.726029651,-0.235788550
3.909000,0.205067670,-0.133423904,-2.838447672,-0.177275573,-0.640238925,-0.239223615
3.910000,0.233929317,-0.106674125,-2.466125921,-0.178137732,-0.554792405,-0.242956608
3.911000,0.265997457,-0.040480924,-2.083315387,-0.181999329,-0.468831133,-0.247689328
3.912000,0.305903984,0.038712018,-1.691618951,-0.186933810,-0.380867309,-0.252123174
3.913000,0.357459456,0.114204615,-1.312354497,-0.191004247,-0.291296794,-0.254458827
3.914000,0.415633088,0.178777213,-0.936655367,-0.194426151,-0.201168593,-0.256913058
3.915000,0.485074133,0.198644507,-0.546631971,-0.195661363,-0.109055344,-0.260192117
3.916000,0.542145328,0.172687993,-0.190228312,-0.192851058,-0.016701661,-0.261936913
3.917000,0.584026484,0.118552052,0.153484629,-0.187107788,0.073660476,-0.263533741
3.918000,0.591920896,0.053698412,0.520519450,-0.179566314,0.160966801,-0.266178468
3.919000,0.579644189,0.004825057,0.905323433,-0.172398064,0.245712550,-0.268309979
3.920000,0.507418889,0.005514223,1.289461169,-0.165933232,0.324250225,-0.266766777
3.921000,0.384249612,0.066951254,1.721234924,-0.164051012,0.398740757,-0.263337349
3.922000,0.259371243,0.150062234,2.163216582,-0.164950767,0.472620394,-0.258585292
3.923000,0.145200669,0.294168526,2.605409143,-0.173816673,0.548797043,-0.249385817
3.924000,0.051400316,0.466575955,2.991637441,-0.187618345,0.626731326,-0.239279561
3.925000,0.018530726,0.649707109,3.317441217,-0.207313763,0.706571286,-0.229146917
3.926000,0.025401639,0.820771679,3.552625231,-0.227182824,0.789224211,-0.218559021
3.927000,0.070830837,0.978306917,3.747770616,-0.245093296,0.871941580,-0.208084058
3.928000,0.176557943,1.077786742,3.865466144,-0.256492061,0.954212896,-0.199900300
3.929000,0.303524682,1.150274819,3.954933746,-0.263888284,1.037159114,-0.191516496
3.930000,0.473548454,1.137026748,4.010576522,-0.262620839,1.122271233,-0.184621223
3.931000,0.723886611,1.043513099,4.097027490,-0.255117044,1.204859451,-0.176413451
3.932000,1.006695852,0.926251995,4.221700877,-0.246240623,1.285955920,-0.167493683
3.933000,1.326157628,0.794766965,4.411513522,-0.235579839,1.362015088,-0.158519116
3.934000,1.666107419,0.665142458,4.666787862,-0.225050146,1.433925473,-0.148873587
3.935000,2.028189667,0.602647437,4.996463204,-0.218017227,1.498110216,-0.137067064
3.936000,2.371366325,0.619108109,5.344185653,-0.214452784,1.554445309,-0.125266026
3.937000,2.702767180,0.646691890,5.689732843,-0.211548935,1.607806469,-0.114438587
3.938000,2.995551686,0.721215232,6.013380262,-0.212656572,1.651709512,-0.102753244
3.939000,3.263874170,0.801798675,6.290728587,-0.214582488,1.688711264,-0.090819811
3.940000,3.502345379,0.841088458,6.509537894,-0.213987355,1.714807825,-0.079515069
3.941000,3.687224876,0.838704132,6.718127373,-0.212371712,1.732617553,-0.069049954
3.942000,3.821259970,0.775557143,6.906755236,-0.208693043,1.744898415,-0.059770990
3.943000,3.895222069,0.652024773,7.039628136,-0.202848114,1.748740272,-0.052308431
3.944000,3.930198937,0.510255827,7.151015887,-0.195840468,1.747951635,-0.045311440
3.945000,3.882005703,0.351357532,7.246333760,-0.188890773,1.739544658,-0.038916656
3.946000,3.770668027,0.218327962,7.301572422,-0.182277049,1.722752642,-0.031671884
3.947000,3.651178049,0.102407833,7.345118651,-0.175682472,1.702724220,-0.023596909
3.948000,3.491803497,0.024277826,7.401400001,-0.167238379,1.675031532,-0.013400272
3.949000,3.316587551,-0.013409559,7.447056950,-0.159020661,1.642659554,0.000254571
3.950000,3.151281454,0.015508427,7.490985439,-0.152963863,1.606277793,0.015626551
3.951000,3.053094447,0.057346661,7.505985152,-0.147322200,1.571183219,0.029262611
3.952000,2.969218082,0.095964917,7.513547034,-0.141622953,1.535379685,0.042530293
3.953000,2.948102463,0.136227516,7.503201963,-0.135054732,1.497905026,0.056758133
3.954000,2.950300442,0.158225057,7.493803379,-0.127637108,1.459267739,0.070024355
3.955000,3.020746484,0.124141325,7.491583709,-0.116228409,1.418929046,0.081371065
3.956000,3.096807157,0.070424336,7.496632973,-0.103364647,1.376849516,0.092710318
3.957000,3.170136155,-0.003699562,7.517029897,-0.089736067,1.329628058,0.105267707
3.958000,3.192392069,-0.067400332,7.542033249,-0.078757429,1.273812617,0.118552302
3.959000,3.159754905,-0.098292599,7.564404909,-0.070743495,1.212753669,0.131666209
3.960000,3.017836383,-0.065440981,7.594146931,-0.068140942,1.143239840,0.146700032
3.961000,2.768457503,0.042987370,7.591961794,-0.071681949,1.068950504,0.162287340
3.962000,2.437853742,0.174271905,7.582715893,-0.079709589,0.990014622,0.177295764
3.963000,2.032257388,0.326043221,7.543095425,-0.090598819,0.907946942,0.193082990
3.964000,1.610681926,0.446744751,7.480673048,-0.101267967,0.825791513,0.208772607
3.965000,1.174408232,0.513771824,7.376130919,-0.111895188,0.743617440,0.222786541
3.966000,0.755405313,0.510356413,7.274154949,-0.117990597,0.661264009,0.233314471
3.967000,0.384447143,0.474783535,7.183280612,-0.120399832,0.579939724,0.241924866
3.968000,0.049513517,0.399075855,7.118065470,-0.118714778,0.499944707,0.246302435
3.969000,-0.244165300,0.345186393,7.026917686,-0.113966579,0.423853308,0.248837201
3.970000,-0.461140705,0.266685829,6.885013341,-0.099272441,0.353746671,0.248620277
3.971000,-0.609804098,0.129659385,6.710231463,-0.073970033,0.291488833,0.248184625
3.972000,-0.718358402,-0.055208751,6.538966166,-0.040717417,0.234232699,0.248625962
3.973000,-0.754259594,-0.281559004,6.365687017,0.002130139,0.185599278,0.253348142
3.974000,-0.769338310,-0.529462623,6.245865513,0.046281389,0.141064867,0.260820441
3.975000,-0.774473120,-0.737464127,6.232248453,0.087026179,0.100010113,0.271450018
3.976000,-0.752403976,-0.826704938,6.259657627,0.109492881,0.069491818,0.286125781
3.977000,-0.683914011,-0.834803946,6.259295696,0.123322383,0.047568867,0.300034399
3.978000,-0.553934436,-0.729361567,6.182278786,0.118507458,0.040214439,0.309458110
3.979000,-0.336816073,-0.595652123,6.053390891,0.103210614,0.044503602,0.317102556
3.980000,-0.004843757,-0.460306194,5.795949189,0.078548725,0.064593011,0.322655249
3.981000,0.391586022,-0.376822339,5.472126137,0.055585544,0.091160877,0.321324283
3.982000,0.833007355,-0.327806676,5.131920575,0.034418867,0.120544847,0.314445444
3.983000,1.293517985,-0.373613090,4.875680448,0.019693548,0.150613763,0.307548992
3.984000,1.710266733,-0.446094836,4.624525712,0.009396267,0.179974475,0.297060473
3.985000,2.024711846,-0.584442484,4.458348254,0.010276660,0.204923714,0.281218002
3.986000,2.223055336,-0.766136192,4.375912724,0.018080749,0.223602499,0.266312676
3.987000,2.315464152,-0.966999210,4.317983209,0.028165197,0.239055788,0.249544437
3.988000,2.246402773,-1.167285148,4.273132111,0.042835722,0.247852406,0.230841140
3.989000,2.103318238,-1.377402059,4.273471283,0.059137758,0.254188277,0.213259972
3.990000,1.866547372,-1.507233752,4.357735209,0.068821197,0.256681030,0.197621199
3.991000,1.639624132,-1.538097005,4.463152676,0.068188792,0.262965352,0.186127252
3.992000,1.455257974,-1.480175726,4.605018315,0.059748606,0.270018430,0.179393875
3.993000,1.288709700,-1.340745558,4.791337128,0.039880894,0.281318575,0.175383123
3.994000,1.133152522,-1.172303509,5.001519614,0.010916354,0.296676711,0.168669618
3.995000,0.998793096,-0.947399257,5.204688079,-0.026154344,0.314558501,0.158242217
3.996000,0.822128060,-0.810703287,5.392514135,-0.055378175,0.332208889,0.140899340
3.997000,0.633926612,-0.702533558,5.582897618,-0.080659403,0.349886307,0.119224390
3.998000,0.437948560,-0.652524381,5.817342910,-0.093162337,0.371300139,0.092327195
3.999000,0.241439656,-0.633001282,6.017141773,-0.095302146,0.397800817,0.066757569
4.000000,0.098385393,-0.706246235,6.256462785,-0.077051012,0.437211014,0.048011630
4.001000,0.032156083,-0.775605659,6.509900621,-0.048337641,0.489799520,0.035674101
4.002000,0.044309644,-0.866677115,6.766936863,-0.013502652,0.553991618,0.027417360
4.003000,0.132139261,-0.936980923,6.999529569,0.022182606,0.631589999,0.028697534
4.004000,0.296787135,-1.000866400,7.266714377,0.057017653,0.717186334,0.034128866
4.005000,0.565107289,-1.023804376,7.487950686,0.086277673,0.812592519,0.043194089
4.006000,0.900675214,-0.957401321,7.682347669,0.104076966,0.912022619,0.057435507
4.007000,1.283084977,-0.845429708,7.865766929,0.117213061,1.012650799,0.072652491
4.008000,1.705212595,-0.684555910,8.058451935,0.124362007,1.112888470,0.085414989
4.009000,2.051331955,-0.461535685,8.250444320,0.124713957,1.208086976,0.099071787
4.010000,2.365621351,-0.209902151,8.468688621,0.123127494,1.302264008,0.111414906
4.011000,2.630311116,-0.022032385,8.714325908,0.122177983,1.394252496,0.120172066
4.012000,2.837975321,0.127134003,9.001657669,0.119345632,1.484952974,0.125665330
4.013000,3.008914165,0.216892952,9.315746654,0.117037570,1.575518680,0.128627260
4.014000,3.182646194,0.226240228,9.637640548,0.116685682,1.668209524,0.130070353
4.015000,3.367762670,0.156837099,10.001329992,0.119924369,1.763766008,0.128115363
4.016000,3.549774790,0.031394026,10.394811348,0.129485763,1.860194391,0.126650417
4.017000,3.737082073,-0.149259614,10.797105919,0.145597927,1.957380653,0.126205810
4.018000,3.905085247,-0.357392918,11.184721170,0.166185111,2.054801900,0.125373384
4.019000,4.075942941,-0.572467553,11.511625719,0.189722098,2.152502617,0.124816254
4.020000,4.214587667,-0.804520381,11.793926535,0.214242305,2.251662661,0.124784367
4.021000,4.370619455,-0.989276311,11.985296740,0.236257204,2.354745554,0.123273883
4.022000,4.556901404,-1.099766937,12.088822854,0.255965362,2.461328142,0.122646261
4.023000,4.762656955,-1.173737388,12.153841283,0.271620244,2.571016533,0.121439869
4.024000,5.068382665,-1.165781174,12.222542908,0.282968638,2.687743209,0.121098318
4.025000,5.503538041,-0.989625990,12.293971360,0.285613376,2.807819069,0.122015685
4.026000,6.042991305,-0.751562808,12.401501580,0.282523948,2.932306740,0.124325302
4.027000,6.613874241,-0.491661793,12.539283026,0.273539210,3.056532493,0.126957984
4.028000,7.283240717,-0.221860057,12.608440307,0.262901537,3.183560354,0.131194021
4.029000,8.009606111,-0.010771537,12.666736648,0.251112608,3.312291716,0.136039409
4.030000,8.764550027,0.108195879,12.708023677,0.240765572,3.446185679,0.140535840
4.031000,9.461734906,0.086926737,12.731389972,0.237113087,3.576385111,0.145900980
4.032000,10.117350795,0.032116237,12.778963984,0.235340504,3.702754410,0.152554361
4.033000,10.620306568,-0.086640940,12.862764488,0.234833618,3.814556827,0.159184657
4.034000,11.026356535,-0.223148530,12.957066266,0.234853853,3.916505794,0.166084094
4.035000,11.311922565,-0.362132522,13.078281246,0.235575225,4.006433816,0.174259353
4.036000,11.432203421,-0.427610731,13.212209246,0.233903114,4.083307185,0.180146740
4.037000,11.481351532,-0.442782369,13.350791193,0.229716767,4.155403788,0.184904205
4.038000,11.394549736,-0.378055906,13.511935666,0.224447920,4.218405815,0.191106954
4.039000,11.258023977,-0.305069192,13.663931271,0.219945860,4.277350641,0.198309199
4.040000,11.077938955,-0.240450901,13.782501640,0.214264513,4.333019842,0.207283302
4.041000,10.934338136,-0.236951202,13.876674366,0.210267302,4.386637887,0.217258105
4.042000,10.838483909,-0.301596014,13.933290564,0.208574697,4.436668801,0.224702073
4.043000,10.768813020,-0.481846320,13.989674803,0.209762189,4.481503543,0.226506717
4.044000,10.708034763,-0.662326300,14.066865030,0.209636319,4.521595966,0.218237190
4.045000,10.676584436,-0.846411207,14.182065917,0.209870660,4.556696308,0.199545818
4.046000,10.613698489,-0.963799177,14.353507402,0.210055421,4.587352948,0.179182802
4.047000,10.544516458,-1.044152633,14.549812645,0.209737710,4.616183055,0.157188367
4.048000,10.525753805,-0.974311726,14.731438809,0.205504177,4.644547829,0.128462188
4.049000,10.540492073,-0.869296181,14.907468443,0.205705440,4.672487335,0.107379176
4.050000,10.563189886,-0.740506453,15.063763852,0.208069874,4.697280244,0.091590827
4.051000,10.600169504,-0.654302657,15.137963218,0.210855182,4.717813571,0.075034259
4.052000,10.601688314,-0.568520701,15.181342169,0.211972790,4.732833084,0.053969660
4.053000,10.569225101,-0.594088794,15.217415483,0.216444480,4.736759758,0.040903873
4.054000,10.427696931,-0.622966626,15.210789800,0.214265143,4.727751664,0.022613881
4.055000,10.179412079,-0.661860384,15.160856142,0.209074132,4.708518647,0.002791155
4.056000,9.893595824,-0.721556993,15.115412027,0.204885296,4.682118288,-0.014723398
4.057000,9.584428817,-0.780406222,15.070589677,0.201185396,4.651873969,-0.029434092
4.058000,9.148776054,-0.778198972,14.968692914,0.194776467,4.609796873,-0.047757277
4.059000,8.709285364,-0.751713985,14.858137637,0.191261879,4.564474795,-0.065682051
4.060000,8.296958691,-0.732533104,14.746373346,0.191808302,4.512615634,-0.087048436
4.061000,7.837014662,-0.634398349,14.628466626,0.189416019,4.455008165,-0.110980144
4.062000,7.406560862,-0.523415590,14.507750060,0.186795402,4.394780153,-0.134761032
4.063000,7.081519938,-0.464429187,14.393809368,0.187518012,4.334423406,-0.157922590
4.064000,6.815145637,-0.389109616,14.259973652,0.186966530,4.273268442,-0.180272663
4.065000,6.625446313,-0.324206987,14.099472523,0.184589430,4.211885294,-0.199641276
4.066000,6.479437709,-0.344639890,13.895779593,0.185567035,4.144552304,-0.214899619
4.067000,6.326960725,-0.414916218,13.665923692,0.188843639,4.074384191,-0.230083550
4.068000,6.159588973,-0.473174687,13.386375546,0.192389209,3.996243472,-0.238413851
4.069000,5.970450795,-0.522864074,13.116567317,0.194390386,3.912913415,-0.243444123
4.070000,5.690723750,-0.526312775,12.854638548,0.194357035,3.817511169,-0.244753102
4.071000,5.384980485,-0.392248435,12.641993174,0.186602887,3.718165259,-0.245322290
4.072000,5.048578436,-0.243117639,12.417547685,0.179071745,3.614836037,-0.245303152
4.073000,4.611630577,-0.046588761,12.211954566,0.167761168,3.499203343,-0.244419817
4.074000,4.148238007,0.077199875,11.953296784,0.161875410,3.378646179,-0.242774651
4.075000,3.653226159,0.146582857,11.666229560,0.160007464,3.250653861,-0.241560672
4.076000,3.105366612,0.140173027,11.326665651,0.161951055,3.115031196,-0.239963610
4.077000,2.608714568,0.134276041,10.983581747,0.162682540,2.981257356,-0.236794212
4.078000,2.172191820,0.027849074,10.566849159,0.169577853,2.849478755,-0.235520371
4.079000,1.783606263,-0.072460790,10.124889845,0.174931366,2.716332250,-0.235242551
4.080000,1.465596203,-0.127715335,9.638329424,0.174741333,2.584591779,-0.237289222
4.081000,1.196644496,-0.189600681,9.091856069,0.176510391,2.452563278,-0.241282172
4.082000,0.910409650,-0.242975486,8.513016327,0.178354205,2.316229428,-0.249698183
4.083000,0.656945551,-0.206529927,7.969209621,0.172807181,2.179287706,-0.261086420
4.084000,0.428018734,-0.124190921,7.399074478,0.162744820,2.039586836,-0.275537455
4.085000,0.208190541,-0.028530982,6.848132638,0.151518155,1.900884683,-0.290957200
4.086000,-0.017359379,0.127083491,6.331937952,0.133093365,1.762494408,-0.303631612
4.087000,-0.246108404,0.271928973,5.839534056,0.113984284,1.626756231,-0.311632233
4.088000,-0.495341667,0.412381151,5.269694590,0.094398383,1.489769839,-0.315644369
4.089000,-0.750126542,0.547516180,4.703916645,0.074501574,1.354215530,-0.318882783
4.090000,-1.031358314,0.652722811,4.105707691,0.058054573,1.215561571,-0.319248935
4.091000,-1.342865179,0.701226236,3.464874261,0.049612671,1.070347727,-0.320792088
4.092000,-1.670652252,0.716983399,2.838951239,0.046450036,0.922530498,-0.321784196
4.093000,-2.002884751,0.655345342,2.271609834,0.051077209,0.775640817,-0.322343335
4.094000,-2.338948095,0.598003658,1.757083122,0.056348449,0.630321954,-0.323338423
4.095000,-2.667836635,0.552498443,1.288296988,0.061528068,0.489437321,-0.325147775
4.096000,-2.980415495,0.460842087,0.819288008,0.068896200,0.352555445,-0.325565260
4.097000,-3.267743117,0.384267658,0.342404710,0.074175013,0.219475301,-0.325917042
4.098000,-3.535506417,0.359278935,-0.104723172,0.075937116,0.090475905,-0.326136733
4.099000,-3.758728887,0.356916160,-0.542075795,0.074248810,-0.035313672,-0.325003352
4.100000,-3.904182327,0.358301586,-1.015301308,0.070104875,-0.156685340,-0.325955003
4.101000,-3.980157681,0.422614666,-1.503906761,0.063675924,-0.270021676,-0.325611284
4.102000,-4.032563728,0.480643309,-1.985095882,0.058515460,-0.379396759,-0.324502899
4.103000,-3.965409859,0.544718472,-2.477584826,0.052328008,-0.478001488,-0.322099296
4.104000,-3.792680178,0.610799831,-2.994322663,0.046600713,-0.567562063,-0.318750177
4.105000,-3.521893040,0.682820971,-3.513540812,0.039692476,-0.647928865,-0.310822833
4.106000,-3.200316887,0.730911944,-4.044168504,0.031285269,-0.723140599,-0.300414889
4.107000,-2.836293768,0.765756828,-4.595823550,0.021644245,-0.795289875,-0.287638345
4.108000,-2.488020728,0.764676490,-5.128817601,0.010394821,-0.863865485,-0.271369236
4.109000,-2.159062101,0.730629548,-5.637022052,0.000747639,-0.929242286,-0.253972748
4.110000,-1.853881887,0.676513938,-6.093187696,-0.007999794,-0.989695274,-0.235510675
4.111000,-1.599468293,0.590034086,-6.518476642,-0.013379005,-1.049234612,-0.216131984
4.112000,-1.375356770,0.500314883,-6.900430551,-0.016840397,-1.105367002,-0.194923856
4.113000,-1.172994139,0.408568697,-7.232604785,-0.015692425,-1.156772757,-0.173160489
4.114000,-0.978655770,0.325856853,-7.531338074,-0.013061824,-1.203768669,-0.150087641
4.115000,-0.795856067,0.232319804,-7.817859086,-0.007628190,-1.244554012,-0.125380984
4.116000,-0.587510570,0.172513155,-8.082440661,-0.003263117,-1.280276146,-0.100259382
4.117000,-0.355331641,0.110673513,-8.333559549,0.001585143,-1.308559817,-0.074572006
4.118000,-0.070105408,0.030500890,-8.592389859,0.007032455,-1.327289513,-0.048175035
4.119000,0.245400206,-0.062413794,-8.851465809,0.012512378,-1.340714669,-0.022193107
4.120000,0.603597874,-0.144070449,-9.099793378,0.016344000,-1.346617380,0.002304168
4.121000,0.965498389,-0.255550761,-9.338465648,0.020641442,-1.348424895,0.025203359
4.122000,1.344145756,-0.357914990,-9.575098373,0.024467860,-1.347186866,0.047964006
4.123000,1.660739440,-0.410061343,-9.783382350,0.023975838,-1.342701096,0.069767478
4.124000,1.932061605,-0.426273987,-9.977830132,0.020197118,-1.335520001,0.090015093
4.125000,2.145193411,-0.428733813,-10.143795174,0.013836201,-1.325838232,0.108620736
4.126000,2.275930868,-0.388196238,-10.272462142,0.005561066,-1.316151456,0.126054426
4.127000,2.356760174,-0.352457232,-10.374182654,-0.003973380,-1.306032472,0.142374644
4.128000,2.365749224,-0.364512432,-10.420428756,-0.012217327,-1.293216161,0.154770849
4.129000,2.302942805,-0.411149920,-10.417092834,-0.017072093,-1.280643663,0.166732619
4.130000,2.135432964,-0.485182371,-10.360688860,-0.017530183,-1.268923949,0.180116192
4.131000,1.903242155,-0.596364811,-10.289630306,-0.015773748,-1.255516540,0.194224855
4.132000,1.627873753,-0.694034173,-10.201645850,-0.013088261,-1.241852769,0.209114308
4.133000,1.267181109,-0.751862006,-10.115816738,-0.006218053,-1.227399460,0.227077916
4.134000,0.886890618,-0.772261911,-10.056036800,0.002921832,-1.209629442,0.246949480
4.135000,0.529344171,-0.738864603,-10.012301792,0.012700768,-1.185756687,0.268657102
4.136000,0.264505385,-0.670967416,-9.980401715,0.024744453,-1.156098670,0.291214387
4.137000,0.045640696,-0.626900599,-9.981034786,0.040959531,-1.122244569,0.314307907
4.138000,0.024951423,-0.589931829,-9.967349316,0.057855152,-1.075101715,0.337742129
4.139000,0.110735769,-0.572907633,-9.924374036,0.074206466,-1.021097537,0.360855851
4.140000,0.322538440,-0.577294004,-9.860163494,0.086749333,-0.960809648,0.382029112
4.141000,0.561569152,-0.600246328,-9.759843990,0.094150230,-0.899143895,0.400665979
4.142000,0.856224150,-0.628493349,-9.626544162,0.094580465,-0.834791176,0.414970151
4.143000,1.081736865,-0.674012393,-9.456752963,0.086420556,-0.775398292,0.423091911
4.144000,1.262438274,-0.681515704,-9.263932125,0.074694717,-0.721294829,0.430556745
4.145000,1.362944783,-0.669961945,-9.041548383,0.059823613,-0.672624042,0.438707059
4.146000,1.412738543,-0.628173137,-8.835682606,0.044103648,-0.626417007,0.450127631
4.147000,1.364649958,-0.514606442,-8.616787972,0.024322723,-0.586240065,0.468568544
4.148000,1.217149336,-0.317937149,-8.427122181,0.003901417,-0.550351862,0.495767957
4.149000,1.040257916,-0.101696845,-8.265656009,-0.016260197,-0.513875480,0.524332308
4.150000,0.853623969,0.076639053,-8.178209263,-0.032133075,-0.475462822,0.549749132
4.151000,0.741471712,0.173773813,-8.095748559,-0.040972691,-0.434040518,0.564689173
4.152000,0.741677462,0.194968255,-8.012539893,-0.042206554,-0.388577155,0.567343821
4.153000,0.998347296,0.072159827,-7.927083633,-0.029459316,-0.331846599,0.550963087
4.154000,1.378700522,-0.115359098,-7.810406876,-0.008692680,-0.270747952,0.523756232
4.155000,1.907151887,-0.333166222,-7.629078507,0.018494653,-0.206476372,0.485853242
4.156000,2.452673400,-0.544829423,-7.445698391,0.045450141,-0.141661910,0.447788253
4.157000,2.952309247,-0.714626953,-7.262279732,0.068778872,-0.081581819,0.409126101
4.158000,3.324089480,-0.741754321,-6.996023141,0.078695648,-0.037714096,0.368649484
4.159000,3.598509458,-0.690112882,-6.721675902,0.080958555,-0.005344352,0.328689850
4.160000,3.740982335,-0.576868827,-6.473148838,0.076925033,0.014229907,0.290712666
4.161000,3.817411363,-0.483156102,-6.265869986,0.073208952,0.027161301,0.255536857
4.162000,3.824027086,-0.350891581,-6.041311350,0.069048753,0.031907769,0.223219675
4.163000,3.701425656,-0.233951489,-5.865896854,0.071278982,0.025275970,0.198227644
4.164000,3.504223132,-0.163966893,-5.729241775,0.077952029,0.012498213,0.178897249
4.165000,3.274952549,-0.142943268,-5.642711338,0.089748289,-0.005487376,0.166877182
4.166000,3.055668971,-0.140218824,-5.577793006,0.106466448,-0.026827738,0.158120301
4.167000,2.833237409,-0.169438675,-5.542366770,0.124077802,-0.050336716,0.151792425
4.168000,2.668145847,-0.220994983,-5.547689459,0.142167015,-0.076586668,0.146167287
4.169000,2.536833330,-0.249962633,-5.581860036,0.158302266,-0.105952304,0.139794221
4.170000,2.428060674,-0.247098432,-5.632078609,0.171193389,-0.138413921,0.128250771
4.171000,2.286055757,-0.264454740,-5.735350501,0.182836212,-0.173946242,0.111163248
4.172000,2.102290090,-0.248407782,-5.909399006,0.193316223,-0.212115005,0.089247963
4.173000,1.877657233,-0.237382521,-6.149806642,0.202353521,-0.255153172,0.061410832
4.174000,1.661133093,-0.246503863,-6.409540370,0.211844181,-0.299605073,0.031533207
4.175000,1.413664452,-0.271218908,-6.699258831,0.220736333,-0.348582489,0.001949757
4.176000,1.207072758,-0.289634264,-6.980434554,0.226604609,-0.399968653,-0.024280133
4.177000,1.022560620,-0.341204160,-7.215647587,0.231938409,-0.453021948,-0.047056035
4.178000,0.930846559,-0.374834754,-7.417868609,0.231968162,-0.505949525,-0.062163322
4.179000,0.914336665,-0.410504665,-7.616386174,0.228543350,-0.559613002,-0.071280443
4.180000,0.972936537,-0.422652231,-7.827487750,0.221463699,-0.611979496,-0.076662376
4.181000,1.083181229,-0.366589201,-8.057000533,0.209367396,-0.662137562,-0.077644711
4.182000,1.205703189,-0.267865761,-8.342478090,0.221670352,-0.719781253,-0.073048785
4.183000,1.313634119,-0.100286476,-8.647984877,0.204085475,-0.768501482,-0.070968851
4.184000,1.420328902,0.070530243,-8.944326714,0.185791764,-0.816533571,-0.065825659
4.185000,1.527356176,0.163569171,-9.240911462,0.170084260,-0.863522748,-0.057871529
4.186000,1.649390409,0.160637425,-9.540598732,0.158489263,-0.911756889,-0.049802777
4.187000,1.815802766,0.085815251,-9.846950039,0.149507275,-0.958975704,-0.041327578
4.188000,2.045909640,-0.038697244,-10.147644873,0.141639090,-1.006168109,-0.032651887
4.189000,2.308978719,-0.190205081,-10.476259579,0.134148932,-1.053909090,-0.024590821
4.190000,2.605039595,-0.297043371,-10.784179432,0.123799785,-1.101976739,-0.015603697
4.191000,2.920828119,-0.299621509,-11.077569039,0.106348714,-1.149575073,-0.006207534
4.192000,3.226934026,-0.246403594,-11.352829379,0.086379824,-1.197512943,0.002409895
4.193000,3.502498893,-0.178113810,-11.630910008,0.064472679,-1.244999367,0.011343048
4.194000,3.715027880,-0.119587798,-11.917323637,0.044343657,-1.292996715,0.018035667
4.195000,3.910788220,-0.121407180,-12.204016129,0.028553937,-1.339635834,0.023237854
4.196000,4.084446917,-0.176179814,-12.504127813,0.018210485,-1.385490232,0.029714224
4.197000,4.276376288,-0.248490080,-12.824967879,0.009462580,-1.428561108,0.038146003
4.198000,4.530320264,-0.311378755,-13.129427121,0.004159974,-1.465955741,0.048060768
4.199000,4.864937051,-0.342854225,-13.405886521,-0.000422404,-1.497470061,0.060505539
4.200000,5.229283397,-0.363811865,-13.651198640,-0.003330369,-1.524666215,0.073582040
4.201000,5.603599366,-0.405728899,-13.839815026,-0.006494393,-1.549705889,0.082135507
4.202000,5.969459935,-0.457360129,-13.944488282,-0.010818481,-1.574406891,0.087317952
4.203000,6.249246382,-0.522393081,-13.937601671,-0.019710746,-1.602284373,0.083552636
4.204000,6.465301685,-0.583783688,-13.897356867,-0.029944337,-1.631783802,0.075867353
4.205000,6.477573332,-0.621635365,-13.793992664,-0.043505903,-1.668103054,0.060667290
4.206000,6.393758603,-0.632309324,-13.696694023,-0.056802365,-1.706979829,0.043586598
4.207000,6.227855940,-0.646563811,-13.620639145,-0.068471902,-1.748669953,0.024896865
4.208000,5.951526121,-0.693936222,-13.571429229,-0.073599832,-1.793008249,0.006957539
4.209000,5.642056989,-0.756794838,-13.513433964,-0.075946742,-1.837082433,-0.009305683
4.210000,5.277971441,-0.840542378,-13.427095184,-0.075935993,-1.878701271,-0.023634929
4.211000,4.952876933,-0.911757326,-13.320261357,-0.075330312,-1.914648758,-0.032643657
4.212000,4.641525427,-0.958750309,-13.183609560,-0.075117714,-1.947187811,-0.037859926
4.213000,4.323596470,-0.933407848,-12.987966641,-0.077672777,-1.974295867,-0.037993834
4.214000,4.038587380,-0.841410544,-12.755971509,-0.083099049,-1.994669119,-0.034643235
4.215000,3.747424742,-0.719380361,-12.485588519,-0.091661366,-2.011989064,-0.028976844
4.216000,3.379211118,-0.588815040,-12.170020971,-0.101510101,-2.025770408,-0.024392201
4.217000,2.975657322,-0.451776213,-11.849407135,-0.112279251,-2.037791095,-0.021292415
4.218000,2.514700939,-0.316232974,-11.523413340,-0.124896821,-2.044352970,-0.020768068
4.219000,2.023106981,-0.189470293,-11.195772698,-0.136539043,-2.046565698,-0.022387479
4.220000,1.523967804,-0.064577136,-10.885672274,-0.146519186,-2.042188539,-0.026387908
4.221000,1.098302828,0.051807934,-10.586067058,-0.154453085,-2.027752388,-0.031924539
4.222000,0.756890418,0.146980471,-10.311202679,-0.160799727,-2.004381645,-0.038944605
4.223000,0.451733591,0.209053940,-10.031269969,-0.165200155,-1.976634259,-0.047035122
4.224000,0.239265708,0.221227211,-9.726080185,-0.166546217,-1.937475722,-0.057803234
4.225000,0.132870705,0.208468871,-9.386498377,-0.166269408,-1.889823657,-0.070684963
4.226000,0.061934784,0.169239630,-9.029821398,-0.164451111,-1.839875979,-0.084532035
4.227000,0.036836954,0.080171633,-8.651235042,-0.161289563,-1.785792881,-0.099980126
4.228000,0.032972737,0.026974370,-8.265116967,-0.160624904,-1.729441872,-0.116401980
4.229000,0.000103324,-0.008217232,-7.865890379,-0.160849238,-1.671446103,-0.133146051
4.230000,-0.069597001,-0.014069084,-7.464383439,-0.162578986,-1.614149775,-0.149461828
4.231000,-0.199425593,0.058009290,-7.073409177,-0.166146943,-1.555113081,-0.163520699
4.232000,-0.348607133,0.154909252,-6.690009553,-0.171104278,-1.495199251,-0.176943006
4.233000,-0.471104574,0.235250953,-6.318693469,-0.176377298,-1.430011657,-0.188339372
4.234000,-0.532686691,0.308552426,-5.956915240,-0.181940746,-1.359642753,-0.197914841
4.235000,-0.512306970,0.315979982,-5.619124781,-0.185180236,-1.281435463,-0.205661982
4.236000,-0.420565764,0.276670387,-5.276381588,-0.187602902,-1.197941757,-0.212631805
4.237000,-0.298752070,0.202613665,-4.918391198,-0.188444896,-1.111171811,-0.218987241
4.238000,-0.174562692,0.107998851,-4.531409793,-0.186600832,-1.022204082,-0.223828876
4.239000,-0.052354178,0.010208762,-4.140830999,-0.183829898,-0.932193341,-0.228418898
4.240000,0.061263818,-0.058170221,-3.745189229,-0.181663438,-0.842888175,-0.231563232
4.241000,0.141234773,-0.116172615,-3.351445553,-0.179041756,-0.754794624,-0.234556109
4.242000,0.192203466,-0.134652508,-2.964084033,-0.177516143,-0.668645134,-0.238198720
4.243000,0.225014662,-0.117541665,-2.589584313,-0.177707408,-0.583180154,-0.241653129
4.244000,0.252756526,-0.067000178,-2.214044683,-0.180312160,-0.497788782,-0.245980389
4.245000,0.291948458,0.011451469,-1.822117362,-0.185302522,-0.410734543,-0.251018734
4.246000,0.337298596,0.089145799,-1.437938210,-0.189651175,-0.321214705,-0.253694633
4.247000,0.397743800,0.163994309,-1.061376420,-0.193662513,-0.231517243,-0.255985067
4.248000,0.460023184,0.192994759,-0.678012822,-0.195260538,-0.140074105,-0.259158947
4.249000,0.526436907,0.186917902,-0.305748293,-0.194365557,-0.047094097,-0.261411050
4.250000,0.572527455,0.141033361,0.039232662,-0.189364716,0.043754641,-0.262895689
4.251000,0.593430173,0.075585635,0.395192878,-0.182235872,0.132343972,-0.265191211
4.252000,0.588505230,0.012750568,0.772742919,-0.174445552,0.218110991,-0.268034073
4.253000,0.538639342,0.002465906,1.160779579,-0.168087774,0.298558827,-0.267458782
4.254000,0.426672616,0.040471261,1.575812618,-0.163922766,0.374115318,-0.264786353
4.255000,0.299403605,0.119911238,2.012079538,-0.164307504,0.447991635,-0.260439340
4.256000,0.185797931,0.237386463,2.465764625,-0.169870649,0.523067624,-0.252960300
4.257000,0.071395877,0.407870277,2.878567075,-0.181983094,0.600610373,-0.242410800
4.258000,0.028735545,0.589291858,3.210011605,-0.200742637,0.679900341,-0.232523776
4.259000,0.019323487,0.761700334,3.483527374,-0.220617239,0.761687484,-0.222232658
4.260000,0.046073484,0.933771252,3.688752966,-0.239952449,0.844276519,-0.211321527
4.261000,0.139310688,1.044783665,3.831674700,-0.252705689,0.926897905,-0.202338823
4.262000,0.256203525,1.136339539,3.930627480,-0.262770300,1.009145169,-0.194362933
4.263000,0.415840141,1.142435056,3.991524469,-0.263139195,1.093935822,-0.186933982
4.264000,0.632634510,1.083091900,4.061003222,-0.258053615,1.177461146,-0.179362152
4.265000,0.907284493,0.964914107,4.171030775,-0.249263468,1.259586291,-0.170508245
4.266000,1.215797459,0.845007304,4.341615025,-0.239549800,1.336954573,-0.161554225
4.267000,1.549125713,0.698979260,4.564280265,-0.227997952,1.411234797,-0.152336052
4.268000,1.907456009,0.620766163,4.886155827,-0.220251375,1.476973556,-0.141097618
4.269000,2.259973461,0.610280294,5.228770004,-0.215505052,1.536510533,-0.128899355
4.270000,2.594152053,0.636763738,5.575016950,-0.212348247,1.590314861,-0.117999369
4.271000,2.901249798,0.688742712,5.909751709,-0.211871981,1.638157835,-0.107039312
4.272000,3.178632388,0.780916637,6.207944159,-0.214106283,1.677586316,-0.094430081
4.273000,3.422946718,0.828580829,6.437027710,-0.214207020,1.706323723,-0.083267123
4.274000,3.632436928,0.844328974,6.649265425,-0.213097347,1.727370034,-0.072589532
4.275000,3.783770251,0.803687265,6.850145949,-0.210031074,1.741778004,-0.062510727
4.276000,3.873999434,0.696958773,6.998210348,-0.205014772,1.747883248,-0.054705469
4.277000,3.928736166,0.560862611,7.118563257,-0.198296231,1.749419741,-0.047637643
4.278000,3.901034513,0.403513530,7.215201980,-0.191183237,1.742665594,-0.041024966
4.279000,3.810313839,0.257350999,7.287714966,-0.184342003,1.729216530,-0.034346636
4.280000,3.691376403,0.140281888,7.329287334,-0.178147140,1.709824867,-0.026322381
4.281000,3.547707736,0.043031562,7.383212625,-0.169940946,1.684814586,-0.017313742
4.282000,3.373092806,-0.007762663,7.432897201,-0.161674649,1.654087758,-0.004507264
4.283000,3.204734163,0.004104136,7.476733422,-0.154917232,1.618347126,0.010481532
4.284000,3.082490193,0.045213412,7.501893514,-0.149247363,1.583014545,0.024908712
4.285000,2.994302955,0.081613160,7.514168427,-0.143471873,1.547520566,0.037970409
4.286000,2.949059800,0.126775924,7.508207175,-0.137587486,1.510520019,0.052066756
4.287000,2.946581939,0.155580403,7.494510920,-0.130163791,1.472456338,0.065871461
4.288000,2.994783492,0.136791167,7.492209538,-0.120187349,1.432446927,0.077603037
4.289000,3.071453599,0.088329999,7.494949885,-0.107652568,1.390876026,0.088930567
4.290000,3.148387517,0.021188656,7.508593699,-0.094306619,1.346469676,0.100703534
4.291000,3.190066580,-0.050515551,7.532565562,-0.082001653,1.292989741,0.114285421
4.292000,3.181868325,-0.095319400,7.557668284,-0.072906979,1.234268343,0.127191540
4.293000,3.069033026,-0.078598590,7.582861524,-0.068764252,1.166686214,0.141652728
4.294000,2.866317054,0.003176466,7.591632673,-0.069588187,1.094718489,0.157297405
4.295000,2.554813427,0.128534942,7.586377981,-0.076646440,1.016712012,0.172216156
4.296000,2.175999182,0.275695786,7.561391797,-0.086828607,0.935585068,0.187863107
4.297000,1.749352279,0.415487491,7.505253390,-0.097779346,0.852911376,0.203469123
4.298000,1.323846748,0.497841901,7.415258719,-0.108591135,0.771269062,0.218308519
4.299000,0.890316042,0.519447853,7.311619367,-0.116864161,0.688426932,0.230275576
4.300000,0.502810049,0.488263182,7.210908075,-0.119664530,0.607076296,0.239166245
4.301000,0.157872913,0.428574921,7.140436556,-0.119901454,0.526373497,0.245103715
4.302000,-0.155096728,0.354165231,7.061963835,-0.116038041,0.448303236,0.248357395
4.303000,-0.391503753,0.295663118,6.935050144,-0.104669895,0.376819818,0.248756002
4.304000,-0.568874291,0.182921520,6.765345158,-0.083598177,0.311379857,0.248108895
4.305000,-0.687255531,0.013381613,6.596197573,-0.052881186,0.252756879,0.248408914
4.306000,-0.749436328,-0.202119630,6.421111060,-0.012382617,0.201011338,0.251175267
4.307000,-0.763549111,-0.445344729,6.273424004,0.031346594,0.155397360,0.257963572
4.308000,-0.773956600,-0.670348673,6.233491386,0.073711570,0.113590491,0.267879901
4.309000,-0.767490007,-0.808022292,6.250567599,0.103296652,0.078252150,0.280877386
4.310000,-0.716226570,-0.852974782,6.270020612,0.121032709,0.053031677,0.295897088
4.311000,-0.596576415,-0.770723453,6.209210000,0.121309756,0.041977513,0.306646774
4.312000,-0.428603039,-0.642087248,6.110756863,0.109936451,0.040724659,0.314859136
4.313000,-0.117636909,-0.505487795,5.886395392,0.086924327,0.057482185,0.320772704
4.314000,0.253791529,-0.400211239,5.587893096,0.063193798,0.081870289,0.323004643
4.315000,0.683276082,-0.331472610,5.241681447,0.040676524,0.110666648,0.316541237
4.316000,1.134255268,-0.353171265,4.962579443,0.024161362,0.140289025,0.310400443
4.317000,1.591963887,-0.420377357,4.704297639,0.011868667,0.170958816,0.301094673
4.318000,1.925686751,-0.533201595,4.508551342,0.009284494,0.197078980,0.286583009
4.319000,2.174701150,-0.697971356,4.393762641,0.014783171,0.217888173,0.271536063
4.320000,2.302212184,-0.909077228,4.339872926,0.024961007,0.234635311,0.255199455
4.321000,2.278391870,-1.095846169,4.279587036,0.037136812,0.245451743,0.237197275
4.322000,2.169401438,-1.311452402,4.264816956,0.054246778,0.252476416,0.218697875
4.323000,1.940869166,-1.470333198,4.325088489,0.066122464,0.255561772,0.202627961
4.324000,1.713242815,-1.540930606,4.425036381,0.069677519,0.260641798,0.189297148
4.325000,1.509631418,-1.500229616,4.559191608,0.062736278,0.267296955,0.181655437
4.326000,1.343284022,-1.392652978,4.726193244,0.048097404,0.276852806,0.176347054
4.327000,1.182740925,-1.233816138,4.928744901,0.021758650,0.291150045,0.171732148
4.328000,1.048830592,-1.016456625,5.140759992,-0.014391159,0.308555283,0.162021069
4.329000,0.887031207,-0.851393243,5.329913195,-0.046122684,0.326596922,0.147538141
4.330000,0.694246752,-0.731975441,5.517772577,-0.073267058,0.343684049,0.127044264
4.331000,0.504580406,-0.665681751,5.742570740,-0.090690260,0.363606020,0.101433303
4.332000,0.305742244,-0.631564473,5.953123710,-0.096242367,0.387947902,0.074814305
4.333000,0.143641164,-0.685266869,6.174390196,-0.084050938,0.423378794,0.053464523
4.334000,0.038203488,-0.748040205,6.422513935,-0.059286707,0.470070043,0.039193399
4.335000,0.037596663,-0.838909402,6.687906804,-0.024683789,0.531644669,0.029247969
4.336000,0.089411492,-0.916297816,6.917282385,0.009900792,0.603972609,0.027211635
4.337000,0.230926475,-0.981842361,7.172362090,0.046028708,0.687638566,0.031822785
4.338000,0.474908609,-1.019109086,7.416738856,0.076767464,0.780699258,0.040040804
4.339000,0.784102282,-0.992749605,7.619588350,0.099443494,0.878941922,0.052160756
4.340000,1.146789903,-0.885572310,7.806100628,0.113151016,0.978795307,0.067812930
4.341000,1.566093087,-0.742819800,7.992675540,0.122563492,1.079877907,0.081258313
4.342000,1.944415649,-0.543913400,8.184664878,0.125187607,1.176760117,0.094590301
4.343000,2.260291442,-0.294502188,8.395170232,0.123671819,1.270818249,0.107287865
4.344000,2.549296763,-0.075152629,8.630163890,0.122334273,1.363730626,0.117708218
4.345000,2.773091803,0.082699384,8.895825576,0.120228787,1.454793757,0.124309503
4.346000,2.955076505,0.193964207,9.216914905,0.117857877,1.545220487,0.127704367
4.347000,3.120068180,0.237875634,9.521630340,0.116289455,1.636671050,0.129973466
4.348000,3.306538043,0.182778084,9.879682263,0.118731616,1.731908853,0.128921625
4.349000,3.488344579,0.081407270,10.260627536,0.125168351,1.828142939,0.126861435
4.350000,3.677819098,-0.085463028,10.662329459,0.139839769,1.924845428,0.126327017
4.351000,3.847235564,-0.287095790,11.060590810,0.158509876,2.022478833,0.125396629
4.352000,4.020136768,-0.499978866,11.411731905,0.181809078,2.119753910,0.125127003
4.353000,4.171235745,-0.728543166,11.701808992,0.205973807,2.218653586,0.124595945
4.354000,4.313059248,-0.939774112,11.938922631,0.229414338,2.319743945,0.123870802
4.355000,4.493145336,-1.068254412,12.061160456,0.249846993,2.425382843,0.122850161
4.356000,4.691186221,-1.153643855,12.130035910,0.266915216,2.534172133,0.121745934
4.357000,4.944743638,-1.196782592,12.196177147,0.280781868,2.647673620,0.121041431
4.358000,5.355548527,-1.050393096,12.269641361,0.284813387,2.767791068,0.121685679
4.359000,5.853860008,-0.830279944,12.362518102,0.283930192,2.890220845,0.123510558
4.360000,6.420931317,-0.583693267,12.501401757,0.276898584,3.015224244,0.125963768
4.361000,7.046691621,-0.307679859,12.590427319,0.266885595,3.140918762,0.129872399
4.362000,7.763072489,-0.070797538,12.651055233,0.255101249,3.268892633,0.134314924
4.363000,8.512062875,0.071208103,12.694838628,0.244120818,3.401358097,0.139096406
4.364000,9.237509131,0.097817004,12.721678220,0.237915886,3.533750574,0.143812118
4.365000,9.907862624,0.062188666,12.753475453,0.235626226,3.661396266,0.150188272
4.366000,10.470442011,-0.044113390,12.834870580,0.234777618,3.779135112,0.156807593
4.367000,10.906738097,-0.174223124,12.920736090,0.234712148,3.884060109,0.163747589
4.368000,11.221435635,-0.316039925,13.037012724,0.235296357,3.976953086,0.171434909
4.369000,11.405767951,-0.414825608,13.165947293,0.235039572,4.058606821,0.178588307
4.370000,11.483275543,-0.451215759,13.304716611,0.231540509,4.132604908,0.183258756
4.371000,11.431921512,-0.404845161,13.450517424,0.226134427,4.197975957,0.189252012
4.372000,11.310727202,-0.325880597,13.621562618,0.221289567,4.258537441,0.195396810
4.373000,11.139351293,-0.262885221,13.743432135,0.216261026,4.314437522,0.204276699
4.374000,10.972741017,-0.229824131,13.851756644,0.211268558,4.369023753,0.214012187
4.375000,10.868456272,-0.269210965,13.917196496,0.208704468,4.420442005,0.222332150
4.376000,10.792444146,-0.418592710,13.974637825,0.209744195,4.467059467,0.226898343
4.377000,10.722497051,-0.606876949,14.035151187,0.209836244,4.508957955,0.223345276
4.378000,10.686076680,-0.782272645,14.142986813,0.209563938,4.545124385,0.205710663
4.379000,10.638909048,-0.934369977,14.288472161,0.210016139,4.577736091,0.185934030
4.380000,10.564040810,-1.022088297,14.486341449,0.209993867,4.606548013,0.164878865
4.381000,10.526972491,-1.007152794,14.665895522,0.206262883,4.635063038,0.137152442
4.382000,10.532644175,-0.900092033,14.851452149,0.204525472,4.663752902,0.112343628
4.383000,10.555827847,-0.788240390,15.012668805,0.207577988,4.689044004,0.097206386
4.384000,10.591413734,-0.679131373,15.121295370,0.210160583,4.711727018,0.081249613
4.385000,10.601675163,-0.594637078,15.167837259,0.211487347,4.728005375,0.060925174
4.386000,10.588401565,-0.584588722,15.212204707,0.215679536,4.736938550,0.045925669
4.387000,10.500516064,-0.620388546,15.220768297,0.216380369,4.733074927,0.029810624
4.388000,10.262400158,-0.647605749,15.177918917,0.210736963,4.714978147,0.009302455
4.389000,9.988320273,-0.698740058,15.129770563,0.205921595,4.691562216,-0.009522928
4.390000,9.700997656,-0.761030519,15.085957752,0.202460195,4.663092310,-0.024652158
4.391000,9.299135526,-0.783405272,15.005168594,0.196772396,4.624412545,-0.041373296
4.392000,8.848356926,-0.759337098,14.895948497,0.191629645,4.580012036,-0.059725148
4.393000,8.434920159,-0.739774244,14.783340614,0.191653026,4.529966710,-0.079909917
4.394000,7.989980281,-0.678281656,14.667791842,0.190601854,4.475017645,-0.102930995
4.395000,7.545945179,-0.559382057,14.548268204,0.187652122,4.414831051,-0.126911438
4.396000,7.178477531,-0.483895430,14.431085077,0.187183725,4.354598384,-0.150223799
4.397000,6.891222007,-0.422227174,14.309529232,0.187762365,4.293801929,-0.173837637
4.398000,6.684051725,-0.342991583,14.152011062,0.185473895,4.232323392,-0.193427767
4.399000,6.528766868,-0.320793557,13.972392294,0.184498670,4.167776217,-0.209775050
4.400000,6.380779389,-0.392332557,13.742554191,0.187703764,4.098104479,-0.225148756
4.401000,6.213668733,-0.455830900,13.482139006,0.191690132,4.023062494,-0.236324892
4.402000,6.050436371,-0.508664769,13.199753325,0.193892800,3.942321978,-0.242176008
4.403000,5.788873039,-0.531016716,12.942733105,0.194563085,3.849935415,-0.244468698
4.404000,5.486168095,-0.444352462,12.710626336,0.189462899,3.751576566,-0.245335498
4.405000,5.168450748,-0.295102445,12.490715942,0.181749831,3.649958657,-0.245287303
4.406000,4.762029360,-0.110293181,12.280003558,0.171377185,3.538482493,-0.244956532
4.407000,4.307870675,0.057723664,12.056313499,0.162035923,3.420228393,-0.243298663
4.408000,3.818711805,0.122959278,11.761216828,0.160688322,3.293397492,-0.241956674
4.409000,3.286202678,0.142558451,11.441338618,0.161467489,3.160307802,-0.240538156
4.410000,2.767842739,0.138291828,11.100372244,0.162349834,3.025668895,-0.237799182
4.411000,2.314748199,0.069850583,10.714288762,0.166743464,2.893666466,-0.235798397
4.412000,1.896251453,-0.053632659,10.269151143,0.174669080,2.760523672,-0.235270076
4.413000,1.567976658,-0.110693895,9.806274747,0.174747911,2.628400106,-0.236611505
4.414000,1.286037485,-0.166372434,9.277431326,0.175763361,2.497013867,-0.239560489
4.415000,1.005239092,-0.227328460,8.705423196,0.177925705,2.361707204,-0.246822444
4.416000,0.736964980,-0.228502019,8.163257655,0.175457312,2.225964760,-0.256468503
4.417000,0.503169068,-0.154061383,7.587997211,0.166396683,2.086327462,-0.270382772
4.418000,0.281289208,-0.062873126,7.028414952,0.155585320,1.947028180,-0.285857419
4.419000,0.059071749,0.072097090,6.502049600,0.139557928,1.808419321,-0.299961062
4.420000,-0.169136945,0.224165566,6.004497705,0.120351935,1.671863426,-0.309147706
4.421000,-0.410501510,0.367000944,5.457946829,0.101052620,1.534923013,-0.314513184
4.422000,-0.665021980,0.503141565,4.893190113,0.081089908,1.399463490,-0.317906739
4.423000,-0.930016128,0.624154271,4.313288231,0.062635275,1.262807801,-0.319477040
4.424000,-1.238906370,0.686783183,3.679157113,0.052077384,1.118969992,-0.320095595
4.425000,-1.560376588,0.716178508,3.046253286,0.046986335,0.971859445,-0.321564133
4.426000,-1.889090470,0.676126140,2.459132903,0.049273835,0.824927914,-0.322234824
4.427000,-2.227525041,0.608971830,1.914179579,0.055016868,0.677883486,-0.322917086
4.428000,-2.558123629,0.569816652,1.444703288,0.059625778,0.536188585,-0.324548320
4.429000,-2.880991488,0.492788734,0.976254155,0.066585052,0.397577188,-0.325531120
4.430000,-3.173950508,0.407160973,0.499689659,0.072593546,0.263583101,-0.325690313
4.431000,-3.450151554,0.363024676,0.038938692,0.075991201,0.132957587,-0.326279011
4.432000,-3.696500506,0.355353151,-0.394190323,0.075354902,0.005933860,-0.325486570
4.433000,-3.855699074,0.357344158,-0.856503783,0.071513446,-0.116329345,-0.325557260
4.434000,-3.956758570,0.397653905,-1.340922573,0.065761334,-0.232689689,-0.325816385
4.435000,-4.016590402,0.460961248,-1.824724503,0.060278485,-0.343069756,-0.324908900
4.436000,-4.011373433,0.524988729,-2.307190535,0.054190550,-0.446939612,-0.322889272
4.437000,-3.859830337,0.588493841,-2.820473542,0.048457456,-0.538799840,-0.320248181
4.438000,-3.614893464,0.658152545,-3.339595617,0.042097511,-0.621467285,-0.313677217
4.439000,-3.317433731,0.717343460,-3.865341970,0.034397957,-0.699019606,-0.304143236
4.440000,-2.958172446,0.756298792,-4.410811209,0.024988771,-0.771382344,-0.292306635
4.441000,-2.598726239,0.766395921,-4.952569437,0.014104432,-0.841239351,-0.276926412
4.442000,-2.265931589,0.747865105,-5.478193422,0.003626054,-0.908370375,-0.259946530
4.443000,-1.955608625,0.694552475,-5.941132481,-0.005083983,-0.969544278,-0.241664699
4.444000,-1.677253992,0.621918650,-6.382334467,-0.012089607,-1.029654993,-0.222845839
4.445000,-1.446783804,0.531420061,-6.779516602,-0.015964204,-1.086968099,-0.202014124
4.446000,-1.241661094,0.437683360,-7.125424296,-0.016217939,-1.139975585,-0.180587742
4.447000,-1.041174113,0.353661391,-7.435919461,-0.014352020,-1.189356949,-0.158251522
4.448000,-0.856789302,0.263498820,-7.722352082,-0.009439401,-1.230958898,-0.133616536
4.449000,-0.661220869,0.188899116,-7.996067583,-0.004613687,-1.269618839,-0.108727212
4.450000,-0.436942564,0.131467591,-8.248774293,-0.000109152,-1.299902221,-0.083060052
4.451000,-0.166442006,0.058418433,-8.506702375,0.005147070,-1.321568190,-0.057026386
4.452000,0.132266480,-0.030219996,-8.764918424,0.010787146,-1.337565623,-0.030640467
4.453000,0.484652737,-0.117578517,-9.018013705,0.015077110,-1.344774129,-0.005767192
4.454000,0.843831587,-0.212145438,-9.259523382,0.019079503,-1.348190849,0.017619557
4.455000,1.220089410,-0.325230709,-9.498120379,0.023295782,-1.347651584,0.040391742
4.456000,1.558307678,-0.396247150,-9.713943696,0.024485119,-1.344569245,0.062717685
4.457000,1.852169463,-0.424866086,-9.917670864,0.021974550,-1.338578654,0.083671335
4.458000,2.077503026,-0.428101866,-10.089450180,0.015955072,-1.329012096,0.102462066
4.459000,2.240568430,-0.406223861,-10.233900205,0.008648465,-1.319476729,0.120431988
4.460000,2.335195977,-0.361302833,-10.345950081,-0.000675765,-1.309472514,0.137006805
4.461000,2.368081877,-0.357823421,-10.407403280,-0.009678441,-1.297508874,0.150762899
4.462000,2.344848537,-0.388151222,-10.431416853,-0.016283362,-1.284702221,0.162644846
4.463000,2.192589630,-0.460986465,-10.380831884,-0.017407474,-1.272940589,0.175523668
4.464000,1.988608592,-0.556500221,-10.314300621,-0.016612101,-1.260030174,0.189455951
4.465000,1.725527879,-0.662984457,-10.232277070,-0.014358548,-1.246389284,0.203830084
4.466000,1.396131622,-0.739258567,-10.143474422,-0.008718190,-1.232314933,0.220798994
4.467000,1.011986568,-0.773569944,-10.069977356,-0.000474024,-1.216551324,0.239948183
4.468000,0.648526320,-0.749997039,-10.026880128,0.009441123,-1.193714272,0.261421228
4.469000,0.341054026,-0.695083734,-9.988402314,0.020315364,-1.166814433,0.283700921
4.470000,0.112092619,-0.642219956,-9.979257515,0.035505626,-1.134097468,0.306527487
4.471000,0.015754819,-0.598771566,-9.975932063,0.052032348,-1.091709966,0.330092086
4.472000,0.058696363,-0.571987545,-9.941670226,0.068750613,-1.040554548,0.353242035
4.473000,0.246846348,-0.574976543,-9.882675203,0.082866563,-0.981173743,0.375148503
4.474000,0.472717664,-0.591149566,-9.801128141,0.092977778,-0.920154844,0.395148103
4.475000,0.766905830,-0.613132993,-9.674445929,0.095382750,-0.855549084,0.410886780
4.476000,1.004528403,-0.660434796,-9.511525882,0.089446181,-0.795245741,0.420582733
4.477000,1.222732729,-0.684156029,-9.337101401,0.079431653,-0.737746601,0.428000187
4.478000,1.329442613,-0.673813198,-9.115676297,0.064780648,-0.688847637,0.435990288
4.479000,1.407168348,-0.651597126,-8.901306102,0.049765353,-0.641156395,0.445280647
4.480000,1.383341744,-0.555200683,-8.688399167,0.030954524,-0.599473588,0.462198565
4.481000,1.274600512,-0.393084446,-8.490630960,0.010903361,-0.562063190,0.485789875
4.482000,1.098723775,-0.174190809,-8.304905201,-0.009800280,-0.526665108,0.515363297
4.483000,0.917686292,0.020294372,-8.205834039,-0.027085192,-0.488239416,0.541391629
4.484000,0.765958677,0.149593688,-8.125756019,-0.038858793,-0.448309930,0.561242972
4.485000,0.730470475,0.194138361,-8.038420685,-0.042547167,-0.404277780,0.567167813
4.486000,0.893272386,0.129337700,-7.958256112,-0.035102757,-0.351551831,0.558455772
4.487000,1.226567807,-0.043360679,-7.859826860,-0.017209820,-0.291658741,0.535000533
4.488000,1.724671189,-0.262311074,-7.690309038,0.009457951,-0.228139129,0.498544443
4.489000,2.272113283,-0.474876518,-7.506617445,0.036568058,-0.163150858,0.460470841
4.490000,2.795806071,-0.673735197,-7.333645385,0.062178414,-0.100152075,0.422391703
4.491000,3.211973692,-0.744618941,-7.084737818,0.076418179,-0.051248777,0.381996357
4.492000,3.532649533,-0.722586634,-6.811721909,0.081804393,-0.013192907,0.341731369
4.493000,3.696218046,-0.615748733,-6.554763939,0.078384286,0.007957385,0.303276293
4.494000,3.799283850,-0.510753691,-6.330747244,0.074135030,0.023630686,0.266941447
4.495000,3.830982727,-0.395678003,-6.112708381,0.070113403,0.031132809,0.233599204
4.496000,3.745973985,-0.270945914,-5.921291179,0.069967208,0.028019639,0.206077167
4.497000,3.586345645,-0.175618697,-5.764079698,0.074609912,0.018184683,0.183755809
4.498000,3.352065114,-0.149356635,-5.671200147,0.085722109,0.000608339,0.170822188
4.499000,3.128075049,-0.140919425,-5.597437227,0.100638556,-0.019437865,0.160740045
4.500000,2.904466101,-0.161136166,-5.550280441,0.118247477,-0.042430119,0.153848339
4.501000,2.718658364,-0.198328169,-5.544470181,0.135828470,-0.067524640,0.148054733
4.502000,2.576445147,-0.245420552,-5.564652278,0.153547436,-0.095528144,0.142243295
4.503000,2.463770078,-0.246266422,-5.611440157,0.167113226,-0.127664499,0.132317982
4.504000,2.335432103,-0.260752752,-5.692510517,0.179088925,-0.161827831,0.117583365
4.505000,2.173392053,-0.252478220,-5.847353007,0.189823588,-0.198902085,0.096960157
4.506000,1.950527469,-0.243989848,-6.067453344,0.199644464,-0.240773429,0.070842394
4.507000,1.732455787,-0.239650865,-6.318216191,0.208475580,-0.284447386,0.041814934
4.508000,1.496318159,-0.263491005,-6.599964701,0.218084089,-0.332040124,0.011693474
4.509000,1.271110566,-0.278089885,-6.894346717,0.224779507,-0.382560859,-0.016172073
4.510000,1.079209223,-0.331896895,-7.137667810,0.230801142,-0.435329038,-0.039860919
4.511000,0.945971436,-0.356556490,-7.354383362,0.232251859,-0.488282234,-0.058184160
4.512000,0.910906131,-0.402183619,-7.547975550,0.230337019,-0.541655039,-0.068995860
4.513000,0.952025504,-0.419646794,-7.758628668,0.223904835,-0.594574252,-0.075017619
4.514000,1.045756426,-0.391302796,-7.976089878,0.213655550,-0.645480951,-0.077480227
4.515000,1.155008677,-0.291753039,-8.221816292,0.199249010,-0.695964520,-0.078060420
4.516000,1.281281374,-0.160144382,-8.546489303,0.210096314,-0.752077949,-0.072099523
4.517000,1.381872208,0.016826487,-8.846686803,0.191920342,-0.800855918,-0.068006932
4.518000,1.491952447,0.133292988,-9.141823308,0.175276728,-0.847838726,-0.060525846
4.519000,1.601842029,0.178560965,-9.442032935,0.161760019,-0.895770165,-0.052524007
4.520000,1.756666515,0.111279991,-9.747284344,0.152449041,-0.943199729,-0.044187978
4.521000,1.964643891,0.011950648,-10.041028103,0.143942815,-0.990375363,-0.035509747
4.522000,2.214716905,-0.142950983,-10.366207289,0.136941480,-1.037908773,-0.027307465
4.523000,2.502595447,-0.264947860,-10.682427933,0.127488079,-1.086024639,-0.018742364
4.524000,2.816299922,-0.312381130,-10.980644118,0.112908443,-1.133664293,-0.009304185
4.525000,3.128039157,-0.264977084,-11.259986359,0.093199654,-1.181523956,-0.000519685
4.526000,3.416845168,-0.204889924,-11.536532723,0.071906612,-1.229208019,0.008766804
4.527000,3.655476525,-0.125824364,-11.819677236,0.050354608,-1.276879417,0.016412091
4.528000,3.845173552,-0.117780210,-12.109291118,0.033454600,-1.324198710,0.021452606
4.529000,4.025093927,-0.155706425,-12.400331401,0.021360078,-1.370484116,0.027297130
4.530000,4.199756433,-0.221429120,-12.715069098,0.012024645,-1.414924235,0.035564693
4.531000,4.441147773,-0.291190575,-13.032039767,0.005533324,-1.453966324,0.044279746
4.532000,4.741825052,-0.336981191,-13.317359811,0.001069551,-1.487827583,0.056217412
4.533000,5.108643787,-0.356260383,-13.569743737,-0.002415659,-1.515590758,0.069222703
4.534000,5.477595044,-0.388364428,-13.793066752,-0.005381582,-1.541599258,0.080142890
4.535000,5.852071595,-0.441729737,-13.925854105,-0.008857106,-1.566089431,0.085956176
4.536000,6.164249330,-0.499490457,-13.946873045,-0.016425030,-1.592693421,0.085537099
4.537000,6.405656733,-0.565883301,-13.914774396,-0.026523696,-1.621688652,0.079199228
4.538000,6.481597295,-0.609108027,-13.830798045,-0.038863773,-1.655760991,0.065982698
4.539000,6.438579427,-0.629202542,-13.723684292,-0.052632345,-1.693436593,0.049816556
4.540000,6.297468911,-0.640512793,-13.644079745,-0.065057599,-1.734345163,0.031030789
4.541000,6.047740206,-0.675816734,-13.585370331,-0.072354360,-1.778303863,0.012960512
4.542000,5.753235401,-0.733582675,-13.536605612,-0.075403219,-1.822601244,-0.004280401
4.543000,5.399221308,-0.812440719,-13.456017637,-0.075947484,-1.864861378,-0.018900598
4.544000,5.055985093,-0.893173126,-13.361648584,-0.075494253,-1.903504518,-0.030564568
4.545000,4.745865304,-0.942158423,-13.229958442,-0.075205158,-1.936649080,-0.036214303
4.546000,4.426353653,-0.953267012,-13.060918875,-0.076533776,-1.966032445,-0.038604911
4.547000,4.130449096,-0.874887611,-12.836639237,-0.081062308,-1.988672872,-0.036014932
4.548000,3.844836780,-0.760789182,-12.577107538,-0.088692383,-2.006391508,-0.030818752
4.549000,3.512500908,-0.634428910,-12.277817636,-0.098012945,-2.021412136,-0.025657266
4.550000,3.112856103,-0.498408350,-11.956881718,-0.108582553,-2.034030854,-0.022142416
4.551000,2.673939616,-0.358271566,-11.632461758,-0.120705625,-2.042524941,-0.020696611
4.552000,2.190254945,-0.232707052,-11.303004894,-0.133003699,-2.047336224,-0.021343747
4.553000,1.690347529,-0.106208188,-10.989039082,-0.143192471,-2.043647592,-0.025054432
4.554000,1.224056298,0.018348387,-10.681347745,-0.152283690,-2.034583476,-0.029703509
4.555000,0.870694555,0.115256292,-10.402824138,-0.158684179,-2.012171893,-0.036604583
4.556000,0.542974189,0.198798605,-10.126009838,-0.164453243,-1.987553217,-0.043988309
4.557000,0.297900664,0.223252869,-9.830756979,-0.166345617,-1.951593891,-0.053885324
4.558000,0.165537540,0.212556291,-9.500661997,-0.166398855,-1.905912900,-0.066352181
4.559000,0.077236668,0.187344639,-9.151981378,-0.165278372,-1.857181322,-0.079777601
4.560000,0.042029260,0.107757863,-8.778506434,-0.162175898,-1.803973815,-0.094840726
4.561000,0.034442670,0.042567619,-8.396473542,-0.160654661,-1.748522691,-0.110826850
4.562000,0.016020722,-0.002772130,-7.999953046,-0.160463462,-1.690831653,-0.127541999
4.563000,-0.044631484,-0.012380542,-7.597151354,-0.161968537,-1.633207159,-0.144047518
4.564000,-0.148414116,0.027732985,-7.202719979,-0.164603715,-1.574990162,-0.159004323
4.565000,-0.298505095,0.122288351,-6.816969663,-0.169407450,-1.515242786,-0.172521206
4.566000,-0.439415999,0.210758194,-6.440212857,-0.174497060,-1.452563879,-0.184764671
4.567000,-0.520714872,0.293726215,-6.073763363,-0.180480822,-1.383987121,-0.194965359
4.568000,-0.526555297,0.318796579,-5.732359041,-0.184216606,-1.308031215,-0.203205387
4.569000,-0.460292969,0.296011465,-5.393750719,-0.186949291,-1.226510954,-0.210379169
4.570000,-0.340583078,0.230907492,-5.039851535,-0.188433445,-1.140279241,-0.216962773
4.571000,-0.217460799,0.137835455,-4.662322361,-0.187365794,-1.052019075,-0.222315772
4.572000,-0.090315570,0.040184311,-4.272280725,-0.184718941,-0.962303901,-0.226978562
4.573000,0.023082346,-0.036869019,-3.876958197,-0.182349192,-0.872556325,-0.230553850
4.574000,0.119893744,-0.101954581,-3.479200937,-0.179822058,-0.783911067,-0.233478359
4.575000,0.176403579,-0.129626371,-3.092534795,-0.177970089,-0.697264679,-0.237020992
4.576000,0.215318329,-0.127437893,-2.712856742,-0.177392277,-0.611534706,-0.240410455
4.577000,0.241368386,-0.090072164,-2.342003353,-0.178968310,-0.526497347,-0.244407245
4.578000,0.279238389,-0.013961671,-1.952586091,-0.183686497,-0.439873484,-0.249398268
4.579000,0.320173456,0.065585091,-1.562454762,-0.188472685,-0.351081477,-0.253008668
4.580000,0.377620315,0.139263430,-1.186770784,-0.192357320,-0.261378882,-0.255223021
4.581000,0.436708714,0.186421198,-0.808245376,-0.194849476,-0.170778474,-0.258057009
4.582000,0.506793587,0.194523066,-0.424594909,-0.195205081,-0.077952754,-0.260823169
4.583000,0.557336392,0.156860677,-0.075497825,-0.191107887,0.013526490,-0.262416301
4.584000,0.590827830,0.097010852,0.272500200,-0.184739346,0.103247271,-0.264307295
4.585000,0.590411620,0.031811189,0.645846021,-0.176896756,0.189589630,-0.267165725
4.586000,0.564592184,0.000811968,1.033350488,-0.170267827,0.272518207,-0.268054499
4.587000,0.467622690,0.020310462,1.428933843,-0.164613226,0.349230760,-0.265946226
4.588000,0.341826609,0.093431246,1.866657231,-0.164179258,0.423366196,-0.261888344
4.589000,0.221468136,0.187430323,2.319269762,-0.166632599,0.497449717,-0.256305675
4.590000,0.104603407,0.350950590,2.745053660,-0.177762697,0.574526462,-0.245811335
4.591000,0.039579503,0.527993299,3.100813451,-0.194138621,0.653271939,-0.235914959
4.592000,0.015500370,0.704827106,3.407693023,-0.214038127,0.734098200,-0.225794223
4.593000,0.031479790,0.879843023,3.621723089,-0.233748409,0.816760939,-0.214885384
4.594000,0.104274169,1.011607618,3.791884270,-0.248904744,0.899462964,-0.205096455
4.595000,0.213805198,1.110789819,3.899257587,-0.260278433,0.981527887,-0.197461778
4.596000,0.359713160,1.146617120,3.973188928,-0.263542581,1.065545502,-0.189208754
4.597000,0.549597721,1.115278326,4.033250479,-0.260648567,1.150051030,-0.181951579
4.598000,0.815138711,1.003934298,4.133051757,-0.252180473,1.232257755,-0.173464750
4.599000,1.109029065,0.888595491,4.278121783,-0.243106561,1.311571091,-0.164549339
4.600000,1.436517797,0.744526625,4.481412020,-0.231609878,1.387075602,-0.155484006
4.601000,1.786387277,0.641887784,4.777498886,-0.222596071,1.455647861,-0.145035209
4.602000,2.145760078,0.604137936,5.113120245,-0.216658140,1.517808155,-0.132790183
4.603000,2.482759189,0.627935923,5.459601301,-0.213400516,1.572380085,-0.121632697
4.604000,2.804946439,0.662382374,5.804605341,-0.211474647,1.623842988,-0.110971915
4.605000,3.089853574,0.753687752,6.117008815,-0.213441163,1.665261188,-0.098467177
4.606000,3.342669569,0.815262364,6.364258639,-0.214411098,1.697695462,-0.087046489
4.607000,3.571093153,0.844553413,6.579481198,-0.213599979,1.721477987,-0.076078978
4.608000,3.738301683,0.825341453,6.785258563,-0.211276568,1.737524953,-0.065491874
4.609000,3.852776800,0.741892773,6.956792560,-0.207181430,1.747026224,-0.057102507
4.610000,3.916444703,0.607090773,7.081045924,-0.200681455,1.749597295,-0.049911392
4.611000,3.918511003,0.457565608,7.183329114,-0.193504798,1.745545629,-0.043085816
4.612000,3.847792343,0.304008430,7.268749550,-0.186604748,1.734634386,-0.036669312
4.613000,3.731022215,0.179304925,7.315429878,-0.180212094,1.716288754,-0.028997132
4.614000,3.601733771,0.068163354,7.364308179,-0.172744710,1.694163130,-0.020766318
4.615000,3.430799171,0.005689262,7.417489161,-0.164532903,1.664810680,-0.009149815
4.616000,3.260916784,-0.005026670,7.461778045,-0.156959568,1.630527455,0.005357824
4.617000,3.115514821,0.033579304,7.498438057,-0.151171549,1.594624994,0.020466036
4.618000,3.023698701,0.069479911,7.510076789,-0.145397036,1.559351892,0.033616510
4.619000,2.955603750,0.113234427,7.511608700,-0.139704431,1.523021463,0.047338907
4.620000,2.947145127,0.145679108,7.498196751,-0.132521978,1.485290034,0.061449510
4.621000,2.968747509,0.148811525,7.493111904,-0.124106888,1.445903888,0.073836413
4.622000,3.046100042,0.106235662,7.493266797,-0.111940488,1.404902536,0.085150816
4.623000,3.123140975,0.049932446,7.500160735,-0.098950031,1.362325751,0.096513395
4.624000,3.182293786,-0.029366876,7.524633980,-0.085673235,1.311556852,0.109816137
4.625000,3.194717558,-0.084285112,7.551500937,-0.075513204,1.254635494,0.122819183
4.626000,3.120229669,-0.091756198,7.571576118,-0.069387563,1.190132588,0.136605424
4.627000,2.945560571,-0.033220780,7.593819697,-0.068677980,1.119195127,0.151967649
4.628000,2.661635465,0.085761156,7.589169887,-0.074164195,1.042831258,0.167251748
4.629000,2.310851198,0.225134195,7.574269570,-0.083207754,0.962928928,0.182597570
4.630000,1.888515593,0.376390655,7.524799053,-0.094369030,0.880308815,0.198302873
4.631000,1.469930557,0.473933905,7.451022364,-0.104869621,0.798706289,0.213655442
4.632000,1.029467447,0.523440042,7.343636439,-0.115036366,0.715869283,0.226895095
4.633000,0.625783219,0.499619232,7.240834401,-0.118848394,0.634151494,0.236162483
4.634000,0.267898851,0.455987005,7.162301967,-0.120759094,0.552928246,0.243780483
4.635000,-0.058845879,0.369576788,7.095694383,-0.117528103,0.473515916,0.247501156
4.636000,-0.319455762,0.323856183,6.983809385,-0.109910192,0.400163596,0.248878498
4.637000,-0.519362565,0.228652829,6.824718161,-0.092071786,0.332135784,0.248377595
4.638000,-0.650411685,0.075231138,6.653005681,-0.064034057,0.271745106,0.248341383
4.639000,-0.737059173,-0.128944775,6.478542286,-0.026423967,0.217208923,0.249498456
4.640000,-0.759082860,-0.360998378,6.310262975,0.016642895,0.170187218,0.255521016
4.641000,-0.773832869,-0.601927275,6.235154623,0.060206754,0.127217652,0.264323270
4.642000,-0.776518010,-0.781932186,6.242261841,0.096209864,0.088025312,0.275878122
4.643000,-0.737317946,-0.845387585,6.268747655,0.115689111,0.060731486,0.291374176
4.644000,-0.639446462,-0.804413307,6.235000732,0.122845124,0.044441613,0.303502345
4.645000,-0.508761345,-0.687360961,6.152473425,0.115287212,0.038825236,0.312065742
4.646000,-0.227203639,-0.552452840,5.974969050,0.095458960,0.050626165,0.318848864
4.647000,0.125695903,-0.421794708,5.694458066,0.070563497,0.073134815,0.323858371
4.648000,0.536959189,-0.352469642,5.356639883,0.048032545,0.100895426,0.318915186
4.649000,0.978619983,-0.338814408,5.045485400,0.029159362,0.130227460,0.312713679
4.650000,1.451136680,-0.394864038,4.788904680,0.015329058,0.160928972,0.304622552
4.651000,1.816446502,-0.483260755,4.563329063,0.008714556,0.188505935,0.292000549
4.652000,2.106570862,-0.640825351,4.417230308,0.012221629,0.211745375,0.276142992
4.653000,2.265249287,-0.839203186,4.357070161,0.021568856,0.229243251,0.260693365
4.654000,2.302791834,-1.028110996,4.295713062,0.032111443,0.242557343,0.243433591
4.655000,2.214413675,-1.238724127,4.266677187,0.048534632,0.250253069,0.224485006
4.656000,2.016810349,-1.428115651,4.293266916,0.062686285,0.254942413,0.207770795
4.657000,1.792547316,-1.535724625,4.390922382,0.070423089,0.258413449,0.192879872
4.658000,1.574627775,-1.519163311,4.511172142,0.065462535,0.265131153,0.183891345
4.659000,1.399915636,-1.442260782,4.660830288,0.054860384,0.273164345,0.177671398
4.660000,1.234135379,-1.288838137,4.856481012,0.031664384,0.285784344,0.174419191
4.661000,1.090991557,-1.094380067,5.071139803,-0.001737403,0.302615997,0.165345344
4.662000,0.945231610,-0.890914954,5.266577808,-0.036737281,0.320617564,0.153561532
4.663000,0.757224913,-0.770013330,5.455115074,-0.064633666,0.337820856,0.134260540
4.664000,0.570877394,-0.681563945,5.662042096,-0.086529730,0.356494875,0.110534248
4.665000,0.371316713,-0.639367011,5.892115080,-0.095634413,0.378994258,0.083221086
4.666000,0.186892056,-0.658393152,6.096196282,-0.090496857,0.410015065,0.059677090
4.667000,0.055742533,-0.726699586,6.337664083,-0.069132063,0.452082141,0.043045579
4.668000,0.035796007,-0.808664224,6.600060215,-0.036086345,0.510584644,0.032160854
4.669000,0.057318692,-0.892353587,6.837756572,-0.002226198,0.577937768,0.026924477
4.670000,0.174867030,-0.957664029,7.081776754,0.034464420,0.659207390,0.030183432
4.671000,0.384963301,-1.013825024,7.345461076,0.067206780,0.748822974,0.036935797
4.672000,0.671993770,-1.018401612,7.555087677,0.094015739,0.845705458,0.047246505
4.673000,1.017248146,-0.922053037,7.745106988,0.108710437,0.945103315,0.062710259
4.674000,1.426446402,-0.797792237,7.927536311,0.120397670,1.046588520,0.077003987
4.675000,1.833051441,-0.620305927,8.121012448,0.125180269,1.145174501,0.090055358
4.676000,2.154961533,-0.379102224,8.321651844,0.124216144,1.239372489,0.103160824
4.677000,2.463341239,-0.130401820,8.547253757,0.122534127,1.333077238,0.115053338
4.678000,2.703747677,0.032003461,8.802552338,0.121109709,1.424543782,0.122409415
4.679000,2.898520647,0.165509663,9.112906482,0.118616831,1.514990018,0.126700860
4.680000,3.062751825,0.239821698,9.414578402,0.116217263,1.605816873,0.129550154
4.681000,3.245313416,0.208719069,9.758034534,0.117538863,1.700051699,0.129727888
4.682000,3.427654515,0.124828991,10.126720816,0.121901453,1.795985775,0.127405684
4.683000,3.613885325,-0.025651169,10.526823649,0.134507899,1.892466625,0.126505426
4.684000,3.792169542,-0.217957189,10.929070527,0.151809755,1.989989384,0.125845781
4.685000,3.963391407,-0.427897649,11.307561735,0.173972670,2.087112475,0.125420267
4.686000,4.126926700,-0.651897240,11.608946195,0.197780863,2.185604654,0.124507342
4.687000,4.258729875,-0.881891112,11.884295614,0.222279246,2.285183601,0.124542144
4.688000,4.431861592,-1.028831919,12.023314289,0.243057743,2.390058969,0.123061956
4.689000,4.621606644,-1.130040965,12.113974184,0.261901085,2.497415215,0.122353302
4.690000,4.841275624,-1.193714749,12.177436702,0.276453924,2.608328183,0.121088657
4.691000,5.207559012,-1.111160202,12.245311361,0.284013398,2.727763067,0.121355673
4.692000,5.667196136,-0.909861268,12.323029339,0.285237703,2.848329612,0.122678782
4.693000,6.231967970,-0.667843473,12.450998858,0.279769338,2.973791387,0.125144349
4.694000,6.825483473,-0.398672332,12.567013091,0.270421958,3.098629755,0.128426425
4.695000,7.519796390,-0.136269575,12.627029240,0.258878018,3.226201761,0.132517707
4.696000,8.259884056,0.033425910,12.681330090,0.247517300,3.356579102,0.137644735
4.697000,9.010757889,0.108479591,12.713789842,0.238808134,3.490829243,0.141849207
4.698000,9.685960682,0.076036469,12.741101725,0.236310289,3.619019647,0.147989843
4.699000,10.308528041,-0.007167843,12.804920355,0.235036575,3.742375978,0.154767798
4.700000,10.770171125,-0.129168489,12.890658397,0.234889618,3.849978542,0.161561721
4.701000,11.128380360,-0.270391329,12.996180094,0.235122474,3.947270458,0.168654297
4.702000,11.377919740,-0.400568337,13.119897098,0.236111919,4.033798790,0.177026741
4.703000,11.458638892,-0.440395854,13.258471199,0.232766656,4.108007549,0.181705172
4.704000,11.458715165,-0.424911566,13.399358601,0.227906032,4.176790982,0.187102967
4.705000,11.357177960,-0.351266650,13.573353908,0.222761413,4.238835674,0.192961897
4.706000,11.200763631,-0.285319540,13.704362631,0.218257540,4.295855203,0.201270095
4.707000,11.016889509,-0.224132967,13.821524232,0.212258286,4.351103737,0.210374647
4.708000,10.900002140,-0.248457115,13.898824957,0.209279253,4.403676853,0.219821127
4.709000,10.815370075,-0.357635109,13.954581875,0.209290998,4.452110132,0.226315659
4.710000,10.745181894,-0.545099930,14.004711782,0.209780184,4.495947619,0.226115091
4.711000,10.695568924,-0.718134082,14.103907710,0.209257217,4.533552462,0.211875507
4.712000,10.664910694,-0.907623652,14.224898307,0.210237609,4.568030781,0.192838116
4.713000,10.588869650,-0.992943737,14.419924425,0.210024644,4.596950481,0.172030834
4.714000,10.533863622,-1.029775931,14.606782205,0.207792865,4.625583437,0.146850724
4.715000,10.525665084,-0.941650049,14.796446878,0.204850074,4.654063797,0.119912725
4.716000,10.548465808,-0.835974326,14.961573757,0.207086101,4.680807764,0.102821944
4.717000,10.577725845,-0.701316607,15.102542360,0.209199390,4.704948410,0.086873539
4.718000,10.600922333,-0.624469868,15.152900239,0.211171265,4.722909473,0.067979716
4.719000,10.598435853,-0.572765620,15.198390785,0.214109023,4.735675227,0.050052318
4.720000,10.547374512,-0.603737523,15.222980934,0.217076948,4.736373730,0.035745867
4.721000,10.345388238,-0.633351114,15.194981691,0.212399794,4.721437647,0.015813756
4.722000,10.083562086,-0.677928289,15.144971833,0.207313759,4.700529265,-0.003546380
4.723000,9.799007679,-0.740477888,15.100764363,0.203633045,4.672758585,-0.019720166
4.724000,9.438912110,-0.781329890,15.040909959,0.198761841,4.638309993,-0.035408640
4.725000,8.998416583,-0.772992672,14.932217235,0.192780538,4.595181201,-0.054141259
4.726000,8.572881626,-0.747015384,14.820307882,0.191497750,4.547317787,-0.072771398
4.727000,8.150101267,-0.715965133,14.706502430,0.191705862,4.494514486,-0.094863077
4.728000,7.691479920,-0.596890203,14.588367415,0.188534071,4.434919608,-0.118945791
4.729000,7.285997352,-0.503041733,14.469755162,0.186840694,4.374702050,-0.142512785
4.730000,6.984562344,-0.444962943,14.356533659,0.187852299,4.314248428,-0.165621381
4.731000,6.745701925,-0.363333766,14.205452779,0.186279618,4.252772995,-0.187011213
4.732000,6.577238520,-0.313956568,14.040972624,0.184137875,4.190301198,-0.204804390
4.733000,6.430108549,-0.368486224,13.819166892,0.186635399,4.121328392,-0.220024187
4.734000,6.276095684,-0.435422159,13.580843488,0.190296498,4.049506741,-0.233612559
4.735000,6.105509212,-0.490518473,13.290612085,0.193088286,3.969424449,-0.240502810
4.736000,5.884194056,-0.532618238,13.030570781,0.194646542,3.882067912,-0.244197350
4.737000,5.586250538,-0.496189217,12.777964363,0.192394444,3.784795921,-0.245299857
4.738000,5.277295820,-0.344187756,12.565848332,0.184216240,3.684108667,-0.245291163
4.739000,4.909672757,-0.179517862,12.349920454,0.175327172,3.577264275,-0.245253007
4.740000,4.461231794,0.017115659,12.143905574,0.164145152,3.459924194,-0.243883102
4.741000,3.984099468,0.099243781,11.856117465,0.161375039,3.336132769,-0.242349438
4.742000,3.470875265,0.145816462,11.556512929,0.160828032,3.205784887,-0.240970814
4.743000,2.936604675,0.139232428,11.213518948,0.162150444,3.070350045,-0.238881396
4.744000,2.459023834,0.100518182,10.850727089,0.164769059,2.937234044,-0.236236327
4.745000,2.029635442,-0.014152435,10.419409557,0.172412241,2.805291043,-0.235242345
4.746000,1.675421821,-0.090721420,9.966962464,0.174789655,2.672343805,-0.235871740
4.747000,1.373893676,-0.142698687,9.460268667,0.175034873,2.541110067,-0.238144378
4.748000,1.100941794,-0.208464570,8.898639633,0.177218048,2.407135241,-0.244052308
4.749000,0.822311354,-0.238418832,8.341906645,0.177127821,2.271393766,-0.252850312
4.750000,0.577063106,-0.184273176,7.775488773,0.170124508,2.132611755,-0.265718724
4.751000,0.353939739,-0.095008799,7.212129827,0.159260733,1.993126408,-0.280835410
4.752000,0.135147394,0.015673623,6.674017137,0.146064135,1.854492234,-0.296013283
4.753000,-0.093248162,0.175624529,6.168217829,0.126722650,1.717178917,-0.306389659
4.754000,-0.326954656,0.321478529,5.650497174,0.107487620,1.580670187,-0.313339526
4.755000,-0.580181824,0.457761358,5.081442352,0.087744146,1.444616664,-0.316775554
4.756000,-0.836038374,0.588820570,4.511525209,0.068114454,1.308678176,-0.319385162
4.757000,-1.136519880,0.669664568,3.894121223,0.054919036,1.167436834,-0.319283125
4.758000,-1.451779898,0.710689394,3.254649728,0.048046200,1.021028527,-0.321277195
4.759000,-1.778178372,0.696197301,2.647894959,0.047739351,0.873883249,-0.322051040
4.760000,-2.116699870,0.634482530,2.084230670,0.052883330,0.726360768,-0.322457157
4.761000,-2.449057891,0.585758024,1.600932555,0.057833288,0.583046405,-0.323888516
4.762000,-2.778726305,0.529035311,1.130918328,0.063852715,0.443138483,-0.325507225
4.763000,-3.077183002,0.434001530,0.659488834,0.070744873,0.308069273,-0.325627787
4.764000,-3.365716801,0.373366359,0.188120846,0.075290176,0.175665853,-0.326204248
4.765000,-3.620861281,0.355533195,-0.248385035,0.075883032,0.047994222,-0.325994456
4.766000,-3.806163188,0.357220638,-0.698136659,0.072869482,-0.075867941,-0.325145071
4.767000,-3.931272039,0.372577077,-1.178738250,0.067968352,-0.195001965,-0.326026255
4.768000,-3.998374041,0.441787957,-1.664315632,0.061977205,-0.306545716,-0.325260092
4.769000,-4.028256177,0.502867621,-2.145354638,0.056319587,-0.413741982,-0.323663532
4.770000,-3.917389125,0.563953628,-2.649478251,0.050497317,-0.508985815,-0.321255432
4.771000,-3.705671289,0.633431392,-3.166156325,0.044440430,-0.594792296,-0.316393212
4.772000,-3.424142454,0.701908457,-3.688473287,0.037184440,-0.673944133,-0.307584440
4.773000,-3.080714188,0.744780244,-4.226732107,0.028173202,-0.747293943,-0.296513885
4.774000,-2.715253826,0.767373981,-4.776014475,0.017846746,-0.818600559,-0.282482474
4.775000,-2.377305625,0.762828626,-5.305023826,0.006694769,-0.886484324,-0.265812056
4.776000,-2.057335363,0.712591011,-5.789077267,-0.002168172,-0.949393282,-0.247818724
4.777000,-1.757053210,0.654457409,-6.243852728,-0.010531820,-1.009697195,-0.229412115
4.778000,-1.521370949,0.560783030,-6.650192211,-0.014725382,-1.068132442,-0.209046719
4.779000,-1.308751495,0.468659534,-7.014452804,-0.016678577,-1.122892183,-0.187827986
4.780000,-1.104327184,0.379454035,-7.339785274,-0.015166911,-1.173569929,-0.165733236
4.781000,-0.917722536,0.294677837,-7.626845078,-0.011250613,-1.217363783,-0.141852089
4.782000,-0.731235373,0.204845378,-7.908547157,-0.005998114,-1.257740368,-0.117014274
4.783000,-0.514986575,0.151532380,-8.165614541,-0.001691504,-1.290410668,-0.091684886
4.784000,-0.262773399,0.086302127,-8.421020830,0.003263081,-1.315842882,-0.065878702
4.785000,0.026231190,0.002583346,-8.678077343,0.008917840,-1.333010837,-0.039323685
4.786000,0.365026471,-0.089996156,-8.934739757,0.013794744,-1.342744399,-0.013980149
4.787000,0.722976198,-0.171549128,-9.180304324,0.017570342,-1.347797577,0.010045769
4.788000,1.092793899,-0.290390735,-9.418293014,0.021968612,-1.348038240,0.032797551
4.789000,1.454993652,-0.382178622,-9.644634815,0.024952981,-1.346325174,0.055576776
4.790000,1.763171202,-0.423875536,-9.852821005,0.023466556,-1.340832948,0.076817271
4.791000,2.004782315,-0.427187927,-10.033640156,0.018076095,-1.332266048,0.096238580
4.792000,2.199342271,-0.425884806,-10.193179566,0.011638552,-1.322777485,0.114650393
4.793000,2.305563422,-0.374749536,-10.309206111,0.002442650,-1.312811985,0.131530615
4.794000,2.369980043,-0.351173453,-10.394220196,-0.007131816,-1.301803532,0.146746259
4.795000,2.363416572,-0.371201443,-10.433454232,-0.014756212,-1.288923448,0.158778799
4.796000,2.247766218,-0.436068192,-10.398962359,-0.017239784,-1.276792126,0.171128144
4.797000,2.071171185,-0.512736696,-10.336494098,-0.017513074,-1.264520613,0.184711470
4.798000,1.814385017,-0.629674634,-10.260953688,-0.015066148,-1.250952912,0.199027470
4.799000,1.520640339,-0.723149528,-10.171617066,-0.011095965,-1.237151492,0.214684977
4.800000,1.138230596,-0.764465446,-10.088159054,-0.003717916,-1.222483986,0.233356838
4.801000,0.767708469,-0.761129475,-10.041458464,0.006181477,-1.201671857,0.254185354
4.802000,0.425670222,-0.720389435,-9.999811485,0.016317551,-1.176866940,0.276134549
4.803000,0.188299002,-0.656593686,-9.979829615,0.030125039,-1.145098069,0.298870937
4.804000,0.012288468,-0.608389839,-9.983873889,0.046484084,-1.108032120,0.322421375
4.805000,0.034148027,-0.581092093,-9.958766569,0.063677955,-1.058493464,0.345392172
4.806000,0.171576573,-0.572730031,-9.905094987,0.078959058,-1.001515597,0.368253199
4.807000,0.397362358,-0.581126972,-9.836598765,0.090563810,-0.940482577,0.388890128
4.808000,0.664237491,-0.606689660,-9.717144959,0.094766490,-0.877346490,0.405776380
4.809000,0.927319942,-0.646857199,-9.566298802,0.092471806,-0.815093189,0.418073554
4.810000,1.158691266,-0.683771058,-9.399494733,0.083275290,-0.755670523,0.425655202
4.811000,1.295940444,-0.677664451,-9.189804211,0.069737682,-0.705071233,0.433273516
4.812000,1.395293976,-0.665579016,-8.967587234,0.054859376,-0.656444317,0.441469896
4.813000,1.398040143,-0.591686910,-8.762040887,0.037529086,-0.612945298,0.456163098
4.814000,1.330965692,-0.459136301,-8.553632941,0.017536328,-0.573816297,0.476345753
4.815000,1.159698161,-0.242789851,-8.363613402,-0.003100527,-0.538640533,0.505746040
4.816000,0.981791168,-0.036408719,-8.233624908,-0.022010117,-0.501005908,0.532986217
4.817000,0.802031207,0.117171706,-8.153475332,-0.035930196,-0.462123436,0.556181346
4.818000,0.735971094,0.183956087,-8.067084622,-0.041759929,-0.419159149,0.565928493
4.819000,0.800823512,0.173059544,-7.988669752,-0.039552546,-0.370700047,0.564681817
4.820000,1.103422207,0.014981955,-7.895911154,-0.023815874,-0.312141367,0.543470401
4.821000,1.542190491,-0.191455926,-7.751539569,0.000421248,-0.249801886,0.511235643
4.822000,2.089632585,-0.404021370,-7.567847976,0.027531356,-0.184813615,0.473162042
4.823000,2.623699827,-0.612066792,-7.389295520,0.053777245,-0.120887791,0.435190008
4.824000,3.089450395,-0.737718336,-7.173968168,0.073390012,-0.065512962,0.395624590
4.825000,3.436205268,-0.738889702,-6.907308465,0.080973116,-0.024179415,0.355302612
4.826000,3.647363752,-0.652930808,-6.638219921,0.079671421,0.001306517,0.315983072
4.827000,3.777313709,-0.534936133,-6.395373278,0.075129561,0.019710592,0.278459240
4.828000,3.825383074,-0.441395516,-6.191067748,0.071769334,0.029328889,0.244517516
4.829000,3.790207855,-0.310451282,-5.977084745,0.069037823,0.030456482,0.213979890
4.830000,3.654830189,-0.198757036,-5.810916913,0.072631078,0.022405881,0.190485564
4.831000,3.428144123,-0.156661764,-5.700220961,0.081837069,0.006553276,0.174859719
4.832000,3.199619199,-0.145547044,-5.618873273,0.094978258,-0.012225231,0.163535283
4.833000,2.980067536,-0.150677495,-5.564036724,0.112356963,-0.034628929,0.155984320
4.834000,2.775599766,-0.178783580,-5.543231971,0.129728536,-0.058565242,0.149983510
4.835000,2.617577036,-0.242871924,-5.551167800,0.148464377,-0.085684065,0.144300836
4.836000,2.500301704,-0.248114527,-5.596650096,0.162707746,-0.116808401,0.136056101
4.837000,2.385888412,-0.251562641,-5.656833412,0.175230426,-0.149785050,0.123617828
4.838000,2.239059837,-0.258905983,-5.789252863,0.186475001,-0.186088680,0.104228561
4.839000,2.023397706,-0.250597176,-5.985100046,0.196935408,-0.226393687,0.080273956
4.840000,1.804728035,-0.231670703,-6.232255992,0.205127202,-0.269561744,0.051928127
4.841000,1.582839138,-0.253513560,-6.504670585,0.215056238,-0.315447741,0.021479694
4.842000,1.335837767,-0.274230942,-6.802500619,0.223068989,-0.365388245,-0.007723780
4.843000,1.143140990,-0.310765579,-7.059051182,0.228702875,-0.417648845,-0.032070526
4.844000,0.978718908,-0.346376653,-7.285861717,0.232251156,-0.470639272,-0.053115930
4.845000,0.915721682,-0.393113018,-7.481353855,0.231684465,-0.523616817,-0.066142484
4.846000,0.933181084,-0.415075730,-7.687507421,0.226224093,-0.577093627,-0.073149031
4.847000,1.008144451,-0.413056793,-7.895742176,0.217790959,-0.628873389,-0.077311631
4.848000,1.119094953,-0.329171120,-8.139408413,0.204308203,-0.679051041,-0.077852565
4.849000,1.245632505,-0.218677595,-8.441312764,0.216080243,-0.735736850,-0.072955065
4.850000,1.345986864,-0.040428569,-8.749480451,0.198074635,-0.784925015,-0.069838179
4.851000,1.456276063,0.102128891,-9.043078857,0.180523785,-0.832182921,-0.063176205
4.852000,1.560928974,0.179969985,-9.343118246,0.165643719,-0.879637907,-0.055196875
4.853000,1.703028462,0.135958708,-9.643941538,0.155469152,-0.927478309,-0.046995377
4.854000,1.887395759,0.050973609,-9.943258893,0.146744129,-0.974750355,-0.038376236
4.855000,2.127175390,-0.089345136,-10.254261642,0.139335366,-1.021960855,-0.029794028
4.856000,2.400661905,-0.232071402,-10.580470576,0.131104538,-1.070057055,-0.021871578
4.857000,2.713086460,-0.316142338,-10.883062422,0.119062729,-1.117733481,-0.012349588
4.858000,3.024433638,-0.282299297,-11.168777699,0.099774184,-1.165549514,-0.003363609
4.859000,3.323420366,-0.226752175,-11.443595495,0.079214280,-1.213415605,0.005915696
4.860000,3.581621500,-0.150379114,-11.726347640,0.057210055,-1.260944385,0.013900750
4.861000,3.779558884,-0.114153241,-12.014566107,0.038355262,-1.308761587,0.019667357
4.862000,3.965983974,-0.134844291,-12.298651190,0.024564409,-1.355287533,0.025158152
4.863000,4.138944461,-0.198022277,-12.608999068,0.015051451,-1.400390801,0.032702197
4.864000,4.355091229,-0.270704807,-12.933827325,0.007248469,-1.441817763,0.040770025
4.865000,4.625487475,-0.327963624,-13.225933114,0.002617012,-1.477574183,0.051991647
4.866000,4.988006736,-0.348767191,-13.488268365,-0.001499671,-1.506512438,0.064855295
4.867000,5.349138282,-0.376919619,-13.728483640,-0.004168714,-1.533491972,0.077092354
4.868000,5.728079430,-0.424045400,-13.884822215,-0.007593919,-1.557879667,0.084047639
4.869000,6.073001716,-0.479476460,-13.949818299,-0.013236442,-1.583351129,0.087045187
4.870000,6.334243435,-0.545295705,-13.928330296,-0.022996462,-1.611875325,0.081568173
4.871000,6.485117420,-0.596099662,-13.867602116,-0.034223175,-1.643428467,0.071289121
4.872000,6.462955039,-0.626528870,-13.757811779,-0.048130069,-1.680658749,0.055236589
4.873000,6.345613757,-0.636411059,-13.670386884,-0.060929982,-1.720662496,0.037308693
4.874000,6.142512804,-0.657114731,-13.600080256,-0.071107337,-1.763564591,0.018925454
4.875000,5.856354220,-0.712715066,-13.556559039,-0.074686115,-1.807700879,0.001077020
4.876000,5.520639149,-0.784617779,-13.484725801,-0.075947113,-1.850971906,-0.014103140
4.877000,5.161765758,-0.868389556,-13.395454012,-0.075789772,-1.891705791,-0.027573820
4.878000,4.849371118,-0.926957875,-13.275109899,-0.075267735,-1.925648919,-0.034428980
4.879000,4.536260436,-0.966611373,-13.131071653,-0.075517763,-1.957061758,-0.038810790
4.880000,4.225215562,-0.909500238,-12.914348555,-0.079011891,-1.982149111,-0.037320763
4.881000,3.940670481,-0.802177723,-12.667422939,-0.085732594,-2.000761492,-0.032692640
4.882000,3.635366545,-0.676803180,-12.383877402,-0.094809875,-2.016872962,-0.027194303
4.883000,3.246033611,-0.543611695,-12.063451344,-0.105046327,-2.029900631,-0.023267308
4.884000,2.830917318,-0.402194107,-11.741375214,-0.116417442,-2.040610879,-0.020708150
4.885000,2.355462262,-0.274194383,-11.414364922,-0.129088017,-2.046180998,-0.020839525
4.886000,1.856727255,-0.147839241,-11.092405890,-0.139865757,-2.045106645,-0.023720956
4.887000,1.361905535,-0.022138467,-10.781707301,-0.149696080,-2.039960747,-0.027827772
4.888000,0.984498691,0.083532113,-10.494445598,-0.156568632,-2.019962141,-0.034264561
4.889000,0.648907743,0.175195234,-10.218532448,-0.162819131,-1.996224634,-0.041402163
4.890000,0.367567409,0.218345860,-9.933764413,-0.165828131,-1.964784731,-0.050269827
4.891000,0.198204375,0.216643710,-9.614825618,-0.166528303,-1.922002142,-0.062019399
4.892000,0.099396116,0.203126659,-9.271389582,-0.166097327,-1.873864453,-0.075075667
4.893000,0.051982022,0.138498746,-8.904163916,-0.163313505,-1.821924897,-0.089686381
4.894000,0.034867001,0.059032929,-8.524410498,-0.160751930,-1.767356270,-0.105359299
4.895000,0.028286300,0.010405349,-8.131993845,-0.160467302,-1.710122279,-0.121891358
4.896000,-0.020122850,-0.010169766,-7.730227447,-0.161358563,-1.652266878,-0.138613844
4.897000,-0.107846096,0.001628239,-7.334014966,-0.163329717,-1.594886377,-0.154378854
4.898000,-0.248965344,0.090148821,-6.945189420,-0.167777196,-1.535177934,-0.168020953
4.899000,-0.398724032,0.185414719,-6.564241727,-0.172821346,-1.474418209,-0.180971411
4.900000,-0.500469540,0.260711917,-6.197532205,-0.178327075,-1.407332198,-0.191888949
4.901000,-0.531941345,0.315414009,-5.844210665,-0.183162891,-1.334053376,-0.200665474
4.902000,-0.492493891,0.310504902,-5.506230171,-0.186144321,-1.254400025,-0.208089165
4.903000,-0.380574421,0.253788940,-5.158116562,-0.188018174,-1.169110499,-0.214797289
4.904000,-0.256384301,0.169234342,-4.791601948,-0.188036482,-1.081564697,-0.220849133
4.905000,-0.131740444,0.077174364,-4.400856166,-0.185794700,-0.992364602,-0.225354177
4.906000,-0.015099126,-0.015567817,-4.008727166,-0.183034945,-0.902224476,-0.229544468
4.907000,0.093257206,-0.081728580,-3.611825500,-0.180770972,-0.813398443,-0.232509906
4.908000,0.158819176,-0.122899493,-3.221990174,-0.178505922,-0.726029651,-0.235788550
4.909000,0.205067670,-0.133423904,-2.838447672,-0.177275573,-0.640238925,-0.239223615
4.910000,0.233929317,-0.106674125,-2.466125921,-0.178137732,-0.554792405,-0.242956608
4.911000,0.265997457,-0.040480924,-2.083315387,-0.181999329,-0.468831133,-0.247689328
4.912000,0.305903984,0.038712018,-1.691618951,-0.186933810,-0.380867309,-0.252123174
4.913000,0.357459456,0.114204615,-1.312354497,-0.191004247,-0.291296794,-0.254458827
4.914000,0.415633088,0.178777213,-0.936655367,-0.194426151,-0.201168593,-0.256913058
4.915000,0.485074133,0.198644507,-0.546631971,-0.195661363,-0.109055344,-0.260192117
4.916000,0.542145328,0.172687993,-0.190228312,-0.192851058,-0.016701661,-0.261936913
4.917000,0.584026484,0.118552052,0.153484629,-0.187107788,0.073660476,-0.263533741
4.918000,0.591920896,0.053698412,0.520519450,-0.179566314,0.160966801,-0.266178468
4.919000,0.579644189,0.004825057,0.905323433,-0.172398064,0.245712550,-0.268309979
4.920000,0.507418889,0.005514223,1.289461169,-0.165933232,0.324250225,-0.266766777
4.921000,0.384249612,0.066951254,1.721234924,-0.164051012,0.398740757,-0.263337349
4.922000,0.259371243,0.150062234,2.163216582,-0.164950767,0.472620394,-0.258585292
4.923000,0.145200669,0.294168526,2.605409143,-0.173816673,0.548797043,-0.249385817
4.924000,0.051400316,0.466575955,2.991637441,-0.187618345,0.626731326,-0.239279561
4.925000,0.018530726,0.649707109,3.317441217,-0.207313763,0.706571286,-0.229146917
4.926000,0.025401639,0.820771679,3.552625231,-0.227182824,0.789224211,-0.218559021
4.927000,0.070830837,0.978306917,3.747770616,-0.245093296,0.871941580,-0.208084058
4.928000,0.176557943,1.077786742,3.865466144,-0.256492061,0.954212896,-0.199900300
4.929000,0.303524682,1.150274819,3.954933746,-0.263888284,1.037159114,-0.191516496
4.930000,0.473548454,1.137026748,4.010576522,-0.262620839,1.122271233,-0.184621223
4.931000,0.723886611,1.043513099,4.097027490,-0.255117044,1.204859451,-0.176413451
4.932000,1.006695852,0.926251995,4.221700877,-0.246240623,1.285955920,-0.167493683
4.933000,1.326157628,0.794766965,4.411513522,-0.235579839,1.362015088,-0.158519116
4.934000,1.666107419,0.665142458,4.666787862,-0.225050146,1.433925473,-0.148873587
4.935000,2.028189667,0.602647437,4.996463204,-0.218017227,1.498110216,-0.137067064
4.936000,2.371366325,0.619108109,5.344185653,-0.214452784,1.554445309,-0.125266026
4.937000,2.702767180,0.646691890,5.689732843,-0.211548935,1.607806469,-0.114438587
4.938000,2.995551686,0.721215232,6.013380262,-0.212656572,1.651709512,-0.102753244
4.939000,3.263874170,0.801798675,6.290728587,-0.214582488,1.688711264,-0.090819811
4.940000,3.502345379,0.841088458,6.509537894,-0.213987355,1.714807825,-0.079515069
4.941000,3.687224876,0.838704132,6.718127373,-0.212371712,1.732617553,-0.069049954
4.942000,3.821259970,0.775557143,6.906755236,-0.208693043,1.744898415,-0.059770990
4.943000,3.895222069,0.652024773,7.039628136,-0.202848114,1.748740272,-0.052308431
4.944000,3.930198937,0.510255827,7.151015887,-0.195840468,1.747951635,-0.045311440
4.945000,3.882005703,0.351357532,7.246333760,-0.188890773,1.739544658,-0.038916656
4.946000,3.770668027,0.218327962,7.301572422,-0.182277049,1.722752642,-0.031671884
4.947000,3.651178049,0.102407833,7.345118651,-0.175682472,1.702724220,-0.023596909
4.948000,3.491803497,0.024277826,7.401400001,-0.167238379,1.675031532,-0.013400272
4.949000,3.316587551,-0.013409559,7.447056950,-0.159020661,1.642659554,0.000254571
4.950000,3.151281454,0.015508427,7.490985439,-0.152963863,1.606277793,0.015626551
4.951000,3.053094447,0.057346661,7.505985152,-0.147322200,1.571183219,0.029262611
4.952000,2.969218082,0.095964917,7.513547034,-0.141622953,1.535379685,0.042530293
4.953000,2.948102463,0.136227516,7.503201963,-0.135054732,1.497905026,0.056758133
4.954000,2.950300442,0.158225057,7.493803379,-0.127637108,1.459267739,0.070024355
4.955000,3.020746484,0.124141325,7.491583709,-0.116228409,1.418929046,0.081371065
4.956000,3.096807157,0.070424336,7.496632973,-0.103364647,1.376849516,0.092710318
4.957000,3.170136155,-0.003699562,7.517029897,-0.089736067,1.329628058,0.105267707
4.958000,3.192392069,-0.067400332,7.542033249,-0.078757429,1.273812617,0.118552302
4.959000,3.159754905,-0.098292599,7.564404909,-0.070743495,1.212753669,0.131666209
4.960000,3.017836383,-0.065440981,7.594146931,-0.068140942,1.143239840,0.146700032
4.961000,2.768457503,0.042987370,7.591961794,-0.071681949,1.068950504,0.162287340
4.962000,2.437853742,0.174271905,7.582715893,-0.079709589,0.990014622,0.177295764
4.963000,2.032257388,0.326043221,7.543095425,-0.090598819,0.907946942,0.193082990
4.964000,1.610681926,0.446744751,7.480673048,-0.101267967,0.825791513,0.208772607
4.965000,1.174408232,0.513771824,7.376130919,-0.111895188,0.743617440,0.222786541
4.966000,0.755405313,0.510356413,7.274154949,-0.117990597,0.661264009,0.233314471
4.967000,0.384447143,0.474783535,7.183280612,-0.120399832,0.579939724,0.241924866
4.968000,0.049513517,0.399075855,7.118065470,-0.118714778,0.499944707,0.246302435
4.969000,-0.244165300,0.345186393,7.026917686,-0.113966579,0.423853308,0.248837201
4.970000,-0.461140705,0.266685829,6.885013341,-0.099272441,0.353746671,0.248620277
4.971000,-0.609804098,0.129659385,6.710231463,-0.073970033,0.291488833,0.248184625
4.972000,-0.718358402,-0.055208751,6.538966166,-0.040717417,0.234232699,0.248625962
4.973000,-0.754259594,-0.281559004,6.365687017,0.002130139,0.185599278,0.253348142
4.974000,-0.769338310,-0.529462623,6.245865513,0.046281389,0.141064867,0.260820441
4.975000,-0.774473120,-0.737464127,6.232248453,0.087026179,0.100010113,0.271450018
4.976000,-0.752403976,-0.826704938,6.259657627,0.109492881,0.069491818,0.286125781
4.977000,-0.683914011,-0.834803946,6.259295696,0.123322383,0.047568867,0.300034399
4.978000,-0.553934436,-0.729361567,6.182278786,0.118507458,0.040214439,0.309458110
4.979000,-0.336816073,-0.595652123,6.053390891,0.103210614,0.044503602,0.317102556
4.980000,-0.004843757,-0.460306194,5.795949189,0.078548725,0.064593011,0.322655249
4.981000,0.391586022,-0.376822339,5.472126137,0.055585544,0.091160877,0.321324283
4.982000,0.833007355,-0.327806676,5.131920575,0.034418867,0.120544847,0.314445444
4.983000,1.293517985,-0.373613090,4.875680448,0.019693548,0.150613763,0.307548992
4.984000,1.710266733,-0.446094836,4.624525712,0.009396267,0.179974475,0.297060473
4.985000,2.024711846,-0.584442484,4.458348254,0.010276660,0.204923714,0.281218002
4.986000,2.223055336,-0.766136192,4.375912724,0.018080749,0.223602499,0.266312676
4.987000,2.315464152,-0.966999210,4.317983209,0.028165197,0.239055788,0.249544437
4.988000,2.246402773,-1.167285148,4.273132111,0.042835722,0.247852406,0.230841140
4.989000,2.103318238,-1.377402059,4.273471283,0.059137758,0.254188277,0.213259972
4.990000,1.866547372,-1.507233752,4.357735209,0.068821197,0.256681030,0.197621199
4.991000,1.639624132,-1.538097005,4.463152676,0.068188792,0.262965352,0.186127252
4.992000,1.455257974,-1.480175726,4.605018315,0.059748606,0.270018430,0.179393875
4.993000,1.288709700,-1.340745558,4.791337128,0.039880894,0.281318575,0.175383123
4.994000,1.133152522,-1.172303509,5.001519614,0.010916354,0.296676711,0.168669618
4.995000,0.998793096,-0.947399257,5.204688079,-0.026154344,0.314558501,0.158242217
4.996000,0.822128060,-0.810703287,5.392514135,-0.055378175,0.332208889,0.140899340
4.997000,0.633926612,-0.702533558,5.582897618,-0.080659403,0.349886307,0.119224390
4.998000,0.437948560,-0.652524381,5.817342910,-0.093162337,0.371300139,0.092327195
4.999000,0.241439656,-0.633001282,6.017141773,-0.095302146,0.397800817,0.066757569
5.000000,0.098385393,-0.706246235,6.256462785,-0.077051012,0.437211014,0.048011630
5.001000,0.032156083,-0.775605659,6.509900621,-0.048337641,0.489799520,0.035674101
5.002000,0.044309644,-0.866677115,6.766936863,-0.013502652,0.553991618,0.027417360
5.003000,0.132139261,-0.936980923,6.999529569,0.022182606,0.631589999,0.028697534
5.004000,0.296787135,-1.000866400,7.266714377,0.057017653,0.717186334,0.034128866
5.005000,0.565107289,-1.023804376,7.487950686,0.086277673,0.812592519,0.043194089
5.006000,0.900675214,-0.957401321,7.682347669,0.104076966,0.912022619,0.057435507
5.007000,1.283084977,-0.845429708,7.865766929,0.117213061,1.012650799,0.072652491
5.008000,1.705212595,-0.684555910,8.058451935,0.124362007,1.112888470,0.085414989
5.009000,2.051331955,-0.461535685,8.250444320,0.124713957,1.208086976,0.099071787
5.010000,2.365621351,-0.209902151,8.468688621,0.123127494,1.302264008,0.111414906
5.011000,2.630311116,-0.022032385,8.714325908,0.122177983,1.394252496,0.120172066
5.012000,2.837975321,0.127134003,9.001657669,0.119345632,1.484952974,0.125665330
5.013000,3.008914165,0.216892952,9.315746654,0.117037570,1.575518680,0.128627260
5.014000,3.182646194,0.226240228,9.637640548,0.116685682,1.668209524,0.130070353
5.015000,3.367762670,0.156837099,10.001329992,0.119924369,1.763766008,0.128115363
5.016000,3.549774790,0.031394026,10.394811348,0.129485763,1.860194391,0.126650417
5.017000,3.737082073,-0.149259614,10.797105919,0.145597927,1.957380653,0.126205810
5.018000,3.905085247,-0.357392918,11.184721170,0.166185111,2.054801900,0.125373384
5.019000,4.075942941,-0.572467553,11.511625719,0.189722098,2.152502617,0.124816254
5.020000,4.214587667,-0.804520381,11.793926535,0.214242305,2.251662661,0.124784367
5.021000,4.370619455,-0.989276311,11.985296740,0.236257204,2.354745554,0.123273883
5.022000,4.556901404,-1.099766937,12.088822854,0.255965362,2.461328142,0.122646261
5.023000,4.762656955,-1.173737388,12.153841283,0.271620244,2.571016533,0.121439869
5.024000,5.068382665,-1.165781174,12.222542908,0.282968638,2.687743209,0.121098318
5.025000,5.503538041,-0.989625990,12.293971360,0.285613376,2.807819069,0.122015685
5.026000,6.042991305,-0.751562808,12.401501580,0.282523948,2.932306740,0.124325302
5.027000,6.613874241,-0.491661793,12.539283026,0.273539210,3.056532493,0.126957984
5.028000,7.283240717,-0.221860057,12.608440307,0.262901537,3.183560354,0.131194021
5.029000,8.009606111,-0.010771537,12.666736648,0.251112608,3.312291716,0.136039409
5.030000,8.764550027,0.108195879,12.708023677,0.240765572,3.446185679,0.140535840
5.031000,9.461734906,0.086926737,12.731389972,0.237113087,3.576385111,0.145900980
5.032000,10.117350795,0.032116237,12.778963984,0.235340504,3.702754410,0.152554361
5.033000,10.620306568,-0.086640940,12.862764488,0.234833618,3.814556827,0.159184657
5.034000,11.026356535,-0.223148530,12.957066266,0.234853853,3.916505794,0.166084094
5.035000,11.311922565,-0.362132522,13.078281246,0.235575225,4.006433816,0.174259353
5.036000,11.432203421,-0.427610731,13.212209246,0.233903114,4.083307185,0.180146740
5.037000,11.481351532,-0.442782369,13.350791193,0.229716767,4.155403788,0.184904205
5.038000,11.394549736,-0.378055906,13.511935666,0.224447920,4.218405815,0.191106954
5.039000,11.258023977,-0.305069192,13.663931271,0.219945860,4.277350641,0.198309199
5.040000,11.077938955,-0.240450901,13.782501640,0.214264513,4.333019842,0.207283302
5.041000,10.934338136,-0.236951202,13.876674366,0.210267302,4.386637887,0.217258105
5.042000,10.838483909,-0.301596014,13.933290564,0.208574697,4.436668801,0.224702073
5.043000,10.768813020,-0.481846320,13.989674803,0.209762189,4.481503543,0.226506717
5.044000,10.708034763,-0.662326300,14.066865030,0.209636319,4.521595966,0.218237190
5.045000,10.676584436,-0.846411207,14.182065917,0.209870660,4.556696308,0.199545818
5.046000,10.613698489,-0.963799177,14.353507402,0.210055421,4.587352948,0.179182802
5.047000,10.544516458,-1.044152633,14.549812645,0.209737710,4.616183055,0.157188367
5.048000,10.525753805,-0.974311726,14.731438809,0.205504177,4.644547829,0.128462188
5.049000,10.540492073,-0.869296181,14.907468443,0.205705440,4.672487335,0.107379176
5.050000,10.563189886,-0.740506453,15.063763852,0.208069874,4.697280244,0.091590827
5.051000,10.600169504,-0.654302657,15.137963218,0.210855182,4.717813571,0.075034259
5.052000,10.601688314,-0.568520701,15.181342169,0.211972790,4.732833084,0.053969660
5.053000,10.569225101,-0.594088794,15.217415483,0.216444480,4.736759758,0.040903873
5.054000,10.427696931,-0.622966626,15.210789800,0.214265143,4.727751664,0.022613881
5.055000,10.179412079,-0.661860384,15.160856142,0.209074132,4.708518647,0.002791155
5.056000,9.893595824,-0.721556993,15.115412027,0.204885296,4.682118288,-0.014723398
5.057000,9.584428817,-0.780406222,15.070589677,0.201185396,4.651873969,-0.029434092
5.058000,9.148776054,-0.778198972,14.968692914,0.194776467,4.609796873,-0.047757277
5.059000,8.709285364,-0.751713985,14.858137637,0.191261879,4.564474795,-0.065682051
5.060000,8.296958691,-0.732533104,14.746373346,0.191808302,4.512615634,-0.087048436
5.061000,7.837014662,-0.634398349,14.628466626,0.189416019,4.455008165,-0.110980144
5.062000,7.406560862,-0.523415590,14.507750060,0.186795402,4.394780153,-0.134761032
5.063000,7.081519938,-0.464429187,14.393809368,0.187518012,4.334423406,-0.157922590
5.064000,6.815145637,-0.389109616,14.259973652,0.186966530,4.273268442,-0.180272663
5.065000,6.625446313,-0.324206987,14.099472523,0.184589430,4.211885294,-0.199641276
5.066000,6.479437709,-0.344639890,13.895779593,0.185567035,4.144552304,-0.214899619
5.067000,6.326960725,-0.414916218,13.665923692,0.188843639,4.074384191,-0.230083550
5.068000,6.159588973,-0.473174687,13.386375546,0.192389209,3.996243472,-0.238413851
5.069000,5.970450795,-0.522864074,13.116567317,0.194390386,3.912913415,-0.243444123
5.070000,5.690723750,-0.526312775,12.854638548,0.194357035,3.817511169,-0.244753102
5.071000,5.384980485,-0.392248435,12.641993174,0.186602887,3.718165259,-0.245322290
5.072000,5.048578436,-0.243117639,12.417547685,0.179071745,3.614836037,-0.245303152
5.073000,4.611630577,-0.046588761,12.211954566,0.167761168,3.499203343,-0.244419817
5.074000,4.148238007,0.077199875,11.953296784,0.161875410,3.378646179,-0.242774651
5.075000,3.653226159,0.146582857,11.666229560,0.160007464,3.250653861,-0.241560672
5.076000,3.105366612,0.140173027,11.326665651,0.161951055,3.115031196,-0.239963610
5.077000,2.608714568,0.134276041,10.983581747,0.162682540,2.981257356,-0.236794212
5.078000,2.172191820,0.027849074,10.566849159,0.169577853,2.849478755,-0.235520371
5.079000,1.783606263,-0.072460790,10.124889845,0.174931366,2.716332250,-0.235242551
5.080000,1.465596203,-0.127715335,9.638329424,0.174741333,2.584591779,-0.237289222
5.081000,1.196644496,-0.189600681,9.091856069,0.176510391,2.452563278,-0.241282172
5.082000,0.910409650,-0.242975486,8.513016327,0.178354205,2.316229428,-0.249698183
5.083000,0.656945551,-0.206529927,7.969209621,0.172807181,2.179287706,-0.261086420
5.084000,0.428018734,-0.124190921,7.399074478,0.162744820,2.039586836,-0.275537455
5.085000,0.208190541,-0.028530982,6.848132638,0.151518155,1.900884683,-0.290957200
5.086000,-0.017359379,0.127083491,6.331937952,0.133093365,1.762494408,-0.303631612
5.087000,-0.246108404,0.271928973,5.839534056,0.113984284,1.626756231,-0.311632233
5.088000,-0.495341667,0.412381151,5.269694590,0.094398383,1.489769839,-0.315644369
5.089000,-0.750126542,0.547516180,4.703916645,0.074501574,1.354215530,-0.318882783
5.090000,-1.031358314,0.652722811,4.105707691,0.058054573,1.215561571,-0.319248935
5.091000,-1.342865179,0.701226236,3.464874261,0.049612671,1.070347727,-0.320792088
5.092000,-1.670652252,0.716983399,2.838951239,0.046450036,0.922530498,-0.321784196
5.093000,-2.002884751,0.655345342,2.271609834,0.051077209,0.775640817,-0.322343335
5.094000,-2.338948095,0.598003658,1.757083122,0.056348449,0.630321954,-0.323338423
5.095000,-2.667836635,0.552498443,1.288296988,0.061528068,0.489437321,-0.325147775
5.096000,-2.980415495,0.460842087,0.819288008,0.068896200,0.352555445,-0.325565260
5.097000,-3.267743117,0.384267658,0.342404710,0.074175013,0.219475301,-0.325917042
5.098000,-3.535506417,0.359278935,-0.104723172,0.075937116,0.090475905,-0.326136733
5.099000,-3.758728887,0.356916160,-0.542075795,0.074248810,-0.035313672,-0.325003352
5.100000,-3.904182327,0.358301586,-1.015301308,0.070104875,-0.156685340,-0.325955003
5.101000,-3.980157681,0.422614666,-1.503906761,0.063675924,-0.270021676,-0.325611284
5.102000,-4.032563728,0.480643309,-1.985095882,0.058515460,-0.379396759,-0.324502899
5.103000,-3.965409859,0.544718472,-2.477584826,0.052328008,-0.478001488,-0.322099296
5.104000,-3.792680178,0.610799831,-2.994322663,0.046600713,-0.567562063,-0.318750177
5.105000,-3.521893040,0.682820971,-3.513540812,0.039692476,-0.647928865,-0.310822833
5.106000,-3.200316887,0.730911944,-4.044168504,0.031285269,-0.723140599,-0.300414889
5.107000,-2.836293768,0.765756828,-4.595823550,0.021644245,-0.795289875,-0.287638345
5.108000,-2.488020728,0.764676490,-5.128817601,0.010394821,-0.863865485,-0.271369236
5.109000,-2.159062101,0.730629548,-5.637022052,0.000747639,-0.929242286,-0.253972748
5.110000,-1.853881887,0.676513938,-6.093187696,-0.007999794,-0.989695274,-0.235510675
5.111000,-1.599468293,0.590034086,-6.518476642,-0.013379005,-1.049234612,-0.216131984
5.112000,-1.375356770,0.500314883,-6.900430551,-0.016840397,-1.105367002,-0.194923856
5.113000,-1.172994139,0.408568697,-7.232604785,-0.015692425,-1.156772757,-0.173160489
5.114000,-0.978655770,0.325856853,-7.531338074,-0.013061824,-1.203768669,-0.150087641
5.115000,-0.795856067,0.232319804,-7.817859086,-0.007628190,-1.244554012,-0.125380984
5.116000,-0.587510570,0.172513155,-8.082440661,-0.003263117,-1.280276146,-0.100259382
5.117000,-0.355331641,0.110673513,-8.333559549,0.001585143,-1.308559817,-0.074572006
5.118000,-0.070105408,0.030500890,-8.592389859,0.007032455,-1.327289513,-0.048175035
5.119000,0.245400206,-0.062413794,-8.851465809,0.012512378,-1.340714669,-0.022193107
5.120000,0.603597874,-0.144070449,-9.099793378,0.016344000,-1.346617380,0.002304168
5.121000,0.965498389,-0.255550761,-9.338465648,0.020641442,-1.348424895,0.025203359
5.122000,1.344145756,-0.357914990,-9.575098373,0.024467860,-1.347186866,0.047964006
5.123000,1.660739440,-0.410061343,-9.783382350,0.023975838,-1.342701096,0.069767478
5.124000,1.932061605,-0.426273987,-9.977830132,0.020197118,-1.335520001,0.090015093
5.125000,2.145193411,-0.428733813,-10.143795174,0.013836201,-1.325838232,0.108620736
5.126000,2.275930868,-0.388196238,-10.272462142,0.005561066,-1.316151456,0.126054426
5.127000,2.356760174,-0.352457232,-10.374182654,-0.003973380,-1.306032472,0.142374644
5.128000,2.365749224,-0.364512432,-10.420428756,-0.012217327,-1.293216161,0.154770849
5.129000,2.302942805,-0.411149920,-10.417092834,-0.017072093,-1.280643663,0.166732619
5.130000,2.135432964,-0.485182371,-10.360688860,-0.017530183,-1.268923949,0.180116192
5.131000,1.903242155,-0.596364811,-10.289630306,-0.015773748,-1.255516540,0.194224855
5.132000,1.627873753,-0.694034173,-10.201645850,-0.013088261,-1.241852769,0.209114308
5.133000,1.267181109,-0.751862006,-10.115816738,-0.006218053,-1.227399460,0.227077916
5.134000,0.886890618,-0.772261911,-10.056036800,0.002921832,-1.209629442,0.246949480
5.135000,0.529344171,-0.738864603,-10.012301792,0.012700768,-1.185756687,0.268657102
5.136000,0.264505385,-0.670967416,-9.980401715,0.024744453,-1.156098670,0.291214387
5.137000,0.045640696,-0.626900599,-9.981034786,0.040959531,-1.122244569,0.314307907
5.138000,0.024951423,-0.589931829,-9.967349316,0.057855152,-1.075101715,0.337742129
5.139000,0.110735769,-0.572907633,-9.924374036,0.074206466,-1.021097537,0.360855851
5.140000,0.322538440,-0.577294004,-9.860163494,0.086749333,-0.960809648,0.382029112
5.141000,0.561569152,-0.600246328,-9.759843990,0.094150230,-0.899143895,0.400665979
5.142000,0.856224150,-0.628493349,-9.626544162,0.094580465,-0.834791176,0.414970151
5.143000,1.081736865,-0.674012393,-9.456752963,0.086420556,-0.775398292,0.423091911
5.144000,1.262438274,-0.681515704,-9.263932125,0.074694717,-0.721294829,0.430556745
5.145000,1.362944783,-0.669961945,-9.041548383,0.059823613,-0.672624042,0.438707059
5.146000,1.412738543,-0.628173137,-8.835682606,0.044103648,-0.626417007,0.450127631
5.147000,1.364649958,-0.514606442,-8.616787972,0.024322723,-0.586240065,0.468568544
5.148000,1.217149336,-0.317937149,-8.427122181,0.003901417,-0.550351862,0.495767957
5.149000,1.040257916,-0.101696845,-8.265656009,-0.016260197,-0.513875480,0.524332308
5.150000,0.853623969,0.076639053,-8.178209263,-0.032133075,-0.475462822,0.549749132
5.151000,0.741471712,0.173773813,-8.095748559,-0.040972691,-0.434040518,0.564689173
5.152000,0.741677462,0.194968255,-8.012539893,-0.042206554,-0.388577155,0.567343821
5.153000,0.998347296,0.072159827,-7.927083633,-0.029459316,-0.331846599,0.550963087
5.154000,1.378700522,-0.115359098,-7.810406876,-0.008692680,-0.270747952,0.523756232
5.155000,1.907151887,-0.333166222,-7.629078507,0.018494653,-0.206476372,0.485853242
5.156000,2.452673400,-0.544829423,-7.445698391,0.045450141,-0.141661910,0.447788253
5.157000,2.952309247,-0.714626953,-7.262279732,0.068778872,-0.081581819,0.409126101
5.158000,3.324089480,-0.741754321,-6.996023141,0.078695648,-0.037714096,0.368649484
5.159000,3.598509458,-0.690112882,-6.721675902,0.080958555,-0.005344352,0.328689850
5.160000,3.740982335,-0.576868827,-6.473148838,0.076925033,0.014229907,0.290712666
5.161000,3.817411363,-0.483156102,-6.265869986,0.073208952,0.027161301,0.255536857
5.162000,3.824027086,-0.350891581,-6.041311350,0.069048753,0.031907769,0.223219675
5.163000,3.701425656,-0.233951489,-5.865896854,0.071278982,0.025275970,0.198227644
5.164000,3.504223132,-0.163966893,-5.729241775,0.077952029,0.012498213,0.178897249
5.165000,3.274952549,-0.142943268,-5.642711338,0.089748289,-0.005487376,0.166877182
5.166000,3.055668971,-0.140218824,-5.577793006,0.106466448,-0.026827738,0.158120301
5.167000,2.833237409,-0.169438675,-5.542366770,0.124077802,-0.050336716,0.151792425
5.168000,2.668145847,-0.220994983,-5.547689459,0.142167015,-0.076586668,0.146167287
5.169000,2.536833330,-0.249962633,-5.581860036,0.158302266,-0.105952304,0.139794221
5.170000,2.428060674,-0.247098432,-5.632078609,0.171193389,-0.138413921,0.128250771
5.171000,2.286055757,-0.264454740,-5.735350501,0.182836212,-0.173946242,0.111163248
5.172000,2.102290090,-0.248407782,-5.909399006,0.193316223,-0.212115005,0.089247963
5.173000,1.877657233,-0.237382521,-6.149806642,0.202353521,-0.255153172,0.061410832
5.174000,1.661133093,-0.246503863,-6.409540370,0.211844181,-0.299605073,0.031533207
5.175000,1.413664452,-0.271218908,-6.699258831,0.220736333,-0.348582489,0.001949757
5.176000,1.207072758,-0.289634264,-6.980434554,0.226604609,-0.399968653,-0.024280133
5.177000,1.022560620,-0.341204160,-7.215647587,0.231938409,-0.453021948,-0.047056035
5.178000,0.930846559,-0.374834754,-7.417868609,0.231968162,-0.505949525,-0.062163322
5.179000,0.914336665,-0.410504665,-7.616386174,0.228543350,-0.559613002,-0.071280443
5.180000,0.972936537,-0.422652231,-7.827487750,0.221463699,-0.611979496,-0.076662376
5.181000,1.083181229,-0.366589201,-8.057000533,0.209367396,-0.662137562,-0.077644711
5.182000,1.205703189,-0.267865761,-8.342478090,0.221670352,-0.719781253,-0.073048785
5.183000,1.313634119,-0.100286476,-8.647984877,0.204085475,-0.768501482,-0.070968851
5.184000,1.420328902,0.070530243,-8.944326714,0.185791764,-0.816533571,-0.065825659
5.185000,1.527356176,0.163569171,-9.240911462,0.170084260,-0.863522748,-0.057871529
5.186000,1.649390409,0.160637425,-9.540598732,0.158489263,-0.911756889,-0.049802777
5.187000,1.815802766,0.085815251,-9.846950039,0.149507275,-0.958975704,-0.041327578
5.188000,2.045909640,-0.038697244,-10.147644873,0.141639090,-1.006168109,-0.032651887
5.189000,2.308978719,-0.190205081,-10.476259579,0.134148932,-1.053909090,-0.024590821
5.190000,2.605039595,-0.297043371,-10.784179432,0.123799785,-1.101976739,-0.015603697
5.191000,2.920828119,-0.299621509,-11.077569039,0.106348714,-1.149575073,-0.006207534
5.192000,3.226934026,-0.246403594,-11.352829379,0.086379824,-1.197512943,0.002409895
5.193000,3.502498893,-0.178113810,-11.630910008,0.064472679,-1.244999367,0.011343048
5.194000,3.715027880,-0.119587798,-11.917323637,0.044343657,-1.292996715,0.018035667
5.195000,3.910788220,-0.121407180,-12.204016129,0.028553937,-1.339635834,0.023237854
5.196000,4.084446917,-0.176179814,-12.504127813,0.018210485,-1.385490232,0.029714224
5.197000,4.276376288,-0.248490080,-12.824967879,0.009462580,-1.428561108,0.038146003
5.198000,4.530320264,-0.311378755,-13.129427121,0.004159974,-1.465955741,0.048060768
5.199000,4.864937051,-0.342854225,-13.405886521,-0.000422404,-1.497470061,0.060505539
5.200000,5.229283397,-0.363811865,-13.651198640,-0.003330369,-1.524666215,0.073582040
5.201000,5.603599366,-0.405728899,-13.839815026,-0.006494393,-1.549705889,0.082135507
5.202000,5.969459935,-0.457360129,-13.944488282,-0.010818481,-1.574406891,0.087317952
5.203000,6.249246382,-0.522393081,-13.937601671,-0.019710746,-1.602284373,0.083552636
5.204000,6.465301685,-0.583783688,-13.897356867,-0.029944337,-1.631783802,0.075867353
5.205000,6.477573332,-0.621635365,-13.793992664,-0.043505903,-1.668103054,0.060667290
5.206000,6.393758603,-0.632309324,-13.696694023,-0.056802365,-1.706979829,0.043586598
5.207000,6.227855940,-0.646563811,-13.620639145,-0.068471902,-1.748669953,0.024896865
5.208000,5.951526121,-0.693936222,-13.571429229,-0.073599832,-1.793008249,0.006957539
5.209000,5.642056989,-0.756794838,-13.513433964,-0.075946742,-1.837082433,-0.009305683
5.210000,5.277971441,-0.840542378,-13.427095184,-0.075935993,-1.878701271,-0.023634929
5.211000,4.952876933,-0.911757326,-13.320261357,-0.075330312,-1.914648758,-0.032643657
5.212000,4.641525427,-0.958750309,-13.183609560,-0.075117714,-1.947187811,-0.037859926
5.213000,4.323596470,-0.933407848,-12.987966641,-0.077672777,-1.974295867,-0.037993834
5.214000,4.038587380,-0.841410544,-12.755971509,-0.083099049,-1.994669119,-0.034643235
5.215000,3.747424742,-0.719380361,-12.485588519,-0.091661366,-2.011989064,-0.028976844
5.216000,3.379211118,-0.588815040,-12.170020971,-0.101510101,-2.025770408,-0.024392201
5.217000,2.975657322,-0.451776213,-11.849407135,-0.112279251,-2.037791095,-0.021292415
5.218000,2.514700939,-0.316232974,-11.523413340,-0.124896821,-2.044352970,-0.020768068
5.219000,2.023106981,-0.189470293,-11.195772698,-0.136539043,-2.046565698,-0.022387479
5.220000,1.523967804,-0.064577136,-10.885672274,-0.146519186,-2.042188539,-0.026387908
5.221000,1.098302828,0.051807934,-10.586067058,-0.154453085,-2.027752388,-0.031924539
5.222000,0.756890418,0.146980471,-10.311202679,-0.160799727,-2.004381645,-0.038944605
5.223000,0.451733591,0.209053940,-10.031269969,-0.165200155,-1.976634259,-0.047035122
5.224000,0.239265708,0.221227211,-9.726080185,-0.166546217,-1.937475722,-0.057803234
5.225000,0.132870705,0.208468871,-9.386498377,-0.166269408,-1.889823657,-0.070684963
5.226000,0.061934784,0.169239630,-9.029821398,-0.164451111,-1.839875979,-0.084532035
5.227000,0.036836954,0.080171633,-8.651235042,-0.161289563,-1.785792881,-0.099980126
5.228000,0.032972737,0.026974370,-8.265116967,-0.160624904,-1.729441872,-0.116401980
5.229000,0.000103324,-0.008217232,-7.865890379,-0.160849238,-1.671446103,-0.133146051
5.230000,-0.069597001,-0.014069084,-7.464383439,-0.162578986,-1.614149775,-0.149461828
5.231000,-0.199425593,0.058009290,-7.073409177,-0.166146943,-1.555113081,-0.163520699
5.232000,-0.348607133,0.154909252,-6.690009553,-0.171104278,-1.495199251,-0.176943006
5.233000,-0.471104574,0.235250953,-6.318693469,-0.176377298,-1.430011657,-0.188339372
5.234000,-0.532686691,0.308552426,-5.956915240,-0.181940746,-1.359642753,-0.197914841
5.235000,-0.512306970,0.315979982,-5.619124781,-0.185180236,-1.281435463,-0.205661982
5.236000,-0.420565764,0.276670387,-5.276381588,-0.187602902,-1.197941757,-0.212631805
5.237000,-0.298752070,0.202613665,-4.918391198,-0.188444896,-1.111171811,-0.218987241
5.238000,-0.174562692,0.107998851,-4.531409793,-0.186600832,-1.022204082,-0.223828876
5.239000,-0.052354178,0.010208762,-4.140830999,-0.183829898,-0.932193341,-0.228418898
5.240000,0.061263818,-0.058170221,-3.745189229,-0.181663438,-0.842888175,-0.231563232
5.241000,0.141234773,-0.116172615,-3.351445553,-0.179041756,-0.754794624,-0.234556109
5.242000,0.192203466,-0.134652508,-2.964084033,-0.177516143,-0.668645134,-0.238198720
5.243000,0.225014662,-0.117541665,-2.589584313,-0.177707408,-0.583180154,-0.241653129
5.244000,0.252756526,-0.067000178,-2.214044683,-0.180312160,-0.497788782,-0.245980389
5.245000,0.291948458,0.011451469,-1.822117362,-0.185302522,-0.410734543,-0.251018734
5.246000,0.337298596,0.089145799,-1.437938210,-0.189651175,-0.321214705,-0.253694633
5.247000,0.397743800,0.163994309,-1.061376420,-0.193662513,-0.231517243,-0.255985067
5.248000,0.460023184,0.192994759,-0.678012822,-0.195260538,-0.140074105,-0.259158947
5.249000,0.526436907,0.186917902,-0.305748293,-0.194365557,-0.047094097,-0.261411050
5.250000,0.572527455,0.141033361,0.039232662,-0.189364716,0.043754641,-0.262895689
5.251000,0.593430173,0.075585635,0.395192878,-0.182235872,0.132343972,-0.265191211
5.252000,0.588505230,0.012750568,0.772742919,-0.174445552,0.218110991,-0.268034073
5.253000,0.538639342,0.002465906,1.160779579,-0.168087774,0.298558827,-0.267458782
5.254000,0.426672616,0.040471261,1.575812618,-0.163922766,0.374115318,-0.264786353
5.255000,0.299403605,0.119911238,2.012079538,-0.164307504,0.447991635,-0.260439340
5.256000,0.185797931,0.237386463,2.465764625,-0.169870649,0.523067624,-0.252960300
5.257000,0.071395877,0.407870277,2.878567075,-0.181983094,0.600610373,-0.242410800
5.258000,0.028735545,0.589291858,3.210011605,-0.200742637,0.679900341,-0.232523776
5.259000,0.019323487,0.761700334,3.483527374,-0.220617239,0.761687484,-0.222232658
5.260000,0.046073484,0.933771252,3.688752966,-0.239952449,0.844276519,-0.211321527
5.261000,0.139310688,1.044783665,3.831674700,-0.252705689,0.926897905,-0.202338823
5.262000,0.256203525,1.136339539,3.930627480,-0.262770300,1.009145169,-0.194362933
5.263000,0.415840141,1.142435056,3.991524469,-0.263139195,1.093935822,-0.186933982
5.264000,0.632634510,1.083091900,4.061003222,-0.258053615,1.177461146,-0.179362152
5.265000,0.907284493,0.964914107,4.171030775,-0.249263468,1.259586291,-0.170508245
5.266000,1.215797459,0.845007304,4.341615025,-0.239549800,1.336954573,-0.161554225
5.267000,1.549125713,0.698979260,4.564280265,-0.227997952,1.411234797,-0.152336052
5.268000,1.907456009,0.620766163,4.886155827,-0.220251375,1.476973556,-0.141097618
5.269000,2.259973461,0.610280294,5.228770004,-0.215505052,1.536510533,-0.128899355
5.270000,2.594152053,0.636763738,5.575016950,-0.212348247,1.590314861,-0.117999369
5.271000,2.901249798,0.688742712,5.909751709,-0.211871981,1.638157835,-0.107039312
5.272000,3.178632388,0.780916637,6.207944159,-0.214106283,1.677586316,-0.094430081
5.273000,3.422946718,0.828580829,6.437027710,-0.214207020,1.706323723,-0.083267123
5.274000,3.632436928,0.844328974,6.649265425,-0.213097347,1.727370034,-0.072589532
5.275000,3.783770251,0.803687265,6.850145949,-0.210031074,1.741778004,-0.062510727
5.276000,3.873999434,0.696958773,6.998210348,-0.205014772,1.747883248,-0.054705469
5.277000,3.928736166,0.560862611,7.118563257,-0.198296231,1.749419741,-0.047637643
5.278000,3.901034513,0.403513530,7.215201980,-0.191183237,1.742665594,-0.041024966
5.279000,3.810313839,0.257350999,7.287714966,-0.184342003,1.729216530,-0.034346636
5.280000,3.691376403,0.140281888,7.329287334,-0.178147140,1.709824867,-0.026322381
5.281000,3.547707736,0.043031562,7.383212625,-0.169940946,1.684814586,-0.017313742
5.282000,3.373092806,-0.007762663,7.432897201,-0.161674649,1.654087758,-0.004507264
5.283000,3.204734163,0.004104136,7.476733422,-0.154917232,1.618347126,0.010481532
5.284000,3.082490193,0.045213412,7.501893514,-0.149247363,1.583014545,0.024908712
5.285000,2.994302955,0.081613160,7.514168427,-0.143471873,1.547520566,0.037970409
5.286000,2.949059800,0.126775924,7.508207175,-0.137587486,1.510520019,0.052066756
5.287000,2.946581939,0.155580403,7.494510920,-0.130163791,1.472456338,0.065871461
5.288000,2.994783492,0.136791167,7.492209538,-0.120187349,1.432446927,0.077603037
5.289000,3.071453599,0.088329999,7.494949885,-0.107652568,1.390876026,0.088930567
5.290000,3.148387517,0.021188656,7.508593699,-0.094306619,1.346469676,0.100703534
5.291000,3.190066580,-0.050515551,7.532565562,-0.082001653,1.292989741,0.114285421
5.292000,3.181868325,-0.095319400,7.557668284,-0.072906979,1.234268343,0.127191540
5.293000,3.069033026,-0.078598590,7.582861524,-0.068764252,1.166686214,0.141652728
5.294000,2.866317054,0.003176466,7.591632673,-0.069588187,1.094718489,0.157297405
5.295000,2.554813427,0.128534942,7.586377981,-0.076646440,1.016712012,0.172216156
5.296000,2.175999182,0.275695786,7.561391797,-0.086828607,0.935585068,0.187863107
5.297000,1.749352279,0.415487491,7.505253390,-0.097779346,0.852911376,0.203469123
5.298000,1.323846748,0.497841901,7.415258719,-0.108591135,0.771269062,0.218308519
5.299000,0.890316042,0.519447853,7.311619367,-0.116864161,0.688426932,0.230275576
5.300000,0.502810049,0.488263182,7.210908075,-0.119664530,0.607076296,0.239166245
5.301000,0.157872913,0.428574921,7.140436556,-0.119901454,0.526373497,0.245103715
5.302000,-0.155096728,0.354165231,7.061963835,-0.116038041,0.448303236,0.248357395
5.303000,-0.391503753,0.295663118,6.935050144,-0.104669895,0.376819818,0.248756002
5.304000,-0.568874291,0.182921520,6.765345158,-0.083598177,0.311379857,0.248108895
5.305000,-0.687255531,0.013381613,6.596197573,-0.052881186,0.252756879,0.248408914
5.306000,-0.749436328,-0.202119630,6.421111060,-0.012382617,0.201011338,0.251175267
5.307000,-0.763549111,-0.445344729,6.273424004,0.031346594,0.155397360,0.257963572
5.308000,-0.773956600,-0.670348673,6.233491386,0.073711570,0.113590491,0.267879901
5.309000,-0.767490007,-0.808022292,6.250567599,0.103296652,0.078252150,0.280877386
5.310000,-0.716226570,-0.852974782,6.270020612,0.121032709,0.053031677,0.295897088
5.311000,-0.596576415,-0.770723453,6.209210000,0.121309756,0.041977513,0.306646774
5.312000,-0.428603039,-0.642087248,6.110756863,0.109936451,0.040724659,0.314859136
5.313000,-0.117636909,-0.505487795,5.886395392,0.086924327,0.057482185,0.320772704
5.314000,0.253791529,-0.400211239,5.587893096,0.063193798,0.081870289,0.323004643
5.315000,0.683276082,-0.331472610,5.241681447,0.040676524,0.110666648,0.316541237
5.316000,1.134255268,-0.353171265,4.962579443,0.024161362,0.140289025,0.310400443
5.317000,1.591963887,-0.420377357,4.704297639,0.011868667,0.170958816,0.301094673
5.318000,1.925686751,-0.533201595,4.508551342,0.009284494,0.197078980,0.286583009
5.319000,2.174701150,-0.697971356,4.393762641,0.014783171,0.217888173,0.271536063
5.320000,2.302212184,-0.909077228,4.339872926,0.024961007,0.234635311,0.255199455
5.321000,2.278391870,-1.095846169,4.279587036,0.037136812,0.245451743,0.237197275
5.322000,2.169401438,-1.311452402,4.264816956,0.054246778,0.252476416,0.218697875
5.323000,1.940869166,-1.470333198,4.325088489,0.066122464,0.255561772,0.202627961
5.324000,1.713242815,-1.540930606,4.425036381,0.069677519,0.260641798,0.189297148
5.325000,1.509631418,-1.500229616,4.559191608,0.062736278,0.267296955,0.181655437
5.326000,1.343284022,-1.392652978,4.726193244,0.048097404,0.276852806,0.176347054
5.327000,1.182740925,-1.233816138,4.928744901,0.021758650,0.291150045,0.171732148
5.328000,1.048830592,-1.016456625,5.140759992,-0.014391159,0.308555283,0.162021069
5.329000,0.887031207,-0.851393243,5.329913195,-0.046122684,0.326596922,0.147538141
5.330000,0.694246752,-0.731975441,5.517772577,-0.073267058,0.343684049,0.127044264
5.331000,0.504580406,-0.665681751,5.742570740,-0.090690260,0.363606020,0.101433303
5.332000,0.305742244,-0.631564473,5.953123710,-0.096242367,0.387947902,0.074814305
5.333000,0.143641164,-0.685266869,6.174390196,-0.084050938,0.423378794,0.053464523
5.334000,0.038203488,-0.748040205,6.422513935,-0.059286707,0.470070043,0.039193399
5.335000,0.037596663,-0.838909402,6.687906804,-0.024683789,0.531644669,0.029247969
5.336000,0.089411492,-0.916297816,6.917282385,0.009900792,0.603972609,0.027211635
5.337000,0.230926475,-0.981842361,7.172362090,0.046028708,0.687638566,0.031822785
5.338000,0.474908609,-1.019109086,7.416738856,0.076767464,0.780699258,0.040040804
5.339000,0.784102282,-0.992749605,7.619588350,0.099443494,0.878941922,0.052160756
5.340000,1.146789903,-0.885572310,7.806100628,0.113151016,0.978795307,0.067812930
5.341000,1.566093087,-0.742819800,7.992675540,0.122563492,1.079877907,0.081258313
5.342000,1.944415649,-0.543913400,8.184664878,0.125187607,1.176760117,0.094590301
5.343000,2.260291442,-0.294502188,8.395170232,0.123671819,1.270818249,0.107287865
5.344000,2.549296763,-0.075152629,8.630163890,0.122334273,1.363730626,0.117708218
5.345000,2.773091803,0.082699384,8.895825576,0.120228787,1.454793757,0.124309503
5.346000,2.955076505,0.193964207,9.216914905,0.117857877,1.545220487,0.127704367
5.347000,3.120068180,0.237875634,9.521630340,0.116289455,1.636671050,0.129973466
5.348000,3.306538043,0.182778084,9.879682263,0.118731616,1.731908853,0.128921625
5.349000,3.488344579,0.081407270,10.260627536,0.125168351,1.828142939,0.126861435
5.350000,3.677819098,-0.085463028,10.662329459,0.139839769,1.924845428,0.126327017
5.351000,3.847235564,-0.287095790,11.060590810,0.158509876,2.022478833,0.125396629
5.352000,4.020136768,-0.499978866,11.411731905,0.181809078,2.119753910,0.125127003
5.353000,4.171235745,-0.728543166,11.701808992,0.205973807,2.218653586,0.124595945
5.354000,4.313059248,-0.939774112,11.938922631,0.229414338,2.319743945,0.123870802
5.355000,4.493145336,-1.068254412,12.061160456,0.249846993,2.425382843,0.122850161
5.356000,4.691186221,-1.153643855,12.130035910,0.266915216,2.534172133,0.121745934
5.357000,4.944743638,-1.196782592,12.196177147,0.280781868,2.647673620,0.121041431
5.358000,5.355548527,-1.050393096,12.269641361,0.284813387,2.767791068,0.121685679
5.359000,5.853860008,-0.830279944,12.362518102,0.283930192,2.890220845,0.123510558
5.360000,6.420931317,-0.583693267,12.501401757,0.276898584,3.015224244,0.125963768
5.361000,7.046691621,-0.307679859,12.590427319,0.266885595,3.140918762,0.129872399
5.362000,7.763072489,-0.070797538,12.651055233,0.255101249,3.268892633,0.134314924
5.363000,8.512062875,0.071208103,12.694838628,0.244120818,3.401358097,0.139096406
5.364000,9.237509131,0.097817004,12.721678220,0.237915886,3.533750574,0.143812118
5.365000,9.907862624,0.062188666,12.753475453,0.235626226,3.661396266,0.150188272
5.366000,10.470442011,-0.044113390,12.834870580,0.234777618,3.779135112,0.156807593
5.367000,10.906738097,-0.174223124,12.920736090,0.234712148,3.884060109,0.163747589
5.368000,11.221435635,-0.316039925,13.037012724,0.235296357,3.976953086,0.171434909
5.369000,11.405767951,-0.414825608,13.165947293,0.235039572,4.058606821,0.178588307
5.370000,11.483275543,-0.451215759,13.304716611,0.231540509,4.132604908,0.183258756
5.371000,11.431921512,-0.404845161,13.450517424,0.226134427,4.197975957,0.189252012
5.372000,11.310727202,-0.325880597,13.621562618,0.221289567,4.258537441,0.195396810
5.373000,11.139351293,-0.262885221,13.743432135,0.216261026,4.314437522,0.204276699
5.374000,10.972741017,-0.229824131,13.851756644,0.211268558,4.369023753,0.214012187
5.375000,10.868456272,-0.269210965,13.917196496,0.208704468,4.420442005,0.222332150
5.376000,10.792444146,-0.418592710,13.974637825,0.209744195,4.467059467,0.226898343
5.377000,10.722497051,-0.606876949,14.035151187,0.209836244,4.508957955,0.223345276
5.378000,10.686076680,-0.782272645,14.142986813,0.209563938,4.545124385,0.205710663
5.379000,10.638909048,-0.934369977,14.288472161,0.210016139,4.577736091,0.185934030
5.380000,10.564040810,-1.022088297,14.486341449,0.209993867,4.606548013,0.164878865
5.381000,10.526972491,-1.007152794,14.665895522,0.206262883,4.635063038,0.137152442
5.382000,10.532644175,-0.900092033,14.851452149,0.204525472,4.663752902,0.112343628
5.383000,10.555827847,-0.788240390,15.012668805,0.207577988,4.689044004,0.097206386
5.384000,10.591413734,-0.679131373,15.121295370,0.210160583,4.711727018,0.081249613
5.385000,10.601675163,-0.594637078,15.167837259,0.211487347,4.728005375,0.060925174
5.386000,10.588401565,-0.584588722,15.212204707,0.215679536,4.736938550,0.045925669
5.387000,10.500516064,-0.620388546,15.220768297,0.216380369,4.733074927,0.029810624
5.388000,10.262400158,-0.647605749,15.177918917,0.210736963,4.714978147,0.009302455
5.389000,9.988320273,-0.698740058,15.129770563,0.205921595,4.691562216,-0.009522928
5.390000,9.700997656,-0.761030519,15.085957752,0.202460195,4.663092310,-0.024652158
5.391000,9.299135526,-0.783405272,15.005168594,0.196772396,4.624412545,-0.041373296
5.392000,8.848356926,-0.759337098,14.895948497,0.191629645,4.580012036,-0.059725148
5.393000,8.434920159,-0.739774244,14.783340614,0.191653026,4.529966710,-0.079909917
5.394000,7.989980281,-0.678281656,14.667791842,0.190601854,4.475017645,-0.102930995
5.395000,7.545945179,-0.559382057,14.548268204,0.187652122,4.414831051,-0.126911438
5.396000,7.178477531,-0.483895430,14.431085077,0.187183725,4.354598384,-0.150223799
5.397000,6.891222007,-0.422227174,14.309529232,0.187762365,4.293801929,-0.173837637
5.398000,6.684051725,-0.342991583,14.152011062,0.185473895,4.232323392,-0.193427767
5.399000,6.528766868,-0.320793557,13.972392294,0.184498670,4.167776217,-0.209775050
5.400000,6.380779389,-0.392332557,13.742554191,0.187703764,4.098104479,-0.225148756
5.401000,6.213668733,-0.455830900,13.482139006,0.191690132,4.023062494,-0.236324892
5.402000,6.050436371,-0.508664769,13.199753325,0.193892800,3.942321978,-0.242176008
5.403000,5.788873039,-0.531016716,12.942733105,0.194563085,3.849935415,-0.244468698
5.404000,5.486168095,-0.444352462,12.710626336,0.189462899,3.751576566,-0.245335498
5.405000,5.168450748,-0.295102445,12.490715942,0.181749831,3.649958657,-0.245287303
5.406000,4.762029360,-0.110293181,12.280003558,0.171377185,3.538482493,-0.244956532
5.407000,4.307870675,0.057723664,12.056313499,0.162035923,3.420228393,-0.243298663
5.408000,3.818711805,0.122959278,11.761216828,0.160688322,3.293397492,-0.241956674
5.409000,3.286202678,0.142558451,11.441338618,0.161467489,3.160307802,-0.240538156
5.410000,2.767842739,0.138291828,11.100372244,0.162349834,3.025668895,-0.237799182
5.411000,2.314748199,0.069850583,10.714288762,0.166743464,2.893666466,-0.235798397
5.412000,1.896251453,-0.053632659,10.269151143,0.174669080,2.760523672,-0.235270076
5.413000,1.567976658,-0.110693895,9.806274747,0.174747911,2.628400106,-0.236611505
5.414000,1.286037485,-0.166372434,9.277431326,0.175763361,2.497013867,-0.239560489
5.415000,1.005239092,-0.227328460,8.705423196,0.177925705,2.361707204,-0.246822444
5.416000,0.736964980,-0.228502019,8.163257655,0.175457312,2.225964760,-0.256468503
5.417000,0.503169068,-0.154061383,7.587997211,0.166396683,2.086327462,-0.270382772
5.418000,0.281289208,-0.062873126,7.028414952,0.155585320,1.947028180,-0.285857419
5.419000,0.059071749,0.072097090,6.502049600,0.139557928,1.808419321,-0.299961062
5.420000,-0.169136945,0.224165566,6.004497705,0.120351935,1.671863426,-0.309147706
5.421000,-0.410501510,0.367000944,5.457946829,0.101052620,1.534923013,-0.314513184
5.422000,-0.665021980,0.503141565,4.893190113,0.081089908,1.399463490,-0.317906739
5.423000,-0.930016128,0.624154271,4.313288231,0.062635275,1.262807801,-0.319477040
5.424000,-1.238906370,0.686783183,3.679157113,0.052077384,1.118969992,-0.320095595
5.425000,-1.560376588,0.716178508,3.046253286,0.046986335,0.971859445,-0.321564133
5.426000,-1.889090470,0.676126140,2.459132903,0.049273835,0.824927914,-0.322234824
5.427000,-2.227525041,0.608971830,1.914179579,0.055016868,0.677883486,-0.322917086
5.428000,-2.558123629,0.569816652,1.444703288,0.059625778,0.536188585,-0.324548320
5.429000,-2.880991488,0.492788734,0.976254155,0.066585052,0.397577188,-0.325531120
5.430000,-3.173950508,0.407160973,0.499689659,0.072593546,0.263583101,-0.325690313
5.431000,-3.450151554,0.363024676,0.038938692,0.075991201,0.132957587,-0.326279011
5.432000,-3.696500506,0.355353151,-0.394190323,0.075354902,0.005933860,-0.325486570
5.433000,-3.855699074,0.357344158,-0.856503783,0.071513446,-0.116329345,-0.325557260
5.434000,-3.956758570,0.397653905,-1.340922573,0.065761334,-0.232689689,-0.325816385
5.435000,-4.016590402,0.460961248,-1.824724503,0.060278485,-0.343069756,-0.324908900
5.436000,-4.011373433,0.524988729,-2.307190535,0.054190550,-0.446939612,-0.322889272
5.437000,-3.859830337,0.588493841,-2.820473542,0.048457456,-0.538799840,-0.320248181
5.438000,-3.614893464,0.658152545,-3.339595617,0.042097511,-0.621467285,-0.313677217
5.439000,-3.317433731,0.717343460,-3.865341970,0.034397957,-0.699019606,-0.304143236
5.440000,-2.958172446,0.756298792,-4.410811209,0.024988771,-0.771382344,-0.292306635
5.441000,-2.598726239,0.766395921,-4.952569437,0.014104432,-0.841239351,-0.276926412
5.442000,-2.265931589,0.747865105,-5.478193422,0.003626054,-0.908370375,-0.259946530
5.443000,-1.955608625,0.694552475,-5.941132481,-0.005083983,-0.969544278,-0.241664699
5.444000,-1.677253992,0.621918650,-6.382334467,-0.012089607,-1.029654993,-0.222845839
5.445000,-1.446783804,0.531420061,-6.779516602,-0.015964204,-1.086968099,-0.202014124
5.446000,-1.241661094,0.437683360,-7.125424296,-0.016217939,-1.139975585,-0.180587742
5.447000,-1.041174113,0.353661391,-7.435919461,-0.014352020,-1.189356949,-0.158251522
5.448000,-0.856789302,0.263498820,-7.722352082,-0.009439401,-1.230958898,-0.133616536
5.449000,-0.661220869,0.188899116,-7.996067583,-0.004613687,-1.269618839,-0.108727212
5.450000,-0.436942564,0.131467591,-8.248774293,-0.000109152,-1.299902221,-0.083060052
5.451000,-0.166442006,0.058418433,-8.506702375,0.005147070,-1.321568190,-0.057026386
5.452000,0.132266480,-0.030219996,-8.764918424,0.010787146,-1.337565623,-0.030640467
5.453000,0.484652737,-0.117578517,-9.018013705,0.015077110,-1.344774129,-0.005767192
5.454000,0.843831587,-0.212145438,-9.259523382,0.019079503,-1.348190849,0.017619557
5.455000,1.220089410,-0.325230709,-9.498120379,0.023295782,-1.347651584,0.040391742
5.456000,1.558307678,-0.396247150,-9.713943696,0.024485119,-1.344569245,0.062717685
5.457000,1.852169463,-0.424866086,-9.917670864,0.021974550,-1.338578654,0.083671335
5.458000,2.077503026,-0.428101866,-10.089450180,0.015955072,-1.329012096,0.102462066
5.459000,2.240568430,-0.406223861,-10.233900205,0.008648465,-1.319476729,0.120431988
5.460000,2.335195977,-0.361302833,-10.345950081,-0.000675765,-1.309472514,0.137006805
5.461000,2.368081877,-0.357823421,-10.407403280,-0.009678441,-1.297508874,0.150762899
5.462000,2.344848537,-0.388151222,-10.431416853,-0.016283362,-1.284702221,0.162644846
5.463000,2.192589630,-0.460986465,-10.380831884,-0.017407474,-1.272940589,0.175523668
5.464000,1.988608592,-0.556500221,-10.314300621,-0.016612101,-1.260030174,0.189455951
5.465000,1.725527879,-0.662984457,-10.232277070,-0.014358548,-1.246389284,0.203830084
5.466000,1.396131622,-0.739258567,-10.143474422,-0.008718190,-1.232314933,0.220798994
5.467000,1.011986568,-0.773569944,-10.069977356,-0.000474024,-1.216551324,0.239948183
5.468000,0.648526320,-0.749997039,-10.026880128,0.009441123,-1.193714272,0.261421228
5.469000,0.341054026,-0.695083734,-9.988402314,0.020315364,-1.166814433,0.283700921
5.470000,0.112092619,-0.642219956,-9.979257515,0.035505626,-1.134097468,0.306527487
5.471000,0.015754819,-0.598771566,-9.975932063,0.052032348,-1.091709966,0.330092086
5.472000,0.058696363,-0.571987545,-9.941670226,0.068750613,-1.040554548,0.353242035
5.473000,0.246846348,-0.574976543,-9.882675203,0.082866563,-0.981173743,0.375148503
5.474000,0.472717664,-0.591149566,-9.801128141,0.092977778,-0.920154844,0.395148103
5.475000,0.766905830,-0.613132993,-9.674445929,0.095382750,-0.855549084,0.410886780
5.476000,1.004528403,-0.660434796,-9.511525882,0.089446181,-0.795245741,0.420582733
5.477000,1.222732729,-0.684156029,-9.337101401,0.079431653,-0.737746601,0.428000187
5.478000,1.329442613,-0.673813198,-9.115676297,0.064780648,-0.688847637,0.435990288
5.479000,1.407168348,-0.651597126,-8.901306102,0.049765353,-0.641156395,0.445280647
5.480000,1.383341744,-0.555200683,-8.688399167,0.030954524,-0.599473588,0.462198565
5.481000,1.274600512,-0.393084446,-8.490630960,0.010903361,-0.562063190,0.485789875
5.482000,1.098723775,-0.174190809,-8.304905201,-0.009800280,-0.526665108,0.515363297
5.483000,0.917686292,0.020294372,-8.205834039,-0.027085192,-0.488239416,0.541391629
5.484000,0.765958677,0.149593688,-8.125756019,-0.038858793,-0.448309930,0.561242972
5.485000,0.730470475,0.194138361,-8.038420685,-0.042547167,-0.404277780,0.567167813
5.486000,0.893272386,0.129337700,-7.958256112,-0.035102757,-0.351551831,0.558455772
5.487000,1.226567807,-0.043360679,-7.859826860,-0.017209820,-0.291658741,0.535000533
5.488000,1.724671189,-0.262311074,-7.690309038,0.009457951,-0.228139129,0.498544443
5.489000,2.272113283,-0.474876518,-7.506617445,0.036568058,-0.163150858,0.460470841
5.490000,2.795806071,-0.673735197,-7.333645385,0.062178414,-0.100152075,0.422391703
5.491000,3.211973692,-0.744618941,-7.084737818,0.076418179,-0.051248777,0.381996357
5.492000,3.532649533,-0.722586634,-6.811721909,0.081804393,-0.013192907,0.341731369
5.493000,3.696218046,-0.615748733,-6.554763939,0.078384286,0.007957385,0.303276293
5.494000,3.799283850,-0.510753691,-6.330747244,0.074135030,0.023630686,0.266941447
5.495000,3.830982727,-0.395678003,-6.112708381,0.070113403,0.031132809,0.233599204
5.496000,3.745973985,-0.270945914,-5.921291179,0.069967208,0.028019639,0.206077167
5.497000,3.586345645,-0.175618697,-5.764079698,0.074609912,0.018184683,0.183755809
5.498000,3.352065114,-0.149356635,-5.671200147,0.085722109,0.000608339,0.170822188
5.499000,3.128075049,-0.140919425,-5.597437227,0.100638556,-0.019437865,0.160740045
5.500000,2.904466101,-0.161136166,-5.550280441,0.118247477,-0.042430119,0.153848339
5.501000,2.718658364,-0.198328169,-5.544470181,0.135828470,-0.067524640,0.148054733
5.502000,2.576445147,-0.245420552,-5.564652278,0.153547436,-0.095528144,0.142243295
5.503000,2.463770078,-0.246266422,-5.611440157,0.167113226,-0.127664499,0.132317982
5.504000,2.335432103,-0.260752752,-5.692510517,0.179088925,-0.161827831,0.117583365
5.505000,2.173392053,-0.252478220,-5.847353007,0.189823588,-0.198902085,0.096960157
5.506000,1.950527469,-0.243989848,-6.067453344,0.199644464,-0.240773429,0.070842394
5.507000,1.732455787,-0.239650865,-6.318216191,0.208475580,-0.284447386,0.041814934
5.508000,1.496318159,-0.263491005,-6.599964701,0.218084089,-0.332040124,0.011693474
5.509000,1.271110566,-0.278089885,-6.894346717,0.224779507,-0.382560859,-0.016172073
5.510000,1.079209223,-0.331896895,-7.137667810,0.230801142,-0.435329038,-0.039860919
5.511000,0.945971436,-0.356556490,-7.354383362,0.232251859,-0.488282234,-0.058184160
5.512000,0.910906131,-0.402183619,-7.547975550,0.230337019,-0.541655039,-0.068995860
5.513000,0.952025504,-0.419646794,-7.758628668,0.223904835,-0.594574252,-0.075017619
5.514000,1.045756426,-0.391302796,-7.976089878,0.213655550,-0.645480951,-0.077480227
5.515000,1.155008677,-0.291753039,-8.221816292,0.199249010,-0.695964520,-0.078060420
5.516000,1.281281374,-0.160144382,-8.546489303,0.210096314,-0.752077949,-0.072099523
5.517000,1.381872208,0.016826487,-8.846686803,0.191920342,-0.800855918,-0.068006932
5.518000,1.491952447,0.133292988,-9.141823308,0.175276728,-0.847838726,-0.060525846
5.519000,1.601842029,0.178560965,-9.442032935,0.161760019,-0.895770165,-0.052524007
5.520000,1.756666515,0.111279991,-9.747284344,0.152449041,-0.943199729,-0.044187978
5.521000,1.964643891,0.011950648,-10.041028103,0.143942815,-0.990375363,-0.035509747
5.522000,2.214716905,-0.142950983,-10.366207289,0.136941480,-1.037908773,-0.027307465
5.523000,2.502595447,-0.264947860,-10.682427933,0.127488079,-1.086024639,-0.018742364
5.524000,2.816299922,-0.312381130,-10.980644118,0.112908443,-1.133664293,-0.009304185
5.525000,3.128039157,-0.264977084,-11.259986359,0.093199654,-1.181523956,-0.000519685
5.526000,3.416845168,-0.204889924,-11.536532723,0.071906612,-1.229208019,0.008766804
5.527000,3.655476525,-0.125824364,-11.819677236,0.050354608,-1.276879417,0.016412091
5.528000,3.845173552,-0.117780210,-12.109291118,0.033454600,-1.324198710,0.021452606
5.529000,4.025093927,-0.155706425,-12.400331401,0.021360078,-1.370484116,0.027297130
5.530000,4.199756433,-0.221429120,-12.715069098,0.012024645,-1.414924235,0.035564693
5.531000,4.441147773,-0.291190575,-13.032039767,0.005533324,-1.453966324,0.044279746
5.532000,4.741825052,-0.336981191,-13.317359811,0.001069551,-1.487827583,0.056217412
5.533000,5.108643787,-0.356260383,-13.569743737,-0.002415659,-1.515590758,0.069222703
5.534000,5.477595044,-0.388364428,-13.793066752,-0.005381582,-1.541599258,0.080142890
5.535000,5.852071595,-0.441729737,-13.925854105,-0.008857106,-1.566089431,0.085956176
5.536000,6.164249330,-0.499490457,-13.946873045,-0.016425030,-1.592693421,0.085537099
5.537000,6.405656733,-0.565883301,-13.914774396,-0.026523696,-1.621688652,0.079199228
5.538000,6.481597295,-0.609108027,-13.830798045,-0.038863773,-1.655760991,0.065982698
5.539000,6.438579427,-0.629202542,-13.723684292,-0.052632345,-1.693436593,0.049816556
5.540000,6.297468911,-0.640512793,-13.644079745,-0.065057599,-1.734345163,0.031030789
5.541000,6.047740206,-0.675816734,-13.585370331,-0.072354360,-1.778303863,0.012960512
5.542000,5.753235401,-0.733582675,-13.536605612,-0.075403219,-1.822601244,-0.004280401
5.543000,5.399221308,-0.812440719,-13.456017637,-0.075947484,-1.864861378,-0.018900598
5.544000,5.055985093,-0.893173126,-13.361648584,-0.075494253,-1.903504518,-0.030564568
5.545000,4.745865304,-0.942158423,-13.229958442,-0.075205158,-1.936649080,-0.036214303
5.546000,4.426353653,-0.953267012,-13.060918875,-0.076533776,-1.966032445,-0.038604911
5.547000,4.130449096,-0.874887611,-12.836639237,-0.081062308,-1.988672872,-0.036014932
5.548000,3.844836780,-0.760789182,-12.577107538,-0.088692383,-2.006391508,-0.030818752
5.549000,3.512500908,-0.634428910,-12.277817636,-0.098012945,-2.021412136,-0.025657266
5.550000,3.112856103,-0.498408350,-11.956881718,-0.108582553,-2.034030854,-0.022142416
5.551000,2.673939616,-0.358271566,-11.632461758,-0.120705625,-2.042524941,-0.020696611
5.552000,2.190254945,-0.232707052,-11.303004894,-0.133003699,-2.047336224,-0.021343747
5.553000,1.690347529,-0.106208188,-10.989039082,-0.143192471,-2.043647592,-0.025054432
5.554000,1.224056298,0.018348387,-10.681347745,-0.152283690,-2.034583476,-0.029703509
5.555000,0.870694555,0.115256292,-10.402824138,-0.158684179,-2.012171893,-0.036604583
5.556000,0.542974189,0.198798605,-10.126009838,-0.164453243,-1.987553217,-0.043988309
5.557000,0.297900664,0.223252869,-9.830756979,-0.166345617,-1.951593891,-0.053885324
5.558000,0.165537540,0.212556291,-9.500661997,-0.166398855,-1.905912900,-0.066352181
5.559000,0.077236668,0.187344639,-9.151981378,-0.165278372,-1.857181322,-0.079777601
5.560000,0.042029260,0.107757863,-8.778506434,-0.162175898,-1.803973815,-0.094840726
5.561000,0.034442670,0.042567619,-8.396473542,-0.160654661,-1.748522691,-0.110826850
5.562000,0.016020722,-0.002772130,-7.999953046,-0.160463462,-1.690831653,-0.127541999
5.563000,-0.044631484,-0.012380542,-7.597151354,-0.161968537,-1.633207159,-0.144047518
5.564000,-0.148414116,0.027732985,-7.202719979,-0.164603715,-1.574990162,-0.159004323
5.565000,-0.298505095,0.122288351,-6.816969663,-0.169407450,-1.515242786,-0.172521206
5.566000,-0.439415999,0.210758194,-6.440212857,-0.174497060,-1.452563879,-0.184764671
5.567000,-0.520714872,0.293726215,-6.073763363,-0.180480822,-1.383987121,-0.194965359
5.568000,-0.526555297,0.318796579,-5.732359041,-0.184216606,-1.308031215,-0.203205387
5.569000,-0.460292969,0.296011465,-5.393750719,-0.186949291,-1.226510954,-0.210379169
5.570000,-0.340583078,0.230907492,-5.039851535,-0.188433445,-1.140279241,-0.216962773
5.571000,-0.217460799,0.137835455,-4.662322361,-0.187365794,-1.052019075,-0.222315772
5.572000,-0.090315570,0.040184311,-4.272280725,-0.184718941,-0.962303901,-0.226978562
5.573000,0.023082346,-0.036869019,-3.876958197,-0.182349192,-0.872556325,-0.230553850
5.574000,0.119893744,-0.101954581,-3.479200937,-0.179822058,-0.783911067,-0.233478359
5.575000,0.176403579,-0.129626371,-3.092534795,-0.177970089,-0.697264679,-0.237020992
5.576000,0.215318329,-0.127437893,-2.712856742,-0.177392277,-0.611534706,-0.240410455
5.577000,0.241368386,-0.090072164,-2.342003353,-0.178968310,-0.526497347,-0.244407245
5.578000,0.279238389,-0.013961671,-1.952586091,-0.183686497,-0.439873484,-0.249398268
5.579000,0.320173456,0.065585091,-1.562454762,-0.188472685,-0.351081477,-0.253008668
5.580000,0.377620315,0.139263430,-1.186770784,-0.192357320,-0.261378882,-0.255223021
5.581000,0.436708714,0.186421198,-0.808245376,-0.194849476,-0.170778474,-0.258057009
5.582000,0.506793587,0.194523066,-0.424594909,-0.195205081,-0.077952754,-0.260823169
5.583000,0.557336392,0.156860677,-0.075497825,-0.191107887,0.013526490,-0.262416301
5.584000,0.590827830,0.097010852,0.272500200,-0.184739346,0.103247271,-0.264307295
5.585000,0.590411620,0.031811189,0.645846021,-0.176896756,0.189589630,-0.267165725
5.586000,0.564592184,0.000811968,1.033350488,-0.170267827,0.272518207,-0.268054499
5.587000,0.467622690,0.020310462,1.428933843,-0.164613226,0.349230760,-0.265946226
5.588000,0.341826609,0.093431246,1.866657231,-0.164179258,0.423366196,-0.261888344
5.589000,0.221468136,0.187430323,2.319269762,-0.166632599,0.497449717,-0.256305675
5.590000,0.104603407,0.350950590,2.745053660,-0.177762697,0.574526462,-0.245811335
5.591000,0.039579503,0.527993299,3.100813451,-0.194138621,0.653271939,-0.235914959
5.592000,0.015500370,0.704827106,3.407693023,-0.214038127,0.734098200,-0.225794223
5.593000,0.031479790,0.879843023,3.621723089,-0.233748409,0.816760939,-0.214885384
5.594000,0.104274169,1.011607618,3.791884270,-0.248904744,0.899462964,-0.205096455
5.595000,0.213805198,1.110789819,3.899257587,-0.260278433,0.981527887,-0.197461778
5.596000,0.359713160,1.146617120,3.973188928,-0.263542581,1.065545502,-0.189208754
5.597000,0.549597721,1.115278326,4.033250479,-0.260648567,1.150051030,-0.181951579
5.598000,0.815138711,1.003934298,4.133051757,-0.252180473,1.232257755,-0.173464750
5.599000,1.109029065,0.888595491,4.278121783,-0.243106561,1.311571091,-0.164549339
5.600000,1.436517797,0.744526625,4.481412020,-0.231609878,1.387075602,-0.155484006
5.601000,1.786387277,0.641887784,4.777498886,-0.222596071,1.455647861,-0.145035209
5.602000,2.145760078,0.604137936,5.113120245,-0.216658140,1.517808155,-0.132790183
5.603000,2.482759189,0.627935923,5.459601301,-0.213400516,1.572380085,-0.121632697
5.604000,2.804946439,0.662382374,5.804605341,-0.211474647,1.623842988,-0.110971915
5.605000,3.089853574,0.753687752,6.117008815,-0.213441163,1.665261188,-0.098467177
5.606000,3.342669569,0.815262364,6.364258639,-0.214411098,1.697695462,-0.087046489
5.607000,3.571093153,0.844553413,6.579481198,-0.213599979,1.721477987,-0.076078978
5.608000,3.738301683,0.825341453,6.785258563,-0.211276568,1.737524953,-0.065491874
5.609000,3.852776800,0.741892773,6.956792560,-0.207181430,1.747026224,-0.057102507
5.610000,3.916444703,0.607090773,7.081045924,-0.200681455,1.749597295,-0.049911392
5.611000,3.918511003,0.457565608,7.183329114,-0.193504798,1.745545629,-0.043085816
5.612000,3.847792343,0.304008430,7.268749550,-0.186604748,1.734634386,-0.036669312
5.613000,3.731022215,0.179304925,7.315429878,-0.180212094,1.716288754,-0.028997132
5.614000,3.601733771,0.068163354,7.364308179,-0.172744710,1.694163130,-0.020766318
5.615000,3.430799171,0.005689262,7.417489161,-0.164532903,1.664810680,-0.009149815
5.616000,3.260916784,-0.005026670,7.461778045,-0.156959568,1.630527455,0.005357824
5.617000,3.115514821,0.033579304,7.498438057,-0.151171549,1.594624994,0.020466036
5.618000,3.023698701,0.069479911,7.510076789,-0.145397036,1.559351892,0.033616510
5.619000,2.955603750,0.113234427,7.511608700,-0.139704431,1.523021463,0.047338907
5.620000,2.947145127,0.145679108,7.498196751,-0.132521978,1.485290034,0.061449510
5.621000,2.968747509,0.148811525,7.493111904,-0.124106888,1.445903888,0.073836413
5.622000,3.046100042,0.106235662,7.493266797,-0.111940488,1.404902536,0.085150816
5.623000,3.123140975,0.049932446,7.500160735,-0.098950031,1.362325751,0.096513395
5.624000,3.182293786,-0.029366876,7.524633980,-0.085673235,1.311556852,0.109816137
5.625000,3.194717558,-0.084285112,7.551500937,-0.075513204,1.254635494,0.122819183
5.626000,3.120229669,-0.091756198,7.571576118,-0.069387563,1.190132588,0.136605424
5.627000,2.945560571,-0.033220780,7.593819697,-0.068677980,1.119195127,0.151967649
5.628000,2.661635465,0.085761156,7.589169887,-0.074164195,1.042831258,0.167251748
5.629000,2.310851198,0.225134195,7.574269570,-0.083207754,0.962928928,0.182597570
5.630000,1.888515593,0.376390655,7.524799053,-0.094369030,0.880308815,0.198302873
5.631000,1.469930557,0.473933905,7.451022364,-0.104869621,0.798706289,0.213655442
5.632000,1.029467447,0.523440042,7.343636439,-0.115036366,0.715869283,0.226895095
5.633000,0.625783219,0.499619232,7.240834401,-0.118848394,0.634151494,0.236162483
5.634000,0.267898851,0.455987005,7.162301967,-0.120759094,0.552928246,0.243780483
5.635000,-0.058845879,0.369576788,7.095694383,-0.117528103,0.473515916,0.247501156
5.636000,-0.319455762,0.323856183,6.983809385,-0.109910192,0.400163596,0.248878498
5.637000,-0.519362565,0.228652829,6.824718161,-0.092071786,0.332135784,0.248377595
5.638000,-0.650411685,0.075231138,6.653005681,-0.064034057,0.271745106,0.248341383
5.639000,-0.737059173,-0.128944775,6.478542286,-0.026423967,0.217208923,0.249498456
5.640000,-0.759082860,-0.360998378,6.310262975,0.016642895,0.170187218,0.255521016
5.641000,-0.773832869,-0.601927275,6.235154623,0.060206754,0.127217652,0.264323270
5.642000,-0.776518010,-0.781932186,6.242261841,0.096209864,0.088025312,0.275878122
5.643000,-0.737317946,-0.845387585,6.268747655,0.115689111,0.060731486,0.291374176
5.644000,-0.639446462,-0.804413307,6.235000732,0.122845124,0.044441613,0.303502345
5.645000,-0.508761345,-0.687360961,6.152473425,0.115287212,0.038825236,0.312065742
5.646000,-0.227203639,-0.552452840,5.974969050,0.095458960,0.050626165,0.318848864
5.647000,0.125695903,-0.421794708,5.694458066,0.070563497,0.073134815,0.323858371
5.648000,0.536959189,-0.352469642,5.356639883,0.048032545,0.100895426,0.318915186
5.649000,0.978619983,-0.338814408,5.045485400,0.029159362,0.130227460,0.312713679
5.650000,1.451136680,-0.394864038,4.788904680,0.015329058,0.160928972,0.304622552
5.651000,1.816446502,-0.483260755,4.563329063,0.008714556,0.188505935,0.292000549
5.652000,2.106570862,-0.640825351,4.417230308,0.012221629,0.211745375,0.276142992
5.653000,2.265249287,-0.839203186,4.357070161,0.021568856,0.229243251,0.260693365
5.654000,2.302791834,-1.028110996,4.295713062,0.032111443,0.242557343,0.243433591
5.655000,2.214413675,-1.238724127,4.266677187,0.048534632,0.250253069,0.224485006
5.656000,2.016810349,-1.428115651,4.293266916,0.062686285,0.254942413,0.207770795
5.657000,1.792547316,-1.535724625,4.390922382,0.070423089,0.258413449,0.192879872
5.658000,1.574627775,-1.519163311,4.511172142,0.065462535,0.265131153,0.183891345
5.659000,1.399915636,-1.442260782,4.660830288,0.054860384,0.273164345,0.177671398
5.660000,1.234135379,-1.288838137,4.856481012,0.031664384,0.285784344,0.174419191
5.661000,1.090991557,-1.094380067,5.071139803,-0.001737403,0.302615997,0.165345344
5.662000,0.945231610,-0.890914954,5.266577808,-0.036737281,0.320617564,0.153561532
5.663000,0.757224913,-0.770013330,5.455115074,-0.064633666,0.337820856,0.134260540
5.664000,0.570877394,-0.681563945,5.662042096,-0.086529730,0.356494875,0.110534248
5.665000,0.371316713,-0.639367011,5.892115080,-0.095634413,0.378994258,0.083221086
5.666000,0.186892056,-0.658393152,6.096196282,-0.090496857,0.410015065,0.059677090
5.667000,0.055742533,-0.726699586,6.337664083,-0.069132063,0.452082141,0.043045579
5.668000,0.035796007,-0.808664224,6.600060215,-0.036086345,0.510584644,0.032160854
5.669000,0.057318692,-0.892353587,6.837756572,-0.002226198,0.577937768,0.026924477
5.670000,0.174867030,-0.957664029,7.081776754,0.034464420,0.659207390,0.030183432
5.671000,0.384963301,-1.013825024,7.345461076,0.067206780,0.748822974,0.036935797
5.672000,0.671993770,-1.018401612,7.555087677,0.094015739,0.845705458,0.047246505
5.673000,1.017248146,-0.922053037,7.745106988,0.108710437,0.945103315,0.062710259
5.674000,1.426446402,-0.797792237,7.927536311,0.120397670,1.046588520,0.077003987
5.675000,1.833051441,-0.620305927,8.121012448,0.125180269,1.145174501,0.090055358
5.676000,2.154961533,-0.379102224,8.321651844,0.124216144,1.239372489,0.103160824
5.677000,2.463341239,-0.130401820,8.547253757,0.122534127,1.333077238,0.115053338
5.678000,2.703747677,0.032003461,8.802552338,0.121109709,1.424543782,0.122409415
5.679000,2.898520647,0.165509663,9.112906482,0.118616831,1.514990018,0.126700860
5.680000,3.062751825,0.239821698,9.414578402,0.116217263,1.605816873,0.129550154
5.681000,3.245313416,0.208719069,9.758034534,0.117538863,1.700051699,0.129727888
5.682000,3.427654515,0.124828991,10.126720816,0.121901453,1.795985775,0.127405684
5.683000,3.613885325,-0.025651169,10.526823649,0.134507899,1.892466625,0.126505426
5.684000,3.792169542,-0.217957189,10.929070527,0.151809755,1.989989384,0.125845781
5.685000,3.963391407,-0.427897649,11.307561735,0.173972670,2.087112475,0.125420267
5.686000,4.126926700,-0.651897240,11.608946195,0.197780863,2.185604654,0.124507342
5.687000,4.258729875,-0.881891112,11.884295614,0.222279246,2.285183601,0.124542144
5.688000,4.431861592,-1.028831919,12.023314289,0.243057743,2.390058969,0.123061956
5.689000,4.621606644,-1.130040965,12.113974184,0.261901085,2.497415215,0.122353302
5.690000,4.841275624,-1.193714749,12.177436702,0.276453924,2.608328183,0.121088657
5.691000,5.207559012,-1.111160202,12.245311361,0.284013398,2.727763067,0.121355673
5.692000,5.667196136,-0.909861268,12.323029339,0.285237703,2.848329612,0.122678782
5.693000,6.231967970,-0.667843473,12.450998858,0.279769338,2.973791387,0.125144349
5.694000,6.825483473,-0.398672332,12.567013091,0.270421958,3.098629755,0.128426425
5.695000,7.519796390,-0.136269575,12.627029240,0.258878018,3.226201761,0.132517707
5.696000,8.259884056,0.033425910,12.681330090,0.247517300,3.356579102,0.137644735
5.697000,9.010757889,0.108479591,12.713789842,0.238808134,3.490829243,0.141849207
5.698000,9.685960682,0.076036469,12.741101725,0.236310289,3.619019647,0.147989843
5.699000,10.308528041,-0.007167843,12.804920355,0.235036575,3.742375978,0.154767798
5.700000,10.770171125,-0.129168489,12.890658397,0.234889618,3.849978542,0.161561721
5.701000,11.128380360,-0.270391329,12.996180094,0.235122474,3.947270458,0.168654297
5.702000,11.377919740,-0.400568337,13.119897098,0.236111919,4.033798790,0.177026741
5.703000,11.458638892,-0.440395854,13.258471199,0.232766656,4.108007549,0.181705172
5.704000,11.458715165,-0.424911566,13.399358601,0.227906032,4.176790982,0.187102967
5.705000,11.357177960,-0.351266650,13.573353908,0.222761413,4.238835674,0.192961897
5.706000,11.200763631,-0.285319540,13.704362631,0.218257540,4.295855203,0.201270095
5.707000,11.016889509,-0.224132967,13.821524232,0.212258286,4.351103737,0.210374647
5.708000,10.900002140,-0.248457115,13.898824957,0.209279253,4.403676853,0.219821127
5.709000,10.815370075,-0.357635109,13.954581875,0.209290998,4.452110132,0.226315659
5.710000,10.745181894,-0.545099930,14.004711782,0.209780184,4.495947619,0.226115091
5.711000,10.695568924,-0.718134082,14.103907710,0.209257217,4.533552462,0.211875507
5.712000,10.664910694,-0.907623652,14.224898307,0.210237609,4.568030781,0.192838116
5.713000,10.588869650,-0.992943737,14.419924425,0.210024644,4.596950481,0.172030834
5.714000,10.533863622,-1.029775931,14.606782205,0.207792865,4.625583437,0.146850724
5.715000,10.525665084,-0.941650049,14.796446878,0.204850074,4.654063797,0.119912725
5.716000,10.548465808,-0.835974326,14.961573757,0.207086101,4.680807764,0.102821944
5.717000,10.577725845,-0.701316607,15.102542360,0.209199390,4.704948410,0.086873539
5.718000,10.600922333,-0.624469868,15.152900239,0.211171265,4.722909473,0.067979716
5.719000,10.598435853,-0.572765620,15.198390785,0.214109023,4.735675227,0.050052318
5.720000,10.547374512,-0.603737523,15.222980934,0.217076948,4.736373730,0.035745867
5.721000,10.345388238,-0.633351114,15.194981691,0.212399794,4.721437647,0.015813756
5.722000,10.083562086,-0.677928289,15.144971833,0.207313759,4.700529265,-0.003546380
5.723000,9.799007679,-0.740477888,15.100764363,0.203633045,4.672758585,-0.019720166
5.724000,9.438912110,-0.781329890,15.040909959,0.198761841,4.638309993,-0.035408640
5.725000,8.998416583,-0.772992672,14.932217235,0.192780538,4.595181201,-0.054141259
5.726000,8.572881626,-0.747015384,14.820307882,0.191497750,4.547317787,-0.072771398
5.727000,8.150101267,-0.715965133,14.706502430,0.191705862,4.494514486,-0.094863077
5.728000,7.691479920,-0.596890203,14.588367415,0.188534071,4.434919608,-0.118945791
5.729000,7.285997352,-0.503041733,14.469755162,0.186840694,4.374702050,-0.142512785
5.730000,6.984562344,-0.444962943,14.356533659,0.187852299,4.314248428,-0.165621381
5.731000,6.745701925,-0.363333766,14.205452779,0.186279618,4.252772995,-0.187011213
5.732000,6.577238520,-0.313956568,14.040972624,0.184137875,4.190301198,-0.204804390
5.733000,6.430108549,-0.368486224,13.819166892,0.186635399,4.121328392,-0.220024187
5.734000,6.276095684,-0.435422159,13.580843488,0.190296498,4.049506741,-0.233612559
5.735000,6.105509212,-0.490518473,13.290612085,0.193088286,3.969424449,-0.240502810
5.736000,5.884194056,-0.532618238,13.030570781,0.194646542,3.882067912,-0.244197350
5.737000,5.586250538,-0.496189217,12.777964363,0.192394444,3.784795921,-0.245299857
5.738000,5.277295820,-0.344187756,12.565848332,0.184216240,3.684108667,-0.245291163
5.739000,4.909672757,-0.179517862,12.349920454,0.175327172,3.577264275,-0.245253007
5.740000,4.461231794,0.017115659,12.143905574,0.164145152,3.459924194,-0.243883102
5.741000,3.984099468,0.099243781,11.856117465,0.161375039,3.336132769,-0.242349438
5.742000,3.470875265,0.145816462,11.556512929,0.160828032,3.205784887,-0.240970814
5.743000,2.936604675,0.139232428,11.213518948,0.162150444,3.070350045,-0.238881396
5.744000,2.459023834,0.100518182,10.850727089,0.164769059,2.937234044,-0.236236327
5.745000,2.029635442,-0.014152435,10.419409557,0.172412241,2.805291043,-0.235242345
5.746000,1.675421821,-0.090721420,9.966962464,0.174789655,2.672343805,-0.235871740
5.747000,1.373893676,-0.142698687,9.460268667,0.175034873,2.541110067,-0.238144378
5.748000,1.100941794,-0.208464570,8.898639633,0.177218048,2.407135241,-0.244052308
5.749000,0.822311354,-0.238418832,8.341906645,0.177127821,2.271393766,-0.252850312
5.750000,0.577063106,-0.184273176,7.775488773,0.170124508,2.132611755,-0.265718724
5.751000,0.353939739,-0.095008799,7.212129827,0.159260733,1.993126408,-0.280835410
5.752000,0.135147394,0.015673623,6.674017137,0.146064135,1.854492234,-0.296013283
5.753000,-0.093248162,0.175624529,6.168217829,0.126722650,1.717178917,-0.306389659
5.754000,-0.326954656,0.321478529,5.650497174,0.107487620,1.580670187,-0.313339526
5.755000,-0.580181824,0.457761358,5.081442352,0.087744146,1.444616664,-0.316775554
5.756000,-0.836038374,0.588820570,4.511525209,0.068114454,1.308678176,-0.319385162
5.757000,-1.136519880,0.669664568,3.894121223,0.054919036,1.167436834,-0.319283125
5.758000,-1.451779898,0.710689394,3.254649728,0.048046200,1.021028527,-0.321277195
5.759000,-1.778178372,0.696197301,2.647894959,0.047739351,0.873883249,-0.322051040
5.760000,-2.116699870,0.634482530,2.084230670,0.052883330,0.726360768,-0.322457157
5.761000,-2.449057891,0.585758024,1.600932555,0.057833288,0.583046405,-0.323888516
5.762000,-2.778726305,0.529035311,1.130918328,0.063852715,0.443138483,-0.325507225
5.763000,-3.077183002,0.434001530,0.659488834,0.070744873,0.308069273,-0.325627787
5.764000,-3.365716801,0.373366359,0.188120846,0.075290176,0.175665853,-0.326204248
5.765000,-3.620861281,0.355533195,-0.248385035,0.075883032,0.047994222,-0.325994456
5.766000,-3.806163188,0.357220638,-0.698136659,0.072869482,-0.075867941,-0.325145071
5.767000,-3.931272039,0.372577077,-1.178738250,0.067968352,-0.195001965,-0.326026255
5.768000,-3.998374041,0.441787957,-1.664315632,0.061977205,-0.306545716,-0.325260092
5.769000,-4.028256177,0.502867621,-2.145354638,0.056319587,-0.413741982,-0.323663532
5.770000,-3.917389125,0.563953628,-2.649478251,0.050497317,-0.508985815,-0.321255432
5.771000,-3.705671289,0.633431392,-3.166156325,0.044440430,-0.594792296,-0.316393212
5.772000,-3.424142454,0.701908457,-3.688473287,0.037184440,-0.673944133,-0.307584440
5.773000,-3.080714188,0.744780244,-4.226732107,0.028173202,-0.747293943,-0.296513885
5.774000,-2.715253826,0.767373981,-4.776014475,0.017846746,-0.818600559,-0.282482474
5.775000,-2.377305625,0.762828626,-5.305023826,0.006694769,-0.886484324,-0.265812056
5.776000,-2.057335363,0.712591011,-5.789077267,-0.002168172,-0.949393282,-0.247818724
5.777000,-1.757053210,0.654457409,-6.243852728,-0.010531820,-1.009697195,-0.229412115
5.778000,-1.521370949,0.560783030,-6.650192211,-0.014725382,-1.068132442,-0.209046719
5.779000,-1.308751495,0.468659534,-7.014452804,-0.016678577,-1.122892183,-0.187827986
5.780000,-1.104327184,0.379454035,-7.339785274,-0.015166911,-1.173569929,-0.165733236
5.781000,-0.917722536,0.294677837,-7.626845078,-0.011250613,-1.217363783,-0.141852089
5.782000,-0.731235373,0.204845378,-7.908547157,-0.005998114,-1.257740368,-0.117014274
5.783000,-0.514986575,0.151532380,-8.165614541,-0.001691504,-1.290410668,-0.091684886
5.784000,-0.262773399,0.086302127,-8.421020830,0.003263081,-1.315842882,-0.065878702
5.785000,0.026231190,0.002583346,-8.678077343,0.008917840,-1.333010837,-0.039323685
5.786000,0.365026471,-0.089996156,-8.934739757,0.013794744,-1.342744399,-0.013980149
5.787000,0.722976198,-0.171549128,-9.180304324,0.017570342,-1.347797577,0.010045769
5.788000,1.092793899,-0.290390735,-9.418293014,0.021968612,-1.348038240,0.032797551
5.789000,1.454993652,-0.382178622,-9.644634815,0.024952981,-1.346325174,0.055576776
5.790000,1.763171202,-0.423875536,-9.852821005,0.023466556,-1.340832948,0.076817271
5.791000,2.004782315,-0.427187927,-10.033640156,0.018076095,-1.332266048,0.096238580
5.792000,2.199342271,-0.425884806,-10.193179566,0.011638552,-1.322777485,0.114650393
5.793000,2.305563422,-0.374749536,-10.309206111,0.002442650,-1.312811985,0.131530615
5.794000,2.369980043,-0.351173453,-10.394220196,-0.007131816,-1.301803532,0.146746259
5.795000,2.363416572,-0.371201443,-10.433454232,-0.014756212,-1.288923448,0.158778799
5.796000,2.247766218,-0.436068192,-10.398962359,-0.017239784,-1.276792126,0.171128144
5.797000,2.071171185,-0.512736696,-10.336494098,-0.017513074,-1.264520613,0.184711470
5.798000,1.814385017,-0.629674634,-10.260953688,-0.015066148,-1.250952912,0.199027470
5.799000,1.520640339,-0.723149528,-10.171617066,-0.011095965,-1.237151492,0.214684977
5.800000,1.138230596,-0.764465446,-10.088159054,-0.003717916,-1.222483986,0.233356838
5.801000,0.767708469,-0.761129475,-10.041458464,0.006181477,-1.201671857,0.254185354
5.802000,0.425670222,-0.720389435,-9.999811485,0.016317551,-1.176866940,0.276134549
5.803000,0.188299002,-0.656593686,-9.979829615,0.030125039,-1.145098069,0.298870937
5.804000,0.012288468,-0.608389839,-9.983873889,0.046484084,-1.108032120,0.322421375
5.805000,0.034148027,-0.581092093,-9.958766569,0.063677955,-1.058493464,0.345392172
5.806000,0.171576573,-0.572730031,-9.905094987,0.078959058,-1.001515597,0.368253199
5.807000,0.397362358,-0.581126972,-9.836598765,0.090563810,-0.940482577,0.388890128
5.808000,0.664237491,-0.606689660,-9.717144959,0.094766490,-0.877346490,0.405776380
5.809000,0.927319942,-0.646857199,-9.566298802,0.092471806,-0.815093189,0.418073554
5.810000,1.158691266,-0.683771058,-9.399494733,0.083275290,-0.755670523,0.425655202
5.811000,1.295940444,-0.677664451,-9.189804211,0.069737682,-0.705071233,0.433273516
5.812000,1.395293976,-0.665579016,-8.967587234,0.054859376,-0.656444317,0.441469896
5.813000,1.398040143,-0.591686910,-8.762040887,0.037529086,-0.612945298,0.456163098
5.814000,1.330965692,-0.459136301,-8.553632941,0.017536328,-0.573816297,0.476345753
5.815000,1.159698161,-0.242789851,-8.363613402,-0.003100527,-0.538640533,0.505746040
5.816000,0.981791168,-0.036408719,-8.233624908,-0.022010117,-0.501005908,0.532986217
5.817000,0.802031207,0.117171706,-8.153475332,-0.035930196,-0.462123436,0.556181346
5.818000,0.735971094,0.183956087,-8.067084622,-0.041759929,-0.419159149,0.565928493
5.819000,0.800823512,0.173059544,-7.988669752,-0.039552546,-0.370700047,0.564681817
5.820000,1.103422207,0.014981955,-7.895911154,-0.023815874,-0.312141367,0.543470401
5.821000,1.542190491,-0.191455926,-7.751539569,0.000421248,-0.249801886,0.511235643
5.822000,2.089632585,-0.404021370,-7.567847976,0.027531356,-0.184813615,0.473162042
5.823000,2.623699827,-0.612066792,-7.389295520,0.053777245,-0.120887791,0.435190008
5.824000,3.089450395,-0.737718336,-7.173968168,0.073390012,-0.065512962,0.395624590
5.825000,3.436205268,-0.738889702,-6.907308465,0.080973116,-0.024179415,0.355302612
5.826000,3.647363752,-0.652930808,-6.638219921,0.079671421,0.001306517,0.315983072
5.827000,3.777313709,-0.534936133,-6.395373278,0.075129561,0.019710592,0.278459240
5.828000,3.825383074,-0.441395516,-6.191067748,0.071769334,0.029328889,0.244517516
5.829000,3.790207855,-0.310451282,-5.977084745,0.069037823,0.030456482,0.213979890
5.830000,3.654830189,-0.198757036,-5.810916913,0.072631078,0.022405881,0.190485564
5.831000,3.428144123,-0.156661764,-5.700220961,0.081837069,0.006553276,0.174859719
5.832000,3.199619199,-0.145547044,-5.618873273,0.094978258,-0.012225231,0.163535283
5.833000,2.980067536,-0.150677495,-5.564036724,0.112356963,-0.034628929,0.155984320
5.834000,2.775599766,-0.178783580,-5.543231971,0.129728536,-0.058565242,0.149983510
5.835000,2.617577036,-0.242871924,-5.551167800,0.148464377,-0.085684065,0.144300836
5.836000,2.500301704,-0.248114527,-5.596650096,0.162707746,-0.116808401,0.136056101
5.837000,2.385888412,-0.251562641,-5.656833412,0.175230426,-0.149785050,0.123617828
5.838000,2.239059837,-0.258905983,-5.789252863,0.186475001,-0.186088680,0.104228561
5.839000,2.023397706,-0.250597176,-5.985100046,0.196935408,-0.226393687,0.080273956
5.840000,1.804728035,-0.231670703,-6.232255992,0.205127202,-0.269561744,0.051928127
5.841000,1.582839138,-0.253513560,-6.504670585,0.215056238,-0.315447741,0.021479694
5.842000,1.335837767,-0.274230942,-6.802500619,0.223068989,-0.365388245,-0.007723780
5.843000,1.143140990,-0.310765579,-7.059051182,0.228702875,-0.417648845,-0.032070526
5.844000,0.978718908,-0.346376653,-7.285861717,0.232251156,-0.470639272,-0.053115930
5.845000,0.915721682,-0.393113018,-7.481353855,0.231684465,-0.523616817,-0.066142484
5.846000,0.933181084,-0.415075730,-7.687507421,0.226224093,-0.577093627,-0.073149031
5.847000,1.008144451,-0.413056793,-7.895742176,0.217790959,-0.628873389,-0.077311631
5.848000,1.119094953,-0.329171120,-8.139408413,0.204308203,-0.679051041,-0.077852565
5.849000,1.245632505,-0.218677595,-8.441312764,0.216080243,-0.735736850,-0.072955065
5.850000,1.345986864,-0.040428569,-8.749480451,0.198074635,-0.784925015,-0.069838179
5.851000,1.456276063,0.102128891,-9.043078857,0.180523785,-0.832182921,-0.063176205
5.852000,1.560928974,0.179969985,-9.343118246,0.165643719,-0.879637907,-0.055196875
5.853000,1.703028462,0.135958708,-9.643941538,0.155469152,-0.927478309,-0.046995377
5.854000,1.887395759,0.050973609,-9.943258893,0.146744129,-0.974750355,-0.038376236
5.855000,2.127175390,-0.089345136,-10.254261642,0.139335366,-1.021960855,-0.029794028
5.856000,2.400661905,-0.232071402,-10.580470576,0.131104538,-1.070057055,-0.021871578
5.857000,2.713086460,-0.316142338,-10.883062422,0.119062729,-1.117733481,-0.012349588
5.858000,3.024433638,-0.282299297,-11.168777699,0.099774184,-1.165549514,-0.003363609
5.859000,3.323420366,-0.226752175,-11.443595495,0.079214280,-1.213415605,0.005915696
5.860000,3.581621500,-0.150379114,-11.726347640,0.057210055,-1.260944385,0.013900750
5.861000,3.779558884,-0.114153241,-12.014566107,0.038355262,-1.308761587,0.019667357
5.862000,3.965983974,-0.134844291,-12.298651190,0.024564409,-1.355287533,0.025158152
5.863000,4.138944461,-0.198022277,-12.608999068,0.015051451,-1.400390801,0.032702197
5.864000,4.355091229,-0.270704807,-12.933827325,0.007248469,-1.441817763,0.040770025
5.865000,4.625487475,-0.327963624,-13.225933114,0.002617012,-1.477574183,0.051991647
5.866000,4.988006736,-0.348767191,-13.488268365,-0.001499671,-1.506512438,0.064855295
5.867000,5.349138282,-0.376919619,-13.728483640,-0.004168714,-1.533491972,0.077092354
5.868000,5.728079430,-0.424045400,-13.884822215,-0.007593919,-1.557879667,0.084047639
5.869000,6.073001716,-0.479476460,-13.949818299,-0.013236442,-1.583351129,0.087045187
5.870000,6.334243435,-0.545295705,-13.928330296,-0.022996462,-1.611875325,0.081568173
5.871000,6.485117420,-0.596099662,-13.867602116,-0.034223175,-1.643428467,0.071289121
5.872000,6.462955039,-0.626528870,-13.757811779,-0.048130069,-1.680658749,0.055236589
5.873000,6.345613757,-0.636411059,-13.670386884,-0.060929982,-1.720662496,0.037308693
5.874000,6.142512804,-0.657114731,-13.600080256,-0.071107337,-1.763564591,0.018925454
5.875000,5.856354220,-0.712715066,-13.556559039,-0.074686115,-1.807700879,0.001077020
5.876000,5.520639149,-0.784617779,-13.484725801,-0.075947113,-1.850971906,-0.014103140
5.877000,5.161765758,-0.868389556,-13.395454012,-0.075789772,-1.891705791,-0.027573820
5.878000,4.849371118,-0.926957875,-13.275109899,-0.075267735,-1.925648919,-0.034428980
5.879000,4.536260436,-0.966611373,-13.131071653,-0.075517763,-1.957061758,-0.038810790
5.880000,4.225215562,-0.909500238,-12.914348555,-0.079011891,-1.982149111,-0.037320763
5.881000,3.940670481,-0.802177723,-12.667422939,-0.085732594,-2.000761492,-0.032692640
5.882000,3.635366545,-0.676803180,-12.383877402,-0.094809875,-2.016872962,-0.027194303
5.883000,3.246033611,-0.543611695,-12.063451344,-0.105046327,-2.029900631,-0.023267308
5.884000,2.830917318,-0.402194107,-11.741375214,-0.116417442,-2.040610879,-0.020708150
5.885000,2.355462262,-0.274194383,-11.414364922,-0.129088017,-2.046180998,-0.020839525
5.886000,1.856727255,-0.147839241,-11.092405890,-0.139865757,-2.045106645,-0.023720956
5.887000,1.361905535,-0.022138467,-10.781707301,-0.149696080,-2.039960747,-0.027827772
5.888000,0.984498691,0.083532113,-10.494445598,-0.156568632,-2.019962141,-0.034264561
5.889000,0.648907743,0.175195234,-10.218532448,-0.162819131,-1.996224634,-0.041402163
5.890000,0.367567409,0.218345860,-9.933764413,-0.165828131,-1.964784731,-0.050269827
5.891000,0.198204375,0.216643710,-9.614825618,-0.166528303,-1.922002142,-0.062019399
5.892000,0.099396116,0.203126659,-9.271389582,-0.166097327,-1.873864453,-0.075075667
5.893000,0.051982022,0.138498746,-8.904163916,-0.163313505,-1.821924897,-0.089686381
5.894000,0.034867001,0.059032929,-8.524410498,-0.160751930,-1.767356270,-0.105359299
5.895000,0.028286300,0.010405349,-8.131993845,-0.160467302,-1.710122279,-0.121891358
5.896000,-0.020122850,-0.010169766,-7.730227447,-0.161358563,-1.652266878,-0.138613844
5.897000,-0.107846096,0.001628239,-7.334014966,-0.163329717,-1.594886377,-0.154378854
5.898000,-0.248965344,0.090148821,-6.945189420,-0.167777196,-1.535177934,-0.168020953
5.899000,-0.398724032,0.185414719,-6.564241727,-0.172821346,-1.474418209,-0.180971411
5.900000,-0.500469540,0.260711917,-6.197532205,-0.178327075,-1.407332198,-0.191888949
5.901000,-0.531941345,0.315414009,-5.844210665,-0.183162891,-1.334053376,-0.200665474
5.902000,-0.492493891,0.310504902,-5.506230171,-0.186144321,-1.254400025,-0.208089165
5.903000,-0.380574421,0.253788940,-5.158116562,-0.188018174,-1.169110499,-0.214797289
5.904000,-0.256384301,0.169234342,-4.791601948,-0.188036482,-1.081564697,-0.220849133
5.905000,-0.131740444,0.077174364,-4.400856166,-0.185794700,-0.992364602,-0.225354177
5.906000,-0.015099126,-0.015567817,-4.008727166,-0.183034945,-0.902224476,-0.229544468
5.907000,0.093257206,-0.081728580,-3.611825500,-0.180770972,-0.813398443,-0.232509906
5.908000,0.158819176,-0.122899493,-3.221990174,-0.178505922,-0.726029651,-0.235788550
5.909000,0.205067670,-0.133423904,-2.838447672,-0.177275573,-0.640238925,-0.239223615
5.910000,0.233929317,-0.106674125,-2.466125921,-0.178137732,-0.554792405,-0.242956608
5.911000,0.265997457,-0.040480924,-2.083315387,-0.181999329,-0.468831133,-0.247689328
5.912000,0.305903984,0.038712018,-1.691618951,-0.186933810,-0.380867309,-0.252123174
5.913000,0.357459456,0.114204615,-1.312354497,-0.191004247,-0.291296794,-0.254458827
5.914000,0.415633088,0.178777213,-0.936655367,-0.194426151,-0.201168593,-0.256913058
5.915000,0.485074133,0.198644507,-0.546631971,-0.195661363,-0.109055344,-0.260192117
5.916000,0.542145328,0.172687993,-0.190228312,-0.192851058,-0.016701661,-0.261936913
5.917000,0.584026484,0.118552052,0.153484629,-0.187107788,0.073660476,-0.263533741
5.918000,0.591920896,0.053698412,0.520519450,-0.179566314,0.160966801,-0.266178468
5.919000,0.579644189,0.004825057,0.905323433,-0.172398064,0.245712550,-0.268309979
5.920000,0.507418889,0.005514223,1.289461169,-0.165933232,0.324250225,-0.266766777
5.921000,0.384249612,0.066951254,1.721234924,-0.164051012,0.398740757,-0.263337349
5.922000,0.259371243,0.150062234,2.163216582,-0.164950767,0.472620394,-0.258585292
5.923000,0.145200669,0.294168526,2.605409143,-0.173816673,0.548797043,-0.249385817
5.924000,0.051400316,0.466575955,2.991637441,-0.187618345,0.626731326,-0.239279561
5.925000,0.018530726,0.649707109,3.317441217,-0.207313763,0.706571286,-0.229146917
5.926000,0.025401639,0.820771679,3.552625231,-0.227182824,0.789224211,-0.218559021
5.927000,0.070830837,0.978306917,3.747770616,-0.245093296,0.871941580,-0.208084058
5.928000,0.176557943,1.077786742,3.865466144,-0.256492061,0.954212896,-0.199900300
5.929000,0.303524682,1.150274819,3.954933746,-0.263888284,1.037159114,-0.191516496
5.930000,0.473548454,1.137026748,4.010576522,-0.262620839,1.122271233,-0.184621223
5.931000,0.723886611,1.043513099,4.097027490,-0.255117044,1.204859451,-0.176413451
5.932000,1.006695852,0.926251995,4.221700877,-0.246240623,1.285955920,-0.167493683
5.933000,1.326157628,0.794766965,4.411513522,-0.235579839,1.362015088,-0.158519116
5.934000,1.666107419,0.665142458,4.666787862,-0.225050146,1.433925473,-0.148873587
5.935000,2.028189667,0.602647437,4.996463204,-0.218017227,1.498110216,-0.137067064
5.936000,2.371366325,0.619108109,5.344185653,-0.214452784,1.554445309,-0.125266026
5.937000,2.702767180,0.646691890,5.689732843,-0.211548935,1.607806469,-0.114438587
5.938000,2.995551686,0.721215232,6.013380262,-0.212656572,1.651709512,-0.102753244
5.939000,3.263874170,0.801798675,6.290728587,-0.214582488,1.688711264,-0.090819811
5.940000,3.502345379,0.841088458,6.509537894,-0.213987355,1.714807825,-0.079515069
5.941000,3.687224876,0.838704132,6.718127373,-0.212371712,1.732617553,-0.069049954
5.942000,3.821259970,0.775557143,6.906755236,-0.208693043,1.744898415,-0.059770990
5.943000,3.895222069,0.652024773,7.039628136,-0.202848114,1.748740272,-0.052308431
5.944000,3.930198937,0.510255827,7.151015887,-0.195840468,1.747951635,-0.045311440
5.945000,3.882005703,0.351357532,7.246333760,-0.188890773,1.739544658,-0.038916656
5.946000,3.770668027,0.218327962,7.301572422,-0.182277049,1.722752642,-0.031671884
5.947000,3.651178049,0.102407833,7.345118651,-0.175682472,1.702724220,-0.023596909
5.948000,3.491803497,0.024277826,7.401400001,-0.167238379,1.675031532,-0.013400272
5.949000,3.316587551,-0.013409559,7.447056950,-0.159020661,1.642659554,0.000254571
5.950000,3.151281454,0.015508427,7.490985439,-0.152963863,1.606277793,0.015626551
5.951000,3.053094447,0.057346661,7.505985152,-0.147322200,1.571183219,0.029262611
5.952000,2.969218082,0.095964917,7.513547034,-0.141622953,1.535379685,0.042530293
5.953000,2.948102463,0.136227516,7.503201963,-0.135054732,1.497905026,0.056758133
5.954000,2.950300442,0.158225057,7.493803379,-0.127637108,1.459267739,0.070024355
5.955000,3.020746484,0.124141325,7.491583709,-0.116228409,1.418929046,0.081371065
5.956000,3.096807157,0.070424336,7.496632973,-0.103364647,1.376849516,0.092710318
5.957000,3.170136155,-0.003699562,7.517029897,-0.089736067,1.329628058,0.105267707
5.958000,3.192392069,-0.067400332,7.542033249,-0.078757429,1.273812617,0.118552302
5.959000,3.159754905,-0.098292599,7.564404909,-0.070743495,1.212753669,0.131666209
5.960000,3.017836383,-0.065440981,7.594146931,-0.068140942,1.143239840,0.146700032
5.961000,2.768457503,0.042987370,7.591961794,-0.071681949,1.068950504,0.162287340
5.962000,2.437853742,0.174271905,7.582715893,-0.079709589,0.990014622,0.177295764
5.963000,2.032257388,0.326043221,7.543095425,-0.090598819,0.907946942,0.193082990
5.964000,1.610681926,0.446744751,7.480673048,-0.101267967,0.825791513,0.208772607
5.965000,1.174408232,0.513771824,7.376130919,-0.111895188,0.743617440,0.222786541
5.966000,0.755405313,0.510356413,7.274154949,-0.117990597,0.661264009,0.233314471
5.967000,0.384447143,0.474783535,7.183280612,-0.120399832,0.579939724,0.241924866
5.968000,0.049513517,0.399075855,7.118065470,-0.118714778,0.499944707,0.246302435
5.969000,-0.244165300,0.345186393,7.026917686,-0.113966579,0.423853308,0.248837201
5.970000,-0.461140705,0.266685829,6.885013341,-0.099272441,0.353746671,0.248620277
5.971000,-0.609804098,0.129659385,6.710231463,-0.073970033,0.291488833,0.248184625
5.972000,-0.718358402,-0.055208751,6.538966166,-0.040717417,0.234232699,0.248625962
5.973000,-0.754259594,-0.281559004,6.365687017,0.002130139,0.185599278,0.253348142
5.974000,-0.769338310,-0.529462623,6.245865513,0.046281389,0.141064867,0.260820441
5.975000,-0.774473120,-0.737464127,6.232248453,0.087026179,0.100010113,0.271450018
5.976000,-0.752403976,-0.826704938,6.259657627,0.109492881,0.069491818,0.286125781
5.977000,-0.683914011,-0.834803946,6.259295696,0.123322383,0.047568867,0.300034399
5.978000,-0.553934436,-0.729361567,6.182278786,0.118507458,0.040214439,0.309458110
5.979000,-0.336816073,-0.595652123,6.053390891,0.103210614,0.044503602,0.317102556
5.980000,-0.004843757,-0.460306194,5.795949189,0.078548725,0.064593011,0.322655249
5.981000,0.391586022,-0.376822339,5.472126137,0.055585544,0.091160877,0.321324283
5.982000,0.833007355,-0.327806676,5.131920575,0.034418867,0.120544847,0.314445444
5.983000,1.293517985,-0.373613090,4.875680448,0.019693548,0.150613763,0.307548992
5.984000,1.710266733,-0.446094836,4.624525712,0.009396267,0.179974475,0.297060473
5.985000,2.024711846,-0.584442484,4.458348254,0.010276660,0.204923714,0.281218002
5.986000,2.223055336,-0.766136192,4.375912724,0.018080749,0.223602499,0.266312676
5.987000,2.315464152,-0.966999210,4.317983209,0.028165197,0.239055788,0.249544437
5.988000,2.246402773,-1.167285148,4.273132111,0.042835722,0.247852406,0.230841140
5.989000,2.103318238,-1.377402059,4.273471283,0.059137758,0.254188277,0.213259972
5.990000,1.866547372,-1.507233752,4.357735209,0.068821197,0.256681030,0.197621199
5.991000,1.639624132,-1.538097005,4.463152676,0.068188792,0.262965352,0.186127252
5.992000,1.455257974,-1.480175726,4.605018315,0.059748606,0.270018430,0.179393875
5.993000,1.288709700,-1.340745558,4.791337128,0.039880894,0.281318575,0.175383123
5.994000,1.133152522,-1.172303509,5.001519614,0.010916354,0.296676711,0.168669618
5.995000,0.998793096,-0.947399257,5.204688079,-0.026154344,0.314558501,0.158242217
5.996000,0.822128060,-0.810703287,5.392514135,-0.055378175,0.332208889,0.140899340
5.997000,0.633926612,-0.702533558,5.582897618,-0.080659403,0.349886307,0.119224390
5.998000,0.437948560,-0.652524381,5.817342910,-0.093162337,0.371300139,0.092327195
5.999000,0.241439656,-0.633001282,6.017141773,-0.095302146,0.397800817,0.066757569
6.000000,0.098385393,-0.706246235,6.256462785,-0.077051012,0.437211014,0.048011630
6.001000,0.032156083,-0.775605659,6.509900621,-0.048337641,0.489799520,0.035674101
6.002000,0.044309644,-0.866677115,6.766936863,-0.013502652,0.553991618,0.027417360
6.003000,0.132139261,-0.936980923,6.999529569,0.022182606,0.631589999,0.028697534
6.004000,0.296787135,-1.000866400,7.266714377,0.057017653,0.717186334,0.034128866
6.005000,0.565107289,-1.023804376,7.487950686,0.086277673,0.812592519,0.043194089
6.006000,0.900675214,-0.957401321,7.682347669,0.104076966,0.912022619,0.057435507
6.007000,1.283084977,-0.845429708,7.865766929,0.117213061,1.012650799,0.072652491
6.008000,1.705212595,-0.684555910,8.058451935,0.124362007,1.112888470,0.085414989
6.009000,2.051331955,-0.461535685,8.250444320,0.124713957,1.208086976,0.099071787
6.010000,2.365621351,-0.209902151,8.468688621,0.123127494,1.302264008,0.111414906
6.011000,2.630311116,-0.022032385,8.714325908,0.122177983,1.394252496,0.120172066
6.012000,2.837975321,0.127134003,9.001657669,0.119345632,1.484952974,0.125665330
6.013000,3.008914165,0.216892952,9.315746654,0.117037570,1.575518680,0.128627260
6.014000,3.182646194,0.226240228,9.637640548,0.116685682,1.668209524,0.130070353
6.015000,3.367762670,0.156837099,10.001329992,0.119924369,1.763766008,0.128115363
6.016000,3.549774790,0.031394026,10.394811348,0.129485763,1.860194391,0.126650417
6.017000,3.737082073,-0.149259614,10.797105919,0.145597927,1.957380653,0.126205810
6.018000,3.905085247,-0.357392918,11.184721170,0.166185111,2.054801900,0.125373384
6.019000,4.075942941,-0.572467553,11.511625719,0.189722098,2.152502617,0.124816254
6.020000,4.214587667,-0.804520381,11.793926535,0.214242305,2.251662661,0.124784367
6.021000,4.370619455,-0.989276311,11.985296740,0.236257204,2.354745554,0.123273883
6.022000,4.556901404,-1.099766937,12.088822854,0.255965362,2.461328142,0.122646261
6.023000,4.762656955,-1.173737388,12.153841283,0.271620244,2.571016533,0.121439869
6.024000,5.068382665,-1.165781174,12.222542908,0.282968638,2.687743209,0.121098318
6.025000,5.503538041,-0.989625990,12.293971360,0.285613376,2.807819069,0.122015685
6.026000,6.042991305,-0.751562808,12.401501580,0.282523948,2.932306740,0.124325302
6.027000,6.613874241,-0.491661793,12.539283026,0.273539210,3.056532493,0.126957984
6.028000,7.283240717,-0.221860057,12.608440307,0.262901537,3.183560354,0.131194021
6.029000,8.009606111,-0.010771537,12.666736648,0.251112608,3.312291716,0.136039409
6.030000,8.764550027,0.108195879,12.708023677,0.240765572,3.446185679,0.140535840
6.031000,9.461734906,0.086926737,12.731389972,0.237113087,3.576385111,0.145900980
6.032000,10.117350795,0.032116237,12.778963984,0.235340504,3.702754410,0.152554361
6.033000,10.620306568,-0.086640940,12.862764488,0.234833618,3.814556827,0.159184657
6.034000,11.026356535,-0.223148530,12.957066266,0.234853853,3.916505794,0.166084094
6.035000,11.311922565,-0.362132522,13.078281246,0.235575225,4.006433816,0.174259353
6.036000,11.432203421,-0.427610731,13.212209246,0.233903114,4.083307185,0.180146740
6.037000,11.481351532,-0.442782369,13.350791193,0.229716767,4.155403788,0.184904205
6.038000,11.394549736,-0.378055906,13.511935666,0.224447920,4.218405815,0.191106954
6.039000,11.258023977,-0.305069192,13.663931271,0.219945860,4.277350641,0.198309199
6.040000,11.077938955,-0.240450901,13.782501640,0.214264513,4.333019842,0.207283302
6.041000,10.934338136,-0.236951202,13.876674366,0.210267302,4.386637887,0.217258105
6.042000,10.838483909,-0.301596014,13.933290564,0.208574697,4.436668801,0.224702073
6.043000,10.768813020,-0.481846320,13.989674803,0.209762189,4.481503543,0.226506717
6.044000,10.708034763,-0.662326300,14.066865030,0.209636319,4.521595966,0.218237190
6.045000,10.676584436,-0.846411207,14.182065917,0.209870660,4.556696308,0.199545818
6.046000,10.613698489,-0.963799177,14.353507402,0.210055421,4.587352948,0.179182802
6.047000,10.544516458,-1.044152633,14.549812645,0.209737710,4.616183055,0.157188367
6.048000,10.525753805,-0.974311726,14.731438809,0.205504177,4.644547829,0.128462188
6.049000,10.540492073,-0.869296181,14.907468443,0.205705440,4.672487335,0.107379176
6.050000,10.563189886,-0.740506453,15.063763852,0.208069874,4.697280244,0.091590827
6.051000,10.600169504,-0.654302657,15.137963218,0.210855182,4.717813571,0.075034259
6.052000,10.601688314,-0.568520701,15.181342169,0.211972790,4.732833084,0.053969660
6.053000,10.569225101,-0.594088794,15.217415483,0.216444480,4.736759758,0.040903873
6.054000,10.427696931,-0.622966626,15.210789800,0.214265143,4.727751664,0.022613881
6.055000,10.179412079,-0.661860384,15.160856142,0.209074132,4.708518647,0.002791155
6.056000,9.893595824,-0.721556993,15.115412027,0.204885296,4.682118288,-0.014723398
6.057000,9.584428817,-0.780406222,15.070589677,0.201185396,4.651873969,-0.029434092
6.058000,9.148776054,-0.778198972,14.968692914,0.194776467,4.609796873,-0.047757277
6.059000,8.709285364,-0.751713985,14.858137637,0.191261879,4.564474795,-0.065682051
6.060000,8.296958691,-0.732533104,14.746373346,0.191808302,4.512615634,-0.087048436
6.061000,7.837014662,-0.634398349,14.628466626,0.189416019,4.455008165,-0.110980144
6.062000,7.406560862,-0.523415590,14.507750060,0.186795402,4.394780153,-0.134761032
6.063000,7.081519938,-0.464429187,14.393809368,0.187518012,4.334423406,-0.157922590
6.064000,6.815145637,-0.389109616,14.259973652,0.186966530,4.273268442,-0.180272663
6.065000,6.625446313,-0.324206987,14.099472523,0.184589430,4.211885294,-0.199641276
6.066000,6.479437709,-0.344639890,13.895779593,0.185567035,4.144552304,-0.214899619
6.067000,6.326960725,-0.414916218,13.665923692,0.188843639,4.074384191,-0.230083550
6.068000,6.159588973,-0.473174687,13.386375546,0.192389209,3.996243472,-0.238413851
6.069000,5.970450795,-0.522864074,13.116567317,0.194390386,3.912913415,-0.243444123
6.070000,5.690723750,-0.526312775,12.854638548,0.194357035,3.817511169,-0.244753102
6.071000,5.384980485,-0.392248435,12.641993174,0.186602887,3.718165259,-0.245322290
6.072000,5.048578436,-0.243117639,12.417547685,0.179071745,3.614836037,-0.245303152
6.073000,4.611630577,-0.046588761,12.211954566,0.167761168,3.499203343,-0.244419817
6.074000,4.148238007,0.077199875,11.953296784,0.161875410,3.378646179,-0.242774651
6.075000,3.653226159,0.146582857,11.666229560,0.160007464,3.250653861,-0.241560672
6.076000,3.105366612,0.140173027,11.326665651,0.161951055,3.115031196,-0.239963610
6.077000,2.608714568,0.134276041,10.983581747,0.162682540,2.981257356,-0.236794212
6.078000,2.172191820,0.027849074,10.566849159,0.169577853,2.849478755,-0.235520371
6.079000,1.783606263,-0.072460790,10.124889845,0.174931366,2.716332250,-0.235242551
6.080000,1.465596203,-0.127715335,9.638329424,0.174741333,2.584591779,-0.237289222
6.081000,1.196644496,-0.189600681,9.091856069,0.176510391,2.452563278,-0.241282172
6.082000,0.910409650,-0.242975486,8.513016327,0.178354205,2.316229428,-0.249698183
6.083000,0.656945551,-0.206529927,7.969209621,0.172807181,2.179287706,-0.261086420
6.084000,0.428018734,-0.124190921,7.399074478,0.162744820,2.039586836,-0.275537455
6.085000,0.208190541,-0.028530982,6.848132638,0.151518155,1.900884683,-0.290957200
6.086000,-0.017359379,0.127083491,6.331937952,0.133093365,1.762494408,-0.303631612
6.087000,-0.246108404,0.271928973,5.839534056,0.113984284,1.626756231,-0.311632233
6.088000,-0.495341667,0.412381151,5.269694590,0.094398383,1.489769839,-0.315644369
6.089000,-0.750126542,0.547516180,4.703916645,0.074501574,1.354215530,-0.318882783
6.090000,-1.031358314,0.652722811,4.105707691,0.058054573,1.215561571,-0.319248935
6.091000,-1.342865179,0.701226236,3.464874261,0.049612671,1.070347727,-0.320792088
6.092000,-1.670652252,0.716983399,2.838951239,0.046450036,0.922530498,-0.321784196
6.093000,-2.002884751,0.655345342,2.271609834,0.051077209,0.775640817,-0.322343335
6.094000,-2.338948095,0.598003658,1.757083122,0.056348449,0.630321954,-0.323338423
6.095000,-2.667836635,0.552498443,1.288296988,0.061528068,0.489437321,-0.325147775
6.096000,-2.980415495,0.460842087,0.819288008,0.068896200,0.352555445,-0.325565260
6.097000,-3.267743117,0.384267658,0.342404710,0.074175013,0.219475301,-0.325917042
6.098000,-3.535506417,0.359278935,-0.104723172,0.075937116,0.090475905,-0.326136733
6.099000,-3.758728887,0.356916160,-0.542075795,0.074248810,-0.035313672,-0.325003352
6.100000,-3.904182327,0.358301586,-1.015301308,0.070104875,-0.156685340,-0.325955003
6.101000,-3.980157681,0.422614666,-1.503906761,0.063675924,-0.270021676,-0.325611284
6.102000,-4.032563728,0.480643309,-1.985095882,0.058515460,-0.379396759,-0.324502899
6.103000,-3.965409859,0.544718472,-2.477584826,0.052328008,-0.478001488,-0.322099296
6.104000,-3.792680178,0.610799831,-2.994322663,0.046600713,-0.567562063,-0.318750177
6.105000,-3.521893040,0.682820971,-3.513540812,0.039692476,-0.647928865,-0.310822833
6.106000,-3.200316887,0.730911944,-4.044168504,0.031285269,-0.723140599,-0.300414889
6.107000,-2.836293768,0.765756828,-4.595823550,0.021644245,-0.795289875,-0.287638345
6.108000,-2.488020728,0.764676490,-5.128817601,0.010394821,-0.863865485,-0.271369236
6.109000,-2.159062101,0.730629548,-5.637022052,0.000747639,-0.929242286,-0.253972748
6.110000,-1.853881887,0.676513938,-6.093187696,-0.007999794,-0.989695274,-0.235510675
6.111000,-1.599468293,0.590034086,-6.518476642,-0.013379005,-1.049234612,-0.216131984
6.112000,-1.375356770,0.500314883,-6.900430551,-0.016840397,-1.105367002,-0.194923856
6.113000,-1.172994139,0.408568697,-7.232604785,-0.015692425,-1.156772757,-0.173160489
6.114000,-0.978655770,0.325856853,-7.531338074,-0.013061824,-1.203768669,-0.150087641
6.115000,-0.795856067,0.232319804,-7.817859086,-0.007628190,-1.244554012,-0.125380984
6.116000,-0.587510570,0.172513155,-8.082440661,-0.003263117,-1.280276146,-0.100259382
6.117000,-0.355331641,0.110673513,-8.333559549,0.001585143,-1.308559817,-0.074572006
6.118000,-0.070105408,0.030500890,-8.592389859,0.007032455,-1.327289513,-0.048175035
6.119000,0.245400206,-0.062413794,-8.851465809,0.012512378,-1.340714669,-0.022193107
6.120000,0.603597874,-0.144070449,-9.099793378,0.016344000,-1.346617380,0.002304168
6.121000,0.965498389,-0.255550761,-9.338465648,0.020641442,-1.348424895,0.025203359
6.122000,1.344145756,-0.357914990,-9.575098373,0.024467860,-1.347186866,0.047964006
6.123000,1.660739440,-0.410061343,-9.783382350,0.023975838,-1.342701096,0.069767478
6.124000,1.932061605,-0.426273987,-9.977830132,0.020197118,-1.335520001,0.090015093
6.125000,2.145193411,-0.428733813,-10.143795174,0.013836201,-1.325838232,0.108620736
6.126000,2.275930868,-0.388196238,-10.272462142,0.005561066,-1.316151456,0.126054426
6.127000,2.356760174,-0.352457232,-10.374182654,-0.003973380,-1.306032472,0.142374644
6.128000,2.365749224,-0.364512432,-10.420428756,-0.012217327,-1.293216161,0.154770849
6.129000,2.302942805,-0.411149920,-10.417092834,-0.017072093,-1.280643663,0.166732619
6.130000,2.135432964,-0.485182371,-10.360688860,-0.017530183,-1.268923949,0.180116192
6.131000,1.903242155,-0.596364811,-10.289630306,-0.015773748,-1.255516540,0.194224855
6.132000,1.627873753,-0.694034173,-10.201645850,-0.013088261,-1.241852769,0.209114308
6.133000,1.267181109,-0.751862006,-10.115816738,-0.006218053,-1.227399460,0.227077916
6.134000,0.886890618,-0.772261911,-10.056036800,0.002921832,-1.209629442,0.246949480
6.135000,0.529344171,-0.738864603,-10.012301792,0.012700768,-1.185756687,0.268657102
6.136000,0.264505385,-0.670967416,-9.980401715,0.024744453,-1.156098670,0.291214387
6.137000,0.045640696,-0.626900599,-9.981034786,0.040959531,-1.122244569,0.314307907
6.138000,0.024951423,-0.589931829,-9.967349316,0.057855152,-1.075101715,0.337742129
6.139000,0.110735769,-0.572907633,-9.924374036,0.074206466,-1.021097537,0.360855851
6.140000,0.322538440,-0.577294004,-9.860163494,0.086749333,-0.960809648,0.382029112
6.141000,0.561569152,-0.600246328,-9.759843990,0.094150230,-0.899143895,0.400665979
6.142000,0.856224150,-0.628493349,-9.626544162,0.094580465,-0.834791176,0.414970151
6.143000,1.081736865,-0.674012393,-9.456752963,0.086420556,-0.775398292,0.423091911
6.144000,1.262438274,-0.681515704,-9.263932125,0.074694717,-0.721294829,0.430556745
6.145000,1.362944783,-0.669961945,-9.041548383,0.059823613,-0.672624042,0.438707059
6.146000,1.412738543,-0.628173137,-8.835682606,0.044103648,-0.626417007,0.450127631
6.147000,1.364649958,-0.514606442,-8.616787972,0.024322723,-0.586240065,0.468568544
6.148000,1.217149336,-0.317937149,-8.427122181,0.003901417,-0.550351862,0.495767957
6.149000,1.040257916,-0.101696845,-8.265656009,-0.016260197,-0.513875480,0.524332308
6.150000,0.853623969,0.076639053,-8.178209263,-0.032133075,-0.475462822,0.549749132
6.151000,0.741471712,0.173773813,-8.095748559,-0.040972691,-0.434040518,0.564689173
6.152000,0.741677462,0.194968255,-8.012539893,-0.042206554,-0.388577155,0.567343821
6.153000,0.998347296,0.072159827,-7.927083633,-0.029459316,-0.331846599,0.550963087
6.154000,1.378700522,-0.115359098,-7.810406876,-0.008692680,-0.270747952,0.523756232
6.155000,1.907151887,-0.333166222,-7.629078507,0.018494653,-0.206476372,0.485853242
6.156000,2.452673400,-0.544829423,-7.445698391,0.045450141,-0.141661910,0.447788253
6.157000,2.952309247,-0.714626953,-7.262279732,0.068778872,-0.081581819,0.409126101
6.158000,3.324089480,-0.741754321,-6.996023141,0.078695648,-0.037714096,0.368649484
6.159000,3.598509458,-0.690112882,-6.721675902,0.080958555,-0.005344352,0.328689850
6.160000,3.740982335,-0.576868827,-6.473148838,0.076925033,0.014229907,0.290712666
6.161000,3.817411363,-0.483156102,-6.265869986,0.073208952,0.027161301,0.255536857
6.162000,3.824027086,-0.350891581,-6.041311350,0.069048753,0.031907769,0.223219675
6.163000,3.701425656,-0.233951489,-5.865896854,0.071278982,0.025275970,0.198227644
6.164000,3.504223132,-0.163966893,-5.729241775,0.077952029,0.012498213,0.178897249
6.165000,3.274952549,-0.142943268,-5.642711338,0.089748289,-0.005487376,0.166877182
6.166000,3.055668971,-0.140218824,-5.577793006,0.106466448,-0.026827738,0.158120301
6.167000,2.833237409,-0.169438675,-5.542366770,0.124077802,-0.050336716,0.151792425
6.168000,2.668145847,-0.220994983,-5.547689459,0.142167015,-0.076586668,0.146167287
6.169000,2.536833330,-0.249962633,-5.581860036,0.158302266,-0.105952304,0.139794221
6.170000,2.428060674,-0.247098432,-5.632078609,0.171193389,-0.138413921,0.128250771
6.171000,2.286055757,-0.264454740,-5.735350501,0.182836212,-0.173946242,0.111163248
6.172000,2.102290090,-0.248407782,-5.909399006,0.193316223,-0.212115005,0.089247963
6.173000,1.877657233,-0.237382521,-6.149806642,0.202353521,-0.255153172,0.061410832
6.174000,1.661133093,-0.246503863,-6.409540370,0.211844181,-0.299605073,0.031533207
6.175000,1.413664452,-0.271218908,-6.699258831,0.220736333,-0.348582489,0.001949757
6.176000,1.207072758,-0.289634264,-6.980434554,0.226604609,-0.399968653,-0.024280133
6.177000,1.022560620,-0.341204160,-7.215647587,0.231938409,-0.453021948,-0.047056035
6.178000,0.930846559,-0.374834754,-7.417868609,0.231968162,-0.505949525,-0.062163322
6.179000,0.914336665,-0.410504665,-7.616386174,0.228543350,-0.559613002,-0.071280443
6.180000,0.972936537,-0.422652231,-7.827487750,0.221463699,-0.611979496,-0.076662376
6.181000,1.083181229,-0.366589201,-8.057000533,0.209367396,-0.662137562,-0.077644711
6.182000,1.205703189,-0.267865761,-8.342478090,0.221670352,-0.719781253,-0.073048785
6.183000,1.313634119,-0.100286476,-8.647984877,0.204085475,-0.768501482,-0.070968851
6.184000,1.420328902,0.070530243,-8.944326714,0.185791764,-0.816533571,-0.065825659
6.185000,1.527356176,0.163569171,-9.240911462,0.170084260,-0.863522748,-0.057871529
6.186000,1.649390409,0.160637425,-9.540598732,0.158489263,-0.911756889,-0.049802777
6.187000,1.815802766,0.085815251,-9.846950039,0.149507275,-0.958975704,-0.041327578
6.188000,2.045909640,-0.038697244,-10.147644873,0.141639090,-1.006168109,-0.032651887
6.189000,2.308978719,-0.190205081,-10.476259579,0.134148932,-1.053909090,-0.024590821
6.190000,2.605039595,-0.297043371,-10.784179432,0.123799785,-1.101976739,-0.015603697
6.191000,2.920828119,-0.299621509,-11.077569039,0.106348714,-1.149575073,-0.006207534
6.192000,3.226934026,-0.246403594,-11.352829379,0.086379824,-1.197512943,0.002409895
6.193000,3.502498893,-0.178113810,-11.630910008,0.064472679,-1.244999367,0.011343048
6.194000,3.715027880,-0.119587798,-11.917323637,0.044343657,-1.292996715,0.018035667
6.195000,3.910788220,-0.121407180,-12.204016129,0.028553937,-1.339635834,0.023237854
6.196000,4.084446917,-0.176179814,-12.504127813,0.018210485,-1.385490232,0.029714224
6.197000,4.276376288,-0.248490080,-12.824967879,0.009462580,-1.428561108,0.038146003
6.198000,4.530320264,-0.311378755,-13.129427121,0.004159974,-1.465955741,0.048060768
6.199000,4.864937051,-0.342854225,-13.405886521,-0.000422404,-1.497470061,0.060505539
6.200000,5.229283397,-0.363811865,-13.651198640,-0.003330369,-1.524666215,0.073582040
6.201000,5.603599366,-0.405728899,-13.839815026,-0.006494393,-1.549705889,0.082135507
6.202000,5.969459935,-0.457360129,-13.944488282,-0.010818481,-1.574406891,0.087317952
6.203000,6.249246382,-0.522393081,-13.937601671,-0.019710746,-1.602284373,0.083552636
6.204000,6.465301685,-0.583783688,-13.897356867,-0.029944337,-1.631783802,0.075867353
6.205000,6.477573332,-0.621635365,-13.793992664,-0.043505903,-1.668103054,0.060667290
6.206000,6.393758603,-0.632309324,-13.696694023,-0.056802365,-1.706979829,0.043586598
6.207000,6.227855940,-0.646563811,-13.620639145,-0.068471902,-1.748669953,0.024896865
6.208000,5.951526121,-0.693936222,-13.571429229,-0.073599832,-1.793008249,0.006957539
6.209000,5.642056989,-0.756794838,-13.513433964,-0.075946742,-1.837082433,-0.009305683
6.210000,5.277971441,-0.840542378,-13.427095184,-0.075935993,-1.878701271,-0.023634929
6.211000,4.952876933,-0.911757326,-13.320261357,-0.075330312,-1.914648758,-0.032643657
6.212000,4.641525427,-0.958750309,-13.183609560,-0.075117714,-1.947187811,-0.037859926
6.213000,4.323596470,-0.933407848,-12.987966641,-0.077672777,-1.974295867,-0.037993834
6.214000,4.038587380,-0.841410544,-12.755971509,-0.083099049,-1.994669119,-0.034643235
6.215000,3.747424742,-0.719380361,-12.485588519,-0.091661366,-2.011989064,-0.028976844
6.216000,3.379211118,-0.588815040,-12.170020971,-0.101510101,-2.025770408,-0.024392201
6.217000,2.975657322,-0.451776213,-11.849407135,-0.112279251,-2.037791095,-0.021292415
6.218000,2.514700939,-0.316232974,-11.523413340,-0.124896821,-2.044352970,-0.020768068
6.219000,2.023106981,-0.189470293,-11.195772698,-0.136539043,-2.046565698,-0.022387479
6.220000,1.523967804,-0.064577136,-10.885672274,-0.146519186,-2.042188539,-0.026387908
6.221000,1.098302828,0.051807934,-10.586067058,-0.154453085,-2.027752388,-0.031924539
6.222000,0.756890418,0.146980471,-10.311202679,-0.160799727,-2.004381645,-0.038944605
6.223000,0.451733591,0.209053940,-10.031269969,-0.165200155,-1.976634259,-0.047035122
6.224000,0.239265708,0.221227211,-9.726080185,-0.166546217,-1.937475722,-0.057803234
6.225000,0.132870705,0.208468871,-9.386498377,-0.166269408,-1.889823657,-0.070684963
6.226000,0.061934784,0.169239630,-9.029821398,-0.164451111,-1.839875979,-0.084532035
6.227000,0.036836954,0.080171633,-8.651235042,-0.161289563,-1.785792881,-0.099980126
6.228000,0.032972737,0.026974370,-8.265116967,-0.160624904,-1.729441872,-0.116401980
6.229000,0.000103324,-0.008217232,-7.865890379,-0.160849238,-1.671446103,-0.133146051
6.230000,-0.069597001,-0.014069084,-7.464383439,-0.162578986,-1.614149775,-0.149461828
6.231000,-0.199425593,0.058009290,-7.073409177,-0.166146943,-1.555113081,-0.163520699
6.232000,-0.348607133,0.154909252,-6.690009553,-0.171104278,-1.495199251,-0.176943006
6.233000,-0.471104574,0.235250953,-6.318693469,-0.176377298,-1.430011657,-0.188339372
6.234000,-0.532686691,0.308552426,-5.956915240,-0.181940746,-1.359642753,-0.197914841
6.235000,-0.512306970,0.315979982,-5.619124781,-0.185180236,-1.281435463,-0.205661982
6.236000,-0.420565764,0.276670387,-5.276381588,-0.187602902,-1.197941757,-0.212631805
6.237000,-0.298752070,0.202613665,-4.918391198,-0.188444896,-1.111171811,-0.218987241
6.238000,-0.174562692,0.107998851,-4.531409793,-0.186600832,-1.022204082,-0.223828876
6.239000,-0.052354178,0.010208762,-4.140830999,-0.183829898,-0.932193341,-0.228418898
6.240000,0.061263818,-0.058170221,-3.745189229,-0.181663438,-0.842888175,-0.231563232
6.241000,0.141234773,-0.116172615,-3.351445553,-0.179041756,-0.754794624,-0.234556109
6.242000,0.192203466,-0.134652508,-2.964084033,-0.177516143,-0.668645134,-0.238198720
6.243000,0.225014662,-0.117541665,-2.589584313,-0.177707408,-0.583180154,-0.241653129
6.244000,0.252756526,-0.067000178,-2.214044683,-0.180312160,-0.497788782,-0.245980389
6.245000,0.291948458,0.011451469,-1.822117362,-0.185302522,-0.410734543,-0.251018734
6.246000,0.337298596,0.089145799,-1.437938210,-0.189651175,-0.321214705,-0.253694633
6.247000,0.397743800,0.163994309,-1.061376420,-0.193662513,-0.231517243,-0.255985067
6.248000,0.460023184,0.192994759,-0.678012822,-0.195260538,-0.140074105,-0.259158947
6.249000,0.526436907,0.186917902,-0.305748293,-0.194365557,-0.047094097,-0.261411050
6.250000,0.572527455,0.141033361,0.039232662,-0.189364716,0.043754641,-0.262895689
6.251000,0.593430173,0.075585635,0.395192878,-0.182235872,0.132343972,-0.265191211
6.252000,0.588505230,0.012750568,0.772742919,-0.174445552,0.218110991,-0.268034073
6.253000,0.538639342,0.002465906,1.160779579,-0.168087774,0.298558827,-0.267458782
6.254000,0.426672616,0.040471261,1.575812618,-0.163922766,0.374115318,-0.264786353
6.255000,0.299403605,0.119911238,2.012079538,-0.164307504,0.447991635,-0.260439340
6.256000,0.185797931,0.237386463,2.465764625,-0.169870649,0.523067624,-0.252960300
6.257000,0.071395877,0.407870277,2.878567075,-0.181983094,0.600610373,-0.242410800
6.258000,0.028735545,0.589291858,3.210011605,-0.200742637,0.679900341,-0.232523776
6.259000,0.019323487,0.761700334,3.483527374,-0.220617239,0.761687484,-0.222232658
6.260000,0.046073484,0.933771252,3.688752966,-0.239952449,0.844276519,-0.211321527
6.261000,0.139310688,1.044783665,3.831674700,-0.252705689,0.926897905,-0.202338823
6.262000,0.256203525,1.136339539,3.930627480,-0.262770300,1.009145169,-0.194362933
6.263000,0.415840141,1.142435056,3.991524469,-0.263139195,1.093935822,-0.186933982
6.264000,0.632634510,1.083091900,4.061003222,-0.258053615,1.177461146,-0.179362152
6.265000,0.907284493,0.964914107,4.171030775,-0.249263468,1.259586291,-0.170508245
6.266000,1.215797459,0.845007304,4.341615025,-0.239549800,1.336954573,-0.161554225
6.267000,1.549125713,0.698979260,4.564280265,-0.227997952,1.411234797,-0.152336052
6.268000,1.907456009,0.620766163,4.886155827,-0.220251375,1.476973556,-0.141097618
6.269000,2.259973461,0.610280294,5.228770004,-0.215505052,1.536510533,-0.128899355
6.270000,2.594152053,0.636763738,5.575016950,-0.212348247,1.590314861,-0.117999369
6.271000,2.901249798,0.688742712,5.909751709,-0.211871981,1.638157835,-0.107039312
6.272000,3.178632388,0.780916637,6.207944159,-0.214106283,1.677586316,-0.094430081
6.273000,3.422946718,0.828580829,6.437027710,-0.214207020,1.706323723,-0.083267123
6.274000,3.632436928,0.844328974,6.649265425,-0.213097347,1.727370034,-0.072589532
6.275000,3.783770251,0.803687265,6.850145949,-0.210031074,1.741778004,-0.062510727
6.276000,3.873999434,0.696958773,6.998210348,-0.205014772,1.747883248,-0.054705469
6.277000,3.928736166,0.560862611,7.118563257,-0.198296231,1.749419741,-0.047637643
6.278000,3.901034513,0.403513530,7.215201980,-0.191183237,1.742665594,-0.041024966
6.279000,3.810313839,0.257350999,7.287714966,-0.184342003,1.729216530,-0.034346636
6.280000,3.691376403,0.140281888,7.329287334,-0.178147140,1.709824867,-0.026322381
6.281000,3.547707736,0.043031562,7.383212625,-0.169940946,1.684814586,-0.017313742
6.282000,3.373092806,-0.007762663,7.432897201,-0.161674649,1.654087758,-0.004507264
6.283000,3.204734163,0.004104136,7.476733422,-0.154917232,1.618347126,0.010481532
6.284000,3.082490193,0.045213412,7.501893514,-0.149247363,1.583014545,0.024908712
6.285000,2.994302955,0.081613160,7.514168427,-0.143471873,1.547520566,0.037970409
6.286000,2.949059800,0.126775924,7.508207175,-0.137587486,1.510520019,0.052066756
6.287000,2.946581939,0.155580403,7.494510920,-0.130163791,1.472456338,0.065871461
6.288000,2.994783492,0.136791167,7.492209538,-0.120187349,1.432446927,0.077603037
6.289000,3.071453599,0.088329999,7.494949885,-0.107652568,1.390876026,0.088930567
6.290000,3.148387517,0.021188656,7.508593699,-0.094306619,1.346469676,0.100703534
6.291000,3.190066580,-0.050515551,7.532565562,-0.082001653,1.292989741,0.114285421
6.292000,3.181868325,-0.095319400,7.557668284,-0.072906979,1.234268343,0.127191540
6.293000,3.069033026,-0.078598590,7.582861524,-0.068764252,1.166686214,0.141652728
6.294000,2.866317054,0.003176466,7.591632673,-0.069588187,1.094718489,0.157297405
6.295000,2.554813427,0.128534942,7.586377981,-0.076646440,1.016712012,0.172216156
6.296000,2.175999182,0.275695786,7.561391797,-0.086828607,0.935585068,0.187863107
6.297000,1.749352279,0.415487491,7.505253390,-0.097779346,0.852911376,0.203469123
6.298000,1.323846748,0.497841901,7.415258719,-0.108591135,0.771269062,0.218308519
6.299000,0.890316042,0.519447853,7.311619367,-0.116864161,0.688426932,0.230275576
6.300000,0.502810049,0.488263182,7.210908075,-0.119664530,0.607076296,0.239166245
6.301000,0.157872913,0.428574921,7.140436556,-0.119901454,0.526373497,0.245103715
6.302000,-0.155096728,0.354165231,7.061963835,-0.116038041,0.448303236,0.248357395
6.303000,-0.391503753,0.295663118,6.935050144,-0.104669895,0.376819818,0.248756002
6.304000,-0.568874291,0.182921520,6.765345158,-0.083598177,0.311379857,0.248108895
6.305000,-0.687255531,0.013381613,6.596197573,-0.052881186,0.252756879,0.248408914
6.306000,-0.749436328,-0.202119630,6.421111060,-0.012382617,0.201011338,0.251175267
6.307000,-0.763549111,-0.445344729,6.273424004,0.031346594,0.155397360,0.257963572
6.308000,-0.773956600,-0.670348673,6.233491386,0.073711570,0.113590491,0.267879901
6.309000,-0.767490007,-0.808022292,6.250567599,0.103296652,0.078252150,0.280877386
6.310000,-0.716226570,-0.852974782,6.270020612,0.121032709,0.053031677,0.295897088
6.311000,-0.596576415,-0.770723453,6.209210000,0.121309756,0.041977513,0.306646774
6.312000,-0.428603039,-0.642087248,6.110756863,0.109936451,0.040724659,0.314859136
6.313000,-0.117636909,-0.505487795,5.886395392,0.086924327,0.057482185,0.320772704
6.314000,0.253791529,-0.400211239,5.587893096,0.063193798,0.081870289,0.323004643
6.315000,0.683276082,-0.331472610,5.241681447,0.040676524,0.110666648,0.316541237
6.316000,1.134255268,-0.353171265,4.962579443,0.024161362,0.140289025,0.310400443
6.317000,1.591963887,-0.420377357,4.704297639,0.011868667,0.170958816,0.301094673
6.318000,1.925686751,-0.533201595,4.508551342,0.009284494,0.197078980,0.286583009
6.319000,2.174701150,-0.697971356,4.393762641,0.014783171,0.217888173,0.271536063
6.320000,2.302212184,-0.909077228,4.339872926,0.024961007,0.234635311,0.255199455
6.321000,2.278391870,-1.095846169,4.279587036,0.037136812,0.245451743,0.237197275
6.322000,2.169401438,-1.311452402,4.264816956,0.054246778,0.252476416,0.218697875
6.323000,1.940869166,-1.470333198,4.325088489,0.066122464,0.255561772,0.202627961
6.324000,1.713242815,-1.540930606,4.425036381,0.069677519,0.260641798,0.189297148
6.325000,1.509631418,-1.500229616,4.559191608,0.062736278,0.267296955,0.181655437
6.326000,1.343284022,-1.392652978,4.726193244,0.048097404,0.276852806,0.176347054
6.327000,1.182740925,-1.233816138,4.928744901,0.021758650,0.291150045,0.171732148
6.328000,1.048830592,-1.016456625,5.140759992,-0.014391159,0.308555283,0.162021069
6.329000,0.887031207,-0.851393243,5.329913195,-0.046122684,0.326596922,0.147538141
6.330000,0.694246752,-0.731975441,5.517772577,-0.073267058,0.343684049,0.127044264
6.331000,0.504580406,-0.665681751,5.742570740,-0.090690260,0.363606020,0.101433303
6.332000,0.305742244,-0.631564473,5.953123710,-0.096242367,0.387947902,0.074814305
6.333000,0.143641164,-0.685266869,6.174390196,-0.084050938,0.423378794,0.053464523
6.334000,0.038203488,-0.748040205,6.422513935,-0.059286707,0.470070043,0.039193399
6.335000,0.037596663,-0.838909402,6.687906804,-0.024683789,0.531644669,0.029247969
6.336000,0.089411492,-0.916297816,6.917282385,0.009900792,0.603972609,0.027211635
6.337000,0.230926475,-0.981842361,7.172362090,0.046028708,0.687638566,0.031822785
6.338000,0.474908609,-1.019109086,7.416738856,0.076767464,0.780699258,0.040040804
6.339000,0.784102282,-0.992749605,7.619588350,0.099443494,0.878941922,0.052160756
6.340000,1.146789903,-0.885572310,7.806100628,0.113151016,0.978795307,0.067812930
6.341000,1.566093087,-0.742819800,7.992675540,0.122563492,1.079877907,0.081258313
6.342000,1.944415649,-0.543913400,8.184664878,0.125187607,1.176760117,0.094590301
6.343000,2.260291442,-0.294502188,8.395170232,0.123671819,1.270818249,0.107287865
6.344000,2.549296763,-0.075152629,8.630163890,0.122334273,1.363730626,0.117708218
6.345000,2.773091803,0.082699384,8.895825576,0.120228787,1.454793757,0.124309503
6.346000,2.955076505,0.193964207,9.216914905,0.117857877,1.545220487,0.127704367
6.347000,3.120068180,0.237875634,9.521630340,0.116289455,1.636671050,0.129973466
6.348000,3.306538043,0.182778084,9.879682263,0.118731616,1.731908853,0.128921625
6.349000,3.488344579,0.081407270,10.260627536,0.125168351,1.828142939,0.126861435
6.350000,3.677819098,-0.085463028,10.662329459,0.139839769,1.924845428,0.126327017
6.351000,3.847235564,-0.287095790,11.060590810,0.158509876,2.022478833,0.125396629
6.352000,4.020136768,-0.499978866,11.411731905,0.181809078,2.119753910,0.125127003
6.353000,4.171235745,-0.728543166,11.701808992,0.205973807,2.218653586,0.124595945
6.354000,4.313059248,-0.939774112,11.938922631,0.229414338,2.319743945,0.123870802
6.355000,4.493145336,-1.068254412,12.061160456,0.249846993,2.425382843,0.122850161
6.356000,4.691186221,-1.153643855,12.130035910,0.266915216,2.534172133,0.121745934
6.357000,4.944743638,-1.196782592,12.196177147,0.280781868,2.647673620,0.121041431
6.358000,5.355548527,-1.050393096,12.269641361,0.284813387,2.767791068,0.121685679
6.359000,5.853860008,-0.830279944,12.362518102,0.283930192,2.890220845,0.123510558
6.360000,6.420931317,-0.583693267,12.501401757,0.276898584,3.015224244,0.125963768
6.361000,7.046691621,-0.307679859,12.590427319,0.266885595,3.140918762,0.129872399
6.362000,7.763072489,-0.070797538,12.651055233,0.255101249,3.268892633,0.134314924
6.363000,8.512062875,0.071208103,12.694838628,0.244120818,3.401358097,0.139096406
6.364000,9.237509131,0.097817004,12.721678220,0.237915886,3.533750574,0.143812118
6.365000,9.907862624,0.062188666,12.753475453,0.235626226,3.661396266,0.150188272
6.366000,10.470442011,-0.044113390,12.834870580,0.234777618,3.779135112,0.156807593
6.367000,10.906738097,-0.174223124,12.920736090,0.234712148,3.884060109,0.163747589
6.368000,11.221435635,-0.316039925,13.037012724,0.235296357,3.976953086,0.171434909
6.369000,11.405767951,-0.414825608,13.165947293,0.235039572,4.058606821,0.178588307
6.370000,11.483275543,-0.451215759,13.304716611,0.231540509,4.132604908,0.183258756
6.371000,11.431921512,-0.404845161,13.450517424,0.226134427,4.197975957,0.189252012
6.372000,11.310727202,-0.325880597,13.621562618,0.221289567,4.258537441,0.195396810
6.373000,11.139351293,-0.262885221,13.743432135,0.216261026,4.314437522,0.204276699
6.374000,10.972741017,-0.229824131,13.851756644,0.211268558,4.369023753,0.214012187
6.375000,10.868456272,-0.269210965,13.917196496,0.208704468,4.420442005,0.222332150
6.376000,10.792444146,-0.418592710,13.974637825,0.209744195,4.467059467,0.226898343
6.377000,10.722497051,-0.606876949,14.035151187,0.209836244,4.508957955,0.223345276
6.378000,10.686076680,-0.782272645,14.142986813,0.209563938,4.545124385,0.205710663
6.379000,10.638909048,-0.934369977,14.288472161,0.210016139,4.577736091,0.185934030
6.380000,10.564040810,-1.022088297,14.486341449,0.209993867,4.606548013,0.164878865
6.381000,10.526972491,-1.007152794,14.665895522,0.206262883,4.635063038,0.137152442
6.382000,10.532644175,-0.900092033,14.851452149,0.204525472,4.663752902,0.112343628
6.383000,10.555827847,-0.788240390,15.012668805,0.207577988,4.689044004,0.097206386
6.384000,10.591413734,-0.679131373,15.121295370,0.210160583,4.711727018,0.081249613
6.385000,10.601675163,-0.594637078,15.167837259,0.211487347,4.728005375,0.060925174
6.386000,10.588401565,-0.584588722,15.212204707,0.215679536,4.736938550,0.045925669
6.387000,10.500516064,-0.620388546,15.220768297,0.216380369,4.733074927,0.029810624
6.388000,10.262400158,-0.647605749,15.177918917,0.210736963,4.714978147,0.009302455
6.389000,9.988320273,-0.698740058,15.129770563,0.205921595,4.691562216,-0.009522928
6.390000,9.700997656,-0.761030519,15.085957752,0.202460195,4.663092310,-0.024652158
6.391000,9.299135526,-0.783405272,15.005168594,0.196772396,4.624412545,-0.041373296
6.392000,8.848356926,-0.759337098,14.895948497,0.191629645,4.580012036,-0.059725148
6.393000,8.434920159,-0.739774244,14.783340614,0.191653026,4.529966710,-0.079909917
6.394000,7.989980281,-0.678281656,14.667791842,0.190601854,4.475017645,-0.102930995
6.395000,7.545945179,-0.559382057,14.548268204,0.187652122,4.414831051,-0.126911438
6.396000,7.178477531,-0.483895430,14.431085077,0.187183725,4.354598384,-0.150223799
6.397000,6.891222007,-0.422227174,14.309529232,0.187762365,4.293801929,-0.173837637
6.398000,6.684051725,-0.342991583,14.152011062,0.185473895,4.232323392,-0.193427767
6.399000,6.528766868,-0.320793557,13.972392294,0.184498670,4.167776217,-0.209775050
6.400000,6.380779389,-0.392332557,13.742554191,0.187703764,4.098104479,-0.225148756
6.401000,6.213668733,-0.455830900,13.482139006,0.191690132,4.023062494,-0.236324892
6.402000,6.050436371,-0.508664769,13.199753325,0.193892800,3.942321978,-0.242176008
6.403000,5.788873039,-0.531016716,12.942733105,0.194563085,3.849935415,-0.244468698
6.404000,5.486168095,-0.444352462,12.710626336,0.189462899,3.751576566,-0.245335498
6.405000,5.168450748,-0.295102445,12.490715942,0.181749831,3.649958657,-0.245287303
6.406000,4.762029360,-0.110293181,12.280003558,0.171377185,3.538482493,-0.244956532
6.407000,4.307870675,0.057723664,12.056313499,0.162035923,3.420228393,-0.243298663
6.408000,3.818711805,0.122959278,11.761216828,0.160688322,3.293397492,-0.241956674
6.409000,3.286202678,0.142558451,11.441338618,0.161467489,3.160307802,-0.240538156
6.410000,2.767842739,0.138291828,11.100372244,0.162349834,3.025668895,-0.237799182
6.411000,2.314748199,0.069850583,10.714288762,0.166743464,2.893666466,-0.235798397
6.412000,1.896251453,-0.053632659,10.269151143,0.174669080,2.760523672,-0.235270076
6.413000,1.567976658,-0.110693895,9.806274747,0.174747911,2.628400106,-0.236611505
6.414000,1.286037485,-0.166372434,9.277431326,0.175763361,2.497013867,-0.239560489
6.415000,1.005239092,-0.227328460,8.705423196,0.177925705,2.361707204,-0.246822444
6.416000,0.736964980,-0.228502019,8.163257655,0.175457312,2.225964760,-0.256468503
6.417000,0.503169068,-0.154061383,7.587997211,0.166396683,2.086327462,-0.270382772
6.418000,0.281289208,-0.062873126,7.028414952,0.155585320,1.947028180,-0.285857419
6.419000,0.059071749,0.072097090,6.502049600,0.139557928,1.808419321,-0.299961062
6.420000,-0.169136945,0.224165566,6.004497705,0.120351935,1.671863426,-0.309147706
6.421000,-0.410501510,0.367000944,5.457946829,0.101052620,1.534923013,-0.314513184
6.422000,-0.665021980,0.503141565,4.893190113,0.081089908,1.399463490,-0.317906739
6.423000,-0.930016128,0.624154271,4.313288231,0.062635275,1.262807801,-0.319477040
6.424000,-1.238906370,0.686783183,3.679157113,0.052077384,1.118969992,-0.320095595
6.425000,-1.560376588,0.716178508,3.046253286,0.046986335,0.971859445,-0.321564133
6.426000,-1.889090470,0.676126140,2.459132903,0.049273835,0.824927914,-0.322234824
6.427000,-2.227525041,0.608971830,1.914179579,0.055016868,0.677883486,-0.322917086
6.428000,-2.558123629,0.569816652,1.444703288,0.059625778,0.536188585,-0.324548320
6.429000,-2.880991488,0.492788734,0.976254155,0.066585052,0.397577188,-0.325531120
6.430000,-3.173950508,0.407160973,0.499689659,0.072593546,0.263583101,-0.325690313
6.431000,-3.450151554,0.363024676,0.038938692,0.075991201,0.132957587,-0.326279011
6.432000,-3.696500506,0.355353151,-0.394190323,0.075354902,0.005933860,-0.325486570
6.433000,-3.855699074,0.357344158,-0.856503783,0.071513446,-0.116329345,-0.325557260
6.434000,-3.956758570,0.397653905,-1.340922573,0.065761334,-0.232689689,-0.325816385
6.435000,-4.016590402,0.460961248,-1.824724503,0.060278485,-0.343069756,-0.324908900
6.436000,-4.011373433,0.524988729,-2.307190535,0.054190550,-0.446939612,-0.322889272
6.437000,-3.859830337,0.588493841,-2.820473542,0.048457456,-0.538799840,-0.320248181
6.438000,-3.614893464,0.658152545,-3.339595617,0.042097511,-0.621467285,-0.313677217
6.439000,-3.317433731,0.717343460,-3.865341970,0.034397957,-0.699019606,-0.304143236
6.440000,-2.958172446,0.756298792,-4.410811209,0.024988771,-0.771382344,-0.292306635
6.441000,-2.598726239,0.766395921,-4.952569437,0.014104432,-0.841239351,-0.276926412
6.442000,-2.265931589,0.747865105,-5.478193422,0.003626054,-0.908370375,-0.259946530
6.443000,-1.955608625,0.694552475,-5.941132481,-0.005083983,-0.969544278,-0.241664699
6.444000,-1.677253992,0.621918650,-6.382334467,-0.012089607,-1.029654993,-0.222845839
6.445000,-1.446783804,0.531420061,-6.779516602,-0.015964204,-1.086968099,-0.202014124
6.446000,-1.241661094,0.437683360,-7.125424296,-0.016217939,-1.139975585,-0.180587742
6.447000,-1.041174113,0.353661391,-7.435919461,-0.014352020,-1.189356949,-0.158251522
6.448000,-0.856789302,0.263498820,-7.722352082,-0.009439401,-1.230958898,-0.133616536
6.449000,-0.661220869,0.188899116,-7.996067583,-0.004613687,-1.269618839,-0.108727212
6.450000,-0.436942564,0.131467591,-8.248774293,-0.000109152,-1.299902221,-0.083060052
6.451000,-0.166442006,0.058418433,-8.506702375,0.005147070,-1.321568190,-0.057026386
6.452000,0.132266480,-0.030219996,-8.764918424,0.010787146,-1.337565623,-0.030640467
6.453000,0.484652737,-0.117578517,-9.018013705,0.015077110,-1.344774129,-0.005767192
6.454000,0.843831587,-0.212145438,-9.259523382,0.019079503,-1.348190849,0.017619557
6.455000,1.220089410,-0.325230709,-9.498120379,0.023295782,-1.347651584,0.040391742
6.456000,1.558307678,-0.396247150,-9.713943696,0.024485119,-1.344569245,0.062717685
6.457000,1.852169463,-0.424866086,-9.917670864,0.021974550,-1.338578654,0.083671335
6.458000,2.077503026,-0.428101866,-10.089450180,0.015955072,-1.329012096,0.102462066
6.459000,2.240568430,-0.406223861,-10.233900205,0.008648465,-1.319476729,0.120431988
6.460000,2.335195977,-0.361302833,-10.345950081,-0.000675765,-1.309472514,0.137006805
6.461000,2.368081877,-0.357823421,-10.407403280,-0.009678441,-1.297508874,0.150762899
6.462000,2.344848537,-0.388151222,-10.431416853,-0.016283362,-1.284702221,0.162644846
6.463000,2.192589630,-0.460986465,-10.380831884,-0.017407474,-1.272940589,0.175523668
6.464000,1.988608592,-0.556500221,-10.314300621,-0.016612101,-1.260030174,0.189455951
6.465000,1.725527879,-0.662984457,-10.232277070,-0.014358548,-1.246389284,0.203830084
6.466000,1.396131622,-0.739258567,-10.143474422,-0.008718190,-1.232314933,0.220798994
6.467000,1.011986568,-0.773569944,-10.069977356,-0.000474024,-1.216551324,0.239948183
6.468000,0.648526320,-0.749997039,-10.026880128,0.009441123,-1.193714272,0.261421228
6.469000,0.341054026,-0.695083734,-9.988402314,0.020315364,-1.166814433,0.283700921
6.470000,0.112092619,-0.642219956,-9.979257515,0.035505626,-1.134097468,0.306527487
6.471000,0.015754819,-0.598771566,-9.975932063,0.052032348,-1.091709966,0.330092086
6.472000,0.058696363,-0.571987545,-9.941670226,0.068750613,-1.040554548,0.353242035
6.473000,0.246846348,-0.574976543,-9.882675203,0.082866563,-0.981173743,0.375148503
6.474000,0.472717664,-0.591149566,-9.801128141,0.092977778,-0.920154844,0.395148103
6.475000,0.766905830,-0.613132993,-9.674445929,0.095382750,-0.855549084,0.410886780
6.476000,1.004528403,-0.660434796,-9.511525882,0.089446181,-0.795245741,0.420582733
6.477000,1.222732729,-0.684156029,-9.337101401,0.079431653,-0.737746601,0.428000187
6.478000,1.329442613,-0.673813198,-9.115676297,0.064780648,-0.688847637,0.435990288
6.479000,1.407168348,-0.651597126,-8.901306102,0.049765353,-0.641156395,0.445280647
6.480000,1.383341744,-0.555200683,-8.688399167,0.030954524,-0.599473588,0.462198565
6.481000,1.274600512,-0.393084446,-8.490630960,0.010903361,-0.562063190,0.485789875
6.482000,1.098723775,-0.174190809,-8.304905201,-0.009800280,-0.526665108,0.515363297
6.483000,0.917686292,0.020294372,-8.205834039,-0.027085192,-0.488239416,0.541391629
6.484000,0.765958677,0.149593688,-8.125756019,-0.038858793,-0.448309930,0.561242972
6.485000,0.730470475,0.194138361,-8.038420685,-0.042547167,-0.404277780,0.567167813
6.486000,0.893272386,0.129337700,-7.958256112,-0.035102757,-0.351551831,0.558455772
6.487000,1.226567807,-0.043360679,-7.859826860,-0.017209820,-0.291658741,0.535000533
6.488000,1.724671189,-0.262311074,-7.690309038,0.009457951,-0.228139129,0.498544443
6.489000,2.272113283,-0.474876518,-7.506617445,0.036568058,-0.163150858,0.460470841
6.490000,2.795806071,-0.673735197,-7.333645385,0.062178414,-0.100152075,0.422391703
6.491000,3.211973692,-0.744618941,-7.084737818,0.076418179,-0.051248777,0.381996357
6.492000,3.532649533,-0.722586634,-6.811721909,0.081804393,-0.013192907,0.341731369
6.493000,3.696218046,-0.615748733,-6.554763939,0.078384286,0.007957385,0.303276293
6.494000,3.799283850,-0.510753691,-6.330747244,0.074135030,0.023630686,0.266941447
6.495000,3.830982727,-0.395678003,-6.112708381,0.070113403,0.031132809,0.233599204
6.496000,3.745973985,-0.270945914,-5.921291179,0.069967208,0.028019639,0.206077167
6.497000,3.586345645,-0.175618697,-5.764079698,0.074609912,0.018184683,0.183755809
6.498000,3.352065114,-0.149356635,-5.671200147,0.085722109,0.000608339,0.170822188
6.499000,3.128075049,-0.140919425,-5.597437227,0.100638556,-0.019437865,0.160740045
6.500000,2.904466101,-0.161136166,-5.550280441,0.118247477,-0.042430119,0.153848339
6.501000,2.718658364,-0.198328169,-5.544470181,0.135828470,-0.067524640,0.148054733
6.502000,2.576445147,-0.245420552,-5.564652278,0.153547436,-0.095528144,0.142243295
6.503000,2.463770078,-0.246266422,-5.611440157,0.167113226,-0.127664499,0.132317982
6.504000,2.335432103,-0.260752752,-5.692510517,0.179088925,-0.161827831,0.117583365
6.505000,2.173392053,-0.252478220,-5.847353007,0.189823588,-0.198902085,0.096960157
6.506000,1.950527469,-0.243989848,-6.067453344,0.199644464,-0.240773429,0.070842394
6.507000,1.732455787,-0.239650865,-6.318216191,0.208475580,-0.284447386,0.041814934
6.508000,1.496318159,-0.263491005,-6.599964701,0.218084089,-0.332040124,0.011693474
6.509000,1.271110566,-0.278089885,-6.894346717,0.224779507,-0.382560859,-0.016172073
6.510000,1.079209223,-0.331896895,-7.137667810,0.230801142,-0.435329038,-0.039860919
6.511000,0.945971436,-0.356556490,-7.354383362,0.232251859,-0.488282234,-0.058184160
6.512000,0.910906131,-0.402183619,-7.547975550,0.230337019,-0.541655039,-0.068995860
6.513000,0.952025504,-0.419646794,-7.758628668,0.223904835,-0.594574252,-0.075017619
6.514000,1.045756426,-0.391302796,-7.976089878,0.213655550,-0.645480951,-0.077480227
6.515000,1.155008677,-0.291753039,-8.221816292,0.199249010,-0.695964520,-0.078060420
6.516000,1.281281374,-0.160144382,-8.546489303,0.210096314,-0.752077949,-0.072099523
6.517000,1.381872208,0.016826487,-8.846686803,0.191920342,-0.800855918,-0.068006932
6.518000,1.491952447,0.133292988,-9.141823308,0.175276728,-0.847838726,-0.060525846
6.519000,1.601842029,0.178560965,-9.442032935,0.161760019,-0.895770165,-0.052524007
6.520000,1.756666515,0.111279991,-9.747284344,0.152449041,-0.943199729,-0.044187978
6.521000,1.964643891,0.011950648,-10.041028103,0.143942815,-0.990375363,-0.035509747
6.522000,2.214716905,-0.142950983,-10.366207289,0.136941480,-1.037908773,-0.027307465
6.523000,2.502595447,-0.264947860,-10.682427933,0.127488079,-1.086024639,-0.018742364
6.524000,2.816299922,-0.312381130,-10.980644118,0.112908443,-1.133664293,-0.009304185
6.525000,3.128039157,-0.264977084,-11.259986359,0.093199654,-1.181523956,-0.000519685
6.526000,3.416845168,-0.204889924,-11.536532723,0.071906612,-1.229208019,0.008766804
6.527000,3.655476525,-0.125824364,-11.819677236,0.050354608,-1.276879417,0.016412091
6.528000,3.845173552,-0.117780210,-12.109291118,0.033454600,-1.324198710,0.021452606
6.529000,4.025093927,-0.155706425,-12.400331401,0.021360078,-1.370484116,0.027297130
6.530000,4.199756433,-0.221429120,-12.715069098,0.012024645,-1.414924235,0.035564693
6.531000,4.441147773,-0.291190575,-13.032039767,0.005533324,-1.453966324,0.044279746
6.532000,4.741825052,-0.336981191,-13.317359811,0.001069551,-1.487827583,0.056217412
6.533000,5.108643787,-0.356260383,-13.569743737,-0.002415659,-1.515590758,0.069222703
6.534000,5.477595044,-0.388364428,-13.793066752,-0.005381582,-1.541599258,0.080142890
6.535000,5.852071595,-0.441729737,-13.925854105,-0.008857106,-1.566089431,0.085956176
6.536000,6.164249330,-0.499490457,-13.946873045,-0.016425030,-1.592693421,0.085537099
6.537000,6.405656733,-0.565883301,-13.914774396,-0.026523696,-1.621688652,0.079199228
6.538000,6.481597295,-0.609108027,-13.830798045,-0.038863773,-1.655760991,0.065982698
6.539000,6.438579427,-0.629202542,-13.723684292,-0.052632345,-1.693436593,0.049816556
6.540000,6.297468911,-0.640512793,-13.644079745,-0.065057599,-1.734345163,0.031030789
6.541000,6.047740206,-0.675816734,-13.585370331,-0.072354360,-1.778303863,0.012960512
6.542000,5.753235401,-0.733582675,-13.536605612,-0.075403219,-1.822601244,-0.004280401
6.543000,5.399221308,-0.812440719,-13.456017637,-0.075947484,-1.864861378,-0.018900598
6.544000,5.055985093,-0.893173126,-13.361648584,-0.075494253,-1.903504518,-0.030564568
6.545000,4.745865304,-0.942158423,-13.229958442,-0.075205158,-1.936649080,-0.036214303
6.546000,4.426353653,-0.953267012,-13.060918875,-0.076533776,-1.966032445,-0.038604911
6.547000,4.130449096,-0.874887611,-12.836639237,-0.081062308,-1.988672872,-0.036014932
6.548000,3.844836780,-0.760789182,-12.577107538,-0.088692383,-2.006391508,-0.030818752
6.549000,3.512500908,-0.634428910,-12.277817636,-0.098012945,-2.021412136,-0.025657266
6.550000,3.112856103,-0.498408350,-11.956881718,-0.108582553,-2.034030854,-0.022142416
6.551000,2.673939616,-0.358271566,-11.632461758,-0.120705625,-2.042524941,-0.020696611
6.552000,2.190254945,-0.232707052,-11.303004894,-0.133003699,-2.047336224,-0.021343747
6.553000,1.690347529,-0.106208188,-10.989039082,-0.143192471,-2.043647592,-0.025054432
6.554000,1.224056298,0.018348387,-10.681347745,-0.152283690,-2.034583476,-0.029703509
6.555000,0.870694555,0.115256292,-10.402824138,-0.158684179,-2.012171893,-0.036604583
6.556000,0.542974189,0.198798605,-10.126009838,-0.164453243,-1.987553217,-0.043988309
6.557000,0.297900664,0.223252869,-9.830756979,-0.166345617,-1.951593891,-0.053885324
6.558000,0.165537540,0.212556291,-9.500661997,-0.166398855,-1.905912900,-0.066352181
6.559000,0.077236668,0.187344639,-9.151981378,-0.165278372,-1.857181322,-0.079777601
6.560000,0.042029260,0.107757863,-8.778506434,-0.162175898,-1.803973815,-0.094840726
6.561000,0.034442670,0.042567619,-8.396473542,-0.160654661,-1.748522691,-0.110826850
6.562000,0.016020722,-0.002772130,-7.999953046,-0.160463462,-1.690831653,-0.127541999
6.563000,-0.044631484,-0.012380542,-7.597151354,-0.161968537,-1.633207159,-0.144047518
6.564000,-0.148414116,0.027732985,-7.202719979,-0.164603715,-1.574990162,-0.159004323
6.565000,-0.298505095,0.122288351,-6.816969663,-0.169407450,-1.515242786,-0.172521206
6.566000,-0.439415999,0.210758194,-6.440212857,-0.174497060,-1.452563879,-0.184764671
6.567000,-0.520714872,0.293726215,-6.073763363,-0.180480822,-1.383987121,-0.194965359
6.568000,-0.526555297,0.318796579,-5.732359041,-0.184216606,-1.308031215,-0.203205387
6.569000,-0.460292969,0.296011465,-5.393750719,-0.186949291,-1.226510954,-0.210379169
6.570000,-0.340583078,0.230907492,-5.039851535,-0.188433445,-1.140279241,-0.216962773
6.571000,-0.217460799,0.137835455,-4.662322361,-0.187365794,-1.052019075,-0.222315772
6.572000,-0.090315570,0.040184311,-4.272280725,-0.184718941,-0.962303901,-0.226978562
6.573000,0.023082346,-0.036869019,-3.876958197,-0.182349192,-0.872556325,-0.230553850
6.574000,0.119893744,-0.101954581,-3.479200937,-0.179822058,-0.783911067,-0.233478359
6.575000,0.176403579,-0.129626371,-3.092534795,-0.177970089,-0.697264679,-0.237020992
6.576000,0.215318329,-0.127437893,-2.712856742,-0.177392277,-0.611534706,-0.240410455
6.577000,0.241368386,-0.090072164,-2.342003353,-0.178968310,-0.526497347,-0.244407245
6.578000,0.279238389,-0.013961671,-1.952586091,-0.183686497,-0.439873484,-0.249398268
6.579000,0.320173456,0.065585091,-1.562454762,-0.188472685,-0.351081477,-0.253008668
6.580000,0.377620315,0.139263430,-1.186770784,-0.192357320,-0.261378882,-0.255223021
6.581000,0.436708714,0.186421198,-0.808245376,-0.194849476,-0.170778474,-0.258057009
6.582000,0.506793587,0.194523066,-0.424594909,-0.195205081,-0.077952754,-0.260823169
6.583000,0.557336392,0.156860677,-0.075497825,-0.191107887,0.013526490,-0.262416301
6.584000,0.590827830,0.097010852,0.272500200,-0.184739346,0.103247271,-0.264307295
6.585000,0.590411620,0.031811189,0.645846021,-0.176896756,0.189589630,-0.267165725
6.586000,0.564592184,0.000811968,1.033350488,-0.170267827,0.272518207,-0.268054499
6.587000,0.467622690,0.020310462,1.428933843,-0.164613226,0.349230760,-0.265946226
6.588000,0.341826609,0.093431246,1.866657231,-0.164179258,0.423366196,-0.261888344
6.589000,0.221468136,0.187430323,2.319269762,-0.166632599,0.497449717,-0.256305675
6.590000,0.104603407,0.350950590,2.745053660,-0.177762697,0.574526462,-0.245811335
6.591000,0.039579503,0.527993299,3.100813451,-0.194138621,0.653271939,-0.235914959
6.592000,0.015500370,0.704827106,3.407693023,-0.214038127,0.734098200,-0.225794223
6.593000,0.031479790,0.879843023,3.621723089,-0.233748409,0.816760939,-0.214885384
6.594000,0.104274169,1.011607618,3.791884270,-0.248904744,0.899462964,-0.205096455
6.595000,0.213805198,1.110789819,3.899257587,-0.260278433,0.981527887,-0.197461778
6.596000,0.359713160,1.146617120,3.973188928,-0.263542581,1.065545502,-0.189208754
6.597000,0.549597721,1.115278326,4.033250479,-0.260648567,1.150051030,-0.181951579
6.598000,0.815138711,1.003934298,4.133051757,-0.252180473,1.232257755,-0.173464750
6.599000,1.109029065,0.888595491,4.278121783,-0.243106561,1.311571091,-0.164549339
6.600000,1.436517797,0.744526625,4.481412020,-0.231609878,1.387075602,-0.155484006
6.601000,1.786387277,0.641887784,4.777498886,-0.222596071,1.455647861,-0.145035209
6.602000,2.145760078,0.604137936,5.113120245,-0.216658140,1.517808155,-0.132790183
6.603000,2.482759189,0.627935923,5.459601301,-0.213400516,1.572380085,-0.121632697
6.604000,2.804946439,0.662382374,5.804605341,-0.211474647,1.623842988,-0.110971915
6.605000,3.089853574,0.753687752,6.117008815,-0.213441163,1.665261188,-0.098467177
6.606000,3.342669569,0.815262364,6.364258639,-0.214411098,1.697695462,-0.087046489
6.607000,3.571093153,0.844553413,6.579481198,-0.213599979,1.721477987,-0.076078978
6.608000,3.738301683,0.825341453,6.785258563,-0.211276568,1.737524953,-0.065491874
6.609000,3.852776800,0.741892773,6.956792560,-0.207181430,1.747026224,-0.057102507
6.610000,3.916444703,0.607090773,7.081045924,-0.200681455,1.749597295,-0.049911392
6.611000,3.918511003,0.457565608,7.183329114,-0.193504798,1.745545629,-0.043085816
6.612000,3.847792343,0.304008430,7.268749550,-0.186604748,1.734634386,-0.036669312
6.613000,3.731022215,0.179304925,7.315429878,-0.180212094,1.716288754,-0.028997132
6.614000,3.601733771,0.068163354,7.364308179,-0.172744710,1.694163130,-0.020766318
6.615000,3.430799171,0.005689262,7.417489161,-0.164532903,1.664810680,-0.009149815
6.616000,3.260916784,-0.005026670,7.461778045,-0.156959568,1.630527455,0.005357824
6.617000,3.115514821,0.033579304,7.498438057,-0.151171549,1.594624994,0.020466036
6.618000,3.023698701,0.069479911,7.510076789,-0.145397036,1.559351892,0.033616510
6.619000,2.955603750,0.113234427,7.511608700,-0.139704431,1.523021463,0.047338907
6.620000,2.947145127,0.145679108,7.498196751,-0.132521978,1.485290034,0.061449510
6.621000,2.968747509,0.148811525,7.493111904,-0.124106888,1.445903888,0.073836413
6.622000,3.046100042,0.106235662,7.493266797,-0.111940488,1.404902536,0.085150816
6.623000,3.123140975,0.049932446,7.500160735,-0.098950031,1.362325751,0.096513395
6.624000,3.182293786,-0.029366876,7.524633980,-0.085673235,1.311556852,0.109816137
6.625000,3.194717558,-0.084285112,7.551500937,-0.075513204,1.254635494,0.122819183
6.626000,3.120229669,-0.091756198,7.571576118,-0.069387563,1.190132588,0.136605424
6.627000,2.945560571,-0.033220780,7.593819697,-0.068677980,1.119195127,0.151967649
6.628000,2.661635465,0.085761156,7.589169887,-0.074164195,1.042831258,0.167251748
6.629000,2.310851198,0.225134195,7.574269570,-0.083207754,0.962928928,0.182597570
6.630000,1.888515593,0.376390655,7.524799053,-0.094369030,0.880308815,0.198302873
6.631000,1.469930557,0.473933905,7.451022364,-0.104869621,0.798706289,0.213655442
6.632000,1.029467447,0.523440042,7.343636439,-0.115036366,0.715869283,0.226895095
6.633000,0.625783219,0.499619232,7.240834401,-0.118848394,0.634151494,0.236162483
6.634000,0.267898851,0.455987005,7.162301967,-0.120759094,0.552928246,0.243780483
6.635000,-0.058845879,0.369576788,7.095694383,-0.117528103,0.473515916,0.247501156
6.636000,-0.319455762,0.323856183,6.983809385,-0.109910192,0.400163596,0.248878498
6.637000,-0.519362565,0.228652829,6.824718161,-0.092071786,0.332135784,0.248377595
6.638000,-0.650411685,0.075231138,6.653005681,-0.064034057,0.271745106,0.248341383
6.639000,-0.737059173,-0.128944775,6.478542286,-0.026423967,0.217208923,0.249498456
6.640000,-0.759082860,-0.360998378,6.310262975,0.016642895,0.170187218,0.255521016
6.641000,-0.773832869,-0.601927275,6.235154623,0.060206754,0.127217652,0.264323270
6.642000,-0.776518010,-0.781932186,6.242261841,0.096209864,0.088025312,0.275878122
6.643000,-0.737317946,-0.845387585,6.268747655,0.115689111,0.060731486,0.291374176
6.644000,-0.639446462,-0.804413307,6.235000732,0.122845124,0.044441613,0.303502345
6.645000,-0.508761345,-0.687360961,6.152473425,0.115287212,0.038825236,0.312065742
6.646000,-0.227203639,-0.552452840,5.974969050,0.095458960,0.050626165,0.318848864
6.647000,0.125695903,-0.421794708,5.694458066,0.070563497,0.073134815,0.323858371
6.648000,0.536959189,-0.352469642,5.356639883,0.048032545,0.100895426,0.318915186
6.649000,0.978619983,-0.338814408,5.045485400,0.029159362,0.130227460,0.312713679
6.650000,1.451136680,-0.394864038,4.788904680,0.015329058,0.160928972,0.304622552
6.651000,1.816446502,-0.483260755,4.563329063,0.008714556,0.188505935,0.292000549
6.652000,2.106570862,-0.640825351,4.417230308,0.012221629,0.211745375,0.276142992
6.653000,2.265249287,-0.839203186,4.357070161,0.021568856,0.229243251,0.260693365
6.654000,2.302791834,-1.028110996,4.295713062,0.032111443,0.242557343,0.243433591
6.655000,2.214413675,-1.238724127,4.266677187,0.048534632,0.250253069,0.224485006
6.656000,2.016810349,-1.428115651,4.293266916,0.062686285,0.254942413,0.207770795
6.657000,1.792547316,-1.535724625,4.390922382,0.070423089,0.258413449,0.192879872
6.658000,1.574627775,-1.519163311,4.511172142,0.065462535,0.265131153,0.183891345
6.659000,1.399915636,-1.442260782,4.660830288,0.054860384,0.273164345,0.177671398
6.660000,1.234135379,-1.288838137,4.856481012,0.031664384,0.285784344,0.174419191
6.661000,1.090991557,-1.094380067,5.071139803,-0.001737403,0.302615997,0.165345344
6.662000,0.945231610,-0.890914954,5.266577808,-0.036737281,0.320617564,0.153561532
6.663000,0.757224913,-0.770013330,5.455115074,-0.064633666,0.337820856,0.134260540
6.664000,0.570877394,-0.681563945,5.662042096,-0.086529730,0.356494875,0.110534248
6.665000,0.371316713,-0.639367011,5.892115080,-0.095634413,0.378994258,0.083221086
6.666000,0.186892056,-0.658393152,6.096196282,-0.090496857,0.410015065,0.059677090
6.667000,0.055742533,-0.726699586,6.337664083,-0.069132063,0.452082141,0.043045579
6.668000,0.035796007,-0.808664224,6.600060215,-0.036086345,0.510584644,0.032160854
6.669000,0.057318692,-0.892353587,6.837756572,-0.002226198,0.577937768,0.026924477
6.670000,0.174867030,-0.957664029,7.081776754,0.034464420,0.659207390,0.030183432
6.671000,0.384963301,-1.013825024,7.345461076,0.067206780,0.748822974,0.036935797
6.672000,0.671993770,-1.018401612,7.555087677,0.094015739,0.845705458,0.047246505
6.673000,1.017248146,-0.922053037,7.745106988,0.108710437,0.945103315,0.062710259
6.674000,1.426446402,-0.797792237,7.927536311,0.120397670,1.046588520,0.077003987
6.675000,1.833051441,-0.620305927,8.121012448,0.125180269,1.145174501,0.090055358
6.676000,2.154961533,-0.379102224,8.321651844,0.124216144,1.239372489,0.103160824
6.677000,2.463341239,-0.130401820,8.547253757,0.122534127,1.333077238,0.115053338
6.678000,2.703747677,0.032003461,8.802552338,0.121109709,1.424543782,0.122409415
6.679000,2.898520647,0.165509663,9.112906482,0.118616831,1.514990018,0.126700860
6.680000,3.062751825,0.239821698,9.414578402,0.116217263,1.605816873,0.129550154
6.681000,3.245313416,0.208719069,9.758034534,0.117538863,1.700051699,0.129727888
6.682000,3.427654515,0.124828991,10.126720816,0.121901453,1.795985775,0.127405684
6.683000,3.613885325,-0.025651169,10.526823649,0.134507899,1.892466625,0.126505426
6.684000,3.792169542,-0.217957189,10.929070527,0.151809755,1.989989384,0.125845781
6.685000,3.963391407,-0.427897649,11.307561735,0.173972670,2.087112475,0.125420267
6.686000,4.126926700,-0.651897240,11.608946195,0.197780863,2.185604654,0.124507342
6.687000,4.258729875,-0.881891112,11.884295614,0.222279246,2.285183601,0.124542144
6.688000,4.431861592,-1.028831919,12.023314289,0.243057743,2.390058969,0.123061956
6.689000,4.621606644,-1.130040965,12.113974184,0.261901085,2.497415215,0.122353302
6.690000,4.841275624,-1.193714749,12.177436702,0.276453924,2.608328183,0.121088657
6.691000,5.207559012,-1.111160202,12.245311361,0.284013398,2.727763067,0.121355673
6.692000,5.667196136,-0.909861268,12.323029339,0.285237703,2.848329612,0.122678782
6.693000,6.231967970,-0.667843473,12.450998858,0.279769338,2.973791387,0.125144349
6.694000,6.825483473,-0.398672332,12.567013091,0.270421958,3.098629755,0.128426425
6.695000,7.519796390,-0.136269575,12.627029240,0.258878018,3.226201761,0.132517707
6.696000,8.259884056,0.033425910,12.681330090,0.247517300,3.356579102,0.137644735
6.697000,9.010757889,0.108479591,12.713789842,0.238808134,3.490829243,0.141849207
6.698000,9.685960682,0.076036469,12.741101725,0.236310289,3.619019647,0.147989843
6.699000,10.308528041,-0.007167843,12.804920355,0.235036575,3.742375978,0.154767798
6.700000,10.770171125,-0.129168489,12.890658397,0.234889618,3.849978542,0.161561721
6.701000,11.128380360,-0.270391329,12.996180094,0.235122474,3.947270458,0.168654297
6.702000,11.377919740,-0.400568337,13.119897098,0.236111919,4.033798790,0.177026741
6.703000,11.458638892,-0.440395854,13.258471199,0.232766656,4.108007549,0.181705172
6.704000,11.458715165,-0.424911566,13.399358601,0.227906032,4.176790982,0.187102967
6.705000,11.357177960,-0.351266650,13.573353908,0.222761413,4.238835674,0.192961897
6.706000,11.200763631,-0.285319540,13.704362631,0.218257540,4.295855203,0.201270095
6.707000,11.016889509,-0.224132967,13.821524232,0.212258286,4.351103737,0.210374647
6.708000,10.900002140,-0.248457115,13.898824957,0.209279253,4.403676853,0.219821127
6.709000,10.815370075,-0.357635109,13.954581875,0.209290998,4.452110132,0.226315659
6.710000,10.745181894,-0.545099930,14.004711782,0.209780184,4.495947619,0.226115091
6.711000,10.695568924,-0.718134082,14.103907710,0.209257217,4.533552462,0.211875507
6.712000,10.664910694,-0.907623652,14.224898307,0.210237609,4.568030781,0.192838116
6.713000,10.588869650,-0.992943737,14.419924425,0.210024644,4.596950481,0.172030834
6.714000,10.533863622,-1.029775931,14.606782205,0.207792865,4.625583437,0.146850724
6.715000,10.525665084,-0.941650049,14.796446878,0.204850074,4.654063797,0.119912725
6.716000,10.548465808,-0.835974326,14.961573757,0.207086101,4.680807764,0.102821944
6.717000,10.577725845,-0.701316607,15.102542360,0.209199390,4.704948410,0.086873539
6.718000,10.600922333,-0.624469868,15.152900239,0.211171265,4.722909473,0.067979716
6.719000,10.598435853,-0.572765620,15.198390785,0.214109023,4.735675227,0.050052318
6.720000,10.547374512,-0.603737523,15.222980934,0.217076948,4.736373730,0.035745867
6.721000,10.345388238,-0.633351114,15.194981691,0.212399794,4.721437647,0.015813756
6.722000,10.083562086,-0.677928289,15.144971833,0.207313759,4.700529265,-0.003546380
6.723000,9.799007679,-0.740477888,15.100764363,0.203633045,4.672758585,-0.019720166
6.724000,9.438912110,-0.781329890,15.040909959,0.198761841,4.638309993,-0.035408640
6.725000,8.998416583,-0.772992672,14.932217235,0.192780538,4.595181201,-0.054141259
6.726000,8.572881626,-0.747015384,14.820307882,0.191497750,4.547317787,-0.072771398
6.727000,8.150101267,-0.715965133,14.706502430,0.191705862,4.494514486,-0.094863077
6.728000,7.691479920,-0.596890203,14.588367415,0.188534071,4.434919608,-0.118945791
6.729000,7.285997352,-0.503041733,14.469755162,0.186840694,4.374702050,-0.142512785
6.730000,6.984562344,-0.444962943,14.356533659,0.187852299,4.314248428,-0.165621381
6.731000,6.745701925,-0.363333766,14.205452779,0.186279618,4.252772995,-0.187011213
6.732000,6.577238520,-0.313956568,14.040972624,0.184137875,4.190301198,-0.204804390
6.733000,6.430108549,-0.368486224,13.819166892,0.186635399,4.121328392,-0.220024187
6.734000,6.276095684,-0.435422159,13.580843488,0.190296498,4.049506741,-0.233612559
6.735000,6.105509212,-0.490518473,13.290612085,0.193088286,3.969424449,-0.240502810
6.736000,5.884194056,-0.532618238,13.030570781,0.194646542,3.882067912,-0.244197350
6.737000,5.586250538,-0.496189217,12.777964363,0.192394444,3.784795921,-0.245299857
6.738000,5.277295820,-0.344187756,12.565848332,0.184216240,3.684108667,-0.245291163
6.739000,4.909672757,-0.179517862,12.349920454,0.175327172,3.577264275,-0.245253007
6.740000,4.461231794,0.017115659,12.143905574,0.164145152,3.459924194,-0.243883102
6.741000,3.984099468,0.099243781,11.856117465,0.161375039,3.336132769,-0.242349438
6.742000,3.470875265,0.145816462,11.556512929,0.160828032,3.205784887,-0.240970814
6.743000,2.936604675,0.139232428,11.213518948,0.162150444,3.070350045,-0.238881396
6.744000,2.459023834,0.100518182,10.850727089,0.164769059,2.937234044,-0.236236327
6.745000,2.029635442,-0.014152435,10.419409557,0.172412241,2.805291043,-0.235242345
6.746000,1.675421821,-0.090721420,9.966962464,0.174789655,2.672343805,-0.235871740
6.747000,1.373893676,-0.142698687,9.460268667,0.175034873,2.541110067,-0.238144378
6.748000,1.100941794,-0.208464570,8.898639633,0.177218048,2.407135241,-0.244052308
6.749000,0.822311354,-0.238418832,8.341906645,0.177127821,2.271393766,-0.252850312
6.750000,0.577063106,-0.184273176,7.775488773,0.170124508,2.132611755,-0.265718724
6.751000,0.353939739,-0.095008799,7.212129827,0.159260733,1.993126408,-0.280835410
6.752000,0.135147394,0.015673623,6.674017137,0.146064135,1.854492234,-0.296013283
6.753000,-0.093248162,0.175624529,6.168217829,0.126722650,1.717178917,-0.306389659
6.754000,-0.326954656,0.321478529,5.650497174,0.107487620,1.580670187,-0.313339526
6.755000,-0.580181824,0.457761358,5.081442352,0.087744146,1.444616664,-0.316775554
6.756000,-0.836038374,0.588820570,4.511525209,0.068114454,1.308678176,-0.319385162
6.757000,-1.136519880,0.669664568,3.894121223,0.054919036,1.167436834,-0.319283125
6.758000,-1.451779898,0.710689394,3.254649728,0.048046200,1.021028527,-0.321277195
6.759000,-1.778178372,0.696197301,2.647894959,0.047739351,0.873883249,-0.322051040
6.760000,-2.116699870,0.634482530,2.084230670,0.052883330,0.726360768,-0.322457157
6.761000,-2.449057891,0.585758024,1.600932555,0.057833288,0.583046405,-0.323888516
6.762000,-2.778726305,0.529035311,1.130918328,0.063852715,0.443138483,-0.325507225
6.763000,-3.077183002,0.434001530,0.659488834,0.070744873,0.308069273,-0.325627787
6.764000,-3.365716801,0.373366359,0.188120846,0.075290176,0.175665853,-0.326204248
6.765000,-3.620861281,0.355533195,-0.248385035,0.075883032,0.047994222,-0.325994456
6.766000,-3.806163188,0.357220638,-0.698136659,0.072869482,-0.075867941,-0.325145071
6.767000,-3.931272039,0.372577077,-1.178738250,0.067968352,-0.195001965,-0.326026255
6.768000,-3.998374041,0.441787957,-1.664315632,0.061977205,-0.306545716,-0.325260092
6.769000,-4.028256177,0.502867621,-2.145354638,0.056319587,-0.413741982,-0.323663532
6.770000,-3.917389125,0.563953628,-2.649478251,0.050497317,-0.508985815,-0.321255432
6.771000,-3.705671289,0.633431392,-3.166156325,0.044440430,-0.594792296,-0.316393212
6.772000,-3.424142454,0.701908457,-3.688473287,0.037184440,-0.673944133,-0.307584440
6.773000,-3.080714188,0.744780244,-4.226732107,0.028173202,-0.747293943,-0.296513885
6.774000,-2.715253826,0.767373981,-4.776014475,0.017846746,-0.818600559,-0.282482474
6.775000,-2.377305625,0.762828626,-5.305023826,0.006694769,-0.886484324,-0.265812056
6.776000,-2.057335363,0.712591011,-5.789077267,-0.002168172,-0.949393282,-0.247818724
6.777000,-1.757053210,0.654457409,-6.243852728,-0.010531820,-1.009697195,-0.229412115
6.778000,-1.521370949,0.560783030,-6.650192211,-0.014725382,-1.068132442,-0.209046719
6.779000,-1.308751495,0.468659534,-7.014452804,-0.016678577,-1.122892183,-0.187827986
6.780000,-1.104327184,0.379454035,-7.339785274,-0.015166911,-1.173569929,-0.165733236
6.781000,-0.917722536,0.294677837,-7.626845078,-0.011250613,-1.217363783,-0.141852089
6.782000,-0.731235373,0.204845378,-7.908547157,-0.005998114,-1.257740368,-0.117014274
6.783000,-0.514986575,0.151532380,-8.165614541,-0.001691504,-1.290410668,-0.091684886
6.784000,-0.262773399,0.086302127,-8.421020830,0.003263081,-1.315842882,-0.065878702
6.785000,0.026231190,0.002583346,-8.678077343,0.008917840,-1.333010837,-0.039323685
6.786000,0.365026471,-0.089996156,-8.934739757,0.013794744,-1.342744399,-0.013980149
6.787000,0.722976198,-0.171549128,-9.180304324,0.017570342,-1.347797577,0.010045769
6.788000,1.092793899,-0.290390735,-9.418293014,0.021968612,-1.348038240,0.032797551
6.789000,1.454993652,-0.382178622,-9.644634815,0.024952981,-1.346325174,0.055576776
6.790000,1.763171202,-0.423875536,-9.852821005,0.023466556,-1.340832948,0.076817271
6.791000,2.004782315,-0.427187927,-10.033640156,0.018076095,-1.332266048,0.096238580
6.792000,2.199342271,-0.425884806,-10.193179566,0.011638552,-1.322777485,0.114650393
6.793000,2.305563422,-0.374749536,-10.309206111,0.002442650,-1.312811985,0.131530615
6.794000,2.369980043,-0.351173453,-10.394220196,-0.007131816,-1.301803532,0.146746259
6.795000,2.363416572,-0.371201443,-10.433454232,-0.014756212,-1.288923448,0.158778799
6.796000,2.247766218,-0.436068192,-10.398962359,-0.017239784,-1.276792126,0.171128144
6.797000,2.071171185,-0.512736696,-10.336494098,-0.017513074,-1.264520613,0.184711470
6.798000,1.814385017,-0.629674634,-10.260953688,-0.015066148,-1.250952912,0.199027470
6.799000,1.520640339,-0.723149528,-10.171617066,-0.011095965,-1.237151492,0.214684977
6.800000,1.138230596,-0.764465446,-10.088159054,-0.003717916,-1.222483986,0.233356838
6.801000,0.767708469,-0.761129475,-10.041458464,0.006181477,-1.201671857,0.254185354
6.802000,0.425670222,-0.720389435,-9.999811485,0.016317551,-1.176866940,0.276134549
6.803000,0.188299002,-0.656593686,-9.979829615,0.030125039,-1.145098069,0.298870937
6.804000,0.012288468,-0.608389839,-9.983873889,0.046484084,-1.108032120,0.322421375
6.805000,0.034148027,-0.581092093,-9.958766569,0.063677955,-1.058493464,0.345392172
6.806000,0.171576573,-0.572730031,-9.905094987,0.078959058,-1.001515597,0.368253199
6.807000,0.397362358,-0.581126972,-9.836598765,0.090563810,-0.940482577,0.388890128
6.808000,0.664237491,-0.606689660,-9.717144959,0.094766490,-0.877346490,0.405776380
6.809000,0.927319942,-0.646857199,-9.566298802,0.092471806,-0.815093189,0.418073554
6.810000,1.158691266,-0.683771058,-9.399494733,0.083275290,-0.755670523,0.425655202
6.811000,1.295940444,-0.677664451,-9.189804211,0.069737682,-0.705071233,0.433273516
6.812000,1.395293976,-0.665579016,-8.967587234,0.054859376,-0.656444317,0.441469896
6.813000,1.398040143,-0.591686910,-8.762040887,0.037529086,-0.612945298,0.456163098
6.814000,1.330965692,-0.459136301,-8.553632941,0.017536328,-0.573816297,0.476345753
6.815000,1.159698161,-0.242789851,-8.363613402,-0.003100527,-0.538640533,0.505746040
6.816000,0.981791168,-0.036408719,-8.233624908,-0.022010117,-0.501005908,0.532986217
6.817000,0.802031207,0.117171706,-8.153475332,-0.035930196,-0.462123436,0.556181346
6.818000,0.735971094,0.183956087,-8.067084622,-0.041759929,-0.419159149,0.565928493
6.819000,0.800823512,0.173059544,-7.988669752,-0.039552546,-0.370700047,0.564681817
6.820000,1.103422207,0.014981955,-7.895911154,-0.023815874,-0.312141367,0.543470401
6.821000,1.542190491,-0.191455926,-7.751539569,0.000421248,-0.249801886,0.511235643
6.822000,2.089632585,-0.404021370,-7.567847976,0.027531356,-0.184813615,0.473162042
6.823000,2.623699827,-0.612066792,-7.389295520,0.053777245,-0.120887791,0.435190008
6.824000,3.089450395,-0.737718336,-7.173968168,0.073390012,-0.065512962,0.395624590
6.825000,3.436205268,-0.738889702,-6.907308465,0.080973116,-0.024179415,0.355302612
6.826000,3.647363752,-0.652930808,-6.638219921,0.079671421,0.001306517,0.315983072
6.827000,3.777313709,-0.534936133,-6.395373278,0.075129561,0.019710592,0.278459240
6.828000,3.825383074,-0.441395516,-6.191067748,0.071769334,0.029328889,0.244517516
6.829000,3.790207855,-0.310451282,-5.977084745,0.069037823,0.030456482,0.213979890
6.830000,3.654830189,-0.198757036,-5.810916913,0.072631078,0.022405881,0.190485564
6.831000,3.428144123,-0.156661764,-5.700220961,0.081837069,0.006553276,0.174859719
6.832000,3.199619199,-0.145547044,-5.618873273,0.094978258,-0.012225231,0.163535283
6.833000,2.980067536,-0.150677495,-5.564036724,0.112356963,-0.034628929,0.155984320
6.834000,2.775599766,-0.178783580,-5.543231971,0.129728536,-0.058565242,0.149983510
6.835000,2.617577036,-0.242871924,-5.551167800,0.148464377,-0.085684065,0.144300836
6.836000,2.500301704,-0.248114527,-5.596650096,0.162707746,-0.116808401,0.136056101
6.837000,2.385888412,-0.251562641,-5.656833412,0.175230426,-0.149785050,0.123617828
6.838000,2.239059837,-0.258905983,-5.789252863,0.186475001,-0.186088680,0.104228561
6.839000,2.023397706,-0.250597176,-5.985100046,0.196935408,-0.226393687,0.080273956
6.840000,1.804728035,-0.231670703,-6.232255992,0.205127202,-0.269561744,0.051928127
6.841000,1.582839138,-0.253513560,-6.504670585,0.215056238,-0.315447741,0.021479694
6.842000,1.335837767,-0.274230942,-6.802500619,0.223068989,-0.365388245,-0.007723780
6.843000,1.143140990,-0.310765579,-7.059051182,0.228702875,-0.417648845,-0.032070526
6.844000,0.978718908,-0.346376653,-7.285861717,0.232251156,-0.470639272,-0.053115930
6.845000,0.915721682,-0.393113018,-7.481353855,0.231684465,-0.523616817,-0.066142484
6.846000,0.933181084,-0.415075730,-7.687507421,0.226224093,-0.577093627,-0.073149031
6.847000,1.008144451,-0.413056793,-7.895742176,0.217790959,-0.628873389,-0.077311631
6.848000,1.119094953,-0.329171120,-8.139408413,0.204308203,-0.679051041,-0.077852565
6.849000,1.245632505,-0.218677595,-8.441312764,0.216080243,-0.735736850,-0.072955065
6.850000,1.345986864,-0.040428569,-8.749480451,0.198074635,-0.784925015,-0.069838179
6.851000,1.456276063,0.102128891,-9.043078857,0.180523785,-0.832182921,-0.063176205
6.852000,1.560928974,0.179969985,-9.343118246,0.165643719,-0.879637907,-0.055196875
6.853000,1.703028462,0.135958708,-9.643941538,0.155469152,-0.927478309,-0.046995377
6.854000,1.887395759,0.050973609,-9.943258893,0.146744129,-0.974750355,-0.038376236
6.855000,2.127175390,-0.089345136,-10.254261642,0.139335366,-1.021960855,-0.029794028
6.856000,2.400661905,-0.232071402,-10.580470576,0.131104538,-1.070057055,-0.021871578
6.857000,2.713086460,-0.316142338,-10.883062422,0.119062729,-1.117733481,-0.012349588
6.858000,3.024433638,-0.282299297,-11.168777699,0.099774184,-1.165549514,-0.003363609
6.859000,3.323420366,-0.226752175,-11.443595495,0.079214280,-1.213415605,0.005915696
6.860000,3.581621500,-0.150379114,-11.726347640,0.057210055,-1.260944385,0.013900750
6.861000,3.779558884,-0.114153241,-12.014566107,0.038355262,-1.308761587,0.019667357
6.862000,3.965983974,-0.134844291,-12.298651190,0.024564409,-1.355287533,0.025158152
6.863000,4.138944461,-0.198022277,-12.608999068,0.015051451,-1.400390801,0.032702197
6.864000,4.355091229,-0.270704807,-12.933827325,0.007248469,-1.441817763,0.040770025
6.865000,4.625487475,-0.327963624,-13.225933114,0.002617012,-1.477574183,0.051991647
6.866000,4.988006736,-0.348767191,-13.488268365,-0.001499671,-1.506512438,0.064855295
6.867000,5.349138282,-0.376919619,-13.728483640,-0.004168714,-1.533491972,0.077092354
6.868000,5.728079430,-0.424045400,-13.884822215,-0.007593919,-1.557879667,0.084047639
6.869000,6.073001716,-0.479476460,-13.949818299,-0.013236442,-1.583351129,0.087045187
6.870000,6.334243435,-0.545295705,-13.928330296,-0.022996462,-1.611875325,0.081568173
6.871000,6.485117420,-0.596099662,-13.867602116,-0.034223175,-1.643428467,0.071289121
6.872000,6.462955039,-0.626528870,-13.757811779,-0.048130069,-1.680658749,0.055236589
6.873000,6.345613757,-0.636411059,-13.670386884,-0.060929982,-1.720662496,0.037308693
6.874000,6.142512804,-0.657114731,-13.600080256,-0.071107337,-1.763564591,0.018925454
6.875000,5.856354220,-0.712715066,-13.556559039,-0.074686115,-1.807700879,0.001077020
6.876000,5.520639149,-0.784617779,-13.484725801,-0.075947113,-1.850971906,-0.014103140
6.877000,5.161765758,-0.868389556,-13.395454012,-0.075789772,-1.891705791,-0.027573820
6.878000,4.849371118,-0.926957875,-13.275109899,-0.075267735,-1.925648919,-0.034428980
6.879000,4.536260436,-0.966611373,-13.131071653,-0.075517763,-1.957061758,-0.038810790
6.880000,4.225215562,-0.909500238,-12.914348555,-0.079011891,-1.982149111,-0.037320763
6.881000,3.940670481,-0.802177723,-12.667422939,-0.085732594,-2.000761492,-0.032692640
6.882000,3.635366545,-0.676803180,-12.383877402,-0.094809875,-2.016872962,-0.027194303
6.883000,3.246033611,-0.543611695,-12.063451344,-0.105046327,-2.029900631,-0.023267308
6.884000,2.830917318,-0.402194107,-11.741375214,-0.116417442,-2.040610879,-0.020708150
6.885000,2.355462262,-0.274194383,-11.414364922,-0.129088017,-2.046180998,-0.020839525
6.886000,1.856727255,-0.147839241,-11.092405890,-0.139865757,-2.045106645,-0.023720956
6.887000,1.361905535,-0.022138467,-10.781707301,-0.149696080,-2.039960747,-0.027827772
6.888000,0.984498691,0.083532113,-10.494445598,-0.156568632,-2.019962141,-0.034264561
6.889000,0.648907743,0.175195234,-10.218532448,-0.162819131,-1.996224634,-0.041402163
6.890000,0.367567409,0.218345860,-9.933764413,-0.165828131,-1.964784731,-0.050269827
6.891000,0.198204375,0.216643710,-9.614825618,-0.166528303,-1.922002142,-0.062019399
6.892000,0.099396116,0.203126659,-9.271389582,-0.166097327,-1.873864453,-0.075075667
6.893000,0.051982022,0.138498746,-8.904163916,-0.163313505,-1.821924897,-0.089686381
6.894000,0.034867001,0.059032929,-8.524410498,-0.160751930,-1.767356270,-0.105359299
6.895000,0.028286300,0.010405349,-8.131993845,-0.160467302,-1.710122279,-0.121891358
6.896000,-0.020122850,-0.010169766,-7.730227447,-0.161358563,-1.652266878,-0.138613844
6.897000,-0.107846096,0.001628239,-7.334014966,-0.163329717,-1.594886377,-0.154378854
6.898000,-0.248965344,0.090148821,-6.945189420,-0.167777196,-1.535177934,-0.168020953
6.899000,-0.398724032,0.185414719,-6.564241727,-0.172821346,-1.474418209,-0.180971411
6.900000,-0.500469540,0.260711917,-6.197532205,-0.178327075,-1.407332198,-0.191888949
6.901000,-0.531941345,0.315414009,-5.844210665,-0.183162891,-1.334053376,-0.200665474
6.902000,-0.492493891,0.310504902,-5.506230171,-0.186144321,-1.254400025,-0.208089165
6.903000,-0.380574421,0.253788940,-5.158116562,-0.188018174,-1.169110499,-0.214797289
6.904000,-0.256384301,0.169234342,-4.791601948,-0.188036482,-1.081564697,-0.220849133
6.905000,-0.131740444,0.077174364,-4.400856166,-0.185794700,-0.992364602,-0.225354177
6.906000,-0.015099126,-0.015567817,-4.008727166,-0.183034945,-0.902224476,-0.229544468
6.907000,0.093257206,-0.081728580,-3.611825500,-0.180770972,-0.813398443,-0.232509906
6.908000,0.158819176,-0.122899493,-3.221990174,-0.178505922,-0.726029651,-0.235788550
6.909000,0.205067670,-0.133423904,-2.838447672,-0.177275573,-0.640238925,-0.239223615
6.910000,0.233929317,-0.106674125,-2.466125921,-0.178137732,-0.554792405,-0.242956608
6.911000,0.265997457,-0.040480924,-2.083315387,-0.181999329,-0.468831133,-0.247689328
6.912000,0.305903984,0.038712018,-1.691618951,-0.186933810,-0.380867309,-0.252123174
6.913000,0.357459456,0.114204615,-1.312354497,-0.191004247,-0.291296794,-0.254458827
6.914000,0.415633088,0.178777213,-0.936655367,-0.194426151,-0.201168593,-0.256913058
6.915000,0.485074133,0.198644507,-0.546631971,-0.195661363,-0.109055344,-0.260192117
6.916000,0.542145328,0.172687993,-0.190228312,-0.192851058,-0.016701661,-0.261936913
6.917000,0.584026484,0.118552052,0.153484629,-0.187107788,0.073660476,-0.263533741
6.918000,0.591920896,0.053698412,0.520519450,-0.179566314,0.160966801,-0.266178468
6.919000,0.579644189,0.004825057,0.905323433,-0.172398064,0.245712550,-0.268309979
6.920000,0.507418889,0.005514223,1.289461169,-0.165933232,0.324250225,-0.266766777
6.921000,0.384249612,0.066951254,1.721234924,-0.164051012,0.398740757,-0.263337349
6.922000,0.259371243,0.150062234,2.163216582,-0.164950767,0.472620394,-0.258585292
6.923000,0.145200669,0.294168526,2.605409143,-0.173816673,0.548797043,-0.249385817
6.924000,0.051400316,0.466575955,2.991637441,-0.187618345,0.626731326,-0.239279561
6.925000,0.018530726,0.649707109,3.317441217,-0.207313763,0.706571286,-0.229146917
6.926000,0.025401639,0.820771679,3.552625231,-0.227182824,0.789224211,-0.218559021
6.927000,0.070830837,0.978306917,3.747770616,-0.245093296,0.871941580,-0.208084058
6.928000,0.176557943,1.077786742,3.865466144,-0.256492061,0.954212896,-0.199900300
6.929000,0.303524682,1.150274819,3.954933746,-0.263888284,1.037159114,-0.191516496
6.930000,0.473548454,1.137026748,4.010576522,-0.262620839,1.122271233,-0.184621223
6.931000,0.723886611,1.043513099,4.097027490,-0.255117044,1.204859451,-0.176413451
6.932000,1.006695852,0.926251995,4.221700877,-0.246240623,1.285955920,-0.167493683
6.933000,1.326157628,0.794766965,4.411513522,-0.235579839,1.362015088,-0.158519116
6.934000,1.666107419,0.665142458,4.666787862,-0.225050146,1.433925473,-0.148873587
6.935000,2.028189667,0.602647437,4.996463204,-0.218017227,1.498110216,-0.137067064
6.936000,2.371366325,0.619108109,5.344185653,-0.214452784,1.554445309,-0.125266026
6.937000,2.702767180,0.646691890,5.689732843,-0.211548935,1.607806469,-0.114438587
6.938000,2.995551686,0.721215232,6.013380262,-0.212656572,1.651709512,-0.102753244
6.939000,3.263874170,0.801798675,6.290728587,-0.214582488,1.688711264,-0.090819811
6.940000,3.502345379,0.841088458,6.509537894,-0.213987355,1.714807825,-0.079515069
6.941000,3.687224876,0.838704132,6.718127373,-0.212371712,1.732617553,-0.069049954
6.942000,3.821259970,0.775557143,6.906755236,-0.208693043,1.744898415,-0.059770990
6.943000,3.895222069,0.652024773,7.039628136,-0.202848114,1.748740272,-0.052308431
6.944000,3.930198937,0.510255827,7.151015887,-0.195840468,1.747951635,-0.045311440
6.945000,3.882005703,0.351357532,7.246333760,-0.188890773,1.739544658,-0.038916656
6.946000,3.770668027,0.218327962,7.301572422,-0.182277049,1.722752642,-0.031671884
6.947000,3.651178049,0.102407833,7.345118651,-0.175682472,1.702724220,-0.023596909
6.948000,3.491803497,0.024277826,7.401400001,-0.167238379,1.675031532,-0.013400272
6.949000,3.316587551,-0.013409559,7.447056950,-0.159020661,1.642659554,0.000254571
6.950000,3.151281454,0.015508427,7.490985439,-0.152963863,1.606277793,0.015626551
6.951000,3.053094447,0.057346661,7.505985152,-0.147322200,1.571183219,0.029262611
6.952000,2.969218082,0.095964917,7.513547034,-0.141622953,1.535379685,0.042530293
6.953000,2.948102463,0.136227516,7.503201963,-0.135054732,1.497905026,0.056758133
6.954000,2.950300442,0.158225057,7.493803379,-0.127637108,1.459267739,0.070024355
6.955000,3.020746484,0.124141325,7.491583709,-0.116228409,1.418929046,0.081371065
6.956000,3.096807157,0.070424336,7.496632973,-0.103364647,1.376849516,0.092710318
6.957000,3.170136155,-0.003699562,7.517029897,-0.089736067,1.329628058,0.105267707
6.958000,3.192392069,-0.067400332,7.542033249,-0.078757429,1.273812617,0.118552302
6.959000,3.159754905,-0.098292599,7.564404909,-0.070743495,1.212753669,0.131666209
6.960000,3.017836383,-0.065440981,7.594146931,-0.068140942,1.143239840,0.146700032
6.961000,2.768457503,0.042987370,7.591961794,-0.071681949,1.068950504,0.162287340
6.962000,2.437853742,0.174271905,7.582715893,-0.079709589,0.990014622,0.177295764
6.963000,2.032257388,0.326043221,7.543095425,-0.090598819,0.907946942,0.193082990
6.964000,1.610681926,0.446744751,7.480673048,-0.101267967,0.825791513,0.208772607
6.965000,1.174408232,0.513771824,7.376130919,-0.111895188,0.743617440,0.222786541
6.966000,0.755405313,0.510356413,7.274154949,-0.117990597,0.661264009,0.233314471
6.967000,0.384447143,0.474783535,7.183280612,-0.120399832,0.579939724,0.241924866
6.968000,0.049513517,0.399075855,7.118065470,-0.118714778,0.499944707,0.246302435
6.969000,-0.244165300,0.345186393,7.026917686,-0.113966579,0.423853308,0.248837201
6.970000,-0.461140705,0.266685829,6.885013341,-0.099272441,0.353746671,0.248620277
6.971000,-0.609804098,0.129659385,6.710231463,-0.073970033,0.291488833,0.248184625
6.972000,-0.718358402,-0.055208751,6.538966166,-0.040717417,0.234232699,0.248625962
6.973000,-0.754259594,-0.281559004,6.365687017,0.002130139,0.185599278,0.253348142
6.974000,-0.769338310,-0.529462623,6.245865513,0.046281389,0.141064867,0.260820441
6.975000,-0.774473120,-0.737464127,6.232248453,0.087026179,0.100010113,0.271450018
6.976000,-0.752403976,-0.826704938,6.259657627,0.109492881,0.069491818,0.286125781
6.977000,-0.683914011,-0.834803946,6.259295696,0.123322383,0.047568867,0.300034399
6.978000,-0.553934436,-0.729361567,6.182278786,0.118507458,0.040214439,0.309458110
6.979000,-0.336816073,-0.595652123,6.053390891,0.103210614,0.044503602,0.317102556
6.980000,-0.004843757,-0.460306194,5.795949189,0.078548725,0.064593011,0.322655249
6.981000,0.391586022,-0.376822339,5.472126137,0.055585544,0.091160877,0.321324283
6.982000,0.833007355,-0.327806676,5.131920575,0.034418867,0.120544847,0.314445444
6.983000,1.293517985,-0.373613090,4.875680448,0.019693548,0.150613763,0.307548992
6.984000,1.710266733,-0.446094836,4.624525712,0.009396267,0.179974475,0.297060473
6.985000,2.024711846,-0.584442484,4.458348254,0.010276660,0.204923714,0.281218002
6.986000,2.223055336,-0.766136192,4.375912724,0.018080749,0.223602499,0.266312676
6.987000,2.315464152,-0.966999210,4.317983209,0.028165197,0.239055788,0.249544437
6.988000,2.246402773,-1.167285148,4.273132111,0.042835722,0.247852406,0.230841140
6.989000,2.103318238,-1.377402059,4.273471283,0.059137758,0.254188277,0.213259972
6.990000,1.866547372,-1.507233752,4.357735209,0.068821197,0.256681030,0.197621199
6.991000,1.639624132,-1.538097005,4.463152676,0.068188792,0.262965352,0.186127252
6.992000,1.455257974,-1.480175726,4.605018315,0.059748606,0.270018430,0.179393875
6.993000,1.288709700,-1.340745558,4.791337128,0.039880894,0.281318575,0.175383123
6.994000,1.133152522,-1.172303509,5.001519614,0.010916354,0.296676711,0.168669618
6.995000,0.998793096,-0.947399257,5.204688079,-0.026154344,0.314558501,0.158242217
6.996000,0.822128060,-0.810703287,5.392514135,-0.055378175,0.332208889,0.140899340
6.997000,0.633926612,-0.702533558,5.582897618,-0.080659403,0.349886307,0.119224390
6.998000,0.437948560,-0.652524381,5.817342910,-0.093162337,0.371300139,0.092327195
6.999000,0.241439656,-0.633001282,6.017141773,-0.095302146,0.397800817,0.066757569
7.000000,0.098385393,-0.706246235,6.256462785,-0.077051012,0.437211014,0.048011630
7.001000,0.032156083,-0.775605659,6.509900621,-0.048337641,0.489799520,0.035674101
7.002000,0.044309644,-0.866677115,6.766936863,-0.013502652,0.553991618,0.027417360
7.003000,0.132139261,-0.936980923,6.999529569,0.022182606,0.631589999,0.028697534
7.004000,0.296787135,-1.000866400,7.266714377,0.057017653,0.717186334,0.034128866
7.005000,0.565107289,-1.023804376,7.487950686,0.086277673,0.812592519,0.043194089
7.006000,0.900675214,-0.957401321,7.682347669,0.104076966,0.912022619,0.057435507
7.007000,1.283084977,-0.845429708,7.865766929,0.117213061,1.012650799,0.072652491
7.008000,1.705212595,-0.684555910,8.058451935,0.124362007,1.112888470,0.085414989
7.009000,2.051331955,-0.461535685,8.250444320,0.124713957,1.208086976,0.099071787
7.010000,2.365621351,-0.209902151,8.468688621,0.123127494,1.302264008,0.111414906
7.011000,2.630311116,-0.022032385,8.714325908,0.122177983,1.394252496,0.120172066
7.012000,2.837975321,0.127134003,9.001657669,0.119345632,1.484952974,0.125665330
7.013000,3.008914165,0.216892952,9.315746654,0.117037570,1.575518680,0.128627260
7.014000,3.182646194,0.226240228,9.637640548,0.116685682,1.668209524,0.130070353
7.015000,3.367762670,0.156837099,10.001329992,0.119924369,1.763766008,0.128115363
7.016000,3.549774790,0.031394026,10.394811348,0.129485763,1.860194391,0.126650417
7.017000,3.737082073,-0.149259614,10.797105919,0.145597927,1.957380653,0.126205810
7.018000,3.905085247,-0.357392918,11.184721170,0.166185111,2.054801900,0.125373384
7.019000,4.075942941,-0.572467553,11.511625719,0.189722098,2.152502617,0.124816254
7.020000,4.214587667,-0.804520381,11.793926535,0.214242305,2.251662661,0.124784367
7.021000,4.370619455,-0.989276311,11.985296740,0.236257204,2.354745554,0.123273883
7.022000,4.556901404,-1.099766937,12.088822854,0.255965362,2.461328142,0.122646261
7.023000,4.762656955,-1.173737388,12.153841283,0.271620244,2.571016533,0.121439869
7.024000,5.068382665,-1.165781174,12.222542908,0.282968638,2.687743209,0.121098318
7.025000,5.503538041,-0.989625990,12.293971360,0.285613376,2.807819069,0.122015685
7.026000,6.042991305,-0.751562808,12.401501580,0.282523948,2.932306740,0.124325302
7.027000,6.613874241,-0.491661793,12.539283026,0.273539210,3.056532493,0.126957984
7.028000,7.283240717,-0.221860057,12.608440307,0.262901537,3.183560354,0.131194021
7.029000,8.009606111,-0.010771537,12.666736648,0.251112608,3.312291716,0.136039409
7.030000,8.764550027,0.108195879,12.708023677,0.240765572,3.446185679,0.140535840
7.031000,9.461734906,0.086926737,12.731389972,0.237113087,3.576385111,0.145900980
7.032000,10.117350795,0.032116237,12.778963984,0.235340504,3.702754410,0.152554361
7.033000,10.620306568,-0.086640940,12.862764488,0.234833618,3.814556827,0.159184657
7.034000,11.026356535,-0.223148530,12.957066266,0.234853853,3.916505794,0.166084094
7.035000,11.311922565,-0.362132522,13.078281246,0.235575225,4.006433816,0.174259353
7.036000,11.432203421,-0.427610731,13.212209246,0.233903114,4.083307185,0.180146740
7.037000,11.481351532,-0.442782369,13.350791193,0.229716767,4.155403788,0.184904205
7.038000,11.394549736,-0.378055906,13.511935666,0.224447920,4.218405815,0.191106954
7.039000,11.258023977,-0.305069192,13.663931271,0.219945860,4.277350641,0.198309199
7.040000,11.077938955,-0.240450901,13.782501640,0.214264513,4.333019842,0.207283302
7.041000,10.934338136,-0.236951202,13.876674366,0.210267302,4.386637887,0.217258105
7.042000,10.838483909,-0.301596014,13.933290564,0.208574697,4.436668801,0.224702073
7.043000,10.768813020,-0.481846320,13.989674803,0.209762189,4.481503543,0.226506717
7.044000,10.708034763,-0.662326300,14.066865030,0.209636319,4.521595966,0.218237190
7.045000,10.676584436,-0.846411207,14.182065917,0.209870660,4.556696308,0.199545818
7.046000,10.613698489,-0.963799177,14.353507402,0.210055421,4.587352948,0.179182802
7.047000,10.544516458,-1.044152633,14.549812645,0.209737710,4.616183055,0.157188367
7.048000,10.525753805,-0.974311726,14.731438809,0.205504177,4.644547829,0.128462188
7.049000,10.540492073,-0.869296181,14.907468443,0.205705440,4.672487335,0.107379176
7.050000,10.563189886,-0.740506453,15.063763852,0.208069874,4.697280244,0.091590827
7.051000,10.600169504,-0.654302657,15.137963218,0.210855182,4.717813571,0.075034259
7.052000,10.601688314,-0.568520701,15.181342169,0.211972790,4.732833084,0.053969660
7.053000,10.569225101,-0.594088794,15.217415483,0.216444480,4.736759758,0.040903873
7.054000,10.427696931,-0.622966626,15.210789800,0.214265143,4.727751664,0.022613881
7.055000,10.179412079,-0.661860384,15.160856142,0.209074132,4.708518647,0.002791155
7.056000,9.893595824,-0.721556993,15.115412027,0.204885296,4.682118288,-0.014723398
7.057000,9.584428817,-0.780406222,15.070589677,0.201185396,4.651873969,-0.029434092
7.058000,9.148776054,-0.778198972,14.968692914,0.194776467,4.609796873,-0.047757277
7.059000,8.709285364,-0.751713985,14.858137637,0.191261879,4.564474795,-0.065682051
7.060000,8.296958691,-0.732533104,14.746373346,0.191808302,4.512615634,-0.087048436
7.061000,7.837014662,-0.634398349,14.628466626,0.189416019,4.455008165,-0.110980144
7.062000,7.406560862,-0.523415590,14.507750060,0.186795402,4.394780153,-0.134761032
7.063000,7.081519938,-0.464429187,14.393809368,0.187518012,4.334423406,-0.157922590
7.064000,6.815145637,-0.389109616,14.259973652,0.186966530,4.273268442,-0.180272663
7.065000,6.625446313,-0.324206987,14.099472523,0.184589430,4.211885294,-0.199641276
7.066000,6.479437709,-0.344639890,13.895779593,0.185567035,4.144552304,-0.214899619
7.067000,6.326960725,-0.414916218,13.665923692,0.188843639,4.074384191,-0.230083550
7.068000,6.159588973,-0.473174687,13.386375546,0.192389209,3.996243472,-0.238413851
7.069000,5.970450795,-0.522864074,13.116567317,0.194390386,3.912913415,-0.243444123
7.070000,5.690723750,-0.526312775,12.854638548,0.194357035,3.817511169,-0.244753102
7.071000,5.384980485,-0.392248435,12.641993174,0.186602887,3.718165259,-0.245322290
7.072000,5.048578436,-0.243117639,12.417547685,0.179071745,3.614836037,-0.245303152
7.073000,4.611630577,-0.046588761,12.211954566,0.167761168,3.499203343,-0.244419817
7.074000,4.148238007,0.077199875,11.953296784,0.161875410,3.378646179,-0.242774651
7.075000,3.653226159,0.146582857,11.666229560,0.160007464,3.250653861,-0.241560672
7.076000,3.105366612,0.140173027,11.326665651,0.161951055,3.115031196,-0.239963610
7.077000,2.608714568,0.134276041,10.983581747,0.162682540,2.981257356,-0.236794212
7.078000,2.172191820,0.027849074,10.566849159,0.169577853,2.849478755,-0.235520371
7.079000,1.783606263,-0.072460790,10.124889845,0.174931366,2.716332250,-0.235242551
7.080000,1.465596203,-0.127715335,9.638329424,0.174741333,2.584591779,-0.237289222
7.081000,1.196644496,-0.189600681,9.091856069,0.176510391,2.452563278,-0.241282172
7.082000,0.910409650,-0.242975486,8.513016327,0.178354205,2.316229428,-0.249698183
7.083000,0.656945551,-0.206529927,7.969209621,0.172807181,2.179287706,-0.261086420
7.084000,0.428018734,-0.124190921,7.399074478,0.162744820,2.039586836,-0.275537455
7.085000,0.208190541,-0.028530982,6.848132638,0.151518155,1.900884683,-0.290957200
7.086000,-0.017359379,0.127083491,6.331937952,0.133093365,1.762494408,-0.303631612
7.087000,-0.246108404,0.271928973,5.839534056,0.113984284,1.626756231,-0.311632233
7.088000,-0.495341667,0.412381151,5.269694590,0.094398383,1.489769839,-0.315644369
7.089000,-0.750126542,0.547516180,4.703916645,0.074501574,1.354215530,-0.318882783
7.090000,-1.031358314,0.652722811,4.105707691,0.058054573,1.215561571,-0.319248935
7.091000,-1.342865179,0.701226236,3.464874261,0.049612671,1.070347727,-0.320792088
7.092000,-1.670652252,0.716983399,2.838951239,0.046450036,0.922530498,-0.321784196
7.093000,-2.002884751,0.655345342,2.271609834,0.051077209,0.775640817,-0.322343335
7.094000,-2.338948095,0.598003658,1.757083122,0.056348449,0.630321954,-0.323338423
7.095000,-2.667836635,0.552498443,1.288296988,0.061528068,0.489437321,-0.325147775
7.096000,-2.980415495,0.460842087,0.819288008,0.068896200,0.352555445,-0.325565260
7.097000,-3.267743117,0.384267658,0.342404710,0.074175013,0.219475301,-0.325917042
7.098000,-3.535506417,0.359278935,-0.104723172,0.075937116,0.090475905,-0.326136733
7.099000,-3.758728887,0.356916160,-0.542075795,0.074248810,-0.035313672,-0.325003352
7.100000,-3.904182327,0.358301586,-1.015301308,0.070104875,-0.156685340,-0.325955003
7.101000,-3.980157681,0.422614666,-1.503906761,0.063675924,-0.270021676,-0.325611284
7.102000,-4.032563728,0.480643309,-1.985095882,0.058515460,-0.379396759,-0.324502899
7.103000,-3.965409859,0.544718472,-2.477584826,0.052328008,-0.478001488,-0.322099296
7.104000,-3.792680178,0.610799831,-2.994322663,0.046600713,-0.567562063,-0.318750177
7.105000,-3.521893040,0.682820971,-3.513540812,0.039692476,-0.647928865,-0.310822833
7.106000,-3.200316887,0.730911944,-4.044168504,0.031285269,-0.723140599,-0.300414889
7.107000,-2.836293768,0.765756828,-4.595823550,0.021644245,-0.795289875,-0.287638345
7.108000,-2.488020728,0.764676490,-5.128817601,0.010394821,-0.863865485,-0.271369236
7.109000,-2.159062101,0.730629548,-5.637022052,0.000747639,-0.929242286,-0.253972748
7.110000,-1.853881887,0.676513938,-6.093187696,-0.007999794,-0.989695274,-0.235510675
7.111000,-1.599468293,0.590034086,-6.518476642,-0.013379005,-1.049234612,-0.216131984
7.112000,-1.375356770,0.500314883,-6.900430551,-0.016840397,-1.105367002,-0.194923856
7.113000,-1.172994139,0.408568697,-7.232604785,-0.015692425,-1.156772757,-0.173160489
7.114000,-0.978655770,0.325856853,-7.531338074,-0.013061824,-1.203768669,-0.150087641
7.115000,-0.795856067,0.232319804,-7.817859086,-0.007628190,-1.244554012,-0.125380984
7.116000,-0.587510570,0.172513155,-8.082440661,-0.003263117,-1.280276146,-0.100259382
7.117000,-0.355331641,0.110673513,-8.333559549,0.001585143,-1.308559817,-0.074572006
7.118000,-0.070105408,0.030500890,-8.592389859,0.007032455,-1.327289513,-0.048175035
7.119000,0.245400206,-0.062413794,-8.851465809,0.012512378,-1.340714669,-0.022193107
7.120000,0.603597874,-0.144070449,-9.099793378,0.016344000,-1.346617380,0.002304168
7.121000,0.965498389,-0.255550761,-9.338465648,0.020641442,-1.348424895,0.025203359
7.122000,1.344145756,-0.357914990,-9.575098373,0.024467860,-1.347186866,0.047964006
7.123000,1.660739440,-0.410061343,-9.783382350,0.023975838,-1.342701096,0.069767478
7.124000,1.932061605,-0.426273987,-9.977830132,0.020197118,-1.335520001,0.090015093
7.125000,2.145193411,-0.428733813,-10.143795174,0.013836201,-1.325838232,0.108620736
7.126000,2.275930868,-0.388196238,-10.272462142,0.005561066,-1.316151456,0.126054426
7.127000,2.356760174,-0.352457232,-10.374182654,-0.003973380,-1.306032472,0.142374644
7.128000,2.365749224,-0.364512432,-10.420428756,-0.012217327,-1.293216161,0.154770849
7.129000,2.302942805,-0.411149920,-10.417092834,-0.017072093,-1.280643663,0.166732619
7.130000,2.135432964,-0.485182371,-10.360688860,-0.017530183,-1.268923949,0.180116192
7.131000,1.903242155,-0.596364811,-10.289630306,-0.015773748,-1.255516540,0.194224855
7.132000,1.627873753,-0.694034173,-10.201645850,-0.013088261,-1.241852769,0.209114308
7.133000,1.267181109,-0.751862006,-10.115816738,-0.006218053,-1.227399460,0.227077916
7.134000,0.886890618,-0.772261911,-10.056036800,0.002921832,-1.209629442,0.246949480
7.135000,0.529344171,-0.738864603,-10.012301792,0.012700768,-1.185756687,0.268657102
7.136000,0.264505385,-0.670967416,-9.980401715,0.024744453,-1.156098670,0.291214387
7.137000,0.045640696,-0.626900599,-9.981034786,0.040959531,-1.122244569,0.314307907
7.138000,0.024951423,-0.589931829,-9.967349316,0.057855152,-1.075101715,0.337742129
7.139000,0.110735769,-0.572907633,-9.924374036,0.074206466,-1.021097537,0.360855851
7.140000,0.322538440,-0.577294004,-9.860163494,0.086749333,-0.960809648,0.382029112
7.141000,0.561569152,-0.600246328,-9.759843990,0.094150230,-0.899143895,0.400665979
7.142000,0.856224150,-0.628493349,-9.626544162,0.094580465,-0.834791176,0.414970151
7.143000,1.081736865,-0.674012393,-9.456752963,0.086420556,-0.775398292,0.423091911
7.144000,1.262438274,-0.681515704,-9.263932125,0.074694717,-0.721294829,0.430556745
7.145000,1.362944783,-0.669961945,-9.041548383,0.059823613,-0.672624042,0.438707059
7.146000,1.412738543,-0.628173137,-8.835682606,0.044103648,-0.626417007,0.450127631
7.147000,1.364649958,-0.514606442,-8.616787972,0.024322723,-0.586240065,0.468568544
7.148000,1.217149336,-0.317937149,-8.427122181,0.003901417,-0.550351862,0.495767957
7.149000,1.040257916,-0.101696845,-8.265656009,-0.016260197,-0.513875480,0.524332308
7.150000,0.853623969,0.076639053,-8.178209263,-0.032133075,-0.475462822,0.549749132
7.151000,0.741471712,0.173773813,-8.095748559,-0.040972691,-0.434040518,0.564689173
7.152000,0.741677462,0.194968255,-8.012539893,-0.042206554,-0.388577155,0.567343821
7.153000,0.998347296,0.072159827,-7.927083633,-0.029459316,-0.331846599,0.550963087
7.154000,1.378700522,-0.115359098,-7.810406876,-0.008692680,-0.270747952,0.523756232
7.155000,1.907151887,-0.333166222,-7.629078507,0.018494653,-0.206476372,0.485853242
7.156000,2.452673400,-0.544829423,-7.445698391,0.045450141,-0.141661910,0.447788253
7.157000,2.952309247,-0.714626953,-7.262279732,0.068778872,-0.081581819,0.409126101
7.158000,3.324089480,-0.741754321,-6.996023141,0.078695648,-0.037714096,0.368649484
7.159000,3.598509458,-0.690112882,-6.721675902,0.080958555,-0.005344352,0.328689850
7.160000,3.740982335,-0.576868827,-6.473148838,0.076925033,0.014229907,0.290712666
7.161000,3.817411363,-0.483156102,-6.265869986,0.073208952,0.027161301,0.255536857
7.162000,3.824027086,-0.350891581,-6.041311350,0.069048753,0.031907769,0.223219675
7.163000,3.701425656,-0.233951489,-5.865896854,0.071278982,0.025275970,0.198227644
7.164000,3.504223132,-0.163966893,-5.729241775,0.077952029,0.012498213,0.178897249
7.165000,3.274952549,-0.142943268,-5.642711338,0.089748289,-0.005487376,0.166877182
7.166000,3.055668971,-0.140218824,-5.577793006,0.106466448,-0.026827738,0.158120301
7.167000,2.833237409,-0.169438675,-5.542366770,0.124077802,-0.050336716,0.151792425
7.168000,2.668145847,-0.220994983,-5.547689459,0.142167015,-0.076586668,0.146167287
7.169000,2.536833330,-0.249962633,-5.581860036,0.158302266,-0.105952304,0.139794221
7.170000,2.428060674,-0.247098432,-5.632078609,0.171193389,-0.138413921,0.128250771
7.171000,2.286055757,-0.264454740,-5.735350501,0.182836212,-0.173946242,0.111163248
7.172000,2.102290090,-0.248407782,-5.909399006,0.193316223,-0.212115005,0.089247963
7.173000,1.877657233,-0.237382521,-6.149806642,0.202353521,-0.255153172,0.061410832
7.174000,1.661133093,-0.246503863,-6.409540370,0.211844181,-0.299605073,0.031533207
7.175000,1.413664452,-0.271218908,-6.699258831,0.220736333,-0.348582489,0.001949757
7.176000,1.207072758,-0.289634264,-6.980434554,0.226604609,-0.399968653,-0.024280133
7.177000,1.022560620,-0.341204160,-7.215647587,0.231938409,-0.453021948,-0.047056035
7.178000,0.930846559,-0.374834754,-7.417868609,0.231968162,-0.505949525,-0.062163322
7.179000,0.914336665,-0.410504665,-7.616386174,0.228543350,-0.559613002,-0.071280443
7.180000,0.972936537,-0.422652231,-7.827487750,0.221463699,-0.611979496,-0.076662376
7.181000,1.083181229,-0.366589201,-8.057000533,0.209367396,-0.662137562,-0.077644711
7.182000,1.205703189,-0.267865761,-8.342478090,0.221670352,-0.719781253,-0.073048785
7.183000,1.313634119,-0.100286476,-8.647984877,0.204085475,-0.768501482,-0.070968851
7.184000,1.420328902,0.070530243,-8.944326714,0.185791764,-0.816533571,-0.065825659
7.185000,1.527356176,0.163569171,-9.240911462,0.170084260,-0.863522748,-0.057871529
7.186000,1.649390409,0.160637425,-9.540598732,0.158489263,-0.911756889,-0.049802777
7.187000,1.815802766,0.085815251,-9.846950039,0.149507275,-0.958975704,-0.041327578
7.188000,2.045909640,-0.038697244,-10.147644873,0.141639090,-1.006168109,-0.032651887
7.189000,2.308978719,-0.190205081,-10.476259579,0.134148932,-1.053909090,-0.024590821
7.190000,2.605039595,-0.297043371,-10.784179432,0.123799785,-1.101976739,-0.015603697
7.191000,2.920828119,-0.299621509,-11.077569039,0.106348714,-1.149575073,-0.006207534
7.192000,3.226934026,-0.246403594,-11.352829379,0.086379824,-1.197512943,0.002409895
7.193000,3.502498893,-0.178113810,-11.630910008,0.064472679,-1.244999367,0.011343048
7.194000,3.715027880,-0.119587798,-11.917323637,0.044343657,-1.292996715,0.018035667
7.195000,3.910788220,-0.121407180,-12.204016129,0.028553937,-1.339635834,0.023237854
7.196000,4.084446917,-0.176179814,-12.504127813,0.018210485,-1.385490232,0.029714224
7.197000,4.276376288,-0.248490080,-12.824967879,0.009462580,-1.428561108,0.038146003
7.198000,4.530320264,-0.311378755,-13.129427121,0.004159974,-1.465955741,0.048060768
7.199000,4.864937051,-0.342854225,-13.405886521,-0.000422404,-1.497470061,0.060505539
7.200000,5.229283397,-0.363811865,-13.651198640,-0.003330369,-1.524666215,0.073582040
7.201000,5.603599366,-0.405728899,-13.839815026,-0.006494393,-1.549705889,0.082135507
7.202000,5.969459935,-0.457360129,-13.944488282,-0.010818481,-1.574406891,0.087317952
7.203000,6.249246382,-0.522393081,-13.937601671,-0.019710746,-1.602284373,0.083552636
7.204000,6.465301685,-0.583783688,-13.897356867,-0.029944337,-1.631783802,0.075867353
7.205000,6.477573332,-0.621635365,-13.793992664,-0.043505903,-1.668103054,0.060667290
7.206000,6.393758603,-0.632309324,-13.696694023,-0.056802365,-1.706979829,0.043586598
7.207000,6.227855940,-0.646563811,-13.620639145,-0.068471902,-1.748669953,0.024896865
7.208000,5.951526121,-0.693936222,-13.571429229,-0.073599832,-1.793008249,0.006957539
7.209000,5.642056989,-0.756794838,-13.513433964,-0.075946742,-1.837082433,-0.009305683
7.210000,5.277971441,-0.840542378,-13.427095184,-0.075935993,-1.878701271,-0.023634929
7.211000,4.952876933,-0.911757326,-13.320261357,-0.075330312,-1.914648758,-0.032643657
7.212000,4.641525427,-0.958750309,-13.183609560,-0.075117714,-1.947187811,-0.037859926
7.213000,4.323596470,-0.933407848,-12.987966641,-0.077672777,-1.974295867,-0.037993834
7.214000,4.038587380,-0.841410544,-12.755971509,-0.083099049,-1.994669119,-0.034643235
7.215000,3.747424742,-0.719380361,-12.485588519,-0.091661366,-2.011989064,-0.028976844
7.216000,3.379211118,-0.588815040,-12.170020971,-0.101510101,-2.025770408,-0.024392201
7.217000,2.975657322,-0.451776213,-11.849407135,-0.112279251,-2.037791095,-0.021292415
7.218000,2.514700939,-0.316232974,-11.523413340,-0.124896821,-2.044352970,-0.020768068
7.219000,2.023106981,-0.189470293,-11.195772698,-0.136539043,-2.046565698,-0.022387479
7.220000,1.523967804,-0.064577136,-10.885672274,-0.146519186,-2.042188539,-0.026387908
7.221000,1.098302828,0.051807934,-10.586067058,-0.154453085,-2.027752388,-0.031924539
7.222000,0.756890418,0.146980471,-10.311202679,-0.160799727,-2.004381645,-0.038944605
7.223000,0.451733591,0.209053940,-10.031269969,-0.165200155,-1.976634259,-0.047035122
7.224000,0.239265708,0.221227211,-9.726080185,-0.166546217,-1.937475722,-0.057803234
7.225000,0.132870705,0.208468871,-9.386498377,-0.166269408,-1.889823657,-0.070684963
7.226000,0.061934784,0.169239630,-9.029821398,-0.164451111,-1.839875979,-0.084532035
7.227000,0.036836954,0.080171633,-8.651235042,-0.161289563,-1.785792881,-0.099980126
7.228000,0.032972737,0.026974370,-8.265116967,-0.160624904,-1.729441872,-0.116401980
7.229000,0.000103324,-0.008217232,-7.865890379,-0.160849238,-1.671446103,-0.133146051
7.230000,-0.069597001,-0.014069084,-7.464383439,-0.162578986,-1.614149775,-0.149461828
7.231000,-0.199425593,0.058009290,-7.073409177,-0.166146943,-1.555113081,-0.163520699
7.232000,-0.348607133,0.154909252,-6.690009553,-0.171104278,-1.495199251,-0.176943006
7.233000,-0.471104574,0.235250953,-6.318693469,-0.176377298,-1.430011657,-0.188339372
7.234000,-0.532686691,0.308552426,-5.956915240,-0.181940746,-1.359642753,-0.197914841
7.235000,-0.512306970,0.315979982,-5.619124781,-0.185180236,-1.281435463,-0.205661982
7.236000,-0.420565764,0.276670387,-5.276381588,-0.187602902,-1.197941757,-0.212631805
7.237000,-0.298752070,0.202613665,-4.918391198,-0.188444896,-1.111171811,-0.218987241
7.238000,-0.174562692,0.107998851,-4.531409793,-0.186600832,-1.022204082,-0.223828876
7.239000,-0.052354178,0.010208762,-4.140830999,-0.183829898,-0.932193341,-0.228418898
7.240000,0.061263818,-0.058170221,-3.745189229,-0.181663438,-0.842888175,-0.231563232
7.241000,0.141234773,-0.116172615,-3.351445553,-0.179041756,-0.754794624,-0.234556109
7.242000,0.192203466,-0.134652508,-2.964084033,-0.177516143,-0.668645134,-0.238198720
7.243000,0.225014662,-0.117541665,-2.589584313,-0.177707408,-0.583180154,-0.241653129
7.244000,0.252756526,-0.067000178,-2.214044683,-0.180312160,-0.497788782,-0.245980389
7.245000,0.291948458,0.011451469,-1.822117362,-0.185302522,-0.410734543,-0.251018734
7.246000,0.337298596,0.089145799,-1.437938210,-0.189651175,-0.321214705,-0.253694633
7.247000,0.397743800,0.163994309,-1.061376420,-0.193662513,-0.231517243,-0.255985067
7.248000,0.460023184,0.192994759,-0.678012822,-0.195260538,-0.140074105,-0.259158947
7.249000,0.526436907,0.186917902,-0.305748293,-0.194365557,-0.047094097,-0.261411050
7.250000,0.572527455,0.141033361,0.039232662,-0.189364716,0.043754641,-0.262895689
7.251000,0.593430173,0.075585635,0.395192878,-0.182235872,0.132343972,-0.265191211
7.252000,0.588505230,0.012750568,0.772742919,-0.174445552,0.218110991,-0.268034073
7.253000,0.538639342,0.002465906,1.160779579,-0.168087774,0.298558827,-0.267458782
7.254000,0.426672616,0.040471261,1.575812618,-0.163922766,0.374115318,-0.264786353
7.255000,0.299403605,0.119911238,2.012079538,-0.164307504,0.447991635,-0.260439340
7.256000,0.185797931,0.237386463,2.465764625,-0.169870649,0.523067624,-0.252960300
7.257000,0.071395877,0.407870277,2.878567075,-0.181983094,0.600610373,-0.242410800
7.258000,0.028735545,0.589291858,3.210011605,-0.200742637,0.679900341,-0.232523776
7.259000,0.019323487,0.761700334,3.483527374,-0.220617239,0.761687484,-0.222232658
7.260000,0.046073484,0.933771252,3.688752966,-0.239952449,0.844276519,-0.211321527
7.261000,0.139310688,1.044783665,3.831674700,-0.252705689,0.926897905,-0.202338823
7.262000,0.256203525,1.136339539,3.930627480,-0.262770300,1.009145169,-0.194362933
7.263000,0.415840141,1.142435056,3.991524469,-0.263139195,1.093935822,-0.186933982
7.264000,0.632634510,1.083091900,4.061003222,-0.258053615,1.177461146,-0.179362152
7.265000,0.907284493,0.964914107,4.171030775,-0.249263468,1.259586291,-0.170508245
7.266000,1.215797459,0.845007304,4.341615025,-0.239549800,1.336954573,-0.161554225
7.267000,1.549125713,0.698979260,4.564280265,-0.227997952,1.411234797,-0.152336052
7.268000,1.907456009,0.620766163,4.886155827,-0.220251375,1.476973556,-0.141097618
7.269000,2.259973461,0.610280294,5.228770004,-0.215505052,1.536510533,-0.128899355
7.270000,2.594152053,0.636763738,5.575016950,-0.212348247,1.590314861,-0.117999369
7.271000,2.901249798,0.688742712,5.909751709,-0.211871981,1.638157835,-0.107039312
7.272000,3.178632388,0.780916637,6.207944159,-0.214106283,1.677586316,-0.094430081
7.273000,3.422946718,0.828580829,6.437027710,-0.214207020,1.706323723,-0.083267123
7.274000,3.632436928,0.844328974,6.649265425,-0.213097347,1.727370034,-0.072589532
7.275000,3.783770251,0.803687265,6.850145949,-0.210031074,1.741778004,-0.062510727
7.276000,3.873999434,0.696958773,6.998210348,-0.205014772,1.747883248,-0.054705469
7.277000,3.928736166,0.560862611,7.118563257,-0.198296231,1.749419741,-0.047637643
7.278000,3.901034513,0.403513530,7.215201980,-0.191183237,1.742665594,-0.041024966
7.279000,3.810313839,0.257350999,7.287714966,-0.184342003,1.729216530,-0.034346636
7.280000,3.691376403,0.140281888,7.329287334,-0.178147140,1.709824867,-0.026322381
7.281000,3.547707736,0.043031562,7.383212625,-0.169940946,1.684814586,-0.017313742
7.282000,3.373092806,-0.007762663,7.432897201,-0.161674649,1.654087758,-0.004507264
7.283000,3.204734163,0.004104136,7.476733422,-0.154917232,1.618347126,0.010481532
7.284000,3.082490193,0.045213412,7.501893514,-0.149247363,1.583014545,0.024908712
7.285000,2.994302955,0.081613160,7.514168427,-0.143471873,1.547520566,0.037970409
7.286000,2.949059800,0.126775924,7.508207175,-0.137587486,1.510520019,0.052066756
7.287000,2.946581939,0.155580403,7.494510920,-0.130163791,1.472456338,0.065871461
7.288000,2.994783492,0.136791167,7.492209538,-0.120187349,1.432446927,0.077603037
7.289000,3.071453599,0.088329999,7.494949885,-0.107652568,1.390876026,0.088930567
7.290000,3.148387517,0.021188656,7.508593699,-0.094306619,1.346469676,0.100703534
7.291000,3.190066580,-0.050515551,7.532565562,-0.082001653,1.292989741,0.114285421
7.292000,3.181868325,-0.095319400,7.557668284,-0.072906979,1.234268343,0.127191540
7.293000,3.069033026,-0.078598590,7.582861524,-0.068764252,1.166686214,0.141652728
7.294000,2.866317054,0.003176466,7.591632673,-0.069588187,1.094718489,0.157297405
7.295000,2.554813427,0.128534942,7.586377981,-0.076646440,1.016712012,0.172216156
7.296000,2.175999182,0.275695786,7.561391797,-0.086828607,0.935585068,0.187863107
7.297000,1.749352279,0.415487491,7.505253390,-0.097779346,0.852911376,0.203469123
7.298000,1.323846748,0.497841901,7.415258719,-0.108591135,0.771269062,0.218308519
7.299000,0.890316042,0.519447853,7.311619367,-0.116864161,0.688426932,0.230275576
7.300000,0.502810049,0.488263182,7.210908075,-0.119664530,0.607076296,0.239166245
7.301000,0.157872913,0.428574921,7.140436556,-0.119901454,0.526373497,0.245103715
7.302000,-0.155096728,0.354165231,7.061963835,-0.116038041,0.448303236,0.248357395
7.303000,-0.391503753,0.295663118,6.935050144,-0.104669895,0.376819818,0.248756002
7.304000,-0.568874291,0.182921520,6.765345158,-0.083598177,0.311379857,0.248108895
7.305000,-0.687255531,0.013381613,6.596197573,-0.052881186,0.252756879,0.248408914
7.306000,-0.749436328,-0.202119630,6.421111060,-0.012382617,0.201011338,0.251175267
7.307000,-0.763549111,-0.445344729,6.273424004,0.031346594,0.155397360,0.257963572
7.308000,-0.773956600,-0.670348673,6.233491386,0.073711570,0.113590491,0.267879901
7.309000,-0.767490007,-0.808022292,6.250567599,0.103296652,0.078252150,0.280877386
7.310000,-0.716226570,-0.852974782,6.270020612,0.121032709,0.053031677,0.295897088
7.311000,-0.596576415,-0.770723453,6.209210000,0.121309756,0.041977513,0.306646774
7.312000,-0.428603039,-0.642087248,6.110756863,0.109936451,0.040724659,0.314859136
7.313000,-0.117636909,-0.505487795,5.886395392,0.086924327,0.057482185,0.320772704
7.314000,0.253791529,-0.400211239,5.587893096,0.063193798,0.081870289,0.323004643
7.315000,0.683276082,-0.331472610,5.241681447,0.040676524,0.110666648,0.316541237
7.316000,1.134255268,-0.353171265,4.962579443,0.024161362,0.140289025,0.310400443
7.317000,1.591963887,-0.420377357,4.704297639,0.011868667,0.170958816,0.301094673
7.318000,1.925686751,-0.533201595,4.508551342,0.009284494,0.197078980,0.286583009
7.319000,2.174701150,-0.697971356,4.393762641,0.014783171,0.217888173,0.271536063
7.320000,2.302212184,-0.909077228,4.339872926,0.024961007,0.234635311,0.255199455
7.321000,2.278391870,-1.095846169,4.279587036,0.037136812,0.245451743,0.237197275
7.322000,2.169401438,-1.311452402,4.264816956,0.054246778,0.252476416,0.218697875
7.323000,1.940869166,-1.470333198,4.325088489,0.066122464,0.255561772,0.202627961
7.324000,1.713242815,-1.540930606,4.425036381,0.069677519,0.260641798,0.189297148
7.325000,1.509631418,-1.500229616,4.559191608,0.062736278,0.267296955,0.181655437
7.326000,1.343284022,-1.392652978,4.726193244,0.048097404,0.276852806,0.176347054
7.327000,1.182740925,-1.233816138,4.928744901,0.021758650,0.291150045,0.171732148
7.328000,1.048830592,-1.016456625,5.140759992,-0.014391159,0.308555283,0.162021069
7.329000,0.887031207,-0.851393243,5.329913195,-0.046122684,0.326596922,0.147538141
7.330000,0.694246752,-0.731975441,5.517772577,-0.073267058,0.343684049,0.127044264
7.331000,0.504580406,-0.665681751,5.742570740,-0.090690260,0.363606020,0.101433303
7.332000,0.305742244,-0.631564473,5.953123710,-0.096242367,0.387947902,0.074814305
7.333000,0.143641164,-0.685266869,6.174390196,-0.084050938,0.423378794,0.053464523
7.334000,0.038203488,-0.748040205,6.422513935,-0.059286707,0.470070043,0.039193399
7.335000,0.037596663,-0.838909402,6.687906804,-0.024683789,0.531644669,0.029247969
7.336000,0.089411492,-0.916297816,6.917282385,0.009900792,0.603972609,0.027211635
7.337000,0.230926475,-0.981842361,7.172362090,0.046028708,0.687638566,0.031822785
7.338000,0.474908609,-1.019109086,7.416738856,0.076767464,0.780699258,0.040040804
7.339000,0.784102282,-0.992749605,7.619588350,0.099443494,0.878941922,0.052160756
7.340000,1.146789903,-0.885572310,7.806100628,0.113151016,0.978795307,0.067812930
7.341000,1.566093087,-0.742819800,7.992675540,0.122563492,1.079877907,0.081258313
7.342000,1.944415649,-0.543913400,8.184664878,0.125187607,1.176760117,0.094590301
7.343000,2.260291442,-0.294502188,8.395170232,0.123671819,1.270818249,0.107287865
7.344000,2.549296763,-0.075152629,8.630163890,0.122334273,1.363730626,0.117708218
7.345000,2.773091803,0.082699384,8.895825576,0.120228787,1.454793757,0.124309503
7.346000,2.955076505,0.193964207,9.216914905,0.117857877,1.545220487,0.127704367
7.347000,3.120068180,0.237875634,9.521630340,0.116289455,1.636671050,0.129973466
7.348000,3.306538043,0.182778084,9.879682263,0.118731616,1.731908853,0.128921625
7.349000,3.488344579,0.081407270,10.260627536,0.125168351,1.828142939,0.126861435
7.350000,3.677819098,-0.085463028,10.662329459,0.139839769,1.924845428,0.126327017
7.351000,3.847235564,-0.287095790,11.060590810,0.158509876,2.022478833,0.125396629
7.352000,4.020136768,-0.499978866,11.411731905,0.181809078,2.119753910,0.125127003
7.353000,4.171235745,-0.728543166,11.701808992,0.205973807,2.218653586,0.124595945
7.354000,4.313059248,-0.939774112,11.938922631,0.229414338,2.319743945,0.123870802
7.355000,4.493145336,-1.068254412,12.061160456,0.249846993,2.425382843,0.122850161
7.356000,4.691186221,-1.153643855,12.130035910,0.266915216,2.534172133,0.121745934
7.357000,4.944743638,-1.196782592,12.196177147,0.280781868,2.647673620,0.121041431
7.358000,5.355548527,-1.050393096,12.269641361,0.284813387,2.767791068,0.121685679
7.359000,5.853860008,-0.830279944,12.362518102,0.283930192,2.890220845,0.123510558
7.360000,6.420931317,-0.583693267,12.501401757,0.276898584,3.015224244,0.125963768
7.361000,7.046691621,-0.307679859,12.590427319,0.266885595,3.140918762,0.129872399
7.362000,7.763072489,-0.070797538,12.651055233,0.255101249,3.268892633,0.134314924
7.363000,8.512062875,0.071208103,12.694838628,0.244120818,3.401358097,0.139096406
7.364000,9.237509131,0.097817004,12.721678220,0.237915886,3.533750574,0.143812118
7.365000,9.907862624,0.062188666,12.753475453,0.235626226,3.661396266,0.150188272
7.366000,10.470442011,-0.044113390,12.834870580,0.234777618,3.779135112,0.156807593
7.367000,10.906738097,-0.174223124,12.920736090,0.234712148,3.884060109,0.163747589
7.368000,11.221435635,-0.316039925,13.037012724,0.235296357,3.976953086,0.171434909
7.369000,11.405767951,-0.414825608,13.165947293,0.235039572,4.058606821,0.178588307
7.370000,11.483275543,-0.451215759,13.304716611,0.231540509,4.132604908,0.183258756
7.371000,11.431921512,-0.404845161,13.450517424,0.226134427,4.197975957,0.189252012
7.372000,11.310727202,-0.325880597,13.621562618,0.221289567,4.258537441,0.195396810
7.373000,11.139351293,-0.262885221,13.743432135,0.216261026,4.314437522,0.204276699
7.374000,10.972741017,-0.229824131,13.851756644,0.211268558,4.369023753,0.214012187
7.375000,10.868456272,-0.269210965,13.917196496,0.208704468,4.420442005,0.222332150
7.376000,10.792444146,-0.418592710,13.974637825,0.209744195,4.467059467,0.226898343
7.377000,10.722497051,-0.606876949,14.035151187,0.209836244,4.508957955,0.223345276
7.378000,10.686076680,-0.782272645,14.142986813,0.209563938,4.545124385,0.205710663
7.379000,10.638909048,-0.934369977,14.288472161,0.210016139,4.577736091,0.185934030
7.380000,10.564040810,-1.022088297,14.486341449,0.209993867,4.606548013,0.164878865
7.381000,10.526972491,-1.007152794,14.665895522,0.206262883,4.635063038,0.137152442
7.382000,10.532644175,-0.900092033,14.851452149,0.204525472,4.663752902,0.112343628
7.383000,10.555827847,-0.788240390,15.012668805,0.207577988,4.689044004,0.097206386
7.384000,10.591413734,-0.679131373,15.121295370,0.210160583,4.711727018,0.081249613
7.385000,10.601675163,-0.594637078,15.167837259,0.211487347,4.728005375,0.060925174
7.386000,10.588401565,-0.584588722,15.212204707,0.215679536,4.736938550,0.045925669
7.387000,10.500516064,-0.620388546,15.220768297,0.216380369,4.733074927,0.029810624
7.388000,10.262400158,-0.647605749,15.177918917,0.210736963,4.714978147,0.009302455
7.389000,9.988320273,-0.698740058,15.129770563,0.205921595,4.691562216,-0.009522928
7.390000,9.700997656,-0.761030519,15.085957752,0.202460195,4.663092310,-0.024652158
7.391000,9.299135526,-0.783405272,15.005168594,0.196772396,4.624412545,-0.041373296
7.392000,8.848356926,-0.759337098,14.895948497,0.191629645,4.580012036,-0.059725148
7.393000,8.434920159,-0.739774244,14.783340614,0.191653026,4.529966710,-0.079909917
7.394000,7.989980281,-0.678281656,14.667791842,0.190601854,4.475017645,-0.102930995
7.395000,7.545945179,-0.559382057,14.548268204,0.187652122,4.414831051,-0.126911438
7.396000,7.178477531,-0.483895430,14.431085077,0.187183725,4.354598384,-0.150223799
7.397000,6.891222007,-0.422227174,14.309529232,0.187762365,4.293801929,-0.173837637
7.398000,6.684051725,-0.342991583,14.152011062,0.185473895,4.232323392,-0.193427767
7.399000,6.528766868,-0.320793557,13.972392294,0.184498670,4.167776217,-0.209775050
7.400000,6.380779389,-0.392332557,13.742554191,0.187703764,4.098104479,-0.225148756
7.401000,6.213668733,-0.455830900,13.482139006,0.191690132,4.023062494,-0.236324892
7.402000,6.050436371,-0.508664769,13.199753325,0.193892800,3.942321978,-0.242176008
7.403000,5.788873039,-0.531016716,12.942733105,0.194563085,3.849935415,-0.244468698
7.404000,5.486168095,-0.444352462,12.710626336,0.189462899,3.751576566,-0.245335498
7.405000,5.168450748,-0.295102445,12.490715942,0.181749831,3.649958657,-0.245287303
7.406000,4.762029360,-0.110293181,12.280003558,0.171377185,3.538482493,-0.244956532
7.407000,4.307870675,0.057723664,12.056313499,0.162035923,3.420228393,-0.243298663
7.408000,3.818711805,0.122959278,11.761216828,0.160688322,3.293397492,-0.241956674
7.409000,3.286202678,0.142558451,11.441338618,0.161467489,3.160307802,-0.240538156
7.410000,2.767842739,0.138291828,11.100372244,0.162349834,3.025668895,-0.237799182
7.411000,2.314748199,0.069850583,10.714288762,0.166743464,2.893666466,-0.235798397
7.412000,1.896251453,-0.053632659,10.269151143,0.174669080,2.760523672,-0.235270076
7.413000,1.567976658,-0.110693895,9.806274747,0.174747911,2.628400106,-0.236611505
7.414000,1.286037485,-0.166372434,9.277431326,0.175763361,2.497013867,-0.239560489
7.415000,1.005239092,-0.227328460,8.705423196,0.177925705,2.361707204,-0.246822444
7.416000,0.736964980,-0.228502019,8.163257655,0.175457312,2.225964760,-0.256468503
7.417000,0.503169068,-0.154061383,7.587997211,0.166396683,2.086327462,-0.270382772
7.418000,0.281289208,-0.062873126,7.028414952,0.155585320,1.947028180,-0.285857419
7.419000,0.059071749,0.072097090,6.502049600,0.139557928,1.808419321,-0.299961062
7.420000,-0.169136945,0.224165566,6.004497705,0.120351935,1.671863426,-0.309147706
7.421000,-0.410501510,0.367000944,5.457946829,0.101052620,1.534923013,-0.314513184
7.422000,-0.665021980,0.503141565,4.893190113,0.081089908,1.399463490,-0.317906739
7.423000,-0.930016128,0.624154271,4.313288231,0.062635275,1.262807801,-0.319477040
7.424000,-1.238906370,0.686783183,3.679157113,0.052077384,1.118969992,-0.320095595
7.425000,-1.560376588,0.716178508,3.046253286,0.046986335,0.971859445,-0.321564133
7.426000,-1.889090470,0.676126140,2.459132903,0.049273835,0.824927914,-0.322234824
7.427000,-2.227525041,0.608971830,1.914179579,0.055016868,0.677883486,-0.322917086
7.428000,-2.558123629,0.569816652,1.444703288,0.059625778,0.536188585,-0.324548320
7.429000,-2.880991488,0.492788734,0.976254155,0.066585052,0.397577188,-0.325531120
7.430000,-3.173950508,0.407160973,0.499689659,0.072593546,0.263583101,-0.325690313
7.431000,-3.450151554,0.363024676,0.038938692,0.075991201,0.132957587,-0.326279011
7.432000,-3.696500506,0.355353151,-0.394190323,0.075354902,0.005933860,-0.325486570
7.433000,-3.855699074,0.357344158,-0.856503783,0.071513446,-0.116329345,-0.325557260
7.434000,-3.956758570,0.397653905,-1.340922573,0.065761334,-0.232689689,-0.325816385
7.435000,-4.016590402,0.460961248,-1.824724503,0.060278485,-0.343069756,-0.324908900
7.436000,-4.011373433,0.524988729,-2.307190535,0.054190550,-0.446939612,-0.322889272
7.437000,-3.859830337,0.588493841,-2.820473542,0.048457456,-0.538799840,-0.320248181
7.438000,-3.614893464,0.658152545,-3.339595617,0.042097511,-0.621467285,-0.313677217
7.439000,-3.317433731,0.717343460,-3.865341970,0.034397957,-0.699019606,-0.304143236
7.440000,-2.958172446,0.756298792,-4.410811209,0.024988771,-0.771382344,-0.292306635
7.441000,-2.598726239,0.766395921,-4.952569437,0.014104432,-0.841239351,-0.276926412
7.442000,-2.265931589,0.747865105,-5.478193422,0.003626054,-0.908370375,-0.259946530
7.443000,-1.955608625,0.694552475,-5.941132481,-0.005083983,-0.969544278,-0.241664699
7.444000,-1.677253992,0.621918650,-6.382334467,-0.012089607,-1.029654993,-0.222845839
7.445000,-1.446783804,0.531420061,-6.779516602,-0.015964204,-1.086968099,-0.202014124
7.446000,-1.241661094,0.437683360,-7.125424296,-0.016217939,-1.139975585,-0.180587742
7.447000,-1.041174113,0.353661391,-7.435919461,-0.014352020,-1.189356949,-0.158251522
7.448000,-0.856789302,0.263498820,-7.722352082,-0.009439401,-1.230958898,-0.133616536
7.449000,-0.661220869,0.188899116,-7.996067583,-0.004613687,-1.269618839,-0.108727212
7.450000,-0.436942564,0.131467591,-8.248774293,-0.000109152,-1.299902221,-0.083060052
7.451000,-0.166442006,0.058418433,-8.506702375,0.005147070,-1.321568190,-0.057026386
7.452000,0.132266480,-0.030219996,-8.764918424,0.010787146,-1.337565623,-0.030640467
7.453000,0.484652737,-0.117578517,-9.018013705,0.015077110,-1.344774129,-0.005767192
7.454000,0.843831587,-0.212145438,-9.259523382,0.019079503,-1.348190849,0.017619557
7.455000,1.220089410,-0.325230709,-9.498120379,0.023295782,-1.347651584,0.040391742
7.456000,1.558307678,-0.396247150,-9.713943696,0.024485119,-1.344569245,0.062717685
7.457000,1.852169463,-0.424866086,-9.917670864,0.021974550,-1.338578654,0.083671335
7.458000,2.077503026,-0.428101866,-10.089450180,0.015955072,-1.329012096,0.102462066
7.459000,2.240568430,-0.406223861,-10.233900205,0.008648465,-1.319476729,0.120431988
7.460000,2.335195977,-0.361302833,-10.345950081,-0.000675765,-1.309472514,0.137006805
7.461000,2.368081877,-0.357823421,-10.407403280,-0.009678441,-1.297508874,0.150762899
7.462000,2.344848537,-0.388151222,-10.431416853,-0.016283362,-1.284702221,0.162644846
7.463000,2.192589630,-0.460986465,-10.380831884,-0.017407474,-1.272940589,0.175523668
7.464000,1.988608592,-0.556500221,-10.314300621,-0.016612101,-1.260030174,0.189455951
7.465000,1.725527879,-0.662984457,-10.232277070,-0.014358548,-1.246389284,0.203830084
7.466000,1.396131622,-0.739258567,-10.143474422,-0.008718190,-1.232314933,0.220798994
7.467000,1.011986568,-0.773569944,-10.069977356,-0.000474024,-1.216551324,0.239948183
7.468000,0.648526320,-0.749997039,-10.026880128,0.009441123,-1.193714272,0.261421228
7.469000,0.341054026,-0.695083734,-9.988402314,0.020315364,-1.166814433,0.283700921
7.470000,0.112092619,-0.642219956,-9.979257515,0.035505626,-1.134097468,0.306527487
7.471000,0.015754819,-0.598771566,-9.975932063,0.052032348,-1.091709966,0.330092086
7.472000,0.058696363,-0.571987545,-9.941670226,0.068750613,-1.040554548,0.353242035
7.473000,0.246846348,-0.574976543,-9.882675203,0.082866563,-0.981173743,0.375148503
7.474000,0.472717664,-0.591149566,-9.801128141,0.092977778,-0.920154844,0.395148103
7.475000,0.766905830,-0.613132993,-9.674445929,0.095382750,-0.855549084,0.410886780
7.476000,1.004528403,-0.660434796,-9.511525882,0.089446181,-0.795245741,0.420582733
7.477000,1.222732729,-0.684156029,-9.337101401,0.079431653,-0.737746601,0.428000187
7.478000,1.329442613,-0.673813198,-9.115676297,0.064780648,-0.688847637,0.435990288
7.479000,1.407168348,-0.651597126,-8.901306102,0.049765353,-0.641156395,0.445280647
7.480000,1.383341744,-0.555200683,-8.688399167,0.030954524,-0.599473588,0.462198565
7.481000,1.274600512,-0.393084446,-8.490630960,0.010903361,-0.562063190,0.485789875
7.482000,1.098723775,-0.174190809,-8.304905201,-0.009800280,-0.526665108,0.515363297
7.483000,0.917686292,0.020294372,-8.205834039,-0.027085192,-0.488239416,0.541391629
7.484000,0.765958677,0.149593688,-8.125756019,-0.038858793,-0.448309930,0.561242972
7.485000,0.730470475,0.194138361,-8.038420685,-0.042547167,-0.404277780,0.567167813
7.486000,0.893272386,0.129337700,-7.958256112,-0.035102757,-0.351551831,0.558455772
7.487000,1.226567807,-0.043360679,-7.859826860,-0.017209820,-0.291658741,0.535000533
7.488000,1.724671189,-0.262311074,-7.690309038,0.009457951,-0.228139129,0.498544443
7.489000,2.272113283,-0.474876518,-7.506617445,0.036568058,-0.163150858,0.460470841
7.490000,2.795806071,-0.673735197,-7.333645385,0.062178414,-0.100152075,0.422391703
7.491000,3.211973692,-0.744618941,-7.084737818,0.076418179,-0.051248777,0.381996357
7.492000,3.532649533,-0.722586634,-6.811721909,0.081804393,-0.013192907,0.341731369
7.493000,3.696218046,-0.615748733,-6.554763939,0.078384286,0.007957385,0.303276293
7.494000,3.799283850,-0.510753691,-6.330747244,0.074135030,0.023630686,0.266941447
7.495000,3.830982727,-0.395678003,-6.112708381,0.070113403,0.031132809,0.233599204
7.496000,3.745973985,-0.270945914,-5.921291179,0.069967208,0.028019639,0.206077167
7.497000,3.586345645,-0.175618697,-5.764079698,0.074609912,0.018184683,0.183755809
7.498000,3.352065114,-0.149356635,-5.671200147,0.085722109,0.000608339,0.170822188
7.499000,3.128075049,-0.140919425,-5.597437227,0.100638556,-0.019437865,0.160740045
7.500000,2.904466101,-0.161136166,-5.550280441,0.118247477,-0.042430119,0.153848339
7.501000,2.718658364,-0.198328169,-5.544470181,0.135828470,-0.067524640,0.148054733
7.502000,2.576445147,-0.245420552,-5.564652278,0.153547436,-0.095528144,0.142243295
7.503000,2.463770078,-0.246266422,-5.611440157,0.167113226,-0.127664499,0.132317982
7.504000,2.335432103,-0.260752752,-5.692510517,0.179088925,-0.161827831,0.117583365
7.505000,2.173392053,-0.252478220,-5.847353007,0.189823588,-0.198902085,0.096960157
7.506000,1.950527469,-0.243989848,-6.067453344,0.199644464,-0.240773429,0.070842394
7.507000,1.732455787,-0.239650865,-6.318216191,0.208475580,-0.284447386,0.041814934
7.508000,1.496318159,-0.263491005,-6.599964701,0.218084089,-0.332040124,0.011693474
7.509000,1.271110566,-0.278089885,-6.894346717,0.224779507,-0.382560859,-0.016172073
7.510000,1.079209223,-0.331896895,-7.137667810,0.230801142,-0.435329038,-0.039860919
7.511000,0.945971436,-0.356556490,-7.354383362,0.232251859,-0.488282234,-0.058184160
7.512000,0.910906131,-0.402183619,-7.547975550,0.230337019,-0.541655039,-0.068995860
7.513000,0.952025504,-0.419646794,-7.758628668,0.223904835,-0.594574252,-0.075017619
7.514000,1.045756426,-0.391302796,-7.976089878,0.213655550,-0.645480951,-0.077480227
7.515000,1.155008677,-0.291753039,-8.221816292,0.199249010,-0.695964520,-0.078060420
7.516000,1.281281374,-0.160144382,-8.546489303,0.210096314,-0.752077949,-0.072099523
7.517000,1.381872208,0.016826487,-8.846686803,0.191920342,-0.800855918,-0.068006932
7.518000,1.491952447,0.133292988,-9.141823308,0.175276728,-0.847838726,-0.060525846
7.519000,1.601842029,0.178560965,-9.442032935,0.161760019,-0.895770165,-0.052524007
7.520000,1.756666515,0.111279991,-9.747284344,0.152449041,-0.943199729,-0.044187978
7.521000,1.964643891,0.011950648,-10.041028103,0.143942815,-0.990375363,-0.035509747
7.522000,2.214716905,-0.142950983,-10.366207289,0.136941480,-1.037908773,-0.027307465
7.523000,2.502595447,-0.264947860,-10.682427933,0.127488079,-1.086024639,-0.018742364
7.524000,2.816299922,-0.312381130,-10.980644118,0.112908443,-1.133664293,-0.009304185
7.525000,3.128039157,-0.264977084,-11.259986359,0.093199654,-1.181523956,-0.000519685
7.526000,3.416845168,-0.204889924,-11.536532723,0.071906612,-1.229208019,0.008766804
7.527000,3.655476525,-0.125824364,-11.819677236,0.050354608,-1.276879417,0.016412091
7.528000,3.845173552,-0.117780210,-12.109291118,0.033454600,-1.324198710,0.021452606
7.529000,4.025093927,-0.155706425,-12.400331401,0.021360078,-1.370484116,0.027297130
7.530000,4.199756433,-0.221429120,-12.715069098,0.012024645,-1.414924235,0.035564693
7.531000,4.441147773,-0.291190575,-13.032039767,0.005533324,-1.453966324,0.044279746
7.532000,4.741825052,-0.336981191,-13.317359811,0.001069551,-1.487827583,0.056217412
7.533000,5.108643787,-0.356260383,-13.569743737,-0.002415659,-1.515590758,0.069222703
7.534000,5.477595044,-0.388364428,-13.793066752,-0.005381582,-1.541599258,0.080142890
7.535000,5.852071595,-0.441729737,-13.925854105,-0.008857106,-1.566089431,0.085956176
7.536000,6.164249330,-0.499490457,-13.946873045,-0.016425030,-1.592693421,0.085537099
7.537000,6.405656733,-0.565883301,-13.914774396,-0.026523696,-1.621688652,0.079199228
7.538000,6.481597295,-0.609108027,-13.830798045,-0.038863773,-1.655760991,0.065982698
7.539000,6.438579427,-0.629202542,-13.723684292,-0.052632345,-1.693436593,0.049816556
7.540000,6.297468911,-0.640512793,-13.644079745,-0.065057599,-1.734345163,0.031030789
7.541000,6.047740206,-0.675816734,-13.585370331,-0.072354360,-1.778303863,0.012960512
7.542000,5.753235401,-0.733582675,-13.536605612,-0.075403219,-1.822601244,-0.004280401
7.543000,5.399221308,-0.812440719,-13.456017637,-0.075947484,-1.864861378,-0.018900598
7.544000,5.055985093,-0.893173126,-13.361648584,-0.075494253,-1.903504518,-0.030564568
7.545000,4.745865304,-0.942158423,-13.229958442,-0.075205158,-1.936649080,-0.036214303
7.546000,4.426353653,-0.953267012,-13.060918875,-0.076533776,-1.966032445,-0.038604911
7.547000,4.130449096,-0.874887611,-12.836639237,-0.081062308,-1.988672872,-0.036014932
7.548000,3.844836780,-0.760789182,-12.577107538,-0.088692383,-2.006391508,-0.030818752
7.549000,3.512500908,-0.634428910,-12.277817636,-0.098012945,-2.021412136,-0.025657266
7.550000,3.112856103,-0.498408350,-11.956881718,-0.108582553,-2.034030854,-0.022142416
7.551000,2.673939616,-0.358271566,-11.632461758,-0.120705625,-2.042524941,-0.020696611
7.552000,2.190254945,-0.232707052,-11.303004894,-0.133003699,-2.047336224,-0.021343747
7.553000,1.690347529,-0.106208188,-10.989039082,-0.143192471,-2.043647592,-0.025054432
7.554000,1.224056298,0.018348387,-10.681347745,-0.152283690,-2.034583476,-0.029703509
7.555000,0.870694555,0.115256292,-10.402824138,-0.158684179,-2.012171893,-0.036604583
7.556000,0.542974189,0.198798605,-10.126009838,-0.164453243,-1.987553217,-0.043988309
7.557000,0.297900664,0.223252869,-9.830756979,-0.166345617,-1.951593891,-0.053885324
7.558000,0.165537540,0.212556291,-9.500661997,-0.166398855,-1.905912900,-0.066352181
7.559000,0.077236668,0.187344639,-9.151981378,-0.165278372,-1.857181322,-0.079777601
7.560000,0.042029260,0.107757863,-8.778506434,-0.162175898,-1.803973815,-0.094840726
7.561000,0.034442670,0.042567619,-8.396473542,-0.160654661,-1.748522691,-0.110826850
7.562000,0.016020722,-0.002772130,-7.999953046,-0.160463462,-1.690831653,-0.127541999
7.563000,-0.044631484,-0.012380542,-7.597151354,-0.161968537,-1.633207159,-0.144047518
7.564000,-0.148414116,0.027732985,-7.202719979,-0.164603715,-1.574990162,-0.159004323
7.565000,-0.298505095,0.122288351,-6.816969663,-0.169407450,-1.515242786,-0.172521206
7.566000,-0.439415999,0.210758194,-6.440212857,-0.174497060,-1.452563879,-0.184764671
7.567000,-0.520714872,0.293726215,-6.073763363,-0.180480822,-1.383987121,-0.194965359
7.568000,-0.526555297,0.318796579,-5.732359041,-0.184216606,-1.308031215,-0.203205387
7.569000,-0.460292969,0.296011465,-5.393750719,-0.186949291,-1.226510954,-0.210379169
7.570000,-0.340583078,0.230907492,-5.039851535,-0.188433445,-1.140279241,-0.216962773
7.571000,-0.217460799,0.137835455,-4.662322361,-0.187365794,-1.052019075,-0.222315772
7.572000,-0.090315570,0.040184311,-4.272280725,-0.184718941,-0.962303901,-0.226978562
7.573000,0.023082346,-0.036869019,-3.876958197,-0.182349192,-0.872556325,-0.230553850
7.574000,0.119893744,-0.101954581,-3.479200937,-0.179822058,-0.783911067,-0.233478359
7.575000,0.176403579,-0.129626371,-3.092534795,-0.177970089,-0.697264679,-0.237020992
7.576000,0.215318329,-0.127437893,-2.712856742,-0.177392277,-0.611534706,-0.240410455
7.577000,0.241368386,-0.090072164,-2.342003353,-0.178968310,-0.526497347,-0.244407245
7.578000,0.279238389,-0.013961671,-1.952586091,-0.183686497,-0.439873484,-0.249398268
7.579000,0.320173456,0.065585091,-1.562454762,-0.188472685,-0.351081477,-0.253008668
7.580000,0.377620315,0.139263430,-1.186770784,-0.192357320,-0.261378882,-0.255223021
7.581000,0.436708714,0.186421198,-0.808245376,-0.194849476,-0.170778474,-0.258057009
7.582000,0.506793587,0.194523066,-0.424594909,-0.195205081,-0.077952754,-0.260823169
7.583000,0.557336392,0.156860677,-0.075497825,-0.191107887,0.013526490,-0.262416301
7.584000,0.590827830,0.097010852,0.272500200,-0.184739346,0.103247271,-0.264307295
7.585000,0.590411620,0.031811189,0.645846021,-0.176896756,0.189589630,-0.267165725
7.586000,0.564592184,0.000811968,1.033350488,-0.170267827,0.272518207,-0.268054499
7.587000,0.467622690,0.020310462,1.428933843,-0.164613226,0.349230760,-0.265946226
7.588000,0.341826609,0.093431246,1.866657231,-0.164179258,0.423366196,-0.261888344
7.589000,0.221468136,0.187430323,2.319269762,-0.166632599,0.497449717,-0.256305675
7.590000,0.104603407,0.350950590,2.745053660,-0.177762697,0.574526462,-0.245811335
7.591000,0.039579503,0.527993299,3.100813451,-0.194138621,0.653271939,-0.235914959
7.592000,0.015500370,0.704827106,3.407693023,-0.214038127,0.734098200,-0.225794223
7.593000,0.031479790,0.879843023,3.621723089,-0.233748409,0.816760939,-0.214885384
7.594000,0.104274169,1.011607618,3.791884270,-0.248904744,0.899462964,-0.205096455
7.595000,0.213805198,1.110789819,3.899257587,-0.260278433,0.981527887,-0.197461778
7.596000,0.359713160,1.146617120,3.973188928,-0.263542581,1.065545502,-0.189208754
7.597000,0.549597721,1.115278326,4.033250479,-0.260648567,1.150051030,-0.181951579
7.598000,0.815138711,1.003934298,4.133051757,-0.252180473,1.232257755,-0.173464750
7.599000,1.109029065,0.888595491,4.278121783,-0.243106561,1.311571091,-0.164549339
7.600000,1.436517797,0.744526625,4.481412020,-0.231609878,1.387075602,-0.155484006
7.601000,1.786387277,0.641887784,4.777498886,-0.222596071,1.455647861,-0.145035209
7.602000,2.145760078,0.604137936,5.113120245,-0.216658140,1.517808155,-0.132790183
7.603000,2.482759189,0.627935923,5.459601301,-0.213400516,1.572380085,-0.121632697
7.604000,2.804946439,0.662382374,5.804605341,-0.211474647,1.623842988,-0.110971915
7.605000,3.089853574,0.753687752,6.117008815,-0.213441163,1.665261188,-0.098467177
7.606000,3.342669569,0.815262364,6.364258639,-0.214411098,1.697695462,-0.087046489
7.607000,3.571093153,0.844553413,6.579481198,-0.213599979,1.721477987,-0.076078978
7.608000,3.738301683,0.825341453,6.785258563,-0.211276568,1.737524953,-0.065491874
7.609000,3.852776800,0.741892773,6.956792560,-0.207181430,1.747026224,-0.057102507
7.610000,3.916444703,0.607090773,7.081045924,-0.200681455,1.749597295,-0.049911392
7.611000,3.918511003,0.457565608,7.183329114,-0.193504798,1.745545629,-0.043085816
7.612000,3.847792343,0.304008430,7.268749550,-0.186604748,1.734634386,-0.036669312
7.613000,3.731022215,0.179304925,7.315429878,-0.180212094,1.716288754,-0.028997132
7.614000,3.601733771,0.068163354,7.364308179,-0.172744710,1.694163130,-0.020766318
7.615000,3.430799171,0.005689262,7.417489161,-0.164532903,1.664810680,-0.009149815
7.616000,3.260916784,-0.005026670,7.461778045,-0.156959568,1.630527455,0.005357824
7.617000,3.115514821,0.033579304,7.498438057,-0.151171549,1.594624994,0.020466036
7.618000,3.023698701,0.069479911,7.510076789,-0.145397036,1.559351892,0.033616510
7.619000,2.955603750,0.113234427,7.511608700,-0.139704431,1.523021463,0.047338907
7.620000,2.947145127,0.145679108,7.498196751,-0.132521978,1.485290034,0.061449510
7.621000,2.968747509,0.148811525,7.493111904,-0.124106888,1.445903888,0.073836413
7.622000,3.046100042,0.106235662,7.493266797,-0.111940488,1.404902536,0.085150816
7.623000,3.123140975,0.049932446,7.500160735,-0.098950031,1.362325751,0.096513395
7.624000,3.182293786,-0.029366876,7.524633980,-0.085673235,1.311556852,0.109816137
7.625000,3.194717558,-0.084285112,7.551500937,-0.075513204,1.254635494,0.122819183
7.626000,3.120229669,-0.091756198,7.571576118,-0.069387563,1.190132588,0.136605424
7.627000,2.945560571,-0.033220780,7.593819697,-0.068677980,1.119195127,0.151967649
7.628000,2.661635465,0.085761156,7.589169887,-0.074164195,1.042831258,0.167251748
7.629000,2.310851198,0.225134195,7.574269570,-0.083207754,0.962928928,0.182597570
7.630000,1.888515593,0.376390655,7.524799053,-0.094369030,0.880308815,0.198302873
7.631000,1.469930557,0.473933905,7.451022364,-0.104869621,0.798706289,0.213655442
7.632000,1.029467447,0.523440042,7.343636439,-0.115036366,0.715869283,0.226895095
7.633000,0.625783219,0.499619232,7.240834401,-0.118848394,0.634151494,0.236162483
7.634000,0.267898851,0.455987005,7.162301967,-0.120759094,0.552928246,0.243780483
7.635000,-0.058845879,0.369576788,7.095694383,-0.117528103,0.473515916,0.247501156
7.636000,-0.319455762,0.323856183,6.983809385,-0.109910192,0.400163596,0.248878498
7.637000,-0.519362565,0.228652829,6.824718161,-0.092071786,0.332135784,0.248377595
7.638000,-0.650411685,0.075231138,6.653005681,-0.064034057,0.271745106,0.248341383
7.639000,-0.737059173,-0.128944775,6.478542286,-0.026423967,0.217208923,0.249498456
7.640000,-0.759082860,-0.360998378,6.310262975,0.016642895,0.170187218,0.255521016
7.641000,-0.773832869,-0.601927275,6.235154623,0.060206754,0.127217652,0.264323270
7.642000,-0.776518010,-0.781932186,6.242261841,0.096209864,0.088025312,0.275878122
7.643000,-0.737317946,-0.845387585,6.268747655,0.115689111,0.060731486,0.291374176
7.644000,-0.639446462,-0.804413307,6.235000732,0.122845124,0.044441613,0.303502345
7.645000,-0.508761345,-0.687360961,6.152473425,0.115287212,0.038825236,0.312065742
7.646000,-0.227203639,-0.552452840,5.974969050,0.095458960,0.050626165,0.318848864
7.647000,0.125695903,-0.421794708,5.694458066,0.070563497,0.073134815,0.323858371
7.648000,0.536959189,-0.352469642,5.356639883,0.048032545,0.100895426,0.318915186
7.649000,0.978619983,-0.338814408,5.045485400,0.029159362,0.130227460,0.312713679
7.650000,1.451136680,-0.394864038,4.788904680,0.015329058,0.160928972,0.304622552
7.651000,1.816446502,-0.483260755,4.563329063,0.008714556,0.188505935,0.292000549
7.652000,2.106570862,-0.640825351,4.417230308,0.012221629,0.211745375,0.276142992
7.653000,2.265249287,-0.839203186,4.357070161,0.021568856,0.229243251,0.260693365
7.654000,2.302791834,-1.028110996,4.295713062,0.032111443,0.242557343,0.243433591
7.655000,2.214413675,-1.238724127,4.266677187,0.048534632,0.250253069,0.224485006
7.656000,2.016810349,-1.428115651,4.293266916,0.062686285,0.254942413,0.207770795
7.657000,1.792547316,-1.535724625,4.390922382,0.070423089,0.258413449,0.192879872
7.658000,1.574627775,-1.519163311,4.511172142,0.065462535,0.265131153,0.183891345
7.659000,1.399915636,-1.442260782,4.660830288,0.054860384,0.273164345,0.177671398
7.660000,1.234135379,-1.288838137,4.856481012,0.031664384,0.285784344,0.174419191
7.661000,1.090991557,-1.094380067,5.071139803,-0.001737403,0.302615997,0.165345344
7.662000,0.945231610,-0.890914954,5.266577808,-0.036737281,0.320617564,0.153561532
7.663000,0.757224913,-0.770013330,5.455115074,-0.064633666,0.337820856,0.134260540
7.664000,0.570877394,-0.681563945,5.662042096,-0.086529730,0.356494875,0.110534248
7.665000,0.371316713,-0.639367011,5.892115080,-0.095634413,0.378994258,0.083221086
7.666000,0.186892056,-0.658393152,6.096196282,-0.090496857,0.410015065,0.059677090
7.667000,0.055742533,-0.726699586,6.337664083,-0.069132063,0.452082141,0.043045579
7.668000,0.035796007,-0.808664224,6.600060215,-0.036086345,0.510584644,0.032160854
7.669000,0.057318692,-0.892353587,6.837756572,-0.002226198,0.577937768,0.026924477
7.670000,0.174867030,-0.957664029,7.081776754,0.034464420,0.659207390,0.030183432
7.671000,0.384963301,-1.013825024,7.345461076,0.067206780,0.748822974,0.036935797
7.672000,0.671993770,-1.018401612,7.555087677,0.094015739,0.845705458,0.047246505
7.673000,1.017248146,-0.922053037,7.745106988,0.108710437,0.945103315,0.062710259
7.674000,1.426446402,-0.797792237,7.927536311,0.120397670,1.046588520,0.077003987
7.675000,1.833051441,-0.620305927,8.121012448,0.125180269,1.145174501,0.090055358
7.676000,2.154961533,-0.379102224,8.321651844,0.124216144,1.239372489,0.103160824
7.677000,2.463341239,-0.130401820,8.547253757,0.122534127,1.333077238,0.115053338
7.678000,2.703747677,0.032003461,8.802552338,0.121109709,1.424543782,0.122409415
7.679000,2.898520647,0.165509663,9.112906482,0.118616831,1.514990018,0.126700860
7.680000,3.062751825,0.239821698,9.414578402,0.116217263,1.605816873,0.129550154
7.681000,3.245313416,0.208719069,9.758034534,0.117538863,1.700051699,0.129727888
7.682000,3.427654515,0.124828991,10.126720816,0.121901453,1.795985775,0.127405684
7.683000,3.613885325,-0.025651169,10.526823649,0.134507899,1.892466625,0.126505426
7.684000,3.792169542,-0.217957189,10.929070527,0.151809755,1.989989384,0.125845781
7.685000,3.963391407,-0.427897649,11.307561735,0.173972670,2.087112475,0.125420267
7.686000,4.126926700,-0.651897240,11.608946195,0.197780863,2.185604654,0.124507342
7.687000,4.258729875,-0.881891112,11.884295614,0.222279246,2.285183601,0.124542144
7.688000,4.431861592,-1.028831919,12.023314289,0.243057743,2.390058969,0.123061956
7.689000,4.621606644,-1.130040965,12.113974184,0.261901085,2.497415215,0.122353302
7.690000,4.841275624,-1.193714749,12.177436702,0.276453924,2.608328183,0.121088657
7.691000,5.207559012,-1.111160202,12.245311361,0.284013398,2.727763067,0.121355673
7.692000,5.667196136,-0.909861268,12.323029339,0.285237703,2.848329612,0.122678782
7.693000,6.231967970,-0.667843473,12.450998858,0.279769338,2.973791387,0.125144349
7.694000,6.825483473,-0.398672332,12.567013091,0.270421958,3.098629755,0.128426425
7.695000,7.519796390,-0.136269575,12.627029240,0.258878018,3.226201761,0.132517707
7.696000,8.259884056,0.033425910,12.681330090,0.247517300,3.356579102,0.137644735
7.697000,9.010757889,0.108479591,12.713789842,0.238808134,3.490829243,0.141849207
7.698000,9.685960682,0.076036469,12.741101725,0.236310289,3.619019647,0.147989843
7.699000,10.308528041,-0.007167843,12.804920355,0.235036575,3.742375978,0.154767798
7.700000,10.770171125,-0.129168489,12.890658397,0.234889618,3.849978542,0.161561721
7.701000,11.128380360,-0.270391329,12.996180094,0.235122474,3.947270458,0.168654297
7.702000,11.377919740,-0.400568337,13.119897098,0.236111919,4.033798790,0.177026741
7.703000,11.458638892,-0.440395854,13.258471199,0.232766656,4.108007549,0.181705172
7.704000,11.458715165,-0.424911566,13.399358601,0.227906032,4.176790982,0.187102967
7.705000,11.357177960,-0.351266650,13.573353908,0.222761413,4.238835674,0.192961897
7.706000,11.200763631,-0.285319540,13.704362631,0.218257540,4.295855203,0.201270095
7.707000,11.016889509,-0.224132967,13.821524232,0.212258286,4.351103737,0.210374647
7.708000,10.900002140,-0.248457115,13.898824957,0.209279253,4.403676853,0.219821127
7.709000,10.815370075,-0.357635109,13.954581875,0.209290998,4.452110132,0.226315659
7.710000,10.745181894,-0.545099930,14.004711782,0.209780184,4.495947619,0.226115091
7.711000,10.695568924,-0.718134082,14.103907710,0.209257217,4.533552462,0.211875507
7.712000,10.664910694,-0.907623652,14.224898307,0.210237609,4.568030781,0.192838116
7.713000,10.588869650,-0.992943737,14.419924425,0.210024644,4.596950481,0.172030834
7.714000,10.533863622,-1.029775931,14.606782205,0.207792865,4.625583437,0.146850724
7.715000,10.525665084,-0.941650049,14.796446878,0.204850074,4.654063797,0.119912725
7.716000,10.548465808,-0.835974326,14.961573757,0.207086101,4.680807764,0.102821944
7.717000,10.577725845,-0.701316607,15.102542360,0.209199390,4.704948410,0.086873539
7.718000,10.600922333,-0.624469868,15.152900239,0.211171265,4.722909473,0.067979716
7.719000,10.598435853,-0.572765620,15.198390785,0.214109023,4.735675227,0.050052318
7.720000,10.547374512,-0.603737523,15.222980934,0.217076948,4.736373730,0.035745867
7.721000,10.345388238,-0.633351114,15.194981691,0.212399794,4.721437647,0.015813756
7.722000,10.083562086,-0.677928289,15.144971833,0.207313759,4.700529265,-0.003546380
7.723000,9.799007679,-0.740477888,15.100764363,0.203633045,4.672758585,-0.019720166
7.724000,9.438912110,-0.781329890,15.040909959,0.198761841,4.638309993,-0.035408640
7.725000,8.998416583,-0.772992672,14.932217235,0.192780538,4.595181201,-0.054141259
7.726000,8.572881626,-0.747015384,14.820307882,0.191497750,4.547317787,-0.072771398
7.727000,8.150101267,-0.715965133,14.706502430,0.191705862,4.494514486,-0.094863077
7.728000,7.691479920,-0.596890203,14.588367415,0.188534071,4.434919608,-0.118945791
7.729000,7.285997352,-0.503041733,14.469755162,0.186840694,4.374702050,-0.142512785
7.730000,6.984562344,-0.444962943,14.356533659,0.187852299,4.314248428,-0.165621381
7.731000,6.745701925,-0.363333766,14.205452779,0.186279618,4.252772995,-0.187011213
7.732000,6.577238520,-0.313956568,14.040972624,0.184137875,4.190301198,-0.204804390
7.733000,6.430108549,-0.368486224,13.819166892,0.186635399,4.121328392,-0.220024187
7.734000,6.276095684,-0.435422159,13.580843488,0.190296498,4.049506741,-0.233612559
7.735000,6.105509212,-0.490518473,13.290612085,0.193088286,3.969424449,-0.240502810
7.736000,5.884194056,-0.532618238,13.030570781,0.194646542,3.882067912,-0.244197350
7.737000,5.586250538,-0.496189217,12.777964363,0.192394444,3.784795921,-0.245299857
7.738000,5.277295820,-0.344187756,12.565848332,0.184216240,3.684108667,-0.245291163
7.739000,4.909672757,-0.179517862,12.349920454,0.175327172,3.577264275,-0.245253007
7.740000,4.461231794,0.017115659,12.143905574,0.164145152,3.459924194,-0.243883102
7.741000,3.984099468,0.099243781,11.856117465,0.161375039,3.336132769,-0.242349438
7.742000,3.470875265,0.145816462,11.556512929,0.160828032,3.205784887,-0.240970814
7.743000,2.936604675,0.139232428,11.213518948,0.162150444,3.070350045,-0.238881396
7.744000,2.459023834,0.100518182,10.850727089,0.164769059,2.937234044,-0.236236327
7.745000,2.029635442,-0.014152435,10.419409557,0.172412241,2.805291043,-0.235242345
7.746000,1.675421821,-0.090721420,9.966962464,0.174789655,2.672343805,-0.235871740
7.747000,1.373893676,-0.142698687,9.460268667,0.175034873,2.541110067,-0.238144378
7.748000,1.100941794,-0.208464570,8.898639633,0.177218048,2.407135241,-0.244052308
7.749000,0.822311354,-0.238418832,8.341906645,0.177127821,2.271393766,-0.252850312
7.750000,0.577063106,-0.184273176,7.775488773,0.170124508,2.132611755,-0.265718724
7.751000,0.353939739,-0.095008799,7.212129827,0.159260733,1.993126408,-0.280835410
7.752000,0.135147394,0.015673623,6.674017137,0.146064135,1.854492234,-0.296013283
7.753000,-0.093248162,0.175624529,6.168217829,0.126722650,1.717178917,-0.306389659
7.754000,-0.326954656,0.321478529,5.650497174,0.107487620,1.580670187,-0.313339526
7.755000,-0.580181824,0.457761358,5.081442352,0.087744146,1.444616664,-0.316775554
7.756000,-0.836038374,0.588820570,4.511525209,0.068114454,1.308678176,-0.319385162
7.757000,-1.136519880,0.669664568,3.894121223,0.054919036,1.167436834,-0.319283125
7.758000,-1.451779898,0.710689394,3.254649728,0.048046200,1.021028527,-0.321277195
7.759000,-1.778178372,0.696197301,2.647894959,0.047739351,0.873883249,-0.322051040
7.760000,-2.116699870,0.634482530,2.084230670,0.052883330,0.726360768,-0.322457157
7.761000,-2.449057891,0.585758024,1.600932555,0.057833288,0.583046405,-0.323888516
7.762000,-2.778726305,0.529035311,1.130918328,0.063852715,0.443138483,-0.325507225
7.763000,-3.077183002,0.434001530,0.659488834,0.070744873,0.308069273,-0.325627787
7.764000,-3.365716801,0.373366359,0.188120846,0.075290176,0.175665853,-0.326204248
7.765000,-3.620861281,0.355533195,-0.248385035,0.075883032,0.047994222,-0.325994456
7.766000,-3.806163188,0.357220638,-0.698136659,0.072869482,-0.075867941,-0.325145071
7.767000,-3.931272039,0.372577077,-1.178738250,0.067968352,-0.195001965,-0.326026255
7.768000,-3.998374041,0.441787957,-1.664315632,0.061977205,-0.306545716,-0.325260092
7.769000,-4.028256177,0.502867621,-2.145354638,0.056319587,-0.413741982,-0.323663532
7.770000,-3.917389125,0.563953628,-2.649478251,0.050497317,-0.508985815,-0.321255432
7.771000,-3.705671289,0.633431392,-3.166156325,0.044440430,-0.594792296,-0.316393212
7.772000,-3.424142454,0.701908457,-3.688473287,0.037184440,-0.673944133,-0.307584440
7.773000,-3.080714188,0.744780244,-4.226732107,0.028173202,-0.747293943,-0.296513885
7.774000,-2.715253826,0.767373981,-4.776014475,0.017846746,-0.818600559,-0.282482474
7.775000,-2.377305625,0.762828626,-5.305023826,0.006694769,-0.886484324,-0.265812056
7.776000,-2.057335363,0.712591011,-5.789077267,-0.002168172,-0.949393282,-0.247818724
7.777000,-1.757053210,0.654457409,-6.243852728,-0.010531820,-1.009697195,-0.229412115
7.778000,-1.521370949,0.560783030,-6.650192211,-0.014725382,-1.068132442,-0.209046719
7.779000,-1.308751495,0.468659534,-7.014452804,-0.016678577,-1.122892183,-0.187827986
7.780000,-1.104327184,0.379454035,-7.339785274,-0.015166911,-1.173569929,-0.165733236
7.781000,-0.917722536,0.294677837,-7.626845078,-0.011250613,-1.217363783,-0.141852089
7.782000,-0.731235373,0.204845378,-7.908547157,-0.005998114,-1.257740368,-0.117014274
7.783000,-0.514986575,0.151532380,-8.165614541,-0.001691504,-1.290410668,-0.091684886
7.784000,-0.262773399,0.086302127,-8.421020830,0.003263081,-1.315842882,-0.065878702
7.785000,0.026231190,0.002583346,-8.678077343,0.008917840,-1.333010837,-0.039323685
7.786000,0.365026471,-0.089996156,-8.934739757,0.013794744,-1.342744399,-0.013980149
7.787000,0.722976198,-0.171549128,-9.180304324,0.017570342,-1.347797577,0.010045769
7.788000,1.092793899,-0.290390735,-9.418293014,0.021968612,-1.348038240,0.032797551
7.789000,1.454993652,-0.382178622,-9.644634815,0.024952981,-1.346325174,0.055576776
7.790000,1.763171202,-0.423875536,-9.852821005,0.023466556,-1.340832948,0.076817271
7.791000,2.004782315,-0.427187927,-10.033640156,0.018076095,-1.332266048,0.096238580
7.792000,2.199342271,-0.425884806,-10.193179566,0.011638552,-1.322777485,0.114650393
7.793000,2.305563422,-0.374749536,-10.309206111,0.002442650,-1.312811985,0.131530615
7.794000,2.369980043,-0.351173453,-10.394220196,-0.007131816,-1.301803532,0.146746259
7.795000,2.363416572,-0.371201443,-10.433454232,-0.014756212,-1.288923448,0.158778799
7.796000,2.247766218,-0.436068192,-10.398962359,-0.017239784,-1.276792126,0.171128144
7.797000,2.071171185,-0.512736696,-10.336494098,-0.017513074,-1.264520613,0.184711470
7.798000,1.814385017,-0.629674634,-10.260953688,-0.015066148,-1.250952912,0.199027470
7.799000,1.520640339,-0.723149528,-10.171617066,-0.011095965,-1.237151492,0.214684977
7.800000,1.138230596,-0.764465446,-10.088159054,-0.003717916,-1.222483986,0.233356838
7.801000,0.767708469,-0.761129475,-10.041458464,0.006181477,-1.201671857,0.254185354
7.802000,0.425670222,-0.720389435,-9.999811485,0.016317551,-1.176866940,0.276134549
7.803000,0.188299002,-0.656593686,-9.979829615,0.030125039,-1.145098069,0.298870937
7.804000,0.012288468,-0.608389839,-9.983873889,0.046484084,-1.108032120,0.322421375
7.805000,0.034148027,-0.581092093,-9.958766569,0.063677955,-1.058493464,0.345392172
7.806000,0.171576573,-0.572730031,-9.905094987,0.078959058,-1.001515597,0.368253199
7.807000,0.397362358,-0.581126972,-9.836598765,0.090563810,-0.940482577,0.388890128
7.808000,0.664237491,-0.606689660,-9.717144959,0.094766490,-0.877346490,0.405776380
7.809000,0.927319942,-0.646857199,-9.566298802,0.092471806,-0.815093189,0.418073554
7.810000,1.158691266,-0.683771058,-9.399494733,0.083275290,-0.755670523,0.425655202
7.811000,1.295940444,-0.677664451,-9.189804211,0.069737682,-0.705071233,0.433273516
7.812000,1.395293976,-0.665579016,-8.967587234,0.054859376,-0.656444317,0.441469896
7.813000,1.398040143,-0.591686910,-8.762040887,0.037529086,-0.612945298,0.456163098
7.814000,1.330965692,-0.459136301,-8.553632941,0.017536328,-0.573816297,0.476345753
7.815000,1.159698161,-0.242789851,-8.363613402,-0.003100527,-0.538640533,0.505746040
7.816000,0.981791168,-0.036408719,-8.233624908,-0.022010117,-0.501005908,0.532986217
7.817000,0.802031207,0.117171706,-8.153475332,-0.035930196,-0.462123436,0.556181346
7.818000,0.735971094,0.183956087,-8.067084622,-0.041759929,-0.419159149,0.565928493
7.819000,0.800823512,0.173059544,-7.988669752,-0.039552546,-0.370700047,0.564681817
7.820000,1.103422207,0.014981955,-7.895911154,-0.023815874,-0.312141367,0.543470401
7.821000,1.542190491,-0.191455926,-7.751539569,0.000421248,-0.249801886,0.511235643
7.822000,2.089632585,-0.404021370,-7.567847976,0.027531356,-0.184813615,0.473162042
7.823000,2.623699827,-0.612066792,-7.389295520,0.053777245,-0.120887791,0.435190008
7.824000,3.089450395,-0.737718336,-7.173968168,0.073390012,-0.065512962,0.395624590
7.825000,3.436205268,-0.738889702,-6.907308465,0.080973116,-0.024179415,0.355302612
7.826000,3.647363752,-0.652930808,-6.638219921,0.079671421,0.001306517,0.315983072
7.827000,3.777313709,-0.534936133,-6.395373278,0.075129561,0.019710592,0.278459240
7.828000,3.825383074,-0.441395516,-6.191067748,0.071769334,0.029328889,0.244517516
7.829000,3.790207855,-0.310451282,-5.977084745,0.069037823,0.030456482,0.213979890
7.830000,3.654830189,-0.198757036,-5.810916913,0.072631078,0.022405881,0.190485564
7.831000,3.428144123,-0.156661764,-5.700220961,0.081837069,0.006553276,0.174859719
7.832000,3.199619199,-0.145547044,-5.618873273,0.094978258,-0.012225231,0.163535283
7.833000,2.980067536,-0.150677495,-5.564036724,0.112356963,-0.034628929,0.155984320
7.834000,2.775599766,-0.178783580,-5.543231971,0.129728536,-0.058565242,0.149983510
7.835000,2.617577036,-0.242871924,-5.551167800,0.148464377,-0.085684065,0.144300836
7.836000,2.500301704,-0.248114527,-5.596650096,0.162707746,-0.116808401,0.136056101
7.837000,2.385888412,-0.251562641,-5.656833412,0.175230426,-0.149785050,0.123617828
7.838000,2.239059837,-0.258905983,-5.789252863,0.186475001,-0.186088680,0.104228561
7.839000,2.023397706,-0.250597176,-5.985100046,0.196935408,-0.226393687,0.080273956
7.840000,1.804728035,-0.231670703,-6.232255992,0.205127202,-0.269561744,0.051928127
7.841000,1.582839138,-0.253513560,-6.504670585,0.215056238,-0.315447741,0.021479694
7.842000,1.335837767,-0.274230942,-6.802500619,0.223068989,-0.365388245,-0.007723780
7.843000,1.143140990,-0.310765579,-7.059051182,0.228702875,-0.417648845,-0.032070526
7.844000,0.978718908,-0.346376653,-7.285861717,0.232251156,-0.470639272,-0.053115930
7.845000,0.915721682,-0.393113018,-7.481353855,0.231684465,-0.523616817,-0.066142484
7.846000,0.933181084,-0.415075730,-7.687507421,0.226224093,-0.577093627,-0.073149031
7.847000,1.008144451,-0.413056793,-7.895742176,0.217790959,-0.628873389,-0.077311631
7.848000,1.119094953,-0.329171120,-8.139408413,0.204308203,-0.679051041,-0.077852565
7.849000,1.245632505,-0.218677595,-8.441312764,0.216080243,-0.735736850,-0.072955065
7.850000,1.345986864,-0.040428569,-8.749480451,0.198074635,-0.784925015,-0.069838179
7.851000,1.456276063,0.102128891,-9.043078857,0.180523785,-0.832182921,-0.063176205
7.852000,1.560928974,0.179969985,-9.343118246,0.165643719,-0.879637907,-0.055196875
7.853000,1.703028462,0.135958708,-9.643941538,0.155469152,-0.927478309,-0.046995377
7.854000,1.887395759,0.050973609,-9.943258893,0.146744129,-0.974750355,-0.038376236
7.855000,2.127175390,-0.089345136,-10.254261642,0.139335366,-1.021960855,-0.029794028
7.856000,2.400661905,-0.232071402,-10.580470576,0.131104538,-1.070057055,-0.021871578
7.857000,2.713086460,-0.316142338,-10.883062422,0.119062729,-1.117733481,-0.012349588
7.858000,3.024433638,-0.282299297,-11.168777699,0.099774184,-1.165549514,-0.003363609
7.859000,3.323420366,-0.226752175,-11.443595495,0.079214280,-1.213415605,0.005915696
7.860000,3.581621500,-0.150379114,-11.726347640,0.057210055,-1.260944385,0.013900750
7.861000,3.779558884,-0.114153241,-12.014566107,0.038355262,-1.308761587,0.019667357
7.862000,3.965983974,-0.134844291,-12.298651190,0.024564409,-1.355287533,0.025158152
7.863000,4.138944461,-0.198022277,-12.608999068,0.015051451,-1.400390801,0.032702197
7.864000,4.355091229,-0.270704807,-12.933827325,0.007248469,-1.441817763,0.040770025
7.865000,4.625487475,-0.327963624,-13.225933114,0.002617012,-1.477574183,0.051991647
7.866000,4.988006736,-0.348767191,-13.488268365,-0.001499671,-1.506512438,0.064855295
7.867000,5.349138282,-0.376919619,-13.728483640,-0.004168714,-1.533491972,0.077092354
7.868000,5.728079430,-0.424045400,-13.884822215,-0.007593919,-1.557879667,0.084047639
7.869000,6.073001716,-0.479476460,-13.949818299,-0.013236442,-1.583351129,0.087045187
7.870000,6.334243435,-0.545295705,-13.928330296,-0.022996462,-1.611875325,0.081568173
7.871000,6.485117420,-0.596099662,-13.867602116,-0.034223175,-1.643428467,0.071289121
7.872000,6.462955039,-0.626528870,-13.757811779,-0.048130069,-1.680658749,0.055236589
7.873000,6.345613757,-0.636411059,-13.670386884,-0.060929982,-1.720662496,0.037308693
7.874000,6.142512804,-0.657114731,-13.600080256,-0.071107337,-1.763564591,0.018925454
7.875000,5.856354220,-0.712715066,-13.556559039,-0.074686115,-1.807700879,0.001077020
7.876000,5.520639149,-0.784617779,-13.484725801,-0.075947113,-1.850971906,-0.014103140
7.877000,5.161765758,-0.868389556,-13.395454012,-0.075789772,-1.891705791,-0.027573820
7.878000,4.849371118,-0.926957875,-13.275109899,-0.075267735,-1.925648919,-0.034428980
7.879000,4.536260436,-0.966611373,-13.131071653,-0.075517763,-1.957061758,-0.038810790
7.880000,4.225215562,-0.909500238,-12.914348555,-0.079011891,-1.982149111,-0.037320763
7.881000,3.940670481,-0.802177723,-12.667422939,-0.085732594,-2.000761492,-0.032692640
7.882000,3.635366545,-0.676803180,-12.383877402,-0.094809875,-2.016872962,-0.027194303
7.883000,3.246033611,-0.543611695,-12.063451344,-0.105046327,-2.029900631,-0.023267308
7.884000,2.830917318,-0.402194107,-11.741375214,-0.116417442,-2.040610879,-0.020708150
7.885000,2.355462262,-0.274194383,-11.414364922,-0.129088017,-2.046180998,-0.020839525
7.886000,1.856727255,-0.147839241,-11.092405890,-0.139865757,-2.045106645,-0.023720956
7.887000,1.361905535,-0.022138467,-10.781707301,-0.149696080,-2.039960747,-0.027827772
7.888000,0.984498691,0.083532113,-10.494445598,-0.156568632,-2.019962141,-0.034264561
7.889000,0.648907743,0.175195234,-10.218532448,-0.162819131,-1.996224634,-0.041402163
7.890000,0.367567409,0.218345860,-9.933764413,-0.165828131,-1.964784731,-0.050269827
7.891000,0.198204375,0.216643710,-9.614825618,-0.166528303,-1.922002142,-0.062019399
7.892000,0.099396116,0.203126659,-9.271389582,-0.166097327,-1.873864453,-0.075075667
7.893000,0.051982022,0.138498746,-8.904163916,-0.163313505,-1.821924897,-0.089686381
7.894000,0.034867001,0.059032929,-8.524410498,-0.160751930,-1.767356270,-0.105359299
7.895000,0.028286300,0.010405349,-8.131993845,-0.160467302,-1.710122279,-0.121891358
7.896000,-0.020122850,-0.010169766,-7.730227447,-0.161358563,-1.652266878,-0.138613844
7.897000,-0.107846096,0.001628239,-7.334014966,-0.163329717,-1.594886377,-0.154378854
7.898000,-0.248965344,0.090148821,-6.945189420,-0.167777196,-1.535177934,-0.168020953
7.899000,-0.398724032,0.185414719,-6.564241727,-0.172821346,-1.474418209,-0.180971411
7.900000,-0.500469540,0.260711917,-6.197532205,-0.178327075,-1.407332198,-0.191888949
7.901000,-0.531941345,0.315414009,-5.844210665,-0.183162891,-1.334053376,-0.200665474
7.902000,-0.492493891,0.310504902,-5.506230171,-0.186144321,-1.254400025,-0.208089165
7.903000,-0.380574421,0.253788940,-5.158116562,-0.188018174,-1.169110499,-0.214797289
7.904000,-0.256384301,0.169234342,-4.791601948,-0.188036482,-1.081564697,-0.220849133
7.905000,-0.131740444,0.077174364,-4.400856166,-0.185794700,-0.992364602,-0.225354177
7.906000,-0.015099126,-0.015567817,-4.008727166,-0.183034945,-0.902224476,-0.229544468
7.907000,0.093257206,-0.081728580,-3.611825500,-0.180770972,-0.813398443,-0.232509906
7.908000,0.158819176,-0.122899493,-3.221990174,-0.178505922,-0.726029651,-0.235788550
7.909000,0.205067670,-0.133423904,-2.838447672,-0.177275573,-0.640238925,-0.239223615
7.910000,0.233929317,-0.106674125,-2.466125921,-0.178137732,-0.554792405,-0.242956608
7.911000,0.265997457,-0.040480924,-2.083315387,-0.181999329,-0.468831133,-0.247689328
7.912000,0.305903984,0.038712018,-1.691618951,-0.186933810,-0.380867309,-0.252123174
7.913000,0.357459456,0.114204615,-1.312354497,-0.191004247,-0.291296794,-0.254458827
7.914000,0.415633088,0.178777213,-0.936655367,-0.194426151,-0.201168593,-0.256913058
7.915000,0.485074133,0.198644507,-0.546631971,-0.195661363,-0.109055344,-0.260192117
7.916000,0.542145328,0.172687993,-0.190228312,-0.192851058,-0.016701661,-0.261936913
7.917000,0.584026484,0.118552052,0.153484629,-0.187107788,0.073660476,-0.263533741
7.918000,0.591920896,0.053698412,0.520519450,-0.179566314,0.160966801,-0.266178468
7.919000,0.579644189,0.004825057,0.905323433,-0.172398064,0.245712550,-0.268309979
7.920000,0.507418889,0.005514223,1.289461169,-0.165933232,0.324250225,-0.266766777
7.921000,0.384249612,0.066951254,1.721234924,-0.164051012,0.398740757,-0.263337349
7.922000,0.259371243,0.150062234,2.163216582,-0.164950767,0.472620394,-0.258585292
7.923000,0.145200669,0.294168526,2.605409143,-0.173816673,0.548797043,-0.249385817
7.924000,0.051400316,0.466575955,2.991637441,-0.187618345,0.626731326,-0.239279561
7.925000,0.018530726,0.649707109,3.317441217,-0.207313763,0.706571286,-0.229146917
7.926000,0.025401639,0.820771679,3.552625231,-0.227182824,0.789224211,-0.218559021
7.927000,0.070830837,0.978306917,3.747770616,-0.245093296,0.871941580,-0.208084058
7.928000,0.176557943,1.077786742,3.865466144,-0.256492061,0.954212896,-0.199900300
7.929000,0.303524682,1.150274819,3.954933746,-0.263888284,1.037159114,-0.191516496
7.930000,0.473548454,1.137026748,4.010576522,-0.262620839,1.122271233,-0.184621223
7.931000,0.723886611,1.043513099,4.097027490,-0.255117044,1.204859451,-0.176413451
7.932000,1.006695852,0.926251995,4.221700877,-0.246240623,1.285955920,-0.167493683
7.933000,1.326157628,0.794766965,4.411513522,-0.235579839,1.362015088,-0.158519116
7.934000,1.666107419,0.665142458,4.666787862,-0.225050146,1.433925473,-0.148873587
7.935000,2.028189667,0.602647437,4.996463204,-0.218017227,1.498110216,-0.137067064
7.936000,2.371366325,0.619108109,5.344185653,-0.214452784,1.554445309,-0.125266026
7.937000,2.702767180,0.646691890,5.689732843,-0.211548935,1.607806469,-0.114438587
7.938000,2.995551686,0.721215232,6.013380262,-0.212656572,1.651709512,-0.102753244
7.939000,3.263874170,0.801798675,6.290728587,-0.214582488,1.688711264,-0.090819811
7.940000,3.502345379,0.841088458,6.509537894,-0.213987355,1.714807825,-0.079515069
7.941000,3.687224876,0.838704132,6.718127373,-0.212371712,1.732617553,-0.069049954
7.942000,3.821259970,0.775557143,6.906755236,-0.208693043,1.744898415,-0.059770990
7.943000,3.895222069,0.652024773,7.039628136,-0.202848114,1.748740272,-0.052308431
7.944000,3.930198937,0.510255827,7.151015887,-0.195840468,1.747951635,-0.045311440
7.945000,3.882005703,0.351357532,7.246333760,-0.188890773,1.739544658,-0.038916656
7.946000,3.770668027,0.218327962,7.301572422,-0.182277049,1.722752642,-0.031671884
7.947000,3.651178049,0.102407833,7.345118651,-0.175682472,1.702724220,-0.023596909
7.948000,3.491803497,0.024277826,7.401400001,-0.167238379,1.675031532,-0.013400272
7.949000,3.316587551,-0.013409559,7.447056950,-0.159020661,1.642659554,0.000254571
7.950000,3.151281454,0.015508427,7.490985439,-0.152963863,1.606277793,0.015626551
7.951000,3.053094447,0.057346661,7.505985152,-0.147322200,1.571183219,0.029262611
7.952000,2.969218082,0.095964917,7.513547034,-0.141622953,1.535379685,0.042530293
7.953000,2.948102463,0.136227516,7.503201963,-0.135054732,1.497905026,0.056758133
7.954000,2.950300442,0.158225057,7.493803379,-0.127637108,1.459267739,0.070024355
7.955000,3.020746484,0.124141325,7.491583709,-0.116228409,1.418929046,0.081371065
7.956000,3.096807157,0.070424336,7.496632973,-0.103364647,1.376849516,0.092710318
7.957000,3.170136155,-0.003699562,7.517029897,-0.089736067,1.329628058,0.105267707
7.958000,3.192392069,-0.067400332,7.542033249,-0.078757429,1.273812617,0.118552302
7.959000,3.159754905,-0.098292599,7.564404909,-0.070743495,1.212753669,0.131666209
7.960000,3.017836383,-0.065440981,7.594146931,-0.068140942,1.143239840,0.146700032
7.961000,2.768457503,0.042987370,7.591961794,-0.071681949,1.068950504,0.162287340
7.962000,2.437853742,0.174271905,7.582715893,-0.079709589,0.990014622,0.177295764
7.963000,2.032257388,0.326043221,7.543095425,-0.090598819,0.907946942,0.193082990
7.964000,1.610681926,0.446744751,7.480673048,-0.101267967,0.825791513,0.208772607
7.965000,1.174408232,0.513771824,7.376130919,-0.111895188,0.743617440,0.222786541
7.966000,0.755405313,0.510356413,7.274154949,-0.117990597,0.661264009,0.233314471
7.967000,0.384447143,0.474783535,7.183280612,-0.120399832,0.579939724,0.241924866
7.968000,0.049513517,0.399075855,7.118065470,-0.118714778,0.499944707,0.246302435
7.969000,-0.244165300,0.345186393,7.026917686,-0.113966579,0.423853308,0.248837201
7.970000,-0.461140705,0.266685829,6.885013341,-0.099272441,0.353746671,0.248620277
7.971000,-0.609804098,0.129659385,6.710231463,-0.073970033,0.291488833,0.248184625
7.972000,-0.718358402,-0.055208751,6.538966166,-0.040717417,0.234232699,0.248625962
7.973000,-0.754259594,-0.281559004,6.365687017,0.002130139,0.185599278,0.253348142
7.974000,-0.769338310,-0.529462623,6.245865513,0.046281389,0.141064867,0.260820441
7.975000,-0.774473120,-0.737464127,6.232248453,0.087026179,0.100010113,0.271450018
7.976000,-0.752403976,-0.826704938,6.259657627,0.109492881,0.069491818,0.286125781
7.977000,-0.683914011,-0.834803946,6.259295696,0.123322383,0.047568867,0.300034399
7.978000,-0.553934436,-0.729361567,6.182278786,0.118507458,0.040214439,0.309458110
7.979000,-0.336816073,-0.595652123,6.053390891,0.103210614,0.044503602,0.317102556
7.980000,-0.004843757,-0.460306194,5.795949189,0.078548725,0.064593011,0.322655249
7.981000,0.391586022,-0.376822339,5.472126137,0.055585544,0.091160877,0.321324283
7.982000,0.833007355,-0.327806676,5.131920575,0.034418867,0.120544847,0.314445444
7.983000,1.293517985,-0.373613090,4.875680448,0.019693548,0.150613763,0.307548992
7.984000,1.710266733,-0.446094836,4.624525712,0.009396267,0.179974475,0.297060473
7.985000,2.024711846,-0.584442484,4.458348254,0.010276660,0.204923714,0.281218002
7.986000,2.223055336,-0.766136192,4.375912724,0.018080749,0.223602499,0.266312676
7.987000,2.315464152,-0.966999210,4.317983209,0.028165197,0.239055788,0.249544437
7.988000,2.246402773,-1.167285148,4.273132111,0.042835722,0.247852406,0.230841140
7.989000,2.103318238,-1.377402059,4.273471283,0.059137758,0.254188277,0.213259972
7.990000,1.866547372,-1.507233752,4.357735209,0.068821197,0.256681030,0.197621199
7.991000,1.639624132,-1.538097005,4.463152676,0.068188792,0.262965352,0.186127252
7.992000,1.455257974,-1.480175726,4.605018315,0.059748606,0.270018430,0.179393875
7.993000,1.288709700,-1.340745558,4.791337128,0.039880894,0.281318575,0.175383123
7.994000,1.133152522,-1.172303509,5.001519614,0.010916354,0.296676711,0.168669618
7.995000,0.998793096,-0.947399257,5.204688079,-0.026154344,0.314558501,0.158242217
7.996000,0.822128060,-0.810703287,5.392514135,-0.055378175,0.332208889,0.140899340
7.997000,0.633926612,-0.702533558,5.582897618,-0.080659403,0.349886307,0.119224390
7.998000,0.437948560,-0.652524381,5.817342910,-0.093162337,0.371300139,0.092327195
7.999000,0.241439656,-0.633001282,6.017141773,-0.095302146,0.397800817,0.066757569
8.000000,0.098385393,-0.706246235,6.256462785,-0.077051012,0.437211014,0.048011630
8.001000,0.032156083,-0.775605659,6.509900621,-0.048337641,0.489799520,0.035674101
8.002000,0.044309644,-0.866677115,6.766936863,-0.013502652,0.553991618,0.027417360
8.003000,0.132139261,-0.936980923,6.999529569,0.022182606,0.631589999,0.028697534
8.004000,0.296787135,-1.000866400,7.266714377,0.057017653,0.717186334,0.034128866
8.005000,0.565107289,-1.023804376,7.487950686,0.086277673,0.812592519,0.043194089
8.006000,0.900675214,-0.957401321,7.682347669,0.104076966,0.912022619,0.057435507
8.007000,1.283084977,-0.845429708,7.865766929,0.117213061,1.012650799,0.072652491
8.008000,1.705212595,-0.684555910,8.058451935,0.124362007,1.112888470,0.085414989
8.009000,2.051331955,-0.461535685,8.250444320,0.124713957,1.208086976,0.099071787
8.010000,2.365621351,-0.209902151,8.468688621,0.123127494,1.302264008,0.111414906
8.011000,2.630311116,-0.022032385,8.714325908,0.122177983,1.394252496,0.120172066
8.012000,2.837975321,0.127134003,9.001657669,0.119345632,1.484952974,0.125665330
8.013000,3.008914165,0.216892952,9.315746654,0.117037570,1.575518680,0.128627260
8.014000,3.182646194,0.226240228,9.637640548,0.116685682,1.668209524,0.130070353
8.015000,3.367762670,0.156837099,10.001329992,0.119924369,1.763766008,0.128115363
8.016000,3.549774790,0.031394026,10.394811348,0.129485763,1.860194391,0.126650417
8.017000,3.737082073,-0.149259614,10.797105919,0.145597927,1.957380653,0.126205810
8.018000,3.905085247,-0.357392918,11.184721170,0.166185111,2.054801900,0.125373384
8.019000,4.075942941,-0.572467553,11.511625719,0.189722098,2.152502617,0.124816254
8.020000,4.214587667,-0.804520381,11.793926535,0.214242305,2.251662661,0.124784367
8.021000,4.370619455,-0.989276311,11.985296740,0.236257204,2.354745554,0.123273883
8.022000,4.556901404,-1.099766937,12.088822854,0.255965362,2.461328142,0.122646261
8.023000,4.762656955,-1.173737388,12.153841283,0.271620244,2.571016533,0.121439869
8.024000,5.068382665,-1.165781174,12.222542908,0.282968638,2.687743209,0.121098318
8.025000,5.503538041,-0.989625990,12.293971360,0.285613376,2.807819069,0.122015685
8.026000,6.042991305,-0.751562808,12.401501580,0.282523948,2.932306740,0.124325302
8.027000,6.613874241,-0.491661793,12.539283026,0.273539210,3.056532493,0.126957984
8.028000,7.283240717,-0.221860057,12.608440307,0.262901537,3.183560354,0.131194021
8.029000,8.009606111,-0.010771537,12.666736648,0.251112608,3.312291716,0.136039409
8.030000,8.764550027,0.108195879,12.708023677,0.240765572,3.446185679,0.140535840
8.031000,9.461734906,0.086926737,12.731389972,0.237113087,3.576385111,0.145900980
8.032000,10.117350795,0.032116237,12.778963984,0.235340504,3.702754410,0.152554361
8.033000,10.620306568,-0.086640940,12.862764488,0.234833618,3.814556827,0.159184657
8.034000,11.026356535,-0.223148530,12.957066266,0.234853853,3.916505794,0.166084094
8.035000,11.311922565,-0.362132522,13.078281246,0.235575225,4.006433816,0.174259353
8.036000,11.432203421,-0.427610731,13.212209246,0.233903114,4.083307185,0.180146740
8.037000,11.481351532,-0.442782369,13.350791193,0.229716767,4.155403788,0.184904205
8.038000,11.394549736,-0.378055906,13.511935666,0.224447920,4.218405815,0.191106954
8.039000,11.258023977,-0.305069192,13.663931271,0.219945860,4.277350641,0.198309199
8.040000,11.077938955,-0.240450901,13.782501640,0.214264513,4.333019842,0.207283302
8.041000,10.934338136,-0.236951202,13.876674366,0.210267302,4.386637887,0.217258105
8.042000,10.838483909,-0.301596014,13.933290564,0.208574697,4.436668801,0.224702073
8.043000,10.768813020,-0.481846320,13.989674803,0.209762189,4.481503543,0.226506717
8.044000,10.708034763,-0.662326300,14.066865030,0.209636319,4.521595966,0.218237190
8.045000,10.676584436,-0.846411207,14.182065917,0.209870660,4.556696308,0.199545818
8.046000,10.613698489,-0.963799177,14.353507402,0.210055421,4.587352948,0.179182802
8.047000,10.544516458,-1.044152633,14.549812645,0.209737710,4.616183055,0.157188367
8.048000,10.525753805,-0.974311726,14.731438809,0.205504177,4.644547829,0.128462188
8.049000,10.540492073,-0.869296181,14.907468443,0.205705440,4.672487335,0.107379176
8.050000,10.563189886,-0.740506453,15.063763852,0.208069874,4.697280244,0.091590827
8.051000,10.600169504,-0.654302657,15.137963218,0.210855182,4.717813571,0.075034259
8.052000,10.601688314,-0.568520701,15.181342169,0.211972790,4.732833084,0.053969660
8.053000,10.569225101,-0.594088794,15.217415483,0.216444480,4.736759758,0.040903873
8.054000,10.427696931,-0.622966626,15.210789800,0.214265143,4.727751664,0.022613881
8.055000,10.179412079,-0.661860384,15.160856142,0.209074132,4.708518647,0.002791155
8.056000,9.893595824,-0.721556993,15.115412027,0.204885296,4.682118288,-0.014723398
8.057000,9.584428817,-0.780406222,15.070589677,0.201185396,4.651873969,-0.029434092
8.058000,9.148776054,-0.778198972,14.968692914,0.194776467,4.609796873,-0.047757277
8.059000,8.709285364,-0.751713985,14.858137637,0.191261879,4.564474795,-0.065682051
8.060000,8.296958691,-0.732533104,14.746373346,0.191808302,4.512615634,-0.087048436
8.061000,7.837014662,-0.634398349,14.628466626,0.189416019,4.455008165,-0.110980144
8.062000,7.406560862,-0.523415590,14.507750060,0.186795402,4.394780153,-0.134761032
8.063000,7.081519938,-0.464429187,14.393809368,0.187518012,4.334423406,-0.157922590
8.064000,6.815145637,-0.389109616,14.259973652,0.186966530,4.273268442,-0.180272663
8.065000,6.625446313,-0.324206987,14.099472523,0.184589430,4.211885294,-0.199641276
8.066000,6.479437709,-0.344639890,13.895779593,0.185567035,4.144552304,-0.214899619
8.067000,6.326960725,-0.414916218,13.665923692,0.188843639,4.074384191,-0.230083550
8.068000,6.159588973,-0.473174687,13.386375546,0.192389209,3.996243472,-0.238413851
8.069000,5.970450795,-0.522864074,13.116567317,0.194390386,3.912913415,-0.243444123
8.070000,5.690723750,-0.526312775,12.854638548,0.194357035,3.817511169,-0.244753102
8.071000,5.384980485,-0.392248435,12.641993174,0.186602887,3.718165259,-0.245322290
8.072000,5.048578436,-0.243117639,12.417547685,0.179071745,3.614836037,-0.245303152
8.073000,4.611630577,-0.046588761,12.211954566,0.167761168,3.499203343,-0.244419817
8.074000,4.148238007,0.077199875,11.953296784,0.161875410,3.378646179,-0.242774651
8.075000,3.653226159,0.146582857,11.666229560,0.160007464,3.250653861,-0.241560672
8.076000,3.105366612,0.140173027,11.326665651,0.161951055,3.115031196,-0.239963610
8.077000,2.608714568,0.134276041,10.983581747,0.162682540,2.981257356,-0.236794212
8.078000,2.172191820,0.027849074,10.566849159,0.169577853,2.849478755,-0.235520371
8.079000,1.783606263,-0.072460790,10.124889845,0.174931366,2.716332250,-0.235242551
8.080000,1.465596203,-0.127715335,9.638329424,0.174741333,2.584591779,-0.237289222
8.081000,1.196644496,-0.189600681,9.091856069,0.176510391,2.452563278,-0.241282172
8.082000,0.910409650,-0.242975486,8.513016327,0.178354205,2.316229428,-0.249698183
8.083000,0.656945551,-0.206529927,7.969209621,0.172807181,2.179287706,-0.261086420
8.084000,0.428018734,-0.124190921,7.399074478,0.162744820,2.039586836,-0.275537455
8.085000,0.208190541,-0.028530982,6.848132638,0.151518155,1.900884683,-0.290957200
8.086000,-0.017359379,0.127083491,6.331937952,0.133093365,1.762494408,-0.303631612
8.087000,-0.246108404,0.271928973,5.839534056,0.113984284,1.626756231,-0.311632233
8.088000,-0.495341667,0.412381151,5.269694590,0.094398383,1.489769839,-0.315644369
8.089000,-0.750126542,0.547516180,4.703916645,0.074501574,1.354215530,-0.318882783
8.090000,-1.031358314,0.652722811,4.105707691,0.058054573,1.215561571,-0.319248935
8.091000,-1.342865179,0.701226236,3.464874261,0.049612671,1.070347727,-0.320792088
8.092000,-1.670652252,0.716983399,2.838951239,0.046450036,0.922530498,-0.321784196
8.093000,-2.002884751,0.655345342,2.271609834,0.051077209,0.775640817,-0.322343335
8.094000,-2.338948095,0.598003658,1.757083122,0.056348449,0.630321954,-0.323338423
8.095000,-2.667836635,0.552498443,1.288296988,0.061528068,0.489437321,-0.325147775
8.096000,-2.980415495,0.460842087,0.819288008,0.068896200,0.352555445,-0.325565260
8.097000,-3.267743117,0.384267658,0.342404710,0.074175013,0.219475301,-0.325917042
8.098000,-3.535506417,0.359278935,-0.104723172,0.075937116,0.090475905,-0.326136733
8.099000,-3.758728887,0.356916160,-0.542075795,0.074248810,-0.035313672,-0.325003352
8.100000,-3.904182327,0.358301586,-1.015301308,0.070104875,-0.156685340,-0.325955003
8.101000,-3.980157681,0.422614666,-1.503906761,0.063675924,-0.270021676,-0.325611284
8.102000,-4.032563728,0.480643309,-1.985095882,0.058515460,-0.379396759,-0.324502899
8.103000,-3.965409859,0.544718472,-2.477584826,0.052328008,-0.478001488,-0.322099296
8.104000,-3.792680178,0.610799831,-2.994322663,0.046600713,-0.567562063,-0.318750177
8.105000,-3.521893040,0.682820971,-3.513540812,0.039692476,-0.647928865,-0.310822833
8.106000,-3.200316887,0.730911944,-4.044168504,0.031285269,-0.723140599,-0.300414889
8.107000,-2.836293768,0.765756828,-4.595823550,0.021644245,-0.795289875,-0.287638345
8.108000,-2.488020728,0.764676490,-5.128817601,0.010394821,-0.863865485,-0.271369236
8.109000,-2.159062101,0.730629548,-5.637022052,0.000747639,-0.929242286,-0.253972748
8.110000,-1.853881887,0.676513938,-6.093187696,-0.007999794,-0.989695274,-0.235510675
8.111000,-1.599468293,0.590034086,-6.518476642,-0.013379005,-1.049234612,-0.216131984
8.112000,-1.375356770,0.500314883,-6.900430551,-0.016840397,-1.105367002,-0.194923856
8.113000,-1.172994139,0.408568697,-7.232604785,-0.015692425,-1.156772757,-0.173160489
8.114000,-0.978655770,0.325856853,-7.531338074,-0.013061824,-1.203768669,-0.150087641
8.115000,-0.795856067,0.232319804,-7.817859086,-0.007628190,-1.244554012,-0.125380984
8.116000,-0.587510570,0.172513155,-8.082440661,-0.003263117,-1.280276146,-0.100259382
8.117000,-0.355331641,0.110673513,-8.333559549,0.001585143,-1.308559817,-0.074572006
8.118000,-0.070105408,0.030500890,-8.592389859,0.007032455,-1.327289513,-0.048175035
8.119000,0.245400206,-0.062413794,-8.851465809,0.012512378,-1.340714669,-0.022193107
8.120000,0.603597874,-0.144070449,-9.099793378,0.016344000,-1.346617380,0.002304168
8.121000,0.965498389,-0.255550761,-9.338465648,0.020641442,-1.348424895,0.025203359
8.122000,1.344145756,-0.357914990,-9.575098373,0.024467860,-1.347186866,0.047964006
8.123000,1.660739440,-0.410061343,-9.783382350,0.023975838,-1.342701096,0.069767478
8.124000,1.932061605,-0.426273987,-9.977830132,0.020197118,-1.335520001,0.090015093
8.125000,2.145193411,-0.428733813,-10.143795174,0.013836201,-1.325838232,0.108620736
8.126000,2.275930868,-0.388196238,-10.272462142,0.005561066,-1.316151456,0.126054426
8.127000,2.356760174,-0.352457232,-10.374182654,-0.003973380,-1.306032472,0.142374644
8.128000,2.365749224,-0.364512432,-10.420428756,-0.012217327,-1.293216161,0.154770849
8.129000,2.302942805,-0.411149920,-10.417092834,-0.017072093,-1.280643663,0.166732619
8.130000,2.135432964,-0.485182371,-10.360688860,-0.017530183,-1.268923949,0.180116192
8.131000,1.903242155,-0.596364811,-10.289630306,-0.015773748,-1.255516540,0.194224855
8.132000,1.627873753,-0.694034173,-10.201645850,-0.013088261,-1.241852769,0.209114308
8.133000,1.267181109,-0.751862006,-10.115816738,-0.006218053,-1.227399460,0.227077916
8.134000,0.886890618,-0.772261911,-10.056036800,0.002921832,-1.209629442,0.246949480
8.135000,0.529344171,-0.738864603,-10.012301792,0.012700768,-1.185756687,0.268657102
8.136000,0.264505385,-0.670967416,-9.980401715,0.024744453,-1.156098670,0.291214387
8.137000,0.045640696,-0.626900599,-9.981034786,0.040959531,-1.122244569,0.314307907
8.138000,0.024951423,-0.589931829,-9.967349316,0.057855152,-1.075101715,0.337742129
8.139000,0.110735769,-0.572907633,-9.924374036,0.074206466,-1.021097537,0.360855851
8.140000,0.322538440,-0.577294004,-9.860163494,0.086749333,-0.960809648,0.382029112
8.141000,0.561569152,-0.600246328,-9.759843990,0.094150230,-0.899143895,0.400665979
8.142000,0.856224150,-0.628493349,-9.626544162,0.094580465,-0.834791176,0.414970151
8.143000,1.081736865,-0.674012393,-9.456752963,0.086420556,-0.775398292,0.423091911
8.144000,1.262438274,-0.681515704,-9.263932125,0.074694717,-0.721294829,0.430556745
8.145000,1.362944783,-0.669961945,-9.041548383,0.059823613,-0.672624042,0.438707059
8.146000,1.412738543,-0.628173137,-8.835682606,0.044103648,-0.626417007,0.450127631
8.147000,1.364649958,-0.514606442,-8.616787972,0.024322723,-0.586240065,0.468568544
8.148000,1.217149336,-0.317937149,-8.427122181,0.003901417,-0.550351862,0.495767957
8.149000,1.040257916,-0.101696845,-8.265656009,-0.016260197,-0.513875480,0.524332308
8.150000,0.853623969,0.076639053,-8.178209263,-0.032133075,-0.475462822,0.549749132
8.151000,0.741471712,0.173773813,-8.095748559,-0.040972691,-0.434040518,0.564689173
8.152000,0.741677462,0.194968255,-8.012539893,-0.042206554,-0.388577155,0.567343821
8.153000,0.998347296,0.072159827,-7.927083633,-0.029459316,-0.331846599,0.550963087
8.154000,1.378700522,-0.115359098,-7.810406876,-0.008692680,-0.270747952,0.523756232
8.155000,1.907151887,-0.333166222,-7.629078507,0.018494653,-0.206476372,0.485853242
8.156000,2.452673400,-0.544829423,-7.445698391,0.045450141,-0.141661910,0.447788253
8.157000,2.952309247,-0.714626953,-7.262279732,0.068778872,-0.081581819,0.409126101
8.158000,3.324089480,-0.741754321,-6.996023141,0.078695648,-0.037714096,0.368649484
8.159000,3.598509458,-0.690112882,-6.721675902,0.080958555,-0.005344352,0.328689850
8.160000,3.740982335,-0.576868827,-6.473148838,0.076925033,0.014229907,0.290712666
8.161000,3.817411363,-0.483156102,-6.265869986,0.073208952,0.027161301,0.255536857
8.162000,3.824027086,-0.350891581,-6.041311350,0.069048753,0.031907769,0.223219675
8.163000,3.701425656,-0.233951489,-5.865896854,0.071278982,0.025275970,0.198227644
8.164000,3.504223132,-0.163966893,-5.729241775,0.077952029,0.012498213,0.178897249
8.165000,3.274952549,-0.142943268,-5.642711338,0.089748289,-0.005487376,0.166877182
8.166000,3.055668971,-0.140218824,-5.577793006,0.106466448,-0.026827738,0.158120301
8.167000,2.833237409,-0.169438675,-5.542366770,0.124077802,-0.050336716,0.151792425
8.168000,2.668145847,-0.220994983,-5.547689459,0.142167015,-0.076586668,0.146167287
8.169000,2.536833330,-0.249962633,-5.581860036,0.158302266,-0.105952304,0.139794221
8.170000,2.428060674,-0.247098432,-5.632078609,0.171193389,-0.138413921,0.128250771
8.171000,2.286055757,-0.264454740,-5.735350501,0.182836212,-0.173946242,0.111163248
8.172000,2.102290090,-0.248407782,-5.909399006,0.193316223,-0.212115005,0.089247963
8.173000,1.877657233,-0.237382521,-6.149806642,0.202353521,-0.255153172,0.061410832
8.174000,1.661133093,-0.246503863,-6.409540370,0.211844181,-0.299605073,0.031533207
8.175000,1.413664452,-0.271218908,-6.699258831,0.220736333,-0.348582489,0.001949757
8.176000,1.207072758,-0.289634264,-6.980434554,0.226604609,-0.399968653,-0.024280133
8.177000,1.022560620,-0.341204160,-7.215647587,0.231938409,-0.453021948,-0.047056035
8.178000,0.930846559,-0.374834754,-7.417868609,0.231968162,-0.505949525,-0.062163322
8.179000,0.914336665,-0.410504665,-7.616386174,0.228543350,-0.559613002,-0.071280443
8.180000,0.972936537,-0.422652231,-7.827487750,0.221463699,-0.611979496,-0.076662376
8.181000,1.083181229,-0.366589201,-8.057000533,0.209367396,-0.662137562,-0.077644711
8.182000,1.205703189,-0.267865761,-8.342478090,0.221670352,-0.719781253,-0.073048785
8.183000,1.313634119,-0.100286476,-8.647984877,0.204085475,-0.768501482,-0.070968851
8.184000,1.420328902,0.070530243,-8.944326714,0.185791764,-0.816533571,-0.065825659
8.185000,1.527356176,0.163569171,-9.240911462,0.170084260,-0.863522748,-0.057871529
8.186000,1.649390409,0.160637425,-9.540598732,0.158489263,-0.911756889,-0.049802777
8.187000,1.815802766,0.085815251,-9.846950039,0.149507275,-0.958975704,-0.041327578
8.188000,2.045909640,-0.038697244,-10.147644873,0.141639090,-1.006168109,-0.032651887
8.189000,2.308978719,-0.190205081,-10.476259579,0.134148932,-1.053909090,-0.024590821
8.190000,2.605039595,-0.297043371,-10.784179432,0.123799785,-1.101976739,-0.015603697
8.191000,2.920828119,-0.299621509,-11.077569039,0.106348714,-1.149575073,-0.006207534
8.192000,3.226934026,-0.246403594,-11.352829379,0.086379824,-1.197512943,0.002409895
8.193000,3.502498893,-0.178113810,-11.630910008,0.064472679,-1.244999367,0.011343048
8.194000,3.715027880,-0.119587798,-11.917323637,0.044343657,-1.292996715,0.018035667
8.195000,3.910788220,-0.121407180,-12.204016129,0.028553937,-1.339635834,0.023237854
8.196000,4.084446917,-0.176179814,-12.504127813,0.018210485,-1.385490232,0.029714224
8.197000,4.276376288,-0.248490080,-12.824967879,0.009462580,-1.428561108,0.038146003
8.198000,4.530320264,-0.311378755,-13.129427121,0.004159974,-1.465955741,0.048060768
8.199000,4.864937051,-0.342854225,-13.405886521,-0.000422404,-1.497470061,0.060505539
8.200000,5.229283397,-0.363811865,-13.651198640,-0.003330369,-1.524666215,0.073582040
8.201000,5.603599366,-0.405728899,-13.839815026,-0.006494393,-1.549705889,0.082135507
8.202000,5.969459935,-0.457360129,-13.944488282,-0.010818481,-1.574406891,0.087317952
8.203000,6.249246382,-0.522393081,-13.937601671,-0.019710746,-1.602284373,0.083552636
8.204000,6.465301685,-0.583783688,-13.897356867,-0.029944337,-1.631783802,0.075867353
8.205000,6.477573332,-0.621635365,-13.793992664,-0.043505903,-1.668103054,0.060667290
8.206000,6.393758603,-0.632309324,-13.696694023,-0.056802365,-1.706979829,0.043586598
8.207000,6.227855940,-0.646563811,-13.620639145,-0.068471902,-1.748669953,0.024896865
8.208000,5.951526121,-0.693936222,-13.571429229,-0.073599832,-1.793008249,0.006957539
8.209000,5.642056989,-0.756794838,-13.513433964,-0.075946742,-1.837082433,-0.009305683
8.210000,5.277971441,-0.840542378,-13.427095184,-0.075935993,-1.878701271,-0.023634929
8.211000,4.952876933,-0.911757326,-13.320261357,-0.075330312,-1.914648758,-0.032643657
8.212000,4.641525427,-0.958750309,-13.183609560,-0.075117714,-1.947187811,-0.037859926
8.213000,4.323596470,-0.933407848,-12.987966641,-0.077672777,-1.974295867,-0.037993834
8.214000,4.038587380,-0.841410544,-12.755971509,-0.083099049,-1.994669119,-0.034643235
8.215000,3.747424742,-0.719380361,-12.485588519,-0.091661366,-2.011989064,-0.028976844
8.216000,3.379211118,-0.588815040,-12.170020971,-0.101510101,-2.025770408,-0.024392201
8.217000,2.975657322,-0.451776213,-11.849407135,-0.112279251,-2.037791095,-0.021292415
8.218000,2.514700939,-0.316232974,-11.523413340,-0.124896821,-2.044352970,-0.020768068
8.219000,2.023106981,-0.189470293,-11.195772698,-0.136539043,-2.046565698,-0.022387479
8.220000,1.523967804,-0.064577136,-10.885672274,-0.146519186,-2.042188539,-0.026387908
8.221000,1.098302828,0.051807934,-10.586067058,-0.154453085,-2.027752388,-0.031924539
8.222000,0.756890418,0.146980471,-10.311202679,-0.160799727,-2.004381645,-0.038944605
8.223000,0.451733591,0.209053940,-10.031269969,-0.165200155,-1.976634259,-0.047035122
8.224000,0.239265708,0.221227211,-9.726080185,-0.166546217,-1.937475722,-0.057803234
8.225000,0.132870705,0.208468871,-9.386498377,-0.166269408,-1.889823657,-0.070684963
8.226000,0.061934784,0.169239630,-9.029821398,-0.164451111,-1.839875979,-0.084532035
8.227000,0.036836954,0.080171633,-8.651235042,-0.161289563,-1.785792881,-0.099980126
8.228000,0.032972737,0.026974370,-8.265116967,-0.160624904,-1.729441872,-0.116401980
8.229000,0.000103324,-0.008217232,-7.865890379,-0.160849238,-1.671446103,-0.133146051
8.230000,-0.069597001,-0.014069084,-7.464383439,-0.162578986,-1.614149775,-0.149461828
8.231000,-0.199425593,0.058009290,-7.073409177,-0.166146943,-1.555113081,-0.163520699
8.232000,-0.348607133,0.154909252,-6.690009553,-0.171104278,-1.495199251,-0.176943006
8.233000,-0.471104574,0.235250953,-6.318693469,-0.176377298,-1.430011657,-0.188339372
8.234000,-0.532686691,0.308552426,-5.956915240,-0.181940746,-1.359642753,-0.197914841
8.235000,-0.512306970,0.315979982,-5.619124781,-0.185180236,-1.281435463,-0.205661982
8.236000,-0.420565764,0.276670387,-5.276381588,-0.187602902,-1.197941757,-0.212631805
8.237000,-0.298752070,0.202613665,-4.918391198,-0.188444896,-1.111171811,-0.218987241
8.238000,-0.174562692,0.107998851,-4.531409793,-0.186600832,-1.022204082,-0.223828876
8.239000,-0.052354178,0.010208762,-4.140830999,-0.183829898,-0.932193341,-0.228418898
8.240000,0.061263818,-0.058170221,-3.745189229,-0.181663438,-0.842888175,-0.231563232
8.241000,0.141234773,-0.116172615,-3.351445553,-0.179041756,-0.754794624,-0.234556109
8.242000,0.192203466,-0.134652508,-2.964084033,-0.177516143,-0.668645134,-0.238198720
8.243000,0.225014662,-0.117541665,-2.589584313,-0.177707408,-0.583180154,-0.241653129
8.244000,0.252756526,-0.067000178,-2.214044683,-0.180312160,-0.497788782,-0.245980389
8.245000,0.291948458,0.011451469,-1.822117362,-0.185302522,-0.410734543,-0.251018734
8.246000,0.337298596,0.089145799,-1.437938210,-0.189651175,-0.321214705,-0.253694633
8.247000,0.397743800,0.163994309,-1.061376420,-0.193662513,-0.231517243,-0.255985067
8.248000,0.460023184,0.192994759,-0.678012822,-0.195260538,-0.140074105,-0.259158947
8.249000,0.526436907,0.186917902,-0.305748293,-0.194365557,-0.047094097,-0.261411050
8.250000,0.572527455,0.141033361,0.039232662,-0.189364716,0.043754641,-0.262895689
8.251000,0.593430173,0.075585635,0.395192878,-0.182235872,0.132343972,-0.265191211
8.252000,0.588505230,0.012750568,0.772742919,-0.174445552,0.218110991,-0.268034073
8.253000,0.538639342,0.002465906,1.160779579,-0.168087774,0.298558827,-0.267458782
8.254000,0.426672616,0.040471261,1.575812618,-0.163922766,0.374115318,-0.264786353
8.255000,0.299403605,0.119911238,2.012079538,-0.164307504,0.447991635,-0.260439340
8.256000,0.185797931,0.237386463,2.465764625,-0.169870649,0.523067624,-0.252960300
8.257000,0.071395877,0.407870277,2.878567075,-0.181983094,0.600610373,-0.242410800
8.258000,0.028735545,0.589291858,3.210011605,-0.200742637,0.679900341,-0.232523776
8.259000,0.019323487,0.761700334,3.483527374,-0.220617239,0.761687484,-0.222232658
8.260000,0.046073484,0.933771252,3.688752966,-0.239952449,0.844276519,-0.211321527
8.261000,0.139310688,1.044783665,3.831674700,-0.252705689,0.926897905,-0.202338823
8.262000,0.256203525,1.136339539,3.930627480,-0.262770300,1.009145169,-0.194362933
8.263000,0.415840141,1.142435056,3.991524469,-0.263139195,1.093935822,-0.186933982
8.264000,0.632634510,1.083091900,4.061003222,-0.258053615,1.177461146,-0.179362152
8.265000,0.907284493,0.964914107,4.171030775,-0.249263468,1.259586291,-0.170508245
8.266000,1.215797459,0.845007304,4.341615025,-0.239549800,1.336954573,-0.161554225
8.267000,1.549125713,0.698979260,4.564280265,-0.227997952,1.411234797,-0.152336052
8.268000,1.907456009,0.620766163,4.886155827,-0.220251375,1.476973556,-0.141097618
8.269000,2.259973461,0.610280294,5.228770004,-0.215505052,1.536510533,-0.128899355
8.270000,2.594152053,0.636763738,5.575016950,-0.212348247,1.590314861,-0.117999369
8.271000,2.901249798,0.688742712,5.909751709,-0.211871981,1.638157835,-0.107039312
8.272000,3.178632388,0.780916637,6.207944159,-0.214106283,1.677586316,-0.094430081
8.273000,3.422946718,0.828580829,6.437027710,-0.214207020,1.706323723,-0.083267123
8.274000,3.632436928,0.844328974,6.649265425,-0.213097347,1.727370034,-0.072589532
8.275000,3.783770251,0.803687265,6.850145949,-0.210031074,1.741778004,-0.062510727
8.276000,3.873999434,0.696958773,6.998210348,-0.205014772,1.747883248,-0.054705469
8.277000,3.928736166,0.560862611,7.118563257,-0.198296231,1.749419741,-0.047637643
8.278000,3.901034513,0.403513530,7.215201980,-0.191183237,1.742665594,-0.041024966
8.279000,3.810313839,0.257350999,7.287714966,-0.184342003,1.729216530,-0.034346636
8.280000,3.691376403,0.140281888,7.329287334,-0.178147140,1.709824867,-0.026322381
8.281000,3.547707736,0.043031562,7.383212625,-0.169940946,1.684814586,-0.017313742
8.282000,3.373092806,-0.007762663,7.432897201,-0.161674649,1.654087758,-0.004507264
8.283000,3.204734163,0.004104136,7.476733422,-0.154917232,1.618347126,0.010481532
8.284000,3.082490193,0.045213412,7.501893514,-0.149247363,1.583014545,0.024908712
8.285000,2.994302955,0.081613160,7.514168427,-0.143471873,1.547520566,0.037970409
8.286000,2.949059800,0.126775924,7.508207175,-0.137587486,1.510520019,0.052066756
8.287000,2.946581939,0.155580403,7.494510920,-0.130163791,1.472456338,0.065871461
8.288000,2.994783492,0.136791167,7.492209538,-0.120187349,1.432446927,0.077603037
8.289000,3.071453599,0.088329999,7.494949885,-0.107652568,1.390876026,0.088930567
8.290000,3.148387517,0.021188656,7.508593699,-0.094306619,1.346469676,0.100703534
8.291000,3.190066580,-0.050515551,7.532565562,-0.082001653,1.292989741,0.114285421
8.292000,3.181868325,-0.095319400,7.557668284,-0.072906979,1.234268343,0.127191540
8.293000,3.069033026,-0.078598590,7.582861524,-0.068764252,1.166686214,0.141652728
8.294000,2.866317054,0.003176466,7.591632673,-0.069588187,1.094718489,0.157297405
8.295000,2.554813427,0.128534942,7.586377981,-0.076646440,1.016712012,0.172216156
8.296000,2.175999182,0.275695786,7.561391797,-0.086828607,0.935585068,0.187863107
8.297000,1.749352279,0.415487491,7.505253390,-0.097779346,0.852911376,0.203469123
8.298000,1.323846748,0.497841901,7.415258719,-0.108591135,0.771269062,0.218308519
8.299000,0.890316042,0.519447853,7.311619367,-0.116864161,0.688426932,0.230275576
8.300000,0.502810049,0.488263182,7.210908075,-0.119664530,0.607076296,0.239166245
8.301000,0.157872913,0.428574921,7.140436556,-0.119901454,0.526373497,0.245103715
8.302000,-0.155096728,0.354165231,7.061963835,-0.116038041,0.448303236,0.248357395
8.303000,-0.391503753,0.295663118,6.935050144,-0.104669895,0.376819818,0.248756002
8.304000,-0.568874291,0.182921520,6.765345158,-0.083598177,0.311379857,0.248108895
8.305000,-0.687255531,0.013381613,6.596197573,-0.052881186,0.252756879,0.248408914
8.306000,-0.749436328,-0.202119630,6.421111060,-0.012382617,0.201011338,0.251175267
8.307000,-0.763549111,-0.445344729,6.273424004,0.031346594,0.155397360,0.257963572
8.308000,-0.773956600,-0.670348673,6.233491386,0.073711570,0.113590491,0.267879901
8.309000,-0.767490007,-0.808022292,6.250567599,0.103296652,0.078252150,0.280877386
8.310000,-0.716226570,-0.852974782,6.270020612,0.121032709,0.053031677,0.295897088
8.311000,-0.596576415,-0.770723453,6.209210000,0.121309756,0.041977513,0.306646774
8.312000,-0.428603039,-0.642087248,6.110756863,0.109936451,0.040724659,0.314859136
8.313000,-0.117636909,-0.505487795,5.886395392,0.086924327,0.057482185,0.320772704
8.314000,0.253791529,-0.400211239,5.587893096,0.063193798,0.081870289,0.323004643
8.315000,0.683276082,-0.331472610,5.241681447,0.040676524,0.110666648,0.316541237
8.316000,1.134255268,-0.353171265,4.962579443,0.024161362,0.140289025,0.310400443
8.317000,1.591963887,-0.420377357,4.704297639,0.011868667,0.170958816,0.301094673
8.318000,1.925686751,-0.533201595,4.508551342,0.009284494,0.197078980,0.286583009
8.319000,2.174701150,-0.697971356,4.393762641,0.014783171,0.217888173,0.271536063
8.320000,2.302212184,-0.909077228,4.339872926,0.024961007,0.234635311,0.255199455
8.321000,2.278391870,-1.095846169,4.279587036,0.037136812,0.245451743,0.237197275
8.322000,2.169401438,-1.311452402,4.264816956,0.054246778,0.252476416,0.218697875
8.323000,1.940869166,-1.470333198,4.325088489,0.066122464,0.255561772,0.202627961
8.324000,1.713242815,-1.540930606,4.425036381,0.069677519,0.260641798,0.189297148
8.325000,1.509631418,-1.500229616,4.559191608,0.062736278,0.267296955,0.181655437
8.326000,1.343284022,-1.392652978,4.726193244,0.048097404,0.276852806,0.176347054
8.327000,1.182740925,-1.233816138,4.928744901,0.021758650,0.291150045,0.171732148
8.328000,1.048830592,-1.016456625,5.140759992,-0.014391159,0.308555283,0.162021069
8.329000,0.887031207,-0.851393243,5.329913195,-0.046122684,0.326596922,0.147538141
8.330000,0.694246752,-0.731975441,5.517772577,-0.073267058,0.343684049,0.127044264
8.331000,0.504580406,-0.665681751,5.742570740,-0.090690260,0.363606020,0.101433303
8.332000,0.305742244,-0.631564473,5.953123710,-0.096242367,0.387947902,0.074814305
8.333000,0.143641164,-0.685266869,6.174390196,-0.084050938,0.423378794,0.053464523
8.334000,0.038203488,-0.748040205,6.422513935,-0.059286707,0.470070043,0.039193399
8.335000,0.037596663,-0.838909402,6.687906804,-0.024683789,0.531644669,0.029247969
8.336000,0.089411492,-0.916297816,6.917282385,0.009900792,0.603972609,0.027211635
8.337000,0.230926475,-0.981842361,7.172362090,0.046028708,0.687638566,0.031822785
8.338000,0.474908609,-1.019109086,7.416738856,0.076767464,0.780699258,0.040040804
8.339000,0.784102282,-0.992749605,7.619588350,0.099443494,0.878941922,0.052160756
8.340000,1.146789903,-0.885572310,7.806100628,0.113151016,0.978795307,0.067812930
8.341000,1.566093087,-0.742819800,7.992675540,0.122563492,1.079877907,0.081258313
8.342000,1.944415649,-0.543913400,8.184664878,0.125187607,1.176760117,0.094590301
8.343000,2.260291442,-0.294502188,8.395170232,0.123671819,1.270818249,0.107287865
8.344000,2.549296763,-0.075152629,8.630163890,0.122334273,1.363730626,0.117708218
8.345000,2.773091803,0.082699384,8.895825576,0.120228787,1.454793757,0.124309503
8.346000,2.955076505,0.193964207,9.216914905,0.117857877,1.545220487,0.127704367
8.347000,3.120068180,0.237875634,9.521630340,0.116289455,1.636671050,0.129973466
8.348000,3.306538043,0.182778084,9.879682263,0.118731616,1.731908853,0.128921625
8.349000,3.488344579,0.081407270,10.260627536,0.125168351,1.828142939,0.126861435
8.350000,3.677819098,-0.085463028,10.662329459,0.139839769,1.924845428,0.126327017
8.351000,3.847235564,-0.287095790,11.060590810,0.158509876,2.022478833,0.125396629
8.352000,4.020136768,-0.499978866,11.411731905,0.181809078,2.119753910,0.125127003
8.353000,4.171235745,-0.728543166,11.701808992,0.205973807,2.218653586,0.124595945
8.354000,4.313059248,-0.939774112,11.938922631,0.229414338,2.319743945,0.123870802
8.355000,4.493145336,-1.068254412,12.061160456,0.249846993,2.425382843,0.122850161
8.356000,4.691186221,-1.153643855,12.130035910,0.266915216,2.534172133,0.121745934
8.357000,4.944743638,-1.196782592,12.196177147,0.280781868,2.647673620,0.121041431
8.358000,5.355548527,-1.050393096,12.269641361,0.284813387,2.767791068,0.121685679
8.359000,5.853860008,-0.830279944,12.362518102,0.283930192,2.890220845,0.123510558
8.360000,6.420931317,-0.583693267,12.501401757,0.276898584,3.015224244,0.125963768
8.361000,7.046691621,-0.307679859,12.590427319,0.266885595,3.140918762,0.129872399
8.362000,7.763072489,-0.070797538,12.651055233,0.255101249,3.268892633,0.134314924
8.363000,8.512062875,0.071208103,12.694838628,0.244120818,3.401358097,0.139096406
8.364000,9.237509131,0.097817004,12.721678220,0.237915886,3.533750574,0.143812118
8.365000,9.907862624,0.062188666,12.753475453,0.235626226,3.661396266,0.150188272
8.366000,10.470442011,-0.044113390,12.834870580,0.234777618,3.779135112,0.156807593
8.367000,10.906738097,-0.174223124,12.920736090,0.234712148,3.884060109,0.163747589
8.368000,11.221435635,-0.316039925,13.037012724,0.235296357,3.976953086,0.171434909
8.369000,11.405767951,-0.414825608,13.165947293,0.235039572,4.058606821,0.178588307
8.370000,11.483275543,-0.451215759,13.304716611,0.231540509,4.132604908,0.183258756
8.371000,11.431921512,-0.404845161,13.450517424,0.226134427,4.197975957,0.189252012
8.372000,11.310727202,-0.325880597,13.621562618,0.221289567,4.258537441,0.195396810
8.373000,11.139351293,-0.262885221,13.743432135,0.216261026,4.314437522,0.204276699
8.374000,10.972741017,-0.229824131,13.851756644,0.211268558,4.369023753,0.214012187
8.375000,10.868456272,-0.269210965,13.917196496,0.208704468,4.420442005,0.222332150
8.376000,10.792444146,-0.418592710,13.974637825,0.209744195,4.467059467,0.226898343
8.377000,10.722497051,-0.606876949,14.035151187,0.209836244,4.508957955,0.223345276
8.378000,10.686076680,-0.782272645,14.142986813,0.209563938,4.545124385,0.205710663
8.379000,10.638909048,-0.934369977,14.288472161,0.210016139,4.577736091,0.185934030
8.380000,10.564040810,-1.022088297,14.486341449,0.209993867,4.606548013,0.164878865
8.381000,10.526972491,-1.007152794,14.665895522,0.206262883,4.635063038,0.137152442
8.382000,10.532644175,-0.900092033,14.851452149,0.204525472,4.663752902,0.112343628
8.383000,10.555827847,-0.788240390,15.012668805,0.207577988,4.689044004,0.097206386
8.384000,10.591413734,-0.679131373,15.121295370,0.210160583,4.711727018,0.081249613
8.385000,10.601675163,-0.594637078,15.167837259,0.211487347,4.728005375,0.060925174
8.386000,10.588401565,-0.584588722,15.212204707,0.215679536,4.736938550,0.045925669
8.387000,10.500516064,-0.620388546,15.220768297,0.216380369,4.733074927,0.029810624
8.388000,10.262400158,-0.647605749,15.177918917,0.210736963,4.714978147,0.009302455
8.389000,9.988320273,-0.698740058,15.129770563,0.205921595,4.691562216,-0.009522928
8.390000,9.700997656,-0.761030519,15.085957752,0.202460195,4.663092310,-0.024652158
8.391000,9.299135526,-0.783405272,15.005168594,0.196772396,4.624412545,-0.041373296
8.392000,8.848356926,-0.759337098,14.895948497,0.191629645,4.580012036,-0.059725148
8.393000,8.434920159,-0.739774244,14.783340614,0.191653026,4.529966710,-0.079909917
8.394000,7.989980281,-0.678281656,14.667791842,0.190601854,4.475017645,-0.102930995
8.395000,7.545945179,-0.559382057,14.548268204,0.187652122,4.414831051,-0.126911438
8.396000,7.178477531,-0.483895430,14.431085077,0.187183725,4.354598384,-0.150223799
8.397000,6.891222007,-0.422227174,14.309529232,0.187762365,4.293801929,-0.173837637
8.398000,6.684051725,-0.342991583,14.152011062,0.185473895,4.232323392,-0.193427767
8.399000,6.528766868,-0.320793557,13.972392294,0.184498670,4.167776217,-0.209775050
8.400000,6.380779389,-0.392332557,13.742554191,0.187703764,4.098104479,-0.225148756
8.401000,6.213668733,-0.455830900,13.482139006,0.191690132,4.023062494,-0.236324892
8.402000,6.050436371,-0.508664769,13.199753325,0.193892800,3.942321978,-0.242176008
8.403000,5.788873039,-0.531016716,12.942733105,0.194563085,3.849935415,-0.244468698
8.404000,5.486168095,-0.444352462,12.710626336,0.189462899,3.751576566,-0.245335498
8.405000,5.168450748,-0.295102445,12.490715942,0.181749831,3.649958657,-0.245287303
8.406000,4.762029360,-0.110293181,12.280003558,0.171377185,3.538482493,-0.244956532
8.407000,4.307870675,0.057723664,12.056313499,0.162035923,3.420228393,-0.243298663
8.408000,3.818711805,0.122959278,11.761216828,0.160688322,3.293397492,-0.241956674
8.409000,3.286202678,0.142558451,11.441338618,0.161467489,3.160307802,-0.240538156
8.410000,2.767842739,0.138291828,11.100372244,0.162349834,3.025668895,-0.237799182
8.411000,2.314748199,0.069850583,10.714288762,0.166743464,2.893666466,-0.235798397
8.412000,1.896251453,-0.053632659,10.269151143,0.174669080,2.760523672,-0.235270076
8.413000,1.567976658,-0.110693895,9.806274747,0.174747911,2.628400106,-0.236611505
8.414000,1.286037485,-0.166372434,9.277431326,0.175763361,2.497013867,-0.239560489
8.415000,1.005239092,-0.227328460,8.705423196,0.177925705,2.361707204,-0.246822444
8.416000,0.736964980,-0.228502019,8.163257655,0.175457312,2.225964760,-0.256468503
8.417000,0.503169068,-0.154061383,7.587997211,0.166396683,2.086327462,-0.270382772
8.418000,0.281289208,-0.062873126,7.028414952,0.155585320,1.947028180,-0.285857419
8.419000,0.059071749,0.072097090,6.502049600,0.139557928,1.808419321,-0.299961062
8.420000,-0.169136945,0.224165566,6.004497705,0.120351935,1.671863426,-0.309147706
8.421000,-0.410501510,0.367000944,5.457946829,0.101052620,1.534923013,-0.314513184
8.422000,-0.665021980,0.503141565,4.893190113,0.081089908,1.399463490,-0.317906739
8.423000,-0.930016128,0.624154271,4.313288231,0.062635275,1.262807801,-0.319477040
8.424000,-1.238906370,0.686783183,3.679157113,0.052077384,1.118969992,-0.320095595
8.425000,-1.560376588,0.716178508,3.046253286,0.046986335,0.971859445,-0.321564133
8.426000,-1.889090470,0.676126140,2.459132903,0.049273835,0.824927914,-0.322234824
8.427000,-2.227525041,0.608971830,1.914179579,0.055016868,0.677883486,-0.322917086
8.428000,-2.558123629,0.569816652,1.444703288,0.059625778,0.536188585,-0.324548320
8.429000,-2.880991488,0.492788734,0.976254155,0.066585052,0.397577188,-0.325531120
8.430000,-3.173950508,0.407160973,0.499689659,0.072593546,0.263583101,-0.325690313
8.431000,-3.450151554,0.363024676,0.038938692,0.075991201,0.132957587,-0.326279011
8.432000,-3.696500506,0.355353151,-0.394190323,0.075354902,0.005933860,-0.325486570
8.433000,-3.855699074,0.357344158,-0.856503783,0.071513446,-0.116329345,-0.325557260
8.434000,-3.956758570,0.397653905,-1.340922573,0.065761334,-0.232689689,-0.325816385
8.435000,-4.016590402,0.460961248,-1.824724503,0.060278485,-0.343069756,-0.324908900
8.436000,-4.011373433,0.524988729,-2.307190535,0.054190550,-0.446939612,-0.322889272
8.437000,-3.859830337,0.588493841,-2.820473542,0.048457456,-0.538799840,-0.320248181
8.438000,-3.614893464,0.658152545,-3.339595617,0.042097511,-0.621467285,-0.313677217
8.439000,-3.317433731,0.717343460,-3.865341970,0.034397957,-0.699019606,-0.304143236
8.440000,-2.958172446,0.756298792,-4.410811209,0.024988771,-0.771382344,-0.292306635
8.441000,-2.598726239,0.766395921,-4.952569437,0.014104432,-0.841239351,-0.276926412
8.442000,-2.265931589,0.747865105,-5.478193422,0.003626054,-0.908370375,-0.259946530
8.443000,-1.955608625,0.694552475,-5.941132481,-0.005083983,-0.969544278,-0.241664699
8.444000,-1.677253992,0.621918650,-6.382334467,-0.012089607,-1.029654993,-0.222845839
8.445000,-1.446783804,0.531420061,-6.779516602,-0.015964204,-1.086968099,-0.202014124
8.446000,-1.241661094,0.437683360,-7.125424296,-0.016217939,-1.139975585,-0.180587742
8.447000,-1.041174113,0.353661391,-7.435919461,-0.014352020,-1.189356949,-0.158251522
8.448000,-0.856789302,0.263498820,-7.722352082,-0.009439401,-1.230958898,-0.133616536
8.449000,-0.661220869,0.188899116,-7.996067583,-0.004613687,-1.269618839,-0.108727212
8.450000,-0.436942564,0.131467591,-8.248774293,-0.000109152,-1.299902221,-0.083060052
8.451000,-0.166442006,0.058418433,-8.506702375,0.005147070,-1.321568190,-0.057026386
8.452000,0.132266480,-0.030219996,-8.764918424,0.010787146,-1.337565623,-0.030640467
8.453000,0.484652737,-0.117578517,-9.018013705,0.015077110,-1.344774129,-0.005767192
8.454000,0.843831587,-0.212145438,-9.259523382,0.019079503,-1.348190849,0.017619557
8.455000,1.220089410,-0.325230709,-9.498120379,0.023295782,-1.347651584,0.040391742
8.456000,1.558307678,-0.396247150,-9.713943696,0.024485119,-1.344569245,0.062717685
8.457000,1.852169463,-0.424866086,-9.917670864,0.021974550,-1.338578654,0.083671335
8.458000,2.077503026,-0.428101866,-10.089450180,0.015955072,-1.329012096,0.102462066
8.459000,2.240568430,-0.406223861,-10.233900205,0.008648465,-1.319476729,0.120431988
8.460000,2.335195977,-0.361302833,-10.345950081,-0.000675765,-1.309472514,0.137006805
8.461000,2.368081877,-0.357823421,-10.407403280,-0.009678441,-1.297508874,0.150762899
8.462000,2.344848537,-0.388151222,-10.431416853,-0.016283362,-1.284702221,0.162644846
8.463000,2.192589630,-0.460986465,-10.380831884,-0.017407474,-1.272940589,0.175523668
8.464000,1.988608592,-0.556500221,-10.314300621,-0.016612101,-1.260030174,0.189455951
8.465000,1.725527879,-0.662984457,-10.232277070,-0.014358548,-1.246389284,0.203830084
8.466000,1.396131622,-0.739258567,-10.143474422,-0.008718190,-1.232314933,0.220798994
8.467000,1.011986568,-0.773569944,-10.069977356,-0.000474024,-1.216551324,0.239948183
8.468000,0.648526320,-0.749997039,-10.026880128,0.009441123,-1.193714272,0.261421228
8.469000,0.341054026,-0.695083734,-9.988402314,0.020315364,-1.166814433,0.283700921
8.470000,0.112092619,-0.642219956,-9.979257515,0.035505626,-1.134097468,0.306527487
8.471000,0.015754819,-0.598771566,-9.975932063,0.052032348,-1.091709966,0.330092086
8.472000,0.058696363,-0.571987545,-9.941670226,0.068750613,-1.040554548,0.353242035
8.473000,0.246846348,-0.574976543,-9.882675203,0.082866563,-0.981173743,0.375148503
8.474000,0.472717664,-0.591149566,-9.801128141,0.092977778,-0.920154844,0.395148103
8.475000,0.766905830,-0.613132993,-9.674445929,0.095382750,-0.855549084,0.410886780
8.476000,1.004528403,-0.660434796,-9.511525882,0.089446181,-0.795245741,0.420582733
8.477000,1.222732729,-0.684156029,-9.337101401,0.079431653,-0.737746601,0.428000187
8.478000,1.329442613,-0.673813198,-9.115676297,0.064780648,-0.688847637,0.435990288
8.479000,1.407168348,-0.651597126,-8.901306102,0.049765353,-0.641156395,0.445280647
8.480000,1.383341744,-0.555200683,-8.688399167,0.030954524,-0.599473588,0.462198565
8.481000,1.274600512,-0.393084446,-8.490630960,0.010903361,-0.562063190,0.485789875
8.482000,1.098723775,-0.174190809,-8.304905201,-0.009800280,-0.526665108,0.515363297
8.483000,0.917686292,0.020294372,-8.205834039,-0.027085192,-0.488239416,0.541391629
8.484000,0.765958677,0.149593688,-8.125756019,-0.038858793,-0.448309930,0.561242972
8.485000,0.730470475,0.194138361,-8.038420685,-0.042547167,-0.404277780,0.567167813
8.486000,0.893272386,0.129337700,-7.958256112,-0.035102757,-0.351551831,0.558455772
8.487000,1.226567807,-0.043360679,-7.859826860,-0.017209820,-0.291658741,0.535000533
8.488000,1.724671189,-0.262311074,-7.690309038,0.009457951,-0.228139129,0.498544443
8.489000,2.272113283,-0.474876518,-7.506617445,0.036568058,-0.163150858,0.460470841
8.490000,2.795806071,-0.673735197,-7.333645385,0.062178414,-0.100152075,0.422391703
8.491000,3.211973692,-0.744618941,-7.084737818,0.076418179,-0.051248777,0.381996357
8.492000,3.532649533,-0.722586634,-6.811721909,0.081804393,-0.013192907,0.341731369
8.493000,3.696218046,-0.615748733,-6.554763939,0.078384286,0.007957385,0.303276293
8.494000,3.799283850,-0.510753691,-6.330747244,0.074135030,0.023630686,0.266941447
8.495000,3.830982727,-0.395678003,-6.112708381,0.070113403,0.031132809,0.233599204
8.496000,3.745973985,-0.270945914,-5.921291179,0.069967208,0.028019639,0.206077167
8.497000,3.586345645,-0.175618697,-5.764079698,0.074609912,0.018184683,0.183755809
8.498000,3.352065114,-0.149356635,-5.671200147,0.085722109,0.000608339,0.170822188
8.499000,3.128075049,-0.140919425,-5.597437227,0.100638556,-0.019437865,0.160740045
8.500000,2.904466101,-0.161136166,-5.550280441,0.118247477,-0.042430119,0.153848339
8.501000,2.718658364,-0.198328169,-5.544470181,0.135828470,-0.067524640,0.148054733
8.502000,2.576445147,-0.245420552,-5.564652278,0.153547436,-0.095528144,0.142243295
8.503000,2.463770078,-0.246266422,-5.611440157,0.167113226,-0.127664499,0.132317982
8.504000,2.335432103,-0.260752752,-5.692510517,0.179088925,-0.161827831,0.117583365
8.505000,2.173392053,-0.252478220,-5.847353007,0.189823588,-0.198902085,0.096960157
8.506000,1.950527469,-0.243989848,-6.067453344,0.199644464,-0.240773429,0.070842394
8.507000,1.732455787,-0.239650865,-6.318216191,0.208475580,-0.284447386,0.041814934
8.508000,1.496318159,-0.263491005,-6.599964701,0.218084089,-0.332040124,0.011693474
8.509000,1.271110566,-0.278089885,-6.894346717,0.224779507,-0.382560859,-0.016172073
8.510000,1.079209223,-0.331896895,-7.137667810,0.230801142,-0.435329038,-0.039860919
8.511000,0.945971436,-0.356556490,-7.354383362,0.232251859,-0.488282234,-0.058184160
8.512000,0.910906131,-0.402183619,-7.547975550,0.230337019,-0.541655039,-0.068995860
8.513000,0.952025504,-0.419646794,-7.758628668,0.223904835,-0.594574252,-0.075017619
8.514000,1.045756426,-0.391302796,-7.976089878,0.213655550,-0.645480951,-0.077480227
8.515000,1.155008677,-0.291753039,-8.221816292,0.199249010,-0.695964520,-0.078060420
8.516000,1.281281374,-0.160144382,-8.546489303,0.210096314,-0.752077949,-0.072099523
8.517000,1.381872208,0.016826487,-8.846686803,0.191920342,-0.800855918,-0.068006932
8.518000,1.491952447,0.133292988,-9.141823308,0.175276728,-0.847838726,-0.060525846
8.519000,1.601842029,0.178560965,-9.442032935,0.161760019,-0.895770165,-0.052524007
8.520000,1.756666515,0.111279991,-9.747284344,0.152449041,-0.943199729,-0.044187978
8.521000,1.964643891,0.011950648,-10.041028103,0.143942815,-0.990375363,-0.035509747
8.522000,2.214716905,-0.142950983,-10.366207289,0.136941480,-1.037908773,-0.027307465
8.523000,2.502595447,-0.264947860,-10.682427933,0.127488079,-1.086024639,-0.018742364
8.524000,2.816299922,-0.312381130,-10.980644118,0.112908443,-1.133664293,-0.009304185
8.525000,3.128039157,-0.264977084,-11.259986359,0.093199654,-1.181523956,-0.000519685
8.526000,3.416845168,-0.204889924,-11.536532723,0.071906612,-1.229208019,0.008766804
8.527000,3.655476525,-0.125824364,-11.819677236,0.050354608,-1.276879417,0.016412091
8.528000,3.845173552,-0.117780210,-12.109291118,0.033454600,-1.324198710,0.021452606
8.529000,4.025093927,-0.155706425,-12.400331401,0.021360078,-1.370484116,0.027297130
8.530000,4.199756433,-0.221429120,-12.715069098,0.012024645,-1.414924235,0.035564693
8.531000,4.441147773,-0.291190575,-13.032039767,0.005533324,-1.453966324,0.044279746
8.532000,4.741825052,-0.336981191,-13.317359811,0.001069551,-1.487827583,0.056217412
8.533000,5.108643787,-0.356260383,-13.569743737,-0.002415659,-1.515590758,0.069222703
8.534000,5.477595044,-0.388364428,-13.793066752,-0.005381582,-1.541599258,0.080142890
8.535000,5.852071595,-0.441729737,-13.925854105,-0.008857106,-1.566089431,0.085956176
8.536000,6.164249330,-0.499490457,-13.946873045,-0.016425030,-1.592693421,0.085537099
8.537000,6.405656733,-0.565883301,-13.914774396,-0.026523696,-1.621688652,0.079199228
8.538000,6.481597295,-0.609108027,-13.830798045,-0.038863773,-1.655760991,0.065982698
8.539000,6.438579427,-0.629202542,-13.723684292,-0.052632345,-1.693436593,0.049816556
8.540000,6.297468911,-0.640512793,-13.644079745,-0.065057599,-1.734345163,0.031030789
8.541000,6.047740206,-0.675816734,-13.585370331,-0.072354360,-1.778303863,0.012960512
8.542000,5.753235401,-0.733582675,-13.536605612,-0.075403219,-1.822601244,-0.004280401
8.543000,5.399221308,-0.812440719,-13.456017637,-0.075947484,-1.864861378,-0.018900598
8.544000,5.055985093,-0.893173126,-13.361648584,-0.075494253,-1.903504518,-0.030564568
8.545000,4.745865304,-0.942158423,-13.229958442,-0.075205158,-1.936649080,-0.036214303
8.546000,4.426353653,-0.953267012,-13.060918875,-0.076533776,-1.966032445,-0.038604911
8.547000,4.130449096,-0.874887611,-12.836639237,-0.081062308,-1.988672872,-0.036014932
8.548000,3.844836780,-0.760789182,-12.577107538,-0.088692383,-2.006391508,-0.030818752
8.549000,3.512500908,-0.634428910,-12.277817636,-0.098012945,-2.021412136,-0.025657266
8.550000,3.112856103,-0.498408350,-11.956881718,-0.108582553,-2.034030854,-0.022142416
8.551000,2.673939616,-0.358271566,-11.632461758,-0.120705625,-2.042524941,-0.020696611
8.552000,2.190254945,-0.232707052,-11.303004894,-0.133003699,-2.047336224,-0.021343747
8.553000,1.690347529,-0.106208188,-10.989039082,-0.143192471,-2.043647592,-0.025054432
8.554000,1.224056298,0.018348387,-10.681347745,-0.152283690,-2.034583476,-0.029703509
8.555000,0.870694555,0.115256292,-10.402824138,-0.158684179,-2.012171893,-0.036604583
8.556000,0.542974189,0.198798605,-10.126009838,-0.164453243,-1.987553217,-0.043988309
8.557000,0.297900664,0.223252869,-9.830756979,-0.166345617,-1.951593891,-0.053885324
8.558000,0.165537540,0.212556291,-9.500661997,-0.166398855,-1.905912900,-0.066352181
8.559000,0.077236668,0.187344639,-9.151981378,-0.165278372,-1.857181322,-0.079777601
8.560000,0.042029260,0.107757863,-8.778506434,-0.162175898,-1.803973815,-0.094840726
8.561000,0.034442670,0.042567619,-8.396473542,-0.160654661,-1.748522691,-0.110826850
8.562000,0.016020722,-0.002772130,-7.999953046,-0.160463462,-1.690831653,-0.127541999
8.563000,-0.044631484,-0.012380542,-7.597151354,-0.161968537,-1.633207159,-0.144047518
8.564000,-0.148414116,0.027732985,-7.202719979,-0.164603715,-1.574990162,-0.159004323
8.565000,-0.298505095,0.122288351,-6.816969663,-0.169407450,-1.515242786,-0.172521206
8.566000,-0.439415999,0.210758194,-6.440212857,-0.174497060,-1.452563879,-0.184764671
8.567000,-0.520714872,0.293726215,-6.073763363,-0.180480822,-1.383987121,-0.194965359
8.568000,-0.526555297,0.318796579,-5.732359041,-0.184216606,-1.308031215,-0.203205387
8.569000,-0.460292969,0.296011465,-5.393750719,-0.186949291,-1.226510954,-0.210379169
8.570000,-0.340583078,0.230907492,-5.039851535,-0.188433445,-1.140279241,-0.216962773
8.571000,-0.217460799,0.137835455,-4.662322361,-0.187365794,-1.052019075,-0.222315772
8.572000,-0.090315570,0.040184311,-4.272280725,-0.184718941,-0.962303901,-0.226978562
8.573000,0.023082346,-0.036869019,-3.876958197,-0.182349192,-0.872556325,-0.230553850
8.574000,0.119893744,-0.101954581,-3.479200937,-0.179822058,-0.783911067,-0.233478359
8.575000,0.176403579,-0.129626371,-3.092534795,-0.177970089,-0.697264679,-0.237020992
8.576000,0.215318329,-0.127437893,-2.712856742,-0.177392277,-0.611534706,-0.240410455
8.577000,0.241368386,-0.090072164,-2.342003353,-0.178968310,-0.526497347,-0.244407245
8.578000,0.279238389,-0.013961671,-1.952586091,-0.183686497,-0.439873484,-0.249398268
8.579000,0.320173456,0.065585091,-1.562454762,-0.188472685,-0.351081477,-0.253008668
8.580000,0.377620315,0.139263430,-1.186770784,-0.192357320,-0.261378882,-0.255223021
8.581000,0.436708714,0.186421198,-0.808245376,-0.194849476,-0.170778474,-0.258057009
8.582000,0.506793587,0.194523066,-0.424594909,-0.195205081,-0.077952754,-0.260823169
8.583000,0.557336392,0.156860677,-0.075497825,-0.191107887,0.013526490,-0.262416301
8.584000,0.590827830,0.097010852,0.272500200,-0.184739346,0.103247271,-0.264307295
8.585000,0.590411620,0.031811189,0.645846021,-0.176896756,0.189589630,-0.267165725
8.586000,0.564592184,0.000811968,1.033350488,-0.170267827,0.272518207,-0.268054499
8.587000,0.467622690,0.020310462,1.428933843,-0.164613226,0.349230760,-0.265946226
8.588000,0.341826609,0.093431246,1.866657231,-0.164179258,0.423366196,-0.261888344
8.589000,0.221468136,0.187430323,2.319269762,-0.166632599,0.497449717,-0.256305675
8.590000,0.104603407,0.350950590,2.745053660,-0.177762697,0.574526462,-0.245811335
8.591000,0.039579503,0.527993299,3.100813451,-0.194138621,0.653271939,-0.235914959
8.592000,0.015500370,0.704827106,3.407693023,-0.214038127,0.734098200,-0.225794223
8.593000,0.031479790,0.879843023,3.621723089,-0.233748409,0.816760939,-0.214885384
8.594000,0.104274169,1.011607618,3.791884270,-0.248904744,0.899462964,-0.205096455
8.595000,0.213805198,1.110789819,3.899257587,-0.260278433,0.981527887,-0.197461778
8.596000,0.359713160,1.146617120,3.973188928,-0.263542581,1.065545502,-0.189208754
8.597000,0.549597721,1.115278326,4.033250479,-0.260648567,1.150051030,-0.181951579
8.598000,0.815138711,1.003934298,4.133051757,-0.252180473,1.232257755,-0.173464750
8.599000,1.109029065,0.888595491,4.278121783,-0.243106561,1.311571091,-0.164549339
8.600000,1.436517797,0.744526625,4.481412020,-0.231609878,1.387075602,-0.155484006
8.601000,1.786387277,0.641887784,4.777498886,-0.222596071,1.455647861,-0.145035209
8.602000,2.145760078,0.604137936,5.113120245,-0.216658140,1.517808155,-0.132790183
8.603000,2.482759189,0.627935923,5.459601301,-0.213400516,1.572380085,-0.121632697
8.604000,2.804946439,0.662382374,5.804605341,-0.211474647,1.623842988,-0.110971915
8.605000,3.089853574,0.753687752,6.117008815,-0.213441163,1.665261188,-0.098467177
8.606000,3.342669569,0.815262364,6.364258639,-0.214411098,1.697695462,-0.087046489
8.607000,3.571093153,0.844553413,6.579481198,-0.213599979,1.721477987,-0.076078978
8.608000,3.738301683,0.825341453,6.785258563,-0.211276568,1.737524953,-0.065491874
8.609000,3.852776800,0.741892773,6.956792560,-0.207181430,1.747026224,-0.057102507
8.610000,3.916444703,0.607090773,7.081045924,-0.200681455,1.749597295,-0.049911392
8.611000,3.918511003,0.457565608,7.183329114,-0.193504798,1.745545629,-0.043085816
8.612000,3.847792343,0.304008430,7.268749550,-0.186604748,1.734634386,-0.036669312
8.613000,3.731022215,0.179304925,7.315429878,-0.180212094,1.716288754,-0.028997132
8.614000,3.601733771,0.068163354,7.364308179,-0.172744710,1.694163130,-0.020766318
8.615000,3.430799171,0.005689262,7.417489161,-0.164532903,1.664810680,-0.009149815
8.616000,3.260916784,-0.005026670,7.461778045,-0.156959568,1.630527455,0.005357824
8.617000,3.115514821,0.033579304,7.498438057,-0.151171549,1.594624994,0.020466036
8.618000,3.023698701,0.069479911,7.510076789,-0.145397036,1.559351892,0.033616510
8.619000,2.955603750,0.113234427,7.511608700,-0.139704431,1.523021463,0.047338907
8.620000,2.947145127,0.145679108,7.498196751,-0.132521978,1.485290034,0.061449510
8.621000,2.968747509,0.148811525,7.493111904,-0.124106888,1.445903888,0.073836413
8.622000,3.046100042,0.106235662,7.493266797,-0.111940488,1.404902536,0.085150816
8.623000,3.123140975,0.049932446,7.500160735,-0.098950031,1.362325751,0.096513395
8.624000,3.182293786,-0.029366876,7.524633980,-0.085673235,1.311556852,0.109816137
8.625000,3.194717558,-0.084285112,7.551500937,-0.075513204,1.254635494,0.122819183
8.626000,3.120229669,-0.091756198,7.571576118,-0.069387563,1.190132588,0.136605424
8.627000,2.945560571,-0.033220780,7.593819697,-0.068677980,1.119195127,0.151967649
8.628000,2.661635465,0.085761156,7.589169887,-0.074164195,1.042831258,0.167251748
8.629000,2.310851198,0.225134195,7.574269570,-0.083207754,0.962928928,0.182597570
8.630000,1.888515593,0.376390655,7.524799053,-0.094369030,0.880308815,0.198302873
8.631000,1.469930557,0.473933905,7.451022364,-0.104869621,0.798706289,0.213655442
8.632000,1.029467447,0.523440042,7.343636439,-0.115036366,0.715869283,0.226895095
8.633000,0.625783219,0.499619232,7.240834401,-0.118848394,0.634151494,0.236162483
8.634000,0.267898851,0.455987005,7.162301967,-0.120759094,0.552928246,0.243780483
8.635000,-0.058845879,0.369576788,7.095694383,-0.117528103,0.473515916,0.247501156
8.636000,-0.319455762,0.323856183,6.983809385,-0.109910192,0.400163596,0.248878498
8.637000,-0.519362565,0.228652829,6.824718161,-0.092071786,0.332135784,0.248377595
8.638000,-0.650411685,0.075231138,6.653005681,-0.064034057,0.271745106,0.248341383
8.639000,-0.737059173,-0.128944775,6.478542286,-0.026423967,0.217208923,0.249498456
8.640000,-0.759082860,-0.360998378,6.310262975,0.016642895,0.170187218,0.255521016
8.641000,-0.773832869,-0.601927275,6.235154623,0.060206754,0.127217652,0.264323270
8.642000,-0.776518010,-0.781932186,6.242261841,0.096209864,0.088025312,0.275878122
8.643000,-0.737317946,-0.845387585,6.268747655,0.115689111,0.060731486,0.291374176
8.644000,-0.639446462,-0.804413307,6.235000732,0.122845124,0.044441613,0.303502345
8.645000,-0.508761345,-0.687360961,6.152473425,0.115287212,0.038825236,0.312065742
8.646000,-0.227203639,-0.552452840,5.974969050,0.095458960,0.050626165,0.318848864
8.647000,0.125695903,-0.421794708,5.694458066,0.070563497,0.073134815,0.323858371
8.648000,0.536959189,-0.352469642,5.356639883,0.048032545,0.100895426,0.318915186
8.649000,0.978619983,-0.338814408,5.045485400,0.029159362,0.130227460,0.312713679
8.650000,1.451136680,-0.394864038,4.788904680,0.015329058,0.160928972,0.304622552
8.651000,1.816446502,-0.483260755,4.563329063,0.008714556,0.188505935,0.292000549
8.652000,2.106570862,-0.640825351,4.417230308,0.012221629,0.211745375,0.276142992
8.653000,2.265249287,-0.839203186,4.357070161,0.021568856,0.229243251,0.260693365
8.654000,2.302791834,-1.028110996,4.295713062,0.032111443,0.242557343,0.243433591
8.655000,2.214413675,-1.238724127,4.266677187,0.048534632,0.250253069,0.224485006
8.656000,2.016810349,-1.428115651,4.293266916,0.062686285,0.254942413,0.207770795
8.657000,1.792547316,-1.535724625,4.390922382,0.070423089,0.258413449,0.192879872
8.658000,1.574627775,-1.519163311,4.511172142,0.065462535,0.265131153,0.183891345
8.659000,1.399915636,-1.442260782,4.660830288,0.054860384,0.273164345,0.177671398
8.660000,1.234135379,-1.288838137,4.856481012,0.031664384,0.285784344,0.174419191
8.661000,1.090991557,-1.094380067,5.071139803,-0.001737403,0.302615997,0.165345344
8.662000,0.945231610,-0.890914954,5.266577808,-0.036737281,0.320617564,0.153561532
8.663000,0.757224913,-0.770013330,5.455115074,-0.064633666,0.337820856,0.134260540
8.664000,0.570877394,-0.681563945,5.662042096,-0.086529730,0.356494875,0.110534248
8.665000,0.371316713,-0.639367011,5.892115080,-0.095634413,0.378994258,0.083221086
8.666000,0.186892056,-0.658393152,6.096196282,-0.090496857,0.410015065,0.059677090
8.667000,0.055742533,-0.726699586,6.337664083,-0.069132063,0.452082141,0.043045579
8.668000,0.035796007,-0.808664224,6.600060215,-0.036086345,0.510584644,0.032160854
8.669000,0.057318692,-0.892353587,6.837756572,-0.002226198,0.577937768,0.026924477
8.670000,0.174867030,-0.957664029,7.081776754,0.034464420,0.659207390,0.030183432
8.671000,0.384963301,-1.013825024,7.345461076,0.067206780,0.748822974,0.036935797
8.672000,0.671993770,-1.018401612,7.555087677,0.094015739,0.845705458,0.047246505
8.673000,1.017248146,-0.922053037,7.745106988,0.108710437,0.945103315,0.062710259
8.674000,1.426446402,-0.797792237,7.927536311,0.120397670,1.046588520,0.077003987
8.675000,1.833051441,-0.620305927,8.121012448,0.125180269,1.145174501,0.090055358
8.676000,2.154961533,-0.379102224,8.321651844,0.124216144,1.239372489,0.103160824
8.677000,2.463341239,-0.130401820,8.547253757,0.122534127,1.333077238,0.115053338
8.678000,2.703747677,0.032003461,8.802552338,0.121109709,1.424543782,0.122409415
8.679000,2.898520647,0.165509663,9.112906482,0.118616831,1.514990018,0.126700860
8.680000,3.062751825,0.239821698,9.414578402,0.116217263,1.605816873,0.129550154
8.681000,3.245313416,0.208719069,9.758034534,0.117538863,1.700051699,0.129727888
8.682000,3.427654515,0.124828991,10.126720816,0.121901453,1.795985775,0.127405684
8.683000,3.613885325,-0.025651169,10.526823649,0.134507899,1.892466625,0.126505426
8.684000,3.792169542,-0.217957189,10.929070527,0.151809755,1.989989384,0.125845781
8.685000,3.963391407,-0.427897649,11.307561735,0.173972670,2.087112475,0.125420267
8.686000,4.126926700,-0.651897240,11.608946195,0.197780863,2.185604654,0.124507342
8.687000,4.258729875,-0.881891112,11.884295614,0.222279246,2.285183601,0.124542144
8.688000,4.431861592,-1.028831919,12.023314289,0.243057743,2.390058969,0.123061956
8.689000,4.621606644,-1.130040965,12.113974184,0.261901085,2.497415215,0.122353302
8.690000,4.841275624,-1.193714749,12.177436702,0.276453924,2.608328183,0.121088657
8.691000,5.207559012,-1.111160202,12.245311361,0.284013398,2.727763067,0.121355673
8.692000,5.667196136,-0.909861268,12.323029339,0.285237703,2.848329612,0.122678782
8.693000,6.231967970,-0.667843473,12.450998858,0.279769338,2.973791387,0.125144349
8.694000,6.825483473,-0.398672332,12.567013091,0.270421958,3.098629755,0.128426425
8.695000,7.519796390,-0.136269575,12.627029240,0.258878018,3.226201761,0.132517707
8.696000,8.259884056,0.033425910,12.681330090,0.247517300,3.356579102,0.137644735
8.697000,9.010757889,0.108479591,12.713789842,0.238808134,3.490829243,0.141849207
8.698000,9.685960682,0.076036469,12.741101725,0.236310289,3.619019647,0.147989843
8.699000,10.308528041,-0.007167843,12.804920355,0.235036575,3.742375978,0.154767798
8.700000,10.770171125,-0.129168489,12.890658397,0.234889618,3.849978542,0.161561721
8.701000,11.128380360,-0.270391329,12.996180094,0.235122474,3.947270458,0.168654297
8.702000,11.377919740,-0.400568337,13.119897098,0.236111919,4.033798790,0.177026741
8.703000,11.458638892,-0.440395854,13.258471199,0.232766656,4.108007549,0.181705172
8.704000,11.458715165,-0.424911566,13.399358601,0.227906032,4.176790982,0.187102967
8.705000,11.357177960,-0.351266650,13.573353908,0.222761413,4.238835674,0.192961897
8.706000,11.200763631,-0.285319540,13.704362631,0.218257540,4.295855203,0.201270095
8.707000,11.016889509,-0.224132967,13.821524232,0.212258286,4.351103737,0.210374647
8.708000,10.900002140,-0.248457115,13.898824957,0.209279253,4.403676853,0.219821127
8.709000,10.815370075,-0.357635109,13.954581875,0.209290998,4.452110132,0.226315659
8.710000,10.745181894,-0.545099930,14.004711782,0.209780184,4.495947619,0.226115091
8.711000,10.695568924,-0.718134082,14.103907710,0.209257217,4.533552462,0.211875507
8.712000,10.664910694,-0.907623652,14.224898307,0.210237609,4.568030781,0.192838116
8.713000,10.588869650,-0.992943737,14.419924425,0.210024644,4.596950481,0.172030834
8.714000,10.533863622,-1.029775931,14.606782205,0.207792865,4.625583437,0.146850724
8.715000,10.525665084,-0.941650049,14.796446878,0.204850074,4.654063797,0.119912725
8.716000,10.548465808,-0.835974326,14.961573757,0.207086101,4.680807764,0.102821944
8.717000,10.577725845,-0.701316607,15.102542360,0.209199390,4.704948410,0.086873539
8.718000,10.600922333,-0.624469868,15.152900239,0.211171265,4.722909473,0.067979716
8.719000,10.598435853,-0.572765620,15.198390785,0.214109023,4.735675227,0.050052318
8.720000,10.547374512,-0.603737523,15.222980934,0.217076948,4.736373730,0.035745867
8.721000,10.345388238,-0.633351114,15.194981691,0.212399794,4.721437647,0.015813756
8.722000,10.083562086,-0.677928289,15.144971833,0.207313759,4.700529265,-0.003546380
8.723000,9.799007679,-0.740477888,15.100764363,0.203633045,4.672758585,-0.019720166
8.724000,9.438912110,-0.781329890,15.040909959,0.198761841,4.638309993,-0.035408640
8.725000,8.998416583,-0.772992672,14.932217235,0.192780538,4.595181201,-0.054141259
8.726000,8.572881626,-0.747015384,14.820307882,0.191497750,4.547317787,-0.072771398
8.727000,8.150101267,-0.715965133,14.706502430,0.191705862,4.494514486,-0.094863077
8.728000,7.691479920,-0.596890203,14.588367415,0.188534071,4.434919608,-0.118945791
8.729000,7.285997352,-0.503041733,14.469755162,0.186840694,4.374702050,-0.142512785
8.730000,6.984562344,-0.444962943,14.356533659,0.187852299,4.314248428,-0.165621381
8.731000,6.745701925,-0.363333766,14.205452779,0.186279618,4.252772995,-0.187011213
8.732000,6.577238520,-0.313956568,14.040972624,0.184137875,4.190301198,-0.204804390
8.733000,6.430108549,-0.368486224,13.819166892,0.186635399,4.121328392,-0.220024187
8.734000,6.276095684,-0.435422159,13.580843488,0.190296498,4.049506741,-0.233612559
8.735000,6.105509212,-0.490518473,13.290612085,0.193088286,3.969424449,-0.240502810
8.736000,5.884194056,-0.532618238,13.030570781,0.194646542,3.882067912,-0.244197350
8.737000,5.586250538,-0.496189217,12.777964363,0.192394444,3.784795921,-0.245299857
8.738000,5.277295820,-0.344187756,12.565848332,0.184216240,3.684108667,-0.245291163
8.739000,4.909672757,-0.179517862,12.349920454,0.175327172,3.577264275,-0.245253007
8.740000,4.461231794,0.017115659,12.143905574,0.164145152,3.459924194,-0.243883102
8.741000,3.984099468,0.099243781,11.856117465,0.161375039,3.336132769,-0.242349438
8.742000,3.470875265,0.145816462,11.556512929,0.160828032,3.205784887,-0.240970814
8.743000,2.936604675,0.139232428,11.213518948,0.162150444,3.070350045,-0.238881396
8.744000,2.459023834,0.100518182,10.850727089,0.164769059,2.937234044,-0.236236327
8.745000,2.029635442,-0.014152435,10.419409557,0.172412241,2.805291043,-0.235242345
8.746000,1.675421821,-0.090721420,9.966962464,0.174789655,2.672343805,-0.235871740
8.747000,1.373893676,-0.142698687,9.460268667,0.175034873,2.541110067,-0.238144378
8.748000,1.100941794,-0.208464570,8.898639633,0.177218048,2.407135241,-0.244052308
8.749000,0.822311354,-0.238418832,8.341906645,0.177127821,2.271393766,-0.252850312
8.750000,0.577063106,-0.184273176,7.775488773,0.170124508,2.132611755,-0.265718724
8.751000,0.353939739,-0.095008799,7.212129827,0.159260733,1.993126408,-0.280835410
8.752000,0.135147394,0.015673623,6.674017137,0.146064135,1.854492234,-0.296013283
8.753000,-0.093248162,0.175624529,6.168217829,0.126722650,1.717178917,-0.306389659
8.754000,-0.326954656,0.321478529,5.650497174,0.107487620,1.580670187,-0.313339526
8.755000,-0.580181824,0.457761358,5.081442352,0.087744146,1.444616664,-0.316775554
8.756000,-0.836038374,0.588820570,4.511525209,0.068114454,1.308678176,-0.319385162
8.757000,-1.136519880,0.669664568,3.894121223,0.054919036,1.167436834,-0.319283125
8.758000,-1.451779898,0.710689394,3.254649728,0.048046200,1.021028527,-0.321277195
8.759000,-1.778178372,0.696197301,2.647894959,0.047739351,0.873883249,-0.322051040
8.760000,-2.116699870,0.634482530,2.084230670,0.052883330,0.726360768,-0.322457157
8.761000,-2.449057891,0.585758024,1.600932555,0.057833288,0.583046405,-0.323888516
8.762000,-2.778726305,0.529035311,1.130918328,0.063852715,0.443138483,-0.325507225
8.763000,-3.077183002,0.434001530,0.659488834,0.070744873,0.308069273,-0.325627787
8.764000,-3.365716801,0.373366359,0.188120846,0.075290176,0.175665853,-0.326204248
8.765000,-3.620861281,0.355533195,-0.248385035,0.075883032,0.047994222,-0.325994456
8.766000,-3.806163188,0.357220638,-0.698136659,0.072869482,-0.075867941,-0.325145071
8.767000,-3.931272039,0.372577077,-1.178738250,0.067968352,-0.195001965,-0.326026255
8.768000,-3.998374041,0.441787957,-1.664315632,0.061977205,-0.306545716,-0.325260092
8.769000,-4.028256177,0.502867621,-2.145354638,0.056319587,-0.413741982,-0.323663532
8.770000,-3.917389125,0.563953628,-2.649478251,0.050497317,-0.508985815,-0.321255432
8.771000,-3.705671289,0.633431392,-3.166156325,0.044440430,-0.594792296,-0.316393212
8.772000,-3.424142454,0.701908457,-3.688473287,0.037184440,-0.673944133,-0.307584440
8.773000,-3.080714188,0.744780244,-4.226732107,0.028173202,-0.747293943,-0.296513885
8.774000,-2.715253826,0.767373981,-4.776014475,0.017846746,-0.818600559,-0.282482474
8.775000,-2.377305625,0.762828626,-5.305023826,0.006694769,-0.886484324,-0.265812056
8.776000,-2.057335363,0.712591011,-5.789077267,-0.002168172,-0.949393282,-0.247818724
8.777000,-1.757053210,0.654457409,-6.243852728,-0.010531820,-1.009697195,-0.229412115
8.778000,-1.521370949,0.560783030,-6.650192211,-0.014725382,-1.068132442,-0.209046719
8.779000,-1.308751495,0.468659534,-7.014452804,-0.016678577,-1.122892183,-0.187827986
8.780000,-1.104327184,0.379454035,-7.339785274,-0.015166911,-1.173569929,-0.165733236
8.781000,-0.917722536,0.294677837,-7.626845078,-0.011250613,-1.217363783,-0.141852089
8.782000,-0.731235373,0.204845378,-7.908547157,-0.005998114,-1.257740368,-0.117014274
8.783000,-0.514986575,0.151532380,-8.165614541,-0.001691504,-1.290410668,-0.091684886
8.784000,-0.262773399,0.086302127,-8.421020830,0.003263081,-1.315842882,-0.065878702
8.785000,0.026231190,0.002583346,-8.678077343,0.008917840,-1.333010837,-0.039323685
8.786000,0.365026471,-0.089996156,-8.934739757,0.013794744,-1.342744399,-0.013980149
8.787000,0.722976198,-0.171549128,-9.180304324,0.017570342,-1.347797577,0.010045769
8.788000,1.092793899,-0.290390735,-9.418293014,0.021968612,-1.348038240,0.032797551
8.789000,1.454993652,-0.382178622,-9.644634815,0.024952981,-1.346325174,0.055576776
8.790000,1.763171202,-0.423875536,-9.852821005,0.023466556,-1.340832948,0.076817271
8.791000,2.004782315,-0.427187927,-10.033640156,0.018076095,-1.332266048,0.096238580
8.792000,2.199342271,-0.425884806,-10.193179566,0.011638552,-1.322777485,0.114650393
8.793000,2.305563422,-0.374749536,-10.309206111,0.002442650,-1.312811985,0.131530615
8.794000,2.369980043,-0.351173453,-10.394220196,-0.007131816,-1.301803532,0.146746259
8.795000,2.363416572,-0.371201443,-10.433454232,-0.014756212,-1.288923448,0.158778799
8.796000,2.247766218,-0.436068192,-10.398962359,-0.017239784,-1.276792126,0.171128144
8.797000,2.071171185,-0.512736696,-10.336494098,-0.017513074,-1.264520613,0.184711470
8.798000,1.814385017,-0.629674634,-10.260953688,-0.015066148,-1.250952912,0.199027470
8.799000,1.520640339,-0.723149528,-10.171617066,-0.011095965,-1.237151492,0.214684977
8.800000,1.138230596,-0.764465446,-10.088159054,-0.003717916,-1.222483986,0.233356838
8.801000,0.767708469,-0.761129475,-10.041458464,0.006181477,-1.201671857,0.254185354
8.802000,0.425670222,-0.720389435,-9.999811485,0.016317551,-1.176866940,0.276134549
8.803000,0.188299002,-0.656593686,-9.979829615,0.030125039,-1.145098069,0.298870937
8.804000,0.012288468,-0.608389839,-9.983873889,0.046484084,-1.108032120,0.322421375
8.805000,0.034148027,-0.581092093,-9.958766569,0.063677955,-1.058493464,0.345392172
8.806000,0.171576573,-0.572730031,-9.905094987,0.078959058,-1.001515597,0.368253199
8.807000,0.397362358,-0.581126972,-9.836598765,0.090563810,-0.940482577,0.388890128
8.808000,0.664237491,-0.606689660,-9.717144959,0.094766490,-0.877346490,0.405776380
8.809000,0.927319942,-0.646857199,-9.566298802,0.092471806,-0.815093189,0.418073554
8.810000,1.158691266,-0.683771058,-9.399494733,0.083275290,-0.755670523,0.425655202
8.811000,1.295940444,-0.677664451,-9.189804211,0.069737682,-0.705071233,0.433273516
8.812000,1.395293976,-0.665579016,-8.967587234,0.054859376,-0.656444317,0.441469896
8.813000,1.398040143,-0.591686910,-8.762040887,0.037529086,-0.612945298,0.456163098
8.814000,1.330965692,-0.459136301,-8.553632941,0.017536328,-0.573816297,0.476345753
8.815000,1.159698161,-0.242789851,-8.363613402,-0.003100527,-0.538640533,0.505746040
8.816000,0.981791168,-0.036408719,-8.233624908,-0.022010117,-0.501005908,0.532986217
8.817000,0.802031207,0.117171706,-8.153475332,-0.035930196,-0.462123436,0.556181346
8.818000,0.735971094,0.183956087,-8.067084622,-0.041759929,-0.419159149,0.565928493
8.819000,0.800823512,0.173059544,-7.988669752,-0.039552546,-0.370700047,0.564681817
8.820000,1.103422207,0.014981955,-7.895911154,-0.023815874,-0.312141367,0.543470401
8.821000,1.542190491,-0.191455926,-7.751539569,0.000421248,-0.249801886,0.511235643
8.822000,2.089632585,-0.404021370,-7.567847976,0.027531356,-0.184813615,0.473162042
8.823000,2.623699827,-0.612066792,-7.389295520,0.053777245,-0.120887791,0.435190008
8.824000,3.089450395,-0.737718336,-7.173968168,0.073390012,-0.065512962,0.395624590
8.825000,3.436205268,-0.738889702,-6.907308465,0.080973116,-0.024179415,0.355302612
8.826000,3.647363752,-0.652930808,-6.638219921,0.079671421,0.001306517,0.315983072
8.827000,3.777313709,-0.534936133,-6.395373278,0.075129561,0.019710592,0.278459240
8.828000,3.825383074,-0.441395516,-6.191067748,0.071769334,0.029328889,0.244517516
8.829000,3.790207855,-0.310451282,-5.977084745,0.069037823,0.030456482,0.213979890
8.830000,3.654830189,-0.198757036,-5.810916913,0.072631078,0.022405881,0.190485564
8.831000,3.428144123,-0.156661764,-5.700220961,0.081837069,0.006553276,0.174859719
8.832000,3.199619199,-0.145547044,-5.618873273,0.094978258,-0.012225231,0.163535283
8.833000,2.980067536,-0.150677495,-5.564036724,0.112356963,-0.034628929,0.155984320
8.834000,2.775599766,-0.178783580,-5.543231971,0.129728536,-0.058565242,0.149983510
8.835000,2.617577036,-0.242871924,-5.551167800,0.148464377,-0.085684065,0.144300836
8.836000,2.500301704,-0.248114527,-5.596650096,0.162707746,-0.116808401,0.136056101
8.837000,2.385888412,-0.251562641,-5.656833412,0.175230426,-0.149785050,0.123617828
8.838000,2.239059837,-0.258905983,-5.789252863,0.186475001,-0.186088680,0.104228561
8.839000,2.023397706,-0.250597176,-5.985100046,0.196935408,-0.226393687,0.080273956
8.840000,1.804728035,-0.231670703,-6.232255992,0.205127202,-0.269561744,0.051928127
8.841000,1.582839138,-0.253513560,-6.504670585,0.215056238,-0.315447741,0.021479694
8.842000,1.335837767,-0.274230942,-6.802500619,0.223068989,-0.365388245,-0.007723780
8.843000,1.143140990,-0.310765579,-7.059051182,0.228702875,-0.417648845,-0.032070526
8.844000,0.978718908,-0.346376653,-7.285861717,0.232251156,-0.470639272,-0.053115930
8.845000,0.915721682,-0.393113018,-7.481353855,0.231684465,-0.523616817,-0.066142484
8.846000,0.933181084,-0.415075730,-7.687507421,0.226224093,-0.577093627,-0.073149031
8.847000,1.008144451,-0.413056793,-7.895742176,0.217790959,-0.628873389,-0.077311631
8.848000,1.119094953,-0.329171120,-8.139408413,0.204308203,-0.679051041,-0.077852565
8.849000,1.245632505,-0.218677595,-8.441312764,0.216080243,-0.735736850,-0.072955065
8.850000,1.345986864,-0.040428569,-8.749480451,0.198074635,-0.784925015,-0.069838179
8.851000,1.456276063,0.102128891,-9.043078857,0.180523785,-0.832182921,-0.063176205
8.852000,1.560928974,0.179969985,-9.343118246,0.165643719,-0.879637907,-0.055196875
8.853000,1.703028462,0.135958708,-9.643941538,0.155469152,-0.927478309,-0.046995377
8.854000,1.887395759,0.050973609,-9.943258893,0.146744129,-0.974750355,-0.038376236
8.855000,2.127175390,-0.089345136,-10.254261642,0.139335366,-1.021960855,-0.029794028
8.856000,2.400661905,-0.232071402,-10.580470576,0.131104538,-1.070057055,-0.021871578
8.857000,2.713086460,-0.316142338,-10.883062422,0.119062729,-1.117733481,-0.012349588
8.858000,3.024433638,-0.282299297,-11.168777699,0.099774184,-1.165549514,-0.003363609
8.859000,3.323420366,-0.226752175,-11.443595495,0.079214280,-1.213415605,0.005915696
8.860000,3.581621500,-0.150379114,-11.726347640,0.057210055,-1.260944385,0.013900750
8.861000,3.779558884,-0.114153241,-12.014566107,0.038355262,-1.308761587,0.019667357
8.862000,3.965983974,-0.134844291,-12.298651190,0.024564409,-1.355287533,0.025158152
8.863000,4.138944461,-0.198022277,-12.608999068,0.015051451,-1.400390801,0.032702197
8.864000,4.355091229,-0.270704807,-12.933827325,0.007248469,-1.441817763,0.040770025
8.865000,4.625487475,-0.327963624,-13.225933114,0.002617012,-1.477574183,0.051991647
8.866000,4.988006736,-0.348767191,-13.488268365,-0.001499671,-1.506512438,0.064855295
8.867000,5.349138282,-0.376919619,-13.728483640,-0.004168714,-1.533491972,0.077092354
8.868000,5.728079430,-0.424045400,-13.884822215,-0.007593919,-1.557879667,0.084047639
8.869000,6.073001716,-0.479476460,-13.949818299,-0.013236442,-1.583351129,0.087045187
8.870000,6.334243435,-0.545295705,-13.928330296,-0.022996462,-1.611875325,0.081568173
8.871000,6.485117420,-0.596099662,-13.867602116,-0.034223175,-1.643428467,0.071289121
8.872000,6.462955039,-0.626528870,-13.757811779,-0.048130069,-1.680658749,0.055236589
8.873000,6.345613757,-0.636411059,-13.670386884,-0.060929982,-1.720662496,0.037308693
8.874000,6.142512804,-0.657114731,-13.600080256,-0.071107337,-1.763564591,0.018925454
8.875000,5.856354220,-0.712715066,-13.556559039,-0.074686115,-1.807700879,0.001077020
8.876000,5.520639149,-0.784617779,-13.484725801,-0.075947113,-1.850971906,-0.014103140
8.877000,5.161765758,-0.868389556,-13.395454012,-0.075789772,-1.891705791,-0.027573820
8.878000,4.849371118,-0.926957875,-13.275109899,-0.075267735,-1.925648919,-0.034428980
8.879000,4.536260436,-0.966611373,-13.131071653,-0.075517763,-1.957061758,-0.038810790
8.880000,4.225215562,-0.909500238,-12.914348555,-0.079011891,-1.982149111,-0.037320763
8.881000,3.940670481,-0.802177723,-12.667422939,-0.085732594,-2.000761492,-0.032692640
8.882000,3.635366545,-0.676803180,-12.383877402,-0.094809875,-2.016872962,-0.027194303
8.883000,3.246033611,-0.543611695,-12.063451344,-0.105046327,-2.029900631,-0.023267308
8.884000,2.830917318,-0.402194107,-11.741375214,-0.116417442,-2.040610879,-0.020708150
8.885000,2.355462262,-0.274194383,-11.414364922,-0.129088017,-2.046180998,-0.020839525
8.886000,1.856727255,-0.147839241,-11.092405890,-0.139865757,-2.045106645,-0.023720956
8.887000,1.361905535,-0.022138467,-10.781707301,-0.149696080,-2.039960747,-0.027827772
8.888000,0.984498691,0.083532113,-10.494445598,-0.156568632,-2.019962141,-0.034264561
8.889000,0.648907743,0.175195234,-10.218532448,-0.162819131,-1.996224634,-0.041402163
8.890000,0.367567409,0.218345860,-9.933764413,-0.165828131,-1.964784731,-0.050269827
8.891000,0.198204375,0.216643710,-9.614825618,-0.166528303,-1.922002142,-0.062019399
8.892000,0.099396116,0.203126659,-9.271389582,-0.166097327,-1.873864453,-0.075075667
8.893000,0.051982022,0.138498746,-8.904163916,-0.163313505,-1.821924897,-0.089686381
8.894000,0.034867001,0.059032929,-8.524410498,-0.160751930,-1.767356270,-0.105359299
8.895000,0.028286300,0.010405349,-8.131993845,-0.160467302,-1.710122279,-0.121891358
8.896000,-0.020122850,-0.010169766,-7.730227447,-0.161358563,-1.652266878,-0.138613844
8.897000,-0.107846096,0.001628239,-7.334014966,-0.163329717,-1.594886377,-0.154378854
8.898000,-0.248965344,0.090148821,-6.945189420,-0.167777196,-1.535177934,-0.168020953
8.899000,-0.398724032,0.185414719,-6.564241727,-0.172821346,-1.474418209,-0.180971411
8.900000,-0.500469540,0.260711917,-6.197532205,-0.178327075,-1.407332198,-0.191888949
8.901000,-0.531941345,0.315414009,-5.844210665,-0.183162891,-1.334053376,-0.200665474
8.902000,-0.492493891,0.310504902,-5.506230171,-0.186144321,-1.254400025,-0.208089165
8.903000,-0.380574421,0.253788940,-5.158116562,-0.188018174,-1.169110499,-0.214797289
8.904000,-0.256384301,0.169234342,-4.791601948,-0.188036482,-1.081564697,-0.220849133
8.905000,-0.131740444,0.077174364,-4.400856166,-0.185794700,-0.992364602,-0.225354177
8.906000,-0.015099126,-0.015567817,-4.008727166,-0.183034945,-0.902224476,-0.229544468
8.907000,0.093257206,-0.081728580,-3.611825500,-0.180770972,-0.813398443,-0.232509906
8.908000,0.158819176,-0.122899493,-3.221990174,-0.178505922,-0.726029651,-0.235788550
8.909000,0.205067670,-0.133423904,-2.838447672,-0.177275573,-0.640238925,-0.239223615
8.910000,0.233929317,-0.106674125,-2.466125921,-0.178137732,-0.554792405,-0.242956608
8.911000,0.265997457,-0.040480924,-2.083315387,-0.181999329,-0.468831133,-0.247689328
8.912000,0.305903984,0.038712018,-1.691618951,-0.186933810,-0.380867309,-0.252123174
8.913000,0.357459456,0.114204615,-1.312354497,-0.191004247,-0.291296794,-0.254458827
8.914000,0.415633088,0.178777213,-0.936655367,-0.194426151,-0.201168593,-0.256913058
8.915000,0.485074133,0.198644507,-0.546631971,-0.195661363,-0.109055344,-0.260192117
8.916000,0.542145328,0.172687993,-0.190228312,-0.192851058,-0.016701661,-0.261936913
8.917000,0.584026484,0.118552052,0.153484629,-0.187107788,0.073660476,-0.263533741
8.918000,0.591920896,0.053698412,0.520519450,-0.179566314,0.160966801,-0.266178468
8.919000,0.579644189,0.004825057,0.905323433,-0.172398064,0.245712550,-0.268309979
8.920000,0.507418889,0.005514223,1.289461169,-0.165933232,0.324250225,-0.266766777
8.921000,0.384249612,0.066951254,1.721234924,-0.164051012,0.398740757,-0.263337349
8.922000,0.259371243,0.150062234,2.163216582,-0.164950767,0.472620394,-0.258585292
8.923000,0.145200669,0.294168526,2.605409143,-0.173816673,0.548797043,-0.249385817
8.924000,0.051400316,0.466575955,2.991637441,-0.187618345,0.626731326,-0.239279561
8.925000,0.018530726,0.649707109,3.317441217,-0.207313763,0.706571286,-0.229146917
8.926000,0.025401639,0.820771679,3.552625231,-0.227182824,0.789224211,-0.218559021
8.927000,0.070830837,0.978306917,3.747770616,-0.245093296,0.871941580,-0.208084058
8.928000,0.176557943,1.077786742,3.865466144,-0.256492061,0.954212896,-0.199900300
8.929000,0.303524682,1.150274819,3.954933746,-0.263888284,1.037159114,-0.191516496
8.930000,0.473548454,1.137026748,4.010576522,-0.262620839,1.122271233,-0.184621223
8.931000,0.723886611,1.043513099,4.097027490,-0.255117044,1.204859451,-0.176413451
8.932000,1.006695852,0.926251995,4.221700877,-0.246240623,1.285955920,-0.167493683
8.933000,1.326157628,0.794766965,4.411513522,-0.235579839,1.362015088,-0.158519116
8.934000,1.666107419,0.665142458,4.666787862,-0.225050146,1.433925473,-0.148873587
8.935000,2.028189667,0.602647437,4.996463204,-0.218017227,1.498110216,-0.137067064
8.936000,2.371366325,0.619108109,5.344185653,-0.214452784,1.554445309,-0.125266026
8.937000,2.702767180,0.646691890,5.689732843,-0.211548935,1.607806469,-0.114438587
8.938000,2.995551686,0.721215232,6.013380262,-0.212656572,1.651709512,-0.102753244
8.939000,3.263874170,0.801798675,6.290728587,-0.214582488,1.688711264,-0.090819811
8.940000,3.502345379,0.841088458,6.509537894,-0.213987355,1.714807825,-0.079515069
8.941000,3.687224876,0.838704132,6.718127373,-0.212371712,1.732617553,-0.069049954
8.942000,3.821259970,0.775557143,6.906755236,-0.208693043,1.744898415,-0.059770990
8.943000,3.895222069,0.652024773,7.039628136,-0.202848114,1.748740272,-0.052308431
8.944000,3.930198937,0.510255827,7.151015887,-0.195840468,1.747951635,-0.045311440
8.945000,3.882005703,0.351357532,7.246333760,-0.188890773,1.739544658,-0.038916656
8.946000,3.770668027,0.218327962,7.301572422,-0.182277049,1.722752642,-0.031671884
8.947000,3.651178049,0.102407833,7.345118651,-0.175682472,1.702724220,-0.023596909
8.948000,3.491803497,0.024277826,7.401400001,-0.167238379,1.675031532,-0.013400272
8.949000,3.316587551,-0.013409559,7.447056950,-0.159020661,1.642659554,0.000254571
8.950000,3.151281454,0.015508427,7.490985439,-0.152963863,1.606277793,0.015626551
8.951000,3.053094447,0.057346661,7.505985152,-0.147322200,1.571183219,0.029262611
8.952000,2.969218082,0.095964917,7.513547034,-0.141622953,1.535379685,0.042530293
8.953000,2.948102463,0.136227516,7.503201963,-0.135054732,1.497905026,0.056758133
8.954000,2.950300442,0.158225057,7.493803379,-0.127637108,1.459267739,0.070024355
8.955000,3.020746484,0.124141325,7.491583709,-0.116228409,1.418929046,0.081371065
8.956000,3.096807157,0.070424336,7.496632973,-0.103364647,1.376849516,0.092710318
8.957000,3.170136155,-0.003699562,7.517029897,-0.089736067,1.329628058,0.105267707
8.958000,3.192392069,-0.067400332,7.542033249,-0.078757429,1.273812617,0.118552302
8.959000,3.159754905,-0.098292599,7.564404909,-0.070743495,1.212753669,0.131666209
8.960000,3.017836383,-0.065440981,7.594146931,-0.068140942,1.143239840,0.146700032
8.961000,2.768457503,0.042987370,7.591961794,-0.071681949,1.068950504,0.162287340
8.962000,2.437853742,0.174271905,7.582715893,-0.079709589,0.990014622,0.177295764
8.963000,2.032257388,0.326043221,7.543095425,-0.090598819,0.907946942,0.193082990
8.964000,1.610681926,0.446744751,7.480673048,-0.101267967,0.825791513,0.208772607
8.965000,1.174408232,0.513771824,7.376130919,-0.111895188,0.743617440,0.222786541
8.966000,0.755405313,0.510356413,7.274154949,-0.117990597,0.661264009,0.233314471
8.967000,0.384447143,0.474783535,7.183280612,-0.120399832,0.579939724,0.241924866
8.968000,0.049513517,0.399075855,7.118065470,-0.118714778,0.499944707,0.246302435
8.969000,-0.244165300,0.345186393,7.026917686,-0.113966579,0.423853308,0.248837201
8.970000,-0.461140705,0.266685829,6.885013341,-0.099272441,0.353746671,0.248620277
8.971000,-0.609804098,0.129659385,6.710231463,-0.073970033,0.291488833,0.248184625
8.972000,-0.718358402,-0.055208751,6.538966166,-0.040717417,0.234232699,0.248625962
8.973000,-0.754259594,-0.281559004,6.365687017,0.002130139,0.185599278,0.253348142
8.974000,-0.769338310,-0.529462623,6.245865513,0.046281389,0.141064867,0.260820441
8.975000,-0.774473120,-0.737464127,6.232248453,0.087026179,0.100010113,0.271450018
8.976000,-0.752403976,-0.826704938,6.259657627,0.109492881,0.069491818,0.286125781
8.977000,-0.683914011,-0.834803946,6.259295696,0.123322383,0.047568867,0.300034399
8.978000,-0.553934436,-0.729361567,6.182278786,0.118507458,0.040214439,0.309458110
8.979000,-0.336816073,-0.595652123,6.053390891,0.103210614,0.044503602,0.317102556
8.980000,-0.004843757,-0.460306194,5.795949189,0.078548725,0.064593011,0.322655249
8.981000,0.391586022,-0.376822339,5.472126137,0.055585544,0.091160877,0.321324283
8.982000,0.833007355,-0.327806676,5.131920575,0.034418867,0.120544847,0.314445444
8.983000,1.293517985,-0.373613090,4.875680448,0.019693548,0.150613763,0.307548992
8.984000,1.710266733,-0.446094836,4.624525712,0.009396267,0.179974475,0.297060473
8.985000,2.024711846,-0.584442484,4.458348254,0.010276660,0.204923714,0.281218002
8.986000,2.223055336,-0.766136192,4.375912724,0.018080749,0.223602499,0.266312676
8.987000,2.315464152,-0.966999210,4.317983209,0.028165197,0.239055788,0.249544437
8.988000,2.246402773,-1.167285148,4.273132111,0.042835722,0.247852406,0.230841140
8.989000,2.103318238,-1.377402059,4.273471283,0.059137758,0.254188277,0.213259972
8.990000,1.866547372,-1.507233752,4.357735209,0.068821197,0.256681030,0.197621199
8.991000,1.639624132,-1.538097005,4.463152676,0.068188792,0.262965352,0.186127252
8.992000,1.455257974,-1.480175726,4.605018315,0.059748606,0.270018430,0.179393875
8.993000,1.288709700,-1.340745558,4.791337128,0.039880894,0.281318575,0.175383123
8.994000,1.133152522,-1.172303509,5.001519614,0.010916354,0.296676711,0.168669618
8.995000,0.998793096,-0.947399257,5.204688079,-0.026154344,0.314558501,0.158242217
8.996000,0.822128060,-0.810703287,5.392514135,-0.055378175,0.332208889,0.140899340
8.997000,0.633926612,-0.702533558,5.582897618,-0.080659403,0.349886307,0.119224390
8.998000,0.437948560,-0.652524381,5.817342910,-0.093162337,0.371300139,0.092327195
8.999000,0.241439656,-0.633001282,6.017141773,-0.095302146,0.397800817,0.066757569
9.000000,0.098385393,-0.706246235,6.256462785,-0.077051012,0.437211014,0.048011630
9.001000,0.032156083,-0.775605659,6.509900621,-0.048337641,0.489799520,0.035674101
9.002000,0.044309644,-0.866677115,6.766936863,-0.013502652,0.553991618,0.027417360
9.003000,0.132139261,-0.936980923,6.999529569,0.022182606,0.631589999,0.028697534
9.004000,0.296787135,-1.000866400,7.266714377,0.057017653,0.717186334,0.034128866
9.005000,0.565107289,-1.023804376,7.487950686,0.086277673,0.812592519,0.043194089
9.006000,0.900675214,-0.957401321,7.682347669,0.104076966,0.912022619,0.057435507
9.007000,1.283084977,-0.845429708,7.865766929,0.117213061,1.012650799,0.072652491
9.008000,1.705212595,-0.684555910,8.058451935,0.124362007,1.112888470,0.085414989
9.009000,2.051331955,-0.461535685,8.250444320,0.124713957,1.208086976,0.099071787
9.010000,2.365621351,-0.209902151,8.468688621,0.123127494,1.302264008,0.111414906
9.011000,2.630311116,-0.022032385,8.714325908,0.122177983,1.394252496,0.120172066
9.012000,2.837975321,0.127134003,9.001657669,0.119345632,1.484952974,0.125665330
9.013000,3.008914165,0.216892952,9.315746654,0.117037570,1.575518680,0.128627260
9.014000,3.182646194,0.226240228,9.637640548,0.116685682,1.668209524,0.130070353
9.015000,3.367762670,0.156837099,10.001329992,0.119924369,1.763766008,0.128115363
9.016000,3.549774790,0.031394026,10.394811348,0.129485763,1.860194391,0.126650417
9.017000,3.737082073,-0.149259614,10.797105919,0.145597927,1.957380653,0.126205810
9.018000,3.905085247,-0.357392918,11.184721170,0.166185111,2.054801900,0.125373384
9.019000,4.075942941,-0.572467553,11.511625719,0.189722098,2.152502617,0.124816254
9.020000,4.214587667,-0.804520381,11.793926535,0.214242305,2.251662661,0.124784367
9.021000,4.370619455,-0.989276311,11.985296740,0.236257204,2.354745554,0.123273883
9.022000,4.556901404,-1.099766937,12.088822854,0.255965362,2.461328142,0.122646261
9.023000,4.762656955,-1.173737388,12.153841283,0.271620244,2.571016533,0.121439869
9.024000,5.068382665,-1.165781174,12.222542908,0.282968638,2.687743209,0.121098318
9.025000,5.503538041,-0.989625990,12.293971360,0.285613376,2.807819069,0.122015685
9.026000,6.042991305,-0.751562808,12.401501580,0.282523948,2.932306740,0.124325302
9.027000,6.613874241,-0.491661793,12.539283026,0.273539210,3.056532493,0.126957984
9.028000,7.283240717,-0.221860057,12.608440307,0.262901537,3.183560354,0.131194021
9.029000,8.009606111,-0.010771537,12.666736648,0.251112608,3.312291716,0.136039409
9.030000,8.764550027,0.108195879,12.708023677,0.240765572,3.446185679,0.140535840
9.031000,9.461734906,0.086926737,12.731389972,0.237113087,3.576385111,0.145900980
9.032000,10.117350795,0.032116237,12.778963984,0.235340504,3.702754410,0.152554361
9.033000,10.620306568,-0.086640940,12.862764488,0.234833618,3.814556827,0.159184657
9.034000,11.026356535,-0.223148530,12.957066266,0.234853853,3.916505794,0.166084094
9.035000,11.311922565,-0.362132522,13.078281246,0.235575225,4.006433816,0.174259353
9.036000,11.432203421,-0.427610731,13.212209246,0.233903114,4.083307185,0.180146740
9.037000,11.481351532,-0.442782369,13.350791193,0.229716767,4.155403788,0.184904205
9.038000,11.394549736,-0.378055906,13.511935666,0.224447920,4.218405815,0.191106954
9.039000,11.258023977,-0.305069192,13.663931271,0.219945860,4.277350641,0.198309199
9.040000,11.077938955,-0.240450901,13.782501640,0.214264513,4.333019842,0.207283302
9.041000,10.934338136,-0.236951202,13.876674366,0.210267302,4.386637887,0.217258105
9.042000,10.838483909,-0.301596014,13.933290564,0.208574697,4.436668801,0.224702073
9.043000,10.768813020,-0.481846320,13.989674803,0.209762189,4.481503543,0.226506717
9.044000,10.708034763,-0.662326300,14.066865030,0.209636319,4.521595966,0.218237190
9.045000,10.676584436,-0.846411207,14.182065917,0.209870660,4.556696308,0.199545818
9.046000,10.613698489,-0.963799177,14.353507402,0.210055421,4.587352948,0.179182802
9.047000,10.544516458,-1.044152633,14.549812645,0.209737710,4.616183055,0.157188367
9.048000,10.525753805,-0.974311726,14.731438809,0.205504177,4.644547829,0.128462188
9.049000,10.540492073,-0.869296181,14.907468443,0.205705440,4.672487335,0.107379176
9.050000,10.563189886,-0.740506453,15.063763852,0.208069874,4.697280244,0.091590827
9.051000,10.600169504,-0.654302657,15.137963218,0.210855182,4.717813571,0.075034259
9.052000,10.601688314,-0.568520701,15.181342169,0.211972790,4.732833084,0.053969660
9.053000,10.569225101,-0.594088794,15.217415483,0.216444480,4.736759758,0.040903873
9.054000,10.427696931,-0.622966626,15.210789800,0.214265143,4.727751664,0.022613881
9.055000,10.179412079,-0.661860384,15.160856142,0.209074132,4.708518647,0.002791155
9.056000,9.893595824,-0.721556993,15.115412027,0.204885296,4.682118288,-0.014723398
9.057000,9.584428817,-0.780406222,15.070589677,0.201185396,4.651873969,-0.029434092
9.058000,9.148776054,-0.778198972,14.968692914,0.194776467,4.609796873,-0.047757277
9.059000,8.709285364,-0.751713985,14.858137637,0.191261879,4.564474795,-0.065682051
9.060000,8.296958691,-0.732533104,14.746373346,0.191808302,4.512615634,-0.087048436
9.061000,7.837014662,-0.634398349,14.628466626,0.189416019,4.455008165,-0.110980144
9.062000,7.406560862,-0.523415590,14.507750060,0.186795402,4.394780153,-0.134761032
9.063000,7.081519938,-0.464429187,14.393809368,0.187518012,4.334423406,-0.157922590
9.064000,6.815145637,-0.389109616,14.259973652,0.186966530,4.273268442,-0.180272663
9.065000,6.625446313,-0.324206987,14.099472523,0.184589430,4.211885294,-0.199641276
9.066000,6.479437709,-0.344639890,13.895779593,0.185567035,4.144552304,-0.214899619
9.067000,6.326960725,-0.414916218,13.665923692,0.188843639,4.074384191,-0.230083550
9.068000,6.159588973,-0.473174687,13.386375546,0.192389209,3.996243472,-0.238413851
9.069000,5.970450795,-0.522864074,13.116567317,0.194390386,3.912913415,-0.243444123
9.070000,5.690723750,-0.526312775,12.854638548,0.194357035,3.817511169,-0.244753102
9.071000,5.384980485,-0.392248435,12.641993174,0.186602887,3.718165259,-0.245322290
9.072000,5.048578436,-0.243117639,12.417547685,0.179071745,3.614836037,-0.245303152
9.073000,4.611630577,-0.046588761,12.211954566,0.167761168,3.499203343,-0.244419817
9.074000,4.148238007,0.077199875,11.953296784,0.161875410,3.378646179,-0.242774651
9.075000,3.653226159,0.146582857,11.666229560,0.160007464,3.250653861,-0.241560672
9.076000,3.105366612,0.140173027,11.326665651,0.161951055,3.115031196,-0.239963610
9.077000,2.608714568,0.134276041,10.983581747,0.162682540,2.981257356,-0.236794212
9.078000,2.172191820,0.027849074,10.566849159,0.169577853,2.849478755,-0.235520371
9.079000,1.783606263,-0.072460790,10.124889845,0.174931366,2.716332250,-0.235242551
9.080000,1.465596203,-0.127715335,9.638329424,0.174741333,2.584591779,-0.237289222
9.081000,1.196644496,-0.189600681,9.091856069,0.176510391,2.452563278,-0.241282172
9.082000,0.910409650,-0.242975486,8.513016327,0.178354205,2.316229428,-0.249698183
9.083000,0.656945551,-0.206529927,7.969209621,0.172807181,2.179287706,-0.261086420
9.084000,0.428018734,-0.124190921,7.399074478,0.162744820,2.039586836,-0.275537455
9.085000,0.208190541,-0.028530982,6.848132638,0.151518155,1.900884683,-0.290957200
9.086000,-0.017359379,0.127083491,6.331937952,0.133093365,1.762494408,-0.303631612
9.087000,-0.246108404,0.271928973,5.839534056,0.113984284,1.626756231,-0.311632233
9.088000,-0.495341667,0.412381151,5.269694590,0.094398383,1.489769839,-0.315644369
9.089000,-0.750126542,0.547516180,4.703916645,0.074501574,1.354215530,-0.318882783
9.090000,-1.031358314,0.652722811,4.105707691,0.058054573,1.215561571,-0.319248935
9.091000,-1.342865179,0.701226236,3.464874261,0.049612671,1.070347727,-0.320792088
9.092000,-1.670652252,0.716983399,2.838951239,0.046450036,0.922530498,-0.321784196
9.093000,-2.002884751,0.655345342,2.271609834,0.051077209,0.775640817,-0.322343335
9.094000,-2.338948095,0.598003658,1.757083122,0.056348449,0.630321954,-0.323338423
9.095000,-2.667836635,0.552498443,1.288296988,0.061528068,0.489437321,-0.325147775
9.096000,-2.980415495,0.460842087,0.819288008,0.068896200,0.352555445,-0.325565260
9.097000,-3.267743117,0.384267658,0.342404710,0.074175013,0.219475301,-0.325917042
9.098000,-3.535506417,0.359278935,-0.104723172,0.075937116,0.090475905,-0.326136733
9.099000,-3.758728887,0.356916160,-0.542075795,0.074248810,-0.035313672,-0.325003352
9.100000,-3.904182327,0.358301586,-1.015301308,0.070104875,-0.156685340,-0.325955003
9.101000,-3.980157681,0.422614666,-1.503906761,0.063675924,-0.270021676,-0.325611284
9.102000,-4.032563728,0.480643309,-1.985095882,0.058515460,-0.379396759,-0.324502899
9.103000,-3.965409859,0.544718472,-2.477584826,0.052328008,-0.478001488,-0.322099296
9.104000,-3.792680178,0.610799831,-2.994322663,0.046600713,-0.567562063,-0.318750177
9.105000,-3.521893040,0.682820971,-3.513540812,0.039692476,-0.647928865,-0.310822833
9.106000,-3.200316887,0.730911944,-4.044168504,0.031285269,-0.723140599,-0.300414889
9.107000,-2.836293768,0.765756828,-4.595823550,0.021644245,-0.795289875,-0.287638345
9.108000,-2.488020728,0.764676490,-5.128817601,0.010394821,-0.863865485,-0.271369236
9.109000,-2.159062101,0.730629548,-5.637022052,0.000747639,-0.929242286,-0.253972748
9.110000,-1.853881887,0.676513938,-6.093187696,-0.007999794,-0.989695274,-0.235510675
9.111000,-1.599468293,0.590034086,-6.518476642,-0.013379005,-1.049234612,-0.216131984
9.112000,-1.375356770,0.500314883,-6.900430551,-0.016840397,-1.105367002,-0.194923856
9.113000,-1.172994139,0.408568697,-7.232604785,-0.015692425,-1.156772757,-0.173160489
9.114000,-0.978655770,0.325856853,-7.531338074,-0.013061824,-1.203768669,-0.150087641
9.115000,-0.795856067,0.232319804,-7.817859086,-0.007628190,-1.244554012,-0.125380984
9.116000,-0.587510570,0.172513155,-8.082440661,-0.003263117,-1.280276146,-0.100259382
9.117000,-0.355331641,0.110673513,-8.333559549,0.001585143,-1.308559817,-0.074572006
9.118000,-0.070105408,0.030500890,-8.592389859,0.007032455,-1.327289513,-0.048175035
9.119000,0.245400206,-0.062413794,-8.851465809,0.012512378,-1.340714669,-0.022193107
9.120000,0.603597874,-0.144070449,-9.099793378,0.016344000,-1.346617380,0.002304168
9.121000,0.965498389,-0.255550761,-9.338465648,0.020641442,-1.348424895,0.025203359
9.122000,1.344145756,-0.357914990,-9.575098373,0.024467860,-1.347186866,0.047964006
9.123000,1.660739440,-0.410061343,-9.783382350,0.023975838,-1.342701096,0.069767478
9.124000,1.932061605,-0.426273987,-9.977830132,0.020197118,-1.335520001,0.090015093
9.125000,2.145193411,-0.428733813,-10.143795174,0.013836201,-1.325838232,0.108620736
9.126000,2.275930868,-0.388196238,-10.272462142,0.005561066,-1.316151456,0.126054426
9.127000,2.356760174,-0.352457232,-10.374182654,-0.003973380,-1.306032472,0.142374644
9.128000,2.365749224,-0.364512432,-10.420428756,-0.012217327,-1.293216161,0.154770849
9.129000,2.302942805,-0.411149920,-10.417092834,-0.017072093,-1.280643663,0.166732619
9.130000,2.135432964,-0.485182371,-10.360688860,-0.017530183,-1.268923949,0.180116192
9.131000,1.903242155,-0.596364811,-10.289630306,-0.015773748,-1.255516540,0.194224855
9.132000,1.627873753,-0.694034173,-10.201645850,-0.013088261,-1.241852769,0.209114308
9.133000,1.267181109,-0.751862006,-10.115816738,-0.006218053,-1.227399460,0.227077916
9.134000,0.886890618,-0.772261911,-10.056036800,0.002921832,-1.209629442,0.246949480
9.135000,0.529344171,-0.738864603,-10.012301792,0.012700768,-1.185756687,0.268657102
9.136000,0.264505385,-0.670967416,-9.980401715,0.024744453,-1.156098670,0.291214387
9.137000,0.045640696,-0.626900599,-9.981034786,0.040959531,-1.122244569,0.314307907
9.138000,0.024951423,-0.589931829,-9.967349316,0.057855152,-1.075101715,0.337742129
9.139000,0.110735769,-0.572907633,-9.924374036,0.074206466,-1.021097537,0.360855851
9.140000,0.322538440,-0.577294004,-9.860163494,0.086749333,-0.960809648,0.382029112
9.141000,0.561569152,-0.600246328,-9.759843990,0.094150230,-0.899143895,0.400665979
9.142000,0.856224150,-0.628493349,-9.626544162,0.094580465,-0.834791176,0.414970151
9.143000,1.081736865,-0.674012393,-9.456752963,0.086420556,-0.775398292,0.423091911
9.144000,1.262438274,-0.681515704,-9.263932125,0.074694717,-0.721294829,0.430556745
9.145000,1.362944783,-0.669961945,-9.041548383,0.059823613,-0.672624042,0.438707059
9.146000,1.412738543,-0.628173137,-8.835682606,0.044103648,-0.626417007,0.450127631
9.147000,1.364649958,-0.514606442,-8.616787972,0.024322723,-0.586240065,0.468568544
9.148000,1.217149336,-0.317937149,-8.427122181,0.003901417,-0.550351862,0.495767957
9.149000,1.040257916,-0.101696845,-8.265656009,-0.016260197,-0.513875480,0.524332308
9.150000,0.853623969,0.076639053,-8.178209263,-0.032133075,-0.475462822,0.549749132
9.151000,0.741471712,0.173773813,-8.095748559,-0.040972691,-0.434040518,0.564689173
9.152000,0.741677462,0.194968255,-8.012539893,-0.042206554,-0.388577155,0.567343821
9.153000,0.998347296,0.072159827,-7.927083633,-0.029459316,-0.331846599,0.550963087
9.154000,1.378700522,-0.115359098,-7.810406876,-0.008692680,-0.270747952,0.523756232
9.155000,1.907151887,-0.333166222,-7.629078507,0.018494653,-0.206476372,0.485853242
9.156000,2.452673400,-0.544829423,-7.445698391,0.045450141,-0.141661910,0.447788253
9.157000,2.952309247,-0.714626953,-7.262279732,0.068778872,-0.081581819,0.409126101
9.158000,3.324089480,-0.741754321,-6.996023141,0.078695648,-0.037714096,0.368649484
9.159000,3.598509458,-0.690112882,-6.721675902,0.080958555,-0.005344352,0.328689850
9.160000,3.740982335,-0.576868827,-6.473148838,0.076925033,0.014229907,0.290712666
9.161000,3.817411363,-0.483156102,-6.265869986,0.073208952,0.027161301,0.255536857
9.162000,3.824027086,-0.350891581,-6.041311350,0.069048753,0.031907769,0.223219675
9.163000,3.701425656,-0.233951489,-5.865896854,0.071278982,0.025275970,0.198227644
9.164000,3.504223132,-0.163966893,-5.729241775,0.077952029,0.012498213,0.178897249
9.165000,3.274952549,-0.142943268,-5.642711338,0.089748289,-0.005487376,0.166877182
9.166000,3.055668971,-0.140218824,-5.577793006,0.106466448,-0.026827738,0.158120301
9.167000,2.833237409,-0.169438675,-5.542366770,0.124077802,-0.050336716,0.151792425
9.168000,2.668145847,-0.220994983,-5.547689459,0.142167015,-0.076586668,0.146167287
9.169000,2.536833330,-0.249962633,-5.581860036,0.158302266,-0.105952304,0.139794221
9.170000,2.428060674,-0.247098432,-5.632078609,0.171193389,-0.138413921,0.128250771
9.171000,2.286055757,-0.264454740,-5.735350501,0.182836212,-0.173946242,0.111163248
9.172000,2.102290090,-0.248407782,-5.909399006,0.193316223,-0.212115005,0.089247963
9.173000,1.877657233,-0.237382521,-6.149806642,0.202353521,-0.255153172,0.061410832
9.174000,1.661133093,-0.246503863,-6.409540370,0.211844181,-0.299605073,0.031533207
9.175000,1.413664452,-0.271218908,-6.699258831,0.220736333,-0.348582489,0.001949757
9.176000,1.207072758,-0.289634264,-6.980434554,0.226604609,-0.399968653,-0.024280133
9.177000,1.022560620,-0.341204160,-7.215647587,0.231938409,-0.453021948,-0.047056035
9.178000,0.930846559,-0.374834754,-7.417868609,0.231968162,-0.505949525,-0.062163322
9.179000,0.914336665,-0.410504665,-7.616386174,0.228543350,-0.559613002,-0.071280443
9.180000,0.972936537,-0.422652231,-7.827487750,0.221463699,-0.611979496,-0.076662376
9.181000,1.083181229,-0.366589201,-8.057000533,0.209367396,-0.662137562,-0.077644711
9.182000,1.205703189,-0.267865761,-8.342478090,0.221670352,-0.719781253,-0.073048785
9.183000,1.313634119,-0.100286476,-8.647984877,0.204085475,-0.768501482,-0.070968851
9.184000,1.420328902,0.070530243,-8.944326714,0.185791764,-0.816533571,-0.065825659
9.185000,1.527356176,0.163569171,-9.240911462,0.170084260,-0.863522748,-0.057871529
9.186000,1.649390409,0.160637425,-9.540598732,0.158489263,-0.911756889,-0.049802777
9.187000,1.815802766,0.085815251,-9.846950039,0.149507275,-0.958975704,-0.041327578
9.188000,2.045909640,-0.038697244,-10.147644873,0.141639090,-1.006168109,-0.032651887
9.189000,2.308978719,-0.190205081,-10.476259579,0.134148932,-1.053909090,-0.024590821
9.190000,2.605039595,-0.297043371,-10.784179432,0.123799785,-1.101976739,-0.015603697
9.191000,2.920828119,-0.299621509,-11.077569039,0.106348714,-1.149575073,-0.006207534
9.192000,3.226934026,-0.246403594,-11.352829379,0.086379824,-1.197512943,0.002409895
9.193000,3.502498893,-0.178113810,-11.630910008,0.064472679,-1.244999367,0.011343048
9.194000,3.715027880,-0.119587798,-11.917323637,0.044343657,-1.292996715,0.018035667
9.195000,3.910788220,-0.121407180,-12.204016129,0.028553937,-1.339635834,0.023237854
9.196000,4.084446917,-0.176179814,-12.504127813,0.018210485,-1.385490232,0.029714224
9.197000,4.276376288,-0.248490080,-12.824967879,0.009462580,-1.428561108,0.038146003
9.198000,4.530320264,-0.311378755,-13.129427121,0.004159974,-1.465955741,0.048060768
9.199000,4.864937051,-0.342854225,-13.405886521,-0.000422404,-1.497470061,0.060505539
9.200000,5.229283397,-0.363811865,-13.651198640,-0.003330369,-1.524666215,0.073582040
9.201000,5.603599366,-0.405728899,-13.839815026,-0.006494393,-1.549705889,0.082135507
9.202000,5.969459935,-0.457360129,-13.944488282,-0.010818481,-1.574406891,0.087317952
9.203000,6.249246382,-0.522393081,-13.937601671,-0.019710746,-1.602284373,0.083552636
9.204000,6.465301685,-0.583783688,-13.897356867,-0.029944337,-1.631783802,0.075867353
9.205000,6.477573332,-0.621635365,-13.793992664,-0.043505903,-1.668103054,0.060667290
9.206000,6.393758603,-0.632309324,-13.696694023,-0.056802365,-1.706979829,0.043586598
9.207000,6.227855940,-0.646563811,-13.620639145,-0.068471902,-1.748669953,0.024896865
9.208000,5.951526121,-0.693936222,-13.571429229,-0.073599832,-1.793008249,0.006957539
9.209000,5.642056989,-0.756794838,-13.513433964,-0.075946742,-1.837082433,-0.009305683
9.210000,5.277971441,-0.840542378,-13.427095184,-0.075935993,-1.878701271,-0.023634929
9.211000,4.952876933,-0.911757326,-13.320261357,-0.075330312,-1.914648758,-0.032643657
9.212000,4.641525427,-0.958750309,-13.183609560,-0.075117714,-1.947187811,-0.037859926
9.213000,4.323596470,-0.933407848,-12.987966641,-0.077672777,-1.974295867,-0.037993834
9.214000,4.038587380,-0.841410544,-12.755971509,-0.083099049,-1.994669119,-0.034643235
9.215000,3.747424742,-0.719380361,-12.485588519,-0.091661366,-2.011989064,-0.028976844
9.216000,3.379211118,-0.588815040,-12.170020971,-0.101510101,-2.025770408,-0.024392201
9.217000,2.975657322,-0.451776213,-11.849407135,-0.112279251,-2.037791095,-0.021292415
9.218000,2.514700939,-0.316232974,-11.523413340,-0.124896821,-2.044352970,-0.020768068
9.219000,2.023106981,-0.189470293,-11.195772698,-0.136539043,-2.046565698,-0.022387479
9.220000,1.523967804,-0.064577136,-10.885672274,-0.146519186,-2.042188539,-0.026387908
9.221000,1.098302828,0.051807934,-10.586067058,-0.154453085,-2.027752388,-0.031924539
9.222000,0.756890418,0.146980471,-10.311202679,-0.160799727,-2.004381645,-0.038944605
9.223000,0.451733591,0.209053940,-10.031269969,-0.165200155,-1.976634259,-0.047035122
9.224000,0.239265708,0.221227211,-9.726080185,-0.166546217,-1.937475722,-0.057803234
9.225000,0.132870705,0.208468871,-9.386498377,-0.166269408,-1.889823657,-0.070684963
9.226000,0.061934784,0.169239630,-9.029821398,-0.164451111,-1.839875979,-0.084532035
9.227000,0.036836954,0.080171633,-8.651235042,-0.161289563,-1.785792881,-0.099980126
9.228000,0.032972737,0.026974370,-8.265116967,-0.160624904,-1.729441872,-0.116401980
9.229000,0.000103324,-0.008217232,-7.865890379,-0.160849238,-1.671446103,-0.133146051
9.230000,-0.069597001,-0.014069084,-7.464383439,-0.162578986,-1.614149775,-0.149461828
9.231000,-0.199425593,0.058009290,-7.073409177,-0.166146943,-1.555113081,-0.163520699
9.232000,-0.348607133,0.154909252,-6.690009553,-0.171104278,-1.495199251,-0.176943006
9.233000,-0.471104574,0.235250953,-6.318693469,-0.176377298,-1.430011657,-0.188339372
9.234000,-0.532686691,0.308552426,-5.956915240,-0.181940746,-1.359642753,-0.197914841
9.235000,-0.512306970,0.315979982,-5.619124781,-0.185180236,-1.281435463,-0.205661982
9.236000,-0.420565764,0.276670387,-5.276381588,-0.187602902,-1.197941757,-0.212631805
9.237000,-0.298752070,0.202613665,-4.918391198,-0.188444896,-1.111171811,-0.218987241
9.238000,-0.174562692,0.107998851,-4.531409793,-0.186600832,-1.022204082,-0.223828876
9.239000,-0.052354178,0.010208762,-4.140830999,-0.183829898,-0.932193341,-0.228418898
9.240000,0.061263818,-0.058170221,-3.745189229,-0.181663438,-0.842888175,-0.231563232
9.241000,0.141234773,-0.116172615,-3.351445553,-0.179041756,-0.754794624,-0.234556109
9.242000,0.192203466,-0.134652508,-2.964084033,-0.177516143,-0.668645134,-0.238198720
9.243000,0.225014662,-0.117541665,-2.589584313,-0.177707408,-0.583180154,-0.241653129
9.244000,0.252756526,-0.067000178,-2.214044683,-0.180312160,-0.497788782,-0.245980389
9.245000,0.291948458,0.011451469,-1.822117362,-0.185302522,-0.410734543,-0.251018734
9.246000,0.337298596,0.089145799,-1.437938210,-0.189651175,-0.321214705,-0.253694633
9.247000,0.397743800,0.163994309,-1.061376420,-0.193662513,-0.231517243,-0.255985067
9.248000,0.460023184,0.192994759,-0.678012822,-0.195260538,-0.140074105,-0.259158947
9.249000,0.526436907,0.186917902,-0.305748293,-0.194365557,-0.047094097,-0.261411050
9.250000,0.572527455,0.141033361,0.039232662,-0.189364716,0.043754641,-0.262895689
9.251000,0.593430173,0.075585635,0.395192878,-0.182235872,0.132343972,-0.265191211
9.252000,0.588505230,0.012750568,0.772742919,-0.174445552,0.218110991,-0.268034073
9.253000,0.538639342,0.002465906,1.160779579,-0.168087774,0.298558827,-0.267458782
9.254000,0.426672616,0.040471261,1.575812618,-0.163922766,0.374115318,-0.264786353
9.255000,0.299403605,0.119911238,2.012079538,-0.164307504,0.447991635,-0.260439340
9.256000,0.185797931,0.237386463,2.465764625,-0.169870649,0.523067624,-0.252960300
9.257000,0.071395877,0.407870277,2.878567075,-0.181983094,0.600610373,-0.242410800
9.258000,0.028735545,0.589291858,3.210011605,-0.200742637,0.679900341,-0.232523776
9.259000,0.019323487,0.761700334,3.483527374,-0.220617239,0.761687484,-0.222232658
9.260000,0.046073484,0.933771252,3.688752966,-0.239952449,0.844276519,-0.211321527
9.261000,0.139310688,1.044783665,3.831674700,-0.252705689,0.926897905,-0.202338823
9.262000,0.256203525,1.136339539,3.930627480,-0.262770300,1.009145169,-0.194362933
9.263000,0.415840141,1.142435056,3.991524469,-0.263139195,1.093935822,-0.186933982
9.264000,0.632634510,1.083091900,4.061003222,-0.258053615,1.177461146,-0.179362152
9.265000,0.907284493,0.964914107,4.171030775,-0.249263468,1.259586291,-0.170508245
9.266000,1.215797459,0.845007304,4.341615025,-0.239549800,1.336954573,-0.161554225
9.267000,1.549125713,0.698979260,4.564280265,-0.227997952,1.411234797,-0.152336052
9.268000,1.907456009,0.620766163,4.886155827,-0.220251375,1.476973556,-0.141097618
9.269000,2.259973461,0.610280294,5.228770004,-0.215505052,1.536510533,-0.128899355
9.270000,2.594152053,0.636763738,5.575016950,-0.212348247,1.590314861,-0.117999369
9.271000,2.901249798,0.688742712,5.909751709,-0.211871981,1.638157835,-0.107039312
9.272000,3.178632388,0.780916637,6.207944159,-0.214106283,1.677586316,-0.094430081
9.273000,3.422946718,0.828580829,6.437027710,-0.214207020,1.706323723,-0.083267123
9.274000,3.632436928,0.844328974,6.649265425,-0.213097347,1.727370034,-0.072589532
9.275000,3.783770251,0.803687265,6.850145949,-0.210031074,1.741778004,-0.062510727
9.276000,3.873999434,0.696958773,6.998210348,-0.205014772,1.747883248,-0.054705469
9.277000,3.928736166,0.560862611,7.118563257,-0.198296231,1.749419741,-0.047637643
9.278000,3.901034513,0.403513530,7.215201980,-0.191183237,1.742665594,-0.041024966
9.279000,3.810313839,0.257350999,7.287714966,-0.184342003,1.729216530,-0.034346636
9.280000,3.691376403,0.140281888,7.329287334,-0.178147140,1.709824867,-0.026322381
9.281000,3.547707736,0.043031562,7.383212625,-0.169940946,1.684814586,-0.017313742
9.282000,3.373092806,-0.007762663,7.432897201,-0.161674649,1.654087758,-0.004507264
9.283000,3.204734163,0.004104136,7.476733422,-0.154917232,1.618347126,0.010481532
9.284000,3.082490193,0.045213412,7.501893514,-0.149247363,1.583014545,0.024908712
9.285000,2.994302955,0.081613160,7.514168427,-0.143471873,1.547520566,0.037970409
9.286000,2.949059800,0.126775924,7.508207175,-0.137587486,1.510520019,0.052066756
9.287000,2.946581939,0.155580403,7.494510920,-0.130163791,1.472456338,0.065871461
9.288000,2.994783492,0.136791167,7.492209538,-0.120187349,1.432446927,0.077603037
9.289000,3.071453599,0.088329999,7.494949885,-0.107652568,1.390876026,0.088930567
9.290000,3.148387517,0.021188656,7.508593699,-0.094306619,1.346469676,0.100703534
9.291000,3.190066580,-0.050515551,7.532565562,-0.082001653,1.292989741,0.114285421
9.292000,3.181868325,-0.095319400,7.557668284,-0.072906979,1.234268343,0.127191540
9.293000,3.069033026,-0.078598590,7.582861524,-0.068764252,1.166686214,0.141652728
9.294000,2.866317054,0.003176466,7.591632673,-0.069588187,1.094718489,0.157297405
9.295000,2.554813427,0.128534942,7.586377981,-0.076646440,1.016712012,0.172216156
9.296000,2.175999182,0.275695786,7.561391797,-0.086828607,0.935585068,0.187863107
9.297000,1.749352279,0.415487491,7.505253390,-0.097779346,0.852911376,0.203469123
9.298000,1.323846748,0.497841901,7.415258719,-0.108591135,0.771269062,0.218308519
9.299000,0.890316042,0.519447853,7.311619367,-0.116864161,0.688426932,0.230275576
9.300000,0.502810049,0.488263182,7.210908075,-0.119664530,0.607076296,0.239166245
9.301000,0.157872913,0.428574921,7.140436556,-0.119901454,0.526373497,0.245103715
9.302000,-0.155096728,0.354165231,7.061963835,-0.116038041,0.448303236,0.248357395
9.303000,-0.391503753,0.295663118,6.935050144,-0.104669895,0.376819818,0.248756002
9.304000,-0.568874291,0.182921520,6.765345158,-0.083598177,0.311379857,0.248108895
9.305000,-0.687255531,0.013381613,6.596197573,-0.052881186,0.252756879,0.248408914
9.306000,-0.749436328,-0.202119630,6.421111060,-0.012382617,0.201011338,0.251175267
9.307000,-0.763549111,-0.445344729,6.273424004,0.031346594,0.155397360,0.257963572
9.308000,-0.773956600,-0.670348673,6.233491386,0.073711570,0.113590491,0.267879901
9.309000,-0.767490007,-0.808022292,6.250567599,0.103296652,0.078252150,0.280877386
9.310000,-0.716226570,-0.852974782,6.270020612,0.121032709,0.053031677,0.295897088
9.311000,-0.596576415,-0.770723453,6.209210000,0.121309756,0.041977513,0.306646774
9.312000,-0.428603039,-0.642087248,6.110756863,0.109936451,0.040724659,0.314859136
9.313000,-0.117636909,-0.505487795,5.886395392,0.086924327,0.057482185,0.320772704
9.314000,0.253791529,-0.400211239,5.587893096,0.063193798,0.081870289,0.323004643
9.315000,0.683276082,-0.331472610,5.241681447,0.040676524,0.110666648,0.316541237
9.316000,1.134255268,-0.353171265,4.962579443,0.024161362,0.140289025,0.310400443
9.317000,1.591963887,-0.420377357,4.704297639,0.011868667,0.170958816,0.301094673
9.318000,1.925686751,-0.533201595,4.508551342,0.009284494,0.197078980,0.286583009
9.319000,2.174701150,-0.697971356,4.393762641,0.014783171,0.217888173,0.271536063
9.320000,2.302212184,-0.909077228,4.339872926,0.024961007,0.234635311,0.255199455
9.321000,2.278391870,-1.095846169,4.279587036,0.037136812,0.245451743,0.237197275
9.322000,2.169401438,-1.311452402,4.264816956,0.054246778,0.252476416,0.218697875
9.323000,1.940869166,-1.470333198,4.325088489,0.066122464,0.255561772,0.202627961
9.324000,1.713242815,-1.540930606,4.425036381,0.069677519,0.260641798,0.189297148
9.325000,1.509631418,-1.500229616,4.559191608,0.062736278,0.267296955,0.181655437
9.326000,1.343284022,-1.392652978,4.726193244,0.048097404,0.276852806,0.176347054
9.327000,1.182740925,-1.233816138,4.928744901,0.021758650,0.291150045,0.171732148
9.328000,1.048830592,-1.016456625,5.140759992,-0.014391159,0.308555283,0.162021069
9.329000,0.887031207,-0.851393243,5.329913195,-0.046122684,0.326596922,0.147538141
9.330000,0.694246752,-0.731975441,5.517772577,-0.073267058,0.343684049,0.127044264
9.331000,0.504580406,-0.665681751,5.742570740,-0.090690260,0.363606020,0.101433303
9.332000,0.305742244,-0.631564473,5.953123710,-0.096242367,0.387947902,0.074814305
9.333000,0.143641164,-0.685266869,6.174390196,-0.084050938,0.423378794,0.053464523
9.334000,0.038203488,-0.748040205,6.422513935,-0.059286707,0.470070043,0.039193399
9.335000,0.037596663,-0.838909402,6.687906804,-0.024683789,0.531644669,0.029247969
9.336000,0.089411492,-0.916297816,6.917282385,0.009900792,0.603972609,0.027211635
9.337000,0.230926475,-0.981842361,7.172362090,0.046028708,0.687638566,0.031822785
9.338000,0.474908609,-1.019109086,7.416738856,0.076767464,0.780699258,0.040040804
9.339000,0.784102282,-0.992749605,7.619588350,0.099443494,0.878941922,0.052160756
9.340000,1.146789903,-0.885572310,7.806100628,0.113151016,0.978795307,0.067812930
9.341000,1.566093087,-0.742819800,7.992675540,0.122563492,1.079877907,0.081258313
9.342000,1.944415649,-0.543913400,8.184664878,0.125187607,1.176760117,0.094590301
9.343000,2.260291442,-0.294502188,8.395170232,0.123671819,1.270818249,0.107287865
9.344000,2.549296763,-0.075152629,8.630163890,0.122334273,1.363730626,0.117708218
9.345000,2.773091803,0.082699384,8.895825576,0.120228787,1.454793757,0.124309503
9.346000,2.955076505,0.193964207,9.216914905,0.117857877,1.545220487,0.127704367
9.347000,3.120068180,0.237875634,9.521630340,0.116289455,1.636671050,0.129973466
9.348000,3.306538043,0.182778084,9.879682263,0.118731616,1.731908853,0.128921625
9.349000,3.488344579,0.081407270,10.260627536,0.125168351,1.828142939,0.126861435
9.350000,3.677819098,-0.085463028,10.662329459,0.139839769,1.924845428,0.126327017
9.351000,3.847235564,-0.287095790,11.060590810,0.158509876,2.022478833,0.125396629
9.352000,4.020136768,-0.499978866,11.411731905,0.181809078,2.119753910,0.125127003
9.353000,4.171235745,-0.728543166,11.701808992,0.205973807,2.218653586,0.124595945
9.354000,4.313059248,-0.939774112,11.938922631,0.229414338,2.319743945,0.123870802
9.355000,4.493145336,-1.068254412,12.061160456,0.249846993,2.425382843,0.122850161
9.356000,4.691186221,-1.153643855,12.130035910,0.266915216,2.534172133,0.121745934
9.357000,4.944743638,-1.196782592,12.196177147,0.280781868,2.647673620,0.121041431
9.358000,5.355548527,-1.050393096,12.269641361,0.284813387,2.767791068,0.121685679
9.359000,5.853860008,-0.830279944,12.362518102,0.283930192,2.890220845,0.123510558
9.360000,6.420931317,-0.583693267,12.501401757,0.276898584,3.015224244,0.125963768
9.361000,7.046691621,-0.307679859,12.590427319,0.266885595,3.140918762,0.129872399
9.362000,7.763072489,-0.070797538,12.651055233,0.255101249,3.268892633,0.134314924
9.363000,8.512062875,0.071208103,12.694838628,0.244120818,3.401358097,0.139096406
9.364000,9.237509131,0.097817004,12.721678220,0.237915886,3.533750574,0.143812118
9.365000,9.907862624,0.062188666,12.753475453,0.235626226,3.661396266,0.150188272
9.366000,10.470442011,-0.044113390,12.834870580,0.234777618,3.779135112,0.156807593
9.367000,10.906738097,-0.174223124,12.920736090,0.234712148,3.884060109,0.163747589
9.368000,11.221435635,-0.316039925,13.037012724,0.235296357,3.976953086,0.171434909
9.369000,11.405767951,-0.414825608,13.165947293,0.235039572,4.058606821,0.178588307
9.370000,11.483275543,-0.451215759,13.304716611,0.231540509,4.132604908,0.183258756
9.371000,11.431921512,-0.404845161,13.450517424,0.226134427,4.197975957,0.189252012
9.372000,11.310727202,-0.325880597,13.621562618,0.221289567,4.258537441,0.195396810
9.373000,11.139351293,-0.262885221,13.743432135,0.216261026,4.314437522,0.204276699
9.374000,10.972741017,-0.229824131,13.851756644,0.211268558,4.369023753,0.214012187
9.375000,10.868456272,-0.269210965,13.917196496,0.208704468,4.420442005,0.222332150
9.376000,10.792444146,-0.418592710,13.974637825,0.209744195,4.467059467,0.226898343
9.377000,10.722497051,-0.606876949,14.035151187,0.209836244,4.508957955,0.223345276
9.378000,10.686076680,-0.782272645,14.142986813,0.209563938,4.545124385,0.205710663
9.379000,10.638909048,-0.934369977,14.288472161,0.210016139,4.577736091,0.185934030
9.380000,10.564040810,-1.022088297,14.486341449,0.209993867,4.606548013,0.164878865
9.381000,10.526972491,-1.007152794,14.665895522,0.206262883,4.635063038,0.137152442
9.382000,10.532644175,-0.900092033,14.851452149,0.204525472,4.663752902,0.112343628
9.383000,10.555827847,-0.788240390,15.012668805,0.207577988,4.689044004,0.097206386
9.384000,10.591413734,-0.679131373,15.121295370,0.210160583,4.711727018,0.081249613
9.385000,10.601675163,-0.594637078,15.167837259,0.211487347,4.728005375,0.060925174
9.386000,10.588401565,-0.584588722,15.212204707,0.215679536,4.736938550,0.045925669
9.387000,10.500516064,-0.620388546,15.220768297,0.216380369,4.733074927,0.029810624
9.388000,10.262400158,-0.647605749,15.177918917,0.210736963,4.714978147,0.009302455
9.389000,9.988320273,-0.698740058,15.129770563,0.205921595,4.691562216,-0.009522928
9.390000,9.700997656,-0.761030519,15.085957752,0.202460195,4.663092310,-0.024652158
9.391000,9.299135526,-0.783405272,15.005168594,0.196772396,4.624412545,-0.041373296
9.392000,8.848356926,-0.759337098,14.895948497,0.191629645,4.580012036,-0.059725148
9.393000,8.434920159,-0.739774244,14.783340614,0.191653026,4.529966710,-0.079909917
9.394000,7.989980281,-0.678281656,14.667791842,0.190601854,4.475017645,-0.102930995
9.395000,7.545945179,-0.559382057,14.548268204,0.187652122,4.414831051,-0.126911438
9.396000,7.178477531,-0.483895430,14.431085077,0.187183725,4.354598384,-0.150223799
9.397000,6.891222007,-0.422227174,14.309529232,0.187762365,4.293801929,-0.173837637
9.398000,6.684051725,-0.342991583,14.152011062,0.185473895,4.232323392,-0.193427767
9.399000,6.528766868,-0.320793557,13.972392294,0.184498670,4.167776217,-0.209775050
9.400000,6.380779389,-0.392332557,13.742554191,0.187703764,4.098104479,-0.225148756
9.401000,6.213668733,-0.455830900,13.482139006,0.191690132,4.023062494,-0.236324892
9.402000,6.050436371,-0.508664769,13.199753325,0.193892800,3.942321978,-0.242176008
9.403000,5.788873039,-0.531016716,12.942733105,0.194563085,3.849935415,-0.244468698
9.404000,5.486168095,-0.444352462,12.710626336,0.189462899,3.751576566,-0.245335498
9.405000,5.168450748,-0.295102445,12.490715942,0.181749831,3.649958657,-0.245287303
9.406000,4.762029360,-0.110293181,12.280003558,0.171377185,3.538482493,-0.244956532
9.407000,4.307870675,0.057723664,12.056313499,0.162035923,3.420228393,-0.243298663
9.408000,3.818711805,0.122959278,11.761216828,0.160688322,3.293397492,-0.241956674
9.409000,3.286202678,0.142558451,11.441338618,0.161467489,3.160307802,-0.240538156
9.410000,2.767842739,0.138291828,11.100372244,0.162349834,3.025668895,-0.237799182
9.411000,2.314748199,0.069850583,10.714288762,0.166743464,2.893666466,-0.235798397
9.412000,1.896251453,-0.053632659,10.269151143,0.174669080,2.760523672,-0.235270076
9.413000,1.567976658,-0.110693895,9.806274747,0.174747911,2.628400106,-0.236611505
9.414000,1.286037485,-0.166372434,9.277431326,0.175763361,2.497013867,-0.239560489
9.415000,1.005239092,-0.227328460,8.705423196,0.177925705,2.361707204,-0.246822444
9.416000,0.736964980,-0.228502019,8.163257655,0.175457312,2.225964760,-0.256468503
9.417000,0.503169068,-0.154061383,7.587997211,0.166396683,2.086327462,-0.270382772
9.418000,0.281289208,-0.062873126,7.028414952,0.155585320,1.947028180,-0.285857419
9.419000,0.059071749,0.072097090,6.502049600,0.139557928,1.808419321,-0.299961062
9.420000,-0.169136945,0.224165566,6.004497705,0.120351935,1.671863426,-0.309147706
9.421000,-0.410501510,0.367000944,5.457946829,0.101052620,1.534923013,-0.314513184
9.422000,-0.665021980,0.503141565,4.893190113,0.081089908,1.399463490,-0.317906739
9.423000,-0.930016128,0.624154271,4.313288231,0.062635275,1.262807801,-0.319477040
9.424000,-1.238906370,0.686783183,3.679157113,0.052077384,1.118969992,-0.320095595
9.425000,-1.560376588,0.716178508,3.046253286,0.046986335,0.971859445,-0.321564133
9.426000,-1.889090470,0.676126140,2.459132903,0.049273835,0.824927914,-0.322234824
9.427000,-2.227525041,0.608971830,1.914179579,0.055016868,0.677883486,-0.322917086
9.428000,-2.558123629,0.569816652,1.444703288,0.059625778,0.536188585,-0.324548320
9.429000,-2.880991488,0.492788734,0.976254155,0.066585052,0.397577188,-0.325531120
9.430000,-3.173950508,0.407160973,0.499689659,0.072593546,0.263583101,-0.325690313
9.431000,-3.450151554,0.363024676,0.038938692,0.075991201,0.132957587,-0.326279011
9.432000,-3.696500506,0.355353151,-0.394190323,0.075354902,0.005933860,-0.325486570
9.433000,-3.855699074,0.357344158,-0.856503783,0.071513446,-0.116329345,-0.325557260
9.434000,-3.956758570,0.397653905,-1.340922573,0.065761334,-0.232689689,-0.325816385
9.435000,-4.016590402,0.460961248,-1.824724503,0.060278485,-0.343069756,-0.324908900
9.436000,-4.011373433,0.524988729,-2.307190535,0.054190550,-0.446939612,-0.322889272
9.437000,-3.859830337,0.588493841,-2.820473542,0.048457456,-0.538799840,-0.320248181
9.438000,-3.614893464,0.658152545,-3.339595617,0.042097511,-0.621467285,-0.313677217
9.439000,-3.317433731,0.717343460,-3.865341970,0.034397957,-0.699019606,-0.304143236
9.440000,-2.958172446,0.756298792,-4.410811209,0.024988771,-0.771382344,-0.292306635
9.441000,-2.598726239,0.766395921,-4.952569437,0.014104432,-0.841239351,-0.276926412
9.442000,-2.265931589,0.747865105,-5.478193422,0.003626054,-0.908370375,-0.259946530
9.443000,-1.955608625,0.694552475,-5.941132481,-0.005083983,-0.969544278,-0.241664699
9.444000,-1.677253992,0.621918650,-6.382334467,-0.012089607,-1.029654993,-0.222845839
9.445000,-1.446783804,0.531420061,-6.779516602,-0.015964204,-1.086968099,-0.202014124
9.446000,-1.241661094,0.437683360,-7.125424296,-0.016217939,-1.139975585,-0.180587742
9.447000,-1.041174113,0.353661391,-7.435919461,-0.014352020,-1.189356949,-0.158251522
9.448000,-0.856789302,0.263498820,-7.722352082,-0.009439401,-1.230958898,-0.133616536
9.449000,-0.661220869,0.188899116,-7.996067583,-0.004613687,-1.269618839,-0.108727212
9.450000,-0.436942564,0.131467591,-8.248774293,-0.000109152,-1.299902221,-0.083060052
9.451000,-0.166442006,0.058418433,-8.506702375,0.005147070,-1.321568190,-0.057026386
9.452000,0.132266480,-0.030219996,-8.764918424,0.010787146,-1.337565623,-0.030640467
9.453000,0.484652737,-0.117578517,-9.018013705,0.015077110,-1.344774129,-0.005767192
9.454000,0.843831587,-0.212145438,-9.259523382,0.019079503,-1.348190849,0.017619557
9.455000,1.220089410,-0.325230709,-9.498120379,0.023295782,-1.347651584,0.040391742
9.456000,1.558307678,-0.396247150,-9.713943696,0.024485119,-1.344569245,0.062717685
9.457000,1.852169463,-0.424866086,-9.917670864,0.021974550,-1.338578654,0.083671335
9.458000,2.077503026,-0.428101866,-10.089450180,0.015955072,-1.329012096,0.102462066
9.459000,2.240568430,-0.406223861,-10.233900205,0.008648465,-1.319476729,0.120431988
9.460000,2.335195977,-0.361302833,-10.345950081,-0.000675765,-1.309472514,0.137006805
9.461000,2.368081877,-0.357823421,-10.407403280,-0.009678441,-1.297508874,0.150762899
9.462000,2.344848537,-0.388151222,-10.431416853,-0.016283362,-1.284702221,0.162644846
9.463000,2.192589630,-0.460986465,-10.380831884,-0.017407474,-1.272940589,0.175523668
9.464000,1.988608592,-0.556500221,-10.314300621,-0.016612101,-1.260030174,0.189455951
9.465000,1.725527879,-0.662984457,-10.232277070,-0.014358548,-1.246389284,0.203830084
9.466000,1.396131622,-0.739258567,-10.143474422,-0.008718190,-1.232314933,0.220798994
9.467000,1.011986568,-0.773569944,-10.069977356,-0.000474024,-1.216551324,0.239948183
9.468000,0.648526320,-0.749997039,-10.026880128,0.009441123,-1.193714272,0.261421228
9.469000,0.341054026,-0.695083734,-9.988402314,0.020315364,-1.166814433,0.283700921
9.470000,0.112092619,-0.642219956,-9.979257515,0.035505626,-1.134097468,0.306527487
9.471000,0.015754819,-0.598771566,-9.975932063,0.052032348,-1.091709966,0.330092086
9.472000,0.058696363,-0.571987545,-9.941670226,0.068750613,-1.040554548,0.353242035
9.473000,0.246846348,-0.574976543,-9.882675203,0.082866563,-0.981173743,0.375148503
9.474000,0.472717664,-0.591149566,-9.801128141,0.092977778,-0.920154844,0.395148103
9.475000,0.766905830,-0.613132993,-9.674445929,0.095382750,-0.855549084,0.410886780
9.476000,1.004528403,-0.660434796,-9.511525882,0.089446181,-0.795245741,0.420582733
9.477000,1.222732729,-0.684156029,-9.337101401,0.079431653,-0.737746601,0.428000187
9.478000,1.329442613,-0.673813198,-9.115676297,0.064780648,-0.688847637,0.435990288
9.479000,1.407168348,-0.651597126,-8.901306102,0.049765353,-0.641156395,0.445280647
9.480000,1.383341744,-0.555200683,-8.688399167,0.030954524,-0.599473588,0.462198565
9.481000,1.274600512,-0.393084446,-8.490630960,0.010903361,-0.562063190,0.485789875
9.482000,1.098723775,-0.174190809,-8.304905201,-0.009800280,-0.526665108,0.515363297
9.483000,0.917686292,0.020294372,-8.205834039,-0.027085192,-0.488239416,0.541391629
9.484000,0.765958677,0.149593688,-8.125756019,-0.038858793,-0.448309930,0.561242972
9.485000,0.730470475,0.194138361,-8.038420685,-0.042547167,-0.404277780,0.567167813
9.486000,0.893272386,0.129337700,-7.958256112,-0.035102757,-0.351551831,0.558455772
9.487000,1.226567807,-0.043360679,-7.859826860,-0.017209820,-0.291658741,0.535000533
9.488000,1.724671189,-0.262311074,-7.690309038,0.009457951,-0.228139129,0.498544443
9.489000,2.272113283,-0.474876518,-7.506617445,0.036568058,-0.163150858,0.460470841
9.490000,2.795806071,-0.673735197,-7.333645385,0.062178414,-0.100152075,0.422391703
9.491000,3.211973692,-0.744618941,-7.084737818,0.076418179,-0.051248777,0.381996357
9.492000,3.532649533,-0.722586634,-6.811721909,0.081804393,-0.013192907,0.341731369
9.493000,3.696218046,-0.615748733,-6.554763939,0.078384286,0.007957385,0.303276293
9.494000,3.799283850,-0.510753691,-6.330747244,0.074135030,0.023630686,0.266941447
9.495000,3.830982727,-0.395678003,-6.112708381,0.070113403,0.031132809,0.233599204
9.496000,3.745973985,-0.270945914,-5.921291179,0.069967208,0.028019639,0.206077167
9.497000,3.586345645,-0.175618697,-5.764079698,0.074609912,0.018184683,0.183755809
9.498000,3.352065114,-0.149356635,-5.671200147,0.085722109,0.000608339,0.170822188
9.499000,3.128075049,-0.140919425,-5.597437227,0.100638556,-0.019437865,0.160740045
9.500000,2.904466101,-0.161136166,-5.550280441,0.118247477,-0.042430119,0.153848339
9.501000,2.718658364,-0.198328169,-5.544470181,0.135828470,-0.067524640,0.148054733
9.502000,2.576445147,-0.245420552,-5.564652278,0.153547436,-0.095528144,0.142243295
9.503000,2.463770078,-0.246266422,-5.611440157,0.167113226,-0.127664499,0.132317982
9.504000,2.335432103,-0.260752752,-5.692510517,0.179088925,-0.161827831,0.117583365
9.505000,2.173392053,-0.252478220,-5.847353007,0.189823588,-0.198902085,0.096960157
9.506000,1.950527469,-0.243989848,-6.067453344,0.199644464,-0.240773429,0.070842394
9.507000,1.732455787,-0.239650865,-6.318216191,0.208475580,-0.284447386,0.041814934
9.508000,1.496318159,-0.263491005,-6.599964701,0.218084089,-0.332040124,0.011693474
9.509000,1.271110566,-0.278089885,-6.894346717,0.224779507,-0.382560859,-0.016172073
9.510000,1.079209223,-0.331896895,-7.137667810,0.230801142,-0.435329038,-0.039860919
9.511000,0.945971436,-0.356556490,-7.354383362,0.232251859,-0.488282234,-0.058184160
9.512000,0.910906131,-0.402183619,-7.547975550,0.230337019,-0.541655039,-0.068995860
9.513000,0.952025504,-0.419646794,-7.758628668,0.223904835,-0.594574252,-0.075017619
9.514000,1.045756426,-0.391302796,-7.976089878,0.213655550,-0.645480951,-0.077480227
9.515000,1.155008677,-0.291753039,-8.221816292,0.199249010,-0.695964520,-0.078060420
9.516000,1.281281374,-0.160144382,-8.546489303,0.210096314,-0.752077949,-0.072099523
9.517000,1.381872208,0.016826487,-8.846686803,0.191920342,-0.800855918,-0.068006932
9.518000,1.491952447,0.133292988,-9.141823308,0.175276728,-0.847838726,-0.060525846
9.519000,1.601842029,0.178560965,-9.442032935,0.161760019,-0.895770165,-0.052524007
9.520000,1.756666515,0.111279991,-9.747284344,0.152449041,-0.943199729,-0.044187978
9.521000,1.964643891,0.011950648,-10.041028103,0.143942815,-0.990375363,-0.035509747
9.522000,2.214716905,-0.142950983,-10.366207289,0.136941480,-1.037908773,-0.027307465
9.523000,2.502595447,-0.264947860,-10.682427933,0.127488079,-1.086024639,-0.018742364
9.524000,2.816299922,-0.312381130,-10.980644118,0.112908443,-1.133664293,-0.009304185
9.525000,3.128039157,-0.264977084,-11.259986359,0.093199654,-1.181523956,-0.000519685
9.526000,3.416845168,-0.204889924,-11.536532723,0.071906612,-1.229208019,0.008766804
9.527000,3.655476525,-0.125824364,-11.819677236,0.050354608,-1.276879417,0.016412091
9.528000,3.845173552,-0.117780210,-12.109291118,0.033454600,-1.324198710,0.021452606
9.529000,4.025093927,-0.155706425,-12.400331401,0.021360078,-1.370484116,0.027297130
9.530000,4.199756433,-0.221429120,-12.715069098,0.012024645,-1.414924235,0.035564693
9.531000,4.441147773,-0.291190575,-13.032039767,0.005533324,-1.453966324,0.044279746
9.532000,4.741825052,-0.336981191,-13.317359811,0.001069551,-1.487827583,0.056217412
9.533000,5.108643787,-0.356260383,-13.569743737,-0.002415659,-1.515590758,0.069222703
9.534000,5.477595044,-0.388364428,-13.793066752,-0.005381582,-1.541599258,0.080142890
9.535000,5.852071595,-0.441729737,-13.925854105,-0.008857106,-1.566089431,0.085956176
9.536000,6.164249330,-0.499490457,-13.946873045,-0.016425030,-1.592693421,0.085537099
9.537000,6.405656733,-0.565883301,-13.914774396,-0.026523696,-1.621688652,0.079199228
9.538000,6.481597295,-0.609108027,-13.830798045,-0.038863773,-1.655760991,0.065982698
9.539000,6.438579427,-0.629202542,-13.723684292,-0.052632345,-1.693436593,0.049816556
9.540000,6.297468911,-0.640512793,-13.644079745,-0.065057599,-1.734345163,0.031030789
9.541000,6.047740206,-0.675816734,-13.585370331,-0.072354360,-1.778303863,0.012960512
9.542000,5.753235401,-0.733582675,-13.536605612,-0.075403219,-1.822601244,-0.004280401
9.543000,5.399221308,-0.812440719,-13.456017637,-0.075947484,-1.864861378,-0.018900598
9.544000,5.055985093,-0.893173126,-13.361648584,-0.075494253,-1.903504518,-0.030564568
9.545000,4.745865304,-0.942158423,-13.229958442,-0.075205158,-1.936649080,-0.036214303
9.546000,4.426353653,-0.953267012,-13.060918875,-0.076533776,-1.966032445,-0.038604911
9.547000,4.130449096,-0.874887611,-12.836639237,-0.081062308,-1.988672872,-0.036014932
9.548000,3.844836780,-0.760789182,-12.577107538,-0.088692383,-2.006391508,-0.030818752
9.549000,3.512500908,-0.634428910,-12.277817636,-0.098012945,-2.021412136,-0.025657266
9.550000,3.112856103,-0.498408350,-11.956881718,-0.108582553,-2.034030854,-0.022142416
9.551000,2.673939616,-0.358271566,-11.632461758,-0.120705625,-2.042524941,-0.020696611
9.552000,2.190254945,-0.232707052,-11.303004894,-0.133003699,-2.047336224,-0.021343747
9.553000,1.690347529,-0.106208188,-10.989039082,-0.143192471,-2.043647592,-0.025054432
9.554000,1.224056298,0.018348387,-10.681347745,-0.152283690,-2.034583476,-0.029703509
9.555000,0.870694555,0.115256292,-10.402824138,-0.158684179,-2.012171893,-0.036604583
9.556000,0.542974189,0.198798605,-10.126009838,-0.164453243,-1.987553217,-0.043988309
9.557000,0.297900664,0.223252869,-9.830756979,-0.166345617,-1.951593891,-0.053885324
9.558000,0.165537540,0.212556291,-9.500661997,-0.166398855,-1.905912900,-0.066352181
9.559000,0.077236668,0.187344639,-9.151981378,-0.165278372,-1.857181322,-0.079777601
9.560000,0.042029260,0.107757863,-8.778506434,-0.162175898,-1.803973815,-0.094840726
9.561000,0.034442670,0.042567619,-8.396473542,-0.160654661,-1.748522691,-0.110826850
9.562000,0.016020722,-0.002772130,-7.999953046,-0.160463462,-1.690831653,-0.127541999
9.563000,-0.044631484,-0.012380542,-7.597151354,-0.161968537,-1.633207159,-0.144047518
9.564000,-0.148414116,0.027732985,-7.202719979,-0.164603715,-1.574990162,-0.159004323
9.565000,-0.298505095,0.122288351,-6.816969663,-0.169407450,-1.515242786,-0.172521206
9.566000,-0.439415999,0.210758194,-6.440212857,-0.174497060,-1.452563879,-0.184764671
9.567000,-0.520714872,0.293726215,-6.073763363,-0.180480822,-1.383987121,-0.194965359
9.568000,-0.526555297,0.318796579,-5.732359041,-0.184216606,-1.308031215,-0.203205387
9.569000,-0.460292969,0.296011465,-5.393750719,-0.186949291,-1.226510954,-0.210379169
9.570000,-0.340583078,0.230907492,-5.039851535,-0.188433445,-1.140279241,-0.216962773
9.571000,-0.217460799,0.137835455,-4.662322361,-0.187365794,-1.052019075,-0.222315772
9.572000,-0.090315570,0.040184311,-4.272280725,-0.184718941,-0.962303901,-0.226978562
9.573000,0.023082346,-0.036869019,-3.876958197,-0.182349192,-0.872556325,-0.230553850
9.574000,0.119893744,-0.101954581,-3.479200937,-0.179822058,-0.783911067,-0.233478359
9.575000,0.176403579,-0.129626371,-3.092534795,-0.177970089,-0.697264679,-0.237020992
9.576000,0.215318329,-0.127437893,-2.712856742,-0.177392277,-0.611534706,-0.240410455
9.577000,0.241368386,-0.090072164,-2.342003353,-0.178968310,-0.526497347,-0.244407245
9.578000,0.279238389,-0.013961671,-1.952586091,-0.183686497,-0.439873484,-0.249398268
9.579000,0.320173456,0.065585091,-1.562454762,-0.188472685,-0.351081477,-0.253008668
9.580000,0.377620315,0.139263430,-1.186770784,-0.192357320,-0.261378882,-0.255223021
9.581000,0.436708714,0.186421198,-0.808245376,-0.194849476,-0.170778474,-0.258057009
9.582000,0.506793587,0.194523066,-0.424594909,-0.195205081,-0.077952754,-0.260823169
9.583000,0.557336392,0.156860677,-0.075497825,-0.191107887,0.013526490,-0.262416301
9.584000,0.590827830,0.097010852,0.272500200,-0.184739346,0.103247271,-0.264307295
9.585000,0.590411620,0.031811189,0.645846021,-0.176896756,0.189589630,-0.267165725
9.586000,0.564592184,0.000811968,1.033350488,-0.170267827,0.272518207,-0.268054499
9.587000,0.467622690,0.020310462,1.428933843,-0.164613226,0.349230760,-0.265946226
9.588000,0.341826609,0.093431246,1.866657231,-0.164179258,0.423366196,-0.261888344
9.589000,0.221468136,0.187430323,2.319269762,-0.166632599,0.497449717,-0.256305675
9.590000,0.104603407,0.350950590,2.745053660,-0.177762697,0.574526462,-0.245811335
9.591000,0.039579503,0.527993299,3.100813451,-0.194138621,0.653271939,-0.235914959
9.592000,0.015500370,0.704827106,3.407693023,-0.214038127,0.734098200,-0.225794223
9.593000,0.031479790,0.879843023,3.621723089,-0.233748409,0.816760939,-0.214885384
9.594000,0.104274169,1.011607618,3.791884270,-0.248904744,0.899462964,-0.205096455
9.595000,0.213805198,1.110789819,3.899257587,-0.260278433,0.981527887,-0.197461778
9.596000,0.359713160,1.146617120,3.973188928,-0.263542581,1.065545502,-0.189208754
9.597000,0.549597721,1.115278326,4.033250479,-0.260648567,1.150051030,-0.181951579
9.598000,0.815138711,1.003934298,4.133051757,-0.252180473,1.232257755,-0.173464750
9.599000,1.109029065,0.888595491,4.278121783,-0.243106561,1.311571091,-0.164549339
9.600000,1.436517797,0.744526625,4.481412020,-0.231609878,1.387075602,-0.155484006
9.601000,1.786387277,0.641887784,4.777498886,-0.222596071,1.455647861,-0.145035209
9.602000,2.145760078,0.604137936,5.113120245,-0.216658140,1.517808155,-0.132790183
9.603000,2.482759189,0.627935923,5.459601301,-0.213400516,1.572380085,-0.121632697
9.604000,2.804946439,0.662382374,5.804605341,-0.211474647,1.623842988,-0.110971915
9.605000,3.089853574,0.753687752,6.117008815,-0.213441163,1.665261188,-0.098467177
9.606000,3.342669569,0.815262364,6.364258639,-0.214411098,1.697695462,-0.087046489
9.607000,3.571093153,0.844553413,6.579481198,-0.213599979,1.721477987,-0.076078978
9.608000,3.738301683,0.825341453,6.785258563,-0.211276568,1.737524953,-0.065491874
9.609000,3.852776800,0.741892773,6.956792560,-0.207181430,1.747026224,-0.057102507
9.610000,3.916444703,0.607090773,7.081045924,-0.200681455,1.749597295,-0.049911392
9.611000,3.918511003,0.457565608,7.183329114,-0.193504798,1.745545629,-0.043085816
9.612000,3.847792343,0.304008430,7.268749550,-0.186604748,1.734634386,-0.036669312
9.613000,3.731022215,0.179304925,7.315429878,-0.180212094,1.716288754,-0.028997132
9.614000,3.601733771,0.068163354,7.364308179,-0.172744710,1.694163130,-0.020766318
9.615000,3.430799171,0.005689262,7.417489161,-0.164532903,1.664810680,-0.009149815
9.616000,3.260916784,-0.005026670,7.461778045,-0.156959568,1.630527455,0.005357824
9.617000,3.115514821,0.033579304,7.498438057,-0.151171549,1.594624994,0.020466036
9.618000,3.023698701,0.069479911,7.510076789,-0.145397036,1.559351892,0.033616510
9.619000,2.955603750,0.113234427,7.511608700,-0.139704431,1.523021463,0.047338907
9.620000,2.947145127,0.145679108,7.498196751,-0.132521978,1.485290034,0.061449510
9.621000,2.968747509,0.148811525,7.493111904,-0.124106888,1.445903888,0.073836413
9.622000,3.046100042,0.106235662,7.493266797,-0.111940488,1.404902536,0.085150816
9.623000,3.123140975,0.049932446,7.500160735,-0.098950031,1.362325751,0.096513395
9.624000,3.182293786,-0.029366876,7.524633980,-0.085673235,1.311556852,0.109816137
9.625000,3.194717558,-0.084285112,7.551500937,-0.075513204,1.254635494,0.122819183
9.626000,3.120229669,-0.091756198,7.571576118,-0.069387563,1.190132588,0.136605424
9.627000,2.945560571,-0.033220780,7.593819697,-0.068677980,1.119195127,0.151967649
9.628000,2.661635465,0.085761156,7.589169887,-0.074164195,1.042831258,0.167251748
9.629000,2.310851198,0.225134195,7.574269570,-0.083207754,0.962928928,0.182597570
9.630000,1.888515593,0.376390655,7.524799053,-0.094369030,0.880308815,0.198302873
9.631000,1.469930557,0.473933905,7.451022364,-0.104869621,0.798706289,0.213655442
9.632000,1.029467447,0.523440042,7.343636439,-0.115036366,0.715869283,0.226895095
9.633000,0.625783219,0.499619232,7.240834401,-0.118848394,0.634151494,0.236162483
9.634000,0.267898851,0.455987005,7.162301967,-0.120759094,0.552928246,0.243780483
9.635000,-0.058845879,0.369576788,7.095694383,-0.117528103,0.473515916,0.247501156
9.636000,-0.319455762,0.323856183,6.983809385,-0.109910192,0.400163596,0.248878498
9.637000,-0.519362565,0.228652829,6.824718161,-0.092071786,0.332135784,0.248377595
9.638000,-0.650411685,0.075231138,6.653005681,-0.064034057,0.271745106,0.248341383
9.639000,-0.737059173,-0.128944775,6.478542286,-0.026423967,0.217208923,0.249498456
9.640000,-0.759082860,-0.360998378,6.310262975,0.016642895,0.170187218,0.255521016
9.641000,-0.773832869,-0.601927275,6.235154623,0.060206754,0.127217652,0.264323270
9.642000,-0.776518010,-0.781932186,6.242261841,0.096209864,0.088025312,0.275878122
9.643000,-0.737317946,-0.845387585,6.268747655,0.115689111,0.060731486,0.291374176
9.644000,-0.639446462,-0.804413307,6.235000732,0.122845124,0.044441613,0.303502345
9.645000,-0.508761345,-0.687360961,6.152473425,0.115287212,0.038825236,0.312065742
9.646000,-0.227203639,-0.552452840,5.974969050,0.095458960,0.050626165,0.318848864
9.647000,0.125695903,-0.421794708,5.694458066,0.070563497,0.073134815,0.323858371
9.648000,0.536959189,-0.352469642,5.356639883,0.048032545,0.100895426,0.318915186
9.649000,0.978619983,-0.338814408,5.045485400,0.029159362,0.130227460,0.312713679
9.650000,1.451136680,-0.394864038,4.788904680,0.015329058,0.160928972,0.304622552
9.651000,1.816446502,-0.483260755,4.563329063,0.008714556,0.188505935,0.292000549
9.652000,2.106570862,-0.640825351,4.417230308,0.012221629,0.211745375,0.276142992
9.653000,2.265249287,-0.839203186,4.357070161,0.021568856,0.229243251,0.260693365
9.654000,2.302791834,-1.028110996,4.295713062,0.032111443,0.242557343,0.243433591
9.655000,2.214413675,-1.238724127,4.266677187,0.048534632,0.250253069,0.224485006
9.656000,2.016810349,-1.428115651,4.293266916,0.062686285,0.254942413,0.207770795
9.657000,1.792547316,-1.535724625,4.390922382,0.070423089,0.258413449,0.192879872
9.658000,1.574627775,-1.519163311,4.511172142,0.065462535,0.265131153,0.183891345
9.659000,1.399915636,-1.442260782,4.660830288,0.054860384,0.273164345,0.177671398
9.660000,1.234135379,-1.288838137,4.856481012,0.031664384,0.285784344,0.174419191
9.661000,1.090991557,-1.094380067,5.071139803,-0.001737403,0.302615997,0.165345344
9.662000,0.945231610,-0.890914954,5.266577808,-0.036737281,0.320617564,0.153561532
9.663000,0.757224913,-0.770013330,5.455115074,-0.064633666,0.337820856,0.134260540
9.664000,0.570877394,-0.681563945,5.662042096,-0.086529730,0.356494875,0.110534248
9.665000,0.371316713,-0.639367011,5.892115080,-0.095634413,0.378994258,0.083221086
9.666000,0.186892056,-0.658393152,6.096196282,-0.090496857,0.410015065,0.059677090
9.667000,0.055742533,-0.726699586,6.337664083,-0.069132063,0.452082141,0.043045579
9.668000,0.035796007,-0.808664224,6.600060215,-0.036086345,0.510584644,0.032160854
9.669000,0.057318692,-0.892353587,6.837756572,-0.002226198,0.577937768,0.026924477
9.670000,0.174867030,-0.957664029,7.081776754,0.034464420,0.659207390,0.030183432
9.671000,0.384963301,-1.013825024,7.345461076,0.067206780,0.748822974,0.036935797
9.672000,0.671993770,-1.018401612,7.555087677,0.094015739,0.845705458,0.047246505
9.673000,1.017248146,-0.922053037,7.745106988,0.108710437,0.945103315,0.062710259
9.674000,1.426446402,-0.797792237,7.927536311,0.120397670,1.046588520,0.077003987
9.675000,1.833051441,-0.620305927,8.121012448,0.125180269,1.145174501,0.090055358
9.676000,2.154961533,-0.379102224,8.321651844,0.124216144,1.239372489,0.103160824
9.677000,2.463341239,-0.130401820,8.547253757,0.122534127,1.333077238,0.115053338
9.678000,2.703747677,0.032003461,8.802552338,0.121109709,1.424543782,0.122409415
9.679000,2.898520647,0.165509663,9.112906482,0.118616831,1.514990018,0.126700860
9.680000,3.062751825,0.239821698,9.414578402,0.116217263,1.605816873,0.129550154
9.681000,3.245313416,0.208719069,9.758034534,0.117538863,1.700051699,0.129727888
9.682000,3.427654515,0.124828991,10.126720816,0.121901453,1.795985775,0.127405684
9.683000,3.613885325,-0.025651169,10.526823649,0.134507899,1.892466625,0.126505426
9.684000,3.792169542,-0.217957189,10.929070527,0.151809755,1.989989384,0.125845781
9.685000,3.963391407,-0.427897649,11.307561735,0.173972670,2.087112475,0.125420267
9.686000,4.126926700,-0.651897240,11.608946195,0.197780863,2.185604654,0.124507342
9.687000,4.258729875,-0.881891112,11.884295614,0.222279246,2.285183601,0.124542144
9.688000,4.431861592,-1.028831919,12.023314289,0.243057743,2.390058969,0.123061956
9.689000,4.621606644,-1.130040965,12.113974184,0.261901085,2.497415215,0.122353302
9.690000,4.841275624,-1.193714749,12.177436702,0.276453924,2.608328183,0.121088657
9.691000,5.207559012,-1.111160202,12.245311361,0.284013398,2.727763067,0.121355673
9.692000,5.667196136,-0.909861268,12.323029339,0.285237703,2.848329612,0.122678782
9.693000,6.231967970,-0.667843473,12.450998858,0.279769338,2.973791387,0.125144349
9.694000,6.825483473,-0.398672332,12.567013091,0.270421958,3.098629755,0.128426425
9.695000,7.519796390,-0.136269575,12.627029240,0.258878018,3.226201761,0.132517707
9.696000,8.259884056,0.033425910,12.681330090,0.247517300,3.356579102,0.137644735
9.697000,9.010757889,0.108479591,12.713789842,0.238808134,3.490829243,0.141849207
9.698000,9.685960682,0.076036469,12.741101725,0.236310289,3.619019647,0.147989843
9.699000,10.308528041,-0.007167843,12.804920355,0.235036575,3.742375978,0.154767798
9.700000,10.770171125,-0.129168489,12.890658397,0.234889618,3.849978542,0.161561721
9.701000,11.128380360,-0.270391329,12.996180094,0.235122474,3.947270458,0.168654297
9.702000,11.377919740,-0.400568337,13.119897098,0.236111919,4.033798790,0.177026741
9.703000,11.458638892,-0.440395854,13.258471199,0.232766656,4.108007549,0.181705172
9.704000,11.458715165,-0.424911566,13.399358601,0.227906032,4.176790982,0.187102967
9.705000,11.357177960,-0.351266650,13.573353908,0.222761413,4.238835674,0.192961897
9.706000,11.200763631,-0.285319540,13.704362631,0.218257540,4.295855203,0.201270095
9.707000,11.016889509,-0.224132967,13.821524232,0.212258286,4.351103737,0.210374647
9.708000,10.900002140,-0.248457115,13.898824957,0.209279253,4.403676853,0.219821127
9.709000,10.815370075,-0.357635109,13.954581875,0.209290998,4.452110132,0.226315659
9.710000,10.745181894,-0.545099930,14.004711782,0.209780184,4.495947619,0.226115091
9.711000,10.695568924,-0.718134082,14.103907710,0.209257217,4.533552462,0.211875507
9.712000,10.664910694,-0.907623652,14.224898307,0.210237609,4.568030781,0.192838116
9.713000,10.588869650,-0.992943737,14.419924425,0.210024644,4.596950481,0.172030834
9.714000,10.533863622,-1.029775931,14.606782205,0.207792865,4.625583437,0.146850724
9.715000,10.525665084,-0.941650049,14.796446878,0.204850074,4.654063797,0.119912725
9.716000,10.548465808,-0.835974326,14.961573757,0.207086101,4.680807764,0.102821944
9.717000,10.577725845,-0.701316607,15.102542360,0.209199390,4.704948410,0.086873539
9.718000,10.600922333,-0.624469868,15.152900239,0.211171265,4.722909473,0.067979716
9.719000,10.598435853,-0.572765620,15.198390785,0.214109023,4.735675227,0.050052318
9.720000,10.547374512,-0.603737523,15.222980934,0.217076948,4.736373730,0.035745867
9.721000,10.345388238,-0.633351114,15.194981691,0.212399794,4.721437647,0.015813756
9.722000,10.083562086,-0.677928289,15.144971833,0.207313759,4.700529265,-0.003546380
9.723000,9.799007679,-0.740477888,15.100764363,0.203633045,4.672758585,-0.019720166
9.724000,9.438912110,-0.781329890,15.040909959,0.198761841,4.638309993,-0.035408640
9.725000,8.998416583,-0.772992672,14.932217235,0.192780538,4.595181201,-0.054141259
9.726000,8.572881626,-0.747015384,14.820307882,0.191497750,4.547317787,-0.072771398
9.727000,8.150101267,-0.715965133,14.706502430,0.191705862,4.494514486,-0.094863077
9.728000,7.691479920,-0.596890203,14.588367415,0.188534071,4.434919608,-0.118945791
9.729000,7.285997352,-0.503041733,14.469755162,0.186840694,4.374702050,-0.142512785
9.730000,6.984562344,-0.444962943,14.356533659,0.187852299,4.314248428,-0.165621381
9.731000,6.745701925,-0.363333766,14.205452779,0.186279618,4.252772995,-0.187011213
9.732000,6.577238520,-0.313956568,14.040972624,0.184137875,4.190301198,-0.204804390
9.733000,6.430108549,-0.368486224,13.819166892,0.186635399,4.121328392,-0.220024187
9.734000,6.276095684,-0.435422159,13.580843488,0.190296498,4.049506741,-0.233612559
9.735000,6.105509212,-0.490518473,13.290612085,0.193088286,3.969424449,-0.240502810
9.736000,5.884194056,-0.532618238,13.030570781,0.194646542,3.882067912,-0.244197350
9.737000,5.586250538,-0.496189217,12.777964363,0.192394444,3.784795921,-0.245299857
9.738000,5.277295820,-0.344187756,12.565848332,0.184216240,3.684108667,-0.245291163
9.739000,4.909672757,-0.179517862,12.349920454,0.175327172,3.577264275,-0.245253007
9.740000,4.461231794,0.017115659,12.143905574,0.164145152,3.459924194,-0.243883102
9.741000,3.984099468,0.099243781,11.856117465,0.161375039,3.336132769,-0.242349438
9.742000,3.470875265,0.145816462,11.556512929,0.160828032,3.205784887,-0.240970814
9.743000,2.936604675,0.139232428,11.213518948,0.162150444,3.070350045,-0.238881396
9.744000,2.459023834,0.100518182,10.850727089,0.164769059,2.937234044,-0.236236327
9.745000,2.029635442,-0.014152435,10.419409557,0.172412241,2.805291043,-0.235242345
9.746000,1.675421821,-0.090721420,9.966962464,0.174789655,2.672343805,-0.235871740
9.747000,1.373893676,-0.142698687,9.460268667,0.175034873,2.541110067,-0.238144378
9.748000,1.100941794,-0.208464570,8.898639633,0.177218048,2.407135241,-0.244052308
9.749000,0.822311354,-0.238418832,8.341906645,0.177127821,2.271393766,-0.252850312
9.750000,0.577063106,-0.184273176,7.775488773,0.170124508,2.132611755,-0.265718724
9.751000,0.353939739,-0.095008799,7.212129827,0.159260733,1.993126408,-0.280835410
9.752000,0.135147394,0.015673623,6.674017137,0.146064135,1.854492234,-0.296013283
9.753000,-0.093248162,0.175624529,6.168217829,0.126722650,1.717178917,-0.306389659
9.754000,-0.326954656,0.321478529,5.650497174,0.107487620,1.580670187,-0.313339526
9.755000,-0.580181824,0.457761358,5.081442352,0.087744146,1.444616664,-0.316775554
9.756000,-0.836038374,0.588820570,4.511525209,0.068114454,1.308678176,-0.319385162
9.757000,-1.136519880,0.669664568,3.894121223,0.054919036,1.167436834,-0.319283125
9.758000,-1.451779898,0.710689394,3.254649728,0.048046200,1.021028527,-0.321277195
9.759000,-1.778178372,0.696197301,2.647894959,0.047739351,0.873883249,-0.322051040
9.760000,-2.116699870,0.634482530,2.084230670,0.052883330,0.726360768,-0.322457157
9.761000,-2.449057891,0.585758024,1.600932555,0.057833288,0.583046405,-0.323888516
9.762000,-2.778726305,0.529035311,1.130918328,0.063852715,0.443138483,-0.325507225
9.763000,-3.077183002,0.434001530,0.659488834,0.070744873,0.308069273,-0.325627787
9.764000,-3.365716801,0.373366359,0.188120846,0.075290176,0.175665853,-0.326204248
9.765000,-3.620861281,0.355533195,-0.248385035,0.075883032,0.047994222,-0.325994456
9.766000,-3.806163188,0.357220638,-0.698136659,0.072869482,-0.075867941,-0.325145071
9.767000,-3.931272039,0.372577077,-1.178738250,0.067968352,-0.195001965,-0.326026255
9.768000,-3.998374041,0.441787957,-1.664315632,0.061977205,-0.306545716,-0.325260092
9.769000,-4.028256177,0.502867621,-2.145354638,0.056319587,-0.413741982,-0.323663532
9.770000,-3.917389125,0.563953628,-2.649478251,0.050497317,-0.508985815,-0.321255432
9.771000,-3.705671289,0.633431392,-3.166156325,0.044440430,-0.594792296,-0.316393212
9.772000,-3.424142454,0.701908457,-3.688473287,0.037184440,-0.673944133,-0.307584440
9.773000,-3.080714188,0.744780244,-4.226732107,0.028173202,-0.747293943,-0.296513885
9.774000,-2.715253826,0.767373981,-4.776014475,0.017846746,-0.818600559,-0.282482474
9.775000,-2.377305625,0.762828626,-5.305023826,0.006694769,-0.886484324,-0.265812056
9.776000,-2.057335363,0.712591011,-5.789077267,-0.002168172,-0.949393282,-0.247818724
9.777000,-1.757053210,0.654457409,-6.243852728,-0.010531820,-1.009697195,-0.229412115
9.778000,-1.521370949,0.560783030,-6.650192211,-0.014725382,-1.068132442,-0.209046719
9.779000,-1.308751495,0.468659534,-7.014452804,-0.016678577,-1.122892183,-0.187827986
9.780000,-1.104327184,0.379454035,-7.339785274,-0.015166911,-1.173569929,-0.165733236
9.781000,-0.917722536,0.294677837,-7.626845078,-0.011250613,-1.217363783,-0.141852089
9.782000,-0.731235373,0.204845378,-7.908547157,-0.005998114,-1.257740368,-0.117014274
9.783000,-0.514986575,0.151532380,-8.165614541,-0.001691504,-1.290410668,-0.091684886
9.784000,-0.262773399,0.086302127,-8.421020830,0.003263081,-1.315842882,-0.065878702
9.785000,0.026231190,0.002583346,-8.678077343,0.008917840,-1.333010837,-0.039323685
9.786000,0.365026471,-0.089996156,-8.934739757,0.013794744,-1.342744399,-0.013980149
9.787000,0.722976198,-0.171549128,-9.180304324,0.017570342,-1.347797577,0.010045769
9.788000,1.092793899,-0.290390735,-9.418293014,0.021968612,-1.348038240,0.032797551
9.789000,1.454993652,-0.382178622,-9.644634815,0.024952981,-1.346325174,0.055576776
9.790000,1.763171202,-0.423875536,-9.852821005,0.023466556,-1.340832948,0.076817271
9.791000,2.004782315,-0.427187927,-10.033640156,0.018076095,-1.332266048,0.096238580
9.792000,2.199342271,-0.425884806,-10.193179566,0.011638552,-1.322777485,0.114650393
9.793000,2.305563422,-0.374749536,-10.309206111,0.002442650,-1.312811985,0.131530615
9.794000,2.369980043,-0.351173453,-10.394220196,-0.007131816,-1.301803532,0.146746259
9.795000,2.363416572,-0.371201443,-10.433454232,-0.014756212,-1.288923448,0.158778799
9.796000,2.247766218,-0.436068192,-10.398962359,-0.017239784,-1.276792126,0.171128144
9.797000,2.071171185,-0.512736696,-10.336494098,-0.017513074,-1.264520613,0.184711470
9.798000,1.814385017,-0.629674634,-10.260953688,-0.015066148,-1.250952912,0.199027470
9.799000,1.520640339,-0.723149528,-10.171617066,-0.011095965,-1.237151492,0.214684977
9.800000,1.138230596,-0.764465446,-10.088159054,-0.003717916,-1.222483986,0.233356838
9.801000,0.767708469,-0.761129475,-10.041458464,0.006181477,-1.201671857,0.254185354
9.802000,0.425670222,-0.720389435,-9.999811485,0.016317551,-1.176866940,0.276134549
9.803000,0.188299002,-0.656593686,-9.979829615,0.030125039,-1.145098069,0.298870937
9.804000,0.012288468,-0.608389839,-9.983873889,0.046484084,-1.108032120,0.322421375
9.805000,0.034148027,-0.581092093,-9.958766569,0.063677955,-1.058493464,0.345392172
9.806000,0.171576573,-0.572730031,-9.905094987,0.078959058,-1.001515597,0.368253199
9.807000,0.397362358,-0.581126972,-9.836598765,0.090563810,-0.940482577,0.388890128
9.808000,0.664237491,-0.606689660,-9.717144959,0.094766490,-0.877346490,0.405776380
9.809000,0.927319942,-0.646857199,-9.566298802,0.092471806,-0.815093189,0.418073554
9.810000,1.158691266,-0.683771058,-9.399494733,0.083275290,-0.755670523,0.425655202
9.811000,1.295940444,-0.677664451,-9.189804211,0.069737682,-0.705071233,0.433273516
9.812000,1.395293976,-0.665579016,-8.967587234,0.054859376,-0.656444317,0.441469896
9.813000,1.398040143,-0.591686910,-8.762040887,0.037529086,-0.612945298,0.456163098
9.814000,1.330965692,-0.459136301,-8.553632941,0.017536328,-0.573816297,0.476345753
9.815000,1.159698161,-0.242789851,-8.363613402,-0.003100527,-0.538640533,0.505746040
9.816000,0.981791168,-0.036408719,-8.233624908,-0.022010117,-0.501005908,0.532986217
9.817000,0.802031207,0.117171706,-8.153475332,-0.035930196,-0.462123436,0.556181346
9.818000,0.735971094,0.183956087,-8.067084622,-0.041759929,-0.419159149,0.565928493
9.819000,0.800823512,0.173059544,-7.988669752,-0.039552546,-0.370700047,0.564681817
9.820000,1.103422207,0.014981955,-7.895911154,-0.023815874,-0.312141367,0.543470401
9.821000,1.542190491,-0.191455926,-7.751539569,0.000421248,-0.249801886,0.511235643
9.822000,2.089632585,-0.404021370,-7.567847976,0.027531356,-0.184813615,0.473162042
9.823000,2.623699827,-0.612066792,-7.389295520,0.053777245,-0.120887791,0.435190008
9.824000,3.089450395,-0.737718336,-7.173968168,0.073390012,-0.065512962,0.395624590
9.825000,3.436205268,-0.738889702,-6.907308465,0.080973116,-0.024179415,0.355302612
9.826000,3.647363752,-0.652930808,-6.638219921,0.079671421,0.001306517,0.315983072
9.827000,3.777313709,-0.534936133,-6.395373278,0.075129561,0.019710592,0.278459240
9.828000,3.825383074,-0.441395516,-6.191067748,0.071769334,0.029328889,0.244517516
9.829000,3.790207855,-0.310451282,-5.977084745,0.069037823,0.030456482,0.213979890
9.830000,3.654830189,-0.198757036,-5.810916913,0.072631078,0.022405881,0.190485564
9.831000,3.428144123,-0.156661764,-5.700220961,0.081837069,0.006553276,0.174859719
9.832000,3.199619199,-0.145547044,-5.618873273,0.094978258,-0.012225231,0.163535283
9.833000,2.980067536,-0.150677495,-5.564036724,0.112356963,-0.034628929,0.155984320
9.834000,2.775599766,-0.178783580,-5.543231971,0.129728536,-0.058565242,0.149983510
9.835000,2.617577036,-0.242871924,-5.551167800,0.148464377,-0.085684065,0.144300836
9.836000,2.500301704,-0.248114527,-5.596650096,0.162707746,-0.116808401,0.136056101
9.837000,2.385888412,-0.251562641,-5.656833412,0.175230426,-0.149785050,0.123617828
9.838000,2.239059837,-0.258905983,-5.789252863,0.186475001,-0.186088680,0.104228561
9.839000,2.023397706,-0.250597176,-5.985100046,0.196935408,-0.226393687,0.080273956
9.840000,1.804728035,-0.231670703,-6.232255992,0.205127202,-0.269561744,0.051928127
9.841000,1.582839138,-0.253513560,-6.504670585,0.215056238,-0.315447741,0.021479694
9.842000,1.335837767,-0.274230942,-6.802500619,0.223068989,-0.365388245,-0.007723780
9.843000,1.143140990,-0.310765579,-7.059051182,0.228702875,-0.417648845,-0.032070526
9.844000,0.978718908,-0.346376653,-7.285861717,0.232251156,-0.470639272,-0.053115930
9.845000,0.915721682,-0.393113018,-7.481353855,0.231684465,-0.523616817,-0.066142484
9.846000,0.933181084,-0.415075730,-7.687507421,0.226224093,-0.577093627,-0.073149031
9.847000,1.008144451,-0.413056793,-7.895742176,0.217790959,-0.628873389,-0.077311631
9.848000,1.119094953,-0.329171120,-8.139408413,0.204308203,-0.679051041,-0.077852565
9.849000,1.245632505,-0.218677595,-8.441312764,0.216080243,-0.735736850,-0.072955065
9.850000,1.345986864,-0.040428569,-8.749480451,0.198074635,-0.784925015,-0.069838179
9.851000,1.456276063,0.102128891,-9.043078857,0.180523785,-0.832182921,-0.063176205
9.852000,1.560928974,0.179969985,-9.343118246,0.165643719,-0.879637907,-0.055196875
9.853000,1.703028462,0.135958708,-9.643941538,0.155469152,-0.927478309,-0.046995377
9.854000,1.887395759,0.050973609,-9.943258893,0.146744129,-0.974750355,-0.038376236
9.855000,2.127175390,-0.089345136,-10.254261642,0.139335366,-1.021960855,-0.029794028
9.856000,2.400661905,-0.232071402,-10.580470576,0.131104538,-1.070057055,-0.021871578
9.857000,2.713086460,-0.316142338,-10.883062422,0.119062729,-1.117733481,-0.012349588
9.858000,3.024433638,-0.282299297,-11.168777699,0.099774184,-1.165549514,-0.003363609
9.859000,3.323420366,-0.226752175,-11.443595495,0.079214280,-1.213415605,0.005915696
9.860000,3.581621500,-0.150379114,-11.726347640,0.057210055,-1.260944385,0.013900750
9.861000,3.779558884,-0.114153241,-12.014566107,0.038355262,-1.308761587,0.019667357
9.862000,3.965983974,-0.134844291,-12.298651190,0.024564409,-1.355287533,0.025158152
9.863000,4.138944461,-0.198022277,-12.608999068,0.015051451,-1.400390801,0.032702197
9.864000,4.355091229,-0.270704807,-12.933827325,0.007248469,-1.441817763,0.040770025
9.865000,4.625487475,-0.327963624,-13.225933114,0.002617012,-1.477574183,0.051991647
9.866000,4.988006736,-0.348767191,-13.488268365,-0.001499671,-1.506512438,0.064855295
9.867000,5.349138282,-0.376919619,-13.728483640,-0.004168714,-1.533491972,0.077092354
9.868000,5.728079430,-0.424045400,-13.884822215,-0.007593919,-1.557879667,0.084047639
9.869000,6.073001716,-0.479476460,-13.949818299,-0.013236442,-1.583351129,0.087045187
9.870000,6.334243435,-0.545295705,-13.928330296,-0.022996462,-1.611875325,0.081568173
9.871000,6.485117420,-0.596099662,-13.867602116,-0.034223175,-1.643428467,0.071289121
9.872000,6.462955039,-0.626528870,-13.757811779,-0.048130069,-1.680658749,0.055236589
9.873000,6.345613757,-0.636411059,-13.670386884,-0.060929982,-1.720662496,0.037308693
9.874000,6.142512804,-0.657114731,-13.600080256,-0.071107337,-1.763564591,0.018925454
9.875000,5.856354220,-0.712715066,-13.556559039,-0.074686115,-1.807700879,0.001077020
9.876000,5.520639149,-0.784617779,-13.484725801,-0.075947113,-1.850971906,-0.014103140
9.877000,5.161765758,-0.868389556,-13.395454012,-0.075789772,-1.891705791,-0.027573820
9.878000,4.849371118,-0.926957875,-13.275109899,-0.075267735,-1.925648919,-0.034428980
9.879000,4.536260436,-0.966611373,-13.131071653,-0.075517763,-1.957061758,-0.038810790
9.880000,4.225215562,-0.909500238,-12.914348555,-0.079011891,-1.982149111,-0.037320763
9.881000,3.940670481,-0.802177723,-12.667422939,-0.085732594,-2.000761492,-0.032692640
9.882000,3.635366545,-0.676803180,-12.383877402,-0.094809875,-2.016872962,-0.027194303
9.883000,3.246033611,-0.543611695,-12.063451344,-0.105046327,-2.029900631,-0.023267308
9.884000,2.830917318,-0.402194107,-11.741375214,-0.116417442,-2.040610879,-0.020708150
9.885000,2.355462262,-0.274194383,-11.414364922,-0.129088017,-2.046180998,-0.020839525
9.886000,1.856727255,-0.147839241,-11.092405890,-0.139865757,-2.045106645,-0.023720956
9.887000,1.361905535,-0.022138467,-10.781707301,-0.149696080,-2.039960747,-0.027827772
9.888000,0.984498691,0.083532113,-10.494445598,-0.156568632,-2.019962141,-0.034264561
9.889000,0.648907743,0.175195234,-10.218532448,-0.162819131,-1.996224634,-0.041402163
9.890000,0.367567409,0.218345860,-9.933764413,-0.165828131,-1.964784731,-0.050269827
9.891000,0.198204375,0.216643710,-9.614825618,-0.166528303,-1.922002142,-0.062019399
9.892000,0.099396116,0.203126659,-9.271389582,-0.166097327,-1.873864453,-0.075075667
9.893000,0.051982022,0.138498746,-8.904163916,-0.163313505,-1.821924897,-0.089686381
9.894000,0.034867001,0.059032929,-8.524410498,-0.160751930,-1.767356270,-0.105359299
9.895000,0.028286300,0.010405349,-8.131993845,-0.160467302,-1.710122279,-0.121891358
9.896000,-0.020122850,-0.010169766,-7.730227447,-0.161358563,-1.652266878,-0.138613844
9.897000,-0.107846096,0.001628239,-7.334014966,-0.163329717,-1.594886377,-0.154378854
9.898000,-0.248965344,0.090148821,-6.945189420,-0.167777196,-1.535177934,-0.168020953
9.899000,-0.398724032,0.185414719,-6.564241727,-0.172821346,-1.474418209,-0.180971411
9.900000,-0.500469540,0.260711917,-6.197532205,-0.178327075,-1.407332198,-0.191888949
9.901000,-0.531941345,0.315414009,-5.844210665,-0.183162891,-1.334053376,-0.200665474
9.902000,-0.492493891,0.310504902,-5.506230171,-0.186144321,-1.254400025,-0.208089165
9.903000,-0.380574421,0.253788940,-5.158116562,-0.188018174,-1.169110499,-0.214797289
9.904000,-0.256384301,0.169234342,-4.791601948,-0.188036482,-1.081564697,-0.220849133
9.905000,-0.131740444,0.077174364,-4.400856166,-0.185794700,-0.992364602,-0.225354177
9.906000,-0.015099126,-0.015567817,-4.008727166,-0.183034945,-0.902224476,-0.229544468
9.907000,0.093257206,-0.081728580,-3.611825500,-0.180770972,-0.813398443,-0.232509906
9.908000,0.158819176,-0.122899493,-3.221990174,-0.178505922,-0.726029651,-0.235788550
9.909000,0.205067670,-0.133423904,-2.838447672,-0.177275573,-0.640238925,-0.239223615
9.910000,0.233929317,-0.106674125,-2.466125921,-0.178137732,-0.554792405,-0.242956608
9.911000,0.265997457,-0.040480924,-2.083315387,-0.181999329,-0.468831133,-0.247689328
9.912000,0.305903984,0.038712018,-1.691618951,-0.186933810,-0.380867309,-0.252123174
9.913000,0.357459456,0.114204615,-1.312354497,-0.191004247,-0.291296794,-0.254458827
9.914000,0.415633088,0.178777213,-0.936655367,-0.194426151,-0.201168593,-0.256913058
9.915000,0.485074133,0.198644507,-0.546631971,-0.195661363,-0.109055344,-0.260192117
9.916000,0.542145328,0.172687993,-0.190228312,-0.192851058,-0.016701661,-0.261936913
9.917000,0.584026484,0.118552052,0.153484629,-0.187107788,0.073660476,-0.263533741
9.918000,0.591920896,0.053698412,0.520519450,-0.179566314,0.160966801,-0.266178468
9.919000,0.579644189,0.004825057,0.905323433,-0.172398064,0.245712550,-0.268309979
9.920000,0.507418889,0.005514223,1.289461169,-0.165933232,0.324250225,-0.266766777
9.921000,0.384249612,0.066951254,1.721234924,-0.164051012,0.398740757,-0.263337349
9.922000,0.259371243,0.150062234,2.163216582,-0.164950767,0.472620394,-0.258585292
9.923000,0.145200669,0.294168526,2.605409143,-0.173816673,0.548797043,-0.249385817
9.924000,0.051400316,0.466575955,2.991637441,-0.187618345,0.626731326,-0.239279561
9.925000,0.018530726,0.649707109,3.317441217,-0.207313763,0.706571286,-0.229146917
9.926000,0.025401639,0.820771679,3.552625231,-0.227182824,0.789224211,-0.218559021
9.927000,0.070830837,0.978306917,3.747770616,-0.245093296,0.871941580,-0.208084058
9.928000,0.176557943,1.077786742,3.865466144,-0.256492061,0.954212896,-0.199900300
9.929000,0.303524682,1.150274819,3.954933746,-0.263888284,1.037159114,-0.191516496
9.930000,0.473548454,1.137026748,4.010576522,-0.262620839,1.122271233,-0.184621223
9.931000,0.723886611,1.043513099,4.097027490,-0.255117044,1.204859451,-0.176413451
9.932000,1.006695852,0.926251995,4.221700877,-0.246240623,1.285955920,-0.167493683
9.933000,1.326157628,0.794766965,4.411513522,-0.235579839,1.362015088,-0.158519116
9.934000,1.666107419,0.665142458,4.666787862,-0.225050146,1.433925473,-0.148873587
9.935000,2.028189667,0.602647437,4.996463204,-0.218017227,1.498110216,-0.137067064
9.936000,2.371366325,0.619108109,5.344185653,-0.214452784,1.554445309,-0.125266026
9.937000,2.702767180,0.646691890,5.689732843,-0.211548935,1.607806469,-0.114438587
9.938000,2.995551686,0.721215232,6.013380262,-0.212656572,1.651709512,-0.102753244
9.939000,3.263874170,0.801798675,6.290728587,-0.214582488,1.688711264,-0.090819811
9.940000,3.502345379,0.841088458,6.509537894,-0.213987355,1.714807825,-0.079515069
9.941000,3.687224876,0.838704132,6.718127373,-0.212371712,1.732617553,-0.069049954
9.942000,3.821259970,0.775557143,6.906755236,-0.208693043,1.744898415,-0.059770990
9.943000,3.895222069,0.652024773,7.039628136,-0.202848114,1.748740272,-0.052308431
9.944000,3.930198937,0.510255827,7.151015887,-0.195840468,1.747951635,-0.045311440
9.945000,3.882005703,0.351357532,7.246333760,-0.188890773,1.739544658,-0.038916656
9.946000,3.770668027,0.218327962,7.301572422,-0.182277049,1.722752642,-0.031671884
9.947000,3.651178049,0.102407833,7.345118651,-0.175682472,1.702724220,-0.023596909
9.948000,3.491803497,0.024277826,7.401400001,-0.167238379,1.675031532,-0.013400272
9.949000,3.316587551,-0.013409559,7.447056950,-0.159020661,1.642659554,0.000254571
9.950000,3.151281454,0.015508427,7.490985439,-0.152963863,1.606277793,0.015626551
9.951000,3.053094447,0.057346661,7.505985152,-0.147322200,1.571183219,0.029262611
9.952000,2.969218082,0.095964917,7.513547034,-0.141622953,1.535379685,0.042530293
9.953000,2.948102463,0.136227516,7.503201963,-0.135054732,1.497905026,0.056758133
9.954000,2.950300442,0.158225057,7.493803379,-0.127637108,1.459267739,0.070024355
9.955000,3.020746484,0.124141325,7.491583709,-0.116228409,1.418929046,0.081371065
9.956000,3.096807157,0.070424336,7.496632973,-0.103364647,1.376849516,0.092710318
9.957000,3.170136155,-0.003699562,7.517029897,-0.089736067,1.329628058,0.105267707
9.958000,3.192392069,-0.067400332,7.542033249,-0.078757429,1.273812617,0.118552302
9.959000,3.159754905,-0.098292599,7.564404909,-0.070743495,1.212753669,0.131666209
9.960000,3.017836383,-0.065440981,7.594146931,-0.068140942,1.143239840,0.146700032
9.961000,2.768457503,0.042987370,7.591961794,-0.071681949,1.068950504,0.162287340
9.962000,2.437853742,0.174271905,7.582715893,-0.079709589,0.990014622,0.177295764
9.963000,2.032257388,0.326043221,7.543095425,-0.090598819,0.907946942,0.193082990
9.964000,1.610681926,0.446744751,7.480673048,-0.101267967,0.825791513,0.208772607
9.965000,1.174408232,0.513771824,7.376130919,-0.111895188,0.743617440,0.222786541
9.966000,0.755405313,0.510356413,7.274154949,-0.117990597,0.661264009,0.233314471
9.967000,0.384447143,0.474783535,7.183280612,-0.120399832,0.579939724,0.241924866
9.968000,0.049513517,0.399075855,7.118065470,-0.118714778,0.499944707,0.246302435
9.969000,-0.244165300,0.345186393,7.026917686,-0.113966579,0.423853308,0.248837201
9.970000,-0.461140705,0.266685829,6.885013341,-0.099272441,0.353746671,0.248620277
9.971000,-0.609804098,0.129659385,6.710231463,-0.073970033,0.291488833,0.248184625
9.972000,-0.718358402,-0.055208751,6.538966166,-0.040717417,0.234232699,0.248625962
9.973000,-0.754259594,-0.281559004,6.365687017,0.002130139,0.185599278,0.253348142
9.974000,-0.769338310,-0.529462623,6.245865513,0.046281389,0.141064867,0.260820441
9.975000,-0.774473120,-0.737464127,6.232248453,0.087026179,0.100010113,0.271450018
9.976000,-0.752403976,-0.826704938,6.259657627,0.109492881,0.069491818,0.286125781
9.977000,-0.683914011,-0.834803946,6.259295696,0.123322383,0.047568867,0.300034399
9.978000,-0.553934436,-0.729361567,6.182278786,0.118507458,0.040214439,0.309458110
9.979000,-0.336816073,-0.595652123,6.053390891,0.103210614,0.044503602,0.317102556
9.980000,-0.004843757,-0.460306194,5.795949189,0.078548725,0.064593011,0.322655249
9.981000,0.391586022,-0.376822339,5.472126137,0.055585544,0.091160877,0.321324283
9.982000,0.833007355,-0.327806676,5.131920575,0.034418867,0.120544847,0.314445444
9.983000,1.293517985,-0.373613090,4.875680448,0.019693548,0.150613763,0.307548992
9.984000,1.710266733,-0.446094836,4.624525712,0.009396267,0.179974475,0.297060473
9.985000,2.024711846,-0.584442484,4.458348254,0.010276660,0.204923714,0.281218002
9.986000,2.223055336,-0.766136192,4.375912724,0.018080749,0.223602499,0.266312676
9.987000,2.315464152,-0.966999210,4.317983209,0.028165197,0.239055788,0.249544437
9.988000,2.246402773,-1.167285148,4.273132111,0.042835722,0.247852406,0.230841140
9.989000,2.103318238,-1.377402059,4.273471283,0.059137758,0.254188277,0.213259972
9.990000,1.866547372,-1.507233752,4.357735209,0.068821197,0.256681030,0.197621199
9.991000,1.639624132,-1.538097005,4.463152676,0.068188792,0.262965352,0.186127252
9.992000,1.455257974,-1.480175726,4.605018315,0.059748606,0.270018430,0.179393875
9.993000,1.288709700,-1.340745558,4.791337128,0.039880894,0.281318575,0.175383123
9.994000,1.133152522,-1.172303509,5.001519614,0.010916354,0.296676711,0.168669618
9.995000,0.998793096,-0.947399257,5.204688079,-0.026154344,0.314558501,0.158242217
9.996000,0.822128060,-0.810703287,5.392514135,-0.055378175,0.332208889,0.140899340
9.997000,0.633926612,-0.702533558,5.582897618,-0.080659403,0.349886307,0.119224390
9.998000,0.437948560,-0.652524381,5.817342910,-0.093162337,0.371300139,0.092327195
9.999000,0.241439656,-0.633001282,6.017141773,-0.095302146,0.397800817,0.066757569
10.000000,0.098385393,-0.706246235,6.256462785,-0.077051012,0.437211014,0.048011630
